level,key,contrast,endpoint,ablation_id,effect_class,hypothesis_key,main_probe,main_raw,ablation_probe,ablation_raw,delta_main,delta_ablation,dod,epsilon_main,epsilon_ablation,delta_main_ci_low,delta_main_ci_high,delta_ablation_ci_low,delta_ablation_ci_high,dod_ci_low,dod_ci_high,p_raw,main_swap70,main_swap90,ablation_swap70,ablation_swap90,p_holm,supported_direction,witness,full_signature
unit,A,linear_source_frozen,AUGRC,NO_LONGSIDE_AR21,ANGLE_EQUIVALENCE,unit|A|linear_source_frozen|AUGRC|NO_LONGSIDE_AR21,0.021237087747951813,0.02026966782991315,0.2558837831565797,0.25514874264074316,0.0009674199180386631,0.0007350405158365603,0.0002323794022021028,0.0005,0.005117675663131594,0.0007229880830703414,0.0012006816516434025,-0.0015068292918528556,0.0030250037665990525,-0.0020353404535790316,0.002451893771348883,0.8378162183781622,0.18138498990003626,0.08978970084204291,0.18138498990003626,0.08978970084204291,1.0,NONE,False,
unit,A,linear_source_frozen,AUGRC,NO_GEONORM_AR21,GEOMETRY_NORMALIZATION,unit|A|linear_source_frozen|AUGRC|NO_GEONORM_AR21,0.021237087747951813,0.02026966782991315,0.007516526446358655,0.007719557522387441,0.0009674199180386631,-0.00020303107602878592,0.001170450994067449,0.0005,0.0005,0.0007229880830703414,0.0012006816516434025,-0.00029708530085809624,-0.00011988801732111144,0.0009936718875884004,0.0013446720875651208,9.999000099990002e-05,0.18138498990003626,0.08978970084204291,0.18138498990003626,0.08978970084204291,0.026997300269973004,RAW_BETTER_MAIN__PROBE_BETTER_ABLATION,False,
unit,A,linear_source_frozen,AUGRC,NORMALIZED_ALL_AR,AR_DOMAIN,unit|A|linear_source_frozen|AUGRC|NORMALIZED_ALL_AR,0.021237087747951813,0.02026966782991315,0.03901954082241025,0.04983422288635606,0.0009674199180386631,-0.010814682063945813,0.011782101981984476,0.0005,0.0009966844577271212,0.0007229880830703414,0.0012006816516434025,-0.01198423916775774,-0.00966615868318308,0.01061735164899286,0.012958511329812959,9.999000099990002e-05,0.18138498990003626,0.08978970084204291,0.2333371704846322,0.1191497474025355,0.026997300269973004,RAW_BETTER_MAIN__PROBE_BETTER_ABLATION,True,AR_DOMAIN|NORMALIZED_ALL_AR|linear_source_frozen|AUGRC|RAW_BETTER_MAIN__PROBE_BETTER_ABLATION
unit,A,linear_source_frozen,AUGRC,NORMALIZED_AR16,AR_DOMAIN,unit|A|linear_source_frozen|AUGRC|NORMALIZED_AR16,0.021237087747951813,0.02026966782991315,0.02016171530949011,0.01934085759115544,0.0009674199180386631,0.0008208577183346707,0.0001465621997039923,0.0005,0.0005,0.0007229880830703414,0.0012006816516434025,0.0005980681502296951,0.0010362233670035304,3.75363811384327e-05,0.0002618032630824398,0.011998800119988001,0.18138498990003626,0.08978970084204291,0.1714660831509847,0.08314005352363961,1.0,NONE,False,
unit,A,linear_source_frozen,AUGRC,NORMALIZED_AR13,AR_DOMAIN,unit|A|linear_source_frozen|AUGRC|NORMALIZED_AR13,0.021237087747951813,0.02026966782991315,0.020682956263320208,0.020607001230809975,0.0009674199180386631,7.595503251023317e-05,0.0008914648855284299,0.0005,0.0005,0.0007229880830703414,0.0012006816516434025,-0.0002486790652134305,0.0003741444935173318,0.0006240410264002326,0.0011837914018057603,9.999000099990002e-05,0.18138498990003626,0.08978970084204291,0.17650347416340548,0.08868053520851646,0.026997300269973004,NONE,False,
unit,A,linear_source_frozen,Risk@70,NO_LONGSIDE_AR21,ANGLE_EQUIVALENCE,unit|A|linear_source_frozen|Risk@70|NO_LONGSIDE_AR21,0.044204996415624746,0.041802659499434104,0.51478831263533,0.5143098154372613,0.002402336916190642,0.00047849719806869473,0.0019238397181219474,0.001,0.0102957662527066,0.0014355101822856502,0.003327639476252113,-0.008330296965481359,0.00847862996026721,-0.0058421999647149375,0.010750014903295671,0.6645335466453355,0.18138498990003626,0.08978970084204291,0.18138498990003626,0.08978970084204291,1.0,NONE,False,
unit,A,linear_source_frozen,Risk@70,NO_GEONORM_AR21,GEOMETRY_NORMALIZATION,unit|A|linear_source_frozen|Risk@70|NO_GEONORM_AR21,0.044204996415624746,0.041802659499434104,0.015460724846024261,0.015988001306613743,0.002402336916190642,-0.0005272764605894816,0.0029296133767801238,0.001,0.001,0.0014355101822856502,0.003327639476252113,-0.000898240580568498,-0.00018485504973319683,0.0022772330056709486,0.003566592238190579,9.999000099990002e-05,0.18138498990003626,0.08978970084204291,0.18138498990003626,0.08978970084204291,0.026997300269973004,RAW_BETTER_MAIN__PROBE_BETTER_ABLATION,False,
unit,A,linear_source_frozen,Risk@70,NORMALIZED_ALL_AR,AR_DOMAIN,unit|A|linear_source_frozen|Risk@70|NORMALIZED_ALL_AR,0.044204996415624746,0.041802659499434104,0.07418122669521182,0.10058937721519222,0.002402336916190642,-0.026408150519980397,0.02881048743617104,0.001,0.0020117875443038443,0.0014355101822856502,0.003327639476252113,-0.03106992079862061,-0.022062953066861637,0.02432422875479247,0.03357229951352489,9.999000099990002e-05,0.18138498990003626,0.08978970084204291,0.2333371704846322,0.1191497474025355,0.026997300269973004,RAW_BETTER_MAIN__PROBE_BETTER_ABLATION,True,AR_DOMAIN|NORMALIZED_ALL_AR|linear_source_frozen|Risk@70|RAW_BETTER_MAIN__PROBE_BETTER_ABLATION
unit,A,linear_source_frozen,Risk@70,NORMALIZED_AR16,AR_DOMAIN,unit|A|linear_source_frozen|Risk@70|NORMALIZED_AR16,0.044204996415624746,0.041802659499434104,0.041905534107891745,0.039765066568204575,0.002402336916190642,0.00214046753968717,0.00026186937650347214,0.001,0.001,0.0014355101822856502,0.003327639476252113,0.0013349299630515084,0.0030935582365369378,-0.00041348079989913817,0.0007431852704316305,0.41235876412358763,0.18138498990003626,0.08978970084204291,0.1714660831509847,0.08314005352363961,1.0,NONE,False,
unit,A,linear_source_frozen,Risk@70,NORMALIZED_AR13,AR_DOMAIN,unit|A|linear_source_frozen|Risk@70|NORMALIZED_AR13,0.044204996415624746,0.041802659499434104,0.042677577638865864,0.042556063508208904,0.002402336916190642,0.0001215141306569606,0.0022808227855336816,0.001,0.001,0.0014355101822856502,0.003327639476252113,-0.0011558918330233407,0.0012681554923571897,0.0011597872184750065,0.0034760156465502494,9.999000099990002e-05,0.18138498990003626,0.08978970084204291,0.17650347416340548,0.08868053520851646,0.026997300269973004,NONE,False,
unit,A,linear_source_frozen,Risk@90,NO_LONGSIDE_AR21,ANGLE_EQUIVALENCE,unit|A|linear_source_frozen|Risk@90|NO_LONGSIDE_AR21,0.04839700028053805,0.04772550419977981,0.5167997726156831,0.5149908538665893,0.000671496080758234,0.0018089187490938352,-0.0011374226683356012,0.001,0.010335995452313663,-3.272342813526469e-05,0.0012834262217192188,-0.001795327234281238,0.005005324238435257,-0.004702200065455259,0.0026648842010153855,0.5484451554844516,0.18138498990003626,0.08978970084204291,0.18138498990003626,0.08978970084204291,1.0,NONE,False,
unit,A,linear_source_frozen,Risk@90,NO_GEONORM_AR21,GEOMETRY_NORMALIZATION,unit|A|linear_source_frozen|Risk@90|NO_GEONORM_AR21,0.04839700028053805,0.04772550419977981,0.017130438279590255,0.01771490616214891,0.000671496080758234,-0.0005844678825586563,0.0012559639633168904,0.001,0.001,-3.272342813526469e-05,0.0012834262217192188,-0.0008695292415339484,-0.0003440762261258459,0.0008091589412714104,0.001658330416817182,9.999000099990002e-05,0.18138498990003626,0.08978970084204291,0.18138498990003626,0.08978970084204291,0.026997300269973004,RAW_BETTER_MAIN__PROBE_BETTER_ABLATION,False,
unit,A,linear_source_frozen,Risk@90,NORMALIZED_ALL_AR,AR_DOMAIN,unit|A|linear_source_frozen|Risk@90|NORMALIZED_ALL_AR,0.04839700028053805,0.04772550419977981,0.09985403610837972,0.11777888644811246,0.000671496080758234,-0.017924850339732748,0.018596346420490982,0.001,0.0023555777289622493,-3.272342813526469e-05,0.0012834262217192188,-0.020342449893739168,-0.015617694633436282,0.016184464578463634,0.021064780735772597,9.999000099990002e-05,0.18138498990003626,0.08978970084204291,0.2333371704846322,0.1191497474025355,0.026997300269973004,RAW_BETTER_MAIN__PROBE_BETTER_ABLATION,False,
unit,A,linear_source_frozen,Risk@90,NORMALIZED_AR16,AR_DOMAIN,unit|A|linear_source_frozen|Risk@90|NORMALIZED_AR16,0.04839700028053805,0.04772550419977981,0.04642256025927078,0.046417438145234365,0.000671496080758234,5.122114036415493e-06,0.0006663739667218185,0.001,0.001,-3.272342813526469e-05,0.0012834262217192188,-0.0006403268376561291,0.000614439831968383,0.00020564529086988822,0.001106581641902073,0.003999600039996,0.18138498990003626,0.08978970084204291,0.1714660831509847,0.08314005352363961,0.583941605839416,NONE,False,
unit,A,linear_source_frozen,Risk@90,NORMALIZED_AR13,AR_DOMAIN,unit|A|linear_source_frozen|Risk@90|NORMALIZED_AR13,0.04839700028053805,0.04772550419977981,0.04785612764328672,0.04976252110574803,0.000671496080758234,-0.0019063934624613116,0.0025778895432195456,0.001,0.001,-3.272342813526469e-05,0.0012834262217192188,-0.002841225100306072,-0.0009348551929158634,0.0015590785126861528,0.0035274019647256218,9.999000099990002e-05,0.18138498990003626,0.08978970084204291,0.17650347416340548,0.08868053520851646,0.026997300269973004,RAW_BETTER_MAIN__PROBE_BETTER_ABLATION,False,
unit,A,tta_angle,AUGRC,NO_LONGSIDE_AR21,ANGLE_EQUIVALENCE,unit|A|tta_angle|AUGRC|NO_LONGSIDE_AR21,0.01830063253225945,0.02026966782991315,0.2586477470649105,0.25514874264074316,-0.0019690352976537012,0.00349900442416734,-0.005468039721821041,0.0005,0.00517295494129821,-0.0024563452764332448,-0.001441944781187528,-0.002948918518628975,0.00991497999428487,-0.011912063657730275,0.0009739733895619522,0.09929007099290071,0.35162668419323034,0.14084507042253522,0.35162668419323034,0.14084507042253522,1.0,PROBE_BETTER_MAIN__RAW_BETTER_ABLATION,False,
unit,A,tta_angle,AUGRC,NO_GEONORM_AR21,GEOMETRY_NORMALIZATION,unit|A|tta_angle|AUGRC|NO_GEONORM_AR21,0.01830063253225945,0.02026966782991315,0.0068958527556171306,0.007719557522387441,-0.0019690352976537012,-0.0008237047667703102,-0.001145330530883391,0.0005,0.0005,-0.0024563452764332448,-0.001441944781187528,-0.0010145720868935692,-0.0006180084065122511,-0.0014497107681584243,-0.0008209736574105073,9.999000099990002e-05,0.35162668419323034,0.14084507042253522,0.35162668419323034,0.14084507042253522,0.026997300269973004,NONE,False,
unit,A,tta_angle,AUGRC,NORMALIZED_ALL_AR,AR_DOMAIN,unit|A|tta_angle|AUGRC|NORMALIZED_ALL_AR,0.01830063253225945,0.02026966782991315,0.049719358029436236,0.04983422288635606,-0.0019690352976537012,-0.00011486485691982601,-0.0018541704407338752,0.0005,0.0009966844577271212,-0.0024563452764332448,-0.001441944781187528,-0.002547568420202183,0.0022517757886887212,-0.004207493679462199,0.0005538932248935189,0.12968703129687031,0.35162668419323034,0.14084507042253522,0.3823552662784263,0.16331184697368115,1.0,NONE,False,
unit,A,tta_angle,AUGRC,NORMALIZED_AR16,AR_DOMAIN,unit|A|tta_angle|AUGRC|NORMALIZED_AR16,0.01830063253225945,0.02026966782991315,0.017584625002869586,0.01934085759115544,-0.0019690352976537012,-0.001756232588285854,-0.00021280270936784723,0.0005,0.0005,-0.0024563452764332448,-0.001441944781187528,-0.002240331084846721,-0.0012348837419708756,-0.00048258739510604286,4.4641867202797245e-05,0.11078892110788921,0.35162668419323034,0.14084507042253522,0.3513396204080022,0.140597417881001,1.0,NONE,False,
unit,A,tta_angle,AUGRC,NORMALIZED_AR13,AR_DOMAIN,unit|A|tta_angle|AUGRC|NORMALIZED_AR13,0.01830063253225945,0.02026966782991315,0.018426115262997936,0.020607001230809975,-0.0019690352976537012,-0.0021808859678120393,0.00021185067015833808,0.0005,0.0005,-0.0024563452764332448,-0.001441944781187528,-0.0028111892116492554,-0.001511060618877605,-0.0003282027849027161,0.0007499344855475921,0.4410558944105589,0.35162668419323034,0.14084507042253522,0.3582368591356871,0.1425000790964027,1.0,NONE,False,
unit,A,tta_angle,Risk@70,NO_LONGSIDE_AR21,ANGLE_EQUIVALENCE,unit|A|tta_angle|Risk@70|NO_LONGSIDE_AR21,0.036589297948901305,0.041802659499434104,0.5162931317015009,0.5143098154372613,-0.0052133615505328,0.001983316264239643,-0.0071966778147724425,0.001,0.01032586263403002,-0.006419951164383666,-0.003916701147361297,-0.011104810878796978,0.014829898129877101,-0.02022967940551741,0.005876000784715127,0.28347165283471654,0.35162668419323034,0.14084507042253522,0.35162668419323034,0.14084507042253522,1.0,PROBE_BETTER_MAIN__RAW_BETTER_ABLATION,False,
unit,A,tta_angle,Risk@70,NO_GEONORM_AR21,GEOMETRY_NORMALIZATION,unit|A|tta_angle|Risk@70|NO_GEONORM_AR21,0.036589297948901305,0.041802659499434104,0.013815559350332266,0.015988001306613743,-0.0052133615505328,-0.0021724419562814765,-0.003040919594251323,0.001,0.001,-0.006419951164383666,-0.003916701147361297,-0.0026184429585196425,-0.0016868583012173194,-0.003816714598865459,-0.002219134999232387,9.999000099990002e-05,0.35162668419323034,0.14084507042253522,0.35162668419323034,0.14084507042253522,0.026997300269973004,NONE,False,
unit,A,tta_angle,Risk@70,NORMALIZED_ALL_AR,AR_DOMAIN,unit|A|tta_angle|Risk@70|NORMALIZED_ALL_AR,0.036589297948901305,0.041802659499434104,0.08595773932148155,0.10058937721519222,-0.0052133615505328,-0.014631637893710664,0.009418276343177864,0.001,0.0020117875443038443,-0.006419951164383666,-0.003916701147361297,-0.019345611206737716,-0.010216081616350304,0.0050763834219089065,0.014283156743406114,0.00019998000199980003,0.35162668419323034,0.14084507042253522,0.3823552662784263,0.16331184697368115,0.036196380361963806,NONE,False,
unit,A,tta_angle,Risk@70,NORMALIZED_AR16,AR_DOMAIN,unit|A|tta_angle|Risk@70|NORMALIZED_AR16,0.036589297948901305,0.041802659499434104,0.03485883401682548,0.039765066568204575,-0.0052133615505328,-0.004906232551379099,-0.000307128999153701,0.001,0.001,-0.006419951164383666,-0.003916701147361297,-0.005956834956323341,-0.003704818859942864,-0.0008994841921317975,0.0001810957500313158,0.2653734626537346,0.35162668419323034,0.14084507042253522,0.3513396204080022,0.140597417881001,1.0,NONE,False,
unit,A,tta_angle,Risk@70,NORMALIZED_AR13,AR_DOMAIN,unit|A|tta_angle|Risk@70|NORMALIZED_AR13,0.036589297948901305,0.041802659499434104,0.03580456904203993,0.042556063508208904,-0.0052133615505328,-0.006751494466168975,0.0015381329156361756,0.001,0.001,-0.006419951164383666,-0.003916701147361297,-0.008115966394416115,-0.005406610350944563,0.00044943331850629665,0.0027684787121215726,0.0098990100989901,0.35162668419323034,0.14084507042253522,0.3582368591356871,0.1425000790964027,1.0,NONE,False,
unit,A,tta_angle,Risk@90,NO_LONGSIDE_AR21,ANGLE_EQUIVALENCE,unit|A|tta_angle|Risk@90|NO_LONGSIDE_AR21,0.0453506314660333,0.04772550419977981,0.5174992207404858,0.5149908538665893,-0.002374872733746515,0.0025083668738965503,-0.004883239607643065,0.001,0.010349984414809717,-0.0030241091663292005,-0.0017844195608019402,-0.0015910797003735237,0.006128603033400999,-0.008575585466512985,-0.0007303398626298607,0.014198580141985802,0.35162668419323034,0.14084507042253522,0.35162668419323034,0.14084507042253522,1.0,PROBE_BETTER_MAIN__RAW_BETTER_ABLATION,False,
unit,A,tta_angle,Risk@90,NO_GEONORM_AR21,GEOMETRY_NORMALIZATION,unit|A|tta_angle|Risk@90|NO_GEONORM_AR21,0.0453506314660333,0.04772550419977981,0.016815520184764583,0.01771490616214891,-0.002374872733746515,-0.0008993859773843288,-0.0014754867563621862,0.001,0.001,-0.0030241091663292005,-0.0017844195608019402,-0.0011498720484730785,-0.0006584543399733183,-0.0019060436990206377,-0.001098657182996587,9.999000099990002e-05,0.35162668419323034,0.14084507042253522,0.35162668419323034,0.14084507042253522,0.026997300269973004,NONE,False,
unit,A,tta_angle,Risk@90,NORMALIZED_ALL_AR,AR_DOMAIN,unit|A|tta_angle|Risk@90|NORMALIZED_ALL_AR,0.0453506314660333,0.04772550419977981,0.0882897788088376,0.11777888644811246,-0.002374872733746515,-0.02948910763927487,0.027114234905528355,0.001,0.0023555777289622493,-0.0030241091663292005,-0.0017844195608019402,-0.032622392044854065,-0.02636687416602823,0.024002630280746107,0.030209496595222377,9.999000099990002e-05,0.35162668419323034,0.14084507042253522,0.3823552662784263,0.16331184697368115,0.026997300269973004,NONE,False,
unit,A,tta_angle,Risk@90,NORMALIZED_AR16,AR_DOMAIN,unit|A|tta_angle|Risk@90|NORMALIZED_AR16,0.0453506314660333,0.04772550419977981,0.043593824036435934,0.046417438145234365,-0.002374872733746515,-0.0028236141087984307,0.00044874137505191564,0.001,0.001,-0.0030241091663292005,-0.0017844195608019402,-0.0035103310346042394,-0.002192828245752718,4.447164414744763e-05,0.0008540474443377921,0.030796920307969204,0.35162668419323034,0.14084507042253522,0.3513396204080022,0.140597417881001,1.0,NONE,False,
unit,A,tta_angle,Risk@90,NORMALIZED_AR13,AR_DOMAIN,unit|A|tta_angle|Risk@90|NORMALIZED_AR13,0.0453506314660333,0.04772550419977981,0.044301202270085084,0.04976252110574803,-0.002374872733746515,-0.005461318835662948,0.0030864461019164333,0.001,0.001,-0.0030241091663292005,-0.0017844195608019402,-0.0065533562120222945,-0.0044936532957263724,0.0022002875068740757,0.004015283040770771,9.999000099990002e-05,0.35162668419323034,0.14084507042253522,0.3582368591356871,0.1425000790964027,0.026997300269973004,NONE,False,
unit,A,tta_localization,AUGRC,NO_LONGSIDE_AR21,ANGLE_EQUIVALENCE,unit|A|tta_localization|AUGRC|NO_LONGSIDE_AR21,0.019975091122620855,0.02026966782991315,0.2550543763193263,0.25514874264074316,-0.00029457670729229543,-9.436632141684997e-05,-0.00020021038587544546,0.0005,0.005102974852814864,-0.0004966834838763655,-9.04523905445193e-05,-0.0023962271105648887,0.002216792168280122,-0.00255614418099924,0.00213163795756983,0.8664133586641336,0.20426533012836906,0.10724917194247621,0.20426533012836906,0.10724917194247621,1.0,NONE,False,
unit,A,tta_localization,AUGRC,NO_GEONORM_AR21,GEOMETRY_NORMALIZATION,unit|A|tta_localization|AUGRC|NO_GEONORM_AR21,0.019975091122620855,0.02026966782991315,0.0075114893995985935,0.007719557522387441,-0.00029457670729229543,-0.0002080681227888473,-8.650858450344814e-05,0.0005,0.0005,-0.0004966834838763655,-9.04523905445193e-05,-0.0002860789109257827,-0.00013145864044423049,-0.00021698757434637347,4.395224959653424e-05,0.1860813918608139,0.20426533012836906,0.10724917194247621,0.20426533012836906,0.10724917194247621,1.0,NONE,False,
unit,A,tta_localization,AUGRC,NORMALIZED_ALL_AR,AR_DOMAIN,unit|A|tta_localization|AUGRC|NORMALIZED_ALL_AR,0.019975091122620855,0.02026966782991315,0.053882480369897956,0.04983422288635606,-0.00029457670729229543,0.004048257483541894,-0.004342834190834189,0.0005,0.0010776496073979592,-0.0004966834838763655,-9.04523905445193e-05,0.0027270873626315945,0.005363054298283578,-0.005642197569067712,-0.00303117248614636,9.999000099990002e-05,0.20426533012836906,0.10724917194247621,0.23653442877251443,0.10910136316810809,0.026997300269973004,PROBE_BETTER_MAIN__RAW_BETTER_ABLATION,False,
unit,A,tta_localization,AUGRC,NORMALIZED_AR16,AR_DOMAIN,unit|A|tta_localization|AUGRC|NORMALIZED_AR16,0.019975091122620855,0.02026966782991315,0.019023363018159534,0.01934085759115544,-0.00029457670729229543,-0.0003174945729959057,2.2917865703610263e-05,0.0005,0.0005,-0.0004966834838763655,-9.04523905445193e-05,-0.0005063003780511831,-0.00012856363760780802,-6.876410213529066e-05,0.00011467991546851869,0.6258374162583742,0.20426533012836906,0.10724917194247621,0.2043149389719787,0.1049809510371102,1.0,NONE,False,
unit,A,tta_localization,AUGRC,NORMALIZED_AR13,AR_DOMAIN,unit|A|tta_localization|AUGRC|NORMALIZED_AR13,0.019975091122620855,0.02026966782991315,0.020042720733950886,0.020607001230809975,-0.00029457670729229543,-0.0005642804968590889,0.0002697037895667935,0.0005,0.0005,-0.0004966834838763655,-9.04523905445193e-05,-0.0008467542765246399,-0.00028462277860486596,3.399054836355403e-05,0.0005086716008177225,0.027297270272972702,0.20426533012836906,0.10724917194247621,0.21527397795669506,0.10680081261487859,1.0,NONE,False,
unit,A,tta_localization,Risk@70,NO_LONGSIDE_AR21,ANGLE_EQUIVALENCE,unit|A|tta_localization|Risk@70|NO_LONGSIDE_AR21,0.040546336012696554,0.041802659499434104,0.5161473543774601,0.5143098154372613,-0.0012563234867375497,0.0018375389401987796,-0.0030938624269363293,0.001,0.010322947087549201,-0.001941050553782686,-0.0005192039101111954,-0.005237917042542292,0.008190651225769719,-0.009460575315548704,0.004032957511963281,0.37396260373962603,0.20426533012836906,0.10724917194247621,0.20426533012836906,0.10724917194247621,1.0,PROBE_BETTER_MAIN__RAW_BETTER_ABLATION,False,
unit,A,tta_localization,Risk@70,NO_GEONORM_AR21,GEOMETRY_NORMALIZATION,unit|A|tta_localization|Risk@70|NO_GEONORM_AR21,0.040546336012696554,0.041802659499434104,0.015270551589768902,0.015988001306613743,-0.0012563234867375497,-0.0007174497168448406,-0.0005388737698927091,0.001,0.001,-0.001941050553782686,-0.0005192039101111954,-0.000987318534494344,-0.00043167044497534394,-0.0009763138284927129,-5.615028647663022e-05,0.022497750224977502,0.20426533012836906,0.10724917194247621,0.20426533012836906,0.10724917194247621,1.0,NONE,False,
unit,A,tta_localization,Risk@70,NORMALIZED_ALL_AR,AR_DOMAIN,unit|A|tta_localization|Risk@70|NORMALIZED_ALL_AR,0.040546336012696554,0.041802659499434104,0.1079225994697553,0.10058937721519222,-0.0012563234867375497,0.007333222254563079,-0.008589545741300629,0.001,0.002158451989395106,-0.001941050553782686,-0.0005192039101111954,0.003976816724617842,0.010117197654049488,-0.011292999986038658,-0.005167025977515816,9.999000099990002e-05,0.20426533012836906,0.10724917194247621,0.23653442877251443,0.10910136316810809,0.026997300269973004,PROBE_BETTER_MAIN__RAW_BETTER_ABLATION,False,
unit,A,tta_localization,Risk@70,NORMALIZED_AR16,AR_DOMAIN,unit|A|tta_localization|Risk@70|NORMALIZED_AR16,0.040546336012696554,0.041802659499434104,0.038636350204443594,0.039765066568204575,-0.0012563234867375497,-0.0011287163637609815,-0.00012760712297656823,0.001,0.001,-0.001941050553782686,-0.0005192039101111954,-0.001772422637485706,-0.0003337198199832095,-0.0005772166867094192,0.0002477777612807539,0.5486451354864513,0.20426533012836906,0.10724917194247621,0.2043149389719787,0.1049809510371102,1.0,NONE,False,
unit,A,tta_localization,Risk@70,NORMALIZED_AR13,AR_DOMAIN,unit|A|tta_localization|Risk@70|NORMALIZED_AR13,0.040546336012696554,0.041802659499434104,0.04083263919858045,0.042556063508208904,-0.0012563234867375497,-0.001723424309628456,0.00046710082289090626,0.001,0.001,-0.001941050553782686,-0.0005192039101111954,-0.002613544400407721,-0.0007961490155776564,-0.00031521065131972484,0.0013178152647142652,0.26047395260473954,0.20426533012836906,0.10724917194247621,0.21527397795669506,0.10680081261487859,1.0,NONE,False,
unit,A,tta_localization,Risk@90,NO_LONGSIDE_AR21,ANGLE_EQUIVALENCE,unit|A|tta_localization|Risk@90|NO_LONGSIDE_AR21,0.04798833804208275,0.04772550419977981,0.5170702011455128,0.5149908538665893,0.0002628338423029397,0.00207934727892356,-0.0018165134366206204,0.001,0.010341404022910257,-0.0004793065594022714,0.0008838272865585276,-0.0024650924824770855,0.006280401610881038,-0.006073722597652274,0.002766978547291804,0.40845915408459155,0.20426533012836906,0.10724917194247621,0.20426533012836906,0.10724917194247621,1.0,NONE,False,
unit,A,tta_localization,Risk@90,NO_GEONORM_AR21,GEOMETRY_NORMALIZATION,unit|A|tta_localization|Risk@90|NO_GEONORM_AR21,0.04798833804208275,0.04772550419977981,0.017645007087622674,0.01771490616214891,0.0002628338423029397,-6.989907452623761e-05,0.00033273291682917733,0.001,0.001,-0.0004793065594022714,0.0008838272865585276,-0.0003521705181022048,0.0001595621152848315,-0.0001487128786481196,0.0007498649960364815,0.1471852814718528,0.20426533012836906,0.10724917194247621,0.20426533012836906,0.10724917194247621,1.0,RAW_BETTER_MAIN__PROBE_BETTER_ABLATION,False,
unit,A,tta_localization,Risk@90,NORMALIZED_ALL_AR,AR_DOMAIN,unit|A|tta_localization|Risk@90|NORMALIZED_ALL_AR,0.04798833804208275,0.04772550419977981,0.11778538211425629,0.11777888644811246,0.0002628338423029397,6.4956661438297925e-06,0.0002563381761591099,0.001,0.002355707642285126,-0.0004793065594022714,0.0008838272865585276,-0.0017571225729122782,0.001552407025143794,-0.001273363793364029,0.00194777399937631,0.7625237476252374,0.20426533012836906,0.10724917194247621,0.23653442877251443,0.10910136316810809,1.0,NONE,False,
unit,A,tta_localization,Risk@90,NORMALIZED_AR16,AR_DOMAIN,unit|A|tta_localization|Risk@90|NORMALIZED_AR16,0.04798833804208275,0.04772550419977981,0.0466064214262842,0.046417438145234365,0.0002628338423029397,0.00018898328104983292,7.38505612531068e-05,0.001,0.001,-0.0004793065594022714,0.0008838272865585276,-0.00048101584175704905,0.0008536166916553943,-0.00033837685474156327,0.0003854083970131256,0.6858314168583142,0.20426533012836906,0.10724917194247621,0.2043149389719787,0.1049809510371102,1.0,NONE,False,
unit,A,tta_localization,Risk@90,NORMALIZED_AR13,AR_DOMAIN,unit|A|tta_localization|Risk@90|NORMALIZED_AR13,0.04798833804208275,0.04772550419977981,0.04958651653141661,0.04976252110574803,0.0002628338423029397,-0.00017600457433142314,0.00043883841663436285,0.001,0.001,-0.0004793065594022714,0.0008838272865585276,-0.0009228635775123284,0.0005344855168898481,-0.00010966259530053744,0.0009375100264176883,0.10258974102589741,0.20426533012836906,0.10724917194247621,0.21527397795669506,0.10680081261487859,1.0,RAW_BETTER_MAIN__PROBE_BETTER_ABLATION,False,
unit,B,linear_source_frozen,AUGRC,NO_LONGSIDE_AR21,ANGLE_EQUIVALENCE,unit|B|linear_source_frozen|AUGRC|NO_LONGSIDE_AR21,0.02332963464550149,0.022654420891975075,0.2533789686990239,0.2524257771783257,0.0006752137535264158,0.0009531915206981711,-0.0002779777671717554,0.0005,0.005067579373980478,0.0005113882120381131,0.0008402563653560405,-0.0008233055680513273,0.0027974602007354342,-0.0020930918516031253,0.001474536097452963,0.7661233876612339,0.14449178915114666,0.05875019479507558,0.14449178915114666,0.05875019479507558,1.0,NONE,False,
unit,B,linear_source_frozen,AUGRC,NO_GEONORM_AR21,GEOMETRY_NORMALIZATION,unit|B|linear_source_frozen|AUGRC|NO_GEONORM_AR21,0.02332963464550149,0.022654420891975075,0.00824285518601154,0.008532055293516966,0.0006752137535264158,-0.0002892001075054263,0.0009644138610318421,0.0005,0.0005,0.0005113882120381131,0.0008402563653560405,-0.000351961659209683,-0.0002312356027545614,0.0008406417724793674,0.0010911324748454567,9.999000099990002e-05,0.14449178915114666,0.05875019479507558,0.14449178915114666,0.05875019479507558,0.026997300269973004,RAW_BETTER_MAIN__PROBE_BETTER_ABLATION,False,
unit,B,linear_source_frozen,AUGRC,NORMALIZED_ALL_AR,AR_DOMAIN,unit|B|linear_source_frozen|AUGRC|NORMALIZED_ALL_AR,0.02332963464550149,0.022654420891975075,0.0409736493526017,0.04913481584088957,0.0006752137535264158,-0.008161166488287873,0.008836380241814289,0.0005,0.0009826963168177915,0.0005113882120381131,0.0008402563653560405,-0.009013515540782417,-0.007324344977193018,0.008003441473748351,0.009679452305221969,9.999000099990002e-05,0.14449178915114666,0.05875019479507558,0.17239593272087889,0.08440375127783457,0.026997300269973004,RAW_BETTER_MAIN__PROBE_BETTER_ABLATION,True,AR_DOMAIN|NORMALIZED_ALL_AR|linear_source_frozen|AUGRC|RAW_BETTER_MAIN__PROBE_BETTER_ABLATION
unit,B,linear_source_frozen,AUGRC,NORMALIZED_AR16,AR_DOMAIN,unit|B|linear_source_frozen|AUGRC|NORMALIZED_AR16,0.02332963464550149,0.022654420891975075,0.022386927834508158,0.021765195555075126,0.0006752137535264158,0.0006217322794330321,5.348147409338366e-05,0.0005,0.0005,0.0005113882120381131,0.0008402563653560405,0.00046709002041800266,0.0007728245316052622,-2.0285191806004595e-05,0.00013255651232381077,0.1655834416558344,0.14449178915114666,0.05875019479507558,0.13653151507772232,0.055535426068052306,1.0,NONE,False,
unit,B,linear_source_frozen,AUGRC,NORMALIZED_AR13,AR_DOMAIN,unit|B|linear_source_frozen|AUGRC|NORMALIZED_AR13,0.02332963464550149,0.022654420891975075,0.022814452393003844,0.022534472792082268,0.0006752137535264158,0.00027997960092157603,0.00039523415260483974,0.0005,0.0005,0.0005113882120381131,0.0008402563653560405,8.854937203675688e-05,0.00045825395791032256,0.0002471565343199528,0.000552760030212411,9.999000099990002e-05,0.14449178915114666,0.05875019479507558,0.13350697674418605,0.060505819023847475,0.026997300269973004,NONE,False,
unit,B,linear_source_frozen,Risk@70,NO_LONGSIDE_AR21,ANGLE_EQUIVALENCE,unit|B|linear_source_frozen|Risk@70|NO_LONGSIDE_AR21,0.047270297054225266,0.04588508438521489,0.5074477612822033,0.5114655094246123,0.0013852126690103786,-0.004017748142409072,0.005402960811419451,0.001,0.010229310188492246,0.0005592760153808835,0.0019048598567515214,-0.009835048469231191,0.0019840153379056887,-0.0006862087306547441,0.011132996622250363,0.07529247075292471,0.14449178915114666,0.05875019479507558,0.14449178915114666,0.05875019479507558,1.0,RAW_BETTER_MAIN__PROBE_BETTER_ABLATION,False,
unit,B,linear_source_frozen,Risk@70,NO_GEONORM_AR21,GEOMETRY_NORMALIZATION,unit|B|linear_source_frozen|Risk@70|NO_GEONORM_AR21,0.047270297054225266,0.04588508438521489,0.01666409250526524,0.0173519744070976,0.0013852126690103786,-0.0006878819018323601,0.0020730945708427387,0.001,0.001,0.0005592760153808835,0.0019048598567515214,-0.0010039648827079957,-0.0004848395975609455,0.001532021156075652,0.0024319272434758727,9.999000099990002e-05,0.14449178915114666,0.05875019479507558,0.14449178915114666,0.05875019479507558,0.026997300269973004,RAW_BETTER_MAIN__PROBE_BETTER_ABLATION,False,
unit,B,linear_source_frozen,Risk@70,NORMALIZED_ALL_AR,AR_DOMAIN,unit|B|linear_source_frozen|Risk@70|NORMALIZED_ALL_AR,0.047270297054225266,0.04588508438521489,0.07764611087223573,0.095808678942763,0.0013852126690103786,-0.01816256807052727,0.019547780739537647,0.001,0.0019161735788552601,0.0005592760153808835,0.0019048598567515214,-0.02152631879163781,-0.014584024481814095,0.01585532885048459,0.022808717148855316,9.999000099990002e-05,0.14449178915114666,0.05875019479507558,0.17239593272087889,0.08440375127783457,0.026997300269973004,RAW_BETTER_MAIN__PROBE_BETTER_ABLATION,False,
unit,B,linear_source_frozen,Risk@70,NORMALIZED_AR16,AR_DOMAIN,unit|B|linear_source_frozen|Risk@70|NORMALIZED_AR16,0.047270297054225266,0.04588508438521489,0.045298193821742924,0.044486180907732945,0.0013852126690103786,0.0008120129140099797,0.0005731997550003989,0.001,0.001,0.0005592760153808835,0.0019048598567515214,0.0001461747490147365,0.0015228240570683827,-3.9547465606963594e-05,0.0009038073497229909,0.04079592040795921,0.14449178915114666,0.05875019479507558,0.13653151507772232,0.055535426068052306,1.0,NONE,False,
unit,B,linear_source_frozen,Risk@70,NORMALIZED_AR13,AR_DOMAIN,unit|B|linear_source_frozen|Risk@70|NORMALIZED_AR13,0.047270297054225266,0.04588508438521489,0.045938563689358336,0.04588788822056606,0.0013852126690103786,5.067546879227586e-05,0.0013345372002181027,0.001,0.001,0.0005592760153808835,0.0019048598567515214,-0.0007474811499061335,0.000836000419626206,0.0004547377021386998,0.0019643265911872465,0.0008999100089991,0.14449178915114666,0.05875019479507558,0.13350697674418605,0.060505819023847475,0.1484851514848515,NONE,False,
unit,B,linear_source_frozen,Risk@90,NO_LONGSIDE_AR21,ANGLE_EQUIVALENCE,unit|B|linear_source_frozen|Risk@90|NO_LONGSIDE_AR21,0.05275589572845661,0.052833048994450495,0.5159793875080131,0.5155156149353382,-7.715326599388311e-05,0.00046377257267493643,-0.0005409258386688195,0.0010566609798890098,0.010319587750160262,-0.0004482529587146917,0.00029272869892469754,-0.001576686146907881,0.0024431568323284936,-0.0025074724165351707,0.0014888361678956003,0.6035396460353964,0.14449178915114666,0.05875019479507558,0.14449178915114666,0.05875019479507558,1.0,PROBE_BETTER_MAIN__RAW_BETTER_ABLATION,False,
unit,B,linear_source_frozen,Risk@90,NO_GEONORM_AR21,GEOMETRY_NORMALIZATION,unit|B|linear_source_frozen|Risk@90|NO_GEONORM_AR21,0.05275589572845661,0.052833048994450495,0.018899590214085903,0.019532882124852102,-7.715326599388311e-05,-0.0006332919107661997,0.0005561386447723166,0.0010566609798890098,0.001,-0.0004482529587146917,0.00029272869892469754,-0.0007847000975097284,-0.00048791531807498357,0.00031191401812032967,0.000805725139383642,9.999000099990002e-05,0.14449178915114666,0.05875019479507558,0.14449178915114666,0.05875019479507558,0.026997300269973004,NONE,False,
unit,B,linear_source_frozen,Risk@90,NORMALIZED_ALL_AR,AR_DOMAIN,unit|B|linear_source_frozen|Risk@90|NORMALIZED_ALL_AR,0.05275589572845661,0.052833048994450495,0.10335713825901931,0.11602939837993748,-7.715326599388311e-05,-0.012672260120918169,0.012595106854924286,0.0010566609798890098,0.0023205879675987496,-0.0004482529587146917,0.00029272869892469754,-0.014486158964031565,-0.010934702085318921,0.010883814204874344,0.014424430392895055,9.999000099990002e-05,0.14449178915114666,0.05875019479507558,0.17239593272087889,0.08440375127783457,0.026997300269973004,NONE,False,
unit,B,linear_source_frozen,Risk@90,NORMALIZED_AR16,AR_DOMAIN,unit|B|linear_source_frozen|Risk@90|NORMALIZED_AR16,0.05275589572845661,0.052833048994450495,0.05152401516520528,0.051593788529581255,-7.715326599388311e-05,-6.977336437597598e-05,-7.379901617907136e-06,0.0010566609798890098,0.001031875770591625,-0.0004482529587146917,0.00029272869892469754,-0.0004146385061611475,0.0002566495852864818,-0.0003020441767810883,0.00031673187183687136,0.9618038196180382,0.14449178915114666,0.05875019479507558,0.13653151507772232,0.055535426068052306,1.0,NONE,False,
unit,B,linear_source_frozen,Risk@90,NORMALIZED_AR13,AR_DOMAIN,unit|B|linear_source_frozen|Risk@90|NORMALIZED_AR13,0.05275589572845661,0.052833048994450495,0.05269413065120483,0.05375545078421992,-7.715326599388311e-05,-0.0010613201330150895,0.0009841668670212064,0.0010566609798890098,0.0010751090156843985,-0.0004482529587146917,0.00029272869892469754,-0.0015675377572583994,-0.0004878260506354266,0.00037702908214268564,0.0015316304025237094,0.0008999100089991,0.14449178915114666,0.05875019479507558,0.13350697674418605,0.060505819023847475,0.1484851514848515,NONE,False,
unit,B,tta_angle,AUGRC,NO_LONGSIDE_AR21,ANGLE_EQUIVALENCE,unit|B|tta_angle|AUGRC|NO_LONGSIDE_AR21,0.021868716085535363,0.022654420891975075,0.25649656171451485,0.2524257771783257,-0.0007857048064397118,0.004070784536189143,-0.004856489342628854,0.0005,0.005129931234290297,-0.0012119847104882276,-0.0003480299699037557,-0.001564067972902642,0.009777417615538363,-0.010787635754885205,0.0009280128090152863,0.10598940105989402,0.30722865254422366,0.12281494876431585,0.30722865254422366,0.12281494876431585,1.0,PROBE_BETTER_MAIN__RAW_BETTER_ABLATION,False,
unit,B,tta_angle,AUGRC,NO_GEONORM_AR21,GEOMETRY_NORMALIZATION,unit|B|tta_angle|AUGRC|NO_GEONORM_AR21,0.021868716085535363,0.022654420891975075,0.00821280595683398,0.008532055293516966,-0.0007857048064397118,-0.0003192493366829859,-0.0004664554697567259,0.0005,0.0005,-0.0012119847104882276,-0.0003480299699037557,-0.0004811629909741781,-0.00015175227311595838,-0.0007353618689265518,-0.00019397255154492444,0.0010998900109989002,0.30722865254422366,0.12281494876431585,0.30722865254422366,0.12281494876431585,0.17378262173782624,NONE,False,
unit,B,tta_angle,AUGRC,NORMALIZED_ALL_AR,AR_DOMAIN,unit|B|tta_angle|AUGRC|NORMALIZED_ALL_AR,0.021868716085535363,0.022654420891975075,0.04068192669506853,0.04913481584088957,-0.0007857048064397118,-0.008452889145821041,0.007667184339381329,0.0005,0.0009826963168177915,-0.0012119847104882276,-0.0003480299699037557,-0.01008763682390336,-0.006834320966504462,0.006052362943519441,0.00932521921727797,9.999000099990002e-05,0.30722865254422366,0.12281494876431585,0.33241300400467627,0.16849396566377697,0.026997300269973004,NONE,False,
unit,B,tta_angle,AUGRC,NORMALIZED_AR16,AR_DOMAIN,unit|B|tta_angle|AUGRC|NORMALIZED_AR16,0.021868716085535363,0.022654420891975075,0.02104491383015531,0.021765195555075126,-0.0007857048064397118,-0.0007202817249198148,-6.542308151989695e-05,0.0005,0.0005,-0.0012119847104882276,-0.0003480299699037557,-0.0010939777030438505,-0.000333008597952432,-0.00022776665436546867,0.00010182749585299205,0.4340565943405659,0.30722865254422366,0.12281494876431585,0.308315832135883,0.1231679013130703,1.0,NONE,False,
unit,B,tta_angle,AUGRC,NORMALIZED_AR13,AR_DOMAIN,unit|B|tta_angle|AUGRC|NORMALIZED_AR13,0.021868716085535363,0.022654420891975075,0.02094935990952908,0.022534472792082268,-0.0007857048064397118,-0.0015851128825531864,0.0007994080761134746,0.0005,0.0005,-0.0012119847104882276,-0.0003480299699037557,-0.0019984659855291466,-0.0011665206284507735,0.0004808210556203409,0.0011449278460413115,9.999000099990002e-05,0.30722865254422366,0.12281494876431585,0.3160333020008057,0.12468378354802129,0.026997300269973004,NONE,False,
unit,B,tta_angle,Risk@70,NO_LONGSIDE_AR21,ANGLE_EQUIVALENCE,unit|B|tta_angle|Risk@70|NO_LONGSIDE_AR21,0.043534516448031205,0.04588508438521489,0.514508823331545,0.5114655094246123,-0.0023505679371836827,0.0030433139069326876,-0.00539388184411637,0.001,0.0102901764666309,-0.0033957484381174447,-0.0015121078862233286,-0.006353039385629082,0.012273876200313179,-0.015099394571272795,0.0042849900619414405,0.27747225277472254,0.30722865254422366,0.12281494876431585,0.30722865254422366,0.12281494876431585,1.0,PROBE_BETTER_MAIN__RAW_BETTER_ABLATION,False,
unit,B,tta_angle,Risk@70,NO_GEONORM_AR21,GEOMETRY_NORMALIZATION,unit|B|tta_angle|Risk@70|NO_GEONORM_AR21,0.043534516448031205,0.04588508438521489,0.016424491508398694,0.0173519744070976,-0.0023505679371836827,-0.0009274828986989073,-0.0014230850384847754,0.001,0.001,-0.0033957484381174447,-0.0015121078862233286,-0.0013247239265071781,-0.0006127498102933126,-0.0020902812746899854,-0.0008791426768298211,9.999000099990002e-05,0.30722865254422366,0.12281494876431585,0.30722865254422366,0.12281494876431585,0.026997300269973004,NONE,False,
unit,B,tta_angle,Risk@70,NORMALIZED_ALL_AR,AR_DOMAIN,unit|B|tta_angle|Risk@70|NORMALIZED_ALL_AR,0.043534516448031205,0.04588508438521489,0.07331693553090717,0.095808678942763,-0.0023505679371836827,-0.022491743411855836,0.020141175474672153,0.001,0.0019161735788552601,-0.0033957484381174447,-0.0015121078862233286,-0.02666671423050376,-0.018634128817269703,0.016115194801574934,0.024400249832718213,9.999000099990002e-05,0.30722865254422366,0.12281494876431585,0.33241300400467627,0.16849396566377697,0.026997300269973004,NONE,False,
unit,B,tta_angle,Risk@70,NORMALIZED_AR16,AR_DOMAIN,unit|B|tta_angle|Risk@70|NORMALIZED_AR16,0.043534516448031205,0.04588508438521489,0.04164935501312376,0.044486180907732945,-0.0023505679371836827,-0.0028368258946091865,0.0004862579574255038,0.001,0.001,-0.0033957484381174447,-0.0015121078862233286,-0.0036358706762920413,-0.001968619429606554,-7.92134089552093e-05,0.0008101945002774568,0.058194180581941805,0.30722865254422366,0.12281494876431585,0.308315832135883,0.1231679013130703,1.0,NONE,False,
unit,B,tta_angle,Risk@70,NORMALIZED_AR13,AR_DOMAIN,unit|B|tta_angle|Risk@70|NORMALIZED_AR13,0.043534516448031205,0.04588508438521489,0.04123244308392386,0.04588788822056606,-0.0023505679371836827,-0.004655445136642199,0.002304877199458516,0.001,0.001,-0.0033957484381174447,-0.0015121078862233286,-0.005520666489892128,-0.003698229251300122,0.0014133515457539182,0.0029753340149938166,9.999000099990002e-05,0.30722865254422366,0.12281494876431585,0.3160333020008057,0.12468378354802129,0.026997300269973004,NONE,False,
unit,B,tta_angle,Risk@90,NO_LONGSIDE_AR21,ANGLE_EQUIVALENCE,unit|B|tta_angle|Risk@90|NO_LONGSIDE_AR21,0.05060310358717695,0.052833048994450495,0.5147117634488441,0.5155156149353382,-0.0022299454072735453,-0.0008038514864940893,-0.001426093920779456,0.0010566609798890098,0.010310312298706763,-0.002717807612777165,-0.00178498308490483,-0.0036922894417997674,0.001965000232955363,-0.00415775003271501,0.0014037409379929363,0.3210678932106789,0.30722865254422366,0.12281494876431585,0.30722865254422366,0.12281494876431585,1.0,NONE,False,
unit,B,tta_angle,Risk@90,NO_GEONORM_AR21,GEOMETRY_NORMALIZATION,unit|B|tta_angle|Risk@90|NO_GEONORM_AR21,0.05060310358717695,0.052833048994450495,0.018797758312675116,0.019532882124852102,-0.0022299454072735453,-0.0007351238121769861,-0.0014948215950965592,0.0010566609798890098,0.001,-0.002717807612777165,-0.00178498308490483,-0.0009243771103325585,-0.0005665173949148146,-0.0018277539544373526,-0.0011862200281884496,9.999000099990002e-05,0.30722865254422366,0.12281494876431585,0.30722865254422366,0.12281494876431585,0.026997300269973004,NONE,False,
unit,B,tta_angle,Risk@90,NORMALIZED_ALL_AR,AR_DOMAIN,unit|B|tta_angle|Risk@90|NORMALIZED_ALL_AR,0.05060310358717695,0.052833048994450495,0.0847684931164413,0.11602939837993748,-0.0022299454072735453,-0.031260905263496175,0.02903095985622263,0.0010566609798890098,0.0023205879675987496,-0.002717807612777165,-0.00178498308490483,-0.03282087575905551,-0.029345741463549003,0.027094413944520376,0.030575336929635342,9.999000099990002e-05,0.30722865254422366,0.12281494876431585,0.33241300400467627,0.16849396566377697,0.026997300269973004,NONE,False,
unit,B,tta_angle,Risk@90,NORMALIZED_AR16,AR_DOMAIN,unit|B|tta_angle|Risk@90|NORMALIZED_AR16,0.05060310358717695,0.052833048994450495,0.048908906470878644,0.051593788529581255,-0.0022299454072735453,-0.0026848820587026118,0.0004549366514290665,0.0010566609798890098,0.001031875770591625,-0.002717807612777165,-0.00178498308490483,-0.0031686186270483557,-0.0022116051877920703,0.00011984532992082418,0.0007639081796212554,0.006299370062993701,0.30722865254422366,0.12281494876431585,0.308315832135883,0.1231679013130703,0.9008099190080993,NONE,False,
unit,B,tta_angle,Risk@90,NORMALIZED_AR13,AR_DOMAIN,unit|B|tta_angle|Risk@90|NORMALIZED_AR13,0.05060310358717695,0.052833048994450495,0.048714977791936745,0.05375545078421992,-0.0022299454072735453,-0.0050404729922831765,0.002810527585009631,0.0010566609798890098,0.0010751090156843985,-0.002717807612777165,-0.00178498308490483,-0.0057845707306407226,-0.004254953510395449,0.00208541752592383,0.00347517363610485,9.999000099990002e-05,0.30722865254422366,0.12281494876431585,0.3160333020008057,0.12468378354802129,0.026997300269973004,NONE,False,
unit,B,tta_localization,AUGRC,NO_LONGSIDE_AR21,ANGLE_EQUIVALENCE,unit|B|tta_localization|AUGRC|NO_LONGSIDE_AR21,0.02221276491344901,0.022654420891975075,0.2570212246843476,0.2524257771783257,-0.00044165597852606486,0.004595447506021921,-0.005037103484547986,0.0005,0.005140424493686953,-0.0006822555416350725,-0.00020621768403238902,0.0015711490587095437,0.007603705168906116,-0.008174042932191686,-0.0018897045783781256,0.001999800019998,0.19915431439059522,0.09036906450005748,0.19915431439059522,0.09036906450005748,0.307969203079692,PROBE_BETTER_MAIN__RAW_BETTER_ABLATION,False,
unit,B,tta_localization,AUGRC,NO_GEONORM_AR21,GEOMETRY_NORMALIZATION,unit|B|tta_localization|AUGRC|NO_GEONORM_AR21,0.02221276491344901,0.022654420891975075,0.008385598665456049,0.008532055293516966,-0.00044165597852606486,-0.00014645662806091718,-0.0002951993504651477,0.0005,0.0005,-0.0006822555416350725,-0.00020621768403238902,-0.00023788584192993226,-5.549951356658635e-05,-0.000446888699686666,-0.00014771786877653754,0.00019998000199980003,0.19915431439059522,0.09036906450005748,0.19915431439059522,0.09036906450005748,0.036196380361963806,NONE,False,
unit,B,tta_localization,AUGRC,NORMALIZED_ALL_AR,AR_DOMAIN,unit|B|tta_localization|AUGRC|NORMALIZED_ALL_AR,0.02221276491344901,0.022654420891975075,0.0505719293471487,0.04913481584088957,-0.00044165597852606486,0.0014371135062591286,-0.0018787694847851935,0.0005,0.001011438586942974,-0.0006822555416350725,-0.00020621768403238902,-3.334304787426731e-05,0.0029695212645282952,-0.0033803321233798053,-0.000439378869357622,0.0117988201179882,0.19915431439059522,0.09036906450005748,0.24082917869325637,0.09380804953560372,1.0,PROBE_BETTER_MAIN__RAW_BETTER_ABLATION,False,
unit,B,tta_localization,AUGRC,NORMALIZED_AR16,AR_DOMAIN,unit|B|tta_localization|AUGRC|NORMALIZED_AR16,0.02221276491344901,0.022654420891975075,0.021427221686839852,0.021765195555075126,-0.00044165597852606486,-0.0003379738682352737,-0.00010368211029079116,0.0005,0.0005,-0.0006822555416350725,-0.00020621768403238902,-0.0005548998792379331,-0.00012751785288473468,-0.00018497723651167888,-1.7791395922943915e-05,0.014998500149985002,0.19915431439059522,0.09036906450005748,0.19853258523953388,0.09149397045035725,1.0,NONE,False,
unit,B,tta_localization,AUGRC,NORMALIZED_AR13,AR_DOMAIN,unit|B|tta_localization|AUGRC|NORMALIZED_AR13,0.02221276491344901,0.022654420891975075,0.022025368273977226,0.022534472792082268,-0.00044165597852606486,-0.0005091045181050413,6.744853957897645e-05,0.0005,0.0005,-0.0006822555416350725,-0.00020621768403238902,-0.0007643500537130539,-0.0002598060489622214,-0.00010764735867431113,0.0002473787793981305,0.4577542245775422,0.19915431439059522,0.09036906450005748,0.2091395930024991,0.09138528010416976,1.0,NONE,False,
unit,B,tta_localization,Risk@70,NO_LONGSIDE_AR21,ANGLE_EQUIVALENCE,unit|B|tta_localization|Risk@70|NO_LONGSIDE_AR21,0.04445955616535309,0.04588508438521489,0.5154354843500992,0.5114655094246123,-0.0014255282198617977,0.003969974925486897,-0.005395503145348694,0.001,0.010308709687001984,-0.0022862127722976864,-0.0008190786286819116,-0.0020129723258927893,0.010087100102067549,-0.011948609345071866,0.0007237491285679781,0.09459054094590541,0.19915431439059522,0.09036906450005748,0.19915431439059522,0.09036906450005748,1.0,PROBE_BETTER_MAIN__RAW_BETTER_ABLATION,False,
unit,B,tta_localization,Risk@70,NO_GEONORM_AR21,GEOMETRY_NORMALIZATION,unit|B|tta_localization|Risk@70|NO_GEONORM_AR21,0.04445955616535309,0.04588508438521489,0.01683167410904768,0.0173519744070976,-0.0014255282198617977,-0.0005203002980499229,-0.0009052279218118749,0.001,0.001,-0.0022862127722976864,-0.0008190786286819116,-0.0008435103790289329,-0.0002873488605014156,-0.0014543108760054712,-0.0005145667813361585,0.0008999100089991,0.19915431439059522,0.09036906450005748,0.19915431439059522,0.09036906450005748,0.1484851514848515,NONE,False,
unit,B,tta_localization,Risk@70,NORMALIZED_ALL_AR,AR_DOMAIN,unit|B|tta_localization|Risk@70|NORMALIZED_ALL_AR,0.04445955616535309,0.04588508438521489,0.10194300229770843,0.095808678942763,-0.0014255282198617977,0.006134323354945431,-0.007559851574807229,0.001,0.002038860045954169,-0.0022862127722976864,-0.0008190786286819116,0.0026658256829833033,0.009787554774471305,-0.011311416084091511,-0.004245799335064874,0.00019998000199980003,0.19915431439059522,0.09036906450005748,0.24082917869325637,0.09380804953560372,0.036196380361963806,PROBE_BETTER_MAIN__RAW_BETTER_ABLATION,False,
unit,B,tta_localization,Risk@70,NORMALIZED_AR16,AR_DOMAIN,unit|B|tta_localization|Risk@70|NORMALIZED_AR16,0.04445955616535309,0.04588508438521489,0.04291699198459053,0.044486180907732945,-0.0014255282198617977,-0.0015691889231424158,0.00014366070328061809,0.001,0.001,-0.0022862127722976864,-0.0008190786286819116,-0.002246155349639678,-0.0008350211595947149,-0.00043888512220397765,0.00047280557395689663,0.6215378462153784,0.19915431439059522,0.09036906450005748,0.19853258523953388,0.09149397045035725,1.0,NONE,False,
unit,B,tta_localization,Risk@70,NORMALIZED_AR13,AR_DOMAIN,unit|B|tta_localization|Risk@70|NORMALIZED_AR13,0.04445955616535309,0.04588508438521489,0.044225694568802855,0.04588788822056606,-0.0014255282198617977,-0.0016621936517632052,0.00023666543190140749,0.001,0.001,-0.0022862127722976864,-0.0008190786286819116,-0.002546610605118577,-0.0008292073704934056,-0.0006182936283597043,0.0008966591556282069,0.547045295470453,0.19915431439059522,0.09036906450005748,0.2091395930024991,0.09138528010416976,1.0,NONE,False,
unit,B,tta_localization,Risk@90,NO_LONGSIDE_AR21,ANGLE_EQUIVALENCE,unit|B|tta_localization|Risk@90|NO_LONGSIDE_AR21,0.05196069575253521,0.052833048994450495,0.5164357098588058,0.5155156149353382,-0.0008723532419152857,0.0009200949234676736,-0.0017924481653829594,0.0010566609798890098,0.010328714197176117,-0.0013365596250988175,-0.0004886087734979008,-0.001635506282609575,0.003537300056410776,-0.004415593841436258,0.0007161547169944067,0.17118288171182883,0.19915431439059522,0.09036906450005748,0.19915431439059522,0.09036906450005748,1.0,PROBE_BETTER_MAIN__RAW_BETTER_ABLATION,False,
unit,B,tta_localization,Risk@90,NO_GEONORM_AR21,GEOMETRY_NORMALIZATION,unit|B|tta_localization|Risk@90|NO_GEONORM_AR21,0.05196069575253521,0.052833048994450495,0.019294634082231057,0.019532882124852102,-0.0008723532419152857,-0.00023824804262104551,-0.0006341051992942402,0.0010566609798890098,0.001,-0.0013365596250988175,-0.0004886087734979008,-0.0004136159469502254,-9.343472495837274e-05,-0.0009467223950104473,-0.0003663546346959539,9.999000099990002e-05,0.19915431439059522,0.09036906450005748,0.19915431439059522,0.09036906450005748,0.026997300269973004,NONE,False,
unit,B,tta_localization,Risk@90,NORMALIZED_ALL_AR,AR_DOMAIN,unit|B|tta_localization|Risk@90|NORMALIZED_ALL_AR,0.05196069575253521,0.052833048994450495,0.11326601438869979,0.11602939837993748,-0.0008723532419152857,-0.0027633839912376834,0.0018910307493223977,0.0010566609798890098,0.0023205879675987496,-0.0013365596250988175,-0.0004886087734979008,-0.0038388489898447927,-0.001695511991859112,0.0008031680357112837,0.0029132068102827114,0.0008999100089991,0.19915431439059522,0.09036906450005748,0.24082917869325637,0.09380804953560372,0.1484851514848515,NONE,False,
unit,B,tta_localization,Risk@90,NORMALIZED_AR16,AR_DOMAIN,unit|B|tta_localization|Risk@90|NORMALIZED_AR16,0.05196069575253521,0.052833048994450495,0.05058091621401996,0.051593788529581255,-0.0008723532419152857,-0.0010128723155612973,0.00014051907364601157,0.0010566609798890098,0.001031875770591625,-0.0013365596250988175,-0.0004886087734979008,-0.0014367328266308862,-0.000577898871486268,-0.00019986698388239926,0.0003950793527718531,0.35936406359364065,0.19915431439059522,0.09036906450005748,0.19853258523953388,0.09149397045035725,1.0,NONE,False,
unit,B,tta_localization,Risk@90,NORMALIZED_AR13,AR_DOMAIN,unit|B|tta_localization|Risk@90|NORMALIZED_AR13,0.05196069575253521,0.052833048994450495,0.05210332090722758,0.05375545078421992,-0.0008723532419152857,-0.001652129876992342,0.0007797766350770563,0.0010566609798890098,0.0010751090156843985,-0.0013365596250988175,-0.0004886087734979008,-0.0020706530313738406,-0.0011154600737620418,0.00027458847478370447,0.0011053524471348764,0.0008999100089991,0.19915431439059522,0.09036906450005748,0.2091395930024991,0.09138528010416976,0.1484851514848515,NONE,False,
unit,C,linear_source_frozen,AUGRC,NO_LONGSIDE_AR21,ANGLE_EQUIVALENCE,unit|C|linear_source_frozen|AUGRC|NO_LONGSIDE_AR21,0.026971164932709908,0.02412686078598819,0.3579288863086604,0.3637719484852333,0.002844304146721717,-0.005843062176572933,0.00868736632329465,0.0005394232986541982,0.007275438969704666,0.0025237553738925093,0.0031885011071095763,-0.007841784921465849,-0.003730189797288713,0.006550861977937411,0.010771291825902508,9.999000099990002e-05,0.1764873598175252,0.06297357779435436,0.1764873598175252,0.06297357779435436,0.026997300269973004,RAW_BETTER_MAIN__PROBE_BETTER_ABLATION,False,
unit,C,linear_source_frozen,AUGRC,NO_GEONORM_AR21,GEOMETRY_NORMALIZATION,unit|C|linear_source_frozen|AUGRC|NO_GEONORM_AR21,0.026971164932709908,0.02412686078598819,0.00895298149344658,0.008986714330387955,0.002844304146721717,-3.373283694137544e-05,0.0028780369836630924,0.0005394232986541982,0.0005,0.0025237553738925093,0.0031885011071095763,-0.00011628736241418962,4.511586463356565e-05,0.0026060849229283503,0.003178683029571942,9.999000099990002e-05,0.1764873598175252,0.06297357779435436,0.1764873598175252,0.06297357779435436,0.026997300269973004,RAW_BETTER_MAIN__PROBE_BETTER_ABLATION,False,
unit,C,linear_source_frozen,AUGRC,NORMALIZED_ALL_AR,AR_DOMAIN,unit|C|linear_source_frozen|AUGRC|NORMALIZED_ALL_AR,0.026971164932709908,0.02412686078598819,0.03975204726446964,0.05039712376526445,0.002844304146721717,-0.010645076500794812,0.013489380647516529,0.0005394232986541982,0.001007942475305289,0.0025237553738925093,0.0031885011071095763,-0.012003912086423858,-0.009344823074310896,0.012180395364458238,0.014876128437034696,9.999000099990002e-05,0.1764873598175252,0.06297357779435436,0.21490200255645506,0.08785747565061124,0.026997300269973004,RAW_BETTER_MAIN__PROBE_BETTER_ABLATION,True,AR_DOMAIN|NORMALIZED_ALL_AR|linear_source_frozen|AUGRC|RAW_BETTER_MAIN__PROBE_BETTER_ABLATION
unit,C,linear_source_frozen,AUGRC,NORMALIZED_AR16,AR_DOMAIN,unit|C|linear_source_frozen|AUGRC|NORMALIZED_AR16,0.026971164932709908,0.02412686078598819,0.025781185057593636,0.023276356723826448,0.002844304146721717,0.002504828333767188,0.0003394758129545289,0.0005394232986541982,0.0005156237011518728,0.0025237553738925093,0.0031885011071095763,0.0022048051714745076,0.002812808089452341,0.00021652834785647362,0.00047427097992314686,9.999000099990002e-05,0.1764873598175252,0.06297357779435436,0.1596323618333535,0.05944194657498016,0.026997300269973004,NONE,False,
unit,C,linear_source_frozen,AUGRC,NORMALIZED_AR13,AR_DOMAIN,unit|C|linear_source_frozen|AUGRC|NORMALIZED_AR13,0.026971164932709908,0.02412686078598819,0.02615789976738702,0.024275921747388785,0.002844304146721717,0.0018819780199982351,0.0009623261267234819,0.0005394232986541982,0.0005231579953477404,0.0025237553738925093,0.0031885011071095763,0.0014990568788081165,0.002237836682412707,0.0006822990725871386,0.0012730026696891833,9.999000099990002e-05,0.1764873598175252,0.06297357779435436,0.16381022434718648,0.0677884470666145,0.026997300269973004,NONE,False,
unit,C,linear_source_frozen,Risk@70,NO_LONGSIDE_AR21,ANGLE_EQUIVALENCE,unit|C|linear_source_frozen|Risk@70|NO_LONGSIDE_AR21,0.052412743426860746,0.0480817459141519,0.7231320589833657,0.7288929677190689,0.004330997512708844,-0.0057609087357031186,0.010091906248411962,0.001048254868537215,0.014577859354381377,0.003557684204549685,0.0051575037047406486,-0.011236775107993471,0.0013341650272628736,0.002782703186895756,0.015820921594442025,0.0036996300369963003,0.1764873598175252,0.06297357779435436,0.1764873598175252,0.06297357779435436,0.5438456154384561,RAW_BETTER_MAIN__PROBE_BETTER_ABLATION,False,
unit,C,linear_source_frozen,Risk@70,NO_GEONORM_AR21,GEOMETRY_NORMALIZATION,unit|C|linear_source_frozen|Risk@70|NO_GEONORM_AR21,0.052412743426860746,0.0480817459141519,0.01773656843464726,0.017931544907696263,0.004330997512708844,-0.00019497647304900223,0.004525973985757846,0.001048254868537215,0.001,0.003557684204549685,0.0051575037047406486,-0.00047533693299916374,5.567578880955637e-05,0.003959866496720372,0.005179818507115005,9.999000099990002e-05,0.1764873598175252,0.06297357779435436,0.1764873598175252,0.06297357779435436,0.026997300269973004,RAW_BETTER_MAIN__PROBE_BETTER_ABLATION,False,
unit,C,linear_source_frozen,Risk@70,NORMALIZED_ALL_AR,AR_DOMAIN,unit|C|linear_source_frozen|Risk@70|NORMALIZED_ALL_AR,0.052412743426860746,0.0480817459141519,0.07657377853804936,0.09818307220466597,0.004330997512708844,-0.02160929366661661,0.025940291179325455,0.001048254868537215,0.0019636614440933196,0.003557684204549685,0.0051575037047406486,-0.02618346340122789,-0.017931465190119587,0.022237205258974983,0.030575813260065237,9.999000099990002e-05,0.1764873598175252,0.06297357779435436,0.21490200255645506,0.08785747565061124,0.026997300269973004,RAW_BETTER_MAIN__PROBE_BETTER_ABLATION,True,AR_DOMAIN|NORMALIZED_ALL_AR|linear_source_frozen|Risk@70|RAW_BETTER_MAIN__PROBE_BETTER_ABLATION
unit,C,linear_source_frozen,Risk@70,NORMALIZED_AR16,AR_DOMAIN,unit|C|linear_source_frozen|Risk@70|NORMALIZED_AR16,0.052412743426860746,0.0480817459141519,0.050052429071394906,0.04659945438877287,0.004330997512708844,0.0034529746826220398,0.000878022830086804,0.001048254868537215,0.001001048581427898,0.003557684204549685,0.0051575037047406486,0.0026747653170478836,0.004190898387673204,0.0003270636378788905,0.0014755429138058637,0.0029997000299970002,0.1764873598175252,0.06297357779435436,0.1596323618333535,0.05944194657498016,0.446955304469553,NONE,False,
unit,C,linear_source_frozen,Risk@70,NORMALIZED_AR13,AR_DOMAIN,unit|C|linear_source_frozen|Risk@70|NORMALIZED_AR13,0.052412743426860746,0.0480817459141519,0.0505428011551406,0.04865112266216028,0.004330997512708844,0.001891678492980317,0.0024393190197285267,0.001048254868537215,0.001010856023102812,0.003557684204549685,0.0051575037047406486,0.0005065257655860685,0.002872335046768107,0.0014695526151439224,0.003773909299716366,0.00029997000299970003,0.1764873598175252,0.06297357779435436,0.16381022434718648,0.0677884470666145,0.051894810518948106,NONE,False,
unit,C,linear_source_frozen,Risk@90,NO_LONGSIDE_AR21,ANGLE_EQUIVALENCE,unit|C|linear_source_frozen|Risk@90|NO_LONGSIDE_AR21,0.05772995417989536,0.058624435006139425,0.718749396484311,0.7219967778574966,-0.0008944808262440623,-0.003247381373185587,0.002352900546941525,0.0011724887001227885,0.014439935557149933,-0.0015756099491841301,-0.00025703782393042475,-0.00543092048583454,-0.0007939316032411832,-0.00022492694446418247,0.004676470701271368,0.058894110588941104,0.1764873598175252,0.06297357779435436,0.1764873598175252,0.06297357779435436,1.0,NONE,False,
unit,C,linear_source_frozen,Risk@90,NO_GEONORM_AR21,GEOMETRY_NORMALIZATION,unit|C|linear_source_frozen|Risk@90|NO_GEONORM_AR21,0.05772995417989536,0.058624435006139425,0.020283484233512995,0.021337993178267334,-0.0008944808262440623,-0.0010545089447543399,0.00016002811851027754,0.0011724887001227885,0.001,-0.0015756099491841301,-0.00025703782393042475,-0.001355066779419982,-0.0007855468872419015,-0.00023962243221754186,0.0005486908899372915,0.42185781421857815,0.1764873598175252,0.06297357779435436,0.1764873598175252,0.06297357779435436,1.0,NONE,False,
unit,C,linear_source_frozen,Risk@90,NORMALIZED_ALL_AR,AR_DOMAIN,unit|C|linear_source_frozen|Risk@90|NORMALIZED_ALL_AR,0.05772995417989536,0.058624435006139425,0.10497302197745922,0.11897483869876145,-0.0008944808262440623,-0.014001816721302227,0.013107335895058164,0.0011724887001227885,0.002379496773975229,-0.0015756099491841301,-0.00025703782393042475,-0.015687170199555744,-0.012041731231059782,0.011078618332975845,0.014884705917551344,9.999000099990002e-05,0.1764873598175252,0.06297357779435436,0.21490200255645506,0.08785747565061124,0.026997300269973004,NONE,False,
unit,C,linear_source_frozen,Risk@90,NORMALIZED_AR16,AR_DOMAIN,unit|C|linear_source_frozen|Risk@90|NORMALIZED_AR16,0.05772995417989536,0.058624435006139425,0.0562790643583572,0.05762668044922082,-0.0008944808262440623,-0.0013476160908636181,0.0004531352646195558,0.0011724887001227885,0.0011525336089844164,-0.0015756099491841301,-0.00025703782393042475,-0.0021806961042490566,-0.000777076527838442,7.151053085921386e-05,0.0010076155070778358,0.06869313068693131,0.1764873598175252,0.06297357779435436,0.1596323618333535,0.05944194657498016,1.0,NONE,False,
unit,C,linear_source_frozen,Risk@90,NORMALIZED_AR13,AR_DOMAIN,unit|C|linear_source_frozen|Risk@90|NORMALIZED_AR13,0.05772995417989536,0.058624435006139425,0.05856090076959941,0.060690415470318115,-0.0008944808262440623,-0.0021295147007187043,0.001235033874474642,0.0011724887001227885,0.0012138083094063623,-0.0015756099491841301,-0.00025703782393042475,-0.003229183849748126,-0.0011637504263596063,0.0003265874961968099,0.0022359593839625736,0.012698730126987301,0.1764873598175252,0.06297357779435436,0.16381022434718648,0.0677884470666145,1.0,NONE,False,
unit,C,tta_angle,AUGRC,NO_LONGSIDE_AR21,ANGLE_EQUIVALENCE,unit|C|tta_angle|AUGRC|NO_LONGSIDE_AR21,0.024385728158108865,0.02412686078598819,0.372574024854619,0.3637719484852333,0.000258867372120674,0.00880207636938568,-0.008543208997265007,0.0005,0.00745148049709238,-9.770615938297062e-05,0.0006381238139481745,0.005941289846976621,0.011631391185787907,-0.01146214078811596,-0.005569826560010613,9.999000099990002e-05,0.3001550387596899,0.12822944724761942,0.3001550387596899,0.12822944724761942,0.026997300269973004,NONE,False,
unit,C,tta_angle,AUGRC,NO_GEONORM_AR21,GEOMETRY_NORMALIZATION,unit|C|tta_angle|AUGRC|NO_GEONORM_AR21,0.024385728158108865,0.02412686078598819,0.009224375061767785,0.008986714330387955,0.000258867372120674,0.0002376607313798306,2.120664074084337e-05,0.0005,0.0005,-9.770615938297062e-05,0.0006381238139481745,8.960638280306579e-05,0.0003985641019751621,-0.00019514891191794802,0.0002482317173748154,0.8475152484751525,0.3001550387596899,0.12822944724761942,0.3001550387596899,0.12822944724761942,1.0,NONE,False,
unit,C,tta_angle,AUGRC,NORMALIZED_ALL_AR,AR_DOMAIN,unit|C|tta_angle|AUGRC|NORMALIZED_ALL_AR,0.024385728158108865,0.02412686078598819,0.06086656553652953,0.05039712376526445,0.000258867372120674,0.010469441771265076,-0.010210574399144402,0.0005,0.0012173313107305907,-9.770615938297062e-05,0.0006381238139481745,0.00834999361864886,0.012572540521193661,-0.012293394729005454,-0.008104623568230204,9.999000099990002e-05,0.3001550387596899,0.12822944724761942,0.3234793917567027,0.13736465604806467,0.026997300269973004,NONE,False,
unit,C,tta_angle,AUGRC,NORMALIZED_AR16,AR_DOMAIN,unit|C|tta_angle|AUGRC|NORMALIZED_AR16,0.024385728158108865,0.02412686078598819,0.02366431961192423,0.023276356723826448,0.000258867372120674,0.00038796288809778146,-0.00012909551597710747,0.0005,0.0005,-9.770615938297062e-05,0.0006381238139481745,1.5300320063482525e-05,0.0007869948097620292,-0.0003497924562672946,7.424850222471799e-05,0.22967703229677033,0.3001550387596899,0.12822944724761942,0.3021309829298226,0.13141056250596886,1.0,NONE,False,
unit,C,tta_angle,AUGRC,NORMALIZED_AR13,AR_DOMAIN,unit|C|tta_angle|AUGRC|NORMALIZED_AR13,0.024385728158108865,0.02412686078598819,0.024922846423565456,0.024275921747388785,0.000258867372120674,0.0006469246761766703,-0.00038805730405599634,0.0005,0.0005,-9.770615938297062e-05,0.0006381238139481745,8.521581415471098e-05,0.0012413338798575348,-0.000909751651763705,8.804983562816977e-05,0.1254874512548745,0.3001550387596899,0.12822944724761942,0.30925530834095294,0.1339031339031339,1.0,NONE,False,
unit,C,tta_angle,Risk@70,NO_LONGSIDE_AR21,ANGLE_EQUIVALENCE,unit|C|tta_angle|Risk@70|NO_LONGSIDE_AR21,0.048730688360695336,0.0480817459141519,0.7428663431424684,0.7288929677190689,0.0006489424465434337,0.013973375423399492,-0.013324432976856058,0.001,0.014857326862849367,-0.00032907915496276796,0.0015341661674906253,0.006039920608531937,0.022550618587667735,-0.022278956233621573,-0.0051862213918903305,0.0026997300269973002,0.3001550387596899,0.12822944724761942,0.3001550387596899,0.12822944724761942,0.4076592340765923,NONE,False,
unit,C,tta_angle,Risk@70,NO_GEONORM_AR21,GEOMETRY_NORMALIZATION,unit|C|tta_angle|Risk@70|NO_GEONORM_AR21,0.048730688360695336,0.0480817459141519,0.018507068897432796,0.017931544907696263,0.0006489424465434337,0.0005755239897365337,7.341845680690004e-05,0.001,0.001,-0.00032907915496276796,0.0015341661674906253,0.00015547529484858882,0.0009558479603743002,-0.0005308229570139068,0.0006253315787061658,0.8018198180181981,0.3001550387596899,0.12822944724761942,0.3001550387596899,0.12822944724761942,1.0,NONE,False,
unit,C,tta_angle,Risk@70,NORMALIZED_ALL_AR,AR_DOMAIN,unit|C|tta_angle|Risk@70|NORMALIZED_ALL_AR,0.048730688360695336,0.0480817459141519,0.11680935554471882,0.09818307220466597,0.0006489424465434337,0.01862628334005284,-0.017977340893509407,0.001,0.0023361871108943766,-0.00032907915496276796,0.0015341661674906253,0.013790131174094682,0.02319265329829313,-0.022609963439372296,-0.013199307528985139,9.999000099990002e-05,0.3001550387596899,0.12822944724761942,0.3234793917567027,0.13736465604806467,0.026997300269973004,NONE,False,
unit,C,tta_angle,Risk@70,NORMALIZED_AR16,AR_DOMAIN,unit|C|tta_angle|Risk@70|NORMALIZED_AR16,0.048730688360695336,0.0480817459141519,0.04699756518289928,0.04659945438877287,0.0006489424465434337,0.0003981107941264106,0.00025083165241702315,0.001,0.001,-0.00032907915496276796,0.0015341661674906253,-0.0005046046249666866,0.001424751155210097,-0.0004036452885308475,0.0007005669736705227,0.40815918408159185,0.3001550387596899,0.12822944724761942,0.3021309829298226,0.13141056250596886,1.0,NONE,False,
unit,C,tta_angle,Risk@70,NORMALIZED_AR13,AR_DOMAIN,unit|C|tta_angle|Risk@70|NORMALIZED_AR13,0.048730688360695336,0.0480817459141519,0.04927836169458976,0.04865112266216028,0.0006489424465434337,0.0006272390324294774,2.170341411395632e-05,0.001,0.001,-0.00032907915496276796,0.0015341661674906253,-0.0010076021248142067,0.002009775507170313,-0.0012979124722912027,0.001434152537295562,0.976002399760024,0.3001550387596899,0.12822944724761942,0.30925530834095294,0.1339031339031339,1.0,NONE,False,
unit,C,tta_angle,Risk@90,NO_LONGSIDE_AR21,ANGLE_EQUIVALENCE,unit|C|tta_angle|Risk@90|NO_LONGSIDE_AR21,0.05659624740452102,0.058624435006139425,0.7258183848615776,0.7219967778574966,-0.0020281876016184017,0.0038216070040809624,-0.005849794605699364,0.0011724887001227885,0.014516367697231553,-0.0027068960653688053,-0.001240900312039002,0.0004891971528207778,0.007129800130022911,-0.009148226996340067,-0.0022817319160980654,0.0005999400059994001,0.3001550387596899,0.12822944724761942,0.3001550387596899,0.12822944724761942,0.10258974102589741,PROBE_BETTER_MAIN__RAW_BETTER_ABLATION,False,
unit,C,tta_angle,Risk@90,NO_GEONORM_AR21,GEOMETRY_NORMALIZATION,unit|C|tta_angle|Risk@90|NO_GEONORM_AR21,0.05659624740452102,0.058624435006139425,0.021137464642331544,0.021337993178267334,-0.0020281876016184017,-0.0002005285359357907,-0.001827659065682611,0.0011724887001227885,0.001,-0.0027068960653688053,-0.001240900312039002,-0.0004808091847679453,0.0001273256928937285,-0.002266939108727061,-0.0013300514826385637,9.999000099990002e-05,0.3001550387596899,0.12822944724761942,0.3001550387596899,0.12822944724761942,0.026997300269973004,NONE,False,
unit,C,tta_angle,Risk@90,NORMALIZED_ALL_AR,AR_DOMAIN,unit|C|tta_angle|Risk@90|NORMALIZED_ALL_AR,0.05659624740452102,0.058624435006139425,0.12089912066290937,0.11897483869876145,-0.0020281876016184017,0.0019242819641479142,-0.003952469565766316,0.0011724887001227885,0.002417982413258187,-0.0027068960653688053,-0.001240900312039002,8.810420390079207e-05,0.003742275258313545,-0.00571968992821281,-0.002128443141922774,0.00019998000199980003,0.3001550387596899,0.12822944724761942,0.3234793917567027,0.13736465604806467,0.036196380361963806,PROBE_BETTER_MAIN__RAW_BETTER_ABLATION,False,
unit,C,tta_angle,Risk@90,NORMALIZED_AR16,AR_DOMAIN,unit|C|tta_angle|Risk@90|NORMALIZED_AR16,0.05659624740452102,0.058624435006139425,0.05562189010917674,0.05762668044922082,-0.0020281876016184017,-0.0020047903400440825,-2.339726157431915e-05,0.0011724887001227885,0.0011525336089844164,-0.0027068960653688053,-0.001240900312039002,-0.002955939137248732,-0.0012559667703255031,-0.00042575317345338123,0.0006409418929567028,0.9382061793820617,0.3001550387596899,0.12822944724761942,0.3021309829298226,0.13141056250596886,1.0,NONE,False,
unit,C,tta_angle,Risk@90,NORMALIZED_AR13,AR_DOMAIN,unit|C|tta_angle|Risk@90|NORMALIZED_AR13,0.05659624740452102,0.058624435006139425,0.05814559263722749,0.060690415470318115,-0.0020281876016184017,-0.0025448228330906264,0.0005166352314722247,0.0011724887001227885,0.0012138083094063623,-0.0027068960653688053,-0.001240900312039002,-0.003546197296422084,-0.001499754911097472,-0.0002734114896958434,0.0013585633988158826,0.20927907209279073,0.3001550387596899,0.12822944724761942,0.30925530834095294,0.1339031339031339,1.0,NONE,False,
unit,C,tta_localization,AUGRC,NO_LONGSIDE_AR21,ANGLE_EQUIVALENCE,unit|C|tta_localization|AUGRC|NO_LONGSIDE_AR21,0.023696640660623765,0.02412686078598819,0.3665773052391366,0.3637719484852333,-0.0004302201253644257,0.0028053567539033097,-0.0032355768792677354,0.0005,0.007331546104782732,-0.0005982801097523225,-0.000263403452634577,0.0013922712428050183,0.004187910895253187,-0.004639036617062438,-0.0017989990748415558,9.999000099990002e-05,0.16234077195670912,0.09329108053795022,0.16234077195670912,0.09329108053795022,0.026997300269973004,PROBE_BETTER_MAIN__RAW_BETTER_ABLATION,False,
unit,C,tta_localization,AUGRC,NO_GEONORM_AR21,GEOMETRY_NORMALIZATION,unit|C|tta_localization|AUGRC|NO_GEONORM_AR21,0.023696640660623765,0.02412686078598819,0.008868351758078114,0.008986714330387955,-0.0004302201253644257,-0.00011836257230984047,-0.0003118575530545852,0.0005,0.0005,-0.0005982801097523225,-0.000263403452634577,-0.00018217177013880322,-5.507513213075085e-05,-0.0004225907894874046,-0.00020345774576209188,9.999000099990002e-05,0.16234077195670912,0.09329108053795022,0.16234077195670912,0.09329108053795022,0.026997300269973004,NONE,False,
unit,C,tta_localization,AUGRC,NORMALIZED_ALL_AR,AR_DOMAIN,unit|C|tta_localization|AUGRC|NORMALIZED_ALL_AR,0.023696640660623765,0.02412686078598819,0.05094390397728883,0.05039712376526445,-0.0004302201253644257,0.0005467802120243809,-0.0009770003373888066,0.0005,0.0010188780795457766,-0.0005982801097523225,-0.000263403452634577,-0.00024443537313061266,0.001336942994761306,-0.0017598460181077024,-0.00019216043207265056,0.013898610138986101,0.16234077195670912,0.09329108053795022,0.1823259849779007,0.09899199329465999,1.0,PROBE_BETTER_MAIN__RAW_BETTER_ABLATION,False,
unit,C,tta_localization,AUGRC,NORMALIZED_AR16,AR_DOMAIN,unit|C|tta_localization|AUGRC|NORMALIZED_AR16,0.023696640660623765,0.02412686078598819,0.022769313132264164,0.023276356723826448,-0.0004302201253644257,-0.000507043591562284,7.682346619785826e-05,0.0005,0.0005,-0.0005982801097523225,-0.000263403452634577,-0.0006751518871281826,-0.00033946411719201313,-7.911771369471088e-07,0.0001573452958764647,0.0585941405859414,0.16234077195670912,0.09329108053795022,0.16074450084602368,0.09422077922077922,1.0,NONE,False,
unit,C,tta_localization,AUGRC,NORMALIZED_AR13,AR_DOMAIN,unit|C|tta_localization|AUGRC|NORMALIZED_AR13,0.023696640660623765,0.02412686078598819,0.023501724092282895,0.024275921747388785,-0.0004302201253644257,-0.0007741976551058904,0.00034397752974146475,0.0005,0.0005,-0.0005982801097523225,-0.000263403452634577,-0.0010189614174020661,-0.000543973688335297,0.0001545498338798356,0.0005494374018982243,0.0007999200079992001,0.16234077195670912,0.09329108053795022,0.16617079889807163,0.09700275710770508,0.1351864813518648,NONE,False,
unit,C,tta_localization,Risk@70,NO_LONGSIDE_AR21,ANGLE_EQUIVALENCE,unit|C|tta_localization|Risk@70|NO_LONGSIDE_AR21,0.04729874992848907,0.0480817459141519,0.7324336273185065,0.7288929677190689,-0.0007829959856628307,0.003540659599437612,-0.004323655585100443,0.001,0.01464867254637013,-0.001349494073956812,-0.00024776289523450887,-0.0007656243086413216,0.008497456028428241,-0.009375866490803467,3.7852259469178906e-05,0.07279272072792721,0.16234077195670912,0.09329108053795022,0.16234077195670912,0.09329108053795022,1.0,PROBE_BETTER_MAIN__RAW_BETTER_ABLATION,False,
unit,C,tta_localization,Risk@70,NO_GEONORM_AR21,GEOMETRY_NORMALIZATION,unit|C|tta_localization|Risk@70|NO_GEONORM_AR21,0.04729874992848907,0.0480817459141519,0.017736677318477983,0.017931544907696263,-0.0007829959856628307,-0.00019486758921827968,-0.0005881283964445511,0.001,0.001,-0.001349494073956812,-0.00024776289523450887,-0.0004162757820624745,-7.790302418244391e-06,-0.0009549756413613186,-0.00021861793954898204,0.0025997400259974,0.16234077195670912,0.09329108053795022,0.16234077195670912,0.09329108053795022,0.3951604839516048,NONE,False,
unit,C,tta_localization,Risk@70,NORMALIZED_ALL_AR,AR_DOMAIN,unit|C|tta_localization|Risk@70|NORMALIZED_ALL_AR,0.04729874992848907,0.0480817459141519,0.10009400564571562,0.09818307220466597,-0.0007829959856628307,0.0019109334410496448,-0.0026939294267124755,0.001,0.0020018801129143126,-0.001349494073956812,-0.00024776289523450887,-0.0008170971999811561,0.004174312266318215,-0.004924337897053895,3.410689028882652e-05,0.03799620037996201,0.16234077195670912,0.09329108053795022,0.1823259849779007,0.09899199329465999,1.0,PROBE_BETTER_MAIN__RAW_BETTER_ABLATION,False,
unit,C,tta_localization,Risk@70,NORMALIZED_AR16,AR_DOMAIN,unit|C|tta_localization|Risk@70|NORMALIZED_AR16,0.04729874992848907,0.0480817459141519,0.04543174905199854,0.04659945438877287,-0.0007829959856628307,-0.0011677053367743287,0.00038470935111149795,0.001,0.001,-0.001349494073956812,-0.00024776289523450887,-0.0017100894776911455,-0.0006010632003078252,-5.633355256899026e-05,0.0007726175910928531,0.07019298070192981,0.16234077195670912,0.09329108053795022,0.16074450084602368,0.09422077922077922,1.0,NONE,False,
unit,C,tta_localization,Risk@70,NORMALIZED_AR13,AR_DOMAIN,unit|C|tta_localization|Risk@70|NORMALIZED_AR13,0.04729874992848907,0.0480817459141519,0.046610637191103296,0.04865112266216028,-0.0007829959856628307,-0.0020404854710569867,0.001257489485394156,0.001,0.001,-0.001349494073956812,-0.00024776289523450887,-0.0031523515639363896,-0.0012937996275359598,0.0005658614927368426,0.0022677662745045723,0.0064993500649935,0.16234077195670912,0.09329108053795022,0.16617079889807163,0.09700275710770508,0.9229077092290771,NONE,False,
unit,C,tta_localization,Risk@90,NO_LONGSIDE_AR21,ANGLE_EQUIVALENCE,unit|C|tta_localization|Risk@90|NO_LONGSIDE_AR21,0.0577199151337836,0.058624435006139425,0.7231105170183902,0.7219967778574966,-0.0009045198723558259,0.0011137391608936342,-0.00201825903324946,0.0011724887001227885,0.014462210340367805,-0.0016725926970984385,-0.00019298805560199892,-0.002330104137951883,0.0049099004376794726,-0.005801010529131997,0.00151565870736677,0.28957104289571045,0.16234077195670912,0.09329108053795022,0.16234077195670912,0.09329108053795022,1.0,PROBE_BETTER_MAIN__RAW_BETTER_ABLATION,False,
unit,C,tta_localization,Risk@90,NO_GEONORM_AR21,GEOMETRY_NORMALIZATION,unit|C|tta_localization|Risk@90|NO_GEONORM_AR21,0.0577199151337836,0.058624435006139425,0.02124970730809462,0.021337993178267334,-0.0009045198723558259,-8.828587017271558e-05,-0.0008162340021831103,0.0011724887001227885,0.001,-0.0016725926970984385,-0.00019298805560199892,-0.0004056320667308426,0.00019820036778805123,-0.0013083552317436074,-0.00035474281491945664,0.0007999200079992001,0.16234077195670912,0.09329108053795022,0.16234077195670912,0.09329108053795022,0.1351864813518648,NONE,False,
unit,C,tta_localization,Risk@90,NORMALIZED_ALL_AR,AR_DOMAIN,unit|C|tta_localization|Risk@90|NORMALIZED_ALL_AR,0.0577199151337836,0.058624435006139425,0.11901764198941724,0.11897483869876145,-0.0009045198723558259,4.280329065578514e-05,-0.0009473231630116111,0.0011724887001227885,0.002380352839788345,-0.0016725926970984385,-0.00019298805560199892,-0.0013559094806114794,0.0014620327342233317,-0.0023746259972752663,0.00034557722705937446,0.1715828417158284,0.16234077195670912,0.09329108053795022,0.1823259849779007,0.09899199329465999,1.0,PROBE_BETTER_MAIN__RAW_BETTER_ABLATION,False,
unit,C,tta_localization,Risk@90,NORMALIZED_AR16,AR_DOMAIN,unit|C|tta_localization|Risk@90|NORMALIZED_AR16,0.0577199151337836,0.058624435006139425,0.05653103934406253,0.05762668044922082,-0.0009045198723558259,-0.0010956411051582932,0.00019112123280246723,0.0011724887001227885,0.0011525336089844164,-0.0016725926970984385,-0.00019298805560199892,-0.0019785631404990933,-0.00034986840925409966,-0.0002837047488868151,0.0007573443940545184,0.47525247475252475,0.16234077195670912,0.09329108053795022,0.16074450084602368,0.09422077922077922,1.0,NONE,False,
unit,C,tta_localization,Risk@90,NORMALIZED_AR13,AR_DOMAIN,unit|C|tta_localization|Risk@90|NORMALIZED_AR13,0.0577199151337836,0.058624435006139425,0.059345829431156606,0.060690415470318115,-0.0009045198723558259,-0.0013445860391615092,0.0004400661668056832,0.0011724887001227885,0.0012138083094063623,-0.0016725926970984385,-0.00019298805560199892,-0.0021585967174355893,-0.00046534394797560465,-0.0002620724520643035,0.001014528401178159,0.17888211178882113,0.16234077195670912,0.09329108053795022,0.16617079889807163,0.09700275710770508,1.0,NONE,False,
unit,D,linear_source_frozen,AUGRC,NO_LONGSIDE_AR21,ANGLE_EQUIVALENCE,unit|D|linear_source_frozen|AUGRC|NO_LONGSIDE_AR21,0.03231278079845012,0.03193682148765096,0.3025724631738311,0.30528269475196745,0.00037595931079915934,-0.0027102315781363795,0.003086190888935539,0.0006462556159690024,0.006105653895039349,7.220081410343021e-05,0.0006946701457949957,-0.006409812708370245,0.001072316793462792,-0.0007617094657728988,0.006822935732081762,0.1070892910708929,0.21109516169889386,0.08331574132714095,0.21109516169889386,0.08331574132714095,1.0,RAW_BETTER_MAIN__PROBE_BETTER_ABLATION,False,
unit,D,linear_source_frozen,AUGRC,NO_GEONORM_AR21,GEOMETRY_NORMALIZATION,unit|D|linear_source_frozen|AUGRC|NO_GEONORM_AR21,0.03231278079845012,0.03193682148765096,0.01191724805415863,0.012717973854876592,0.00037595931079915934,-0.0008007258007179611,0.0011766851115171204,0.0006462556159690024,0.0005,7.220081410343021e-05,0.0006946701457949957,-0.0009235889263164024,-0.0006877909048685556,0.0009146637364140031,0.0014604827072159396,9.999000099990002e-05,0.21109516169889386,0.08331574132714095,0.21109516169889386,0.08331574132714095,0.026997300269973004,RAW_BETTER_MAIN__PROBE_BETTER_ABLATION,False,
unit,D,linear_source_frozen,AUGRC,NORMALIZED_ALL_AR,AR_DOMAIN,unit|D|linear_source_frozen|AUGRC|NORMALIZED_ALL_AR,0.03231278079845012,0.03193682148765096,0.04859832467756975,0.045576693865798934,0.00037595931079915934,0.0030216308117708146,-0.0026456715009716553,0.0006462556159690024,0.000971966493551395,7.220081410343021e-05,0.0006946701457949957,0.0023979373956702003,0.003693562176777565,-0.0032911159202878423,-0.0020316240293339225,9.999000099990002e-05,0.21109516169889386,0.08331574132714095,0.1829389540664148,0.07235438884331419,0.026997300269973004,NONE,False,
unit,D,linear_source_frozen,AUGRC,NORMALIZED_AR16,AR_DOMAIN,unit|D|linear_source_frozen|AUGRC|NORMALIZED_AR16,0.03231278079845012,0.03193682148765096,0.030507755603502162,0.029903368399506303,0.00037595931079915934,0.0006043872039958598,-0.00022842789319670043,0.0006462556159690024,0.0006101551120700433,7.220081410343021e-05,0.0006946701457949957,0.0003403881738117227,0.0008891235806874067,-0.0004037877905276024,-6.15655580431596e-05,0.010498950104989501,0.21109516169889386,0.08331574132714095,0.1859550896420275,0.072743380253962,1.0,NONE,False,
unit,D,linear_source_frozen,AUGRC,NORMALIZED_AR13,AR_DOMAIN,unit|D|linear_source_frozen|AUGRC|NORMALIZED_AR13,0.03231278079845012,0.03193682148765096,0.030921162064849697,0.030159679106859683,0.00037595931079915934,0.0007614829579900145,-0.0003855236471908552,0.0006462556159690024,0.000618423241296994,7.220081410343021e-05,0.0006946701457949957,0.0004692957777233976,0.0010698134747776675,-0.0006125511827019341,-0.00017212197206755182,0.000999900009999,0.21109516169889386,0.08331574132714095,0.18365618117128818,0.07154183378416193,0.15998400159984,NONE,False,
unit,D,linear_source_frozen,Risk@70,NO_LONGSIDE_AR21,ANGLE_EQUIVALENCE,unit|D|linear_source_frozen|Risk@70|NO_LONGSIDE_AR21,0.06452054969996383,0.06394912364531259,0.6056069952435186,0.6107103662691767,0.0005714260546512417,-0.0051033710256581655,0.005674797080309407,0.0012904109939992766,0.012214207325383536,-0.00016424407070878447,0.0012764524973003062,-0.012283637821770202,0.0018630648756829537,-0.0013210189959341283,0.012891891974101326,0.12198780121987801,0.21109516169889386,0.08331574132714095,0.21109516169889386,0.08331574132714095,1.0,RAW_BETTER_MAIN__PROBE_BETTER_ABLATION,False,
unit,D,linear_source_frozen,Risk@70,NO_GEONORM_AR21,GEOMETRY_NORMALIZATION,unit|D|linear_source_frozen|Risk@70|NO_GEONORM_AR21,0.06452054969996383,0.06394912364531259,0.02436499448505744,0.025643195853388433,0.0005714260546512417,-0.0012782013683309938,0.0018496274229822356,0.0012904109939992766,0.001,-0.00016424407070878447,0.0012764524973003062,-0.0015735770817168837,-0.000992254732884627,0.0012946177764854903,0.0023924271009615797,9.999000099990002e-05,0.21109516169889386,0.08331574132714095,0.21109516169889386,0.08331574132714095,0.026997300269973004,RAW_BETTER_MAIN__PROBE_BETTER_ABLATION,False,
unit,D,linear_source_frozen,Risk@70,NORMALIZED_ALL_AR,AR_DOMAIN,unit|D|linear_source_frozen|Risk@70|NORMALIZED_ALL_AR,0.06452054969996383,0.06394912364531259,0.0895900136218706,0.08591842200033531,0.0005714260546512417,0.0036715916215352973,-0.0031001655668840555,0.0012904109939992766,0.0017918002724374121,-0.00016424407070878447,0.0012764524973003062,0.0026007117300441114,0.004801851079757792,-0.004205580730744957,-0.00209785031011745,9.999000099990002e-05,0.21109516169889386,0.08331574132714095,0.1829389540664148,0.07235438884331419,0.026997300269973004,NONE,False,
unit,D,linear_source_frozen,Risk@70,NORMALIZED_AR16,AR_DOMAIN,unit|D|linear_source_frozen|Risk@70|NORMALIZED_AR16,0.06452054969996383,0.06394912364531259,0.06064156574200602,0.059840180444011626,0.0005714260546512417,0.0008013852979943947,-0.00022995924334315299,0.0012904109939992766,0.0012128313148401205,-0.00016424407070878447,0.0012764524973003062,0.000147312829450136,0.0013904234644640792,-0.0006882376641394265,0.00026408258994154067,0.3484651534846515,0.21109516169889386,0.08331574132714095,0.1859550896420275,0.072743380253962,1.0,NONE,False,
unit,D,linear_source_frozen,Risk@70,NORMALIZED_AR13,AR_DOMAIN,unit|D|linear_source_frozen|Risk@70|NORMALIZED_AR13,0.06452054969996383,0.06394912364531259,0.06108819430892635,0.06011757261248992,0.0005714260546512417,0.0009706216964364273,-0.0003991956417851855,0.0012904109939992766,0.0012217638861785269,-0.00016424407070878447,0.0012764524973003062,0.00033152158734267145,0.0016186349799149765,-0.0009432645181016766,9.581394434597104e-05,0.1321867813218678,0.21109516169889386,0.08331574132714095,0.18365618117128818,0.07154183378416193,1.0,NONE,False,
unit,D,linear_source_frozen,Risk@90,NO_LONGSIDE_AR21,ANGLE_EQUIVALENCE,unit|D|linear_source_frozen|Risk@90|NO_LONGSIDE_AR21,0.06544836590112074,0.06494086007175166,0.6054747281972241,0.6074121499307495,0.0005075058293690787,-0.0019374217335254018,0.0024449275628944805,0.001308967318022415,0.012148242998614991,0.00011060156699228691,0.0008269006119893527,-0.005435465405091849,0.001227688937616125,-0.0008323231554505306,0.0059428460317731266,0.1581841815818418,0.21109516169889386,0.08331574132714095,0.21109516169889386,0.08331574132714095,1.0,RAW_BETTER_MAIN__PROBE_BETTER_ABLATION,False,
unit,D,linear_source_frozen,Risk@90,NO_GEONORM_AR21,GEOMETRY_NORMALIZATION,unit|D|linear_source_frozen|Risk@90|NO_GEONORM_AR21,0.06544836590112074,0.06494086007175166,0.025250964146385415,0.025628196885986863,0.0005075058293690787,-0.0003772327396014477,0.0008847385689705264,0.001308967318022415,0.001,0.00011060156699228691,0.0008269006119893527,-0.0005269779497742951,-0.000264948374478591,0.0006017577988157914,0.0011245156835426166,9.999000099990002e-05,0.21109516169889386,0.08331574132714095,0.21109516169889386,0.08331574132714095,0.026997300269973004,RAW_BETTER_MAIN__PROBE_BETTER_ABLATION,False,
unit,D,linear_source_frozen,Risk@90,NORMALIZED_ALL_AR,AR_DOMAIN,unit|D|linear_source_frozen|Risk@90|NORMALIZED_ALL_AR,0.06544836590112074,0.06494086007175166,0.0840495640205032,0.08302716791874716,0.0005075058293690787,0.001022396101756043,-0.0005148902723869642,0.001308967318022415,0.001680991280410064,0.00011060156699228691,0.0008269006119893527,0.0005597192669970545,0.0015431323424811977,-0.0010658874279689523,-0.00010510550499605838,0.042195780421957804,0.21109516169889386,0.08331574132714095,0.1829389540664148,0.07235438884331419,1.0,NONE,False,
unit,D,linear_source_frozen,Risk@90,NORMALIZED_AR16,AR_DOMAIN,unit|D|linear_source_frozen|Risk@90|NORMALIZED_AR16,0.06544836590112074,0.06494086007175166,0.06180846066074478,0.06143218711136381,0.0005075058293690787,0.0003762735493809677,0.00013123227998811104,0.001308967318022415,0.0012361692132148957,0.00011060156699228691,0.0008269006119893527,5.0088581740619976e-05,0.0006935139767617423,-0.00016847047816282467,0.00034056064692677425,0.32666733326667335,0.21109516169889386,0.08331574132714095,0.1859550896420275,0.072743380253962,1.0,NONE,False,
unit,D,linear_source_frozen,Risk@90,NORMALIZED_AR13,AR_DOMAIN,unit|D|linear_source_frozen|Risk@90|NORMALIZED_AR13,0.06544836590112074,0.06494086007175166,0.06209167435232876,0.06163107347568379,0.0005075058293690787,0.0004606008766449704,4.690495272410833e-05,0.001308967318022415,0.0012418334870465753,0.00011060156699228691,0.0008269006119893527,0.00011413901467825384,0.0008190368513042057,-0.00030225613060139346,0.00030126816347030217,0.7634236576342366,0.21109516169889386,0.08331574132714095,0.18365618117128818,0.07154183378416193,1.0,NONE,False,
unit,D,tta_angle,AUGRC,NO_LONGSIDE_AR21,ANGLE_EQUIVALENCE,unit|D|tta_angle|AUGRC|NO_LONGSIDE_AR21,0.028784731399507622,0.03193682148765096,0.3107405381407825,0.30528269475196745,-0.003152090088143336,0.0054578433888150535,-0.00860993347695839,0.0006387364297530192,0.00621481076281565,-0.003714117040332976,-0.0026216190897015044,0.0014012297975772902,0.00954587790786885,-0.012757174326869588,-0.004406688875689112,0.00019998000199980003,0.42307406029028655,0.16158207343412526,0.42307406029028655,0.16158207343412526,0.036196380361963806,PROBE_BETTER_MAIN__RAW_BETTER_ABLATION,False,
unit,D,tta_angle,AUGRC,NO_GEONORM_AR21,GEOMETRY_NORMALIZATION,unit|D|tta_angle|AUGRC|NO_GEONORM_AR21,0.028784731399507622,0.03193682148765096,0.011345659109538907,0.012717973854876592,-0.003152090088143336,-0.0013723147453376851,-0.001779775342805651,0.0006387364297530192,0.0005,-0.003714117040332976,-0.0026216190897015044,-0.001618256504874096,-0.0011438209267135221,-0.0021324028782871377,-0.0014485278351480846,9.999000099990002e-05,0.42307406029028655,0.16158207343412526,0.42307406029028655,0.16158207343412526,0.026997300269973004,NONE,False,
unit,D,tta_angle,AUGRC,NORMALIZED_ALL_AR,AR_DOMAIN,unit|D|tta_angle|AUGRC|NORMALIZED_ALL_AR,0.028784731399507622,0.03193682148765096,0.03464569569639537,0.045576693865798934,-0.003152090088143336,-0.010930998169403565,0.007778908081260229,0.0006387364297530192,0.0009115338773159787,-0.003714117040332976,-0.0026216190897015044,-0.012442240207814943,-0.009539611196430122,0.006423875490461458,0.009294072568987921,9.999000099990002e-05,0.42307406029028655,0.16158207343412526,0.41704560218266856,0.16464891041162227,0.026997300269973004,NONE,False,
unit,D,tta_angle,AUGRC,NORMALIZED_AR16,AR_DOMAIN,unit|D|tta_angle|AUGRC|NORMALIZED_AR16,0.028784731399507622,0.03193682148765096,0.026607497806093085,0.029903368399506303,-0.003152090088143336,-0.0032958705934132172,0.0001437805052698811,0.0006387364297530192,0.0005980673679901261,-0.003714117040332976,-0.0026216190897015044,-0.0037561904865095544,-0.002853673809127764,-0.0001233048656292167,0.0004307979137890501,0.30696930306969306,0.42307406029028655,0.16158207343412526,0.4215599896346204,0.16202769302980521,1.0,NONE,False,
unit,D,tta_angle,AUGRC,NORMALIZED_AR13,AR_DOMAIN,unit|D|tta_angle|AUGRC|NORMALIZED_AR13,0.028784731399507622,0.03193682148765096,0.026456805562733186,0.030159679106859683,-0.003152090088143336,-0.0037028735441264962,0.0005507834559831601,0.0006387364297530192,0.0006031935821371936,-0.003714117040332976,-0.0026216190897015044,-0.004243006248448331,-0.003174017869611532,0.0001615043036056721,0.0009760447254039036,0.0105989401059894,0.42307406029028655,0.16158207343412526,0.4206442742093891,0.1618954480796586,1.0,NONE,False,
unit,D,tta_angle,Risk@70,NO_LONGSIDE_AR21,ANGLE_EQUIVALENCE,unit|D|tta_angle|Risk@70|NO_LONGSIDE_AR21,0.058635755882903845,0.06394912364531259,0.613633901295276,0.6107103662691767,-0.005313367762408747,0.002923535026099211,-0.008236902788507958,0.0012789824729062518,0.01227267802590552,-0.0064207179558388745,-0.00435433723728068,-0.005429315696601875,0.01135820174950148,-0.016764012666275266,0.000188765694982675,0.056194380561943806,0.42307406029028655,0.16158207343412526,0.42307406029028655,0.16158207343412526,1.0,PROBE_BETTER_MAIN__RAW_BETTER_ABLATION,False,
unit,D,tta_angle,Risk@70,NO_GEONORM_AR21,GEOMETRY_NORMALIZATION,unit|D|tta_angle|Risk@70|NO_GEONORM_AR21,0.058635755882903845,0.06394912364531259,0.02319129633008367,0.025643195853388433,-0.005313367762408747,-0.0024518995233047645,-0.002861468239103982,0.0012789824729062518,0.001,-0.0064207179558388745,-0.00435433723728068,-0.0029222846030074498,-0.0020376138855198885,-0.0035559558844718807,-0.00225061534025479,9.999000099990002e-05,0.42307406029028655,0.16158207343412526,0.42307406029028655,0.16158207343412526,0.026997300269973004,NONE,False,
unit,D,tta_angle,Risk@70,NORMALIZED_ALL_AR,AR_DOMAIN,unit|D|tta_angle|Risk@70|NORMALIZED_ALL_AR,0.058635755882903845,0.06394912364531259,0.07053170936147382,0.08591842200033531,-0.005313367762408747,-0.015386712638861488,0.010073344876452742,0.0012789824729062518,0.0017183684400067063,-0.0064207179558388745,-0.00435433723728068,-0.01778789514524334,-0.013213914848025459,0.007875762643291304,0.012411360729638221,9.999000099990002e-05,0.42307406029028655,0.16158207343412526,0.41704560218266856,0.16464891041162227,0.026997300269973004,NONE,False,
unit,D,tta_angle,Risk@70,NORMALIZED_AR16,AR_DOMAIN,unit|D|tta_angle|Risk@70|NORMALIZED_AR16,0.058635755882903845,0.06394912364531259,0.054264653592287444,0.059840180444011626,-0.005313367762408747,-0.0055755268517241816,0.0002621590893154349,0.0012789824729062518,0.0011968036088802324,-0.0064207179558388745,-0.00435433723728068,-0.006421378881830022,-0.004712531148676713,-0.0004725049588431519,0.000886415439030338,0.46015398460153983,0.42307406029028655,0.16158207343412526,0.4215599896346204,0.16202769302980521,1.0,NONE,False,
unit,D,tta_angle,Risk@70,NORMALIZED_AR13,AR_DOMAIN,unit|D|tta_angle|Risk@70|NORMALIZED_AR13,0.058635755882903845,0.06394912364531259,0.05385356941987859,0.06011757261248992,-0.005313367762408747,-0.006264003192611334,0.0009506354302025871,0.0012789824729062518,0.0012023514522497985,-0.0064207179558388745,-0.00435433723728068,-0.007213643233382368,-0.005232026282287382,1.770755006056425e-05,0.0017528193341777411,0.033896610338966106,0.42307406029028655,0.16158207343412526,0.4206442742093891,0.1618954480796586,1.0,NONE,False,
unit,D,tta_angle,Risk@90,NO_LONGSIDE_AR21,ANGLE_EQUIVALENCE,unit|D|tta_angle|Risk@90|NO_LONGSIDE_AR21,0.06254666340141625,0.06494086007175166,0.6041819495918839,0.6074121499307495,-0.0023941966703354134,-0.003230200338865674,0.0008360036685302608,0.0012988172014350332,0.012148242998614991,-0.0030593842877256958,-0.0018044535986483365,-0.007516913374408268,0.0006217960658644128,-0.0029852019258569374,0.0050541393842871984,0.684031596840316,0.42307406029028655,0.16158207343412526,0.42307406029028655,0.16158207343412526,1.0,NONE,False,
unit,D,tta_angle,Risk@90,NO_GEONORM_AR21,GEOMETRY_NORMALIZATION,unit|D|tta_angle|Risk@90|NO_GEONORM_AR21,0.06254666340141625,0.06494086007175166,0.024510626569311997,0.025628196885986863,-0.0023941966703354134,-0.0011175703166748652,-0.0012766263536605482,0.0012988172014350332,0.001,-0.0030593842877256958,-0.0018044535986483365,-0.0014100745694177368,-0.0008755103309436597,-0.0017078608336544045,-0.0008870900018685555,9.999000099990002e-05,0.42307406029028655,0.16158207343412526,0.42307406029028655,0.16158207343412526,0.026997300269973004,NONE,False,
unit,D,tta_angle,Risk@90,NORMALIZED_ALL_AR,AR_DOMAIN,unit|D|tta_angle|Risk@90|NORMALIZED_ALL_AR,0.06254666340141625,0.06494086007175166,0.07224788158435587,0.08302716791874716,-0.0023941966703354134,-0.010779286334391291,0.008385089664055878,0.0012988172014350332,0.0016605433583749432,-0.0030593842877256958,-0.0018044535986483365,-0.01244859498143855,-0.00920976644104964,0.006815997231097577,0.010042597334888534,9.999000099990002e-05,0.42307406029028655,0.16158207343412526,0.41704560218266856,0.16464891041162227,0.026997300269973004,NONE,False,
unit,D,tta_angle,Risk@90,NORMALIZED_AR16,AR_DOMAIN,unit|D|tta_angle|Risk@90|NORMALIZED_AR16,0.06254666340141625,0.06494086007175166,0.058574833500682086,0.06143218711136381,-0.0023941966703354134,-0.0028573536106817274,0.000463156940346314,0.0012988172014350332,0.0012286437422272764,-0.0030593842877256958,-0.0018044535986483365,-0.003471120290855313,-0.00233080699185533,5.659956811533418e-05,0.0008988779311482757,0.0321967803219678,0.42307406029028655,0.16158207343412526,0.4215599896346204,0.16202769302980521,1.0,NONE,False,
unit,D,tta_angle,Risk@90,NORMALIZED_AR13,AR_DOMAIN,unit|D|tta_angle|Risk@90|NORMALIZED_AR13,0.06254666340141625,0.06494086007175166,0.05830113813971491,0.06163107347568379,-0.0023941966703354134,-0.003329935335968884,0.0009357386656334704,0.0012988172014350332,0.001232621469513676,-0.0030593842877256958,-0.0018044535986483365,-0.00400399938483784,-0.00265602154872937,0.00033503781618616883,0.0014873440428460644,0.001999800019998,0.42307406029028655,0.16158207343412526,0.4206442742093891,0.1618954480796586,0.307969203079692,NONE,False,
unit,D,tta_localization,AUGRC,NO_LONGSIDE_AR21,ANGLE_EQUIVALENCE,unit|D|tta_localization|AUGRC|NO_LONGSIDE_AR21,0.03143755462514973,0.03193682148765096,0.3045628419964206,0.30528269475196745,-0.0004992668625012284,-0.0007198527555468681,0.00022058589304563975,0.0006387364297530192,0.006105653895039349,-0.001041280648819233,-1.5769389541073874e-05,-0.004720407305364235,0.0033871740980941124,-0.00381619708505408,0.004152107993086339,0.913008699130087,0.39085523317636334,0.1446767931339827,0.39085523317636334,0.1446767931339827,1.0,NONE,False,
unit,D,tta_localization,AUGRC,NO_GEONORM_AR21,GEOMETRY_NORMALIZATION,unit|D|tta_localization|AUGRC|NO_GEONORM_AR21,0.03143755462514973,0.03193682148765096,0.012169346550244752,0.012717973854876592,-0.0004992668625012284,-0.00054862730463184,4.9360442130611665e-05,0.0006387364297530192,0.0005,-0.001041280648819233,-1.5769389541073874e-05,-0.0007617558871881116,-0.00035458165734814307,-0.0002934155727099053,0.0003606282782246768,0.7761223877612239,0.39085523317636334,0.1446767931339827,0.39085523317636334,0.1446767931339827,1.0,NONE,False,
unit,D,tta_localization,AUGRC,NORMALIZED_ALL_AR,AR_DOMAIN,unit|D|tta_localization|AUGRC|NORMALIZED_ALL_AR,0.03143755462514973,0.03193682148765096,0.04558954692641886,0.045576693865798934,-0.0004992668625012284,1.2853060619925916e-05,-0.0005121199231211543,0.0006387364297530192,0.0009117909385283772,-0.001041280648819233,-1.5769389541073874e-05,-0.0007542967531972552,0.0007903862749650837,-0.0012641249952189408,0.00027119906268064476,0.18858114188581143,0.39085523317636334,0.1446767931339827,0.37690941385435167,0.14355125419711634,1.0,PROBE_BETTER_MAIN__RAW_BETTER_ABLATION,False,
unit,D,tta_localization,AUGRC,NORMALIZED_AR16,AR_DOMAIN,unit|D|tta_localization|AUGRC|NORMALIZED_AR16,0.03143755462514973,0.03193682148765096,0.029440011921404656,0.029903368399506303,-0.0004992668625012284,-0.00046335647810164665,-3.591038439958172e-05,0.0006387364297530192,0.0005980673679901261,-0.001041280648819233,-1.5769389541073874e-05,-0.0009300923710153556,-3.950123091100005e-05,-0.00028274854398281115,0.0002166651400863211,0.778022197780222,0.39085523317636334,0.1446767931339827,0.3920595533498759,0.1445223654283548,1.0,NONE,False,
unit,D,tta_localization,AUGRC,NORMALIZED_AR13,AR_DOMAIN,unit|D|tta_localization|AUGRC|NORMALIZED_AR13,0.03143755462514973,0.03193682148765096,0.02957970846789489,0.030159679106859683,-0.0004992668625012284,-0.0005799706389647934,8.0703776463565e-05,0.0006387364297530192,0.0006031935821371936,-0.001041280648819233,-1.5769389541073874e-05,-0.001041165042745632,-0.0001487978893113731,-0.00020220153829660783,0.00037607063865299604,0.581041895810419,0.39085523317636334,0.1446767931339827,0.39109554777388694,0.1440754039497307,1.0,NONE,False,
unit,D,tta_localization,Risk@70,NO_LONGSIDE_AR21,ANGLE_EQUIVALENCE,unit|D|tta_localization|Risk@70|NO_LONGSIDE_AR21,0.06354016761628585,0.06394912364531259,0.6079056726306974,0.6107103662691767,-0.00040895602902674133,-0.0028046936384793497,0.0023957376094526084,0.0012789824729062518,0.012214207325383536,-0.001514496171355875,0.0006346217006387715,-0.011689384902430194,0.005324720545945699,-0.005729947129073508,0.011154579040206426,0.5758424157584242,0.39085523317636334,0.1446767931339827,0.39085523317636334,0.1446767931339827,1.0,NONE,False,
unit,D,tta_localization,Risk@70,NO_GEONORM_AR21,GEOMETRY_NORMALIZATION,unit|D|tta_localization|Risk@70|NO_GEONORM_AR21,0.06354016761628585,0.06394912364531259,0.02479113296001769,0.025643195853388433,-0.00040895602902674133,-0.0008520628933707426,0.0004431068643440013,0.0012789824729062518,0.001,-0.001514496171355875,0.0006346217006387715,-0.0012609847294795568,-0.0004387236706710639,-0.00028404018624981033,0.0011387962999259936,0.22107789221077892,0.39085523317636334,0.1446767931339827,0.39085523317636334,0.1446767931339827,1.0,NONE,False,
unit,D,tta_localization,Risk@70,NORMALIZED_ALL_AR,AR_DOMAIN,unit|D|tta_localization|Risk@70|NORMALIZED_ALL_AR,0.06354016761628585,0.06394912364531259,0.08686570464909513,0.08591842200033531,-0.00040895602902674133,0.0009472826487598174,-0.0013562386777865587,0.0012789824729062518,0.0017373140929819026,-0.001514496171355875,0.0006346217006387715,-0.00032884303421644234,0.0022182485069914795,-0.002534733343056317,-0.00013175249378202493,0.025697430256974303,0.39085523317636334,0.1446767931339827,0.37690941385435167,0.14355125419711634,1.0,PROBE_BETTER_MAIN__RAW_BETTER_ABLATION,False,
unit,D,tta_localization,Risk@70,NORMALIZED_AR16,AR_DOMAIN,unit|D|tta_localization|Risk@70|NORMALIZED_AR16,0.06354016761628585,0.06394912364531259,0.05964603665286563,0.059840180444011626,-0.00040895602902674133,-0.00019414379114599672,-0.0002148122378807446,0.0012789824729062518,0.0011968036088802324,-0.001514496171355875,0.0006346217006387715,-0.001240063533572798,0.0006283222988657287,-0.000731693357529703,0.0005292431368777817,0.5352464753524647,0.39085523317636334,0.1446767931339827,0.3920595533498759,0.1445223654283548,1.0,NONE,False,
unit,D,tta_localization,Risk@70,NORMALIZED_AR13,AR_DOMAIN,unit|D|tta_localization|Risk@70|NORMALIZED_AR13,0.06354016761628585,0.06394912364531259,0.05977698107400562,0.06011757261248992,-0.00040895602902674133,-0.0003405915384843,-6.836449054244131e-05,0.0012789824729062518,0.0012023514522497985,-0.001514496171355875,0.0006346217006387715,-0.0013065535361217265,0.0005568381228394255,-0.0007280492703708556,0.0006721068046850815,0.8494150584941506,0.39085523317636334,0.1446767931339827,0.39109554777388694,0.1440754039497307,1.0,NONE,False,
unit,D,tta_localization,Risk@90,NO_LONGSIDE_AR21,ANGLE_EQUIVALENCE,unit|D|tta_localization|Risk@90|NO_LONGSIDE_AR21,0.06535499957705986,0.06494086007175166,0.6033034502567122,0.6074121499307495,0.000414139505308192,-0.004108699674037375,0.004522839179345567,0.0013070999915411972,0.012148242998614991,-0.0001923615541878677,0.0009624482183906084,-0.008769370928001452,-0.0002742649437536939,0.0006253945290763638,0.009227488716680665,0.042995700429957005,0.39085523317636334,0.1446767931339827,0.39085523317636334,0.1446767931339827,1.0,RAW_BETTER_MAIN__PROBE_BETTER_ABLATION,False,
unit,D,tta_localization,Risk@90,NO_GEONORM_AR21,GEOMETRY_NORMALIZATION,unit|D|tta_localization|Risk@90|NO_GEONORM_AR21,0.06535499957705986,0.06494086007175166,0.0254064364162341,0.025628196885986863,0.000414139505308192,-0.0002217604697527624,0.0006358999750609544,0.0013070999915411972,0.001,-0.0001923615541878677,0.0009624482183906084,-0.0004586591891679167,-1.7323031753652384e-05,0.00023583278084261328,0.0010071748663999546,0.000999900009999,0.39085523317636334,0.1446767931339827,0.39085523317636334,0.1446767931339827,0.15998400159984,RAW_BETTER_MAIN__PROBE_BETTER_ABLATION,False,
unit,D,tta_localization,Risk@90,NORMALIZED_ALL_AR,AR_DOMAIN,unit|D|tta_localization|Risk@90|NORMALIZED_ALL_AR,0.06535499957705986,0.06494086007175166,0.08383087821530427,0.08302716791874716,0.000414139505308192,0.0008037102965571113,-0.00038957079124891936,0.0013070999915411972,0.0016766175643060854,-0.0001923615541878677,0.0009624482183906084,0.000207845808098563,0.0014545467245894068,-0.0010230747948495947,0.00011777992575367378,0.19058094190580943,0.39085523317636334,0.1446767931339827,0.37690941385435167,0.14355125419711634,1.0,NONE,False,
unit,D,tta_localization,Risk@90,NORMALIZED_AR16,AR_DOMAIN,unit|D|tta_localization|Risk@90|NORMALIZED_AR16,0.06535499957705986,0.06494086007175166,0.06171956647208678,0.06143218711136381,0.000414139505308192,0.00028737936072296966,0.00012676014458522233,0.0013070999915411972,0.0012343913294417357,-0.0001923615541878677,0.0009624482183906084,-0.0002164156941222623,0.0008141572448141797,-0.00026277435866245495,0.0004232205445074044,0.47435256474352566,0.39085523317636334,0.1446767931339827,0.3920595533498759,0.1445223654283548,1.0,NONE,False,
unit,D,tta_localization,Risk@90,NORMALIZED_AR13,AR_DOMAIN,unit|D|tta_localization|Risk@90|NORMALIZED_AR13,0.06535499957705986,0.06494086007175166,0.062038777331712515,0.06163107347568379,0.000414139505308192,0.00040770385602872244,6.435649279469546e-06,0.0013070999915411972,0.0012407755466342504,-0.0001923615541878677,0.0009624482183906084,-0.00015264069103738395,0.0009145313610922332,-0.0004118310656120068,0.00039754751478509465,0.973002699730027,0.39085523317636334,0.1446767931339827,0.39109554777388694,0.1440754039497307,1.0,NONE,False,
unit,E,linear_source_frozen,AUGRC,NO_LONGSIDE_AR21,ANGLE_EQUIVALENCE,unit|E|linear_source_frozen|AUGRC|NO_LONGSIDE_AR21,0.025835131822848557,0.025867630593730758,0.25632977815848285,0.25593788991696653,-3.2498770882200684e-05,0.00039188824151631385,-0.00042438701239851453,0.0005173526118746152,0.005126595563169657,-0.00030323235340893315,0.0002202887943258503,-0.0023560778953518823,0.0030390455714109296,-0.0030132398759484037,0.002276017124268575,0.7510248975102489,0.09964441462596445,0.02898801727590574,0.09964441462596445,0.02898801727590574,1.0,PROBE_BETTER_MAIN__RAW_BETTER_ABLATION,False,
unit,E,linear_source_frozen,AUGRC,NO_GEONORM_AR21,GEOMETRY_NORMALIZATION,unit|E|linear_source_frozen|AUGRC|NO_GEONORM_AR21,0.025835131822848557,0.025867630593730758,0.010513088178654905,0.010356344554280335,-3.2498770882200684e-05,0.00015674362437457026,-0.00018924239525677095,0.0005173526118746152,0.0005,-0.00030323235340893315,0.0002202887943258503,4.612101301641652e-05,0.0002667871641315,-0.00038045856599419565,-1.4692798683093939e-05,0.0402959704029597,0.09964441462596445,0.02898801727590574,0.09964441462596445,0.02898801727590574,1.0,PROBE_BETTER_MAIN__RAW_BETTER_ABLATION,False,
unit,E,linear_source_frozen,AUGRC,NORMALIZED_ALL_AR,AR_DOMAIN,unit|E|linear_source_frozen|AUGRC|NORMALIZED_ALL_AR,0.025835131822848557,0.025867630593730758,0.05061241863404378,0.0481062997854491,-3.2498770882200684e-05,0.0025061188485946823,-0.002538617619476883,0.0005173526118746152,0.0010122483726808756,-0.00030323235340893315,0.0002202887943258503,0.0018785020600371872,0.003264196548331355,-0.00324753811691098,-0.0019646334625689483,9.999000099990002e-05,0.09964441462596445,0.02898801727590574,0.10193143201273283,0.028044075219854706,0.026997300269973004,PROBE_BETTER_MAIN__RAW_BETTER_ABLATION,False,
unit,E,linear_source_frozen,AUGRC,NORMALIZED_AR16,AR_DOMAIN,unit|E|linear_source_frozen|AUGRC|NORMALIZED_AR16,0.025835131822848557,0.025867630593730758,0.02742103314913914,0.027226909145852726,-3.2498770882200684e-05,0.0001941240032864132,-0.00022662277416861387,0.0005173526118746152,0.0005484206629827828,-0.00030323235340893315,0.0002202887943258503,-3.4217104296552834e-05,0.00041768095312379503,-0.00032880279592321476,-0.0001310299626387638,9.999000099990002e-05,0.09964441462596445,0.02898801727590574,0.09687956077559247,0.027531453084483144,0.026997300269973004,PROBE_BETTER_MAIN__RAW_BETTER_ABLATION,False,
unit,E,linear_source_frozen,AUGRC,NORMALIZED_AR13,AR_DOMAIN,unit|E|linear_source_frozen|AUGRC|NORMALIZED_AR13,0.025835131822848557,0.025867630593730758,0.02902461887574498,0.02858946949109758,-3.2498770882200684e-05,0.0004351493846474,-0.0004676481555296007,0.0005173526118746152,0.0005804923775148996,-0.00030323235340893315,0.0002202887943258503,0.00019129734557438117,0.0006873044695217225,-0.0006198390628665327,-0.00032903740301424927,9.999000099990002e-05,0.09964441462596445,0.02898801727590574,0.09751937690689609,0.027883667810024368,0.026997300269973004,PROBE_BETTER_MAIN__RAW_BETTER_ABLATION,False,
unit,E,linear_source_frozen,Risk@70,NO_LONGSIDE_AR21,ANGLE_EQUIVALENCE,unit|E|linear_source_frozen|Risk@70|NO_LONGSIDE_AR21,0.05096037787686278,0.05127798570828881,0.5076784184291369,0.5061037648809245,-0.0003176078314260297,0.0015746535482124013,-0.001892261379638431,0.001025559714165776,0.010153568368582737,-0.0008788588255121598,0.000285484175542178,-0.0036218097871843144,0.006493806763341209,-0.006915083752821266,0.003461291529389402,0.47555244475552444,0.09964441462596445,0.02898801727590574,0.09964441462596445,0.02898801727590574,1.0,PROBE_BETTER_MAIN__RAW_BETTER_ABLATION,False,
unit,E,linear_source_frozen,Risk@70,NO_GEONORM_AR21,GEOMETRY_NORMALIZATION,unit|E|linear_source_frozen|Risk@70|NO_GEONORM_AR21,0.05096037787686278,0.05127798570828881,0.020884535484113113,0.02086018321833528,-0.0003176078314260297,2.435226577783209e-05,-0.0003419600972038618,0.001025559714165776,0.001,-0.0008788588255121598,0.000285484175542178,-0.00021933932250047916,0.0002837781797336775,-0.0006874914865607451,3.733902870943487e-05,0.06929307069293071,0.09964441462596445,0.02898801727590574,0.09964441462596445,0.02898801727590574,1.0,PROBE_BETTER_MAIN__RAW_BETTER_ABLATION,False,
unit,E,linear_source_frozen,Risk@70,NORMALIZED_ALL_AR,AR_DOMAIN,unit|E|linear_source_frozen|Risk@70|NORMALIZED_ALL_AR,0.05096037787686278,0.05127798570828881,0.09077765084154854,0.08786098787732968,-0.0003176078314260297,0.002916662964218858,-0.0032342707956448877,0.001025559714165776,0.0018155530168309708,-0.0008788588255121598,0.000285484175542178,0.0017823864463494513,0.004411115459364677,-0.0045393310600208995,-0.0022511553512255104,9.999000099990002e-05,0.09964441462596445,0.02898801727590574,0.10193143201273283,0.028044075219854706,0.026997300269973004,PROBE_BETTER_MAIN__RAW_BETTER_ABLATION,False,
unit,E,linear_source_frozen,Risk@70,NORMALIZED_AR16,AR_DOMAIN,unit|E|linear_source_frozen|Risk@70|NORMALIZED_AR16,0.05096037787686278,0.05127798570828881,0.05377125969554984,0.053465903713145926,-0.0003176078314260297,0.00030535598240391537,-0.0006229638138299451,0.001025559714165776,0.001075425193910997,-0.0008788588255121598,0.000285484175542178,-0.0002949049117287831,0.0008773357976637631,-0.0009660246729729227,-0.00026056439425048905,0.0012998700129987,0.09964441462596445,0.02898801727590574,0.09687956077559247,0.027531453084483144,0.2040795920407959,PROBE_BETTER_MAIN__RAW_BETTER_ABLATION,False,
unit,E,linear_source_frozen,Risk@70,NORMALIZED_AR13,AR_DOMAIN,unit|E|linear_source_frozen|Risk@70|NORMALIZED_AR13,0.05096037787686278,0.05127798570828881,0.05624406275958055,0.05566412100509693,-0.0003176078314260297,0.0005799417544836219,-0.0008975495859096516,0.001025559714165776,0.001124881255191611,-0.0008788588255121598,0.000285484175542178,-4.659008360792439e-05,0.001227114737478936,-0.0013022402839611186,-0.0004974763598273718,9.999000099990002e-05,0.09964441462596445,0.02898801727590574,0.09751937690689609,0.027883667810024368,0.026997300269973004,PROBE_BETTER_MAIN__RAW_BETTER_ABLATION,False,
unit,E,linear_source_frozen,Risk@90,NO_LONGSIDE_AR21,ANGLE_EQUIVALENCE,unit|E|linear_source_frozen|Risk@90|NO_LONGSIDE_AR21,0.05401310673913511,0.054373959939830185,0.5191977898271246,0.5196387844107051,-0.00036085320069507293,-0.0004409945835804896,8.014138288541667e-05,0.0010874791987966037,0.010392775688214102,-0.0008539693850992026,-1.1732470551181967e-05,-0.003934202941808766,0.0017503847690756632,-0.0019341222190300904,0.0031379524707946006,0.9513048695130487,0.09964441462596445,0.02898801727590574,0.09964441462596445,0.02898801727590574,1.0,NONE,False,
unit,E,linear_source_frozen,Risk@90,NO_GEONORM_AR21,GEOMETRY_NORMALIZATION,unit|E|linear_source_frozen|Risk@90|NO_GEONORM_AR21,0.05401310673913511,0.054373959939830185,0.022102157572494164,0.022119932900118926,-0.00036085320069507293,-1.7775327624761778e-05,-0.00034307787307031115,0.0010874791987966037,0.001,-0.0008539693850992026,-1.1732470551181967e-05,-8.745460193523742e-05,8.495721262569085e-05,-0.000805851576234993,-7.462699916905233e-05,0.06129387061293871,0.09964441462596445,0.02898801727590574,0.09964441462596445,0.02898801727590574,1.0,NONE,False,
unit,E,linear_source_frozen,Risk@90,NORMALIZED_ALL_AR,AR_DOMAIN,unit|E|linear_source_frozen|Risk@90|NORMALIZED_ALL_AR,0.05401310673913511,0.054373959939830185,0.08593859310043295,0.08515570671474373,-0.00036085320069507293,0.0007828863856892132,-0.0011437395863842861,0.0010874791987966037,0.001718771862008659,-0.0008539693850992026,-1.1732470551181967e-05,0.00032332605314132763,0.0012861382546127734,-0.0015385824104908834,-0.0008141482697274465,9.999000099990002e-05,0.09964441462596445,0.02898801727590574,0.10193143201273283,0.028044075219854706,0.026997300269973004,PROBE_BETTER_MAIN__RAW_BETTER_ABLATION,False,
unit,E,linear_source_frozen,Risk@90,NORMALIZED_AR16,AR_DOMAIN,unit|E|linear_source_frozen|Risk@90|NORMALIZED_AR16,0.05401310673913511,0.054373959939830185,0.056551190536992854,0.05651367556245727,-0.00036085320069507293,3.7514974535586554e-05,-0.0003983681752306595,0.0010874791987966037,0.001131023810739857,-0.0008539693850992026,-1.1732470551181967e-05,-0.00043293177265518317,0.0003410548124801493,-0.0005604514870904435,-0.00016247119068901904,9.999000099990002e-05,0.09964441462596445,0.02898801727590574,0.09687956077559247,0.027531453084483144,0.026997300269973004,PROBE_BETTER_MAIN__RAW_BETTER_ABLATION,False,
unit,E,linear_source_frozen,Risk@90,NORMALIZED_AR13,AR_DOMAIN,unit|E|linear_source_frozen|Risk@90|NORMALIZED_AR13,0.05401310673913511,0.054373959939830185,0.05857649776607596,0.058400640807201226,-0.00036085320069507293,0.00017585695887473163,-0.0005367101595698046,0.0010874791987966037,0.001171529955321519,-0.0008539693850992026,-1.1732470551181967e-05,-0.00027446809006855655,0.0005352749647045255,-0.000760936211605233,-0.0002949288366124743,9.999000099990002e-05,0.09964441462596445,0.02898801727590574,0.09751937690689609,0.027883667810024368,0.026997300269973004,PROBE_BETTER_MAIN__RAW_BETTER_ABLATION,False,
unit,E,tta_angle,AUGRC,NO_LONGSIDE_AR21,ANGLE_EQUIVALENCE,unit|E|tta_angle|AUGRC|NO_LONGSIDE_AR21,0.023471835036257147,0.025867630593730758,0.2560040432488979,0.25593788991696653,-0.0023957955574736116,6.615333193138451e-05,-0.002461948889404996,0.0005173526118746152,0.005120080864977958,-0.0032584567653869837,-0.0015493826376595926,-0.008301895970100183,0.008242536068479614,-0.010374261934208902,0.005561970622319554,0.5457454254574543,0.401733419101466,0.15279736241440528,0.401733419101466,0.15279736241440528,1.0,PROBE_BETTER_MAIN__RAW_BETTER_ABLATION,False,
unit,E,tta_angle,AUGRC,NO_GEONORM_AR21,GEOMETRY_NORMALIZATION,unit|E|tta_angle|AUGRC|NO_GEONORM_AR21,0.023471835036257147,0.025867630593730758,0.009566362158352538,0.010356344554280335,-0.0023957955574736116,-0.0007899823959277973,-0.0016058131615458143,0.0005173526118746152,0.0005,-0.0032584567653869837,-0.0015493826376595926,-0.0011443273252149575,-0.0004523637407017363,-0.0021716906529609037,-0.0010561297416807594,9.999000099990002e-05,0.401733419101466,0.15279736241440528,0.401733419101466,0.15279736241440528,0.026997300269973004,NONE,False,
unit,E,tta_angle,AUGRC,NORMALIZED_ALL_AR,AR_DOMAIN,unit|E|tta_angle|AUGRC|NORMALIZED_ALL_AR,0.023471835036257147,0.025867630593730758,0.03702441069348291,0.0481062997854491,-0.0023957955574736116,-0.01108188909196619,0.008686093534492578,0.0005173526118746152,0.000962125995708982,-0.0032584567653869837,-0.0015493826376595926,-0.013218984948386572,-0.009193486907343755,0.006899283672104546,0.010771518261469803,9.999000099990002e-05,0.401733419101466,0.15279736241440528,0.4062788950531669,0.158604035210719,0.026997300269973004,NONE,False,
unit,E,tta_angle,AUGRC,NORMALIZED_AR16,AR_DOMAIN,unit|E|tta_angle|AUGRC|NORMALIZED_AR16,0.023471835036257147,0.025867630593730758,0.02389491054586496,0.027226909145852726,-0.0023957955574736116,-0.003331998599987767,0.0009362030425141554,0.0005173526118746152,0.0005445381829170546,-0.0032584567653869837,-0.0015493826376595926,-0.004111063190192202,-0.002576225217958453,0.0005584555668307525,0.0013589651485887793,0.00019998000199980003,0.401733419101466,0.15279736241440528,0.40206735578526176,0.15380466537821924,0.036196380361963806,NONE,False,
unit,E,tta_angle,AUGRC,NORMALIZED_AR13,AR_DOMAIN,unit|E|tta_angle|AUGRC|NORMALIZED_AR13,0.023471835036257147,0.025867630593730758,0.02415345613502057,0.02858946949109758,-0.0023957955574736116,-0.004436013356077007,0.0020402177986033956,0.0005173526118746152,0.0005717893898219516,-0.0032584567653869837,-0.0015493826376595926,-0.005374485110673083,-0.003555845958859948,0.0014408275168802656,0.002724749102657229,9.999000099990002e-05,0.401733419101466,0.15279736241440528,0.40235528148000793,0.15394736842105264,0.026997300269973004,NONE,False,
unit,E,tta_angle,Risk@70,NO_LONGSIDE_AR21,ANGLE_EQUIVALENCE,unit|E|tta_angle|Risk@70|NO_LONGSIDE_AR21,0.04788727725643975,0.05127798570828881,0.5153550348200502,0.5061037648809245,-0.0033907084518490574,0.009251269939125728,-0.012641978390974785,0.001025559714165776,0.010307100696401004,-0.004829971485586847,-0.0020370461359743757,-0.0062991263773974696,0.02320517982279515,-0.026244397409839106,0.002196143420611044,0.0841915808419158,0.401733419101466,0.15279736241440528,0.401733419101466,0.15279736241440528,1.0,PROBE_BETTER_MAIN__RAW_BETTER_ABLATION,False,
unit,E,tta_angle,Risk@70,NO_GEONORM_AR21,GEOMETRY_NORMALIZATION,unit|E|tta_angle|Risk@70|NO_GEONORM_AR21,0.04788727725643975,0.05127798570828881,0.01948255603580921,0.02086018321833528,-0.0033907084518490574,-0.00137762718252607,-0.0020130812693229874,0.001025559714165776,0.001,-0.004829971485586847,-0.0020370461359743757,-0.0018824337464052325,-0.0009051566291906213,-0.003062515874775076,-0.0010101303916121424,0.00019998000199980003,0.401733419101466,0.15279736241440528,0.401733419101466,0.15279736241440528,0.036196380361963806,NONE,False,
unit,E,tta_angle,Risk@70,NORMALIZED_ALL_AR,AR_DOMAIN,unit|E|tta_angle|Risk@70|NORMALIZED_ALL_AR,0.04788727725643975,0.05127798570828881,0.06927717100841414,0.08786098787732968,-0.0033907084518490574,-0.01858381686891554,0.015193108417066482,0.001025559714165776,0.0017572197575465938,-0.004829971485586847,-0.0020370461359743757,-0.022695282757865063,-0.015164798495077153,0.011874485255707362,0.019159700025849397,9.999000099990002e-05,0.401733419101466,0.15279736241440528,0.4062788950531669,0.158604035210719,0.026997300269973004,NONE,False,
unit,E,tta_angle,Risk@70,NORMALIZED_AR16,AR_DOMAIN,unit|E|tta_angle|Risk@70|NORMALIZED_AR16,0.04788727725643975,0.05127798570828881,0.04876552027723882,0.053465903713145926,-0.0033907084518490574,-0.0047003834359071045,0.0013096749840580471,0.001025559714165776,0.0010693180742629186,-0.004829971485586847,-0.0020370461359743757,-0.005996678418595216,-0.0034920505803039325,0.0006773294480449138,0.0020194211722016847,0.00029997000299970003,0.401733419101466,0.15279736241440528,0.40206735578526176,0.15380466537821924,0.051894810518948106,NONE,False,
unit,E,tta_angle,Risk@70,NORMALIZED_AR13,AR_DOMAIN,unit|E|tta_angle|Risk@70|NORMALIZED_AR13,0.04788727725643975,0.05127798570828881,0.04912659558087535,0.05566412100509693,-0.0033907084518490574,-0.006537525424221577,0.0031468169723725195,0.001025559714165776,0.0011132824201019386,-0.004829971485586847,-0.0020370461359743757,-0.00808580638494895,-0.005126926067211836,0.0021862286826091807,0.004256961113308686,9.999000099990002e-05,0.401733419101466,0.15279736241440528,0.40235528148000793,0.15394736842105264,0.026997300269973004,NONE,False,
unit,E,tta_angle,Risk@90,NO_LONGSIDE_AR21,ANGLE_EQUIVALENCE,unit|E|tta_angle|Risk@90|NO_LONGSIDE_AR21,0.052296853426296426,0.054373959939830185,0.5189796803565114,0.5196387844107051,-0.0020771065135337594,-0.000659104054193671,-0.0014180024593400883,0.0010874791987966037,0.010392775688214102,-0.0026872337447556406,-0.00149926032928436,-0.009353422711613579,0.005588935449349928,-0.007391413560558703,0.006898192933023307,0.7036296370362963,0.401733419101466,0.15279736241440528,0.401733419101466,0.15279736241440528,1.0,NONE,False,
unit,E,tta_angle,Risk@90,NO_GEONORM_AR21,GEOMETRY_NORMALIZATION,unit|E|tta_angle|Risk@90|NO_GEONORM_AR21,0.052296853426296426,0.054373959939830185,0.02117531563088349,0.022119932900118926,-0.0020771065135337594,-0.0009446172692354343,-0.001132489244298325,0.0010874791987966037,0.001,-0.0026872337447556406,-0.00149926032928436,-0.001181614000106965,-0.0007155857086732367,-0.001616542713217883,-0.0007270434450539998,9.999000099990002e-05,0.401733419101466,0.15279736241440528,0.401733419101466,0.15279736241440528,0.026997300269973004,NONE,False,
unit,E,tta_angle,Risk@90,NORMALIZED_ALL_AR,AR_DOMAIN,unit|E|tta_angle|Risk@90|NORMALIZED_ALL_AR,0.052296853426296426,0.054373959939830185,0.0713187972184377,0.08515570671474373,-0.0020771065135337594,-0.013836909496306032,0.011759802982772273,0.0010874791987966037,0.0017031141342948746,-0.0026872337447556406,-0.00149926032928436,-0.017131500827871574,-0.011151558751294812,0.009186206023449422,0.014912842709075108,9.999000099990002e-05,0.401733419101466,0.15279736241440528,0.4062788950531669,0.158604035210719,0.026997300269973004,NONE,False,
unit,E,tta_angle,Risk@90,NORMALIZED_AR16,AR_DOMAIN,unit|E|tta_angle|Risk@90|NORMALIZED_AR16,0.052296853426296426,0.054373959939830185,0.053553298434175334,0.05651367556245727,-0.0020771065135337594,-0.002960377128281934,0.0008832706147481745,0.0010874791987966037,0.0011302735112491454,-0.0026872337447556406,-0.00149926032928436,-0.0035671295564056143,-0.0024469208914610157,0.0005877163634263407,0.001269228227196483,9.999000099990002e-05,0.401733419101466,0.15279736241440528,0.40206735578526176,0.15380466537821924,0.026997300269973004,NONE,False,
unit,E,tta_angle,Risk@90,NORMALIZED_AR13,AR_DOMAIN,unit|E|tta_angle|Risk@90|NORMALIZED_AR13,0.052296853426296426,0.054373959939830185,0.05416016641116055,0.058400640807201226,-0.0020771065135337594,-0.0042404743960406735,0.002163367882506914,0.0010874791987966037,0.0011680128161440245,-0.0026872337447556406,-0.00149926032928436,-0.00508585607721681,-0.0035475289174041746,0.0016434597873468577,0.002814659504812237,9.999000099990002e-05,0.401733419101466,0.15279736241440528,0.40235528148000793,0.15394736842105264,0.026997300269973004,NONE,False,
unit,E,tta_localization,AUGRC,NO_LONGSIDE_AR21,ANGLE_EQUIVALENCE,unit|E|tta_localization|AUGRC|NO_LONGSIDE_AR21,0.025108033287484857,0.025867630593730758,0.25240572363200603,0.25593788991696653,-0.0007595973062459009,-0.003532166284960503,0.002772568978714602,0.0005173526118746152,0.005118757798339331,-0.001387410699477169,-0.00017416402682747265,-0.008643214403604958,0.0016516836663587637,-0.0024889176135554827,0.007894804157557394,0.300969903009699,0.31786490563348496,0.13018699362311698,0.31786490563348496,0.13018699362311698,1.0,NONE,False,
unit,E,tta_localization,AUGRC,NO_GEONORM_AR21,GEOMETRY_NORMALIZATION,unit|E|tta_localization|AUGRC|NO_GEONORM_AR21,0.025108033287484857,0.025867630593730758,0.009924023663306077,0.010356344554280335,-0.0007595973062459009,-0.00043232089097425784,-0.00032727641527164307,0.0005173526118746152,0.0005,-0.001387410699477169,-0.00017416402682747265,-0.0006465106680098149,-0.0002256669703644674,-0.0007613849214874173,7.859424537927354e-05,0.134986501349865,0.31786490563348496,0.13018699362311698,0.31786490563348496,0.13018699362311698,1.0,NONE,False,
unit,E,tta_localization,AUGRC,NORMALIZED_ALL_AR,AR_DOMAIN,unit|E|tta_localization|AUGRC|NORMALIZED_ALL_AR,0.025108033287484857,0.025867630593730758,0.043004783485493955,0.0481062997854491,-0.0007595973062459009,-0.0051015162999551444,0.0043419189937092435,0.0005173526118746152,0.000962125995708982,-0.001387410699477169,-0.00017416402682747265,-0.006378911779336073,-0.00394583323201838,0.003304091777614983,0.005518508669134121,9.999000099990002e-05,0.31786490563348496,0.13018699362311698,0.3031556926295388,0.12749777205663926,0.026997300269973004,NONE,False,
unit,E,tta_localization,AUGRC,NORMALIZED_AR16,AR_DOMAIN,unit|E|tta_localization|AUGRC|NORMALIZED_AR16,0.025108033287484857,0.025867630593730758,0.026353813554761265,0.027226909145852726,-0.0007595973062459009,-0.0008730955910914613,0.0001134982848455604,0.0005173526118746152,0.0005445381829170546,-0.001387410699477169,-0.00017416402682747265,-0.0014299088590345593,-0.0003512721436252529,-0.0001336557517887675,0.00037351686392447293,0.37736226377362264,0.31786490563348496,0.13018699362311698,0.3141193646549753,0.13006168483827646,1.0,NONE,False,
unit,E,tta_localization,AUGRC,NORMALIZED_AR13,AR_DOMAIN,unit|E|tta_localization|AUGRC|NORMALIZED_AR13,0.025108033287484857,0.025867630593730758,0.027223822154622598,0.02858946949109758,-0.0007595973062459009,-0.001365647336474981,0.00060605003022908,0.0005173526118746152,0.0005717893898219516,-0.001387410699477169,-0.00017416402682747265,-0.0019840675443787248,-0.0007749604473469073,0.00024151851135149416,0.0010190847875005255,0.0027997200279972004,0.31786490563348496,0.13018699362311698,0.31137724550898205,0.12930622182930188,0.41995800419958007,NONE,False,
unit,E,tta_localization,Risk@70,NO_LONGSIDE_AR21,ANGLE_EQUIVALENCE,unit|E|tta_localization|Risk@70|NO_LONGSIDE_AR21,0.05076860384114341,0.05127798570828881,0.507043849178546,0.5061037648809245,-0.0005093818671454003,0.0009400842976214907,-0.001449466164766891,0.001025559714165776,0.01014087698357092,-0.0017862249635709673,0.0006885941062431963,-0.01055202287330514,0.011980482448624919,-0.012749117922471078,0.010101222899220337,0.8083191680831917,0.31786490563348496,0.13018699362311698,0.31786490563348496,0.13018699362311698,1.0,PROBE_BETTER_MAIN__RAW_BETTER_ABLATION,False,
unit,E,tta_localization,Risk@70,NO_GEONORM_AR21,GEOMETRY_NORMALIZATION,unit|E|tta_localization|Risk@70|NO_GEONORM_AR21,0.05076860384114341,0.05127798570828881,0.020165403266240296,0.02086018321833528,-0.0005093818671454003,-0.0006947799520949857,0.00018539808494958537,0.001025559714165776,0.001,-0.0017862249635709673,0.0006885941062431963,-0.0011317215234039387,-0.0002552963929152875,-0.0006835597494868141,0.001002311977551296,0.6821317868213179,0.31786490563348496,0.13018699362311698,0.31786490563348496,0.13018699362311698,1.0,NONE,False,
unit,E,tta_localization,Risk@70,NORMALIZED_ALL_AR,AR_DOMAIN,unit|E|tta_localization|Risk@70|NORMALIZED_ALL_AR,0.05076860384114341,0.05127798570828881,0.08585344671953603,0.08786098787732968,-0.0005093818671454003,-0.0020075411577936547,0.0014981592906482544,0.001025559714165776,0.0017572197575465938,-0.0017862249635709673,0.0006885941062431963,-0.00403906996522142,-0.00041395676818081626,0.00024312931051125725,0.0030769255951759262,0.0415958404159584,0.31786490563348496,0.13018699362311698,0.3031556926295388,0.12749777205663926,1.0,NONE,False,
unit,E,tta_localization,Risk@70,NORMALIZED_AR16,AR_DOMAIN,unit|E|tta_localization|Risk@70|NORMALIZED_AR16,0.05076860384114341,0.05127798570828881,0.05333075267365054,0.053465903713145926,-0.0005093818671454003,-0.00013515103949538615,-0.0003742308276500142,0.001025559714165776,0.0010693180742629186,-0.0017862249635709673,0.0006885941062431963,-0.0012425223300638914,0.0008380030957193539,-0.0008726163094116316,0.00017425393169862735,0.16318368163183683,0.31786490563348496,0.13018699362311698,0.3141193646549753,0.13006168483827646,1.0,NONE,False,
unit,E,tta_localization,Risk@70,NORMALIZED_AR13,AR_DOMAIN,unit|E|tta_localization|Risk@70|NORMALIZED_AR13,0.05076860384114341,0.05127798570828881,0.05521193192356036,0.05566412100509693,-0.0005093818671454003,-0.00045218908153656784,-5.719278560883251e-05,0.001025559714165776,0.0011132824201019386,-0.0017862249635709673,0.0006885941062431963,-0.0015854609046198431,0.0006048965739863898,-0.000652000430914409,0.0005622600700929247,0.8538146185381462,0.31786490563348496,0.13018699362311698,0.31137724550898205,0.12930622182930188,1.0,NONE,False,
unit,E,tta_localization,Risk@90,NO_LONGSIDE_AR21,ANGLE_EQUIVALENCE,unit|E|tta_localization|Risk@90|NO_LONGSIDE_AR21,0.054499033822047516,0.054373959939830185,0.5177758138158639,0.5196387844107051,0.0001250738822173303,-0.0018629705948411956,0.001988044477058526,0.0010899806764409503,0.010392775688214102,-0.00040005893831740713,0.0006665396568029011,-0.006732731525081789,0.003079489739059124,-0.0028078803771241475,0.0067335379981100394,0.41305869413058693,0.31786490563348496,0.13018699362311698,0.31786490563348496,0.13018699362311698,1.0,RAW_BETTER_MAIN__PROBE_BETTER_ABLATION,False,
unit,E,tta_localization,Risk@90,NO_GEONORM_AR21,GEOMETRY_NORMALIZATION,unit|E|tta_localization|Risk@90|NO_GEONORM_AR21,0.054499033822047516,0.054373959939830185,0.02189899889638624,0.022119932900118926,0.0001250738822173303,-0.0002209340037326868,0.0003460078859500171,0.0010899806764409503,0.001,-0.00040005893831740713,0.0006665396568029011,-0.00043286326472955535,8.590013211615715e-06,-6.908726695926525e-06,0.0007020014075005658,0.05599440055994401,0.31786490563348496,0.13018699362311698,0.31786490563348496,0.13018699362311698,1.0,RAW_BETTER_MAIN__PROBE_BETTER_ABLATION,False,
unit,E,tta_localization,Risk@90,NORMALIZED_ALL_AR,AR_DOMAIN,unit|E|tta_localization|Risk@90|NORMALIZED_ALL_AR,0.054499033822047516,0.054373959939830185,0.0854827911372475,0.08515570671474373,0.0001250738822173303,0.00032708442250375946,-0.00020201054028642917,0.0010899806764409503,0.0017096558227449499,-0.00040005893831740713,0.0006665396568029011,-0.0005199302510960388,0.0010922148522103043,-0.0008222151188538556,0.0005611295645701095,0.5612438756124387,0.31786490563348496,0.13018699362311698,0.3031556926295388,0.12749777205663926,1.0,NONE,False,
unit,E,tta_localization,Risk@90,NORMALIZED_AR16,AR_DOMAIN,unit|E|tta_localization|Risk@90|NORMALIZED_AR16,0.054499033822047516,0.054373959939830185,0.05704862582832675,0.05651367556245727,0.0001250738822173303,0.0005349502658694855,-0.0004098763836521552,0.0010899806764409503,0.001140972516566535,-0.00040005893831740713,0.0006665396568029011,-2.5045687224507595e-05,0.0010487126844578637,-0.0007007400065529802,-6.050601911318968e-05,0.0136986301369863,0.31786490563348496,0.13018699362311698,0.3141193646549753,0.13006168483827646,1.0,NONE,False,
unit,E,tta_localization,Risk@90,NORMALIZED_AR13,AR_DOMAIN,unit|E|tta_localization|Risk@90|NORMALIZED_AR13,0.054499033822047516,0.054373959939830185,0.05898619430478654,0.058400640807201226,0.0001250738822173303,0.0005855534975853158,-0.0004604796153679855,0.0010899806764409503,0.0011797238860957308,-0.00040005893831740713,0.0006665396568029011,3.93714566542568e-05,0.0011451046571133835,-0.0008138957171020913,-0.0001102590776739116,0.010298970102989701,0.31786490563348496,0.13018699362311698,0.31137724550898205,0.12930622182930188,1.0,NONE,False,
unit,F,linear_source_frozen,AUGRC,NO_LONGSIDE_AR21,ANGLE_EQUIVALENCE,unit|F|linear_source_frozen|AUGRC|NO_LONGSIDE_AR21,0.02802310293942983,0.028098070165466473,0.2590285171822412,0.259553800239506,-7.496722603664296e-05,-0.000525283057264847,0.00045031583122820407,0.0005619614033093294,0.005191076004790121,-0.00017671725369777783,1.2013959889587454e-05,-0.0014273910289355444,0.00032790205704253794,-0.00037020772461856963,0.0013262954178745764,0.28957104289571045,0.03472649404008867,0.02080056728819877,0.03472649404008867,0.02080056728819877,1.0,NONE,False,
unit,F,linear_source_frozen,AUGRC,NO_GEONORM_AR21,GEOMETRY_NORMALIZATION,unit|F|linear_source_frozen|AUGRC|NO_GEONORM_AR21,0.02802310293942983,0.028098070165466473,0.011236865723458363,0.01120696595908937,-7.496722603664296e-05,2.9899764368993345e-05,-0.00010486699040563631,0.0005619614033093294,0.0005,-0.00017671725369777783,1.2013959889587454e-05,-7.038396752202758e-06,6.604079059473753e-05,-0.00018404969888395905,-4.350256742695355e-05,0.007599240075992401,0.03472649404008867,0.02080056728819877,0.03472649404008867,0.02080056728819877,1.0,PROBE_BETTER_MAIN__RAW_BETTER_ABLATION,False,
unit,F,linear_source_frozen,AUGRC,NORMALIZED_ALL_AR,AR_DOMAIN,unit|F|linear_source_frozen|AUGRC|NORMALIZED_ALL_AR,0.02802310293942983,0.028098070165466473,0.04810734729487765,0.04633545414276303,-7.496722603664296e-05,0.001771893152114623,-0.001846860378151266,0.0005619614033093294,0.0009621469458975531,-0.00017671725369777783,1.2013959889587454e-05,0.0013438722285475113,0.0023159364290312413,-0.0023715871932394987,-0.001429422290334036,9.999000099990002e-05,0.03472649404008867,0.02080056728819877,0.037850566081751975,0.01880149083684955,0.026997300269973004,PROBE_BETTER_MAIN__RAW_BETTER_ABLATION,False,
unit,F,linear_source_frozen,AUGRC,NORMALIZED_AR16,AR_DOMAIN,unit|F|linear_source_frozen|AUGRC|NORMALIZED_AR16,0.02802310293942983,0.028098070165466473,0.029145580947609384,0.029094702744950948,-7.496722603664296e-05,5.08782026584359e-05,-0.00012584542869507886,0.0005619614033093294,0.0005829116189521877,-0.00017671725369777783,1.2013959889587454e-05,-4.9419097171097926e-05,0.00014820426045772001,-0.0001742492628501212,-8.137940616651978e-05,9.999000099990002e-05,0.03472649404008867,0.02080056728819877,0.035610320873304666,0.018028541946537392,0.026997300269973004,PROBE_BETTER_MAIN__RAW_BETTER_ABLATION,False,
unit,F,linear_source_frozen,AUGRC,NORMALIZED_AR13,AR_DOMAIN,unit|F|linear_source_frozen|AUGRC|NORMALIZED_AR13,0.02802310293942983,0.028098070165466473,0.03008851975487432,0.029850253993322563,-7.496722603664296e-05,0.00023826576155175708,-0.00031323298758840004,0.0005619614033093294,0.0006017703950974865,-0.00017671725369777783,1.2013959889587454e-05,0.00011179119702077406,0.00037331678903227333,-0.00040620279565979406,-0.0002316999204464203,9.999000099990002e-05,0.03472649404008867,0.02080056728819877,0.03632931172611824,0.018082642157961595,0.026997300269973004,PROBE_BETTER_MAIN__RAW_BETTER_ABLATION,False,
unit,F,linear_source_frozen,Risk@70,NO_LONGSIDE_AR21,ANGLE_EQUIVALENCE,unit|F|linear_source_frozen|Risk@70|NO_LONGSIDE_AR21,0.056325126457318395,0.056517490933275925,0.5198283415374372,0.5208987134435866,-0.00019236447595753076,-0.0010703719061494477,0.0008780074301919169,0.0011303498186655185,0.010417974268871732,-0.0004090377948592587,4.833951418064239e-05,-0.0026420657481264734,0.0005898447849153661,-0.0007744472964801289,0.002477983094123533,0.2999700029997,0.03472649404008867,0.02080056728819877,0.03472649404008867,0.02080056728819877,1.0,NONE,False,
unit,F,linear_source_frozen,Risk@70,NO_GEONORM_AR21,GEOMETRY_NORMALIZATION,unit|F|linear_source_frozen|Risk@70|NO_GEONORM_AR21,0.056325126457318395,0.056517490933275925,0.022901390597160096,0.022945577174729673,-0.00019236447595753076,-4.418657756957711e-05,-0.00014817789838795364,0.0011303498186655185,0.001,-0.0004090377948592587,4.833951418064239e-05,-0.00013363688082185018,5.984827846632213e-05,-0.00027895152718405996,-3.5388617773583083e-06,0.038196180381961806,0.03472649404008867,0.02080056728819877,0.03472649404008867,0.02080056728819877,1.0,NONE,False,
unit,F,linear_source_frozen,Risk@70,NORMALIZED_ALL_AR,AR_DOMAIN,unit|F|linear_source_frozen|Risk@70|NORMALIZED_ALL_AR,0.056325126457318395,0.056517490933275925,0.09031373048669611,0.0890165947696256,-0.00019236447595753076,0.001297135717070505,-0.0014895001930280358,0.0011303498186655185,0.0018062746097339223,-0.0004090377948592587,4.833951418064239e-05,0.0008106364352424598,0.0020182486807320803,-0.0021165427864090246,-0.0010339708976897862,0.00019998000199980003,0.03472649404008867,0.02080056728819877,0.037850566081751975,0.01880149083684955,0.036196380361963806,PROBE_BETTER_MAIN__RAW_BETTER_ABLATION,False,
unit,F,linear_source_frozen,Risk@70,NORMALIZED_AR16,AR_DOMAIN,unit|F|linear_source_frozen|Risk@70|NORMALIZED_AR16,0.056325126457318395,0.056517490933275925,0.05841567795916768,0.058398772937982395,-0.00019236447595753076,1.690502118528725e-05,-0.000209269497142818,0.0011303498186655185,0.0011683135591833537,-0.0004090377948592587,4.833951418064239e-05,-0.00018516537735334353,0.00026116116470032504,-0.00038753513890089317,-3.653469242164371e-05,0.0212978702129787,0.03472649404008867,0.02080056728819877,0.035610320873304666,0.018028541946537392,1.0,PROBE_BETTER_MAIN__RAW_BETTER_ABLATION,False,
unit,F,linear_source_frozen,Risk@70,NORMALIZED_AR13,AR_DOMAIN,unit|F|linear_source_frozen|Risk@70|NORMALIZED_AR13,0.056325126457318395,0.056517490933275925,0.06008514305974783,0.0598558800125993,-0.00019236447595753076,0.00022926304714853546,-0.0004216275231060662,0.0011303498186655185,0.0012017028611949567,-0.0004090377948592587,4.833951418064239e-05,-4.380247074257052e-05,0.0004573710281369861,-0.0005771023598290466,-0.00017057404710423482,9.999000099990002e-05,0.03472649404008867,0.02080056728819877,0.03632931172611824,0.018082642157961595,0.026997300269973004,PROBE_BETTER_MAIN__RAW_BETTER_ABLATION,False,
unit,F,linear_source_frozen,Risk@90,NO_LONGSIDE_AR21,ANGLE_EQUIVALENCE,unit|F|linear_source_frozen|Risk@90|NO_LONGSIDE_AR21,0.05954704426903592,0.06001456438079993,0.53107709480842,0.5331833246716506,-0.00046752011176401376,-0.002106229863230613,0.0016387097514665994,0.0012002912876159988,0.010663666493433014,-0.0010841867276911532,-3.381950382817613e-05,-0.0051163277014076945,0.0001943038696394392,-0.0003727547155464224,0.004089603710199735,0.1777822217778222,0.03472649404008867,0.02080056728819877,0.03472649404008867,0.02080056728819877,1.0,NONE,False,
unit,F,linear_source_frozen,Risk@90,NO_GEONORM_AR21,GEOMETRY_NORMALIZATION,unit|F|linear_source_frozen|Risk@90|NO_GEONORM_AR21,0.05954704426903592,0.06001456438079993,0.02451119453991678,0.024512304651219567,-0.00046752011176401376,-1.110111302785044e-06,-0.0004664100004612287,0.0012002912876159988,0.001,-0.0010841867276911532,-3.381950382817613e-05,-8.907640681066623e-05,6.59475648505151e-05,-0.0010177633788677454,-7.703746277443047e-05,0.051794820517948204,0.03472649404008867,0.02080056728819877,0.03472649404008867,0.02080056728819877,1.0,NONE,False,
unit,F,linear_source_frozen,Risk@90,NORMALIZED_ALL_AR,AR_DOMAIN,unit|F|linear_source_frozen|Risk@90|NORMALIZED_ALL_AR,0.05954704426903592,0.06001456438079993,0.08756991472051238,0.08738598152264385,-0.00046752011176401376,0.00018393319786853823,-0.000651453309632552,0.0012002912876159988,0.0017513982944102476,-0.0010841867276911532,-3.381950382817613e-05,-0.0003297246132610149,0.0005379148530490509,-0.0008805109626696799,-0.0003936087633972323,9.999000099990002e-05,0.03472649404008867,0.02080056728819877,0.037850566081751975,0.01880149083684955,0.026997300269973004,PROBE_BETTER_MAIN__RAW_BETTER_ABLATION,False,
unit,F,linear_source_frozen,Risk@90,NORMALIZED_AR16,AR_DOMAIN,unit|F|linear_source_frozen|Risk@90|NORMALIZED_AR16,0.05954704426903592,0.06001456438079993,0.061628390479184426,0.0619143855261972,-0.00046752011176401376,-0.00028599504701277284,-0.00018152506475124092,0.0012002912876159988,0.001238287710523944,-0.0010841867276911532,-3.381950382817613e-05,-0.0007341826517078334,9.64241804538855e-05,-0.00039638209786342085,-5.298975309124838e-05,0.055594440555944404,0.03472649404008867,0.02080056728819877,0.035610320873304666,0.018028541946537392,1.0,NONE,False,
unit,F,linear_source_frozen,Risk@90,NORMALIZED_AR13,AR_DOMAIN,unit|F|linear_source_frozen|Risk@90|NORMALIZED_AR13,0.05954704426903592,0.06001456438079993,0.06299937110180745,0.06319701909322711,-0.00046752011176401376,-0.00019764799141966383,-0.00026987212034434993,0.0012002912876159988,0.0012639403818645422,-0.0010841867276911532,-3.381950382817613e-05,-0.0006562794703680399,0.00016047416721228118,-0.0004923698042060909,-0.00010038050449384424,0.008399160083991601,0.03472649404008867,0.02080056728819877,0.03632931172611824,0.018082642157961595,1.0,NONE,False,
unit,F,tta_angle,AUGRC,NO_LONGSIDE_AR21,ANGLE_EQUIVALENCE,unit|F|tta_angle|AUGRC|NO_LONGSIDE_AR21,0.026976306613145384,0.028098070165466473,0.26156053195296236,0.259553800239506,-0.0011217635523210895,0.0020067317134563334,-0.003128495265777423,0.0005619614033093294,0.005231210639059247,-0.0019870605360147453,-0.00045081323213755,-0.002789359824439544,0.006754911097771365,-0.007931280361132415,0.0016957568132502528,0.19868013198680132,0.3666984981335185,0.13838984137842575,0.3666984981335185,0.13838984137842575,1.0,PROBE_BETTER_MAIN__RAW_BETTER_ABLATION,False,
unit,F,tta_angle,AUGRC,NO_GEONORM_AR21,GEOMETRY_NORMALIZATION,unit|F|tta_angle|AUGRC|NO_GEONORM_AR21,0.026976306613145384,0.028098070165466473,0.010993111962175216,0.01120696595908937,-0.0011217635523210895,-0.00021385399691415362,-0.0009079095554069359,0.0005619614033093294,0.0005,-0.0019870605360147453,-0.00045081323213755,-0.0005829185074058956,9.788734545299769e-05,-0.0014365122941806746,-0.00046679443309417855,0.0007999200079992001,0.3666984981335185,0.13838984137842575,0.3666984981335185,0.13838984137842575,0.1351864813518648,NONE,False,
unit,F,tta_angle,AUGRC,NORMALIZED_ALL_AR,AR_DOMAIN,unit|F|tta_angle|AUGRC|NORMALIZED_ALL_AR,0.026976306613145384,0.028098070165466473,0.036758886882240174,0.04633545414276303,-0.0011217635523210895,-0.009576567260522854,0.008454803708201765,0.0005619614033093294,0.0009267090828552606,-0.0019870605360147453,-0.00045081323213755,-0.01209006080245593,-0.007469834225196615,0.006439023321806681,0.010863741520579725,9.999000099990002e-05,0.3666984981335185,0.13838984137842575,0.36952900196880206,0.14850483940867723,0.026997300269973004,NONE,False,
unit,F,tta_angle,AUGRC,NORMALIZED_AR16,AR_DOMAIN,unit|F|tta_angle|AUGRC|NORMALIZED_AR16,0.026976306613145384,0.028098070165466473,0.02756775814789149,0.029094702744950948,-0.0011217635523210895,-0.0015269445970594597,0.00040518104473837024,0.0005619614033093294,0.0005818940548990189,-0.0019870605360147453,-0.00045081323213755,-0.0021916261970655704,-0.0009737414846814835,0.00013123001244167814,0.0006795419098373476,0.0040995900409959,0.3666984981335185,0.13838984137842575,0.3614615740133961,0.13964254821456853,0.5944405559444056,NONE,False,
unit,F,tta_angle,AUGRC,NORMALIZED_AR13,AR_DOMAIN,unit|F|tta_angle|AUGRC|NORMALIZED_AR13,0.026976306613145384,0.028098070165466473,0.027677984135472407,0.029850253993322563,-0.0011217635523210895,-0.0021722698578501565,0.001050506305529067,0.0005619614033093294,0.0005970050798664513,-0.0019870605360147453,-0.00045081323213755,-0.00288027828799887,-0.0015559093767594215,0.0006729551261134554,0.0014569969565920552,9.999000099990002e-05,0.3666984981335185,0.13838984137842575,0.3615521566187712,0.14033058140961596,0.026997300269973004,NONE,False,
unit,F,tta_angle,Risk@70,NO_LONGSIDE_AR21,ANGLE_EQUIVALENCE,unit|F|tta_angle|Risk@70|NO_LONGSIDE_AR21,0.053877875031088526,0.056517490933275925,0.52433958929405,0.5208987134435866,-0.002639615902187399,0.0034408758504633763,-0.006080491752650775,0.0011303498186655185,0.010486791785881,-0.004428473002819546,-0.00113247487608067,-0.005407699718125768,0.012106792348893263,-0.01511360971342487,0.00306662235283309,0.1902809719028097,0.3666984981335185,0.13838984137842575,0.3666984981335185,0.13838984137842575,1.0,PROBE_BETTER_MAIN__RAW_BETTER_ABLATION,False,
unit,F,tta_angle,Risk@70,NO_GEONORM_AR21,GEOMETRY_NORMALIZATION,unit|F|tta_angle|Risk@70|NO_GEONORM_AR21,0.053877875031088526,0.056517490933275925,0.021955323941565078,0.022945577174729673,-0.002639615902187399,-0.0009902532331645952,-0.0016493626690228039,0.0011303498186655185,0.001,-0.004428473002819546,-0.00113247487608067,-0.0016880854856165654,-0.000402647309258612,-0.0027745087468520196,-0.0005416726398234571,0.0032996700329967,0.3666984981335185,0.13838984137842575,0.3666984981335185,0.13838984137842575,0.4883511648835116,NONE,False,
unit,F,tta_angle,Risk@70,NORMALIZED_ALL_AR,AR_DOMAIN,unit|F|tta_angle|Risk@70|NORMALIZED_ALL_AR,0.053877875031088526,0.056517490933275925,0.07004571411325676,0.0890165947696256,-0.002639615902187399,-0.018970880656368844,0.016331264754181445,0.0011303498186655185,0.001780331895392512,-0.004428473002819546,-0.00113247487608067,-0.0243475946011327,-0.01467268937716994,0.012110436417553784,0.02181075901836673,9.999000099990002e-05,0.3666984981335185,0.13838984137842575,0.36952900196880206,0.14850483940867723,0.026997300269973004,NONE,False,
unit,F,tta_angle,Risk@70,NORMALIZED_AR16,AR_DOMAIN,unit|F|tta_angle|Risk@70|NORMALIZED_AR16,0.053877875031088526,0.056517490933275925,0.05507800294342282,0.058398772937982395,-0.002639615902187399,-0.0033207699945595748,0.0006811540923721757,0.0011303498186655185,0.001167975458759648,-0.004428473002819546,-0.00113247487608067,-0.004617825258949408,-0.002138163050417308,6.245332609035454e-05,0.0012927917326590653,0.027797220277972202,0.3666984981335185,0.13838984137842575,0.3614615740133961,0.13964254821456853,1.0,NONE,False,
unit,F,tta_angle,Risk@70,NORMALIZED_AR13,AR_DOMAIN,unit|F|tta_angle|Risk@70|NORMALIZED_AR13,0.053877875031088526,0.056517490933275925,0.05527217711951154,0.0598558800125993,-0.002639615902187399,-0.0045837028930877585,0.0019440869909003594,0.0011303498186655185,0.001197117600251986,-0.004428473002819546,-0.00113247487608067,-0.005995172210630597,-0.003343447320511055,0.0011791587829478914,0.0028077803602904756,9.999000099990002e-05,0.3666984981335185,0.13838984137842575,0.3615521566187712,0.14033058140961596,0.026997300269973004,NONE,False,
unit,F,tta_angle,Risk@90,NO_LONGSIDE_AR21,ANGLE_EQUIVALENCE,unit|F|tta_angle|Risk@90|NO_LONGSIDE_AR21,0.05789429919497359,0.06001456438079993,0.5315012443329522,0.5331833246716506,-0.0021202651858263435,-0.0016820803386984329,-0.00043818484712791067,0.0012002912876159988,0.010663666493433014,-0.0026687462490593704,-0.0016366506664889152,-0.005614395020712776,0.0018286192486584457,-0.003917093491275613,0.0032607984956237,0.8121187881211879,0.3666984981335185,0.13838984137842575,0.3666984981335185,0.13838984137842575,1.0,NONE,False,
unit,F,tta_angle,Risk@90,NO_GEONORM_AR21,GEOMETRY_NORMALIZATION,unit|F|tta_angle|Risk@90|NO_GEONORM_AR21,0.05789429919497359,0.06001456438079993,0.02357779628242368,0.024512304651219567,-0.0021202651858263435,-0.0009345083687958868,-0.0011857568170304568,0.0012002912876159988,0.001,-0.0026687462490593704,-0.0016366506664889152,-0.0011320763513679294,-0.0007171992417350551,-0.0015937580205428407,-0.0008900612005291898,9.999000099990002e-05,0.3666984981335185,0.13838984137842575,0.3666984981335185,0.13838984137842575,0.026997300269973004,NONE,False,
unit,F,tta_angle,Risk@90,NORMALIZED_ALL_AR,AR_DOMAIN,unit|F|tta_angle|Risk@90|NORMALIZED_ALL_AR,0.05789429919497359,0.06001456438079993,0.07224366169169555,0.08738598152264385,-0.0021202651858263435,-0.015142319830948298,0.013022054645121954,0.0012002912876159988,0.001747719630452877,-0.0026687462490593704,-0.0016366506664889152,-0.019857134666211904,-0.011628416541006183,0.009566808972835747,0.01766188383875592,9.999000099990002e-05,0.3666984981335185,0.13838984137842575,0.36952900196880206,0.14850483940867723,0.026997300269973004,NONE,False,
unit,F,tta_angle,Risk@90,NORMALIZED_AR16,AR_DOMAIN,unit|F|tta_angle|Risk@90|NORMALIZED_AR16,0.05789429919497359,0.06001456438079993,0.05926310680565189,0.0619143855261972,-0.0021202651858263435,-0.002651278720545311,0.0005310135347189673,0.0012002912876159988,0.001238287710523944,-0.0026687462490593704,-0.0016366506664889152,-0.003085282771776308,-0.0022360139719426976,0.00023315599977140995,0.0008170759627819944,0.0006999300069993001,0.3666984981335185,0.13838984137842575,0.3614615740133961,0.13964254821456853,0.11898810118988101,NONE,False,
unit,F,tta_angle,Risk@90,NORMALIZED_AR13,AR_DOMAIN,unit|F|tta_angle|Risk@90|NORMALIZED_AR13,0.05789429919497359,0.06001456438079993,0.05963038607580271,0.06319701909322711,-0.0021202651858263435,-0.003566633017424402,0.0014463678315980583,0.0012002912876159988,0.0012639403818645422,-0.0026687462490593704,-0.0016366506664889152,-0.004154254167453862,-0.003073154878818823,0.001029313215953893,0.0019352741652010328,9.999000099990002e-05,0.3666984981335185,0.13838984137842575,0.3615521566187712,0.14033058140961596,0.026997300269973004,NONE,False,
unit,F,tta_localization,AUGRC,NO_LONGSIDE_AR21,ANGLE_EQUIVALENCE,unit|F|tta_localization|AUGRC|NO_LONGSIDE_AR21,0.027317216675318994,0.028098070165466473,0.2589655324828338,0.259553800239506,-0.0007808534901474797,-0.0005882677566722005,-0.0001925857334752791,0.0005619614033093294,0.005191076004790121,-0.0014190854291402549,-0.0002947970844589648,-0.0042075053509785226,0.0030090611919894386,-0.003971258149385051,0.003589747815754141,0.9191080891910809,0.25839298938533695,0.10856552071658804,0.25839298938533695,0.10856552071658804,1.0,NONE,False,
unit,F,tta_localization,AUGRC,NO_GEONORM_AR21,GEOMETRY_NORMALIZATION,unit|F|tta_localization|AUGRC|NO_GEONORM_AR21,0.027317216675318994,0.028098070165466473,0.011026621102000131,0.01120696595908937,-0.0007808534901474797,-0.0001803448570892388,-0.0006005086330582408,0.0005619614033093294,0.0005,-0.0014190854291402549,-0.0002947970844589648,-0.00043593008253836726,2.5281886755714834e-05,-0.00100467439137133,-0.0002884173154585373,0.0018998100189981002,0.25839298938533695,0.10856552071658804,0.25839298938533695,0.10856552071658804,0.2963703629637036,NONE,False,
unit,F,tta_localization,AUGRC,NORMALIZED_ALL_AR,AR_DOMAIN,unit|F|tta_localization|AUGRC|NORMALIZED_ALL_AR,0.027317216675318994,0.028098070165466473,0.04026157712522345,0.04633545414276303,-0.0007808534901474797,-0.006073877017539579,0.0052930235273921,0.0005619614033093294,0.0009267090828552606,-0.0014190854291402549,-0.0002947970844589648,-0.007589161421865245,-0.004831728415440138,0.004174169028115521,0.006647720125548868,9.999000099990002e-05,0.25839298938533695,0.10856552071658804,0.2647910206239403,0.10900606014240515,0.026997300269973004,NONE,False,
unit,F,tta_localization,AUGRC,NORMALIZED_AR16,AR_DOMAIN,unit|F|tta_localization|AUGRC|NORMALIZED_AR16,0.027317216675318994,0.028098070165466473,0.028204851035133253,0.029094702744950948,-0.0007808534901474797,-0.0008898517098176947,0.00010899821967021509,0.0005619614033093294,0.0005818940548990189,-0.0014190854291402549,-0.0002947970844589648,-0.0013954337980251735,-0.000483178049183562,-8.623739649548864e-05,0.00029510668658541835,0.2653734626537346,0.25839298938533695,0.10856552071658804,0.25875263898662915,0.10914224153943311,1.0,NONE,False,
unit,F,tta_localization,AUGRC,NORMALIZED_AR13,AR_DOMAIN,unit|F|tta_localization|AUGRC|NORMALIZED_AR13,0.027317216675318994,0.028098070165466473,0.02857875713058043,0.029850253993322563,-0.0007808534901474797,-0.0012714968627421316,0.000490643372594652,0.0005619614033093294,0.0005970050798664513,-0.0014190854291402549,-0.0002947970844589648,-0.0018089148764148457,-0.0008221361398698893,0.00022428234296208413,0.0007750242962260788,0.0007999200079992001,0.25839298938533695,0.10856552071658804,0.2611523576059395,0.10930000475217412,0.1351864813518648,NONE,False,
unit,F,tta_localization,Risk@70,NO_LONGSIDE_AR21,ANGLE_EQUIVALENCE,unit|F|tta_localization|Risk@70|NO_LONGSIDE_AR21,0.05450941313914778,0.056517490933275925,0.5204536455036124,0.5208987134435866,-0.002008077794128142,-0.0004450679399742308,-0.0015630098541539114,0.0011303498186655185,0.010417974268871732,-0.0032838344576448467,-0.0009447009844140473,-0.006961483558437506,0.006028580170620817,-0.008658039862932811,0.005449657957879106,0.6657334266573343,0.25839298938533695,0.10856552071658804,0.25839298938533695,0.10856552071658804,1.0,NONE,False,
unit,F,tta_localization,Risk@70,NO_GEONORM_AR21,GEOMETRY_NORMALIZATION,unit|F|tta_localization|Risk@70|NO_GEONORM_AR21,0.05450941313914778,0.056517490933275925,0.02202911128775664,0.022945577174729673,-0.002008077794128142,-0.0009164658869730349,-0.0010916119071551073,0.0011303498186655185,0.001,-0.0032838344576448467,-0.0009447009844140473,-0.001415890033623603,-0.00047169898470327074,-0.0018820975986137227,-0.00042325637940082445,0.004399560043995601,0.25839298938533695,0.10856552071658804,0.25839298938533695,0.10856552071658804,0.6335366463353665,NONE,False,
unit,F,tta_localization,Risk@70,NORMALIZED_ALL_AR,AR_DOMAIN,unit|F|tta_localization|Risk@70|NORMALIZED_ALL_AR,0.05450941313914778,0.056517490933275925,0.08033250863869776,0.0890165947696256,-0.002008077794128142,-0.008684086130927846,0.006676008336799703,0.0011303498186655185,0.001780331895392512,-0.0032838344576448467,-0.0009447009844140473,-0.010879836333067938,-0.006794221174202986,0.005074357375831883,0.008590359222103926,9.999000099990002e-05,0.25839298938533695,0.10856552071658804,0.2647910206239403,0.10900606014240515,0.026997300269973004,NONE,False,
unit,F,tta_localization,Risk@70,NORMALIZED_AR16,AR_DOMAIN,unit|F|tta_localization|Risk@70|NORMALIZED_AR16,0.05450941313914778,0.056517490933275925,0.0565649964308308,0.058398772937982395,-0.002008077794128142,-0.0018337765071515938,-0.0001743012869765484,0.0011303498186655185,0.001167975458759648,-0.0032838344576448467,-0.0009447009844140473,-0.0028786780201262826,-0.0010199855769421964,-0.0006167633759944126,0.00037176042983118253,0.5336466353364664,0.25839298938533695,0.10856552071658804,0.25875263898662915,0.10914224153943311,1.0,NONE,False,
unit,F,tta_localization,Risk@70,NORMALIZED_AR13,AR_DOMAIN,unit|F|tta_localization|Risk@70|NORMALIZED_AR13,0.05450941313914778,0.056517490933275925,0.05721905682696839,0.0598558800125993,-0.002008077794128142,-0.00263682318563091,0.0006287453915027677,0.0011303498186655185,0.001197117600251986,-0.0032838344576448467,-0.0009447009844140473,-0.003788369778643245,-0.00182072100248364,0.0001182495301404631,0.0014133414178665441,0.0796920307969203,0.25839298938533695,0.10856552071658804,0.2611523576059395,0.10930000475217412,1.0,NONE,False,
unit,F,tta_localization,Risk@90,NO_LONGSIDE_AR21,ANGLE_EQUIVALENCE,unit|F|tta_localization|Risk@90|NO_LONGSIDE_AR21,0.05899060677895974,0.06001456438079993,0.5310599608702108,0.5331833246716506,-0.0010239576018401947,-0.002123363801439848,0.0010994061995996535,0.0012002912876159988,0.010663666493433014,-0.0016188078844960921,-0.0004400095680971097,-0.006879538321978775,0.002301480710980945,-0.003210974269254627,0.005654568279065187,0.6227377262273772,0.25839298938533695,0.10856552071658804,0.25839298938533695,0.10856552071658804,1.0,NONE,False,
unit,F,tta_localization,Risk@90,NO_GEONORM_AR21,GEOMETRY_NORMALIZATION,unit|F|tta_localization|Risk@90|NO_GEONORM_AR21,0.05899060677895974,0.06001456438079993,0.024118683062235753,0.024512304651219567,-0.0010239576018401947,-0.00039362158898381336,-0.0006303360128563813,0.0012002912876159988,0.001,-0.0016188078844960921,-0.0004400095680971097,-0.000551328614175873,-0.00020118744152483774,-0.001184436168172779,-0.00019264329825672045,0.015198480151984802,0.25839298938533695,0.10856552071658804,0.25839298938533695,0.10856552071658804,1.0,NONE,False,
unit,F,tta_localization,Risk@90,NORMALIZED_ALL_AR,AR_DOMAIN,unit|F|tta_localization|Risk@90|NORMALIZED_ALL_AR,0.05899060677895974,0.06001456438079993,0.08508281098811447,0.08738598152264385,-0.0010239576018401947,-0.0023031705345293724,0.0012792129326891777,0.0012002912876159988,0.001747719630452877,-0.0016188078844960921,-0.0004400095680971097,-0.003112820446065698,-0.0016087285395438402,0.0005950194300623917,0.002125850709488645,0.0018998100189981002,0.25839298938533695,0.10856552071658804,0.2647910206239403,0.10900606014240515,0.2963703629637036,NONE,False,
unit,F,tta_localization,Risk@90,NORMALIZED_AR16,AR_DOMAIN,unit|F|tta_localization|Risk@90|NORMALIZED_AR16,0.05899060677895974,0.06001456438079993,0.06096296789491328,0.0619143855261972,-0.0010239576018401947,-0.000951417631283917,-7.253997055627764e-05,0.0012002912876159988,0.001238287710523944,-0.0016188078844960921,-0.0004400095680971097,-0.0014569485354325334,-0.0005022918270960903,-0.0002912504368359258,0.0002345852984738371,0.6099390060993901,0.25839298938533695,0.10856552071658804,0.25875263898662915,0.10914224153943311,1.0,NONE,False,
unit,F,tta_localization,Risk@90,NORMALIZED_AR13,AR_DOMAIN,unit|F|tta_localization|Risk@90|NORMALIZED_AR13,0.05899060677895974,0.06001456438079993,0.06193700252881737,0.06319701909322711,-0.0010239576018401947,-0.0012600165644097439,0.00023605896256954917,0.0012002912876159988,0.0012639403818645422,-0.0016188078844960921,-0.0004400095680971097,-0.0017797065260771665,-0.0008185429009470358,-4.598916046142688e-05,0.0006500106596256406,0.20827917208279173,0.25839298938533695,0.10856552071658804,0.2611523576059395,0.10930000475217412,1.0,NONE,False,
dataset,DIOR-R,linear_source_frozen,AUGRC,NO_LONGSIDE_AR21,ANGLE_EQUIVALENCE,dataset|DIOR-R|linear_source_frozen|AUGRC|NO_LONGSIDE_AR21,0.023845962442054402,0.022350316502625475,0.28906387938808803,0.29044882276810075,0.0014956459394289273,-0.0013849433800127153,0.0028805893194416426,0.0005,0.005808976455362015,0.001305451883640124,0.001688189907835201,-0.0026734857523679476,-1.0918883978004094e-05,0.0015237112641206681,0.004181397781908355,9.999000099990002e-05,0.16745471295623604,0.07050449114382429,0.16745471295623604,0.07050449114382429,0.013498650134986502,RAW_BETTER_MAIN__PROBE_BETTER_ABLATION,False,
dataset,DIOR-R,linear_source_frozen,AUGRC,NO_GEONORM_AR21,GEOMETRY_NORMALIZATION,dataset|DIOR-R|linear_source_frozen|AUGRC|NO_GEONORM_AR21,0.023845962442054402,0.022350316502625475,0.008237454375272258,0.008412775715430787,0.0014956459394289273,-0.00017532134015852893,0.0016709672795874563,0.0005,0.0005,0.001305451883640124,0.001688189907835201,-0.0002442730130928545,-0.00011191003239811959,0.001522488874423861,0.001827774926818106,9.999000099990002e-05,0.16745471295623604,0.07050449114382429,0.16745471295623604,0.07050449114382429,0.013498650134986502,RAW_BETTER_MAIN__PROBE_BETTER_ABLATION,False,
dataset,DIOR-R,linear_source_frozen,AUGRC,NORMALIZED_ALL_AR,AR_DOMAIN,dataset|DIOR-R|linear_source_frozen|AUGRC|NORMALIZED_ALL_AR,0.023845962442054402,0.022350316502625475,0.03991507914649386,0.04978872083083669,0.0014956459394289273,-0.009873641684342835,0.011369287623771762,0.0005,0.0009957744166167338,0.001305451883640124,0.001688189907835201,-0.010911168024752607,-0.008869116043975247,0.010349963160938204,0.012421345829956893,9.999000099990002e-05,0.16745471295623604,0.07050449114382429,0.20687836858732203,0.09713699144366045,0.013498650134986502,RAW_BETTER_MAIN__PROBE_BETTER_ABLATION,True,AR_DOMAIN|NORMALIZED_ALL_AR|linear_source_frozen|AUGRC|RAW_BETTER_MAIN__PROBE_BETTER_ABLATION
dataset,DIOR-R,linear_source_frozen,AUGRC,NORMALIZED_AR16,AR_DOMAIN,dataset|DIOR-R|linear_source_frozen|AUGRC|NORMALIZED_AR16,0.023845962442054402,0.022350316502625475,0.022776609400530636,0.021460803290019006,0.0014956459394289273,0.0013158061105116303,0.000179839828917297,0.0005,0.0005,0.001305451883640124,0.001688189907835201,0.001136947596451716,0.001494723421451077,9.557605990286366e-05,0.00026866351798547324,0.00019998000199980003,0.16745471295623604,0.07050449114382429,0.15587665335402015,0.06603914205555736,0.016798320167983202,NONE,False,
dataset,DIOR-R,linear_source_frozen,AUGRC,NORMALIZED_AR13,AR_DOMAIN,dataset|DIOR-R|linear_source_frozen|AUGRC|NORMALIZED_AR13,0.023845962442054402,0.022350316502625475,0.02321843614123702,0.022472465256760343,0.0014956459394289273,0.000745970884476678,0.0007496750549522493,0.0005,0.0005,0.001305451883640124,0.001688189907835201,0.0005129553557913124,0.0009700653379558358,0.0005569429759694465,0.0009568907927161619,9.999000099990002e-05,0.16745471295623604,0.07050449114382429,0.157940225084926,0.07232493376632614,0.013498650134986502,NONE,False,
dataset,DIOR-R,linear_source_frozen,Risk@70,NO_LONGSIDE_AR21,ANGLE_EQUIVALENCE,dataset|DIOR-R|linear_source_frozen|Risk@70|NO_LONGSIDE_AR21,0.04796267896557025,0.04525649659960029,0.581789377633633,0.5848894308603142,0.002706182365969957,-0.0031000532266811653,0.0058062355926511225,0.001,0.011697788617206285,0.002042268183142645,0.003275607906377273,-0.007978659281508782,0.0015810800066335087,0.0009941902765405553,0.010725177891727906,0.020597940205979402,0.16745471295623604,0.07050449114382429,0.16745471295623604,0.07050449114382429,1.0,RAW_BETTER_MAIN__PROBE_BETTER_ABLATION,False,
dataset,DIOR-R,linear_source_frozen,Risk@70,NO_GEONORM_AR21,GEOMETRY_NORMALIZATION,dataset|DIOR-R|linear_source_frozen|Risk@70|NO_GEONORM_AR21,0.04796267896557025,0.04525649659960029,0.01662046192864559,0.017090506873802536,0.002706182365969957,-0.0004700449451569451,0.0031762273111269022,0.001,0.001,0.002042268183142645,0.003275607906377273,-0.000744975169865366,-0.00025618163264253256,0.002727810895565212,0.0035886583221013484,9.999000099990002e-05,0.16745471295623604,0.07050449114382429,0.16745471295623604,0.07050449114382429,0.013498650134986502,RAW_BETTER_MAIN__PROBE_BETTER_ABLATION,False,
dataset,DIOR-R,linear_source_frozen,Risk@70,NORMALIZED_ALL_AR,AR_DOMAIN,dataset|DIOR-R|linear_source_frozen|Risk@70|NORMALIZED_ALL_AR,0.04796267896557025,0.04525649659960029,0.07613370536849896,0.09819370945420706,0.002706182365969957,-0.0220600040857081,0.02476618645167806,0.001,0.001963874189084141,0.002042268183142645,0.003275607906377273,-0.025885693766419977,-0.018591678221983644,0.02121470298179251,0.028579195308501212,9.999000099990002e-05,0.16745471295623604,0.07050449114382429,0.20687836858732203,0.09713699144366045,0.013498650134986502,RAW_BETTER_MAIN__PROBE_BETTER_ABLATION,True,AR_DOMAIN|NORMALIZED_ALL_AR|linear_source_frozen|Risk@70|RAW_BETTER_MAIN__PROBE_BETTER_ABLATION
dataset,DIOR-R,linear_source_frozen,Risk@70,NORMALIZED_AR16,AR_DOMAIN,dataset|DIOR-R|linear_source_frozen|Risk@70|NORMALIZED_AR16,0.04796267896557025,0.04525649659960029,0.045752052333676525,0.04361690062157012,0.002706182365969957,0.0021351517121064034,0.0005710306538635537,0.001,0.001,0.002042268183142645,0.003275607906377273,0.0015397178338740574,0.0027774555244126616,0.00011171384615295717,0.0009153518760468809,0.007799220077992201,0.16745471295623604,0.07050449114382429,0.15587665335402015,0.06603914205555736,0.5459454054594541,NONE,False,
dataset,DIOR-R,linear_source_frozen,Risk@70,NORMALIZED_AR13,AR_DOMAIN,dataset|DIOR-R|linear_source_frozen|Risk@70|NORMALIZED_AR13,0.04796267896557025,0.04525649659960029,0.0463863141611216,0.04569835813031175,0.002706182365969957,0.0006879560308098512,0.002018226335160106,0.001,0.001,0.002042268183142645,0.003275607906377273,-0.00021637255482754352,0.0014259285295352483,0.0012807576527480184,0.0028193568125416766,9.999000099990002e-05,0.16745471295623604,0.07050449114382429,0.157940225084926,0.07232493376632614,0.013498650134986502,NONE,False,
dataset,DIOR-R,linear_source_frozen,Risk@90,NO_LONGSIDE_AR21,ANGLE_EQUIVALENCE,dataset|DIOR-R|linear_source_frozen|Risk@90|NO_LONGSIDE_AR21,0.05296095006296334,0.05306099606678991,0.5838428522026691,0.5841677488864746,-0.00010004600382657047,-0.00032489668380553116,0.0002248506799789607,0.0010612199213357982,0.011683354977729493,-0.0005361902280846299,0.000300995479010399,-0.002045934719910641,0.0012637720428049528,-0.001539238804108021,0.002051227535688875,0.8096190380961904,0.16745471295623604,0.07050449114382429,0.16745471295623604,0.07050449114382429,1.0,NONE,False,
dataset,DIOR-R,linear_source_frozen,Risk@90,NO_GEONORM_AR21,GEOMETRY_NORMALIZATION,dataset|DIOR-R|linear_source_frozen|Risk@90|NO_GEONORM_AR21,0.05296095006296334,0.05306099606678991,0.01877117090906305,0.019528593821756115,-0.00010004600382657047,-0.0007574229126930641,0.0006573769088664937,0.0010612199213357982,0.001,-0.0005361902280846299,0.000300995479010399,-0.0009395613094722279,-0.0005940475192189193,0.00039079988210652075,0.0009100817426098375,9.999000099990002e-05,0.16745471295623604,0.07050449114382429,0.16745471295623604,0.07050449114382429,0.013498650134986502,NONE,False,
dataset,DIOR-R,linear_source_frozen,Risk@90,NORMALIZED_ALL_AR,AR_DOMAIN,dataset|DIOR-R|linear_source_frozen|Risk@90|NORMALIZED_ALL_AR,0.05296095006296334,0.05306099606678991,0.1027280654482861,0.11759437450893713,-0.00010004600382657047,-0.014866309060651034,0.014766263056824463,0.0010612199213357982,0.0023518874901787426,-0.0005361902280846299,0.000300995479010399,-0.016423218125263272,-0.01321488150735559,0.013040557086636196,0.01637092202823603,9.999000099990002e-05,0.16745471295623604,0.07050449114382429,0.20687836858732203,0.09713699144366045,0.013498650134986502,NONE,False,
dataset,DIOR-R,linear_source_frozen,Risk@90,NORMALIZED_AR16,AR_DOMAIN,dataset|DIOR-R|linear_source_frozen|Risk@90|NORMALIZED_AR16,0.05296095006296334,0.05306099606678991,0.05140854659427776,0.05187930237467881,-0.00010004600382657047,-0.0004707557804010526,0.0003707097765744821,0.0010612199213357982,0.0010375860474935762,-0.0005361902280846299,0.000300995479010399,-0.0009127274209173959,-0.00011707921371079488,0.00012869936223226032,0.0006681958810344392,0.008799120087991202,0.16745471295623604,0.07050449114382429,0.15587665335402015,0.06603914205555736,0.6071392860713929,NONE,False,
dataset,DIOR-R,linear_source_frozen,Risk@90,NORMALIZED_AR13,AR_DOMAIN,dataset|DIOR-R|linear_source_frozen|Risk@90|NORMALIZED_AR13,0.05296095006296334,0.05306099606678991,0.053037053021363655,0.05473612912009535,-0.00010004600382657047,-0.0016990760987316972,0.0015990300949051267,0.0010612199213357982,0.001094722582401907,-0.0005361902280846299,0.000300995479010399,-0.0023340754309083647,-0.0010438693044442422,0.0009473708218421553,0.002210366426125539,9.999000099990002e-05,0.16745471295623604,0.07050449114382429,0.157940225084926,0.07232493376632614,0.013498650134986502,NONE,False,
dataset,DIOR-R,tta_angle,AUGRC,NO_LONGSIDE_AR21,ANGLE_EQUIVALENCE,dataset|DIOR-R|tta_angle|AUGRC|NO_LONGSIDE_AR21,0.021518358925301226,0.022350316502625475,0.29590611121134813,0.29044882276810075,-0.0008319575773242487,0.005457288443247388,-0.0062892460205716365,0.0005,0.005918122224226963,-0.001180997576200728,-0.0004550886863136629,0.0016314547052545122,0.00944511598569147,-0.010374655672090786,-0.002405572397796194,0.0016998300169983002,0.31967012516571464,0.1306298221448235,0.31967012516571464,0.1306298221448235,0.12408759124087591,PROBE_BETTER_MAIN__RAW_BETTER_ABLATION,False,
dataset,DIOR-R,tta_angle,AUGRC,NO_GEONORM_AR21,GEOMETRY_NORMALIZATION,dataset|DIOR-R|tta_angle|AUGRC|NO_GEONORM_AR21,0.021518358925301226,0.022350316502625475,0.008111011258072965,0.008412775715430787,-0.0008319575773242487,-0.00030176445735782126,-0.0005301931199664274,0.0005,0.0005,-0.001180997576200728,-0.0004550886863136629,-0.00043982804927770254,-0.00015159777260655757,-0.0007469662964371897,-0.0002983906805206582,9.999000099990002e-05,0.31967012516571464,0.1306298221448235,0.31967012516571464,0.1306298221448235,0.013498650134986502,NONE,False,
dataset,DIOR-R,tta_angle,AUGRC,NORMALIZED_ALL_AR,AR_DOMAIN,dataset|DIOR-R|tta_angle|AUGRC|NORMALIZED_ALL_AR,0.021518358925301226,0.022350316502625475,0.050422616753678096,0.04978872083083669,-0.0008319575773242487,0.0006338959228414029,-0.0014658535001656516,0.0005,0.001008452335073562,-0.001180997576200728,-0.0004550886863136629,-0.0010978496925713324,0.002387887191824754,-0.003222843560469056,0.00028803736326070173,0.1014898510148985,0.31967012516571464,0.1306298221448235,0.34608255401326843,0.1563901562285076,1.0,PROBE_BETTER_MAIN__RAW_BETTER_ABLATION,False,
dataset,DIOR-R,tta_angle,AUGRC,NORMALIZED_AR16,AR_DOMAIN,dataset|DIOR-R|tta_angle|AUGRC|NORMALIZED_AR16,0.021518358925301226,0.022350316502625475,0.020764619481649708,0.021460803290019006,-0.0008319575773242487,-0.0006961838083692981,-0.00013577376895495055,0.0005,0.0005,-0.001180997576200728,-0.0004550886863136629,-0.001026796834873792,-0.00033700545406603415,-0.00030497596351091415,2.7698891951177714e-05,0.11018898110188981,0.31967012516571464,0.1306298221448235,0.32059547849123593,0.1317252939000134,1.0,NONE,False,
dataset,DIOR-R,tta_angle,AUGRC,NORMALIZED_AR13,AR_DOMAIN,dataset|DIOR-R|tta_angle|AUGRC|NORMALIZED_AR13,0.021518358925301226,0.022350316502625475,0.021432773865364158,0.022472465256760343,-0.0008319575773242487,-0.0010396913913961851,0.00020773381407193647,0.0005,0.0005,-0.001180997576200728,-0.0004550886863136629,-0.0014468302134708682,-0.0006030068616872413,-0.0001316710402690404,0.0005423845825192506,0.22867713228677133,0.31967012516571464,0.1306298221448235,0.32784182315914856,0.13369566551585263,1.0,NONE,False,
dataset,DIOR-R,tta_angle,Risk@70,NO_LONGSIDE_AR21,ANGLE_EQUIVALENCE,dataset|DIOR-R|tta_angle|Risk@70|NO_LONGSIDE_AR21,0.042951500919209275,0.04525649659960029,0.5912227660585048,0.5848894308603142,-0.0023049956803910185,0.0063333351981905706,-0.008638330878581589,0.001,0.011824455321170095,-0.003150543389023527,-0.0015416600731579836,-0.0005006483834700756,0.013221891631067541,-0.015755619469435024,-0.0017932083315904577,0.014498550144985502,0.31967012516571464,0.1306298221448235,0.31967012516571464,0.1306298221448235,0.9134086591340866,PROBE_BETTER_MAIN__RAW_BETTER_ABLATION,False,
dataset,DIOR-R,tta_angle,Risk@70,NO_GEONORM_AR21,GEOMETRY_NORMALIZATION,dataset|DIOR-R|tta_angle|Risk@70|NO_GEONORM_AR21,0.042951500919209275,0.04525649659960029,0.01624903991872125,0.017090506873802536,-0.0023049956803910185,-0.0008414669550812839,-0.0014635287253097345,0.001,0.001,-0.003150543389023527,-0.0015416600731579836,-0.0011658708786496403,-0.0005420942357097261,-0.0019913719444805,-0.0009823298400970168,9.999000099990002e-05,0.31967012516571464,0.1306298221448235,0.31967012516571464,0.1306298221448235,0.013498650134986502,NONE,False,
dataset,DIOR-R,tta_angle,Risk@70,NORMALIZED_ALL_AR,AR_DOMAIN,dataset|DIOR-R|tta_angle|Risk@70|NORMALIZED_ALL_AR,0.042951500919209275,0.04525649659960029,0.09202801013236918,0.09819370945420706,-0.0023049956803910185,-0.006165699321837886,0.003860703641446868,0.001,0.001963874189084141,-0.003150543389023527,-0.0015416600731579836,-0.009764695905559704,-0.002816496144506855,0.0004023894946131497,0.007473781556776622,0.0341965803419658,0.31967012516571464,0.1306298221448235,0.34608255401326843,0.1563901562285076,1.0,NONE,False,
dataset,DIOR-R,tta_angle,Risk@70,NORMALIZED_AR16,AR_DOMAIN,dataset|DIOR-R|tta_angle|Risk@70|NORMALIZED_AR16,0.042951500919209275,0.04525649659960029,0.04116858473761617,0.04361690062157012,-0.0023049956803910185,-0.0024483158839539512,0.00014332020356293274,0.001,0.001,-0.003150543389023527,-0.0015416600731579836,-0.0031011759003423786,-0.001680298944315009,-0.0003043105033610109,0.00040391783095755586,0.47555244475552444,0.31967012516571464,0.1306298221448235,0.32059547849123593,0.1317252939000134,1.0,NONE,False,
dataset,DIOR-R,tta_angle,Risk@70,NORMALIZED_AR13,AR_DOMAIN,dataset|DIOR-R|tta_angle|Risk@70|NORMALIZED_AR13,0.042951500919209275,0.04525649659960029,0.04210512460685118,0.04569835813031175,-0.0023049956803910185,-0.003593233523460568,0.0012882378430695493,0.001,0.001,-0.003150543389023527,-0.0015416600731579836,-0.004490115343611937,-0.0027352207521386023,0.0005249742050862447,0.002065146158939501,0.0013998600139986002,0.31967012516571464,0.1306298221448235,0.32784182315914856,0.13369566551585263,0.10358964103589641,NONE,False,
dataset,DIOR-R,tta_angle,Risk@90,NO_LONGSIDE_AR21,ANGLE_EQUIVALENCE,dataset|DIOR-R|tta_angle|Risk@90|NO_LONGSIDE_AR21,0.05084999415257709,0.05306099606678991,0.5860097896836358,0.5841677488864746,-0.0022110019142128207,0.0018420407971612152,-0.004053042711374036,0.0010612199213357982,0.011720195793672717,-0.0026268872881770023,-0.0017968344624026042,-0.00019888382105700528,0.003674242648940523,-0.005967559181797917,-0.0019288710480878132,9.999000099990002e-05,0.31967012516571464,0.1306298221448235,0.31967012516571464,0.1306298221448235,0.013498650134986502,PROBE_BETTER_MAIN__RAW_BETTER_ABLATION,False,
dataset,DIOR-R,tta_angle,Risk@90,NO_GEONORM_AR21,GEOMETRY_NORMALIZATION,dataset|DIOR-R|tta_angle|Risk@90|NO_GEONORM_AR21,0.05084999415257709,0.05306099606678991,0.01891691437992375,0.019528593821756115,-0.0022110019142128207,-0.0006116794418323662,-0.0015993224723804544,0.0010612199213357982,0.001,-0.0026268872881770023,-0.0017968344624026042,-0.0007703188761094726,-0.000445315785980585,-0.0018795896683927035,-0.0013304753247440266,9.999000099990002e-05,0.31967012516571464,0.1306298221448235,0.31967012516571464,0.1306298221448235,0.013498650134986502,NONE,False,
dataset,DIOR-R,tta_angle,Risk@90,NORMALIZED_ALL_AR,AR_DOMAIN,dataset|DIOR-R|tta_angle|Risk@90|NORMALIZED_ALL_AR,0.05084999415257709,0.05306099606678991,0.09798579752939608,0.11759437450893713,-0.0022110019142128207,-0.019608576979541048,0.017397575065328227,0.0010612199213357982,0.0023518874901787426,-0.0026268872881770023,-0.0017968344624026042,-0.02095594626370086,-0.018134736097448863,0.01596754404654967,0.018723445756863043,9.999000099990002e-05,0.31967012516571464,0.1306298221448235,0.34608255401326843,0.1563901562285076,0.013498650134986502,NONE,False,
dataset,DIOR-R,tta_angle,Risk@90,NORMALIZED_AR16,AR_DOMAIN,dataset|DIOR-R|tta_angle|Risk@90|NORMALIZED_AR16,0.05084999415257709,0.05306099606678991,0.04937487353883044,0.05187930237467881,-0.0022110019142128207,-0.0025044288358483727,0.000293426921635552,0.0010612199213357982,0.0010375860474935762,-0.0026268872881770023,-0.0017968344624026042,-0.003009835717771347,-0.002082863639362366,7.59175491416981e-05,0.0005929667079590278,0.0327967203279672,0.31967012516571464,0.1306298221448235,0.32059547849123593,0.1317252939000134,1.0,NONE,False,
dataset,DIOR-R,tta_angle,Risk@90,NORMALIZED_AR13,AR_DOMAIN,dataset|DIOR-R|tta_angle|Risk@90|NORMALIZED_AR13,0.05084999415257709,0.05306099606678991,0.05038725756641644,0.05473612912009535,-0.0022110019142128207,-0.004348871553678912,0.0021378696394660918,0.0010612199213357982,0.001094722582401907,-0.0026268872881770023,-0.0017968344624026042,-0.005004923916425201,-0.0036995568066525417,0.0016260181571333865,0.0026649547016730367,9.999000099990002e-05,0.31967012516571464,0.1306298221448235,0.32784182315914856,0.13369566551585263,0.013498650134986502,NONE,False,
dataset,DIOR-R,tta_localization,AUGRC,NO_LONGSIDE_AR21,ANGLE_EQUIVALENCE,dataset|DIOR-R|tta_localization|AUGRC|NO_LONGSIDE_AR21,0.02196149889889788,0.022350316502625475,0.29288430208093685,0.29044882276810075,-0.00038881760372759533,0.0024354793128361085,-0.002824296916563704,0.0005,0.005857686041618737,-0.0005205613824483438,-0.00025635475891629285,0.0009173730743008688,0.003965968080070662,-0.004429158609254951,-0.0012512897245272438,0.0006999300069993001,0.18858680549189114,0.09696977232682796,0.18858680549189114,0.09696977232682796,0.05529447055294471,PROBE_BETTER_MAIN__RAW_BETTER_ABLATION,False,
dataset,DIOR-R,tta_localization,AUGRC,NO_GEONORM_AR21,GEOMETRY_NORMALIZATION,dataset|DIOR-R|tta_localization|AUGRC|NO_GEONORM_AR21,0.02196149889889788,0.022350316502625475,0.00825514660771092,0.008412775715430787,-0.00038881760372759533,-0.00015762910771986716,-0.00023118849600772817,0.0005,0.0005,-0.0005205613824483438,-0.00025635475891629285,-0.00020888521275777113,-0.00010671170841385433,-0.0003157306739114145,-0.00014577560401026182,9.999000099990002e-05,0.18858680549189114,0.09696977232682796,0.18858680549189114,0.09696977232682796,0.013498650134986502,NONE,False,
dataset,DIOR-R,tta_localization,AUGRC,NORMALIZED_ALL_AR,AR_DOMAIN,dataset|DIOR-R|tta_localization|AUGRC|NORMALIZED_ALL_AR,0.02196149889889788,0.022350316502625475,0.05179943789811183,0.04978872083083669,-0.00038881760372759533,0.002010717067275139,-0.0023995346710027343,0.0005,0.0010359887579622367,-0.0005205613824483438,-0.00025635475891629285,0.0009705321155410956,0.0030709059960393943,-0.003452305272506097,-0.0013756020372958388,9.999000099990002e-05,0.18858680549189114,0.09696977232682796,0.21989653081455715,0.10063380199945726,0.013498650134986502,PROBE_BETTER_MAIN__RAW_BETTER_ABLATION,False,
dataset,DIOR-R,tta_localization,AUGRC,NORMALIZED_AR16,AR_DOMAIN,dataset|DIOR-R|tta_localization|AUGRC|NORMALIZED_AR16,0.02196149889889788,0.022350316502625475,0.021073299279087854,0.021460803290019006,-0.00038881760372759533,-0.00038750401093115214,-1.3135927964431915e-06,0.0005,0.0005,-0.0005205613824483438,-0.00025635475891629285,-0.0005113960668857093,-0.000263019762408492,-5.534765509007033e-05,5.489346041277675e-05,0.9639036096390361,0.18858680549189114,0.09696977232682796,0.18786400835251207,0.0968985669027489,1.0,NONE,False,
dataset,DIOR-R,tta_localization,AUGRC,NORMALIZED_AR13,AR_DOMAIN,dataset|DIOR-R|tta_localization|AUGRC|NORMALIZED_AR13,0.02196149889889788,0.022350316502625475,0.021856604366737004,0.022472465256760343,-0.00038881760372759533,-0.0006158608900233391,0.00022704328629574375,0.0005,0.0005,-0.0005205613824483438,-0.00025635475891629285,-0.0007982060014180934,-0.0004407478079586081,8.238293710328233e-05,0.00037547236695170585,0.0021997800219978004,0.18858680549189114,0.09696977232682796,0.1968614566190886,0.09839628327558447,0.15618438156184383,NONE,False,
dataset,DIOR-R,tta_localization,Risk@70,NO_LONGSIDE_AR21,ANGLE_EQUIVALENCE,dataset|DIOR-R|tta_localization|Risk@70|NO_LONGSIDE_AR21,0.04410154736884624,0.04525649659960029,0.5880054886820218,0.5848894308603142,-0.0011549492307540501,0.0031160578217076518,-0.004271007052461702,0.001,0.011760109773640438,-0.001605367138442186,-0.0007670107758195161,-0.00015842745058987915,0.0063675219977717135,-0.007625560070149363,-0.0009283636274053267,0.0124987501249875,0.18858680549189114,0.09696977232682796,0.18858680549189114,0.09696977232682796,0.8124187581241875,PROBE_BETTER_MAIN__RAW_BETTER_ABLATION,False,
dataset,DIOR-R,tta_localization,Risk@70,NO_GEONORM_AR21,GEOMETRY_NORMALIZATION,dataset|DIOR-R|tta_localization|Risk@70|NO_GEONORM_AR21,0.04410154736884624,0.04525649659960029,0.01661296767243152,0.017090506873802536,-0.0011549492307540501,-0.00047753920137101613,-0.000677410029383034,0.001,0.001,-0.001605367138442186,-0.0007670107758195161,-0.0006471159795146793,-0.00033813598651299525,-0.0009667930939861163,-0.0004148343442801598,9.999000099990002e-05,0.18858680549189114,0.09696977232682796,0.18858680549189114,0.09696977232682796,0.013498650134986502,NONE,False,
dataset,DIOR-R,tta_localization,Risk@70,NORMALIZED_ALL_AR,AR_DOMAIN,dataset|DIOR-R|tta_localization|Risk@70|NORMALIZED_ALL_AR,0.04410154736884624,0.04525649659960029,0.10331986913772645,0.09819370945420706,-0.0011549492307540501,0.005126159683519385,-0.006281108914273435,0.001,0.0020663973827545292,-0.001605367138442186,-0.0007670107758195161,0.0025147923232159445,0.007435942919939546,-0.008594652118587578,-0.0037019319211109665,9.999000099990002e-05,0.18858680549189114,0.09696977232682796,0.21989653081455715,0.10063380199945726,0.013498650134986502,PROBE_BETTER_MAIN__RAW_BETTER_ABLATION,False,
dataset,DIOR-R,tta_localization,Risk@70,NORMALIZED_AR16,AR_DOMAIN,dataset|DIOR-R|tta_localization|Risk@70|NORMALIZED_AR16,0.04410154736884624,0.04525649659960029,0.042328363747010884,0.04361690062157012,-0.0011549492307540501,-0.0012885368745592374,0.00013358764380518723,0.001,0.001,-0.001605367138442186,-0.0007670107758195161,-0.0016591760405111039,-0.0008394894975849486,-0.0001912663777323343,0.000326147556926544,0.39216078392160786,0.18858680549189114,0.09696977232682796,0.18786400835251207,0.0968985669027489,1.0,NONE,False,
dataset,DIOR-R,tta_localization,Risk@70,NORMALIZED_AR13,AR_DOMAIN,dataset|DIOR-R|tta_localization|Risk@70|NORMALIZED_AR13,0.04410154736884624,0.04525649659960029,0.04388965698616221,0.04569835813031175,-0.0011549492307540501,-0.0018087011441495424,0.0006537519133954922,0.001,0.001,-0.001605367138442186,-0.0007670107758195161,-0.0024506005932747456,-0.0012720069170408933,0.00013959497852422987,0.0012224395562181534,0.017798220177982202,0.18858680549189114,0.09696977232682796,0.1968614566190886,0.09839628327558447,1.0,NONE,False,
dataset,DIOR-R,tta_localization,Risk@90,NO_LONGSIDE_AR21,ANGLE_EQUIVALENCE,dataset|DIOR-R|tta_localization|Risk@90|NO_LONGSIDE_AR21,0.05255631630946719,0.05306099606678991,0.585538809340903,0.5841677488864746,-0.0005046797573227263,0.0013710604544283633,-0.0018757402117510896,0.0010612199213357982,0.01171077618681806,-0.0010109078954026326,-7.297137686905962e-05,-0.0005252102193476937,0.003156972001867342,-0.0037676374983931947,4.347207313649984e-05,0.05319468053194681,0.18858680549189114,0.09696977232682796,0.18858680549189114,0.09696977232682796,1.0,PROBE_BETTER_MAIN__RAW_BETTER_ABLATION,False,
dataset,DIOR-R,tta_localization,Risk@90,NO_GEONORM_AR21,GEOMETRY_NORMALIZATION,dataset|DIOR-R|tta_localization|Risk@90|NO_GEONORM_AR21,0.05255631630946719,0.05306099606678991,0.01939644949264945,0.019528593821756115,-0.0005046797573227263,-0.00013214432910666624,-0.00037253542821606006,0.0010612199213357982,0.001,-0.0010109078954026326,-7.297137686905962e-05,-0.0003317881375916848,3.208925283933284e-05,-0.0006997821003610822,-8.24478102123943e-05,0.0174982501749825,0.18858680549189114,0.09696977232682796,0.18858680549189114,0.09696977232682796,1.0,NONE,False,
dataset,DIOR-R,tta_localization,Risk@90,NORMALIZED_ALL_AR,AR_DOMAIN,dataset|DIOR-R|tta_localization|Risk@90|NORMALIZED_ALL_AR,0.05255631630946719,0.05306099606678991,0.11668967949745777,0.11759437450893713,-0.0005046797573227263,-0.0009046950114793562,0.00040001525415662986,0.0010612199213357982,0.0023518874901787426,-0.0010109078954026326,-7.297137686905962e-05,-0.0018697272085104277,3.542150525730446e-05,-0.000516477845326725,0.001266514041669315,0.37976202379762025,0.18858680549189114,0.09696977232682796,0.21989653081455715,0.10063380199945726,1.0,NONE,False,
dataset,DIOR-R,tta_localization,Risk@90,NORMALIZED_AR16,AR_DOMAIN,dataset|DIOR-R|tta_localization|Risk@90|NORMALIZED_AR16,0.05255631630946719,0.05306099606678991,0.0512394589947889,0.05187930237467881,-0.0005046797573227263,-0.0006398433798899122,0.00013516362256718595,0.0010612199213357982,0.0010375860474935762,-0.0010109078954026326,-7.297137686905962e-05,-0.0011376358744666375,-0.00018187572131700942,-0.0001097054212377338,0.0003502032360169467,0.25077492250774924,0.18858680549189114,0.09696977232682796,0.18786400835251207,0.0968985669027489,1.0,NONE,False,
dataset,DIOR-R,tta_localization,Risk@90,NORMALIZED_AR13,AR_DOMAIN,dataset|DIOR-R|tta_localization|Risk@90|NORMALIZED_AR13,0.05255631630946719,0.05306099606678991,0.05367855562326693,0.05473612912009535,-0.0005046797573227263,-0.0010575734968284248,0.0005528937395056985,0.0010612199213357982,0.001094722582401907,-0.0010109078954026326,-7.297137686905962e-05,-0.0015255927516123742,-0.0005318460423564367,0.0001681484013845368,0.0008021211747686257,0.0011998800119988001,0.18858680549189114,0.09696977232682796,0.1968614566190886,0.09839628327558447,0.08999100089991001,NONE,False,
dataset,FAIR1M,linear_source_frozen,AUGRC,NO_LONGSIDE_AR21,ANGLE_EQUIVALENCE,dataset|FAIR1M|linear_source_frozen|AUGRC|NO_LONGSIDE_AR21,0.03231278079845012,0.03193682148765096,0.3025724631738311,0.30528269475196745,0.00037595931079915934,-0.0027102315781363795,0.003086190888935539,0.0006462556159690024,0.006105653895039349,7.220081410343021e-05,0.0006946701457949957,-0.006409812708370245,0.001072316793462792,-0.0007617094657728988,0.006822935732081762,0.1070892910708929,0.21109516169889386,0.08331574132714095,0.21109516169889386,0.08331574132714095,1.0,RAW_BETTER_MAIN__PROBE_BETTER_ABLATION,False,
dataset,FAIR1M,linear_source_frozen,AUGRC,NO_GEONORM_AR21,GEOMETRY_NORMALIZATION,dataset|FAIR1M|linear_source_frozen|AUGRC|NO_GEONORM_AR21,0.03231278079845012,0.03193682148765096,0.01191724805415863,0.012717973854876592,0.00037595931079915934,-0.0008007258007179611,0.0011766851115171204,0.0006462556159690024,0.0005,7.220081410343021e-05,0.0006946701457949957,-0.0009235889263164024,-0.0006877909048685556,0.0009146637364140031,0.0014604827072159396,9.999000099990002e-05,0.21109516169889386,0.08331574132714095,0.21109516169889386,0.08331574132714095,0.013498650134986502,RAW_BETTER_MAIN__PROBE_BETTER_ABLATION,False,
dataset,FAIR1M,linear_source_frozen,AUGRC,NORMALIZED_ALL_AR,AR_DOMAIN,dataset|FAIR1M|linear_source_frozen|AUGRC|NORMALIZED_ALL_AR,0.03231278079845012,0.03193682148765096,0.04859832467756975,0.045576693865798934,0.00037595931079915934,0.0030216308117708146,-0.0026456715009716553,0.0006462556159690024,0.000971966493551395,7.220081410343021e-05,0.0006946701457949957,0.0023979373956702003,0.003693562176777565,-0.0032911159202878423,-0.0020316240293339225,9.999000099990002e-05,0.21109516169889386,0.08331574132714095,0.1829389540664148,0.07235438884331419,0.013498650134986502,NONE,False,
dataset,FAIR1M,linear_source_frozen,AUGRC,NORMALIZED_AR16,AR_DOMAIN,dataset|FAIR1M|linear_source_frozen|AUGRC|NORMALIZED_AR16,0.03231278079845012,0.03193682148765096,0.030507755603502162,0.029903368399506303,0.00037595931079915934,0.0006043872039958598,-0.00022842789319670043,0.0006462556159690024,0.0006101551120700433,7.220081410343021e-05,0.0006946701457949957,0.0003403881738117227,0.0008891235806874067,-0.0004037877905276024,-6.15655580431596e-05,0.010498950104989501,0.21109516169889386,0.08331574132714095,0.1859550896420275,0.072743380253962,0.7139286071392861,NONE,False,
dataset,FAIR1M,linear_source_frozen,AUGRC,NORMALIZED_AR13,AR_DOMAIN,dataset|FAIR1M|linear_source_frozen|AUGRC|NORMALIZED_AR13,0.03231278079845012,0.03193682148765096,0.030921162064849697,0.030159679106859683,0.00037595931079915934,0.0007614829579900145,-0.0003855236471908552,0.0006462556159690024,0.000618423241296994,7.220081410343021e-05,0.0006946701457949957,0.0004692957777233976,0.0010698134747776675,-0.0006125511827019341,-0.00017212197206755182,0.000999900009999,0.21109516169889386,0.08331574132714095,0.18365618117128818,0.07154183378416193,0.076992300769923,NONE,False,
dataset,FAIR1M,linear_source_frozen,Risk@70,NO_LONGSIDE_AR21,ANGLE_EQUIVALENCE,dataset|FAIR1M|linear_source_frozen|Risk@70|NO_LONGSIDE_AR21,0.06452054969996383,0.06394912364531259,0.6056069952435186,0.6107103662691767,0.0005714260546512417,-0.0051033710256581655,0.005674797080309407,0.0012904109939992766,0.012214207325383536,-0.00016424407070878447,0.0012764524973003062,-0.012283637821770202,0.0018630648756829537,-0.0013210189959341283,0.012891891974101326,0.12198780121987801,0.21109516169889386,0.08331574132714095,0.21109516169889386,0.08331574132714095,1.0,RAW_BETTER_MAIN__PROBE_BETTER_ABLATION,False,
dataset,FAIR1M,linear_source_frozen,Risk@70,NO_GEONORM_AR21,GEOMETRY_NORMALIZATION,dataset|FAIR1M|linear_source_frozen|Risk@70|NO_GEONORM_AR21,0.06452054969996383,0.06394912364531259,0.02436499448505744,0.025643195853388433,0.0005714260546512417,-0.0012782013683309938,0.0018496274229822356,0.0012904109939992766,0.001,-0.00016424407070878447,0.0012764524973003062,-0.0015735770817168837,-0.000992254732884627,0.0012946177764854903,0.0023924271009615797,9.999000099990002e-05,0.21109516169889386,0.08331574132714095,0.21109516169889386,0.08331574132714095,0.013498650134986502,RAW_BETTER_MAIN__PROBE_BETTER_ABLATION,False,
dataset,FAIR1M,linear_source_frozen,Risk@70,NORMALIZED_ALL_AR,AR_DOMAIN,dataset|FAIR1M|linear_source_frozen|Risk@70|NORMALIZED_ALL_AR,0.06452054969996383,0.06394912364531259,0.0895900136218706,0.08591842200033531,0.0005714260546512417,0.0036715916215352973,-0.0031001655668840555,0.0012904109939992766,0.0017918002724374121,-0.00016424407070878447,0.0012764524973003062,0.0026007117300441114,0.004801851079757792,-0.004205580730744957,-0.00209785031011745,9.999000099990002e-05,0.21109516169889386,0.08331574132714095,0.1829389540664148,0.07235438884331419,0.013498650134986502,NONE,False,
dataset,FAIR1M,linear_source_frozen,Risk@70,NORMALIZED_AR16,AR_DOMAIN,dataset|FAIR1M|linear_source_frozen|Risk@70|NORMALIZED_AR16,0.06452054969996383,0.06394912364531259,0.06064156574200602,0.059840180444011626,0.0005714260546512417,0.0008013852979943947,-0.00022995924334315299,0.0012904109939992766,0.0012128313148401205,-0.00016424407070878447,0.0012764524973003062,0.000147312829450136,0.0013904234644640792,-0.0006882376641394265,0.00026408258994154067,0.3484651534846515,0.21109516169889386,0.08331574132714095,0.1859550896420275,0.072743380253962,1.0,NONE,False,
dataset,FAIR1M,linear_source_frozen,Risk@70,NORMALIZED_AR13,AR_DOMAIN,dataset|FAIR1M|linear_source_frozen|Risk@70|NORMALIZED_AR13,0.06452054969996383,0.06394912364531259,0.06108819430892635,0.06011757261248992,0.0005714260546512417,0.0009706216964364273,-0.0003991956417851855,0.0012904109939992766,0.0012217638861785269,-0.00016424407070878447,0.0012764524973003062,0.00033152158734267145,0.0016186349799149765,-0.0009432645181016766,9.581394434597104e-05,0.1321867813218678,0.21109516169889386,0.08331574132714095,0.18365618117128818,0.07154183378416193,1.0,NONE,False,
dataset,FAIR1M,linear_source_frozen,Risk@90,NO_LONGSIDE_AR21,ANGLE_EQUIVALENCE,dataset|FAIR1M|linear_source_frozen|Risk@90|NO_LONGSIDE_AR21,0.06544836590112074,0.06494086007175166,0.6054747281972241,0.6074121499307495,0.0005075058293690787,-0.0019374217335254018,0.0024449275628944805,0.001308967318022415,0.012148242998614991,0.00011060156699228691,0.0008269006119893527,-0.005435465405091849,0.001227688937616125,-0.0008323231554505306,0.0059428460317731266,0.1581841815818418,0.21109516169889386,0.08331574132714095,0.21109516169889386,0.08331574132714095,1.0,RAW_BETTER_MAIN__PROBE_BETTER_ABLATION,False,
dataset,FAIR1M,linear_source_frozen,Risk@90,NO_GEONORM_AR21,GEOMETRY_NORMALIZATION,dataset|FAIR1M|linear_source_frozen|Risk@90|NO_GEONORM_AR21,0.06544836590112074,0.06494086007175166,0.025250964146385415,0.025628196885986863,0.0005075058293690787,-0.0003772327396014477,0.0008847385689705264,0.001308967318022415,0.001,0.00011060156699228691,0.0008269006119893527,-0.0005269779497742951,-0.000264948374478591,0.0006017577988157914,0.0011245156835426166,9.999000099990002e-05,0.21109516169889386,0.08331574132714095,0.21109516169889386,0.08331574132714095,0.013498650134986502,RAW_BETTER_MAIN__PROBE_BETTER_ABLATION,False,
dataset,FAIR1M,linear_source_frozen,Risk@90,NORMALIZED_ALL_AR,AR_DOMAIN,dataset|FAIR1M|linear_source_frozen|Risk@90|NORMALIZED_ALL_AR,0.06544836590112074,0.06494086007175166,0.0840495640205032,0.08302716791874716,0.0005075058293690787,0.001022396101756043,-0.0005148902723869642,0.001308967318022415,0.001680991280410064,0.00011060156699228691,0.0008269006119893527,0.0005597192669970545,0.0015431323424811977,-0.0010658874279689523,-0.00010510550499605838,0.042195780421957804,0.21109516169889386,0.08331574132714095,0.1829389540664148,0.07235438884331419,1.0,NONE,False,
dataset,FAIR1M,linear_source_frozen,Risk@90,NORMALIZED_AR16,AR_DOMAIN,dataset|FAIR1M|linear_source_frozen|Risk@90|NORMALIZED_AR16,0.06544836590112074,0.06494086007175166,0.06180846066074478,0.06143218711136381,0.0005075058293690787,0.0003762735493809677,0.00013123227998811104,0.001308967318022415,0.0012361692132148957,0.00011060156699228691,0.0008269006119893527,5.0088581740619976e-05,0.0006935139767617423,-0.00016847047816282467,0.00034056064692677425,0.32666733326667335,0.21109516169889386,0.08331574132714095,0.1859550896420275,0.072743380253962,1.0,NONE,False,
dataset,FAIR1M,linear_source_frozen,Risk@90,NORMALIZED_AR13,AR_DOMAIN,dataset|FAIR1M|linear_source_frozen|Risk@90|NORMALIZED_AR13,0.06544836590112074,0.06494086007175166,0.06209167435232876,0.06163107347568379,0.0005075058293690787,0.0004606008766449704,4.690495272410833e-05,0.001308967318022415,0.0012418334870465753,0.00011060156699228691,0.0008269006119893527,0.00011413901467825384,0.0008190368513042057,-0.00030225613060139346,0.00030126816347030217,0.7634236576342366,0.21109516169889386,0.08331574132714095,0.18365618117128818,0.07154183378416193,1.0,NONE,False,
dataset,FAIR1M,tta_angle,AUGRC,NO_LONGSIDE_AR21,ANGLE_EQUIVALENCE,dataset|FAIR1M|tta_angle|AUGRC|NO_LONGSIDE_AR21,0.028784731399507622,0.03193682148765096,0.3107405381407825,0.30528269475196745,-0.003152090088143336,0.0054578433888150535,-0.00860993347695839,0.0006387364297530192,0.00621481076281565,-0.003714117040332976,-0.0026216190897015044,0.0014012297975772902,0.00954587790786885,-0.012757174326869588,-0.004406688875689112,0.00019998000199980003,0.42307406029028655,0.16158207343412526,0.42307406029028655,0.16158207343412526,0.016798320167983202,PROBE_BETTER_MAIN__RAW_BETTER_ABLATION,False,
dataset,FAIR1M,tta_angle,AUGRC,NO_GEONORM_AR21,GEOMETRY_NORMALIZATION,dataset|FAIR1M|tta_angle|AUGRC|NO_GEONORM_AR21,0.028784731399507622,0.03193682148765096,0.011345659109538907,0.012717973854876592,-0.003152090088143336,-0.0013723147453376851,-0.001779775342805651,0.0006387364297530192,0.0005,-0.003714117040332976,-0.0026216190897015044,-0.001618256504874096,-0.0011438209267135221,-0.0021324028782871377,-0.0014485278351480846,9.999000099990002e-05,0.42307406029028655,0.16158207343412526,0.42307406029028655,0.16158207343412526,0.013498650134986502,NONE,False,
dataset,FAIR1M,tta_angle,AUGRC,NORMALIZED_ALL_AR,AR_DOMAIN,dataset|FAIR1M|tta_angle|AUGRC|NORMALIZED_ALL_AR,0.028784731399507622,0.03193682148765096,0.03464569569639537,0.045576693865798934,-0.003152090088143336,-0.010930998169403565,0.007778908081260229,0.0006387364297530192,0.0009115338773159787,-0.003714117040332976,-0.0026216190897015044,-0.012442240207814943,-0.009539611196430122,0.006423875490461458,0.009294072568987921,9.999000099990002e-05,0.42307406029028655,0.16158207343412526,0.41704560218266856,0.16464891041162227,0.013498650134986502,NONE,False,
dataset,FAIR1M,tta_angle,AUGRC,NORMALIZED_AR16,AR_DOMAIN,dataset|FAIR1M|tta_angle|AUGRC|NORMALIZED_AR16,0.028784731399507622,0.03193682148765096,0.026607497806093085,0.029903368399506303,-0.003152090088143336,-0.0032958705934132172,0.0001437805052698811,0.0006387364297530192,0.0005980673679901261,-0.003714117040332976,-0.0026216190897015044,-0.0037561904865095544,-0.002853673809127764,-0.0001233048656292167,0.0004307979137890501,0.30696930306969306,0.42307406029028655,0.16158207343412526,0.4215599896346204,0.16202769302980521,1.0,NONE,False,
dataset,FAIR1M,tta_angle,AUGRC,NORMALIZED_AR13,AR_DOMAIN,dataset|FAIR1M|tta_angle|AUGRC|NORMALIZED_AR13,0.028784731399507622,0.03193682148765096,0.026456805562733186,0.030159679106859683,-0.003152090088143336,-0.0037028735441264962,0.0005507834559831601,0.0006387364297530192,0.0006031935821371936,-0.003714117040332976,-0.0026216190897015044,-0.004243006248448331,-0.003174017869611532,0.0001615043036056721,0.0009760447254039036,0.0105989401059894,0.42307406029028655,0.16158207343412526,0.4206442742093891,0.1618954480796586,0.7139286071392861,NONE,False,
dataset,FAIR1M,tta_angle,Risk@70,NO_LONGSIDE_AR21,ANGLE_EQUIVALENCE,dataset|FAIR1M|tta_angle|Risk@70|NO_LONGSIDE_AR21,0.058635755882903845,0.06394912364531259,0.613633901295276,0.6107103662691767,-0.005313367762408747,0.002923535026099211,-0.008236902788507958,0.0012789824729062518,0.01227267802590552,-0.0064207179558388745,-0.00435433723728068,-0.005429315696601875,0.01135820174950148,-0.016764012666275266,0.000188765694982675,0.056194380561943806,0.42307406029028655,0.16158207343412526,0.42307406029028655,0.16158207343412526,1.0,PROBE_BETTER_MAIN__RAW_BETTER_ABLATION,False,
dataset,FAIR1M,tta_angle,Risk@70,NO_GEONORM_AR21,GEOMETRY_NORMALIZATION,dataset|FAIR1M|tta_angle|Risk@70|NO_GEONORM_AR21,0.058635755882903845,0.06394912364531259,0.02319129633008367,0.025643195853388433,-0.005313367762408747,-0.0024518995233047645,-0.002861468239103982,0.0012789824729062518,0.001,-0.0064207179558388745,-0.00435433723728068,-0.0029222846030074498,-0.0020376138855198885,-0.0035559558844718807,-0.00225061534025479,9.999000099990002e-05,0.42307406029028655,0.16158207343412526,0.42307406029028655,0.16158207343412526,0.013498650134986502,NONE,False,
dataset,FAIR1M,tta_angle,Risk@70,NORMALIZED_ALL_AR,AR_DOMAIN,dataset|FAIR1M|tta_angle|Risk@70|NORMALIZED_ALL_AR,0.058635755882903845,0.06394912364531259,0.07053170936147382,0.08591842200033531,-0.005313367762408747,-0.015386712638861488,0.010073344876452742,0.0012789824729062518,0.0017183684400067063,-0.0064207179558388745,-0.00435433723728068,-0.01778789514524334,-0.013213914848025459,0.007875762643291304,0.012411360729638221,9.999000099990002e-05,0.42307406029028655,0.16158207343412526,0.41704560218266856,0.16464891041162227,0.013498650134986502,NONE,False,
dataset,FAIR1M,tta_angle,Risk@70,NORMALIZED_AR16,AR_DOMAIN,dataset|FAIR1M|tta_angle|Risk@70|NORMALIZED_AR16,0.058635755882903845,0.06394912364531259,0.054264653592287444,0.059840180444011626,-0.005313367762408747,-0.0055755268517241816,0.0002621590893154349,0.0012789824729062518,0.0011968036088802324,-0.0064207179558388745,-0.00435433723728068,-0.006421378881830022,-0.004712531148676713,-0.0004725049588431519,0.000886415439030338,0.46015398460153983,0.42307406029028655,0.16158207343412526,0.4215599896346204,0.16202769302980521,1.0,NONE,False,
dataset,FAIR1M,tta_angle,Risk@70,NORMALIZED_AR13,AR_DOMAIN,dataset|FAIR1M|tta_angle|Risk@70|NORMALIZED_AR13,0.058635755882903845,0.06394912364531259,0.05385356941987859,0.06011757261248992,-0.005313367762408747,-0.006264003192611334,0.0009506354302025871,0.0012789824729062518,0.0012023514522497985,-0.0064207179558388745,-0.00435433723728068,-0.007213643233382368,-0.005232026282287382,1.770755006056425e-05,0.0017528193341777411,0.033896610338966106,0.42307406029028655,0.16158207343412526,0.4206442742093891,0.1618954480796586,1.0,NONE,False,
dataset,FAIR1M,tta_angle,Risk@90,NO_LONGSIDE_AR21,ANGLE_EQUIVALENCE,dataset|FAIR1M|tta_angle|Risk@90|NO_LONGSIDE_AR21,0.06254666340141625,0.06494086007175166,0.6041819495918839,0.6074121499307495,-0.0023941966703354134,-0.003230200338865674,0.0008360036685302608,0.0012988172014350332,0.012148242998614991,-0.0030593842877256958,-0.0018044535986483365,-0.007516913374408268,0.0006217960658644128,-0.0029852019258569374,0.0050541393842871984,0.684031596840316,0.42307406029028655,0.16158207343412526,0.42307406029028655,0.16158207343412526,1.0,NONE,False,
dataset,FAIR1M,tta_angle,Risk@90,NO_GEONORM_AR21,GEOMETRY_NORMALIZATION,dataset|FAIR1M|tta_angle|Risk@90|NO_GEONORM_AR21,0.06254666340141625,0.06494086007175166,0.024510626569311997,0.025628196885986863,-0.0023941966703354134,-0.0011175703166748652,-0.0012766263536605482,0.0012988172014350332,0.001,-0.0030593842877256958,-0.0018044535986483365,-0.0014100745694177368,-0.0008755103309436597,-0.0017078608336544045,-0.0008870900018685555,9.999000099990002e-05,0.42307406029028655,0.16158207343412526,0.42307406029028655,0.16158207343412526,0.013498650134986502,NONE,False,
dataset,FAIR1M,tta_angle,Risk@90,NORMALIZED_ALL_AR,AR_DOMAIN,dataset|FAIR1M|tta_angle|Risk@90|NORMALIZED_ALL_AR,0.06254666340141625,0.06494086007175166,0.07224788158435587,0.08302716791874716,-0.0023941966703354134,-0.010779286334391291,0.008385089664055878,0.0012988172014350332,0.0016605433583749432,-0.0030593842877256958,-0.0018044535986483365,-0.01244859498143855,-0.00920976644104964,0.006815997231097577,0.010042597334888534,9.999000099990002e-05,0.42307406029028655,0.16158207343412526,0.41704560218266856,0.16464891041162227,0.013498650134986502,NONE,False,
dataset,FAIR1M,tta_angle,Risk@90,NORMALIZED_AR16,AR_DOMAIN,dataset|FAIR1M|tta_angle|Risk@90|NORMALIZED_AR16,0.06254666340141625,0.06494086007175166,0.058574833500682086,0.06143218711136381,-0.0023941966703354134,-0.0028573536106817274,0.000463156940346314,0.0012988172014350332,0.0012286437422272764,-0.0030593842877256958,-0.0018044535986483365,-0.003471120290855313,-0.00233080699185533,5.659956811533418e-05,0.0008988779311482757,0.0321967803219678,0.42307406029028655,0.16158207343412526,0.4215599896346204,0.16202769302980521,1.0,NONE,False,
dataset,FAIR1M,tta_angle,Risk@90,NORMALIZED_AR13,AR_DOMAIN,dataset|FAIR1M|tta_angle|Risk@90|NORMALIZED_AR13,0.06254666340141625,0.06494086007175166,0.05830113813971491,0.06163107347568379,-0.0023941966703354134,-0.003329935335968884,0.0009357386656334704,0.0012988172014350332,0.001232621469513676,-0.0030593842877256958,-0.0018044535986483365,-0.00400399938483784,-0.00265602154872937,0.00033503781618616883,0.0014873440428460644,0.001999800019998,0.42307406029028655,0.16158207343412526,0.4206442742093891,0.1618954480796586,0.143985601439856,NONE,False,
dataset,FAIR1M,tta_localization,AUGRC,NO_LONGSIDE_AR21,ANGLE_EQUIVALENCE,dataset|FAIR1M|tta_localization|AUGRC|NO_LONGSIDE_AR21,0.03143755462514973,0.03193682148765096,0.3045628419964206,0.30528269475196745,-0.0004992668625012284,-0.0007198527555468681,0.00022058589304563975,0.0006387364297530192,0.006105653895039349,-0.001041280648819233,-1.5769389541073874e-05,-0.004720407305364235,0.0033871740980941124,-0.00381619708505408,0.004152107993086339,0.913008699130087,0.39085523317636334,0.1446767931339827,0.39085523317636334,0.1446767931339827,1.0,NONE,False,
dataset,FAIR1M,tta_localization,AUGRC,NO_GEONORM_AR21,GEOMETRY_NORMALIZATION,dataset|FAIR1M|tta_localization|AUGRC|NO_GEONORM_AR21,0.03143755462514973,0.03193682148765096,0.012169346550244752,0.012717973854876592,-0.0004992668625012284,-0.00054862730463184,4.9360442130611665e-05,0.0006387364297530192,0.0005,-0.001041280648819233,-1.5769389541073874e-05,-0.0007617558871881116,-0.00035458165734814307,-0.0002934155727099053,0.0003606282782246768,0.7761223877612239,0.39085523317636334,0.1446767931339827,0.39085523317636334,0.1446767931339827,1.0,NONE,False,
dataset,FAIR1M,tta_localization,AUGRC,NORMALIZED_ALL_AR,AR_DOMAIN,dataset|FAIR1M|tta_localization|AUGRC|NORMALIZED_ALL_AR,0.03143755462514973,0.03193682148765096,0.04558954692641886,0.045576693865798934,-0.0004992668625012284,1.2853060619925916e-05,-0.0005121199231211543,0.0006387364297530192,0.0009117909385283772,-0.001041280648819233,-1.5769389541073874e-05,-0.0007542967531972552,0.0007903862749650837,-0.0012641249952189408,0.00027119906268064476,0.18858114188581143,0.39085523317636334,0.1446767931339827,0.37690941385435167,0.14355125419711634,1.0,PROBE_BETTER_MAIN__RAW_BETTER_ABLATION,False,
dataset,FAIR1M,tta_localization,AUGRC,NORMALIZED_AR16,AR_DOMAIN,dataset|FAIR1M|tta_localization|AUGRC|NORMALIZED_AR16,0.03143755462514973,0.03193682148765096,0.029440011921404656,0.029903368399506303,-0.0004992668625012284,-0.00046335647810164665,-3.591038439958172e-05,0.0006387364297530192,0.0005980673679901261,-0.001041280648819233,-1.5769389541073874e-05,-0.0009300923710153556,-3.950123091100005e-05,-0.00028274854398281115,0.0002166651400863211,0.778022197780222,0.39085523317636334,0.1446767931339827,0.3920595533498759,0.1445223654283548,1.0,NONE,False,
dataset,FAIR1M,tta_localization,AUGRC,NORMALIZED_AR13,AR_DOMAIN,dataset|FAIR1M|tta_localization|AUGRC|NORMALIZED_AR13,0.03143755462514973,0.03193682148765096,0.02957970846789489,0.030159679106859683,-0.0004992668625012284,-0.0005799706389647934,8.0703776463565e-05,0.0006387364297530192,0.0006031935821371936,-0.001041280648819233,-1.5769389541073874e-05,-0.001041165042745632,-0.0001487978893113731,-0.00020220153829660783,0.00037607063865299604,0.581041895810419,0.39085523317636334,0.1446767931339827,0.39109554777388694,0.1440754039497307,1.0,NONE,False,
dataset,FAIR1M,tta_localization,Risk@70,NO_LONGSIDE_AR21,ANGLE_EQUIVALENCE,dataset|FAIR1M|tta_localization|Risk@70|NO_LONGSIDE_AR21,0.06354016761628585,0.06394912364531259,0.6079056726306974,0.6107103662691767,-0.00040895602902674133,-0.0028046936384793497,0.0023957376094526084,0.0012789824729062518,0.012214207325383536,-0.001514496171355875,0.0006346217006387715,-0.011689384902430194,0.005324720545945699,-0.005729947129073508,0.011154579040206426,0.5758424157584242,0.39085523317636334,0.1446767931339827,0.39085523317636334,0.1446767931339827,1.0,NONE,False,
dataset,FAIR1M,tta_localization,Risk@70,NO_GEONORM_AR21,GEOMETRY_NORMALIZATION,dataset|FAIR1M|tta_localization|Risk@70|NO_GEONORM_AR21,0.06354016761628585,0.06394912364531259,0.02479113296001769,0.025643195853388433,-0.00040895602902674133,-0.0008520628933707426,0.0004431068643440013,0.0012789824729062518,0.001,-0.001514496171355875,0.0006346217006387715,-0.0012609847294795568,-0.0004387236706710639,-0.00028404018624981033,0.0011387962999259936,0.22107789221077892,0.39085523317636334,0.1446767931339827,0.39085523317636334,0.1446767931339827,1.0,NONE,False,
dataset,FAIR1M,tta_localization,Risk@70,NORMALIZED_ALL_AR,AR_DOMAIN,dataset|FAIR1M|tta_localization|Risk@70|NORMALIZED_ALL_AR,0.06354016761628585,0.06394912364531259,0.08686570464909513,0.08591842200033531,-0.00040895602902674133,0.0009472826487598174,-0.0013562386777865587,0.0012789824729062518,0.0017373140929819026,-0.001514496171355875,0.0006346217006387715,-0.00032884303421644234,0.0022182485069914795,-0.002534733343056317,-0.00013175249378202493,0.025697430256974303,0.39085523317636334,0.1446767931339827,0.37690941385435167,0.14355125419711634,1.0,PROBE_BETTER_MAIN__RAW_BETTER_ABLATION,False,
dataset,FAIR1M,tta_localization,Risk@70,NORMALIZED_AR16,AR_DOMAIN,dataset|FAIR1M|tta_localization|Risk@70|NORMALIZED_AR16,0.06354016761628585,0.06394912364531259,0.05964603665286563,0.059840180444011626,-0.00040895602902674133,-0.00019414379114599672,-0.0002148122378807446,0.0012789824729062518,0.0011968036088802324,-0.001514496171355875,0.0006346217006387715,-0.001240063533572798,0.0006283222988657287,-0.000731693357529703,0.0005292431368777817,0.5352464753524647,0.39085523317636334,0.1446767931339827,0.3920595533498759,0.1445223654283548,1.0,NONE,False,
dataset,FAIR1M,tta_localization,Risk@70,NORMALIZED_AR13,AR_DOMAIN,dataset|FAIR1M|tta_localization|Risk@70|NORMALIZED_AR13,0.06354016761628585,0.06394912364531259,0.05977698107400562,0.06011757261248992,-0.00040895602902674133,-0.0003405915384843,-6.836449054244131e-05,0.0012789824729062518,0.0012023514522497985,-0.001514496171355875,0.0006346217006387715,-0.0013065535361217265,0.0005568381228394255,-0.0007280492703708556,0.0006721068046850815,0.8494150584941506,0.39085523317636334,0.1446767931339827,0.39109554777388694,0.1440754039497307,1.0,NONE,False,
dataset,FAIR1M,tta_localization,Risk@90,NO_LONGSIDE_AR21,ANGLE_EQUIVALENCE,dataset|FAIR1M|tta_localization|Risk@90|NO_LONGSIDE_AR21,0.06535499957705986,0.06494086007175166,0.6033034502567122,0.6074121499307495,0.000414139505308192,-0.004108699674037375,0.004522839179345567,0.0013070999915411972,0.012148242998614991,-0.0001923615541878677,0.0009624482183906084,-0.008769370928001452,-0.0002742649437536939,0.0006253945290763638,0.009227488716680665,0.042995700429957005,0.39085523317636334,0.1446767931339827,0.39085523317636334,0.1446767931339827,1.0,RAW_BETTER_MAIN__PROBE_BETTER_ABLATION,False,
dataset,FAIR1M,tta_localization,Risk@90,NO_GEONORM_AR21,GEOMETRY_NORMALIZATION,dataset|FAIR1M|tta_localization|Risk@90|NO_GEONORM_AR21,0.06535499957705986,0.06494086007175166,0.0254064364162341,0.025628196885986863,0.000414139505308192,-0.0002217604697527624,0.0006358999750609544,0.0013070999915411972,0.001,-0.0001923615541878677,0.0009624482183906084,-0.0004586591891679167,-1.7323031753652384e-05,0.00023583278084261328,0.0010071748663999546,0.000999900009999,0.39085523317636334,0.1446767931339827,0.39085523317636334,0.1446767931339827,0.076992300769923,RAW_BETTER_MAIN__PROBE_BETTER_ABLATION,False,
dataset,FAIR1M,tta_localization,Risk@90,NORMALIZED_ALL_AR,AR_DOMAIN,dataset|FAIR1M|tta_localization|Risk@90|NORMALIZED_ALL_AR,0.06535499957705986,0.06494086007175166,0.08383087821530427,0.08302716791874716,0.000414139505308192,0.0008037102965571113,-0.00038957079124891936,0.0013070999915411972,0.0016766175643060854,-0.0001923615541878677,0.0009624482183906084,0.000207845808098563,0.0014545467245894068,-0.0010230747948495947,0.00011777992575367378,0.19058094190580943,0.39085523317636334,0.1446767931339827,0.37690941385435167,0.14355125419711634,1.0,NONE,False,
dataset,FAIR1M,tta_localization,Risk@90,NORMALIZED_AR16,AR_DOMAIN,dataset|FAIR1M|tta_localization|Risk@90|NORMALIZED_AR16,0.06535499957705986,0.06494086007175166,0.06171956647208678,0.06143218711136381,0.000414139505308192,0.00028737936072296966,0.00012676014458522233,0.0013070999915411972,0.0012343913294417357,-0.0001923615541878677,0.0009624482183906084,-0.0002164156941222623,0.0008141572448141797,-0.00026277435866245495,0.0004232205445074044,0.47435256474352566,0.39085523317636334,0.1446767931339827,0.3920595533498759,0.1445223654283548,1.0,NONE,False,
dataset,FAIR1M,tta_localization,Risk@90,NORMALIZED_AR13,AR_DOMAIN,dataset|FAIR1M|tta_localization|Risk@90|NORMALIZED_AR13,0.06535499957705986,0.06494086007175166,0.062038777331712515,0.06163107347568379,0.000414139505308192,0.00040770385602872244,6.435649279469546e-06,0.0013070999915411972,0.0012407755466342504,-0.0001923615541878677,0.0009624482183906084,-0.00015264069103738395,0.0009145313610922332,-0.0004118310656120068,0.00039754751478509465,0.973002699730027,0.39085523317636334,0.1446767931339827,0.39109554777388694,0.1440754039497307,1.0,NONE,False,
dataset,SODA-A,linear_source_frozen,AUGRC,NO_LONGSIDE_AR21,ANGLE_EQUIVALENCE,dataset|SODA-A|linear_source_frozen|AUGRC|NO_LONGSIDE_AR21,0.026929117381139192,0.026982850379598616,0.25767914767036204,0.2577458450782363,-5.373299845942356e-05,-6.669740787423883e-05,1.2964409414815276e-05,0.0005396570075919723,0.0051549169015647255,-0.00022483748116006842,0.00010736850707741907,-0.0018579658428578504,0.0016374987293369474,-0.0016579987632648213,0.0017562209349368959,0.9889011098890111,0.06718545433302656,0.024894292282052255,0.06718545433302656,0.024894292282052255,1.0,NONE,False,
dataset,SODA-A,linear_source_frozen,AUGRC,NO_GEONORM_AR21,GEOMETRY_NORMALIZATION,dataset|SODA-A|linear_source_frozen|AUGRC|NO_GEONORM_AR21,0.026929117381139192,0.026982850379598616,0.010874976951056634,0.010781655256684852,-5.373299845942356e-05,9.332169437178267e-05,-0.00014705469283120623,0.0005396570075919723,0.0005,-0.00022483748116006842,0.00010736850707741907,2.2235901046180214e-05,0.00016173695105087152,-0.00026897041237179036,-3.414301067286274e-05,0.0124987501249875,0.06718545433302656,0.024894292282052255,0.06718545433302656,0.024894292282052255,0.8124187581241875,PROBE_BETTER_MAIN__RAW_BETTER_ABLATION,False,
dataset,SODA-A,linear_source_frozen,AUGRC,NORMALIZED_ALL_AR,AR_DOMAIN,dataset|SODA-A|linear_source_frozen|AUGRC|NORMALIZED_ALL_AR,0.026929117381139192,0.026982850379598616,0.04935988296446071,0.04722087696410607,-5.373299845942356e-05,0.0021390060003546457,-0.0021927389988140693,0.0005396570075919723,0.0009871976592892144,-0.00022483748116006842,0.00010736850707741907,0.0016279555595272682,0.0027719449699332324,-0.0027902985792645145,-0.0017255424701656565,9.999000099990002e-05,0.06718545433302656,0.024894292282052255,0.0698909990472424,0.02342278302835213,0.013498650134986502,PROBE_BETTER_MAIN__RAW_BETTER_ABLATION,False,
dataset,SODA-A,linear_source_frozen,AUGRC,NORMALIZED_AR16,AR_DOMAIN,dataset|SODA-A|linear_source_frozen|AUGRC|NORMALIZED_AR16,0.026929117381139192,0.026982850379598616,0.028283307048374264,0.028160805945401837,-5.373299845942356e-05,0.00012250110297242628,-0.00017623410143184984,0.0005396570075919723,0.0005656661409674852,-0.00022483748116006842,0.00010736850707741907,-2.9812270947010977e-05,0.00027102512206963027,-0.00024028360009549916,-0.00011625354425347532,9.999000099990002e-05,0.06718545433302656,0.024894292282052255,0.06624494082444857,0.02277999751551027,0.013498650134986502,PROBE_BETTER_MAIN__RAW_BETTER_ABLATION,False,
dataset,SODA-A,linear_source_frozen,AUGRC,NORMALIZED_AR13,AR_DOMAIN,dataset|SODA-A|linear_source_frozen|AUGRC|NORMALIZED_AR13,0.026929117381139192,0.026982850379598616,0.02955656931530965,0.02921986174221007,-5.373299845942356e-05,0.00033670757309958027,-0.00039044057155900383,0.0005396570075919723,0.000591131386306193,-0.00022483748116006842,0.00010736850707741907,0.00016649136983353137,0.000516452784335134,-0.000493319516346103,-0.0002961151434623161,9.999000099990002e-05,0.06718545433302656,0.024894292282052255,0.06692434431650716,0.022983154983992983,0.013498650134986502,PROBE_BETTER_MAIN__RAW_BETTER_ABLATION,False,
dataset,SODA-A,linear_source_frozen,Risk@70,NO_LONGSIDE_AR21,ANGLE_EQUIVALENCE,dataset|SODA-A|linear_source_frozen|Risk@70|NO_LONGSIDE_AR21,0.053642752167090586,0.05389773832078237,0.513753379983287,0.5135012391622555,-0.00025498615369178024,0.0002521408210314213,-0.0005071269747232016,0.0010779547664156474,0.01027506759966574,-0.000614486554774483,0.00014152965378078552,-0.0028624504352706484,0.003204364786884009,-0.003592284953404057,0.002714765152788773,0.7489251074892511,0.06718545433302656,0.024894292282052255,0.06718545433302656,0.024894292282052255,1.0,PROBE_BETTER_MAIN__RAW_BETTER_ABLATION,False,
dataset,SODA-A,linear_source_frozen,Risk@70,NO_GEONORM_AR21,GEOMETRY_NORMALIZATION,dataset|SODA-A|linear_source_frozen|Risk@70|NO_GEONORM_AR21,0.053642752167090586,0.05389773832078237,0.021892963040636607,0.021902880196532477,-0.00025498615369178024,-9.917155895870777e-06,-0.00024506899779590946,0.0010779547664156474,0.001,-0.000614486554774483,0.00014152965378078552,-0.00016676162804402607,0.00015664948965268306,-0.0004624233799352307,2.0504465905109692e-07,0.0402959704029597,0.06718545433302656,0.024894292282052255,0.06718545433302656,0.024894292282052255,1.0,NONE,False,
dataset,SODA-A,linear_source_frozen,Risk@70,NORMALIZED_ALL_AR,AR_DOMAIN,dataset|SODA-A|linear_source_frozen|Risk@70|NORMALIZED_ALL_AR,0.053642752167090586,0.05389773832078237,0.09054569066412232,0.08843879132347765,-0.00025498615369178024,0.0021068993406446745,-0.0023618854943364548,0.0010779547664156474,0.0018109138132824465,-0.000614486554774483,0.00014152965378078552,0.0013429392510893082,0.0031417311249367194,-0.0032588318576155634,-0.001689221398824037,9.999000099990002e-05,0.06718545433302656,0.024894292282052255,0.0698909990472424,0.02342278302835213,0.013498650134986502,PROBE_BETTER_MAIN__RAW_BETTER_ABLATION,False,
dataset,SODA-A,linear_source_frozen,Risk@70,NORMALIZED_AR16,AR_DOMAIN,dataset|SODA-A|linear_source_frozen|Risk@70|NORMALIZED_AR16,0.053642752167090586,0.05389773832078237,0.05609346882735876,0.05593233832556416,-0.00025498615369178024,0.0001611305017946013,-0.00041611665548638155,0.0010779547664156474,0.0011218693765471751,-0.000614486554774483,0.00014152965378078552,-0.00021584519261662048,0.0005364073662369468,-0.0006221934578524352,-0.0002008619384470237,0.0005999400059994001,0.06718545433302656,0.024894292282052255,0.06624494082444857,0.02277999751551027,0.048595140485951406,PROBE_BETTER_MAIN__RAW_BETTER_ABLATION,False,
dataset,SODA-A,linear_source_frozen,Risk@70,NORMALIZED_AR13,AR_DOMAIN,dataset|SODA-A|linear_source_frozen|Risk@70|NORMALIZED_AR13,0.053642752167090586,0.05389773832078237,0.05816460290966419,0.05776000050884811,-0.00025498615369178024,0.0004046024008160787,-0.0006595885545078589,0.0010779547664156474,0.0011632920581932838,-0.000614486554774483,0.00014152965378078552,-2.0253548254814402e-05,0.0008038548671555999,-0.0008867561427208498,-0.000383139505879874,9.999000099990002e-05,0.06718545433302656,0.024894292282052255,0.06692434431650716,0.022983154983992983,0.013498650134986502,PROBE_BETTER_MAIN__RAW_BETTER_ABLATION,False,
dataset,SODA-A,linear_source_frozen,Risk@90,NO_LONGSIDE_AR21,ANGLE_EQUIVALENCE,dataset|SODA-A|linear_source_frozen|Risk@90|NO_LONGSIDE_AR21,0.056780075504085516,0.05719426216031506,0.5251374423177724,0.5264110545411779,-0.0004141866562295468,-0.0012736122234054958,0.000859425567175949,0.0011438852432063013,0.010528221090823558,-0.0009532396286903024,-4.160362629400539e-05,-0.004447734745694068,0.0008551873930164877,-0.0010447794295368991,0.003565027530645179,0.5112488751124887,0.06718545433302656,0.024894292282052255,0.06718545433302656,0.024894292282052255,1.0,NONE,False,
dataset,SODA-A,linear_source_frozen,Risk@90,NO_GEONORM_AR21,GEOMETRY_NORMALIZATION,dataset|SODA-A|linear_source_frozen|Risk@90|NO_GEONORM_AR21,0.056780075504085516,0.05719426216031506,0.023306676056205473,0.023316118775669248,-0.0004141866562295468,-9.442719463775145e-06,-0.00040474393676577167,0.0011438852432063013,0.001,-0.0009532396286903024,-4.160362629400539e-05,-7.805320914290202e-05,6.405443790312192e-05,-0.0008929199866966425,-8.531314764132682e-05,0.057394260573942604,0.06718545433302656,0.024894292282052255,0.06718545433302656,0.024894292282052255,1.0,NONE,False,
dataset,SODA-A,linear_source_frozen,Risk@90,NORMALIZED_ALL_AR,AR_DOMAIN,dataset|SODA-A|linear_source_frozen|Risk@90|NORMALIZED_ALL_AR,0.056780075504085516,0.05719426216031506,0.08675425391047267,0.08627084411869379,-0.0004141866562295468,0.00048340979177888266,-0.0008975964480084295,0.0011438852432063013,0.0017350850782094536,-0.0009532396286903024,-4.160362629400539e-05,2.224884893435621e-05,0.000880228682026183,-0.001178307618981769,-0.0006370441178531087,9.999000099990002e-05,0.06718545433302656,0.024894292282052255,0.0698909990472424,0.02342278302835213,0.013498650134986502,PROBE_BETTER_MAIN__RAW_BETTER_ABLATION,False,
dataset,SODA-A,linear_source_frozen,Risk@90,NORMALIZED_AR16,AR_DOMAIN,dataset|SODA-A|linear_source_frozen|Risk@90|NORMALIZED_AR16,0.056780075504085516,0.05719426216031506,0.059089790508088644,0.05921403054432724,-0.0004141866562295468,-0.00012424003623859314,-0.00028994661999095367,0.0011438852432063013,0.0011842806108865447,-0.0009532396286903024,-4.160362629400539e-05,-0.000570036086193812,0.0002026382484025839,-0.00044597354469026046,-0.000133973805968805,9.999000099990002e-05,0.06718545433302656,0.024894292282052255,0.06624494082444857,0.02277999751551027,0.013498650134986502,NONE,False,
dataset,SODA-A,linear_source_frozen,Risk@90,NORMALIZED_AR13,AR_DOMAIN,dataset|SODA-A|linear_source_frozen|Risk@90|NORMALIZED_AR13,0.056780075504085516,0.05719426216031506,0.060787934433941704,0.06079882995021417,-0.0004141866562295468,-1.08955162724661e-05,-0.0004032911399570807,0.0011438852432063013,0.0012159765990042834,-0.0009532396286903024,-4.160362629400539e-05,-0.0004497849332141153,0.0003279607406565434,-0.0005938525537866309,-0.0002268269745542068,9.999000099990002e-05,0.06718545433302656,0.024894292282052255,0.06692434431650716,0.022983154983992983,0.013498650134986502,NONE,False,
dataset,SODA-A,tta_angle,AUGRC,NO_LONGSIDE_AR21,ANGLE_EQUIVALENCE,dataset|SODA-A|tta_angle|AUGRC|NO_LONGSIDE_AR21,0.025224070824701267,0.026982850379598616,0.25878228760093014,0.2577458450782363,-0.0017587795548973488,0.001036442522693859,-0.0027952220775912077,0.0005396570075919723,0.005175645752018603,-0.0025590364568245892,-0.0010451734563838874,-0.00475771199976139,0.0067542105829611265,-0.008425821705978706,0.0029145377856580933,0.33466653334666535,0.38421595861749225,0.14559360189641551,0.38421595861749225,0.14559360189641551,1.0,PROBE_BETTER_MAIN__RAW_BETTER_ABLATION,False,
dataset,SODA-A,tta_angle,AUGRC,NO_GEONORM_AR21,GEOMETRY_NORMALIZATION,dataset|SODA-A|tta_angle|AUGRC|NO_GEONORM_AR21,0.025224070824701267,0.026982850379598616,0.010279737060263878,0.010781655256684852,-0.0017587795548973488,-0.0005019181964209737,-0.001256861358476375,0.0005396570075919723,0.0005,-0.0025590364568245892,-0.0010451734563838874,-0.0008499122656216646,-0.00018654524327803794,-0.0017387675116637721,-0.0008089463810881991,9.999000099990002e-05,0.38421595861749225,0.14559360189641551,0.38421595861749225,0.14559360189641551,0.013498650134986502,NONE,False,
dataset,SODA-A,tta_angle,AUGRC,NORMALIZED_ALL_AR,AR_DOMAIN,dataset|SODA-A|tta_angle|AUGRC|NORMALIZED_ALL_AR,0.025224070824701267,0.026982850379598616,0.03689164878786154,0.04722087696410607,-0.0017587795548973488,-0.010329228176244529,0.00857044862134718,0.0005396570075919723,0.0009444175392821214,-0.0025590364568245892,-0.0010451734563838874,-0.012560674604645519,-0.008374042187560425,0.006739398695821076,0.010716862416919177,9.999000099990002e-05,0.38421595861749225,0.14559360189641551,0.3879039485109845,0.15355443730969812,0.013498650134986502,NONE,False,
dataset,SODA-A,tta_angle,AUGRC,NORMALIZED_AR16,AR_DOMAIN,dataset|SODA-A|tta_angle|AUGRC|NORMALIZED_AR16,0.025224070824701267,0.026982850379598616,0.025731334346878222,0.028160805945401837,-0.0017587795548973488,-0.002429471598523615,0.0006706920436262663,0.0005396570075919723,0.0005632161189080368,-0.0025590364568245892,-0.0010451734563838874,-0.003098086669119351,-0.001809043975595182,0.0003605790326262889,0.0010013274823015247,0.00019998000199980003,0.38421595861749225,0.14559360189641551,0.3817644648993289,0.1467236067963939,0.016798320167983202,NONE,False,
dataset,SODA-A,tta_angle,AUGRC,NORMALIZED_AR13,AR_DOMAIN,dataset|SODA-A|tta_angle|AUGRC|NORMALIZED_AR13,0.025224070824701267,0.026982850379598616,0.02591572013524649,0.02921986174221007,-0.0017587795548973488,-0.00330414160696358,0.0015453620520662313,0.0005396570075919723,0.0005843972348442014,-0.0025590364568245892,-0.0010451734563838874,-0.004065113467651331,-0.002596417123515026,0.0010833931145564392,0.0020678502613127258,9.999000099990002e-05,0.38421595861749225,0.14559360189641551,0.3819537190493896,0.1471389749153343,0.013498650134986502,NONE,False,
dataset,SODA-A,tta_angle,Risk@70,NO_LONGSIDE_AR21,ANGLE_EQUIVALENCE,dataset|SODA-A|tta_angle|Risk@70|NO_LONGSIDE_AR21,0.05088257614376414,0.05389773832078237,0.5198473120570501,0.5135012391622555,-0.0030151621770182283,0.006346072894794608,-0.009361235071812836,0.0010779547664156474,0.010396946241141004,-0.004435482543054518,-0.0016846546906138526,-0.004604325902057241,0.0167028768839505,-0.019828918541327855,0.001520765704013753,0.08389161083891611,0.38421595861749225,0.14559360189641551,0.38421595861749225,0.14559360189641551,1.0,PROBE_BETTER_MAIN__RAW_BETTER_ABLATION,False,
dataset,SODA-A,tta_angle,Risk@70,NO_GEONORM_AR21,GEOMETRY_NORMALIZATION,dataset|SODA-A|tta_angle|Risk@70|NO_GEONORM_AR21,0.05088257614376414,0.05389773832078237,0.020718939988687145,0.021902880196532477,-0.0030151621770182283,-0.0011839402078453326,-0.0018312219691728956,0.0010779547664156474,0.001,-0.004435482543054518,-0.0016846546906138526,-0.001726986098626275,-0.0007111985857445624,-0.00277239353437017,-0.000867468484360883,9.999000099990002e-05,0.38421595861749225,0.14559360189641551,0.38421595861749225,0.14559360189641551,0.013498650134986502,NONE,False,
dataset,SODA-A,tta_angle,Risk@70,NORMALIZED_ALL_AR,AR_DOMAIN,dataset|SODA-A|tta_angle|Risk@70|NORMALIZED_ALL_AR,0.05088257614376414,0.05389773832078237,0.06966144256083545,0.08843879132347765,-0.0030151621770182283,-0.0187773487626422,0.01576218658562397,0.0010779547664156474,0.001768775826469553,-0.004435482543054518,-0.0016846546906138526,-0.023348629962807083,-0.015047524094994666,0.012091088979169972,0.02023977720835659,9.999000099990002e-05,0.38421595861749225,0.14559360189641551,0.3879039485109845,0.15355443730969812,0.013498650134986502,NONE,False,
dataset,SODA-A,tta_angle,Risk@70,NORMALIZED_AR16,AR_DOMAIN,dataset|SODA-A|tta_angle|Risk@70|NORMALIZED_AR16,0.05088257614376414,0.05389773832078237,0.051921761610330824,0.05593233832556416,-0.0030151621770182283,-0.004010576715233333,0.0009954145382151044,0.0010779547664156474,0.001118646766511283,-0.004435482543054518,-0.0016846546906138526,-0.0051489771824894835,-0.0029312854184280527,0.0004456178673126903,0.0015914158007099535,0.0005999400059994001,0.38421595861749225,0.14559360189641551,0.3817644648993289,0.1467236067963939,0.048595140485951406,NONE,False,
dataset,SODA-A,tta_angle,Risk@70,NORMALIZED_AR13,AR_DOMAIN,dataset|SODA-A|tta_angle|Risk@70|NORMALIZED_AR13,0.05088257614376414,0.05389773832078237,0.052199386350193444,0.05776000050884811,-0.0030151621770182283,-0.005560614158654664,0.002545451981636436,0.0010779547664156474,0.0011552000101769622,-0.004435482543054518,-0.0016846546906138526,-0.006903442481290652,-0.004352171148575164,0.001760273827870099,0.003470337121960434,9.999000099990002e-05,0.38421595861749225,0.14559360189641551,0.3819537190493896,0.1471389749153343,0.013498650134986502,NONE,False,
dataset,SODA-A,tta_angle,Risk@90,NO_LONGSIDE_AR21,ANGLE_EQUIVALENCE,dataset|SODA-A|tta_angle|Risk@90|NO_LONGSIDE_AR21,0.05509557631063501,0.05719426216031506,0.5252404623447318,0.5264110545411779,-0.0020986858496800515,-0.0011705921964461075,-0.000928093653233944,0.0011438852432063013,0.010528221090823558,-0.0025673617371700843,-0.001650034786898655,-0.006636266351694731,0.0031393397965537983,-0.005096707012404423,0.004270012225857455,0.7000299970003,0.38421595861749225,0.14559360189641551,0.38421595861749225,0.14559360189641551,1.0,NONE,False,
dataset,SODA-A,tta_angle,Risk@90,NO_GEONORM_AR21,GEOMETRY_NORMALIZATION,dataset|SODA-A|tta_angle|Risk@90|NO_GEONORM_AR21,0.05509557631063501,0.05719426216031506,0.022376555956653586,0.023316118775669248,-0.0020986858496800515,-0.0009395628190156623,-0.0011591230306643892,0.0011438852432063013,0.001,-0.0025673617371700843,-0.001650034786898655,-0.0011180621415516504,-0.0007468640722040624,-0.0014965364293447613,-0.0008719017868946284,9.999000099990002e-05,0.38421595861749225,0.14559360189641551,0.38421595861749225,0.14559360189641551,0.013498650134986502,NONE,False,
dataset,SODA-A,tta_angle,Risk@90,NORMALIZED_ALL_AR,AR_DOMAIN,dataset|SODA-A|tta_angle|Risk@90|NORMALIZED_ALL_AR,0.05509557631063501,0.05719426216031506,0.07178122945506663,0.08627084411869379,-0.0020986858496800515,-0.014489614663627165,0.012390928813947114,0.0011438852432063013,0.0017254168823738758,-0.0025673617371700843,-0.001650034786898655,-0.01838172014710453,-0.011481009277653382,0.009443294906003933,0.0161901255506823,9.999000099990002e-05,0.38421595861749225,0.14559360189641551,0.3879039485109845,0.15355443730969812,0.013498650134986502,NONE,False,
dataset,SODA-A,tta_angle,Risk@90,NORMALIZED_AR16,AR_DOMAIN,dataset|SODA-A|tta_angle|Risk@90|NORMALIZED_AR16,0.05509557631063501,0.05719426216031506,0.05640820261991361,0.05921403054432724,-0.0020986858496800515,-0.002805827924413626,0.0007071420747335744,0.0011438852432063013,0.0011842806108865447,-0.0025673617371700843,-0.001650034786898655,-0.003254962054910954,-0.002411214814205662,0.00046841099853176996,0.0009872140580759515,9.999000099990002e-05,0.38421595861749225,0.14559360189641551,0.3817644648993289,0.1467236067963939,0.013498650134986502,NONE,False,
dataset,SODA-A,tta_angle,Risk@90,NORMALIZED_AR13,AR_DOMAIN,dataset|SODA-A|tta_angle|Risk@90|NORMALIZED_AR13,0.05509557631063501,0.05719426216031506,0.05689527624348163,0.06079882995021417,-0.0020986858496800515,-0.0039035537067325377,0.0018048678570524862,0.0011438852432063013,0.0012159765990042834,-0.0025673617371700843,-0.001650034786898655,-0.004556943064685741,-0.003367001536881245,0.0013931656528946561,0.0023172759563845503,9.999000099990002e-05,0.38421595861749225,0.14559360189641551,0.3819537190493896,0.1471389749153343,0.013498650134986502,NONE,False,
dataset,SODA-A,tta_localization,AUGRC,NO_LONGSIDE_AR21,ANGLE_EQUIVALENCE,dataset|SODA-A|tta_localization|AUGRC|NO_LONGSIDE_AR21,0.026212624981401925,0.026982850379598616,0.2556856280574199,0.2577458450782363,-0.0007702253981966903,-0.0020602170208163795,0.0012899916226196892,0.0005396570075919723,0.0051549169015647255,-0.0013624861541105722,-0.0002847900030065532,-0.005579441289454992,0.001632291325533353,-0.0026547093767755976,0.004974303273674839,0.5046495350464953,0.288128947509411,0.1193762571698525,0.288128947509411,0.1193762571698525,1.0,NONE,False,
dataset,SODA-A,tta_localization,AUGRC,NO_GEONORM_AR21,GEOMETRY_NORMALIZATION,dataset|SODA-A|tta_localization|AUGRC|NO_GEONORM_AR21,0.026212624981401925,0.026982850379598616,0.010475322382653104,0.010781655256684852,-0.0007702253981966903,-0.00030633287403174746,-0.0004638925241649428,0.0005396570075919723,0.0005,-0.0013624861541105722,-0.0002847900030065532,-0.0005250780042843027,-0.00012286689130242774,-0.0008448526719851974,-0.00015044623955721756,0.0105989401059894,0.288128947509411,0.1193762571698525,0.288128947509411,0.1193762571698525,0.7139286071392861,NONE,False,
dataset,SODA-A,tta_localization,AUGRC,NORMALIZED_ALL_AR,AR_DOMAIN,dataset|SODA-A|tta_localization|AUGRC|NORMALIZED_ALL_AR,0.026212624981401925,0.026982850379598616,0.0416331803053587,0.04722087696410607,-0.0007702253981966903,-0.005587696658747365,0.004817471260550675,0.0005396570075919723,0.0009444175392821214,-0.0013624861541105722,-0.0002847900030065532,-0.006897833540354737,-0.004448998543985015,0.0038170362095858905,0.0059856931822255335,9.999000099990002e-05,0.288128947509411,0.1193762571698525,0.2839733566267395,0.11825191609952221,0.013498650134986502,NONE,False,
dataset,SODA-A,tta_localization,AUGRC,NORMALIZED_AR16,AR_DOMAIN,dataset|SODA-A|tta_localization|AUGRC|NORMALIZED_AR16,0.026212624981401925,0.026982850379598616,0.027279332294947257,0.028160805945401837,-0.0007702253981966903,-0.0008814736504545798,0.00011124825225788948,0.0005396570075919723,0.0005632161189080368,-0.0013624861541105722,-0.0002847900030065532,-0.0013865074450481968,-0.0004536659167411825,-8.707521672477311e-05,0.0003132650840494499,0.2806719328067193,0.288128947509411,0.1193762571698525,0.2864360018208022,0.11960196318885478,1.0,NONE,False,
dataset,SODA-A,tta_localization,AUGRC,NORMALIZED_AR13,AR_DOMAIN,dataset|SODA-A|tta_localization|AUGRC|NORMALIZED_AR13,0.026212624981401925,0.026982850379598616,0.027901289642601516,0.02921986174221007,-0.0007702253981966903,-0.0013185720996085545,0.0005483467014118643,0.0005396570075919723,0.0005843972348442014,-0.0013624861541105722,-0.0002847900030065532,-0.0018631451712283094,-0.0008363319452787489,0.0002627301740428671,0.0008690340521551616,0.0006999300069993001,0.288128947509411,0.1193762571698525,0.2862648015574608,0.119303113290738,0.05529447055294471,NONE,False,
dataset,SODA-A,tta_localization,Risk@70,NO_LONGSIDE_AR21,ANGLE_EQUIVALENCE,dataset|SODA-A|tta_localization|Risk@70|NO_LONGSIDE_AR21,0.05263900849014559,0.05389773832078237,0.5137487473410791,0.5135012391622555,-0.0012587298306367747,0.00024750817882357445,-0.0015062380094603492,0.0010779547664156474,0.010274974946821582,-0.002456281911398922,-0.00020595785030809232,-0.00789129470784099,0.008214753100782827,-0.009935113610836616,0.006977894821296222,0.7328267173282672,0.288128947509411,0.1193762571698525,0.288128947509411,0.1193762571698525,1.0,PROBE_BETTER_MAIN__RAW_BETTER_ABLATION,False,
dataset,SODA-A,tta_localization,Risk@70,NO_GEONORM_AR21,GEOMETRY_NORMALIZATION,dataset|SODA-A|tta_localization|Risk@70|NO_GEONORM_AR21,0.05263900849014559,0.05389773832078237,0.021097257276998467,0.021902880196532477,-0.0012587298306367747,-0.0008056229195340103,-0.0004531069111027644,0.0010779547664156474,0.001,-0.002456281911398922,-0.00020595785030809232,-0.0012497221573731009,-0.00041004623589618335,-0.0012401918869571846,0.00022845088521329868,0.254974502549745,0.288128947509411,0.1193762571698525,0.288128947509411,0.1193762571698525,1.0,NONE,False,
dataset,SODA-A,tta_localization,Risk@70,NORMALIZED_ALL_AR,AR_DOMAIN,dataset|SODA-A|tta_localization|Risk@70|NORMALIZED_ALL_AR,0.05263900849014559,0.05389773832078237,0.08309297767911689,0.08843879132347765,-0.0012587298306367747,-0.005345813644360764,0.004087083813723989,0.0010779547664156474,0.001768775826469553,-0.002456281911398922,-0.00020595785030809232,-0.00734175634057598,-0.0037679677748204314,0.0028408462345124626,0.0057040850604377575,9.999000099990002e-05,0.288128947509411,0.1193762571698525,0.2839733566267395,0.11825191609952221,0.013498650134986502,NONE,False,
dataset,SODA-A,tta_localization,Risk@70,NORMALIZED_AR16,AR_DOMAIN,dataset|SODA-A|tta_localization|Risk@70|NORMALIZED_AR16,0.05263900849014559,0.05389773832078237,0.05494787455224067,0.05593233832556416,-0.0012587298306367747,-0.0009844637733234865,-0.00027426605731328824,0.0010779547664156474,0.001118646766511283,-0.002456281911398922,-0.00020595785030809232,-0.001988101017684427,-0.00018477957163065708,-0.000698812920230596,0.00020178863540553046,0.2623737626237376,0.288128947509411,0.1193762571698525,0.2864360018208022,0.11960196318885478,1.0,NONE,False,
dataset,SODA-A,tta_localization,Risk@70,NORMALIZED_AR13,AR_DOMAIN,dataset|SODA-A|tta_localization|Risk@70|NORMALIZED_AR13,0.05263900849014559,0.05389773832078237,0.05621549437526437,0.05776000050884811,-0.0012587298306367747,-0.0015445061335837354,0.00028577630294696066,0.0010779547664156474,0.0011552000101769622,-0.002456281911398922,-0.00020595785030809232,-0.0026184734898475172,-0.0007245728370210311,-0.0001942741003100368,0.000896292203382922,0.33086691330866913,0.288128947509411,0.1193762571698525,0.2862648015574608,0.119303113290738,1.0,NONE,False,
dataset,SODA-A,tta_localization,Risk@90,NO_LONGSIDE_AR21,ANGLE_EQUIVALENCE,dataset|SODA-A|tta_localization|Risk@90|NO_LONGSIDE_AR21,0.05674482030050362,0.05719426216031506,0.5244178873430374,0.5264110545411779,-0.00044944185981143914,-0.0019931671981404664,0.0015437253383290273,0.0011438852432063013,0.010528221090823558,-0.0008967973764579934,3.118712080709894e-05,-0.006285806670341063,0.002319852306711696,-0.002627521964985175,0.005761733155279057,0.46785321467853214,0.288128947509411,0.1193762571698525,0.288128947509411,0.1193762571698525,1.0,NONE,False,
dataset,SODA-A,tta_localization,Risk@90,NO_GEONORM_AR21,GEOMETRY_NORMALIZATION,dataset|SODA-A|tta_localization|Risk@90|NO_GEONORM_AR21,0.05674482030050362,0.05719426216031506,0.023008840979310996,0.023316118775669248,-0.00044944185981143914,-0.0003072777963582518,-0.00014216406345318733,0.0011438852432063013,0.001,-0.0008967973764579934,3.118712080709894e-05,-0.00046267515278390506,-0.00012466860905910017,-0.0005209346347880185,0.0001959284983236577,0.42745725427457254,0.288128947509411,0.1193762571698525,0.288128947509411,0.1193762571698525,1.0,NONE,False,
dataset,SODA-A,tta_localization,Risk@90,NORMALIZED_ALL_AR,AR_DOMAIN,dataset|SODA-A|tta_localization|Risk@90|NORMALIZED_ALL_AR,0.05674482030050362,0.05719426216031506,0.08528280106268099,0.08627084411869379,-0.00044944185981143914,-0.0009880430560127995,0.0005386011962013604,0.0011438852432063013,0.0017254168823738758,-0.0008967973764579934,3.118712080709894e-05,-0.0016591956489984266,-0.00039103381191671436,5.159390931323092e-05,0.0011599130441841523,0.058394160583941604,0.288128947509411,0.1193762571698525,0.2839733566267395,0.11825191609952221,1.0,NONE,False,
dataset,SODA-A,tta_localization,Risk@90,NORMALIZED_AR16,AR_DOMAIN,dataset|SODA-A|tta_localization|Risk@90|NORMALIZED_AR16,0.05674482030050362,0.05719426216031506,0.05900579686162002,0.05921403054432724,-0.00044944185981143914,-0.00020823368270721926,-0.00024120817710421988,0.0011438852432063013,0.0011842806108865447,-0.0008967973764579934,3.118712080709894e-05,-0.0006501229694459027,0.00019193096316965781,-0.00042842215964630087,2.857584384829707e-05,0.0524947505249475,0.288128947509411,0.1193762571698525,0.2864360018208022,0.11960196318885478,1.0,NONE,False,
dataset,SODA-A,tta_localization,Risk@90,NORMALIZED_AR13,AR_DOMAIN,dataset|SODA-A|tta_localization|Risk@90|NORMALIZED_AR13,0.05674482030050362,0.05719426216031506,0.06046159841680196,0.06079882995021417,-0.00044944185981143914,-0.00033723153341221057,-0.00011221032639922857,0.0011438852432063013,0.0012159765990042834,-0.0008967973764579934,3.118712080709894e-05,-0.0007807056348291435,7.359145293188065e-05,-0.0003356945741705029,0.00018857920416382636,0.40855914408559146,0.288128947509411,0.1193762571698525,0.2862648015574608,0.119303113290738,1.0,NONE,False,
