claim_id,source_section,source_line,source_text,source_text_sha256,claim_class,datasets,units,estimand,evidence_paths,evidence_status,action,target_section,target_text,target_text_sha256,reason
R008-C0001,摘要,5,旋转目标检测通常以平均精度评价整体性能，但一次检测在类别、中心和尺度上正确，并不意味着其角度可信。交并比阈值、目标长宽比、匹配竞争以及标注不确定性会共同改变角度误差的可见程度，使 AP 难以单独回答“高分预测是否具有更可靠的朝向”。本文提出一套面向有向边界框的朝向可靠性测量协议。协议以 le90 长边规范定义周期角度误差，以共中心、同尺度矩形的旋转交并比推导 `ar>=2.1` 的主分析区域，并用随长宽比变化的几何归一化严重事件统一不同形状的风险语义。为评价任意可靠性分数，我们联合报告风险—覆盖曲线、AURC、归一化风险—覆盖面积及固定角度敏感性。六个干净完整验证单元的完整评测器扰动显示：在自适应 IoU 0.50 边界内，AP@0.5 均保持不变，而 AP@0.75 显著下降；真实几何下 `ar>=2.1` 实例的经验中位容忍角约为 25°--30°（IoU 0.50）和 0°--7.5°（IoU 0.75），但固定剂量网格的原始预测并不完整，因而不能确认统一的 AP@0.75 拐点。,d045d07f1a7f916dc08ce278a3135278325631622ff9e3a09fdaf7aee42a48b3,measurement_numeric,"[""multiple_or_not_explicit""]",evaluation unit / detector-head unit,orientation-specific measurement or audited certification frontier,"[""top_journal_v3_reaudit_055/paper_A_orientation_protocol/reports/a1_guaranteed_frontier_all_alpha.csv"", ""top_journal_v3_reaudit_055/paper_A_orientation_protocol/reports/a3_score_menu_summary.csv"", ""top_journal_v3_reaudit_055/paper_A_orientation_protocol/docs/orientation_reliability_paper_A_zh_v077.md""]",VALID,RETAIN,摘要,旋转目标检测通常以平均精度评价整体性能，但一次检测在类别、中心和尺度上正确，并不意味着其角度可信。交并比阈值、目标长宽比、匹配竞争以及标注不确定性会共同改变角度误差的可见程度，使 AP 难以单独回答“高分预测是否具有更可靠的朝向”。本文提出一套面向有向边界框的朝向可靠性测量协议。协议以 le90 长边规范定义周期角度误差，以共中心、同尺度矩形的旋转交并比推导 `ar>=2.1` 的主分析区域，并用随长宽比变化的几何归一化严重事件统一不同形状的风险语义。为评价任意可靠性分数，我们联合报告风险—覆盖曲线、AURC、归一化风险—覆盖面积及固定角度敏感性。六个干净完整验证单元的完整评测器扰动显示：在自适应 IoU 0.50 边界内，AP@0.5 均保持不变，而 AP@0.75 显著下降；真实几何下 `ar>=2.1` 实例的经验中位容忍角约为 25°--30°（IoU 0.50）和 0°--7.5°（IoU 0.75），但固定剂量网格的原始预测并不完整，因而不能确认统一的 AP@0.75 拐点。,d045d07f1a7f916dc08ce278a3135278325631622ff9e3a09fdaf7aee42a48b3,与 orientation-specific measurement 证据一致。
R008-C0002,摘要,7,本文进一步建立场景级有限样本认证审计，而不把它作为已成功的部署方法。我们固定 eligible-scene universe，将阈值后无保留预测的场景视为 abstention，而非零风险样本，并按图像或原始母景处理相关性。在 6 个 evaluation units、4 类分数、4 个风险端点和 6 类预算组成的 576 个 score-endpoint-budget rows 中，20 个获得非平凡认证、68 个属于宽松预算下的 trivial 情形、554 个不可行；几何归一化主风险的 144 行中有 142 行不可行。唯一具有实用覆盖的主风险点来自使用目标域真值角误差拟合的诊断上界，在 DIOR-R 的 Rotated RTMDet evaluation unit 上保留约 70.14% 的审计实例，不能部署。两名独立标注者对 600 个目标的 450 对数值角度给出 2.3112° 的平均分歧；标注者与 official GT 的差异中位数约为 1.76°--1.79°。这些结果表明，严格风险预算下现有可部署分数大多无法获得非平凡认证，且度级风险解释必须同时考虑几何可辨识性和标注不确定性。本文最终贡献是一套可复算的 measurement protocol、负结果完整的认证可行性前沿以及不掩盖不可行单元的工具箱。,d9b3055f05545e208334d71a09731fcfc3a817e5ca2a888a6c809897a652cc93,certification_audit,"[""DIOR-R""]",evaluation unit / detector-head unit,orientation-specific measurement or audited certification frontier,"[""top_journal_v3_reaudit_055/paper_A_orientation_protocol/reports/a1_guaranteed_frontier_all_alpha.csv"", ""top_journal_v3_reaudit_055/paper_A_orientation_protocol/reports/a3_score_menu_summary.csv"", ""top_journal_v3_reaudit_055/paper_A_orientation_protocol/docs/orientation_reliability_paper_A_zh_v077.md""]",QUALIFIED,QUALIFY,摘要,本文进一步建立场景级有限样本认证审计，而不把它作为已成功的部署方法。我们固定 eligible-scene universe，将阈值后无保留预测的场景视为 abstention，而非零风险样本，并按图像或原始母景处理相关性。在 6 个 evaluation units、4 类分数、4 个风险端点和 6 类预算组成的 576 个 score-endpoint-budget rows 中，20 个获得非平凡认证、68 个属于宽松预算下的 trivial 情形、554 个不可行；几何归一化主风险的 144 行中有 142 行不可行。唯一具有实用覆盖的主风险点来自使用目标域真值角误差拟合的诊断上界，在 DIOR-R 的 Rotated RTMDet evaluation unit 上保留约 70.14% 的审计实例，不能部署。两名独立标注者对 600 个目标的 450 对数值角度给出 2.3112° 的平均分歧；标注者与 official GT 的差异中位数约为 1.76°--1.79°。这些结果表明，严格风险预算下现有可部署分数大多无法获得非平凡认证，且度级风险解释必须同时考虑几何可辨识性和标注不确定性。本文最终贡献是一套可复算的 measurement protocol、负结果完整的认证可行性前沿以及不掩盖不可行单元的工具箱。,d9b3055f05545e208334d71a09731fcfc3a817e5ca2a888a6c809897a652cc93,保留可追溯测量主张；认证相关内容仅作审计/边界限定。
R008-C0003,1 引言,11,## 1 引言,ed8ade0bab7cb9f36f3d90a4ab765b73243d8eba0e684a61e9ddaa395406c07f,measurement_numeric,"[""multiple_or_not_explicit""]",evaluation unit / detector-head unit,orientation-specific measurement or audited certification frontier,"[""top_journal_v3_reaudit_055/paper_A_orientation_protocol/reports/a1_guaranteed_frontier_all_alpha.csv"", ""top_journal_v3_reaudit_055/paper_A_orientation_protocol/reports/a3_score_menu_summary.csv"", ""top_journal_v3_reaudit_055/paper_A_orientation_protocol/docs/orientation_reliability_paper_A_zh_v077.md""]",VALID,RETAIN,1 引言,## 1 引言,ed8ade0bab7cb9f36f3d90a4ab765b73243d8eba0e684a61e9ddaa395406c07f,与 orientation-specific measurement 证据一致。
R008-C0004,1 引言,13,"有向边界框以 $(c_x,c_y,w,h,\theta)$ 描述目标，广泛用于遥感影像、场景文字和工业视觉。现有旋转检测研究主要围绕 AP、角度编码连续性和定位损失展开。AP 是必要的综合指标，却混合了类别、中心、尺度、角度、分数排序和匹配关系。当 IoU 阈值较低，或目标接近方形时，显著的角度变化仍可能保留匹配；反之，中心或尺度的小变化也可能在角度不变时改变 AP。因此，“检测是否正确”和“朝向是否可信”是相关但不同的问题。",84ac6a7f1f24a01c06b195317278cc2a1e5159b5d0df137f593337b71cb5a47c,measurement_boundary,"[""multiple_or_not_explicit""]",evaluation unit / detector-head unit,orientation-specific measurement or audited certification frontier,"[""top_journal_v3_reaudit_055/paper_A_orientation_protocol/reports/a1_guaranteed_frontier_all_alpha.csv"", ""top_journal_v3_reaudit_055/paper_A_orientation_protocol/reports/a3_score_menu_summary.csv"", ""top_journal_v3_reaudit_055/paper_A_orientation_protocol/docs/orientation_reliability_paper_A_zh_v077.md""]",VALID,RETAIN,1 引言,"有向边界框以 $(c_x,c_y,w,h,\theta)$ 描述目标，广泛用于遥感影像、场景文字和工业视觉。现有旋转检测研究主要围绕 AP、角度编码连续性和定位损失展开。AP 是必要的综合指标，却混合了类别、中心、尺度、角度、分数排序和匹配关系。当 IoU 阈值较低，或目标接近方形时，显著的角度变化仍可能保留匹配；反之，中心或尺度的小变化也可能在角度不变时改变 AP。因此，“检测是否正确”和“朝向是否可信”是相关但不同的问题。",84ac6a7f1f24a01c06b195317278cc2a1e5159b5d0df137f593337b71cb5a47c,与 orientation-specific measurement 证据一致。
R008-C0005,1 引言,15,朝向可靠性测量至少面临四个困难。第一，旋转框存在 $180^\circ$ 周期和长短边交换等价性，线性角度差会制造伪误差。第二，目标形状决定角度可辨识性：细长目标的角度变化迅速降低 IoU，近方形目标则可能在很大角度范围内保持几何相似。第三，置信分数对检测正确性的排序能力不必等同于其对角度误差的排序能力。第四，同一图像、同一切片来源或同一原始母景中的实例并不独立；把大量实例当作独立样本会产生过窄的置信上界。,83469fa007d6a8b03ef85ddcfcc28748a546a0404ef36accd0f7676aa0c4b2cc,measurement_numeric,"[""multiple_or_not_explicit""]",evaluation unit / detector-head unit,orientation-specific measurement or audited certification frontier,"[""top_journal_v3_reaudit_055/paper_A_orientation_protocol/reports/a1_guaranteed_frontier_all_alpha.csv"", ""top_journal_v3_reaudit_055/paper_A_orientation_protocol/reports/a3_score_menu_summary.csv"", ""top_journal_v3_reaudit_055/paper_A_orientation_protocol/docs/orientation_reliability_paper_A_zh_v077.md""]",VALID,RETAIN,1 引言,朝向可靠性测量至少面临四个困难。第一，旋转框存在 $180^\circ$ 周期和长短边交换等价性，线性角度差会制造伪误差。第二，目标形状决定角度可辨识性：细长目标的角度变化迅速降低 IoU，近方形目标则可能在很大角度范围内保持几何相似。第三，置信分数对检测正确性的排序能力不必等同于其对角度误差的排序能力。第四，同一图像、同一切片来源或同一原始母景中的实例并不独立；把大量实例当作独立样本会产生过窄的置信上界。,83469fa007d6a8b03ef85ddcfcc28748a546a0404ef36accd0f7676aa0c4b2cc,与 orientation-specific measurement 证据一致。
R008-C0006,1 引言,17,本文将问题限定为**测量与审计**，而非提出新的角度编码器或宣称一个通用可部署选择器。具体贡献如下。,c44ca4b874ef741bc9b3a38004ace002efd64254a579c9971be2ba720b3ebb6f,certification_audit,"[""multiple_or_not_explicit""]",evaluation unit / detector-head unit,orientation-specific measurement or audited certification frontier,"[""top_journal_v3_reaudit_055/paper_A_orientation_protocol/reports/a1_guaranteed_frontier_all_alpha.csv"", ""top_journal_v3_reaudit_055/paper_A_orientation_protocol/reports/a3_score_menu_summary.csv"", ""top_journal_v3_reaudit_055/paper_A_orientation_protocol/docs/orientation_reliability_paper_A_zh_v077.md""]",QUALIFIED,QUALIFY,1 引言,本文将问题限定为**测量与审计**，而非提出新的角度编码器或宣称一个通用可部署选择器。具体贡献如下。,c44ca4b874ef741bc9b3a38004ace002efd64254a579c9971be2ba720b3ebb6f,保留可追溯测量主张；认证相关内容仅作审计/边界限定。
R008-C0007,1 引言,19,1. 形式化 le90 长边朝向误差，并用风险—覆盖曲线、AURC 和 NRC 独立评价可靠性排序。,e00442bce098eafa132896fce8b1ac19bd20d08471fa89868e55796c59d210e6,measurement_numeric,"[""multiple_or_not_explicit""]",evaluation unit / detector-head unit,orientation-specific measurement or audited certification frontier,"[""top_journal_v3_reaudit_055/paper_A_orientation_protocol/reports/a1_guaranteed_frontier_all_alpha.csv"", ""top_journal_v3_reaudit_055/paper_A_orientation_protocol/reports/a3_score_menu_summary.csv"", ""top_journal_v3_reaudit_055/paper_A_orientation_protocol/docs/orientation_reliability_paper_A_zh_v077.md""]",VALID,RETAIN,1 引言,1. 形式化 le90 长边朝向误差，并用风险—覆盖曲线、AURC 和 NRC 独立评价可靠性排序。,e00442bce098eafa132896fce8b1ac19bd20d08471fa89868e55796c59d210e6,与 orientation-specific measurement 证据一致。
R008-C0008,1 引言,20,2. 从旋转矩形 IoU 推导 `ar>=2.1` 的几何原则化主口径，定义随长宽比变化的 geometry-normalized severe orientation event，并将 5°、10°、15° 保留为固定角度敏感性。,d4b8e7ed1994cd3ea8192ffd9c847d658684973f8b66533c25823478a3800ed0,measurement_numeric,"[""multiple_or_not_explicit""]",evaluation unit / detector-head unit,orientation-specific measurement or audited certification frontier,"[""top_journal_v3_reaudit_055/paper_A_orientation_protocol/reports/a1_guaranteed_frontier_all_alpha.csv"", ""top_journal_v3_reaudit_055/paper_A_orientation_protocol/reports/a3_score_menu_summary.csv"", ""top_journal_v3_reaudit_055/paper_A_orientation_protocol/docs/orientation_reliability_paper_A_zh_v077.md""]",VALID,RETAIN,1 引言,2. 从旋转矩形 IoU 推导 `ar>=2.1` 的几何原则化主口径，定义随长宽比变化的 geometry-normalized severe orientation event，并将 5°、10°、15° 保留为固定角度敏感性。,d4b8e7ed1994cd3ea8192ffd9c847d658684973f8b66533c25823478a3800ed0,与 orientation-specific measurement 证据一致。
R008-C0009,1 引言,21,3. 在完整评测器中执行保持预测身份、分数、类别和非角度几何不变的朝向扰动，量化 AP@0.5 与 AP@0.75 的不同敏感性，并比较理想与经验容忍角。,17ef33ec3f4b9ddacaba1a9008c679d6169d4ad74027c39843c53c8ad9ff3e40,measurement_numeric,"[""multiple_or_not_explicit""]",evaluation unit / detector-head unit,orientation-specific measurement or audited certification frontier,"[""top_journal_v3_reaudit_055/paper_A_orientation_protocol/reports/a1_guaranteed_frontier_all_alpha.csv"", ""top_journal_v3_reaudit_055/paper_A_orientation_protocol/reports/a3_score_menu_summary.csv"", ""top_journal_v3_reaudit_055/paper_A_orientation_protocol/docs/orientation_reliability_paper_A_zh_v077.md""]",VALID,RETAIN,1 引言,3. 在完整评测器中执行保持预测身份、分数、类别和非角度几何不变的朝向扰动，量化 AP@0.5 与 AP@0.75 的不同敏感性，并比较理想与经验容忍角。,17ef33ec3f4b9ddacaba1a9008c679d6169d4ad74027c39843c53c8ad9ff3e40,与 orientation-specific measurement 证据一致。
R008-C0010,1 引言,22,4. 在 DIOR-R、FAIR1M、SODA-A 和 DOTA 的多个 detector-head units 上报告 full-validation AP 与朝向排序，利用固定尺寸分箱排查几何分析中的尺寸混淆。,5f050ba24c24b20a3153a32c1ae1d711bcb6faad398a56443089afe4fd1c045e,measurement_numeric,"[""DIOR-R"", ""FAIR1M"", ""SODA-A"", ""DOTA""]",evaluation unit / detector-head unit,orientation-specific measurement or audited certification frontier,"[""top_journal_v3_reaudit_055/paper_A_orientation_protocol/reports/a1_guaranteed_frontier_all_alpha.csv"", ""top_journal_v3_reaudit_055/paper_A_orientation_protocol/reports/a3_score_menu_summary.csv"", ""top_journal_v3_reaudit_055/paper_A_orientation_protocol/docs/orientation_reliability_paper_A_zh_v077.md""]",VALID,RETAIN,1 引言,4. 在 DIOR-R、FAIR1M、SODA-A 和 DOTA 的多个 detector-head units 上报告 full-validation AP 与朝向排序，利用固定尺寸分箱排查几何分析中的尺寸混淆。,5f050ba24c24b20a3153a32c1ae1d711bcb6faad398a56443089afe4fd1c045e,与 orientation-specific measurement 证据一致。
R008-C0011,1 引言,23,5. 将有限样本认证改写为严格统计审计：固定 eligible scenes，显式处理 abstained scenes，并按图像、切片和母景比较有效样本量。完整前沿揭示了严格预算下现有可部署分数的广泛不可行性。,84faba0c2eab645a60444f61256f09efb9328d6023ec1b392c60b923fbbace9c,certification_audit,"[""multiple_or_not_explicit""]",evaluation unit / detector-head unit,orientation-specific measurement or audited certification frontier,"[""top_journal_v3_reaudit_055/paper_A_orientation_protocol/reports/a1_guaranteed_frontier_all_alpha.csv"", ""top_journal_v3_reaudit_055/paper_A_orientation_protocol/reports/a3_score_menu_summary.csv"", ""top_journal_v3_reaudit_055/paper_A_orientation_protocol/docs/orientation_reliability_paper_A_zh_v077.md""]",QUALIFIED,QUALIFY,1 引言,5. 将有限样本认证改写为严格统计审计：固定 eligible scenes，显式处理 abstained scenes，并按图像、切片和母景比较有效样本量。完整前沿揭示了严格预算下现有可部署分数的广泛不可行性。,84faba0c2eab645a60444f61256f09efb9328d6023ec1b392c60b923fbbace9c,保留可追溯测量主张；认证相关内容仅作审计/边界限定。
R008-C0012,1 引言,24,6. 通过两名真人标注者的双标、标注者与 official GT 的差异以及未完成的第三人仲裁边界，限定度级风险的科学解释。,8ee03ee7b323672ddd949ab313d3e1adfa901369c4b9fe5dd39893dfeed4c7bf,measurement_numeric,"[""multiple_or_not_explicit""]",evaluation unit / detector-head unit,orientation-specific measurement or audited certification frontier,"[""top_journal_v3_reaudit_055/paper_A_orientation_protocol/reports/a1_guaranteed_frontier_all_alpha.csv"", ""top_journal_v3_reaudit_055/paper_A_orientation_protocol/reports/a3_score_menu_summary.csv"", ""top_journal_v3_reaudit_055/paper_A_orientation_protocol/docs/orientation_reliability_paper_A_zh_v077.md""]",VALID,RETAIN,1 引言,6. 通过两名真人标注者的双标、标注者与 official GT 的差异以及未完成的第三人仲裁边界，限定度级风险的科学解释。,8ee03ee7b323672ddd949ab313d3e1adfa901369c4b9fe5dd39893dfeed4c7bf,与 orientation-specific measurement 证据一致。
R008-C0013,1 引言,25,7. 提供包含角度规范、几何阈值、排序度量、场景级风险和显式 `INFEASIBLE` 输出的测量工具箱。,e66edb10fe97bb4126f3e05ce57478b9af253924b32cad5fd19630357ddce216,measurement_numeric,"[""multiple_or_not_explicit""]",evaluation unit / detector-head unit,orientation-specific measurement or audited certification frontier,"[""top_journal_v3_reaudit_055/paper_A_orientation_protocol/reports/a1_guaranteed_frontier_all_alpha.csv"", ""top_journal_v3_reaudit_055/paper_A_orientation_protocol/reports/a3_score_menu_summary.csv"", ""top_journal_v3_reaudit_055/paper_A_orientation_protocol/docs/orientation_reliability_paper_A_zh_v077.md""]",VALID,RETAIN,1 引言,7. 提供包含角度规范、几何阈值、排序度量、场景级风险和显式 `INFEASIBLE` 输出的测量工具箱。,e66edb10fe97bb4126f3e05ce57478b9af253924b32cad5fd19630357ddce216,与 orientation-specific measurement 证据一致。
R008-C0014,2 相关工作,29,## 2 相关工作,7d6df5dd039c822260701c618ca4edb5e3e08a20dac52b873ca5e76b9a3b6793,measurement_numeric,"[""multiple_or_not_explicit""]",evaluation unit / detector-head unit,orientation-specific measurement or audited certification frontier,"[""top_journal_v3_reaudit_055/paper_A_orientation_protocol/reports/a1_guaranteed_frontier_all_alpha.csv"", ""top_journal_v3_reaudit_055/paper_A_orientation_protocol/reports/a3_score_menu_summary.csv"", ""top_journal_v3_reaudit_055/paper_A_orientation_protocol/docs/orientation_reliability_paper_A_zh_v077.md""]",VALID,RETAIN,2 相关工作,## 2 相关工作,7d6df5dd039c822260701c618ca4edb5e3e08a20dac52b873ca5e76b9a3b6793,与 orientation-specific measurement 证据一致。
R008-C0015,2.1 旋转目标检测、周期性与几何损失,31,### 2.1 旋转目标检测、周期性与几何损失,37e854880da9809f85556987359ff6628f5b30d98a7c2a7377e2e42238c41c16,measurement_numeric,"[""multiple_or_not_explicit""]",evaluation unit / detector-head unit,orientation-specific measurement or audited certification frontier,"[""top_journal_v3_reaudit_055/paper_A_orientation_protocol/reports/a1_guaranteed_frontier_all_alpha.csv"", ""top_journal_v3_reaudit_055/paper_A_orientation_protocol/reports/a3_score_menu_summary.csv"", ""top_journal_v3_reaudit_055/paper_A_orientation_protocol/docs/orientation_reliability_paper_A_zh_v077.md""]",VALID,RETAIN,2.1 旋转目标检测、周期性与几何损失,### 2.1 旋转目标检测、周期性与几何损失,37e854880da9809f85556987359ff6628f5b30d98a7c2a7377e2e42238c41c16,与 orientation-specific measurement 证据一致。
R008-C0016,2.1 旋转目标检测、周期性与几何损失,33,"DOTA、FAIR1M、DIOR 和 SODA-A 提供了复杂遥感场景中的旋转检测基准 [1--4]。Oriented R-CNN 以中间表示和候选框机制构造高效旋转检测器 [5]，RTMDet 系列系统研究了实时检测器设计 [6]。旋转框的角度边界不连续和近方形退化推动了 Circular Smooth Label（CSL）、Dense Coded Label（DCL）和 Phase-Shifting Coder（PSC）等角度表示 [7--9]。Gaussian Wasserstein Distance（GWD）与 Kullback--Leibler divergence（KLD）从分布距离角度缓解旋转框回归的不连续性 [10,11]。ARS-DETR进一步讨论了长宽比与 AP@0.5 的朝向敏感性 [12]。这些方法主要优化检测器；本文研究既有输出的朝向风险如何被定义、排序和审计。",eef86419dbdb8c01a92dabdd77545b441fe2c6629f38a3cc045b14933f11bd1c,measurement_numeric,"[""FAIR1M"", ""SODA-A"", ""DOTA""]",evaluation unit / detector-head unit,orientation-specific measurement or audited certification frontier,"[""top_journal_v3_reaudit_055/paper_A_orientation_protocol/reports/a1_guaranteed_frontier_all_alpha.csv"", ""top_journal_v3_reaudit_055/paper_A_orientation_protocol/reports/a3_score_menu_summary.csv"", ""top_journal_v3_reaudit_055/paper_A_orientation_protocol/docs/orientation_reliability_paper_A_zh_v077.md""]",VALID,RETAIN,2.1 旋转目标检测、周期性与几何损失,"DOTA、FAIR1M、DIOR 和 SODA-A 提供了复杂遥感场景中的旋转检测基准 [1--4]。Oriented R-CNN 以中间表示和候选框机制构造高效旋转检测器 [5]，RTMDet 系列系统研究了实时检测器设计 [6]。旋转框的角度边界不连续和近方形退化推动了 Circular Smooth Label（CSL）、Dense Coded Label（DCL）和 Phase-Shifting Coder（PSC）等角度表示 [7--9]。Gaussian Wasserstein Distance（GWD）与 Kullback--Leibler divergence（KLD）从分布距离角度缓解旋转框回归的不连续性 [10,11]。ARS-DETR进一步讨论了长宽比与 AP@0.5 的朝向敏感性 [12]。这些方法主要优化检测器；本文研究既有输出的朝向风险如何被定义、排序和审计。",eef86419dbdb8c01a92dabdd77545b441fe2c6629f38a3cc045b14933f11bd1c,与 orientation-specific measurement 证据一致。
R008-C0017,2.2 选择性预测、风险—覆盖与校准,35,### 2.2 选择性预测、风险—覆盖与校准,9b8c2770b23e10a5a122b70d204f438cbf37dbc52c7e2a91baa42024e2683684,measurement_numeric,"[""multiple_or_not_explicit""]",evaluation unit / detector-head unit,orientation-specific measurement or audited certification frontier,"[""top_journal_v3_reaudit_055/paper_A_orientation_protocol/reports/a1_guaranteed_frontier_all_alpha.csv"", ""top_journal_v3_reaudit_055/paper_A_orientation_protocol/reports/a3_score_menu_summary.csv"", ""top_journal_v3_reaudit_055/paper_A_orientation_protocol/docs/orientation_reliability_paper_A_zh_v077.md""]",VALID,RETAIN,2.2 选择性预测、风险—覆盖与校准,### 2.2 选择性预测、风险—覆盖与校准,9b8c2770b23e10a5a122b70d204f438cbf37dbc52c7e2a91baa42024e2683684,与 orientation-specific measurement 证据一致。
R008-C0018,2.2 选择性预测、风险—覆盖与校准,37,"选择性分类研究模型在拒绝部分样本后风险如何随覆盖率变化 [13--15]。风险—覆盖曲线适合评价“分数能否把低风险样本排在前面”，与概率校准并不相同。神经网络校准和目标检测校准关注预测概率与经验正确率的匹配 [16,17]；检测期望校准误差（D-ECE）进一步考虑框、类别和置信度的联合结构 [17]。本文的 NRC 是排序度量：NRC 小于 1 只能说明 informative 或 non-reversed ranking，不能推出概率 calibrated。",c40142d62f857812f57e45867acb869f383101fdbabcec1ddbba542173df72d3,measurement_numeric,"[""multiple_or_not_explicit""]",evaluation unit / detector-head unit,orientation-specific measurement or audited certification frontier,"[""top_journal_v3_reaudit_055/paper_A_orientation_protocol/reports/a1_guaranteed_frontier_all_alpha.csv"", ""top_journal_v3_reaudit_055/paper_A_orientation_protocol/reports/a3_score_menu_summary.csv"", ""top_journal_v3_reaudit_055/paper_A_orientation_protocol/docs/orientation_reliability_paper_A_zh_v077.md""]",VALID,RETAIN,2.2 选择性预测、风险—覆盖与校准,"选择性分类研究模型在拒绝部分样本后风险如何随覆盖率变化 [13--15]。风险—覆盖曲线适合评价“分数能否把低风险样本排在前面”，与概率校准并不相同。神经网络校准和目标检测校准关注预测概率与经验正确率的匹配 [16,17]；检测期望校准误差（D-ECE）进一步考虑框、类别和置信度的联合结构 [17]。本文的 NRC 是排序度量：NRC 小于 1 只能说明 informative 或 non-reversed ranking，不能推出概率 calibrated。",c40142d62f857812f57e45867acb869f383101fdbabcec1ddbba542173df72d3,与 orientation-specific measurement 证据一致。
R008-C0019,2.3 保形推断与风险控制,39,### 2.3 保形推断与风险控制,f620f810b97d89dec606b48ffad2a18f42bdc82f42f8daddd7a45d06ee1cafdf,measurement_numeric,"[""multiple_or_not_explicit""]",evaluation unit / detector-head unit,orientation-specific measurement or audited certification frontier,"[""top_journal_v3_reaudit_055/paper_A_orientation_protocol/reports/a1_guaranteed_frontier_all_alpha.csv"", ""top_journal_v3_reaudit_055/paper_A_orientation_protocol/reports/a3_score_menu_summary.csv"", ""top_journal_v3_reaudit_055/paper_A_orientation_protocol/docs/orientation_reliability_paper_A_zh_v077.md""]",VALID,RETAIN,2.3 保形推断与风险控制,### 2.3 保形推断与风险控制,f620f810b97d89dec606b48ffad2a18f42bdc82f42f8daddd7a45d06ee1cafdf,与 orientation-specific measurement 证据一致。
R008-C0020,2.3 保形推断与风险控制,41,保形预测利用可交换性构造有限样本覆盖 [18]。Risk-Controlling Prediction Sets、Learn-Then-Test（LTT）和 Conformal Risk Control 将其扩展到一般风险函数及候选超参数选择 [19--21]；相关研究也将保形思想用于目标检测中的框覆盖和错误控制 [22]。这些理论并不自动解决统计单位的选择。如果同一图像或母景中的实例强相关，instance-i.i.d. 分析会高估有效样本量。本文将这些方法作为认证可行性审计，并完整保留严格预算下的不可行结果。,7a0e90101a630d4a89872696651fd4ff0657a04e1dba2f35a5bac598a7c5478c,certification_audit,"[""multiple_or_not_explicit""]",evaluation unit / detector-head unit,orientation-specific measurement or audited certification frontier,"[""top_journal_v3_reaudit_055/paper_A_orientation_protocol/reports/a1_guaranteed_frontier_all_alpha.csv"", ""top_journal_v3_reaudit_055/paper_A_orientation_protocol/reports/a3_score_menu_summary.csv"", ""top_journal_v3_reaudit_055/paper_A_orientation_protocol/docs/orientation_reliability_paper_A_zh_v077.md""]",QUALIFIED,QUALIFY,2.3 保形推断与风险控制,保形预测利用可交换性构造有限样本覆盖 [18]。Risk-Controlling Prediction Sets、Learn-Then-Test（LTT）和 Conformal Risk Control 将其扩展到一般风险函数及候选超参数选择 [19--21]；相关研究也将保形思想用于目标检测中的框覆盖和错误控制 [22]。这些理论并不自动解决统计单位的选择。如果同一图像或母景中的实例强相关，instance-i.i.d. 分析会高估有效样本量。本文将这些方法作为认证可行性审计，并完整保留严格预算下的不可行结果。,7a0e90101a630d4a89872696651fd4ff0657a04e1dba2f35a5bac598a7c5478c,保留可追溯测量主张；认证相关内容仅作审计/边界限定。
R008-C0021,2.4 测试时不确定性与人工标注差异,43,### 2.4 测试时不确定性与人工标注差异,9c97f5edcc52c6b8e93ee5803f6f770ed5ccf0094575ed865c6a6a63d977bf5f,measurement_numeric,"[""multiple_or_not_explicit""]",evaluation unit / detector-head unit,orientation-specific measurement or audited certification frontier,"[""top_journal_v3_reaudit_055/paper_A_orientation_protocol/reports/a1_guaranteed_frontier_all_alpha.csv"", ""top_journal_v3_reaudit_055/paper_A_orientation_protocol/reports/a3_score_menu_summary.csv"", ""top_journal_v3_reaudit_055/paper_A_orientation_protocol/docs/orientation_reliability_paper_A_zh_v077.md""]",VALID,RETAIN,2.4 测试时不确定性与人工标注差异,### 2.4 测试时不确定性与人工标注差异,9c97f5edcc52c6b8e93ee5803f6f770ed5ccf0094575ed865c6a6a63d977bf5f,与 orientation-specific measurement 证据一致。
R008-C0022,2.4 测试时不确定性与人工标注差异,45,"测试时增强可通过多次变换的一致性提供经验不确定性 [23]。对于 $180^\circ$ 周期的朝向，必须在 $\theta\mapsto2\theta$ 的圆域计算方差，而不能直接对角度做线性方差。另一方面，人工标签并非无噪声常数；标注分歧、任务歧义和聚合规则会改变可解释的风险下限 [24,25]。本文分别报告 inter-annotator disagreement、annotator-vs-official-GT discrepancy 和几何 proxy，不将其中任何一个直接解释为真实 GT error。",df0dc3fdfffa4505bafad80d907d2eec16378841fb6fc81e6e8fb7f21b6c9bfd,measurement_numeric,"[""multiple_or_not_explicit""]",evaluation unit / detector-head unit,orientation-specific measurement or audited certification frontier,"[""top_journal_v3_reaudit_055/paper_A_orientation_protocol/reports/a1_guaranteed_frontier_all_alpha.csv"", ""top_journal_v3_reaudit_055/paper_A_orientation_protocol/reports/a3_score_menu_summary.csv"", ""top_journal_v3_reaudit_055/paper_A_orientation_protocol/docs/orientation_reliability_paper_A_zh_v077.md""]",VALID,RETAIN,2.4 测试时不确定性与人工标注差异,"测试时增强可通过多次变换的一致性提供经验不确定性 [23]。对于 $180^\circ$ 周期的朝向，必须在 $\theta\mapsto2\theta$ 的圆域计算方差，而不能直接对角度做线性方差。另一方面，人工标签并非无噪声常数；标注分歧、任务歧义和聚合规则会改变可解释的风险下限 [24,25]。本文分别报告 inter-annotator disagreement、annotator-vs-official-GT discrepancy 和几何 proxy，不将其中任何一个直接解释为真实 GT error。",df0dc3fdfffa4505bafad80d907d2eec16378841fb6fc81e6e8fb7f21b6c9bfd,与 orientation-specific measurement 证据一致。
R008-C0023,3 问题定义,47,## 3 问题定义,f4d05a0723d9a274960f909fbc3350e8d9e39065ebc5cca991f4cd7e871e647d,measurement_numeric,"[""multiple_or_not_explicit""]",evaluation unit / detector-head unit,orientation-specific measurement or audited certification frontier,"[""top_journal_v3_reaudit_055/paper_A_orientation_protocol/reports/a1_guaranteed_frontier_all_alpha.csv"", ""top_journal_v3_reaudit_055/paper_A_orientation_protocol/reports/a3_score_menu_summary.csv"", ""top_journal_v3_reaudit_055/paper_A_orientation_protocol/docs/orientation_reliability_paper_A_zh_v077.md""]",VALID,RETAIN,3 问题定义,## 3 问题定义,f4d05a0723d9a274960f909fbc3350e8d9e39065ebc5cca991f4cd7e871e647d,与 orientation-specific measurement 证据一致。
R008-C0024,3.1 le90 长边朝向与周期误差,49,### 3.1 le90 长边朝向与周期误差,ef4e79a7f6e524ceb4cbeefcadf213289f8c5e0ecdede88e01a8b9a07c151049,measurement_numeric,"[""multiple_or_not_explicit""]",evaluation unit / detector-head unit,orientation-specific measurement or audited certification frontier,"[""top_journal_v3_reaudit_055/paper_A_orientation_protocol/reports/a1_guaranteed_frontier_all_alpha.csv"", ""top_journal_v3_reaudit_055/paper_A_orientation_protocol/reports/a3_score_menu_summary.csv"", ""top_journal_v3_reaudit_055/paper_A_orientation_protocol/docs/orientation_reliability_paper_A_zh_v077.md""]",VALID,RETAIN,3.1 le90 长边朝向与周期误差,### 3.1 le90 长边朝向与周期误差,ef4e79a7f6e524ceb4cbeefcadf213289f8c5e0ecdede88e01a8b9a07c151049,与 orientation-specific measurement 证据一致。
R008-C0025,3.1 le90 长边朝向与周期误差,51,"将任意旋转框规范为长边表示：若 $w<h$，交换长短边并令角度增加 $90^\circ$。规范后的角度记为 $\phi\in[0^\circ,180^\circ)$。预测角 $\hat\phi$ 与参考角 $\phi$ 的圆周误差为",1ea4455937db0b9ec20a70d7bf599333df563255243c8c832cf01dfd52a8c158,measurement_numeric,"[""multiple_or_not_explicit""]",evaluation unit / detector-head unit,orientation-specific measurement or audited certification frontier,"[""top_journal_v3_reaudit_055/paper_A_orientation_protocol/reports/a1_guaranteed_frontier_all_alpha.csv"", ""top_journal_v3_reaudit_055/paper_A_orientation_protocol/reports/a3_score_menu_summary.csv"", ""top_journal_v3_reaudit_055/paper_A_orientation_protocol/docs/orientation_reliability_paper_A_zh_v077.md""]",VALID,RETAIN,3.1 le90 长边朝向与周期误差,"将任意旋转框规范为长边表示：若 $w<h$，交换长短边并令角度增加 $90^\circ$。规范后的角度记为 $\phi\in[0^\circ,180^\circ)$。预测角 $\hat\phi$ 与参考角 $\phi$ 的圆周误差为",1ea4455937db0b9ec20a70d7bf599333df563255243c8c832cf01dfd52a8c158,与 orientation-specific measurement 证据一致。
R008-C0026,3.1 le90 长边朝向与周期误差,55,=\min_{k\in\mathbb Z}\left|\hat\phi-\phi+180^\circ k\right|,5c9d10e89107681d72f931b31263c2a2b898924091c71b53a17498c8a6bc66a4,measurement_numeric,"[""multiple_or_not_explicit""]",evaluation unit / detector-head unit,orientation-specific measurement or audited certification frontier,"[""top_journal_v3_reaudit_055/paper_A_orientation_protocol/reports/a1_guaranteed_frontier_all_alpha.csv"", ""top_journal_v3_reaudit_055/paper_A_orientation_protocol/reports/a3_score_menu_summary.csv"", ""top_journal_v3_reaudit_055/paper_A_orientation_protocol/docs/orientation_reliability_paper_A_zh_v077.md""]",VALID,RETAIN,3.1 le90 长边朝向与周期误差,=\min_{k\in\mathbb Z}\left|\hat\phi-\phi+180^\circ k\right|,5c9d10e89107681d72f931b31263c2a2b898924091c71b53a17498c8a6bc66a4,与 orientation-specific measurement 证据一致。
R008-C0027,3.1 le90 长边朝向与周期误差,56,"=\min\left(d,180^\circ-d\right),",d28cfc34aed48478934bcbafe305fdceb475442674a6b5f72b22f07bf0726fac,measurement_numeric,"[""multiple_or_not_explicit""]",evaluation unit / detector-head unit,orientation-specific measurement or audited certification frontier,"[""top_journal_v3_reaudit_055/paper_A_orientation_protocol/reports/a1_guaranteed_frontier_all_alpha.csv"", ""top_journal_v3_reaudit_055/paper_A_orientation_protocol/reports/a3_score_menu_summary.csv"", ""top_journal_v3_reaudit_055/paper_A_orientation_protocol/docs/orientation_reliability_paper_A_zh_v077.md""]",VALID,RETAIN,3.1 le90 长边朝向与周期误差,"=\min\left(d,180^\circ-d\right),",d28cfc34aed48478934bcbafe305fdceb475442674a6b5f72b22f07bf0726fac,与 orientation-specific measurement 证据一致。
R008-C0028,3.1 le90 长边朝向与周期误差,59,"其中 $d=|\hat\phi-\phi|\bmod180^\circ$，故 $e_\theta\in[0^\circ,90^\circ]$。该量描述几何长边方向，不判断物体头尾或语义航向。",499c243f1b6904016543d1c0af7d7ea9fea2f2d9efa0f8daff064b162ed10fee,measurement_numeric,"[""multiple_or_not_explicit""]",evaluation unit / detector-head unit,orientation-specific measurement or audited certification frontier,"[""top_journal_v3_reaudit_055/paper_A_orientation_protocol/reports/a1_guaranteed_frontier_all_alpha.csv"", ""top_journal_v3_reaudit_055/paper_A_orientation_protocol/reports/a3_score_menu_summary.csv"", ""top_journal_v3_reaudit_055/paper_A_orientation_protocol/docs/orientation_reliability_paper_A_zh_v077.md""]",VALID,RETAIN,3.1 le90 长边朝向与周期误差,"其中 $d=|\hat\phi-\phi|\bmod180^\circ$，故 $e_\theta\in[0^\circ,90^\circ]$。该量描述几何长边方向，不判断物体头尾或语义航向。",499c243f1b6904016543d1c0af7d7ea9fea2f2d9efa0f8daff064b162ed10fee,与 orientation-specific measurement 证据一致。
R008-C0029,3.2 长宽比与可辨识区域,61,### 3.2 长宽比与可辨识区域,aff587ec9d7e45f941f6959d44895d86dcad0d14fa28221ff96e6a6ee2cf89c9,measurement_numeric,"[""multiple_or_not_explicit""]",evaluation unit / detector-head unit,orientation-specific measurement or audited certification frontier,"[""top_journal_v3_reaudit_055/paper_A_orientation_protocol/reports/a1_guaranteed_frontier_all_alpha.csv"", ""top_journal_v3_reaudit_055/paper_A_orientation_protocol/reports/a3_score_menu_summary.csv"", ""top_journal_v3_reaudit_055/paper_A_orientation_protocol/docs/orientation_reliability_paper_A_zh_v077.md""]",VALID,RETAIN,3.2 长宽比与可辨识区域,### 3.2 长宽比与可辨识区域,aff587ec9d7e45f941f6959d44895d86dcad0d14fa28221ff96e6a6ee2cf89c9,与 orientation-specific measurement 证据一致。
R008-C0030,3.2 长宽比与可辨识区域,66,"a=\frac{\max(w,h)}{\min(w,h)}\ge1.",6a03140a8e4aa36b4513506ff60aa5b1da9717282fd079b001351d3b109a0b0e,measurement_numeric,"[""multiple_or_not_explicit""]",evaluation unit / detector-head unit,orientation-specific measurement or audited certification frontier,"[""top_journal_v3_reaudit_055/paper_A_orientation_protocol/reports/a1_guaranteed_frontier_all_alpha.csv"", ""top_journal_v3_reaudit_055/paper_A_orientation_protocol/reports/a3_score_menu_summary.csv"", ""top_journal_v3_reaudit_055/paper_A_orientation_protocol/docs/orientation_reliability_paper_A_zh_v077.md""]",VALID,RETAIN,3.2 长宽比与可辨识区域,"a=\frac{\max(w,h)}{\min(w,h)}\ge1.",6a03140a8e4aa36b4513506ff60aa5b1da9717282fd079b001351d3b109a0b0e,与 orientation-specific measurement 证据一致。
R008-C0031,3.2 长宽比与可辨识区域,69,当 $a\to1$ 时，长轴方向趋于不可辨识，角度变化对旋转矩形几何的影响也减弱。本文正文唯一主口径为 `ar>=2.1`，并排除预测框或参考框处于近方形不稳定区的实例。`ar>=1.6` 和 `ar>=1.3` 仅用于敏感性检查，不用于替代主结果。,a0870d926a57075362020961f575c6980e1c8998dff87dc0185c2dff842e0078,measurement_numeric,"[""multiple_or_not_explicit""]",evaluation unit / detector-head unit,orientation-specific measurement or audited certification frontier,"[""top_journal_v3_reaudit_055/paper_A_orientation_protocol/reports/a1_guaranteed_frontier_all_alpha.csv"", ""top_journal_v3_reaudit_055/paper_A_orientation_protocol/reports/a3_score_menu_summary.csv"", ""top_journal_v3_reaudit_055/paper_A_orientation_protocol/docs/orientation_reliability_paper_A_zh_v077.md""]",VALID,RETAIN,3.2 长宽比与可辨识区域,当 $a\to1$ 时，长轴方向趋于不可辨识，角度变化对旋转矩形几何的影响也减弱。本文正文唯一主口径为 `ar>=2.1`，并排除预测框或参考框处于近方形不稳定区的实例。`ar>=1.6` 和 `ar>=1.3` 仅用于敏感性检查，不用于替代主结果。,a0870d926a57075362020961f575c6980e1c8998dff87dc0185c2dff842e0078,与 orientation-specific measurement 证据一致。
R008-C0032,3.3 可靠性分数与风险对象,71,### 3.3 可靠性分数与风险对象,ab76f8cf99a0b48830295283745bfc7a7eb5461ab3e3f9f9cfccac5d1124b1aa,measurement_numeric,"[""multiple_or_not_explicit""]",evaluation unit / detector-head unit,orientation-specific measurement or audited certification frontier,"[""top_journal_v3_reaudit_055/paper_A_orientation_protocol/reports/a1_guaranteed_frontier_all_alpha.csv"", ""top_journal_v3_reaudit_055/paper_A_orientation_protocol/reports/a3_score_menu_summary.csv"", ""top_journal_v3_reaudit_055/paper_A_orientation_protocol/docs/orientation_reliability_paper_A_zh_v077.md""]",VALID,RETAIN,3.3 可靠性分数与风险对象,### 3.3 可靠性分数与风险对象,ab76f8cf99a0b48830295283745bfc7a7eb5461ab3e3f9f9cfccac5d1124b1aa,与 orientation-specific measurement 证据一致。
R008-C0033,4 几何可辨识性与归一化风险,75,## 4 几何可辨识性与归一化风险,3106446b98c1c5127839e611cdff5e69dbc9dd9ea9dfb48377de1b9937856fb2,measurement_numeric,"[""multiple_or_not_explicit""]",evaluation unit / detector-head unit,orientation-specific measurement or audited certification frontier,"[""top_journal_v3_reaudit_055/paper_A_orientation_protocol/reports/a1_guaranteed_frontier_all_alpha.csv"", ""top_journal_v3_reaudit_055/paper_A_orientation_protocol/reports/a3_score_menu_summary.csv"", ""top_journal_v3_reaudit_055/paper_A_orientation_protocol/docs/orientation_reliability_paper_A_zh_v077.md""]",VALID,RETAIN,4 几何可辨识性与归一化风险,## 4 几何可辨识性与归一化风险,3106446b98c1c5127839e611cdff5e69dbc9dd9ea9dfb48377de1b9937856fb2,与 orientation-specific measurement 证据一致。
R008-C0034,4.1 理想几何容忍角,77,### 4.1 理想几何容忍角,796e0195b7fe2279dd8a13c1c23d0ac9f44136ec77c34fcfd4f5d2cda039e5e6,measurement_numeric,"[""multiple_or_not_explicit""]",evaluation unit / detector-head unit,orientation-specific measurement or audited certification frontier,"[""top_journal_v3_reaudit_055/paper_A_orientation_protocol/reports/a1_guaranteed_frontier_all_alpha.csv"", ""top_journal_v3_reaudit_055/paper_A_orientation_protocol/reports/a3_score_menu_summary.csv"", ""top_journal_v3_reaudit_055/paper_A_orientation_protocol/docs/orientation_reliability_paper_A_zh_v077.md""]",VALID,RETAIN,4.1 理想几何容忍角,### 4.1 理想几何容忍角,796e0195b7fe2279dd8a13c1c23d0ac9f44136ec77c34fcfd4f5d2cda039e5e6,与 orientation-specific measurement 证据一致。
R008-C0035,4.1 理想几何容忍角,83,"\inf\left\{\delta\in[0^\circ,90^\circ]:J(\delta;a)<\tau\right\}.",49dad16cefc70512cbfdff4458cdb57abe994b578d39441cf1faad198c988d1a,measurement_numeric,"[""multiple_or_not_explicit""]",evaluation unit / detector-head unit,orientation-specific measurement or audited certification frontier,"[""top_journal_v3_reaudit_055/paper_A_orientation_protocol/reports/a1_guaranteed_frontier_all_alpha.csv"", ""top_journal_v3_reaudit_055/paper_A_orientation_protocol/reports/a3_score_menu_summary.csv"", ""top_journal_v3_reaudit_055/paper_A_orientation_protocol/docs/orientation_reliability_paper_A_zh_v077.md""]",VALID,RETAIN,4.1 理想几何容忍角,"\inf\left\{\delta\in[0^\circ,90^\circ]:J(\delta;a)<\tau\right\}.",49dad16cefc70512cbfdff4458cdb57abe994b578d39441cf1faad198c988d1a,与 orientation-specific measurement 证据一致。
R008-C0036,4.1 理想几何容忍角,86,数值求解遵循 le90 第一叶，角度精度为 $0.001^\circ$。$a$ 越大，$\delta_\tau(a)$ 通常越小；$\tau=0.75$ 比 $\tau=0.50$ 更早响应角度变化。以“15° 误差应在 IoU 0.75 下产生明确几何后果”为原则，反解交叉点约为 $a=2.1$，由此得到正文主口径。,1fed5cf0ab6ff7483cea99f45d91eb562c285578f44ade6e578fc54a233811e9,measurement_numeric,"[""multiple_or_not_explicit""]",evaluation unit / detector-head unit,orientation-specific measurement or audited certification frontier,"[""top_journal_v3_reaudit_055/paper_A_orientation_protocol/reports/a1_guaranteed_frontier_all_alpha.csv"", ""top_journal_v3_reaudit_055/paper_A_orientation_protocol/reports/a3_score_menu_summary.csv"", ""top_journal_v3_reaudit_055/paper_A_orientation_protocol/docs/orientation_reliability_paper_A_zh_v077.md""]",VALID,RETAIN,4.1 理想几何容忍角,数值求解遵循 le90 第一叶，角度精度为 $0.001^\circ$。$a$ 越大，$\delta_\tau(a)$ 通常越小；$\tau=0.75$ 比 $\tau=0.50$ 更早响应角度变化。以“15° 误差应在 IoU 0.75 下产生明确几何后果”为原则，反解交叉点约为 $a=2.1$，由此得到正文主口径。,1fed5cf0ab6ff7483cea99f45d91eb562c285578f44ade6e578fc54a233811e9,与 orientation-specific measurement 证据一致。
R008-C0037,4.2 主风险事件与固定角度敏感性,90,### 4.2 主风险事件与固定角度敏感性,1dfebebbf7f3d7eb98a10104bddda468cbbf65b8fdd6afb9c9c2e770c3656273,measurement_numeric,"[""multiple_or_not_explicit""]",evaluation unit / detector-head unit,orientation-specific measurement or audited certification frontier,"[""top_journal_v3_reaudit_055/paper_A_orientation_protocol/reports/a1_guaranteed_frontier_all_alpha.csv"", ""top_journal_v3_reaudit_055/paper_A_orientation_protocol/reports/a3_score_menu_summary.csv"", ""top_journal_v3_reaudit_055/paper_A_orientation_protocol/docs/orientation_reliability_paper_A_zh_v077.md""]",VALID,RETAIN,4.2 主风险事件与固定角度敏感性,### 4.2 主风险事件与固定角度敏感性,1dfebebbf7f3d7eb98a10104bddda468cbbf65b8fdd6afb9c9c2e770c3656273,与 orientation-specific measurement 证据一致。
R008-C0038,4.2 主风险事件与固定角度敏感性,96,"=\mathbf 1\left\{e_{\theta,i}>\delta_{0.75}(a_i)\right\}.",29dfd9b2ec84c01ac66dc54f1e205f14c2e5378c64d64b36ee4a0631cc95a1cd,measurement_numeric,"[""multiple_or_not_explicit""]",evaluation unit / detector-head unit,orientation-specific measurement or audited certification frontier,"[""top_journal_v3_reaudit_055/paper_A_orientation_protocol/reports/a1_guaranteed_frontier_all_alpha.csv"", ""top_journal_v3_reaudit_055/paper_A_orientation_protocol/reports/a3_score_menu_summary.csv"", ""top_journal_v3_reaudit_055/paper_A_orientation_protocol/docs/orientation_reliability_paper_A_zh_v077.md""]",VALID,RETAIN,4.2 主风险事件与固定角度敏感性,"=\mathbf 1\left\{e_{\theta,i}>\delta_{0.75}(a_i)\right\}.",29dfd9b2ec84c01ac66dc54f1e205f14c2e5378c64d64b36ee4a0631cc95a1cd,与 orientation-specific measurement 证据一致。
R008-C0039,4.2 主风险事件与固定角度敏感性,99,该定义对细长目标使用更严格的角度容差，对较低长宽比目标使用更宽的容差。它描述“在理想共中心同尺度模型下超出 IoU 0.75 几何容忍度”，不等价于真实检测框必然跌破 IoU 0.75。,48feefd6d21625071d1e5fbb399a6f4b2a55652675fc543a45c8b3b0e1f44c06,measurement_numeric,"[""multiple_or_not_explicit""]",evaluation unit / detector-head unit,orientation-specific measurement or audited certification frontier,"[""top_journal_v3_reaudit_055/paper_A_orientation_protocol/reports/a1_guaranteed_frontier_all_alpha.csv"", ""top_journal_v3_reaudit_055/paper_A_orientation_protocol/reports/a3_score_menu_summary.csv"", ""top_journal_v3_reaudit_055/paper_A_orientation_protocol/docs/orientation_reliability_paper_A_zh_v077.md""]",VALID,RETAIN,4.2 主风险事件与固定角度敏感性,该定义对细长目标使用更严格的角度容差，对较低长宽比目标使用更宽的容差。它描述“在理想共中心同尺度模型下超出 IoU 0.75 几何容忍度”，不等价于真实检测框必然跌破 IoU 0.75。,48feefd6d21625071d1e5fbb399a6f4b2a55652675fc543a45c8b3b0e1f44c06,与 orientation-specific measurement 证据一致。
R008-C0040,4.2 主风险事件与固定角度敏感性,104,"Y_i^{(q)}=\mathbf 1\{e_{\theta,i}>q\},\qquad q\in\{5^\circ,10^\circ,15^\circ\}.",687dd6ec5048b0e56b3db8d1de50c82e7a84f6bfdce8bb17aac9b58fc46f1442,measurement_numeric,"[""multiple_or_not_explicit""]",evaluation unit / detector-head unit,orientation-specific measurement or audited certification frontier,"[""top_journal_v3_reaudit_055/paper_A_orientation_protocol/reports/a1_guaranteed_frontier_all_alpha.csv"", ""top_journal_v3_reaudit_055/paper_A_orientation_protocol/reports/a3_score_menu_summary.csv"", ""top_journal_v3_reaudit_055/paper_A_orientation_protocol/docs/orientation_reliability_paper_A_zh_v077.md""]",VALID,RETAIN,4.2 主风险事件与固定角度敏感性,"Y_i^{(q)}=\mathbf 1\{e_{\theta,i}>q\},\qquad q\in\{5^\circ,10^\circ,15^\circ\}.",687dd6ec5048b0e56b3db8d1de50c82e7a84f6bfdce8bb17aac9b58fc46f1442,与 orientation-specific measurement 证据一致。
R008-C0041,4.2 主风险事件与固定角度敏感性,107,5° 用于 fine-risk，但对标注不确定性敏感；10° 和 15° 提供更清晰的严重误差解释。,504e4690a027b077b9778b4f055e0441422fa9c29c7af1877a2e6ad9a94986da,measurement_numeric,"[""multiple_or_not_explicit""]",evaluation unit / detector-head unit,orientation-specific measurement or audited certification frontier,"[""top_journal_v3_reaudit_055/paper_A_orientation_protocol/reports/a1_guaranteed_frontier_all_alpha.csv"", ""top_journal_v3_reaudit_055/paper_A_orientation_protocol/reports/a3_score_menu_summary.csv"", ""top_journal_v3_reaudit_055/paper_A_orientation_protocol/docs/orientation_reliability_paper_A_zh_v077.md""]",VALID,RETAIN,4.2 主风险事件与固定角度敏感性,5° 用于 fine-risk，但对标注不确定性敏感；10° 和 15° 提供更清晰的严重误差解释。,504e4690a027b077b9778b4f055e0441422fa9c29c7af1877a2e6ad9a94986da,与 orientation-specific measurement 证据一致。
R008-C0042,5 朝向可靠性测量协议,109,## 5 朝向可靠性测量协议,727d848867bd8a091ab7dc4ccd303b34ccb9d39219354be705ffbfd06d55e84e,measurement_numeric,"[""multiple_or_not_explicit""]",evaluation unit / detector-head unit,orientation-specific measurement or audited certification frontier,"[""top_journal_v3_reaudit_055/paper_A_orientation_protocol/reports/a1_guaranteed_frontier_all_alpha.csv"", ""top_journal_v3_reaudit_055/paper_A_orientation_protocol/reports/a3_score_menu_summary.csv"", ""top_journal_v3_reaudit_055/paper_A_orientation_protocol/docs/orientation_reliability_paper_A_zh_v077.md""]",VALID,RETAIN,5 朝向可靠性测量协议,## 5 朝向可靠性测量协议,727d848867bd8a091ab7dc4ccd303b34ccb9d39219354be705ffbfd06d55e84e,与 orientation-specific measurement 证据一致。
R008-C0043,5.1 风险—覆盖曲线与 AURC,111,### 5.1 风险—覆盖曲线与 AURC,d5bb420029dafd9c84109f021af19f270308a5009f3dfa62e6a83885efd316de,measurement_numeric,"[""multiple_or_not_explicit""]",evaluation unit / detector-head unit,orientation-specific measurement or audited certification frontier,"[""top_journal_v3_reaudit_055/paper_A_orientation_protocol/reports/a1_guaranteed_frontier_all_alpha.csv"", ""top_journal_v3_reaudit_055/paper_A_orientation_protocol/reports/a3_score_menu_summary.csv"", ""top_journal_v3_reaudit_055/paper_A_orientation_protocol/docs/orientation_reliability_paper_A_zh_v077.md""]",VALID,RETAIN,5.1 风险—覆盖曲线与 AURC,### 5.1 风险—覆盖曲线与 AURC,d5bb420029dafd9c84109f021af19f270308a5009f3dfa62e6a83885efd316de,与 orientation-specific measurement 证据一致。
R008-C0044,5.1 风险—覆盖曲线与 AURC,116,"R_s(c)=\frac{1}{k}\sum_{j=1}^{k}\ell_{(j)},",7c44d4447846dd85da25ab97f3fd5ca0d215a015f905ba75b2c8ef30194580e8,measurement_numeric,"[""multiple_or_not_explicit""]",evaluation unit / detector-head unit,orientation-specific measurement or audited certification frontier,"[""top_journal_v3_reaudit_055/paper_A_orientation_protocol/reports/a1_guaranteed_frontier_all_alpha.csv"", ""top_journal_v3_reaudit_055/paper_A_orientation_protocol/reports/a3_score_menu_summary.csv"", ""top_journal_v3_reaudit_055/paper_A_orientation_protocol/docs/orientation_reliability_paper_A_zh_v077.md""]",VALID,RETAIN,5.1 风险—覆盖曲线与 AURC,"R_s(c)=\frac{1}{k}\sum_{j=1}^{k}\ell_{(j)},",7c44d4447846dd85da25ab97f3fd5ca0d215a015f905ba75b2c8ef30194580e8,与 orientation-specific measurement 证据一致。
R008-C0045,5.1 风险—覆盖曲线与 AURC,122,\operatorname{AURC}(s)=\frac{1}{n}\sum_{k=1}^{n}R_s(k/n).,d92960db2dc121a7a458526aa22b7cd797208d8aa85a8b3c8aefb69f1ac36794,measurement_numeric,"[""multiple_or_not_explicit""]",evaluation unit / detector-head unit,orientation-specific measurement or audited certification frontier,"[""top_journal_v3_reaudit_055/paper_A_orientation_protocol/reports/a1_guaranteed_frontier_all_alpha.csv"", ""top_journal_v3_reaudit_055/paper_A_orientation_protocol/reports/a3_score_menu_summary.csv"", ""top_journal_v3_reaudit_055/paper_A_orientation_protocol/docs/orientation_reliability_paper_A_zh_v077.md""]",VALID,RETAIN,5.1 风险—覆盖曲线与 AURC,\operatorname{AURC}(s)=\frac{1}{n}\sum_{k=1}^{n}R_s(k/n).,d92960db2dc121a7a458526aa22b7cd797208d8aa85a8b3c8aefb69f1ac36794,与 orientation-specific measurement 证据一致。
R008-C0046,5.1 风险—覆盖曲线与 AURC,125,本文同时报告 Risk@70、Risk@90、保留数量与保留比例，避免单个面积掩盖高覆盖区行为。,02ac903725ba7bba238843654c76fa82d27db974e1863ab73524e7c1678d87ed,measurement_numeric,"[""multiple_or_not_explicit""]",evaluation unit / detector-head unit,orientation-specific measurement or audited certification frontier,"[""top_journal_v3_reaudit_055/paper_A_orientation_protocol/reports/a1_guaranteed_frontier_all_alpha.csv"", ""top_journal_v3_reaudit_055/paper_A_orientation_protocol/reports/a3_score_menu_summary.csv"", ""top_journal_v3_reaudit_055/paper_A_orientation_protocol/docs/orientation_reliability_paper_A_zh_v077.md""]",VALID,RETAIN,5.1 风险—覆盖曲线与 AURC,本文同时报告 Risk@70、Risk@90、保留数量与保留比例，避免单个面积掩盖高覆盖区行为。,02ac903725ba7bba238843654c76fa82d27db974e1863ab73524e7c1678d87ed,与 orientation-specific measurement 证据一致。
R008-C0047,5.2 归一化风险—覆盖面积,127,### 5.2 归一化风险—覆盖面积,65c3edaa2f64d40266e00132f592b9551c8e64b478875ef53655075a3700f803,measurement_numeric,"[""multiple_or_not_explicit""]",evaluation unit / detector-head unit,orientation-specific measurement or audited certification frontier,"[""top_journal_v3_reaudit_055/paper_A_orientation_protocol/reports/a1_guaranteed_frontier_all_alpha.csv"", ""top_journal_v3_reaudit_055/paper_A_orientation_protocol/reports/a3_score_menu_summary.csv"", ""top_journal_v3_reaudit_055/paper_A_orientation_protocol/docs/orientation_reliability_paper_A_zh_v077.md""]",VALID,RETAIN,5.2 归一化风险—覆盖面积,### 5.2 归一化风险—覆盖面积,65c3edaa2f64d40266e00132f592b9551c8e64b478875ef53655075a3700f803,与 orientation-specific measurement 证据一致。
R008-C0048,5.2 归一化风险—覆盖面积,137,- NRC=0：理想风险排序；,838d09a5b29b06b3a514aaa5fae2792e6b7acd0689f8d98f39ca691348ed8569,measurement_numeric,"[""multiple_or_not_explicit""]",evaluation unit / detector-head unit,orientation-specific measurement or audited certification frontier,"[""top_journal_v3_reaudit_055/paper_A_orientation_protocol/reports/a1_guaranteed_frontier_all_alpha.csv"", ""top_journal_v3_reaudit_055/paper_A_orientation_protocol/reports/a3_score_menu_summary.csv"", ""top_journal_v3_reaudit_055/paper_A_orientation_protocol/docs/orientation_reliability_paper_A_zh_v077.md""]",VALID,RETAIN,5.2 归一化风险—覆盖面积,- NRC=0：理想风险排序；,838d09a5b29b06b3a514aaa5fae2792e6b7acd0689f8d98f39ca691348ed8569,与 orientation-specific measurement 证据一致。
R008-C0049,5.2 归一化风险—覆盖面积,138,- NRC=1：随机排序基线；,70403995461fbd3e06122f174013188ec5f2e8f302ea9b87da2bad28150cfa09,measurement_numeric,"[""multiple_or_not_explicit""]",evaluation unit / detector-head unit,orientation-specific measurement or audited certification frontier,"[""top_journal_v3_reaudit_055/paper_A_orientation_protocol/reports/a1_guaranteed_frontier_all_alpha.csv"", ""top_journal_v3_reaudit_055/paper_A_orientation_protocol/reports/a3_score_menu_summary.csv"", ""top_journal_v3_reaudit_055/paper_A_orientation_protocol/docs/orientation_reliability_paper_A_zh_v077.md""]",VALID,RETAIN,5.2 归一化风险—覆盖面积,- NRC=1：随机排序基线；,70403995461fbd3e06122f174013188ec5f2e8f302ea9b87da2bad28150cfa09,与 orientation-specific measurement 证据一致。
R008-C0050,5.2 归一化风险—覆盖面积,139,- NRC>1：相对风险反序；,2d3b16f3c04565c323738974234fd75ac1598706bb47efc96e88d3ecfb52fe4c,measurement_numeric,"[""multiple_or_not_explicit""]",evaluation unit / detector-head unit,orientation-specific measurement or audited certification frontier,"[""top_journal_v3_reaudit_055/paper_A_orientation_protocol/reports/a1_guaranteed_frontier_all_alpha.csv"", ""top_journal_v3_reaudit_055/paper_A_orientation_protocol/reports/a3_score_menu_summary.csv"", ""top_journal_v3_reaudit_055/paper_A_orientation_protocol/docs/orientation_reliability_paper_A_zh_v077.md""]",VALID,RETAIN,5.2 归一化风险—覆盖面积,- NRC>1：相对风险反序；,2d3b16f3c04565c323738974234fd75ac1598706bb47efc96e88d3ecfb52fe4c,与 orientation-specific measurement 证据一致。
R008-C0051,5.2 归一化风险—覆盖面积,140,- NRC<1：informative 或 non-reversed ranking，但不表示 calibrated。,cdbd3b94ea6f18eed0a364a074ca2f18ff1a942616b490396b38c40e770bbf69,measurement_numeric,"[""multiple_or_not_explicit""]",evaluation unit / detector-head unit,orientation-specific measurement or audited certification frontier,"[""top_journal_v3_reaudit_055/paper_A_orientation_protocol/reports/a1_guaranteed_frontier_all_alpha.csv"", ""top_journal_v3_reaudit_055/paper_A_orientation_protocol/reports/a3_score_menu_summary.csv"", ""top_journal_v3_reaudit_055/paper_A_orientation_protocol/docs/orientation_reliability_paper_A_zh_v077.md""]",VALID,RETAIN,5.2 归一化风险—覆盖面积,- NRC<1：informative 或 non-reversed ranking，但不表示 calibrated。,cdbd3b94ea6f18eed0a364a074ca2f18ff1a942616b490396b38c40e770bbf69,与 orientation-specific measurement 证据一致。
R008-C0052,5.3 Score menu 与监督分类,144,### 5.3 Score menu 与监督分类,a3ac9c315dd7044044f514740545e0bbd791a79b6e25c739450c4bd332761c84,measurement_numeric,"[""multiple_or_not_explicit""]",evaluation unit / detector-head unit,orientation-specific measurement or audited certification frontier,"[""top_journal_v3_reaudit_055/paper_A_orientation_protocol/reports/a1_guaranteed_frontier_all_alpha.csv"", ""top_journal_v3_reaudit_055/paper_A_orientation_protocol/reports/a3_score_menu_summary.csv"", ""top_journal_v3_reaudit_055/paper_A_orientation_protocol/docs/orientation_reliability_paper_A_zh_v077.md""]",VALID,RETAIN,5.3 Score menu 与监督分类,### 5.3 Score menu 与监督分类,a3ac9c315dd7044044f514740545e0bbd791a79b6e25c739450c4bd332761c84,与 orientation-specific measurement 证据一致。
R008-C0053,5.3 Score menu 与监督分类,150,| detection score | 检测器原始置信度，无额外 GT 拟合 | 是 | 可部署基线 |,535bd1acfcf67c587cce25f7a52d18b71ec14b47fb71d32a2e4557904c39149a,certification_audit,"[""multiple_or_not_explicit""]",evaluation unit / detector-head unit,orientation-specific measurement or audited certification frontier,"[""top_journal_v3_reaudit_055/paper_A_orientation_protocol/reports/a1_guaranteed_frontier_all_alpha.csv"", ""top_journal_v3_reaudit_055/paper_A_orientation_protocol/reports/a3_score_menu_summary.csv"", ""top_journal_v3_reaudit_055/paper_A_orientation_protocol/docs/orientation_reliability_paper_A_zh_v077.md""]",QUALIFIED,QUALIFY,5.3 Score menu 与监督分类,| detection score | 检测器原始置信度，无额外 GT 拟合 | 是 | 可部署基线 |,535bd1acfcf67c587cce25f7a52d18b71ec14b47fb71d32a2e4557904c39149a,保留可追溯测量主张；认证相关内容仅作审计/边界限定。
R008-C0054,5.3 Score menu 与监督分类,151,| TTA circular consistency | 对增强角做 $\theta\mapsto2\theta$，取负圆方差 | 是 | 无目标 GT，但增加推理成本 |,0a7104bcb94d1670d5d437354461b972dce979d6652103d6c91b0745ae79c854,measurement_numeric,"[""multiple_or_not_explicit""]",evaluation unit / detector-head unit,orientation-specific measurement or audited certification frontier,"[""top_journal_v3_reaudit_055/paper_A_orientation_protocol/reports/a1_guaranteed_frontier_all_alpha.csv"", ""top_journal_v3_reaudit_055/paper_A_orientation_protocol/reports/a3_score_menu_summary.csv"", ""top_journal_v3_reaudit_055/paper_A_orientation_protocol/docs/orientation_reliability_paper_A_zh_v077.md""]",VALID,RETAIN,5.3 Score menu 与监督分类,| TTA circular consistency | 对增强角做 $\theta\mapsto2\theta$，取负圆方差 | 是 | 无目标 GT，但增加推理成本 |,0a7104bcb94d1670d5d437354461b972dce979d6652103d6c91b0745ae79c854,与 orientation-specific measurement 证据一致。
R008-C0055,5.3 Score menu 与监督分类,153,| target-GT nonlinear geometry | 同类几何特征，在目标域独立拟合集上用 GT 角误差训练 | 是 | diagnostic/calibration upper bound，不可部署 |,7f32866630cd2f1a17ae7d19511a2f1392d9afccdc1f9629c354d51416abc013,certification_audit,"[""multiple_or_not_explicit""]",evaluation unit / detector-head unit,orientation-specific measurement or audited certification frontier,"[""top_journal_v3_reaudit_055/paper_A_orientation_protocol/reports/a1_guaranteed_frontier_all_alpha.csv"", ""top_journal_v3_reaudit_055/paper_A_orientation_protocol/reports/a3_score_menu_summary.csv"", ""top_journal_v3_reaudit_055/paper_A_orientation_protocol/docs/orientation_reliability_paper_A_zh_v077.md""]",QUALIFIED,QUALIFY,5.3 Score menu 与监督分类,| target-GT nonlinear geometry | 同类几何特征，在目标域独立拟合集上用 GT 角误差训练 | 是 | diagnostic/calibration upper bound，不可部署 |,7f32866630cd2f1a17ae7d19511a2f1392d9afccdc1f9629c354d51416abc013,保留可追溯测量主张；认证相关内容仅作审计/边界限定。
R008-C0056,5.3 Score menu 与监督分类,155,目标域上界的拟合集、认证标定集与审计集相互独立，但这种独立性不消除其目标域 GT 依赖。它只能估计可观测几何特征所包含的 headroom。,8cb82854a1377678366e1a3806b823b174724909bfcac571c09f57c6ccc64478,certification_audit,"[""multiple_or_not_explicit""]",evaluation unit / detector-head unit,orientation-specific measurement or audited certification frontier,"[""top_journal_v3_reaudit_055/paper_A_orientation_protocol/reports/a1_guaranteed_frontier_all_alpha.csv"", ""top_journal_v3_reaudit_055/paper_A_orientation_protocol/reports/a3_score_menu_summary.csv"", ""top_journal_v3_reaudit_055/paper_A_orientation_protocol/docs/orientation_reliability_paper_A_zh_v077.md""]",QUALIFIED,QUALIFY,5.3 Score menu 与监督分类,目标域上界的拟合集、认证标定集与审计集相互独立，但这种独立性不消除其目标域 GT 依赖。它只能估计可观测几何特征所包含的 headroom。,8cb82854a1377678366e1a3806b823b174724909bfcac571c09f57c6ccc64478,保留可追溯测量主张；认证相关内容仅作审计/边界限定。
R008-C0057,6 场景级统计与认证可行性审计,157,## 6 场景级统计与认证可行性审计,9fceba9a8b8ca5780a2011fb6d2c11fa19915bb491029f0035825820bbeab58b,certification_audit,"[""multiple_or_not_explicit""]",evaluation unit / detector-head unit,orientation-specific measurement or audited certification frontier,"[""top_journal_v3_reaudit_055/paper_A_orientation_protocol/reports/a1_guaranteed_frontier_all_alpha.csv"", ""top_journal_v3_reaudit_055/paper_A_orientation_protocol/reports/a3_score_menu_summary.csv"", ""top_journal_v3_reaudit_055/paper_A_orientation_protocol/docs/orientation_reliability_paper_A_zh_v077.md""]",QUALIFIED,QUALIFY,6 场景级统计与认证可行性审计,## 6 场景级统计与认证可行性审计,9fceba9a8b8ca5780a2011fb6d2c11fa19915bb491029f0035825820bbeab58b,保留可追溯测量主张；认证相关内容仅作审计/边界限定。
R008-C0058,6.1 Eligible-scene universe 与 abstention,159,### 6.1 Eligible-scene universe 与 abstention,40b1ff01ba54d5373b66f32ddb9d632dae0303972fad4e16d2b4eb61520b2d53,measurement_numeric,"[""multiple_or_not_explicit""]",evaluation unit / detector-head unit,orientation-specific measurement or audited certification frontier,"[""top_journal_v3_reaudit_055/paper_A_orientation_protocol/reports/a1_guaranteed_frontier_all_alpha.csv"", ""top_journal_v3_reaudit_055/paper_A_orientation_protocol/reports/a3_score_menu_summary.csv"", ""top_journal_v3_reaudit_055/paper_A_orientation_protocol/docs/orientation_reliability_paper_A_zh_v077.md""]",VALID,RETAIN,6.1 Eligible-scene universe 与 abstention,### 6.1 Eligible-scene universe 与 abstention,40b1ff01ba54d5373b66f32ddb9d632dae0303972fad4e16d2b4eb61520b2d53,与 orientation-specific measurement 证据一致。
R008-C0059,6.1 Eligible-scene universe 与 abstention,161,对每个 evaluation unit，先固定 baseline eligible-scene universe：只包含至少一个 `ar>=2.1` eligible matched prediction 的原始场景。该 universe 在所有分数、阈值和风险预算下保持不变。,71201a08800d209e38f46557387c6e56713085fcab6b706e69c99039672d3b63,measurement_numeric,"[""multiple_or_not_explicit""]",evaluation unit / detector-head unit,orientation-specific measurement or audited certification frontier,"[""top_journal_v3_reaudit_055/paper_A_orientation_protocol/reports/a1_guaranteed_frontier_all_alpha.csv"", ""top_journal_v3_reaudit_055/paper_A_orientation_protocol/reports/a3_score_menu_summary.csv"", ""top_journal_v3_reaudit_055/paper_A_orientation_protocol/docs/orientation_reliability_paper_A_zh_v077.md""]",VALID,RETAIN,6.1 Eligible-scene universe 与 abstention,对每个 evaluation unit，先固定 baseline eligible-scene universe：只包含至少一个 `ar>=2.1` eligible matched prediction 的原始场景。该 universe 在所有分数、阈值和风险预算下保持不变。,71201a08800d209e38f46557387c6e56713085fcab6b706e69c99039672d3b63,与 orientation-specific measurement 证据一致。
R008-C0060,6.1 Eligible-scene universe 与 abstention,163,阈值 $t$ 后，若场景中没有任何保留的 eligible prediction，则该场景记为 **abstained scene**。它进入 nonempty scene rate 的分母，但不以 $L_I=0$ 进入条件风险均值，从而避免通过大量空选择稀释风险。,16803209e41dd7a7fb02120c7642453a10ff13eea0e38462ab91832d5fe97e88,measurement_numeric,"[""multiple_or_not_explicit""]",evaluation unit / detector-head unit,orientation-specific measurement or audited certification frontier,"[""top_journal_v3_reaudit_055/paper_A_orientation_protocol/reports/a1_guaranteed_frontier_all_alpha.csv"", ""top_journal_v3_reaudit_055/paper_A_orientation_protocol/reports/a3_score_menu_summary.csv"", ""top_journal_v3_reaudit_055/paper_A_orientation_protocol/docs/orientation_reliability_paper_A_zh_v077.md""]",VALID,RETAIN,6.1 Eligible-scene universe 与 abstention,阈值 $t$ 后，若场景中没有任何保留的 eligible prediction，则该场景记为 **abstained scene**。它进入 nonempty scene rate 的分母，但不以 $L_I=0$ 进入条件风险均值，从而避免通过大量空选择稀释风险。,16803209e41dd7a7fb02120c7642453a10ff13eea0e38462ab91832d5fe97e88,与 orientation-specific measurement 证据一致。
R008-C0061,6.1 Eligible-scene universe 与 abstention,168,"L_I(t)=\frac{1}{|S_I(t)|}\sum_{i\in S_I(t)}Y_i^{\mathrm{geo}},",2342a93841b3f37ebcac6fee1aa6716fa56432526a142a10a3fc6dd379e3f973,measurement_numeric,"[""multiple_or_not_explicit""]",evaluation unit / detector-head unit,orientation-specific measurement or audited certification frontier,"[""top_journal_v3_reaudit_055/paper_A_orientation_protocol/reports/a1_guaranteed_frontier_all_alpha.csv"", ""top_journal_v3_reaudit_055/paper_A_orientation_protocol/reports/a3_score_menu_summary.csv"", ""top_journal_v3_reaudit_055/paper_A_orientation_protocol/docs/orientation_reliability_paper_A_zh_v077.md""]",VALID,RETAIN,6.1 Eligible-scene universe 与 abstention,"L_I(t)=\frac{1}{|S_I(t)|}\sum_{i\in S_I(t)}Y_i^{\mathrm{geo}},",2342a93841b3f37ebcac6fee1aa6716fa56432526a142a10a3fc6dd379e3f973,与 orientation-specific measurement 证据一致。
R008-C0062,6.1 Eligible-scene universe 与 abstention,169,"\qquad |S_I(t)|>0,",46bcede71c7a63376a3fde54448921ad03c6819985201ef4b7b73d6fcd7fcd6f,measurement_numeric,"[""multiple_or_not_explicit""]",evaluation unit / detector-head unit,orientation-specific measurement or audited certification frontier,"[""top_journal_v3_reaudit_055/paper_A_orientation_protocol/reports/a1_guaranteed_frontier_all_alpha.csv"", ""top_journal_v3_reaudit_055/paper_A_orientation_protocol/reports/a3_score_menu_summary.csv"", ""top_journal_v3_reaudit_055/paper_A_orientation_protocol/docs/orientation_reliability_paper_A_zh_v077.md""]",VALID,RETAIN,6.1 Eligible-scene universe 与 abstention,"\qquad |S_I(t)|>0,",46bcede71c7a63376a3fde54448921ad03c6819985201ef4b7b73d6fcd7fcd6f,与 orientation-specific measurement 证据一致。
R008-C0063,6.1 Eligible-scene universe 与 abstention,175,Z_I(t)=\mathbf 1\left\{\exists i\in S_I(t):Y_i^{\mathrm{geo}}=1\right\}.,2e925c09580be9bc79b8a73b3075010ed9f459376695b0db0fc388e2aa45b7d0,measurement_numeric,"[""multiple_or_not_explicit""]",evaluation unit / detector-head unit,orientation-specific measurement or audited certification frontier,"[""top_journal_v3_reaudit_055/paper_A_orientation_protocol/reports/a1_guaranteed_frontier_all_alpha.csv"", ""top_journal_v3_reaudit_055/paper_A_orientation_protocol/reports/a3_score_menu_summary.csv"", ""top_journal_v3_reaudit_055/paper_A_orientation_protocol/docs/orientation_reliability_paper_A_zh_v077.md""]",VALID,RETAIN,6.1 Eligible-scene universe 与 abstention,Z_I(t)=\mathbf 1\left\{\exists i\in S_I(t):Y_i^{\mathrm{geo}}=1\right\}.,2e925c09580be9bc79b8a73b3075010ed9f459376695b0db0fc388e2aa45b7d0,与 orientation-specific measurement 证据一致。
R008-C0064,6.1 Eligible-scene universe 与 abstention,178,"对 $L_I\in[0,1]$ 使用 bounded-loss Hoeffding--Bentkus 单侧上界；对二元 $Z_I$ 使用 Clopper--Pearson 单侧上界。实例加权风险仅作为 empirical instance-weighted risk，并使用图像或场景聚类 bootstrap，不构成 instance-i.i.d. 正式保证。",2cd1abfce8613094f68e056788f7d347e00cbae748f198c0953c51124f04bfd8,certification_audit,"[""multiple_or_not_explicit""]",evaluation unit / detector-head unit,orientation-specific measurement or audited certification frontier,"[""top_journal_v3_reaudit_055/paper_A_orientation_protocol/reports/a1_guaranteed_frontier_all_alpha.csv"", ""top_journal_v3_reaudit_055/paper_A_orientation_protocol/reports/a3_score_menu_summary.csv"", ""top_journal_v3_reaudit_055/paper_A_orientation_protocol/docs/orientation_reliability_paper_A_zh_v077.md""]",QUALIFIED,QUALIFY,6.1 Eligible-scene universe 与 abstention,"对 $L_I\in[0,1]$ 使用 bounded-loss Hoeffding--Bentkus 单侧上界；对二元 $Z_I$ 使用 Clopper--Pearson 单侧上界。实例加权风险仅作为 empirical instance-weighted risk，并使用图像或场景聚类 bootstrap，不构成 instance-i.i.d. 正式保证。",2cd1abfce8613094f68e056788f7d347e00cbae748f198c0953c51124f04bfd8,保留可追溯测量主张；认证相关内容仅作审计/边界限定。
R008-C0065,6.2 Mother-scene clustering,180,### 6.2 Mother-scene clustering,34006d5ca4588d67e7c87f463dfa36479658ac5f08711f5be534021402b6d85d,measurement_numeric,"[""multiple_or_not_explicit""]",evaluation unit / detector-head unit,orientation-specific measurement or audited certification frontier,"[""top_journal_v3_reaudit_055/paper_A_orientation_protocol/reports/a1_guaranteed_frontier_all_alpha.csv"", ""top_journal_v3_reaudit_055/paper_A_orientation_protocol/reports/a3_score_menu_summary.csv"", ""top_journal_v3_reaudit_055/paper_A_orientation_protocol/docs/orientation_reliability_paper_A_zh_v077.md""]",VALID,RETAIN,6.2 Mother-scene clustering,### 6.2 Mother-scene clustering,34006d5ca4588d67e7c87f463dfa36479658ac5f08711f5be534021402b6d85d,与 orientation-specific measurement 证据一致。
R008-C0066,6.2 Mother-scene clustering,182,DIOR-R 和 FAIR1M 的评测图像可直接对应原始母景。SODA-A 由切片构成，可以从文件名恢复 576 个母景，但同一母景的切片跨越既有标定/审计角色；在不改变数据划分的前提下，严格 mother-scene calibration/audit independence 不成立。因此 SODA-A 的正式统计单位只能写 tile/image-level，母景聚合仅作为相关性敏感性分析。,e7b5690d1bbbda513f84b5e589b53522016f9277b95b9ccecfbb1bc283f696b4,measurement_numeric,"[""DIOR-R"", ""FAIR1M"", ""SODA-A""]",evaluation unit / detector-head unit,orientation-specific measurement or audited certification frontier,"[""top_journal_v3_reaudit_055/paper_A_orientation_protocol/reports/a1_guaranteed_frontier_all_alpha.csv"", ""top_journal_v3_reaudit_055/paper_A_orientation_protocol/reports/a3_score_menu_summary.csv"", ""top_journal_v3_reaudit_055/paper_A_orientation_protocol/docs/orientation_reliability_paper_A_zh_v077.md""]",VALID,RETAIN,6.2 Mother-scene clustering,DIOR-R 和 FAIR1M 的评测图像可直接对应原始母景。SODA-A 由切片构成，可以从文件名恢复 576 个母景，但同一母景的切片跨越既有标定/审计角色；在不改变数据划分的前提下，严格 mother-scene calibration/audit independence 不成立。因此 SODA-A 的正式统计单位只能写 tile/image-level，母景聚合仅作为相关性敏感性分析。,e7b5690d1bbbda513f84b5e589b53522016f9277b95b9ccecfbb1bc283f696b4,与 orientation-specific measurement 证据一致。
R008-C0067,6.2 Mother-scene clustering,184,表 1 展示统计单位改变带来的有效样本量和上界变化。实例独立分析显著更乐观。,214e5c633a579a29ab383f1949c1a77bf2147a94be24f8a8b0845ad972eeb695,measurement_numeric,"[""multiple_or_not_explicit""]",evaluation unit / detector-head unit,orientation-specific measurement or audited certification frontier,"[""top_journal_v3_reaudit_055/paper_A_orientation_protocol/reports/a1_guaranteed_frontier_all_alpha.csv"", ""top_journal_v3_reaudit_055/paper_A_orientation_protocol/reports/a3_score_menu_summary.csv"", ""top_journal_v3_reaudit_055/paper_A_orientation_protocol/docs/orientation_reliability_paper_A_zh_v077.md""]",VALID,RETAIN,6.2 Mother-scene clustering,表 1 展示统计单位改变带来的有效样本量和上界变化。实例独立分析显著更乐观。,214e5c633a579a29ab383f1949c1a77bf2147a94be24f8a8b0845ad972eeb695,与 orientation-specific measurement 证据一致。
R008-C0068,6.2 Mother-scene clustering,186,**表 1　统计单位对有效样本量与单侧上界的影响示例**,2888d93e233864d2147eae64ffb9cde6ee7fa831e8d2e827918746601de90b85,measurement_numeric,"[""multiple_or_not_explicit""]",evaluation unit / detector-head unit,orientation-specific measurement or audited certification frontier,"[""top_journal_v3_reaudit_055/paper_A_orientation_protocol/reports/a1_guaranteed_frontier_all_alpha.csv"", ""top_journal_v3_reaudit_055/paper_A_orientation_protocol/reports/a3_score_menu_summary.csv"", ""top_journal_v3_reaudit_055/paper_A_orientation_protocol/docs/orientation_reliability_paper_A_zh_v077.md""]",VALID,RETAIN,6.2 Mother-scene clustering,**表 1　统计单位对有效样本量与单侧上界的影响示例**,2888d93e233864d2147eae64ffb9cde6ee7fa831e8d2e827918746601de90b85,与 orientation-specific measurement 证据一致。
R008-C0069,6.2 Mother-scene clustering,190,"| DIOR-R | 19,207 | 2,882 | 2,882 | 0.0040 | 0.0188 | 0.0188 | mother-scene 可用 |",bf6fc57f9f14708b458335abcdf9db4bb7f895dfbb486a758328532ffd9fec69,measurement_numeric,"[""DIOR-R""]",evaluation unit / detector-head unit,orientation-specific measurement or audited certification frontier,"[""top_journal_v3_reaudit_055/paper_A_orientation_protocol/reports/a1_guaranteed_frontier_all_alpha.csv"", ""top_journal_v3_reaudit_055/paper_A_orientation_protocol/reports/a3_score_menu_summary.csv"", ""top_journal_v3_reaudit_055/paper_A_orientation_protocol/docs/orientation_reliability_paper_A_zh_v077.md""]",VALID,RETAIN,6.2 Mother-scene clustering,"| DIOR-R | 19,207 | 2,882 | 2,882 | 0.0040 | 0.0188 | 0.0188 | mother-scene 可用 |",bf6fc57f9f14708b458335abcdf9db4bb7f895dfbb486a758328532ffd9fec69,与 orientation-specific measurement 证据一致。
R008-C0070,6.2 Mother-scene clustering,191,"| SODA-A | 120,925 | 4,120 | 417 | 0.0061 | 0.0090 | 0.0180 | tile/image 正式；mother-scene 仅敏感性 |",c012278be88c9158a6ae8d065f83da87f51761c5099fcee3c0c2ec56005cbabc,measurement_numeric,"[""SODA-A""]",evaluation unit / detector-head unit,orientation-specific measurement or audited certification frontier,"[""top_journal_v3_reaudit_055/paper_A_orientation_protocol/reports/a1_guaranteed_frontier_all_alpha.csv"", ""top_journal_v3_reaudit_055/paper_A_orientation_protocol/reports/a3_score_menu_summary.csv"", ""top_journal_v3_reaudit_055/paper_A_orientation_protocol/docs/orientation_reliability_paper_A_zh_v077.md""]",VALID,RETAIN,6.2 Mother-scene clustering,"| SODA-A | 120,925 | 4,120 | 417 | 0.0061 | 0.0090 | 0.0180 | tile/image 正式；mother-scene 仅敏感性 |",c012278be88c9158a6ae8d065f83da87f51761c5099fcee3c0c2ec56005cbabc,与 orientation-specific measurement 证据一致。
R008-C0071,6.3 固定序列 LTT 与预算分类,193,### 6.3 固定序列 LTT 与预算分类,4e96d15d9d8fa51119b18dcb58c7992703ffcefda391ffbc983408fe4ba278d6,certification_audit,"[""multiple_or_not_explicit""]",evaluation unit / detector-head unit,orientation-specific measurement or audited certification frontier,"[""top_journal_v3_reaudit_055/paper_A_orientation_protocol/reports/a1_guaranteed_frontier_all_alpha.csv"", ""top_journal_v3_reaudit_055/paper_A_orientation_protocol/reports/a3_score_menu_summary.csv"", ""top_journal_v3_reaudit_055/paper_A_orientation_protocol/docs/orientation_reliability_paper_A_zh_v077.md""]",QUALIFIED,QUALIFY,6.3 固定序列 LTT 与预算分类,### 6.3 固定序列 LTT 与预算分类,4e96d15d9d8fa51119b18dcb58c7992703ffcefda391ffbc983408fe4ba278d6,保留可追溯测量主张；认证相关内容仅作审计/边界限定。
R008-C0072,6.3 固定序列 LTT 与预算分类,195,绝对预算在读取认证结果前固定为,df3a6f7bd12d37e75a361e9b54753eaaff8d58262246aaac9b231386c9ccb877,certification_audit,"[""multiple_or_not_explicit""]",evaluation unit / detector-head unit,orientation-specific measurement or audited certification frontier,"[""top_journal_v3_reaudit_055/paper_A_orientation_protocol/reports/a1_guaranteed_frontier_all_alpha.csv"", ""top_journal_v3_reaudit_055/paper_A_orientation_protocol/reports/a3_score_menu_summary.csv"", ""top_journal_v3_reaudit_055/paper_A_orientation_protocol/docs/orientation_reliability_paper_A_zh_v077.md""]",QUALIFIED,QUALIFY,6.3 固定序列 LTT 与预算分类,绝对预算在读取认证结果前固定为,df3a6f7bd12d37e75a361e9b54753eaaff8d58262246aaac9b231386c9ccb877,保留可追溯测量主张；认证相关内容仅作审计/边界限定。
R008-C0073,6.3 固定序列 LTT 与预算分类,198,"\alpha\in\{0.001,0.0025,0.005,0.01\}.",e8db0814394930c98155fbec4a0f790c9beef09d4592566e3e15b8eec565ac60,measurement_numeric,"[""multiple_or_not_explicit""]",evaluation unit / detector-head unit,orientation-specific measurement or audited certification frontier,"[""top_journal_v3_reaudit_055/paper_A_orientation_protocol/reports/a1_guaranteed_frontier_all_alpha.csv"", ""top_journal_v3_reaudit_055/paper_A_orientation_protocol/reports/a3_score_menu_summary.csv"", ""top_journal_v3_reaudit_055/paper_A_orientation_protocol/docs/orientation_reliability_paper_A_zh_v077.md""]",VALID,RETAIN,6.3 固定序列 LTT 与预算分类,"\alpha\in\{0.001,0.0025,0.005,0.01\}.",e8db0814394930c98155fbec4a0f790c9beef09d4592566e3e15b8eec565ac60,与 orientation-specific measurement 证据一致。
R008-C0074,6.3 固定序列 LTT 与预算分类,201,另报告 $0.5r_{\mathrm{fit}}$ 与 $0.25r_{\mathrm{fit}}$ 两个次级相对预算，其中 $r_{\mathrm{fit}}$ 来自独立拟合集的未筛选条件场景风险。候选覆盖率固定为,2695bd00608777421cf0e3fcf24abc4da77fc9b518e4b4812ba2e4290ae7f8ff,measurement_numeric,"[""multiple_or_not_explicit""]",evaluation unit / detector-head unit,orientation-specific measurement or audited certification frontier,"[""top_journal_v3_reaudit_055/paper_A_orientation_protocol/reports/a1_guaranteed_frontier_all_alpha.csv"", ""top_journal_v3_reaudit_055/paper_A_orientation_protocol/reports/a3_score_menu_summary.csv"", ""top_journal_v3_reaudit_055/paper_A_orientation_protocol/docs/orientation_reliability_paper_A_zh_v077.md""]",VALID,RETAIN,6.3 固定序列 LTT 与预算分类,另报告 $0.5r_{\mathrm{fit}}$ 与 $0.25r_{\mathrm{fit}}$ 两个次级相对预算，其中 $r_{\mathrm{fit}}$ 来自独立拟合集的未筛选条件场景风险。候选覆盖率固定为,2695bd00608777421cf0e3fcf24abc4da77fc9b518e4b4812ba2e4290ae7f8ff,与 orientation-specific measurement 证据一致。
R008-C0075,6.3 固定序列 LTT 与预算分类,204,"\{0.01,0.025,0.05,0.1,0.2,\ldots,0.9,1.0\}.",406c7e0fec798b0512c17872dcb70e92d9c323012b99b70ccc940ff28773fd21,measurement_numeric,"[""multiple_or_not_explicit""]",evaluation unit / detector-head unit,orientation-specific measurement or audited certification frontier,"[""top_journal_v3_reaudit_055/paper_A_orientation_protocol/reports/a1_guaranteed_frontier_all_alpha.csv"", ""top_journal_v3_reaudit_055/paper_A_orientation_protocol/reports/a3_score_menu_summary.csv"", ""top_journal_v3_reaudit_055/paper_A_orientation_protocol/docs/orientation_reliability_paper_A_zh_v077.md""]",VALID,RETAIN,6.3 固定序列 LTT 与预算分类,"\{0.01,0.025,0.05,0.1,0.2,\ldots,0.9,1.0\}.",406c7e0fec798b0512c17872dcb70e92d9c323012b99b70ccc940ff28773fd21,与 orientation-specific measurement 证据一致。
R008-C0076,6.3 固定序列 LTT 与预算分类,207,阈值只由拟合集分位数产生；标定集按覆盖率从低到高执行 fixed-sequence LTT，首个失败后不继续拒绝后续假设。审计集不参与阈值、方向或预算选择。,dfacd9f4dea7cb737552e3d12b1d27d9e8d53552710af7567b8f8df64c5594ef,certification_audit,"[""multiple_or_not_explicit""]",evaluation unit / detector-head unit,orientation-specific measurement or audited certification frontier,"[""top_journal_v3_reaudit_055/paper_A_orientation_protocol/reports/a1_guaranteed_frontier_all_alpha.csv"", ""top_journal_v3_reaudit_055/paper_A_orientation_protocol/reports/a3_score_menu_summary.csv"", ""top_journal_v3_reaudit_055/paper_A_orientation_protocol/docs/orientation_reliability_paper_A_zh_v077.md""]",QUALIFIED,QUALIFY,6.3 固定序列 LTT 与预算分类,阈值只由拟合集分位数产生；标定集按覆盖率从低到高执行 fixed-sequence LTT，首个失败后不继续拒绝后续假设。审计集不参与阈值、方向或预算选择。,dfacd9f4dea7cb737552e3d12b1d27d9e8d53552710af7567b8f8df64c5594ef,保留可追溯测量主张；认证相关内容仅作审计/边界限定。
R008-C0077,6.3 固定序列 LTT 与预算分类,211,1. **trivial guarantee**：$\alpha$ 不小于未选择状态的基础风险；形式成立也不计作方法成功；,2dc0b88da9e25d527c2ee17e75b5577c59fddbd2b212d7ee3f96de7e8885f8e6,certification_audit,"[""multiple_or_not_explicit""]",evaluation unit / detector-head unit,orientation-specific measurement or audited certification frontier,"[""top_journal_v3_reaudit_055/paper_A_orientation_protocol/reports/a1_guaranteed_frontier_all_alpha.csv"", ""top_journal_v3_reaudit_055/paper_A_orientation_protocol/reports/a3_score_menu_summary.csv"", ""top_journal_v3_reaudit_055/paper_A_orientation_protocol/docs/orientation_reliability_paper_A_zh_v077.md""]",QUALIFIED,QUALIFY,6.3 固定序列 LTT 与预算分类,1. **trivial guarantee**：$\alpha$ 不小于未选择状态的基础风险；形式成立也不计作方法成功；,2dc0b88da9e25d527c2ee17e75b5577c59fddbd2b212d7ee3f96de7e8885f8e6,保留可追溯测量主张；认证相关内容仅作审计/边界限定。
R008-C0078,6.3 固定序列 LTT 与预算分类,212,2. **infeasible frontier**：冻结网格上没有满足上界的非零选择，或 nonempty scene rate 为零；,ed98f98837d487b0d6fad901447d644efac904a1104893f13b8995e693d77816,measurement_numeric,"[""multiple_or_not_explicit""]",evaluation unit / detector-head unit,orientation-specific measurement or audited certification frontier,"[""top_journal_v3_reaudit_055/paper_A_orientation_protocol/reports/a1_guaranteed_frontier_all_alpha.csv"", ""top_journal_v3_reaudit_055/paper_A_orientation_protocol/reports/a3_score_menu_summary.csv"", ""top_journal_v3_reaudit_055/paper_A_orientation_protocol/docs/orientation_reliability_paper_A_zh_v077.md""]",VALID,RETAIN,6.3 固定序列 LTT 与预算分类,2. **infeasible frontier**：冻结网格上没有满足上界的非零选择，或 nonempty scene rate 为零；,ed98f98837d487b0d6fad901447d644efac904a1104893f13b8995e693d77816,与 orientation-specific measurement 证据一致。
R008-C0079,6.3 固定序列 LTT 与预算分类,213,3. **practical certification**：非平凡认证同时满足 nonempty scene rate $\ge0.1$、selected-instance coverage $\ge0.1$、selected count $\ge100$。,874205ae25eb88344834b577487f5d632e9aa8cbb8fbeebd14eb64ac543a1449,certification_audit,"[""multiple_or_not_explicit""]",evaluation unit / detector-head unit,orientation-specific measurement or audited certification frontier,"[""top_journal_v3_reaudit_055/paper_A_orientation_protocol/reports/a1_guaranteed_frontier_all_alpha.csv"", ""top_journal_v3_reaudit_055/paper_A_orientation_protocol/reports/a3_score_menu_summary.csv"", ""top_journal_v3_reaudit_055/paper_A_orientation_protocol/docs/orientation_reliability_paper_A_zh_v077.md""]",QUALIFIED,QUALIFY,6.3 固定序列 LTT 与预算分类,3. **practical certification**：非平凡认证同时满足 nonempty scene rate $\ge0.1$、selected-instance coverage $\ge0.1$、selected count $\ge100$。,874205ae25eb88344834b577487f5d632e9aa8cbb8fbeebd14eb64ac543a1449,保留可追溯测量主张；认证相关内容仅作审计/边界限定。
R008-C0080,7 实验设置,217,## 7 实验设置,831d611ff8863d0d469f257aa8e86ab8007664c402256b571d9427c56ac5c217,measurement_numeric,"[""multiple_or_not_explicit""]",evaluation unit / detector-head unit,orientation-specific measurement or audited certification frontier,"[""top_journal_v3_reaudit_055/paper_A_orientation_protocol/reports/a1_guaranteed_frontier_all_alpha.csv"", ""top_journal_v3_reaudit_055/paper_A_orientation_protocol/reports/a3_score_menu_summary.csv"", ""top_journal_v3_reaudit_055/paper_A_orientation_protocol/docs/orientation_reliability_paper_A_zh_v077.md""]",VALID,RETAIN,7 实验设置,## 7 实验设置,831d611ff8863d0d469f257aa8e86ab8007664c402256b571d9427c56ac5c217,与 orientation-specific measurement 证据一致。
R008-C0081,7.1 数据集与检测器,219,### 7.1 数据集与检测器,56865f43f913436595c08c9df9cb5bcc742b5f18f0752b397c774d7dc7617a83,measurement_numeric,"[""multiple_or_not_explicit""]",evaluation unit / detector-head unit,orientation-specific measurement or audited certification frontier,"[""top_journal_v3_reaudit_055/paper_A_orientation_protocol/reports/a1_guaranteed_frontier_all_alpha.csv"", ""top_journal_v3_reaudit_055/paper_A_orientation_protocol/reports/a3_score_menu_summary.csv"", ""top_journal_v3_reaudit_055/paper_A_orientation_protocol/docs/orientation_reliability_paper_A_zh_v077.md""]",VALID,RETAIN,7.1 数据集与检测器,### 7.1 数据集与检测器,56865f43f913436595c08c9df9cb5bcc742b5f18f0752b397c774d7dc7617a83,与 orientation-specific measurement 证据一致。
R008-C0082,7.1 数据集与检测器,221,实验覆盖 DIOR-R、FAIR1M-v1.0、SODA-A 和 DOTA-v1.0。检测器包括相位编码 RetinaNet、Oriented R-CNN、Rotated RTMDet 及相关原生角度头。非 DOTA 数据采用既有 trainval/test 协议；DOTA 仅使用本地 train/val 结果，不与公开 test 数字比较。,890fe6307d39c4b21705418592660da2e6b583d43724de8847a3131f165097d6,measurement_numeric,"[""DIOR-R"", ""FAIR1M"", ""SODA-A"", ""DOTA""]",evaluation unit / detector-head unit,orientation-specific measurement or audited certification frontier,"[""top_journal_v3_reaudit_055/paper_A_orientation_protocol/reports/a1_guaranteed_frontier_all_alpha.csv"", ""top_journal_v3_reaudit_055/paper_A_orientation_protocol/reports/a3_score_menu_summary.csv"", ""top_journal_v3_reaudit_055/paper_A_orientation_protocol/docs/orientation_reliability_paper_A_zh_v077.md""]",VALID,RETAIN,7.1 数据集与检测器,实验覆盖 DIOR-R、FAIR1M-v1.0、SODA-A 和 DOTA-v1.0。检测器包括相位编码 RetinaNet、Oriented R-CNN、Rotated RTMDet 及相关原生角度头。非 DOTA 数据采用既有 trainval/test 协议；DOTA 仅使用本地 train/val 结果，不与公开 test 数字比较。,890fe6307d39c4b21705418592660da2e6b583d43724de8847a3131f165097d6,与 orientation-specific measurement 证据一致。
R008-C0083,7.1 数据集与检测器,223,AP 由完整预测和完整 GT 通过旋转 IoU、逐类分数排序及一对一贪心匹配计算。可靠性分析基于 provenance-clean full-validation matched predictions。主表仅使用 `ar>=2.1`；匹配实例的筛选不被用作 AP 的替代证据。,f6e4ba2eaad13dffba18dead6296c3e22ce48119723c02ce88a49f3052f30959,measurement_numeric,"[""multiple_or_not_explicit""]",evaluation unit / detector-head unit,orientation-specific measurement or audited certification frontier,"[""top_journal_v3_reaudit_055/paper_A_orientation_protocol/reports/a1_guaranteed_frontier_all_alpha.csv"", ""top_journal_v3_reaudit_055/paper_A_orientation_protocol/reports/a3_score_menu_summary.csv"", ""top_journal_v3_reaudit_055/paper_A_orientation_protocol/docs/orientation_reliability_paper_A_zh_v077.md""]",VALID,RETAIN,7.1 数据集与检测器,AP 由完整预测和完整 GT 通过旋转 IoU、逐类分数排序及一对一贪心匹配计算。可靠性分析基于 provenance-clean full-validation matched predictions。主表仅使用 `ar>=2.1`；匹配实例的筛选不被用作 AP 的替代证据。,f6e4ba2eaad13dffba18dead6296c3e22ce48119723c02ce88a49f3052f30959,与 orientation-specific measurement 证据一致。
R008-C0084,7.2 完整评测器朝向扰动,225,### 7.2 完整评测器朝向扰动,264e03493029fff4d09b3d7f0d2d2322673cb3316e185f5ead5acda94ebddd3e,measurement_numeric,"[""multiple_or_not_explicit""]",evaluation unit / detector-head unit,orientation-specific measurement or audited certification frontier,"[""top_journal_v3_reaudit_055/paper_A_orientation_protocol/reports/a1_guaranteed_frontier_all_alpha.csv"", ""top_journal_v3_reaudit_055/paper_A_orientation_protocol/reports/a3_score_menu_summary.csv"", ""top_journal_v3_reaudit_055/paper_A_orientation_protocol/docs/orientation_reliability_paper_A_zh_v077.md""]",VALID,RETAIN,7.2 完整评测器朝向扰动,### 7.2 完整评测器朝向扰动,264e03493029fff4d09b3d7f0d2d2322673cb3316e185f5ead5acda94ebddd3e,与 orientation-specific measurement 证据一致。
R008-C0085,7.2 完整评测器朝向扰动,227,六个 clean full-validation evaluation units 先运行完整评测器。随后保持 prediction identity、分数、类别、中心、宽和高不变，只改变角度，并重新匹配、重新计算 AP@0.5、AP@0.75 和角误差。已有权威端点将每个可扰动预测沿远离参考角的方向推进至仍位于 IoU 0.50 匹配边界内的最大角度。,624523f7bff50266ed05763f7951f5c8485bf9506373c4c9e8911d22132a4350,measurement_numeric,"[""multiple_or_not_explicit""]",evaluation unit / detector-head unit,orientation-specific measurement or audited certification frontier,"[""top_journal_v3_reaudit_055/paper_A_orientation_protocol/reports/a1_guaranteed_frontier_all_alpha.csv"", ""top_journal_v3_reaudit_055/paper_A_orientation_protocol/reports/a3_score_menu_summary.csv"", ""top_journal_v3_reaudit_055/paper_A_orientation_protocol/docs/orientation_reliability_paper_A_zh_v077.md""]",VALID,RETAIN,7.2 完整评测器朝向扰动,六个 clean full-validation evaluation units 先运行完整评测器。随后保持 prediction identity、分数、类别、中心、宽和高不变，只改变角度，并重新匹配、重新计算 AP@0.5、AP@0.75 和角误差。已有权威端点将每个可扰动预测沿远离参考角的方向推进至仍位于 IoU 0.50 匹配边界内的最大角度。,624523f7bff50266ed05763f7951f5c8485bf9506373c4c9e8911d22132a4350,与 orientation-specific measurement 证据一致。
R008-C0086,7.2 完整评测器朝向扰动,229,固定剂量网格预先定义为 0°、2°、5°、10°、15°、20°、25°和30°。但完整六单元所需的原始预测没有全部持久化，因此本文不插值固定剂量 AP，也不报告统一 AP@0.75 knee。经验容忍角采用合法近似：在保持真实预测与 GT 的中心、尺度不变时，沿增加当前角误差的方向，以 0.5° 网格找到固定 matched pair IoU 首次低于 $\tau$ 的角度。该近似不重做竞争匹配或 NMS，故与理想曲线只能比较趋势。,92d957888b172aa31d91626fd1f1e0a6e8b96793e6bf609ce7cff5aa10364e72,measurement_numeric,"[""multiple_or_not_explicit""]",evaluation unit / detector-head unit,orientation-specific measurement or audited certification frontier,"[""top_journal_v3_reaudit_055/paper_A_orientation_protocol/reports/a1_guaranteed_frontier_all_alpha.csv"", ""top_journal_v3_reaudit_055/paper_A_orientation_protocol/reports/a3_score_menu_summary.csv"", ""top_journal_v3_reaudit_055/paper_A_orientation_protocol/docs/orientation_reliability_paper_A_zh_v077.md""]",VALID,RETAIN,7.2 完整评测器朝向扰动,固定剂量网格预先定义为 0°、2°、5°、10°、15°、20°、25°和30°。但完整六单元所需的原始预测没有全部持久化，因此本文不插值固定剂量 AP，也不报告统一 AP@0.75 knee。经验容忍角采用合法近似：在保持真实预测与 GT 的中心、尺度不变时，沿增加当前角误差的方向，以 0.5° 网格找到固定 matched pair IoU 首次低于 $\tau$ 的角度。该近似不重做竞争匹配或 NMS，故与理想曲线只能比较趋势。,92d957888b172aa31d91626fd1f1e0a6e8b96793e6bf609ce7cff5aa10364e72,与 orientation-specific measurement 证据一致。
R008-C0087,7.3 不确定性区间,231,### 7.3 不确定性区间,ec2aeb00eabdf06a38628310523970e3fee3c06d7d57bd4f15fc20f15a38bddd,measurement_numeric,"[""multiple_or_not_explicit""]",evaluation unit / detector-head unit,orientation-specific measurement or audited certification frontier,"[""top_journal_v3_reaudit_055/paper_A_orientation_protocol/reports/a1_guaranteed_frontier_all_alpha.csv"", ""top_journal_v3_reaudit_055/paper_A_orientation_protocol/reports/a3_score_menu_summary.csv"", ""top_journal_v3_reaudit_055/paper_A_orientation_protocol/docs/orientation_reliability_paper_A_zh_v077.md""]",VALID,RETAIN,7.3 不确定性区间,### 7.3 不确定性区间,ec2aeb00eabdf06a38628310523970e3fee3c06d7d57bd4f15fc20f15a38bddd,与 orientation-specific measurement 证据一致。
R008-C0088,8 测量结果,235,## 8 测量结果,f8a8258a327ee229b5b006f9bee8ba2647e32cc5274dff58d13c491e98798e98,measurement_numeric,"[""multiple_or_not_explicit""]",evaluation unit / detector-head unit,orientation-specific measurement or audited certification frontier,"[""top_journal_v3_reaudit_055/paper_A_orientation_protocol/reports/a1_guaranteed_frontier_all_alpha.csv"", ""top_journal_v3_reaudit_055/paper_A_orientation_protocol/reports/a3_score_menu_summary.csv"", ""top_journal_v3_reaudit_055/paper_A_orientation_protocol/docs/orientation_reliability_paper_A_zh_v077.md""]",VALID,RETAIN,8 测量结果,## 8 测量结果,f8a8258a327ee229b5b006f9bee8ba2647e32cc5274dff58d13c491e98798e98,与 orientation-specific measurement 证据一致。
R008-C0089,8.1 Full-validation AP 与朝向扰动,237,### 8.1 Full-validation AP 与朝向扰动,f90be2c1c3f9becda9a417d10a0c3267f883b4c28c69967a04ab38ecd59e09fd,measurement_numeric,"[""multiple_or_not_explicit""]",evaluation unit / detector-head unit,orientation-specific measurement or audited certification frontier,"[""top_journal_v3_reaudit_055/paper_A_orientation_protocol/reports/a1_guaranteed_frontier_all_alpha.csv"", ""top_journal_v3_reaudit_055/paper_A_orientation_protocol/reports/a3_score_menu_summary.csv"", ""top_journal_v3_reaudit_055/paper_A_orientation_protocol/docs/orientation_reliability_paper_A_zh_v077.md""]",VALID,RETAIN,8.1 Full-validation AP 与朝向扰动,### 8.1 Full-validation AP 与朝向扰动,f90be2c1c3f9becda9a417d10a0c3267f883b4c28c69967a04ab38ecd59e09fd,与 orientation-specific measurement 证据一致。
R008-C0090,8.1 Full-validation AP 与朝向扰动,239,表 2 给出六个完整评测器单元。自适应 IoU 0.50 边界扰动下，六个单元的 $\Delta$AP@0.5 均为 0，而 AP@0.75 下降 0.176--0.399，平均角误差升至 34.42°--40.54°。这证明 AP@0.5 在明确的几何区域内可以对角度弱敏感；它不意味着 AP@0.5 在所有形状、阈值和扰动下完全忽略角度。,4989a91696b98c603a757cec7a96d3cf5b4ec0f3f95ecf69043cf917954157c7,measurement_numeric,"[""multiple_or_not_explicit""]",evaluation unit / detector-head unit,orientation-specific measurement or audited certification frontier,"[""top_journal_v3_reaudit_055/paper_A_orientation_protocol/reports/a1_guaranteed_frontier_all_alpha.csv"", ""top_journal_v3_reaudit_055/paper_A_orientation_protocol/reports/a3_score_menu_summary.csv"", ""top_journal_v3_reaudit_055/paper_A_orientation_protocol/docs/orientation_reliability_paper_A_zh_v077.md""]",VALID,RETAIN,8.1 Full-validation AP 与朝向扰动,表 2 给出六个完整评测器单元。自适应 IoU 0.50 边界扰动下，六个单元的 $\Delta$AP@0.5 均为 0，而 AP@0.75 下降 0.176--0.399，平均角误差升至 34.42°--40.54°。这证明 AP@0.5 在明确的几何区域内可以对角度弱敏感；它不意味着 AP@0.5 在所有形状、阈值和扰动下完全忽略角度。,4989a91696b98c603a757cec7a96d3cf5b4ec0f3f95ecf69043cf917954157c7,与 orientation-specific measurement 证据一致。
R008-C0091,8.1 Full-validation AP 与朝向扰动,241,**表 2　完整评测器下的约束朝向扰动**,d65c709d64bbc5bcbdb891ee3d15e142f334bc017c5550cbf6a7ad9b324e70a7,measurement_numeric,"[""multiple_or_not_explicit""]",evaluation unit / detector-head unit,orientation-specific measurement or audited certification frontier,"[""top_journal_v3_reaudit_055/paper_A_orientation_protocol/reports/a1_guaranteed_frontier_all_alpha.csv"", ""top_journal_v3_reaudit_055/paper_A_orientation_protocol/reports/a3_score_menu_summary.csv"", ""top_journal_v3_reaudit_055/paper_A_orientation_protocol/docs/orientation_reliability_paper_A_zh_v077.md""]",VALID,RETAIN,8.1 Full-validation AP 与朝向扰动,**表 2　完整评测器下的约束朝向扰动**,d65c709d64bbc5bcbdb891ee3d15e142f334bc017c5550cbf6a7ad9b324e70a7,与 orientation-specific measurement 证据一致。
R008-C0092,8.1 Full-validation AP 与朝向扰动,243,| 数据集 / 检测器 | 原 AP@0.5 | 扰动 AP@0.5 | 原 AP@0.75 | 扰动 AP@0.75 | 原→扰动平均角误差 |,f60c99a6dd46a089d3fbc9a51b11f7017afdfe314d8cdd00f114c325a0737e2b,measurement_numeric,"[""multiple_or_not_explicit""]",evaluation unit / detector-head unit,orientation-specific measurement or audited certification frontier,"[""top_journal_v3_reaudit_055/paper_A_orientation_protocol/reports/a1_guaranteed_frontier_all_alpha.csv"", ""top_journal_v3_reaudit_055/paper_A_orientation_protocol/reports/a3_score_menu_summary.csv"", ""top_journal_v3_reaudit_055/paper_A_orientation_protocol/docs/orientation_reliability_paper_A_zh_v077.md""]",VALID,RETAIN,8.1 Full-validation AP 与朝向扰动,| 数据集 / 检测器 | 原 AP@0.5 | 扰动 AP@0.5 | 原 AP@0.75 | 扰动 AP@0.75 | 原→扰动平均角误差 |,f60c99a6dd46a089d3fbc9a51b11f7017afdfe314d8cdd00f114c325a0737e2b,与 orientation-specific measurement 证据一致。
R008-C0093,8.1 Full-validation AP 与朝向扰动,245,| DIOR-R / 相位编码 RetinaNet | 0.5368 | 0.5368 | 0.3503 | 0.0384 | 8.947°→39.189° |,098370d68cd5a5501e4ae2b463e84924d2deb6d6a0049c9012eb36a4c993fe68,measurement_numeric,"[""DIOR-R""]",evaluation unit / detector-head unit,orientation-specific measurement or audited certification frontier,"[""top_journal_v3_reaudit_055/paper_A_orientation_protocol/reports/a1_guaranteed_frontier_all_alpha.csv"", ""top_journal_v3_reaudit_055/paper_A_orientation_protocol/reports/a3_score_menu_summary.csv"", ""top_journal_v3_reaudit_055/paper_A_orientation_protocol/docs/orientation_reliability_paper_A_zh_v077.md""]",VALID,RETAIN,8.1 Full-validation AP 与朝向扰动,| DIOR-R / 相位编码 RetinaNet | 0.5368 | 0.5368 | 0.3503 | 0.0384 | 8.947°→39.189° |,098370d68cd5a5501e4ae2b463e84924d2deb6d6a0049c9012eb36a4c993fe68,与 orientation-specific measurement 证据一致。
R008-C0094,8.1 Full-validation AP 与朝向扰动,246,| DIOR-R / Oriented R-CNN | 0.6448 | 0.6448 | 0.4275 | 0.0484 | 8.665°→40.041° |,b3ca7de8350d63eb71d13707245f64af663b846480a88b56cf268c4e72293c6f,measurement_numeric,"[""DIOR-R""]",evaluation unit / detector-head unit,orientation-specific measurement or audited certification frontier,"[""top_journal_v3_reaudit_055/paper_A_orientation_protocol/reports/a1_guaranteed_frontier_all_alpha.csv"", ""top_journal_v3_reaudit_055/paper_A_orientation_protocol/reports/a3_score_menu_summary.csv"", ""top_journal_v3_reaudit_055/paper_A_orientation_protocol/docs/orientation_reliability_paper_A_zh_v077.md""]",VALID,RETAIN,8.1 Full-validation AP 与朝向扰动,| DIOR-R / Oriented R-CNN | 0.6448 | 0.6448 | 0.4275 | 0.0484 | 8.665°→40.041° |,b3ca7de8350d63eb71d13707245f64af663b846480a88b56cf268c4e72293c6f,与 orientation-specific measurement 证据一致。
R008-C0095,8.1 Full-validation AP 与朝向扰动,247,| DIOR-R / Rotated RTMDet | 0.6462 | 0.6462 | 0.4515 | 0.0532 | 9.087°→40.541° |,3d9142d92d0ff3dda17869c4e945d77f22f9e5644a67374b6bed56f49b6ab53b,measurement_numeric,"[""DIOR-R""]",evaluation unit / detector-head unit,orientation-specific measurement or audited certification frontier,"[""top_journal_v3_reaudit_055/paper_A_orientation_protocol/reports/a1_guaranteed_frontier_all_alpha.csv"", ""top_journal_v3_reaudit_055/paper_A_orientation_protocol/reports/a3_score_menu_summary.csv"", ""top_journal_v3_reaudit_055/paper_A_orientation_protocol/docs/orientation_reliability_paper_A_zh_v077.md""]",VALID,RETAIN,8.1 Full-validation AP 与朝向扰动,| DIOR-R / Rotated RTMDet | 0.6462 | 0.6462 | 0.4515 | 0.0532 | 9.087°→40.541° |,3d9142d92d0ff3dda17869c4e945d77f22f9e5644a67374b6bed56f49b6ab53b,与 orientation-specific measurement 证据一致。
R008-C0096,8.1 Full-validation AP 与朝向扰动,248,| FAIR1M / 相位编码 RetinaNet | 0.3462 | 0.3462 | 0.2422 | 0.0665 | 4.631°→36.516° |,de165e14928d4114105debfd3e89926bd33feeeed87f717524ee23e61a0660ed,measurement_numeric,"[""FAIR1M""]",evaluation unit / detector-head unit,orientation-specific measurement or audited certification frontier,"[""top_journal_v3_reaudit_055/paper_A_orientation_protocol/reports/a1_guaranteed_frontier_all_alpha.csv"", ""top_journal_v3_reaudit_055/paper_A_orientation_protocol/reports/a3_score_menu_summary.csv"", ""top_journal_v3_reaudit_055/paper_A_orientation_protocol/docs/orientation_reliability_paper_A_zh_v077.md""]",VALID,RETAIN,8.1 Full-validation AP 与朝向扰动,| FAIR1M / 相位编码 RetinaNet | 0.3462 | 0.3462 | 0.2422 | 0.0665 | 4.631°→36.516° |,de165e14928d4114105debfd3e89926bd33feeeed87f717524ee23e61a0660ed,与 orientation-specific measurement 证据一致。
R008-C0097,8.1 Full-validation AP 与朝向扰动,249,| SODA-A / 相位编码 RetinaNet | 0.5991 | 0.5991 | 0.2735 | 0.0448 | 5.230°→34.416° |,e0881a9d01f4f0b7753042fafcf8430171f1d3172f2028fc50d5cb4fb5ae3ec7,measurement_numeric,"[""SODA-A""]",evaluation unit / detector-head unit,orientation-specific measurement or audited certification frontier,"[""top_journal_v3_reaudit_055/paper_A_orientation_protocol/reports/a1_guaranteed_frontier_all_alpha.csv"", ""top_journal_v3_reaudit_055/paper_A_orientation_protocol/reports/a3_score_menu_summary.csv"", ""top_journal_v3_reaudit_055/paper_A_orientation_protocol/docs/orientation_reliability_paper_A_zh_v077.md""]",VALID,RETAIN,8.1 Full-validation AP 与朝向扰动,| SODA-A / 相位编码 RetinaNet | 0.5991 | 0.5991 | 0.2735 | 0.0448 | 5.230°→34.416° |,e0881a9d01f4f0b7753042fafcf8430171f1d3172f2028fc50d5cb4fb5ae3ec7,与 orientation-specific measurement 证据一致。
R008-C0098,8.1 Full-validation AP 与朝向扰动,250,| SODA-A / Oriented R-CNN | 0.7295 | 0.7295 | 0.3805 | 0.0278 | 5.148°→35.893° |,f12c3a8802e90a03563eae31da64b3ec9e89aa2de54466ecbb5ab4565841e922,measurement_numeric,"[""SODA-A""]",evaluation unit / detector-head unit,orientation-specific measurement or audited certification frontier,"[""top_journal_v3_reaudit_055/paper_A_orientation_protocol/reports/a1_guaranteed_frontier_all_alpha.csv"", ""top_journal_v3_reaudit_055/paper_A_orientation_protocol/reports/a3_score_menu_summary.csv"", ""top_journal_v3_reaudit_055/paper_A_orientation_protocol/docs/orientation_reliability_paper_A_zh_v077.md""]",VALID,RETAIN,8.1 Full-validation AP 与朝向扰动,| SODA-A / Oriented R-CNN | 0.7295 | 0.7295 | 0.3805 | 0.0278 | 5.148°→35.893° |,f12c3a8802e90a03563eae31da64b3ec9e89aa2de54466ecbb5ab4565841e922,与 orientation-specific measurement 证据一致。
R008-C0099,8.1 Full-validation AP 与朝向扰动,252,DOTA 的两个 clean full-validation 单元提供额外基线：Oriented R-CNN 的 AP@0.5/AP@0.75 为 0.7061/0.4517，Rotated RTMDet-M 为 0.7161/0.4868。它们不进入不完整的固定剂量网格。,820014c1fab0a46f338f46ba7c516671778f08ae8511a0df96864eb2b0f49159,measurement_numeric,"[""DOTA""]",evaluation unit / detector-head unit,orientation-specific measurement or audited certification frontier,"[""top_journal_v3_reaudit_055/paper_A_orientation_protocol/reports/a1_guaranteed_frontier_all_alpha.csv"", ""top_journal_v3_reaudit_055/paper_A_orientation_protocol/reports/a3_score_menu_summary.csv"", ""top_journal_v3_reaudit_055/paper_A_orientation_protocol/docs/orientation_reliability_paper_A_zh_v077.md""]",VALID,RETAIN,8.1 Full-validation AP 与朝向扰动,DOTA 的两个 clean full-validation 单元提供额外基线：Oriented R-CNN 的 AP@0.5/AP@0.75 为 0.7061/0.4517，Rotated RTMDet-M 为 0.7161/0.4868。它们不进入不完整的固定剂量网格。,820014c1fab0a46f338f46ba7c516671778f08ae8511a0df96864eb2b0f49159,与 orientation-specific measurement 证据一致。
R008-C0100,8.2 理想与经验容忍角,254,### 8.2 理想与经验容忍角,b1e8a02a5cfa10a452571da2c74ff8d0d988b9e0d07360b83323525ab7fb04fd,measurement_numeric,"[""multiple_or_not_explicit""]",evaluation unit / detector-head unit,orientation-specific measurement or audited certification frontier,"[""top_journal_v3_reaudit_055/paper_A_orientation_protocol/reports/a1_guaranteed_frontier_all_alpha.csv"", ""top_journal_v3_reaudit_055/paper_A_orientation_protocol/reports/a3_score_menu_summary.csv"", ""top_journal_v3_reaudit_055/paper_A_orientation_protocol/docs/orientation_reliability_paper_A_zh_v077.md""]",VALID,RETAIN,8.2 理想与经验容忍角,### 8.2 理想与经验容忍角,b1e8a02a5cfa10a452571da2c74ff8d0d988b9e0d07360b83323525ab7fb04fd,与 orientation-specific measurement 证据一致。
R008-C0101,8.2 理想与经验容忍角,256,表 3 汇总 `ar>=2.1` 的实际几何近似。IoU 0.50 的经验中位容忍角集中在 25°--30°，而 IoU 0.75 为 0°--7.5°；0° 表示部分真实匹配对在基准状态已低于 0.75，而非角度测量失败。中心和尺度偏差显著压缩了高 IoU 容忍度。,5acbb69164e5113c68df79654c32cbe3b3dd898ae289d30d35a787e9976b58ec,measurement_numeric,"[""multiple_or_not_explicit""]",evaluation unit / detector-head unit,orientation-specific measurement or audited certification frontier,"[""top_journal_v3_reaudit_055/paper_A_orientation_protocol/reports/a1_guaranteed_frontier_all_alpha.csv"", ""top_journal_v3_reaudit_055/paper_A_orientation_protocol/reports/a3_score_menu_summary.csv"", ""top_journal_v3_reaudit_055/paper_A_orientation_protocol/docs/orientation_reliability_paper_A_zh_v077.md""]",VALID,RETAIN,8.2 理想与经验容忍角,表 3 汇总 `ar>=2.1` 的实际几何近似。IoU 0.50 的经验中位容忍角集中在 25°--30°，而 IoU 0.75 为 0°--7.5°；0° 表示部分真实匹配对在基准状态已低于 0.75，而非角度测量失败。中心和尺度偏差显著压缩了高 IoU 容忍度。,5acbb69164e5113c68df79654c32cbe3b3dd898ae289d30d35a787e9976b58ec,与 orientation-specific measurement 证据一致。
R008-C0102,8.2 理想与经验容忍角,258,**表 3　真实几何下固定 matched pair 的经验容忍角**,95db5738de6c3cb710464d94ae16c43647b28e13ed931091875a133ae5178237,measurement_numeric,"[""multiple_or_not_explicit""]",evaluation unit / detector-head unit,orientation-specific measurement or audited certification frontier,"[""top_journal_v3_reaudit_055/paper_A_orientation_protocol/reports/a1_guaranteed_frontier_all_alpha.csv"", ""top_journal_v3_reaudit_055/paper_A_orientation_protocol/reports/a3_score_menu_summary.csv"", ""top_journal_v3_reaudit_055/paper_A_orientation_protocol/docs/orientation_reliability_paper_A_zh_v077.md""]",VALID,RETAIN,8.2 理想与经验容忍角,**表 3　真实几何下固定 matched pair 的经验容忍角**,95db5738de6c3cb710464d94ae16c43647b28e13ed931091875a133ae5178237,与 orientation-specific measurement 证据一致。
R008-C0103,8.2 理想与经验容忍角,260,| 数据集 / 检测器 | n | IoU 0.50 中位数 | IoU 0.50 p10--p90 | IoU 0.75 中位数 | IoU 0.75 p10--p90 |,fe3c880424088c3fe39f137433f77c97a4ff14f112e45c3f8fb3edfad7d9a449,measurement_numeric,"[""multiple_or_not_explicit""]",evaluation unit / detector-head unit,orientation-specific measurement or audited certification frontier,"[""top_journal_v3_reaudit_055/paper_A_orientation_protocol/reports/a1_guaranteed_frontier_all_alpha.csv"", ""top_journal_v3_reaudit_055/paper_A_orientation_protocol/reports/a3_score_menu_summary.csv"", ""top_journal_v3_reaudit_055/paper_A_orientation_protocol/docs/orientation_reliability_paper_A_zh_v077.md""]",VALID,RETAIN,8.2 理想与经验容忍角,| 数据集 / 检测器 | n | IoU 0.50 中位数 | IoU 0.50 p10--p90 | IoU 0.75 中位数 | IoU 0.75 p10--p90 |,fe3c880424088c3fe39f137433f77c97a4ff14f112e45c3f8fb3edfad7d9a449,与 orientation-specific measurement 证据一致。
R008-C0104,8.2 理想与经验容忍角,262,"| DIOR-R / 相位编码 RetinaNet | 49,502 | 26.5° | 15.0°--38.5° | 6.0° | 0.0°--12.0° |",c060174f37cfe95cb69bd9d2fa49ed4d901182c44ddec18f1c8c459ff1c49cbd,measurement_numeric,"[""DIOR-R""]",evaluation unit / detector-head unit,orientation-specific measurement or audited certification frontier,"[""top_journal_v3_reaudit_055/paper_A_orientation_protocol/reports/a1_guaranteed_frontier_all_alpha.csv"", ""top_journal_v3_reaudit_055/paper_A_orientation_protocol/reports/a3_score_menu_summary.csv"", ""top_journal_v3_reaudit_055/paper_A_orientation_protocol/docs/orientation_reliability_paper_A_zh_v077.md""]",VALID,RETAIN,8.2 理想与经验容忍角,"| DIOR-R / 相位编码 RetinaNet | 49,502 | 26.5° | 15.0°--38.5° | 6.0° | 0.0°--12.0° |",c060174f37cfe95cb69bd9d2fa49ed4d901182c44ddec18f1c8c459ff1c49cbd,与 orientation-specific measurement 证据一致。
R008-C0105,8.2 理想与经验容忍角,263,"| DIOR-R / Oriented R-CNN | 54,297 | 27.0° | 15.0°--38.0° | 7.5° | 0.0°--12.0° |",0ea8ba24b8d93c92aa796ccaff5526b29559e1ada0c9ed47ed6e4d516ea698c0,measurement_numeric,"[""DIOR-R""]",evaluation unit / detector-head unit,orientation-specific measurement or audited certification frontier,"[""top_journal_v3_reaudit_055/paper_A_orientation_protocol/reports/a1_guaranteed_frontier_all_alpha.csv"", ""top_journal_v3_reaudit_055/paper_A_orientation_protocol/reports/a3_score_menu_summary.csv"", ""top_journal_v3_reaudit_055/paper_A_orientation_protocol/docs/orientation_reliability_paper_A_zh_v077.md""]",VALID,RETAIN,8.2 理想与经验容忍角,"| DIOR-R / Oriented R-CNN | 54,297 | 27.0° | 15.0°--38.0° | 7.5° | 0.0°--12.0° |",0ea8ba24b8d93c92aa796ccaff5526b29559e1ada0c9ed47ed6e4d516ea698c0,与 orientation-specific measurement 证据一致。
R008-C0106,8.2 理想与经验容忍角,264,"| DIOR-R / Rotated RTMDet | 53,671 | 27.0° | 14.5°--38.0° | 7.0° | 0.0°--12.0° |",a4ad0c5d26516e897e73a9f5ae4de314ac58edab9ad3aa7b33b6ec422f6930fd,measurement_numeric,"[""DIOR-R""]",evaluation unit / detector-head unit,orientation-specific measurement or audited certification frontier,"[""top_journal_v3_reaudit_055/paper_A_orientation_protocol/reports/a1_guaranteed_frontier_all_alpha.csv"", ""top_journal_v3_reaudit_055/paper_A_orientation_protocol/reports/a3_score_menu_summary.csv"", ""top_journal_v3_reaudit_055/paper_A_orientation_protocol/docs/orientation_reliability_paper_A_zh_v077.md""]",VALID,RETAIN,8.2 理想与经验容忍角,"| DIOR-R / Rotated RTMDet | 53,671 | 27.0° | 14.5°--38.0° | 7.0° | 0.0°--12.0° |",a4ad0c5d26516e897e73a9f5ae4de314ac58edab9ad3aa7b33b6ec422f6930fd,与 orientation-specific measurement 证据一致。
R008-C0107,8.2 理想与经验容忍角,265,"| FAIR1M / 相位编码 RetinaNet | 31,801 | 25.0° | 13.0°--36.0° | 0.0° | 0.0°--8.0° |",857fc49ad1b8c7806873330845d62cf8c2b7999769734d23970679b69b13f56d,measurement_numeric,"[""FAIR1M""]",evaluation unit / detector-head unit,orientation-specific measurement or audited certification frontier,"[""top_journal_v3_reaudit_055/paper_A_orientation_protocol/reports/a1_guaranteed_frontier_all_alpha.csv"", ""top_journal_v3_reaudit_055/paper_A_orientation_protocol/reports/a3_score_menu_summary.csv"", ""top_journal_v3_reaudit_055/paper_A_orientation_protocol/docs/orientation_reliability_paper_A_zh_v077.md""]",VALID,RETAIN,8.2 理想与经验容忍角,"| FAIR1M / 相位编码 RetinaNet | 31,801 | 25.0° | 13.0°--36.0° | 0.0° | 0.0°--8.0° |",857fc49ad1b8c7806873330845d62cf8c2b7999769734d23970679b69b13f56d,与 orientation-specific measurement 证据一致。
R008-C0108,8.2 理想与经验容忍角,266,"| SODA-A / 相位编码 RetinaNet | 197,529 | 28.5° | 13.5°--36.5° | 0.0° | 0.0°--9.5° |",a38e5dffa2fab5f0a4f55eaf88d79efb774da8c5cf3a80790cda2a03a243a3ac,measurement_numeric,"[""SODA-A""]",evaluation unit / detector-head unit,orientation-specific measurement or audited certification frontier,"[""top_journal_v3_reaudit_055/paper_A_orientation_protocol/reports/a1_guaranteed_frontier_all_alpha.csv"", ""top_journal_v3_reaudit_055/paper_A_orientation_protocol/reports/a3_score_menu_summary.csv"", ""top_journal_v3_reaudit_055/paper_A_orientation_protocol/docs/orientation_reliability_paper_A_zh_v077.md""]",VALID,RETAIN,8.2 理想与经验容忍角,"| SODA-A / 相位编码 RetinaNet | 197,529 | 28.5° | 13.5°--36.5° | 0.0° | 0.0°--9.5° |",a38e5dffa2fab5f0a4f55eaf88d79efb774da8c5cf3a80790cda2a03a243a3ac,与 orientation-specific measurement 证据一致。
R008-C0109,8.2 理想与经验容忍角,267,"| SODA-A / Oriented R-CNN | 235,428 | 30.0° | 14.5°--37.5° | 4.0° | 0.0°--10.5° |",8553432092c4190c7caaf81a27c8f4e81eb05ddc401134321b8de1ad97acd45c,measurement_numeric,"[""SODA-A""]",evaluation unit / detector-head unit,orientation-specific measurement or audited certification frontier,"[""top_journal_v3_reaudit_055/paper_A_orientation_protocol/reports/a1_guaranteed_frontier_all_alpha.csv"", ""top_journal_v3_reaudit_055/paper_A_orientation_protocol/reports/a3_score_menu_summary.csv"", ""top_journal_v3_reaudit_055/paper_A_orientation_protocol/docs/orientation_reliability_paper_A_zh_v077.md""]",VALID,RETAIN,8.2 理想与经验容忍角,"| SODA-A / Oriented R-CNN | 235,428 | 30.0° | 14.5°--37.5° | 4.0° | 0.0°--10.5° |",8553432092c4190c7caaf81a27c8f4e81eb05ddc401134321b8de1ad97acd45c,与 orientation-specific measurement 证据一致。
R008-C0110,8.2 理想与经验容忍角,269,理想 $\delta_{0.50}(a)$ 与经验 IoU 0.50 容忍度在方向上相符，但真实框的 center、scale、matching 和 NMS 使分布显著扩散。当前证据仅支持部分几何对齐，不能声称已发现跨单元统一的 AP@0.75 knee。,6414e7c8148c749390c9b1359af3d481b2211f40752554b80b635510bd126744,measurement_numeric,"[""multiple_or_not_explicit""]",evaluation unit / detector-head unit,orientation-specific measurement or audited certification frontier,"[""top_journal_v3_reaudit_055/paper_A_orientation_protocol/reports/a1_guaranteed_frontier_all_alpha.csv"", ""top_journal_v3_reaudit_055/paper_A_orientation_protocol/reports/a3_score_menu_summary.csv"", ""top_journal_v3_reaudit_055/paper_A_orientation_protocol/docs/orientation_reliability_paper_A_zh_v077.md""]",VALID,RETAIN,8.2 理想与经验容忍角,理想 $\delta_{0.50}(a)$ 与经验 IoU 0.50 容忍度在方向上相符，但真实框的 center、scale、matching 和 NMS 使分布显著扩散。当前证据仅支持部分几何对齐，不能声称已发现跨单元统一的 AP@0.75 knee。,6414e7c8148c749390c9b1359af3d481b2211f40752554b80b635510bd126744,与 orientation-specific measurement 证据一致。
R008-C0111,8.3 主口径下的排序测量,271,### 8.3 主口径下的排序测量,805fe4e1ca1048965323e20a7e37ae64c67604c3104f5af304c46c0aca28441d,measurement_numeric,"[""multiple_or_not_explicit""]",evaluation unit / detector-head unit,orientation-specific measurement or audited certification frontier,"[""top_journal_v3_reaudit_055/paper_A_orientation_protocol/reports/a1_guaranteed_frontier_all_alpha.csv"", ""top_journal_v3_reaudit_055/paper_A_orientation_protocol/reports/a3_score_menu_summary.csv"", ""top_journal_v3_reaudit_055/paper_A_orientation_protocol/docs/orientation_reliability_paper_A_zh_v077.md""]",VALID,RETAIN,8.3 主口径下的排序测量,### 8.3 主口径下的排序测量,805fe4e1ca1048965323e20a7e37ae64c67604c3104f5af304c46c0aca28441d,与 orientation-specific measurement 证据一致。
R008-C0112,8.3 主口径下的排序测量,273,表 4 给出 detection score 在六个主 evaluation units 上的连续角误差排序。NRC 均小于 1，说明检测分数通常包含角度风险信息，但其强弱差异明显；这一结论是 informative ranking，而不是 calibrated probability。,b36964ed53b52e0ae573552c8ab434f3cb7ff51eb9bee606f3727e31049a5eb4,measurement_numeric,"[""multiple_or_not_explicit""]",evaluation unit / detector-head unit,orientation-specific measurement or audited certification frontier,"[""top_journal_v3_reaudit_055/paper_A_orientation_protocol/reports/a1_guaranteed_frontier_all_alpha.csv"", ""top_journal_v3_reaudit_055/paper_A_orientation_protocol/reports/a3_score_menu_summary.csv"", ""top_journal_v3_reaudit_055/paper_A_orientation_protocol/docs/orientation_reliability_paper_A_zh_v077.md""]",VALID,RETAIN,8.3 主口径下的排序测量,表 4 给出 detection score 在六个主 evaluation units 上的连续角误差排序。NRC 均小于 1，说明检测分数通常包含角度风险信息，但其强弱差异明显；这一结论是 informative ranking，而不是 calibrated probability。,b36964ed53b52e0ae573552c8ab434f3cb7ff51eb9bee606f3727e31049a5eb4,与 orientation-specific measurement 证据一致。
R008-C0113,8.3 主口径下的排序测量,275,**表 4　`ar>=2.1` 下 detection score 的连续角风险排序**,495885a64622441e40559938a89eecea7a22fe9f35f82b95b2342a8944d99083,measurement_numeric,"[""multiple_or_not_explicit""]",evaluation unit / detector-head unit,orientation-specific measurement or audited certification frontier,"[""top_journal_v3_reaudit_055/paper_A_orientation_protocol/reports/a1_guaranteed_frontier_all_alpha.csv"", ""top_journal_v3_reaudit_055/paper_A_orientation_protocol/reports/a3_score_menu_summary.csv"", ""top_journal_v3_reaudit_055/paper_A_orientation_protocol/docs/orientation_reliability_paper_A_zh_v077.md""]",VALID,RETAIN,8.3 主口径下的排序测量,**表 4　`ar>=2.1` 下 detection score 的连续角风险排序**,495885a64622441e40559938a89eecea7a22fe9f35f82b95b2342a8944d99083,与 orientation-specific measurement 证据一致。
R008-C0114,8.3 主口径下的排序测量,277,| 数据集 / 检测器 | retained n | retained ratio | NRC | AURC | Risk@70 | Risk@90 |,87960cfc844a034c2b54037ea8d161cc418493a4b9f4bb625b3bd78c92df47fb,measurement_numeric,"[""multiple_or_not_explicit""]",evaluation unit / detector-head unit,orientation-specific measurement or audited certification frontier,"[""top_journal_v3_reaudit_055/paper_A_orientation_protocol/reports/a1_guaranteed_frontier_all_alpha.csv"", ""top_journal_v3_reaudit_055/paper_A_orientation_protocol/reports/a3_score_menu_summary.csv"", ""top_journal_v3_reaudit_055/paper_A_orientation_protocol/docs/orientation_reliability_paper_A_zh_v077.md""]",VALID,RETAIN,8.3 主口径下的排序测量,| 数据集 / 检测器 | retained n | retained ratio | NRC | AURC | Risk@70 | Risk@90 |,87960cfc844a034c2b54037ea8d161cc418493a4b9f4bb625b3bd78c92df47fb,与 orientation-specific measurement 证据一致。
R008-C0115,8.3 主口径下的排序测量,279,"| DIOR-R / 相位编码 RetinaNet | 25,065 | 0.5716 | 0.6082 | 1.2075 | 1.4346° | 1.5866° |",53272268cfce75b18ff5b2f0017133e755438232af581c5b0f958e34799e7172,measurement_numeric,"[""DIOR-R""]",evaluation unit / detector-head unit,orientation-specific measurement or audited certification frontier,"[""top_journal_v3_reaudit_055/paper_A_orientation_protocol/reports/a1_guaranteed_frontier_all_alpha.csv"", ""top_journal_v3_reaudit_055/paper_A_orientation_protocol/reports/a3_score_menu_summary.csv"", ""top_journal_v3_reaudit_055/paper_A_orientation_protocol/docs/orientation_reliability_paper_A_zh_v077.md""]",VALID,RETAIN,8.3 主口径下的排序测量,"| DIOR-R / 相位编码 RetinaNet | 25,065 | 0.5716 | 0.6082 | 1.2075 | 1.4346° | 1.5866° |",53272268cfce75b18ff5b2f0017133e755438232af581c5b0f958e34799e7172,与 orientation-specific measurement 证据一致。
R008-C0116,8.3 主口径下的排序测量,280,"| DIOR-R / Oriented R-CNN | 27,671 | 0.5778 | 0.5741 | 1.3528 | 1.5598° | 1.7512° |",f5189961a8d8bc51efb659069e25a54d93ace399d81168e803ec74b287e87482,measurement_numeric,"[""DIOR-R""]",evaluation unit / detector-head unit,orientation-specific measurement or audited certification frontier,"[""top_journal_v3_reaudit_055/paper_A_orientation_protocol/reports/a1_guaranteed_frontier_all_alpha.csv"", ""top_journal_v3_reaudit_055/paper_A_orientation_protocol/reports/a3_score_menu_summary.csv"", ""top_journal_v3_reaudit_055/paper_A_orientation_protocol/docs/orientation_reliability_paper_A_zh_v077.md""]",VALID,RETAIN,8.3 主口径下的排序测量,"| DIOR-R / Oriented R-CNN | 27,671 | 0.5778 | 0.5741 | 1.3528 | 1.5598° | 1.7512° |",f5189961a8d8bc51efb659069e25a54d93ace399d81168e803ec74b287e87482,与 orientation-specific measurement 证据一致。
R008-C0117,8.3 主口径下的排序测量,281,"| DIOR-R / Rotated RTMDet | 27,385 | 0.5719 | 0.4653 | 1.3786 | 1.6090° | 1.9066° |",7499e89231e21055e39287405b777f5e9fdc09db51bcd306663d0b10c6d895c7,measurement_numeric,"[""DIOR-R""]",evaluation unit / detector-head unit,orientation-specific measurement or audited certification frontier,"[""top_journal_v3_reaudit_055/paper_A_orientation_protocol/reports/a1_guaranteed_frontier_all_alpha.csv"", ""top_journal_v3_reaudit_055/paper_A_orientation_protocol/reports/a3_score_menu_summary.csv"", ""top_journal_v3_reaudit_055/paper_A_orientation_protocol/docs/orientation_reliability_paper_A_zh_v077.md""]",VALID,RETAIN,8.3 主口径下的排序测量,"| DIOR-R / Rotated RTMDet | 27,385 | 0.5719 | 0.4653 | 1.3786 | 1.6090° | 1.9066° |",7499e89231e21055e39287405b777f5e9fdc09db51bcd306663d0b10c6d895c7,与 orientation-specific measurement 证据一致。
R008-C0118,8.3 主口径下的排序测量,282,"| FAIR1M / 相位编码 RetinaNet | 15,120 | 0.5791 | 0.9379 | 2.2225 | 2.2998° | 2.3004° |",cd5375bfd44bc6c34df1b15b113256771a80ecfa8991d3411c850a265b9780af,measurement_numeric,"[""FAIR1M""]",evaluation unit / detector-head unit,orientation-specific measurement or audited certification frontier,"[""top_journal_v3_reaudit_055/paper_A_orientation_protocol/reports/a1_guaranteed_frontier_all_alpha.csv"", ""top_journal_v3_reaudit_055/paper_A_orientation_protocol/reports/a3_score_menu_summary.csv"", ""top_journal_v3_reaudit_055/paper_A_orientation_protocol/docs/orientation_reliability_paper_A_zh_v077.md""]",VALID,RETAIN,8.3 主口径下的排序测量,"| FAIR1M / 相位编码 RetinaNet | 15,120 | 0.5791 | 0.9379 | 2.2225 | 2.2998° | 2.3004° |",cd5375bfd44bc6c34df1b15b113256771a80ecfa8991d3411c850a265b9780af,与 orientation-specific measurement 证据一致。
R008-C0119,8.3 主口径下的排序测量,283,"| SODA-A / 相位编码 RetinaNet | 101,102 | 0.6416 | 0.8113 | 1.7827 | 1.8733° | 1.9817° |",515626d22afc15445fe23ee3ed98ce51486c216cf58479f0be004a4fbc328efe,measurement_numeric,"[""SODA-A""]",evaluation unit / detector-head unit,orientation-specific measurement or audited certification frontier,"[""top_journal_v3_reaudit_055/paper_A_orientation_protocol/reports/a1_guaranteed_frontier_all_alpha.csv"", ""top_journal_v3_reaudit_055/paper_A_orientation_protocol/reports/a3_score_menu_summary.csv"", ""top_journal_v3_reaudit_055/paper_A_orientation_protocol/docs/orientation_reliability_paper_A_zh_v077.md""]",VALID,RETAIN,8.3 主口径下的排序测量,"| SODA-A / 相位编码 RetinaNet | 101,102 | 0.6416 | 0.8113 | 1.7827 | 1.8733° | 1.9817° |",515626d22afc15445fe23ee3ed98ce51486c216cf58479f0be004a4fbc328efe,与 orientation-specific measurement 证据一致。
R008-C0120,8.3 主口径下的排序测量,284,"| SODA-A / Oriented R-CNN | 120,925 | 0.6290 | 0.6878 | 1.8254 | 2.0645° | 2.2053° |",fa72812e2fc88a85e4dbc6f8e01101f774ac31b30c250e4e84e0907f03805e22,measurement_numeric,"[""SODA-A""]",evaluation unit / detector-head unit,orientation-specific measurement or audited certification frontier,"[""top_journal_v3_reaudit_055/paper_A_orientation_protocol/reports/a1_guaranteed_frontier_all_alpha.csv"", ""top_journal_v3_reaudit_055/paper_A_orientation_protocol/reports/a3_score_menu_summary.csv"", ""top_journal_v3_reaudit_055/paper_A_orientation_protocol/docs/orientation_reliability_paper_A_zh_v077.md""]",VALID,RETAIN,8.3 主口径下的排序测量,"| SODA-A / Oriented R-CNN | 120,925 | 0.6290 | 0.6878 | 1.8254 | 2.0645° | 2.2053° |",fa72812e2fc88a85e4dbc6f8e01101f774ac31b30c250e4e84e0907f03805e22,与 orientation-specific measurement 证据一致。
R008-C0121,8.3 主口径下的排序测量,286,DOTA clean units 的 detection-score NRC 分别为 0.6912（Oriented R-CNN）和 0.6458（Rotated RTMDet-M），与“检测分数通常 informative、但远非 oracle”这一边界一致。,18cace67eeccfeafa24945de1442b30fea3a052f37b969f4122fc17859889c93,measurement_numeric,"[""DOTA""]",evaluation unit / detector-head unit,orientation-specific measurement or audited certification frontier,"[""top_journal_v3_reaudit_055/paper_A_orientation_protocol/reports/a1_guaranteed_frontier_all_alpha.csv"", ""top_journal_v3_reaudit_055/paper_A_orientation_protocol/reports/a3_score_menu_summary.csv"", ""top_journal_v3_reaudit_055/paper_A_orientation_protocol/docs/orientation_reliability_paper_A_zh_v077.md""]",VALID,RETAIN,8.3 主口径下的排序测量,DOTA clean units 的 detection-score NRC 分别为 0.6912（Oriented R-CNN）和 0.6458（Rotated RTMDet-M），与“检测分数通常 informative、但远非 oracle”这一边界一致。,18cace67eeccfeafa24945de1442b30fea3a052f37b969f4122fc17859889c93,与 orientation-specific measurement 证据一致。
R008-C0122,8.4 固定尺寸分箱的几何分析,288,### 8.4 固定尺寸分箱的几何分析,90be8b8cb2f0aaf69ca7a563a6e6833a3b1d88d3bc2c367c15c7e19585d921bc,measurement_numeric,"[""multiple_or_not_explicit""]",evaluation unit / detector-head unit,orientation-specific measurement or audited certification frontier,"[""top_journal_v3_reaudit_055/paper_A_orientation_protocol/reports/a1_guaranteed_frontier_all_alpha.csv"", ""top_journal_v3_reaudit_055/paper_A_orientation_protocol/reports/a3_score_menu_summary.csv"", ""top_journal_v3_reaudit_055/paper_A_orientation_protocol/docs/orientation_reliability_paper_A_zh_v077.md""]",VALID,RETAIN,8.4 固定尺寸分箱的几何分析,### 8.4 固定尺寸分箱的几何分析,90be8b8cb2f0aaf69ca7a563a6e6833a3b1d88d3bc2c367c15c7e19585d921bc,与 orientation-specific measurement 证据一致。
R008-C0123,8.4 固定尺寸分箱的几何分析,290,为排除非线性几何分析只是在利用 size prior，本文在固定 small/medium/large bins 内比较 detection score、score+$\log a$ 线性模型、score+$\log a$+$\log$ size 线性模型以及非线性几何诊断分数。15 个可用 bins 中有 11 个的 image-cluster bootstrap 区间支持非线性分数优于 score+$\log a$+$\log$ size，覆盖多个数据集、检测器和尺寸层。,48a28c2f51609f85890afa91b904a55f34877a65297997dcc363107b5121a0e6,measurement_numeric,"[""multiple_or_not_explicit""]",evaluation unit / detector-head unit,orientation-specific measurement or audited certification frontier,"[""top_journal_v3_reaudit_055/paper_A_orientation_protocol/reports/a1_guaranteed_frontier_all_alpha.csv"", ""top_journal_v3_reaudit_055/paper_A_orientation_protocol/reports/a3_score_menu_summary.csv"", ""top_journal_v3_reaudit_055/paper_A_orientation_protocol/docs/orientation_reliability_paper_A_zh_v077.md""]",VALID,RETAIN,8.4 固定尺寸分箱的几何分析,为排除非线性几何分析只是在利用 size prior，本文在固定 small/medium/large bins 内比较 detection score、score+$\log a$ 线性模型、score+$\log a$+$\log$ size 线性模型以及非线性几何诊断分数。15 个可用 bins 中有 11 个的 image-cluster bootstrap 区间支持非线性分数优于 score+$\log a$+$\log$ size，覆盖多个数据集、检测器和尺寸层。,48a28c2f51609f85890afa91b904a55f34877a65297997dcc363107b5121a0e6,与 orientation-specific measurement 证据一致。
R008-C0124,8.4 固定尺寸分箱的几何分析,292,**表 5　固定尺寸分箱内的非线性几何诊断证据**,f48632474d3795f424641d8369e2bd7dd000ab9c529bf9fc4d0d7dc718191e40,measurement_numeric,"[""multiple_or_not_explicit""]",evaluation unit / detector-head unit,orientation-specific measurement or audited certification frontier,"[""top_journal_v3_reaudit_055/paper_A_orientation_protocol/reports/a1_guaranteed_frontier_all_alpha.csv"", ""top_journal_v3_reaudit_055/paper_A_orientation_protocol/reports/a3_score_menu_summary.csv"", ""top_journal_v3_reaudit_055/paper_A_orientation_protocol/docs/orientation_reliability_paper_A_zh_v077.md""]",VALID,RETAIN,8.4 固定尺寸分箱的几何分析,**表 5　固定尺寸分箱内的非线性几何诊断证据**,f48632474d3795f424641d8369e2bd7dd000ab9c529bf9fc4d0d7dc718191e40,与 orientation-specific measurement 证据一致。
R008-C0125,8.4 固定尺寸分箱的几何分析,294,| evaluation unit | 可用 bins | 显著支持 bins | 代表性 $\Delta$NRC（线性−非线性） |,c66ce3c2bfbc9957b4b8027116486fbbed18593c4a38119422b4e8a90b82ed7d,measurement_boundary,"[""multiple_or_not_explicit""]",evaluation unit / detector-head unit,orientation-specific measurement or audited certification frontier,"[""top_journal_v3_reaudit_055/paper_A_orientation_protocol/reports/a1_guaranteed_frontier_all_alpha.csv"", ""top_journal_v3_reaudit_055/paper_A_orientation_protocol/reports/a3_score_menu_summary.csv"", ""top_journal_v3_reaudit_055/paper_A_orientation_protocol/docs/orientation_reliability_paper_A_zh_v077.md""]",VALID,RETAIN,8.4 固定尺寸分箱的几何分析,| evaluation unit | 可用 bins | 显著支持 bins | 代表性 $\Delta$NRC（线性−非线性） |,c66ce3c2bfbc9957b4b8027116486fbbed18593c4a38119422b4e8a90b82ed7d,与 orientation-specific measurement 证据一致。
R008-C0126,8.4 固定尺寸分箱的几何分析,296,| DIOR-R / 相位编码 RetinaNet | 3 | 2 | medium 0.1388；large 0.1510 |,d72ef7366fa6464de15069a6fa8b6d6cda083475886171fdd436e743814783e3,measurement_numeric,"[""DIOR-R""]",evaluation unit / detector-head unit,orientation-specific measurement or audited certification frontier,"[""top_journal_v3_reaudit_055/paper_A_orientation_protocol/reports/a1_guaranteed_frontier_all_alpha.csv"", ""top_journal_v3_reaudit_055/paper_A_orientation_protocol/reports/a3_score_menu_summary.csv"", ""top_journal_v3_reaudit_055/paper_A_orientation_protocol/docs/orientation_reliability_paper_A_zh_v077.md""]",VALID,RETAIN,8.4 固定尺寸分箱的几何分析,| DIOR-R / 相位编码 RetinaNet | 3 | 2 | medium 0.1388；large 0.1510 |,d72ef7366fa6464de15069a6fa8b6d6cda083475886171fdd436e743814783e3,与 orientation-specific measurement 证据一致。
R008-C0127,8.4 固定尺寸分箱的几何分析,297,| DIOR-R / Oriented R-CNN | 3 | 3 | small 0.0419；medium 0.2206；large 0.1850 |,3986aedc1aecdab3f907b61a4af77476a0b53e34bd95eeb3f5d44cb05520579c,measurement_numeric,"[""DIOR-R""]",evaluation unit / detector-head unit,orientation-specific measurement or audited certification frontier,"[""top_journal_v3_reaudit_055/paper_A_orientation_protocol/reports/a1_guaranteed_frontier_all_alpha.csv"", ""top_journal_v3_reaudit_055/paper_A_orientation_protocol/reports/a3_score_menu_summary.csv"", ""top_journal_v3_reaudit_055/paper_A_orientation_protocol/docs/orientation_reliability_paper_A_zh_v077.md""]",VALID,RETAIN,8.4 固定尺寸分箱的几何分析,| DIOR-R / Oriented R-CNN | 3 | 3 | small 0.0419；medium 0.2206；large 0.1850 |,3986aedc1aecdab3f907b61a4af77476a0b53e34bd95eeb3f5d44cb05520579c,与 orientation-specific measurement 证据一致。
R008-C0128,8.4 固定尺寸分箱的几何分析,298,| DIOR-R / Rotated RTMDet | 3 | 3 | small 0.0386；medium 0.1642；large 0.0781 |,c72d28799d9b37b0fdf7fb131a34e42e422c296b12e533db6db8d51e557f49e3,measurement_numeric,"[""DIOR-R""]",evaluation unit / detector-head unit,orientation-specific measurement or audited certification frontier,"[""top_journal_v3_reaudit_055/paper_A_orientation_protocol/reports/a1_guaranteed_frontier_all_alpha.csv"", ""top_journal_v3_reaudit_055/paper_A_orientation_protocol/reports/a3_score_menu_summary.csv"", ""top_journal_v3_reaudit_055/paper_A_orientation_protocol/docs/orientation_reliability_paper_A_zh_v077.md""]",VALID,RETAIN,8.4 固定尺寸分箱的几何分析,| DIOR-R / Rotated RTMDet | 3 | 3 | small 0.0386；medium 0.1642；large 0.0781 |,c72d28799d9b37b0fdf7fb131a34e42e422c296b12e533db6db8d51e557f49e3,与 orientation-specific measurement 证据一致。
R008-C0129,8.4 固定尺寸分箱的几何分析,299,| FAIR1M / 相位编码 RetinaNet | 2 | 0 | 结果不稳定，完整保留 |,223c4683a295c7da6f9d61db5df3f7ea27096991289ba1743508b8f5036d4160,measurement_numeric,"[""FAIR1M""]",evaluation unit / detector-head unit,orientation-specific measurement or audited certification frontier,"[""top_journal_v3_reaudit_055/paper_A_orientation_protocol/reports/a1_guaranteed_frontier_all_alpha.csv"", ""top_journal_v3_reaudit_055/paper_A_orientation_protocol/reports/a3_score_menu_summary.csv"", ""top_journal_v3_reaudit_055/paper_A_orientation_protocol/docs/orientation_reliability_paper_A_zh_v077.md""]",VALID,RETAIN,8.4 固定尺寸分箱的几何分析,| FAIR1M / 相位编码 RetinaNet | 2 | 0 | 结果不稳定，完整保留 |,223c4683a295c7da6f9d61db5df3f7ea27096991289ba1743508b8f5036d4160,与 orientation-specific measurement 证据一致。
R008-C0130,8.4 固定尺寸分箱的几何分析,300,| SODA-A / 相位编码 RetinaNet | 2 | 2 | small 0.0404；medium 0.0538 |,66d873dec024cb60c389511f23974df48e02c55389f2059499f4f4b400b051f9,measurement_numeric,"[""SODA-A""]",evaluation unit / detector-head unit,orientation-specific measurement or audited certification frontier,"[""top_journal_v3_reaudit_055/paper_A_orientation_protocol/reports/a1_guaranteed_frontier_all_alpha.csv"", ""top_journal_v3_reaudit_055/paper_A_orientation_protocol/reports/a3_score_menu_summary.csv"", ""top_journal_v3_reaudit_055/paper_A_orientation_protocol/docs/orientation_reliability_paper_A_zh_v077.md""]",VALID,RETAIN,8.4 固定尺寸分箱的几何分析,| SODA-A / 相位编码 RetinaNet | 2 | 2 | small 0.0404；medium 0.0538 |,66d873dec024cb60c389511f23974df48e02c55389f2059499f4f4b400b051f9,与 orientation-specific measurement 证据一致。
R008-C0131,8.4 固定尺寸分箱的几何分析,301,| SODA-A / Oriented R-CNN | 2 | 1 | small 0.0146 |,c4db531a9b9f48e830563e94bd67d5cebcf02740b7b19bfcbb8c331d342b2c67,measurement_numeric,"[""SODA-A""]",evaluation unit / detector-head unit,orientation-specific measurement or audited certification frontier,"[""top_journal_v3_reaudit_055/paper_A_orientation_protocol/reports/a1_guaranteed_frontier_all_alpha.csv"", ""top_journal_v3_reaudit_055/paper_A_orientation_protocol/reports/a3_score_menu_summary.csv"", ""top_journal_v3_reaudit_055/paper_A_orientation_protocol/docs/orientation_reliability_paper_A_zh_v077.md""]",VALID,RETAIN,8.4 固定尺寸分箱的几何分析,| SODA-A / Oriented R-CNN | 2 | 1 | small 0.0146 |,c4db531a9b9f48e830563e94bd67d5cebcf02740b7b19bfcbb8c331d342b2c67,与 orientation-specific measurement 证据一致。
R008-C0132,8.4 固定尺寸分箱的几何分析,303,该结果说明非线性差异不能完全由尺寸先验解释，但不构成可部署方法证据：该分数使用目标域 GT angle error 拟合，仅是 calibration upper bound。,d3e1629ae190028ad09e9bf4254576932910acf537e5a5782cd01daffaadd6e7,certification_audit,"[""multiple_or_not_explicit""]",evaluation unit / detector-head unit,orientation-specific measurement or audited certification frontier,"[""top_journal_v3_reaudit_055/paper_A_orientation_protocol/reports/a1_guaranteed_frontier_all_alpha.csv"", ""top_journal_v3_reaudit_055/paper_A_orientation_protocol/reports/a3_score_menu_summary.csv"", ""top_journal_v3_reaudit_055/paper_A_orientation_protocol/docs/orientation_reliability_paper_A_zh_v077.md""]",QUALIFIED,QUALIFY,8.4 固定尺寸分箱的几何分析,该结果说明非线性差异不能完全由尺寸先验解释，但不构成可部署方法证据：该分数使用目标域 GT angle error 拟合，仅是 calibration upper bound。,d3e1629ae190028ad09e9bf4254576932910acf537e5a5782cd01daffaadd6e7,保留可追溯测量主张；认证相关内容仅作审计/边界限定。
R008-C0133,8.5 认证可行性前沿,305,### 8.5 认证可行性前沿,6d15a5e0348535a911e1fbb1651606ff62cd3f504fc02687bc8d3bb0233ab7dc,certification_audit,"[""multiple_or_not_explicit""]",evaluation unit / detector-head unit,orientation-specific measurement or audited certification frontier,"[""top_journal_v3_reaudit_055/paper_A_orientation_protocol/reports/a1_guaranteed_frontier_all_alpha.csv"", ""top_journal_v3_reaudit_055/paper_A_orientation_protocol/reports/a3_score_menu_summary.csv"", ""top_journal_v3_reaudit_055/paper_A_orientation_protocol/docs/orientation_reliability_paper_A_zh_v077.md""]",QUALIFIED,QUALIFY,8.5 认证可行性前沿,### 8.5 认证可行性前沿,6d15a5e0348535a911e1fbb1651606ff62cd3f504fc02687bc8d3bb0233ab7dc,保留可追溯测量主张；认证相关内容仅作审计/边界限定。
R008-C0134,8.5 认证可行性前沿,307,表 6 汇总完整前沿。576 行包含 6 个 evaluation units、4 类分数、4 个风险端点和 6 类预算。分类并不互斥：例如某一预算可同时因过于宽松而 trivial，或在冻结覆盖网格上不可行。主几何风险的 144 行中仅 1 行获得非平凡且实用的工作点，142 行不可行。,8c4254c78f2bdef5d8c8a54bdd2e225f3b0ecaf9a1f4a2a61d2c40c9fb6a8629,measurement_numeric,"[""multiple_or_not_explicit""]",evaluation unit / detector-head unit,orientation-specific measurement or audited certification frontier,"[""top_journal_v3_reaudit_055/paper_A_orientation_protocol/reports/a1_guaranteed_frontier_all_alpha.csv"", ""top_journal_v3_reaudit_055/paper_A_orientation_protocol/reports/a3_score_menu_summary.csv"", ""top_journal_v3_reaudit_055/paper_A_orientation_protocol/docs/orientation_reliability_paper_A_zh_v077.md""]",VALID,RETAIN,8.5 认证可行性前沿,表 6 汇总完整前沿。576 行包含 6 个 evaluation units、4 类分数、4 个风险端点和 6 类预算。分类并不互斥：例如某一预算可同时因过于宽松而 trivial，或在冻结覆盖网格上不可行。主几何风险的 144 行中仅 1 行获得非平凡且实用的工作点，142 行不可行。,8c4254c78f2bdef5d8c8a54bdd2e225f3b0ecaf9a1f4a2a61d2c40c9fb6a8629,与 orientation-specific measurement 证据一致。
R008-C0135,8.5 认证可行性前沿,309,**表 6　严格风险预算下的认证可行性**,d282e990d8efb946094beb2bf8775d94a0c4b12de715d25f944735acdfd5ba46,certification_audit,"[""multiple_or_not_explicit""]",evaluation unit / detector-head unit,orientation-specific measurement or audited certification frontier,"[""top_journal_v3_reaudit_055/paper_A_orientation_protocol/reports/a1_guaranteed_frontier_all_alpha.csv"", ""top_journal_v3_reaudit_055/paper_A_orientation_protocol/reports/a3_score_menu_summary.csv"", ""top_journal_v3_reaudit_055/paper_A_orientation_protocol/docs/orientation_reliability_paper_A_zh_v077.md""]",QUALIFIED,QUALIFY,8.5 认证可行性前沿,**表 6　严格风险预算下的认证可行性**,d282e990d8efb946094beb2bf8775d94a0c4b12de715d25f944735acdfd5ba46,保留可追溯测量主张；认证相关内容仅作审计/边界限定。
R008-C0136,8.5 认证可行性前沿,311,| 风险端点 | rows | 非平凡认证 | trivial | infeasible | practical |,d1e7ca7507b86c25e35ac27abbcd8010c95d0e49400063c3478266c9a366bc8b,certification_audit,"[""multiple_or_not_explicit""]",evaluation unit / detector-head unit,orientation-specific measurement or audited certification frontier,"[""top_journal_v3_reaudit_055/paper_A_orientation_protocol/reports/a1_guaranteed_frontier_all_alpha.csv"", ""top_journal_v3_reaudit_055/paper_A_orientation_protocol/reports/a3_score_menu_summary.csv"", ""top_journal_v3_reaudit_055/paper_A_orientation_protocol/docs/orientation_reliability_paper_A_zh_v077.md""]",QUALIFIED,QUALIFY,8.5 认证可行性前沿,| 风险端点 | rows | 非平凡认证 | trivial | infeasible | practical |,d1e7ca7507b86c25e35ac27abbcd8010c95d0e49400063c3478266c9a366bc8b,保留可追溯测量主张；认证相关内容仅作审计/边界限定。
R008-C0137,8.5 认证可行性前沿,313,| geometry-normalized severe event | 144 | 1 | 24 | 142 | 1 |,fbd95a2c404fb58110e798d78d6c43e73a9d4bb9035b204c2bae2cde5b69f870,measurement_numeric,"[""multiple_or_not_explicit""]",evaluation unit / detector-head unit,orientation-specific measurement or audited certification frontier,"[""top_journal_v3_reaudit_055/paper_A_orientation_protocol/reports/a1_guaranteed_frontier_all_alpha.csv"", ""top_journal_v3_reaudit_055/paper_A_orientation_protocol/reports/a3_score_menu_summary.csv"", ""top_journal_v3_reaudit_055/paper_A_orientation_protocol/docs/orientation_reliability_paper_A_zh_v077.md""]",VALID,RETAIN,8.5 认证可行性前沿,| geometry-normalized severe event | 144 | 1 | 24 | 142 | 1 |,fbd95a2c404fb58110e798d78d6c43e73a9d4bb9035b204c2bae2cde5b69f870,与 orientation-specific measurement 证据一致。
R008-C0138,8.5 认证可行性前沿,314,| angle error >5° | 144 | 14 | 0 | 130 | 7 |,7e0bc9abd4745840cecaf67d88dfc663dfa6523909fd7aaed096bce5ab87f8bf,measurement_numeric,"[""multiple_or_not_explicit""]",evaluation unit / detector-head unit,orientation-specific measurement or audited certification frontier,"[""top_journal_v3_reaudit_055/paper_A_orientation_protocol/reports/a1_guaranteed_frontier_all_alpha.csv"", ""top_journal_v3_reaudit_055/paper_A_orientation_protocol/reports/a3_score_menu_summary.csv"", ""top_journal_v3_reaudit_055/paper_A_orientation_protocol/docs/orientation_reliability_paper_A_zh_v077.md""]",VALID,RETAIN,8.5 认证可行性前沿,| angle error >5° | 144 | 14 | 0 | 130 | 7 |,7e0bc9abd4745840cecaf67d88dfc663dfa6523909fd7aaed096bce5ab87f8bf,与 orientation-specific measurement 证据一致。
R008-C0139,8.5 认证可行性前沿,315,| angle error >10° | 144 | 4 | 4 | 140 | 3 |,183cfc9e94935f79e86ebc2b756582895921f2a0f0bd4b92b98a5300318b1283,measurement_numeric,"[""multiple_or_not_explicit""]",evaluation unit / detector-head unit,orientation-specific measurement or audited certification frontier,"[""top_journal_v3_reaudit_055/paper_A_orientation_protocol/reports/a1_guaranteed_frontier_all_alpha.csv"", ""top_journal_v3_reaudit_055/paper_A_orientation_protocol/reports/a3_score_menu_summary.csv"", ""top_journal_v3_reaudit_055/paper_A_orientation_protocol/docs/orientation_reliability_paper_A_zh_v077.md""]",VALID,RETAIN,8.5 认证可行性前沿,| angle error >10° | 144 | 4 | 4 | 140 | 3 |,183cfc9e94935f79e86ebc2b756582895921f2a0f0bd4b92b98a5300318b1283,与 orientation-specific measurement 证据一致。
R008-C0140,8.5 认证可行性前沿,316,| angle error >15° | 144 | 1 | 40 | 142 | 1 |,01255c1fc9dbd0d9b4461638029fd29df86fc8285e43052e6ebfb6d7f882107d,measurement_numeric,"[""multiple_or_not_explicit""]",evaluation unit / detector-head unit,orientation-specific measurement or audited certification frontier,"[""top_journal_v3_reaudit_055/paper_A_orientation_protocol/reports/a1_guaranteed_frontier_all_alpha.csv"", ""top_journal_v3_reaudit_055/paper_A_orientation_protocol/reports/a3_score_menu_summary.csv"", ""top_journal_v3_reaudit_055/paper_A_orientation_protocol/docs/orientation_reliability_paper_A_zh_v077.md""]",VALID,RETAIN,8.5 认证可行性前沿,| angle error >15° | 144 | 1 | 40 | 142 | 1 |,01255c1fc9dbd0d9b4461638029fd29df86fc8285e43052e6ebfb6d7f882107d,与 orientation-specific measurement 证据一致。
R008-C0141,8.5 认证可行性前沿,317,| 合计 | 576 | 20 | 68 | 554 | 12 |,040fde2d61041e9c6c8133621f8e430657448171847fcd25eb19d06c952402da,measurement_numeric,"[""multiple_or_not_explicit""]",evaluation unit / detector-head unit,orientation-specific measurement or audited certification frontier,"[""top_journal_v3_reaudit_055/paper_A_orientation_protocol/reports/a1_guaranteed_frontier_all_alpha.csv"", ""top_journal_v3_reaudit_055/paper_A_orientation_protocol/reports/a3_score_menu_summary.csv"", ""top_journal_v3_reaudit_055/paper_A_orientation_protocol/docs/orientation_reliability_paper_A_zh_v077.md""]",VALID,RETAIN,8.5 认证可行性前沿,| 合计 | 576 | 20 | 68 | 554 | 12 |,040fde2d61041e9c6c8133621f8e430657448171847fcd25eb19d06c952402da,与 orientation-specific measurement 证据一致。
R008-C0142,8.5 认证可行性前沿,319,"主风险的 score menu 结果更具决定性：detection score 没有非平凡认证；TTA circular consistency 只有 1 个 trivial formal point；source-supervised leave-* geometry 没有非平凡认证；唯一 practical point 来自 target-GT nonlinear geometry upper bound。该点位于 DIOR-R / Rotated RTMDet evaluation unit，使用相对预算 $0.5r_{\mathrm{fit}}$，标定 UCB 满足预算，审计 selected-instance coverage 为 70.14%，nonempty scene rate 为 78.10%，保留 19,207 个实例。它只显示目标域真值监督下仍有排序 headroom。",11c9de85812a54760559b346a187a1999afe66db57f0c1baa416577fe63d8c54,certification_audit,"[""DIOR-R""]",evaluation unit / detector-head unit,orientation-specific measurement or audited certification frontier,"[""top_journal_v3_reaudit_055/paper_A_orientation_protocol/reports/a1_guaranteed_frontier_all_alpha.csv"", ""top_journal_v3_reaudit_055/paper_A_orientation_protocol/reports/a3_score_menu_summary.csv"", ""top_journal_v3_reaudit_055/paper_A_orientation_protocol/docs/orientation_reliability_paper_A_zh_v077.md""]",QUALIFIED,QUALIFY,8.5 认证可行性前沿,"主风险的 score menu 结果更具决定性：detection score 没有非平凡认证；TTA circular consistency 只有 1 个 trivial formal point；source-supervised leave-* geometry 没有非平凡认证；唯一 practical point 来自 target-GT nonlinear geometry upper bound。该点位于 DIOR-R / Rotated RTMDet evaluation unit，使用相对预算 $0.5r_{\mathrm{fit}}$，标定 UCB 满足预算，审计 selected-instance coverage 为 70.14%，nonempty scene rate 为 78.10%，保留 19,207 个实例。它只显示目标域真值监督下仍有排序 headroom。",11c9de85812a54760559b346a187a1999afe66db57f0c1baa416577fe63d8c54,保留可追溯测量主张；认证相关内容仅作审计/边界限定。
R008-C0143,8.5 认证可行性前沿,321,因此，现有可部署分数在严格主风险预算下基本不可认证。本文不把 target-GT 上界计为部署成功，不删除 142 个不可行 rows，也不把 trivial guarantee 计为方法成功。原 instance-i.i.d. exact-binomial 结果不再承担正式保证。,1c7e54081e1167eb1f99ac7b0c4ee68ee758ce224a5eb55107d5c79b541b1383,certification_audit,"[""multiple_or_not_explicit""]",evaluation unit / detector-head unit,orientation-specific measurement or audited certification frontier,"[""top_journal_v3_reaudit_055/paper_A_orientation_protocol/reports/a1_guaranteed_frontier_all_alpha.csv"", ""top_journal_v3_reaudit_055/paper_A_orientation_protocol/reports/a3_score_menu_summary.csv"", ""top_journal_v3_reaudit_055/paper_A_orientation_protocol/docs/orientation_reliability_paper_A_zh_v077.md""]",QUALIFIED,QUALIFY,8.5 认证可行性前沿,因此，现有可部署分数在严格主风险预算下基本不可认证。本文不把 target-GT 上界计为部署成功，不删除 142 个不可行 rows，也不把 trivial guarantee 计为方法成功。原 instance-i.i.d. exact-binomial 结果不再承担正式保证。,1c7e54081e1167eb1f99ac7b0c4ee68ee758ce224a5eb55107d5c79b541b1383,保留可追溯测量主张；认证相关内容仅作审计/边界限定。
R008-C0144,9 人工标注不确定性审计,323,## 9 人工标注不确定性审计,7822b86d3b8a54a86964540e97905d11e0f08caf3a57c9351490d9db9cfb12c1,measurement_numeric,"[""multiple_or_not_explicit""]",evaluation unit / detector-head unit,orientation-specific measurement or audited certification frontier,"[""top_journal_v3_reaudit_055/paper_A_orientation_protocol/reports/a1_guaranteed_frontier_all_alpha.csv"", ""top_journal_v3_reaudit_055/paper_A_orientation_protocol/reports/a3_score_menu_summary.csv"", ""top_journal_v3_reaudit_055/paper_A_orientation_protocol/docs/orientation_reliability_paper_A_zh_v077.md""]",VALID,RETAIN,9 人工标注不确定性审计,## 9 人工标注不确定性审计,7822b86d3b8a54a86964540e97905d11e0f08caf3a57c9351490d9db9cfb12c1,与 orientation-specific measurement 证据一致。
R008-C0145,9.1 独立双标,325,### 9.1 独立双标,8b821f147d5b39fb217eb58cccc0a0afe8fe7a5bc2cc7fc20ece707d1b7fecb3,measurement_numeric,"[""multiple_or_not_explicit""]",evaluation unit / detector-head unit,orientation-specific measurement or audited certification frontier,"[""top_journal_v3_reaudit_055/paper_A_orientation_protocol/reports/a1_guaranteed_frontier_all_alpha.csv"", ""top_journal_v3_reaudit_055/paper_A_orientation_protocol/reports/a3_score_menu_summary.csv"", ""top_journal_v3_reaudit_055/paper_A_orientation_protocol/docs/orientation_reliability_paper_A_zh_v077.md""]",VALID,RETAIN,9.1 独立双标,### 9.1 独立双标,8b821f147d5b39fb217eb58cccc0a0afe8fe7a5bc2cc7fc20ece707d1b7fecb3,与 orientation-specific measurement 证据一致。
R008-C0146,9.1 独立双标,327,两名真实标注者独立、互盲地处理 600 个 canonical targets，DIOR-R、FAIR1M 和 SODA-A 各 200。两人均给出数值角度的 primary 子集为 450 对：DIOR-R 122、FAIR1M 169、SODA-A 159。圆周分歧按源图像 cluster bootstrap 计算。,73269d802e4e3de9d32e5fb0d2dd37731fb23b0cd6746b65854aa276e3bc31ef,measurement_numeric,"[""DIOR-R"", ""FAIR1M"", ""SODA-A""]",evaluation unit / detector-head unit,orientation-specific measurement or audited certification frontier,"[""top_journal_v3_reaudit_055/paper_A_orientation_protocol/reports/a1_guaranteed_frontier_all_alpha.csv"", ""top_journal_v3_reaudit_055/paper_A_orientation_protocol/reports/a3_score_menu_summary.csv"", ""top_journal_v3_reaudit_055/paper_A_orientation_protocol/docs/orientation_reliability_paper_A_zh_v077.md""]",VALID,RETAIN,9.1 独立双标,两名真实标注者独立、互盲地处理 600 个 canonical targets，DIOR-R、FAIR1M 和 SODA-A 各 200。两人均给出数值角度的 primary 子集为 450 对：DIOR-R 122、FAIR1M 169、SODA-A 159。圆周分歧按源图像 cluster bootstrap 计算。,73269d802e4e3de9d32e5fb0d2dd37731fb23b0cd6746b65854aa276e3bc31ef,与 orientation-specific measurement 证据一致。
R008-C0147,9.1 独立双标,329,**表 7　Inter-annotator circular disagreement**,c882a49d853696642516d7bac865158dcb050a5758f85a4da461cafe22834d17,measurement_numeric,"[""multiple_or_not_explicit""]",evaluation unit / detector-head unit,orientation-specific measurement or audited certification frontier,"[""top_journal_v3_reaudit_055/paper_A_orientation_protocol/reports/a1_guaranteed_frontier_all_alpha.csv"", ""top_journal_v3_reaudit_055/paper_A_orientation_protocol/reports/a3_score_menu_summary.csv"", ""top_journal_v3_reaudit_055/paper_A_orientation_protocol/docs/orientation_reliability_paper_A_zh_v077.md""]",VALID,RETAIN,9.1 独立双标,**表 7　Inter-annotator circular disagreement**,c882a49d853696642516d7bac865158dcb050a5758f85a4da461cafe22834d17,与 orientation-specific measurement 证据一致。
R008-C0148,9.1 独立双标,331,| 范围 | 数值对数 | 均值 | 95% CI | 中位数 | p90 | p95 | P(>5°) | P(>10°) |,19574a2aed24660eab5551a9784e40bdff6781340c777a43a3424df2b312a341,measurement_numeric,"[""multiple_or_not_explicit""]",evaluation unit / detector-head unit,orientation-specific measurement or audited certification frontier,"[""top_journal_v3_reaudit_055/paper_A_orientation_protocol/reports/a1_guaranteed_frontier_all_alpha.csv"", ""top_journal_v3_reaudit_055/paper_A_orientation_protocol/reports/a3_score_menu_summary.csv"", ""top_journal_v3_reaudit_055/paper_A_orientation_protocol/docs/orientation_reliability_paper_A_zh_v077.md""]",VALID,RETAIN,9.1 独立双标,| 范围 | 数值对数 | 均值 | 95% CI | 中位数 | p90 | p95 | P(>5°) | P(>10°) |,19574a2aed24660eab5551a9784e40bdff6781340c777a43a3424df2b312a341,与 orientation-specific measurement 证据一致。
R008-C0149,9.1 独立双标,333,| 总体 | 450 | 2.3112° | 1.9970°--2.7854° | 1.6359° | 4.4220° | 5.9359° | 8.00% | 0.89% |,45f592ecc9f9931c7b3fe38e37312a7a2770164337433abfb6aacbabd7b99e61,measurement_numeric,"[""multiple_or_not_explicit""]",evaluation unit / detector-head unit,orientation-specific measurement or audited certification frontier,"[""top_journal_v3_reaudit_055/paper_A_orientation_protocol/reports/a1_guaranteed_frontier_all_alpha.csv"", ""top_journal_v3_reaudit_055/paper_A_orientation_protocol/reports/a3_score_menu_summary.csv"", ""top_journal_v3_reaudit_055/paper_A_orientation_protocol/docs/orientation_reliability_paper_A_zh_v077.md""]",VALID,RETAIN,9.1 独立双标,| 总体 | 450 | 2.3112° | 1.9970°--2.7854° | 1.6359° | 4.4220° | 5.9359° | 8.00% | 0.89% |,45f592ecc9f9931c7b3fe38e37312a7a2770164337433abfb6aacbabd7b99e61,与 orientation-specific measurement 证据一致。
R008-C0150,9.1 独立双标,334,| `ar>=2.1` | 308 | 2.2823° | — | 1.6130° | — | — | 6.82% | 0.65% |,4d700e7f04c04f80c776f1f147b437c0998c1830177bb4a1b50b297936c354d1,measurement_numeric,"[""multiple_or_not_explicit""]",evaluation unit / detector-head unit,orientation-specific measurement or audited certification frontier,"[""top_journal_v3_reaudit_055/paper_A_orientation_protocol/reports/a1_guaranteed_frontier_all_alpha.csv"", ""top_journal_v3_reaudit_055/paper_A_orientation_protocol/reports/a3_score_menu_summary.csv"", ""top_journal_v3_reaudit_055/paper_A_orientation_protocol/docs/orientation_reliability_paper_A_zh_v077.md""]",VALID,RETAIN,9.1 独立双标,| `ar>=2.1` | 308 | 2.2823° | — | 1.6130° | — | — | 6.82% | 0.65% |,4d700e7f04c04f80c776f1f147b437c0998c1830177bb4a1b50b297936c354d1,与 orientation-specific measurement 证据一致。
R008-C0151,9.1 独立双标,336,29 个原先仅一方给出数值角度的目标经过匿名盲重检，27 个获得数值角度，2 个仍 ambiguous；该结果仅为 secondary endpoint，不替换 primary 双标。,a1c964186a2c7e3dd65cdff7b313849047cf47bbfb217f139704bccd08534e2b,measurement_numeric,"[""multiple_or_not_explicit""]",evaluation unit / detector-head unit,orientation-specific measurement or audited certification frontier,"[""top_journal_v3_reaudit_055/paper_A_orientation_protocol/reports/a1_guaranteed_frontier_all_alpha.csv"", ""top_journal_v3_reaudit_055/paper_A_orientation_protocol/reports/a3_score_menu_summary.csv"", ""top_journal_v3_reaudit_055/paper_A_orientation_protocol/docs/orientation_reliability_paper_A_zh_v077.md""]",VALID,RETAIN,9.1 独立双标,29 个原先仅一方给出数值角度的目标经过匿名盲重检，27 个获得数值角度，2 个仍 ambiguous；该结果仅为 secondary endpoint，不替换 primary 双标。,a1c964186a2c7e3dd65cdff7b313849047cf47bbfb217f139704bccd08534e2b,与 orientation-specific measurement 证据一致。
R008-C0152,9.2 标注者与 official GT 的差异,338,### 9.2 标注者与 official GT 的差异,f938a154767b672b88a3007fd91365b0ecb5f375792978c78a9b1e7917cdd561,measurement_numeric,"[""multiple_or_not_explicit""]",evaluation unit / detector-head unit,orientation-specific measurement or audited certification frontier,"[""top_journal_v3_reaudit_055/paper_A_orientation_protocol/reports/a1_guaranteed_frontier_all_alpha.csv"", ""top_journal_v3_reaudit_055/paper_A_orientation_protocol/reports/a3_score_menu_summary.csv"", ""top_journal_v3_reaudit_055/paper_A_orientation_protocol/docs/orientation_reliability_paper_A_zh_v077.md""]",VALID,RETAIN,9.2 标注者与 official GT 的差异,### 9.2 标注者与 official GT 的差异,f938a154767b672b88a3007fd91365b0ecb5f375792978c78a9b1e7917cdd561,与 orientation-specific measurement 证据一致。
R008-C0153,9.2 标注者与 official GT 的差异,340,将每名标注者的数值角度分别与 official GT 做 le90 圆周比较，得到表 8。此处使用“差异”而非“误差”：official GT 是数据集参考标注，不被假定为绝对无误差真值。,e9ec833d9408e3db1242f020f26897083e8e2d02f8de948ef8afe8ae14c47510,measurement_numeric,"[""multiple_or_not_explicit""]",evaluation unit / detector-head unit,orientation-specific measurement or audited certification frontier,"[""top_journal_v3_reaudit_055/paper_A_orientation_protocol/reports/a1_guaranteed_frontier_all_alpha.csv"", ""top_journal_v3_reaudit_055/paper_A_orientation_protocol/reports/a3_score_menu_summary.csv"", ""top_journal_v3_reaudit_055/paper_A_orientation_protocol/docs/orientation_reliability_paper_A_zh_v077.md""]",VALID,RETAIN,9.2 标注者与 official GT 的差异,将每名标注者的数值角度分别与 official GT 做 le90 圆周比较，得到表 8。此处使用“差异”而非“误差”：official GT 是数据集参考标注，不被假定为绝对无误差真值。,e9ec833d9408e3db1242f020f26897083e8e2d02f8de948ef8afe8ae14c47510,与 orientation-specific measurement 证据一致。
R008-C0154,9.2 标注者与 official GT 的差异,342,**表 8　Annotator-vs-official-GT discrepancy**,dc41b3a9241fded85f3c92f1edd7741a87db67fef407254605478b18eb197c61,measurement_numeric,"[""multiple_or_not_explicit""]",evaluation unit / detector-head unit,orientation-specific measurement or audited certification frontier,"[""top_journal_v3_reaudit_055/paper_A_orientation_protocol/reports/a1_guaranteed_frontier_all_alpha.csv"", ""top_journal_v3_reaudit_055/paper_A_orientation_protocol/reports/a3_score_menu_summary.csv"", ""top_journal_v3_reaudit_055/paper_A_orientation_protocol/docs/orientation_reliability_paper_A_zh_v077.md""]",VALID,RETAIN,9.2 标注者与 official GT 的差异,**表 8　Annotator-vs-official-GT discrepancy**,dc41b3a9241fded85f3c92f1edd7741a87db67fef407254605478b18eb197c61,与 orientation-specific measurement 证据一致。
R008-C0155,9.2 标注者与 official GT 的差异,344,| 比较 | n | 均值 | 中位数 | p90 | p95 | P(>5°) | P(>10°) |,f0153984faa610efc5a4a7b18c37ffaf7db49d8bdb5ac3792ec6ad1226526b6d,measurement_numeric,"[""multiple_or_not_explicit""]",evaluation unit / detector-head unit,orientation-specific measurement or audited certification frontier,"[""top_journal_v3_reaudit_055/paper_A_orientation_protocol/reports/a1_guaranteed_frontier_all_alpha.csv"", ""top_journal_v3_reaudit_055/paper_A_orientation_protocol/reports/a3_score_menu_summary.csv"", ""top_journal_v3_reaudit_055/paper_A_orientation_protocol/docs/orientation_reliability_paper_A_zh_v077.md""]",VALID,RETAIN,9.2 标注者与 official GT 的差异,| 比较 | n | 均值 | 中位数 | p90 | p95 | P(>5°) | P(>10°) |,f0153984faa610efc5a4a7b18c37ffaf7db49d8bdb5ac3792ec6ad1226526b6d,与 orientation-specific measurement 证据一致。
R008-C0156,9.2 标注者与 official GT 的差异,346,| Annotator 1 vs official GT | 468 | 5.2721° | 1.7639° | 6.7240° | 10.0975° | 17.31% | 5.13% |,1abc84139afaf4f53318eacdb45f6800eee90f64fd1eaa113cdd994257f176cf,measurement_numeric,"[""multiple_or_not_explicit""]",evaluation unit / detector-head unit,orientation-specific measurement or audited certification frontier,"[""top_journal_v3_reaudit_055/paper_A_orientation_protocol/reports/a1_guaranteed_frontier_all_alpha.csv"", ""top_journal_v3_reaudit_055/paper_A_orientation_protocol/reports/a3_score_menu_summary.csv"", ""top_journal_v3_reaudit_055/paper_A_orientation_protocol/docs/orientation_reliability_paper_A_zh_v077.md""]",VALID,RETAIN,9.2 标注者与 official GT 的差异,| Annotator 1 vs official GT | 468 | 5.2721° | 1.7639° | 6.7240° | 10.0975° | 17.31% | 5.13% |,1abc84139afaf4f53318eacdb45f6800eee90f64fd1eaa113cdd994257f176cf,与 orientation-specific measurement 证据一致。
R008-C0157,9.2 标注者与 official GT 的差异,347,| Annotator 2 vs official GT | 463 | 5.1219° | 1.7899° | 6.9371° | 10.2594° | 16.20% | 5.18% |,190fe9f64ce7482f6593b35e25e7ba25647b06b0bb4801e42a0b715a6bbc89e6,measurement_numeric,"[""multiple_or_not_explicit""]",evaluation unit / detector-head unit,orientation-specific measurement or audited certification frontier,"[""top_journal_v3_reaudit_055/paper_A_orientation_protocol/reports/a1_guaranteed_frontier_all_alpha.csv"", ""top_journal_v3_reaudit_055/paper_A_orientation_protocol/reports/a3_score_menu_summary.csv"", ""top_journal_v3_reaudit_055/paper_A_orientation_protocol/docs/orientation_reliability_paper_A_zh_v077.md""]",VALID,RETAIN,9.2 标注者与 official GT 的差异,| Annotator 2 vs official GT | 463 | 5.1219° | 1.7899° | 6.9371° | 10.2594° | 16.20% | 5.18% |,190fe9f64ce7482f6593b35e25e7ba25647b06b0bb4801e42a0b715a6bbc89e6,与 orientation-specific measurement 证据一致。
R008-C0158,9.2 标注者与 official GT 的差异,349,较高均值与较低中位数并存，说明少量大差异目标显著影响尾部。它不能证明 detector error 由 annotation noise 主导，也不能被用来从模型误差中减去某个“噪声值”。Corner-jitter 只保留为 proxy sensitivity，不替代真人结果。,b32c812aff199345bd95aab62dfd7f3470de541e3be928420b3bdd0dcd058f3c,measurement_boundary,"[""multiple_or_not_explicit""]",evaluation unit / detector-head unit,orientation-specific measurement or audited certification frontier,"[""top_journal_v3_reaudit_055/paper_A_orientation_protocol/reports/a1_guaranteed_frontier_all_alpha.csv"", ""top_journal_v3_reaudit_055/paper_A_orientation_protocol/reports/a3_score_menu_summary.csv"", ""top_journal_v3_reaudit_055/paper_A_orientation_protocol/docs/orientation_reliability_paper_A_zh_v077.md""]",VALID,RETAIN,9.2 标注者与 official GT 的差异,较高均值与较低中位数并存，说明少量大差异目标显著影响尾部。它不能证明 detector error 由 annotation noise 主导，也不能被用来从模型误差中减去某个“噪声值”。Corner-jitter 只保留为 proxy sensitivity，不替代真人结果。,b32c812aff199345bd95aab62dfd7f3470de541e3be928420b3bdd0dcd058f3c,与 orientation-specific measurement 证据一致。
R008-C0159,9.3 风险阈值解释与未完成仲裁,351,### 9.3 风险阈值解释与未完成仲裁,f98ad2b8dbb9122b63c67b7a922de819d10ea03b8fb73816d26ef4b039b338ec,measurement_numeric,"[""multiple_or_not_explicit""]",evaluation unit / detector-head unit,orientation-specific measurement or audited certification frontier,"[""top_journal_v3_reaudit_055/paper_A_orientation_protocol/reports/a1_guaranteed_frontier_all_alpha.csv"", ""top_journal_v3_reaudit_055/paper_A_orientation_protocol/reports/a3_score_menu_summary.csv"", ""top_journal_v3_reaudit_055/paper_A_orientation_protocol/docs/orientation_reliability_paper_A_zh_v077.md""]",VALID,RETAIN,9.3 风险阈值解释与未完成仲裁,### 9.3 风险阈值解释与未完成仲裁,f98ad2b8dbb9122b63c67b7a922de819d10ea03b8fb73816d26ef4b039b338ec,与 orientation-specific measurement 证据一致。
R008-C0160,9.3 风险阈值解释与未完成仲裁,355,- 1.5°--2° 的 mean-risk budget 已接近 inter-annotator disagreement 尺度，只能作 label-noise-aware mean risk；,6705462204158a5435dbedefb7e8e69731038ec2a8c2bb2cb51097201998ab5e,measurement_numeric,"[""multiple_or_not_explicit""]",evaluation unit / detector-head unit,orientation-specific measurement or audited certification frontier,"[""top_journal_v3_reaudit_055/paper_A_orientation_protocol/reports/a1_guaranteed_frontier_all_alpha.csv"", ""top_journal_v3_reaudit_055/paper_A_orientation_protocol/reports/a3_score_menu_summary.csv"", ""top_journal_v3_reaudit_055/paper_A_orientation_protocol/docs/orientation_reliability_paper_A_zh_v077.md""]",VALID,RETAIN,9.3 风险阈值解释与未完成仲裁,- 1.5°--2° 的 mean-risk budget 已接近 inter-annotator disagreement 尺度，只能作 label-noise-aware mean risk；,6705462204158a5435dbedefb7e8e69731038ec2a8c2bb2cb51097201998ab5e,与 orientation-specific measurement 证据一致。
R008-C0161,9.3 风险阈值解释与未完成仲裁,356,- 5° 高于分歧中位数，具有实际 fine-risk 意义，但 8.00% 的双标对仍超过 5°，因而 noise-sensitive；,f65422a852e5ed5402f77da94ddff319295f3819fa92a252c95f315476d84ced,measurement_numeric,"[""multiple_or_not_explicit""]",evaluation unit / detector-head unit,orientation-specific measurement or audited certification frontier,"[""top_journal_v3_reaudit_055/paper_A_orientation_protocol/reports/a1_guaranteed_frontier_all_alpha.csv"", ""top_journal_v3_reaudit_055/paper_A_orientation_protocol/reports/a3_score_menu_summary.csv"", ""top_journal_v3_reaudit_055/paper_A_orientation_protocol/docs/orientation_reliability_paper_A_zh_v077.md""]",VALID,RETAIN,9.3 风险阈值解释与未完成仲裁,- 5° 高于分歧中位数，具有实际 fine-risk 意义，但 8.00% 的双标对仍超过 5°，因而 noise-sensitive；,f65422a852e5ed5402f77da94ddff319295f3819fa92a252c95f315476d84ced,与 orientation-specific measurement 证据一致。
R008-C0162,9.3 风险阈值解释与未完成仲裁,357,- 10° 的双标越界率为 0.89%，具有更清楚的 severe-risk margin；,c59f58dc4b64d25f8d0be9c38de330aeec477f20fd7ba8e5e0db015fce1b0b69,measurement_numeric,"[""multiple_or_not_explicit""]",evaluation unit / detector-head unit,orientation-specific measurement or audited certification frontier,"[""top_journal_v3_reaudit_055/paper_A_orientation_protocol/reports/a1_guaranteed_frontier_all_alpha.csv"", ""top_journal_v3_reaudit_055/paper_A_orientation_protocol/reports/a3_score_menu_summary.csv"", ""top_journal_v3_reaudit_055/paper_A_orientation_protocol/docs/orientation_reliability_paper_A_zh_v077.md""]",VALID,RETAIN,9.3 风险阈值解释与未完成仲裁,- 10° 的双标越界率为 0.89%，具有更清楚的 severe-risk margin；,c59f58dc4b64d25f8d0be9c38de330aeec477f20fd7ba8e5e0db015fce1b0b69,与 orientation-specific measurement 证据一致。
R008-C0163,9.3 风险阈值解释与未完成仲裁,358,- 每数据集 200 个目标不支持 rare-class 精确率、逐类别排序或 p99/p99.9 极端尾部主张。,1e7fa9a2046bd5c452b65487777a5a5e045bd475be71333e6f7807db3b5b27c9,measurement_numeric,"[""multiple_or_not_explicit""]",evaluation unit / detector-head unit,orientation-specific measurement or audited certification frontier,"[""top_journal_v3_reaudit_055/paper_A_orientation_protocol/reports/a1_guaranteed_frontier_all_alpha.csv"", ""top_journal_v3_reaudit_055/paper_A_orientation_protocol/reports/a3_score_menu_summary.csv"", ""top_journal_v3_reaudit_055/paper_A_orientation_protocol/docs/orientation_reliability_paper_A_zh_v077.md""]",VALID,RETAIN,9.3 风险阈值解释与未完成仲裁,- 每数据集 200 个目标不支持 rare-class 精确率、逐类别排序或 p99/p99.9 极端尾部主张。,1e7fa9a2046bd5c452b65487777a5a5e045bd475be71333e6f7807db3b5b27c9,与 orientation-specific measurement 证据一致。
R008-C0164,9.3 风险阈值解释与未完成仲裁,360,第三标注员的 150 个样本已经分层固定为每数据集 50，包括高分歧/ambiguous 边界与随机低分歧对照，但真人结果数仍为 0。三人 circular-median consensus 和 adjudication 尚未形成，本文不把人工标注写成完全闭环。,1ae2e59f0f7aef160f22fe2d51d8f1b6b3036160b21314749e22a4e5f2df473a,measurement_numeric,"[""multiple_or_not_explicit""]",evaluation unit / detector-head unit,orientation-specific measurement or audited certification frontier,"[""top_journal_v3_reaudit_055/paper_A_orientation_protocol/reports/a1_guaranteed_frontier_all_alpha.csv"", ""top_journal_v3_reaudit_055/paper_A_orientation_protocol/reports/a3_score_menu_summary.csv"", ""top_journal_v3_reaudit_055/paper_A_orientation_protocol/docs/orientation_reliability_paper_A_zh_v077.md""]",VALID,RETAIN,9.3 风险阈值解释与未完成仲裁,第三标注员的 150 个样本已经分层固定为每数据集 50，包括高分歧/ambiguous 边界与随机低分歧对照，但真人结果数仍为 0。三人 circular-median consensus 和 adjudication 尚未形成，本文不把人工标注写成完全闭环。,1ae2e59f0f7aef160f22fe2d51d8f1b6b3036160b21314749e22a4e5f2df473a,与 orientation-specific measurement 证据一致。
R008-C0165,10 工具箱,362,## 10 工具箱,06188eb5570fe7db8f8bfa8ee3d1a4569d2187c646d87953884fce779061b649,measurement_numeric,"[""multiple_or_not_explicit""]",evaluation unit / detector-head unit,orientation-specific measurement or audited certification frontier,"[""top_journal_v3_reaudit_055/paper_A_orientation_protocol/reports/a1_guaranteed_frontier_all_alpha.csv"", ""top_journal_v3_reaudit_055/paper_A_orientation_protocol/reports/a3_score_menu_summary.csv"", ""top_journal_v3_reaudit_055/paper_A_orientation_protocol/docs/orientation_reliability_paper_A_zh_v077.md""]",VALID,RETAIN,10 工具箱,## 10 工具箱,06188eb5570fe7db8f8bfa8ee3d1a4569d2187c646d87953884fce779061b649,与 orientation-specific measurement 证据一致。
R008-C0166,10 工具箱,366,1. canonical le90 angle error 与 circular distance；,9db720e7ccd7479f9225769609f88d2373947a305d17d2b9e2b488c5ecb6967a,measurement_numeric,"[""multiple_or_not_explicit""]",evaluation unit / detector-head unit,orientation-specific measurement or audited certification frontier,"[""top_journal_v3_reaudit_055/paper_A_orientation_protocol/reports/a1_guaranteed_frontier_all_alpha.csv"", ""top_journal_v3_reaudit_055/paper_A_orientation_protocol/reports/a3_score_menu_summary.csv"", ""top_journal_v3_reaudit_055/paper_A_orientation_protocol/docs/orientation_reliability_paper_A_zh_v077.md""]",VALID,RETAIN,10 工具箱,1. canonical le90 angle error 与 circular distance；,9db720e7ccd7479f9225769609f88d2373947a305d17d2b9e2b488c5ecb6967a,与 orientation-specific measurement 证据一致。
R008-C0167,10 工具箱,367,2. $\delta_\tau(a)$ 数值查询和 geometry-normalized severe event；,4a78c8776d7f43f74ba67681b7e024d78fd3e4062f585752b1358a28d3cb0968,measurement_numeric,"[""multiple_or_not_explicit""]",evaluation unit / detector-head unit,orientation-specific measurement or audited certification frontier,"[""top_journal_v3_reaudit_055/paper_A_orientation_protocol/reports/a1_guaranteed_frontier_all_alpha.csv"", ""top_journal_v3_reaudit_055/paper_A_orientation_protocol/reports/a3_score_menu_summary.csv"", ""top_journal_v3_reaudit_055/paper_A_orientation_protocol/docs/orientation_reliability_paper_A_zh_v077.md""]",VALID,RETAIN,10 工具箱,2. $\delta_\tau(a)$ 数值查询和 geometry-normalized severe event；,4a78c8776d7f43f74ba67681b7e024d78fd3e4062f585752b1358a28d3cb0968,与 orientation-specific measurement 证据一致。
R008-C0168,10 工具箱,368,3. NRC、AURC、risk-coverage、Risk@70/90；,5465d7be986634409d8180fd5164ea720d184ebf65b5e4ee01c18fbfdd0b774c,measurement_numeric,"[""multiple_or_not_explicit""]",evaluation unit / detector-head unit,orientation-specific measurement or audited certification frontier,"[""top_journal_v3_reaudit_055/paper_A_orientation_protocol/reports/a1_guaranteed_frontier_all_alpha.csv"", ""top_journal_v3_reaudit_055/paper_A_orientation_protocol/reports/a3_score_menu_summary.csv"", ""top_journal_v3_reaudit_055/paper_A_orientation_protocol/docs/orientation_reliability_paper_A_zh_v077.md""]",VALID,RETAIN,10 工具箱,3. NRC、AURC、risk-coverage、Risk@70/90；,5465d7be986634409d8180fd5164ea720d184ebf65b5e4ee01c18fbfdd0b774c,与 orientation-specific measurement 证据一致。
R008-C0169,10 工具箱,369,4. 5°、10°、15° 固定敏感性；,7f951c08bfe6e7b92a74826fd02c1ae19aff441606892dc738fb3aa65134e0d9,measurement_numeric,"[""multiple_or_not_explicit""]",evaluation unit / detector-head unit,orientation-specific measurement or audited certification frontier,"[""top_journal_v3_reaudit_055/paper_A_orientation_protocol/reports/a1_guaranteed_frontier_all_alpha.csv"", ""top_journal_v3_reaudit_055/paper_A_orientation_protocol/reports/a3_score_menu_summary.csv"", ""top_journal_v3_reaudit_055/paper_A_orientation_protocol/docs/orientation_reliability_paper_A_zh_v077.md""]",VALID,RETAIN,10 工具箱,4. 5°、10°、15° 固定敏感性；,7f951c08bfe6e7b92a74826fd02c1ae19aff441606892dc738fb3aa65134e0d9,与 orientation-specific measurement 证据一致。
R008-C0170,10 工具箱,370,5. image、tile 与 mother-scene cluster bootstrap；,994ccb43e23e8644907ff36056826736668e3b6c22948d8a330e510966c596cd,measurement_numeric,"[""multiple_or_not_explicit""]",evaluation unit / detector-head unit,orientation-specific measurement or audited certification frontier,"[""top_journal_v3_reaudit_055/paper_A_orientation_protocol/reports/a1_guaranteed_frontier_all_alpha.csv"", ""top_journal_v3_reaudit_055/paper_A_orientation_protocol/reports/a3_score_menu_summary.csv"", ""top_journal_v3_reaudit_055/paper_A_orientation_protocol/docs/orientation_reliability_paper_A_zh_v077.md""]",VALID,RETAIN,10 工具箱,5. image、tile 与 mother-scene cluster bootstrap；,994ccb43e23e8644907ff36056826736668e3b6c22948d8a330e510966c596cd,与 orientation-specific measurement 证据一致。
R008-C0171,10 工具箱,371,6. eligible-scene universe、nonempty conditional scene risk 与 scene event；,8dd468bc1f62f35dbb922970f7ddb4a82be51edc69f83475aa574dcdb40b5298,measurement_numeric,"[""multiple_or_not_explicit""]",evaluation unit / detector-head unit,orientation-specific measurement or audited certification frontier,"[""top_journal_v3_reaudit_055/paper_A_orientation_protocol/reports/a1_guaranteed_frontier_all_alpha.csv"", ""top_journal_v3_reaudit_055/paper_A_orientation_protocol/reports/a3_score_menu_summary.csv"", ""top_journal_v3_reaudit_055/paper_A_orientation_protocol/docs/orientation_reliability_paper_A_zh_v077.md""]",VALID,RETAIN,10 工具箱,6. eligible-scene universe、nonempty conditional scene risk 与 scene event；,8dd468bc1f62f35dbb922970f7ddb4a82be51edc69f83475aa574dcdb40b5298,与 orientation-specific measurement 证据一致。
R008-C0172,10 工具箱,372,7. fixed-sequence LTT、Hoeffding--Bentkus bounded-loss UCB 和 Clopper--Pearson event UCB；,df69965586be511d5b435bb0be182b0a5df736a1ecc2f0f53244fb4e6862eb05,certification_audit,"[""multiple_or_not_explicit""]",evaluation unit / detector-head unit,orientation-specific measurement or audited certification frontier,"[""top_journal_v3_reaudit_055/paper_A_orientation_protocol/reports/a1_guaranteed_frontier_all_alpha.csv"", ""top_journal_v3_reaudit_055/paper_A_orientation_protocol/reports/a3_score_menu_summary.csv"", ""top_journal_v3_reaudit_055/paper_A_orientation_protocol/docs/orientation_reliability_paper_A_zh_v077.md""]",QUALIFIED,QUALIFY,10 工具箱,7. fixed-sequence LTT、Hoeffding--Bentkus bounded-loss UCB 和 Clopper--Pearson event UCB；,df69965586be511d5b435bb0be182b0a5df736a1ecc2f0f53244fb4e6862eb05,保留可追溯测量主张；认证相关内容仅作审计/边界限定。
R008-C0173,10 工具箱,373,8. alpha feasibility frontier 与 score-menu certification；,abb19d03987ed59670433b6b2110d93e559cd43eb55fe67e4b405d9221c73aa2,certification_audit,"[""multiple_or_not_explicit""]",evaluation unit / detector-head unit,orientation-specific measurement or audited certification frontier,"[""top_journal_v3_reaudit_055/paper_A_orientation_protocol/reports/a1_guaranteed_frontier_all_alpha.csv"", ""top_journal_v3_reaudit_055/paper_A_orientation_protocol/reports/a3_score_menu_summary.csv"", ""top_journal_v3_reaudit_055/paper_A_orientation_protocol/docs/orientation_reliability_paper_A_zh_v077.md""]",QUALIFIED,QUALIFY,10 工具箱,8. alpha feasibility frontier 与 score-menu certification；,abb19d03987ed59670433b6b2110d93e559cd43eb55fe67e4b405d9221c73aa2,保留可追溯测量主张；认证相关内容仅作审计/边界限定。
R008-C0174,10 工具箱,374,9. AP@0.75、detection-score NRC 和 scene-risk workpoint 的统一命令行输出。,0e99c05d28aced92e9044e41c48cf2e5ca25b6467f996eade9d69855ee663247,measurement_numeric,"[""multiple_or_not_explicit""]",evaluation unit / detector-head unit,orientation-specific measurement or audited certification frontier,"[""top_journal_v3_reaudit_055/paper_A_orientation_protocol/reports/a1_guaranteed_frontier_all_alpha.csv"", ""top_journal_v3_reaudit_055/paper_A_orientation_protocol/reports/a3_score_menu_summary.csv"", ""top_journal_v3_reaudit_055/paper_A_orientation_protocol/docs/orientation_reliability_paper_A_zh_v077.md""]",VALID,RETAIN,10 工具箱,9. AP@0.75、detection-score NRC 和 scene-risk workpoint 的统一命令行输出。,0e99c05d28aced92e9044e41c48cf2e5ca25b6467f996eade9d69855ee663247,与 orientation-specific measurement 证据一致。
R008-C0175,10 工具箱,376,当冻结网格上没有工作点时，工具箱显式输出 `INFEASIBLE`，而不是静默删除 evaluation unit。默认 score menu 不把 target-GT geometry score 当作 deployable score，也不包含模型特定的角度编码机制代码。单元测试、合成 sanity test 和真实持久化数据回归均通过。,ee295b5df274a4d02e54fd07250db9c88753f082fde83d42aef16f85e5d05f82,certification_audit,"[""multiple_or_not_explicit""]",evaluation unit / detector-head unit,orientation-specific measurement or audited certification frontier,"[""top_journal_v3_reaudit_055/paper_A_orientation_protocol/reports/a1_guaranteed_frontier_all_alpha.csv"", ""top_journal_v3_reaudit_055/paper_A_orientation_protocol/reports/a3_score_menu_summary.csv"", ""top_journal_v3_reaudit_055/paper_A_orientation_protocol/docs/orientation_reliability_paper_A_zh_v077.md""]",QUALIFIED,QUALIFY,10 工具箱,当冻结网格上没有工作点时，工具箱显式输出 `INFEASIBLE`，而不是静默删除 evaluation unit。默认 score menu 不把 target-GT geometry score 当作 deployable score，也不包含模型特定的角度编码机制代码。单元测试、合成 sanity test 和真实持久化数据回归均通过。,ee295b5df274a4d02e54fd07250db9c88753f082fde83d42aef16f85e5d05f82,保留可追溯测量主张；认证相关内容仅作审计/边界限定。
R008-C0176,11 讨论,378,## 11 讨论,7d98c4a9dca31c4136963fd216e7f85234f9e095538224c04f37fd13e346f279,measurement_numeric,"[""multiple_or_not_explicit""]",evaluation unit / detector-head unit,orientation-specific measurement or audited certification frontier,"[""top_journal_v3_reaudit_055/paper_A_orientation_protocol/reports/a1_guaranteed_frontier_all_alpha.csv"", ""top_journal_v3_reaudit_055/paper_A_orientation_protocol/reports/a3_score_menu_summary.csv"", ""top_journal_v3_reaudit_055/paper_A_orientation_protocol/docs/orientation_reliability_paper_A_zh_v077.md""]",VALID,RETAIN,11 讨论,## 11 讨论,7d98c4a9dca31c4136963fd216e7f85234f9e095538224c04f37fd13e346f279,与 orientation-specific measurement 证据一致。
R008-C0177,11.1 测量协议回答什么,380,### 11.1 测量协议回答什么,9b79ea8aafdb809c53cedd9360dedc44c05f2742eef9a620830fc1615b7cf3ca,measurement_numeric,"[""multiple_or_not_explicit""]",evaluation unit / detector-head unit,orientation-specific measurement or audited certification frontier,"[""top_journal_v3_reaudit_055/paper_A_orientation_protocol/reports/a1_guaranteed_frontier_all_alpha.csv"", ""top_journal_v3_reaudit_055/paper_A_orientation_protocol/reports/a3_score_menu_summary.csv"", ""top_journal_v3_reaudit_055/paper_A_orientation_protocol/docs/orientation_reliability_paper_A_zh_v077.md""]",VALID,RETAIN,11.1 测量协议回答什么,### 11.1 测量协议回答什么,9b79ea8aafdb809c53cedd9360dedc44c05f2742eef9a620830fc1615b7cf3ca,与 orientation-specific measurement 证据一致。
R008-C0178,11.1 测量协议回答什么,382,AP 回答检测系统在给定 IoU 阈值下的综合排序和匹配质量；NRC/AURC 回答可靠性分数能否优先保留低角度风险实例；几何归一化事件回答同一角误差在不同形状上是否具有相近几何严重性；场景级前沿回答冻结分数和预算能否获得有限样本认证。这四层互补，但不能互相替代。,87ce116f21ab8f487bfef25a8748560fb794b80faaa506e762bbabdab513bce6,certification_audit,"[""multiple_or_not_explicit""]",evaluation unit / detector-head unit,orientation-specific measurement or audited certification frontier,"[""top_journal_v3_reaudit_055/paper_A_orientation_protocol/reports/a1_guaranteed_frontier_all_alpha.csv"", ""top_journal_v3_reaudit_055/paper_A_orientation_protocol/reports/a3_score_menu_summary.csv"", ""top_journal_v3_reaudit_055/paper_A_orientation_protocol/docs/orientation_reliability_paper_A_zh_v077.md""]",QUALIFIED,QUALIFY,11.1 测量协议回答什么,AP 回答检测系统在给定 IoU 阈值下的综合排序和匹配质量；NRC/AURC 回答可靠性分数能否优先保留低角度风险实例；几何归一化事件回答同一角误差在不同形状上是否具有相近几何严重性；场景级前沿回答冻结分数和预算能否获得有限样本认证。这四层互补，但不能互相替代。,87ce116f21ab8f487bfef25a8748560fb794b80faaa506e762bbabdab513bce6,保留可追溯测量主张；认证相关内容仅作审计/边界限定。
R008-C0179,11.1 测量协议回答什么,384,完整评测器扰动和经验容忍度共同说明，AP@0.5 的弱敏感性存在明确几何来源，而 AP@0.75 通常更早响应。然而，真实中心、尺度和匹配竞争使理想曲线无法直接预测 AP。原始预测持久化不完整也阻止了统一固定剂量 knee 的确认，因此本文只保留部分对齐结论。,6fee434de1a6f90f7dee9ba88a8bac74d8294967de47262f151c2e8597d68063,measurement_numeric,"[""multiple_or_not_explicit""]",evaluation unit / detector-head unit,orientation-specific measurement or audited certification frontier,"[""top_journal_v3_reaudit_055/paper_A_orientation_protocol/reports/a1_guaranteed_frontier_all_alpha.csv"", ""top_journal_v3_reaudit_055/paper_A_orientation_protocol/reports/a3_score_menu_summary.csv"", ""top_journal_v3_reaudit_055/paper_A_orientation_protocol/docs/orientation_reliability_paper_A_zh_v077.md""]",VALID,RETAIN,11.1 测量协议回答什么,完整评测器扰动和经验容忍度共同说明，AP@0.5 的弱敏感性存在明确几何来源，而 AP@0.75 通常更早响应。然而，真实中心、尺度和匹配竞争使理想曲线无法直接预测 AP。原始预测持久化不完整也阻止了统一固定剂量 knee 的确认，因此本文只保留部分对齐结论。,6fee434de1a6f90f7dee9ba88a8bac74d8294967de47262f151c2e8597d68063,与 orientation-specific measurement 证据一致。
R008-C0180,11.2 认证负结果的意义,386,### 11.2 认证负结果的意义,1497e354e38ad2facb81172eaff871fc226836a5397ab6c08c8ef4321d8a7341,certification_audit,"[""multiple_or_not_explicit""]",evaluation unit / detector-head unit,orientation-specific measurement or audited certification frontier,"[""top_journal_v3_reaudit_055/paper_A_orientation_protocol/reports/a1_guaranteed_frontier_all_alpha.csv"", ""top_journal_v3_reaudit_055/paper_A_orientation_protocol/reports/a3_score_menu_summary.csv"", ""top_journal_v3_reaudit_055/paper_A_orientation_protocol/docs/orientation_reliability_paper_A_zh_v077.md""]",QUALIFIED,QUALIFY,11.2 认证负结果的意义,### 11.2 认证负结果的意义,1497e354e38ad2facb81172eaff871fc226836a5397ab6c08c8ef4321d8a7341,保留可追溯测量主张；认证相关内容仅作审计/边界限定。
R008-C0181,11.2 认证负结果的意义,388,严格认证前沿表明，“某分数的 NRC 小于 1”不意味着它能在 $\alpha\le0.01$ 下获得非平凡场景风险保证。排序信息可能真实存在，却不足以在有限场景数、严格预算和实用覆盖约束下完成认证。检测分数、TTA 和源域监督几何分数在主风险上均没有 nontrivial practical point；目标域 GT 上界的单点成功只表明可观测几何可能仍含未被当前可部署分数利用的信息。,1e9138337e00379acceb8efee3cff48ee9e572b4a0bdb05cf399136f87c25a0a,certification_audit,"[""multiple_or_not_explicit""]",evaluation unit / detector-head unit,orientation-specific measurement or audited certification frontier,"[""top_journal_v3_reaudit_055/paper_A_orientation_protocol/reports/a1_guaranteed_frontier_all_alpha.csv"", ""top_journal_v3_reaudit_055/paper_A_orientation_protocol/reports/a3_score_menu_summary.csv"", ""top_journal_v3_reaudit_055/paper_A_orientation_protocol/docs/orientation_reliability_paper_A_zh_v077.md""]",QUALIFIED,QUALIFY,11.2 认证负结果的意义,严格认证前沿表明，“某分数的 NRC 小于 1”不意味着它能在 $\alpha\le0.01$ 下获得非平凡场景风险保证。排序信息可能真实存在，却不足以在有限场景数、严格预算和实用覆盖约束下完成认证。检测分数、TTA 和源域监督几何分数在主风险上均没有 nontrivial practical point；目标域 GT 上界的单点成功只表明可观测几何可能仍含未被当前可部署分数利用的信息。,1e9138337e00379acceb8efee3cff48ee9e572b4a0bdb05cf399136f87c25a0a,保留可追溯测量主张；认证相关内容仅作审计/边界限定。
R008-C0182,11.3 标注不确定性的边界,392,### 11.3 标注不确定性的边界,5d55018d10673bd09c8f9753b3780410b4adb5fff619bf7aa05655ae09551167,measurement_numeric,"[""multiple_or_not_explicit""]",evaluation unit / detector-head unit,orientation-specific measurement or audited certification frontier,"[""top_journal_v3_reaudit_055/paper_A_orientation_protocol/reports/a1_guaranteed_frontier_all_alpha.csv"", ""top_journal_v3_reaudit_055/paper_A_orientation_protocol/reports/a3_score_menu_summary.csv"", ""top_journal_v3_reaudit_055/paper_A_orientation_protocol/docs/orientation_reliability_paper_A_zh_v077.md""]",VALID,RETAIN,11.3 标注不确定性的边界,### 11.3 标注不确定性的边界,5d55018d10673bd09c8f9753b3780410b4adb5fff619bf7aa05655ae09551167,与 orientation-specific measurement 证据一致。
R008-C0183,12 局限性,396,## 12 局限性,20870ece620ca5391093dca66c42c29006279a9ac2bd239cb1b864ede0811a93,measurement_numeric,"[""multiple_or_not_explicit""]",evaluation unit / detector-head unit,orientation-specific measurement or audited certification frontier,"[""top_journal_v3_reaudit_055/paper_A_orientation_protocol/reports/a1_guaranteed_frontier_all_alpha.csv"", ""top_journal_v3_reaudit_055/paper_A_orientation_protocol/reports/a3_score_menu_summary.csv"", ""top_journal_v3_reaudit_055/paper_A_orientation_protocol/docs/orientation_reliability_paper_A_zh_v077.md""]",VALID,RETAIN,12 局限性,## 12 局限性,20870ece620ca5391093dca66c42c29006279a9ac2bd239cb1b864ede0811a93,与 orientation-specific measurement 证据一致。
R008-C0184,12 局限性,398,第一，严格主风险认证没有形成跨 evaluation units 的可部署成功，本文只能作为 measurement-only 研究。第二，SODA-A 的母景可以恢复，但既有数据角色在母景层交叉，正式保证只能是 tile/image-level。第三，没有找到同时满足未参与协议设计、full universe、provenance-clean、持久化完整和可复算要求的独立确认单元；现有确认性证据为空，不能通过更换标准或降低预算弥补。第四，固定剂量完整评测器网格因部分 raw predictions 未持久化而不完整，统一 AP@0.75 knee 尚未确认。第五，第三标注员没有提交真人结果，三人共识与仲裁尚未完成。第六，每数据集 200 个双标目标足以支持总体锚点和宽粒度比较，但不足以支撑稀有类别、精细 size-bin 因果效应或极端尾部。第七，本文覆盖的 detector-head units 具有代表性但不是所有旋转检测器的穷举，且分布漂移下的跨域保证不在本文证据范围内。,12d7edae492d160c6d10557c1f0917a3fe8028b0776ad0ded332194006b1f74f,certification_audit,"[""SODA-A""]",evaluation unit / detector-head unit,orientation-specific measurement or audited certification frontier,"[""top_journal_v3_reaudit_055/paper_A_orientation_protocol/reports/a1_guaranteed_frontier_all_alpha.csv"", ""top_journal_v3_reaudit_055/paper_A_orientation_protocol/reports/a3_score_menu_summary.csv"", ""top_journal_v3_reaudit_055/paper_A_orientation_protocol/docs/orientation_reliability_paper_A_zh_v077.md""]",QUALIFIED,QUALIFY,12 局限性,第一，严格主风险认证没有形成跨 evaluation units 的可部署成功，本文只能作为 measurement-only 研究。第二，SODA-A 的母景可以恢复，但既有数据角色在母景层交叉，正式保证只能是 tile/image-level。第三，没有找到同时满足未参与协议设计、full universe、provenance-clean、持久化完整和可复算要求的独立确认单元；现有确认性证据为空，不能通过更换标准或降低预算弥补。第四，固定剂量完整评测器网格因部分 raw predictions 未持久化而不完整，统一 AP@0.75 knee 尚未确认。第五，第三标注员没有提交真人结果，三人共识与仲裁尚未完成。第六，每数据集 200 个双标目标足以支持总体锚点和宽粒度比较，但不足以支撑稀有类别、精细 size-bin 因果效应或极端尾部。第七，本文覆盖的 detector-head units 具有代表性但不是所有旋转检测器的穷举，且分布漂移下的跨域保证不在本文证据范围内。,12d7edae492d160c6d10557c1f0917a3fe8028b0776ad0ded332194006b1f74f,保留可追溯测量主张；认证相关内容仅作审计/边界限定。
R008-C0185,13 结论,400,## 13 结论,64f2b389adfbeb3f1f14cef567de888bea192a5d52f3cb1ea2778afe203b79bb,measurement_numeric,"[""multiple_or_not_explicit""]",evaluation unit / detector-head unit,orientation-specific measurement or audited certification frontier,"[""top_journal_v3_reaudit_055/paper_A_orientation_protocol/reports/a1_guaranteed_frontier_all_alpha.csv"", ""top_journal_v3_reaudit_055/paper_A_orientation_protocol/reports/a3_score_menu_summary.csv"", ""top_journal_v3_reaudit_055/paper_A_orientation_protocol/docs/orientation_reliability_paper_A_zh_v077.md""]",VALID,RETAIN,13 结论,## 13 结论,64f2b389adfbeb3f1f14cef567de888bea192a5d52f3cb1ea2778afe203b79bb,与 orientation-specific measurement 证据一致。
R008-C0186,13 结论,402,本文建立了一套面向旋转目标检测的朝向可靠性测量协议。该协议以 le90 周期误差和 `ar>=2.1` 几何适用域为基础，用 $\delta_{0.75}(a)$ 定义形状归一化严重事件，以 NRC、AURC 和风险—覆盖曲线评价可靠性排序，并通过完整评测器区分 AP@0.5 与 AP@0.75 的朝向敏感性。图像、切片和母景审计显示，实例独立假设会显著夸大有效样本量；严格预算前沿进一步表明，现有可部署分数在主风险上基本无法获得非平凡认证，唯一实用点来自不可部署的目标域 GT 诊断上界。真人双标与 official GT 差异则说明，度级风险必须采用 label-noise-aware 语言。,97df8f42a122e1ccfffe5f2ef7619e5bceffaea58099e2d02d6eca93b0d58afa,certification_audit,"[""multiple_or_not_explicit""]",evaluation unit / detector-head unit,orientation-specific measurement or audited certification frontier,"[""top_journal_v3_reaudit_055/paper_A_orientation_protocol/reports/a1_guaranteed_frontier_all_alpha.csv"", ""top_journal_v3_reaudit_055/paper_A_orientation_protocol/reports/a3_score_menu_summary.csv"", ""top_journal_v3_reaudit_055/paper_A_orientation_protocol/docs/orientation_reliability_paper_A_zh_v077.md""]",QUALIFIED,QUALIFY,13 结论,本文建立了一套面向旋转目标检测的朝向可靠性测量协议。该协议以 le90 周期误差和 `ar>=2.1` 几何适用域为基础，用 $\delta_{0.75}(a)$ 定义形状归一化严重事件，以 NRC、AURC 和风险—覆盖曲线评价可靠性排序，并通过完整评测器区分 AP@0.5 与 AP@0.75 的朝向敏感性。图像、切片和母景审计显示，实例独立假设会显著夸大有效样本量；严格预算前沿进一步表明，现有可部署分数在主风险上基本无法获得非平凡认证，唯一实用点来自不可部署的目标域 GT 诊断上界。真人双标与 official GT 差异则说明，度级风险必须采用 label-noise-aware 语言。,97df8f42a122e1ccfffe5f2ef7619e5bceffaea58099e2d02d6eca93b0d58afa,保留可追溯测量主张；认证相关内容仅作审计/边界限定。
R008-C0187,13 结论,404,因此，本文的贡献不是一个已经验证成功的通用风险控制方法，而是可复算的测量定义、统计单位纠正、完整的认证可行性负结果及人工标注不确定性边界。它为后续旋转检测研究提出了一个更严格的问题：在不依赖目标域真值、不过度利用实例数量且保持实用覆盖的条件下，什么分数才能真正支持可认证的朝向选择？,f892664dc7fa81e933caf5a719b3b9aa6ac2934367b9e9993ec53dc41fd9bad2,certification_audit,"[""multiple_or_not_explicit""]",evaluation unit / detector-head unit,orientation-specific measurement or audited certification frontier,"[""top_journal_v3_reaudit_055/paper_A_orientation_protocol/reports/a1_guaranteed_frontier_all_alpha.csv"", ""top_journal_v3_reaudit_055/paper_A_orientation_protocol/reports/a3_score_menu_summary.csv"", ""top_journal_v3_reaudit_055/paper_A_orientation_protocol/docs/orientation_reliability_paper_A_zh_v077.md""]",QUALIFIED,QUALIFY,13 结论,因此，本文的贡献不是一个已经验证成功的通用风险控制方法，而是可复算的测量定义、统计单位纠正、完整的认证可行性负结果及人工标注不确定性边界。它为后续旋转检测研究提出了一个更严格的问题：在不依赖目标域真值、不过度利用实例数量且保持实用覆盖的条件下，什么分数才能真正支持可认证的朝向选择？,f892664dc7fa81e933caf5a719b3b9aa6ac2934367b9e9993ec53dc41fd9bad2,保留可追溯测量主张；认证相关内容仅作审计/边界限定。
R008-C0188,参考文献,408,"1. Xia G S, Bai X, Ding J, et al. DOTA: A Large-Scale Dataset for Object Detection in Aerial Images. CVPR, 2018.",b2b96a4c6edd59b7bf4084d9d2792ea90a905678a3b5858e7843a2435b21a4b6,measurement_numeric,"[""DOTA""]",evaluation unit / detector-head unit,orientation-specific measurement or audited certification frontier,"[""top_journal_v3_reaudit_055/paper_A_orientation_protocol/reports/a1_guaranteed_frontier_all_alpha.csv"", ""top_journal_v3_reaudit_055/paper_A_orientation_protocol/reports/a3_score_menu_summary.csv"", ""top_journal_v3_reaudit_055/paper_A_orientation_protocol/docs/orientation_reliability_paper_A_zh_v077.md""]",VALID,RETAIN,参考文献,"1. Xia G S, Bai X, Ding J, et al. DOTA: A Large-Scale Dataset for Object Detection in Aerial Images. CVPR, 2018.",b2b96a4c6edd59b7bf4084d9d2792ea90a905678a3b5858e7843a2435b21a4b6,与 orientation-specific measurement 证据一致。
R008-C0189,参考文献,409,"2. Sun X, Wang P, Wang C, et al. FAIR1M: A Benchmark Dataset for Fine-Grained Object Recognition in High-Resolution Remote Sensing Imagery. ISPRS Journal of Photogrammetry and Remote Sensing, 2022, 184: 116--130.",b6936aeef83efd80d0ea0484d9b94e0008126d976f323c6f754dec1d48bc82dc,measurement_numeric,"[""FAIR1M""]",evaluation unit / detector-head unit,orientation-specific measurement or audited certification frontier,"[""top_journal_v3_reaudit_055/paper_A_orientation_protocol/reports/a1_guaranteed_frontier_all_alpha.csv"", ""top_journal_v3_reaudit_055/paper_A_orientation_protocol/reports/a3_score_menu_summary.csv"", ""top_journal_v3_reaudit_055/paper_A_orientation_protocol/docs/orientation_reliability_paper_A_zh_v077.md""]",VALID,RETAIN,参考文献,"2. Sun X, Wang P, Wang C, et al. FAIR1M: A Benchmark Dataset for Fine-Grained Object Recognition in High-Resolution Remote Sensing Imagery. ISPRS Journal of Photogrammetry and Remote Sensing, 2022, 184: 116--130.",b6936aeef83efd80d0ea0484d9b94e0008126d976f323c6f754dec1d48bc82dc,与 orientation-specific measurement 证据一致。
R008-C0190,参考文献,410,"3. Cheng G, Han J, Zhou P, et al. Learning Rotation-Invariant Convolutional Neural Networks for Object Detection in VHR Optical Remote Sensing Images. IEEE Transactions on Geoscience and Remote Sensing, 2016, 54(12): 7405--7415.",cb12f112b12c076b4902c7b00ddc11c9e1c971674952a5c55e9f513e75af18f8,measurement_numeric,"[""multiple_or_not_explicit""]",evaluation unit / detector-head unit,orientation-specific measurement or audited certification frontier,"[""top_journal_v3_reaudit_055/paper_A_orientation_protocol/reports/a1_guaranteed_frontier_all_alpha.csv"", ""top_journal_v3_reaudit_055/paper_A_orientation_protocol/reports/a3_score_menu_summary.csv"", ""top_journal_v3_reaudit_055/paper_A_orientation_protocol/docs/orientation_reliability_paper_A_zh_v077.md""]",VALID,RETAIN,参考文献,"3. Cheng G, Han J, Zhou P, et al. Learning Rotation-Invariant Convolutional Neural Networks for Object Detection in VHR Optical Remote Sensing Images. IEEE Transactions on Geoscience and Remote Sensing, 2016, 54(12): 7405--7415.",cb12f112b12c076b4902c7b00ddc11c9e1c971674952a5c55e9f513e75af18f8,与 orientation-specific measurement 证据一致。
R008-C0191,参考文献,411,"4. Cheng G, Yuan X, Yao X, et al. Towards Large-Scale Small Object Detection: Survey and Benchmarks. IEEE Transactions on Pattern Analysis and Machine Intelligence, 2023, 45(11): 13467--13488.",623d9e25e6c04567da867c353d633e174c627537929bf969f6697fe38a1f4683,measurement_numeric,"[""multiple_or_not_explicit""]",evaluation unit / detector-head unit,orientation-specific measurement or audited certification frontier,"[""top_journal_v3_reaudit_055/paper_A_orientation_protocol/reports/a1_guaranteed_frontier_all_alpha.csv"", ""top_journal_v3_reaudit_055/paper_A_orientation_protocol/reports/a3_score_menu_summary.csv"", ""top_journal_v3_reaudit_055/paper_A_orientation_protocol/docs/orientation_reliability_paper_A_zh_v077.md""]",VALID,RETAIN,参考文献,"4. Cheng G, Yuan X, Yao X, et al. Towards Large-Scale Small Object Detection: Survey and Benchmarks. IEEE Transactions on Pattern Analysis and Machine Intelligence, 2023, 45(11): 13467--13488.",623d9e25e6c04567da867c353d633e174c627537929bf969f6697fe38a1f4683,与 orientation-specific measurement 证据一致。
R008-C0192,参考文献,412,"5. Xie X, Cheng G, Wang J, Yao X, Han J. Oriented R-CNN for Object Detection. ICCV, 2021.",455bb65909eb49183acfc59865595c36d2f3c7766c679e824e0b4f46563d414e,measurement_numeric,"[""multiple_or_not_explicit""]",evaluation unit / detector-head unit,orientation-specific measurement or audited certification frontier,"[""top_journal_v3_reaudit_055/paper_A_orientation_protocol/reports/a1_guaranteed_frontier_all_alpha.csv"", ""top_journal_v3_reaudit_055/paper_A_orientation_protocol/reports/a3_score_menu_summary.csv"", ""top_journal_v3_reaudit_055/paper_A_orientation_protocol/docs/orientation_reliability_paper_A_zh_v077.md""]",VALID,RETAIN,参考文献,"5. Xie X, Cheng G, Wang J, Yao X, Han J. Oriented R-CNN for Object Detection. ICCV, 2021.",455bb65909eb49183acfc59865595c36d2f3c7766c679e824e0b4f46563d414e,与 orientation-specific measurement 证据一致。
R008-C0193,参考文献,413,"6. Lyu C, Zhang W, Huang H, et al. RTMDet: An Empirical Study of Designing Real-Time Object Detectors. arXiv:2212.07784, 2022.",e29d960b5dbcf8c8394e8b36bc9597bd47b3b43bd82f88cab1568ad9359d97d3,measurement_numeric,"[""multiple_or_not_explicit""]",evaluation unit / detector-head unit,orientation-specific measurement or audited certification frontier,"[""top_journal_v3_reaudit_055/paper_A_orientation_protocol/reports/a1_guaranteed_frontier_all_alpha.csv"", ""top_journal_v3_reaudit_055/paper_A_orientation_protocol/reports/a3_score_menu_summary.csv"", ""top_journal_v3_reaudit_055/paper_A_orientation_protocol/docs/orientation_reliability_paper_A_zh_v077.md""]",VALID,RETAIN,参考文献,"6. Lyu C, Zhang W, Huang H, et al. RTMDet: An Empirical Study of Designing Real-Time Object Detectors. arXiv:2212.07784, 2022.",e29d960b5dbcf8c8394e8b36bc9597bd47b3b43bd82f88cab1568ad9359d97d3,与 orientation-specific measurement 证据一致。
R008-C0194,参考文献,414,"7. Yang X, Yan J. Arbitrary-Oriented Object Detection with Circular Smooth Label. ECCV, 2020.",6a590534205b89242b527387160f8e56dd4f860806058f1a3630293bacf2cfff,measurement_numeric,"[""multiple_or_not_explicit""]",evaluation unit / detector-head unit,orientation-specific measurement or audited certification frontier,"[""top_journal_v3_reaudit_055/paper_A_orientation_protocol/reports/a1_guaranteed_frontier_all_alpha.csv"", ""top_journal_v3_reaudit_055/paper_A_orientation_protocol/reports/a3_score_menu_summary.csv"", ""top_journal_v3_reaudit_055/paper_A_orientation_protocol/docs/orientation_reliability_paper_A_zh_v077.md""]",VALID,RETAIN,参考文献,"7. Yang X, Yan J. Arbitrary-Oriented Object Detection with Circular Smooth Label. ECCV, 2020.",6a590534205b89242b527387160f8e56dd4f860806058f1a3630293bacf2cfff,与 orientation-specific measurement 证据一致。
R008-C0195,参考文献,415,"8. Yang X, Hou L, Zhou Y, et al. Dense Label Encoding for Boundary Discontinuity Free Rotation Detection. CVPR, 2021.",54a73e46d1ebfc45f94ddb995ad0b290fe67b555404fcb716c69cbcc6ba775db,measurement_numeric,"[""multiple_or_not_explicit""]",evaluation unit / detector-head unit,orientation-specific measurement or audited certification frontier,"[""top_journal_v3_reaudit_055/paper_A_orientation_protocol/reports/a1_guaranteed_frontier_all_alpha.csv"", ""top_journal_v3_reaudit_055/paper_A_orientation_protocol/reports/a3_score_menu_summary.csv"", ""top_journal_v3_reaudit_055/paper_A_orientation_protocol/docs/orientation_reliability_paper_A_zh_v077.md""]",VALID,RETAIN,参考文献,"8. Yang X, Hou L, Zhou Y, et al. Dense Label Encoding for Boundary Discontinuity Free Rotation Detection. CVPR, 2021.",54a73e46d1ebfc45f94ddb995ad0b290fe67b555404fcb716c69cbcc6ba775db,与 orientation-specific measurement 证据一致。
R008-C0196,参考文献,416,"9. Yu Y, Yang X, Li Q, et al. Phase-Shifting Coder: Predicting Accurate Orientation in Oriented Object Detection. CVPR, 2023.",4e2adc4216dc593b9b645107da981c578b55ca40d36ee1f155a7df9a9a495834,measurement_numeric,"[""multiple_or_not_explicit""]",evaluation unit / detector-head unit,orientation-specific measurement or audited certification frontier,"[""top_journal_v3_reaudit_055/paper_A_orientation_protocol/reports/a1_guaranteed_frontier_all_alpha.csv"", ""top_journal_v3_reaudit_055/paper_A_orientation_protocol/reports/a3_score_menu_summary.csv"", ""top_journal_v3_reaudit_055/paper_A_orientation_protocol/docs/orientation_reliability_paper_A_zh_v077.md""]",VALID,RETAIN,参考文献,"9. Yu Y, Yang X, Li Q, et al. Phase-Shifting Coder: Predicting Accurate Orientation in Oriented Object Detection. CVPR, 2023.",4e2adc4216dc593b9b645107da981c578b55ca40d36ee1f155a7df9a9a495834,与 orientation-specific measurement 证据一致。
R008-C0197,参考文献,417,"10. Yang X, Yan J, Ming Q, et al. Rethinking Rotated Object Detection with Gaussian Wasserstein Distance Loss. ICML, 2021.",5e4e8b30116f5de037e54963d327235cb2cd73ba1ec27704be5a6063aa0e7fbf,measurement_numeric,"[""multiple_or_not_explicit""]",evaluation unit / detector-head unit,orientation-specific measurement or audited certification frontier,"[""top_journal_v3_reaudit_055/paper_A_orientation_protocol/reports/a1_guaranteed_frontier_all_alpha.csv"", ""top_journal_v3_reaudit_055/paper_A_orientation_protocol/reports/a3_score_menu_summary.csv"", ""top_journal_v3_reaudit_055/paper_A_orientation_protocol/docs/orientation_reliability_paper_A_zh_v077.md""]",VALID,RETAIN,参考文献,"10. Yang X, Yan J, Ming Q, et al. Rethinking Rotated Object Detection with Gaussian Wasserstein Distance Loss. ICML, 2021.",5e4e8b30116f5de037e54963d327235cb2cd73ba1ec27704be5a6063aa0e7fbf,与 orientation-specific measurement 证据一致。
R008-C0198,参考文献,418,"11. Yang X, Zhou Y, Zhang G, et al. Learning High-Precision Bounding Box for Rotated Object Detection via Kullback-Leibler Divergence. NeurIPS, 2021.",6d33218a4d1b862268704a64c156eecccc72c4e7786303490d0cf53e49824b23,measurement_numeric,"[""multiple_or_not_explicit""]",evaluation unit / detector-head unit,orientation-specific measurement or audited certification frontier,"[""top_journal_v3_reaudit_055/paper_A_orientation_protocol/reports/a1_guaranteed_frontier_all_alpha.csv"", ""top_journal_v3_reaudit_055/paper_A_orientation_protocol/reports/a3_score_menu_summary.csv"", ""top_journal_v3_reaudit_055/paper_A_orientation_protocol/docs/orientation_reliability_paper_A_zh_v077.md""]",VALID,RETAIN,参考文献,"11. Yang X, Zhou Y, Zhang G, et al. Learning High-Precision Bounding Box for Rotated Object Detection via Kullback-Leibler Divergence. NeurIPS, 2021.",6d33218a4d1b862268704a64c156eecccc72c4e7786303490d0cf53e49824b23,与 orientation-specific measurement 证据一致。
R008-C0199,参考文献,419,"12. Zeng Y, Chen Y, Yang X, Li Q, Yan J. ARS-DETR: Aspect Ratio-Sensitive Detection Transformer for Aerial Oriented Object Detection. arXiv:2303.04989, 2023.",e181cbf51b07796e4331c993b14c1be5c5850f3499c3833f7af15dda77b76608,measurement_numeric,"[""multiple_or_not_explicit""]",evaluation unit / detector-head unit,orientation-specific measurement or audited certification frontier,"[""top_journal_v3_reaudit_055/paper_A_orientation_protocol/reports/a1_guaranteed_frontier_all_alpha.csv"", ""top_journal_v3_reaudit_055/paper_A_orientation_protocol/reports/a3_score_menu_summary.csv"", ""top_journal_v3_reaudit_055/paper_A_orientation_protocol/docs/orientation_reliability_paper_A_zh_v077.md""]",VALID,RETAIN,参考文献,"12. Zeng Y, Chen Y, Yang X, Li Q, Yan J. ARS-DETR: Aspect Ratio-Sensitive Detection Transformer for Aerial Oriented Object Detection. arXiv:2303.04989, 2023.",e181cbf51b07796e4331c993b14c1be5c5850f3499c3833f7af15dda77b76608,与 orientation-specific measurement 证据一致。
R008-C0200,参考文献,420,"13. El-Yaniv R, Wiener Y. On the Foundations of Noise-Free Selective Classification. Journal of Machine Learning Research, 2010, 11: 1605--1641.",c129f30c440db8b36d1d508d13e0233032ea07505e9518835ee87f7b79aa084c,measurement_numeric,"[""multiple_or_not_explicit""]",evaluation unit / detector-head unit,orientation-specific measurement or audited certification frontier,"[""top_journal_v3_reaudit_055/paper_A_orientation_protocol/reports/a1_guaranteed_frontier_all_alpha.csv"", ""top_journal_v3_reaudit_055/paper_A_orientation_protocol/reports/a3_score_menu_summary.csv"", ""top_journal_v3_reaudit_055/paper_A_orientation_protocol/docs/orientation_reliability_paper_A_zh_v077.md""]",VALID,RETAIN,参考文献,"13. El-Yaniv R, Wiener Y. On the Foundations of Noise-Free Selective Classification. Journal of Machine Learning Research, 2010, 11: 1605--1641.",c129f30c440db8b36d1d508d13e0233032ea07505e9518835ee87f7b79aa084c,与 orientation-specific measurement 证据一致。
R008-C0201,参考文献,421,"14. Geifman Y, El-Yaniv R. Selective Classification for Deep Neural Networks. NeurIPS, 2017.",5b181354dbb3b424ed2ce69cb0bba89f24db15e6d0953ae5aaea4c0ef85f86fe,measurement_numeric,"[""multiple_or_not_explicit""]",evaluation unit / detector-head unit,orientation-specific measurement or audited certification frontier,"[""top_journal_v3_reaudit_055/paper_A_orientation_protocol/reports/a1_guaranteed_frontier_all_alpha.csv"", ""top_journal_v3_reaudit_055/paper_A_orientation_protocol/reports/a3_score_menu_summary.csv"", ""top_journal_v3_reaudit_055/paper_A_orientation_protocol/docs/orientation_reliability_paper_A_zh_v077.md""]",VALID,RETAIN,参考文献,"14. Geifman Y, El-Yaniv R. Selective Classification for Deep Neural Networks. NeurIPS, 2017.",5b181354dbb3b424ed2ce69cb0bba89f24db15e6d0953ae5aaea4c0ef85f86fe,与 orientation-specific measurement 证据一致。
R008-C0202,参考文献,422,"15. Geifman Y, Uziel G, El-Yaniv R. SelectiveNet: A Deep Neural Network with an Integrated Reject Option. ICML, 2019.",aa709115561e2f42e89b4220af6c1d58f9f5166c25602d067e54896824717766,measurement_numeric,"[""multiple_or_not_explicit""]",evaluation unit / detector-head unit,orientation-specific measurement or audited certification frontier,"[""top_journal_v3_reaudit_055/paper_A_orientation_protocol/reports/a1_guaranteed_frontier_all_alpha.csv"", ""top_journal_v3_reaudit_055/paper_A_orientation_protocol/reports/a3_score_menu_summary.csv"", ""top_journal_v3_reaudit_055/paper_A_orientation_protocol/docs/orientation_reliability_paper_A_zh_v077.md""]",VALID,RETAIN,参考文献,"15. Geifman Y, Uziel G, El-Yaniv R. SelectiveNet: A Deep Neural Network with an Integrated Reject Option. ICML, 2019.",aa709115561e2f42e89b4220af6c1d58f9f5166c25602d067e54896824717766,与 orientation-specific measurement 证据一致。
R008-C0203,参考文献,423,"16. Guo C, Pleiss G, Sun Y, Weinberger K Q. On Calibration of Modern Neural Networks. ICML, 2017.",c7be93195e28ba188437bf9466f3dd17c104629d11197ea94dda00a9a5ac6f15,measurement_numeric,"[""multiple_or_not_explicit""]",evaluation unit / detector-head unit,orientation-specific measurement or audited certification frontier,"[""top_journal_v3_reaudit_055/paper_A_orientation_protocol/reports/a1_guaranteed_frontier_all_alpha.csv"", ""top_journal_v3_reaudit_055/paper_A_orientation_protocol/reports/a3_score_menu_summary.csv"", ""top_journal_v3_reaudit_055/paper_A_orientation_protocol/docs/orientation_reliability_paper_A_zh_v077.md""]",VALID,RETAIN,参考文献,"16. Guo C, Pleiss G, Sun Y, Weinberger K Q. On Calibration of Modern Neural Networks. ICML, 2017.",c7be93195e28ba188437bf9466f3dd17c104629d11197ea94dda00a9a5ac6f15,与 orientation-specific measurement 证据一致。
R008-C0204,参考文献,424,"17. Küppers F, Kronenberger J, Shantia A, Haselhoff A. Multivariate Confidence Calibration for Object Detection. CVPR Workshops, 2020.",2c70200f2628294f5340095d79cddc9c8e938144c95fc1f7f2bf7d7424beab1d,measurement_numeric,"[""multiple_or_not_explicit""]",evaluation unit / detector-head unit,orientation-specific measurement or audited certification frontier,"[""top_journal_v3_reaudit_055/paper_A_orientation_protocol/reports/a1_guaranteed_frontier_all_alpha.csv"", ""top_journal_v3_reaudit_055/paper_A_orientation_protocol/reports/a3_score_menu_summary.csv"", ""top_journal_v3_reaudit_055/paper_A_orientation_protocol/docs/orientation_reliability_paper_A_zh_v077.md""]",VALID,RETAIN,参考文献,"17. Küppers F, Kronenberger J, Shantia A, Haselhoff A. Multivariate Confidence Calibration for Object Detection. CVPR Workshops, 2020.",2c70200f2628294f5340095d79cddc9c8e938144c95fc1f7f2bf7d7424beab1d,与 orientation-specific measurement 证据一致。
R008-C0205,参考文献,425,"18. Vovk V, Gammerman A, Shafer G. Algorithmic Learning in a Random World. Springer, 2005.",a1e6f27251ab89a2c40ae5260cdce5bd66b90c88e637c506752dce406b2fe73d,measurement_numeric,"[""multiple_or_not_explicit""]",evaluation unit / detector-head unit,orientation-specific measurement or audited certification frontier,"[""top_journal_v3_reaudit_055/paper_A_orientation_protocol/reports/a1_guaranteed_frontier_all_alpha.csv"", ""top_journal_v3_reaudit_055/paper_A_orientation_protocol/reports/a3_score_menu_summary.csv"", ""top_journal_v3_reaudit_055/paper_A_orientation_protocol/docs/orientation_reliability_paper_A_zh_v077.md""]",VALID,RETAIN,参考文献,"18. Vovk V, Gammerman A, Shafer G. Algorithmic Learning in a Random World. Springer, 2005.",a1e6f27251ab89a2c40ae5260cdce5bd66b90c88e637c506752dce406b2fe73d,与 orientation-specific measurement 证据一致。
R008-C0206,参考文献,426,"19. Bates S, Angelopoulos A N, Lei L, Malik J, Jordan M I. Distribution-Free, Risk-Controlling Prediction Sets. Journal of the ACM, 2024.",731e84c3f203c723a0d8f4c033977af704d3a70302e861793cad421e08424bf7,measurement_numeric,"[""multiple_or_not_explicit""]",evaluation unit / detector-head unit,orientation-specific measurement or audited certification frontier,"[""top_journal_v3_reaudit_055/paper_A_orientation_protocol/reports/a1_guaranteed_frontier_all_alpha.csv"", ""top_journal_v3_reaudit_055/paper_A_orientation_protocol/reports/a3_score_menu_summary.csv"", ""top_journal_v3_reaudit_055/paper_A_orientation_protocol/docs/orientation_reliability_paper_A_zh_v077.md""]",VALID,RETAIN,参考文献,"19. Bates S, Angelopoulos A N, Lei L, Malik J, Jordan M I. Distribution-Free, Risk-Controlling Prediction Sets. Journal of the ACM, 2024.",731e84c3f203c723a0d8f4c033977af704d3a70302e861793cad421e08424bf7,与 orientation-specific measurement 证据一致。
R008-C0207,参考文献,427,"20. Angelopoulos A N, Bates S, Fisch A, Lei L, Schuster T. Conformal Risk Control. ICLR, 2024.",52c6156b88e447377fe1e8784255c2726036d7a747fde163717973fcbd80afa6,measurement_numeric,"[""multiple_or_not_explicit""]",evaluation unit / detector-head unit,orientation-specific measurement or audited certification frontier,"[""top_journal_v3_reaudit_055/paper_A_orientation_protocol/reports/a1_guaranteed_frontier_all_alpha.csv"", ""top_journal_v3_reaudit_055/paper_A_orientation_protocol/reports/a3_score_menu_summary.csv"", ""top_journal_v3_reaudit_055/paper_A_orientation_protocol/docs/orientation_reliability_paper_A_zh_v077.md""]",VALID,RETAIN,参考文献,"20. Angelopoulos A N, Bates S, Fisch A, Lei L, Schuster T. Conformal Risk Control. ICLR, 2024.",52c6156b88e447377fe1e8784255c2726036d7a747fde163717973fcbd80afa6,与 orientation-specific measurement 证据一致。
R008-C0208,参考文献,428,"21. Angelopoulos A N, Bates S, Jordan M I, Malik J. Learn Then Test: Calibrating Predictive Algorithms to Achieve Risk Control. arXiv:2110.01052, 2021.",f292730639dd1da2d78a8460bef8577029753707a91bc18ac6cb638afe7ddbf3,measurement_numeric,"[""multiple_or_not_explicit""]",evaluation unit / detector-head unit,orientation-specific measurement or audited certification frontier,"[""top_journal_v3_reaudit_055/paper_A_orientation_protocol/reports/a1_guaranteed_frontier_all_alpha.csv"", ""top_journal_v3_reaudit_055/paper_A_orientation_protocol/reports/a3_score_menu_summary.csv"", ""top_journal_v3_reaudit_055/paper_A_orientation_protocol/docs/orientation_reliability_paper_A_zh_v077.md""]",VALID,RETAIN,参考文献,"21. Angelopoulos A N, Bates S, Jordan M I, Malik J. Learn Then Test: Calibrating Predictive Algorithms to Achieve Risk Control. arXiv:2110.01052, 2021.",f292730639dd1da2d78a8460bef8577029753707a91bc18ac6cb638afe7ddbf3,与 orientation-specific measurement 证据一致。
R008-C0209,参考文献,429,"22. Andéol L, Fel T, de Grancey F, Mossina L. Conformal Object Detection. arXiv:2308.16005, 2023.",b51f4f802ba492d83bc49c18f425094b1cd70eaa6f124ac6da0814366455a604,measurement_numeric,"[""multiple_or_not_explicit""]",evaluation unit / detector-head unit,orientation-specific measurement or audited certification frontier,"[""top_journal_v3_reaudit_055/paper_A_orientation_protocol/reports/a1_guaranteed_frontier_all_alpha.csv"", ""top_journal_v3_reaudit_055/paper_A_orientation_protocol/reports/a3_score_menu_summary.csv"", ""top_journal_v3_reaudit_055/paper_A_orientation_protocol/docs/orientation_reliability_paper_A_zh_v077.md""]",VALID,RETAIN,参考文献,"22. Andéol L, Fel T, de Grancey F, Mossina L. Conformal Object Detection. arXiv:2308.16005, 2023.",b51f4f802ba492d83bc49c18f425094b1cd70eaa6f124ac6da0814366455a604,与 orientation-specific measurement 证据一致。
R008-C0210,参考文献,430,"23. Wang G, Li W, Aertsen M, et al. Aleatoric Uncertainty Estimation with Test-Time Augmentation for Medical Image Segmentation with Convolutional Neural Networks. Neurocomputing, 2019, 338: 34--45.",6a9a0457142d129c01f7702b41bfbec4be9fef29058cf7e21926801c16b0d7e7,measurement_numeric,"[""multiple_or_not_explicit""]",evaluation unit / detector-head unit,orientation-specific measurement or audited certification frontier,"[""top_journal_v3_reaudit_055/paper_A_orientation_protocol/reports/a1_guaranteed_frontier_all_alpha.csv"", ""top_journal_v3_reaudit_055/paper_A_orientation_protocol/reports/a3_score_menu_summary.csv"", ""top_journal_v3_reaudit_055/paper_A_orientation_protocol/docs/orientation_reliability_paper_A_zh_v077.md""]",VALID,RETAIN,参考文献,"23. Wang G, Li W, Aertsen M, et al. Aleatoric Uncertainty Estimation with Test-Time Augmentation for Medical Image Segmentation with Convolutional Neural Networks. Neurocomputing, 2019, 338: 34--45.",6a9a0457142d129c01f7702b41bfbec4be9fef29058cf7e21926801c16b0d7e7,与 orientation-specific measurement 证据一致。
R008-C0211,参考文献,431,"24. Snow R, O'Connor B, Jurafsky D, Ng A Y. Cheap and Fast—But Is It Good? Evaluating Non-Expert Annotations for Natural Language Tasks. EMNLP, 2008.",6126bb098b9945c0738ece2fe4917965183ff2837dd6a89ef50db8b7f437e564,measurement_numeric,"[""multiple_or_not_explicit""]",evaluation unit / detector-head unit,orientation-specific measurement or audited certification frontier,"[""top_journal_v3_reaudit_055/paper_A_orientation_protocol/reports/a1_guaranteed_frontier_all_alpha.csv"", ""top_journal_v3_reaudit_055/paper_A_orientation_protocol/reports/a3_score_menu_summary.csv"", ""top_journal_v3_reaudit_055/paper_A_orientation_protocol/docs/orientation_reliability_paper_A_zh_v077.md""]",VALID,RETAIN,参考文献,"24. Snow R, O'Connor B, Jurafsky D, Ng A Y. Cheap and Fast—But Is It Good? Evaluating Non-Expert Annotations for Natural Language Tasks. EMNLP, 2008.",6126bb098b9945c0738ece2fe4917965183ff2837dd6a89ef50db8b7f437e564,与 orientation-specific measurement 证据一致。
R008-C0212,参考文献,432,"25. Plank B. The “Problem” of Human Label Variation: On Ground Truth in Data, Modeling and Evaluation. EMNLP, 2022.",acfc754519953146bbfbcd52462b175c0d21ed6292692f5b4e94bdeb378336c2,measurement_numeric,"[""multiple_or_not_explicit""]",evaluation unit / detector-head unit,orientation-specific measurement or audited certification frontier,"[""top_journal_v3_reaudit_055/paper_A_orientation_protocol/reports/a1_guaranteed_frontier_all_alpha.csv"", ""top_journal_v3_reaudit_055/paper_A_orientation_protocol/reports/a3_score_menu_summary.csv"", ""top_journal_v3_reaudit_055/paper_A_orientation_protocol/docs/orientation_reliability_paper_A_zh_v077.md""]",VALID,RETAIN,参考文献,"25. Plank B. The “Problem” of Human Label Variation: On Ground Truth in Data, Modeling and Evaluation. EMNLP, 2022.",acfc754519953146bbfbcd52462b175c0d21ed6292692f5b4e94bdeb378336c2,与 orientation-specific measurement 证据一致。
R008-C0213,参考文献,433,"26. Hoeffding W. Probability Inequalities for Sums of Bounded Random Variables. Journal of the American Statistical Association, 1963, 58(301): 13--30.",5f38abfe3ea8a4dbb48bd769ac09b83acd1abf0712a1746c952c7d7d41c55ebc,measurement_numeric,"[""multiple_or_not_explicit""]",evaluation unit / detector-head unit,orientation-specific measurement or audited certification frontier,"[""top_journal_v3_reaudit_055/paper_A_orientation_protocol/reports/a1_guaranteed_frontier_all_alpha.csv"", ""top_journal_v3_reaudit_055/paper_A_orientation_protocol/reports/a3_score_menu_summary.csv"", ""top_journal_v3_reaudit_055/paper_A_orientation_protocol/docs/orientation_reliability_paper_A_zh_v077.md""]",VALID,RETAIN,参考文献,"26. Hoeffding W. Probability Inequalities for Sums of Bounded Random Variables. Journal of the American Statistical Association, 1963, 58(301): 13--30.",5f38abfe3ea8a4dbb48bd769ac09b83acd1abf0712a1746c952c7d7d41c55ebc,与 orientation-specific measurement 证据一致。
R008-C0214,参考文献,434,"27. Bentkus V. On Hoeffding's Inequalities. The Annals of Probability, 2004, 32(2): 1650--1673.",c1ac7e0730a40ef66c964dd6d3e23e81390ed1d4df385da6449b91fc3e3a8904,measurement_numeric,"[""multiple_or_not_explicit""]",evaluation unit / detector-head unit,orientation-specific measurement or audited certification frontier,"[""top_journal_v3_reaudit_055/paper_A_orientation_protocol/reports/a1_guaranteed_frontier_all_alpha.csv"", ""top_journal_v3_reaudit_055/paper_A_orientation_protocol/reports/a3_score_menu_summary.csv"", ""top_journal_v3_reaudit_055/paper_A_orientation_protocol/docs/orientation_reliability_paper_A_zh_v077.md""]",VALID,RETAIN,参考文献,"27. Bentkus V. On Hoeffding's Inequalities. The Annals of Probability, 2004, 32(2): 1650--1673.",c1ac7e0730a40ef66c964dd6d3e23e81390ed1d4df385da6449b91fc3e3a8904,与 orientation-specific measurement 证据一致。
R008-C0215,参考文献,435,"28. Efron B, Tibshirani R J. An Introduction to the Bootstrap. Chapman & Hall/CRC, 1993.",b256ee55c5f435dc9a6fdabb7698f990c0122b50258c40b13dcc100c5eaef37a,measurement_numeric,"[""multiple_or_not_explicit""]",evaluation unit / detector-head unit,orientation-specific measurement or audited certification frontier,"[""top_journal_v3_reaudit_055/paper_A_orientation_protocol/reports/a1_guaranteed_frontier_all_alpha.csv"", ""top_journal_v3_reaudit_055/paper_A_orientation_protocol/reports/a3_score_menu_summary.csv"", ""top_journal_v3_reaudit_055/paper_A_orientation_protocol/docs/orientation_reliability_paper_A_zh_v077.md""]",VALID,RETAIN,参考文献,"28. Efron B, Tibshirani R J. An Introduction to the Bootstrap. Chapman & Hall/CRC, 1993.",b256ee55c5f435dc9a6fdabb7698f990c0122b50258c40b13dcc100c5eaef37a,与 orientation-specific measurement 证据一致。
