evaluation_unit,dataset,detector,score,risk_endpoint,alpha_label,alpha_type,r_fit,base_risk,alpha,alpha_gt_base_risk,trivial_guarantee,selected_threshold,target_coverage,certified_risk_ucb,mean_calibration_risk,mean_audit_risk,audit_risk_ucb,nonempty_scene_rate,selected_instance_coverage,selected_count,calibration_scene_count,audit_scene_count,feasible,certified,nontrivial_certified,practical,reason
A,DIOR-R,rotated_retinanet_psc,detection_score,geometry_normalized_severe,absolute_0.001,absolute,0.020007,0.020007,0.001000,False,False,,0.000000,,,,,0.000000,0.000000,0,1794,3494,False,False,False,False,no fixed-sequence candidate satisfies conditional scene-risk UCB
A,DIOR-R,rotated_retinanet_psc,detection_score,geometry_normalized_severe,absolute_0.0025,absolute,0.020007,0.020007,0.002500,False,False,,0.000000,,,,,0.000000,0.000000,0,1794,3494,False,False,False,False,no fixed-sequence candidate satisfies conditional scene-risk UCB
A,DIOR-R,rotated_retinanet_psc,detection_score,geometry_normalized_severe,absolute_0.005,absolute,0.020007,0.020007,0.005000,False,False,,0.000000,,,,,0.000000,0.000000,0,1794,3494,False,False,False,False,no fixed-sequence candidate satisfies conditional scene-risk UCB
A,DIOR-R,rotated_retinanet_psc,detection_score,geometry_normalized_severe,absolute_0.01,absolute,0.020007,0.020007,0.010000,False,False,,0.000000,,,,,0.000000,0.000000,0,1794,3494,False,False,False,False,no fixed-sequence candidate satisfies conditional scene-risk UCB
A,DIOR-R,rotated_retinanet_psc,detection_score,geometry_normalized_severe,relative_0.5_r_fit,relative,0.020007,0.020007,0.010003,False,False,,0.000000,,,,,0.000000,0.000000,0,1794,3494,False,False,False,False,no fixed-sequence candidate satisfies conditional scene-risk UCB
A,DIOR-R,rotated_retinanet_psc,detection_score,geometry_normalized_severe,relative_0.25_r_fit,relative,0.020007,0.020007,0.005002,False,False,,0.000000,,,,,0.000000,0.000000,0,1794,3494,False,False,False,False,no fixed-sequence candidate satisfies conditional scene-risk UCB
A,DIOR-R,rotated_retinanet_psc,tta_circular_consistency,geometry_normalized_severe,absolute_0.001,absolute,0.020007,0.020007,0.001000,False,False,,0.000000,,,,,0.000000,0.000000,0,1794,3494,False,False,False,False,no fixed-sequence candidate satisfies conditional scene-risk UCB
A,DIOR-R,rotated_retinanet_psc,tta_circular_consistency,geometry_normalized_severe,absolute_0.0025,absolute,0.020007,0.020007,0.002500,False,False,,0.000000,,,,,0.000000,0.000000,0,1794,3494,False,False,False,False,no fixed-sequence candidate satisfies conditional scene-risk UCB
A,DIOR-R,rotated_retinanet_psc,tta_circular_consistency,geometry_normalized_severe,absolute_0.005,absolute,0.020007,0.020007,0.005000,False,False,,0.000000,,,,,0.000000,0.000000,0,1794,3494,False,False,False,False,no fixed-sequence candidate satisfies conditional scene-risk UCB
A,DIOR-R,rotated_retinanet_psc,tta_circular_consistency,geometry_normalized_severe,absolute_0.01,absolute,0.020007,0.020007,0.010000,False,False,,0.000000,,,,,0.000000,0.000000,0,1794,3494,False,False,False,False,no fixed-sequence candidate satisfies conditional scene-risk UCB
A,DIOR-R,rotated_retinanet_psc,tta_circular_consistency,geometry_normalized_severe,relative_0.5_r_fit,relative,0.020007,0.020007,0.010003,False,False,,0.000000,,,,,0.000000,0.000000,0,1794,3494,False,False,False,False,no fixed-sequence candidate satisfies conditional scene-risk UCB
A,DIOR-R,rotated_retinanet_psc,tta_circular_consistency,geometry_normalized_severe,relative_0.25_r_fit,relative,0.020007,0.020007,0.005002,False,False,,0.000000,,,,,0.000000,0.000000,0,1794,3494,False,False,False,False,no fixed-sequence candidate satisfies conditional scene-risk UCB
A,DIOR-R,rotated_retinanet_psc,source_supervised_leave_geometry,geometry_normalized_severe,absolute_0.001,absolute,0.020007,0.020007,0.001000,False,False,,0.000000,,,,,0.000000,0.000000,0,1794,3494,False,False,False,False,no fixed-sequence candidate satisfies conditional scene-risk UCB
A,DIOR-R,rotated_retinanet_psc,source_supervised_leave_geometry,geometry_normalized_severe,absolute_0.0025,absolute,0.020007,0.020007,0.002500,False,False,,0.000000,,,,,0.000000,0.000000,0,1794,3494,False,False,False,False,no fixed-sequence candidate satisfies conditional scene-risk UCB
A,DIOR-R,rotated_retinanet_psc,source_supervised_leave_geometry,geometry_normalized_severe,absolute_0.005,absolute,0.020007,0.020007,0.005000,False,False,,0.000000,,,,,0.000000,0.000000,0,1794,3494,False,False,False,False,no fixed-sequence candidate satisfies conditional scene-risk UCB
A,DIOR-R,rotated_retinanet_psc,source_supervised_leave_geometry,geometry_normalized_severe,absolute_0.01,absolute,0.020007,0.020007,0.010000,False,False,,0.000000,,,,,0.000000,0.000000,0,1794,3494,False,False,False,False,no fixed-sequence candidate satisfies conditional scene-risk UCB
A,DIOR-R,rotated_retinanet_psc,source_supervised_leave_geometry,geometry_normalized_severe,relative_0.5_r_fit,relative,0.020007,0.020007,0.010003,False,False,,0.000000,,,,,0.000000,0.000000,0,1794,3494,False,False,False,False,no fixed-sequence candidate satisfies conditional scene-risk UCB
A,DIOR-R,rotated_retinanet_psc,source_supervised_leave_geometry,geometry_normalized_severe,relative_0.25_r_fit,relative,0.020007,0.020007,0.005002,False,False,,0.000000,,,,,0.000000,0.000000,0,1794,3494,False,False,False,False,no fixed-sequence candidate satisfies conditional scene-risk UCB
A,DIOR-R,rotated_retinanet_psc,target_gt_nonlinear_geometry_upper_bound,geometry_normalized_severe,absolute_0.001,absolute,0.020007,0.020007,0.001000,False,False,,0.000000,,,,,0.000000,0.000000,0,1794,3494,False,False,False,False,no fixed-sequence candidate satisfies conditional scene-risk UCB
A,DIOR-R,rotated_retinanet_psc,target_gt_nonlinear_geometry_upper_bound,geometry_normalized_severe,absolute_0.0025,absolute,0.020007,0.020007,0.002500,False,False,,0.000000,,,,,0.000000,0.000000,0,1794,3494,False,False,False,False,no fixed-sequence candidate satisfies conditional scene-risk UCB
A,DIOR-R,rotated_retinanet_psc,target_gt_nonlinear_geometry_upper_bound,geometry_normalized_severe,absolute_0.005,absolute,0.020007,0.020007,0.005000,False,False,,0.000000,,,,,0.000000,0.000000,0,1794,3494,False,False,False,False,no fixed-sequence candidate satisfies conditional scene-risk UCB
A,DIOR-R,rotated_retinanet_psc,target_gt_nonlinear_geometry_upper_bound,geometry_normalized_severe,absolute_0.01,absolute,0.020007,0.020007,0.010000,False,False,,0.000000,,,,,0.000000,0.000000,0,1794,3494,False,False,False,False,no fixed-sequence candidate satisfies conditional scene-risk UCB
A,DIOR-R,rotated_retinanet_psc,target_gt_nonlinear_geometry_upper_bound,geometry_normalized_severe,relative_0.5_r_fit,relative,0.020007,0.020007,0.010003,False,False,,0.000000,,,,,0.000000,0.000000,0,1794,3494,False,False,False,False,no fixed-sequence candidate satisfies conditional scene-risk UCB
A,DIOR-R,rotated_retinanet_psc,target_gt_nonlinear_geometry_upper_bound,geometry_normalized_severe,relative_0.25_r_fit,relative,0.020007,0.020007,0.005002,False,False,,0.000000,,,,,0.000000,0.000000,0,1794,3494,False,False,False,False,no fixed-sequence candidate satisfies conditional scene-risk UCB
A,DIOR-R,rotated_retinanet_psc,detection_score,angle_error_gt_5deg,absolute_0.001,absolute,0.081887,0.081887,0.001000,False,False,,0.000000,,,,,0.000000,0.000000,0,1794,3494,False,False,False,False,no fixed-sequence candidate satisfies conditional scene-risk UCB
A,DIOR-R,rotated_retinanet_psc,detection_score,angle_error_gt_5deg,absolute_0.0025,absolute,0.081887,0.081887,0.002500,False,False,,0.000000,,,,,0.000000,0.000000,0,1794,3494,False,False,False,False,no fixed-sequence candidate satisfies conditional scene-risk UCB
A,DIOR-R,rotated_retinanet_psc,detection_score,angle_error_gt_5deg,absolute_0.005,absolute,0.081887,0.081887,0.005000,False,False,,0.000000,,,,,0.000000,0.000000,0,1794,3494,False,False,False,False,no fixed-sequence candidate satisfies conditional scene-risk UCB
A,DIOR-R,rotated_retinanet_psc,detection_score,angle_error_gt_5deg,absolute_0.01,absolute,0.081887,0.081887,0.010000,False,False,,0.000000,,,,,0.000000,0.000000,0,1794,3494,False,False,False,False,no fixed-sequence candidate satisfies conditional scene-risk UCB
A,DIOR-R,rotated_retinanet_psc,detection_score,angle_error_gt_5deg,relative_0.5_r_fit,relative,0.081887,0.081887,0.040944,False,False,,0.000000,,,,,0.000000,0.000000,0,1794,3494,False,False,False,False,no fixed-sequence candidate satisfies conditional scene-risk UCB
A,DIOR-R,rotated_retinanet_psc,detection_score,angle_error_gt_5deg,relative_0.25_r_fit,relative,0.081887,0.081887,0.020472,False,False,,0.000000,,,,,0.000000,0.000000,0,1794,3494,False,False,False,False,no fixed-sequence candidate satisfies conditional scene-risk UCB
A,DIOR-R,rotated_retinanet_psc,tta_circular_consistency,angle_error_gt_5deg,absolute_0.001,absolute,0.081887,0.081887,0.001000,False,False,,0.000000,,,,,0.000000,0.000000,0,1794,3494,False,False,False,False,no fixed-sequence candidate satisfies conditional scene-risk UCB
A,DIOR-R,rotated_retinanet_psc,tta_circular_consistency,angle_error_gt_5deg,absolute_0.0025,absolute,0.081887,0.081887,0.002500,False,False,,0.000000,,,,,0.000000,0.000000,0,1794,3494,False,False,False,False,no fixed-sequence candidate satisfies conditional scene-risk UCB
A,DIOR-R,rotated_retinanet_psc,tta_circular_consistency,angle_error_gt_5deg,absolute_0.005,absolute,0.081887,0.081887,0.005000,False,False,,0.000000,,,,,0.000000,0.000000,0,1794,3494,False,False,False,False,no fixed-sequence candidate satisfies conditional scene-risk UCB
A,DIOR-R,rotated_retinanet_psc,tta_circular_consistency,angle_error_gt_5deg,absolute_0.01,absolute,0.081887,0.081887,0.010000,False,False,,0.000000,,,,,0.000000,0.000000,0,1794,3494,False,False,False,False,no fixed-sequence candidate satisfies conditional scene-risk UCB
A,DIOR-R,rotated_retinanet_psc,tta_circular_consistency,angle_error_gt_5deg,relative_0.5_r_fit,relative,0.081887,0.081887,0.040944,False,False,,0.000000,,,,,0.000000,0.000000,0,1794,3494,False,False,False,False,no fixed-sequence candidate satisfies conditional scene-risk UCB
A,DIOR-R,rotated_retinanet_psc,tta_circular_consistency,angle_error_gt_5deg,relative_0.25_r_fit,relative,0.081887,0.081887,0.020472,False,False,,0.000000,,,,,0.000000,0.000000,0,1794,3494,False,False,False,False,no fixed-sequence candidate satisfies conditional scene-risk UCB
A,DIOR-R,rotated_retinanet_psc,source_supervised_leave_geometry,angle_error_gt_5deg,absolute_0.001,absolute,0.081887,0.081887,0.001000,False,False,,0.000000,,,,,0.000000,0.000000,0,1794,3494,False,False,False,False,no fixed-sequence candidate satisfies conditional scene-risk UCB
A,DIOR-R,rotated_retinanet_psc,source_supervised_leave_geometry,angle_error_gt_5deg,absolute_0.0025,absolute,0.081887,0.081887,0.002500,False,False,,0.000000,,,,,0.000000,0.000000,0,1794,3494,False,False,False,False,no fixed-sequence candidate satisfies conditional scene-risk UCB
A,DIOR-R,rotated_retinanet_psc,source_supervised_leave_geometry,angle_error_gt_5deg,absolute_0.005,absolute,0.081887,0.081887,0.005000,False,False,,0.000000,,,,,0.000000,0.000000,0,1794,3494,False,False,False,False,no fixed-sequence candidate satisfies conditional scene-risk UCB
A,DIOR-R,rotated_retinanet_psc,source_supervised_leave_geometry,angle_error_gt_5deg,absolute_0.01,absolute,0.081887,0.081887,0.010000,False,False,,0.000000,,,,,0.000000,0.000000,0,1794,3494,False,False,False,False,no fixed-sequence candidate satisfies conditional scene-risk UCB
A,DIOR-R,rotated_retinanet_psc,source_supervised_leave_geometry,angle_error_gt_5deg,relative_0.5_r_fit,relative,0.081887,0.081887,0.040944,False,False,-1.195240,0.025000,0.031987,0.011811,0.017688,0.034297,0.130796,0.025773,646,1794,3494,True,True,True,False,certified
A,DIOR-R,rotated_retinanet_psc,source_supervised_leave_geometry,angle_error_gt_5deg,relative_0.25_r_fit,relative,0.081887,0.081887,0.020472,False,False,,0.000000,,,,,0.000000,0.000000,0,1794,3494,False,False,False,False,no fixed-sequence candidate satisfies conditional scene-risk UCB
A,DIOR-R,rotated_retinanet_psc,target_gt_nonlinear_geometry_upper_bound,angle_error_gt_5deg,absolute_0.001,absolute,0.081887,0.081887,0.001000,False,False,,0.000000,,,,,0.000000,0.000000,0,1794,3494,False,False,False,False,no fixed-sequence candidate satisfies conditional scene-risk UCB
A,DIOR-R,rotated_retinanet_psc,target_gt_nonlinear_geometry_upper_bound,angle_error_gt_5deg,absolute_0.0025,absolute,0.081887,0.081887,0.002500,False,False,,0.000000,,,,,0.000000,0.000000,0,1794,3494,False,False,False,False,no fixed-sequence candidate satisfies conditional scene-risk UCB
A,DIOR-R,rotated_retinanet_psc,target_gt_nonlinear_geometry_upper_bound,angle_error_gt_5deg,absolute_0.005,absolute,0.081887,0.081887,0.005000,False,False,,0.000000,,,,,0.000000,0.000000,0,1794,3494,False,False,False,False,no fixed-sequence candidate satisfies conditional scene-risk UCB
A,DIOR-R,rotated_retinanet_psc,target_gt_nonlinear_geometry_upper_bound,angle_error_gt_5deg,absolute_0.01,absolute,0.081887,0.081887,0.010000,False,False,,0.000000,,,,,0.000000,0.000000,0,1794,3494,False,False,False,False,no fixed-sequence candidate satisfies conditional scene-risk UCB
A,DIOR-R,rotated_retinanet_psc,target_gt_nonlinear_geometry_upper_bound,angle_error_gt_5deg,relative_0.5_r_fit,relative,0.081887,0.081887,0.040944,False,False,-1.613411,0.500000,0.035814,0.025076,0.021787,0.028431,0.613051,0.498344,12491,1794,3494,True,True,True,True,certified
A,DIOR-R,rotated_retinanet_psc,target_gt_nonlinear_geometry_upper_bound,angle_error_gt_5deg,relative_0.25_r_fit,relative,0.081887,0.081887,0.020472,False,False,,0.000000,,,,,0.000000,0.000000,0,1794,3494,False,False,False,False,no fixed-sequence candidate satisfies conditional scene-risk UCB
A,DIOR-R,rotated_retinanet_psc,detection_score,angle_error_gt_10deg,absolute_0.001,absolute,0.018776,0.018776,0.001000,False,False,,0.000000,,,,,0.000000,0.000000,0,1794,3494,False,False,False,False,no fixed-sequence candidate satisfies conditional scene-risk UCB
A,DIOR-R,rotated_retinanet_psc,detection_score,angle_error_gt_10deg,absolute_0.0025,absolute,0.018776,0.018776,0.002500,False,False,,0.000000,,,,,0.000000,0.000000,0,1794,3494,False,False,False,False,no fixed-sequence candidate satisfies conditional scene-risk UCB
A,DIOR-R,rotated_retinanet_psc,detection_score,angle_error_gt_10deg,absolute_0.005,absolute,0.018776,0.018776,0.005000,False,False,,0.000000,,,,,0.000000,0.000000,0,1794,3494,False,False,False,False,no fixed-sequence candidate satisfies conditional scene-risk UCB
A,DIOR-R,rotated_retinanet_psc,detection_score,angle_error_gt_10deg,absolute_0.01,absolute,0.018776,0.018776,0.010000,False,False,,0.000000,,,,,0.000000,0.000000,0,1794,3494,False,False,False,False,no fixed-sequence candidate satisfies conditional scene-risk UCB
A,DIOR-R,rotated_retinanet_psc,detection_score,angle_error_gt_10deg,relative_0.5_r_fit,relative,0.018776,0.018776,0.009388,False,False,,0.000000,,,,,0.000000,0.000000,0,1794,3494,False,False,False,False,no fixed-sequence candidate satisfies conditional scene-risk UCB
A,DIOR-R,rotated_retinanet_psc,detection_score,angle_error_gt_10deg,relative_0.25_r_fit,relative,0.018776,0.018776,0.004694,False,False,,0.000000,,,,,0.000000,0.000000,0,1794,3494,False,False,False,False,no fixed-sequence candidate satisfies conditional scene-risk UCB
A,DIOR-R,rotated_retinanet_psc,tta_circular_consistency,angle_error_gt_10deg,absolute_0.001,absolute,0.018776,0.018776,0.001000,False,False,,0.000000,,,,,0.000000,0.000000,0,1794,3494,False,False,False,False,no fixed-sequence candidate satisfies conditional scene-risk UCB
A,DIOR-R,rotated_retinanet_psc,tta_circular_consistency,angle_error_gt_10deg,absolute_0.0025,absolute,0.018776,0.018776,0.002500,False,False,,0.000000,,,,,0.000000,0.000000,0,1794,3494,False,False,False,False,no fixed-sequence candidate satisfies conditional scene-risk UCB
A,DIOR-R,rotated_retinanet_psc,tta_circular_consistency,angle_error_gt_10deg,absolute_0.005,absolute,0.018776,0.018776,0.005000,False,False,,0.000000,,,,,0.000000,0.000000,0,1794,3494,False,False,False,False,no fixed-sequence candidate satisfies conditional scene-risk UCB
A,DIOR-R,rotated_retinanet_psc,tta_circular_consistency,angle_error_gt_10deg,absolute_0.01,absolute,0.018776,0.018776,0.010000,False,False,,0.000000,,,,,0.000000,0.000000,0,1794,3494,False,False,False,False,no fixed-sequence candidate satisfies conditional scene-risk UCB
A,DIOR-R,rotated_retinanet_psc,tta_circular_consistency,angle_error_gt_10deg,relative_0.5_r_fit,relative,0.018776,0.018776,0.009388,False,False,,0.000000,,,,,0.000000,0.000000,0,1794,3494,False,False,False,False,no fixed-sequence candidate satisfies conditional scene-risk UCB
A,DIOR-R,rotated_retinanet_psc,tta_circular_consistency,angle_error_gt_10deg,relative_0.25_r_fit,relative,0.018776,0.018776,0.004694,False,False,,0.000000,,,,,0.000000,0.000000,0,1794,3494,False,False,False,False,no fixed-sequence candidate satisfies conditional scene-risk UCB
A,DIOR-R,rotated_retinanet_psc,source_supervised_leave_geometry,angle_error_gt_10deg,absolute_0.001,absolute,0.018776,0.018776,0.001000,False,False,,0.000000,,,,,0.000000,0.000000,0,1794,3494,False,False,False,False,no fixed-sequence candidate satisfies conditional scene-risk UCB
A,DIOR-R,rotated_retinanet_psc,source_supervised_leave_geometry,angle_error_gt_10deg,absolute_0.0025,absolute,0.018776,0.018776,0.002500,False,False,,0.000000,,,,,0.000000,0.000000,0,1794,3494,False,False,False,False,no fixed-sequence candidate satisfies conditional scene-risk UCB
A,DIOR-R,rotated_retinanet_psc,source_supervised_leave_geometry,angle_error_gt_10deg,absolute_0.005,absolute,0.018776,0.018776,0.005000,False,False,,0.000000,,,,,0.000000,0.000000,0,1794,3494,False,False,False,False,no fixed-sequence candidate satisfies conditional scene-risk UCB
A,DIOR-R,rotated_retinanet_psc,source_supervised_leave_geometry,angle_error_gt_10deg,absolute_0.01,absolute,0.018776,0.018776,0.010000,False,False,,0.000000,,,,,0.000000,0.000000,0,1794,3494,False,False,False,False,no fixed-sequence candidate satisfies conditional scene-risk UCB
A,DIOR-R,rotated_retinanet_psc,source_supervised_leave_geometry,angle_error_gt_10deg,relative_0.5_r_fit,relative,0.018776,0.018776,0.009388,False,False,,0.000000,,,,,0.000000,0.000000,0,1794,3494,False,False,False,False,no fixed-sequence candidate satisfies conditional scene-risk UCB
A,DIOR-R,rotated_retinanet_psc,source_supervised_leave_geometry,angle_error_gt_10deg,relative_0.25_r_fit,relative,0.018776,0.018776,0.004694,False,False,,0.000000,,,,,0.000000,0.000000,0,1794,3494,False,False,False,False,no fixed-sequence candidate satisfies conditional scene-risk UCB
A,DIOR-R,rotated_retinanet_psc,target_gt_nonlinear_geometry_upper_bound,angle_error_gt_10deg,absolute_0.001,absolute,0.018776,0.018776,0.001000,False,False,,0.000000,,,,,0.000000,0.000000,0,1794,3494,False,False,False,False,no fixed-sequence candidate satisfies conditional scene-risk UCB
A,DIOR-R,rotated_retinanet_psc,target_gt_nonlinear_geometry_upper_bound,angle_error_gt_10deg,absolute_0.0025,absolute,0.018776,0.018776,0.002500,False,False,,0.000000,,,,,0.000000,0.000000,0,1794,3494,False,False,False,False,no fixed-sequence candidate satisfies conditional scene-risk UCB
A,DIOR-R,rotated_retinanet_psc,target_gt_nonlinear_geometry_upper_bound,angle_error_gt_10deg,absolute_0.005,absolute,0.018776,0.018776,0.005000,False,False,,0.000000,,,,,0.000000,0.000000,0,1794,3494,False,False,False,False,no fixed-sequence candidate satisfies conditional scene-risk UCB
A,DIOR-R,rotated_retinanet_psc,target_gt_nonlinear_geometry_upper_bound,angle_error_gt_10deg,absolute_0.01,absolute,0.018776,0.018776,0.010000,False,False,,0.000000,,,,,0.000000,0.000000,0,1794,3494,False,False,False,False,no fixed-sequence candidate satisfies conditional scene-risk UCB
A,DIOR-R,rotated_retinanet_psc,target_gt_nonlinear_geometry_upper_bound,angle_error_gt_10deg,relative_0.5_r_fit,relative,0.018776,0.018776,0.009388,False,False,,0.000000,,,,,0.000000,0.000000,0,1794,3494,False,False,False,False,no fixed-sequence candidate satisfies conditional scene-risk UCB
A,DIOR-R,rotated_retinanet_psc,target_gt_nonlinear_geometry_upper_bound,angle_error_gt_10deg,relative_0.25_r_fit,relative,0.018776,0.018776,0.004694,False,False,,0.000000,,,,,0.000000,0.000000,0,1794,3494,False,False,False,False,no fixed-sequence candidate satisfies conditional scene-risk UCB
A,DIOR-R,rotated_retinanet_psc,detection_score,angle_error_gt_15deg,absolute_0.001,absolute,0.009917,0.009917,0.001000,False,False,,0.000000,,,,,0.000000,0.000000,0,1794,3494,False,False,False,False,no fixed-sequence candidate satisfies conditional scene-risk UCB
A,DIOR-R,rotated_retinanet_psc,detection_score,angle_error_gt_15deg,absolute_0.0025,absolute,0.009917,0.009917,0.002500,False,False,,0.000000,,,,,0.000000,0.000000,0,1794,3494,False,False,False,False,no fixed-sequence candidate satisfies conditional scene-risk UCB
A,DIOR-R,rotated_retinanet_psc,detection_score,angle_error_gt_15deg,absolute_0.005,absolute,0.009917,0.009917,0.005000,False,False,,0.000000,,,,,0.000000,0.000000,0,1794,3494,False,False,False,False,no fixed-sequence candidate satisfies conditional scene-risk UCB
A,DIOR-R,rotated_retinanet_psc,detection_score,angle_error_gt_15deg,absolute_0.01,absolute,0.009917,0.009917,0.010000,True,True,,0.000000,,,,,0.000000,0.000000,0,1794,3494,False,False,False,False,no fixed-sequence candidate satisfies conditional scene-risk UCB
A,DIOR-R,rotated_retinanet_psc,detection_score,angle_error_gt_15deg,relative_0.5_r_fit,relative,0.009917,0.009917,0.004958,False,False,,0.000000,,,,,0.000000,0.000000,0,1794,3494,False,False,False,False,no fixed-sequence candidate satisfies conditional scene-risk UCB
A,DIOR-R,rotated_retinanet_psc,detection_score,angle_error_gt_15deg,relative_0.25_r_fit,relative,0.009917,0.009917,0.002479,False,False,,0.000000,,,,,0.000000,0.000000,0,1794,3494,False,False,False,False,no fixed-sequence candidate satisfies conditional scene-risk UCB
A,DIOR-R,rotated_retinanet_psc,tta_circular_consistency,angle_error_gt_15deg,absolute_0.001,absolute,0.009917,0.009917,0.001000,False,False,,0.000000,,,,,0.000000,0.000000,0,1794,3494,False,False,False,False,no fixed-sequence candidate satisfies conditional scene-risk UCB
A,DIOR-R,rotated_retinanet_psc,tta_circular_consistency,angle_error_gt_15deg,absolute_0.0025,absolute,0.009917,0.009917,0.002500,False,False,,0.000000,,,,,0.000000,0.000000,0,1794,3494,False,False,False,False,no fixed-sequence candidate satisfies conditional scene-risk UCB
A,DIOR-R,rotated_retinanet_psc,tta_circular_consistency,angle_error_gt_15deg,absolute_0.005,absolute,0.009917,0.009917,0.005000,False,False,,0.000000,,,,,0.000000,0.000000,0,1794,3494,False,False,False,False,no fixed-sequence candidate satisfies conditional scene-risk UCB
A,DIOR-R,rotated_retinanet_psc,tta_circular_consistency,angle_error_gt_15deg,absolute_0.01,absolute,0.009917,0.009917,0.010000,True,True,,0.000000,,,,,0.000000,0.000000,0,1794,3494,False,False,False,False,no fixed-sequence candidate satisfies conditional scene-risk UCB
A,DIOR-R,rotated_retinanet_psc,tta_circular_consistency,angle_error_gt_15deg,relative_0.5_r_fit,relative,0.009917,0.009917,0.004958,False,False,,0.000000,,,,,0.000000,0.000000,0,1794,3494,False,False,False,False,no fixed-sequence candidate satisfies conditional scene-risk UCB
A,DIOR-R,rotated_retinanet_psc,tta_circular_consistency,angle_error_gt_15deg,relative_0.25_r_fit,relative,0.009917,0.009917,0.002479,False,False,,0.000000,,,,,0.000000,0.000000,0,1794,3494,False,False,False,False,no fixed-sequence candidate satisfies conditional scene-risk UCB
A,DIOR-R,rotated_retinanet_psc,source_supervised_leave_geometry,angle_error_gt_15deg,absolute_0.001,absolute,0.009917,0.009917,0.001000,False,False,,0.000000,,,,,0.000000,0.000000,0,1794,3494,False,False,False,False,no fixed-sequence candidate satisfies conditional scene-risk UCB
A,DIOR-R,rotated_retinanet_psc,source_supervised_leave_geometry,angle_error_gt_15deg,absolute_0.0025,absolute,0.009917,0.009917,0.002500,False,False,,0.000000,,,,,0.000000,0.000000,0,1794,3494,False,False,False,False,no fixed-sequence candidate satisfies conditional scene-risk UCB
A,DIOR-R,rotated_retinanet_psc,source_supervised_leave_geometry,angle_error_gt_15deg,absolute_0.005,absolute,0.009917,0.009917,0.005000,False,False,,0.000000,,,,,0.000000,0.000000,0,1794,3494,False,False,False,False,no fixed-sequence candidate satisfies conditional scene-risk UCB
A,DIOR-R,rotated_retinanet_psc,source_supervised_leave_geometry,angle_error_gt_15deg,absolute_0.01,absolute,0.009917,0.009917,0.010000,True,True,,0.000000,,,,,0.000000,0.000000,0,1794,3494,False,False,False,False,no fixed-sequence candidate satisfies conditional scene-risk UCB
A,DIOR-R,rotated_retinanet_psc,source_supervised_leave_geometry,angle_error_gt_15deg,relative_0.5_r_fit,relative,0.009917,0.009917,0.004958,False,False,,0.000000,,,,,0.000000,0.000000,0,1794,3494,False,False,False,False,no fixed-sequence candidate satisfies conditional scene-risk UCB
A,DIOR-R,rotated_retinanet_psc,source_supervised_leave_geometry,angle_error_gt_15deg,relative_0.25_r_fit,relative,0.009917,0.009917,0.002479,False,False,,0.000000,,,,,0.000000,0.000000,0,1794,3494,False,False,False,False,no fixed-sequence candidate satisfies conditional scene-risk UCB
A,DIOR-R,rotated_retinanet_psc,target_gt_nonlinear_geometry_upper_bound,angle_error_gt_15deg,absolute_0.001,absolute,0.009917,0.009917,0.001000,False,False,,0.000000,,,,,0.000000,0.000000,0,1794,3494,False,False,False,False,no fixed-sequence candidate satisfies conditional scene-risk UCB
A,DIOR-R,rotated_retinanet_psc,target_gt_nonlinear_geometry_upper_bound,angle_error_gt_15deg,absolute_0.0025,absolute,0.009917,0.009917,0.002500,False,False,,0.000000,,,,,0.000000,0.000000,0,1794,3494,False,False,False,False,no fixed-sequence candidate satisfies conditional scene-risk UCB
A,DIOR-R,rotated_retinanet_psc,target_gt_nonlinear_geometry_upper_bound,angle_error_gt_15deg,absolute_0.005,absolute,0.009917,0.009917,0.005000,False,False,,0.000000,,,,,0.000000,0.000000,0,1794,3494,False,False,False,False,no fixed-sequence candidate satisfies conditional scene-risk UCB
A,DIOR-R,rotated_retinanet_psc,target_gt_nonlinear_geometry_upper_bound,angle_error_gt_15deg,absolute_0.01,absolute,0.009917,0.009917,0.010000,True,True,,0.000000,,,,,0.000000,0.000000,0,1794,3494,False,False,False,False,no fixed-sequence candidate satisfies conditional scene-risk UCB
A,DIOR-R,rotated_retinanet_psc,target_gt_nonlinear_geometry_upper_bound,angle_error_gt_15deg,relative_0.5_r_fit,relative,0.009917,0.009917,0.004958,False,False,,0.000000,,,,,0.000000,0.000000,0,1794,3494,False,False,False,False,no fixed-sequence candidate satisfies conditional scene-risk UCB
A,DIOR-R,rotated_retinanet_psc,target_gt_nonlinear_geometry_upper_bound,angle_error_gt_15deg,relative_0.25_r_fit,relative,0.009917,0.009917,0.002479,False,False,,0.000000,,,,,0.000000,0.000000,0,1794,3494,False,False,False,False,no fixed-sequence candidate satisfies conditional scene-risk UCB
B,DIOR-R,oriented_rcnn,detection_score,geometry_normalized_severe,absolute_0.001,absolute,0.025040,0.025040,0.001000,False,False,,0.000000,,,,,0.000000,0.000000,0,1870,3641,False,False,False,False,no fixed-sequence candidate satisfies conditional scene-risk UCB
B,DIOR-R,oriented_rcnn,detection_score,geometry_normalized_severe,absolute_0.0025,absolute,0.025040,0.025040,0.002500,False,False,,0.000000,,,,,0.000000,0.000000,0,1870,3641,False,False,False,False,no fixed-sequence candidate satisfies conditional scene-risk UCB
B,DIOR-R,oriented_rcnn,detection_score,geometry_normalized_severe,absolute_0.005,absolute,0.025040,0.025040,0.005000,False,False,,0.000000,,,,,0.000000,0.000000,0,1870,3641,False,False,False,False,no fixed-sequence candidate satisfies conditional scene-risk UCB
B,DIOR-R,oriented_rcnn,detection_score,geometry_normalized_severe,absolute_0.01,absolute,0.025040,0.025040,0.010000,False,False,,0.000000,,,,,0.000000,0.000000,0,1870,3641,False,False,False,False,no fixed-sequence candidate satisfies conditional scene-risk UCB
B,DIOR-R,oriented_rcnn,detection_score,geometry_normalized_severe,relative_0.5_r_fit,relative,0.025040,0.025040,0.012520,False,False,,0.000000,,,,,0.000000,0.000000,0,1870,3641,False,False,False,False,no fixed-sequence candidate satisfies conditional scene-risk UCB
B,DIOR-R,oriented_rcnn,detection_score,geometry_normalized_severe,relative_0.25_r_fit,relative,0.025040,0.025040,0.006260,False,False,,0.000000,,,,,0.000000,0.000000,0,1870,3641,False,False,False,False,no fixed-sequence candidate satisfies conditional scene-risk UCB
B,DIOR-R,oriented_rcnn,tta_circular_consistency,geometry_normalized_severe,absolute_0.001,absolute,0.025040,0.025040,0.001000,False,False,,0.000000,,,,,0.000000,0.000000,0,1870,3641,False,False,False,False,no fixed-sequence candidate satisfies conditional scene-risk UCB
B,DIOR-R,oriented_rcnn,tta_circular_consistency,geometry_normalized_severe,absolute_0.0025,absolute,0.025040,0.025040,0.002500,False,False,,0.000000,,,,,0.000000,0.000000,0,1870,3641,False,False,False,False,no fixed-sequence candidate satisfies conditional scene-risk UCB
B,DIOR-R,oriented_rcnn,tta_circular_consistency,geometry_normalized_severe,absolute_0.005,absolute,0.025040,0.025040,0.005000,False,False,,0.000000,,,,,0.000000,0.000000,0,1870,3641,False,False,False,False,no fixed-sequence candidate satisfies conditional scene-risk UCB
B,DIOR-R,oriented_rcnn,tta_circular_consistency,geometry_normalized_severe,absolute_0.01,absolute,0.025040,0.025040,0.010000,False,False,,0.000000,,,,,0.000000,0.000000,0,1870,3641,False,False,False,False,no fixed-sequence candidate satisfies conditional scene-risk UCB
B,DIOR-R,oriented_rcnn,tta_circular_consistency,geometry_normalized_severe,relative_0.5_r_fit,relative,0.025040,0.025040,0.012520,False,False,,0.000000,,,,,0.000000,0.000000,0,1870,3641,False,False,False,False,no fixed-sequence candidate satisfies conditional scene-risk UCB
B,DIOR-R,oriented_rcnn,tta_circular_consistency,geometry_normalized_severe,relative_0.25_r_fit,relative,0.025040,0.025040,0.006260,False,False,,0.000000,,,,,0.000000,0.000000,0,1870,3641,False,False,False,False,no fixed-sequence candidate satisfies conditional scene-risk UCB
B,DIOR-R,oriented_rcnn,source_supervised_leave_geometry,geometry_normalized_severe,absolute_0.001,absolute,0.025040,0.025040,0.001000,False,False,,0.000000,,,,,0.000000,0.000000,0,1870,3641,False,False,False,False,no fixed-sequence candidate satisfies conditional scene-risk UCB
B,DIOR-R,oriented_rcnn,source_supervised_leave_geometry,geometry_normalized_severe,absolute_0.0025,absolute,0.025040,0.025040,0.002500,False,False,,0.000000,,,,,0.000000,0.000000,0,1870,3641,False,False,False,False,no fixed-sequence candidate satisfies conditional scene-risk UCB
B,DIOR-R,oriented_rcnn,source_supervised_leave_geometry,geometry_normalized_severe,absolute_0.005,absolute,0.025040,0.025040,0.005000,False,False,,0.000000,,,,,0.000000,0.000000,0,1870,3641,False,False,False,False,no fixed-sequence candidate satisfies conditional scene-risk UCB
B,DIOR-R,oriented_rcnn,source_supervised_leave_geometry,geometry_normalized_severe,absolute_0.01,absolute,0.025040,0.025040,0.010000,False,False,,0.000000,,,,,0.000000,0.000000,0,1870,3641,False,False,False,False,no fixed-sequence candidate satisfies conditional scene-risk UCB
B,DIOR-R,oriented_rcnn,source_supervised_leave_geometry,geometry_normalized_severe,relative_0.5_r_fit,relative,0.025040,0.025040,0.012520,False,False,,0.000000,,,,,0.000000,0.000000,0,1870,3641,False,False,False,False,no fixed-sequence candidate satisfies conditional scene-risk UCB
B,DIOR-R,oriented_rcnn,source_supervised_leave_geometry,geometry_normalized_severe,relative_0.25_r_fit,relative,0.025040,0.025040,0.006260,False,False,,0.000000,,,,,0.000000,0.000000,0,1870,3641,False,False,False,False,no fixed-sequence candidate satisfies conditional scene-risk UCB
B,DIOR-R,oriented_rcnn,target_gt_nonlinear_geometry_upper_bound,geometry_normalized_severe,absolute_0.001,absolute,0.025040,0.025040,0.001000,False,False,,0.000000,,,,,0.000000,0.000000,0,1870,3641,False,False,False,False,no fixed-sequence candidate satisfies conditional scene-risk UCB
B,DIOR-R,oriented_rcnn,target_gt_nonlinear_geometry_upper_bound,geometry_normalized_severe,absolute_0.0025,absolute,0.025040,0.025040,0.002500,False,False,,0.000000,,,,,0.000000,0.000000,0,1870,3641,False,False,False,False,no fixed-sequence candidate satisfies conditional scene-risk UCB
B,DIOR-R,oriented_rcnn,target_gt_nonlinear_geometry_upper_bound,geometry_normalized_severe,absolute_0.005,absolute,0.025040,0.025040,0.005000,False,False,,0.000000,,,,,0.000000,0.000000,0,1870,3641,False,False,False,False,no fixed-sequence candidate satisfies conditional scene-risk UCB
B,DIOR-R,oriented_rcnn,target_gt_nonlinear_geometry_upper_bound,geometry_normalized_severe,absolute_0.01,absolute,0.025040,0.025040,0.010000,False,False,,0.000000,,,,,0.000000,0.000000,0,1870,3641,False,False,False,False,no fixed-sequence candidate satisfies conditional scene-risk UCB
B,DIOR-R,oriented_rcnn,target_gt_nonlinear_geometry_upper_bound,geometry_normalized_severe,relative_0.5_r_fit,relative,0.025040,0.025040,0.012520,False,False,,0.000000,,,,,0.000000,0.000000,0,1870,3641,False,False,False,False,no fixed-sequence candidate satisfies conditional scene-risk UCB
B,DIOR-R,oriented_rcnn,target_gt_nonlinear_geometry_upper_bound,geometry_normalized_severe,relative_0.25_r_fit,relative,0.025040,0.025040,0.006260,False,False,,0.000000,,,,,0.000000,0.000000,0,1870,3641,False,False,False,False,no fixed-sequence candidate satisfies conditional scene-risk UCB
B,DIOR-R,oriented_rcnn,detection_score,angle_error_gt_5deg,absolute_0.001,absolute,0.084693,0.084693,0.001000,False,False,,0.000000,,,,,0.000000,0.000000,0,1870,3641,False,False,False,False,no fixed-sequence candidate satisfies conditional scene-risk UCB
B,DIOR-R,oriented_rcnn,detection_score,angle_error_gt_5deg,absolute_0.0025,absolute,0.084693,0.084693,0.002500,False,False,,0.000000,,,,,0.000000,0.000000,0,1870,3641,False,False,False,False,no fixed-sequence candidate satisfies conditional scene-risk UCB
B,DIOR-R,oriented_rcnn,detection_score,angle_error_gt_5deg,absolute_0.005,absolute,0.084693,0.084693,0.005000,False,False,,0.000000,,,,,0.000000,0.000000,0,1870,3641,False,False,False,False,no fixed-sequence candidate satisfies conditional scene-risk UCB
B,DIOR-R,oriented_rcnn,detection_score,angle_error_gt_5deg,absolute_0.01,absolute,0.084693,0.084693,0.010000,False,False,,0.000000,,,,,0.000000,0.000000,0,1870,3641,False,False,False,False,no fixed-sequence candidate satisfies conditional scene-risk UCB
B,DIOR-R,oriented_rcnn,detection_score,angle_error_gt_5deg,relative_0.5_r_fit,relative,0.084693,0.084693,0.042347,False,False,0.991413,0.500000,0.040385,0.028339,0.024675,0.031910,0.533645,0.490911,13584,1870,3641,True,True,True,True,certified
B,DIOR-R,oriented_rcnn,detection_score,angle_error_gt_5deg,relative_0.25_r_fit,relative,0.084693,0.084693,0.021173,False,False,,0.000000,,,,,0.000000,0.000000,0,1870,3641,False,False,False,False,no fixed-sequence candidate satisfies conditional scene-risk UCB
B,DIOR-R,oriented_rcnn,tta_circular_consistency,angle_error_gt_5deg,absolute_0.001,absolute,0.084693,0.084693,0.001000,False,False,,0.000000,,,,,0.000000,0.000000,0,1870,3641,False,False,False,False,no fixed-sequence candidate satisfies conditional scene-risk UCB
B,DIOR-R,oriented_rcnn,tta_circular_consistency,angle_error_gt_5deg,absolute_0.0025,absolute,0.084693,0.084693,0.002500,False,False,,0.000000,,,,,0.000000,0.000000,0,1870,3641,False,False,False,False,no fixed-sequence candidate satisfies conditional scene-risk UCB
B,DIOR-R,oriented_rcnn,tta_circular_consistency,angle_error_gt_5deg,absolute_0.005,absolute,0.084693,0.084693,0.005000,False,False,,0.000000,,,,,0.000000,0.000000,0,1870,3641,False,False,False,False,no fixed-sequence candidate satisfies conditional scene-risk UCB
B,DIOR-R,oriented_rcnn,tta_circular_consistency,angle_error_gt_5deg,absolute_0.01,absolute,0.084693,0.084693,0.010000,False,False,,0.000000,,,,,0.000000,0.000000,0,1870,3641,False,False,False,False,no fixed-sequence candidate satisfies conditional scene-risk UCB
B,DIOR-R,oriented_rcnn,tta_circular_consistency,angle_error_gt_5deg,relative_0.5_r_fit,relative,0.084693,0.084693,0.042347,False,False,,0.000000,,,,,0.000000,0.000000,0,1870,3641,False,False,False,False,no fixed-sequence candidate satisfies conditional scene-risk UCB
B,DIOR-R,oriented_rcnn,tta_circular_consistency,angle_error_gt_5deg,relative_0.25_r_fit,relative,0.084693,0.084693,0.021173,False,False,,0.000000,,,,,0.000000,0.000000,0,1870,3641,False,False,False,False,no fixed-sequence candidate satisfies conditional scene-risk UCB
B,DIOR-R,oriented_rcnn,source_supervised_leave_geometry,angle_error_gt_5deg,absolute_0.001,absolute,0.084693,0.084693,0.001000,False,False,,0.000000,,,,,0.000000,0.000000,0,1870,3641,False,False,False,False,no fixed-sequence candidate satisfies conditional scene-risk UCB
B,DIOR-R,oriented_rcnn,source_supervised_leave_geometry,angle_error_gt_5deg,absolute_0.0025,absolute,0.084693,0.084693,0.002500,False,False,,0.000000,,,,,0.000000,0.000000,0,1870,3641,False,False,False,False,no fixed-sequence candidate satisfies conditional scene-risk UCB
B,DIOR-R,oriented_rcnn,source_supervised_leave_geometry,angle_error_gt_5deg,absolute_0.005,absolute,0.084693,0.084693,0.005000,False,False,,0.000000,,,,,0.000000,0.000000,0,1870,3641,False,False,False,False,no fixed-sequence candidate satisfies conditional scene-risk UCB
B,DIOR-R,oriented_rcnn,source_supervised_leave_geometry,angle_error_gt_5deg,absolute_0.01,absolute,0.084693,0.084693,0.010000,False,False,,0.000000,,,,,0.000000,0.000000,0,1870,3641,False,False,False,False,no fixed-sequence candidate satisfies conditional scene-risk UCB
B,DIOR-R,oriented_rcnn,source_supervised_leave_geometry,angle_error_gt_5deg,relative_0.5_r_fit,relative,0.084693,0.084693,0.042347,False,False,-0.938025,0.050000,0.030851,0.016059,0.016821,0.026366,0.259819,0.057425,1589,1870,3641,True,True,True,False,certified
B,DIOR-R,oriented_rcnn,source_supervised_leave_geometry,angle_error_gt_5deg,relative_0.25_r_fit,relative,0.084693,0.084693,0.021173,False,False,,0.000000,,,,,0.000000,0.000000,0,1870,3641,False,False,False,False,no fixed-sequence candidate satisfies conditional scene-risk UCB
B,DIOR-R,oriented_rcnn,target_gt_nonlinear_geometry_upper_bound,angle_error_gt_5deg,absolute_0.001,absolute,0.084693,0.084693,0.001000,False,False,,0.000000,,,,,0.000000,0.000000,0,1870,3641,False,False,False,False,no fixed-sequence candidate satisfies conditional scene-risk UCB
B,DIOR-R,oriented_rcnn,target_gt_nonlinear_geometry_upper_bound,angle_error_gt_5deg,absolute_0.0025,absolute,0.084693,0.084693,0.002500,False,False,,0.000000,,,,,0.000000,0.000000,0,1870,3641,False,False,False,False,no fixed-sequence candidate satisfies conditional scene-risk UCB
B,DIOR-R,oriented_rcnn,target_gt_nonlinear_geometry_upper_bound,angle_error_gt_5deg,absolute_0.005,absolute,0.084693,0.084693,0.005000,False,False,,0.000000,,,,,0.000000,0.000000,0,1870,3641,False,False,False,False,no fixed-sequence candidate satisfies conditional scene-risk UCB
B,DIOR-R,oriented_rcnn,target_gt_nonlinear_geometry_upper_bound,angle_error_gt_5deg,absolute_0.01,absolute,0.084693,0.084693,0.010000,False,False,,0.000000,,,,,0.000000,0.000000,0,1870,3641,False,False,False,False,no fixed-sequence candidate satisfies conditional scene-risk UCB
B,DIOR-R,oriented_rcnn,target_gt_nonlinear_geometry_upper_bound,angle_error_gt_5deg,relative_0.5_r_fit,relative,0.084693,0.084693,0.042347,False,False,-1.933385,0.600000,0.040247,0.030563,0.025476,0.031531,0.753639,0.593546,16424,1870,3641,True,True,True,True,certified
B,DIOR-R,oriented_rcnn,target_gt_nonlinear_geometry_upper_bound,angle_error_gt_5deg,relative_0.25_r_fit,relative,0.084693,0.084693,0.021173,False,False,-1.278429,0.200000,0.018549,0.009616,0.007794,0.013221,0.468553,0.200173,5539,1870,3641,True,True,True,True,certified
B,DIOR-R,oriented_rcnn,detection_score,angle_error_gt_10deg,absolute_0.001,absolute,0.022406,0.022406,0.001000,False,False,,0.000000,,,,,0.000000,0.000000,0,1870,3641,False,False,False,False,no fixed-sequence candidate satisfies conditional scene-risk UCB
B,DIOR-R,oriented_rcnn,detection_score,angle_error_gt_10deg,absolute_0.0025,absolute,0.022406,0.022406,0.002500,False,False,,0.000000,,,,,0.000000,0.000000,0,1870,3641,False,False,False,False,no fixed-sequence candidate satisfies conditional scene-risk UCB
B,DIOR-R,oriented_rcnn,detection_score,angle_error_gt_10deg,absolute_0.005,absolute,0.022406,0.022406,0.005000,False,False,,0.000000,,,,,0.000000,0.000000,0,1870,3641,False,False,False,False,no fixed-sequence candidate satisfies conditional scene-risk UCB
B,DIOR-R,oriented_rcnn,detection_score,angle_error_gt_10deg,absolute_0.01,absolute,0.022406,0.022406,0.010000,False,False,,0.000000,,,,,0.000000,0.000000,0,1870,3641,False,False,False,False,no fixed-sequence candidate satisfies conditional scene-risk UCB
B,DIOR-R,oriented_rcnn,detection_score,angle_error_gt_10deg,relative_0.5_r_fit,relative,0.022406,0.022406,0.011203,False,False,,0.000000,,,,,0.000000,0.000000,0,1870,3641,False,False,False,False,no fixed-sequence candidate satisfies conditional scene-risk UCB
B,DIOR-R,oriented_rcnn,detection_score,angle_error_gt_10deg,relative_0.25_r_fit,relative,0.022406,0.022406,0.005602,False,False,,0.000000,,,,,0.000000,0.000000,0,1870,3641,False,False,False,False,no fixed-sequence candidate satisfies conditional scene-risk UCB
B,DIOR-R,oriented_rcnn,tta_circular_consistency,angle_error_gt_10deg,absolute_0.001,absolute,0.022406,0.022406,0.001000,False,False,,0.000000,,,,,0.000000,0.000000,0,1870,3641,False,False,False,False,no fixed-sequence candidate satisfies conditional scene-risk UCB
B,DIOR-R,oriented_rcnn,tta_circular_consistency,angle_error_gt_10deg,absolute_0.0025,absolute,0.022406,0.022406,0.002500,False,False,,0.000000,,,,,0.000000,0.000000,0,1870,3641,False,False,False,False,no fixed-sequence candidate satisfies conditional scene-risk UCB
B,DIOR-R,oriented_rcnn,tta_circular_consistency,angle_error_gt_10deg,absolute_0.005,absolute,0.022406,0.022406,0.005000,False,False,,0.000000,,,,,0.000000,0.000000,0,1870,3641,False,False,False,False,no fixed-sequence candidate satisfies conditional scene-risk UCB
B,DIOR-R,oriented_rcnn,tta_circular_consistency,angle_error_gt_10deg,absolute_0.01,absolute,0.022406,0.022406,0.010000,False,False,,0.000000,,,,,0.000000,0.000000,0,1870,3641,False,False,False,False,no fixed-sequence candidate satisfies conditional scene-risk UCB
B,DIOR-R,oriented_rcnn,tta_circular_consistency,angle_error_gt_10deg,relative_0.5_r_fit,relative,0.022406,0.022406,0.011203,False,False,,0.000000,,,,,0.000000,0.000000,0,1870,3641,False,False,False,False,no fixed-sequence candidate satisfies conditional scene-risk UCB
B,DIOR-R,oriented_rcnn,tta_circular_consistency,angle_error_gt_10deg,relative_0.25_r_fit,relative,0.022406,0.022406,0.005602,False,False,,0.000000,,,,,0.000000,0.000000,0,1870,3641,False,False,False,False,no fixed-sequence candidate satisfies conditional scene-risk UCB
B,DIOR-R,oriented_rcnn,source_supervised_leave_geometry,angle_error_gt_10deg,absolute_0.001,absolute,0.022406,0.022406,0.001000,False,False,,0.000000,,,,,0.000000,0.000000,0,1870,3641,False,False,False,False,no fixed-sequence candidate satisfies conditional scene-risk UCB
B,DIOR-R,oriented_rcnn,source_supervised_leave_geometry,angle_error_gt_10deg,absolute_0.0025,absolute,0.022406,0.022406,0.002500,False,False,,0.000000,,,,,0.000000,0.000000,0,1870,3641,False,False,False,False,no fixed-sequence candidate satisfies conditional scene-risk UCB
B,DIOR-R,oriented_rcnn,source_supervised_leave_geometry,angle_error_gt_10deg,absolute_0.005,absolute,0.022406,0.022406,0.005000,False,False,,0.000000,,,,,0.000000,0.000000,0,1870,3641,False,False,False,False,no fixed-sequence candidate satisfies conditional scene-risk UCB
B,DIOR-R,oriented_rcnn,source_supervised_leave_geometry,angle_error_gt_10deg,absolute_0.01,absolute,0.022406,0.022406,0.010000,False,False,,0.000000,,,,,0.000000,0.000000,0,1870,3641,False,False,False,False,no fixed-sequence candidate satisfies conditional scene-risk UCB
B,DIOR-R,oriented_rcnn,source_supervised_leave_geometry,angle_error_gt_10deg,relative_0.5_r_fit,relative,0.022406,0.022406,0.011203,False,False,,0.000000,,,,,0.000000,0.000000,0,1870,3641,False,False,False,False,no fixed-sequence candidate satisfies conditional scene-risk UCB
B,DIOR-R,oriented_rcnn,source_supervised_leave_geometry,angle_error_gt_10deg,relative_0.25_r_fit,relative,0.022406,0.022406,0.005602,False,False,,0.000000,,,,,0.000000,0.000000,0,1870,3641,False,False,False,False,no fixed-sequence candidate satisfies conditional scene-risk UCB
B,DIOR-R,oriented_rcnn,target_gt_nonlinear_geometry_upper_bound,angle_error_gt_10deg,absolute_0.001,absolute,0.022406,0.022406,0.001000,False,False,,0.000000,,,,,0.000000,0.000000,0,1870,3641,False,False,False,False,no fixed-sequence candidate satisfies conditional scene-risk UCB
B,DIOR-R,oriented_rcnn,target_gt_nonlinear_geometry_upper_bound,angle_error_gt_10deg,absolute_0.0025,absolute,0.022406,0.022406,0.002500,False,False,,0.000000,,,,,0.000000,0.000000,0,1870,3641,False,False,False,False,no fixed-sequence candidate satisfies conditional scene-risk UCB
B,DIOR-R,oriented_rcnn,target_gt_nonlinear_geometry_upper_bound,angle_error_gt_10deg,absolute_0.005,absolute,0.022406,0.022406,0.005000,False,False,,0.000000,,,,,0.000000,0.000000,0,1870,3641,False,False,False,False,no fixed-sequence candidate satisfies conditional scene-risk UCB
B,DIOR-R,oriented_rcnn,target_gt_nonlinear_geometry_upper_bound,angle_error_gt_10deg,absolute_0.01,absolute,0.022406,0.022406,0.010000,False,False,,0.000000,,,,,0.000000,0.000000,0,1870,3641,False,False,False,False,no fixed-sequence candidate satisfies conditional scene-risk UCB
B,DIOR-R,oriented_rcnn,target_gt_nonlinear_geometry_upper_bound,angle_error_gt_10deg,relative_0.5_r_fit,relative,0.022406,0.022406,0.011203,False,False,,0.000000,,,,,0.000000,0.000000,0,1870,3641,False,False,False,False,no fixed-sequence candidate satisfies conditional scene-risk UCB
B,DIOR-R,oriented_rcnn,target_gt_nonlinear_geometry_upper_bound,angle_error_gt_10deg,relative_0.25_r_fit,relative,0.022406,0.022406,0.005602,False,False,,0.000000,,,,,0.000000,0.000000,0,1870,3641,False,False,False,False,no fixed-sequence candidate satisfies conditional scene-risk UCB
B,DIOR-R,oriented_rcnn,detection_score,angle_error_gt_15deg,absolute_0.001,absolute,0.011892,0.011892,0.001000,False,False,,0.000000,,,,,0.000000,0.000000,0,1870,3641,False,False,False,False,no fixed-sequence candidate satisfies conditional scene-risk UCB
B,DIOR-R,oriented_rcnn,detection_score,angle_error_gt_15deg,absolute_0.0025,absolute,0.011892,0.011892,0.002500,False,False,,0.000000,,,,,0.000000,0.000000,0,1870,3641,False,False,False,False,no fixed-sequence candidate satisfies conditional scene-risk UCB
B,DIOR-R,oriented_rcnn,detection_score,angle_error_gt_15deg,absolute_0.005,absolute,0.011892,0.011892,0.005000,False,False,,0.000000,,,,,0.000000,0.000000,0,1870,3641,False,False,False,False,no fixed-sequence candidate satisfies conditional scene-risk UCB
B,DIOR-R,oriented_rcnn,detection_score,angle_error_gt_15deg,absolute_0.01,absolute,0.011892,0.011892,0.010000,False,False,,0.000000,,,,,0.000000,0.000000,0,1870,3641,False,False,False,False,no fixed-sequence candidate satisfies conditional scene-risk UCB
B,DIOR-R,oriented_rcnn,detection_score,angle_error_gt_15deg,relative_0.5_r_fit,relative,0.011892,0.011892,0.005946,False,False,,0.000000,,,,,0.000000,0.000000,0,1870,3641,False,False,False,False,no fixed-sequence candidate satisfies conditional scene-risk UCB
B,DIOR-R,oriented_rcnn,detection_score,angle_error_gt_15deg,relative_0.25_r_fit,relative,0.011892,0.011892,0.002973,False,False,,0.000000,,,,,0.000000,0.000000,0,1870,3641,False,False,False,False,no fixed-sequence candidate satisfies conditional scene-risk UCB
B,DIOR-R,oriented_rcnn,tta_circular_consistency,angle_error_gt_15deg,absolute_0.001,absolute,0.011892,0.011892,0.001000,False,False,,0.000000,,,,,0.000000,0.000000,0,1870,3641,False,False,False,False,no fixed-sequence candidate satisfies conditional scene-risk UCB
B,DIOR-R,oriented_rcnn,tta_circular_consistency,angle_error_gt_15deg,absolute_0.0025,absolute,0.011892,0.011892,0.002500,False,False,,0.000000,,,,,0.000000,0.000000,0,1870,3641,False,False,False,False,no fixed-sequence candidate satisfies conditional scene-risk UCB
B,DIOR-R,oriented_rcnn,tta_circular_consistency,angle_error_gt_15deg,absolute_0.005,absolute,0.011892,0.011892,0.005000,False,False,,0.000000,,,,,0.000000,0.000000,0,1870,3641,False,False,False,False,no fixed-sequence candidate satisfies conditional scene-risk UCB
B,DIOR-R,oriented_rcnn,tta_circular_consistency,angle_error_gt_15deg,absolute_0.01,absolute,0.011892,0.011892,0.010000,False,False,,0.000000,,,,,0.000000,0.000000,0,1870,3641,False,False,False,False,no fixed-sequence candidate satisfies conditional scene-risk UCB
B,DIOR-R,oriented_rcnn,tta_circular_consistency,angle_error_gt_15deg,relative_0.5_r_fit,relative,0.011892,0.011892,0.005946,False,False,,0.000000,,,,,0.000000,0.000000,0,1870,3641,False,False,False,False,no fixed-sequence candidate satisfies conditional scene-risk UCB
B,DIOR-R,oriented_rcnn,tta_circular_consistency,angle_error_gt_15deg,relative_0.25_r_fit,relative,0.011892,0.011892,0.002973,False,False,,0.000000,,,,,0.000000,0.000000,0,1870,3641,False,False,False,False,no fixed-sequence candidate satisfies conditional scene-risk UCB
B,DIOR-R,oriented_rcnn,source_supervised_leave_geometry,angle_error_gt_15deg,absolute_0.001,absolute,0.011892,0.011892,0.001000,False,False,,0.000000,,,,,0.000000,0.000000,0,1870,3641,False,False,False,False,no fixed-sequence candidate satisfies conditional scene-risk UCB
B,DIOR-R,oriented_rcnn,source_supervised_leave_geometry,angle_error_gt_15deg,absolute_0.0025,absolute,0.011892,0.011892,0.002500,False,False,,0.000000,,,,,0.000000,0.000000,0,1870,3641,False,False,False,False,no fixed-sequence candidate satisfies conditional scene-risk UCB
B,DIOR-R,oriented_rcnn,source_supervised_leave_geometry,angle_error_gt_15deg,absolute_0.005,absolute,0.011892,0.011892,0.005000,False,False,,0.000000,,,,,0.000000,0.000000,0,1870,3641,False,False,False,False,no fixed-sequence candidate satisfies conditional scene-risk UCB
B,DIOR-R,oriented_rcnn,source_supervised_leave_geometry,angle_error_gt_15deg,absolute_0.01,absolute,0.011892,0.011892,0.010000,False,False,,0.000000,,,,,0.000000,0.000000,0,1870,3641,False,False,False,False,no fixed-sequence candidate satisfies conditional scene-risk UCB
B,DIOR-R,oriented_rcnn,source_supervised_leave_geometry,angle_error_gt_15deg,relative_0.5_r_fit,relative,0.011892,0.011892,0.005946,False,False,,0.000000,,,,,0.000000,0.000000,0,1870,3641,False,False,False,False,no fixed-sequence candidate satisfies conditional scene-risk UCB
B,DIOR-R,oriented_rcnn,source_supervised_leave_geometry,angle_error_gt_15deg,relative_0.25_r_fit,relative,0.011892,0.011892,0.002973,False,False,,0.000000,,,,,0.000000,0.000000,0,1870,3641,False,False,False,False,no fixed-sequence candidate satisfies conditional scene-risk UCB
B,DIOR-R,oriented_rcnn,target_gt_nonlinear_geometry_upper_bound,angle_error_gt_15deg,absolute_0.001,absolute,0.011892,0.011892,0.001000,False,False,,0.000000,,,,,0.000000,0.000000,0,1870,3641,False,False,False,False,no fixed-sequence candidate satisfies conditional scene-risk UCB
B,DIOR-R,oriented_rcnn,target_gt_nonlinear_geometry_upper_bound,angle_error_gt_15deg,absolute_0.0025,absolute,0.011892,0.011892,0.002500,False,False,,0.000000,,,,,0.000000,0.000000,0,1870,3641,False,False,False,False,no fixed-sequence candidate satisfies conditional scene-risk UCB
B,DIOR-R,oriented_rcnn,target_gt_nonlinear_geometry_upper_bound,angle_error_gt_15deg,absolute_0.005,absolute,0.011892,0.011892,0.005000,False,False,,0.000000,,,,,0.000000,0.000000,0,1870,3641,False,False,False,False,no fixed-sequence candidate satisfies conditional scene-risk UCB
B,DIOR-R,oriented_rcnn,target_gt_nonlinear_geometry_upper_bound,angle_error_gt_15deg,absolute_0.01,absolute,0.011892,0.011892,0.010000,False,False,,0.000000,,,,,0.000000,0.000000,0,1870,3641,False,False,False,False,no fixed-sequence candidate satisfies conditional scene-risk UCB
B,DIOR-R,oriented_rcnn,target_gt_nonlinear_geometry_upper_bound,angle_error_gt_15deg,relative_0.5_r_fit,relative,0.011892,0.011892,0.005946,False,False,,0.000000,,,,,0.000000,0.000000,0,1870,3641,False,False,False,False,no fixed-sequence candidate satisfies conditional scene-risk UCB
B,DIOR-R,oriented_rcnn,target_gt_nonlinear_geometry_upper_bound,angle_error_gt_15deg,relative_0.25_r_fit,relative,0.011892,0.011892,0.002973,False,False,,0.000000,,,,,0.000000,0.000000,0,1870,3641,False,False,False,False,no fixed-sequence candidate satisfies conditional scene-risk UCB
C,DIOR-R,rotated_rtmdet_s,detection_score,geometry_normalized_severe,absolute_0.001,absolute,0.034746,0.034746,0.001000,False,False,,0.000000,,,,,0.000000,0.000000,0,1877,3690,False,False,False,False,no fixed-sequence candidate satisfies conditional scene-risk UCB
C,DIOR-R,rotated_rtmdet_s,detection_score,geometry_normalized_severe,absolute_0.0025,absolute,0.034746,0.034746,0.002500,False,False,,0.000000,,,,,0.000000,0.000000,0,1877,3690,False,False,False,False,no fixed-sequence candidate satisfies conditional scene-risk UCB
C,DIOR-R,rotated_rtmdet_s,detection_score,geometry_normalized_severe,absolute_0.005,absolute,0.034746,0.034746,0.005000,False,False,,0.000000,,,,,0.000000,0.000000,0,1877,3690,False,False,False,False,no fixed-sequence candidate satisfies conditional scene-risk UCB
C,DIOR-R,rotated_rtmdet_s,detection_score,geometry_normalized_severe,absolute_0.01,absolute,0.034746,0.034746,0.010000,False,False,,0.000000,,,,,0.000000,0.000000,0,1877,3690,False,False,False,False,no fixed-sequence candidate satisfies conditional scene-risk UCB
C,DIOR-R,rotated_rtmdet_s,detection_score,geometry_normalized_severe,relative_0.5_r_fit,relative,0.034746,0.034746,0.017373,False,False,,0.000000,,,,,0.000000,0.000000,0,1877,3690,False,False,False,False,no fixed-sequence candidate satisfies conditional scene-risk UCB
C,DIOR-R,rotated_rtmdet_s,detection_score,geometry_normalized_severe,relative_0.25_r_fit,relative,0.034746,0.034746,0.008687,False,False,,0.000000,,,,,0.000000,0.000000,0,1877,3690,False,False,False,False,no fixed-sequence candidate satisfies conditional scene-risk UCB
C,DIOR-R,rotated_rtmdet_s,tta_circular_consistency,geometry_normalized_severe,absolute_0.001,absolute,0.034746,0.034746,0.001000,False,False,,0.000000,,,,,0.000000,0.000000,0,1877,3690,False,False,False,False,no fixed-sequence candidate satisfies conditional scene-risk UCB
C,DIOR-R,rotated_rtmdet_s,tta_circular_consistency,geometry_normalized_severe,absolute_0.0025,absolute,0.034746,0.034746,0.002500,False,False,,0.000000,,,,,0.000000,0.000000,0,1877,3690,False,False,False,False,no fixed-sequence candidate satisfies conditional scene-risk UCB
C,DIOR-R,rotated_rtmdet_s,tta_circular_consistency,geometry_normalized_severe,absolute_0.005,absolute,0.034746,0.034746,0.005000,False,False,,0.000000,,,,,0.000000,0.000000,0,1877,3690,False,False,False,False,no fixed-sequence candidate satisfies conditional scene-risk UCB
C,DIOR-R,rotated_rtmdet_s,tta_circular_consistency,geometry_normalized_severe,absolute_0.01,absolute,0.034746,0.034746,0.010000,False,False,,0.000000,,,,,0.000000,0.000000,0,1877,3690,False,False,False,False,no fixed-sequence candidate satisfies conditional scene-risk UCB
C,DIOR-R,rotated_rtmdet_s,tta_circular_consistency,geometry_normalized_severe,relative_0.5_r_fit,relative,0.034746,0.034746,0.017373,False,False,,0.000000,,,,,0.000000,0.000000,0,1877,3690,False,False,False,False,no fixed-sequence candidate satisfies conditional scene-risk UCB
C,DIOR-R,rotated_rtmdet_s,tta_circular_consistency,geometry_normalized_severe,relative_0.25_r_fit,relative,0.034746,0.034746,0.008687,False,False,,0.000000,,,,,0.000000,0.000000,0,1877,3690,False,False,False,False,no fixed-sequence candidate satisfies conditional scene-risk UCB
C,DIOR-R,rotated_rtmdet_s,source_supervised_leave_geometry,geometry_normalized_severe,absolute_0.001,absolute,0.034746,0.034746,0.001000,False,False,,0.000000,,,,,0.000000,0.000000,0,1877,3690,False,False,False,False,no fixed-sequence candidate satisfies conditional scene-risk UCB
C,DIOR-R,rotated_rtmdet_s,source_supervised_leave_geometry,geometry_normalized_severe,absolute_0.0025,absolute,0.034746,0.034746,0.002500,False,False,,0.000000,,,,,0.000000,0.000000,0,1877,3690,False,False,False,False,no fixed-sequence candidate satisfies conditional scene-risk UCB
C,DIOR-R,rotated_rtmdet_s,source_supervised_leave_geometry,geometry_normalized_severe,absolute_0.005,absolute,0.034746,0.034746,0.005000,False,False,,0.000000,,,,,0.000000,0.000000,0,1877,3690,False,False,False,False,no fixed-sequence candidate satisfies conditional scene-risk UCB
C,DIOR-R,rotated_rtmdet_s,source_supervised_leave_geometry,geometry_normalized_severe,absolute_0.01,absolute,0.034746,0.034746,0.010000,False,False,,0.000000,,,,,0.000000,0.000000,0,1877,3690,False,False,False,False,no fixed-sequence candidate satisfies conditional scene-risk UCB
C,DIOR-R,rotated_rtmdet_s,source_supervised_leave_geometry,geometry_normalized_severe,relative_0.5_r_fit,relative,0.034746,0.034746,0.017373,False,False,,0.000000,,,,,0.000000,0.000000,0,1877,3690,False,False,False,False,no fixed-sequence candidate satisfies conditional scene-risk UCB
C,DIOR-R,rotated_rtmdet_s,source_supervised_leave_geometry,geometry_normalized_severe,relative_0.25_r_fit,relative,0.034746,0.034746,0.008687,False,False,,0.000000,,,,,0.000000,0.000000,0,1877,3690,False,False,False,False,no fixed-sequence candidate satisfies conditional scene-risk UCB
C,DIOR-R,rotated_rtmdet_s,target_gt_nonlinear_geometry_upper_bound,geometry_normalized_severe,absolute_0.001,absolute,0.034746,0.034746,0.001000,False,False,,0.000000,,,,,0.000000,0.000000,0,1877,3690,False,False,False,False,no fixed-sequence candidate satisfies conditional scene-risk UCB
C,DIOR-R,rotated_rtmdet_s,target_gt_nonlinear_geometry_upper_bound,geometry_normalized_severe,absolute_0.0025,absolute,0.034746,0.034746,0.002500,False,False,,0.000000,,,,,0.000000,0.000000,0,1877,3690,False,False,False,False,no fixed-sequence candidate satisfies conditional scene-risk UCB
C,DIOR-R,rotated_rtmdet_s,target_gt_nonlinear_geometry_upper_bound,geometry_normalized_severe,absolute_0.005,absolute,0.034746,0.034746,0.005000,False,False,,0.000000,,,,,0.000000,0.000000,0,1877,3690,False,False,False,False,no fixed-sequence candidate satisfies conditional scene-risk UCB
C,DIOR-R,rotated_rtmdet_s,target_gt_nonlinear_geometry_upper_bound,geometry_normalized_severe,absolute_0.01,absolute,0.034746,0.034746,0.010000,False,False,,0.000000,,,,,0.000000,0.000000,0,1877,3690,False,False,False,False,no fixed-sequence candidate satisfies conditional scene-risk UCB
C,DIOR-R,rotated_rtmdet_s,target_gt_nonlinear_geometry_upper_bound,geometry_normalized_severe,relative_0.5_r_fit,relative,0.034746,0.034746,0.017373,False,False,-2.325412,0.700000,0.016028,0.010026,0.014024,0.018797,0.781030,0.701369,19207,1877,3690,True,True,True,True,certified
C,DIOR-R,rotated_rtmdet_s,target_gt_nonlinear_geometry_upper_bound,geometry_normalized_severe,relative_0.25_r_fit,relative,0.034746,0.034746,0.008687,False,False,,0.000000,,,,,0.000000,0.000000,0,1877,3690,False,False,False,False,no fixed-sequence candidate satisfies conditional scene-risk UCB
C,DIOR-R,rotated_rtmdet_s,detection_score,angle_error_gt_5deg,absolute_0.001,absolute,0.105167,0.105167,0.001000,False,False,,0.000000,,,,,0.000000,0.000000,0,1877,3690,False,False,False,False,no fixed-sequence candidate satisfies conditional scene-risk UCB
C,DIOR-R,rotated_rtmdet_s,detection_score,angle_error_gt_5deg,absolute_0.0025,absolute,0.105167,0.105167,0.002500,False,False,,0.000000,,,,,0.000000,0.000000,0,1877,3690,False,False,False,False,no fixed-sequence candidate satisfies conditional scene-risk UCB
C,DIOR-R,rotated_rtmdet_s,detection_score,angle_error_gt_5deg,absolute_0.005,absolute,0.105167,0.105167,0.005000,False,False,,0.000000,,,,,0.000000,0.000000,0,1877,3690,False,False,False,False,no fixed-sequence candidate satisfies conditional scene-risk UCB
C,DIOR-R,rotated_rtmdet_s,detection_score,angle_error_gt_5deg,absolute_0.01,absolute,0.105167,0.105167,0.010000,False,False,,0.000000,,,,,0.000000,0.000000,0,1877,3690,False,False,False,False,no fixed-sequence candidate satisfies conditional scene-risk UCB
C,DIOR-R,rotated_rtmdet_s,detection_score,angle_error_gt_5deg,relative_0.5_r_fit,relative,0.105167,0.105167,0.052584,False,False,0.632298,0.700000,0.041253,0.031140,0.037150,0.044801,0.662060,0.690268,18903,1877,3690,True,True,True,True,certified
C,DIOR-R,rotated_rtmdet_s,detection_score,angle_error_gt_5deg,relative_0.25_r_fit,relative,0.105167,0.105167,0.026292,False,False,,0.000000,,,,,0.000000,0.000000,0,1877,3690,False,False,False,False,no fixed-sequence candidate satisfies conditional scene-risk UCB
C,DIOR-R,rotated_rtmdet_s,tta_circular_consistency,angle_error_gt_5deg,absolute_0.001,absolute,0.105167,0.105167,0.001000,False,False,,0.000000,,,,,0.000000,0.000000,0,1877,3690,False,False,False,False,no fixed-sequence candidate satisfies conditional scene-risk UCB
C,DIOR-R,rotated_rtmdet_s,tta_circular_consistency,angle_error_gt_5deg,absolute_0.0025,absolute,0.105167,0.105167,0.002500,False,False,,0.000000,,,,,0.000000,0.000000,0,1877,3690,False,False,False,False,no fixed-sequence candidate satisfies conditional scene-risk UCB
C,DIOR-R,rotated_rtmdet_s,tta_circular_consistency,angle_error_gt_5deg,absolute_0.005,absolute,0.105167,0.105167,0.005000,False,False,,0.000000,,,,,0.000000,0.000000,0,1877,3690,False,False,False,False,no fixed-sequence candidate satisfies conditional scene-risk UCB
C,DIOR-R,rotated_rtmdet_s,tta_circular_consistency,angle_error_gt_5deg,absolute_0.01,absolute,0.105167,0.105167,0.010000,False,False,,0.000000,,,,,0.000000,0.000000,0,1877,3690,False,False,False,False,no fixed-sequence candidate satisfies conditional scene-risk UCB
C,DIOR-R,rotated_rtmdet_s,tta_circular_consistency,angle_error_gt_5deg,relative_0.5_r_fit,relative,0.105167,0.105167,0.052584,False,False,,0.000000,,,,,0.000000,0.000000,0,1877,3690,False,False,False,False,no fixed-sequence candidate satisfies conditional scene-risk UCB
C,DIOR-R,rotated_rtmdet_s,tta_circular_consistency,angle_error_gt_5deg,relative_0.25_r_fit,relative,0.105167,0.105167,0.026292,False,False,,0.000000,,,,,0.000000,0.000000,0,1877,3690,False,False,False,False,no fixed-sequence candidate satisfies conditional scene-risk UCB
C,DIOR-R,rotated_rtmdet_s,source_supervised_leave_geometry,angle_error_gt_5deg,absolute_0.001,absolute,0.105167,0.105167,0.001000,False,False,,0.000000,,,,,0.000000,0.000000,0,1877,3690,False,False,False,False,no fixed-sequence candidate satisfies conditional scene-risk UCB
C,DIOR-R,rotated_rtmdet_s,source_supervised_leave_geometry,angle_error_gt_5deg,absolute_0.0025,absolute,0.105167,0.105167,0.002500,False,False,,0.000000,,,,,0.000000,0.000000,0,1877,3690,False,False,False,False,no fixed-sequence candidate satisfies conditional scene-risk UCB
C,DIOR-R,rotated_rtmdet_s,source_supervised_leave_geometry,angle_error_gt_5deg,absolute_0.005,absolute,0.105167,0.105167,0.005000,False,False,,0.000000,,,,,0.000000,0.000000,0,1877,3690,False,False,False,False,no fixed-sequence candidate satisfies conditional scene-risk UCB
C,DIOR-R,rotated_rtmdet_s,source_supervised_leave_geometry,angle_error_gt_5deg,absolute_0.01,absolute,0.105167,0.105167,0.010000,False,False,,0.000000,,,,,0.000000,0.000000,0,1877,3690,False,False,False,False,no fixed-sequence candidate satisfies conditional scene-risk UCB
C,DIOR-R,rotated_rtmdet_s,source_supervised_leave_geometry,angle_error_gt_5deg,relative_0.5_r_fit,relative,0.105167,0.105167,0.052584,False,False,-1.171447,0.050000,0.048280,0.029993,0.036637,0.051015,0.231978,0.047325,1296,1877,3690,True,True,True,False,certified
C,DIOR-R,rotated_rtmdet_s,source_supervised_leave_geometry,angle_error_gt_5deg,relative_0.25_r_fit,relative,0.105167,0.105167,0.026292,False,False,,0.000000,,,,,0.000000,0.000000,0,1877,3690,False,False,False,False,no fixed-sequence candidate satisfies conditional scene-risk UCB
C,DIOR-R,rotated_rtmdet_s,target_gt_nonlinear_geometry_upper_bound,angle_error_gt_5deg,absolute_0.001,absolute,0.105167,0.105167,0.001000,False,False,,0.000000,,,,,0.000000,0.000000,0,1877,3690,False,False,False,False,no fixed-sequence candidate satisfies conditional scene-risk UCB
C,DIOR-R,rotated_rtmdet_s,target_gt_nonlinear_geometry_upper_bound,angle_error_gt_5deg,absolute_0.0025,absolute,0.105167,0.105167,0.002500,False,False,,0.000000,,,,,0.000000,0.000000,0,1877,3690,False,False,False,False,no fixed-sequence candidate satisfies conditional scene-risk UCB
C,DIOR-R,rotated_rtmdet_s,target_gt_nonlinear_geometry_upper_bound,angle_error_gt_5deg,absolute_0.005,absolute,0.105167,0.105167,0.005000,False,False,,0.000000,,,,,0.000000,0.000000,0,1877,3690,False,False,False,False,no fixed-sequence candidate satisfies conditional scene-risk UCB
C,DIOR-R,rotated_rtmdet_s,target_gt_nonlinear_geometry_upper_bound,angle_error_gt_5deg,absolute_0.01,absolute,0.105167,0.105167,0.010000,False,False,,0.000000,,,,,0.000000,0.000000,0,1877,3690,False,False,False,False,no fixed-sequence candidate satisfies conditional scene-risk UCB
C,DIOR-R,rotated_rtmdet_s,target_gt_nonlinear_geometry_upper_bound,angle_error_gt_5deg,relative_0.5_r_fit,relative,0.105167,0.105167,0.052584,False,False,-2.325412,0.700000,0.050762,0.040331,0.042083,0.049625,0.781030,0.701369,19207,1877,3690,True,True,True,True,certified
C,DIOR-R,rotated_rtmdet_s,target_gt_nonlinear_geometry_upper_bound,angle_error_gt_5deg,relative_0.25_r_fit,relative,0.105167,0.105167,0.026292,False,False,-1.785382,0.400000,0.020688,0.012303,0.020065,0.027031,0.531165,0.387475,10611,1877,3690,True,True,True,True,certified
C,DIOR-R,rotated_rtmdet_s,detection_score,angle_error_gt_10deg,absolute_0.001,absolute,0.029779,0.029779,0.001000,False,False,,0.000000,,,,,0.000000,0.000000,0,1877,3690,False,False,False,False,no fixed-sequence candidate satisfies conditional scene-risk UCB
C,DIOR-R,rotated_rtmdet_s,detection_score,angle_error_gt_10deg,absolute_0.0025,absolute,0.029779,0.029779,0.002500,False,False,,0.000000,,,,,0.000000,0.000000,0,1877,3690,False,False,False,False,no fixed-sequence candidate satisfies conditional scene-risk UCB
C,DIOR-R,rotated_rtmdet_s,detection_score,angle_error_gt_10deg,absolute_0.005,absolute,0.029779,0.029779,0.005000,False,False,,0.000000,,,,,0.000000,0.000000,0,1877,3690,False,False,False,False,no fixed-sequence candidate satisfies conditional scene-risk UCB
C,DIOR-R,rotated_rtmdet_s,detection_score,angle_error_gt_10deg,absolute_0.01,absolute,0.029779,0.029779,0.010000,False,False,,0.000000,,,,,0.000000,0.000000,0,1877,3690,False,False,False,False,no fixed-sequence candidate satisfies conditional scene-risk UCB
C,DIOR-R,rotated_rtmdet_s,detection_score,angle_error_gt_10deg,relative_0.5_r_fit,relative,0.029779,0.029779,0.014889,False,False,,0.000000,,,,,0.000000,0.000000,0,1877,3690,False,False,False,False,no fixed-sequence candidate satisfies conditional scene-risk UCB
C,DIOR-R,rotated_rtmdet_s,detection_score,angle_error_gt_10deg,relative_0.25_r_fit,relative,0.029779,0.029779,0.007445,False,False,,0.000000,,,,,0.000000,0.000000,0,1877,3690,False,False,False,False,no fixed-sequence candidate satisfies conditional scene-risk UCB
C,DIOR-R,rotated_rtmdet_s,tta_circular_consistency,angle_error_gt_10deg,absolute_0.001,absolute,0.029779,0.029779,0.001000,False,False,,0.000000,,,,,0.000000,0.000000,0,1877,3690,False,False,False,False,no fixed-sequence candidate satisfies conditional scene-risk UCB
C,DIOR-R,rotated_rtmdet_s,tta_circular_consistency,angle_error_gt_10deg,absolute_0.0025,absolute,0.029779,0.029779,0.002500,False,False,,0.000000,,,,,0.000000,0.000000,0,1877,3690,False,False,False,False,no fixed-sequence candidate satisfies conditional scene-risk UCB
C,DIOR-R,rotated_rtmdet_s,tta_circular_consistency,angle_error_gt_10deg,absolute_0.005,absolute,0.029779,0.029779,0.005000,False,False,,0.000000,,,,,0.000000,0.000000,0,1877,3690,False,False,False,False,no fixed-sequence candidate satisfies conditional scene-risk UCB
C,DIOR-R,rotated_rtmdet_s,tta_circular_consistency,angle_error_gt_10deg,absolute_0.01,absolute,0.029779,0.029779,0.010000,False,False,,0.000000,,,,,0.000000,0.000000,0,1877,3690,False,False,False,False,no fixed-sequence candidate satisfies conditional scene-risk UCB
C,DIOR-R,rotated_rtmdet_s,tta_circular_consistency,angle_error_gt_10deg,relative_0.5_r_fit,relative,0.029779,0.029779,0.014889,False,False,,0.000000,,,,,0.000000,0.000000,0,1877,3690,False,False,False,False,no fixed-sequence candidate satisfies conditional scene-risk UCB
C,DIOR-R,rotated_rtmdet_s,tta_circular_consistency,angle_error_gt_10deg,relative_0.25_r_fit,relative,0.029779,0.029779,0.007445,False,False,,0.000000,,,,,0.000000,0.000000,0,1877,3690,False,False,False,False,no fixed-sequence candidate satisfies conditional scene-risk UCB
C,DIOR-R,rotated_rtmdet_s,source_supervised_leave_geometry,angle_error_gt_10deg,absolute_0.001,absolute,0.029779,0.029779,0.001000,False,False,,0.000000,,,,,0.000000,0.000000,0,1877,3690,False,False,False,False,no fixed-sequence candidate satisfies conditional scene-risk UCB
C,DIOR-R,rotated_rtmdet_s,source_supervised_leave_geometry,angle_error_gt_10deg,absolute_0.0025,absolute,0.029779,0.029779,0.002500,False,False,,0.000000,,,,,0.000000,0.000000,0,1877,3690,False,False,False,False,no fixed-sequence candidate satisfies conditional scene-risk UCB
C,DIOR-R,rotated_rtmdet_s,source_supervised_leave_geometry,angle_error_gt_10deg,absolute_0.005,absolute,0.029779,0.029779,0.005000,False,False,,0.000000,,,,,0.000000,0.000000,0,1877,3690,False,False,False,False,no fixed-sequence candidate satisfies conditional scene-risk UCB
C,DIOR-R,rotated_rtmdet_s,source_supervised_leave_geometry,angle_error_gt_10deg,absolute_0.01,absolute,0.029779,0.029779,0.010000,False,False,-2.008322,0.300000,0.009703,0.004396,0.005933,0.009840,0.587534,0.335037,9175,1877,3690,True,True,True,True,certified
C,DIOR-R,rotated_rtmdet_s,source_supervised_leave_geometry,angle_error_gt_10deg,relative_0.5_r_fit,relative,0.029779,0.029779,0.014889,False,False,-2.008322,0.300000,0.009703,0.004396,0.005933,0.009840,0.587534,0.335037,9175,1877,3690,True,True,True,True,certified
C,DIOR-R,rotated_rtmdet_s,source_supervised_leave_geometry,angle_error_gt_10deg,relative_0.25_r_fit,relative,0.029779,0.029779,0.007445,False,False,,0.000000,,,,,0.000000,0.000000,0,1877,3690,False,False,False,False,no fixed-sequence candidate satisfies conditional scene-risk UCB
C,DIOR-R,rotated_rtmdet_s,target_gt_nonlinear_geometry_upper_bound,angle_error_gt_10deg,absolute_0.001,absolute,0.029779,0.029779,0.001000,False,False,,0.000000,,,,,0.000000,0.000000,0,1877,3690,False,False,False,False,no fixed-sequence candidate satisfies conditional scene-risk UCB
C,DIOR-R,rotated_rtmdet_s,target_gt_nonlinear_geometry_upper_bound,angle_error_gt_10deg,absolute_0.0025,absolute,0.029779,0.029779,0.002500,False,False,,0.000000,,,,,0.000000,0.000000,0,1877,3690,False,False,False,False,no fixed-sequence candidate satisfies conditional scene-risk UCB
C,DIOR-R,rotated_rtmdet_s,target_gt_nonlinear_geometry_upper_bound,angle_error_gt_10deg,absolute_0.005,absolute,0.029779,0.029779,0.005000,False,False,,0.000000,,,,,0.000000,0.000000,0,1877,3690,False,False,False,False,no fixed-sequence candidate satisfies conditional scene-risk UCB
C,DIOR-R,rotated_rtmdet_s,target_gt_nonlinear_geometry_upper_bound,angle_error_gt_10deg,absolute_0.01,absolute,0.029779,0.029779,0.010000,False,False,,0.000000,,,,,0.000000,0.000000,0,1877,3690,False,False,False,False,no fixed-sequence candidate satisfies conditional scene-risk UCB
C,DIOR-R,rotated_rtmdet_s,target_gt_nonlinear_geometry_upper_bound,angle_error_gt_10deg,relative_0.5_r_fit,relative,0.029779,0.029779,0.014889,False,False,-3.117068,0.900000,0.014883,0.009372,0.009137,0.012874,0.924119,0.904291,24764,1877,3690,True,True,True,True,certified
C,DIOR-R,rotated_rtmdet_s,target_gt_nonlinear_geometry_upper_bound,angle_error_gt_10deg,relative_0.25_r_fit,relative,0.029779,0.029779,0.007445,False,False,,0.000000,,,,,0.000000,0.000000,0,1877,3690,False,False,False,False,no fixed-sequence candidate satisfies conditional scene-risk UCB
C,DIOR-R,rotated_rtmdet_s,detection_score,angle_error_gt_15deg,absolute_0.001,absolute,0.014370,0.014370,0.001000,False,False,,0.000000,,,,,0.000000,0.000000,0,1877,3690,False,False,False,False,no fixed-sequence candidate satisfies conditional scene-risk UCB
C,DIOR-R,rotated_rtmdet_s,detection_score,angle_error_gt_15deg,absolute_0.0025,absolute,0.014370,0.014370,0.002500,False,False,,0.000000,,,,,0.000000,0.000000,0,1877,3690,False,False,False,False,no fixed-sequence candidate satisfies conditional scene-risk UCB
C,DIOR-R,rotated_rtmdet_s,detection_score,angle_error_gt_15deg,absolute_0.005,absolute,0.014370,0.014370,0.005000,False,False,,0.000000,,,,,0.000000,0.000000,0,1877,3690,False,False,False,False,no fixed-sequence candidate satisfies conditional scene-risk UCB
C,DIOR-R,rotated_rtmdet_s,detection_score,angle_error_gt_15deg,absolute_0.01,absolute,0.014370,0.014370,0.010000,False,False,,0.000000,,,,,0.000000,0.000000,0,1877,3690,False,False,False,False,no fixed-sequence candidate satisfies conditional scene-risk UCB
C,DIOR-R,rotated_rtmdet_s,detection_score,angle_error_gt_15deg,relative_0.5_r_fit,relative,0.014370,0.014370,0.007185,False,False,,0.000000,,,,,0.000000,0.000000,0,1877,3690,False,False,False,False,no fixed-sequence candidate satisfies conditional scene-risk UCB
C,DIOR-R,rotated_rtmdet_s,detection_score,angle_error_gt_15deg,relative_0.25_r_fit,relative,0.014370,0.014370,0.003593,False,False,,0.000000,,,,,0.000000,0.000000,0,1877,3690,False,False,False,False,no fixed-sequence candidate satisfies conditional scene-risk UCB
C,DIOR-R,rotated_rtmdet_s,tta_circular_consistency,angle_error_gt_15deg,absolute_0.001,absolute,0.014370,0.014370,0.001000,False,False,,0.000000,,,,,0.000000,0.000000,0,1877,3690,False,False,False,False,no fixed-sequence candidate satisfies conditional scene-risk UCB
C,DIOR-R,rotated_rtmdet_s,tta_circular_consistency,angle_error_gt_15deg,absolute_0.0025,absolute,0.014370,0.014370,0.002500,False,False,,0.000000,,,,,0.000000,0.000000,0,1877,3690,False,False,False,False,no fixed-sequence candidate satisfies conditional scene-risk UCB
C,DIOR-R,rotated_rtmdet_s,tta_circular_consistency,angle_error_gt_15deg,absolute_0.005,absolute,0.014370,0.014370,0.005000,False,False,,0.000000,,,,,0.000000,0.000000,0,1877,3690,False,False,False,False,no fixed-sequence candidate satisfies conditional scene-risk UCB
C,DIOR-R,rotated_rtmdet_s,tta_circular_consistency,angle_error_gt_15deg,absolute_0.01,absolute,0.014370,0.014370,0.010000,False,False,,0.000000,,,,,0.000000,0.000000,0,1877,3690,False,False,False,False,no fixed-sequence candidate satisfies conditional scene-risk UCB
C,DIOR-R,rotated_rtmdet_s,tta_circular_consistency,angle_error_gt_15deg,relative_0.5_r_fit,relative,0.014370,0.014370,0.007185,False,False,,0.000000,,,,,0.000000,0.000000,0,1877,3690,False,False,False,False,no fixed-sequence candidate satisfies conditional scene-risk UCB
C,DIOR-R,rotated_rtmdet_s,tta_circular_consistency,angle_error_gt_15deg,relative_0.25_r_fit,relative,0.014370,0.014370,0.003593,False,False,,0.000000,,,,,0.000000,0.000000,0,1877,3690,False,False,False,False,no fixed-sequence candidate satisfies conditional scene-risk UCB
C,DIOR-R,rotated_rtmdet_s,source_supervised_leave_geometry,angle_error_gt_15deg,absolute_0.001,absolute,0.014370,0.014370,0.001000,False,False,,0.000000,,,,,0.000000,0.000000,0,1877,3690,False,False,False,False,no fixed-sequence candidate satisfies conditional scene-risk UCB
C,DIOR-R,rotated_rtmdet_s,source_supervised_leave_geometry,angle_error_gt_15deg,absolute_0.0025,absolute,0.014370,0.014370,0.002500,False,False,,0.000000,,,,,0.000000,0.000000,0,1877,3690,False,False,False,False,no fixed-sequence candidate satisfies conditional scene-risk UCB
C,DIOR-R,rotated_rtmdet_s,source_supervised_leave_geometry,angle_error_gt_15deg,absolute_0.005,absolute,0.014370,0.014370,0.005000,False,False,,0.000000,,,,,0.000000,0.000000,0,1877,3690,False,False,False,False,no fixed-sequence candidate satisfies conditional scene-risk UCB
C,DIOR-R,rotated_rtmdet_s,source_supervised_leave_geometry,angle_error_gt_15deg,absolute_0.01,absolute,0.014370,0.014370,0.010000,False,False,-2.520124,0.400000,0.005343,0.001665,0.004979,0.008369,0.691057,0.454227,12439,1877,3690,True,True,True,True,certified
C,DIOR-R,rotated_rtmdet_s,source_supervised_leave_geometry,angle_error_gt_15deg,relative_0.5_r_fit,relative,0.014370,0.014370,0.007185,False,False,,0.000000,,,,,0.000000,0.000000,0,1877,3690,False,False,False,False,no fixed-sequence candidate satisfies conditional scene-risk UCB
C,DIOR-R,rotated_rtmdet_s,source_supervised_leave_geometry,angle_error_gt_15deg,relative_0.25_r_fit,relative,0.014370,0.014370,0.003593,False,False,,0.000000,,,,,0.000000,0.000000,0,1877,3690,False,False,False,False,no fixed-sequence candidate satisfies conditional scene-risk UCB
C,DIOR-R,rotated_rtmdet_s,target_gt_nonlinear_geometry_upper_bound,angle_error_gt_15deg,absolute_0.001,absolute,0.014370,0.014370,0.001000,False,False,,0.000000,,,,,0.000000,0.000000,0,1877,3690,False,False,False,False,no fixed-sequence candidate satisfies conditional scene-risk UCB
C,DIOR-R,rotated_rtmdet_s,target_gt_nonlinear_geometry_upper_bound,angle_error_gt_15deg,absolute_0.0025,absolute,0.014370,0.014370,0.002500,False,False,,0.000000,,,,,0.000000,0.000000,0,1877,3690,False,False,False,False,no fixed-sequence candidate satisfies conditional scene-risk UCB
C,DIOR-R,rotated_rtmdet_s,target_gt_nonlinear_geometry_upper_bound,angle_error_gt_15deg,absolute_0.005,absolute,0.014370,0.014370,0.005000,False,False,,0.000000,,,,,0.000000,0.000000,0,1877,3690,False,False,False,False,no fixed-sequence candidate satisfies conditional scene-risk UCB
C,DIOR-R,rotated_rtmdet_s,target_gt_nonlinear_geometry_upper_bound,angle_error_gt_15deg,absolute_0.01,absolute,0.014370,0.014370,0.010000,False,False,,0.000000,,,,,0.000000,0.000000,0,1877,3690,False,False,False,False,no fixed-sequence candidate satisfies conditional scene-risk UCB
C,DIOR-R,rotated_rtmdet_s,target_gt_nonlinear_geometry_upper_bound,angle_error_gt_15deg,relative_0.5_r_fit,relative,0.014370,0.014370,0.007185,False,False,,0.000000,,,,,0.000000,0.000000,0,1877,3690,False,False,False,False,no fixed-sequence candidate satisfies conditional scene-risk UCB
C,DIOR-R,rotated_rtmdet_s,target_gt_nonlinear_geometry_upper_bound,angle_error_gt_15deg,relative_0.25_r_fit,relative,0.014370,0.014370,0.003593,False,False,,0.000000,,,,,0.000000,0.000000,0,1877,3690,False,False,False,False,no fixed-sequence candidate satisfies conditional scene-risk UCB
D,FAIR1M-v1.0,rotated_retinanet_psc,detection_score,geometry_normalized_severe,absolute_0.001,absolute,0.003058,0.003058,0.001000,False,False,,0.000000,,,,,0.000000,0.000000,0,646,1221,False,False,False,False,no fixed-sequence candidate satisfies conditional scene-risk UCB
D,FAIR1M-v1.0,rotated_retinanet_psc,detection_score,geometry_normalized_severe,absolute_0.0025,absolute,0.003058,0.003058,0.002500,False,False,,0.000000,,,,,0.000000,0.000000,0,646,1221,False,False,False,False,no fixed-sequence candidate satisfies conditional scene-risk UCB
D,FAIR1M-v1.0,rotated_retinanet_psc,detection_score,geometry_normalized_severe,absolute_0.005,absolute,0.003058,0.003058,0.005000,True,True,,0.000000,,,,,0.000000,0.000000,0,646,1221,False,False,False,False,no fixed-sequence candidate satisfies conditional scene-risk UCB
D,FAIR1M-v1.0,rotated_retinanet_psc,detection_score,geometry_normalized_severe,absolute_0.01,absolute,0.003058,0.003058,0.010000,True,True,,0.000000,,,,,0.000000,0.000000,0,646,1221,False,False,False,False,no fixed-sequence candidate satisfies conditional scene-risk UCB
D,FAIR1M-v1.0,rotated_retinanet_psc,detection_score,geometry_normalized_severe,relative_0.5_r_fit,relative,0.003058,0.003058,0.001529,False,False,,0.000000,,,,,0.000000,0.000000,0,646,1221,False,False,False,False,no fixed-sequence candidate satisfies conditional scene-risk UCB
D,FAIR1M-v1.0,rotated_retinanet_psc,detection_score,geometry_normalized_severe,relative_0.25_r_fit,relative,0.003058,0.003058,0.000764,False,False,,0.000000,,,,,0.000000,0.000000,0,646,1221,False,False,False,False,no fixed-sequence candidate satisfies conditional scene-risk UCB
D,FAIR1M-v1.0,rotated_retinanet_psc,tta_circular_consistency,geometry_normalized_severe,absolute_0.001,absolute,0.003058,0.003058,0.001000,False,False,,0.000000,,,,,0.000000,0.000000,0,646,1221,False,False,False,False,no fixed-sequence candidate satisfies conditional scene-risk UCB
D,FAIR1M-v1.0,rotated_retinanet_psc,tta_circular_consistency,geometry_normalized_severe,absolute_0.0025,absolute,0.003058,0.003058,0.002500,False,False,,0.000000,,,,,0.000000,0.000000,0,646,1221,False,False,False,False,no fixed-sequence candidate satisfies conditional scene-risk UCB
D,FAIR1M-v1.0,rotated_retinanet_psc,tta_circular_consistency,geometry_normalized_severe,absolute_0.005,absolute,0.003058,0.003058,0.005000,True,True,,0.000000,,,,,0.000000,0.000000,0,646,1221,False,False,False,False,no fixed-sequence candidate satisfies conditional scene-risk UCB
D,FAIR1M-v1.0,rotated_retinanet_psc,tta_circular_consistency,geometry_normalized_severe,absolute_0.01,absolute,0.003058,0.003058,0.010000,True,True,,0.000000,,,,,0.000000,0.000000,0,646,1221,False,False,False,False,no fixed-sequence candidate satisfies conditional scene-risk UCB
D,FAIR1M-v1.0,rotated_retinanet_psc,tta_circular_consistency,geometry_normalized_severe,relative_0.5_r_fit,relative,0.003058,0.003058,0.001529,False,False,,0.000000,,,,,0.000000,0.000000,0,646,1221,False,False,False,False,no fixed-sequence candidate satisfies conditional scene-risk UCB
D,FAIR1M-v1.0,rotated_retinanet_psc,tta_circular_consistency,geometry_normalized_severe,relative_0.25_r_fit,relative,0.003058,0.003058,0.000764,False,False,,0.000000,,,,,0.000000,0.000000,0,646,1221,False,False,False,False,no fixed-sequence candidate satisfies conditional scene-risk UCB
D,FAIR1M-v1.0,rotated_retinanet_psc,source_supervised_leave_geometry,geometry_normalized_severe,absolute_0.001,absolute,0.003058,0.003058,0.001000,False,False,,0.000000,,,,,0.000000,0.000000,0,646,1221,False,False,False,False,no fixed-sequence candidate satisfies conditional scene-risk UCB
D,FAIR1M-v1.0,rotated_retinanet_psc,source_supervised_leave_geometry,geometry_normalized_severe,absolute_0.0025,absolute,0.003058,0.003058,0.002500,False,False,,0.000000,,,,,0.000000,0.000000,0,646,1221,False,False,False,False,no fixed-sequence candidate satisfies conditional scene-risk UCB
D,FAIR1M-v1.0,rotated_retinanet_psc,source_supervised_leave_geometry,geometry_normalized_severe,absolute_0.005,absolute,0.003058,0.003058,0.005000,True,True,,0.000000,,,,,0.000000,0.000000,0,646,1221,False,False,False,False,no fixed-sequence candidate satisfies conditional scene-risk UCB
D,FAIR1M-v1.0,rotated_retinanet_psc,source_supervised_leave_geometry,geometry_normalized_severe,absolute_0.01,absolute,0.003058,0.003058,0.010000,True,True,,0.000000,,,,,0.000000,0.000000,0,646,1221,False,False,False,False,no fixed-sequence candidate satisfies conditional scene-risk UCB
D,FAIR1M-v1.0,rotated_retinanet_psc,source_supervised_leave_geometry,geometry_normalized_severe,relative_0.5_r_fit,relative,0.003058,0.003058,0.001529,False,False,,0.000000,,,,,0.000000,0.000000,0,646,1221,False,False,False,False,no fixed-sequence candidate satisfies conditional scene-risk UCB
D,FAIR1M-v1.0,rotated_retinanet_psc,source_supervised_leave_geometry,geometry_normalized_severe,relative_0.25_r_fit,relative,0.003058,0.003058,0.000764,False,False,,0.000000,,,,,0.000000,0.000000,0,646,1221,False,False,False,False,no fixed-sequence candidate satisfies conditional scene-risk UCB
D,FAIR1M-v1.0,rotated_retinanet_psc,target_gt_nonlinear_geometry_upper_bound,geometry_normalized_severe,absolute_0.001,absolute,0.003058,0.003058,0.001000,False,False,,0.000000,,,,,0.000000,0.000000,0,646,1221,False,False,False,False,no fixed-sequence candidate satisfies conditional scene-risk UCB
D,FAIR1M-v1.0,rotated_retinanet_psc,target_gt_nonlinear_geometry_upper_bound,geometry_normalized_severe,absolute_0.0025,absolute,0.003058,0.003058,0.002500,False,False,,0.000000,,,,,0.000000,0.000000,0,646,1221,False,False,False,False,no fixed-sequence candidate satisfies conditional scene-risk UCB
D,FAIR1M-v1.0,rotated_retinanet_psc,target_gt_nonlinear_geometry_upper_bound,geometry_normalized_severe,absolute_0.005,absolute,0.003058,0.003058,0.005000,True,True,,0.000000,,,,,0.000000,0.000000,0,646,1221,False,False,False,False,no fixed-sequence candidate satisfies conditional scene-risk UCB
D,FAIR1M-v1.0,rotated_retinanet_psc,target_gt_nonlinear_geometry_upper_bound,geometry_normalized_severe,absolute_0.01,absolute,0.003058,0.003058,0.010000,True,True,,0.000000,,,,,0.000000,0.000000,0,646,1221,False,False,False,False,no fixed-sequence candidate satisfies conditional scene-risk UCB
D,FAIR1M-v1.0,rotated_retinanet_psc,target_gt_nonlinear_geometry_upper_bound,geometry_normalized_severe,relative_0.5_r_fit,relative,0.003058,0.003058,0.001529,False,False,,0.000000,,,,,0.000000,0.000000,0,646,1221,False,False,False,False,no fixed-sequence candidate satisfies conditional scene-risk UCB
D,FAIR1M-v1.0,rotated_retinanet_psc,target_gt_nonlinear_geometry_upper_bound,geometry_normalized_severe,relative_0.25_r_fit,relative,0.003058,0.003058,0.000764,False,False,,0.000000,,,,,0.000000,0.000000,0,646,1221,False,False,False,False,no fixed-sequence candidate satisfies conditional scene-risk UCB
D,FAIR1M-v1.0,rotated_retinanet_psc,detection_score,angle_error_gt_5deg,absolute_0.001,absolute,0.067069,0.067069,0.001000,False,False,,0.000000,,,,,0.000000,0.000000,0,646,1221,False,False,False,False,no fixed-sequence candidate satisfies conditional scene-risk UCB
D,FAIR1M-v1.0,rotated_retinanet_psc,detection_score,angle_error_gt_5deg,absolute_0.0025,absolute,0.067069,0.067069,0.002500,False,False,,0.000000,,,,,0.000000,0.000000,0,646,1221,False,False,False,False,no fixed-sequence candidate satisfies conditional scene-risk UCB
D,FAIR1M-v1.0,rotated_retinanet_psc,detection_score,angle_error_gt_5deg,absolute_0.005,absolute,0.067069,0.067069,0.005000,False,False,,0.000000,,,,,0.000000,0.000000,0,646,1221,False,False,False,False,no fixed-sequence candidate satisfies conditional scene-risk UCB
D,FAIR1M-v1.0,rotated_retinanet_psc,detection_score,angle_error_gt_5deg,absolute_0.01,absolute,0.067069,0.067069,0.010000,False,False,,0.000000,,,,,0.000000,0.000000,0,646,1221,False,False,False,False,no fixed-sequence candidate satisfies conditional scene-risk UCB
D,FAIR1M-v1.0,rotated_retinanet_psc,detection_score,angle_error_gt_5deg,relative_0.5_r_fit,relative,0.067069,0.067069,0.033535,False,False,,0.000000,,,,,0.000000,0.000000,0,646,1221,False,False,False,False,no fixed-sequence candidate satisfies conditional scene-risk UCB
D,FAIR1M-v1.0,rotated_retinanet_psc,detection_score,angle_error_gt_5deg,relative_0.25_r_fit,relative,0.067069,0.067069,0.016767,False,False,,0.000000,,,,,0.000000,0.000000,0,646,1221,False,False,False,False,no fixed-sequence candidate satisfies conditional scene-risk UCB
D,FAIR1M-v1.0,rotated_retinanet_psc,tta_circular_consistency,angle_error_gt_5deg,absolute_0.001,absolute,0.067069,0.067069,0.001000,False,False,,0.000000,,,,,0.000000,0.000000,0,646,1221,False,False,False,False,no fixed-sequence candidate satisfies conditional scene-risk UCB
D,FAIR1M-v1.0,rotated_retinanet_psc,tta_circular_consistency,angle_error_gt_5deg,absolute_0.0025,absolute,0.067069,0.067069,0.002500,False,False,,0.000000,,,,,0.000000,0.000000,0,646,1221,False,False,False,False,no fixed-sequence candidate satisfies conditional scene-risk UCB
D,FAIR1M-v1.0,rotated_retinanet_psc,tta_circular_consistency,angle_error_gt_5deg,absolute_0.005,absolute,0.067069,0.067069,0.005000,False,False,,0.000000,,,,,0.000000,0.000000,0,646,1221,False,False,False,False,no fixed-sequence candidate satisfies conditional scene-risk UCB
D,FAIR1M-v1.0,rotated_retinanet_psc,tta_circular_consistency,angle_error_gt_5deg,absolute_0.01,absolute,0.067069,0.067069,0.010000,False,False,,0.000000,,,,,0.000000,0.000000,0,646,1221,False,False,False,False,no fixed-sequence candidate satisfies conditional scene-risk UCB
D,FAIR1M-v1.0,rotated_retinanet_psc,tta_circular_consistency,angle_error_gt_5deg,relative_0.5_r_fit,relative,0.067069,0.067069,0.033535,False,False,,0.000000,,,,,0.000000,0.000000,0,646,1221,False,False,False,False,no fixed-sequence candidate satisfies conditional scene-risk UCB
D,FAIR1M-v1.0,rotated_retinanet_psc,tta_circular_consistency,angle_error_gt_5deg,relative_0.25_r_fit,relative,0.067069,0.067069,0.016767,False,False,,0.000000,,,,,0.000000,0.000000,0,646,1221,False,False,False,False,no fixed-sequence candidate satisfies conditional scene-risk UCB
D,FAIR1M-v1.0,rotated_retinanet_psc,source_supervised_leave_geometry,angle_error_gt_5deg,absolute_0.001,absolute,0.067069,0.067069,0.001000,False,False,,0.000000,,,,,0.000000,0.000000,0,646,1221,False,False,False,False,no fixed-sequence candidate satisfies conditional scene-risk UCB
D,FAIR1M-v1.0,rotated_retinanet_psc,source_supervised_leave_geometry,angle_error_gt_5deg,absolute_0.0025,absolute,0.067069,0.067069,0.002500,False,False,,0.000000,,,,,0.000000,0.000000,0,646,1221,False,False,False,False,no fixed-sequence candidate satisfies conditional scene-risk UCB
D,FAIR1M-v1.0,rotated_retinanet_psc,source_supervised_leave_geometry,angle_error_gt_5deg,absolute_0.005,absolute,0.067069,0.067069,0.005000,False,False,,0.000000,,,,,0.000000,0.000000,0,646,1221,False,False,False,False,no fixed-sequence candidate satisfies conditional scene-risk UCB
D,FAIR1M-v1.0,rotated_retinanet_psc,source_supervised_leave_geometry,angle_error_gt_5deg,absolute_0.01,absolute,0.067069,0.067069,0.010000,False,False,,0.000000,,,,,0.000000,0.000000,0,646,1221,False,False,False,False,no fixed-sequence candidate satisfies conditional scene-risk UCB
D,FAIR1M-v1.0,rotated_retinanet_psc,source_supervised_leave_geometry,angle_error_gt_5deg,relative_0.5_r_fit,relative,0.067069,0.067069,0.033535,False,False,,0.000000,,,,,0.000000,0.000000,0,646,1221,False,False,False,False,no fixed-sequence candidate satisfies conditional scene-risk UCB
D,FAIR1M-v1.0,rotated_retinanet_psc,source_supervised_leave_geometry,angle_error_gt_5deg,relative_0.25_r_fit,relative,0.067069,0.067069,0.016767,False,False,,0.000000,,,,,0.000000,0.000000,0,646,1221,False,False,False,False,no fixed-sequence candidate satisfies conditional scene-risk UCB
D,FAIR1M-v1.0,rotated_retinanet_psc,target_gt_nonlinear_geometry_upper_bound,angle_error_gt_5deg,absolute_0.001,absolute,0.067069,0.067069,0.001000,False,False,,0.000000,,,,,0.000000,0.000000,0,646,1221,False,False,False,False,no fixed-sequence candidate satisfies conditional scene-risk UCB
D,FAIR1M-v1.0,rotated_retinanet_psc,target_gt_nonlinear_geometry_upper_bound,angle_error_gt_5deg,absolute_0.0025,absolute,0.067069,0.067069,0.002500,False,False,,0.000000,,,,,0.000000,0.000000,0,646,1221,False,False,False,False,no fixed-sequence candidate satisfies conditional scene-risk UCB
D,FAIR1M-v1.0,rotated_retinanet_psc,target_gt_nonlinear_geometry_upper_bound,angle_error_gt_5deg,absolute_0.005,absolute,0.067069,0.067069,0.005000,False,False,,0.000000,,,,,0.000000,0.000000,0,646,1221,False,False,False,False,no fixed-sequence candidate satisfies conditional scene-risk UCB
D,FAIR1M-v1.0,rotated_retinanet_psc,target_gt_nonlinear_geometry_upper_bound,angle_error_gt_5deg,absolute_0.01,absolute,0.067069,0.067069,0.010000,False,False,,0.000000,,,,,0.000000,0.000000,0,646,1221,False,False,False,False,no fixed-sequence candidate satisfies conditional scene-risk UCB
D,FAIR1M-v1.0,rotated_retinanet_psc,target_gt_nonlinear_geometry_upper_bound,angle_error_gt_5deg,relative_0.5_r_fit,relative,0.067069,0.067069,0.033535,False,False,,0.000000,,,,,0.000000,0.000000,0,646,1221,False,False,False,False,no fixed-sequence candidate satisfies conditional scene-risk UCB
D,FAIR1M-v1.0,rotated_retinanet_psc,target_gt_nonlinear_geometry_upper_bound,angle_error_gt_5deg,relative_0.25_r_fit,relative,0.067069,0.067069,0.016767,False,False,,0.000000,,,,,0.000000,0.000000,0,646,1221,False,False,False,False,no fixed-sequence candidate satisfies conditional scene-risk UCB
D,FAIR1M-v1.0,rotated_retinanet_psc,detection_score,angle_error_gt_10deg,absolute_0.001,absolute,0.005167,0.005167,0.001000,False,False,,0.000000,,,,,0.000000,0.000000,0,646,1221,False,False,False,False,no fixed-sequence candidate satisfies conditional scene-risk UCB
D,FAIR1M-v1.0,rotated_retinanet_psc,detection_score,angle_error_gt_10deg,absolute_0.0025,absolute,0.005167,0.005167,0.002500,False,False,,0.000000,,,,,0.000000,0.000000,0,646,1221,False,False,False,False,no fixed-sequence candidate satisfies conditional scene-risk UCB
D,FAIR1M-v1.0,rotated_retinanet_psc,detection_score,angle_error_gt_10deg,absolute_0.005,absolute,0.005167,0.005167,0.005000,False,False,,0.000000,,,,,0.000000,0.000000,0,646,1221,False,False,False,False,no fixed-sequence candidate satisfies conditional scene-risk UCB
D,FAIR1M-v1.0,rotated_retinanet_psc,detection_score,angle_error_gt_10deg,absolute_0.01,absolute,0.005167,0.005167,0.010000,True,True,,0.000000,,,,,0.000000,0.000000,0,646,1221,False,False,False,False,no fixed-sequence candidate satisfies conditional scene-risk UCB
D,FAIR1M-v1.0,rotated_retinanet_psc,detection_score,angle_error_gt_10deg,relative_0.5_r_fit,relative,0.005167,0.005167,0.002584,False,False,,0.000000,,,,,0.000000,0.000000,0,646,1221,False,False,False,False,no fixed-sequence candidate satisfies conditional scene-risk UCB
D,FAIR1M-v1.0,rotated_retinanet_psc,detection_score,angle_error_gt_10deg,relative_0.25_r_fit,relative,0.005167,0.005167,0.001292,False,False,,0.000000,,,,,0.000000,0.000000,0,646,1221,False,False,False,False,no fixed-sequence candidate satisfies conditional scene-risk UCB
D,FAIR1M-v1.0,rotated_retinanet_psc,tta_circular_consistency,angle_error_gt_10deg,absolute_0.001,absolute,0.005167,0.005167,0.001000,False,False,,0.000000,,,,,0.000000,0.000000,0,646,1221,False,False,False,False,no fixed-sequence candidate satisfies conditional scene-risk UCB
D,FAIR1M-v1.0,rotated_retinanet_psc,tta_circular_consistency,angle_error_gt_10deg,absolute_0.0025,absolute,0.005167,0.005167,0.002500,False,False,,0.000000,,,,,0.000000,0.000000,0,646,1221,False,False,False,False,no fixed-sequence candidate satisfies conditional scene-risk UCB
D,FAIR1M-v1.0,rotated_retinanet_psc,tta_circular_consistency,angle_error_gt_10deg,absolute_0.005,absolute,0.005167,0.005167,0.005000,False,False,,0.000000,,,,,0.000000,0.000000,0,646,1221,False,False,False,False,no fixed-sequence candidate satisfies conditional scene-risk UCB
D,FAIR1M-v1.0,rotated_retinanet_psc,tta_circular_consistency,angle_error_gt_10deg,absolute_0.01,absolute,0.005167,0.005167,0.010000,True,True,,0.000000,,,,,0.000000,0.000000,0,646,1221,False,False,False,False,no fixed-sequence candidate satisfies conditional scene-risk UCB
D,FAIR1M-v1.0,rotated_retinanet_psc,tta_circular_consistency,angle_error_gt_10deg,relative_0.5_r_fit,relative,0.005167,0.005167,0.002584,False,False,,0.000000,,,,,0.000000,0.000000,0,646,1221,False,False,False,False,no fixed-sequence candidate satisfies conditional scene-risk UCB
D,FAIR1M-v1.0,rotated_retinanet_psc,tta_circular_consistency,angle_error_gt_10deg,relative_0.25_r_fit,relative,0.005167,0.005167,0.001292,False,False,,0.000000,,,,,0.000000,0.000000,0,646,1221,False,False,False,False,no fixed-sequence candidate satisfies conditional scene-risk UCB
D,FAIR1M-v1.0,rotated_retinanet_psc,source_supervised_leave_geometry,angle_error_gt_10deg,absolute_0.001,absolute,0.005167,0.005167,0.001000,False,False,,0.000000,,,,,0.000000,0.000000,0,646,1221,False,False,False,False,no fixed-sequence candidate satisfies conditional scene-risk UCB
D,FAIR1M-v1.0,rotated_retinanet_psc,source_supervised_leave_geometry,angle_error_gt_10deg,absolute_0.0025,absolute,0.005167,0.005167,0.002500,False,False,,0.000000,,,,,0.000000,0.000000,0,646,1221,False,False,False,False,no fixed-sequence candidate satisfies conditional scene-risk UCB
D,FAIR1M-v1.0,rotated_retinanet_psc,source_supervised_leave_geometry,angle_error_gt_10deg,absolute_0.005,absolute,0.005167,0.005167,0.005000,False,False,,0.000000,,,,,0.000000,0.000000,0,646,1221,False,False,False,False,no fixed-sequence candidate satisfies conditional scene-risk UCB
D,FAIR1M-v1.0,rotated_retinanet_psc,source_supervised_leave_geometry,angle_error_gt_10deg,absolute_0.01,absolute,0.005167,0.005167,0.010000,True,True,,0.000000,,,,,0.000000,0.000000,0,646,1221,False,False,False,False,no fixed-sequence candidate satisfies conditional scene-risk UCB
D,FAIR1M-v1.0,rotated_retinanet_psc,source_supervised_leave_geometry,angle_error_gt_10deg,relative_0.5_r_fit,relative,0.005167,0.005167,0.002584,False,False,,0.000000,,,,,0.000000,0.000000,0,646,1221,False,False,False,False,no fixed-sequence candidate satisfies conditional scene-risk UCB
D,FAIR1M-v1.0,rotated_retinanet_psc,source_supervised_leave_geometry,angle_error_gt_10deg,relative_0.25_r_fit,relative,0.005167,0.005167,0.001292,False,False,,0.000000,,,,,0.000000,0.000000,0,646,1221,False,False,False,False,no fixed-sequence candidate satisfies conditional scene-risk UCB
D,FAIR1M-v1.0,rotated_retinanet_psc,target_gt_nonlinear_geometry_upper_bound,angle_error_gt_10deg,absolute_0.001,absolute,0.005167,0.005167,0.001000,False,False,,0.000000,,,,,0.000000,0.000000,0,646,1221,False,False,False,False,no fixed-sequence candidate satisfies conditional scene-risk UCB
D,FAIR1M-v1.0,rotated_retinanet_psc,target_gt_nonlinear_geometry_upper_bound,angle_error_gt_10deg,absolute_0.0025,absolute,0.005167,0.005167,0.002500,False,False,,0.000000,,,,,0.000000,0.000000,0,646,1221,False,False,False,False,no fixed-sequence candidate satisfies conditional scene-risk UCB
D,FAIR1M-v1.0,rotated_retinanet_psc,target_gt_nonlinear_geometry_upper_bound,angle_error_gt_10deg,absolute_0.005,absolute,0.005167,0.005167,0.005000,False,False,,0.000000,,,,,0.000000,0.000000,0,646,1221,False,False,False,False,no fixed-sequence candidate satisfies conditional scene-risk UCB
D,FAIR1M-v1.0,rotated_retinanet_psc,target_gt_nonlinear_geometry_upper_bound,angle_error_gt_10deg,absolute_0.01,absolute,0.005167,0.005167,0.010000,True,True,,0.000000,,,,,0.000000,0.000000,0,646,1221,False,False,False,False,no fixed-sequence candidate satisfies conditional scene-risk UCB
D,FAIR1M-v1.0,rotated_retinanet_psc,target_gt_nonlinear_geometry_upper_bound,angle_error_gt_10deg,relative_0.5_r_fit,relative,0.005167,0.005167,0.002584,False,False,,0.000000,,,,,0.000000,0.000000,0,646,1221,False,False,False,False,no fixed-sequence candidate satisfies conditional scene-risk UCB
D,FAIR1M-v1.0,rotated_retinanet_psc,target_gt_nonlinear_geometry_upper_bound,angle_error_gt_10deg,relative_0.25_r_fit,relative,0.005167,0.005167,0.001292,False,False,,0.000000,,,,,0.000000,0.000000,0,646,1221,False,False,False,False,no fixed-sequence candidate satisfies conditional scene-risk UCB
D,FAIR1M-v1.0,rotated_retinanet_psc,detection_score,angle_error_gt_15deg,absolute_0.001,absolute,0.000676,0.000676,0.001000,True,True,,0.000000,,,,,0.000000,0.000000,0,646,1221,False,False,False,False,no fixed-sequence candidate satisfies conditional scene-risk UCB
D,FAIR1M-v1.0,rotated_retinanet_psc,detection_score,angle_error_gt_15deg,absolute_0.0025,absolute,0.000676,0.000676,0.002500,True,True,,0.000000,,,,,0.000000,0.000000,0,646,1221,False,False,False,False,no fixed-sequence candidate satisfies conditional scene-risk UCB
D,FAIR1M-v1.0,rotated_retinanet_psc,detection_score,angle_error_gt_15deg,absolute_0.005,absolute,0.000676,0.000676,0.005000,True,True,,0.000000,,,,,0.000000,0.000000,0,646,1221,False,False,False,False,no fixed-sequence candidate satisfies conditional scene-risk UCB
D,FAIR1M-v1.0,rotated_retinanet_psc,detection_score,angle_error_gt_15deg,absolute_0.01,absolute,0.000676,0.000676,0.010000,True,True,,0.000000,,,,,0.000000,0.000000,0,646,1221,False,False,False,False,no fixed-sequence candidate satisfies conditional scene-risk UCB
D,FAIR1M-v1.0,rotated_retinanet_psc,detection_score,angle_error_gt_15deg,relative_0.5_r_fit,relative,0.000676,0.000676,0.000338,False,False,,0.000000,,,,,0.000000,0.000000,0,646,1221,False,False,False,False,no fixed-sequence candidate satisfies conditional scene-risk UCB
D,FAIR1M-v1.0,rotated_retinanet_psc,detection_score,angle_error_gt_15deg,relative_0.25_r_fit,relative,0.000676,0.000676,0.000169,False,False,,0.000000,,,,,0.000000,0.000000,0,646,1221,False,False,False,False,no fixed-sequence candidate satisfies conditional scene-risk UCB
D,FAIR1M-v1.0,rotated_retinanet_psc,tta_circular_consistency,angle_error_gt_15deg,absolute_0.001,absolute,0.000676,0.000676,0.001000,True,True,,0.000000,,,,,0.000000,0.000000,0,646,1221,False,False,False,False,no fixed-sequence candidate satisfies conditional scene-risk UCB
D,FAIR1M-v1.0,rotated_retinanet_psc,tta_circular_consistency,angle_error_gt_15deg,absolute_0.0025,absolute,0.000676,0.000676,0.002500,True,True,,0.000000,,,,,0.000000,0.000000,0,646,1221,False,False,False,False,no fixed-sequence candidate satisfies conditional scene-risk UCB
D,FAIR1M-v1.0,rotated_retinanet_psc,tta_circular_consistency,angle_error_gt_15deg,absolute_0.005,absolute,0.000676,0.000676,0.005000,True,True,,0.000000,,,,,0.000000,0.000000,0,646,1221,False,False,False,False,no fixed-sequence candidate satisfies conditional scene-risk UCB
D,FAIR1M-v1.0,rotated_retinanet_psc,tta_circular_consistency,angle_error_gt_15deg,absolute_0.01,absolute,0.000676,0.000676,0.010000,True,True,,0.000000,,,,,0.000000,0.000000,0,646,1221,False,False,False,False,no fixed-sequence candidate satisfies conditional scene-risk UCB
D,FAIR1M-v1.0,rotated_retinanet_psc,tta_circular_consistency,angle_error_gt_15deg,relative_0.5_r_fit,relative,0.000676,0.000676,0.000338,False,False,,0.000000,,,,,0.000000,0.000000,0,646,1221,False,False,False,False,no fixed-sequence candidate satisfies conditional scene-risk UCB
D,FAIR1M-v1.0,rotated_retinanet_psc,tta_circular_consistency,angle_error_gt_15deg,relative_0.25_r_fit,relative,0.000676,0.000676,0.000169,False,False,,0.000000,,,,,0.000000,0.000000,0,646,1221,False,False,False,False,no fixed-sequence candidate satisfies conditional scene-risk UCB
D,FAIR1M-v1.0,rotated_retinanet_psc,source_supervised_leave_geometry,angle_error_gt_15deg,absolute_0.001,absolute,0.000676,0.000676,0.001000,True,True,,0.000000,,,,,0.000000,0.000000,0,646,1221,False,False,False,False,no fixed-sequence candidate satisfies conditional scene-risk UCB
D,FAIR1M-v1.0,rotated_retinanet_psc,source_supervised_leave_geometry,angle_error_gt_15deg,absolute_0.0025,absolute,0.000676,0.000676,0.002500,True,True,,0.000000,,,,,0.000000,0.000000,0,646,1221,False,False,False,False,no fixed-sequence candidate satisfies conditional scene-risk UCB
D,FAIR1M-v1.0,rotated_retinanet_psc,source_supervised_leave_geometry,angle_error_gt_15deg,absolute_0.005,absolute,0.000676,0.000676,0.005000,True,True,,0.000000,,,,,0.000000,0.000000,0,646,1221,False,False,False,False,no fixed-sequence candidate satisfies conditional scene-risk UCB
D,FAIR1M-v1.0,rotated_retinanet_psc,source_supervised_leave_geometry,angle_error_gt_15deg,absolute_0.01,absolute,0.000676,0.000676,0.010000,True,True,,0.000000,,,,,0.000000,0.000000,0,646,1221,False,False,False,False,no fixed-sequence candidate satisfies conditional scene-risk UCB
D,FAIR1M-v1.0,rotated_retinanet_psc,source_supervised_leave_geometry,angle_error_gt_15deg,relative_0.5_r_fit,relative,0.000676,0.000676,0.000338,False,False,,0.000000,,,,,0.000000,0.000000,0,646,1221,False,False,False,False,no fixed-sequence candidate satisfies conditional scene-risk UCB
D,FAIR1M-v1.0,rotated_retinanet_psc,source_supervised_leave_geometry,angle_error_gt_15deg,relative_0.25_r_fit,relative,0.000676,0.000676,0.000169,False,False,,0.000000,,,,,0.000000,0.000000,0,646,1221,False,False,False,False,no fixed-sequence candidate satisfies conditional scene-risk UCB
D,FAIR1M-v1.0,rotated_retinanet_psc,target_gt_nonlinear_geometry_upper_bound,angle_error_gt_15deg,absolute_0.001,absolute,0.000676,0.000676,0.001000,True,True,,0.000000,,,,,0.000000,0.000000,0,646,1221,False,False,False,False,no fixed-sequence candidate satisfies conditional scene-risk UCB
D,FAIR1M-v1.0,rotated_retinanet_psc,target_gt_nonlinear_geometry_upper_bound,angle_error_gt_15deg,absolute_0.0025,absolute,0.000676,0.000676,0.002500,True,True,,0.000000,,,,,0.000000,0.000000,0,646,1221,False,False,False,False,no fixed-sequence candidate satisfies conditional scene-risk UCB
D,FAIR1M-v1.0,rotated_retinanet_psc,target_gt_nonlinear_geometry_upper_bound,angle_error_gt_15deg,absolute_0.005,absolute,0.000676,0.000676,0.005000,True,True,,0.000000,,,,,0.000000,0.000000,0,646,1221,False,False,False,False,no fixed-sequence candidate satisfies conditional scene-risk UCB
D,FAIR1M-v1.0,rotated_retinanet_psc,target_gt_nonlinear_geometry_upper_bound,angle_error_gt_15deg,absolute_0.01,absolute,0.000676,0.000676,0.010000,True,True,,0.000000,,,,,0.000000,0.000000,0,646,1221,False,False,False,False,no fixed-sequence candidate satisfies conditional scene-risk UCB
D,FAIR1M-v1.0,rotated_retinanet_psc,target_gt_nonlinear_geometry_upper_bound,angle_error_gt_15deg,relative_0.5_r_fit,relative,0.000676,0.000676,0.000338,False,False,,0.000000,,,,,0.000000,0.000000,0,646,1221,False,False,False,False,no fixed-sequence candidate satisfies conditional scene-risk UCB
D,FAIR1M-v1.0,rotated_retinanet_psc,target_gt_nonlinear_geometry_upper_bound,angle_error_gt_15deg,relative_0.25_r_fit,relative,0.000676,0.000676,0.000169,False,False,,0.000000,,,,,0.000000,0.000000,0,646,1221,False,False,False,False,no fixed-sequence candidate satisfies conditional scene-risk UCB
E,SODA-A,rotated_retinanet_psc,detection_score,geometry_normalized_severe,absolute_0.001,absolute,0.004376,0.004376,0.001000,False,False,,0.000000,,,,,0.000000,0.000000,0,1858,4076,False,False,False,False,no fixed-sequence candidate satisfies conditional scene-risk UCB
E,SODA-A,rotated_retinanet_psc,detection_score,geometry_normalized_severe,absolute_0.0025,absolute,0.004376,0.004376,0.002500,False,False,,0.000000,,,,,0.000000,0.000000,0,1858,4076,False,False,False,False,no fixed-sequence candidate satisfies conditional scene-risk UCB
E,SODA-A,rotated_retinanet_psc,detection_score,geometry_normalized_severe,absolute_0.005,absolute,0.004376,0.004376,0.005000,True,True,,0.000000,,,,,0.000000,0.000000,0,1858,4076,False,False,False,False,no fixed-sequence candidate satisfies conditional scene-risk UCB
E,SODA-A,rotated_retinanet_psc,detection_score,geometry_normalized_severe,absolute_0.01,absolute,0.004376,0.004376,0.010000,True,True,,0.000000,,,,,0.000000,0.000000,0,1858,4076,False,False,False,False,no fixed-sequence candidate satisfies conditional scene-risk UCB
E,SODA-A,rotated_retinanet_psc,detection_score,geometry_normalized_severe,relative_0.5_r_fit,relative,0.004376,0.004376,0.002188,False,False,,0.000000,,,,,0.000000,0.000000,0,1858,4076,False,False,False,False,no fixed-sequence candidate satisfies conditional scene-risk UCB
E,SODA-A,rotated_retinanet_psc,detection_score,geometry_normalized_severe,relative_0.25_r_fit,relative,0.004376,0.004376,0.001094,False,False,,0.000000,,,,,0.000000,0.000000,0,1858,4076,False,False,False,False,no fixed-sequence candidate satisfies conditional scene-risk UCB
E,SODA-A,rotated_retinanet_psc,tta_circular_consistency,geometry_normalized_severe,absolute_0.001,absolute,0.004376,0.004376,0.001000,False,False,,0.000000,,,,,0.000000,0.000000,0,1858,4076,False,False,False,False,no fixed-sequence candidate satisfies conditional scene-risk UCB
E,SODA-A,rotated_retinanet_psc,tta_circular_consistency,geometry_normalized_severe,absolute_0.0025,absolute,0.004376,0.004376,0.002500,False,False,,0.000000,,,,,0.000000,0.000000,0,1858,4076,False,False,False,False,no fixed-sequence candidate satisfies conditional scene-risk UCB
E,SODA-A,rotated_retinanet_psc,tta_circular_consistency,geometry_normalized_severe,absolute_0.005,absolute,0.004376,0.004376,0.005000,True,True,,0.000000,,,,,0.000000,0.000000,0,1858,4076,False,False,False,False,no fixed-sequence candidate satisfies conditional scene-risk UCB
E,SODA-A,rotated_retinanet_psc,tta_circular_consistency,geometry_normalized_severe,absolute_0.01,absolute,0.004376,0.004376,0.010000,True,True,,0.000000,,,,,0.000000,0.000000,0,1858,4076,False,False,False,False,no fixed-sequence candidate satisfies conditional scene-risk UCB
E,SODA-A,rotated_retinanet_psc,tta_circular_consistency,geometry_normalized_severe,relative_0.5_r_fit,relative,0.004376,0.004376,0.002188,False,False,,0.000000,,,,,0.000000,0.000000,0,1858,4076,False,False,False,False,no fixed-sequence candidate satisfies conditional scene-risk UCB
E,SODA-A,rotated_retinanet_psc,tta_circular_consistency,geometry_normalized_severe,relative_0.25_r_fit,relative,0.004376,0.004376,0.001094,False,False,,0.000000,,,,,0.000000,0.000000,0,1858,4076,False,False,False,False,no fixed-sequence candidate satisfies conditional scene-risk UCB
E,SODA-A,rotated_retinanet_psc,source_supervised_leave_geometry,geometry_normalized_severe,absolute_0.001,absolute,0.004376,0.004376,0.001000,False,False,,0.000000,,,,,0.000000,0.000000,0,1858,4076,False,False,False,False,no fixed-sequence candidate satisfies conditional scene-risk UCB
E,SODA-A,rotated_retinanet_psc,source_supervised_leave_geometry,geometry_normalized_severe,absolute_0.0025,absolute,0.004376,0.004376,0.002500,False,False,,0.000000,,,,,0.000000,0.000000,0,1858,4076,False,False,False,False,no fixed-sequence candidate satisfies conditional scene-risk UCB
E,SODA-A,rotated_retinanet_psc,source_supervised_leave_geometry,geometry_normalized_severe,absolute_0.005,absolute,0.004376,0.004376,0.005000,True,True,,0.000000,,,,,0.000000,0.000000,0,1858,4076,False,False,False,False,no fixed-sequence candidate satisfies conditional scene-risk UCB
E,SODA-A,rotated_retinanet_psc,source_supervised_leave_geometry,geometry_normalized_severe,absolute_0.01,absolute,0.004376,0.004376,0.010000,True,True,,0.000000,,,,,0.000000,0.000000,0,1858,4076,False,False,False,False,no fixed-sequence candidate satisfies conditional scene-risk UCB
E,SODA-A,rotated_retinanet_psc,source_supervised_leave_geometry,geometry_normalized_severe,relative_0.5_r_fit,relative,0.004376,0.004376,0.002188,False,False,,0.000000,,,,,0.000000,0.000000,0,1858,4076,False,False,False,False,no fixed-sequence candidate satisfies conditional scene-risk UCB
E,SODA-A,rotated_retinanet_psc,source_supervised_leave_geometry,geometry_normalized_severe,relative_0.25_r_fit,relative,0.004376,0.004376,0.001094,False,False,,0.000000,,,,,0.000000,0.000000,0,1858,4076,False,False,False,False,no fixed-sequence candidate satisfies conditional scene-risk UCB
E,SODA-A,rotated_retinanet_psc,target_gt_nonlinear_geometry_upper_bound,geometry_normalized_severe,absolute_0.001,absolute,0.004376,0.004376,0.001000,False,False,,0.000000,,,,,0.000000,0.000000,0,1858,4076,False,False,False,False,no fixed-sequence candidate satisfies conditional scene-risk UCB
E,SODA-A,rotated_retinanet_psc,target_gt_nonlinear_geometry_upper_bound,geometry_normalized_severe,absolute_0.0025,absolute,0.004376,0.004376,0.002500,False,False,,0.000000,,,,,0.000000,0.000000,0,1858,4076,False,False,False,False,no fixed-sequence candidate satisfies conditional scene-risk UCB
E,SODA-A,rotated_retinanet_psc,target_gt_nonlinear_geometry_upper_bound,geometry_normalized_severe,absolute_0.005,absolute,0.004376,0.004376,0.005000,True,True,,0.000000,,,,,0.000000,0.000000,0,1858,4076,False,False,False,False,no fixed-sequence candidate satisfies conditional scene-risk UCB
E,SODA-A,rotated_retinanet_psc,target_gt_nonlinear_geometry_upper_bound,geometry_normalized_severe,absolute_0.01,absolute,0.004376,0.004376,0.010000,True,True,,0.000000,,,,,0.000000,0.000000,0,1858,4076,False,False,False,False,no fixed-sequence candidate satisfies conditional scene-risk UCB
E,SODA-A,rotated_retinanet_psc,target_gt_nonlinear_geometry_upper_bound,geometry_normalized_severe,relative_0.5_r_fit,relative,0.004376,0.004376,0.002188,False,False,,0.000000,,,,,0.000000,0.000000,0,1858,4076,False,False,False,False,no fixed-sequence candidate satisfies conditional scene-risk UCB
E,SODA-A,rotated_retinanet_psc,target_gt_nonlinear_geometry_upper_bound,geometry_normalized_severe,relative_0.25_r_fit,relative,0.004376,0.004376,0.001094,False,False,,0.000000,,,,,0.000000,0.000000,0,1858,4076,False,False,False,False,no fixed-sequence candidate satisfies conditional scene-risk UCB
E,SODA-A,rotated_retinanet_psc,detection_score,angle_error_gt_5deg,absolute_0.001,absolute,0.093766,0.093766,0.001000,False,False,,0.000000,,,,,0.000000,0.000000,0,1858,4076,False,False,False,False,no fixed-sequence candidate satisfies conditional scene-risk UCB
E,SODA-A,rotated_retinanet_psc,detection_score,angle_error_gt_5deg,absolute_0.0025,absolute,0.093766,0.093766,0.002500,False,False,,0.000000,,,,,0.000000,0.000000,0,1858,4076,False,False,False,False,no fixed-sequence candidate satisfies conditional scene-risk UCB
E,SODA-A,rotated_retinanet_psc,detection_score,angle_error_gt_5deg,absolute_0.005,absolute,0.093766,0.093766,0.005000,False,False,,0.000000,,,,,0.000000,0.000000,0,1858,4076,False,False,False,False,no fixed-sequence candidate satisfies conditional scene-risk UCB
E,SODA-A,rotated_retinanet_psc,detection_score,angle_error_gt_5deg,absolute_0.01,absolute,0.093766,0.093766,0.010000,False,False,,0.000000,,,,,0.000000,0.000000,0,1858,4076,False,False,False,False,no fixed-sequence candidate satisfies conditional scene-risk UCB
E,SODA-A,rotated_retinanet_psc,detection_score,angle_error_gt_5deg,relative_0.5_r_fit,relative,0.093766,0.093766,0.046883,False,False,,0.000000,,,,,0.000000,0.000000,0,1858,4076,False,False,False,False,no fixed-sequence candidate satisfies conditional scene-risk UCB
E,SODA-A,rotated_retinanet_psc,detection_score,angle_error_gt_5deg,relative_0.25_r_fit,relative,0.093766,0.093766,0.023442,False,False,,0.000000,,,,,0.000000,0.000000,0,1858,4076,False,False,False,False,no fixed-sequence candidate satisfies conditional scene-risk UCB
E,SODA-A,rotated_retinanet_psc,tta_circular_consistency,angle_error_gt_5deg,absolute_0.001,absolute,0.093766,0.093766,0.001000,False,False,,0.000000,,,,,0.000000,0.000000,0,1858,4076,False,False,False,False,no fixed-sequence candidate satisfies conditional scene-risk UCB
E,SODA-A,rotated_retinanet_psc,tta_circular_consistency,angle_error_gt_5deg,absolute_0.0025,absolute,0.093766,0.093766,0.002500,False,False,,0.000000,,,,,0.000000,0.000000,0,1858,4076,False,False,False,False,no fixed-sequence candidate satisfies conditional scene-risk UCB
E,SODA-A,rotated_retinanet_psc,tta_circular_consistency,angle_error_gt_5deg,absolute_0.005,absolute,0.093766,0.093766,0.005000,False,False,,0.000000,,,,,0.000000,0.000000,0,1858,4076,False,False,False,False,no fixed-sequence candidate satisfies conditional scene-risk UCB
E,SODA-A,rotated_retinanet_psc,tta_circular_consistency,angle_error_gt_5deg,absolute_0.01,absolute,0.093766,0.093766,0.010000,False,False,,0.000000,,,,,0.000000,0.000000,0,1858,4076,False,False,False,False,no fixed-sequence candidate satisfies conditional scene-risk UCB
E,SODA-A,rotated_retinanet_psc,tta_circular_consistency,angle_error_gt_5deg,relative_0.5_r_fit,relative,0.093766,0.093766,0.046883,False,False,,0.000000,,,,,0.000000,0.000000,0,1858,4076,False,False,False,False,no fixed-sequence candidate satisfies conditional scene-risk UCB
E,SODA-A,rotated_retinanet_psc,tta_circular_consistency,angle_error_gt_5deg,relative_0.25_r_fit,relative,0.093766,0.093766,0.023442,False,False,,0.000000,,,,,0.000000,0.000000,0,1858,4076,False,False,False,False,no fixed-sequence candidate satisfies conditional scene-risk UCB
E,SODA-A,rotated_retinanet_psc,source_supervised_leave_geometry,angle_error_gt_5deg,absolute_0.001,absolute,0.093766,0.093766,0.001000,False,False,,0.000000,,,,,0.000000,0.000000,0,1858,4076,False,False,False,False,no fixed-sequence candidate satisfies conditional scene-risk UCB
E,SODA-A,rotated_retinanet_psc,source_supervised_leave_geometry,angle_error_gt_5deg,absolute_0.0025,absolute,0.093766,0.093766,0.002500,False,False,,0.000000,,,,,0.000000,0.000000,0,1858,4076,False,False,False,False,no fixed-sequence candidate satisfies conditional scene-risk UCB
E,SODA-A,rotated_retinanet_psc,source_supervised_leave_geometry,angle_error_gt_5deg,absolute_0.005,absolute,0.093766,0.093766,0.005000,False,False,,0.000000,,,,,0.000000,0.000000,0,1858,4076,False,False,False,False,no fixed-sequence candidate satisfies conditional scene-risk UCB
E,SODA-A,rotated_retinanet_psc,source_supervised_leave_geometry,angle_error_gt_5deg,absolute_0.01,absolute,0.093766,0.093766,0.010000,False,False,,0.000000,,,,,0.000000,0.000000,0,1858,4076,False,False,False,False,no fixed-sequence candidate satisfies conditional scene-risk UCB
E,SODA-A,rotated_retinanet_psc,source_supervised_leave_geometry,angle_error_gt_5deg,relative_0.5_r_fit,relative,0.093766,0.093766,0.046883,False,False,,0.000000,,,,,0.000000,0.000000,0,1858,4076,False,False,False,False,no fixed-sequence candidate satisfies conditional scene-risk UCB
E,SODA-A,rotated_retinanet_psc,source_supervised_leave_geometry,angle_error_gt_5deg,relative_0.25_r_fit,relative,0.093766,0.093766,0.023442,False,False,,0.000000,,,,,0.000000,0.000000,0,1858,4076,False,False,False,False,no fixed-sequence candidate satisfies conditional scene-risk UCB
E,SODA-A,rotated_retinanet_psc,target_gt_nonlinear_geometry_upper_bound,angle_error_gt_5deg,absolute_0.001,absolute,0.093766,0.093766,0.001000,False,False,,0.000000,,,,,0.000000,0.000000,0,1858,4076,False,False,False,False,no fixed-sequence candidate satisfies conditional scene-risk UCB
E,SODA-A,rotated_retinanet_psc,target_gt_nonlinear_geometry_upper_bound,angle_error_gt_5deg,absolute_0.0025,absolute,0.093766,0.093766,0.002500,False,False,,0.000000,,,,,0.000000,0.000000,0,1858,4076,False,False,False,False,no fixed-sequence candidate satisfies conditional scene-risk UCB
E,SODA-A,rotated_retinanet_psc,target_gt_nonlinear_geometry_upper_bound,angle_error_gt_5deg,absolute_0.005,absolute,0.093766,0.093766,0.005000,False,False,,0.000000,,,,,0.000000,0.000000,0,1858,4076,False,False,False,False,no fixed-sequence candidate satisfies conditional scene-risk UCB
E,SODA-A,rotated_retinanet_psc,target_gt_nonlinear_geometry_upper_bound,angle_error_gt_5deg,absolute_0.01,absolute,0.093766,0.093766,0.010000,False,False,,0.000000,,,,,0.000000,0.000000,0,1858,4076,False,False,False,False,no fixed-sequence candidate satisfies conditional scene-risk UCB
E,SODA-A,rotated_retinanet_psc,target_gt_nonlinear_geometry_upper_bound,angle_error_gt_5deg,relative_0.5_r_fit,relative,0.093766,0.093766,0.046883,False,False,-0.830061,0.100000,0.012369,0.000000,0.003010,0.013154,0.098135,0.096309,9737,1858,4076,True,True,True,False,certified
E,SODA-A,rotated_retinanet_psc,target_gt_nonlinear_geometry_upper_bound,angle_error_gt_5deg,relative_0.25_r_fit,relative,0.093766,0.093766,0.023442,False,False,,0.000000,,,,,0.000000,0.000000,0,1858,4076,False,False,False,False,no fixed-sequence candidate satisfies conditional scene-risk UCB
E,SODA-A,rotated_retinanet_psc,detection_score,angle_error_gt_10deg,absolute_0.001,absolute,0.013505,0.013505,0.001000,False,False,,0.000000,,,,,0.000000,0.000000,0,1858,4076,False,False,False,False,no fixed-sequence candidate satisfies conditional scene-risk UCB
E,SODA-A,rotated_retinanet_psc,detection_score,angle_error_gt_10deg,absolute_0.0025,absolute,0.013505,0.013505,0.002500,False,False,,0.000000,,,,,0.000000,0.000000,0,1858,4076,False,False,False,False,no fixed-sequence candidate satisfies conditional scene-risk UCB
E,SODA-A,rotated_retinanet_psc,detection_score,angle_error_gt_10deg,absolute_0.005,absolute,0.013505,0.013505,0.005000,False,False,,0.000000,,,,,0.000000,0.000000,0,1858,4076,False,False,False,False,no fixed-sequence candidate satisfies conditional scene-risk UCB
E,SODA-A,rotated_retinanet_psc,detection_score,angle_error_gt_10deg,absolute_0.01,absolute,0.013505,0.013505,0.010000,False,False,,0.000000,,,,,0.000000,0.000000,0,1858,4076,False,False,False,False,no fixed-sequence candidate satisfies conditional scene-risk UCB
E,SODA-A,rotated_retinanet_psc,detection_score,angle_error_gt_10deg,relative_0.5_r_fit,relative,0.013505,0.013505,0.006752,False,False,,0.000000,,,,,0.000000,0.000000,0,1858,4076,False,False,False,False,no fixed-sequence candidate satisfies conditional scene-risk UCB
E,SODA-A,rotated_retinanet_psc,detection_score,angle_error_gt_10deg,relative_0.25_r_fit,relative,0.013505,0.013505,0.003376,False,False,,0.000000,,,,,0.000000,0.000000,0,1858,4076,False,False,False,False,no fixed-sequence candidate satisfies conditional scene-risk UCB
E,SODA-A,rotated_retinanet_psc,tta_circular_consistency,angle_error_gt_10deg,absolute_0.001,absolute,0.013505,0.013505,0.001000,False,False,,0.000000,,,,,0.000000,0.000000,0,1858,4076,False,False,False,False,no fixed-sequence candidate satisfies conditional scene-risk UCB
E,SODA-A,rotated_retinanet_psc,tta_circular_consistency,angle_error_gt_10deg,absolute_0.0025,absolute,0.013505,0.013505,0.002500,False,False,,0.000000,,,,,0.000000,0.000000,0,1858,4076,False,False,False,False,no fixed-sequence candidate satisfies conditional scene-risk UCB
E,SODA-A,rotated_retinanet_psc,tta_circular_consistency,angle_error_gt_10deg,absolute_0.005,absolute,0.013505,0.013505,0.005000,False,False,,0.000000,,,,,0.000000,0.000000,0,1858,4076,False,False,False,False,no fixed-sequence candidate satisfies conditional scene-risk UCB
E,SODA-A,rotated_retinanet_psc,tta_circular_consistency,angle_error_gt_10deg,absolute_0.01,absolute,0.013505,0.013505,0.010000,False,False,,0.000000,,,,,0.000000,0.000000,0,1858,4076,False,False,False,False,no fixed-sequence candidate satisfies conditional scene-risk UCB
E,SODA-A,rotated_retinanet_psc,tta_circular_consistency,angle_error_gt_10deg,relative_0.5_r_fit,relative,0.013505,0.013505,0.006752,False,False,,0.000000,,,,,0.000000,0.000000,0,1858,4076,False,False,False,False,no fixed-sequence candidate satisfies conditional scene-risk UCB
E,SODA-A,rotated_retinanet_psc,tta_circular_consistency,angle_error_gt_10deg,relative_0.25_r_fit,relative,0.013505,0.013505,0.003376,False,False,,0.000000,,,,,0.000000,0.000000,0,1858,4076,False,False,False,False,no fixed-sequence candidate satisfies conditional scene-risk UCB
E,SODA-A,rotated_retinanet_psc,source_supervised_leave_geometry,angle_error_gt_10deg,absolute_0.001,absolute,0.013505,0.013505,0.001000,False,False,,0.000000,,,,,0.000000,0.000000,0,1858,4076,False,False,False,False,no fixed-sequence candidate satisfies conditional scene-risk UCB
E,SODA-A,rotated_retinanet_psc,source_supervised_leave_geometry,angle_error_gt_10deg,absolute_0.0025,absolute,0.013505,0.013505,0.002500,False,False,,0.000000,,,,,0.000000,0.000000,0,1858,4076,False,False,False,False,no fixed-sequence candidate satisfies conditional scene-risk UCB
E,SODA-A,rotated_retinanet_psc,source_supervised_leave_geometry,angle_error_gt_10deg,absolute_0.005,absolute,0.013505,0.013505,0.005000,False,False,,0.000000,,,,,0.000000,0.000000,0,1858,4076,False,False,False,False,no fixed-sequence candidate satisfies conditional scene-risk UCB
E,SODA-A,rotated_retinanet_psc,source_supervised_leave_geometry,angle_error_gt_10deg,absolute_0.01,absolute,0.013505,0.013505,0.010000,False,False,,0.000000,,,,,0.000000,0.000000,0,1858,4076,False,False,False,False,no fixed-sequence candidate satisfies conditional scene-risk UCB
E,SODA-A,rotated_retinanet_psc,source_supervised_leave_geometry,angle_error_gt_10deg,relative_0.5_r_fit,relative,0.013505,0.013505,0.006752,False,False,,0.000000,,,,,0.000000,0.000000,0,1858,4076,False,False,False,False,no fixed-sequence candidate satisfies conditional scene-risk UCB
E,SODA-A,rotated_retinanet_psc,source_supervised_leave_geometry,angle_error_gt_10deg,relative_0.25_r_fit,relative,0.013505,0.013505,0.003376,False,False,,0.000000,,,,,0.000000,0.000000,0,1858,4076,False,False,False,False,no fixed-sequence candidate satisfies conditional scene-risk UCB
E,SODA-A,rotated_retinanet_psc,target_gt_nonlinear_geometry_upper_bound,angle_error_gt_10deg,absolute_0.001,absolute,0.013505,0.013505,0.001000,False,False,,0.000000,,,,,0.000000,0.000000,0,1858,4076,False,False,False,False,no fixed-sequence candidate satisfies conditional scene-risk UCB
E,SODA-A,rotated_retinanet_psc,target_gt_nonlinear_geometry_upper_bound,angle_error_gt_10deg,absolute_0.0025,absolute,0.013505,0.013505,0.002500,False,False,,0.000000,,,,,0.000000,0.000000,0,1858,4076,False,False,False,False,no fixed-sequence candidate satisfies conditional scene-risk UCB
E,SODA-A,rotated_retinanet_psc,target_gt_nonlinear_geometry_upper_bound,angle_error_gt_10deg,absolute_0.005,absolute,0.013505,0.013505,0.005000,False,False,,0.000000,,,,,0.000000,0.000000,0,1858,4076,False,False,False,False,no fixed-sequence candidate satisfies conditional scene-risk UCB
E,SODA-A,rotated_retinanet_psc,target_gt_nonlinear_geometry_upper_bound,angle_error_gt_10deg,absolute_0.01,absolute,0.013505,0.013505,0.010000,False,False,,0.000000,,,,,0.000000,0.000000,0,1858,4076,False,False,False,False,no fixed-sequence candidate satisfies conditional scene-risk UCB
E,SODA-A,rotated_retinanet_psc,target_gt_nonlinear_geometry_upper_bound,angle_error_gt_10deg,relative_0.5_r_fit,relative,0.013505,0.013505,0.006752,False,False,,0.000000,,,,,0.000000,0.000000,0,1858,4076,False,False,False,False,no fixed-sequence candidate satisfies conditional scene-risk UCB
E,SODA-A,rotated_retinanet_psc,target_gt_nonlinear_geometry_upper_bound,angle_error_gt_10deg,relative_0.25_r_fit,relative,0.013505,0.013505,0.003376,False,False,,0.000000,,,,,0.000000,0.000000,0,1858,4076,False,False,False,False,no fixed-sequence candidate satisfies conditional scene-risk UCB
E,SODA-A,rotated_retinanet_psc,detection_score,angle_error_gt_15deg,absolute_0.001,absolute,0.002932,0.002932,0.001000,False,False,,0.000000,,,,,0.000000,0.000000,0,1858,4076,False,False,False,False,no fixed-sequence candidate satisfies conditional scene-risk UCB
E,SODA-A,rotated_retinanet_psc,detection_score,angle_error_gt_15deg,absolute_0.0025,absolute,0.002932,0.002932,0.002500,False,False,,0.000000,,,,,0.000000,0.000000,0,1858,4076,False,False,False,False,no fixed-sequence candidate satisfies conditional scene-risk UCB
E,SODA-A,rotated_retinanet_psc,detection_score,angle_error_gt_15deg,absolute_0.005,absolute,0.002932,0.002932,0.005000,True,True,,0.000000,,,,,0.000000,0.000000,0,1858,4076,False,False,False,False,no fixed-sequence candidate satisfies conditional scene-risk UCB
E,SODA-A,rotated_retinanet_psc,detection_score,angle_error_gt_15deg,absolute_0.01,absolute,0.002932,0.002932,0.010000,True,True,,0.000000,,,,,0.000000,0.000000,0,1858,4076,False,False,False,False,no fixed-sequence candidate satisfies conditional scene-risk UCB
E,SODA-A,rotated_retinanet_psc,detection_score,angle_error_gt_15deg,relative_0.5_r_fit,relative,0.002932,0.002932,0.001466,False,False,,0.000000,,,,,0.000000,0.000000,0,1858,4076,False,False,False,False,no fixed-sequence candidate satisfies conditional scene-risk UCB
E,SODA-A,rotated_retinanet_psc,detection_score,angle_error_gt_15deg,relative_0.25_r_fit,relative,0.002932,0.002932,0.000733,False,False,,0.000000,,,,,0.000000,0.000000,0,1858,4076,False,False,False,False,no fixed-sequence candidate satisfies conditional scene-risk UCB
E,SODA-A,rotated_retinanet_psc,tta_circular_consistency,angle_error_gt_15deg,absolute_0.001,absolute,0.002932,0.002932,0.001000,False,False,,0.000000,,,,,0.000000,0.000000,0,1858,4076,False,False,False,False,no fixed-sequence candidate satisfies conditional scene-risk UCB
E,SODA-A,rotated_retinanet_psc,tta_circular_consistency,angle_error_gt_15deg,absolute_0.0025,absolute,0.002932,0.002932,0.002500,False,False,,0.000000,,,,,0.000000,0.000000,0,1858,4076,False,False,False,False,no fixed-sequence candidate satisfies conditional scene-risk UCB
E,SODA-A,rotated_retinanet_psc,tta_circular_consistency,angle_error_gt_15deg,absolute_0.005,absolute,0.002932,0.002932,0.005000,True,True,,0.000000,,,,,0.000000,0.000000,0,1858,4076,False,False,False,False,no fixed-sequence candidate satisfies conditional scene-risk UCB
E,SODA-A,rotated_retinanet_psc,tta_circular_consistency,angle_error_gt_15deg,absolute_0.01,absolute,0.002932,0.002932,0.010000,True,True,,0.000000,,,,,0.000000,0.000000,0,1858,4076,False,False,False,False,no fixed-sequence candidate satisfies conditional scene-risk UCB
E,SODA-A,rotated_retinanet_psc,tta_circular_consistency,angle_error_gt_15deg,relative_0.5_r_fit,relative,0.002932,0.002932,0.001466,False,False,,0.000000,,,,,0.000000,0.000000,0,1858,4076,False,False,False,False,no fixed-sequence candidate satisfies conditional scene-risk UCB
E,SODA-A,rotated_retinanet_psc,tta_circular_consistency,angle_error_gt_15deg,relative_0.25_r_fit,relative,0.002932,0.002932,0.000733,False,False,,0.000000,,,,,0.000000,0.000000,0,1858,4076,False,False,False,False,no fixed-sequence candidate satisfies conditional scene-risk UCB
E,SODA-A,rotated_retinanet_psc,source_supervised_leave_geometry,angle_error_gt_15deg,absolute_0.001,absolute,0.002932,0.002932,0.001000,False,False,,0.000000,,,,,0.000000,0.000000,0,1858,4076,False,False,False,False,no fixed-sequence candidate satisfies conditional scene-risk UCB
E,SODA-A,rotated_retinanet_psc,source_supervised_leave_geometry,angle_error_gt_15deg,absolute_0.0025,absolute,0.002932,0.002932,0.002500,False,False,,0.000000,,,,,0.000000,0.000000,0,1858,4076,False,False,False,False,no fixed-sequence candidate satisfies conditional scene-risk UCB
E,SODA-A,rotated_retinanet_psc,source_supervised_leave_geometry,angle_error_gt_15deg,absolute_0.005,absolute,0.002932,0.002932,0.005000,True,True,,0.000000,,,,,0.000000,0.000000,0,1858,4076,False,False,False,False,no fixed-sequence candidate satisfies conditional scene-risk UCB
E,SODA-A,rotated_retinanet_psc,source_supervised_leave_geometry,angle_error_gt_15deg,absolute_0.01,absolute,0.002932,0.002932,0.010000,True,True,,0.000000,,,,,0.000000,0.000000,0,1858,4076,False,False,False,False,no fixed-sequence candidate satisfies conditional scene-risk UCB
E,SODA-A,rotated_retinanet_psc,source_supervised_leave_geometry,angle_error_gt_15deg,relative_0.5_r_fit,relative,0.002932,0.002932,0.001466,False,False,,0.000000,,,,,0.000000,0.000000,0,1858,4076,False,False,False,False,no fixed-sequence candidate satisfies conditional scene-risk UCB
E,SODA-A,rotated_retinanet_psc,source_supervised_leave_geometry,angle_error_gt_15deg,relative_0.25_r_fit,relative,0.002932,0.002932,0.000733,False,False,,0.000000,,,,,0.000000,0.000000,0,1858,4076,False,False,False,False,no fixed-sequence candidate satisfies conditional scene-risk UCB
E,SODA-A,rotated_retinanet_psc,target_gt_nonlinear_geometry_upper_bound,angle_error_gt_15deg,absolute_0.001,absolute,0.002932,0.002932,0.001000,False,False,,0.000000,,,,,0.000000,0.000000,0,1858,4076,False,False,False,False,no fixed-sequence candidate satisfies conditional scene-risk UCB
E,SODA-A,rotated_retinanet_psc,target_gt_nonlinear_geometry_upper_bound,angle_error_gt_15deg,absolute_0.0025,absolute,0.002932,0.002932,0.002500,False,False,,0.000000,,,,,0.000000,0.000000,0,1858,4076,False,False,False,False,no fixed-sequence candidate satisfies conditional scene-risk UCB
E,SODA-A,rotated_retinanet_psc,target_gt_nonlinear_geometry_upper_bound,angle_error_gt_15deg,absolute_0.005,absolute,0.002932,0.002932,0.005000,True,True,,0.000000,,,,,0.000000,0.000000,0,1858,4076,False,False,False,False,no fixed-sequence candidate satisfies conditional scene-risk UCB
E,SODA-A,rotated_retinanet_psc,target_gt_nonlinear_geometry_upper_bound,angle_error_gt_15deg,absolute_0.01,absolute,0.002932,0.002932,0.010000,True,True,,0.000000,,,,,0.000000,0.000000,0,1858,4076,False,False,False,False,no fixed-sequence candidate satisfies conditional scene-risk UCB
E,SODA-A,rotated_retinanet_psc,target_gt_nonlinear_geometry_upper_bound,angle_error_gt_15deg,relative_0.5_r_fit,relative,0.002932,0.002932,0.001466,False,False,,0.000000,,,,,0.000000,0.000000,0,1858,4076,False,False,False,False,no fixed-sequence candidate satisfies conditional scene-risk UCB
E,SODA-A,rotated_retinanet_psc,target_gt_nonlinear_geometry_upper_bound,angle_error_gt_15deg,relative_0.25_r_fit,relative,0.002932,0.002932,0.000733,False,False,,0.000000,,,,,0.000000,0.000000,0,1858,4076,False,False,False,False,no fixed-sequence candidate satisfies conditional scene-risk UCB
F,SODA-A,oriented_rcnn,detection_score,geometry_normalized_severe,absolute_0.001,absolute,0.003627,0.003627,0.001000,False,False,,0.000000,,,,,0.000000,0.000000,0,1886,4120,False,False,False,False,no fixed-sequence candidate satisfies conditional scene-risk UCB
F,SODA-A,oriented_rcnn,detection_score,geometry_normalized_severe,absolute_0.0025,absolute,0.003627,0.003627,0.002500,False,False,,0.000000,,,,,0.000000,0.000000,0,1886,4120,False,False,False,False,no fixed-sequence candidate satisfies conditional scene-risk UCB
F,SODA-A,oriented_rcnn,detection_score,geometry_normalized_severe,absolute_0.005,absolute,0.003627,0.003627,0.005000,True,True,,0.000000,,,,,0.000000,0.000000,0,1886,4120,False,False,False,False,no fixed-sequence candidate satisfies conditional scene-risk UCB
F,SODA-A,oriented_rcnn,detection_score,geometry_normalized_severe,absolute_0.01,absolute,0.003627,0.003627,0.010000,True,True,,0.000000,,,,,0.000000,0.000000,0,1886,4120,False,False,False,False,no fixed-sequence candidate satisfies conditional scene-risk UCB
F,SODA-A,oriented_rcnn,detection_score,geometry_normalized_severe,relative_0.5_r_fit,relative,0.003627,0.003627,0.001813,False,False,,0.000000,,,,,0.000000,0.000000,0,1886,4120,False,False,False,False,no fixed-sequence candidate satisfies conditional scene-risk UCB
F,SODA-A,oriented_rcnn,detection_score,geometry_normalized_severe,relative_0.25_r_fit,relative,0.003627,0.003627,0.000907,False,False,,0.000000,,,,,0.000000,0.000000,0,1886,4120,False,False,False,False,no fixed-sequence candidate satisfies conditional scene-risk UCB
F,SODA-A,oriented_rcnn,tta_circular_consistency,geometry_normalized_severe,absolute_0.001,absolute,0.003627,0.003627,0.001000,False,False,,0.000000,,,,,0.000000,0.000000,0,1886,4120,False,False,False,False,no fixed-sequence candidate satisfies conditional scene-risk UCB
F,SODA-A,oriented_rcnn,tta_circular_consistency,geometry_normalized_severe,absolute_0.0025,absolute,0.003627,0.003627,0.002500,False,False,,0.000000,,,,,0.000000,0.000000,0,1886,4120,False,False,False,False,no fixed-sequence candidate satisfies conditional scene-risk UCB
F,SODA-A,oriented_rcnn,tta_circular_consistency,geometry_normalized_severe,absolute_0.005,absolute,0.003627,0.003627,0.005000,True,True,,0.000000,,,,,0.000000,0.000000,0,1886,4120,False,False,False,False,no fixed-sequence candidate satisfies conditional scene-risk UCB
F,SODA-A,oriented_rcnn,tta_circular_consistency,geometry_normalized_severe,absolute_0.01,absolute,0.003627,0.003627,0.010000,True,True,-1.999513,1.000000,0.009106,0.004833,0.006244,0.008967,1.000000,1.000000,120925,1886,4120,True,True,False,False,formal but alpha is trivial relative to D_fit base risk
F,SODA-A,oriented_rcnn,tta_circular_consistency,geometry_normalized_severe,relative_0.5_r_fit,relative,0.003627,0.003627,0.001813,False,False,,0.000000,,,,,0.000000,0.000000,0,1886,4120,False,False,False,False,no fixed-sequence candidate satisfies conditional scene-risk UCB
F,SODA-A,oriented_rcnn,tta_circular_consistency,geometry_normalized_severe,relative_0.25_r_fit,relative,0.003627,0.003627,0.000907,False,False,,0.000000,,,,,0.000000,0.000000,0,1886,4120,False,False,False,False,no fixed-sequence candidate satisfies conditional scene-risk UCB
F,SODA-A,oriented_rcnn,source_supervised_leave_geometry,geometry_normalized_severe,absolute_0.001,absolute,0.003627,0.003627,0.001000,False,False,,0.000000,,,,,0.000000,0.000000,0,1886,4120,False,False,False,False,no fixed-sequence candidate satisfies conditional scene-risk UCB
F,SODA-A,oriented_rcnn,source_supervised_leave_geometry,geometry_normalized_severe,absolute_0.0025,absolute,0.003627,0.003627,0.002500,False,False,,0.000000,,,,,0.000000,0.000000,0,1886,4120,False,False,False,False,no fixed-sequence candidate satisfies conditional scene-risk UCB
F,SODA-A,oriented_rcnn,source_supervised_leave_geometry,geometry_normalized_severe,absolute_0.005,absolute,0.003627,0.003627,0.005000,True,True,,0.000000,,,,,0.000000,0.000000,0,1886,4120,False,False,False,False,no fixed-sequence candidate satisfies conditional scene-risk UCB
F,SODA-A,oriented_rcnn,source_supervised_leave_geometry,geometry_normalized_severe,absolute_0.01,absolute,0.003627,0.003627,0.010000,True,True,,0.000000,,,,,0.000000,0.000000,0,1886,4120,False,False,False,False,no fixed-sequence candidate satisfies conditional scene-risk UCB
F,SODA-A,oriented_rcnn,source_supervised_leave_geometry,geometry_normalized_severe,relative_0.5_r_fit,relative,0.003627,0.003627,0.001813,False,False,,0.000000,,,,,0.000000,0.000000,0,1886,4120,False,False,False,False,no fixed-sequence candidate satisfies conditional scene-risk UCB
F,SODA-A,oriented_rcnn,source_supervised_leave_geometry,geometry_normalized_severe,relative_0.25_r_fit,relative,0.003627,0.003627,0.000907,False,False,,0.000000,,,,,0.000000,0.000000,0,1886,4120,False,False,False,False,no fixed-sequence candidate satisfies conditional scene-risk UCB
F,SODA-A,oriented_rcnn,target_gt_nonlinear_geometry_upper_bound,geometry_normalized_severe,absolute_0.001,absolute,0.003627,0.003627,0.001000,False,False,,0.000000,,,,,0.000000,0.000000,0,1886,4120,False,False,False,False,no fixed-sequence candidate satisfies conditional scene-risk UCB
F,SODA-A,oriented_rcnn,target_gt_nonlinear_geometry_upper_bound,geometry_normalized_severe,absolute_0.0025,absolute,0.003627,0.003627,0.002500,False,False,,0.000000,,,,,0.000000,0.000000,0,1886,4120,False,False,False,False,no fixed-sequence candidate satisfies conditional scene-risk UCB
F,SODA-A,oriented_rcnn,target_gt_nonlinear_geometry_upper_bound,geometry_normalized_severe,absolute_0.005,absolute,0.003627,0.003627,0.005000,True,True,,0.000000,,,,,0.000000,0.000000,0,1886,4120,False,False,False,False,no fixed-sequence candidate satisfies conditional scene-risk UCB
F,SODA-A,oriented_rcnn,target_gt_nonlinear_geometry_upper_bound,geometry_normalized_severe,absolute_0.01,absolute,0.003627,0.003627,0.010000,True,True,,0.000000,,,,,0.000000,0.000000,0,1886,4120,False,False,False,False,no fixed-sequence candidate satisfies conditional scene-risk UCB
F,SODA-A,oriented_rcnn,target_gt_nonlinear_geometry_upper_bound,geometry_normalized_severe,relative_0.5_r_fit,relative,0.003627,0.003627,0.001813,False,False,,0.000000,,,,,0.000000,0.000000,0,1886,4120,False,False,False,False,no fixed-sequence candidate satisfies conditional scene-risk UCB
F,SODA-A,oriented_rcnn,target_gt_nonlinear_geometry_upper_bound,geometry_normalized_severe,relative_0.25_r_fit,relative,0.003627,0.003627,0.000907,False,False,,0.000000,,,,,0.000000,0.000000,0,1886,4120,False,False,False,False,no fixed-sequence candidate satisfies conditional scene-risk UCB
F,SODA-A,oriented_rcnn,detection_score,angle_error_gt_5deg,absolute_0.001,absolute,0.101299,0.101299,0.001000,False,False,,0.000000,,,,,0.000000,0.000000,0,1886,4120,False,False,False,False,no fixed-sequence candidate satisfies conditional scene-risk UCB
F,SODA-A,oriented_rcnn,detection_score,angle_error_gt_5deg,absolute_0.0025,absolute,0.101299,0.101299,0.002500,False,False,,0.000000,,,,,0.000000,0.000000,0,1886,4120,False,False,False,False,no fixed-sequence candidate satisfies conditional scene-risk UCB
F,SODA-A,oriented_rcnn,detection_score,angle_error_gt_5deg,absolute_0.005,absolute,0.101299,0.101299,0.005000,False,False,,0.000000,,,,,0.000000,0.000000,0,1886,4120,False,False,False,False,no fixed-sequence candidate satisfies conditional scene-risk UCB
F,SODA-A,oriented_rcnn,detection_score,angle_error_gt_5deg,absolute_0.01,absolute,0.101299,0.101299,0.010000,False,False,,0.000000,,,,,0.000000,0.000000,0,1886,4120,False,False,False,False,no fixed-sequence candidate satisfies conditional scene-risk UCB
F,SODA-A,oriented_rcnn,detection_score,angle_error_gt_5deg,relative_0.5_r_fit,relative,0.101299,0.101299,0.050650,False,False,,0.000000,,,,,0.000000,0.000000,0,1886,4120,False,False,False,False,no fixed-sequence candidate satisfies conditional scene-risk UCB
F,SODA-A,oriented_rcnn,detection_score,angle_error_gt_5deg,relative_0.25_r_fit,relative,0.101299,0.101299,0.025325,False,False,,0.000000,,,,,0.000000,0.000000,0,1886,4120,False,False,False,False,no fixed-sequence candidate satisfies conditional scene-risk UCB
F,SODA-A,oriented_rcnn,tta_circular_consistency,angle_error_gt_5deg,absolute_0.001,absolute,0.101299,0.101299,0.001000,False,False,,0.000000,,,,,0.000000,0.000000,0,1886,4120,False,False,False,False,no fixed-sequence candidate satisfies conditional scene-risk UCB
F,SODA-A,oriented_rcnn,tta_circular_consistency,angle_error_gt_5deg,absolute_0.0025,absolute,0.101299,0.101299,0.002500,False,False,,0.000000,,,,,0.000000,0.000000,0,1886,4120,False,False,False,False,no fixed-sequence candidate satisfies conditional scene-risk UCB
F,SODA-A,oriented_rcnn,tta_circular_consistency,angle_error_gt_5deg,absolute_0.005,absolute,0.101299,0.101299,0.005000,False,False,,0.000000,,,,,0.000000,0.000000,0,1886,4120,False,False,False,False,no fixed-sequence candidate satisfies conditional scene-risk UCB
F,SODA-A,oriented_rcnn,tta_circular_consistency,angle_error_gt_5deg,absolute_0.01,absolute,0.101299,0.101299,0.010000,False,False,,0.000000,,,,,0.000000,0.000000,0,1886,4120,False,False,False,False,no fixed-sequence candidate satisfies conditional scene-risk UCB
F,SODA-A,oriented_rcnn,tta_circular_consistency,angle_error_gt_5deg,relative_0.5_r_fit,relative,0.101299,0.101299,0.050650,False,False,,0.000000,,,,,0.000000,0.000000,0,1886,4120,False,False,False,False,no fixed-sequence candidate satisfies conditional scene-risk UCB
F,SODA-A,oriented_rcnn,tta_circular_consistency,angle_error_gt_5deg,relative_0.25_r_fit,relative,0.101299,0.101299,0.025325,False,False,,0.000000,,,,,0.000000,0.000000,0,1886,4120,False,False,False,False,no fixed-sequence candidate satisfies conditional scene-risk UCB
F,SODA-A,oriented_rcnn,source_supervised_leave_geometry,angle_error_gt_5deg,absolute_0.001,absolute,0.101299,0.101299,0.001000,False,False,,0.000000,,,,,0.000000,0.000000,0,1886,4120,False,False,False,False,no fixed-sequence candidate satisfies conditional scene-risk UCB
F,SODA-A,oriented_rcnn,source_supervised_leave_geometry,angle_error_gt_5deg,absolute_0.0025,absolute,0.101299,0.101299,0.002500,False,False,,0.000000,,,,,0.000000,0.000000,0,1886,4120,False,False,False,False,no fixed-sequence candidate satisfies conditional scene-risk UCB
F,SODA-A,oriented_rcnn,source_supervised_leave_geometry,angle_error_gt_5deg,absolute_0.005,absolute,0.101299,0.101299,0.005000,False,False,,0.000000,,,,,0.000000,0.000000,0,1886,4120,False,False,False,False,no fixed-sequence candidate satisfies conditional scene-risk UCB
F,SODA-A,oriented_rcnn,source_supervised_leave_geometry,angle_error_gt_5deg,absolute_0.01,absolute,0.101299,0.101299,0.010000,False,False,,0.000000,,,,,0.000000,0.000000,0,1886,4120,False,False,False,False,no fixed-sequence candidate satisfies conditional scene-risk UCB
F,SODA-A,oriented_rcnn,source_supervised_leave_geometry,angle_error_gt_5deg,relative_0.5_r_fit,relative,0.101299,0.101299,0.050650,False,False,-1.300961,0.025000,0.011447,0.000000,0.008433,0.022044,0.099757,0.030043,3633,1886,4120,True,True,True,False,certified
F,SODA-A,oriented_rcnn,source_supervised_leave_geometry,angle_error_gt_5deg,relative_0.25_r_fit,relative,0.101299,0.101299,0.025325,False,False,-1.300961,0.025000,0.011447,0.000000,0.008433,0.022044,0.099757,0.030043,3633,1886,4120,True,True,True,False,certified
F,SODA-A,oriented_rcnn,target_gt_nonlinear_geometry_upper_bound,angle_error_gt_5deg,absolute_0.001,absolute,0.101299,0.101299,0.001000,False,False,,0.000000,,,,,0.000000,0.000000,0,1886,4120,False,False,False,False,no fixed-sequence candidate satisfies conditional scene-risk UCB
F,SODA-A,oriented_rcnn,target_gt_nonlinear_geometry_upper_bound,angle_error_gt_5deg,absolute_0.0025,absolute,0.101299,0.101299,0.002500,False,False,,0.000000,,,,,0.000000,0.000000,0,1886,4120,False,False,False,False,no fixed-sequence candidate satisfies conditional scene-risk UCB
F,SODA-A,oriented_rcnn,target_gt_nonlinear_geometry_upper_bound,angle_error_gt_5deg,absolute_0.005,absolute,0.101299,0.101299,0.005000,False,False,,0.000000,,,,,0.000000,0.000000,0,1886,4120,False,False,False,False,no fixed-sequence candidate satisfies conditional scene-risk UCB
F,SODA-A,oriented_rcnn,target_gt_nonlinear_geometry_upper_bound,angle_error_gt_5deg,absolute_0.01,absolute,0.101299,0.101299,0.010000,False,False,,0.000000,,,,,0.000000,0.000000,0,1886,4120,False,False,False,False,no fixed-sequence candidate satisfies conditional scene-risk UCB
F,SODA-A,oriented_rcnn,target_gt_nonlinear_geometry_upper_bound,angle_error_gt_5deg,relative_0.5_r_fit,relative,0.101299,0.101299,0.050650,False,False,-1.025666,0.100000,0.009192,0.000024,0.002166,0.009526,0.133738,0.094645,11445,1886,4120,True,True,True,False,certified
F,SODA-A,oriented_rcnn,target_gt_nonlinear_geometry_upper_bound,angle_error_gt_5deg,relative_0.25_r_fit,relative,0.101299,0.101299,0.025325,False,False,,0.000000,,,,,0.000000,0.000000,0,1886,4120,False,False,False,False,no fixed-sequence candidate satisfies conditional scene-risk UCB
F,SODA-A,oriented_rcnn,detection_score,angle_error_gt_10deg,absolute_0.001,absolute,0.013052,0.013052,0.001000,False,False,,0.000000,,,,,0.000000,0.000000,0,1886,4120,False,False,False,False,no fixed-sequence candidate satisfies conditional scene-risk UCB
F,SODA-A,oriented_rcnn,detection_score,angle_error_gt_10deg,absolute_0.0025,absolute,0.013052,0.013052,0.002500,False,False,,0.000000,,,,,0.000000,0.000000,0,1886,4120,False,False,False,False,no fixed-sequence candidate satisfies conditional scene-risk UCB
F,SODA-A,oriented_rcnn,detection_score,angle_error_gt_10deg,absolute_0.005,absolute,0.013052,0.013052,0.005000,False,False,,0.000000,,,,,0.000000,0.000000,0,1886,4120,False,False,False,False,no fixed-sequence candidate satisfies conditional scene-risk UCB
F,SODA-A,oriented_rcnn,detection_score,angle_error_gt_10deg,absolute_0.01,absolute,0.013052,0.013052,0.010000,False,False,,0.000000,,,,,0.000000,0.000000,0,1886,4120,False,False,False,False,no fixed-sequence candidate satisfies conditional scene-risk UCB
F,SODA-A,oriented_rcnn,detection_score,angle_error_gt_10deg,relative_0.5_r_fit,relative,0.013052,0.013052,0.006526,False,False,,0.000000,,,,,0.000000,0.000000,0,1886,4120,False,False,False,False,no fixed-sequence candidate satisfies conditional scene-risk UCB
F,SODA-A,oriented_rcnn,detection_score,angle_error_gt_10deg,relative_0.25_r_fit,relative,0.013052,0.013052,0.003263,False,False,,0.000000,,,,,0.000000,0.000000,0,1886,4120,False,False,False,False,no fixed-sequence candidate satisfies conditional scene-risk UCB
F,SODA-A,oriented_rcnn,tta_circular_consistency,angle_error_gt_10deg,absolute_0.001,absolute,0.013052,0.013052,0.001000,False,False,,0.000000,,,,,0.000000,0.000000,0,1886,4120,False,False,False,False,no fixed-sequence candidate satisfies conditional scene-risk UCB
F,SODA-A,oriented_rcnn,tta_circular_consistency,angle_error_gt_10deg,absolute_0.0025,absolute,0.013052,0.013052,0.002500,False,False,,0.000000,,,,,0.000000,0.000000,0,1886,4120,False,False,False,False,no fixed-sequence candidate satisfies conditional scene-risk UCB
F,SODA-A,oriented_rcnn,tta_circular_consistency,angle_error_gt_10deg,absolute_0.005,absolute,0.013052,0.013052,0.005000,False,False,,0.000000,,,,,0.000000,0.000000,0,1886,4120,False,False,False,False,no fixed-sequence candidate satisfies conditional scene-risk UCB
F,SODA-A,oriented_rcnn,tta_circular_consistency,angle_error_gt_10deg,absolute_0.01,absolute,0.013052,0.013052,0.010000,False,False,-0.000002,0.010000,0.008190,0.000000,0.007692,0.016895,0.157767,0.009543,1154,1886,4120,True,True,True,False,certified
F,SODA-A,oriented_rcnn,tta_circular_consistency,angle_error_gt_10deg,relative_0.5_r_fit,relative,0.013052,0.013052,0.006526,False,False,,0.000000,,,,,0.000000,0.000000,0,1886,4120,False,False,False,False,no fixed-sequence candidate satisfies conditional scene-risk UCB
F,SODA-A,oriented_rcnn,tta_circular_consistency,angle_error_gt_10deg,relative_0.25_r_fit,relative,0.013052,0.013052,0.003263,False,False,,0.000000,,,,,0.000000,0.000000,0,1886,4120,False,False,False,False,no fixed-sequence candidate satisfies conditional scene-risk UCB
F,SODA-A,oriented_rcnn,source_supervised_leave_geometry,angle_error_gt_10deg,absolute_0.001,absolute,0.013052,0.013052,0.001000,False,False,,0.000000,,,,,0.000000,0.000000,0,1886,4120,False,False,False,False,no fixed-sequence candidate satisfies conditional scene-risk UCB
F,SODA-A,oriented_rcnn,source_supervised_leave_geometry,angle_error_gt_10deg,absolute_0.0025,absolute,0.013052,0.013052,0.002500,False,False,,0.000000,,,,,0.000000,0.000000,0,1886,4120,False,False,False,False,no fixed-sequence candidate satisfies conditional scene-risk UCB
F,SODA-A,oriented_rcnn,source_supervised_leave_geometry,angle_error_gt_10deg,absolute_0.005,absolute,0.013052,0.013052,0.005000,False,False,,0.000000,,,,,0.000000,0.000000,0,1886,4120,False,False,False,False,no fixed-sequence candidate satisfies conditional scene-risk UCB
F,SODA-A,oriented_rcnn,source_supervised_leave_geometry,angle_error_gt_10deg,absolute_0.01,absolute,0.013052,0.013052,0.010000,False,False,,0.000000,,,,,0.000000,0.000000,0,1886,4120,False,False,False,False,no fixed-sequence candidate satisfies conditional scene-risk UCB
F,SODA-A,oriented_rcnn,source_supervised_leave_geometry,angle_error_gt_10deg,relative_0.5_r_fit,relative,0.013052,0.013052,0.006526,False,False,,0.000000,,,,,0.000000,0.000000,0,1886,4120,False,False,False,False,no fixed-sequence candidate satisfies conditional scene-risk UCB
F,SODA-A,oriented_rcnn,source_supervised_leave_geometry,angle_error_gt_10deg,relative_0.25_r_fit,relative,0.013052,0.013052,0.003263,False,False,,0.000000,,,,,0.000000,0.000000,0,1886,4120,False,False,False,False,no fixed-sequence candidate satisfies conditional scene-risk UCB
F,SODA-A,oriented_rcnn,target_gt_nonlinear_geometry_upper_bound,angle_error_gt_10deg,absolute_0.001,absolute,0.013052,0.013052,0.001000,False,False,,0.000000,,,,,0.000000,0.000000,0,1886,4120,False,False,False,False,no fixed-sequence candidate satisfies conditional scene-risk UCB
F,SODA-A,oriented_rcnn,target_gt_nonlinear_geometry_upper_bound,angle_error_gt_10deg,absolute_0.0025,absolute,0.013052,0.013052,0.002500,False,False,,0.000000,,,,,0.000000,0.000000,0,1886,4120,False,False,False,False,no fixed-sequence candidate satisfies conditional scene-risk UCB
F,SODA-A,oriented_rcnn,target_gt_nonlinear_geometry_upper_bound,angle_error_gt_10deg,absolute_0.005,absolute,0.013052,0.013052,0.005000,False,False,,0.000000,,,,,0.000000,0.000000,0,1886,4120,False,False,False,False,no fixed-sequence candidate satisfies conditional scene-risk UCB
F,SODA-A,oriented_rcnn,target_gt_nonlinear_geometry_upper_bound,angle_error_gt_10deg,absolute_0.01,absolute,0.013052,0.013052,0.010000,False,False,,0.000000,,,,,0.000000,0.000000,0,1886,4120,False,False,False,False,no fixed-sequence candidate satisfies conditional scene-risk UCB
F,SODA-A,oriented_rcnn,target_gt_nonlinear_geometry_upper_bound,angle_error_gt_10deg,relative_0.5_r_fit,relative,0.013052,0.013052,0.006526,False,False,,0.000000,,,,,0.000000,0.000000,0,1886,4120,False,False,False,False,no fixed-sequence candidate satisfies conditional scene-risk UCB
F,SODA-A,oriented_rcnn,target_gt_nonlinear_geometry_upper_bound,angle_error_gt_10deg,relative_0.25_r_fit,relative,0.013052,0.013052,0.003263,False,False,,0.000000,,,,,0.000000,0.000000,0,1886,4120,False,False,False,False,no fixed-sequence candidate satisfies conditional scene-risk UCB
F,SODA-A,oriented_rcnn,detection_score,angle_error_gt_15deg,absolute_0.001,absolute,0.002382,0.002382,0.001000,False,False,,0.000000,,,,,0.000000,0.000000,0,1886,4120,False,False,False,False,no fixed-sequence candidate satisfies conditional scene-risk UCB
F,SODA-A,oriented_rcnn,detection_score,angle_error_gt_15deg,absolute_0.0025,absolute,0.002382,0.002382,0.002500,True,True,,0.000000,,,,,0.000000,0.000000,0,1886,4120,False,False,False,False,no fixed-sequence candidate satisfies conditional scene-risk UCB
F,SODA-A,oriented_rcnn,detection_score,angle_error_gt_15deg,absolute_0.005,absolute,0.002382,0.002382,0.005000,True,True,,0.000000,,,,,0.000000,0.000000,0,1886,4120,False,False,False,False,no fixed-sequence candidate satisfies conditional scene-risk UCB
F,SODA-A,oriented_rcnn,detection_score,angle_error_gt_15deg,absolute_0.01,absolute,0.002382,0.002382,0.010000,True,True,,0.000000,,,,,0.000000,0.000000,0,1886,4120,False,False,False,False,no fixed-sequence candidate satisfies conditional scene-risk UCB
F,SODA-A,oriented_rcnn,detection_score,angle_error_gt_15deg,relative_0.5_r_fit,relative,0.002382,0.002382,0.001191,False,False,,0.000000,,,,,0.000000,0.000000,0,1886,4120,False,False,False,False,no fixed-sequence candidate satisfies conditional scene-risk UCB
F,SODA-A,oriented_rcnn,detection_score,angle_error_gt_15deg,relative_0.25_r_fit,relative,0.002382,0.002382,0.000596,False,False,,0.000000,,,,,0.000000,0.000000,0,1886,4120,False,False,False,False,no fixed-sequence candidate satisfies conditional scene-risk UCB
F,SODA-A,oriented_rcnn,tta_circular_consistency,angle_error_gt_15deg,absolute_0.001,absolute,0.002382,0.002382,0.001000,False,False,,0.000000,,,,,0.000000,0.000000,0,1886,4120,False,False,False,False,no fixed-sequence candidate satisfies conditional scene-risk UCB
F,SODA-A,oriented_rcnn,tta_circular_consistency,angle_error_gt_15deg,absolute_0.0025,absolute,0.002382,0.002382,0.002500,True,True,,0.000000,,,,,0.000000,0.000000,0,1886,4120,False,False,False,False,no fixed-sequence candidate satisfies conditional scene-risk UCB
F,SODA-A,oriented_rcnn,tta_circular_consistency,angle_error_gt_15deg,absolute_0.005,absolute,0.002382,0.002382,0.005000,True,True,,0.000000,,,,,0.000000,0.000000,0,1886,4120,False,False,False,False,no fixed-sequence candidate satisfies conditional scene-risk UCB
F,SODA-A,oriented_rcnn,tta_circular_consistency,angle_error_gt_15deg,absolute_0.01,absolute,0.002382,0.002382,0.010000,True,True,-1.999513,1.000000,0.006320,0.002832,0.004268,0.006664,1.000000,1.000000,120925,1886,4120,True,True,False,False,formal but alpha is trivial relative to D_fit base risk
F,SODA-A,oriented_rcnn,tta_circular_consistency,angle_error_gt_15deg,relative_0.5_r_fit,relative,0.002382,0.002382,0.001191,False,False,,0.000000,,,,,0.000000,0.000000,0,1886,4120,False,False,False,False,no fixed-sequence candidate satisfies conditional scene-risk UCB
F,SODA-A,oriented_rcnn,tta_circular_consistency,angle_error_gt_15deg,relative_0.25_r_fit,relative,0.002382,0.002382,0.000596,False,False,,0.000000,,,,,0.000000,0.000000,0,1886,4120,False,False,False,False,no fixed-sequence candidate satisfies conditional scene-risk UCB
F,SODA-A,oriented_rcnn,source_supervised_leave_geometry,angle_error_gt_15deg,absolute_0.001,absolute,0.002382,0.002382,0.001000,False,False,,0.000000,,,,,0.000000,0.000000,0,1886,4120,False,False,False,False,no fixed-sequence candidate satisfies conditional scene-risk UCB
F,SODA-A,oriented_rcnn,source_supervised_leave_geometry,angle_error_gt_15deg,absolute_0.0025,absolute,0.002382,0.002382,0.002500,True,True,,0.000000,,,,,0.000000,0.000000,0,1886,4120,False,False,False,False,no fixed-sequence candidate satisfies conditional scene-risk UCB
F,SODA-A,oriented_rcnn,source_supervised_leave_geometry,angle_error_gt_15deg,absolute_0.005,absolute,0.002382,0.002382,0.005000,True,True,,0.000000,,,,,0.000000,0.000000,0,1886,4120,False,False,False,False,no fixed-sequence candidate satisfies conditional scene-risk UCB
F,SODA-A,oriented_rcnn,source_supervised_leave_geometry,angle_error_gt_15deg,absolute_0.01,absolute,0.002382,0.002382,0.010000,True,True,,0.000000,,,,,0.000000,0.000000,0,1886,4120,False,False,False,False,no fixed-sequence candidate satisfies conditional scene-risk UCB
F,SODA-A,oriented_rcnn,source_supervised_leave_geometry,angle_error_gt_15deg,relative_0.5_r_fit,relative,0.002382,0.002382,0.001191,False,False,,0.000000,,,,,0.000000,0.000000,0,1886,4120,False,False,False,False,no fixed-sequence candidate satisfies conditional scene-risk UCB
F,SODA-A,oriented_rcnn,source_supervised_leave_geometry,angle_error_gt_15deg,relative_0.25_r_fit,relative,0.002382,0.002382,0.000596,False,False,,0.000000,,,,,0.000000,0.000000,0,1886,4120,False,False,False,False,no fixed-sequence candidate satisfies conditional scene-risk UCB
F,SODA-A,oriented_rcnn,target_gt_nonlinear_geometry_upper_bound,angle_error_gt_15deg,absolute_0.001,absolute,0.002382,0.002382,0.001000,False,False,,0.000000,,,,,0.000000,0.000000,0,1886,4120,False,False,False,False,no fixed-sequence candidate satisfies conditional scene-risk UCB
F,SODA-A,oriented_rcnn,target_gt_nonlinear_geometry_upper_bound,angle_error_gt_15deg,absolute_0.0025,absolute,0.002382,0.002382,0.002500,True,True,,0.000000,,,,,0.000000,0.000000,0,1886,4120,False,False,False,False,no fixed-sequence candidate satisfies conditional scene-risk UCB
F,SODA-A,oriented_rcnn,target_gt_nonlinear_geometry_upper_bound,angle_error_gt_15deg,absolute_0.005,absolute,0.002382,0.002382,0.005000,True,True,,0.000000,,,,,0.000000,0.000000,0,1886,4120,False,False,False,False,no fixed-sequence candidate satisfies conditional scene-risk UCB
F,SODA-A,oriented_rcnn,target_gt_nonlinear_geometry_upper_bound,angle_error_gt_15deg,absolute_0.01,absolute,0.002382,0.002382,0.010000,True,True,,0.000000,,,,,0.000000,0.000000,0,1886,4120,False,False,False,False,no fixed-sequence candidate satisfies conditional scene-risk UCB
F,SODA-A,oriented_rcnn,target_gt_nonlinear_geometry_upper_bound,angle_error_gt_15deg,relative_0.5_r_fit,relative,0.002382,0.002382,0.001191,False,False,,0.000000,,,,,0.000000,0.000000,0,1886,4120,False,False,False,False,no fixed-sequence candidate satisfies conditional scene-risk UCB
F,SODA-A,oriented_rcnn,target_gt_nonlinear_geometry_upper_bound,angle_error_gt_15deg,relative_0.25_r_fit,relative,0.002382,0.002382,0.000596,False,False,,0.000000,,,,,0.000000,0.000000,0,1886,4120,False,False,False,False,no fixed-sequence candidate satisfies conditional scene-risk UCB
