evaluation_unit,dataset,detector,risk_endpoint,alpha_label,alpha_type,alpha,oracle_definition,fit_threshold,calibration_fixed_sequence,first_primary_failure_coverage,oracle_primary_feasible,oracle_chosen_coverage,oracle_calibration_risk,oracle_calibration_ucb,oracle_audit_risk,oracle_audit_nonempty_rate,oracle_audit_instance_coverage,oracle_audit_selected_count,first_event_failure_coverage,oracle_scene_event_feasible,oracle_scene_event_chosen_coverage,oracle_scene_event_calibration_ucb,audit_used_for_selection,score_row_reference,identity_key
A,DIOR-R,rotated_retinanet_psc,geometry_normalized_severe,absolute_0.001,absolute,0.001000,larger_is_better_true_endpoint_with_persistent_row_tie_break,,0.01:HB=F:CP=F;0.025:HB=F:CP=F;0.05:HB=F:CP=F;0.1:HB=F:CP=F;0.2:HB=F:CP=F;0.3:HB=F:CP=F;0.4:HB=F:CP=F;0.5:HB=F:CP=F;0.6:HB=F:CP=F;0.7:HB=F:CP=F;0.8:HB=F:CP=F;0.9:HB=F:CP=F;1:HB=F:CP=F,0.01,False,0.000000,,,,0.000000,0.000000,0,0.01,False,0.000000,,False,detection_score,A|detection_score|geometry_normalized_severe|absolute_0.001
A,DIOR-R,rotated_retinanet_psc,geometry_normalized_severe,absolute_0.0025,absolute,0.002500,larger_is_better_true_endpoint_with_persistent_row_tie_break,,0.01:HB=F:CP=F;0.025:HB=F:CP=F;0.05:HB=F:CP=F;0.1:HB=F:CP=F;0.2:HB=F:CP=F;0.3:HB=F:CP=F;0.4:HB=F:CP=F;0.5:HB=F:CP=F;0.6:HB=P:CP=P;0.7:HB=P:CP=P;0.8:HB=P:CP=P;0.9:HB=P:CP=P;1:HB=F:CP=F,0.01,False,0.000000,,,,0.000000,0.000000,0,0.01,False,0.000000,,False,detection_score,A|detection_score|geometry_normalized_severe|absolute_0.0025
A,DIOR-R,rotated_retinanet_psc,geometry_normalized_severe,absolute_0.005,absolute,0.005000,larger_is_better_true_endpoint_with_persistent_row_tie_break,,0.01:HB=F:CP=F;0.025:HB=F:CP=F;0.05:HB=F:CP=F;0.1:HB=F:CP=F;0.2:HB=F:CP=F;0.3:HB=P:CP=P;0.4:HB=P:CP=P;0.5:HB=P:CP=P;0.6:HB=P:CP=P;0.7:HB=P:CP=P;0.8:HB=P:CP=P;0.9:HB=P:CP=P;1:HB=F:CP=F,0.01,False,0.000000,,,,0.000000,0.000000,0,0.01,False,0.000000,,False,detection_score,A|detection_score|geometry_normalized_severe|absolute_0.005
A,DIOR-R,rotated_retinanet_psc,geometry_normalized_severe,absolute_0.01,absolute,0.010000,larger_is_better_true_endpoint_with_persistent_row_tie_break,,0.01:HB=F:CP=F;0.025:HB=F:CP=F;0.05:HB=F:CP=F;0.1:HB=F:CP=F;0.2:HB=P:CP=P;0.3:HB=P:CP=P;0.4:HB=P:CP=P;0.5:HB=P:CP=P;0.6:HB=P:CP=P;0.7:HB=P:CP=P;0.8:HB=P:CP=P;0.9:HB=P:CP=P;1:HB=F:CP=F,0.01,False,0.000000,,,,0.000000,0.000000,0,0.01,False,0.000000,,False,detection_score,A|detection_score|geometry_normalized_severe|absolute_0.01
A,DIOR-R,rotated_retinanet_psc,geometry_normalized_severe,relative_0.5_r_fit,relative,0.010003,larger_is_better_true_endpoint_with_persistent_row_tie_break,,0.01:HB=F:CP=F;0.025:HB=F:CP=F;0.05:HB=F:CP=F;0.1:HB=F:CP=F;0.2:HB=P:CP=P;0.3:HB=P:CP=P;0.4:HB=P:CP=P;0.5:HB=P:CP=P;0.6:HB=P:CP=P;0.7:HB=P:CP=P;0.8:HB=P:CP=P;0.9:HB=P:CP=P;1:HB=F:CP=F,0.01,False,0.000000,,,,0.000000,0.000000,0,0.01,False,0.000000,,False,detection_score,A|detection_score|geometry_normalized_severe|relative_0.5_r_fit
A,DIOR-R,rotated_retinanet_psc,geometry_normalized_severe,relative_0.25_r_fit,relative,0.005002,larger_is_better_true_endpoint_with_persistent_row_tie_break,,0.01:HB=F:CP=F;0.025:HB=F:CP=F;0.05:HB=F:CP=F;0.1:HB=F:CP=F;0.2:HB=F:CP=F;0.3:HB=P:CP=P;0.4:HB=P:CP=P;0.5:HB=P:CP=P;0.6:HB=P:CP=P;0.7:HB=P:CP=P;0.8:HB=P:CP=P;0.9:HB=P:CP=P;1:HB=F:CP=F,0.01,False,0.000000,,,,0.000000,0.000000,0,0.01,False,0.000000,,False,detection_score,A|detection_score|geometry_normalized_severe|relative_0.25_r_fit
A,DIOR-R,rotated_retinanet_psc,geometry_normalized_severe,absolute_0.001,absolute,0.001000,larger_is_better_true_endpoint_with_persistent_row_tie_break,,0.01:HB=F:CP=F;0.025:HB=F:CP=F;0.05:HB=F:CP=F;0.1:HB=F:CP=F;0.2:HB=F:CP=F;0.3:HB=F:CP=F;0.4:HB=F:CP=F;0.5:HB=F:CP=F;0.6:HB=F:CP=F;0.7:HB=F:CP=F;0.8:HB=F:CP=F;0.9:HB=F:CP=F;1:HB=F:CP=F,0.01,False,0.000000,,,,0.000000,0.000000,0,0.01,False,0.000000,,False,tta_circular_consistency,A|tta_circular_consistency|geometry_normalized_severe|absolute_0.001
A,DIOR-R,rotated_retinanet_psc,geometry_normalized_severe,absolute_0.0025,absolute,0.002500,larger_is_better_true_endpoint_with_persistent_row_tie_break,,0.01:HB=F:CP=F;0.025:HB=F:CP=F;0.05:HB=F:CP=F;0.1:HB=F:CP=F;0.2:HB=F:CP=F;0.3:HB=F:CP=F;0.4:HB=F:CP=F;0.5:HB=F:CP=F;0.6:HB=P:CP=P;0.7:HB=P:CP=P;0.8:HB=P:CP=P;0.9:HB=P:CP=P;1:HB=F:CP=F,0.01,False,0.000000,,,,0.000000,0.000000,0,0.01,False,0.000000,,False,tta_circular_consistency,A|tta_circular_consistency|geometry_normalized_severe|absolute_0.0025
A,DIOR-R,rotated_retinanet_psc,geometry_normalized_severe,absolute_0.005,absolute,0.005000,larger_is_better_true_endpoint_with_persistent_row_tie_break,,0.01:HB=F:CP=F;0.025:HB=F:CP=F;0.05:HB=F:CP=F;0.1:HB=F:CP=F;0.2:HB=F:CP=F;0.3:HB=P:CP=P;0.4:HB=P:CP=P;0.5:HB=P:CP=P;0.6:HB=P:CP=P;0.7:HB=P:CP=P;0.8:HB=P:CP=P;0.9:HB=P:CP=P;1:HB=F:CP=F,0.01,False,0.000000,,,,0.000000,0.000000,0,0.01,False,0.000000,,False,tta_circular_consistency,A|tta_circular_consistency|geometry_normalized_severe|absolute_0.005
A,DIOR-R,rotated_retinanet_psc,geometry_normalized_severe,absolute_0.01,absolute,0.010000,larger_is_better_true_endpoint_with_persistent_row_tie_break,,0.01:HB=F:CP=F;0.025:HB=F:CP=F;0.05:HB=F:CP=F;0.1:HB=F:CP=F;0.2:HB=P:CP=P;0.3:HB=P:CP=P;0.4:HB=P:CP=P;0.5:HB=P:CP=P;0.6:HB=P:CP=P;0.7:HB=P:CP=P;0.8:HB=P:CP=P;0.9:HB=P:CP=P;1:HB=F:CP=F,0.01,False,0.000000,,,,0.000000,0.000000,0,0.01,False,0.000000,,False,tta_circular_consistency,A|tta_circular_consistency|geometry_normalized_severe|absolute_0.01
A,DIOR-R,rotated_retinanet_psc,geometry_normalized_severe,relative_0.5_r_fit,relative,0.010003,larger_is_better_true_endpoint_with_persistent_row_tie_break,,0.01:HB=F:CP=F;0.025:HB=F:CP=F;0.05:HB=F:CP=F;0.1:HB=F:CP=F;0.2:HB=P:CP=P;0.3:HB=P:CP=P;0.4:HB=P:CP=P;0.5:HB=P:CP=P;0.6:HB=P:CP=P;0.7:HB=P:CP=P;0.8:HB=P:CP=P;0.9:HB=P:CP=P;1:HB=F:CP=F,0.01,False,0.000000,,,,0.000000,0.000000,0,0.01,False,0.000000,,False,tta_circular_consistency,A|tta_circular_consistency|geometry_normalized_severe|relative_0.5_r_fit
A,DIOR-R,rotated_retinanet_psc,geometry_normalized_severe,relative_0.25_r_fit,relative,0.005002,larger_is_better_true_endpoint_with_persistent_row_tie_break,,0.01:HB=F:CP=F;0.025:HB=F:CP=F;0.05:HB=F:CP=F;0.1:HB=F:CP=F;0.2:HB=F:CP=F;0.3:HB=P:CP=P;0.4:HB=P:CP=P;0.5:HB=P:CP=P;0.6:HB=P:CP=P;0.7:HB=P:CP=P;0.8:HB=P:CP=P;0.9:HB=P:CP=P;1:HB=F:CP=F,0.01,False,0.000000,,,,0.000000,0.000000,0,0.01,False,0.000000,,False,tta_circular_consistency,A|tta_circular_consistency|geometry_normalized_severe|relative_0.25_r_fit
A,DIOR-R,rotated_retinanet_psc,geometry_normalized_severe,absolute_0.001,absolute,0.001000,larger_is_better_true_endpoint_with_persistent_row_tie_break,,0.01:HB=F:CP=F;0.025:HB=F:CP=F;0.05:HB=F:CP=F;0.1:HB=F:CP=F;0.2:HB=F:CP=F;0.3:HB=F:CP=F;0.4:HB=F:CP=F;0.5:HB=F:CP=F;0.6:HB=F:CP=F;0.7:HB=F:CP=F;0.8:HB=F:CP=F;0.9:HB=F:CP=F;1:HB=F:CP=F,0.01,False,0.000000,,,,0.000000,0.000000,0,0.01,False,0.000000,,False,source_supervised_leave_geometry,A|source_supervised_leave_geometry|geometry_normalized_severe|absolute_0.001
A,DIOR-R,rotated_retinanet_psc,geometry_normalized_severe,absolute_0.0025,absolute,0.002500,larger_is_better_true_endpoint_with_persistent_row_tie_break,,0.01:HB=F:CP=F;0.025:HB=F:CP=F;0.05:HB=F:CP=F;0.1:HB=F:CP=F;0.2:HB=F:CP=F;0.3:HB=F:CP=F;0.4:HB=F:CP=F;0.5:HB=F:CP=F;0.6:HB=P:CP=P;0.7:HB=P:CP=P;0.8:HB=P:CP=P;0.9:HB=P:CP=P;1:HB=F:CP=F,0.01,False,0.000000,,,,0.000000,0.000000,0,0.01,False,0.000000,,False,source_supervised_leave_geometry,A|source_supervised_leave_geometry|geometry_normalized_severe|absolute_0.0025
A,DIOR-R,rotated_retinanet_psc,geometry_normalized_severe,absolute_0.005,absolute,0.005000,larger_is_better_true_endpoint_with_persistent_row_tie_break,,0.01:HB=F:CP=F;0.025:HB=F:CP=F;0.05:HB=F:CP=F;0.1:HB=F:CP=F;0.2:HB=F:CP=F;0.3:HB=P:CP=P;0.4:HB=P:CP=P;0.5:HB=P:CP=P;0.6:HB=P:CP=P;0.7:HB=P:CP=P;0.8:HB=P:CP=P;0.9:HB=P:CP=P;1:HB=F:CP=F,0.01,False,0.000000,,,,0.000000,0.000000,0,0.01,False,0.000000,,False,source_supervised_leave_geometry,A|source_supervised_leave_geometry|geometry_normalized_severe|absolute_0.005
A,DIOR-R,rotated_retinanet_psc,geometry_normalized_severe,absolute_0.01,absolute,0.010000,larger_is_better_true_endpoint_with_persistent_row_tie_break,,0.01:HB=F:CP=F;0.025:HB=F:CP=F;0.05:HB=F:CP=F;0.1:HB=F:CP=F;0.2:HB=P:CP=P;0.3:HB=P:CP=P;0.4:HB=P:CP=P;0.5:HB=P:CP=P;0.6:HB=P:CP=P;0.7:HB=P:CP=P;0.8:HB=P:CP=P;0.9:HB=P:CP=P;1:HB=F:CP=F,0.01,False,0.000000,,,,0.000000,0.000000,0,0.01,False,0.000000,,False,source_supervised_leave_geometry,A|source_supervised_leave_geometry|geometry_normalized_severe|absolute_0.01
A,DIOR-R,rotated_retinanet_psc,geometry_normalized_severe,relative_0.5_r_fit,relative,0.010003,larger_is_better_true_endpoint_with_persistent_row_tie_break,,0.01:HB=F:CP=F;0.025:HB=F:CP=F;0.05:HB=F:CP=F;0.1:HB=F:CP=F;0.2:HB=P:CP=P;0.3:HB=P:CP=P;0.4:HB=P:CP=P;0.5:HB=P:CP=P;0.6:HB=P:CP=P;0.7:HB=P:CP=P;0.8:HB=P:CP=P;0.9:HB=P:CP=P;1:HB=F:CP=F,0.01,False,0.000000,,,,0.000000,0.000000,0,0.01,False,0.000000,,False,source_supervised_leave_geometry,A|source_supervised_leave_geometry|geometry_normalized_severe|relative_0.5_r_fit
A,DIOR-R,rotated_retinanet_psc,geometry_normalized_severe,relative_0.25_r_fit,relative,0.005002,larger_is_better_true_endpoint_with_persistent_row_tie_break,,0.01:HB=F:CP=F;0.025:HB=F:CP=F;0.05:HB=F:CP=F;0.1:HB=F:CP=F;0.2:HB=F:CP=F;0.3:HB=P:CP=P;0.4:HB=P:CP=P;0.5:HB=P:CP=P;0.6:HB=P:CP=P;0.7:HB=P:CP=P;0.8:HB=P:CP=P;0.9:HB=P:CP=P;1:HB=F:CP=F,0.01,False,0.000000,,,,0.000000,0.000000,0,0.01,False,0.000000,,False,source_supervised_leave_geometry,A|source_supervised_leave_geometry|geometry_normalized_severe|relative_0.25_r_fit
A,DIOR-R,rotated_retinanet_psc,geometry_normalized_severe,absolute_0.001,absolute,0.001000,larger_is_better_true_endpoint_with_persistent_row_tie_break,,0.01:HB=F:CP=F;0.025:HB=F:CP=F;0.05:HB=F:CP=F;0.1:HB=F:CP=F;0.2:HB=F:CP=F;0.3:HB=F:CP=F;0.4:HB=F:CP=F;0.5:HB=F:CP=F;0.6:HB=F:CP=F;0.7:HB=F:CP=F;0.8:HB=F:CP=F;0.9:HB=F:CP=F;1:HB=F:CP=F,0.01,False,0.000000,,,,0.000000,0.000000,0,0.01,False,0.000000,,False,target_gt_nonlinear_geometry_upper_bound,A|target_gt_nonlinear_geometry_upper_bound|geometry_normalized_severe|absolute_0.001
A,DIOR-R,rotated_retinanet_psc,geometry_normalized_severe,absolute_0.0025,absolute,0.002500,larger_is_better_true_endpoint_with_persistent_row_tie_break,,0.01:HB=F:CP=F;0.025:HB=F:CP=F;0.05:HB=F:CP=F;0.1:HB=F:CP=F;0.2:HB=F:CP=F;0.3:HB=F:CP=F;0.4:HB=F:CP=F;0.5:HB=F:CP=F;0.6:HB=P:CP=P;0.7:HB=P:CP=P;0.8:HB=P:CP=P;0.9:HB=P:CP=P;1:HB=F:CP=F,0.01,False,0.000000,,,,0.000000,0.000000,0,0.01,False,0.000000,,False,target_gt_nonlinear_geometry_upper_bound,A|target_gt_nonlinear_geometry_upper_bound|geometry_normalized_severe|absolute_0.0025
A,DIOR-R,rotated_retinanet_psc,geometry_normalized_severe,absolute_0.005,absolute,0.005000,larger_is_better_true_endpoint_with_persistent_row_tie_break,,0.01:HB=F:CP=F;0.025:HB=F:CP=F;0.05:HB=F:CP=F;0.1:HB=F:CP=F;0.2:HB=F:CP=F;0.3:HB=P:CP=P;0.4:HB=P:CP=P;0.5:HB=P:CP=P;0.6:HB=P:CP=P;0.7:HB=P:CP=P;0.8:HB=P:CP=P;0.9:HB=P:CP=P;1:HB=F:CP=F,0.01,False,0.000000,,,,0.000000,0.000000,0,0.01,False,0.000000,,False,target_gt_nonlinear_geometry_upper_bound,A|target_gt_nonlinear_geometry_upper_bound|geometry_normalized_severe|absolute_0.005
A,DIOR-R,rotated_retinanet_psc,geometry_normalized_severe,absolute_0.01,absolute,0.010000,larger_is_better_true_endpoint_with_persistent_row_tie_break,,0.01:HB=F:CP=F;0.025:HB=F:CP=F;0.05:HB=F:CP=F;0.1:HB=F:CP=F;0.2:HB=P:CP=P;0.3:HB=P:CP=P;0.4:HB=P:CP=P;0.5:HB=P:CP=P;0.6:HB=P:CP=P;0.7:HB=P:CP=P;0.8:HB=P:CP=P;0.9:HB=P:CP=P;1:HB=F:CP=F,0.01,False,0.000000,,,,0.000000,0.000000,0,0.01,False,0.000000,,False,target_gt_nonlinear_geometry_upper_bound,A|target_gt_nonlinear_geometry_upper_bound|geometry_normalized_severe|absolute_0.01
A,DIOR-R,rotated_retinanet_psc,geometry_normalized_severe,relative_0.5_r_fit,relative,0.010003,larger_is_better_true_endpoint_with_persistent_row_tie_break,,0.01:HB=F:CP=F;0.025:HB=F:CP=F;0.05:HB=F:CP=F;0.1:HB=F:CP=F;0.2:HB=P:CP=P;0.3:HB=P:CP=P;0.4:HB=P:CP=P;0.5:HB=P:CP=P;0.6:HB=P:CP=P;0.7:HB=P:CP=P;0.8:HB=P:CP=P;0.9:HB=P:CP=P;1:HB=F:CP=F,0.01,False,0.000000,,,,0.000000,0.000000,0,0.01,False,0.000000,,False,target_gt_nonlinear_geometry_upper_bound,A|target_gt_nonlinear_geometry_upper_bound|geometry_normalized_severe|relative_0.5_r_fit
A,DIOR-R,rotated_retinanet_psc,geometry_normalized_severe,relative_0.25_r_fit,relative,0.005002,larger_is_better_true_endpoint_with_persistent_row_tie_break,,0.01:HB=F:CP=F;0.025:HB=F:CP=F;0.05:HB=F:CP=F;0.1:HB=F:CP=F;0.2:HB=F:CP=F;0.3:HB=P:CP=P;0.4:HB=P:CP=P;0.5:HB=P:CP=P;0.6:HB=P:CP=P;0.7:HB=P:CP=P;0.8:HB=P:CP=P;0.9:HB=P:CP=P;1:HB=F:CP=F,0.01,False,0.000000,,,,0.000000,0.000000,0,0.01,False,0.000000,,False,target_gt_nonlinear_geometry_upper_bound,A|target_gt_nonlinear_geometry_upper_bound|geometry_normalized_severe|relative_0.25_r_fit
A,DIOR-R,rotated_retinanet_psc,angle_error_gt_5deg,absolute_0.001,absolute,0.001000,larger_is_better_true_endpoint_with_persistent_row_tie_break,,0.01:HB=F:CP=F;0.025:HB=F:CP=F;0.05:HB=F:CP=F;0.1:HB=F:CP=F;0.2:HB=F:CP=F;0.3:HB=F:CP=F;0.4:HB=F:CP=F;0.5:HB=F:CP=F;0.6:HB=F:CP=F;0.7:HB=F:CP=F;0.8:HB=F:CP=F;0.9:HB=F:CP=F;1:HB=F:CP=F,0.01,False,0.000000,,,,0.000000,0.000000,0,0.01,False,0.000000,,False,detection_score,A|detection_score|angle_error_gt_5deg|absolute_0.001
A,DIOR-R,rotated_retinanet_psc,angle_error_gt_5deg,absolute_0.0025,absolute,0.002500,larger_is_better_true_endpoint_with_persistent_row_tie_break,,0.01:HB=F:CP=F;0.025:HB=F:CP=F;0.05:HB=F:CP=F;0.1:HB=F:CP=F;0.2:HB=F:CP=F;0.3:HB=F:CP=F;0.4:HB=F:CP=F;0.5:HB=F:CP=F;0.6:HB=P:CP=P;0.7:HB=P:CP=P;0.8:HB=P:CP=P;0.9:HB=P:CP=P;1:HB=F:CP=F,0.01,False,0.000000,,,,0.000000,0.000000,0,0.01,False,0.000000,,False,detection_score,A|detection_score|angle_error_gt_5deg|absolute_0.0025
A,DIOR-R,rotated_retinanet_psc,angle_error_gt_5deg,absolute_0.005,absolute,0.005000,larger_is_better_true_endpoint_with_persistent_row_tie_break,,0.01:HB=F:CP=F;0.025:HB=F:CP=F;0.05:HB=F:CP=F;0.1:HB=F:CP=F;0.2:HB=F:CP=F;0.3:HB=P:CP=P;0.4:HB=P:CP=P;0.5:HB=P:CP=P;0.6:HB=P:CP=P;0.7:HB=P:CP=P;0.8:HB=P:CP=P;0.9:HB=P:CP=P;1:HB=F:CP=F,0.01,False,0.000000,,,,0.000000,0.000000,0,0.01,False,0.000000,,False,detection_score,A|detection_score|angle_error_gt_5deg|absolute_0.005
A,DIOR-R,rotated_retinanet_psc,angle_error_gt_5deg,absolute_0.01,absolute,0.010000,larger_is_better_true_endpoint_with_persistent_row_tie_break,,0.01:HB=F:CP=F;0.025:HB=F:CP=F;0.05:HB=F:CP=F;0.1:HB=F:CP=F;0.2:HB=P:CP=P;0.3:HB=P:CP=P;0.4:HB=P:CP=P;0.5:HB=P:CP=P;0.6:HB=P:CP=P;0.7:HB=P:CP=P;0.8:HB=P:CP=P;0.9:HB=P:CP=P;1:HB=F:CP=F,0.01,False,0.000000,,,,0.000000,0.000000,0,0.01,False,0.000000,,False,detection_score,A|detection_score|angle_error_gt_5deg|absolute_0.01
A,DIOR-R,rotated_retinanet_psc,angle_error_gt_5deg,relative_0.5_r_fit,relative,0.040944,larger_is_better_true_endpoint_with_persistent_row_tie_break,,0.01:HB=F:CP=F;0.025:HB=F:CP=F;0.05:HB=F:CP=F;0.1:HB=P:CP=P;0.2:HB=P:CP=P;0.3:HB=P:CP=P;0.4:HB=P:CP=P;0.5:HB=P:CP=P;0.6:HB=P:CP=P;0.7:HB=P:CP=P;0.8:HB=P:CP=P;0.9:HB=P:CP=P;1:HB=F:CP=F,0.01,False,0.000000,,,,0.000000,0.000000,0,0.01,False,0.000000,,False,detection_score,A|detection_score|angle_error_gt_5deg|relative_0.5_r_fit
A,DIOR-R,rotated_retinanet_psc,angle_error_gt_5deg,relative_0.25_r_fit,relative,0.020472,larger_is_better_true_endpoint_with_persistent_row_tie_break,,0.01:HB=F:CP=F;0.025:HB=F:CP=F;0.05:HB=F:CP=F;0.1:HB=P:CP=P;0.2:HB=P:CP=P;0.3:HB=P:CP=P;0.4:HB=P:CP=P;0.5:HB=P:CP=P;0.6:HB=P:CP=P;0.7:HB=P:CP=P;0.8:HB=P:CP=P;0.9:HB=P:CP=P;1:HB=F:CP=F,0.01,False,0.000000,,,,0.000000,0.000000,0,0.01,False,0.000000,,False,detection_score,A|detection_score|angle_error_gt_5deg|relative_0.25_r_fit
A,DIOR-R,rotated_retinanet_psc,angle_error_gt_5deg,absolute_0.001,absolute,0.001000,larger_is_better_true_endpoint_with_persistent_row_tie_break,,0.01:HB=F:CP=F;0.025:HB=F:CP=F;0.05:HB=F:CP=F;0.1:HB=F:CP=F;0.2:HB=F:CP=F;0.3:HB=F:CP=F;0.4:HB=F:CP=F;0.5:HB=F:CP=F;0.6:HB=F:CP=F;0.7:HB=F:CP=F;0.8:HB=F:CP=F;0.9:HB=F:CP=F;1:HB=F:CP=F,0.01,False,0.000000,,,,0.000000,0.000000,0,0.01,False,0.000000,,False,tta_circular_consistency,A|tta_circular_consistency|angle_error_gt_5deg|absolute_0.001
A,DIOR-R,rotated_retinanet_psc,angle_error_gt_5deg,absolute_0.0025,absolute,0.002500,larger_is_better_true_endpoint_with_persistent_row_tie_break,,0.01:HB=F:CP=F;0.025:HB=F:CP=F;0.05:HB=F:CP=F;0.1:HB=F:CP=F;0.2:HB=F:CP=F;0.3:HB=F:CP=F;0.4:HB=F:CP=F;0.5:HB=F:CP=F;0.6:HB=P:CP=P;0.7:HB=P:CP=P;0.8:HB=P:CP=P;0.9:HB=P:CP=P;1:HB=F:CP=F,0.01,False,0.000000,,,,0.000000,0.000000,0,0.01,False,0.000000,,False,tta_circular_consistency,A|tta_circular_consistency|angle_error_gt_5deg|absolute_0.0025
A,DIOR-R,rotated_retinanet_psc,angle_error_gt_5deg,absolute_0.005,absolute,0.005000,larger_is_better_true_endpoint_with_persistent_row_tie_break,,0.01:HB=F:CP=F;0.025:HB=F:CP=F;0.05:HB=F:CP=F;0.1:HB=F:CP=F;0.2:HB=F:CP=F;0.3:HB=P:CP=P;0.4:HB=P:CP=P;0.5:HB=P:CP=P;0.6:HB=P:CP=P;0.7:HB=P:CP=P;0.8:HB=P:CP=P;0.9:HB=P:CP=P;1:HB=F:CP=F,0.01,False,0.000000,,,,0.000000,0.000000,0,0.01,False,0.000000,,False,tta_circular_consistency,A|tta_circular_consistency|angle_error_gt_5deg|absolute_0.005
A,DIOR-R,rotated_retinanet_psc,angle_error_gt_5deg,absolute_0.01,absolute,0.010000,larger_is_better_true_endpoint_with_persistent_row_tie_break,,0.01:HB=F:CP=F;0.025:HB=F:CP=F;0.05:HB=F:CP=F;0.1:HB=F:CP=F;0.2:HB=P:CP=P;0.3:HB=P:CP=P;0.4:HB=P:CP=P;0.5:HB=P:CP=P;0.6:HB=P:CP=P;0.7:HB=P:CP=P;0.8:HB=P:CP=P;0.9:HB=P:CP=P;1:HB=F:CP=F,0.01,False,0.000000,,,,0.000000,0.000000,0,0.01,False,0.000000,,False,tta_circular_consistency,A|tta_circular_consistency|angle_error_gt_5deg|absolute_0.01
A,DIOR-R,rotated_retinanet_psc,angle_error_gt_5deg,relative_0.5_r_fit,relative,0.040944,larger_is_better_true_endpoint_with_persistent_row_tie_break,,0.01:HB=F:CP=F;0.025:HB=F:CP=F;0.05:HB=F:CP=F;0.1:HB=P:CP=P;0.2:HB=P:CP=P;0.3:HB=P:CP=P;0.4:HB=P:CP=P;0.5:HB=P:CP=P;0.6:HB=P:CP=P;0.7:HB=P:CP=P;0.8:HB=P:CP=P;0.9:HB=P:CP=P;1:HB=F:CP=F,0.01,False,0.000000,,,,0.000000,0.000000,0,0.01,False,0.000000,,False,tta_circular_consistency,A|tta_circular_consistency|angle_error_gt_5deg|relative_0.5_r_fit
A,DIOR-R,rotated_retinanet_psc,angle_error_gt_5deg,relative_0.25_r_fit,relative,0.020472,larger_is_better_true_endpoint_with_persistent_row_tie_break,,0.01:HB=F:CP=F;0.025:HB=F:CP=F;0.05:HB=F:CP=F;0.1:HB=P:CP=P;0.2:HB=P:CP=P;0.3:HB=P:CP=P;0.4:HB=P:CP=P;0.5:HB=P:CP=P;0.6:HB=P:CP=P;0.7:HB=P:CP=P;0.8:HB=P:CP=P;0.9:HB=P:CP=P;1:HB=F:CP=F,0.01,False,0.000000,,,,0.000000,0.000000,0,0.01,False,0.000000,,False,tta_circular_consistency,A|tta_circular_consistency|angle_error_gt_5deg|relative_0.25_r_fit
A,DIOR-R,rotated_retinanet_psc,angle_error_gt_5deg,absolute_0.001,absolute,0.001000,larger_is_better_true_endpoint_with_persistent_row_tie_break,,0.01:HB=F:CP=F;0.025:HB=F:CP=F;0.05:HB=F:CP=F;0.1:HB=F:CP=F;0.2:HB=F:CP=F;0.3:HB=F:CP=F;0.4:HB=F:CP=F;0.5:HB=F:CP=F;0.6:HB=F:CP=F;0.7:HB=F:CP=F;0.8:HB=F:CP=F;0.9:HB=F:CP=F;1:HB=F:CP=F,0.01,False,0.000000,,,,0.000000,0.000000,0,0.01,False,0.000000,,False,source_supervised_leave_geometry,A|source_supervised_leave_geometry|angle_error_gt_5deg|absolute_0.001
A,DIOR-R,rotated_retinanet_psc,angle_error_gt_5deg,absolute_0.0025,absolute,0.002500,larger_is_better_true_endpoint_with_persistent_row_tie_break,,0.01:HB=F:CP=F;0.025:HB=F:CP=F;0.05:HB=F:CP=F;0.1:HB=F:CP=F;0.2:HB=F:CP=F;0.3:HB=F:CP=F;0.4:HB=F:CP=F;0.5:HB=F:CP=F;0.6:HB=P:CP=P;0.7:HB=P:CP=P;0.8:HB=P:CP=P;0.9:HB=P:CP=P;1:HB=F:CP=F,0.01,False,0.000000,,,,0.000000,0.000000,0,0.01,False,0.000000,,False,source_supervised_leave_geometry,A|source_supervised_leave_geometry|angle_error_gt_5deg|absolute_0.0025
A,DIOR-R,rotated_retinanet_psc,angle_error_gt_5deg,absolute_0.005,absolute,0.005000,larger_is_better_true_endpoint_with_persistent_row_tie_break,,0.01:HB=F:CP=F;0.025:HB=F:CP=F;0.05:HB=F:CP=F;0.1:HB=F:CP=F;0.2:HB=F:CP=F;0.3:HB=P:CP=P;0.4:HB=P:CP=P;0.5:HB=P:CP=P;0.6:HB=P:CP=P;0.7:HB=P:CP=P;0.8:HB=P:CP=P;0.9:HB=P:CP=P;1:HB=F:CP=F,0.01,False,0.000000,,,,0.000000,0.000000,0,0.01,False,0.000000,,False,source_supervised_leave_geometry,A|source_supervised_leave_geometry|angle_error_gt_5deg|absolute_0.005
A,DIOR-R,rotated_retinanet_psc,angle_error_gt_5deg,absolute_0.01,absolute,0.010000,larger_is_better_true_endpoint_with_persistent_row_tie_break,,0.01:HB=F:CP=F;0.025:HB=F:CP=F;0.05:HB=F:CP=F;0.1:HB=F:CP=F;0.2:HB=P:CP=P;0.3:HB=P:CP=P;0.4:HB=P:CP=P;0.5:HB=P:CP=P;0.6:HB=P:CP=P;0.7:HB=P:CP=P;0.8:HB=P:CP=P;0.9:HB=P:CP=P;1:HB=F:CP=F,0.01,False,0.000000,,,,0.000000,0.000000,0,0.01,False,0.000000,,False,source_supervised_leave_geometry,A|source_supervised_leave_geometry|angle_error_gt_5deg|absolute_0.01
A,DIOR-R,rotated_retinanet_psc,angle_error_gt_5deg,relative_0.5_r_fit,relative,0.040944,larger_is_better_true_endpoint_with_persistent_row_tie_break,,0.01:HB=F:CP=F;0.025:HB=F:CP=F;0.05:HB=F:CP=F;0.1:HB=P:CP=P;0.2:HB=P:CP=P;0.3:HB=P:CP=P;0.4:HB=P:CP=P;0.5:HB=P:CP=P;0.6:HB=P:CP=P;0.7:HB=P:CP=P;0.8:HB=P:CP=P;0.9:HB=P:CP=P;1:HB=F:CP=F,0.01,False,0.000000,,,,0.000000,0.000000,0,0.01,False,0.000000,,False,source_supervised_leave_geometry,A|source_supervised_leave_geometry|angle_error_gt_5deg|relative_0.5_r_fit
A,DIOR-R,rotated_retinanet_psc,angle_error_gt_5deg,relative_0.25_r_fit,relative,0.020472,larger_is_better_true_endpoint_with_persistent_row_tie_break,,0.01:HB=F:CP=F;0.025:HB=F:CP=F;0.05:HB=F:CP=F;0.1:HB=P:CP=P;0.2:HB=P:CP=P;0.3:HB=P:CP=P;0.4:HB=P:CP=P;0.5:HB=P:CP=P;0.6:HB=P:CP=P;0.7:HB=P:CP=P;0.8:HB=P:CP=P;0.9:HB=P:CP=P;1:HB=F:CP=F,0.01,False,0.000000,,,,0.000000,0.000000,0,0.01,False,0.000000,,False,source_supervised_leave_geometry,A|source_supervised_leave_geometry|angle_error_gt_5deg|relative_0.25_r_fit
A,DIOR-R,rotated_retinanet_psc,angle_error_gt_5deg,absolute_0.001,absolute,0.001000,larger_is_better_true_endpoint_with_persistent_row_tie_break,,0.01:HB=F:CP=F;0.025:HB=F:CP=F;0.05:HB=F:CP=F;0.1:HB=F:CP=F;0.2:HB=F:CP=F;0.3:HB=F:CP=F;0.4:HB=F:CP=F;0.5:HB=F:CP=F;0.6:HB=F:CP=F;0.7:HB=F:CP=F;0.8:HB=F:CP=F;0.9:HB=F:CP=F;1:HB=F:CP=F,0.01,False,0.000000,,,,0.000000,0.000000,0,0.01,False,0.000000,,False,target_gt_nonlinear_geometry_upper_bound,A|target_gt_nonlinear_geometry_upper_bound|angle_error_gt_5deg|absolute_0.001
A,DIOR-R,rotated_retinanet_psc,angle_error_gt_5deg,absolute_0.0025,absolute,0.002500,larger_is_better_true_endpoint_with_persistent_row_tie_break,,0.01:HB=F:CP=F;0.025:HB=F:CP=F;0.05:HB=F:CP=F;0.1:HB=F:CP=F;0.2:HB=F:CP=F;0.3:HB=F:CP=F;0.4:HB=F:CP=F;0.5:HB=F:CP=F;0.6:HB=P:CP=P;0.7:HB=P:CP=P;0.8:HB=P:CP=P;0.9:HB=P:CP=P;1:HB=F:CP=F,0.01,False,0.000000,,,,0.000000,0.000000,0,0.01,False,0.000000,,False,target_gt_nonlinear_geometry_upper_bound,A|target_gt_nonlinear_geometry_upper_bound|angle_error_gt_5deg|absolute_0.0025
A,DIOR-R,rotated_retinanet_psc,angle_error_gt_5deg,absolute_0.005,absolute,0.005000,larger_is_better_true_endpoint_with_persistent_row_tie_break,,0.01:HB=F:CP=F;0.025:HB=F:CP=F;0.05:HB=F:CP=F;0.1:HB=F:CP=F;0.2:HB=F:CP=F;0.3:HB=P:CP=P;0.4:HB=P:CP=P;0.5:HB=P:CP=P;0.6:HB=P:CP=P;0.7:HB=P:CP=P;0.8:HB=P:CP=P;0.9:HB=P:CP=P;1:HB=F:CP=F,0.01,False,0.000000,,,,0.000000,0.000000,0,0.01,False,0.000000,,False,target_gt_nonlinear_geometry_upper_bound,A|target_gt_nonlinear_geometry_upper_bound|angle_error_gt_5deg|absolute_0.005
A,DIOR-R,rotated_retinanet_psc,angle_error_gt_5deg,absolute_0.01,absolute,0.010000,larger_is_better_true_endpoint_with_persistent_row_tie_break,,0.01:HB=F:CP=F;0.025:HB=F:CP=F;0.05:HB=F:CP=F;0.1:HB=F:CP=F;0.2:HB=P:CP=P;0.3:HB=P:CP=P;0.4:HB=P:CP=P;0.5:HB=P:CP=P;0.6:HB=P:CP=P;0.7:HB=P:CP=P;0.8:HB=P:CP=P;0.9:HB=P:CP=P;1:HB=F:CP=F,0.01,False,0.000000,,,,0.000000,0.000000,0,0.01,False,0.000000,,False,target_gt_nonlinear_geometry_upper_bound,A|target_gt_nonlinear_geometry_upper_bound|angle_error_gt_5deg|absolute_0.01
A,DIOR-R,rotated_retinanet_psc,angle_error_gt_5deg,relative_0.5_r_fit,relative,0.040944,larger_is_better_true_endpoint_with_persistent_row_tie_break,,0.01:HB=F:CP=F;0.025:HB=F:CP=F;0.05:HB=F:CP=F;0.1:HB=P:CP=P;0.2:HB=P:CP=P;0.3:HB=P:CP=P;0.4:HB=P:CP=P;0.5:HB=P:CP=P;0.6:HB=P:CP=P;0.7:HB=P:CP=P;0.8:HB=P:CP=P;0.9:HB=P:CP=P;1:HB=F:CP=F,0.01,False,0.000000,,,,0.000000,0.000000,0,0.01,False,0.000000,,False,target_gt_nonlinear_geometry_upper_bound,A|target_gt_nonlinear_geometry_upper_bound|angle_error_gt_5deg|relative_0.5_r_fit
A,DIOR-R,rotated_retinanet_psc,angle_error_gt_5deg,relative_0.25_r_fit,relative,0.020472,larger_is_better_true_endpoint_with_persistent_row_tie_break,,0.01:HB=F:CP=F;0.025:HB=F:CP=F;0.05:HB=F:CP=F;0.1:HB=P:CP=P;0.2:HB=P:CP=P;0.3:HB=P:CP=P;0.4:HB=P:CP=P;0.5:HB=P:CP=P;0.6:HB=P:CP=P;0.7:HB=P:CP=P;0.8:HB=P:CP=P;0.9:HB=P:CP=P;1:HB=F:CP=F,0.01,False,0.000000,,,,0.000000,0.000000,0,0.01,False,0.000000,,False,target_gt_nonlinear_geometry_upper_bound,A|target_gt_nonlinear_geometry_upper_bound|angle_error_gt_5deg|relative_0.25_r_fit
A,DIOR-R,rotated_retinanet_psc,angle_error_gt_10deg,absolute_0.001,absolute,0.001000,larger_is_better_true_endpoint_with_persistent_row_tie_break,,0.01:HB=F:CP=F;0.025:HB=F:CP=F;0.05:HB=F:CP=F;0.1:HB=F:CP=F;0.2:HB=F:CP=F;0.3:HB=F:CP=F;0.4:HB=F:CP=F;0.5:HB=F:CP=F;0.6:HB=F:CP=F;0.7:HB=F:CP=F;0.8:HB=F:CP=F;0.9:HB=F:CP=F;1:HB=F:CP=F,0.01,False,0.000000,,,,0.000000,0.000000,0,0.01,False,0.000000,,False,detection_score,A|detection_score|angle_error_gt_10deg|absolute_0.001
A,DIOR-R,rotated_retinanet_psc,angle_error_gt_10deg,absolute_0.0025,absolute,0.002500,larger_is_better_true_endpoint_with_persistent_row_tie_break,,0.01:HB=F:CP=F;0.025:HB=F:CP=F;0.05:HB=F:CP=F;0.1:HB=F:CP=F;0.2:HB=F:CP=F;0.3:HB=F:CP=F;0.4:HB=F:CP=F;0.5:HB=F:CP=F;0.6:HB=P:CP=P;0.7:HB=P:CP=P;0.8:HB=P:CP=P;0.9:HB=P:CP=P;1:HB=F:CP=F,0.01,False,0.000000,,,,0.000000,0.000000,0,0.01,False,0.000000,,False,detection_score,A|detection_score|angle_error_gt_10deg|absolute_0.0025
A,DIOR-R,rotated_retinanet_psc,angle_error_gt_10deg,absolute_0.005,absolute,0.005000,larger_is_better_true_endpoint_with_persistent_row_tie_break,,0.01:HB=F:CP=F;0.025:HB=F:CP=F;0.05:HB=F:CP=F;0.1:HB=F:CP=F;0.2:HB=F:CP=F;0.3:HB=P:CP=P;0.4:HB=P:CP=P;0.5:HB=P:CP=P;0.6:HB=P:CP=P;0.7:HB=P:CP=P;0.8:HB=P:CP=P;0.9:HB=P:CP=P;1:HB=F:CP=F,0.01,False,0.000000,,,,0.000000,0.000000,0,0.01,False,0.000000,,False,detection_score,A|detection_score|angle_error_gt_10deg|absolute_0.005
A,DIOR-R,rotated_retinanet_psc,angle_error_gt_10deg,absolute_0.01,absolute,0.010000,larger_is_better_true_endpoint_with_persistent_row_tie_break,,0.01:HB=F:CP=F;0.025:HB=F:CP=F;0.05:HB=F:CP=F;0.1:HB=F:CP=F;0.2:HB=P:CP=P;0.3:HB=P:CP=P;0.4:HB=P:CP=P;0.5:HB=P:CP=P;0.6:HB=P:CP=P;0.7:HB=P:CP=P;0.8:HB=P:CP=P;0.9:HB=P:CP=P;1:HB=F:CP=F,0.01,False,0.000000,,,,0.000000,0.000000,0,0.01,False,0.000000,,False,detection_score,A|detection_score|angle_error_gt_10deg|absolute_0.01
A,DIOR-R,rotated_retinanet_psc,angle_error_gt_10deg,relative_0.5_r_fit,relative,0.009388,larger_is_better_true_endpoint_with_persistent_row_tie_break,,0.01:HB=F:CP=F;0.025:HB=F:CP=F;0.05:HB=F:CP=F;0.1:HB=F:CP=F;0.2:HB=P:CP=P;0.3:HB=P:CP=P;0.4:HB=P:CP=P;0.5:HB=P:CP=P;0.6:HB=P:CP=P;0.7:HB=P:CP=P;0.8:HB=P:CP=P;0.9:HB=P:CP=P;1:HB=F:CP=F,0.01,False,0.000000,,,,0.000000,0.000000,0,0.01,False,0.000000,,False,detection_score,A|detection_score|angle_error_gt_10deg|relative_0.5_r_fit
A,DIOR-R,rotated_retinanet_psc,angle_error_gt_10deg,relative_0.25_r_fit,relative,0.004694,larger_is_better_true_endpoint_with_persistent_row_tie_break,,0.01:HB=F:CP=F;0.025:HB=F:CP=F;0.05:HB=F:CP=F;0.1:HB=F:CP=F;0.2:HB=F:CP=F;0.3:HB=P:CP=P;0.4:HB=P:CP=P;0.5:HB=P:CP=P;0.6:HB=P:CP=P;0.7:HB=P:CP=P;0.8:HB=P:CP=P;0.9:HB=P:CP=P;1:HB=F:CP=F,0.01,False,0.000000,,,,0.000000,0.000000,0,0.01,False,0.000000,,False,detection_score,A|detection_score|angle_error_gt_10deg|relative_0.25_r_fit
A,DIOR-R,rotated_retinanet_psc,angle_error_gt_10deg,absolute_0.001,absolute,0.001000,larger_is_better_true_endpoint_with_persistent_row_tie_break,,0.01:HB=F:CP=F;0.025:HB=F:CP=F;0.05:HB=F:CP=F;0.1:HB=F:CP=F;0.2:HB=F:CP=F;0.3:HB=F:CP=F;0.4:HB=F:CP=F;0.5:HB=F:CP=F;0.6:HB=F:CP=F;0.7:HB=F:CP=F;0.8:HB=F:CP=F;0.9:HB=F:CP=F;1:HB=F:CP=F,0.01,False,0.000000,,,,0.000000,0.000000,0,0.01,False,0.000000,,False,tta_circular_consistency,A|tta_circular_consistency|angle_error_gt_10deg|absolute_0.001
A,DIOR-R,rotated_retinanet_psc,angle_error_gt_10deg,absolute_0.0025,absolute,0.002500,larger_is_better_true_endpoint_with_persistent_row_tie_break,,0.01:HB=F:CP=F;0.025:HB=F:CP=F;0.05:HB=F:CP=F;0.1:HB=F:CP=F;0.2:HB=F:CP=F;0.3:HB=F:CP=F;0.4:HB=F:CP=F;0.5:HB=F:CP=F;0.6:HB=P:CP=P;0.7:HB=P:CP=P;0.8:HB=P:CP=P;0.9:HB=P:CP=P;1:HB=F:CP=F,0.01,False,0.000000,,,,0.000000,0.000000,0,0.01,False,0.000000,,False,tta_circular_consistency,A|tta_circular_consistency|angle_error_gt_10deg|absolute_0.0025
A,DIOR-R,rotated_retinanet_psc,angle_error_gt_10deg,absolute_0.005,absolute,0.005000,larger_is_better_true_endpoint_with_persistent_row_tie_break,,0.01:HB=F:CP=F;0.025:HB=F:CP=F;0.05:HB=F:CP=F;0.1:HB=F:CP=F;0.2:HB=F:CP=F;0.3:HB=P:CP=P;0.4:HB=P:CP=P;0.5:HB=P:CP=P;0.6:HB=P:CP=P;0.7:HB=P:CP=P;0.8:HB=P:CP=P;0.9:HB=P:CP=P;1:HB=F:CP=F,0.01,False,0.000000,,,,0.000000,0.000000,0,0.01,False,0.000000,,False,tta_circular_consistency,A|tta_circular_consistency|angle_error_gt_10deg|absolute_0.005
A,DIOR-R,rotated_retinanet_psc,angle_error_gt_10deg,absolute_0.01,absolute,0.010000,larger_is_better_true_endpoint_with_persistent_row_tie_break,,0.01:HB=F:CP=F;0.025:HB=F:CP=F;0.05:HB=F:CP=F;0.1:HB=F:CP=F;0.2:HB=P:CP=P;0.3:HB=P:CP=P;0.4:HB=P:CP=P;0.5:HB=P:CP=P;0.6:HB=P:CP=P;0.7:HB=P:CP=P;0.8:HB=P:CP=P;0.9:HB=P:CP=P;1:HB=F:CP=F,0.01,False,0.000000,,,,0.000000,0.000000,0,0.01,False,0.000000,,False,tta_circular_consistency,A|tta_circular_consistency|angle_error_gt_10deg|absolute_0.01
A,DIOR-R,rotated_retinanet_psc,angle_error_gt_10deg,relative_0.5_r_fit,relative,0.009388,larger_is_better_true_endpoint_with_persistent_row_tie_break,,0.01:HB=F:CP=F;0.025:HB=F:CP=F;0.05:HB=F:CP=F;0.1:HB=F:CP=F;0.2:HB=P:CP=P;0.3:HB=P:CP=P;0.4:HB=P:CP=P;0.5:HB=P:CP=P;0.6:HB=P:CP=P;0.7:HB=P:CP=P;0.8:HB=P:CP=P;0.9:HB=P:CP=P;1:HB=F:CP=F,0.01,False,0.000000,,,,0.000000,0.000000,0,0.01,False,0.000000,,False,tta_circular_consistency,A|tta_circular_consistency|angle_error_gt_10deg|relative_0.5_r_fit
A,DIOR-R,rotated_retinanet_psc,angle_error_gt_10deg,relative_0.25_r_fit,relative,0.004694,larger_is_better_true_endpoint_with_persistent_row_tie_break,,0.01:HB=F:CP=F;0.025:HB=F:CP=F;0.05:HB=F:CP=F;0.1:HB=F:CP=F;0.2:HB=F:CP=F;0.3:HB=P:CP=P;0.4:HB=P:CP=P;0.5:HB=P:CP=P;0.6:HB=P:CP=P;0.7:HB=P:CP=P;0.8:HB=P:CP=P;0.9:HB=P:CP=P;1:HB=F:CP=F,0.01,False,0.000000,,,,0.000000,0.000000,0,0.01,False,0.000000,,False,tta_circular_consistency,A|tta_circular_consistency|angle_error_gt_10deg|relative_0.25_r_fit
A,DIOR-R,rotated_retinanet_psc,angle_error_gt_10deg,absolute_0.001,absolute,0.001000,larger_is_better_true_endpoint_with_persistent_row_tie_break,,0.01:HB=F:CP=F;0.025:HB=F:CP=F;0.05:HB=F:CP=F;0.1:HB=F:CP=F;0.2:HB=F:CP=F;0.3:HB=F:CP=F;0.4:HB=F:CP=F;0.5:HB=F:CP=F;0.6:HB=F:CP=F;0.7:HB=F:CP=F;0.8:HB=F:CP=F;0.9:HB=F:CP=F;1:HB=F:CP=F,0.01,False,0.000000,,,,0.000000,0.000000,0,0.01,False,0.000000,,False,source_supervised_leave_geometry,A|source_supervised_leave_geometry|angle_error_gt_10deg|absolute_0.001
A,DIOR-R,rotated_retinanet_psc,angle_error_gt_10deg,absolute_0.0025,absolute,0.002500,larger_is_better_true_endpoint_with_persistent_row_tie_break,,0.01:HB=F:CP=F;0.025:HB=F:CP=F;0.05:HB=F:CP=F;0.1:HB=F:CP=F;0.2:HB=F:CP=F;0.3:HB=F:CP=F;0.4:HB=F:CP=F;0.5:HB=F:CP=F;0.6:HB=P:CP=P;0.7:HB=P:CP=P;0.8:HB=P:CP=P;0.9:HB=P:CP=P;1:HB=F:CP=F,0.01,False,0.000000,,,,0.000000,0.000000,0,0.01,False,0.000000,,False,source_supervised_leave_geometry,A|source_supervised_leave_geometry|angle_error_gt_10deg|absolute_0.0025
A,DIOR-R,rotated_retinanet_psc,angle_error_gt_10deg,absolute_0.005,absolute,0.005000,larger_is_better_true_endpoint_with_persistent_row_tie_break,,0.01:HB=F:CP=F;0.025:HB=F:CP=F;0.05:HB=F:CP=F;0.1:HB=F:CP=F;0.2:HB=F:CP=F;0.3:HB=P:CP=P;0.4:HB=P:CP=P;0.5:HB=P:CP=P;0.6:HB=P:CP=P;0.7:HB=P:CP=P;0.8:HB=P:CP=P;0.9:HB=P:CP=P;1:HB=F:CP=F,0.01,False,0.000000,,,,0.000000,0.000000,0,0.01,False,0.000000,,False,source_supervised_leave_geometry,A|source_supervised_leave_geometry|angle_error_gt_10deg|absolute_0.005
A,DIOR-R,rotated_retinanet_psc,angle_error_gt_10deg,absolute_0.01,absolute,0.010000,larger_is_better_true_endpoint_with_persistent_row_tie_break,,0.01:HB=F:CP=F;0.025:HB=F:CP=F;0.05:HB=F:CP=F;0.1:HB=F:CP=F;0.2:HB=P:CP=P;0.3:HB=P:CP=P;0.4:HB=P:CP=P;0.5:HB=P:CP=P;0.6:HB=P:CP=P;0.7:HB=P:CP=P;0.8:HB=P:CP=P;0.9:HB=P:CP=P;1:HB=F:CP=F,0.01,False,0.000000,,,,0.000000,0.000000,0,0.01,False,0.000000,,False,source_supervised_leave_geometry,A|source_supervised_leave_geometry|angle_error_gt_10deg|absolute_0.01
A,DIOR-R,rotated_retinanet_psc,angle_error_gt_10deg,relative_0.5_r_fit,relative,0.009388,larger_is_better_true_endpoint_with_persistent_row_tie_break,,0.01:HB=F:CP=F;0.025:HB=F:CP=F;0.05:HB=F:CP=F;0.1:HB=F:CP=F;0.2:HB=P:CP=P;0.3:HB=P:CP=P;0.4:HB=P:CP=P;0.5:HB=P:CP=P;0.6:HB=P:CP=P;0.7:HB=P:CP=P;0.8:HB=P:CP=P;0.9:HB=P:CP=P;1:HB=F:CP=F,0.01,False,0.000000,,,,0.000000,0.000000,0,0.01,False,0.000000,,False,source_supervised_leave_geometry,A|source_supervised_leave_geometry|angle_error_gt_10deg|relative_0.5_r_fit
A,DIOR-R,rotated_retinanet_psc,angle_error_gt_10deg,relative_0.25_r_fit,relative,0.004694,larger_is_better_true_endpoint_with_persistent_row_tie_break,,0.01:HB=F:CP=F;0.025:HB=F:CP=F;0.05:HB=F:CP=F;0.1:HB=F:CP=F;0.2:HB=F:CP=F;0.3:HB=P:CP=P;0.4:HB=P:CP=P;0.5:HB=P:CP=P;0.6:HB=P:CP=P;0.7:HB=P:CP=P;0.8:HB=P:CP=P;0.9:HB=P:CP=P;1:HB=F:CP=F,0.01,False,0.000000,,,,0.000000,0.000000,0,0.01,False,0.000000,,False,source_supervised_leave_geometry,A|source_supervised_leave_geometry|angle_error_gt_10deg|relative_0.25_r_fit
A,DIOR-R,rotated_retinanet_psc,angle_error_gt_10deg,absolute_0.001,absolute,0.001000,larger_is_better_true_endpoint_with_persistent_row_tie_break,,0.01:HB=F:CP=F;0.025:HB=F:CP=F;0.05:HB=F:CP=F;0.1:HB=F:CP=F;0.2:HB=F:CP=F;0.3:HB=F:CP=F;0.4:HB=F:CP=F;0.5:HB=F:CP=F;0.6:HB=F:CP=F;0.7:HB=F:CP=F;0.8:HB=F:CP=F;0.9:HB=F:CP=F;1:HB=F:CP=F,0.01,False,0.000000,,,,0.000000,0.000000,0,0.01,False,0.000000,,False,target_gt_nonlinear_geometry_upper_bound,A|target_gt_nonlinear_geometry_upper_bound|angle_error_gt_10deg|absolute_0.001
A,DIOR-R,rotated_retinanet_psc,angle_error_gt_10deg,absolute_0.0025,absolute,0.002500,larger_is_better_true_endpoint_with_persistent_row_tie_break,,0.01:HB=F:CP=F;0.025:HB=F:CP=F;0.05:HB=F:CP=F;0.1:HB=F:CP=F;0.2:HB=F:CP=F;0.3:HB=F:CP=F;0.4:HB=F:CP=F;0.5:HB=F:CP=F;0.6:HB=P:CP=P;0.7:HB=P:CP=P;0.8:HB=P:CP=P;0.9:HB=P:CP=P;1:HB=F:CP=F,0.01,False,0.000000,,,,0.000000,0.000000,0,0.01,False,0.000000,,False,target_gt_nonlinear_geometry_upper_bound,A|target_gt_nonlinear_geometry_upper_bound|angle_error_gt_10deg|absolute_0.0025
A,DIOR-R,rotated_retinanet_psc,angle_error_gt_10deg,absolute_0.005,absolute,0.005000,larger_is_better_true_endpoint_with_persistent_row_tie_break,,0.01:HB=F:CP=F;0.025:HB=F:CP=F;0.05:HB=F:CP=F;0.1:HB=F:CP=F;0.2:HB=F:CP=F;0.3:HB=P:CP=P;0.4:HB=P:CP=P;0.5:HB=P:CP=P;0.6:HB=P:CP=P;0.7:HB=P:CP=P;0.8:HB=P:CP=P;0.9:HB=P:CP=P;1:HB=F:CP=F,0.01,False,0.000000,,,,0.000000,0.000000,0,0.01,False,0.000000,,False,target_gt_nonlinear_geometry_upper_bound,A|target_gt_nonlinear_geometry_upper_bound|angle_error_gt_10deg|absolute_0.005
A,DIOR-R,rotated_retinanet_psc,angle_error_gt_10deg,absolute_0.01,absolute,0.010000,larger_is_better_true_endpoint_with_persistent_row_tie_break,,0.01:HB=F:CP=F;0.025:HB=F:CP=F;0.05:HB=F:CP=F;0.1:HB=F:CP=F;0.2:HB=P:CP=P;0.3:HB=P:CP=P;0.4:HB=P:CP=P;0.5:HB=P:CP=P;0.6:HB=P:CP=P;0.7:HB=P:CP=P;0.8:HB=P:CP=P;0.9:HB=P:CP=P;1:HB=F:CP=F,0.01,False,0.000000,,,,0.000000,0.000000,0,0.01,False,0.000000,,False,target_gt_nonlinear_geometry_upper_bound,A|target_gt_nonlinear_geometry_upper_bound|angle_error_gt_10deg|absolute_0.01
A,DIOR-R,rotated_retinanet_psc,angle_error_gt_10deg,relative_0.5_r_fit,relative,0.009388,larger_is_better_true_endpoint_with_persistent_row_tie_break,,0.01:HB=F:CP=F;0.025:HB=F:CP=F;0.05:HB=F:CP=F;0.1:HB=F:CP=F;0.2:HB=P:CP=P;0.3:HB=P:CP=P;0.4:HB=P:CP=P;0.5:HB=P:CP=P;0.6:HB=P:CP=P;0.7:HB=P:CP=P;0.8:HB=P:CP=P;0.9:HB=P:CP=P;1:HB=F:CP=F,0.01,False,0.000000,,,,0.000000,0.000000,0,0.01,False,0.000000,,False,target_gt_nonlinear_geometry_upper_bound,A|target_gt_nonlinear_geometry_upper_bound|angle_error_gt_10deg|relative_0.5_r_fit
A,DIOR-R,rotated_retinanet_psc,angle_error_gt_10deg,relative_0.25_r_fit,relative,0.004694,larger_is_better_true_endpoint_with_persistent_row_tie_break,,0.01:HB=F:CP=F;0.025:HB=F:CP=F;0.05:HB=F:CP=F;0.1:HB=F:CP=F;0.2:HB=F:CP=F;0.3:HB=P:CP=P;0.4:HB=P:CP=P;0.5:HB=P:CP=P;0.6:HB=P:CP=P;0.7:HB=P:CP=P;0.8:HB=P:CP=P;0.9:HB=P:CP=P;1:HB=F:CP=F,0.01,False,0.000000,,,,0.000000,0.000000,0,0.01,False,0.000000,,False,target_gt_nonlinear_geometry_upper_bound,A|target_gt_nonlinear_geometry_upper_bound|angle_error_gt_10deg|relative_0.25_r_fit
A,DIOR-R,rotated_retinanet_psc,angle_error_gt_15deg,absolute_0.001,absolute,0.001000,larger_is_better_true_endpoint_with_persistent_row_tie_break,,0.01:HB=F:CP=F;0.025:HB=F:CP=F;0.05:HB=F:CP=F;0.1:HB=F:CP=F;0.2:HB=F:CP=F;0.3:HB=F:CP=F;0.4:HB=F:CP=F;0.5:HB=F:CP=F;0.6:HB=F:CP=F;0.7:HB=F:CP=F;0.8:HB=F:CP=F;0.9:HB=F:CP=F;1:HB=F:CP=F,0.01,False,0.000000,,,,0.000000,0.000000,0,0.01,False,0.000000,,False,detection_score,A|detection_score|angle_error_gt_15deg|absolute_0.001
A,DIOR-R,rotated_retinanet_psc,angle_error_gt_15deg,absolute_0.0025,absolute,0.002500,larger_is_better_true_endpoint_with_persistent_row_tie_break,,0.01:HB=F:CP=F;0.025:HB=F:CP=F;0.05:HB=F:CP=F;0.1:HB=F:CP=F;0.2:HB=F:CP=F;0.3:HB=F:CP=F;0.4:HB=F:CP=F;0.5:HB=F:CP=F;0.6:HB=P:CP=P;0.7:HB=P:CP=P;0.8:HB=P:CP=P;0.9:HB=P:CP=P;1:HB=F:CP=F,0.01,False,0.000000,,,,0.000000,0.000000,0,0.01,False,0.000000,,False,detection_score,A|detection_score|angle_error_gt_15deg|absolute_0.0025
A,DIOR-R,rotated_retinanet_psc,angle_error_gt_15deg,absolute_0.005,absolute,0.005000,larger_is_better_true_endpoint_with_persistent_row_tie_break,,0.01:HB=F:CP=F;0.025:HB=F:CP=F;0.05:HB=F:CP=F;0.1:HB=F:CP=F;0.2:HB=F:CP=F;0.3:HB=P:CP=P;0.4:HB=P:CP=P;0.5:HB=P:CP=P;0.6:HB=P:CP=P;0.7:HB=P:CP=P;0.8:HB=P:CP=P;0.9:HB=P:CP=P;1:HB=F:CP=F,0.01,False,0.000000,,,,0.000000,0.000000,0,0.01,False,0.000000,,False,detection_score,A|detection_score|angle_error_gt_15deg|absolute_0.005
A,DIOR-R,rotated_retinanet_psc,angle_error_gt_15deg,absolute_0.01,absolute,0.010000,larger_is_better_true_endpoint_with_persistent_row_tie_break,,0.01:HB=F:CP=F;0.025:HB=F:CP=F;0.05:HB=F:CP=F;0.1:HB=F:CP=F;0.2:HB=P:CP=P;0.3:HB=P:CP=P;0.4:HB=P:CP=P;0.5:HB=P:CP=P;0.6:HB=P:CP=P;0.7:HB=P:CP=P;0.8:HB=P:CP=P;0.9:HB=P:CP=P;1:HB=F:CP=F,0.01,False,0.000000,,,,0.000000,0.000000,0,0.01,False,0.000000,,False,detection_score,A|detection_score|angle_error_gt_15deg|absolute_0.01
A,DIOR-R,rotated_retinanet_psc,angle_error_gt_15deg,relative_0.5_r_fit,relative,0.004958,larger_is_better_true_endpoint_with_persistent_row_tie_break,,0.01:HB=F:CP=F;0.025:HB=F:CP=F;0.05:HB=F:CP=F;0.1:HB=F:CP=F;0.2:HB=F:CP=F;0.3:HB=P:CP=P;0.4:HB=P:CP=P;0.5:HB=P:CP=P;0.6:HB=P:CP=P;0.7:HB=P:CP=P;0.8:HB=P:CP=P;0.9:HB=P:CP=P;1:HB=F:CP=F,0.01,False,0.000000,,,,0.000000,0.000000,0,0.01,False,0.000000,,False,detection_score,A|detection_score|angle_error_gt_15deg|relative_0.5_r_fit
A,DIOR-R,rotated_retinanet_psc,angle_error_gt_15deg,relative_0.25_r_fit,relative,0.002479,larger_is_better_true_endpoint_with_persistent_row_tie_break,,0.01:HB=F:CP=F;0.025:HB=F:CP=F;0.05:HB=F:CP=F;0.1:HB=F:CP=F;0.2:HB=F:CP=F;0.3:HB=F:CP=F;0.4:HB=F:CP=F;0.5:HB=F:CP=F;0.6:HB=P:CP=P;0.7:HB=P:CP=P;0.8:HB=P:CP=P;0.9:HB=P:CP=P;1:HB=F:CP=F,0.01,False,0.000000,,,,0.000000,0.000000,0,0.01,False,0.000000,,False,detection_score,A|detection_score|angle_error_gt_15deg|relative_0.25_r_fit
A,DIOR-R,rotated_retinanet_psc,angle_error_gt_15deg,absolute_0.001,absolute,0.001000,larger_is_better_true_endpoint_with_persistent_row_tie_break,,0.01:HB=F:CP=F;0.025:HB=F:CP=F;0.05:HB=F:CP=F;0.1:HB=F:CP=F;0.2:HB=F:CP=F;0.3:HB=F:CP=F;0.4:HB=F:CP=F;0.5:HB=F:CP=F;0.6:HB=F:CP=F;0.7:HB=F:CP=F;0.8:HB=F:CP=F;0.9:HB=F:CP=F;1:HB=F:CP=F,0.01,False,0.000000,,,,0.000000,0.000000,0,0.01,False,0.000000,,False,tta_circular_consistency,A|tta_circular_consistency|angle_error_gt_15deg|absolute_0.001
A,DIOR-R,rotated_retinanet_psc,angle_error_gt_15deg,absolute_0.0025,absolute,0.002500,larger_is_better_true_endpoint_with_persistent_row_tie_break,,0.01:HB=F:CP=F;0.025:HB=F:CP=F;0.05:HB=F:CP=F;0.1:HB=F:CP=F;0.2:HB=F:CP=F;0.3:HB=F:CP=F;0.4:HB=F:CP=F;0.5:HB=F:CP=F;0.6:HB=P:CP=P;0.7:HB=P:CP=P;0.8:HB=P:CP=P;0.9:HB=P:CP=P;1:HB=F:CP=F,0.01,False,0.000000,,,,0.000000,0.000000,0,0.01,False,0.000000,,False,tta_circular_consistency,A|tta_circular_consistency|angle_error_gt_15deg|absolute_0.0025
A,DIOR-R,rotated_retinanet_psc,angle_error_gt_15deg,absolute_0.005,absolute,0.005000,larger_is_better_true_endpoint_with_persistent_row_tie_break,,0.01:HB=F:CP=F;0.025:HB=F:CP=F;0.05:HB=F:CP=F;0.1:HB=F:CP=F;0.2:HB=F:CP=F;0.3:HB=P:CP=P;0.4:HB=P:CP=P;0.5:HB=P:CP=P;0.6:HB=P:CP=P;0.7:HB=P:CP=P;0.8:HB=P:CP=P;0.9:HB=P:CP=P;1:HB=F:CP=F,0.01,False,0.000000,,,,0.000000,0.000000,0,0.01,False,0.000000,,False,tta_circular_consistency,A|tta_circular_consistency|angle_error_gt_15deg|absolute_0.005
A,DIOR-R,rotated_retinanet_psc,angle_error_gt_15deg,absolute_0.01,absolute,0.010000,larger_is_better_true_endpoint_with_persistent_row_tie_break,,0.01:HB=F:CP=F;0.025:HB=F:CP=F;0.05:HB=F:CP=F;0.1:HB=F:CP=F;0.2:HB=P:CP=P;0.3:HB=P:CP=P;0.4:HB=P:CP=P;0.5:HB=P:CP=P;0.6:HB=P:CP=P;0.7:HB=P:CP=P;0.8:HB=P:CP=P;0.9:HB=P:CP=P;1:HB=F:CP=F,0.01,False,0.000000,,,,0.000000,0.000000,0,0.01,False,0.000000,,False,tta_circular_consistency,A|tta_circular_consistency|angle_error_gt_15deg|absolute_0.01
A,DIOR-R,rotated_retinanet_psc,angle_error_gt_15deg,relative_0.5_r_fit,relative,0.004958,larger_is_better_true_endpoint_with_persistent_row_tie_break,,0.01:HB=F:CP=F;0.025:HB=F:CP=F;0.05:HB=F:CP=F;0.1:HB=F:CP=F;0.2:HB=F:CP=F;0.3:HB=P:CP=P;0.4:HB=P:CP=P;0.5:HB=P:CP=P;0.6:HB=P:CP=P;0.7:HB=P:CP=P;0.8:HB=P:CP=P;0.9:HB=P:CP=P;1:HB=F:CP=F,0.01,False,0.000000,,,,0.000000,0.000000,0,0.01,False,0.000000,,False,tta_circular_consistency,A|tta_circular_consistency|angle_error_gt_15deg|relative_0.5_r_fit
A,DIOR-R,rotated_retinanet_psc,angle_error_gt_15deg,relative_0.25_r_fit,relative,0.002479,larger_is_better_true_endpoint_with_persistent_row_tie_break,,0.01:HB=F:CP=F;0.025:HB=F:CP=F;0.05:HB=F:CP=F;0.1:HB=F:CP=F;0.2:HB=F:CP=F;0.3:HB=F:CP=F;0.4:HB=F:CP=F;0.5:HB=F:CP=F;0.6:HB=P:CP=P;0.7:HB=P:CP=P;0.8:HB=P:CP=P;0.9:HB=P:CP=P;1:HB=F:CP=F,0.01,False,0.000000,,,,0.000000,0.000000,0,0.01,False,0.000000,,False,tta_circular_consistency,A|tta_circular_consistency|angle_error_gt_15deg|relative_0.25_r_fit
A,DIOR-R,rotated_retinanet_psc,angle_error_gt_15deg,absolute_0.001,absolute,0.001000,larger_is_better_true_endpoint_with_persistent_row_tie_break,,0.01:HB=F:CP=F;0.025:HB=F:CP=F;0.05:HB=F:CP=F;0.1:HB=F:CP=F;0.2:HB=F:CP=F;0.3:HB=F:CP=F;0.4:HB=F:CP=F;0.5:HB=F:CP=F;0.6:HB=F:CP=F;0.7:HB=F:CP=F;0.8:HB=F:CP=F;0.9:HB=F:CP=F;1:HB=F:CP=F,0.01,False,0.000000,,,,0.000000,0.000000,0,0.01,False,0.000000,,False,source_supervised_leave_geometry,A|source_supervised_leave_geometry|angle_error_gt_15deg|absolute_0.001
A,DIOR-R,rotated_retinanet_psc,angle_error_gt_15deg,absolute_0.0025,absolute,0.002500,larger_is_better_true_endpoint_with_persistent_row_tie_break,,0.01:HB=F:CP=F;0.025:HB=F:CP=F;0.05:HB=F:CP=F;0.1:HB=F:CP=F;0.2:HB=F:CP=F;0.3:HB=F:CP=F;0.4:HB=F:CP=F;0.5:HB=F:CP=F;0.6:HB=P:CP=P;0.7:HB=P:CP=P;0.8:HB=P:CP=P;0.9:HB=P:CP=P;1:HB=F:CP=F,0.01,False,0.000000,,,,0.000000,0.000000,0,0.01,False,0.000000,,False,source_supervised_leave_geometry,A|source_supervised_leave_geometry|angle_error_gt_15deg|absolute_0.0025
A,DIOR-R,rotated_retinanet_psc,angle_error_gt_15deg,absolute_0.005,absolute,0.005000,larger_is_better_true_endpoint_with_persistent_row_tie_break,,0.01:HB=F:CP=F;0.025:HB=F:CP=F;0.05:HB=F:CP=F;0.1:HB=F:CP=F;0.2:HB=F:CP=F;0.3:HB=P:CP=P;0.4:HB=P:CP=P;0.5:HB=P:CP=P;0.6:HB=P:CP=P;0.7:HB=P:CP=P;0.8:HB=P:CP=P;0.9:HB=P:CP=P;1:HB=F:CP=F,0.01,False,0.000000,,,,0.000000,0.000000,0,0.01,False,0.000000,,False,source_supervised_leave_geometry,A|source_supervised_leave_geometry|angle_error_gt_15deg|absolute_0.005
A,DIOR-R,rotated_retinanet_psc,angle_error_gt_15deg,absolute_0.01,absolute,0.010000,larger_is_better_true_endpoint_with_persistent_row_tie_break,,0.01:HB=F:CP=F;0.025:HB=F:CP=F;0.05:HB=F:CP=F;0.1:HB=F:CP=F;0.2:HB=P:CP=P;0.3:HB=P:CP=P;0.4:HB=P:CP=P;0.5:HB=P:CP=P;0.6:HB=P:CP=P;0.7:HB=P:CP=P;0.8:HB=P:CP=P;0.9:HB=P:CP=P;1:HB=F:CP=F,0.01,False,0.000000,,,,0.000000,0.000000,0,0.01,False,0.000000,,False,source_supervised_leave_geometry,A|source_supervised_leave_geometry|angle_error_gt_15deg|absolute_0.01
A,DIOR-R,rotated_retinanet_psc,angle_error_gt_15deg,relative_0.5_r_fit,relative,0.004958,larger_is_better_true_endpoint_with_persistent_row_tie_break,,0.01:HB=F:CP=F;0.025:HB=F:CP=F;0.05:HB=F:CP=F;0.1:HB=F:CP=F;0.2:HB=F:CP=F;0.3:HB=P:CP=P;0.4:HB=P:CP=P;0.5:HB=P:CP=P;0.6:HB=P:CP=P;0.7:HB=P:CP=P;0.8:HB=P:CP=P;0.9:HB=P:CP=P;1:HB=F:CP=F,0.01,False,0.000000,,,,0.000000,0.000000,0,0.01,False,0.000000,,False,source_supervised_leave_geometry,A|source_supervised_leave_geometry|angle_error_gt_15deg|relative_0.5_r_fit
A,DIOR-R,rotated_retinanet_psc,angle_error_gt_15deg,relative_0.25_r_fit,relative,0.002479,larger_is_better_true_endpoint_with_persistent_row_tie_break,,0.01:HB=F:CP=F;0.025:HB=F:CP=F;0.05:HB=F:CP=F;0.1:HB=F:CP=F;0.2:HB=F:CP=F;0.3:HB=F:CP=F;0.4:HB=F:CP=F;0.5:HB=F:CP=F;0.6:HB=P:CP=P;0.7:HB=P:CP=P;0.8:HB=P:CP=P;0.9:HB=P:CP=P;1:HB=F:CP=F,0.01,False,0.000000,,,,0.000000,0.000000,0,0.01,False,0.000000,,False,source_supervised_leave_geometry,A|source_supervised_leave_geometry|angle_error_gt_15deg|relative_0.25_r_fit
A,DIOR-R,rotated_retinanet_psc,angle_error_gt_15deg,absolute_0.001,absolute,0.001000,larger_is_better_true_endpoint_with_persistent_row_tie_break,,0.01:HB=F:CP=F;0.025:HB=F:CP=F;0.05:HB=F:CP=F;0.1:HB=F:CP=F;0.2:HB=F:CP=F;0.3:HB=F:CP=F;0.4:HB=F:CP=F;0.5:HB=F:CP=F;0.6:HB=F:CP=F;0.7:HB=F:CP=F;0.8:HB=F:CP=F;0.9:HB=F:CP=F;1:HB=F:CP=F,0.01,False,0.000000,,,,0.000000,0.000000,0,0.01,False,0.000000,,False,target_gt_nonlinear_geometry_upper_bound,A|target_gt_nonlinear_geometry_upper_bound|angle_error_gt_15deg|absolute_0.001
A,DIOR-R,rotated_retinanet_psc,angle_error_gt_15deg,absolute_0.0025,absolute,0.002500,larger_is_better_true_endpoint_with_persistent_row_tie_break,,0.01:HB=F:CP=F;0.025:HB=F:CP=F;0.05:HB=F:CP=F;0.1:HB=F:CP=F;0.2:HB=F:CP=F;0.3:HB=F:CP=F;0.4:HB=F:CP=F;0.5:HB=F:CP=F;0.6:HB=P:CP=P;0.7:HB=P:CP=P;0.8:HB=P:CP=P;0.9:HB=P:CP=P;1:HB=F:CP=F,0.01,False,0.000000,,,,0.000000,0.000000,0,0.01,False,0.000000,,False,target_gt_nonlinear_geometry_upper_bound,A|target_gt_nonlinear_geometry_upper_bound|angle_error_gt_15deg|absolute_0.0025
A,DIOR-R,rotated_retinanet_psc,angle_error_gt_15deg,absolute_0.005,absolute,0.005000,larger_is_better_true_endpoint_with_persistent_row_tie_break,,0.01:HB=F:CP=F;0.025:HB=F:CP=F;0.05:HB=F:CP=F;0.1:HB=F:CP=F;0.2:HB=F:CP=F;0.3:HB=P:CP=P;0.4:HB=P:CP=P;0.5:HB=P:CP=P;0.6:HB=P:CP=P;0.7:HB=P:CP=P;0.8:HB=P:CP=P;0.9:HB=P:CP=P;1:HB=F:CP=F,0.01,False,0.000000,,,,0.000000,0.000000,0,0.01,False,0.000000,,False,target_gt_nonlinear_geometry_upper_bound,A|target_gt_nonlinear_geometry_upper_bound|angle_error_gt_15deg|absolute_0.005
A,DIOR-R,rotated_retinanet_psc,angle_error_gt_15deg,absolute_0.01,absolute,0.010000,larger_is_better_true_endpoint_with_persistent_row_tie_break,,0.01:HB=F:CP=F;0.025:HB=F:CP=F;0.05:HB=F:CP=F;0.1:HB=F:CP=F;0.2:HB=P:CP=P;0.3:HB=P:CP=P;0.4:HB=P:CP=P;0.5:HB=P:CP=P;0.6:HB=P:CP=P;0.7:HB=P:CP=P;0.8:HB=P:CP=P;0.9:HB=P:CP=P;1:HB=F:CP=F,0.01,False,0.000000,,,,0.000000,0.000000,0,0.01,False,0.000000,,False,target_gt_nonlinear_geometry_upper_bound,A|target_gt_nonlinear_geometry_upper_bound|angle_error_gt_15deg|absolute_0.01
A,DIOR-R,rotated_retinanet_psc,angle_error_gt_15deg,relative_0.5_r_fit,relative,0.004958,larger_is_better_true_endpoint_with_persistent_row_tie_break,,0.01:HB=F:CP=F;0.025:HB=F:CP=F;0.05:HB=F:CP=F;0.1:HB=F:CP=F;0.2:HB=F:CP=F;0.3:HB=P:CP=P;0.4:HB=P:CP=P;0.5:HB=P:CP=P;0.6:HB=P:CP=P;0.7:HB=P:CP=P;0.8:HB=P:CP=P;0.9:HB=P:CP=P;1:HB=F:CP=F,0.01,False,0.000000,,,,0.000000,0.000000,0,0.01,False,0.000000,,False,target_gt_nonlinear_geometry_upper_bound,A|target_gt_nonlinear_geometry_upper_bound|angle_error_gt_15deg|relative_0.5_r_fit
A,DIOR-R,rotated_retinanet_psc,angle_error_gt_15deg,relative_0.25_r_fit,relative,0.002479,larger_is_better_true_endpoint_with_persistent_row_tie_break,,0.01:HB=F:CP=F;0.025:HB=F:CP=F;0.05:HB=F:CP=F;0.1:HB=F:CP=F;0.2:HB=F:CP=F;0.3:HB=F:CP=F;0.4:HB=F:CP=F;0.5:HB=F:CP=F;0.6:HB=P:CP=P;0.7:HB=P:CP=P;0.8:HB=P:CP=P;0.9:HB=P:CP=P;1:HB=F:CP=F,0.01,False,0.000000,,,,0.000000,0.000000,0,0.01,False,0.000000,,False,target_gt_nonlinear_geometry_upper_bound,A|target_gt_nonlinear_geometry_upper_bound|angle_error_gt_15deg|relative_0.25_r_fit
B,DIOR-R,oriented_rcnn,geometry_normalized_severe,absolute_0.001,absolute,0.001000,larger_is_better_true_endpoint_with_persistent_row_tie_break,,0.01:HB=F:CP=F;0.025:HB=F:CP=F;0.05:HB=F:CP=F;0.1:HB=F:CP=F;0.2:HB=F:CP=F;0.3:HB=F:CP=F;0.4:HB=F:CP=F;0.5:HB=F:CP=F;0.6:HB=F:CP=F;0.7:HB=F:CP=F;0.8:HB=F:CP=F;0.9:HB=F:CP=F;1:HB=F:CP=F,0.01,False,0.000000,,,,0.000000,0.000000,0,0.01,False,0.000000,,False,detection_score,B|detection_score|geometry_normalized_severe|absolute_0.001
B,DIOR-R,oriented_rcnn,geometry_normalized_severe,absolute_0.0025,absolute,0.002500,larger_is_better_true_endpoint_with_persistent_row_tie_break,,0.01:HB=F:CP=F;0.025:HB=F:CP=F;0.05:HB=F:CP=F;0.1:HB=F:CP=F;0.2:HB=F:CP=F;0.3:HB=F:CP=F;0.4:HB=F:CP=F;0.5:HB=P:CP=P;0.6:HB=P:CP=P;0.7:HB=P:CP=P;0.8:HB=P:CP=P;0.9:HB=P:CP=P;1:HB=F:CP=F,0.01,False,0.000000,,,,0.000000,0.000000,0,0.01,False,0.000000,,False,detection_score,B|detection_score|geometry_normalized_severe|absolute_0.0025
B,DIOR-R,oriented_rcnn,geometry_normalized_severe,absolute_0.005,absolute,0.005000,larger_is_better_true_endpoint_with_persistent_row_tie_break,,0.01:HB=F:CP=F;0.025:HB=F:CP=F;0.05:HB=F:CP=F;0.1:HB=F:CP=F;0.2:HB=F:CP=F;0.3:HB=P:CP=P;0.4:HB=P:CP=P;0.5:HB=P:CP=P;0.6:HB=P:CP=P;0.7:HB=P:CP=P;0.8:HB=P:CP=P;0.9:HB=P:CP=P;1:HB=F:CP=F,0.01,False,0.000000,,,,0.000000,0.000000,0,0.01,False,0.000000,,False,detection_score,B|detection_score|geometry_normalized_severe|absolute_0.005
B,DIOR-R,oriented_rcnn,geometry_normalized_severe,absolute_0.01,absolute,0.010000,larger_is_better_true_endpoint_with_persistent_row_tie_break,,0.01:HB=F:CP=F;0.025:HB=F:CP=F;0.05:HB=F:CP=F;0.1:HB=F:CP=F;0.2:HB=P:CP=P;0.3:HB=P:CP=P;0.4:HB=P:CP=P;0.5:HB=P:CP=P;0.6:HB=P:CP=P;0.7:HB=P:CP=P;0.8:HB=P:CP=P;0.9:HB=P:CP=P;1:HB=F:CP=F,0.01,False,0.000000,,,,0.000000,0.000000,0,0.01,False,0.000000,,False,detection_score,B|detection_score|geometry_normalized_severe|absolute_0.01
B,DIOR-R,oriented_rcnn,geometry_normalized_severe,relative_0.5_r_fit,relative,0.012520,larger_is_better_true_endpoint_with_persistent_row_tie_break,,0.01:HB=F:CP=F;0.025:HB=F:CP=F;0.05:HB=F:CP=F;0.1:HB=F:CP=F;0.2:HB=P:CP=P;0.3:HB=P:CP=P;0.4:HB=P:CP=P;0.5:HB=P:CP=P;0.6:HB=P:CP=P;0.7:HB=P:CP=P;0.8:HB=P:CP=P;0.9:HB=P:CP=P;1:HB=F:CP=F,0.01,False,0.000000,,,,0.000000,0.000000,0,0.01,False,0.000000,,False,detection_score,B|detection_score|geometry_normalized_severe|relative_0.5_r_fit
B,DIOR-R,oriented_rcnn,geometry_normalized_severe,relative_0.25_r_fit,relative,0.006260,larger_is_better_true_endpoint_with_persistent_row_tie_break,,0.01:HB=F:CP=F;0.025:HB=F:CP=F;0.05:HB=F:CP=F;0.1:HB=F:CP=F;0.2:HB=F:CP=F;0.3:HB=P:CP=P;0.4:HB=P:CP=P;0.5:HB=P:CP=P;0.6:HB=P:CP=P;0.7:HB=P:CP=P;0.8:HB=P:CP=P;0.9:HB=P:CP=P;1:HB=F:CP=F,0.01,False,0.000000,,,,0.000000,0.000000,0,0.01,False,0.000000,,False,detection_score,B|detection_score|geometry_normalized_severe|relative_0.25_r_fit
B,DIOR-R,oriented_rcnn,geometry_normalized_severe,absolute_0.001,absolute,0.001000,larger_is_better_true_endpoint_with_persistent_row_tie_break,,0.01:HB=F:CP=F;0.025:HB=F:CP=F;0.05:HB=F:CP=F;0.1:HB=F:CP=F;0.2:HB=F:CP=F;0.3:HB=F:CP=F;0.4:HB=F:CP=F;0.5:HB=F:CP=F;0.6:HB=F:CP=F;0.7:HB=F:CP=F;0.8:HB=F:CP=F;0.9:HB=F:CP=F;1:HB=F:CP=F,0.01,False,0.000000,,,,0.000000,0.000000,0,0.01,False,0.000000,,False,tta_circular_consistency,B|tta_circular_consistency|geometry_normalized_severe|absolute_0.001
B,DIOR-R,oriented_rcnn,geometry_normalized_severe,absolute_0.0025,absolute,0.002500,larger_is_better_true_endpoint_with_persistent_row_tie_break,,0.01:HB=F:CP=F;0.025:HB=F:CP=F;0.05:HB=F:CP=F;0.1:HB=F:CP=F;0.2:HB=F:CP=F;0.3:HB=F:CP=F;0.4:HB=F:CP=F;0.5:HB=P:CP=P;0.6:HB=P:CP=P;0.7:HB=P:CP=P;0.8:HB=P:CP=P;0.9:HB=P:CP=P;1:HB=F:CP=F,0.01,False,0.000000,,,,0.000000,0.000000,0,0.01,False,0.000000,,False,tta_circular_consistency,B|tta_circular_consistency|geometry_normalized_severe|absolute_0.0025
B,DIOR-R,oriented_rcnn,geometry_normalized_severe,absolute_0.005,absolute,0.005000,larger_is_better_true_endpoint_with_persistent_row_tie_break,,0.01:HB=F:CP=F;0.025:HB=F:CP=F;0.05:HB=F:CP=F;0.1:HB=F:CP=F;0.2:HB=F:CP=F;0.3:HB=P:CP=P;0.4:HB=P:CP=P;0.5:HB=P:CP=P;0.6:HB=P:CP=P;0.7:HB=P:CP=P;0.8:HB=P:CP=P;0.9:HB=P:CP=P;1:HB=F:CP=F,0.01,False,0.000000,,,,0.000000,0.000000,0,0.01,False,0.000000,,False,tta_circular_consistency,B|tta_circular_consistency|geometry_normalized_severe|absolute_0.005
B,DIOR-R,oriented_rcnn,geometry_normalized_severe,absolute_0.01,absolute,0.010000,larger_is_better_true_endpoint_with_persistent_row_tie_break,,0.01:HB=F:CP=F;0.025:HB=F:CP=F;0.05:HB=F:CP=F;0.1:HB=F:CP=F;0.2:HB=P:CP=P;0.3:HB=P:CP=P;0.4:HB=P:CP=P;0.5:HB=P:CP=P;0.6:HB=P:CP=P;0.7:HB=P:CP=P;0.8:HB=P:CP=P;0.9:HB=P:CP=P;1:HB=F:CP=F,0.01,False,0.000000,,,,0.000000,0.000000,0,0.01,False,0.000000,,False,tta_circular_consistency,B|tta_circular_consistency|geometry_normalized_severe|absolute_0.01
B,DIOR-R,oriented_rcnn,geometry_normalized_severe,relative_0.5_r_fit,relative,0.012520,larger_is_better_true_endpoint_with_persistent_row_tie_break,,0.01:HB=F:CP=F;0.025:HB=F:CP=F;0.05:HB=F:CP=F;0.1:HB=F:CP=F;0.2:HB=P:CP=P;0.3:HB=P:CP=P;0.4:HB=P:CP=P;0.5:HB=P:CP=P;0.6:HB=P:CP=P;0.7:HB=P:CP=P;0.8:HB=P:CP=P;0.9:HB=P:CP=P;1:HB=F:CP=F,0.01,False,0.000000,,,,0.000000,0.000000,0,0.01,False,0.000000,,False,tta_circular_consistency,B|tta_circular_consistency|geometry_normalized_severe|relative_0.5_r_fit
B,DIOR-R,oriented_rcnn,geometry_normalized_severe,relative_0.25_r_fit,relative,0.006260,larger_is_better_true_endpoint_with_persistent_row_tie_break,,0.01:HB=F:CP=F;0.025:HB=F:CP=F;0.05:HB=F:CP=F;0.1:HB=F:CP=F;0.2:HB=F:CP=F;0.3:HB=P:CP=P;0.4:HB=P:CP=P;0.5:HB=P:CP=P;0.6:HB=P:CP=P;0.7:HB=P:CP=P;0.8:HB=P:CP=P;0.9:HB=P:CP=P;1:HB=F:CP=F,0.01,False,0.000000,,,,0.000000,0.000000,0,0.01,False,0.000000,,False,tta_circular_consistency,B|tta_circular_consistency|geometry_normalized_severe|relative_0.25_r_fit
B,DIOR-R,oriented_rcnn,geometry_normalized_severe,absolute_0.001,absolute,0.001000,larger_is_better_true_endpoint_with_persistent_row_tie_break,,0.01:HB=F:CP=F;0.025:HB=F:CP=F;0.05:HB=F:CP=F;0.1:HB=F:CP=F;0.2:HB=F:CP=F;0.3:HB=F:CP=F;0.4:HB=F:CP=F;0.5:HB=F:CP=F;0.6:HB=F:CP=F;0.7:HB=F:CP=F;0.8:HB=F:CP=F;0.9:HB=F:CP=F;1:HB=F:CP=F,0.01,False,0.000000,,,,0.000000,0.000000,0,0.01,False,0.000000,,False,source_supervised_leave_geometry,B|source_supervised_leave_geometry|geometry_normalized_severe|absolute_0.001
B,DIOR-R,oriented_rcnn,geometry_normalized_severe,absolute_0.0025,absolute,0.002500,larger_is_better_true_endpoint_with_persistent_row_tie_break,,0.01:HB=F:CP=F;0.025:HB=F:CP=F;0.05:HB=F:CP=F;0.1:HB=F:CP=F;0.2:HB=F:CP=F;0.3:HB=F:CP=F;0.4:HB=F:CP=F;0.5:HB=P:CP=P;0.6:HB=P:CP=P;0.7:HB=P:CP=P;0.8:HB=P:CP=P;0.9:HB=P:CP=P;1:HB=F:CP=F,0.01,False,0.000000,,,,0.000000,0.000000,0,0.01,False,0.000000,,False,source_supervised_leave_geometry,B|source_supervised_leave_geometry|geometry_normalized_severe|absolute_0.0025
B,DIOR-R,oriented_rcnn,geometry_normalized_severe,absolute_0.005,absolute,0.005000,larger_is_better_true_endpoint_with_persistent_row_tie_break,,0.01:HB=F:CP=F;0.025:HB=F:CP=F;0.05:HB=F:CP=F;0.1:HB=F:CP=F;0.2:HB=F:CP=F;0.3:HB=P:CP=P;0.4:HB=P:CP=P;0.5:HB=P:CP=P;0.6:HB=P:CP=P;0.7:HB=P:CP=P;0.8:HB=P:CP=P;0.9:HB=P:CP=P;1:HB=F:CP=F,0.01,False,0.000000,,,,0.000000,0.000000,0,0.01,False,0.000000,,False,source_supervised_leave_geometry,B|source_supervised_leave_geometry|geometry_normalized_severe|absolute_0.005
B,DIOR-R,oriented_rcnn,geometry_normalized_severe,absolute_0.01,absolute,0.010000,larger_is_better_true_endpoint_with_persistent_row_tie_break,,0.01:HB=F:CP=F;0.025:HB=F:CP=F;0.05:HB=F:CP=F;0.1:HB=F:CP=F;0.2:HB=P:CP=P;0.3:HB=P:CP=P;0.4:HB=P:CP=P;0.5:HB=P:CP=P;0.6:HB=P:CP=P;0.7:HB=P:CP=P;0.8:HB=P:CP=P;0.9:HB=P:CP=P;1:HB=F:CP=F,0.01,False,0.000000,,,,0.000000,0.000000,0,0.01,False,0.000000,,False,source_supervised_leave_geometry,B|source_supervised_leave_geometry|geometry_normalized_severe|absolute_0.01
B,DIOR-R,oriented_rcnn,geometry_normalized_severe,relative_0.5_r_fit,relative,0.012520,larger_is_better_true_endpoint_with_persistent_row_tie_break,,0.01:HB=F:CP=F;0.025:HB=F:CP=F;0.05:HB=F:CP=F;0.1:HB=F:CP=F;0.2:HB=P:CP=P;0.3:HB=P:CP=P;0.4:HB=P:CP=P;0.5:HB=P:CP=P;0.6:HB=P:CP=P;0.7:HB=P:CP=P;0.8:HB=P:CP=P;0.9:HB=P:CP=P;1:HB=F:CP=F,0.01,False,0.000000,,,,0.000000,0.000000,0,0.01,False,0.000000,,False,source_supervised_leave_geometry,B|source_supervised_leave_geometry|geometry_normalized_severe|relative_0.5_r_fit
B,DIOR-R,oriented_rcnn,geometry_normalized_severe,relative_0.25_r_fit,relative,0.006260,larger_is_better_true_endpoint_with_persistent_row_tie_break,,0.01:HB=F:CP=F;0.025:HB=F:CP=F;0.05:HB=F:CP=F;0.1:HB=F:CP=F;0.2:HB=F:CP=F;0.3:HB=P:CP=P;0.4:HB=P:CP=P;0.5:HB=P:CP=P;0.6:HB=P:CP=P;0.7:HB=P:CP=P;0.8:HB=P:CP=P;0.9:HB=P:CP=P;1:HB=F:CP=F,0.01,False,0.000000,,,,0.000000,0.000000,0,0.01,False,0.000000,,False,source_supervised_leave_geometry,B|source_supervised_leave_geometry|geometry_normalized_severe|relative_0.25_r_fit
B,DIOR-R,oriented_rcnn,geometry_normalized_severe,absolute_0.001,absolute,0.001000,larger_is_better_true_endpoint_with_persistent_row_tie_break,,0.01:HB=F:CP=F;0.025:HB=F:CP=F;0.05:HB=F:CP=F;0.1:HB=F:CP=F;0.2:HB=F:CP=F;0.3:HB=F:CP=F;0.4:HB=F:CP=F;0.5:HB=F:CP=F;0.6:HB=F:CP=F;0.7:HB=F:CP=F;0.8:HB=F:CP=F;0.9:HB=F:CP=F;1:HB=F:CP=F,0.01,False,0.000000,,,,0.000000,0.000000,0,0.01,False,0.000000,,False,target_gt_nonlinear_geometry_upper_bound,B|target_gt_nonlinear_geometry_upper_bound|geometry_normalized_severe|absolute_0.001
B,DIOR-R,oriented_rcnn,geometry_normalized_severe,absolute_0.0025,absolute,0.002500,larger_is_better_true_endpoint_with_persistent_row_tie_break,,0.01:HB=F:CP=F;0.025:HB=F:CP=F;0.05:HB=F:CP=F;0.1:HB=F:CP=F;0.2:HB=F:CP=F;0.3:HB=F:CP=F;0.4:HB=F:CP=F;0.5:HB=P:CP=P;0.6:HB=P:CP=P;0.7:HB=P:CP=P;0.8:HB=P:CP=P;0.9:HB=P:CP=P;1:HB=F:CP=F,0.01,False,0.000000,,,,0.000000,0.000000,0,0.01,False,0.000000,,False,target_gt_nonlinear_geometry_upper_bound,B|target_gt_nonlinear_geometry_upper_bound|geometry_normalized_severe|absolute_0.0025
B,DIOR-R,oriented_rcnn,geometry_normalized_severe,absolute_0.005,absolute,0.005000,larger_is_better_true_endpoint_with_persistent_row_tie_break,,0.01:HB=F:CP=F;0.025:HB=F:CP=F;0.05:HB=F:CP=F;0.1:HB=F:CP=F;0.2:HB=F:CP=F;0.3:HB=P:CP=P;0.4:HB=P:CP=P;0.5:HB=P:CP=P;0.6:HB=P:CP=P;0.7:HB=P:CP=P;0.8:HB=P:CP=P;0.9:HB=P:CP=P;1:HB=F:CP=F,0.01,False,0.000000,,,,0.000000,0.000000,0,0.01,False,0.000000,,False,target_gt_nonlinear_geometry_upper_bound,B|target_gt_nonlinear_geometry_upper_bound|geometry_normalized_severe|absolute_0.005
B,DIOR-R,oriented_rcnn,geometry_normalized_severe,absolute_0.01,absolute,0.010000,larger_is_better_true_endpoint_with_persistent_row_tie_break,,0.01:HB=F:CP=F;0.025:HB=F:CP=F;0.05:HB=F:CP=F;0.1:HB=F:CP=F;0.2:HB=P:CP=P;0.3:HB=P:CP=P;0.4:HB=P:CP=P;0.5:HB=P:CP=P;0.6:HB=P:CP=P;0.7:HB=P:CP=P;0.8:HB=P:CP=P;0.9:HB=P:CP=P;1:HB=F:CP=F,0.01,False,0.000000,,,,0.000000,0.000000,0,0.01,False,0.000000,,False,target_gt_nonlinear_geometry_upper_bound,B|target_gt_nonlinear_geometry_upper_bound|geometry_normalized_severe|absolute_0.01
B,DIOR-R,oriented_rcnn,geometry_normalized_severe,relative_0.5_r_fit,relative,0.012520,larger_is_better_true_endpoint_with_persistent_row_tie_break,,0.01:HB=F:CP=F;0.025:HB=F:CP=F;0.05:HB=F:CP=F;0.1:HB=F:CP=F;0.2:HB=P:CP=P;0.3:HB=P:CP=P;0.4:HB=P:CP=P;0.5:HB=P:CP=P;0.6:HB=P:CP=P;0.7:HB=P:CP=P;0.8:HB=P:CP=P;0.9:HB=P:CP=P;1:HB=F:CP=F,0.01,False,0.000000,,,,0.000000,0.000000,0,0.01,False,0.000000,,False,target_gt_nonlinear_geometry_upper_bound,B|target_gt_nonlinear_geometry_upper_bound|geometry_normalized_severe|relative_0.5_r_fit
B,DIOR-R,oriented_rcnn,geometry_normalized_severe,relative_0.25_r_fit,relative,0.006260,larger_is_better_true_endpoint_with_persistent_row_tie_break,,0.01:HB=F:CP=F;0.025:HB=F:CP=F;0.05:HB=F:CP=F;0.1:HB=F:CP=F;0.2:HB=F:CP=F;0.3:HB=P:CP=P;0.4:HB=P:CP=P;0.5:HB=P:CP=P;0.6:HB=P:CP=P;0.7:HB=P:CP=P;0.8:HB=P:CP=P;0.9:HB=P:CP=P;1:HB=F:CP=F,0.01,False,0.000000,,,,0.000000,0.000000,0,0.01,False,0.000000,,False,target_gt_nonlinear_geometry_upper_bound,B|target_gt_nonlinear_geometry_upper_bound|geometry_normalized_severe|relative_0.25_r_fit
B,DIOR-R,oriented_rcnn,angle_error_gt_5deg,absolute_0.001,absolute,0.001000,larger_is_better_true_endpoint_with_persistent_row_tie_break,,0.01:HB=F:CP=F;0.025:HB=F:CP=F;0.05:HB=F:CP=F;0.1:HB=F:CP=F;0.2:HB=F:CP=F;0.3:HB=F:CP=F;0.4:HB=F:CP=F;0.5:HB=F:CP=F;0.6:HB=F:CP=F;0.7:HB=F:CP=F;0.8:HB=F:CP=F;0.9:HB=F:CP=F;1:HB=F:CP=F,0.01,False,0.000000,,,,0.000000,0.000000,0,0.01,False,0.000000,,False,detection_score,B|detection_score|angle_error_gt_5deg|absolute_0.001
B,DIOR-R,oriented_rcnn,angle_error_gt_5deg,absolute_0.0025,absolute,0.002500,larger_is_better_true_endpoint_with_persistent_row_tie_break,,0.01:HB=F:CP=F;0.025:HB=F:CP=F;0.05:HB=F:CP=F;0.1:HB=F:CP=F;0.2:HB=F:CP=F;0.3:HB=F:CP=F;0.4:HB=F:CP=F;0.5:HB=P:CP=P;0.6:HB=P:CP=P;0.7:HB=P:CP=P;0.8:HB=P:CP=P;0.9:HB=P:CP=P;1:HB=F:CP=F,0.01,False,0.000000,,,,0.000000,0.000000,0,0.01,False,0.000000,,False,detection_score,B|detection_score|angle_error_gt_5deg|absolute_0.0025
B,DIOR-R,oriented_rcnn,angle_error_gt_5deg,absolute_0.005,absolute,0.005000,larger_is_better_true_endpoint_with_persistent_row_tie_break,,0.01:HB=F:CP=F;0.025:HB=F:CP=F;0.05:HB=F:CP=F;0.1:HB=F:CP=F;0.2:HB=F:CP=F;0.3:HB=P:CP=P;0.4:HB=P:CP=P;0.5:HB=P:CP=P;0.6:HB=P:CP=P;0.7:HB=P:CP=P;0.8:HB=P:CP=P;0.9:HB=P:CP=P;1:HB=F:CP=F,0.01,False,0.000000,,,,0.000000,0.000000,0,0.01,False,0.000000,,False,detection_score,B|detection_score|angle_error_gt_5deg|absolute_0.005
B,DIOR-R,oriented_rcnn,angle_error_gt_5deg,absolute_0.01,absolute,0.010000,larger_is_better_true_endpoint_with_persistent_row_tie_break,,0.01:HB=F:CP=F;0.025:HB=F:CP=F;0.05:HB=F:CP=F;0.1:HB=F:CP=F;0.2:HB=P:CP=P;0.3:HB=P:CP=P;0.4:HB=P:CP=P;0.5:HB=P:CP=P;0.6:HB=P:CP=P;0.7:HB=P:CP=P;0.8:HB=P:CP=P;0.9:HB=P:CP=P;1:HB=F:CP=F,0.01,False,0.000000,,,,0.000000,0.000000,0,0.01,False,0.000000,,False,detection_score,B|detection_score|angle_error_gt_5deg|absolute_0.01
B,DIOR-R,oriented_rcnn,angle_error_gt_5deg,relative_0.5_r_fit,relative,0.042347,larger_is_better_true_endpoint_with_persistent_row_tie_break,,0.01:HB=F:CP=F;0.025:HB=F:CP=F;0.05:HB=P:CP=P;0.1:HB=P:CP=P;0.2:HB=P:CP=P;0.3:HB=P:CP=P;0.4:HB=P:CP=P;0.5:HB=P:CP=P;0.6:HB=P:CP=P;0.7:HB=P:CP=P;0.8:HB=P:CP=P;0.9:HB=P:CP=P;1:HB=F:CP=F,0.01,False,0.000000,,,,0.000000,0.000000,0,0.01,False,0.000000,,False,detection_score,B|detection_score|angle_error_gt_5deg|relative_0.5_r_fit
B,DIOR-R,oriented_rcnn,angle_error_gt_5deg,relative_0.25_r_fit,relative,0.021173,larger_is_better_true_endpoint_with_persistent_row_tie_break,,0.01:HB=F:CP=F;0.025:HB=F:CP=F;0.05:HB=F:CP=F;0.1:HB=P:CP=P;0.2:HB=P:CP=P;0.3:HB=P:CP=P;0.4:HB=P:CP=P;0.5:HB=P:CP=P;0.6:HB=P:CP=P;0.7:HB=P:CP=P;0.8:HB=P:CP=P;0.9:HB=P:CP=P;1:HB=F:CP=F,0.01,False,0.000000,,,,0.000000,0.000000,0,0.01,False,0.000000,,False,detection_score,B|detection_score|angle_error_gt_5deg|relative_0.25_r_fit
B,DIOR-R,oriented_rcnn,angle_error_gt_5deg,absolute_0.001,absolute,0.001000,larger_is_better_true_endpoint_with_persistent_row_tie_break,,0.01:HB=F:CP=F;0.025:HB=F:CP=F;0.05:HB=F:CP=F;0.1:HB=F:CP=F;0.2:HB=F:CP=F;0.3:HB=F:CP=F;0.4:HB=F:CP=F;0.5:HB=F:CP=F;0.6:HB=F:CP=F;0.7:HB=F:CP=F;0.8:HB=F:CP=F;0.9:HB=F:CP=F;1:HB=F:CP=F,0.01,False,0.000000,,,,0.000000,0.000000,0,0.01,False,0.000000,,False,tta_circular_consistency,B|tta_circular_consistency|angle_error_gt_5deg|absolute_0.001
B,DIOR-R,oriented_rcnn,angle_error_gt_5deg,absolute_0.0025,absolute,0.002500,larger_is_better_true_endpoint_with_persistent_row_tie_break,,0.01:HB=F:CP=F;0.025:HB=F:CP=F;0.05:HB=F:CP=F;0.1:HB=F:CP=F;0.2:HB=F:CP=F;0.3:HB=F:CP=F;0.4:HB=F:CP=F;0.5:HB=P:CP=P;0.6:HB=P:CP=P;0.7:HB=P:CP=P;0.8:HB=P:CP=P;0.9:HB=P:CP=P;1:HB=F:CP=F,0.01,False,0.000000,,,,0.000000,0.000000,0,0.01,False,0.000000,,False,tta_circular_consistency,B|tta_circular_consistency|angle_error_gt_5deg|absolute_0.0025
B,DIOR-R,oriented_rcnn,angle_error_gt_5deg,absolute_0.005,absolute,0.005000,larger_is_better_true_endpoint_with_persistent_row_tie_break,,0.01:HB=F:CP=F;0.025:HB=F:CP=F;0.05:HB=F:CP=F;0.1:HB=F:CP=F;0.2:HB=F:CP=F;0.3:HB=P:CP=P;0.4:HB=P:CP=P;0.5:HB=P:CP=P;0.6:HB=P:CP=P;0.7:HB=P:CP=P;0.8:HB=P:CP=P;0.9:HB=P:CP=P;1:HB=F:CP=F,0.01,False,0.000000,,,,0.000000,0.000000,0,0.01,False,0.000000,,False,tta_circular_consistency,B|tta_circular_consistency|angle_error_gt_5deg|absolute_0.005
B,DIOR-R,oriented_rcnn,angle_error_gt_5deg,absolute_0.01,absolute,0.010000,larger_is_better_true_endpoint_with_persistent_row_tie_break,,0.01:HB=F:CP=F;0.025:HB=F:CP=F;0.05:HB=F:CP=F;0.1:HB=F:CP=F;0.2:HB=P:CP=P;0.3:HB=P:CP=P;0.4:HB=P:CP=P;0.5:HB=P:CP=P;0.6:HB=P:CP=P;0.7:HB=P:CP=P;0.8:HB=P:CP=P;0.9:HB=P:CP=P;1:HB=F:CP=F,0.01,False,0.000000,,,,0.000000,0.000000,0,0.01,False,0.000000,,False,tta_circular_consistency,B|tta_circular_consistency|angle_error_gt_5deg|absolute_0.01
B,DIOR-R,oriented_rcnn,angle_error_gt_5deg,relative_0.5_r_fit,relative,0.042347,larger_is_better_true_endpoint_with_persistent_row_tie_break,,0.01:HB=F:CP=F;0.025:HB=F:CP=F;0.05:HB=P:CP=P;0.1:HB=P:CP=P;0.2:HB=P:CP=P;0.3:HB=P:CP=P;0.4:HB=P:CP=P;0.5:HB=P:CP=P;0.6:HB=P:CP=P;0.7:HB=P:CP=P;0.8:HB=P:CP=P;0.9:HB=P:CP=P;1:HB=F:CP=F,0.01,False,0.000000,,,,0.000000,0.000000,0,0.01,False,0.000000,,False,tta_circular_consistency,B|tta_circular_consistency|angle_error_gt_5deg|relative_0.5_r_fit
B,DIOR-R,oriented_rcnn,angle_error_gt_5deg,relative_0.25_r_fit,relative,0.021173,larger_is_better_true_endpoint_with_persistent_row_tie_break,,0.01:HB=F:CP=F;0.025:HB=F:CP=F;0.05:HB=F:CP=F;0.1:HB=P:CP=P;0.2:HB=P:CP=P;0.3:HB=P:CP=P;0.4:HB=P:CP=P;0.5:HB=P:CP=P;0.6:HB=P:CP=P;0.7:HB=P:CP=P;0.8:HB=P:CP=P;0.9:HB=P:CP=P;1:HB=F:CP=F,0.01,False,0.000000,,,,0.000000,0.000000,0,0.01,False,0.000000,,False,tta_circular_consistency,B|tta_circular_consistency|angle_error_gt_5deg|relative_0.25_r_fit
B,DIOR-R,oriented_rcnn,angle_error_gt_5deg,absolute_0.001,absolute,0.001000,larger_is_better_true_endpoint_with_persistent_row_tie_break,,0.01:HB=F:CP=F;0.025:HB=F:CP=F;0.05:HB=F:CP=F;0.1:HB=F:CP=F;0.2:HB=F:CP=F;0.3:HB=F:CP=F;0.4:HB=F:CP=F;0.5:HB=F:CP=F;0.6:HB=F:CP=F;0.7:HB=F:CP=F;0.8:HB=F:CP=F;0.9:HB=F:CP=F;1:HB=F:CP=F,0.01,False,0.000000,,,,0.000000,0.000000,0,0.01,False,0.000000,,False,source_supervised_leave_geometry,B|source_supervised_leave_geometry|angle_error_gt_5deg|absolute_0.001
B,DIOR-R,oriented_rcnn,angle_error_gt_5deg,absolute_0.0025,absolute,0.002500,larger_is_better_true_endpoint_with_persistent_row_tie_break,,0.01:HB=F:CP=F;0.025:HB=F:CP=F;0.05:HB=F:CP=F;0.1:HB=F:CP=F;0.2:HB=F:CP=F;0.3:HB=F:CP=F;0.4:HB=F:CP=F;0.5:HB=P:CP=P;0.6:HB=P:CP=P;0.7:HB=P:CP=P;0.8:HB=P:CP=P;0.9:HB=P:CP=P;1:HB=F:CP=F,0.01,False,0.000000,,,,0.000000,0.000000,0,0.01,False,0.000000,,False,source_supervised_leave_geometry,B|source_supervised_leave_geometry|angle_error_gt_5deg|absolute_0.0025
B,DIOR-R,oriented_rcnn,angle_error_gt_5deg,absolute_0.005,absolute,0.005000,larger_is_better_true_endpoint_with_persistent_row_tie_break,,0.01:HB=F:CP=F;0.025:HB=F:CP=F;0.05:HB=F:CP=F;0.1:HB=F:CP=F;0.2:HB=F:CP=F;0.3:HB=P:CP=P;0.4:HB=P:CP=P;0.5:HB=P:CP=P;0.6:HB=P:CP=P;0.7:HB=P:CP=P;0.8:HB=P:CP=P;0.9:HB=P:CP=P;1:HB=F:CP=F,0.01,False,0.000000,,,,0.000000,0.000000,0,0.01,False,0.000000,,False,source_supervised_leave_geometry,B|source_supervised_leave_geometry|angle_error_gt_5deg|absolute_0.005
B,DIOR-R,oriented_rcnn,angle_error_gt_5deg,absolute_0.01,absolute,0.010000,larger_is_better_true_endpoint_with_persistent_row_tie_break,,0.01:HB=F:CP=F;0.025:HB=F:CP=F;0.05:HB=F:CP=F;0.1:HB=F:CP=F;0.2:HB=P:CP=P;0.3:HB=P:CP=P;0.4:HB=P:CP=P;0.5:HB=P:CP=P;0.6:HB=P:CP=P;0.7:HB=P:CP=P;0.8:HB=P:CP=P;0.9:HB=P:CP=P;1:HB=F:CP=F,0.01,False,0.000000,,,,0.000000,0.000000,0,0.01,False,0.000000,,False,source_supervised_leave_geometry,B|source_supervised_leave_geometry|angle_error_gt_5deg|absolute_0.01
B,DIOR-R,oriented_rcnn,angle_error_gt_5deg,relative_0.5_r_fit,relative,0.042347,larger_is_better_true_endpoint_with_persistent_row_tie_break,,0.01:HB=F:CP=F;0.025:HB=F:CP=F;0.05:HB=P:CP=P;0.1:HB=P:CP=P;0.2:HB=P:CP=P;0.3:HB=P:CP=P;0.4:HB=P:CP=P;0.5:HB=P:CP=P;0.6:HB=P:CP=P;0.7:HB=P:CP=P;0.8:HB=P:CP=P;0.9:HB=P:CP=P;1:HB=F:CP=F,0.01,False,0.000000,,,,0.000000,0.000000,0,0.01,False,0.000000,,False,source_supervised_leave_geometry,B|source_supervised_leave_geometry|angle_error_gt_5deg|relative_0.5_r_fit
B,DIOR-R,oriented_rcnn,angle_error_gt_5deg,relative_0.25_r_fit,relative,0.021173,larger_is_better_true_endpoint_with_persistent_row_tie_break,,0.01:HB=F:CP=F;0.025:HB=F:CP=F;0.05:HB=F:CP=F;0.1:HB=P:CP=P;0.2:HB=P:CP=P;0.3:HB=P:CP=P;0.4:HB=P:CP=P;0.5:HB=P:CP=P;0.6:HB=P:CP=P;0.7:HB=P:CP=P;0.8:HB=P:CP=P;0.9:HB=P:CP=P;1:HB=F:CP=F,0.01,False,0.000000,,,,0.000000,0.000000,0,0.01,False,0.000000,,False,source_supervised_leave_geometry,B|source_supervised_leave_geometry|angle_error_gt_5deg|relative_0.25_r_fit
B,DIOR-R,oriented_rcnn,angle_error_gt_5deg,absolute_0.001,absolute,0.001000,larger_is_better_true_endpoint_with_persistent_row_tie_break,,0.01:HB=F:CP=F;0.025:HB=F:CP=F;0.05:HB=F:CP=F;0.1:HB=F:CP=F;0.2:HB=F:CP=F;0.3:HB=F:CP=F;0.4:HB=F:CP=F;0.5:HB=F:CP=F;0.6:HB=F:CP=F;0.7:HB=F:CP=F;0.8:HB=F:CP=F;0.9:HB=F:CP=F;1:HB=F:CP=F,0.01,False,0.000000,,,,0.000000,0.000000,0,0.01,False,0.000000,,False,target_gt_nonlinear_geometry_upper_bound,B|target_gt_nonlinear_geometry_upper_bound|angle_error_gt_5deg|absolute_0.001
B,DIOR-R,oriented_rcnn,angle_error_gt_5deg,absolute_0.0025,absolute,0.002500,larger_is_better_true_endpoint_with_persistent_row_tie_break,,0.01:HB=F:CP=F;0.025:HB=F:CP=F;0.05:HB=F:CP=F;0.1:HB=F:CP=F;0.2:HB=F:CP=F;0.3:HB=F:CP=F;0.4:HB=F:CP=F;0.5:HB=P:CP=P;0.6:HB=P:CP=P;0.7:HB=P:CP=P;0.8:HB=P:CP=P;0.9:HB=P:CP=P;1:HB=F:CP=F,0.01,False,0.000000,,,,0.000000,0.000000,0,0.01,False,0.000000,,False,target_gt_nonlinear_geometry_upper_bound,B|target_gt_nonlinear_geometry_upper_bound|angle_error_gt_5deg|absolute_0.0025
B,DIOR-R,oriented_rcnn,angle_error_gt_5deg,absolute_0.005,absolute,0.005000,larger_is_better_true_endpoint_with_persistent_row_tie_break,,0.01:HB=F:CP=F;0.025:HB=F:CP=F;0.05:HB=F:CP=F;0.1:HB=F:CP=F;0.2:HB=F:CP=F;0.3:HB=P:CP=P;0.4:HB=P:CP=P;0.5:HB=P:CP=P;0.6:HB=P:CP=P;0.7:HB=P:CP=P;0.8:HB=P:CP=P;0.9:HB=P:CP=P;1:HB=F:CP=F,0.01,False,0.000000,,,,0.000000,0.000000,0,0.01,False,0.000000,,False,target_gt_nonlinear_geometry_upper_bound,B|target_gt_nonlinear_geometry_upper_bound|angle_error_gt_5deg|absolute_0.005
B,DIOR-R,oriented_rcnn,angle_error_gt_5deg,absolute_0.01,absolute,0.010000,larger_is_better_true_endpoint_with_persistent_row_tie_break,,0.01:HB=F:CP=F;0.025:HB=F:CP=F;0.05:HB=F:CP=F;0.1:HB=F:CP=F;0.2:HB=P:CP=P;0.3:HB=P:CP=P;0.4:HB=P:CP=P;0.5:HB=P:CP=P;0.6:HB=P:CP=P;0.7:HB=P:CP=P;0.8:HB=P:CP=P;0.9:HB=P:CP=P;1:HB=F:CP=F,0.01,False,0.000000,,,,0.000000,0.000000,0,0.01,False,0.000000,,False,target_gt_nonlinear_geometry_upper_bound,B|target_gt_nonlinear_geometry_upper_bound|angle_error_gt_5deg|absolute_0.01
B,DIOR-R,oriented_rcnn,angle_error_gt_5deg,relative_0.5_r_fit,relative,0.042347,larger_is_better_true_endpoint_with_persistent_row_tie_break,,0.01:HB=F:CP=F;0.025:HB=F:CP=F;0.05:HB=P:CP=P;0.1:HB=P:CP=P;0.2:HB=P:CP=P;0.3:HB=P:CP=P;0.4:HB=P:CP=P;0.5:HB=P:CP=P;0.6:HB=P:CP=P;0.7:HB=P:CP=P;0.8:HB=P:CP=P;0.9:HB=P:CP=P;1:HB=F:CP=F,0.01,False,0.000000,,,,0.000000,0.000000,0,0.01,False,0.000000,,False,target_gt_nonlinear_geometry_upper_bound,B|target_gt_nonlinear_geometry_upper_bound|angle_error_gt_5deg|relative_0.5_r_fit
B,DIOR-R,oriented_rcnn,angle_error_gt_5deg,relative_0.25_r_fit,relative,0.021173,larger_is_better_true_endpoint_with_persistent_row_tie_break,,0.01:HB=F:CP=F;0.025:HB=F:CP=F;0.05:HB=F:CP=F;0.1:HB=P:CP=P;0.2:HB=P:CP=P;0.3:HB=P:CP=P;0.4:HB=P:CP=P;0.5:HB=P:CP=P;0.6:HB=P:CP=P;0.7:HB=P:CP=P;0.8:HB=P:CP=P;0.9:HB=P:CP=P;1:HB=F:CP=F,0.01,False,0.000000,,,,0.000000,0.000000,0,0.01,False,0.000000,,False,target_gt_nonlinear_geometry_upper_bound,B|target_gt_nonlinear_geometry_upper_bound|angle_error_gt_5deg|relative_0.25_r_fit
B,DIOR-R,oriented_rcnn,angle_error_gt_10deg,absolute_0.001,absolute,0.001000,larger_is_better_true_endpoint_with_persistent_row_tie_break,,0.01:HB=F:CP=F;0.025:HB=F:CP=F;0.05:HB=F:CP=F;0.1:HB=F:CP=F;0.2:HB=F:CP=F;0.3:HB=F:CP=F;0.4:HB=F:CP=F;0.5:HB=F:CP=F;0.6:HB=F:CP=F;0.7:HB=F:CP=F;0.8:HB=F:CP=F;0.9:HB=F:CP=F;1:HB=F:CP=F,0.01,False,0.000000,,,,0.000000,0.000000,0,0.01,False,0.000000,,False,detection_score,B|detection_score|angle_error_gt_10deg|absolute_0.001
B,DIOR-R,oriented_rcnn,angle_error_gt_10deg,absolute_0.0025,absolute,0.002500,larger_is_better_true_endpoint_with_persistent_row_tie_break,,0.01:HB=F:CP=F;0.025:HB=F:CP=F;0.05:HB=F:CP=F;0.1:HB=F:CP=F;0.2:HB=F:CP=F;0.3:HB=F:CP=F;0.4:HB=F:CP=F;0.5:HB=P:CP=P;0.6:HB=P:CP=P;0.7:HB=P:CP=P;0.8:HB=P:CP=P;0.9:HB=P:CP=P;1:HB=F:CP=F,0.01,False,0.000000,,,,0.000000,0.000000,0,0.01,False,0.000000,,False,detection_score,B|detection_score|angle_error_gt_10deg|absolute_0.0025
B,DIOR-R,oriented_rcnn,angle_error_gt_10deg,absolute_0.005,absolute,0.005000,larger_is_better_true_endpoint_with_persistent_row_tie_break,,0.01:HB=F:CP=F;0.025:HB=F:CP=F;0.05:HB=F:CP=F;0.1:HB=F:CP=F;0.2:HB=F:CP=F;0.3:HB=P:CP=P;0.4:HB=P:CP=P;0.5:HB=P:CP=P;0.6:HB=P:CP=P;0.7:HB=P:CP=P;0.8:HB=P:CP=P;0.9:HB=P:CP=P;1:HB=F:CP=F,0.01,False,0.000000,,,,0.000000,0.000000,0,0.01,False,0.000000,,False,detection_score,B|detection_score|angle_error_gt_10deg|absolute_0.005
B,DIOR-R,oriented_rcnn,angle_error_gt_10deg,absolute_0.01,absolute,0.010000,larger_is_better_true_endpoint_with_persistent_row_tie_break,,0.01:HB=F:CP=F;0.025:HB=F:CP=F;0.05:HB=F:CP=F;0.1:HB=F:CP=F;0.2:HB=P:CP=P;0.3:HB=P:CP=P;0.4:HB=P:CP=P;0.5:HB=P:CP=P;0.6:HB=P:CP=P;0.7:HB=P:CP=P;0.8:HB=P:CP=P;0.9:HB=P:CP=P;1:HB=F:CP=F,0.01,False,0.000000,,,,0.000000,0.000000,0,0.01,False,0.000000,,False,detection_score,B|detection_score|angle_error_gt_10deg|absolute_0.01
B,DIOR-R,oriented_rcnn,angle_error_gt_10deg,relative_0.5_r_fit,relative,0.011203,larger_is_better_true_endpoint_with_persistent_row_tie_break,,0.01:HB=F:CP=F;0.025:HB=F:CP=F;0.05:HB=F:CP=F;0.1:HB=F:CP=F;0.2:HB=P:CP=P;0.3:HB=P:CP=P;0.4:HB=P:CP=P;0.5:HB=P:CP=P;0.6:HB=P:CP=P;0.7:HB=P:CP=P;0.8:HB=P:CP=P;0.9:HB=P:CP=P;1:HB=F:CP=F,0.01,False,0.000000,,,,0.000000,0.000000,0,0.01,False,0.000000,,False,detection_score,B|detection_score|angle_error_gt_10deg|relative_0.5_r_fit
B,DIOR-R,oriented_rcnn,angle_error_gt_10deg,relative_0.25_r_fit,relative,0.005602,larger_is_better_true_endpoint_with_persistent_row_tie_break,,0.01:HB=F:CP=F;0.025:HB=F:CP=F;0.05:HB=F:CP=F;0.1:HB=F:CP=F;0.2:HB=F:CP=F;0.3:HB=P:CP=P;0.4:HB=P:CP=P;0.5:HB=P:CP=P;0.6:HB=P:CP=P;0.7:HB=P:CP=P;0.8:HB=P:CP=P;0.9:HB=P:CP=P;1:HB=F:CP=F,0.01,False,0.000000,,,,0.000000,0.000000,0,0.01,False,0.000000,,False,detection_score,B|detection_score|angle_error_gt_10deg|relative_0.25_r_fit
B,DIOR-R,oriented_rcnn,angle_error_gt_10deg,absolute_0.001,absolute,0.001000,larger_is_better_true_endpoint_with_persistent_row_tie_break,,0.01:HB=F:CP=F;0.025:HB=F:CP=F;0.05:HB=F:CP=F;0.1:HB=F:CP=F;0.2:HB=F:CP=F;0.3:HB=F:CP=F;0.4:HB=F:CP=F;0.5:HB=F:CP=F;0.6:HB=F:CP=F;0.7:HB=F:CP=F;0.8:HB=F:CP=F;0.9:HB=F:CP=F;1:HB=F:CP=F,0.01,False,0.000000,,,,0.000000,0.000000,0,0.01,False,0.000000,,False,tta_circular_consistency,B|tta_circular_consistency|angle_error_gt_10deg|absolute_0.001
B,DIOR-R,oriented_rcnn,angle_error_gt_10deg,absolute_0.0025,absolute,0.002500,larger_is_better_true_endpoint_with_persistent_row_tie_break,,0.01:HB=F:CP=F;0.025:HB=F:CP=F;0.05:HB=F:CP=F;0.1:HB=F:CP=F;0.2:HB=F:CP=F;0.3:HB=F:CP=F;0.4:HB=F:CP=F;0.5:HB=P:CP=P;0.6:HB=P:CP=P;0.7:HB=P:CP=P;0.8:HB=P:CP=P;0.9:HB=P:CP=P;1:HB=F:CP=F,0.01,False,0.000000,,,,0.000000,0.000000,0,0.01,False,0.000000,,False,tta_circular_consistency,B|tta_circular_consistency|angle_error_gt_10deg|absolute_0.0025
B,DIOR-R,oriented_rcnn,angle_error_gt_10deg,absolute_0.005,absolute,0.005000,larger_is_better_true_endpoint_with_persistent_row_tie_break,,0.01:HB=F:CP=F;0.025:HB=F:CP=F;0.05:HB=F:CP=F;0.1:HB=F:CP=F;0.2:HB=F:CP=F;0.3:HB=P:CP=P;0.4:HB=P:CP=P;0.5:HB=P:CP=P;0.6:HB=P:CP=P;0.7:HB=P:CP=P;0.8:HB=P:CP=P;0.9:HB=P:CP=P;1:HB=F:CP=F,0.01,False,0.000000,,,,0.000000,0.000000,0,0.01,False,0.000000,,False,tta_circular_consistency,B|tta_circular_consistency|angle_error_gt_10deg|absolute_0.005
B,DIOR-R,oriented_rcnn,angle_error_gt_10deg,absolute_0.01,absolute,0.010000,larger_is_better_true_endpoint_with_persistent_row_tie_break,,0.01:HB=F:CP=F;0.025:HB=F:CP=F;0.05:HB=F:CP=F;0.1:HB=F:CP=F;0.2:HB=P:CP=P;0.3:HB=P:CP=P;0.4:HB=P:CP=P;0.5:HB=P:CP=P;0.6:HB=P:CP=P;0.7:HB=P:CP=P;0.8:HB=P:CP=P;0.9:HB=P:CP=P;1:HB=F:CP=F,0.01,False,0.000000,,,,0.000000,0.000000,0,0.01,False,0.000000,,False,tta_circular_consistency,B|tta_circular_consistency|angle_error_gt_10deg|absolute_0.01
B,DIOR-R,oriented_rcnn,angle_error_gt_10deg,relative_0.5_r_fit,relative,0.011203,larger_is_better_true_endpoint_with_persistent_row_tie_break,,0.01:HB=F:CP=F;0.025:HB=F:CP=F;0.05:HB=F:CP=F;0.1:HB=F:CP=F;0.2:HB=P:CP=P;0.3:HB=P:CP=P;0.4:HB=P:CP=P;0.5:HB=P:CP=P;0.6:HB=P:CP=P;0.7:HB=P:CP=P;0.8:HB=P:CP=P;0.9:HB=P:CP=P;1:HB=F:CP=F,0.01,False,0.000000,,,,0.000000,0.000000,0,0.01,False,0.000000,,False,tta_circular_consistency,B|tta_circular_consistency|angle_error_gt_10deg|relative_0.5_r_fit
B,DIOR-R,oriented_rcnn,angle_error_gt_10deg,relative_0.25_r_fit,relative,0.005602,larger_is_better_true_endpoint_with_persistent_row_tie_break,,0.01:HB=F:CP=F;0.025:HB=F:CP=F;0.05:HB=F:CP=F;0.1:HB=F:CP=F;0.2:HB=F:CP=F;0.3:HB=P:CP=P;0.4:HB=P:CP=P;0.5:HB=P:CP=P;0.6:HB=P:CP=P;0.7:HB=P:CP=P;0.8:HB=P:CP=P;0.9:HB=P:CP=P;1:HB=F:CP=F,0.01,False,0.000000,,,,0.000000,0.000000,0,0.01,False,0.000000,,False,tta_circular_consistency,B|tta_circular_consistency|angle_error_gt_10deg|relative_0.25_r_fit
B,DIOR-R,oriented_rcnn,angle_error_gt_10deg,absolute_0.001,absolute,0.001000,larger_is_better_true_endpoint_with_persistent_row_tie_break,,0.01:HB=F:CP=F;0.025:HB=F:CP=F;0.05:HB=F:CP=F;0.1:HB=F:CP=F;0.2:HB=F:CP=F;0.3:HB=F:CP=F;0.4:HB=F:CP=F;0.5:HB=F:CP=F;0.6:HB=F:CP=F;0.7:HB=F:CP=F;0.8:HB=F:CP=F;0.9:HB=F:CP=F;1:HB=F:CP=F,0.01,False,0.000000,,,,0.000000,0.000000,0,0.01,False,0.000000,,False,source_supervised_leave_geometry,B|source_supervised_leave_geometry|angle_error_gt_10deg|absolute_0.001
B,DIOR-R,oriented_rcnn,angle_error_gt_10deg,absolute_0.0025,absolute,0.002500,larger_is_better_true_endpoint_with_persistent_row_tie_break,,0.01:HB=F:CP=F;0.025:HB=F:CP=F;0.05:HB=F:CP=F;0.1:HB=F:CP=F;0.2:HB=F:CP=F;0.3:HB=F:CP=F;0.4:HB=F:CP=F;0.5:HB=P:CP=P;0.6:HB=P:CP=P;0.7:HB=P:CP=P;0.8:HB=P:CP=P;0.9:HB=P:CP=P;1:HB=F:CP=F,0.01,False,0.000000,,,,0.000000,0.000000,0,0.01,False,0.000000,,False,source_supervised_leave_geometry,B|source_supervised_leave_geometry|angle_error_gt_10deg|absolute_0.0025
B,DIOR-R,oriented_rcnn,angle_error_gt_10deg,absolute_0.005,absolute,0.005000,larger_is_better_true_endpoint_with_persistent_row_tie_break,,0.01:HB=F:CP=F;0.025:HB=F:CP=F;0.05:HB=F:CP=F;0.1:HB=F:CP=F;0.2:HB=F:CP=F;0.3:HB=P:CP=P;0.4:HB=P:CP=P;0.5:HB=P:CP=P;0.6:HB=P:CP=P;0.7:HB=P:CP=P;0.8:HB=P:CP=P;0.9:HB=P:CP=P;1:HB=F:CP=F,0.01,False,0.000000,,,,0.000000,0.000000,0,0.01,False,0.000000,,False,source_supervised_leave_geometry,B|source_supervised_leave_geometry|angle_error_gt_10deg|absolute_0.005
B,DIOR-R,oriented_rcnn,angle_error_gt_10deg,absolute_0.01,absolute,0.010000,larger_is_better_true_endpoint_with_persistent_row_tie_break,,0.01:HB=F:CP=F;0.025:HB=F:CP=F;0.05:HB=F:CP=F;0.1:HB=F:CP=F;0.2:HB=P:CP=P;0.3:HB=P:CP=P;0.4:HB=P:CP=P;0.5:HB=P:CP=P;0.6:HB=P:CP=P;0.7:HB=P:CP=P;0.8:HB=P:CP=P;0.9:HB=P:CP=P;1:HB=F:CP=F,0.01,False,0.000000,,,,0.000000,0.000000,0,0.01,False,0.000000,,False,source_supervised_leave_geometry,B|source_supervised_leave_geometry|angle_error_gt_10deg|absolute_0.01
B,DIOR-R,oriented_rcnn,angle_error_gt_10deg,relative_0.5_r_fit,relative,0.011203,larger_is_better_true_endpoint_with_persistent_row_tie_break,,0.01:HB=F:CP=F;0.025:HB=F:CP=F;0.05:HB=F:CP=F;0.1:HB=F:CP=F;0.2:HB=P:CP=P;0.3:HB=P:CP=P;0.4:HB=P:CP=P;0.5:HB=P:CP=P;0.6:HB=P:CP=P;0.7:HB=P:CP=P;0.8:HB=P:CP=P;0.9:HB=P:CP=P;1:HB=F:CP=F,0.01,False,0.000000,,,,0.000000,0.000000,0,0.01,False,0.000000,,False,source_supervised_leave_geometry,B|source_supervised_leave_geometry|angle_error_gt_10deg|relative_0.5_r_fit
B,DIOR-R,oriented_rcnn,angle_error_gt_10deg,relative_0.25_r_fit,relative,0.005602,larger_is_better_true_endpoint_with_persistent_row_tie_break,,0.01:HB=F:CP=F;0.025:HB=F:CP=F;0.05:HB=F:CP=F;0.1:HB=F:CP=F;0.2:HB=F:CP=F;0.3:HB=P:CP=P;0.4:HB=P:CP=P;0.5:HB=P:CP=P;0.6:HB=P:CP=P;0.7:HB=P:CP=P;0.8:HB=P:CP=P;0.9:HB=P:CP=P;1:HB=F:CP=F,0.01,False,0.000000,,,,0.000000,0.000000,0,0.01,False,0.000000,,False,source_supervised_leave_geometry,B|source_supervised_leave_geometry|angle_error_gt_10deg|relative_0.25_r_fit
B,DIOR-R,oriented_rcnn,angle_error_gt_10deg,absolute_0.001,absolute,0.001000,larger_is_better_true_endpoint_with_persistent_row_tie_break,,0.01:HB=F:CP=F;0.025:HB=F:CP=F;0.05:HB=F:CP=F;0.1:HB=F:CP=F;0.2:HB=F:CP=F;0.3:HB=F:CP=F;0.4:HB=F:CP=F;0.5:HB=F:CP=F;0.6:HB=F:CP=F;0.7:HB=F:CP=F;0.8:HB=F:CP=F;0.9:HB=F:CP=F;1:HB=F:CP=F,0.01,False,0.000000,,,,0.000000,0.000000,0,0.01,False,0.000000,,False,target_gt_nonlinear_geometry_upper_bound,B|target_gt_nonlinear_geometry_upper_bound|angle_error_gt_10deg|absolute_0.001
B,DIOR-R,oriented_rcnn,angle_error_gt_10deg,absolute_0.0025,absolute,0.002500,larger_is_better_true_endpoint_with_persistent_row_tie_break,,0.01:HB=F:CP=F;0.025:HB=F:CP=F;0.05:HB=F:CP=F;0.1:HB=F:CP=F;0.2:HB=F:CP=F;0.3:HB=F:CP=F;0.4:HB=F:CP=F;0.5:HB=P:CP=P;0.6:HB=P:CP=P;0.7:HB=P:CP=P;0.8:HB=P:CP=P;0.9:HB=P:CP=P;1:HB=F:CP=F,0.01,False,0.000000,,,,0.000000,0.000000,0,0.01,False,0.000000,,False,target_gt_nonlinear_geometry_upper_bound,B|target_gt_nonlinear_geometry_upper_bound|angle_error_gt_10deg|absolute_0.0025
B,DIOR-R,oriented_rcnn,angle_error_gt_10deg,absolute_0.005,absolute,0.005000,larger_is_better_true_endpoint_with_persistent_row_tie_break,,0.01:HB=F:CP=F;0.025:HB=F:CP=F;0.05:HB=F:CP=F;0.1:HB=F:CP=F;0.2:HB=F:CP=F;0.3:HB=P:CP=P;0.4:HB=P:CP=P;0.5:HB=P:CP=P;0.6:HB=P:CP=P;0.7:HB=P:CP=P;0.8:HB=P:CP=P;0.9:HB=P:CP=P;1:HB=F:CP=F,0.01,False,0.000000,,,,0.000000,0.000000,0,0.01,False,0.000000,,False,target_gt_nonlinear_geometry_upper_bound,B|target_gt_nonlinear_geometry_upper_bound|angle_error_gt_10deg|absolute_0.005
B,DIOR-R,oriented_rcnn,angle_error_gt_10deg,absolute_0.01,absolute,0.010000,larger_is_better_true_endpoint_with_persistent_row_tie_break,,0.01:HB=F:CP=F;0.025:HB=F:CP=F;0.05:HB=F:CP=F;0.1:HB=F:CP=F;0.2:HB=P:CP=P;0.3:HB=P:CP=P;0.4:HB=P:CP=P;0.5:HB=P:CP=P;0.6:HB=P:CP=P;0.7:HB=P:CP=P;0.8:HB=P:CP=P;0.9:HB=P:CP=P;1:HB=F:CP=F,0.01,False,0.000000,,,,0.000000,0.000000,0,0.01,False,0.000000,,False,target_gt_nonlinear_geometry_upper_bound,B|target_gt_nonlinear_geometry_upper_bound|angle_error_gt_10deg|absolute_0.01
B,DIOR-R,oriented_rcnn,angle_error_gt_10deg,relative_0.5_r_fit,relative,0.011203,larger_is_better_true_endpoint_with_persistent_row_tie_break,,0.01:HB=F:CP=F;0.025:HB=F:CP=F;0.05:HB=F:CP=F;0.1:HB=F:CP=F;0.2:HB=P:CP=P;0.3:HB=P:CP=P;0.4:HB=P:CP=P;0.5:HB=P:CP=P;0.6:HB=P:CP=P;0.7:HB=P:CP=P;0.8:HB=P:CP=P;0.9:HB=P:CP=P;1:HB=F:CP=F,0.01,False,0.000000,,,,0.000000,0.000000,0,0.01,False,0.000000,,False,target_gt_nonlinear_geometry_upper_bound,B|target_gt_nonlinear_geometry_upper_bound|angle_error_gt_10deg|relative_0.5_r_fit
B,DIOR-R,oriented_rcnn,angle_error_gt_10deg,relative_0.25_r_fit,relative,0.005602,larger_is_better_true_endpoint_with_persistent_row_tie_break,,0.01:HB=F:CP=F;0.025:HB=F:CP=F;0.05:HB=F:CP=F;0.1:HB=F:CP=F;0.2:HB=F:CP=F;0.3:HB=P:CP=P;0.4:HB=P:CP=P;0.5:HB=P:CP=P;0.6:HB=P:CP=P;0.7:HB=P:CP=P;0.8:HB=P:CP=P;0.9:HB=P:CP=P;1:HB=F:CP=F,0.01,False,0.000000,,,,0.000000,0.000000,0,0.01,False,0.000000,,False,target_gt_nonlinear_geometry_upper_bound,B|target_gt_nonlinear_geometry_upper_bound|angle_error_gt_10deg|relative_0.25_r_fit
B,DIOR-R,oriented_rcnn,angle_error_gt_15deg,absolute_0.001,absolute,0.001000,larger_is_better_true_endpoint_with_persistent_row_tie_break,,0.01:HB=F:CP=F;0.025:HB=F:CP=F;0.05:HB=F:CP=F;0.1:HB=F:CP=F;0.2:HB=F:CP=F;0.3:HB=F:CP=F;0.4:HB=F:CP=F;0.5:HB=F:CP=F;0.6:HB=F:CP=F;0.7:HB=F:CP=F;0.8:HB=F:CP=F;0.9:HB=F:CP=F;1:HB=F:CP=F,0.01,False,0.000000,,,,0.000000,0.000000,0,0.01,False,0.000000,,False,detection_score,B|detection_score|angle_error_gt_15deg|absolute_0.001
B,DIOR-R,oriented_rcnn,angle_error_gt_15deg,absolute_0.0025,absolute,0.002500,larger_is_better_true_endpoint_with_persistent_row_tie_break,,0.01:HB=F:CP=F;0.025:HB=F:CP=F;0.05:HB=F:CP=F;0.1:HB=F:CP=F;0.2:HB=F:CP=F;0.3:HB=F:CP=F;0.4:HB=F:CP=F;0.5:HB=P:CP=P;0.6:HB=P:CP=P;0.7:HB=P:CP=P;0.8:HB=P:CP=P;0.9:HB=P:CP=P;1:HB=F:CP=F,0.01,False,0.000000,,,,0.000000,0.000000,0,0.01,False,0.000000,,False,detection_score,B|detection_score|angle_error_gt_15deg|absolute_0.0025
B,DIOR-R,oriented_rcnn,angle_error_gt_15deg,absolute_0.005,absolute,0.005000,larger_is_better_true_endpoint_with_persistent_row_tie_break,,0.01:HB=F:CP=F;0.025:HB=F:CP=F;0.05:HB=F:CP=F;0.1:HB=F:CP=F;0.2:HB=F:CP=F;0.3:HB=P:CP=P;0.4:HB=P:CP=P;0.5:HB=P:CP=P;0.6:HB=P:CP=P;0.7:HB=P:CP=P;0.8:HB=P:CP=P;0.9:HB=P:CP=P;1:HB=F:CP=F,0.01,False,0.000000,,,,0.000000,0.000000,0,0.01,False,0.000000,,False,detection_score,B|detection_score|angle_error_gt_15deg|absolute_0.005
B,DIOR-R,oriented_rcnn,angle_error_gt_15deg,absolute_0.01,absolute,0.010000,larger_is_better_true_endpoint_with_persistent_row_tie_break,,0.01:HB=F:CP=F;0.025:HB=F:CP=F;0.05:HB=F:CP=F;0.1:HB=F:CP=F;0.2:HB=P:CP=P;0.3:HB=P:CP=P;0.4:HB=P:CP=P;0.5:HB=P:CP=P;0.6:HB=P:CP=P;0.7:HB=P:CP=P;0.8:HB=P:CP=P;0.9:HB=P:CP=P;1:HB=F:CP=F,0.01,False,0.000000,,,,0.000000,0.000000,0,0.01,False,0.000000,,False,detection_score,B|detection_score|angle_error_gt_15deg|absolute_0.01
B,DIOR-R,oriented_rcnn,angle_error_gt_15deg,relative_0.5_r_fit,relative,0.005946,larger_is_better_true_endpoint_with_persistent_row_tie_break,,0.01:HB=F:CP=F;0.025:HB=F:CP=F;0.05:HB=F:CP=F;0.1:HB=F:CP=F;0.2:HB=F:CP=F;0.3:HB=P:CP=P;0.4:HB=P:CP=P;0.5:HB=P:CP=P;0.6:HB=P:CP=P;0.7:HB=P:CP=P;0.8:HB=P:CP=P;0.9:HB=P:CP=P;1:HB=F:CP=F,0.01,False,0.000000,,,,0.000000,0.000000,0,0.01,False,0.000000,,False,detection_score,B|detection_score|angle_error_gt_15deg|relative_0.5_r_fit
B,DIOR-R,oriented_rcnn,angle_error_gt_15deg,relative_0.25_r_fit,relative,0.002973,larger_is_better_true_endpoint_with_persistent_row_tie_break,,0.01:HB=F:CP=F;0.025:HB=F:CP=F;0.05:HB=F:CP=F;0.1:HB=F:CP=F;0.2:HB=F:CP=F;0.3:HB=F:CP=F;0.4:HB=F:CP=F;0.5:HB=P:CP=P;0.6:HB=P:CP=P;0.7:HB=P:CP=P;0.8:HB=P:CP=P;0.9:HB=P:CP=P;1:HB=F:CP=F,0.01,False,0.000000,,,,0.000000,0.000000,0,0.01,False,0.000000,,False,detection_score,B|detection_score|angle_error_gt_15deg|relative_0.25_r_fit
B,DIOR-R,oriented_rcnn,angle_error_gt_15deg,absolute_0.001,absolute,0.001000,larger_is_better_true_endpoint_with_persistent_row_tie_break,,0.01:HB=F:CP=F;0.025:HB=F:CP=F;0.05:HB=F:CP=F;0.1:HB=F:CP=F;0.2:HB=F:CP=F;0.3:HB=F:CP=F;0.4:HB=F:CP=F;0.5:HB=F:CP=F;0.6:HB=F:CP=F;0.7:HB=F:CP=F;0.8:HB=F:CP=F;0.9:HB=F:CP=F;1:HB=F:CP=F,0.01,False,0.000000,,,,0.000000,0.000000,0,0.01,False,0.000000,,False,tta_circular_consistency,B|tta_circular_consistency|angle_error_gt_15deg|absolute_0.001
B,DIOR-R,oriented_rcnn,angle_error_gt_15deg,absolute_0.0025,absolute,0.002500,larger_is_better_true_endpoint_with_persistent_row_tie_break,,0.01:HB=F:CP=F;0.025:HB=F:CP=F;0.05:HB=F:CP=F;0.1:HB=F:CP=F;0.2:HB=F:CP=F;0.3:HB=F:CP=F;0.4:HB=F:CP=F;0.5:HB=P:CP=P;0.6:HB=P:CP=P;0.7:HB=P:CP=P;0.8:HB=P:CP=P;0.9:HB=P:CP=P;1:HB=F:CP=F,0.01,False,0.000000,,,,0.000000,0.000000,0,0.01,False,0.000000,,False,tta_circular_consistency,B|tta_circular_consistency|angle_error_gt_15deg|absolute_0.0025
B,DIOR-R,oriented_rcnn,angle_error_gt_15deg,absolute_0.005,absolute,0.005000,larger_is_better_true_endpoint_with_persistent_row_tie_break,,0.01:HB=F:CP=F;0.025:HB=F:CP=F;0.05:HB=F:CP=F;0.1:HB=F:CP=F;0.2:HB=F:CP=F;0.3:HB=P:CP=P;0.4:HB=P:CP=P;0.5:HB=P:CP=P;0.6:HB=P:CP=P;0.7:HB=P:CP=P;0.8:HB=P:CP=P;0.9:HB=P:CP=P;1:HB=F:CP=F,0.01,False,0.000000,,,,0.000000,0.000000,0,0.01,False,0.000000,,False,tta_circular_consistency,B|tta_circular_consistency|angle_error_gt_15deg|absolute_0.005
B,DIOR-R,oriented_rcnn,angle_error_gt_15deg,absolute_0.01,absolute,0.010000,larger_is_better_true_endpoint_with_persistent_row_tie_break,,0.01:HB=F:CP=F;0.025:HB=F:CP=F;0.05:HB=F:CP=F;0.1:HB=F:CP=F;0.2:HB=P:CP=P;0.3:HB=P:CP=P;0.4:HB=P:CP=P;0.5:HB=P:CP=P;0.6:HB=P:CP=P;0.7:HB=P:CP=P;0.8:HB=P:CP=P;0.9:HB=P:CP=P;1:HB=F:CP=F,0.01,False,0.000000,,,,0.000000,0.000000,0,0.01,False,0.000000,,False,tta_circular_consistency,B|tta_circular_consistency|angle_error_gt_15deg|absolute_0.01
B,DIOR-R,oriented_rcnn,angle_error_gt_15deg,relative_0.5_r_fit,relative,0.005946,larger_is_better_true_endpoint_with_persistent_row_tie_break,,0.01:HB=F:CP=F;0.025:HB=F:CP=F;0.05:HB=F:CP=F;0.1:HB=F:CP=F;0.2:HB=F:CP=F;0.3:HB=P:CP=P;0.4:HB=P:CP=P;0.5:HB=P:CP=P;0.6:HB=P:CP=P;0.7:HB=P:CP=P;0.8:HB=P:CP=P;0.9:HB=P:CP=P;1:HB=F:CP=F,0.01,False,0.000000,,,,0.000000,0.000000,0,0.01,False,0.000000,,False,tta_circular_consistency,B|tta_circular_consistency|angle_error_gt_15deg|relative_0.5_r_fit
B,DIOR-R,oriented_rcnn,angle_error_gt_15deg,relative_0.25_r_fit,relative,0.002973,larger_is_better_true_endpoint_with_persistent_row_tie_break,,0.01:HB=F:CP=F;0.025:HB=F:CP=F;0.05:HB=F:CP=F;0.1:HB=F:CP=F;0.2:HB=F:CP=F;0.3:HB=F:CP=F;0.4:HB=F:CP=F;0.5:HB=P:CP=P;0.6:HB=P:CP=P;0.7:HB=P:CP=P;0.8:HB=P:CP=P;0.9:HB=P:CP=P;1:HB=F:CP=F,0.01,False,0.000000,,,,0.000000,0.000000,0,0.01,False,0.000000,,False,tta_circular_consistency,B|tta_circular_consistency|angle_error_gt_15deg|relative_0.25_r_fit
B,DIOR-R,oriented_rcnn,angle_error_gt_15deg,absolute_0.001,absolute,0.001000,larger_is_better_true_endpoint_with_persistent_row_tie_break,,0.01:HB=F:CP=F;0.025:HB=F:CP=F;0.05:HB=F:CP=F;0.1:HB=F:CP=F;0.2:HB=F:CP=F;0.3:HB=F:CP=F;0.4:HB=F:CP=F;0.5:HB=F:CP=F;0.6:HB=F:CP=F;0.7:HB=F:CP=F;0.8:HB=F:CP=F;0.9:HB=F:CP=F;1:HB=F:CP=F,0.01,False,0.000000,,,,0.000000,0.000000,0,0.01,False,0.000000,,False,source_supervised_leave_geometry,B|source_supervised_leave_geometry|angle_error_gt_15deg|absolute_0.001
B,DIOR-R,oriented_rcnn,angle_error_gt_15deg,absolute_0.0025,absolute,0.002500,larger_is_better_true_endpoint_with_persistent_row_tie_break,,0.01:HB=F:CP=F;0.025:HB=F:CP=F;0.05:HB=F:CP=F;0.1:HB=F:CP=F;0.2:HB=F:CP=F;0.3:HB=F:CP=F;0.4:HB=F:CP=F;0.5:HB=P:CP=P;0.6:HB=P:CP=P;0.7:HB=P:CP=P;0.8:HB=P:CP=P;0.9:HB=P:CP=P;1:HB=F:CP=F,0.01,False,0.000000,,,,0.000000,0.000000,0,0.01,False,0.000000,,False,source_supervised_leave_geometry,B|source_supervised_leave_geometry|angle_error_gt_15deg|absolute_0.0025
B,DIOR-R,oriented_rcnn,angle_error_gt_15deg,absolute_0.005,absolute,0.005000,larger_is_better_true_endpoint_with_persistent_row_tie_break,,0.01:HB=F:CP=F;0.025:HB=F:CP=F;0.05:HB=F:CP=F;0.1:HB=F:CP=F;0.2:HB=F:CP=F;0.3:HB=P:CP=P;0.4:HB=P:CP=P;0.5:HB=P:CP=P;0.6:HB=P:CP=P;0.7:HB=P:CP=P;0.8:HB=P:CP=P;0.9:HB=P:CP=P;1:HB=F:CP=F,0.01,False,0.000000,,,,0.000000,0.000000,0,0.01,False,0.000000,,False,source_supervised_leave_geometry,B|source_supervised_leave_geometry|angle_error_gt_15deg|absolute_0.005
B,DIOR-R,oriented_rcnn,angle_error_gt_15deg,absolute_0.01,absolute,0.010000,larger_is_better_true_endpoint_with_persistent_row_tie_break,,0.01:HB=F:CP=F;0.025:HB=F:CP=F;0.05:HB=F:CP=F;0.1:HB=F:CP=F;0.2:HB=P:CP=P;0.3:HB=P:CP=P;0.4:HB=P:CP=P;0.5:HB=P:CP=P;0.6:HB=P:CP=P;0.7:HB=P:CP=P;0.8:HB=P:CP=P;0.9:HB=P:CP=P;1:HB=F:CP=F,0.01,False,0.000000,,,,0.000000,0.000000,0,0.01,False,0.000000,,False,source_supervised_leave_geometry,B|source_supervised_leave_geometry|angle_error_gt_15deg|absolute_0.01
B,DIOR-R,oriented_rcnn,angle_error_gt_15deg,relative_0.5_r_fit,relative,0.005946,larger_is_better_true_endpoint_with_persistent_row_tie_break,,0.01:HB=F:CP=F;0.025:HB=F:CP=F;0.05:HB=F:CP=F;0.1:HB=F:CP=F;0.2:HB=F:CP=F;0.3:HB=P:CP=P;0.4:HB=P:CP=P;0.5:HB=P:CP=P;0.6:HB=P:CP=P;0.7:HB=P:CP=P;0.8:HB=P:CP=P;0.9:HB=P:CP=P;1:HB=F:CP=F,0.01,False,0.000000,,,,0.000000,0.000000,0,0.01,False,0.000000,,False,source_supervised_leave_geometry,B|source_supervised_leave_geometry|angle_error_gt_15deg|relative_0.5_r_fit
B,DIOR-R,oriented_rcnn,angle_error_gt_15deg,relative_0.25_r_fit,relative,0.002973,larger_is_better_true_endpoint_with_persistent_row_tie_break,,0.01:HB=F:CP=F;0.025:HB=F:CP=F;0.05:HB=F:CP=F;0.1:HB=F:CP=F;0.2:HB=F:CP=F;0.3:HB=F:CP=F;0.4:HB=F:CP=F;0.5:HB=P:CP=P;0.6:HB=P:CP=P;0.7:HB=P:CP=P;0.8:HB=P:CP=P;0.9:HB=P:CP=P;1:HB=F:CP=F,0.01,False,0.000000,,,,0.000000,0.000000,0,0.01,False,0.000000,,False,source_supervised_leave_geometry,B|source_supervised_leave_geometry|angle_error_gt_15deg|relative_0.25_r_fit
B,DIOR-R,oriented_rcnn,angle_error_gt_15deg,absolute_0.001,absolute,0.001000,larger_is_better_true_endpoint_with_persistent_row_tie_break,,0.01:HB=F:CP=F;0.025:HB=F:CP=F;0.05:HB=F:CP=F;0.1:HB=F:CP=F;0.2:HB=F:CP=F;0.3:HB=F:CP=F;0.4:HB=F:CP=F;0.5:HB=F:CP=F;0.6:HB=F:CP=F;0.7:HB=F:CP=F;0.8:HB=F:CP=F;0.9:HB=F:CP=F;1:HB=F:CP=F,0.01,False,0.000000,,,,0.000000,0.000000,0,0.01,False,0.000000,,False,target_gt_nonlinear_geometry_upper_bound,B|target_gt_nonlinear_geometry_upper_bound|angle_error_gt_15deg|absolute_0.001
B,DIOR-R,oriented_rcnn,angle_error_gt_15deg,absolute_0.0025,absolute,0.002500,larger_is_better_true_endpoint_with_persistent_row_tie_break,,0.01:HB=F:CP=F;0.025:HB=F:CP=F;0.05:HB=F:CP=F;0.1:HB=F:CP=F;0.2:HB=F:CP=F;0.3:HB=F:CP=F;0.4:HB=F:CP=F;0.5:HB=P:CP=P;0.6:HB=P:CP=P;0.7:HB=P:CP=P;0.8:HB=P:CP=P;0.9:HB=P:CP=P;1:HB=F:CP=F,0.01,False,0.000000,,,,0.000000,0.000000,0,0.01,False,0.000000,,False,target_gt_nonlinear_geometry_upper_bound,B|target_gt_nonlinear_geometry_upper_bound|angle_error_gt_15deg|absolute_0.0025
B,DIOR-R,oriented_rcnn,angle_error_gt_15deg,absolute_0.005,absolute,0.005000,larger_is_better_true_endpoint_with_persistent_row_tie_break,,0.01:HB=F:CP=F;0.025:HB=F:CP=F;0.05:HB=F:CP=F;0.1:HB=F:CP=F;0.2:HB=F:CP=F;0.3:HB=P:CP=P;0.4:HB=P:CP=P;0.5:HB=P:CP=P;0.6:HB=P:CP=P;0.7:HB=P:CP=P;0.8:HB=P:CP=P;0.9:HB=P:CP=P;1:HB=F:CP=F,0.01,False,0.000000,,,,0.000000,0.000000,0,0.01,False,0.000000,,False,target_gt_nonlinear_geometry_upper_bound,B|target_gt_nonlinear_geometry_upper_bound|angle_error_gt_15deg|absolute_0.005
B,DIOR-R,oriented_rcnn,angle_error_gt_15deg,absolute_0.01,absolute,0.010000,larger_is_better_true_endpoint_with_persistent_row_tie_break,,0.01:HB=F:CP=F;0.025:HB=F:CP=F;0.05:HB=F:CP=F;0.1:HB=F:CP=F;0.2:HB=P:CP=P;0.3:HB=P:CP=P;0.4:HB=P:CP=P;0.5:HB=P:CP=P;0.6:HB=P:CP=P;0.7:HB=P:CP=P;0.8:HB=P:CP=P;0.9:HB=P:CP=P;1:HB=F:CP=F,0.01,False,0.000000,,,,0.000000,0.000000,0,0.01,False,0.000000,,False,target_gt_nonlinear_geometry_upper_bound,B|target_gt_nonlinear_geometry_upper_bound|angle_error_gt_15deg|absolute_0.01
B,DIOR-R,oriented_rcnn,angle_error_gt_15deg,relative_0.5_r_fit,relative,0.005946,larger_is_better_true_endpoint_with_persistent_row_tie_break,,0.01:HB=F:CP=F;0.025:HB=F:CP=F;0.05:HB=F:CP=F;0.1:HB=F:CP=F;0.2:HB=F:CP=F;0.3:HB=P:CP=P;0.4:HB=P:CP=P;0.5:HB=P:CP=P;0.6:HB=P:CP=P;0.7:HB=P:CP=P;0.8:HB=P:CP=P;0.9:HB=P:CP=P;1:HB=F:CP=F,0.01,False,0.000000,,,,0.000000,0.000000,0,0.01,False,0.000000,,False,target_gt_nonlinear_geometry_upper_bound,B|target_gt_nonlinear_geometry_upper_bound|angle_error_gt_15deg|relative_0.5_r_fit
B,DIOR-R,oriented_rcnn,angle_error_gt_15deg,relative_0.25_r_fit,relative,0.002973,larger_is_better_true_endpoint_with_persistent_row_tie_break,,0.01:HB=F:CP=F;0.025:HB=F:CP=F;0.05:HB=F:CP=F;0.1:HB=F:CP=F;0.2:HB=F:CP=F;0.3:HB=F:CP=F;0.4:HB=F:CP=F;0.5:HB=P:CP=P;0.6:HB=P:CP=P;0.7:HB=P:CP=P;0.8:HB=P:CP=P;0.9:HB=P:CP=P;1:HB=F:CP=F,0.01,False,0.000000,,,,0.000000,0.000000,0,0.01,False,0.000000,,False,target_gt_nonlinear_geometry_upper_bound,B|target_gt_nonlinear_geometry_upper_bound|angle_error_gt_15deg|relative_0.25_r_fit
C,DIOR-R,rotated_rtmdet_s,geometry_normalized_severe,absolute_0.001,absolute,0.001000,larger_is_better_true_endpoint_with_persistent_row_tie_break,,0.01:HB=F:CP=F;0.025:HB=F:CP=F;0.05:HB=F:CP=F;0.1:HB=F:CP=F;0.2:HB=F:CP=F;0.3:HB=F:CP=F;0.4:HB=F:CP=F;0.5:HB=F:CP=F;0.6:HB=F:CP=F;0.7:HB=F:CP=F;0.8:HB=F:CP=F;0.9:HB=F:CP=F;1:HB=F:CP=F,0.01,False,0.000000,,,,0.000000,0.000000,0,0.01,False,0.000000,,False,detection_score,C|detection_score|geometry_normalized_severe|absolute_0.001
C,DIOR-R,rotated_rtmdet_s,geometry_normalized_severe,absolute_0.0025,absolute,0.002500,larger_is_better_true_endpoint_with_persistent_row_tie_break,,0.01:HB=F:CP=F;0.025:HB=F:CP=F;0.05:HB=F:CP=F;0.1:HB=F:CP=F;0.2:HB=F:CP=F;0.3:HB=F:CP=F;0.4:HB=F:CP=F;0.5:HB=P:CP=P;0.6:HB=P:CP=P;0.7:HB=P:CP=P;0.8:HB=P:CP=P;0.9:HB=P:CP=P;1:HB=F:CP=F,0.01,False,0.000000,,,,0.000000,0.000000,0,0.01,False,0.000000,,False,detection_score,C|detection_score|geometry_normalized_severe|absolute_0.0025
C,DIOR-R,rotated_rtmdet_s,geometry_normalized_severe,absolute_0.005,absolute,0.005000,larger_is_better_true_endpoint_with_persistent_row_tie_break,,0.01:HB=F:CP=F;0.025:HB=F:CP=F;0.05:HB=F:CP=F;0.1:HB=F:CP=F;0.2:HB=F:CP=F;0.3:HB=P:CP=P;0.4:HB=P:CP=P;0.5:HB=P:CP=P;0.6:HB=P:CP=P;0.7:HB=P:CP=P;0.8:HB=P:CP=P;0.9:HB=P:CP=P;1:HB=F:CP=F,0.01,False,0.000000,,,,0.000000,0.000000,0,0.01,False,0.000000,,False,detection_score,C|detection_score|geometry_normalized_severe|absolute_0.005
C,DIOR-R,rotated_rtmdet_s,geometry_normalized_severe,absolute_0.01,absolute,0.010000,larger_is_better_true_endpoint_with_persistent_row_tie_break,,0.01:HB=F:CP=F;0.025:HB=F:CP=F;0.05:HB=F:CP=F;0.1:HB=F:CP=F;0.2:HB=P:CP=P;0.3:HB=P:CP=P;0.4:HB=P:CP=P;0.5:HB=P:CP=P;0.6:HB=P:CP=P;0.7:HB=P:CP=P;0.8:HB=P:CP=P;0.9:HB=P:CP=P;1:HB=F:CP=F,0.01,False,0.000000,,,,0.000000,0.000000,0,0.01,False,0.000000,,False,detection_score,C|detection_score|geometry_normalized_severe|absolute_0.01
C,DIOR-R,rotated_rtmdet_s,geometry_normalized_severe,relative_0.5_r_fit,relative,0.017373,larger_is_better_true_endpoint_with_persistent_row_tie_break,,0.01:HB=F:CP=F;0.025:HB=F:CP=F;0.05:HB=F:CP=F;0.1:HB=P:CP=P;0.2:HB=P:CP=P;0.3:HB=P:CP=P;0.4:HB=P:CP=P;0.5:HB=P:CP=P;0.6:HB=P:CP=P;0.7:HB=P:CP=P;0.8:HB=P:CP=P;0.9:HB=P:CP=P;1:HB=F:CP=F,0.01,False,0.000000,,,,0.000000,0.000000,0,0.01,False,0.000000,,False,detection_score,C|detection_score|geometry_normalized_severe|relative_0.5_r_fit
C,DIOR-R,rotated_rtmdet_s,geometry_normalized_severe,relative_0.25_r_fit,relative,0.008687,larger_is_better_true_endpoint_with_persistent_row_tie_break,,0.01:HB=F:CP=F;0.025:HB=F:CP=F;0.05:HB=F:CP=F;0.1:HB=F:CP=F;0.2:HB=P:CP=P;0.3:HB=P:CP=P;0.4:HB=P:CP=P;0.5:HB=P:CP=P;0.6:HB=P:CP=P;0.7:HB=P:CP=P;0.8:HB=P:CP=P;0.9:HB=P:CP=P;1:HB=F:CP=F,0.01,False,0.000000,,,,0.000000,0.000000,0,0.01,False,0.000000,,False,detection_score,C|detection_score|geometry_normalized_severe|relative_0.25_r_fit
C,DIOR-R,rotated_rtmdet_s,geometry_normalized_severe,absolute_0.001,absolute,0.001000,larger_is_better_true_endpoint_with_persistent_row_tie_break,,0.01:HB=F:CP=F;0.025:HB=F:CP=F;0.05:HB=F:CP=F;0.1:HB=F:CP=F;0.2:HB=F:CP=F;0.3:HB=F:CP=F;0.4:HB=F:CP=F;0.5:HB=F:CP=F;0.6:HB=F:CP=F;0.7:HB=F:CP=F;0.8:HB=F:CP=F;0.9:HB=F:CP=F;1:HB=F:CP=F,0.01,False,0.000000,,,,0.000000,0.000000,0,0.01,False,0.000000,,False,tta_circular_consistency,C|tta_circular_consistency|geometry_normalized_severe|absolute_0.001
C,DIOR-R,rotated_rtmdet_s,geometry_normalized_severe,absolute_0.0025,absolute,0.002500,larger_is_better_true_endpoint_with_persistent_row_tie_break,,0.01:HB=F:CP=F;0.025:HB=F:CP=F;0.05:HB=F:CP=F;0.1:HB=F:CP=F;0.2:HB=F:CP=F;0.3:HB=F:CP=F;0.4:HB=F:CP=F;0.5:HB=P:CP=P;0.6:HB=P:CP=P;0.7:HB=P:CP=P;0.8:HB=P:CP=P;0.9:HB=P:CP=P;1:HB=F:CP=F,0.01,False,0.000000,,,,0.000000,0.000000,0,0.01,False,0.000000,,False,tta_circular_consistency,C|tta_circular_consistency|geometry_normalized_severe|absolute_0.0025
C,DIOR-R,rotated_rtmdet_s,geometry_normalized_severe,absolute_0.005,absolute,0.005000,larger_is_better_true_endpoint_with_persistent_row_tie_break,,0.01:HB=F:CP=F;0.025:HB=F:CP=F;0.05:HB=F:CP=F;0.1:HB=F:CP=F;0.2:HB=F:CP=F;0.3:HB=P:CP=P;0.4:HB=P:CP=P;0.5:HB=P:CP=P;0.6:HB=P:CP=P;0.7:HB=P:CP=P;0.8:HB=P:CP=P;0.9:HB=P:CP=P;1:HB=F:CP=F,0.01,False,0.000000,,,,0.000000,0.000000,0,0.01,False,0.000000,,False,tta_circular_consistency,C|tta_circular_consistency|geometry_normalized_severe|absolute_0.005
C,DIOR-R,rotated_rtmdet_s,geometry_normalized_severe,absolute_0.01,absolute,0.010000,larger_is_better_true_endpoint_with_persistent_row_tie_break,,0.01:HB=F:CP=F;0.025:HB=F:CP=F;0.05:HB=F:CP=F;0.1:HB=F:CP=F;0.2:HB=P:CP=P;0.3:HB=P:CP=P;0.4:HB=P:CP=P;0.5:HB=P:CP=P;0.6:HB=P:CP=P;0.7:HB=P:CP=P;0.8:HB=P:CP=P;0.9:HB=P:CP=P;1:HB=F:CP=F,0.01,False,0.000000,,,,0.000000,0.000000,0,0.01,False,0.000000,,False,tta_circular_consistency,C|tta_circular_consistency|geometry_normalized_severe|absolute_0.01
C,DIOR-R,rotated_rtmdet_s,geometry_normalized_severe,relative_0.5_r_fit,relative,0.017373,larger_is_better_true_endpoint_with_persistent_row_tie_break,,0.01:HB=F:CP=F;0.025:HB=F:CP=F;0.05:HB=F:CP=F;0.1:HB=P:CP=P;0.2:HB=P:CP=P;0.3:HB=P:CP=P;0.4:HB=P:CP=P;0.5:HB=P:CP=P;0.6:HB=P:CP=P;0.7:HB=P:CP=P;0.8:HB=P:CP=P;0.9:HB=P:CP=P;1:HB=F:CP=F,0.01,False,0.000000,,,,0.000000,0.000000,0,0.01,False,0.000000,,False,tta_circular_consistency,C|tta_circular_consistency|geometry_normalized_severe|relative_0.5_r_fit
C,DIOR-R,rotated_rtmdet_s,geometry_normalized_severe,relative_0.25_r_fit,relative,0.008687,larger_is_better_true_endpoint_with_persistent_row_tie_break,,0.01:HB=F:CP=F;0.025:HB=F:CP=F;0.05:HB=F:CP=F;0.1:HB=F:CP=F;0.2:HB=P:CP=P;0.3:HB=P:CP=P;0.4:HB=P:CP=P;0.5:HB=P:CP=P;0.6:HB=P:CP=P;0.7:HB=P:CP=P;0.8:HB=P:CP=P;0.9:HB=P:CP=P;1:HB=F:CP=F,0.01,False,0.000000,,,,0.000000,0.000000,0,0.01,False,0.000000,,False,tta_circular_consistency,C|tta_circular_consistency|geometry_normalized_severe|relative_0.25_r_fit
C,DIOR-R,rotated_rtmdet_s,geometry_normalized_severe,absolute_0.001,absolute,0.001000,larger_is_better_true_endpoint_with_persistent_row_tie_break,,0.01:HB=F:CP=F;0.025:HB=F:CP=F;0.05:HB=F:CP=F;0.1:HB=F:CP=F;0.2:HB=F:CP=F;0.3:HB=F:CP=F;0.4:HB=F:CP=F;0.5:HB=F:CP=F;0.6:HB=F:CP=F;0.7:HB=F:CP=F;0.8:HB=F:CP=F;0.9:HB=F:CP=F;1:HB=F:CP=F,0.01,False,0.000000,,,,0.000000,0.000000,0,0.01,False,0.000000,,False,source_supervised_leave_geometry,C|source_supervised_leave_geometry|geometry_normalized_severe|absolute_0.001
C,DIOR-R,rotated_rtmdet_s,geometry_normalized_severe,absolute_0.0025,absolute,0.002500,larger_is_better_true_endpoint_with_persistent_row_tie_break,,0.01:HB=F:CP=F;0.025:HB=F:CP=F;0.05:HB=F:CP=F;0.1:HB=F:CP=F;0.2:HB=F:CP=F;0.3:HB=F:CP=F;0.4:HB=F:CP=F;0.5:HB=P:CP=P;0.6:HB=P:CP=P;0.7:HB=P:CP=P;0.8:HB=P:CP=P;0.9:HB=P:CP=P;1:HB=F:CP=F,0.01,False,0.000000,,,,0.000000,0.000000,0,0.01,False,0.000000,,False,source_supervised_leave_geometry,C|source_supervised_leave_geometry|geometry_normalized_severe|absolute_0.0025
C,DIOR-R,rotated_rtmdet_s,geometry_normalized_severe,absolute_0.005,absolute,0.005000,larger_is_better_true_endpoint_with_persistent_row_tie_break,,0.01:HB=F:CP=F;0.025:HB=F:CP=F;0.05:HB=F:CP=F;0.1:HB=F:CP=F;0.2:HB=F:CP=F;0.3:HB=P:CP=P;0.4:HB=P:CP=P;0.5:HB=P:CP=P;0.6:HB=P:CP=P;0.7:HB=P:CP=P;0.8:HB=P:CP=P;0.9:HB=P:CP=P;1:HB=F:CP=F,0.01,False,0.000000,,,,0.000000,0.000000,0,0.01,False,0.000000,,False,source_supervised_leave_geometry,C|source_supervised_leave_geometry|geometry_normalized_severe|absolute_0.005
C,DIOR-R,rotated_rtmdet_s,geometry_normalized_severe,absolute_0.01,absolute,0.010000,larger_is_better_true_endpoint_with_persistent_row_tie_break,,0.01:HB=F:CP=F;0.025:HB=F:CP=F;0.05:HB=F:CP=F;0.1:HB=F:CP=F;0.2:HB=P:CP=P;0.3:HB=P:CP=P;0.4:HB=P:CP=P;0.5:HB=P:CP=P;0.6:HB=P:CP=P;0.7:HB=P:CP=P;0.8:HB=P:CP=P;0.9:HB=P:CP=P;1:HB=F:CP=F,0.01,False,0.000000,,,,0.000000,0.000000,0,0.01,False,0.000000,,False,source_supervised_leave_geometry,C|source_supervised_leave_geometry|geometry_normalized_severe|absolute_0.01
C,DIOR-R,rotated_rtmdet_s,geometry_normalized_severe,relative_0.5_r_fit,relative,0.017373,larger_is_better_true_endpoint_with_persistent_row_tie_break,,0.01:HB=F:CP=F;0.025:HB=F:CP=F;0.05:HB=F:CP=F;0.1:HB=P:CP=P;0.2:HB=P:CP=P;0.3:HB=P:CP=P;0.4:HB=P:CP=P;0.5:HB=P:CP=P;0.6:HB=P:CP=P;0.7:HB=P:CP=P;0.8:HB=P:CP=P;0.9:HB=P:CP=P;1:HB=F:CP=F,0.01,False,0.000000,,,,0.000000,0.000000,0,0.01,False,0.000000,,False,source_supervised_leave_geometry,C|source_supervised_leave_geometry|geometry_normalized_severe|relative_0.5_r_fit
C,DIOR-R,rotated_rtmdet_s,geometry_normalized_severe,relative_0.25_r_fit,relative,0.008687,larger_is_better_true_endpoint_with_persistent_row_tie_break,,0.01:HB=F:CP=F;0.025:HB=F:CP=F;0.05:HB=F:CP=F;0.1:HB=F:CP=F;0.2:HB=P:CP=P;0.3:HB=P:CP=P;0.4:HB=P:CP=P;0.5:HB=P:CP=P;0.6:HB=P:CP=P;0.7:HB=P:CP=P;0.8:HB=P:CP=P;0.9:HB=P:CP=P;1:HB=F:CP=F,0.01,False,0.000000,,,,0.000000,0.000000,0,0.01,False,0.000000,,False,source_supervised_leave_geometry,C|source_supervised_leave_geometry|geometry_normalized_severe|relative_0.25_r_fit
C,DIOR-R,rotated_rtmdet_s,geometry_normalized_severe,absolute_0.001,absolute,0.001000,larger_is_better_true_endpoint_with_persistent_row_tie_break,,0.01:HB=F:CP=F;0.025:HB=F:CP=F;0.05:HB=F:CP=F;0.1:HB=F:CP=F;0.2:HB=F:CP=F;0.3:HB=F:CP=F;0.4:HB=F:CP=F;0.5:HB=F:CP=F;0.6:HB=F:CP=F;0.7:HB=F:CP=F;0.8:HB=F:CP=F;0.9:HB=F:CP=F;1:HB=F:CP=F,0.01,False,0.000000,,,,0.000000,0.000000,0,0.01,False,0.000000,,False,target_gt_nonlinear_geometry_upper_bound,C|target_gt_nonlinear_geometry_upper_bound|geometry_normalized_severe|absolute_0.001
C,DIOR-R,rotated_rtmdet_s,geometry_normalized_severe,absolute_0.0025,absolute,0.002500,larger_is_better_true_endpoint_with_persistent_row_tie_break,,0.01:HB=F:CP=F;0.025:HB=F:CP=F;0.05:HB=F:CP=F;0.1:HB=F:CP=F;0.2:HB=F:CP=F;0.3:HB=F:CP=F;0.4:HB=F:CP=F;0.5:HB=P:CP=P;0.6:HB=P:CP=P;0.7:HB=P:CP=P;0.8:HB=P:CP=P;0.9:HB=P:CP=P;1:HB=F:CP=F,0.01,False,0.000000,,,,0.000000,0.000000,0,0.01,False,0.000000,,False,target_gt_nonlinear_geometry_upper_bound,C|target_gt_nonlinear_geometry_upper_bound|geometry_normalized_severe|absolute_0.0025
C,DIOR-R,rotated_rtmdet_s,geometry_normalized_severe,absolute_0.005,absolute,0.005000,larger_is_better_true_endpoint_with_persistent_row_tie_break,,0.01:HB=F:CP=F;0.025:HB=F:CP=F;0.05:HB=F:CP=F;0.1:HB=F:CP=F;0.2:HB=F:CP=F;0.3:HB=P:CP=P;0.4:HB=P:CP=P;0.5:HB=P:CP=P;0.6:HB=P:CP=P;0.7:HB=P:CP=P;0.8:HB=P:CP=P;0.9:HB=P:CP=P;1:HB=F:CP=F,0.01,False,0.000000,,,,0.000000,0.000000,0,0.01,False,0.000000,,False,target_gt_nonlinear_geometry_upper_bound,C|target_gt_nonlinear_geometry_upper_bound|geometry_normalized_severe|absolute_0.005
C,DIOR-R,rotated_rtmdet_s,geometry_normalized_severe,absolute_0.01,absolute,0.010000,larger_is_better_true_endpoint_with_persistent_row_tie_break,,0.01:HB=F:CP=F;0.025:HB=F:CP=F;0.05:HB=F:CP=F;0.1:HB=F:CP=F;0.2:HB=P:CP=P;0.3:HB=P:CP=P;0.4:HB=P:CP=P;0.5:HB=P:CP=P;0.6:HB=P:CP=P;0.7:HB=P:CP=P;0.8:HB=P:CP=P;0.9:HB=P:CP=P;1:HB=F:CP=F,0.01,False,0.000000,,,,0.000000,0.000000,0,0.01,False,0.000000,,False,target_gt_nonlinear_geometry_upper_bound,C|target_gt_nonlinear_geometry_upper_bound|geometry_normalized_severe|absolute_0.01
C,DIOR-R,rotated_rtmdet_s,geometry_normalized_severe,relative_0.5_r_fit,relative,0.017373,larger_is_better_true_endpoint_with_persistent_row_tie_break,,0.01:HB=F:CP=F;0.025:HB=F:CP=F;0.05:HB=F:CP=F;0.1:HB=P:CP=P;0.2:HB=P:CP=P;0.3:HB=P:CP=P;0.4:HB=P:CP=P;0.5:HB=P:CP=P;0.6:HB=P:CP=P;0.7:HB=P:CP=P;0.8:HB=P:CP=P;0.9:HB=P:CP=P;1:HB=F:CP=F,0.01,False,0.000000,,,,0.000000,0.000000,0,0.01,False,0.000000,,False,target_gt_nonlinear_geometry_upper_bound,C|target_gt_nonlinear_geometry_upper_bound|geometry_normalized_severe|relative_0.5_r_fit
C,DIOR-R,rotated_rtmdet_s,geometry_normalized_severe,relative_0.25_r_fit,relative,0.008687,larger_is_better_true_endpoint_with_persistent_row_tie_break,,0.01:HB=F:CP=F;0.025:HB=F:CP=F;0.05:HB=F:CP=F;0.1:HB=F:CP=F;0.2:HB=P:CP=P;0.3:HB=P:CP=P;0.4:HB=P:CP=P;0.5:HB=P:CP=P;0.6:HB=P:CP=P;0.7:HB=P:CP=P;0.8:HB=P:CP=P;0.9:HB=P:CP=P;1:HB=F:CP=F,0.01,False,0.000000,,,,0.000000,0.000000,0,0.01,False,0.000000,,False,target_gt_nonlinear_geometry_upper_bound,C|target_gt_nonlinear_geometry_upper_bound|geometry_normalized_severe|relative_0.25_r_fit
C,DIOR-R,rotated_rtmdet_s,angle_error_gt_5deg,absolute_0.001,absolute,0.001000,larger_is_better_true_endpoint_with_persistent_row_tie_break,,0.01:HB=F:CP=F;0.025:HB=F:CP=F;0.05:HB=F:CP=F;0.1:HB=F:CP=F;0.2:HB=F:CP=F;0.3:HB=F:CP=F;0.4:HB=F:CP=F;0.5:HB=F:CP=F;0.6:HB=F:CP=F;0.7:HB=F:CP=F;0.8:HB=F:CP=F;0.9:HB=F:CP=F;1:HB=F:CP=F,0.01,False,0.000000,,,,0.000000,0.000000,0,0.01,False,0.000000,,False,detection_score,C|detection_score|angle_error_gt_5deg|absolute_0.001
C,DIOR-R,rotated_rtmdet_s,angle_error_gt_5deg,absolute_0.0025,absolute,0.002500,larger_is_better_true_endpoint_with_persistent_row_tie_break,,0.01:HB=F:CP=F;0.025:HB=F:CP=F;0.05:HB=F:CP=F;0.1:HB=F:CP=F;0.2:HB=F:CP=F;0.3:HB=F:CP=F;0.4:HB=F:CP=F;0.5:HB=P:CP=P;0.6:HB=P:CP=P;0.7:HB=P:CP=P;0.8:HB=P:CP=P;0.9:HB=P:CP=P;1:HB=F:CP=F,0.01,False,0.000000,,,,0.000000,0.000000,0,0.01,False,0.000000,,False,detection_score,C|detection_score|angle_error_gt_5deg|absolute_0.0025
C,DIOR-R,rotated_rtmdet_s,angle_error_gt_5deg,absolute_0.005,absolute,0.005000,larger_is_better_true_endpoint_with_persistent_row_tie_break,,0.01:HB=F:CP=F;0.025:HB=F:CP=F;0.05:HB=F:CP=F;0.1:HB=F:CP=F;0.2:HB=F:CP=F;0.3:HB=P:CP=P;0.4:HB=P:CP=P;0.5:HB=P:CP=P;0.6:HB=P:CP=P;0.7:HB=P:CP=P;0.8:HB=P:CP=P;0.9:HB=P:CP=P;1:HB=F:CP=F,0.01,False,0.000000,,,,0.000000,0.000000,0,0.01,False,0.000000,,False,detection_score,C|detection_score|angle_error_gt_5deg|absolute_0.005
C,DIOR-R,rotated_rtmdet_s,angle_error_gt_5deg,absolute_0.01,absolute,0.010000,larger_is_better_true_endpoint_with_persistent_row_tie_break,,0.01:HB=F:CP=F;0.025:HB=F:CP=F;0.05:HB=F:CP=F;0.1:HB=F:CP=F;0.2:HB=P:CP=P;0.3:HB=P:CP=P;0.4:HB=P:CP=P;0.5:HB=P:CP=P;0.6:HB=P:CP=P;0.7:HB=P:CP=P;0.8:HB=P:CP=P;0.9:HB=P:CP=P;1:HB=F:CP=F,0.01,False,0.000000,,,,0.000000,0.000000,0,0.01,False,0.000000,,False,detection_score,C|detection_score|angle_error_gt_5deg|absolute_0.01
C,DIOR-R,rotated_rtmdet_s,angle_error_gt_5deg,relative_0.5_r_fit,relative,0.052584,larger_is_better_true_endpoint_with_persistent_row_tie_break,,0.01:HB=F:CP=F;0.025:HB=F:CP=F;0.05:HB=P:CP=P;0.1:HB=P:CP=P;0.2:HB=P:CP=P;0.3:HB=P:CP=P;0.4:HB=P:CP=P;0.5:HB=P:CP=P;0.6:HB=P:CP=P;0.7:HB=P:CP=P;0.8:HB=P:CP=P;0.9:HB=P:CP=P;1:HB=F:CP=F,0.01,False,0.000000,,,,0.000000,0.000000,0,0.01,False,0.000000,,False,detection_score,C|detection_score|angle_error_gt_5deg|relative_0.5_r_fit
C,DIOR-R,rotated_rtmdet_s,angle_error_gt_5deg,relative_0.25_r_fit,relative,0.026292,larger_is_better_true_endpoint_with_persistent_row_tie_break,,0.01:HB=F:CP=F;0.025:HB=F:CP=F;0.05:HB=F:CP=F;0.1:HB=P:CP=P;0.2:HB=P:CP=P;0.3:HB=P:CP=P;0.4:HB=P:CP=P;0.5:HB=P:CP=P;0.6:HB=P:CP=P;0.7:HB=P:CP=P;0.8:HB=P:CP=P;0.9:HB=P:CP=P;1:HB=F:CP=F,0.01,False,0.000000,,,,0.000000,0.000000,0,0.01,False,0.000000,,False,detection_score,C|detection_score|angle_error_gt_5deg|relative_0.25_r_fit
C,DIOR-R,rotated_rtmdet_s,angle_error_gt_5deg,absolute_0.001,absolute,0.001000,larger_is_better_true_endpoint_with_persistent_row_tie_break,,0.01:HB=F:CP=F;0.025:HB=F:CP=F;0.05:HB=F:CP=F;0.1:HB=F:CP=F;0.2:HB=F:CP=F;0.3:HB=F:CP=F;0.4:HB=F:CP=F;0.5:HB=F:CP=F;0.6:HB=F:CP=F;0.7:HB=F:CP=F;0.8:HB=F:CP=F;0.9:HB=F:CP=F;1:HB=F:CP=F,0.01,False,0.000000,,,,0.000000,0.000000,0,0.01,False,0.000000,,False,tta_circular_consistency,C|tta_circular_consistency|angle_error_gt_5deg|absolute_0.001
C,DIOR-R,rotated_rtmdet_s,angle_error_gt_5deg,absolute_0.0025,absolute,0.002500,larger_is_better_true_endpoint_with_persistent_row_tie_break,,0.01:HB=F:CP=F;0.025:HB=F:CP=F;0.05:HB=F:CP=F;0.1:HB=F:CP=F;0.2:HB=F:CP=F;0.3:HB=F:CP=F;0.4:HB=F:CP=F;0.5:HB=P:CP=P;0.6:HB=P:CP=P;0.7:HB=P:CP=P;0.8:HB=P:CP=P;0.9:HB=P:CP=P;1:HB=F:CP=F,0.01,False,0.000000,,,,0.000000,0.000000,0,0.01,False,0.000000,,False,tta_circular_consistency,C|tta_circular_consistency|angle_error_gt_5deg|absolute_0.0025
C,DIOR-R,rotated_rtmdet_s,angle_error_gt_5deg,absolute_0.005,absolute,0.005000,larger_is_better_true_endpoint_with_persistent_row_tie_break,,0.01:HB=F:CP=F;0.025:HB=F:CP=F;0.05:HB=F:CP=F;0.1:HB=F:CP=F;0.2:HB=F:CP=F;0.3:HB=P:CP=P;0.4:HB=P:CP=P;0.5:HB=P:CP=P;0.6:HB=P:CP=P;0.7:HB=P:CP=P;0.8:HB=P:CP=P;0.9:HB=P:CP=P;1:HB=F:CP=F,0.01,False,0.000000,,,,0.000000,0.000000,0,0.01,False,0.000000,,False,tta_circular_consistency,C|tta_circular_consistency|angle_error_gt_5deg|absolute_0.005
C,DIOR-R,rotated_rtmdet_s,angle_error_gt_5deg,absolute_0.01,absolute,0.010000,larger_is_better_true_endpoint_with_persistent_row_tie_break,,0.01:HB=F:CP=F;0.025:HB=F:CP=F;0.05:HB=F:CP=F;0.1:HB=F:CP=F;0.2:HB=P:CP=P;0.3:HB=P:CP=P;0.4:HB=P:CP=P;0.5:HB=P:CP=P;0.6:HB=P:CP=P;0.7:HB=P:CP=P;0.8:HB=P:CP=P;0.9:HB=P:CP=P;1:HB=F:CP=F,0.01,False,0.000000,,,,0.000000,0.000000,0,0.01,False,0.000000,,False,tta_circular_consistency,C|tta_circular_consistency|angle_error_gt_5deg|absolute_0.01
C,DIOR-R,rotated_rtmdet_s,angle_error_gt_5deg,relative_0.5_r_fit,relative,0.052584,larger_is_better_true_endpoint_with_persistent_row_tie_break,,0.01:HB=F:CP=F;0.025:HB=F:CP=F;0.05:HB=P:CP=P;0.1:HB=P:CP=P;0.2:HB=P:CP=P;0.3:HB=P:CP=P;0.4:HB=P:CP=P;0.5:HB=P:CP=P;0.6:HB=P:CP=P;0.7:HB=P:CP=P;0.8:HB=P:CP=P;0.9:HB=P:CP=P;1:HB=F:CP=F,0.01,False,0.000000,,,,0.000000,0.000000,0,0.01,False,0.000000,,False,tta_circular_consistency,C|tta_circular_consistency|angle_error_gt_5deg|relative_0.5_r_fit
C,DIOR-R,rotated_rtmdet_s,angle_error_gt_5deg,relative_0.25_r_fit,relative,0.026292,larger_is_better_true_endpoint_with_persistent_row_tie_break,,0.01:HB=F:CP=F;0.025:HB=F:CP=F;0.05:HB=F:CP=F;0.1:HB=P:CP=P;0.2:HB=P:CP=P;0.3:HB=P:CP=P;0.4:HB=P:CP=P;0.5:HB=P:CP=P;0.6:HB=P:CP=P;0.7:HB=P:CP=P;0.8:HB=P:CP=P;0.9:HB=P:CP=P;1:HB=F:CP=F,0.01,False,0.000000,,,,0.000000,0.000000,0,0.01,False,0.000000,,False,tta_circular_consistency,C|tta_circular_consistency|angle_error_gt_5deg|relative_0.25_r_fit
C,DIOR-R,rotated_rtmdet_s,angle_error_gt_5deg,absolute_0.001,absolute,0.001000,larger_is_better_true_endpoint_with_persistent_row_tie_break,,0.01:HB=F:CP=F;0.025:HB=F:CP=F;0.05:HB=F:CP=F;0.1:HB=F:CP=F;0.2:HB=F:CP=F;0.3:HB=F:CP=F;0.4:HB=F:CP=F;0.5:HB=F:CP=F;0.6:HB=F:CP=F;0.7:HB=F:CP=F;0.8:HB=F:CP=F;0.9:HB=F:CP=F;1:HB=F:CP=F,0.01,False,0.000000,,,,0.000000,0.000000,0,0.01,False,0.000000,,False,source_supervised_leave_geometry,C|source_supervised_leave_geometry|angle_error_gt_5deg|absolute_0.001
C,DIOR-R,rotated_rtmdet_s,angle_error_gt_5deg,absolute_0.0025,absolute,0.002500,larger_is_better_true_endpoint_with_persistent_row_tie_break,,0.01:HB=F:CP=F;0.025:HB=F:CP=F;0.05:HB=F:CP=F;0.1:HB=F:CP=F;0.2:HB=F:CP=F;0.3:HB=F:CP=F;0.4:HB=F:CP=F;0.5:HB=P:CP=P;0.6:HB=P:CP=P;0.7:HB=P:CP=P;0.8:HB=P:CP=P;0.9:HB=P:CP=P;1:HB=F:CP=F,0.01,False,0.000000,,,,0.000000,0.000000,0,0.01,False,0.000000,,False,source_supervised_leave_geometry,C|source_supervised_leave_geometry|angle_error_gt_5deg|absolute_0.0025
C,DIOR-R,rotated_rtmdet_s,angle_error_gt_5deg,absolute_0.005,absolute,0.005000,larger_is_better_true_endpoint_with_persistent_row_tie_break,,0.01:HB=F:CP=F;0.025:HB=F:CP=F;0.05:HB=F:CP=F;0.1:HB=F:CP=F;0.2:HB=F:CP=F;0.3:HB=P:CP=P;0.4:HB=P:CP=P;0.5:HB=P:CP=P;0.6:HB=P:CP=P;0.7:HB=P:CP=P;0.8:HB=P:CP=P;0.9:HB=P:CP=P;1:HB=F:CP=F,0.01,False,0.000000,,,,0.000000,0.000000,0,0.01,False,0.000000,,False,source_supervised_leave_geometry,C|source_supervised_leave_geometry|angle_error_gt_5deg|absolute_0.005
C,DIOR-R,rotated_rtmdet_s,angle_error_gt_5deg,absolute_0.01,absolute,0.010000,larger_is_better_true_endpoint_with_persistent_row_tie_break,,0.01:HB=F:CP=F;0.025:HB=F:CP=F;0.05:HB=F:CP=F;0.1:HB=F:CP=F;0.2:HB=P:CP=P;0.3:HB=P:CP=P;0.4:HB=P:CP=P;0.5:HB=P:CP=P;0.6:HB=P:CP=P;0.7:HB=P:CP=P;0.8:HB=P:CP=P;0.9:HB=P:CP=P;1:HB=F:CP=F,0.01,False,0.000000,,,,0.000000,0.000000,0,0.01,False,0.000000,,False,source_supervised_leave_geometry,C|source_supervised_leave_geometry|angle_error_gt_5deg|absolute_0.01
C,DIOR-R,rotated_rtmdet_s,angle_error_gt_5deg,relative_0.5_r_fit,relative,0.052584,larger_is_better_true_endpoint_with_persistent_row_tie_break,,0.01:HB=F:CP=F;0.025:HB=F:CP=F;0.05:HB=P:CP=P;0.1:HB=P:CP=P;0.2:HB=P:CP=P;0.3:HB=P:CP=P;0.4:HB=P:CP=P;0.5:HB=P:CP=P;0.6:HB=P:CP=P;0.7:HB=P:CP=P;0.8:HB=P:CP=P;0.9:HB=P:CP=P;1:HB=F:CP=F,0.01,False,0.000000,,,,0.000000,0.000000,0,0.01,False,0.000000,,False,source_supervised_leave_geometry,C|source_supervised_leave_geometry|angle_error_gt_5deg|relative_0.5_r_fit
C,DIOR-R,rotated_rtmdet_s,angle_error_gt_5deg,relative_0.25_r_fit,relative,0.026292,larger_is_better_true_endpoint_with_persistent_row_tie_break,,0.01:HB=F:CP=F;0.025:HB=F:CP=F;0.05:HB=F:CP=F;0.1:HB=P:CP=P;0.2:HB=P:CP=P;0.3:HB=P:CP=P;0.4:HB=P:CP=P;0.5:HB=P:CP=P;0.6:HB=P:CP=P;0.7:HB=P:CP=P;0.8:HB=P:CP=P;0.9:HB=P:CP=P;1:HB=F:CP=F,0.01,False,0.000000,,,,0.000000,0.000000,0,0.01,False,0.000000,,False,source_supervised_leave_geometry,C|source_supervised_leave_geometry|angle_error_gt_5deg|relative_0.25_r_fit
C,DIOR-R,rotated_rtmdet_s,angle_error_gt_5deg,absolute_0.001,absolute,0.001000,larger_is_better_true_endpoint_with_persistent_row_tie_break,,0.01:HB=F:CP=F;0.025:HB=F:CP=F;0.05:HB=F:CP=F;0.1:HB=F:CP=F;0.2:HB=F:CP=F;0.3:HB=F:CP=F;0.4:HB=F:CP=F;0.5:HB=F:CP=F;0.6:HB=F:CP=F;0.7:HB=F:CP=F;0.8:HB=F:CP=F;0.9:HB=F:CP=F;1:HB=F:CP=F,0.01,False,0.000000,,,,0.000000,0.000000,0,0.01,False,0.000000,,False,target_gt_nonlinear_geometry_upper_bound,C|target_gt_nonlinear_geometry_upper_bound|angle_error_gt_5deg|absolute_0.001
C,DIOR-R,rotated_rtmdet_s,angle_error_gt_5deg,absolute_0.0025,absolute,0.002500,larger_is_better_true_endpoint_with_persistent_row_tie_break,,0.01:HB=F:CP=F;0.025:HB=F:CP=F;0.05:HB=F:CP=F;0.1:HB=F:CP=F;0.2:HB=F:CP=F;0.3:HB=F:CP=F;0.4:HB=F:CP=F;0.5:HB=P:CP=P;0.6:HB=P:CP=P;0.7:HB=P:CP=P;0.8:HB=P:CP=P;0.9:HB=P:CP=P;1:HB=F:CP=F,0.01,False,0.000000,,,,0.000000,0.000000,0,0.01,False,0.000000,,False,target_gt_nonlinear_geometry_upper_bound,C|target_gt_nonlinear_geometry_upper_bound|angle_error_gt_5deg|absolute_0.0025
C,DIOR-R,rotated_rtmdet_s,angle_error_gt_5deg,absolute_0.005,absolute,0.005000,larger_is_better_true_endpoint_with_persistent_row_tie_break,,0.01:HB=F:CP=F;0.025:HB=F:CP=F;0.05:HB=F:CP=F;0.1:HB=F:CP=F;0.2:HB=F:CP=F;0.3:HB=P:CP=P;0.4:HB=P:CP=P;0.5:HB=P:CP=P;0.6:HB=P:CP=P;0.7:HB=P:CP=P;0.8:HB=P:CP=P;0.9:HB=P:CP=P;1:HB=F:CP=F,0.01,False,0.000000,,,,0.000000,0.000000,0,0.01,False,0.000000,,False,target_gt_nonlinear_geometry_upper_bound,C|target_gt_nonlinear_geometry_upper_bound|angle_error_gt_5deg|absolute_0.005
C,DIOR-R,rotated_rtmdet_s,angle_error_gt_5deg,absolute_0.01,absolute,0.010000,larger_is_better_true_endpoint_with_persistent_row_tie_break,,0.01:HB=F:CP=F;0.025:HB=F:CP=F;0.05:HB=F:CP=F;0.1:HB=F:CP=F;0.2:HB=P:CP=P;0.3:HB=P:CP=P;0.4:HB=P:CP=P;0.5:HB=P:CP=P;0.6:HB=P:CP=P;0.7:HB=P:CP=P;0.8:HB=P:CP=P;0.9:HB=P:CP=P;1:HB=F:CP=F,0.01,False,0.000000,,,,0.000000,0.000000,0,0.01,False,0.000000,,False,target_gt_nonlinear_geometry_upper_bound,C|target_gt_nonlinear_geometry_upper_bound|angle_error_gt_5deg|absolute_0.01
C,DIOR-R,rotated_rtmdet_s,angle_error_gt_5deg,relative_0.5_r_fit,relative,0.052584,larger_is_better_true_endpoint_with_persistent_row_tie_break,,0.01:HB=F:CP=F;0.025:HB=F:CP=F;0.05:HB=P:CP=P;0.1:HB=P:CP=P;0.2:HB=P:CP=P;0.3:HB=P:CP=P;0.4:HB=P:CP=P;0.5:HB=P:CP=P;0.6:HB=P:CP=P;0.7:HB=P:CP=P;0.8:HB=P:CP=P;0.9:HB=P:CP=P;1:HB=F:CP=F,0.01,False,0.000000,,,,0.000000,0.000000,0,0.01,False,0.000000,,False,target_gt_nonlinear_geometry_upper_bound,C|target_gt_nonlinear_geometry_upper_bound|angle_error_gt_5deg|relative_0.5_r_fit
C,DIOR-R,rotated_rtmdet_s,angle_error_gt_5deg,relative_0.25_r_fit,relative,0.026292,larger_is_better_true_endpoint_with_persistent_row_tie_break,,0.01:HB=F:CP=F;0.025:HB=F:CP=F;0.05:HB=F:CP=F;0.1:HB=P:CP=P;0.2:HB=P:CP=P;0.3:HB=P:CP=P;0.4:HB=P:CP=P;0.5:HB=P:CP=P;0.6:HB=P:CP=P;0.7:HB=P:CP=P;0.8:HB=P:CP=P;0.9:HB=P:CP=P;1:HB=F:CP=F,0.01,False,0.000000,,,,0.000000,0.000000,0,0.01,False,0.000000,,False,target_gt_nonlinear_geometry_upper_bound,C|target_gt_nonlinear_geometry_upper_bound|angle_error_gt_5deg|relative_0.25_r_fit
C,DIOR-R,rotated_rtmdet_s,angle_error_gt_10deg,absolute_0.001,absolute,0.001000,larger_is_better_true_endpoint_with_persistent_row_tie_break,,0.01:HB=F:CP=F;0.025:HB=F:CP=F;0.05:HB=F:CP=F;0.1:HB=F:CP=F;0.2:HB=F:CP=F;0.3:HB=F:CP=F;0.4:HB=F:CP=F;0.5:HB=F:CP=F;0.6:HB=F:CP=F;0.7:HB=F:CP=F;0.8:HB=F:CP=F;0.9:HB=F:CP=F;1:HB=F:CP=F,0.01,False,0.000000,,,,0.000000,0.000000,0,0.01,False,0.000000,,False,detection_score,C|detection_score|angle_error_gt_10deg|absolute_0.001
C,DIOR-R,rotated_rtmdet_s,angle_error_gt_10deg,absolute_0.0025,absolute,0.002500,larger_is_better_true_endpoint_with_persistent_row_tie_break,,0.01:HB=F:CP=F;0.025:HB=F:CP=F;0.05:HB=F:CP=F;0.1:HB=F:CP=F;0.2:HB=F:CP=F;0.3:HB=F:CP=F;0.4:HB=F:CP=F;0.5:HB=P:CP=P;0.6:HB=P:CP=P;0.7:HB=P:CP=P;0.8:HB=P:CP=P;0.9:HB=P:CP=P;1:HB=F:CP=F,0.01,False,0.000000,,,,0.000000,0.000000,0,0.01,False,0.000000,,False,detection_score,C|detection_score|angle_error_gt_10deg|absolute_0.0025
C,DIOR-R,rotated_rtmdet_s,angle_error_gt_10deg,absolute_0.005,absolute,0.005000,larger_is_better_true_endpoint_with_persistent_row_tie_break,,0.01:HB=F:CP=F;0.025:HB=F:CP=F;0.05:HB=F:CP=F;0.1:HB=F:CP=F;0.2:HB=F:CP=F;0.3:HB=P:CP=P;0.4:HB=P:CP=P;0.5:HB=P:CP=P;0.6:HB=P:CP=P;0.7:HB=P:CP=P;0.8:HB=P:CP=P;0.9:HB=P:CP=P;1:HB=F:CP=F,0.01,False,0.000000,,,,0.000000,0.000000,0,0.01,False,0.000000,,False,detection_score,C|detection_score|angle_error_gt_10deg|absolute_0.005
C,DIOR-R,rotated_rtmdet_s,angle_error_gt_10deg,absolute_0.01,absolute,0.010000,larger_is_better_true_endpoint_with_persistent_row_tie_break,,0.01:HB=F:CP=F;0.025:HB=F:CP=F;0.05:HB=F:CP=F;0.1:HB=F:CP=F;0.2:HB=P:CP=P;0.3:HB=P:CP=P;0.4:HB=P:CP=P;0.5:HB=P:CP=P;0.6:HB=P:CP=P;0.7:HB=P:CP=P;0.8:HB=P:CP=P;0.9:HB=P:CP=P;1:HB=F:CP=F,0.01,False,0.000000,,,,0.000000,0.000000,0,0.01,False,0.000000,,False,detection_score,C|detection_score|angle_error_gt_10deg|absolute_0.01
C,DIOR-R,rotated_rtmdet_s,angle_error_gt_10deg,relative_0.5_r_fit,relative,0.014889,larger_is_better_true_endpoint_with_persistent_row_tie_break,,0.01:HB=F:CP=F;0.025:HB=F:CP=F;0.05:HB=F:CP=F;0.1:HB=P:CP=P;0.2:HB=P:CP=P;0.3:HB=P:CP=P;0.4:HB=P:CP=P;0.5:HB=P:CP=P;0.6:HB=P:CP=P;0.7:HB=P:CP=P;0.8:HB=P:CP=P;0.9:HB=P:CP=P;1:HB=F:CP=F,0.01,False,0.000000,,,,0.000000,0.000000,0,0.01,False,0.000000,,False,detection_score,C|detection_score|angle_error_gt_10deg|relative_0.5_r_fit
C,DIOR-R,rotated_rtmdet_s,angle_error_gt_10deg,relative_0.25_r_fit,relative,0.007445,larger_is_better_true_endpoint_with_persistent_row_tie_break,,0.01:HB=F:CP=F;0.025:HB=F:CP=F;0.05:HB=F:CP=F;0.1:HB=F:CP=F;0.2:HB=P:CP=P;0.3:HB=P:CP=P;0.4:HB=P:CP=P;0.5:HB=P:CP=P;0.6:HB=P:CP=P;0.7:HB=P:CP=P;0.8:HB=P:CP=P;0.9:HB=P:CP=P;1:HB=F:CP=F,0.01,False,0.000000,,,,0.000000,0.000000,0,0.01,False,0.000000,,False,detection_score,C|detection_score|angle_error_gt_10deg|relative_0.25_r_fit
C,DIOR-R,rotated_rtmdet_s,angle_error_gt_10deg,absolute_0.001,absolute,0.001000,larger_is_better_true_endpoint_with_persistent_row_tie_break,,0.01:HB=F:CP=F;0.025:HB=F:CP=F;0.05:HB=F:CP=F;0.1:HB=F:CP=F;0.2:HB=F:CP=F;0.3:HB=F:CP=F;0.4:HB=F:CP=F;0.5:HB=F:CP=F;0.6:HB=F:CP=F;0.7:HB=F:CP=F;0.8:HB=F:CP=F;0.9:HB=F:CP=F;1:HB=F:CP=F,0.01,False,0.000000,,,,0.000000,0.000000,0,0.01,False,0.000000,,False,tta_circular_consistency,C|tta_circular_consistency|angle_error_gt_10deg|absolute_0.001
C,DIOR-R,rotated_rtmdet_s,angle_error_gt_10deg,absolute_0.0025,absolute,0.002500,larger_is_better_true_endpoint_with_persistent_row_tie_break,,0.01:HB=F:CP=F;0.025:HB=F:CP=F;0.05:HB=F:CP=F;0.1:HB=F:CP=F;0.2:HB=F:CP=F;0.3:HB=F:CP=F;0.4:HB=F:CP=F;0.5:HB=P:CP=P;0.6:HB=P:CP=P;0.7:HB=P:CP=P;0.8:HB=P:CP=P;0.9:HB=P:CP=P;1:HB=F:CP=F,0.01,False,0.000000,,,,0.000000,0.000000,0,0.01,False,0.000000,,False,tta_circular_consistency,C|tta_circular_consistency|angle_error_gt_10deg|absolute_0.0025
C,DIOR-R,rotated_rtmdet_s,angle_error_gt_10deg,absolute_0.005,absolute,0.005000,larger_is_better_true_endpoint_with_persistent_row_tie_break,,0.01:HB=F:CP=F;0.025:HB=F:CP=F;0.05:HB=F:CP=F;0.1:HB=F:CP=F;0.2:HB=F:CP=F;0.3:HB=P:CP=P;0.4:HB=P:CP=P;0.5:HB=P:CP=P;0.6:HB=P:CP=P;0.7:HB=P:CP=P;0.8:HB=P:CP=P;0.9:HB=P:CP=P;1:HB=F:CP=F,0.01,False,0.000000,,,,0.000000,0.000000,0,0.01,False,0.000000,,False,tta_circular_consistency,C|tta_circular_consistency|angle_error_gt_10deg|absolute_0.005
C,DIOR-R,rotated_rtmdet_s,angle_error_gt_10deg,absolute_0.01,absolute,0.010000,larger_is_better_true_endpoint_with_persistent_row_tie_break,,0.01:HB=F:CP=F;0.025:HB=F:CP=F;0.05:HB=F:CP=F;0.1:HB=F:CP=F;0.2:HB=P:CP=P;0.3:HB=P:CP=P;0.4:HB=P:CP=P;0.5:HB=P:CP=P;0.6:HB=P:CP=P;0.7:HB=P:CP=P;0.8:HB=P:CP=P;0.9:HB=P:CP=P;1:HB=F:CP=F,0.01,False,0.000000,,,,0.000000,0.000000,0,0.01,False,0.000000,,False,tta_circular_consistency,C|tta_circular_consistency|angle_error_gt_10deg|absolute_0.01
C,DIOR-R,rotated_rtmdet_s,angle_error_gt_10deg,relative_0.5_r_fit,relative,0.014889,larger_is_better_true_endpoint_with_persistent_row_tie_break,,0.01:HB=F:CP=F;0.025:HB=F:CP=F;0.05:HB=F:CP=F;0.1:HB=P:CP=P;0.2:HB=P:CP=P;0.3:HB=P:CP=P;0.4:HB=P:CP=P;0.5:HB=P:CP=P;0.6:HB=P:CP=P;0.7:HB=P:CP=P;0.8:HB=P:CP=P;0.9:HB=P:CP=P;1:HB=F:CP=F,0.01,False,0.000000,,,,0.000000,0.000000,0,0.01,False,0.000000,,False,tta_circular_consistency,C|tta_circular_consistency|angle_error_gt_10deg|relative_0.5_r_fit
C,DIOR-R,rotated_rtmdet_s,angle_error_gt_10deg,relative_0.25_r_fit,relative,0.007445,larger_is_better_true_endpoint_with_persistent_row_tie_break,,0.01:HB=F:CP=F;0.025:HB=F:CP=F;0.05:HB=F:CP=F;0.1:HB=F:CP=F;0.2:HB=P:CP=P;0.3:HB=P:CP=P;0.4:HB=P:CP=P;0.5:HB=P:CP=P;0.6:HB=P:CP=P;0.7:HB=P:CP=P;0.8:HB=P:CP=P;0.9:HB=P:CP=P;1:HB=F:CP=F,0.01,False,0.000000,,,,0.000000,0.000000,0,0.01,False,0.000000,,False,tta_circular_consistency,C|tta_circular_consistency|angle_error_gt_10deg|relative_0.25_r_fit
C,DIOR-R,rotated_rtmdet_s,angle_error_gt_10deg,absolute_0.001,absolute,0.001000,larger_is_better_true_endpoint_with_persistent_row_tie_break,,0.01:HB=F:CP=F;0.025:HB=F:CP=F;0.05:HB=F:CP=F;0.1:HB=F:CP=F;0.2:HB=F:CP=F;0.3:HB=F:CP=F;0.4:HB=F:CP=F;0.5:HB=F:CP=F;0.6:HB=F:CP=F;0.7:HB=F:CP=F;0.8:HB=F:CP=F;0.9:HB=F:CP=F;1:HB=F:CP=F,0.01,False,0.000000,,,,0.000000,0.000000,0,0.01,False,0.000000,,False,source_supervised_leave_geometry,C|source_supervised_leave_geometry|angle_error_gt_10deg|absolute_0.001
C,DIOR-R,rotated_rtmdet_s,angle_error_gt_10deg,absolute_0.0025,absolute,0.002500,larger_is_better_true_endpoint_with_persistent_row_tie_break,,0.01:HB=F:CP=F;0.025:HB=F:CP=F;0.05:HB=F:CP=F;0.1:HB=F:CP=F;0.2:HB=F:CP=F;0.3:HB=F:CP=F;0.4:HB=F:CP=F;0.5:HB=P:CP=P;0.6:HB=P:CP=P;0.7:HB=P:CP=P;0.8:HB=P:CP=P;0.9:HB=P:CP=P;1:HB=F:CP=F,0.01,False,0.000000,,,,0.000000,0.000000,0,0.01,False,0.000000,,False,source_supervised_leave_geometry,C|source_supervised_leave_geometry|angle_error_gt_10deg|absolute_0.0025
C,DIOR-R,rotated_rtmdet_s,angle_error_gt_10deg,absolute_0.005,absolute,0.005000,larger_is_better_true_endpoint_with_persistent_row_tie_break,,0.01:HB=F:CP=F;0.025:HB=F:CP=F;0.05:HB=F:CP=F;0.1:HB=F:CP=F;0.2:HB=F:CP=F;0.3:HB=P:CP=P;0.4:HB=P:CP=P;0.5:HB=P:CP=P;0.6:HB=P:CP=P;0.7:HB=P:CP=P;0.8:HB=P:CP=P;0.9:HB=P:CP=P;1:HB=F:CP=F,0.01,False,0.000000,,,,0.000000,0.000000,0,0.01,False,0.000000,,False,source_supervised_leave_geometry,C|source_supervised_leave_geometry|angle_error_gt_10deg|absolute_0.005
C,DIOR-R,rotated_rtmdet_s,angle_error_gt_10deg,absolute_0.01,absolute,0.010000,larger_is_better_true_endpoint_with_persistent_row_tie_break,,0.01:HB=F:CP=F;0.025:HB=F:CP=F;0.05:HB=F:CP=F;0.1:HB=F:CP=F;0.2:HB=P:CP=P;0.3:HB=P:CP=P;0.4:HB=P:CP=P;0.5:HB=P:CP=P;0.6:HB=P:CP=P;0.7:HB=P:CP=P;0.8:HB=P:CP=P;0.9:HB=P:CP=P;1:HB=F:CP=F,0.01,False,0.000000,,,,0.000000,0.000000,0,0.01,False,0.000000,,False,source_supervised_leave_geometry,C|source_supervised_leave_geometry|angle_error_gt_10deg|absolute_0.01
C,DIOR-R,rotated_rtmdet_s,angle_error_gt_10deg,relative_0.5_r_fit,relative,0.014889,larger_is_better_true_endpoint_with_persistent_row_tie_break,,0.01:HB=F:CP=F;0.025:HB=F:CP=F;0.05:HB=F:CP=F;0.1:HB=P:CP=P;0.2:HB=P:CP=P;0.3:HB=P:CP=P;0.4:HB=P:CP=P;0.5:HB=P:CP=P;0.6:HB=P:CP=P;0.7:HB=P:CP=P;0.8:HB=P:CP=P;0.9:HB=P:CP=P;1:HB=F:CP=F,0.01,False,0.000000,,,,0.000000,0.000000,0,0.01,False,0.000000,,False,source_supervised_leave_geometry,C|source_supervised_leave_geometry|angle_error_gt_10deg|relative_0.5_r_fit
C,DIOR-R,rotated_rtmdet_s,angle_error_gt_10deg,relative_0.25_r_fit,relative,0.007445,larger_is_better_true_endpoint_with_persistent_row_tie_break,,0.01:HB=F:CP=F;0.025:HB=F:CP=F;0.05:HB=F:CP=F;0.1:HB=F:CP=F;0.2:HB=P:CP=P;0.3:HB=P:CP=P;0.4:HB=P:CP=P;0.5:HB=P:CP=P;0.6:HB=P:CP=P;0.7:HB=P:CP=P;0.8:HB=P:CP=P;0.9:HB=P:CP=P;1:HB=F:CP=F,0.01,False,0.000000,,,,0.000000,0.000000,0,0.01,False,0.000000,,False,source_supervised_leave_geometry,C|source_supervised_leave_geometry|angle_error_gt_10deg|relative_0.25_r_fit
C,DIOR-R,rotated_rtmdet_s,angle_error_gt_10deg,absolute_0.001,absolute,0.001000,larger_is_better_true_endpoint_with_persistent_row_tie_break,,0.01:HB=F:CP=F;0.025:HB=F:CP=F;0.05:HB=F:CP=F;0.1:HB=F:CP=F;0.2:HB=F:CP=F;0.3:HB=F:CP=F;0.4:HB=F:CP=F;0.5:HB=F:CP=F;0.6:HB=F:CP=F;0.7:HB=F:CP=F;0.8:HB=F:CP=F;0.9:HB=F:CP=F;1:HB=F:CP=F,0.01,False,0.000000,,,,0.000000,0.000000,0,0.01,False,0.000000,,False,target_gt_nonlinear_geometry_upper_bound,C|target_gt_nonlinear_geometry_upper_bound|angle_error_gt_10deg|absolute_0.001
C,DIOR-R,rotated_rtmdet_s,angle_error_gt_10deg,absolute_0.0025,absolute,0.002500,larger_is_better_true_endpoint_with_persistent_row_tie_break,,0.01:HB=F:CP=F;0.025:HB=F:CP=F;0.05:HB=F:CP=F;0.1:HB=F:CP=F;0.2:HB=F:CP=F;0.3:HB=F:CP=F;0.4:HB=F:CP=F;0.5:HB=P:CP=P;0.6:HB=P:CP=P;0.7:HB=P:CP=P;0.8:HB=P:CP=P;0.9:HB=P:CP=P;1:HB=F:CP=F,0.01,False,0.000000,,,,0.000000,0.000000,0,0.01,False,0.000000,,False,target_gt_nonlinear_geometry_upper_bound,C|target_gt_nonlinear_geometry_upper_bound|angle_error_gt_10deg|absolute_0.0025
C,DIOR-R,rotated_rtmdet_s,angle_error_gt_10deg,absolute_0.005,absolute,0.005000,larger_is_better_true_endpoint_with_persistent_row_tie_break,,0.01:HB=F:CP=F;0.025:HB=F:CP=F;0.05:HB=F:CP=F;0.1:HB=F:CP=F;0.2:HB=F:CP=F;0.3:HB=P:CP=P;0.4:HB=P:CP=P;0.5:HB=P:CP=P;0.6:HB=P:CP=P;0.7:HB=P:CP=P;0.8:HB=P:CP=P;0.9:HB=P:CP=P;1:HB=F:CP=F,0.01,False,0.000000,,,,0.000000,0.000000,0,0.01,False,0.000000,,False,target_gt_nonlinear_geometry_upper_bound,C|target_gt_nonlinear_geometry_upper_bound|angle_error_gt_10deg|absolute_0.005
C,DIOR-R,rotated_rtmdet_s,angle_error_gt_10deg,absolute_0.01,absolute,0.010000,larger_is_better_true_endpoint_with_persistent_row_tie_break,,0.01:HB=F:CP=F;0.025:HB=F:CP=F;0.05:HB=F:CP=F;0.1:HB=F:CP=F;0.2:HB=P:CP=P;0.3:HB=P:CP=P;0.4:HB=P:CP=P;0.5:HB=P:CP=P;0.6:HB=P:CP=P;0.7:HB=P:CP=P;0.8:HB=P:CP=P;0.9:HB=P:CP=P;1:HB=F:CP=F,0.01,False,0.000000,,,,0.000000,0.000000,0,0.01,False,0.000000,,False,target_gt_nonlinear_geometry_upper_bound,C|target_gt_nonlinear_geometry_upper_bound|angle_error_gt_10deg|absolute_0.01
C,DIOR-R,rotated_rtmdet_s,angle_error_gt_10deg,relative_0.5_r_fit,relative,0.014889,larger_is_better_true_endpoint_with_persistent_row_tie_break,,0.01:HB=F:CP=F;0.025:HB=F:CP=F;0.05:HB=F:CP=F;0.1:HB=P:CP=P;0.2:HB=P:CP=P;0.3:HB=P:CP=P;0.4:HB=P:CP=P;0.5:HB=P:CP=P;0.6:HB=P:CP=P;0.7:HB=P:CP=P;0.8:HB=P:CP=P;0.9:HB=P:CP=P;1:HB=F:CP=F,0.01,False,0.000000,,,,0.000000,0.000000,0,0.01,False,0.000000,,False,target_gt_nonlinear_geometry_upper_bound,C|target_gt_nonlinear_geometry_upper_bound|angle_error_gt_10deg|relative_0.5_r_fit
C,DIOR-R,rotated_rtmdet_s,angle_error_gt_10deg,relative_0.25_r_fit,relative,0.007445,larger_is_better_true_endpoint_with_persistent_row_tie_break,,0.01:HB=F:CP=F;0.025:HB=F:CP=F;0.05:HB=F:CP=F;0.1:HB=F:CP=F;0.2:HB=P:CP=P;0.3:HB=P:CP=P;0.4:HB=P:CP=P;0.5:HB=P:CP=P;0.6:HB=P:CP=P;0.7:HB=P:CP=P;0.8:HB=P:CP=P;0.9:HB=P:CP=P;1:HB=F:CP=F,0.01,False,0.000000,,,,0.000000,0.000000,0,0.01,False,0.000000,,False,target_gt_nonlinear_geometry_upper_bound,C|target_gt_nonlinear_geometry_upper_bound|angle_error_gt_10deg|relative_0.25_r_fit
C,DIOR-R,rotated_rtmdet_s,angle_error_gt_15deg,absolute_0.001,absolute,0.001000,larger_is_better_true_endpoint_with_persistent_row_tie_break,,0.01:HB=F:CP=F;0.025:HB=F:CP=F;0.05:HB=F:CP=F;0.1:HB=F:CP=F;0.2:HB=F:CP=F;0.3:HB=F:CP=F;0.4:HB=F:CP=F;0.5:HB=F:CP=F;0.6:HB=F:CP=F;0.7:HB=F:CP=F;0.8:HB=F:CP=F;0.9:HB=F:CP=F;1:HB=F:CP=F,0.01,False,0.000000,,,,0.000000,0.000000,0,0.01,False,0.000000,,False,detection_score,C|detection_score|angle_error_gt_15deg|absolute_0.001
C,DIOR-R,rotated_rtmdet_s,angle_error_gt_15deg,absolute_0.0025,absolute,0.002500,larger_is_better_true_endpoint_with_persistent_row_tie_break,,0.01:HB=F:CP=F;0.025:HB=F:CP=F;0.05:HB=F:CP=F;0.1:HB=F:CP=F;0.2:HB=F:CP=F;0.3:HB=F:CP=F;0.4:HB=F:CP=F;0.5:HB=P:CP=P;0.6:HB=P:CP=P;0.7:HB=P:CP=P;0.8:HB=P:CP=P;0.9:HB=P:CP=P;1:HB=F:CP=F,0.01,False,0.000000,,,,0.000000,0.000000,0,0.01,False,0.000000,,False,detection_score,C|detection_score|angle_error_gt_15deg|absolute_0.0025
C,DIOR-R,rotated_rtmdet_s,angle_error_gt_15deg,absolute_0.005,absolute,0.005000,larger_is_better_true_endpoint_with_persistent_row_tie_break,,0.01:HB=F:CP=F;0.025:HB=F:CP=F;0.05:HB=F:CP=F;0.1:HB=F:CP=F;0.2:HB=F:CP=F;0.3:HB=P:CP=P;0.4:HB=P:CP=P;0.5:HB=P:CP=P;0.6:HB=P:CP=P;0.7:HB=P:CP=P;0.8:HB=P:CP=P;0.9:HB=P:CP=P;1:HB=F:CP=F,0.01,False,0.000000,,,,0.000000,0.000000,0,0.01,False,0.000000,,False,detection_score,C|detection_score|angle_error_gt_15deg|absolute_0.005
C,DIOR-R,rotated_rtmdet_s,angle_error_gt_15deg,absolute_0.01,absolute,0.010000,larger_is_better_true_endpoint_with_persistent_row_tie_break,,0.01:HB=F:CP=F;0.025:HB=F:CP=F;0.05:HB=F:CP=F;0.1:HB=F:CP=F;0.2:HB=P:CP=P;0.3:HB=P:CP=P;0.4:HB=P:CP=P;0.5:HB=P:CP=P;0.6:HB=P:CP=P;0.7:HB=P:CP=P;0.8:HB=P:CP=P;0.9:HB=P:CP=P;1:HB=F:CP=F,0.01,False,0.000000,,,,0.000000,0.000000,0,0.01,False,0.000000,,False,detection_score,C|detection_score|angle_error_gt_15deg|absolute_0.01
C,DIOR-R,rotated_rtmdet_s,angle_error_gt_15deg,relative_0.5_r_fit,relative,0.007185,larger_is_better_true_endpoint_with_persistent_row_tie_break,,0.01:HB=F:CP=F;0.025:HB=F:CP=F;0.05:HB=F:CP=F;0.1:HB=F:CP=F;0.2:HB=P:CP=P;0.3:HB=P:CP=P;0.4:HB=P:CP=P;0.5:HB=P:CP=P;0.6:HB=P:CP=P;0.7:HB=P:CP=P;0.8:HB=P:CP=P;0.9:HB=P:CP=P;1:HB=F:CP=F,0.01,False,0.000000,,,,0.000000,0.000000,0,0.01,False,0.000000,,False,detection_score,C|detection_score|angle_error_gt_15deg|relative_0.5_r_fit
C,DIOR-R,rotated_rtmdet_s,angle_error_gt_15deg,relative_0.25_r_fit,relative,0.003593,larger_is_better_true_endpoint_with_persistent_row_tie_break,,0.01:HB=F:CP=F;0.025:HB=F:CP=F;0.05:HB=F:CP=F;0.1:HB=F:CP=F;0.2:HB=F:CP=F;0.3:HB=F:CP=F;0.4:HB=P:CP=P;0.5:HB=P:CP=P;0.6:HB=P:CP=P;0.7:HB=P:CP=P;0.8:HB=P:CP=P;0.9:HB=P:CP=P;1:HB=F:CP=F,0.01,False,0.000000,,,,0.000000,0.000000,0,0.01,False,0.000000,,False,detection_score,C|detection_score|angle_error_gt_15deg|relative_0.25_r_fit
C,DIOR-R,rotated_rtmdet_s,angle_error_gt_15deg,absolute_0.001,absolute,0.001000,larger_is_better_true_endpoint_with_persistent_row_tie_break,,0.01:HB=F:CP=F;0.025:HB=F:CP=F;0.05:HB=F:CP=F;0.1:HB=F:CP=F;0.2:HB=F:CP=F;0.3:HB=F:CP=F;0.4:HB=F:CP=F;0.5:HB=F:CP=F;0.6:HB=F:CP=F;0.7:HB=F:CP=F;0.8:HB=F:CP=F;0.9:HB=F:CP=F;1:HB=F:CP=F,0.01,False,0.000000,,,,0.000000,0.000000,0,0.01,False,0.000000,,False,tta_circular_consistency,C|tta_circular_consistency|angle_error_gt_15deg|absolute_0.001
C,DIOR-R,rotated_rtmdet_s,angle_error_gt_15deg,absolute_0.0025,absolute,0.002500,larger_is_better_true_endpoint_with_persistent_row_tie_break,,0.01:HB=F:CP=F;0.025:HB=F:CP=F;0.05:HB=F:CP=F;0.1:HB=F:CP=F;0.2:HB=F:CP=F;0.3:HB=F:CP=F;0.4:HB=F:CP=F;0.5:HB=P:CP=P;0.6:HB=P:CP=P;0.7:HB=P:CP=P;0.8:HB=P:CP=P;0.9:HB=P:CP=P;1:HB=F:CP=F,0.01,False,0.000000,,,,0.000000,0.000000,0,0.01,False,0.000000,,False,tta_circular_consistency,C|tta_circular_consistency|angle_error_gt_15deg|absolute_0.0025
C,DIOR-R,rotated_rtmdet_s,angle_error_gt_15deg,absolute_0.005,absolute,0.005000,larger_is_better_true_endpoint_with_persistent_row_tie_break,,0.01:HB=F:CP=F;0.025:HB=F:CP=F;0.05:HB=F:CP=F;0.1:HB=F:CP=F;0.2:HB=F:CP=F;0.3:HB=P:CP=P;0.4:HB=P:CP=P;0.5:HB=P:CP=P;0.6:HB=P:CP=P;0.7:HB=P:CP=P;0.8:HB=P:CP=P;0.9:HB=P:CP=P;1:HB=F:CP=F,0.01,False,0.000000,,,,0.000000,0.000000,0,0.01,False,0.000000,,False,tta_circular_consistency,C|tta_circular_consistency|angle_error_gt_15deg|absolute_0.005
C,DIOR-R,rotated_rtmdet_s,angle_error_gt_15deg,absolute_0.01,absolute,0.010000,larger_is_better_true_endpoint_with_persistent_row_tie_break,,0.01:HB=F:CP=F;0.025:HB=F:CP=F;0.05:HB=F:CP=F;0.1:HB=F:CP=F;0.2:HB=P:CP=P;0.3:HB=P:CP=P;0.4:HB=P:CP=P;0.5:HB=P:CP=P;0.6:HB=P:CP=P;0.7:HB=P:CP=P;0.8:HB=P:CP=P;0.9:HB=P:CP=P;1:HB=F:CP=F,0.01,False,0.000000,,,,0.000000,0.000000,0,0.01,False,0.000000,,False,tta_circular_consistency,C|tta_circular_consistency|angle_error_gt_15deg|absolute_0.01
C,DIOR-R,rotated_rtmdet_s,angle_error_gt_15deg,relative_0.5_r_fit,relative,0.007185,larger_is_better_true_endpoint_with_persistent_row_tie_break,,0.01:HB=F:CP=F;0.025:HB=F:CP=F;0.05:HB=F:CP=F;0.1:HB=F:CP=F;0.2:HB=P:CP=P;0.3:HB=P:CP=P;0.4:HB=P:CP=P;0.5:HB=P:CP=P;0.6:HB=P:CP=P;0.7:HB=P:CP=P;0.8:HB=P:CP=P;0.9:HB=P:CP=P;1:HB=F:CP=F,0.01,False,0.000000,,,,0.000000,0.000000,0,0.01,False,0.000000,,False,tta_circular_consistency,C|tta_circular_consistency|angle_error_gt_15deg|relative_0.5_r_fit
C,DIOR-R,rotated_rtmdet_s,angle_error_gt_15deg,relative_0.25_r_fit,relative,0.003593,larger_is_better_true_endpoint_with_persistent_row_tie_break,,0.01:HB=F:CP=F;0.025:HB=F:CP=F;0.05:HB=F:CP=F;0.1:HB=F:CP=F;0.2:HB=F:CP=F;0.3:HB=F:CP=F;0.4:HB=P:CP=P;0.5:HB=P:CP=P;0.6:HB=P:CP=P;0.7:HB=P:CP=P;0.8:HB=P:CP=P;0.9:HB=P:CP=P;1:HB=F:CP=F,0.01,False,0.000000,,,,0.000000,0.000000,0,0.01,False,0.000000,,False,tta_circular_consistency,C|tta_circular_consistency|angle_error_gt_15deg|relative_0.25_r_fit
C,DIOR-R,rotated_rtmdet_s,angle_error_gt_15deg,absolute_0.001,absolute,0.001000,larger_is_better_true_endpoint_with_persistent_row_tie_break,,0.01:HB=F:CP=F;0.025:HB=F:CP=F;0.05:HB=F:CP=F;0.1:HB=F:CP=F;0.2:HB=F:CP=F;0.3:HB=F:CP=F;0.4:HB=F:CP=F;0.5:HB=F:CP=F;0.6:HB=F:CP=F;0.7:HB=F:CP=F;0.8:HB=F:CP=F;0.9:HB=F:CP=F;1:HB=F:CP=F,0.01,False,0.000000,,,,0.000000,0.000000,0,0.01,False,0.000000,,False,source_supervised_leave_geometry,C|source_supervised_leave_geometry|angle_error_gt_15deg|absolute_0.001
C,DIOR-R,rotated_rtmdet_s,angle_error_gt_15deg,absolute_0.0025,absolute,0.002500,larger_is_better_true_endpoint_with_persistent_row_tie_break,,0.01:HB=F:CP=F;0.025:HB=F:CP=F;0.05:HB=F:CP=F;0.1:HB=F:CP=F;0.2:HB=F:CP=F;0.3:HB=F:CP=F;0.4:HB=F:CP=F;0.5:HB=P:CP=P;0.6:HB=P:CP=P;0.7:HB=P:CP=P;0.8:HB=P:CP=P;0.9:HB=P:CP=P;1:HB=F:CP=F,0.01,False,0.000000,,,,0.000000,0.000000,0,0.01,False,0.000000,,False,source_supervised_leave_geometry,C|source_supervised_leave_geometry|angle_error_gt_15deg|absolute_0.0025
C,DIOR-R,rotated_rtmdet_s,angle_error_gt_15deg,absolute_0.005,absolute,0.005000,larger_is_better_true_endpoint_with_persistent_row_tie_break,,0.01:HB=F:CP=F;0.025:HB=F:CP=F;0.05:HB=F:CP=F;0.1:HB=F:CP=F;0.2:HB=F:CP=F;0.3:HB=P:CP=P;0.4:HB=P:CP=P;0.5:HB=P:CP=P;0.6:HB=P:CP=P;0.7:HB=P:CP=P;0.8:HB=P:CP=P;0.9:HB=P:CP=P;1:HB=F:CP=F,0.01,False,0.000000,,,,0.000000,0.000000,0,0.01,False,0.000000,,False,source_supervised_leave_geometry,C|source_supervised_leave_geometry|angle_error_gt_15deg|absolute_0.005
C,DIOR-R,rotated_rtmdet_s,angle_error_gt_15deg,absolute_0.01,absolute,0.010000,larger_is_better_true_endpoint_with_persistent_row_tie_break,,0.01:HB=F:CP=F;0.025:HB=F:CP=F;0.05:HB=F:CP=F;0.1:HB=F:CP=F;0.2:HB=P:CP=P;0.3:HB=P:CP=P;0.4:HB=P:CP=P;0.5:HB=P:CP=P;0.6:HB=P:CP=P;0.7:HB=P:CP=P;0.8:HB=P:CP=P;0.9:HB=P:CP=P;1:HB=F:CP=F,0.01,False,0.000000,,,,0.000000,0.000000,0,0.01,False,0.000000,,False,source_supervised_leave_geometry,C|source_supervised_leave_geometry|angle_error_gt_15deg|absolute_0.01
C,DIOR-R,rotated_rtmdet_s,angle_error_gt_15deg,relative_0.5_r_fit,relative,0.007185,larger_is_better_true_endpoint_with_persistent_row_tie_break,,0.01:HB=F:CP=F;0.025:HB=F:CP=F;0.05:HB=F:CP=F;0.1:HB=F:CP=F;0.2:HB=P:CP=P;0.3:HB=P:CP=P;0.4:HB=P:CP=P;0.5:HB=P:CP=P;0.6:HB=P:CP=P;0.7:HB=P:CP=P;0.8:HB=P:CP=P;0.9:HB=P:CP=P;1:HB=F:CP=F,0.01,False,0.000000,,,,0.000000,0.000000,0,0.01,False,0.000000,,False,source_supervised_leave_geometry,C|source_supervised_leave_geometry|angle_error_gt_15deg|relative_0.5_r_fit
C,DIOR-R,rotated_rtmdet_s,angle_error_gt_15deg,relative_0.25_r_fit,relative,0.003593,larger_is_better_true_endpoint_with_persistent_row_tie_break,,0.01:HB=F:CP=F;0.025:HB=F:CP=F;0.05:HB=F:CP=F;0.1:HB=F:CP=F;0.2:HB=F:CP=F;0.3:HB=F:CP=F;0.4:HB=P:CP=P;0.5:HB=P:CP=P;0.6:HB=P:CP=P;0.7:HB=P:CP=P;0.8:HB=P:CP=P;0.9:HB=P:CP=P;1:HB=F:CP=F,0.01,False,0.000000,,,,0.000000,0.000000,0,0.01,False,0.000000,,False,source_supervised_leave_geometry,C|source_supervised_leave_geometry|angle_error_gt_15deg|relative_0.25_r_fit
C,DIOR-R,rotated_rtmdet_s,angle_error_gt_15deg,absolute_0.001,absolute,0.001000,larger_is_better_true_endpoint_with_persistent_row_tie_break,,0.01:HB=F:CP=F;0.025:HB=F:CP=F;0.05:HB=F:CP=F;0.1:HB=F:CP=F;0.2:HB=F:CP=F;0.3:HB=F:CP=F;0.4:HB=F:CP=F;0.5:HB=F:CP=F;0.6:HB=F:CP=F;0.7:HB=F:CP=F;0.8:HB=F:CP=F;0.9:HB=F:CP=F;1:HB=F:CP=F,0.01,False,0.000000,,,,0.000000,0.000000,0,0.01,False,0.000000,,False,target_gt_nonlinear_geometry_upper_bound,C|target_gt_nonlinear_geometry_upper_bound|angle_error_gt_15deg|absolute_0.001
C,DIOR-R,rotated_rtmdet_s,angle_error_gt_15deg,absolute_0.0025,absolute,0.002500,larger_is_better_true_endpoint_with_persistent_row_tie_break,,0.01:HB=F:CP=F;0.025:HB=F:CP=F;0.05:HB=F:CP=F;0.1:HB=F:CP=F;0.2:HB=F:CP=F;0.3:HB=F:CP=F;0.4:HB=F:CP=F;0.5:HB=P:CP=P;0.6:HB=P:CP=P;0.7:HB=P:CP=P;0.8:HB=P:CP=P;0.9:HB=P:CP=P;1:HB=F:CP=F,0.01,False,0.000000,,,,0.000000,0.000000,0,0.01,False,0.000000,,False,target_gt_nonlinear_geometry_upper_bound,C|target_gt_nonlinear_geometry_upper_bound|angle_error_gt_15deg|absolute_0.0025
C,DIOR-R,rotated_rtmdet_s,angle_error_gt_15deg,absolute_0.005,absolute,0.005000,larger_is_better_true_endpoint_with_persistent_row_tie_break,,0.01:HB=F:CP=F;0.025:HB=F:CP=F;0.05:HB=F:CP=F;0.1:HB=F:CP=F;0.2:HB=F:CP=F;0.3:HB=P:CP=P;0.4:HB=P:CP=P;0.5:HB=P:CP=P;0.6:HB=P:CP=P;0.7:HB=P:CP=P;0.8:HB=P:CP=P;0.9:HB=P:CP=P;1:HB=F:CP=F,0.01,False,0.000000,,,,0.000000,0.000000,0,0.01,False,0.000000,,False,target_gt_nonlinear_geometry_upper_bound,C|target_gt_nonlinear_geometry_upper_bound|angle_error_gt_15deg|absolute_0.005
C,DIOR-R,rotated_rtmdet_s,angle_error_gt_15deg,absolute_0.01,absolute,0.010000,larger_is_better_true_endpoint_with_persistent_row_tie_break,,0.01:HB=F:CP=F;0.025:HB=F:CP=F;0.05:HB=F:CP=F;0.1:HB=F:CP=F;0.2:HB=P:CP=P;0.3:HB=P:CP=P;0.4:HB=P:CP=P;0.5:HB=P:CP=P;0.6:HB=P:CP=P;0.7:HB=P:CP=P;0.8:HB=P:CP=P;0.9:HB=P:CP=P;1:HB=F:CP=F,0.01,False,0.000000,,,,0.000000,0.000000,0,0.01,False,0.000000,,False,target_gt_nonlinear_geometry_upper_bound,C|target_gt_nonlinear_geometry_upper_bound|angle_error_gt_15deg|absolute_0.01
C,DIOR-R,rotated_rtmdet_s,angle_error_gt_15deg,relative_0.5_r_fit,relative,0.007185,larger_is_better_true_endpoint_with_persistent_row_tie_break,,0.01:HB=F:CP=F;0.025:HB=F:CP=F;0.05:HB=F:CP=F;0.1:HB=F:CP=F;0.2:HB=P:CP=P;0.3:HB=P:CP=P;0.4:HB=P:CP=P;0.5:HB=P:CP=P;0.6:HB=P:CP=P;0.7:HB=P:CP=P;0.8:HB=P:CP=P;0.9:HB=P:CP=P;1:HB=F:CP=F,0.01,False,0.000000,,,,0.000000,0.000000,0,0.01,False,0.000000,,False,target_gt_nonlinear_geometry_upper_bound,C|target_gt_nonlinear_geometry_upper_bound|angle_error_gt_15deg|relative_0.5_r_fit
C,DIOR-R,rotated_rtmdet_s,angle_error_gt_15deg,relative_0.25_r_fit,relative,0.003593,larger_is_better_true_endpoint_with_persistent_row_tie_break,,0.01:HB=F:CP=F;0.025:HB=F:CP=F;0.05:HB=F:CP=F;0.1:HB=F:CP=F;0.2:HB=F:CP=F;0.3:HB=F:CP=F;0.4:HB=P:CP=P;0.5:HB=P:CP=P;0.6:HB=P:CP=P;0.7:HB=P:CP=P;0.8:HB=P:CP=P;0.9:HB=P:CP=P;1:HB=F:CP=F,0.01,False,0.000000,,,,0.000000,0.000000,0,0.01,False,0.000000,,False,target_gt_nonlinear_geometry_upper_bound,C|target_gt_nonlinear_geometry_upper_bound|angle_error_gt_15deg|relative_0.25_r_fit
D,FAIR1M-v1.0,rotated_retinanet_psc,geometry_normalized_severe,absolute_0.001,absolute,0.001000,larger_is_better_true_endpoint_with_persistent_row_tie_break,,0.01:HB=F:CP=F;0.025:HB=F:CP=F;0.05:HB=F:CP=F;0.1:HB=F:CP=F;0.2:HB=F:CP=F;0.3:HB=F:CP=F;0.4:HB=F:CP=F;0.5:HB=F:CP=F;0.6:HB=F:CP=F;0.7:HB=F:CP=F;0.8:HB=F:CP=F;0.9:HB=F:CP=F;1:HB=F:CP=F,0.01,False,0.000000,,,,0.000000,0.000000,0,0.01,False,0.000000,,False,detection_score,D|detection_score|geometry_normalized_severe|absolute_0.001
D,FAIR1M-v1.0,rotated_retinanet_psc,geometry_normalized_severe,absolute_0.0025,absolute,0.002500,larger_is_better_true_endpoint_with_persistent_row_tie_break,,0.01:HB=F:CP=F;0.025:HB=F:CP=F;0.05:HB=F:CP=F;0.1:HB=F:CP=F;0.2:HB=F:CP=F;0.3:HB=F:CP=F;0.4:HB=F:CP=F;0.5:HB=F:CP=F;0.6:HB=F:CP=F;0.7:HB=F:CP=F;0.8:HB=F:CP=F;0.9:HB=F:CP=F;1:HB=F:CP=F,0.01,False,0.000000,,,,0.000000,0.000000,0,0.01,False,0.000000,,False,detection_score,D|detection_score|geometry_normalized_severe|absolute_0.0025
D,FAIR1M-v1.0,rotated_retinanet_psc,geometry_normalized_severe,absolute_0.005,absolute,0.005000,larger_is_better_true_endpoint_with_persistent_row_tie_break,,0.01:HB=F:CP=F;0.025:HB=F:CP=F;0.05:HB=F:CP=F;0.1:HB=F:CP=F;0.2:HB=F:CP=F;0.3:HB=F:CP=F;0.4:HB=F:CP=F;0.5:HB=F:CP=F;0.6:HB=F:CP=F;0.7:HB=P:CP=P;0.8:HB=P:CP=P;0.9:HB=P:CP=P;1:HB=F:CP=F,0.01,False,0.000000,,,,0.000000,0.000000,0,0.01,False,0.000000,,False,detection_score,D|detection_score|geometry_normalized_severe|absolute_0.005
D,FAIR1M-v1.0,rotated_retinanet_psc,geometry_normalized_severe,absolute_0.01,absolute,0.010000,larger_is_better_true_endpoint_with_persistent_row_tie_break,,0.01:HB=F:CP=F;0.025:HB=F:CP=F;0.05:HB=F:CP=F;0.1:HB=F:CP=F;0.2:HB=F:CP=F;0.3:HB=F:CP=F;0.4:HB=P:CP=P;0.5:HB=P:CP=P;0.6:HB=P:CP=P;0.7:HB=P:CP=P;0.8:HB=P:CP=P;0.9:HB=P:CP=P;1:HB=P:CP=F,0.01,False,0.000000,,,,0.000000,0.000000,0,0.01,False,0.000000,,False,detection_score,D|detection_score|geometry_normalized_severe|absolute_0.01
D,FAIR1M-v1.0,rotated_retinanet_psc,geometry_normalized_severe,relative_0.5_r_fit,relative,0.001529,larger_is_better_true_endpoint_with_persistent_row_tie_break,,0.01:HB=F:CP=F;0.025:HB=F:CP=F;0.05:HB=F:CP=F;0.1:HB=F:CP=F;0.2:HB=F:CP=F;0.3:HB=F:CP=F;0.4:HB=F:CP=F;0.5:HB=F:CP=F;0.6:HB=F:CP=F;0.7:HB=F:CP=F;0.8:HB=F:CP=F;0.9:HB=F:CP=F;1:HB=F:CP=F,0.01,False,0.000000,,,,0.000000,0.000000,0,0.01,False,0.000000,,False,detection_score,D|detection_score|geometry_normalized_severe|relative_0.5_r_fit
D,FAIR1M-v1.0,rotated_retinanet_psc,geometry_normalized_severe,relative_0.25_r_fit,relative,0.000764,larger_is_better_true_endpoint_with_persistent_row_tie_break,,0.01:HB=F:CP=F;0.025:HB=F:CP=F;0.05:HB=F:CP=F;0.1:HB=F:CP=F;0.2:HB=F:CP=F;0.3:HB=F:CP=F;0.4:HB=F:CP=F;0.5:HB=F:CP=F;0.6:HB=F:CP=F;0.7:HB=F:CP=F;0.8:HB=F:CP=F;0.9:HB=F:CP=F;1:HB=F:CP=F,0.01,False,0.000000,,,,0.000000,0.000000,0,0.01,False,0.000000,,False,detection_score,D|detection_score|geometry_normalized_severe|relative_0.25_r_fit
D,FAIR1M-v1.0,rotated_retinanet_psc,geometry_normalized_severe,absolute_0.001,absolute,0.001000,larger_is_better_true_endpoint_with_persistent_row_tie_break,,0.01:HB=F:CP=F;0.025:HB=F:CP=F;0.05:HB=F:CP=F;0.1:HB=F:CP=F;0.2:HB=F:CP=F;0.3:HB=F:CP=F;0.4:HB=F:CP=F;0.5:HB=F:CP=F;0.6:HB=F:CP=F;0.7:HB=F:CP=F;0.8:HB=F:CP=F;0.9:HB=F:CP=F;1:HB=F:CP=F,0.01,False,0.000000,,,,0.000000,0.000000,0,0.01,False,0.000000,,False,tta_circular_consistency,D|tta_circular_consistency|geometry_normalized_severe|absolute_0.001
D,FAIR1M-v1.0,rotated_retinanet_psc,geometry_normalized_severe,absolute_0.0025,absolute,0.002500,larger_is_better_true_endpoint_with_persistent_row_tie_break,,0.01:HB=F:CP=F;0.025:HB=F:CP=F;0.05:HB=F:CP=F;0.1:HB=F:CP=F;0.2:HB=F:CP=F;0.3:HB=F:CP=F;0.4:HB=F:CP=F;0.5:HB=F:CP=F;0.6:HB=F:CP=F;0.7:HB=F:CP=F;0.8:HB=F:CP=F;0.9:HB=F:CP=F;1:HB=F:CP=F,0.01,False,0.000000,,,,0.000000,0.000000,0,0.01,False,0.000000,,False,tta_circular_consistency,D|tta_circular_consistency|geometry_normalized_severe|absolute_0.0025
D,FAIR1M-v1.0,rotated_retinanet_psc,geometry_normalized_severe,absolute_0.005,absolute,0.005000,larger_is_better_true_endpoint_with_persistent_row_tie_break,,0.01:HB=F:CP=F;0.025:HB=F:CP=F;0.05:HB=F:CP=F;0.1:HB=F:CP=F;0.2:HB=F:CP=F;0.3:HB=F:CP=F;0.4:HB=F:CP=F;0.5:HB=F:CP=F;0.6:HB=F:CP=F;0.7:HB=P:CP=P;0.8:HB=P:CP=P;0.9:HB=P:CP=P;1:HB=F:CP=F,0.01,False,0.000000,,,,0.000000,0.000000,0,0.01,False,0.000000,,False,tta_circular_consistency,D|tta_circular_consistency|geometry_normalized_severe|absolute_0.005
D,FAIR1M-v1.0,rotated_retinanet_psc,geometry_normalized_severe,absolute_0.01,absolute,0.010000,larger_is_better_true_endpoint_with_persistent_row_tie_break,,0.01:HB=F:CP=F;0.025:HB=F:CP=F;0.05:HB=F:CP=F;0.1:HB=F:CP=F;0.2:HB=F:CP=F;0.3:HB=F:CP=F;0.4:HB=P:CP=P;0.5:HB=P:CP=P;0.6:HB=P:CP=P;0.7:HB=P:CP=P;0.8:HB=P:CP=P;0.9:HB=P:CP=P;1:HB=P:CP=F,0.01,False,0.000000,,,,0.000000,0.000000,0,0.01,False,0.000000,,False,tta_circular_consistency,D|tta_circular_consistency|geometry_normalized_severe|absolute_0.01
D,FAIR1M-v1.0,rotated_retinanet_psc,geometry_normalized_severe,relative_0.5_r_fit,relative,0.001529,larger_is_better_true_endpoint_with_persistent_row_tie_break,,0.01:HB=F:CP=F;0.025:HB=F:CP=F;0.05:HB=F:CP=F;0.1:HB=F:CP=F;0.2:HB=F:CP=F;0.3:HB=F:CP=F;0.4:HB=F:CP=F;0.5:HB=F:CP=F;0.6:HB=F:CP=F;0.7:HB=F:CP=F;0.8:HB=F:CP=F;0.9:HB=F:CP=F;1:HB=F:CP=F,0.01,False,0.000000,,,,0.000000,0.000000,0,0.01,False,0.000000,,False,tta_circular_consistency,D|tta_circular_consistency|geometry_normalized_severe|relative_0.5_r_fit
D,FAIR1M-v1.0,rotated_retinanet_psc,geometry_normalized_severe,relative_0.25_r_fit,relative,0.000764,larger_is_better_true_endpoint_with_persistent_row_tie_break,,0.01:HB=F:CP=F;0.025:HB=F:CP=F;0.05:HB=F:CP=F;0.1:HB=F:CP=F;0.2:HB=F:CP=F;0.3:HB=F:CP=F;0.4:HB=F:CP=F;0.5:HB=F:CP=F;0.6:HB=F:CP=F;0.7:HB=F:CP=F;0.8:HB=F:CP=F;0.9:HB=F:CP=F;1:HB=F:CP=F,0.01,False,0.000000,,,,0.000000,0.000000,0,0.01,False,0.000000,,False,tta_circular_consistency,D|tta_circular_consistency|geometry_normalized_severe|relative_0.25_r_fit
D,FAIR1M-v1.0,rotated_retinanet_psc,geometry_normalized_severe,absolute_0.001,absolute,0.001000,larger_is_better_true_endpoint_with_persistent_row_tie_break,,0.01:HB=F:CP=F;0.025:HB=F:CP=F;0.05:HB=F:CP=F;0.1:HB=F:CP=F;0.2:HB=F:CP=F;0.3:HB=F:CP=F;0.4:HB=F:CP=F;0.5:HB=F:CP=F;0.6:HB=F:CP=F;0.7:HB=F:CP=F;0.8:HB=F:CP=F;0.9:HB=F:CP=F;1:HB=F:CP=F,0.01,False,0.000000,,,,0.000000,0.000000,0,0.01,False,0.000000,,False,source_supervised_leave_geometry,D|source_supervised_leave_geometry|geometry_normalized_severe|absolute_0.001
D,FAIR1M-v1.0,rotated_retinanet_psc,geometry_normalized_severe,absolute_0.0025,absolute,0.002500,larger_is_better_true_endpoint_with_persistent_row_tie_break,,0.01:HB=F:CP=F;0.025:HB=F:CP=F;0.05:HB=F:CP=F;0.1:HB=F:CP=F;0.2:HB=F:CP=F;0.3:HB=F:CP=F;0.4:HB=F:CP=F;0.5:HB=F:CP=F;0.6:HB=F:CP=F;0.7:HB=F:CP=F;0.8:HB=F:CP=F;0.9:HB=F:CP=F;1:HB=F:CP=F,0.01,False,0.000000,,,,0.000000,0.000000,0,0.01,False,0.000000,,False,source_supervised_leave_geometry,D|source_supervised_leave_geometry|geometry_normalized_severe|absolute_0.0025
D,FAIR1M-v1.0,rotated_retinanet_psc,geometry_normalized_severe,absolute_0.005,absolute,0.005000,larger_is_better_true_endpoint_with_persistent_row_tie_break,,0.01:HB=F:CP=F;0.025:HB=F:CP=F;0.05:HB=F:CP=F;0.1:HB=F:CP=F;0.2:HB=F:CP=F;0.3:HB=F:CP=F;0.4:HB=F:CP=F;0.5:HB=F:CP=F;0.6:HB=F:CP=F;0.7:HB=P:CP=P;0.8:HB=P:CP=P;0.9:HB=P:CP=P;1:HB=F:CP=F,0.01,False,0.000000,,,,0.000000,0.000000,0,0.01,False,0.000000,,False,source_supervised_leave_geometry,D|source_supervised_leave_geometry|geometry_normalized_severe|absolute_0.005
D,FAIR1M-v1.0,rotated_retinanet_psc,geometry_normalized_severe,absolute_0.01,absolute,0.010000,larger_is_better_true_endpoint_with_persistent_row_tie_break,,0.01:HB=F:CP=F;0.025:HB=F:CP=F;0.05:HB=F:CP=F;0.1:HB=F:CP=F;0.2:HB=F:CP=F;0.3:HB=F:CP=F;0.4:HB=P:CP=P;0.5:HB=P:CP=P;0.6:HB=P:CP=P;0.7:HB=P:CP=P;0.8:HB=P:CP=P;0.9:HB=P:CP=P;1:HB=P:CP=F,0.01,False,0.000000,,,,0.000000,0.000000,0,0.01,False,0.000000,,False,source_supervised_leave_geometry,D|source_supervised_leave_geometry|geometry_normalized_severe|absolute_0.01
D,FAIR1M-v1.0,rotated_retinanet_psc,geometry_normalized_severe,relative_0.5_r_fit,relative,0.001529,larger_is_better_true_endpoint_with_persistent_row_tie_break,,0.01:HB=F:CP=F;0.025:HB=F:CP=F;0.05:HB=F:CP=F;0.1:HB=F:CP=F;0.2:HB=F:CP=F;0.3:HB=F:CP=F;0.4:HB=F:CP=F;0.5:HB=F:CP=F;0.6:HB=F:CP=F;0.7:HB=F:CP=F;0.8:HB=F:CP=F;0.9:HB=F:CP=F;1:HB=F:CP=F,0.01,False,0.000000,,,,0.000000,0.000000,0,0.01,False,0.000000,,False,source_supervised_leave_geometry,D|source_supervised_leave_geometry|geometry_normalized_severe|relative_0.5_r_fit
D,FAIR1M-v1.0,rotated_retinanet_psc,geometry_normalized_severe,relative_0.25_r_fit,relative,0.000764,larger_is_better_true_endpoint_with_persistent_row_tie_break,,0.01:HB=F:CP=F;0.025:HB=F:CP=F;0.05:HB=F:CP=F;0.1:HB=F:CP=F;0.2:HB=F:CP=F;0.3:HB=F:CP=F;0.4:HB=F:CP=F;0.5:HB=F:CP=F;0.6:HB=F:CP=F;0.7:HB=F:CP=F;0.8:HB=F:CP=F;0.9:HB=F:CP=F;1:HB=F:CP=F,0.01,False,0.000000,,,,0.000000,0.000000,0,0.01,False,0.000000,,False,source_supervised_leave_geometry,D|source_supervised_leave_geometry|geometry_normalized_severe|relative_0.25_r_fit
D,FAIR1M-v1.0,rotated_retinanet_psc,geometry_normalized_severe,absolute_0.001,absolute,0.001000,larger_is_better_true_endpoint_with_persistent_row_tie_break,,0.01:HB=F:CP=F;0.025:HB=F:CP=F;0.05:HB=F:CP=F;0.1:HB=F:CP=F;0.2:HB=F:CP=F;0.3:HB=F:CP=F;0.4:HB=F:CP=F;0.5:HB=F:CP=F;0.6:HB=F:CP=F;0.7:HB=F:CP=F;0.8:HB=F:CP=F;0.9:HB=F:CP=F;1:HB=F:CP=F,0.01,False,0.000000,,,,0.000000,0.000000,0,0.01,False,0.000000,,False,target_gt_nonlinear_geometry_upper_bound,D|target_gt_nonlinear_geometry_upper_bound|geometry_normalized_severe|absolute_0.001
D,FAIR1M-v1.0,rotated_retinanet_psc,geometry_normalized_severe,absolute_0.0025,absolute,0.002500,larger_is_better_true_endpoint_with_persistent_row_tie_break,,0.01:HB=F:CP=F;0.025:HB=F:CP=F;0.05:HB=F:CP=F;0.1:HB=F:CP=F;0.2:HB=F:CP=F;0.3:HB=F:CP=F;0.4:HB=F:CP=F;0.5:HB=F:CP=F;0.6:HB=F:CP=F;0.7:HB=F:CP=F;0.8:HB=F:CP=F;0.9:HB=F:CP=F;1:HB=F:CP=F,0.01,False,0.000000,,,,0.000000,0.000000,0,0.01,False,0.000000,,False,target_gt_nonlinear_geometry_upper_bound,D|target_gt_nonlinear_geometry_upper_bound|geometry_normalized_severe|absolute_0.0025
D,FAIR1M-v1.0,rotated_retinanet_psc,geometry_normalized_severe,absolute_0.005,absolute,0.005000,larger_is_better_true_endpoint_with_persistent_row_tie_break,,0.01:HB=F:CP=F;0.025:HB=F:CP=F;0.05:HB=F:CP=F;0.1:HB=F:CP=F;0.2:HB=F:CP=F;0.3:HB=F:CP=F;0.4:HB=F:CP=F;0.5:HB=F:CP=F;0.6:HB=F:CP=F;0.7:HB=P:CP=P;0.8:HB=P:CP=P;0.9:HB=P:CP=P;1:HB=F:CP=F,0.01,False,0.000000,,,,0.000000,0.000000,0,0.01,False,0.000000,,False,target_gt_nonlinear_geometry_upper_bound,D|target_gt_nonlinear_geometry_upper_bound|geometry_normalized_severe|absolute_0.005
D,FAIR1M-v1.0,rotated_retinanet_psc,geometry_normalized_severe,absolute_0.01,absolute,0.010000,larger_is_better_true_endpoint_with_persistent_row_tie_break,,0.01:HB=F:CP=F;0.025:HB=F:CP=F;0.05:HB=F:CP=F;0.1:HB=F:CP=F;0.2:HB=F:CP=F;0.3:HB=F:CP=F;0.4:HB=P:CP=P;0.5:HB=P:CP=P;0.6:HB=P:CP=P;0.7:HB=P:CP=P;0.8:HB=P:CP=P;0.9:HB=P:CP=P;1:HB=P:CP=F,0.01,False,0.000000,,,,0.000000,0.000000,0,0.01,False,0.000000,,False,target_gt_nonlinear_geometry_upper_bound,D|target_gt_nonlinear_geometry_upper_bound|geometry_normalized_severe|absolute_0.01
D,FAIR1M-v1.0,rotated_retinanet_psc,geometry_normalized_severe,relative_0.5_r_fit,relative,0.001529,larger_is_better_true_endpoint_with_persistent_row_tie_break,,0.01:HB=F:CP=F;0.025:HB=F:CP=F;0.05:HB=F:CP=F;0.1:HB=F:CP=F;0.2:HB=F:CP=F;0.3:HB=F:CP=F;0.4:HB=F:CP=F;0.5:HB=F:CP=F;0.6:HB=F:CP=F;0.7:HB=F:CP=F;0.8:HB=F:CP=F;0.9:HB=F:CP=F;1:HB=F:CP=F,0.01,False,0.000000,,,,0.000000,0.000000,0,0.01,False,0.000000,,False,target_gt_nonlinear_geometry_upper_bound,D|target_gt_nonlinear_geometry_upper_bound|geometry_normalized_severe|relative_0.5_r_fit
D,FAIR1M-v1.0,rotated_retinanet_psc,geometry_normalized_severe,relative_0.25_r_fit,relative,0.000764,larger_is_better_true_endpoint_with_persistent_row_tie_break,,0.01:HB=F:CP=F;0.025:HB=F:CP=F;0.05:HB=F:CP=F;0.1:HB=F:CP=F;0.2:HB=F:CP=F;0.3:HB=F:CP=F;0.4:HB=F:CP=F;0.5:HB=F:CP=F;0.6:HB=F:CP=F;0.7:HB=F:CP=F;0.8:HB=F:CP=F;0.9:HB=F:CP=F;1:HB=F:CP=F,0.01,False,0.000000,,,,0.000000,0.000000,0,0.01,False,0.000000,,False,target_gt_nonlinear_geometry_upper_bound,D|target_gt_nonlinear_geometry_upper_bound|geometry_normalized_severe|relative_0.25_r_fit
D,FAIR1M-v1.0,rotated_retinanet_psc,angle_error_gt_5deg,absolute_0.001,absolute,0.001000,larger_is_better_true_endpoint_with_persistent_row_tie_break,,0.01:HB=F:CP=F;0.025:HB=F:CP=F;0.05:HB=F:CP=F;0.1:HB=F:CP=F;0.2:HB=F:CP=F;0.3:HB=F:CP=F;0.4:HB=F:CP=F;0.5:HB=F:CP=F;0.6:HB=F:CP=F;0.7:HB=F:CP=F;0.8:HB=F:CP=F;0.9:HB=F:CP=F;1:HB=F:CP=F,0.01,False,0.000000,,,,0.000000,0.000000,0,0.01,False,0.000000,,False,detection_score,D|detection_score|angle_error_gt_5deg|absolute_0.001
D,FAIR1M-v1.0,rotated_retinanet_psc,angle_error_gt_5deg,absolute_0.0025,absolute,0.002500,larger_is_better_true_endpoint_with_persistent_row_tie_break,,0.01:HB=F:CP=F;0.025:HB=F:CP=F;0.05:HB=F:CP=F;0.1:HB=F:CP=F;0.2:HB=F:CP=F;0.3:HB=F:CP=F;0.4:HB=F:CP=F;0.5:HB=F:CP=F;0.6:HB=F:CP=F;0.7:HB=F:CP=F;0.8:HB=F:CP=F;0.9:HB=F:CP=F;1:HB=F:CP=F,0.01,False,0.000000,,,,0.000000,0.000000,0,0.01,False,0.000000,,False,detection_score,D|detection_score|angle_error_gt_5deg|absolute_0.0025
D,FAIR1M-v1.0,rotated_retinanet_psc,angle_error_gt_5deg,absolute_0.005,absolute,0.005000,larger_is_better_true_endpoint_with_persistent_row_tie_break,,0.01:HB=F:CP=F;0.025:HB=F:CP=F;0.05:HB=F:CP=F;0.1:HB=F:CP=F;0.2:HB=F:CP=F;0.3:HB=F:CP=F;0.4:HB=F:CP=F;0.5:HB=F:CP=F;0.6:HB=F:CP=F;0.7:HB=P:CP=P;0.8:HB=P:CP=P;0.9:HB=P:CP=F;1:HB=F:CP=F,0.01,False,0.000000,,,,0.000000,0.000000,0,0.01,False,0.000000,,False,detection_score,D|detection_score|angle_error_gt_5deg|absolute_0.005
D,FAIR1M-v1.0,rotated_retinanet_psc,angle_error_gt_5deg,absolute_0.01,absolute,0.010000,larger_is_better_true_endpoint_with_persistent_row_tie_break,,0.01:HB=F:CP=F;0.025:HB=F:CP=F;0.05:HB=F:CP=F;0.1:HB=F:CP=F;0.2:HB=F:CP=F;0.3:HB=P:CP=P;0.4:HB=P:CP=P;0.5:HB=P:CP=P;0.6:HB=P:CP=P;0.7:HB=P:CP=P;0.8:HB=P:CP=P;0.9:HB=P:CP=P;1:HB=F:CP=F,0.01,False,0.000000,,,,0.000000,0.000000,0,0.01,False,0.000000,,False,detection_score,D|detection_score|angle_error_gt_5deg|absolute_0.01
D,FAIR1M-v1.0,rotated_retinanet_psc,angle_error_gt_5deg,relative_0.5_r_fit,relative,0.033535,larger_is_better_true_endpoint_with_persistent_row_tie_break,,0.01:HB=F:CP=F;0.025:HB=F:CP=F;0.05:HB=F:CP=F;0.1:HB=P:CP=P;0.2:HB=P:CP=P;0.3:HB=P:CP=P;0.4:HB=P:CP=P;0.5:HB=P:CP=P;0.6:HB=P:CP=P;0.7:HB=P:CP=P;0.8:HB=P:CP=P;0.9:HB=P:CP=P;1:HB=F:CP=F,0.01,False,0.000000,,,,0.000000,0.000000,0,0.01,False,0.000000,,False,detection_score,D|detection_score|angle_error_gt_5deg|relative_0.5_r_fit
D,FAIR1M-v1.0,rotated_retinanet_psc,angle_error_gt_5deg,relative_0.25_r_fit,relative,0.016767,larger_is_better_true_endpoint_with_persistent_row_tie_break,,0.01:HB=F:CP=F;0.025:HB=F:CP=F;0.05:HB=F:CP=F;0.1:HB=F:CP=F;0.2:HB=P:CP=P;0.3:HB=P:CP=P;0.4:HB=P:CP=P;0.5:HB=P:CP=P;0.6:HB=P:CP=P;0.7:HB=P:CP=P;0.8:HB=P:CP=P;0.9:HB=P:CP=P;1:HB=F:CP=F,0.01,False,0.000000,,,,0.000000,0.000000,0,0.01,False,0.000000,,False,detection_score,D|detection_score|angle_error_gt_5deg|relative_0.25_r_fit
D,FAIR1M-v1.0,rotated_retinanet_psc,angle_error_gt_5deg,absolute_0.001,absolute,0.001000,larger_is_better_true_endpoint_with_persistent_row_tie_break,,0.01:HB=F:CP=F;0.025:HB=F:CP=F;0.05:HB=F:CP=F;0.1:HB=F:CP=F;0.2:HB=F:CP=F;0.3:HB=F:CP=F;0.4:HB=F:CP=F;0.5:HB=F:CP=F;0.6:HB=F:CP=F;0.7:HB=F:CP=F;0.8:HB=F:CP=F;0.9:HB=F:CP=F;1:HB=F:CP=F,0.01,False,0.000000,,,,0.000000,0.000000,0,0.01,False,0.000000,,False,tta_circular_consistency,D|tta_circular_consistency|angle_error_gt_5deg|absolute_0.001
D,FAIR1M-v1.0,rotated_retinanet_psc,angle_error_gt_5deg,absolute_0.0025,absolute,0.002500,larger_is_better_true_endpoint_with_persistent_row_tie_break,,0.01:HB=F:CP=F;0.025:HB=F:CP=F;0.05:HB=F:CP=F;0.1:HB=F:CP=F;0.2:HB=F:CP=F;0.3:HB=F:CP=F;0.4:HB=F:CP=F;0.5:HB=F:CP=F;0.6:HB=F:CP=F;0.7:HB=F:CP=F;0.8:HB=F:CP=F;0.9:HB=F:CP=F;1:HB=F:CP=F,0.01,False,0.000000,,,,0.000000,0.000000,0,0.01,False,0.000000,,False,tta_circular_consistency,D|tta_circular_consistency|angle_error_gt_5deg|absolute_0.0025
D,FAIR1M-v1.0,rotated_retinanet_psc,angle_error_gt_5deg,absolute_0.005,absolute,0.005000,larger_is_better_true_endpoint_with_persistent_row_tie_break,,0.01:HB=F:CP=F;0.025:HB=F:CP=F;0.05:HB=F:CP=F;0.1:HB=F:CP=F;0.2:HB=F:CP=F;0.3:HB=F:CP=F;0.4:HB=F:CP=F;0.5:HB=F:CP=F;0.6:HB=F:CP=F;0.7:HB=P:CP=P;0.8:HB=P:CP=P;0.9:HB=P:CP=F;1:HB=F:CP=F,0.01,False,0.000000,,,,0.000000,0.000000,0,0.01,False,0.000000,,False,tta_circular_consistency,D|tta_circular_consistency|angle_error_gt_5deg|absolute_0.005
D,FAIR1M-v1.0,rotated_retinanet_psc,angle_error_gt_5deg,absolute_0.01,absolute,0.010000,larger_is_better_true_endpoint_with_persistent_row_tie_break,,0.01:HB=F:CP=F;0.025:HB=F:CP=F;0.05:HB=F:CP=F;0.1:HB=F:CP=F;0.2:HB=F:CP=F;0.3:HB=P:CP=P;0.4:HB=P:CP=P;0.5:HB=P:CP=P;0.6:HB=P:CP=P;0.7:HB=P:CP=P;0.8:HB=P:CP=P;0.9:HB=P:CP=P;1:HB=F:CP=F,0.01,False,0.000000,,,,0.000000,0.000000,0,0.01,False,0.000000,,False,tta_circular_consistency,D|tta_circular_consistency|angle_error_gt_5deg|absolute_0.01
D,FAIR1M-v1.0,rotated_retinanet_psc,angle_error_gt_5deg,relative_0.5_r_fit,relative,0.033535,larger_is_better_true_endpoint_with_persistent_row_tie_break,,0.01:HB=F:CP=F;0.025:HB=F:CP=F;0.05:HB=F:CP=F;0.1:HB=P:CP=P;0.2:HB=P:CP=P;0.3:HB=P:CP=P;0.4:HB=P:CP=P;0.5:HB=P:CP=P;0.6:HB=P:CP=P;0.7:HB=P:CP=P;0.8:HB=P:CP=P;0.9:HB=P:CP=P;1:HB=F:CP=F,0.01,False,0.000000,,,,0.000000,0.000000,0,0.01,False,0.000000,,False,tta_circular_consistency,D|tta_circular_consistency|angle_error_gt_5deg|relative_0.5_r_fit
D,FAIR1M-v1.0,rotated_retinanet_psc,angle_error_gt_5deg,relative_0.25_r_fit,relative,0.016767,larger_is_better_true_endpoint_with_persistent_row_tie_break,,0.01:HB=F:CP=F;0.025:HB=F:CP=F;0.05:HB=F:CP=F;0.1:HB=F:CP=F;0.2:HB=P:CP=P;0.3:HB=P:CP=P;0.4:HB=P:CP=P;0.5:HB=P:CP=P;0.6:HB=P:CP=P;0.7:HB=P:CP=P;0.8:HB=P:CP=P;0.9:HB=P:CP=P;1:HB=F:CP=F,0.01,False,0.000000,,,,0.000000,0.000000,0,0.01,False,0.000000,,False,tta_circular_consistency,D|tta_circular_consistency|angle_error_gt_5deg|relative_0.25_r_fit
D,FAIR1M-v1.0,rotated_retinanet_psc,angle_error_gt_5deg,absolute_0.001,absolute,0.001000,larger_is_better_true_endpoint_with_persistent_row_tie_break,,0.01:HB=F:CP=F;0.025:HB=F:CP=F;0.05:HB=F:CP=F;0.1:HB=F:CP=F;0.2:HB=F:CP=F;0.3:HB=F:CP=F;0.4:HB=F:CP=F;0.5:HB=F:CP=F;0.6:HB=F:CP=F;0.7:HB=F:CP=F;0.8:HB=F:CP=F;0.9:HB=F:CP=F;1:HB=F:CP=F,0.01,False,0.000000,,,,0.000000,0.000000,0,0.01,False,0.000000,,False,source_supervised_leave_geometry,D|source_supervised_leave_geometry|angle_error_gt_5deg|absolute_0.001
D,FAIR1M-v1.0,rotated_retinanet_psc,angle_error_gt_5deg,absolute_0.0025,absolute,0.002500,larger_is_better_true_endpoint_with_persistent_row_tie_break,,0.01:HB=F:CP=F;0.025:HB=F:CP=F;0.05:HB=F:CP=F;0.1:HB=F:CP=F;0.2:HB=F:CP=F;0.3:HB=F:CP=F;0.4:HB=F:CP=F;0.5:HB=F:CP=F;0.6:HB=F:CP=F;0.7:HB=F:CP=F;0.8:HB=F:CP=F;0.9:HB=F:CP=F;1:HB=F:CP=F,0.01,False,0.000000,,,,0.000000,0.000000,0,0.01,False,0.000000,,False,source_supervised_leave_geometry,D|source_supervised_leave_geometry|angle_error_gt_5deg|absolute_0.0025
D,FAIR1M-v1.0,rotated_retinanet_psc,angle_error_gt_5deg,absolute_0.005,absolute,0.005000,larger_is_better_true_endpoint_with_persistent_row_tie_break,,0.01:HB=F:CP=F;0.025:HB=F:CP=F;0.05:HB=F:CP=F;0.1:HB=F:CP=F;0.2:HB=F:CP=F;0.3:HB=F:CP=F;0.4:HB=F:CP=F;0.5:HB=F:CP=F;0.6:HB=F:CP=F;0.7:HB=P:CP=P;0.8:HB=P:CP=P;0.9:HB=P:CP=F;1:HB=F:CP=F,0.01,False,0.000000,,,,0.000000,0.000000,0,0.01,False,0.000000,,False,source_supervised_leave_geometry,D|source_supervised_leave_geometry|angle_error_gt_5deg|absolute_0.005
D,FAIR1M-v1.0,rotated_retinanet_psc,angle_error_gt_5deg,absolute_0.01,absolute,0.010000,larger_is_better_true_endpoint_with_persistent_row_tie_break,,0.01:HB=F:CP=F;0.025:HB=F:CP=F;0.05:HB=F:CP=F;0.1:HB=F:CP=F;0.2:HB=F:CP=F;0.3:HB=P:CP=P;0.4:HB=P:CP=P;0.5:HB=P:CP=P;0.6:HB=P:CP=P;0.7:HB=P:CP=P;0.8:HB=P:CP=P;0.9:HB=P:CP=P;1:HB=F:CP=F,0.01,False,0.000000,,,,0.000000,0.000000,0,0.01,False,0.000000,,False,source_supervised_leave_geometry,D|source_supervised_leave_geometry|angle_error_gt_5deg|absolute_0.01
D,FAIR1M-v1.0,rotated_retinanet_psc,angle_error_gt_5deg,relative_0.5_r_fit,relative,0.033535,larger_is_better_true_endpoint_with_persistent_row_tie_break,,0.01:HB=F:CP=F;0.025:HB=F:CP=F;0.05:HB=F:CP=F;0.1:HB=P:CP=P;0.2:HB=P:CP=P;0.3:HB=P:CP=P;0.4:HB=P:CP=P;0.5:HB=P:CP=P;0.6:HB=P:CP=P;0.7:HB=P:CP=P;0.8:HB=P:CP=P;0.9:HB=P:CP=P;1:HB=F:CP=F,0.01,False,0.000000,,,,0.000000,0.000000,0,0.01,False,0.000000,,False,source_supervised_leave_geometry,D|source_supervised_leave_geometry|angle_error_gt_5deg|relative_0.5_r_fit
D,FAIR1M-v1.0,rotated_retinanet_psc,angle_error_gt_5deg,relative_0.25_r_fit,relative,0.016767,larger_is_better_true_endpoint_with_persistent_row_tie_break,,0.01:HB=F:CP=F;0.025:HB=F:CP=F;0.05:HB=F:CP=F;0.1:HB=F:CP=F;0.2:HB=P:CP=P;0.3:HB=P:CP=P;0.4:HB=P:CP=P;0.5:HB=P:CP=P;0.6:HB=P:CP=P;0.7:HB=P:CP=P;0.8:HB=P:CP=P;0.9:HB=P:CP=P;1:HB=F:CP=F,0.01,False,0.000000,,,,0.000000,0.000000,0,0.01,False,0.000000,,False,source_supervised_leave_geometry,D|source_supervised_leave_geometry|angle_error_gt_5deg|relative_0.25_r_fit
D,FAIR1M-v1.0,rotated_retinanet_psc,angle_error_gt_5deg,absolute_0.001,absolute,0.001000,larger_is_better_true_endpoint_with_persistent_row_tie_break,,0.01:HB=F:CP=F;0.025:HB=F:CP=F;0.05:HB=F:CP=F;0.1:HB=F:CP=F;0.2:HB=F:CP=F;0.3:HB=F:CP=F;0.4:HB=F:CP=F;0.5:HB=F:CP=F;0.6:HB=F:CP=F;0.7:HB=F:CP=F;0.8:HB=F:CP=F;0.9:HB=F:CP=F;1:HB=F:CP=F,0.01,False,0.000000,,,,0.000000,0.000000,0,0.01,False,0.000000,,False,target_gt_nonlinear_geometry_upper_bound,D|target_gt_nonlinear_geometry_upper_bound|angle_error_gt_5deg|absolute_0.001
D,FAIR1M-v1.0,rotated_retinanet_psc,angle_error_gt_5deg,absolute_0.0025,absolute,0.002500,larger_is_better_true_endpoint_with_persistent_row_tie_break,,0.01:HB=F:CP=F;0.025:HB=F:CP=F;0.05:HB=F:CP=F;0.1:HB=F:CP=F;0.2:HB=F:CP=F;0.3:HB=F:CP=F;0.4:HB=F:CP=F;0.5:HB=F:CP=F;0.6:HB=F:CP=F;0.7:HB=F:CP=F;0.8:HB=F:CP=F;0.9:HB=F:CP=F;1:HB=F:CP=F,0.01,False,0.000000,,,,0.000000,0.000000,0,0.01,False,0.000000,,False,target_gt_nonlinear_geometry_upper_bound,D|target_gt_nonlinear_geometry_upper_bound|angle_error_gt_5deg|absolute_0.0025
D,FAIR1M-v1.0,rotated_retinanet_psc,angle_error_gt_5deg,absolute_0.005,absolute,0.005000,larger_is_better_true_endpoint_with_persistent_row_tie_break,,0.01:HB=F:CP=F;0.025:HB=F:CP=F;0.05:HB=F:CP=F;0.1:HB=F:CP=F;0.2:HB=F:CP=F;0.3:HB=F:CP=F;0.4:HB=F:CP=F;0.5:HB=F:CP=F;0.6:HB=F:CP=F;0.7:HB=P:CP=P;0.8:HB=P:CP=P;0.9:HB=P:CP=F;1:HB=F:CP=F,0.01,False,0.000000,,,,0.000000,0.000000,0,0.01,False,0.000000,,False,target_gt_nonlinear_geometry_upper_bound,D|target_gt_nonlinear_geometry_upper_bound|angle_error_gt_5deg|absolute_0.005
D,FAIR1M-v1.0,rotated_retinanet_psc,angle_error_gt_5deg,absolute_0.01,absolute,0.010000,larger_is_better_true_endpoint_with_persistent_row_tie_break,,0.01:HB=F:CP=F;0.025:HB=F:CP=F;0.05:HB=F:CP=F;0.1:HB=F:CP=F;0.2:HB=F:CP=F;0.3:HB=P:CP=P;0.4:HB=P:CP=P;0.5:HB=P:CP=P;0.6:HB=P:CP=P;0.7:HB=P:CP=P;0.8:HB=P:CP=P;0.9:HB=P:CP=P;1:HB=F:CP=F,0.01,False,0.000000,,,,0.000000,0.000000,0,0.01,False,0.000000,,False,target_gt_nonlinear_geometry_upper_bound,D|target_gt_nonlinear_geometry_upper_bound|angle_error_gt_5deg|absolute_0.01
D,FAIR1M-v1.0,rotated_retinanet_psc,angle_error_gt_5deg,relative_0.5_r_fit,relative,0.033535,larger_is_better_true_endpoint_with_persistent_row_tie_break,,0.01:HB=F:CP=F;0.025:HB=F:CP=F;0.05:HB=F:CP=F;0.1:HB=P:CP=P;0.2:HB=P:CP=P;0.3:HB=P:CP=P;0.4:HB=P:CP=P;0.5:HB=P:CP=P;0.6:HB=P:CP=P;0.7:HB=P:CP=P;0.8:HB=P:CP=P;0.9:HB=P:CP=P;1:HB=F:CP=F,0.01,False,0.000000,,,,0.000000,0.000000,0,0.01,False,0.000000,,False,target_gt_nonlinear_geometry_upper_bound,D|target_gt_nonlinear_geometry_upper_bound|angle_error_gt_5deg|relative_0.5_r_fit
D,FAIR1M-v1.0,rotated_retinanet_psc,angle_error_gt_5deg,relative_0.25_r_fit,relative,0.016767,larger_is_better_true_endpoint_with_persistent_row_tie_break,,0.01:HB=F:CP=F;0.025:HB=F:CP=F;0.05:HB=F:CP=F;0.1:HB=F:CP=F;0.2:HB=P:CP=P;0.3:HB=P:CP=P;0.4:HB=P:CP=P;0.5:HB=P:CP=P;0.6:HB=P:CP=P;0.7:HB=P:CP=P;0.8:HB=P:CP=P;0.9:HB=P:CP=P;1:HB=F:CP=F,0.01,False,0.000000,,,,0.000000,0.000000,0,0.01,False,0.000000,,False,target_gt_nonlinear_geometry_upper_bound,D|target_gt_nonlinear_geometry_upper_bound|angle_error_gt_5deg|relative_0.25_r_fit
D,FAIR1M-v1.0,rotated_retinanet_psc,angle_error_gt_10deg,absolute_0.001,absolute,0.001000,larger_is_better_true_endpoint_with_persistent_row_tie_break,,0.01:HB=F:CP=F;0.025:HB=F:CP=F;0.05:HB=F:CP=F;0.1:HB=F:CP=F;0.2:HB=F:CP=F;0.3:HB=F:CP=F;0.4:HB=F:CP=F;0.5:HB=F:CP=F;0.6:HB=F:CP=F;0.7:HB=F:CP=F;0.8:HB=F:CP=F;0.9:HB=F:CP=F;1:HB=F:CP=F,0.01,False,0.000000,,,,0.000000,0.000000,0,0.01,False,0.000000,,False,detection_score,D|detection_score|angle_error_gt_10deg|absolute_0.001
D,FAIR1M-v1.0,rotated_retinanet_psc,angle_error_gt_10deg,absolute_0.0025,absolute,0.002500,larger_is_better_true_endpoint_with_persistent_row_tie_break,,0.01:HB=F:CP=F;0.025:HB=F:CP=F;0.05:HB=F:CP=F;0.1:HB=F:CP=F;0.2:HB=F:CP=F;0.3:HB=F:CP=F;0.4:HB=F:CP=F;0.5:HB=F:CP=F;0.6:HB=F:CP=F;0.7:HB=F:CP=F;0.8:HB=F:CP=F;0.9:HB=F:CP=F;1:HB=F:CP=F,0.01,False,0.000000,,,,0.000000,0.000000,0,0.01,False,0.000000,,False,detection_score,D|detection_score|angle_error_gt_10deg|absolute_0.0025
D,FAIR1M-v1.0,rotated_retinanet_psc,angle_error_gt_10deg,absolute_0.005,absolute,0.005000,larger_is_better_true_endpoint_with_persistent_row_tie_break,,0.01:HB=F:CP=F;0.025:HB=F:CP=F;0.05:HB=F:CP=F;0.1:HB=F:CP=F;0.2:HB=F:CP=F;0.3:HB=F:CP=F;0.4:HB=F:CP=F;0.5:HB=F:CP=F;0.6:HB=F:CP=F;0.7:HB=P:CP=P;0.8:HB=P:CP=P;0.9:HB=P:CP=P;1:HB=F:CP=F,0.01,False,0.000000,,,,0.000000,0.000000,0,0.01,False,0.000000,,False,detection_score,D|detection_score|angle_error_gt_10deg|absolute_0.005
D,FAIR1M-v1.0,rotated_retinanet_psc,angle_error_gt_10deg,absolute_0.01,absolute,0.010000,larger_is_better_true_endpoint_with_persistent_row_tie_break,,0.01:HB=F:CP=F;0.025:HB=F:CP=F;0.05:HB=F:CP=F;0.1:HB=F:CP=F;0.2:HB=F:CP=F;0.3:HB=F:CP=F;0.4:HB=P:CP=P;0.5:HB=P:CP=P;0.6:HB=P:CP=P;0.7:HB=P:CP=P;0.8:HB=P:CP=P;0.9:HB=P:CP=P;1:HB=F:CP=F,0.01,False,0.000000,,,,0.000000,0.000000,0,0.01,False,0.000000,,False,detection_score,D|detection_score|angle_error_gt_10deg|absolute_0.01
D,FAIR1M-v1.0,rotated_retinanet_psc,angle_error_gt_10deg,relative_0.5_r_fit,relative,0.002584,larger_is_better_true_endpoint_with_persistent_row_tie_break,,0.01:HB=F:CP=F;0.025:HB=F:CP=F;0.05:HB=F:CP=F;0.1:HB=F:CP=F;0.2:HB=F:CP=F;0.3:HB=F:CP=F;0.4:HB=F:CP=F;0.5:HB=F:CP=F;0.6:HB=F:CP=F;0.7:HB=F:CP=F;0.8:HB=F:CP=F;0.9:HB=F:CP=F;1:HB=F:CP=F,0.01,False,0.000000,,,,0.000000,0.000000,0,0.01,False,0.000000,,False,detection_score,D|detection_score|angle_error_gt_10deg|relative_0.5_r_fit
D,FAIR1M-v1.0,rotated_retinanet_psc,angle_error_gt_10deg,relative_0.25_r_fit,relative,0.001292,larger_is_better_true_endpoint_with_persistent_row_tie_break,,0.01:HB=F:CP=F;0.025:HB=F:CP=F;0.05:HB=F:CP=F;0.1:HB=F:CP=F;0.2:HB=F:CP=F;0.3:HB=F:CP=F;0.4:HB=F:CP=F;0.5:HB=F:CP=F;0.6:HB=F:CP=F;0.7:HB=F:CP=F;0.8:HB=F:CP=F;0.9:HB=F:CP=F;1:HB=F:CP=F,0.01,False,0.000000,,,,0.000000,0.000000,0,0.01,False,0.000000,,False,detection_score,D|detection_score|angle_error_gt_10deg|relative_0.25_r_fit
D,FAIR1M-v1.0,rotated_retinanet_psc,angle_error_gt_10deg,absolute_0.001,absolute,0.001000,larger_is_better_true_endpoint_with_persistent_row_tie_break,,0.01:HB=F:CP=F;0.025:HB=F:CP=F;0.05:HB=F:CP=F;0.1:HB=F:CP=F;0.2:HB=F:CP=F;0.3:HB=F:CP=F;0.4:HB=F:CP=F;0.5:HB=F:CP=F;0.6:HB=F:CP=F;0.7:HB=F:CP=F;0.8:HB=F:CP=F;0.9:HB=F:CP=F;1:HB=F:CP=F,0.01,False,0.000000,,,,0.000000,0.000000,0,0.01,False,0.000000,,False,tta_circular_consistency,D|tta_circular_consistency|angle_error_gt_10deg|absolute_0.001
D,FAIR1M-v1.0,rotated_retinanet_psc,angle_error_gt_10deg,absolute_0.0025,absolute,0.002500,larger_is_better_true_endpoint_with_persistent_row_tie_break,,0.01:HB=F:CP=F;0.025:HB=F:CP=F;0.05:HB=F:CP=F;0.1:HB=F:CP=F;0.2:HB=F:CP=F;0.3:HB=F:CP=F;0.4:HB=F:CP=F;0.5:HB=F:CP=F;0.6:HB=F:CP=F;0.7:HB=F:CP=F;0.8:HB=F:CP=F;0.9:HB=F:CP=F;1:HB=F:CP=F,0.01,False,0.000000,,,,0.000000,0.000000,0,0.01,False,0.000000,,False,tta_circular_consistency,D|tta_circular_consistency|angle_error_gt_10deg|absolute_0.0025
D,FAIR1M-v1.0,rotated_retinanet_psc,angle_error_gt_10deg,absolute_0.005,absolute,0.005000,larger_is_better_true_endpoint_with_persistent_row_tie_break,,0.01:HB=F:CP=F;0.025:HB=F:CP=F;0.05:HB=F:CP=F;0.1:HB=F:CP=F;0.2:HB=F:CP=F;0.3:HB=F:CP=F;0.4:HB=F:CP=F;0.5:HB=F:CP=F;0.6:HB=F:CP=F;0.7:HB=P:CP=P;0.8:HB=P:CP=P;0.9:HB=P:CP=P;1:HB=F:CP=F,0.01,False,0.000000,,,,0.000000,0.000000,0,0.01,False,0.000000,,False,tta_circular_consistency,D|tta_circular_consistency|angle_error_gt_10deg|absolute_0.005
D,FAIR1M-v1.0,rotated_retinanet_psc,angle_error_gt_10deg,absolute_0.01,absolute,0.010000,larger_is_better_true_endpoint_with_persistent_row_tie_break,,0.01:HB=F:CP=F;0.025:HB=F:CP=F;0.05:HB=F:CP=F;0.1:HB=F:CP=F;0.2:HB=F:CP=F;0.3:HB=F:CP=F;0.4:HB=P:CP=P;0.5:HB=P:CP=P;0.6:HB=P:CP=P;0.7:HB=P:CP=P;0.8:HB=P:CP=P;0.9:HB=P:CP=P;1:HB=F:CP=F,0.01,False,0.000000,,,,0.000000,0.000000,0,0.01,False,0.000000,,False,tta_circular_consistency,D|tta_circular_consistency|angle_error_gt_10deg|absolute_0.01
D,FAIR1M-v1.0,rotated_retinanet_psc,angle_error_gt_10deg,relative_0.5_r_fit,relative,0.002584,larger_is_better_true_endpoint_with_persistent_row_tie_break,,0.01:HB=F:CP=F;0.025:HB=F:CP=F;0.05:HB=F:CP=F;0.1:HB=F:CP=F;0.2:HB=F:CP=F;0.3:HB=F:CP=F;0.4:HB=F:CP=F;0.5:HB=F:CP=F;0.6:HB=F:CP=F;0.7:HB=F:CP=F;0.8:HB=F:CP=F;0.9:HB=F:CP=F;1:HB=F:CP=F,0.01,False,0.000000,,,,0.000000,0.000000,0,0.01,False,0.000000,,False,tta_circular_consistency,D|tta_circular_consistency|angle_error_gt_10deg|relative_0.5_r_fit
D,FAIR1M-v1.0,rotated_retinanet_psc,angle_error_gt_10deg,relative_0.25_r_fit,relative,0.001292,larger_is_better_true_endpoint_with_persistent_row_tie_break,,0.01:HB=F:CP=F;0.025:HB=F:CP=F;0.05:HB=F:CP=F;0.1:HB=F:CP=F;0.2:HB=F:CP=F;0.3:HB=F:CP=F;0.4:HB=F:CP=F;0.5:HB=F:CP=F;0.6:HB=F:CP=F;0.7:HB=F:CP=F;0.8:HB=F:CP=F;0.9:HB=F:CP=F;1:HB=F:CP=F,0.01,False,0.000000,,,,0.000000,0.000000,0,0.01,False,0.000000,,False,tta_circular_consistency,D|tta_circular_consistency|angle_error_gt_10deg|relative_0.25_r_fit
D,FAIR1M-v1.0,rotated_retinanet_psc,angle_error_gt_10deg,absolute_0.001,absolute,0.001000,larger_is_better_true_endpoint_with_persistent_row_tie_break,,0.01:HB=F:CP=F;0.025:HB=F:CP=F;0.05:HB=F:CP=F;0.1:HB=F:CP=F;0.2:HB=F:CP=F;0.3:HB=F:CP=F;0.4:HB=F:CP=F;0.5:HB=F:CP=F;0.6:HB=F:CP=F;0.7:HB=F:CP=F;0.8:HB=F:CP=F;0.9:HB=F:CP=F;1:HB=F:CP=F,0.01,False,0.000000,,,,0.000000,0.000000,0,0.01,False,0.000000,,False,source_supervised_leave_geometry,D|source_supervised_leave_geometry|angle_error_gt_10deg|absolute_0.001
D,FAIR1M-v1.0,rotated_retinanet_psc,angle_error_gt_10deg,absolute_0.0025,absolute,0.002500,larger_is_better_true_endpoint_with_persistent_row_tie_break,,0.01:HB=F:CP=F;0.025:HB=F:CP=F;0.05:HB=F:CP=F;0.1:HB=F:CP=F;0.2:HB=F:CP=F;0.3:HB=F:CP=F;0.4:HB=F:CP=F;0.5:HB=F:CP=F;0.6:HB=F:CP=F;0.7:HB=F:CP=F;0.8:HB=F:CP=F;0.9:HB=F:CP=F;1:HB=F:CP=F,0.01,False,0.000000,,,,0.000000,0.000000,0,0.01,False,0.000000,,False,source_supervised_leave_geometry,D|source_supervised_leave_geometry|angle_error_gt_10deg|absolute_0.0025
D,FAIR1M-v1.0,rotated_retinanet_psc,angle_error_gt_10deg,absolute_0.005,absolute,0.005000,larger_is_better_true_endpoint_with_persistent_row_tie_break,,0.01:HB=F:CP=F;0.025:HB=F:CP=F;0.05:HB=F:CP=F;0.1:HB=F:CP=F;0.2:HB=F:CP=F;0.3:HB=F:CP=F;0.4:HB=F:CP=F;0.5:HB=F:CP=F;0.6:HB=F:CP=F;0.7:HB=P:CP=P;0.8:HB=P:CP=P;0.9:HB=P:CP=P;1:HB=F:CP=F,0.01,False,0.000000,,,,0.000000,0.000000,0,0.01,False,0.000000,,False,source_supervised_leave_geometry,D|source_supervised_leave_geometry|angle_error_gt_10deg|absolute_0.005
D,FAIR1M-v1.0,rotated_retinanet_psc,angle_error_gt_10deg,absolute_0.01,absolute,0.010000,larger_is_better_true_endpoint_with_persistent_row_tie_break,,0.01:HB=F:CP=F;0.025:HB=F:CP=F;0.05:HB=F:CP=F;0.1:HB=F:CP=F;0.2:HB=F:CP=F;0.3:HB=F:CP=F;0.4:HB=P:CP=P;0.5:HB=P:CP=P;0.6:HB=P:CP=P;0.7:HB=P:CP=P;0.8:HB=P:CP=P;0.9:HB=P:CP=P;1:HB=F:CP=F,0.01,False,0.000000,,,,0.000000,0.000000,0,0.01,False,0.000000,,False,source_supervised_leave_geometry,D|source_supervised_leave_geometry|angle_error_gt_10deg|absolute_0.01
D,FAIR1M-v1.0,rotated_retinanet_psc,angle_error_gt_10deg,relative_0.5_r_fit,relative,0.002584,larger_is_better_true_endpoint_with_persistent_row_tie_break,,0.01:HB=F:CP=F;0.025:HB=F:CP=F;0.05:HB=F:CP=F;0.1:HB=F:CP=F;0.2:HB=F:CP=F;0.3:HB=F:CP=F;0.4:HB=F:CP=F;0.5:HB=F:CP=F;0.6:HB=F:CP=F;0.7:HB=F:CP=F;0.8:HB=F:CP=F;0.9:HB=F:CP=F;1:HB=F:CP=F,0.01,False,0.000000,,,,0.000000,0.000000,0,0.01,False,0.000000,,False,source_supervised_leave_geometry,D|source_supervised_leave_geometry|angle_error_gt_10deg|relative_0.5_r_fit
D,FAIR1M-v1.0,rotated_retinanet_psc,angle_error_gt_10deg,relative_0.25_r_fit,relative,0.001292,larger_is_better_true_endpoint_with_persistent_row_tie_break,,0.01:HB=F:CP=F;0.025:HB=F:CP=F;0.05:HB=F:CP=F;0.1:HB=F:CP=F;0.2:HB=F:CP=F;0.3:HB=F:CP=F;0.4:HB=F:CP=F;0.5:HB=F:CP=F;0.6:HB=F:CP=F;0.7:HB=F:CP=F;0.8:HB=F:CP=F;0.9:HB=F:CP=F;1:HB=F:CP=F,0.01,False,0.000000,,,,0.000000,0.000000,0,0.01,False,0.000000,,False,source_supervised_leave_geometry,D|source_supervised_leave_geometry|angle_error_gt_10deg|relative_0.25_r_fit
D,FAIR1M-v1.0,rotated_retinanet_psc,angle_error_gt_10deg,absolute_0.001,absolute,0.001000,larger_is_better_true_endpoint_with_persistent_row_tie_break,,0.01:HB=F:CP=F;0.025:HB=F:CP=F;0.05:HB=F:CP=F;0.1:HB=F:CP=F;0.2:HB=F:CP=F;0.3:HB=F:CP=F;0.4:HB=F:CP=F;0.5:HB=F:CP=F;0.6:HB=F:CP=F;0.7:HB=F:CP=F;0.8:HB=F:CP=F;0.9:HB=F:CP=F;1:HB=F:CP=F,0.01,False,0.000000,,,,0.000000,0.000000,0,0.01,False,0.000000,,False,target_gt_nonlinear_geometry_upper_bound,D|target_gt_nonlinear_geometry_upper_bound|angle_error_gt_10deg|absolute_0.001
D,FAIR1M-v1.0,rotated_retinanet_psc,angle_error_gt_10deg,absolute_0.0025,absolute,0.002500,larger_is_better_true_endpoint_with_persistent_row_tie_break,,0.01:HB=F:CP=F;0.025:HB=F:CP=F;0.05:HB=F:CP=F;0.1:HB=F:CP=F;0.2:HB=F:CP=F;0.3:HB=F:CP=F;0.4:HB=F:CP=F;0.5:HB=F:CP=F;0.6:HB=F:CP=F;0.7:HB=F:CP=F;0.8:HB=F:CP=F;0.9:HB=F:CP=F;1:HB=F:CP=F,0.01,False,0.000000,,,,0.000000,0.000000,0,0.01,False,0.000000,,False,target_gt_nonlinear_geometry_upper_bound,D|target_gt_nonlinear_geometry_upper_bound|angle_error_gt_10deg|absolute_0.0025
D,FAIR1M-v1.0,rotated_retinanet_psc,angle_error_gt_10deg,absolute_0.005,absolute,0.005000,larger_is_better_true_endpoint_with_persistent_row_tie_break,,0.01:HB=F:CP=F;0.025:HB=F:CP=F;0.05:HB=F:CP=F;0.1:HB=F:CP=F;0.2:HB=F:CP=F;0.3:HB=F:CP=F;0.4:HB=F:CP=F;0.5:HB=F:CP=F;0.6:HB=F:CP=F;0.7:HB=P:CP=P;0.8:HB=P:CP=P;0.9:HB=P:CP=P;1:HB=F:CP=F,0.01,False,0.000000,,,,0.000000,0.000000,0,0.01,False,0.000000,,False,target_gt_nonlinear_geometry_upper_bound,D|target_gt_nonlinear_geometry_upper_bound|angle_error_gt_10deg|absolute_0.005
D,FAIR1M-v1.0,rotated_retinanet_psc,angle_error_gt_10deg,absolute_0.01,absolute,0.010000,larger_is_better_true_endpoint_with_persistent_row_tie_break,,0.01:HB=F:CP=F;0.025:HB=F:CP=F;0.05:HB=F:CP=F;0.1:HB=F:CP=F;0.2:HB=F:CP=F;0.3:HB=F:CP=F;0.4:HB=P:CP=P;0.5:HB=P:CP=P;0.6:HB=P:CP=P;0.7:HB=P:CP=P;0.8:HB=P:CP=P;0.9:HB=P:CP=P;1:HB=F:CP=F,0.01,False,0.000000,,,,0.000000,0.000000,0,0.01,False,0.000000,,False,target_gt_nonlinear_geometry_upper_bound,D|target_gt_nonlinear_geometry_upper_bound|angle_error_gt_10deg|absolute_0.01
D,FAIR1M-v1.0,rotated_retinanet_psc,angle_error_gt_10deg,relative_0.5_r_fit,relative,0.002584,larger_is_better_true_endpoint_with_persistent_row_tie_break,,0.01:HB=F:CP=F;0.025:HB=F:CP=F;0.05:HB=F:CP=F;0.1:HB=F:CP=F;0.2:HB=F:CP=F;0.3:HB=F:CP=F;0.4:HB=F:CP=F;0.5:HB=F:CP=F;0.6:HB=F:CP=F;0.7:HB=F:CP=F;0.8:HB=F:CP=F;0.9:HB=F:CP=F;1:HB=F:CP=F,0.01,False,0.000000,,,,0.000000,0.000000,0,0.01,False,0.000000,,False,target_gt_nonlinear_geometry_upper_bound,D|target_gt_nonlinear_geometry_upper_bound|angle_error_gt_10deg|relative_0.5_r_fit
D,FAIR1M-v1.0,rotated_retinanet_psc,angle_error_gt_10deg,relative_0.25_r_fit,relative,0.001292,larger_is_better_true_endpoint_with_persistent_row_tie_break,,0.01:HB=F:CP=F;0.025:HB=F:CP=F;0.05:HB=F:CP=F;0.1:HB=F:CP=F;0.2:HB=F:CP=F;0.3:HB=F:CP=F;0.4:HB=F:CP=F;0.5:HB=F:CP=F;0.6:HB=F:CP=F;0.7:HB=F:CP=F;0.8:HB=F:CP=F;0.9:HB=F:CP=F;1:HB=F:CP=F,0.01,False,0.000000,,,,0.000000,0.000000,0,0.01,False,0.000000,,False,target_gt_nonlinear_geometry_upper_bound,D|target_gt_nonlinear_geometry_upper_bound|angle_error_gt_10deg|relative_0.25_r_fit
D,FAIR1M-v1.0,rotated_retinanet_psc,angle_error_gt_15deg,absolute_0.001,absolute,0.001000,larger_is_better_true_endpoint_with_persistent_row_tie_break,,0.01:HB=F:CP=F;0.025:HB=F:CP=F;0.05:HB=F:CP=F;0.1:HB=F:CP=F;0.2:HB=F:CP=F;0.3:HB=F:CP=F;0.4:HB=F:CP=F;0.5:HB=F:CP=F;0.6:HB=F:CP=F;0.7:HB=F:CP=F;0.8:HB=F:CP=F;0.9:HB=F:CP=F;1:HB=F:CP=F,0.01,False,0.000000,,,,0.000000,0.000000,0,0.01,False,0.000000,,False,detection_score,D|detection_score|angle_error_gt_15deg|absolute_0.001
D,FAIR1M-v1.0,rotated_retinanet_psc,angle_error_gt_15deg,absolute_0.0025,absolute,0.002500,larger_is_better_true_endpoint_with_persistent_row_tie_break,,0.01:HB=F:CP=F;0.025:HB=F:CP=F;0.05:HB=F:CP=F;0.1:HB=F:CP=F;0.2:HB=F:CP=F;0.3:HB=F:CP=F;0.4:HB=F:CP=F;0.5:HB=F:CP=F;0.6:HB=F:CP=F;0.7:HB=F:CP=F;0.8:HB=F:CP=F;0.9:HB=F:CP=F;1:HB=F:CP=F,0.01,False,0.000000,,,,0.000000,0.000000,0,0.01,False,0.000000,,False,detection_score,D|detection_score|angle_error_gt_15deg|absolute_0.0025
D,FAIR1M-v1.0,rotated_retinanet_psc,angle_error_gt_15deg,absolute_0.005,absolute,0.005000,larger_is_better_true_endpoint_with_persistent_row_tie_break,,0.01:HB=F:CP=F;0.025:HB=F:CP=F;0.05:HB=F:CP=F;0.1:HB=F:CP=F;0.2:HB=F:CP=F;0.3:HB=F:CP=F;0.4:HB=F:CP=F;0.5:HB=F:CP=F;0.6:HB=F:CP=F;0.7:HB=P:CP=P;0.8:HB=P:CP=P;0.9:HB=P:CP=P;1:HB=P:CP=F,0.01,False,0.000000,,,,0.000000,0.000000,0,0.01,False,0.000000,,False,detection_score,D|detection_score|angle_error_gt_15deg|absolute_0.005
D,FAIR1M-v1.0,rotated_retinanet_psc,angle_error_gt_15deg,absolute_0.01,absolute,0.010000,larger_is_better_true_endpoint_with_persistent_row_tie_break,,0.01:HB=F:CP=F;0.025:HB=F:CP=F;0.05:HB=F:CP=F;0.1:HB=F:CP=F;0.2:HB=F:CP=F;0.3:HB=F:CP=F;0.4:HB=P:CP=P;0.5:HB=P:CP=P;0.6:HB=P:CP=P;0.7:HB=P:CP=P;0.8:HB=P:CP=P;0.9:HB=P:CP=P;1:HB=P:CP=F,0.01,False,0.000000,,,,0.000000,0.000000,0,0.01,False,0.000000,,False,detection_score,D|detection_score|angle_error_gt_15deg|absolute_0.01
D,FAIR1M-v1.0,rotated_retinanet_psc,angle_error_gt_15deg,relative_0.5_r_fit,relative,0.000338,larger_is_better_true_endpoint_with_persistent_row_tie_break,,0.01:HB=F:CP=F;0.025:HB=F:CP=F;0.05:HB=F:CP=F;0.1:HB=F:CP=F;0.2:HB=F:CP=F;0.3:HB=F:CP=F;0.4:HB=F:CP=F;0.5:HB=F:CP=F;0.6:HB=F:CP=F;0.7:HB=F:CP=F;0.8:HB=F:CP=F;0.9:HB=F:CP=F;1:HB=F:CP=F,0.01,False,0.000000,,,,0.000000,0.000000,0,0.01,False,0.000000,,False,detection_score,D|detection_score|angle_error_gt_15deg|relative_0.5_r_fit
D,FAIR1M-v1.0,rotated_retinanet_psc,angle_error_gt_15deg,relative_0.25_r_fit,relative,0.000169,larger_is_better_true_endpoint_with_persistent_row_tie_break,,0.01:HB=F:CP=F;0.025:HB=F:CP=F;0.05:HB=F:CP=F;0.1:HB=F:CP=F;0.2:HB=F:CP=F;0.3:HB=F:CP=F;0.4:HB=F:CP=F;0.5:HB=F:CP=F;0.6:HB=F:CP=F;0.7:HB=F:CP=F;0.8:HB=F:CP=F;0.9:HB=F:CP=F;1:HB=F:CP=F,0.01,False,0.000000,,,,0.000000,0.000000,0,0.01,False,0.000000,,False,detection_score,D|detection_score|angle_error_gt_15deg|relative_0.25_r_fit
D,FAIR1M-v1.0,rotated_retinanet_psc,angle_error_gt_15deg,absolute_0.001,absolute,0.001000,larger_is_better_true_endpoint_with_persistent_row_tie_break,,0.01:HB=F:CP=F;0.025:HB=F:CP=F;0.05:HB=F:CP=F;0.1:HB=F:CP=F;0.2:HB=F:CP=F;0.3:HB=F:CP=F;0.4:HB=F:CP=F;0.5:HB=F:CP=F;0.6:HB=F:CP=F;0.7:HB=F:CP=F;0.8:HB=F:CP=F;0.9:HB=F:CP=F;1:HB=F:CP=F,0.01,False,0.000000,,,,0.000000,0.000000,0,0.01,False,0.000000,,False,tta_circular_consistency,D|tta_circular_consistency|angle_error_gt_15deg|absolute_0.001
D,FAIR1M-v1.0,rotated_retinanet_psc,angle_error_gt_15deg,absolute_0.0025,absolute,0.002500,larger_is_better_true_endpoint_with_persistent_row_tie_break,,0.01:HB=F:CP=F;0.025:HB=F:CP=F;0.05:HB=F:CP=F;0.1:HB=F:CP=F;0.2:HB=F:CP=F;0.3:HB=F:CP=F;0.4:HB=F:CP=F;0.5:HB=F:CP=F;0.6:HB=F:CP=F;0.7:HB=F:CP=F;0.8:HB=F:CP=F;0.9:HB=F:CP=F;1:HB=F:CP=F,0.01,False,0.000000,,,,0.000000,0.000000,0,0.01,False,0.000000,,False,tta_circular_consistency,D|tta_circular_consistency|angle_error_gt_15deg|absolute_0.0025
D,FAIR1M-v1.0,rotated_retinanet_psc,angle_error_gt_15deg,absolute_0.005,absolute,0.005000,larger_is_better_true_endpoint_with_persistent_row_tie_break,,0.01:HB=F:CP=F;0.025:HB=F:CP=F;0.05:HB=F:CP=F;0.1:HB=F:CP=F;0.2:HB=F:CP=F;0.3:HB=F:CP=F;0.4:HB=F:CP=F;0.5:HB=F:CP=F;0.6:HB=F:CP=F;0.7:HB=P:CP=P;0.8:HB=P:CP=P;0.9:HB=P:CP=P;1:HB=P:CP=F,0.01,False,0.000000,,,,0.000000,0.000000,0,0.01,False,0.000000,,False,tta_circular_consistency,D|tta_circular_consistency|angle_error_gt_15deg|absolute_0.005
D,FAIR1M-v1.0,rotated_retinanet_psc,angle_error_gt_15deg,absolute_0.01,absolute,0.010000,larger_is_better_true_endpoint_with_persistent_row_tie_break,,0.01:HB=F:CP=F;0.025:HB=F:CP=F;0.05:HB=F:CP=F;0.1:HB=F:CP=F;0.2:HB=F:CP=F;0.3:HB=F:CP=F;0.4:HB=P:CP=P;0.5:HB=P:CP=P;0.6:HB=P:CP=P;0.7:HB=P:CP=P;0.8:HB=P:CP=P;0.9:HB=P:CP=P;1:HB=P:CP=F,0.01,False,0.000000,,,,0.000000,0.000000,0,0.01,False,0.000000,,False,tta_circular_consistency,D|tta_circular_consistency|angle_error_gt_15deg|absolute_0.01
D,FAIR1M-v1.0,rotated_retinanet_psc,angle_error_gt_15deg,relative_0.5_r_fit,relative,0.000338,larger_is_better_true_endpoint_with_persistent_row_tie_break,,0.01:HB=F:CP=F;0.025:HB=F:CP=F;0.05:HB=F:CP=F;0.1:HB=F:CP=F;0.2:HB=F:CP=F;0.3:HB=F:CP=F;0.4:HB=F:CP=F;0.5:HB=F:CP=F;0.6:HB=F:CP=F;0.7:HB=F:CP=F;0.8:HB=F:CP=F;0.9:HB=F:CP=F;1:HB=F:CP=F,0.01,False,0.000000,,,,0.000000,0.000000,0,0.01,False,0.000000,,False,tta_circular_consistency,D|tta_circular_consistency|angle_error_gt_15deg|relative_0.5_r_fit
D,FAIR1M-v1.0,rotated_retinanet_psc,angle_error_gt_15deg,relative_0.25_r_fit,relative,0.000169,larger_is_better_true_endpoint_with_persistent_row_tie_break,,0.01:HB=F:CP=F;0.025:HB=F:CP=F;0.05:HB=F:CP=F;0.1:HB=F:CP=F;0.2:HB=F:CP=F;0.3:HB=F:CP=F;0.4:HB=F:CP=F;0.5:HB=F:CP=F;0.6:HB=F:CP=F;0.7:HB=F:CP=F;0.8:HB=F:CP=F;0.9:HB=F:CP=F;1:HB=F:CP=F,0.01,False,0.000000,,,,0.000000,0.000000,0,0.01,False,0.000000,,False,tta_circular_consistency,D|tta_circular_consistency|angle_error_gt_15deg|relative_0.25_r_fit
D,FAIR1M-v1.0,rotated_retinanet_psc,angle_error_gt_15deg,absolute_0.001,absolute,0.001000,larger_is_better_true_endpoint_with_persistent_row_tie_break,,0.01:HB=F:CP=F;0.025:HB=F:CP=F;0.05:HB=F:CP=F;0.1:HB=F:CP=F;0.2:HB=F:CP=F;0.3:HB=F:CP=F;0.4:HB=F:CP=F;0.5:HB=F:CP=F;0.6:HB=F:CP=F;0.7:HB=F:CP=F;0.8:HB=F:CP=F;0.9:HB=F:CP=F;1:HB=F:CP=F,0.01,False,0.000000,,,,0.000000,0.000000,0,0.01,False,0.000000,,False,source_supervised_leave_geometry,D|source_supervised_leave_geometry|angle_error_gt_15deg|absolute_0.001
D,FAIR1M-v1.0,rotated_retinanet_psc,angle_error_gt_15deg,absolute_0.0025,absolute,0.002500,larger_is_better_true_endpoint_with_persistent_row_tie_break,,0.01:HB=F:CP=F;0.025:HB=F:CP=F;0.05:HB=F:CP=F;0.1:HB=F:CP=F;0.2:HB=F:CP=F;0.3:HB=F:CP=F;0.4:HB=F:CP=F;0.5:HB=F:CP=F;0.6:HB=F:CP=F;0.7:HB=F:CP=F;0.8:HB=F:CP=F;0.9:HB=F:CP=F;1:HB=F:CP=F,0.01,False,0.000000,,,,0.000000,0.000000,0,0.01,False,0.000000,,False,source_supervised_leave_geometry,D|source_supervised_leave_geometry|angle_error_gt_15deg|absolute_0.0025
D,FAIR1M-v1.0,rotated_retinanet_psc,angle_error_gt_15deg,absolute_0.005,absolute,0.005000,larger_is_better_true_endpoint_with_persistent_row_tie_break,,0.01:HB=F:CP=F;0.025:HB=F:CP=F;0.05:HB=F:CP=F;0.1:HB=F:CP=F;0.2:HB=F:CP=F;0.3:HB=F:CP=F;0.4:HB=F:CP=F;0.5:HB=F:CP=F;0.6:HB=F:CP=F;0.7:HB=P:CP=P;0.8:HB=P:CP=P;0.9:HB=P:CP=P;1:HB=P:CP=F,0.01,False,0.000000,,,,0.000000,0.000000,0,0.01,False,0.000000,,False,source_supervised_leave_geometry,D|source_supervised_leave_geometry|angle_error_gt_15deg|absolute_0.005
D,FAIR1M-v1.0,rotated_retinanet_psc,angle_error_gt_15deg,absolute_0.01,absolute,0.010000,larger_is_better_true_endpoint_with_persistent_row_tie_break,,0.01:HB=F:CP=F;0.025:HB=F:CP=F;0.05:HB=F:CP=F;0.1:HB=F:CP=F;0.2:HB=F:CP=F;0.3:HB=F:CP=F;0.4:HB=P:CP=P;0.5:HB=P:CP=P;0.6:HB=P:CP=P;0.7:HB=P:CP=P;0.8:HB=P:CP=P;0.9:HB=P:CP=P;1:HB=P:CP=F,0.01,False,0.000000,,,,0.000000,0.000000,0,0.01,False,0.000000,,False,source_supervised_leave_geometry,D|source_supervised_leave_geometry|angle_error_gt_15deg|absolute_0.01
D,FAIR1M-v1.0,rotated_retinanet_psc,angle_error_gt_15deg,relative_0.5_r_fit,relative,0.000338,larger_is_better_true_endpoint_with_persistent_row_tie_break,,0.01:HB=F:CP=F;0.025:HB=F:CP=F;0.05:HB=F:CP=F;0.1:HB=F:CP=F;0.2:HB=F:CP=F;0.3:HB=F:CP=F;0.4:HB=F:CP=F;0.5:HB=F:CP=F;0.6:HB=F:CP=F;0.7:HB=F:CP=F;0.8:HB=F:CP=F;0.9:HB=F:CP=F;1:HB=F:CP=F,0.01,False,0.000000,,,,0.000000,0.000000,0,0.01,False,0.000000,,False,source_supervised_leave_geometry,D|source_supervised_leave_geometry|angle_error_gt_15deg|relative_0.5_r_fit
D,FAIR1M-v1.0,rotated_retinanet_psc,angle_error_gt_15deg,relative_0.25_r_fit,relative,0.000169,larger_is_better_true_endpoint_with_persistent_row_tie_break,,0.01:HB=F:CP=F;0.025:HB=F:CP=F;0.05:HB=F:CP=F;0.1:HB=F:CP=F;0.2:HB=F:CP=F;0.3:HB=F:CP=F;0.4:HB=F:CP=F;0.5:HB=F:CP=F;0.6:HB=F:CP=F;0.7:HB=F:CP=F;0.8:HB=F:CP=F;0.9:HB=F:CP=F;1:HB=F:CP=F,0.01,False,0.000000,,,,0.000000,0.000000,0,0.01,False,0.000000,,False,source_supervised_leave_geometry,D|source_supervised_leave_geometry|angle_error_gt_15deg|relative_0.25_r_fit
D,FAIR1M-v1.0,rotated_retinanet_psc,angle_error_gt_15deg,absolute_0.001,absolute,0.001000,larger_is_better_true_endpoint_with_persistent_row_tie_break,,0.01:HB=F:CP=F;0.025:HB=F:CP=F;0.05:HB=F:CP=F;0.1:HB=F:CP=F;0.2:HB=F:CP=F;0.3:HB=F:CP=F;0.4:HB=F:CP=F;0.5:HB=F:CP=F;0.6:HB=F:CP=F;0.7:HB=F:CP=F;0.8:HB=F:CP=F;0.9:HB=F:CP=F;1:HB=F:CP=F,0.01,False,0.000000,,,,0.000000,0.000000,0,0.01,False,0.000000,,False,target_gt_nonlinear_geometry_upper_bound,D|target_gt_nonlinear_geometry_upper_bound|angle_error_gt_15deg|absolute_0.001
D,FAIR1M-v1.0,rotated_retinanet_psc,angle_error_gt_15deg,absolute_0.0025,absolute,0.002500,larger_is_better_true_endpoint_with_persistent_row_tie_break,,0.01:HB=F:CP=F;0.025:HB=F:CP=F;0.05:HB=F:CP=F;0.1:HB=F:CP=F;0.2:HB=F:CP=F;0.3:HB=F:CP=F;0.4:HB=F:CP=F;0.5:HB=F:CP=F;0.6:HB=F:CP=F;0.7:HB=F:CP=F;0.8:HB=F:CP=F;0.9:HB=F:CP=F;1:HB=F:CP=F,0.01,False,0.000000,,,,0.000000,0.000000,0,0.01,False,0.000000,,False,target_gt_nonlinear_geometry_upper_bound,D|target_gt_nonlinear_geometry_upper_bound|angle_error_gt_15deg|absolute_0.0025
D,FAIR1M-v1.0,rotated_retinanet_psc,angle_error_gt_15deg,absolute_0.005,absolute,0.005000,larger_is_better_true_endpoint_with_persistent_row_tie_break,,0.01:HB=F:CP=F;0.025:HB=F:CP=F;0.05:HB=F:CP=F;0.1:HB=F:CP=F;0.2:HB=F:CP=F;0.3:HB=F:CP=F;0.4:HB=F:CP=F;0.5:HB=F:CP=F;0.6:HB=F:CP=F;0.7:HB=P:CP=P;0.8:HB=P:CP=P;0.9:HB=P:CP=P;1:HB=P:CP=F,0.01,False,0.000000,,,,0.000000,0.000000,0,0.01,False,0.000000,,False,target_gt_nonlinear_geometry_upper_bound,D|target_gt_nonlinear_geometry_upper_bound|angle_error_gt_15deg|absolute_0.005
D,FAIR1M-v1.0,rotated_retinanet_psc,angle_error_gt_15deg,absolute_0.01,absolute,0.010000,larger_is_better_true_endpoint_with_persistent_row_tie_break,,0.01:HB=F:CP=F;0.025:HB=F:CP=F;0.05:HB=F:CP=F;0.1:HB=F:CP=F;0.2:HB=F:CP=F;0.3:HB=F:CP=F;0.4:HB=P:CP=P;0.5:HB=P:CP=P;0.6:HB=P:CP=P;0.7:HB=P:CP=P;0.8:HB=P:CP=P;0.9:HB=P:CP=P;1:HB=P:CP=F,0.01,False,0.000000,,,,0.000000,0.000000,0,0.01,False,0.000000,,False,target_gt_nonlinear_geometry_upper_bound,D|target_gt_nonlinear_geometry_upper_bound|angle_error_gt_15deg|absolute_0.01
D,FAIR1M-v1.0,rotated_retinanet_psc,angle_error_gt_15deg,relative_0.5_r_fit,relative,0.000338,larger_is_better_true_endpoint_with_persistent_row_tie_break,,0.01:HB=F:CP=F;0.025:HB=F:CP=F;0.05:HB=F:CP=F;0.1:HB=F:CP=F;0.2:HB=F:CP=F;0.3:HB=F:CP=F;0.4:HB=F:CP=F;0.5:HB=F:CP=F;0.6:HB=F:CP=F;0.7:HB=F:CP=F;0.8:HB=F:CP=F;0.9:HB=F:CP=F;1:HB=F:CP=F,0.01,False,0.000000,,,,0.000000,0.000000,0,0.01,False,0.000000,,False,target_gt_nonlinear_geometry_upper_bound,D|target_gt_nonlinear_geometry_upper_bound|angle_error_gt_15deg|relative_0.5_r_fit
D,FAIR1M-v1.0,rotated_retinanet_psc,angle_error_gt_15deg,relative_0.25_r_fit,relative,0.000169,larger_is_better_true_endpoint_with_persistent_row_tie_break,,0.01:HB=F:CP=F;0.025:HB=F:CP=F;0.05:HB=F:CP=F;0.1:HB=F:CP=F;0.2:HB=F:CP=F;0.3:HB=F:CP=F;0.4:HB=F:CP=F;0.5:HB=F:CP=F;0.6:HB=F:CP=F;0.7:HB=F:CP=F;0.8:HB=F:CP=F;0.9:HB=F:CP=F;1:HB=F:CP=F,0.01,False,0.000000,,,,0.000000,0.000000,0,0.01,False,0.000000,,False,target_gt_nonlinear_geometry_upper_bound,D|target_gt_nonlinear_geometry_upper_bound|angle_error_gt_15deg|relative_0.25_r_fit
E,SODA-A,rotated_retinanet_psc,geometry_normalized_severe,absolute_0.001,absolute,0.001000,larger_is_better_true_endpoint_with_persistent_row_tie_break,,0.01:HB=F:CP=F;0.025:HB=F:CP=F;0.05:HB=F:CP=F;0.1:HB=F:CP=F;0.2:HB=F:CP=F;0.3:HB=F:CP=F;0.4:HB=F:CP=F;0.5:HB=F:CP=F;0.6:HB=F:CP=F;0.7:HB=F:CP=F;0.8:HB=F:CP=F;0.9:HB=F:CP=F;1:HB=F:CP=F,0.01,False,0.000000,,,,0.000000,0.000000,0,0.01,False,0.000000,,False,detection_score,E|detection_score|geometry_normalized_severe|absolute_0.001
E,SODA-A,rotated_retinanet_psc,geometry_normalized_severe,absolute_0.0025,absolute,0.002500,larger_is_better_true_endpoint_with_persistent_row_tie_break,,0.01:HB=F:CP=F;0.025:HB=F:CP=F;0.05:HB=F:CP=F;0.1:HB=F:CP=F;0.2:HB=F:CP=F;0.3:HB=F:CP=F;0.4:HB=F:CP=F;0.5:HB=F:CP=F;0.6:HB=P:CP=P;0.7:HB=P:CP=P;0.8:HB=P:CP=P;0.9:HB=P:CP=P;1:HB=F:CP=F,0.01,False,0.000000,,,,0.000000,0.000000,0,0.01,False,0.000000,,False,detection_score,E|detection_score|geometry_normalized_severe|absolute_0.0025
E,SODA-A,rotated_retinanet_psc,geometry_normalized_severe,absolute_0.005,absolute,0.005000,larger_is_better_true_endpoint_with_persistent_row_tie_break,,0.01:HB=F:CP=F;0.025:HB=F:CP=F;0.05:HB=F:CP=F;0.1:HB=F:CP=F;0.2:HB=F:CP=F;0.3:HB=F:CP=F;0.4:HB=P:CP=P;0.5:HB=P:CP=P;0.6:HB=P:CP=P;0.7:HB=P:CP=P;0.8:HB=P:CP=P;0.9:HB=P:CP=P;1:HB=F:CP=F,0.01,False,0.000000,,,,0.000000,0.000000,0,0.01,False,0.000000,,False,detection_score,E|detection_score|geometry_normalized_severe|absolute_0.005
E,SODA-A,rotated_retinanet_psc,geometry_normalized_severe,absolute_0.01,absolute,0.010000,larger_is_better_true_endpoint_with_persistent_row_tie_break,,0.01:HB=F:CP=F;0.025:HB=F:CP=F;0.05:HB=F:CP=F;0.1:HB=F:CP=F;0.2:HB=P:CP=P;0.3:HB=P:CP=P;0.4:HB=P:CP=P;0.5:HB=P:CP=P;0.6:HB=P:CP=P;0.7:HB=P:CP=P;0.8:HB=P:CP=P;0.9:HB=P:CP=P;1:HB=P:CP=F,0.01,False,0.000000,,,,0.000000,0.000000,0,0.01,False,0.000000,,False,detection_score,E|detection_score|geometry_normalized_severe|absolute_0.01
E,SODA-A,rotated_retinanet_psc,geometry_normalized_severe,relative_0.5_r_fit,relative,0.002188,larger_is_better_true_endpoint_with_persistent_row_tie_break,,0.01:HB=F:CP=F;0.025:HB=F:CP=F;0.05:HB=F:CP=F;0.1:HB=F:CP=F;0.2:HB=F:CP=F;0.3:HB=F:CP=F;0.4:HB=F:CP=F;0.5:HB=F:CP=F;0.6:HB=F:CP=F;0.7:HB=P:CP=P;0.8:HB=P:CP=P;0.9:HB=P:CP=P;1:HB=F:CP=F,0.01,False,0.000000,,,,0.000000,0.000000,0,0.01,False,0.000000,,False,detection_score,E|detection_score|geometry_normalized_severe|relative_0.5_r_fit
E,SODA-A,rotated_retinanet_psc,geometry_normalized_severe,relative_0.25_r_fit,relative,0.001094,larger_is_better_true_endpoint_with_persistent_row_tie_break,,0.01:HB=F:CP=F;0.025:HB=F:CP=F;0.05:HB=F:CP=F;0.1:HB=F:CP=F;0.2:HB=F:CP=F;0.3:HB=F:CP=F;0.4:HB=F:CP=F;0.5:HB=F:CP=F;0.6:HB=F:CP=F;0.7:HB=F:CP=F;0.8:HB=F:CP=F;0.9:HB=F:CP=F;1:HB=F:CP=F,0.01,False,0.000000,,,,0.000000,0.000000,0,0.01,False,0.000000,,False,detection_score,E|detection_score|geometry_normalized_severe|relative_0.25_r_fit
E,SODA-A,rotated_retinanet_psc,geometry_normalized_severe,absolute_0.001,absolute,0.001000,larger_is_better_true_endpoint_with_persistent_row_tie_break,,0.01:HB=F:CP=F;0.025:HB=F:CP=F;0.05:HB=F:CP=F;0.1:HB=F:CP=F;0.2:HB=F:CP=F;0.3:HB=F:CP=F;0.4:HB=F:CP=F;0.5:HB=F:CP=F;0.6:HB=F:CP=F;0.7:HB=F:CP=F;0.8:HB=F:CP=F;0.9:HB=F:CP=F;1:HB=F:CP=F,0.01,False,0.000000,,,,0.000000,0.000000,0,0.01,False,0.000000,,False,tta_circular_consistency,E|tta_circular_consistency|geometry_normalized_severe|absolute_0.001
E,SODA-A,rotated_retinanet_psc,geometry_normalized_severe,absolute_0.0025,absolute,0.002500,larger_is_better_true_endpoint_with_persistent_row_tie_break,,0.01:HB=F:CP=F;0.025:HB=F:CP=F;0.05:HB=F:CP=F;0.1:HB=F:CP=F;0.2:HB=F:CP=F;0.3:HB=F:CP=F;0.4:HB=F:CP=F;0.5:HB=F:CP=F;0.6:HB=P:CP=P;0.7:HB=P:CP=P;0.8:HB=P:CP=P;0.9:HB=P:CP=P;1:HB=F:CP=F,0.01,False,0.000000,,,,0.000000,0.000000,0,0.01,False,0.000000,,False,tta_circular_consistency,E|tta_circular_consistency|geometry_normalized_severe|absolute_0.0025
E,SODA-A,rotated_retinanet_psc,geometry_normalized_severe,absolute_0.005,absolute,0.005000,larger_is_better_true_endpoint_with_persistent_row_tie_break,,0.01:HB=F:CP=F;0.025:HB=F:CP=F;0.05:HB=F:CP=F;0.1:HB=F:CP=F;0.2:HB=F:CP=F;0.3:HB=F:CP=F;0.4:HB=P:CP=P;0.5:HB=P:CP=P;0.6:HB=P:CP=P;0.7:HB=P:CP=P;0.8:HB=P:CP=P;0.9:HB=P:CP=P;1:HB=F:CP=F,0.01,False,0.000000,,,,0.000000,0.000000,0,0.01,False,0.000000,,False,tta_circular_consistency,E|tta_circular_consistency|geometry_normalized_severe|absolute_0.005
E,SODA-A,rotated_retinanet_psc,geometry_normalized_severe,absolute_0.01,absolute,0.010000,larger_is_better_true_endpoint_with_persistent_row_tie_break,,0.01:HB=F:CP=F;0.025:HB=F:CP=F;0.05:HB=F:CP=F;0.1:HB=F:CP=F;0.2:HB=P:CP=P;0.3:HB=P:CP=P;0.4:HB=P:CP=P;0.5:HB=P:CP=P;0.6:HB=P:CP=P;0.7:HB=P:CP=P;0.8:HB=P:CP=P;0.9:HB=P:CP=P;1:HB=P:CP=F,0.01,False,0.000000,,,,0.000000,0.000000,0,0.01,False,0.000000,,False,tta_circular_consistency,E|tta_circular_consistency|geometry_normalized_severe|absolute_0.01
E,SODA-A,rotated_retinanet_psc,geometry_normalized_severe,relative_0.5_r_fit,relative,0.002188,larger_is_better_true_endpoint_with_persistent_row_tie_break,,0.01:HB=F:CP=F;0.025:HB=F:CP=F;0.05:HB=F:CP=F;0.1:HB=F:CP=F;0.2:HB=F:CP=F;0.3:HB=F:CP=F;0.4:HB=F:CP=F;0.5:HB=F:CP=F;0.6:HB=F:CP=F;0.7:HB=P:CP=P;0.8:HB=P:CP=P;0.9:HB=P:CP=P;1:HB=F:CP=F,0.01,False,0.000000,,,,0.000000,0.000000,0,0.01,False,0.000000,,False,tta_circular_consistency,E|tta_circular_consistency|geometry_normalized_severe|relative_0.5_r_fit
E,SODA-A,rotated_retinanet_psc,geometry_normalized_severe,relative_0.25_r_fit,relative,0.001094,larger_is_better_true_endpoint_with_persistent_row_tie_break,,0.01:HB=F:CP=F;0.025:HB=F:CP=F;0.05:HB=F:CP=F;0.1:HB=F:CP=F;0.2:HB=F:CP=F;0.3:HB=F:CP=F;0.4:HB=F:CP=F;0.5:HB=F:CP=F;0.6:HB=F:CP=F;0.7:HB=F:CP=F;0.8:HB=F:CP=F;0.9:HB=F:CP=F;1:HB=F:CP=F,0.01,False,0.000000,,,,0.000000,0.000000,0,0.01,False,0.000000,,False,tta_circular_consistency,E|tta_circular_consistency|geometry_normalized_severe|relative_0.25_r_fit
E,SODA-A,rotated_retinanet_psc,geometry_normalized_severe,absolute_0.001,absolute,0.001000,larger_is_better_true_endpoint_with_persistent_row_tie_break,,0.01:HB=F:CP=F;0.025:HB=F:CP=F;0.05:HB=F:CP=F;0.1:HB=F:CP=F;0.2:HB=F:CP=F;0.3:HB=F:CP=F;0.4:HB=F:CP=F;0.5:HB=F:CP=F;0.6:HB=F:CP=F;0.7:HB=F:CP=F;0.8:HB=F:CP=F;0.9:HB=F:CP=F;1:HB=F:CP=F,0.01,False,0.000000,,,,0.000000,0.000000,0,0.01,False,0.000000,,False,source_supervised_leave_geometry,E|source_supervised_leave_geometry|geometry_normalized_severe|absolute_0.001
E,SODA-A,rotated_retinanet_psc,geometry_normalized_severe,absolute_0.0025,absolute,0.002500,larger_is_better_true_endpoint_with_persistent_row_tie_break,,0.01:HB=F:CP=F;0.025:HB=F:CP=F;0.05:HB=F:CP=F;0.1:HB=F:CP=F;0.2:HB=F:CP=F;0.3:HB=F:CP=F;0.4:HB=F:CP=F;0.5:HB=F:CP=F;0.6:HB=P:CP=P;0.7:HB=P:CP=P;0.8:HB=P:CP=P;0.9:HB=P:CP=P;1:HB=F:CP=F,0.01,False,0.000000,,,,0.000000,0.000000,0,0.01,False,0.000000,,False,source_supervised_leave_geometry,E|source_supervised_leave_geometry|geometry_normalized_severe|absolute_0.0025
E,SODA-A,rotated_retinanet_psc,geometry_normalized_severe,absolute_0.005,absolute,0.005000,larger_is_better_true_endpoint_with_persistent_row_tie_break,,0.01:HB=F:CP=F;0.025:HB=F:CP=F;0.05:HB=F:CP=F;0.1:HB=F:CP=F;0.2:HB=F:CP=F;0.3:HB=F:CP=F;0.4:HB=P:CP=P;0.5:HB=P:CP=P;0.6:HB=P:CP=P;0.7:HB=P:CP=P;0.8:HB=P:CP=P;0.9:HB=P:CP=P;1:HB=F:CP=F,0.01,False,0.000000,,,,0.000000,0.000000,0,0.01,False,0.000000,,False,source_supervised_leave_geometry,E|source_supervised_leave_geometry|geometry_normalized_severe|absolute_0.005
E,SODA-A,rotated_retinanet_psc,geometry_normalized_severe,absolute_0.01,absolute,0.010000,larger_is_better_true_endpoint_with_persistent_row_tie_break,,0.01:HB=F:CP=F;0.025:HB=F:CP=F;0.05:HB=F:CP=F;0.1:HB=F:CP=F;0.2:HB=P:CP=P;0.3:HB=P:CP=P;0.4:HB=P:CP=P;0.5:HB=P:CP=P;0.6:HB=P:CP=P;0.7:HB=P:CP=P;0.8:HB=P:CP=P;0.9:HB=P:CP=P;1:HB=P:CP=F,0.01,False,0.000000,,,,0.000000,0.000000,0,0.01,False,0.000000,,False,source_supervised_leave_geometry,E|source_supervised_leave_geometry|geometry_normalized_severe|absolute_0.01
E,SODA-A,rotated_retinanet_psc,geometry_normalized_severe,relative_0.5_r_fit,relative,0.002188,larger_is_better_true_endpoint_with_persistent_row_tie_break,,0.01:HB=F:CP=F;0.025:HB=F:CP=F;0.05:HB=F:CP=F;0.1:HB=F:CP=F;0.2:HB=F:CP=F;0.3:HB=F:CP=F;0.4:HB=F:CP=F;0.5:HB=F:CP=F;0.6:HB=F:CP=F;0.7:HB=P:CP=P;0.8:HB=P:CP=P;0.9:HB=P:CP=P;1:HB=F:CP=F,0.01,False,0.000000,,,,0.000000,0.000000,0,0.01,False,0.000000,,False,source_supervised_leave_geometry,E|source_supervised_leave_geometry|geometry_normalized_severe|relative_0.5_r_fit
E,SODA-A,rotated_retinanet_psc,geometry_normalized_severe,relative_0.25_r_fit,relative,0.001094,larger_is_better_true_endpoint_with_persistent_row_tie_break,,0.01:HB=F:CP=F;0.025:HB=F:CP=F;0.05:HB=F:CP=F;0.1:HB=F:CP=F;0.2:HB=F:CP=F;0.3:HB=F:CP=F;0.4:HB=F:CP=F;0.5:HB=F:CP=F;0.6:HB=F:CP=F;0.7:HB=F:CP=F;0.8:HB=F:CP=F;0.9:HB=F:CP=F;1:HB=F:CP=F,0.01,False,0.000000,,,,0.000000,0.000000,0,0.01,False,0.000000,,False,source_supervised_leave_geometry,E|source_supervised_leave_geometry|geometry_normalized_severe|relative_0.25_r_fit
E,SODA-A,rotated_retinanet_psc,geometry_normalized_severe,absolute_0.001,absolute,0.001000,larger_is_better_true_endpoint_with_persistent_row_tie_break,,0.01:HB=F:CP=F;0.025:HB=F:CP=F;0.05:HB=F:CP=F;0.1:HB=F:CP=F;0.2:HB=F:CP=F;0.3:HB=F:CP=F;0.4:HB=F:CP=F;0.5:HB=F:CP=F;0.6:HB=F:CP=F;0.7:HB=F:CP=F;0.8:HB=F:CP=F;0.9:HB=F:CP=F;1:HB=F:CP=F,0.01,False,0.000000,,,,0.000000,0.000000,0,0.01,False,0.000000,,False,target_gt_nonlinear_geometry_upper_bound,E|target_gt_nonlinear_geometry_upper_bound|geometry_normalized_severe|absolute_0.001
E,SODA-A,rotated_retinanet_psc,geometry_normalized_severe,absolute_0.0025,absolute,0.002500,larger_is_better_true_endpoint_with_persistent_row_tie_break,,0.01:HB=F:CP=F;0.025:HB=F:CP=F;0.05:HB=F:CP=F;0.1:HB=F:CP=F;0.2:HB=F:CP=F;0.3:HB=F:CP=F;0.4:HB=F:CP=F;0.5:HB=F:CP=F;0.6:HB=P:CP=P;0.7:HB=P:CP=P;0.8:HB=P:CP=P;0.9:HB=P:CP=P;1:HB=F:CP=F,0.01,False,0.000000,,,,0.000000,0.000000,0,0.01,False,0.000000,,False,target_gt_nonlinear_geometry_upper_bound,E|target_gt_nonlinear_geometry_upper_bound|geometry_normalized_severe|absolute_0.0025
E,SODA-A,rotated_retinanet_psc,geometry_normalized_severe,absolute_0.005,absolute,0.005000,larger_is_better_true_endpoint_with_persistent_row_tie_break,,0.01:HB=F:CP=F;0.025:HB=F:CP=F;0.05:HB=F:CP=F;0.1:HB=F:CP=F;0.2:HB=F:CP=F;0.3:HB=F:CP=F;0.4:HB=P:CP=P;0.5:HB=P:CP=P;0.6:HB=P:CP=P;0.7:HB=P:CP=P;0.8:HB=P:CP=P;0.9:HB=P:CP=P;1:HB=F:CP=F,0.01,False,0.000000,,,,0.000000,0.000000,0,0.01,False,0.000000,,False,target_gt_nonlinear_geometry_upper_bound,E|target_gt_nonlinear_geometry_upper_bound|geometry_normalized_severe|absolute_0.005
E,SODA-A,rotated_retinanet_psc,geometry_normalized_severe,absolute_0.01,absolute,0.010000,larger_is_better_true_endpoint_with_persistent_row_tie_break,,0.01:HB=F:CP=F;0.025:HB=F:CP=F;0.05:HB=F:CP=F;0.1:HB=F:CP=F;0.2:HB=P:CP=P;0.3:HB=P:CP=P;0.4:HB=P:CP=P;0.5:HB=P:CP=P;0.6:HB=P:CP=P;0.7:HB=P:CP=P;0.8:HB=P:CP=P;0.9:HB=P:CP=P;1:HB=P:CP=F,0.01,False,0.000000,,,,0.000000,0.000000,0,0.01,False,0.000000,,False,target_gt_nonlinear_geometry_upper_bound,E|target_gt_nonlinear_geometry_upper_bound|geometry_normalized_severe|absolute_0.01
E,SODA-A,rotated_retinanet_psc,geometry_normalized_severe,relative_0.5_r_fit,relative,0.002188,larger_is_better_true_endpoint_with_persistent_row_tie_break,,0.01:HB=F:CP=F;0.025:HB=F:CP=F;0.05:HB=F:CP=F;0.1:HB=F:CP=F;0.2:HB=F:CP=F;0.3:HB=F:CP=F;0.4:HB=F:CP=F;0.5:HB=F:CP=F;0.6:HB=F:CP=F;0.7:HB=P:CP=P;0.8:HB=P:CP=P;0.9:HB=P:CP=P;1:HB=F:CP=F,0.01,False,0.000000,,,,0.000000,0.000000,0,0.01,False,0.000000,,False,target_gt_nonlinear_geometry_upper_bound,E|target_gt_nonlinear_geometry_upper_bound|geometry_normalized_severe|relative_0.5_r_fit
E,SODA-A,rotated_retinanet_psc,geometry_normalized_severe,relative_0.25_r_fit,relative,0.001094,larger_is_better_true_endpoint_with_persistent_row_tie_break,,0.01:HB=F:CP=F;0.025:HB=F:CP=F;0.05:HB=F:CP=F;0.1:HB=F:CP=F;0.2:HB=F:CP=F;0.3:HB=F:CP=F;0.4:HB=F:CP=F;0.5:HB=F:CP=F;0.6:HB=F:CP=F;0.7:HB=F:CP=F;0.8:HB=F:CP=F;0.9:HB=F:CP=F;1:HB=F:CP=F,0.01,False,0.000000,,,,0.000000,0.000000,0,0.01,False,0.000000,,False,target_gt_nonlinear_geometry_upper_bound,E|target_gt_nonlinear_geometry_upper_bound|geometry_normalized_severe|relative_0.25_r_fit
E,SODA-A,rotated_retinanet_psc,angle_error_gt_5deg,absolute_0.001,absolute,0.001000,larger_is_better_true_endpoint_with_persistent_row_tie_break,,0.01:HB=F:CP=F;0.025:HB=F:CP=F;0.05:HB=F:CP=F;0.1:HB=F:CP=F;0.2:HB=F:CP=F;0.3:HB=F:CP=F;0.4:HB=F:CP=F;0.5:HB=F:CP=F;0.6:HB=F:CP=F;0.7:HB=F:CP=F;0.8:HB=F:CP=F;0.9:HB=F:CP=F;1:HB=F:CP=F,0.01,False,0.000000,,,,0.000000,0.000000,0,0.01,False,0.000000,,False,detection_score,E|detection_score|angle_error_gt_5deg|absolute_0.001
E,SODA-A,rotated_retinanet_psc,angle_error_gt_5deg,absolute_0.0025,absolute,0.002500,larger_is_better_true_endpoint_with_persistent_row_tie_break,,0.01:HB=F:CP=F;0.025:HB=F:CP=F;0.05:HB=F:CP=F;0.1:HB=F:CP=F;0.2:HB=F:CP=F;0.3:HB=F:CP=F;0.4:HB=F:CP=F;0.5:HB=F:CP=F;0.6:HB=P:CP=P;0.7:HB=P:CP=P;0.8:HB=P:CP=P;0.9:HB=P:CP=P;1:HB=F:CP=F,0.01,False,0.000000,,,,0.000000,0.000000,0,0.01,False,0.000000,,False,detection_score,E|detection_score|angle_error_gt_5deg|absolute_0.0025
E,SODA-A,rotated_retinanet_psc,angle_error_gt_5deg,absolute_0.005,absolute,0.005000,larger_is_better_true_endpoint_with_persistent_row_tie_break,,0.01:HB=F:CP=F;0.025:HB=F:CP=F;0.05:HB=F:CP=F;0.1:HB=F:CP=F;0.2:HB=F:CP=F;0.3:HB=P:CP=P;0.4:HB=P:CP=P;0.5:HB=P:CP=P;0.6:HB=P:CP=P;0.7:HB=P:CP=P;0.8:HB=P:CP=P;0.9:HB=P:CP=P;1:HB=F:CP=F,0.01,False,0.000000,,,,0.000000,0.000000,0,0.01,False,0.000000,,False,detection_score,E|detection_score|angle_error_gt_5deg|absolute_0.005
E,SODA-A,rotated_retinanet_psc,angle_error_gt_5deg,absolute_0.01,absolute,0.010000,larger_is_better_true_endpoint_with_persistent_row_tie_break,,0.01:HB=F:CP=F;0.025:HB=F:CP=F;0.05:HB=F:CP=F;0.1:HB=F:CP=F;0.2:HB=P:CP=P;0.3:HB=P:CP=P;0.4:HB=P:CP=P;0.5:HB=P:CP=P;0.6:HB=P:CP=P;0.7:HB=P:CP=P;0.8:HB=P:CP=P;0.9:HB=P:CP=P;1:HB=F:CP=F,0.01,False,0.000000,,,,0.000000,0.000000,0,0.01,False,0.000000,,False,detection_score,E|detection_score|angle_error_gt_5deg|absolute_0.01
E,SODA-A,rotated_retinanet_psc,angle_error_gt_5deg,relative_0.5_r_fit,relative,0.046883,larger_is_better_true_endpoint_with_persistent_row_tie_break,,0.01:HB=F:CP=F;0.025:HB=F:CP=F;0.05:HB=P:CP=P;0.1:HB=P:CP=P;0.2:HB=P:CP=P;0.3:HB=P:CP=P;0.4:HB=P:CP=P;0.5:HB=P:CP=P;0.6:HB=P:CP=P;0.7:HB=P:CP=P;0.8:HB=P:CP=P;0.9:HB=P:CP=P;1:HB=F:CP=F,0.01,False,0.000000,,,,0.000000,0.000000,0,0.01,False,0.000000,,False,detection_score,E|detection_score|angle_error_gt_5deg|relative_0.5_r_fit
E,SODA-A,rotated_retinanet_psc,angle_error_gt_5deg,relative_0.25_r_fit,relative,0.023442,larger_is_better_true_endpoint_with_persistent_row_tie_break,,0.01:HB=F:CP=F;0.025:HB=F:CP=F;0.05:HB=F:CP=F;0.1:HB=P:CP=P;0.2:HB=P:CP=P;0.3:HB=P:CP=P;0.4:HB=P:CP=P;0.5:HB=P:CP=P;0.6:HB=P:CP=P;0.7:HB=P:CP=P;0.8:HB=P:CP=P;0.9:HB=P:CP=P;1:HB=F:CP=F,0.01,False,0.000000,,,,0.000000,0.000000,0,0.01,False,0.000000,,False,detection_score,E|detection_score|angle_error_gt_5deg|relative_0.25_r_fit
E,SODA-A,rotated_retinanet_psc,angle_error_gt_5deg,absolute_0.001,absolute,0.001000,larger_is_better_true_endpoint_with_persistent_row_tie_break,,0.01:HB=F:CP=F;0.025:HB=F:CP=F;0.05:HB=F:CP=F;0.1:HB=F:CP=F;0.2:HB=F:CP=F;0.3:HB=F:CP=F;0.4:HB=F:CP=F;0.5:HB=F:CP=F;0.6:HB=F:CP=F;0.7:HB=F:CP=F;0.8:HB=F:CP=F;0.9:HB=F:CP=F;1:HB=F:CP=F,0.01,False,0.000000,,,,0.000000,0.000000,0,0.01,False,0.000000,,False,tta_circular_consistency,E|tta_circular_consistency|angle_error_gt_5deg|absolute_0.001
E,SODA-A,rotated_retinanet_psc,angle_error_gt_5deg,absolute_0.0025,absolute,0.002500,larger_is_better_true_endpoint_with_persistent_row_tie_break,,0.01:HB=F:CP=F;0.025:HB=F:CP=F;0.05:HB=F:CP=F;0.1:HB=F:CP=F;0.2:HB=F:CP=F;0.3:HB=F:CP=F;0.4:HB=F:CP=F;0.5:HB=F:CP=F;0.6:HB=P:CP=P;0.7:HB=P:CP=P;0.8:HB=P:CP=P;0.9:HB=P:CP=P;1:HB=F:CP=F,0.01,False,0.000000,,,,0.000000,0.000000,0,0.01,False,0.000000,,False,tta_circular_consistency,E|tta_circular_consistency|angle_error_gt_5deg|absolute_0.0025
E,SODA-A,rotated_retinanet_psc,angle_error_gt_5deg,absolute_0.005,absolute,0.005000,larger_is_better_true_endpoint_with_persistent_row_tie_break,,0.01:HB=F:CP=F;0.025:HB=F:CP=F;0.05:HB=F:CP=F;0.1:HB=F:CP=F;0.2:HB=F:CP=F;0.3:HB=P:CP=P;0.4:HB=P:CP=P;0.5:HB=P:CP=P;0.6:HB=P:CP=P;0.7:HB=P:CP=P;0.8:HB=P:CP=P;0.9:HB=P:CP=P;1:HB=F:CP=F,0.01,False,0.000000,,,,0.000000,0.000000,0,0.01,False,0.000000,,False,tta_circular_consistency,E|tta_circular_consistency|angle_error_gt_5deg|absolute_0.005
E,SODA-A,rotated_retinanet_psc,angle_error_gt_5deg,absolute_0.01,absolute,0.010000,larger_is_better_true_endpoint_with_persistent_row_tie_break,,0.01:HB=F:CP=F;0.025:HB=F:CP=F;0.05:HB=F:CP=F;0.1:HB=F:CP=F;0.2:HB=P:CP=P;0.3:HB=P:CP=P;0.4:HB=P:CP=P;0.5:HB=P:CP=P;0.6:HB=P:CP=P;0.7:HB=P:CP=P;0.8:HB=P:CP=P;0.9:HB=P:CP=P;1:HB=F:CP=F,0.01,False,0.000000,,,,0.000000,0.000000,0,0.01,False,0.000000,,False,tta_circular_consistency,E|tta_circular_consistency|angle_error_gt_5deg|absolute_0.01
E,SODA-A,rotated_retinanet_psc,angle_error_gt_5deg,relative_0.5_r_fit,relative,0.046883,larger_is_better_true_endpoint_with_persistent_row_tie_break,,0.01:HB=F:CP=F;0.025:HB=F:CP=F;0.05:HB=P:CP=P;0.1:HB=P:CP=P;0.2:HB=P:CP=P;0.3:HB=P:CP=P;0.4:HB=P:CP=P;0.5:HB=P:CP=P;0.6:HB=P:CP=P;0.7:HB=P:CP=P;0.8:HB=P:CP=P;0.9:HB=P:CP=P;1:HB=F:CP=F,0.01,False,0.000000,,,,0.000000,0.000000,0,0.01,False,0.000000,,False,tta_circular_consistency,E|tta_circular_consistency|angle_error_gt_5deg|relative_0.5_r_fit
E,SODA-A,rotated_retinanet_psc,angle_error_gt_5deg,relative_0.25_r_fit,relative,0.023442,larger_is_better_true_endpoint_with_persistent_row_tie_break,,0.01:HB=F:CP=F;0.025:HB=F:CP=F;0.05:HB=F:CP=F;0.1:HB=P:CP=P;0.2:HB=P:CP=P;0.3:HB=P:CP=P;0.4:HB=P:CP=P;0.5:HB=P:CP=P;0.6:HB=P:CP=P;0.7:HB=P:CP=P;0.8:HB=P:CP=P;0.9:HB=P:CP=P;1:HB=F:CP=F,0.01,False,0.000000,,,,0.000000,0.000000,0,0.01,False,0.000000,,False,tta_circular_consistency,E|tta_circular_consistency|angle_error_gt_5deg|relative_0.25_r_fit
E,SODA-A,rotated_retinanet_psc,angle_error_gt_5deg,absolute_0.001,absolute,0.001000,larger_is_better_true_endpoint_with_persistent_row_tie_break,,0.01:HB=F:CP=F;0.025:HB=F:CP=F;0.05:HB=F:CP=F;0.1:HB=F:CP=F;0.2:HB=F:CP=F;0.3:HB=F:CP=F;0.4:HB=F:CP=F;0.5:HB=F:CP=F;0.6:HB=F:CP=F;0.7:HB=F:CP=F;0.8:HB=F:CP=F;0.9:HB=F:CP=F;1:HB=F:CP=F,0.01,False,0.000000,,,,0.000000,0.000000,0,0.01,False,0.000000,,False,source_supervised_leave_geometry,E|source_supervised_leave_geometry|angle_error_gt_5deg|absolute_0.001
E,SODA-A,rotated_retinanet_psc,angle_error_gt_5deg,absolute_0.0025,absolute,0.002500,larger_is_better_true_endpoint_with_persistent_row_tie_break,,0.01:HB=F:CP=F;0.025:HB=F:CP=F;0.05:HB=F:CP=F;0.1:HB=F:CP=F;0.2:HB=F:CP=F;0.3:HB=F:CP=F;0.4:HB=F:CP=F;0.5:HB=F:CP=F;0.6:HB=P:CP=P;0.7:HB=P:CP=P;0.8:HB=P:CP=P;0.9:HB=P:CP=P;1:HB=F:CP=F,0.01,False,0.000000,,,,0.000000,0.000000,0,0.01,False,0.000000,,False,source_supervised_leave_geometry,E|source_supervised_leave_geometry|angle_error_gt_5deg|absolute_0.0025
E,SODA-A,rotated_retinanet_psc,angle_error_gt_5deg,absolute_0.005,absolute,0.005000,larger_is_better_true_endpoint_with_persistent_row_tie_break,,0.01:HB=F:CP=F;0.025:HB=F:CP=F;0.05:HB=F:CP=F;0.1:HB=F:CP=F;0.2:HB=F:CP=F;0.3:HB=P:CP=P;0.4:HB=P:CP=P;0.5:HB=P:CP=P;0.6:HB=P:CP=P;0.7:HB=P:CP=P;0.8:HB=P:CP=P;0.9:HB=P:CP=P;1:HB=F:CP=F,0.01,False,0.000000,,,,0.000000,0.000000,0,0.01,False,0.000000,,False,source_supervised_leave_geometry,E|source_supervised_leave_geometry|angle_error_gt_5deg|absolute_0.005
E,SODA-A,rotated_retinanet_psc,angle_error_gt_5deg,absolute_0.01,absolute,0.010000,larger_is_better_true_endpoint_with_persistent_row_tie_break,,0.01:HB=F:CP=F;0.025:HB=F:CP=F;0.05:HB=F:CP=F;0.1:HB=F:CP=F;0.2:HB=P:CP=P;0.3:HB=P:CP=P;0.4:HB=P:CP=P;0.5:HB=P:CP=P;0.6:HB=P:CP=P;0.7:HB=P:CP=P;0.8:HB=P:CP=P;0.9:HB=P:CP=P;1:HB=F:CP=F,0.01,False,0.000000,,,,0.000000,0.000000,0,0.01,False,0.000000,,False,source_supervised_leave_geometry,E|source_supervised_leave_geometry|angle_error_gt_5deg|absolute_0.01
E,SODA-A,rotated_retinanet_psc,angle_error_gt_5deg,relative_0.5_r_fit,relative,0.046883,larger_is_better_true_endpoint_with_persistent_row_tie_break,,0.01:HB=F:CP=F;0.025:HB=F:CP=F;0.05:HB=P:CP=P;0.1:HB=P:CP=P;0.2:HB=P:CP=P;0.3:HB=P:CP=P;0.4:HB=P:CP=P;0.5:HB=P:CP=P;0.6:HB=P:CP=P;0.7:HB=P:CP=P;0.8:HB=P:CP=P;0.9:HB=P:CP=P;1:HB=F:CP=F,0.01,False,0.000000,,,,0.000000,0.000000,0,0.01,False,0.000000,,False,source_supervised_leave_geometry,E|source_supervised_leave_geometry|angle_error_gt_5deg|relative_0.5_r_fit
E,SODA-A,rotated_retinanet_psc,angle_error_gt_5deg,relative_0.25_r_fit,relative,0.023442,larger_is_better_true_endpoint_with_persistent_row_tie_break,,0.01:HB=F:CP=F;0.025:HB=F:CP=F;0.05:HB=F:CP=F;0.1:HB=P:CP=P;0.2:HB=P:CP=P;0.3:HB=P:CP=P;0.4:HB=P:CP=P;0.5:HB=P:CP=P;0.6:HB=P:CP=P;0.7:HB=P:CP=P;0.8:HB=P:CP=P;0.9:HB=P:CP=P;1:HB=F:CP=F,0.01,False,0.000000,,,,0.000000,0.000000,0,0.01,False,0.000000,,False,source_supervised_leave_geometry,E|source_supervised_leave_geometry|angle_error_gt_5deg|relative_0.25_r_fit
E,SODA-A,rotated_retinanet_psc,angle_error_gt_5deg,absolute_0.001,absolute,0.001000,larger_is_better_true_endpoint_with_persistent_row_tie_break,,0.01:HB=F:CP=F;0.025:HB=F:CP=F;0.05:HB=F:CP=F;0.1:HB=F:CP=F;0.2:HB=F:CP=F;0.3:HB=F:CP=F;0.4:HB=F:CP=F;0.5:HB=F:CP=F;0.6:HB=F:CP=F;0.7:HB=F:CP=F;0.8:HB=F:CP=F;0.9:HB=F:CP=F;1:HB=F:CP=F,0.01,False,0.000000,,,,0.000000,0.000000,0,0.01,False,0.000000,,False,target_gt_nonlinear_geometry_upper_bound,E|target_gt_nonlinear_geometry_upper_bound|angle_error_gt_5deg|absolute_0.001
E,SODA-A,rotated_retinanet_psc,angle_error_gt_5deg,absolute_0.0025,absolute,0.002500,larger_is_better_true_endpoint_with_persistent_row_tie_break,,0.01:HB=F:CP=F;0.025:HB=F:CP=F;0.05:HB=F:CP=F;0.1:HB=F:CP=F;0.2:HB=F:CP=F;0.3:HB=F:CP=F;0.4:HB=F:CP=F;0.5:HB=F:CP=F;0.6:HB=P:CP=P;0.7:HB=P:CP=P;0.8:HB=P:CP=P;0.9:HB=P:CP=P;1:HB=F:CP=F,0.01,False,0.000000,,,,0.000000,0.000000,0,0.01,False,0.000000,,False,target_gt_nonlinear_geometry_upper_bound,E|target_gt_nonlinear_geometry_upper_bound|angle_error_gt_5deg|absolute_0.0025
E,SODA-A,rotated_retinanet_psc,angle_error_gt_5deg,absolute_0.005,absolute,0.005000,larger_is_better_true_endpoint_with_persistent_row_tie_break,,0.01:HB=F:CP=F;0.025:HB=F:CP=F;0.05:HB=F:CP=F;0.1:HB=F:CP=F;0.2:HB=F:CP=F;0.3:HB=P:CP=P;0.4:HB=P:CP=P;0.5:HB=P:CP=P;0.6:HB=P:CP=P;0.7:HB=P:CP=P;0.8:HB=P:CP=P;0.9:HB=P:CP=P;1:HB=F:CP=F,0.01,False,0.000000,,,,0.000000,0.000000,0,0.01,False,0.000000,,False,target_gt_nonlinear_geometry_upper_bound,E|target_gt_nonlinear_geometry_upper_bound|angle_error_gt_5deg|absolute_0.005
E,SODA-A,rotated_retinanet_psc,angle_error_gt_5deg,absolute_0.01,absolute,0.010000,larger_is_better_true_endpoint_with_persistent_row_tie_break,,0.01:HB=F:CP=F;0.025:HB=F:CP=F;0.05:HB=F:CP=F;0.1:HB=F:CP=F;0.2:HB=P:CP=P;0.3:HB=P:CP=P;0.4:HB=P:CP=P;0.5:HB=P:CP=P;0.6:HB=P:CP=P;0.7:HB=P:CP=P;0.8:HB=P:CP=P;0.9:HB=P:CP=P;1:HB=F:CP=F,0.01,False,0.000000,,,,0.000000,0.000000,0,0.01,False,0.000000,,False,target_gt_nonlinear_geometry_upper_bound,E|target_gt_nonlinear_geometry_upper_bound|angle_error_gt_5deg|absolute_0.01
E,SODA-A,rotated_retinanet_psc,angle_error_gt_5deg,relative_0.5_r_fit,relative,0.046883,larger_is_better_true_endpoint_with_persistent_row_tie_break,,0.01:HB=F:CP=F;0.025:HB=F:CP=F;0.05:HB=P:CP=P;0.1:HB=P:CP=P;0.2:HB=P:CP=P;0.3:HB=P:CP=P;0.4:HB=P:CP=P;0.5:HB=P:CP=P;0.6:HB=P:CP=P;0.7:HB=P:CP=P;0.8:HB=P:CP=P;0.9:HB=P:CP=P;1:HB=F:CP=F,0.01,False,0.000000,,,,0.000000,0.000000,0,0.01,False,0.000000,,False,target_gt_nonlinear_geometry_upper_bound,E|target_gt_nonlinear_geometry_upper_bound|angle_error_gt_5deg|relative_0.5_r_fit
E,SODA-A,rotated_retinanet_psc,angle_error_gt_5deg,relative_0.25_r_fit,relative,0.023442,larger_is_better_true_endpoint_with_persistent_row_tie_break,,0.01:HB=F:CP=F;0.025:HB=F:CP=F;0.05:HB=F:CP=F;0.1:HB=P:CP=P;0.2:HB=P:CP=P;0.3:HB=P:CP=P;0.4:HB=P:CP=P;0.5:HB=P:CP=P;0.6:HB=P:CP=P;0.7:HB=P:CP=P;0.8:HB=P:CP=P;0.9:HB=P:CP=P;1:HB=F:CP=F,0.01,False,0.000000,,,,0.000000,0.000000,0,0.01,False,0.000000,,False,target_gt_nonlinear_geometry_upper_bound,E|target_gt_nonlinear_geometry_upper_bound|angle_error_gt_5deg|relative_0.25_r_fit
E,SODA-A,rotated_retinanet_psc,angle_error_gt_10deg,absolute_0.001,absolute,0.001000,larger_is_better_true_endpoint_with_persistent_row_tie_break,,0.01:HB=F:CP=F;0.025:HB=F:CP=F;0.05:HB=F:CP=F;0.1:HB=F:CP=F;0.2:HB=F:CP=F;0.3:HB=F:CP=F;0.4:HB=F:CP=F;0.5:HB=F:CP=F;0.6:HB=F:CP=F;0.7:HB=F:CP=F;0.8:HB=F:CP=F;0.9:HB=F:CP=F;1:HB=F:CP=F,0.01,False,0.000000,,,,0.000000,0.000000,0,0.01,False,0.000000,,False,detection_score,E|detection_score|angle_error_gt_10deg|absolute_0.001
E,SODA-A,rotated_retinanet_psc,angle_error_gt_10deg,absolute_0.0025,absolute,0.002500,larger_is_better_true_endpoint_with_persistent_row_tie_break,,0.01:HB=F:CP=F;0.025:HB=F:CP=F;0.05:HB=F:CP=F;0.1:HB=F:CP=F;0.2:HB=F:CP=F;0.3:HB=F:CP=F;0.4:HB=F:CP=F;0.5:HB=F:CP=F;0.6:HB=P:CP=P;0.7:HB=P:CP=P;0.8:HB=P:CP=P;0.9:HB=P:CP=P;1:HB=F:CP=F,0.01,False,0.000000,,,,0.000000,0.000000,0,0.01,False,0.000000,,False,detection_score,E|detection_score|angle_error_gt_10deg|absolute_0.0025
E,SODA-A,rotated_retinanet_psc,angle_error_gt_10deg,absolute_0.005,absolute,0.005000,larger_is_better_true_endpoint_with_persistent_row_tie_break,,0.01:HB=F:CP=F;0.025:HB=F:CP=F;0.05:HB=F:CP=F;0.1:HB=F:CP=F;0.2:HB=F:CP=F;0.3:HB=F:CP=F;0.4:HB=P:CP=P;0.5:HB=P:CP=P;0.6:HB=P:CP=P;0.7:HB=P:CP=P;0.8:HB=P:CP=P;0.9:HB=P:CP=P;1:HB=F:CP=F,0.01,False,0.000000,,,,0.000000,0.000000,0,0.01,False,0.000000,,False,detection_score,E|detection_score|angle_error_gt_10deg|absolute_0.005
E,SODA-A,rotated_retinanet_psc,angle_error_gt_10deg,absolute_0.01,absolute,0.010000,larger_is_better_true_endpoint_with_persistent_row_tie_break,,0.01:HB=F:CP=F;0.025:HB=F:CP=F;0.05:HB=F:CP=F;0.1:HB=F:CP=F;0.2:HB=P:CP=P;0.3:HB=P:CP=P;0.4:HB=P:CP=P;0.5:HB=P:CP=P;0.6:HB=P:CP=P;0.7:HB=P:CP=P;0.8:HB=P:CP=P;0.9:HB=P:CP=P;1:HB=F:CP=F,0.01,False,0.000000,,,,0.000000,0.000000,0,0.01,False,0.000000,,False,detection_score,E|detection_score|angle_error_gt_10deg|absolute_0.01
E,SODA-A,rotated_retinanet_psc,angle_error_gt_10deg,relative_0.5_r_fit,relative,0.006752,larger_is_better_true_endpoint_with_persistent_row_tie_break,,0.01:HB=F:CP=F;0.025:HB=F:CP=F;0.05:HB=F:CP=F;0.1:HB=F:CP=F;0.2:HB=F:CP=F;0.3:HB=P:CP=P;0.4:HB=P:CP=P;0.5:HB=P:CP=P;0.6:HB=P:CP=P;0.7:HB=P:CP=P;0.8:HB=P:CP=P;0.9:HB=P:CP=P;1:HB=F:CP=F,0.01,False,0.000000,,,,0.000000,0.000000,0,0.01,False,0.000000,,False,detection_score,E|detection_score|angle_error_gt_10deg|relative_0.5_r_fit
E,SODA-A,rotated_retinanet_psc,angle_error_gt_10deg,relative_0.25_r_fit,relative,0.003376,larger_is_better_true_endpoint_with_persistent_row_tie_break,,0.01:HB=F:CP=F;0.025:HB=F:CP=F;0.05:HB=F:CP=F;0.1:HB=F:CP=F;0.2:HB=F:CP=F;0.3:HB=F:CP=F;0.4:HB=F:CP=F;0.5:HB=P:CP=P;0.6:HB=P:CP=P;0.7:HB=P:CP=P;0.8:HB=P:CP=P;0.9:HB=P:CP=P;1:HB=F:CP=F,0.01,False,0.000000,,,,0.000000,0.000000,0,0.01,False,0.000000,,False,detection_score,E|detection_score|angle_error_gt_10deg|relative_0.25_r_fit
E,SODA-A,rotated_retinanet_psc,angle_error_gt_10deg,absolute_0.001,absolute,0.001000,larger_is_better_true_endpoint_with_persistent_row_tie_break,,0.01:HB=F:CP=F;0.025:HB=F:CP=F;0.05:HB=F:CP=F;0.1:HB=F:CP=F;0.2:HB=F:CP=F;0.3:HB=F:CP=F;0.4:HB=F:CP=F;0.5:HB=F:CP=F;0.6:HB=F:CP=F;0.7:HB=F:CP=F;0.8:HB=F:CP=F;0.9:HB=F:CP=F;1:HB=F:CP=F,0.01,False,0.000000,,,,0.000000,0.000000,0,0.01,False,0.000000,,False,tta_circular_consistency,E|tta_circular_consistency|angle_error_gt_10deg|absolute_0.001
E,SODA-A,rotated_retinanet_psc,angle_error_gt_10deg,absolute_0.0025,absolute,0.002500,larger_is_better_true_endpoint_with_persistent_row_tie_break,,0.01:HB=F:CP=F;0.025:HB=F:CP=F;0.05:HB=F:CP=F;0.1:HB=F:CP=F;0.2:HB=F:CP=F;0.3:HB=F:CP=F;0.4:HB=F:CP=F;0.5:HB=F:CP=F;0.6:HB=P:CP=P;0.7:HB=P:CP=P;0.8:HB=P:CP=P;0.9:HB=P:CP=P;1:HB=F:CP=F,0.01,False,0.000000,,,,0.000000,0.000000,0,0.01,False,0.000000,,False,tta_circular_consistency,E|tta_circular_consistency|angle_error_gt_10deg|absolute_0.0025
E,SODA-A,rotated_retinanet_psc,angle_error_gt_10deg,absolute_0.005,absolute,0.005000,larger_is_better_true_endpoint_with_persistent_row_tie_break,,0.01:HB=F:CP=F;0.025:HB=F:CP=F;0.05:HB=F:CP=F;0.1:HB=F:CP=F;0.2:HB=F:CP=F;0.3:HB=F:CP=F;0.4:HB=P:CP=P;0.5:HB=P:CP=P;0.6:HB=P:CP=P;0.7:HB=P:CP=P;0.8:HB=P:CP=P;0.9:HB=P:CP=P;1:HB=F:CP=F,0.01,False,0.000000,,,,0.000000,0.000000,0,0.01,False,0.000000,,False,tta_circular_consistency,E|tta_circular_consistency|angle_error_gt_10deg|absolute_0.005
E,SODA-A,rotated_retinanet_psc,angle_error_gt_10deg,absolute_0.01,absolute,0.010000,larger_is_better_true_endpoint_with_persistent_row_tie_break,,0.01:HB=F:CP=F;0.025:HB=F:CP=F;0.05:HB=F:CP=F;0.1:HB=F:CP=F;0.2:HB=P:CP=P;0.3:HB=P:CP=P;0.4:HB=P:CP=P;0.5:HB=P:CP=P;0.6:HB=P:CP=P;0.7:HB=P:CP=P;0.8:HB=P:CP=P;0.9:HB=P:CP=P;1:HB=F:CP=F,0.01,False,0.000000,,,,0.000000,0.000000,0,0.01,False,0.000000,,False,tta_circular_consistency,E|tta_circular_consistency|angle_error_gt_10deg|absolute_0.01
E,SODA-A,rotated_retinanet_psc,angle_error_gt_10deg,relative_0.5_r_fit,relative,0.006752,larger_is_better_true_endpoint_with_persistent_row_tie_break,,0.01:HB=F:CP=F;0.025:HB=F:CP=F;0.05:HB=F:CP=F;0.1:HB=F:CP=F;0.2:HB=F:CP=F;0.3:HB=P:CP=P;0.4:HB=P:CP=P;0.5:HB=P:CP=P;0.6:HB=P:CP=P;0.7:HB=P:CP=P;0.8:HB=P:CP=P;0.9:HB=P:CP=P;1:HB=F:CP=F,0.01,False,0.000000,,,,0.000000,0.000000,0,0.01,False,0.000000,,False,tta_circular_consistency,E|tta_circular_consistency|angle_error_gt_10deg|relative_0.5_r_fit
E,SODA-A,rotated_retinanet_psc,angle_error_gt_10deg,relative_0.25_r_fit,relative,0.003376,larger_is_better_true_endpoint_with_persistent_row_tie_break,,0.01:HB=F:CP=F;0.025:HB=F:CP=F;0.05:HB=F:CP=F;0.1:HB=F:CP=F;0.2:HB=F:CP=F;0.3:HB=F:CP=F;0.4:HB=F:CP=F;0.5:HB=P:CP=P;0.6:HB=P:CP=P;0.7:HB=P:CP=P;0.8:HB=P:CP=P;0.9:HB=P:CP=P;1:HB=F:CP=F,0.01,False,0.000000,,,,0.000000,0.000000,0,0.01,False,0.000000,,False,tta_circular_consistency,E|tta_circular_consistency|angle_error_gt_10deg|relative_0.25_r_fit
E,SODA-A,rotated_retinanet_psc,angle_error_gt_10deg,absolute_0.001,absolute,0.001000,larger_is_better_true_endpoint_with_persistent_row_tie_break,,0.01:HB=F:CP=F;0.025:HB=F:CP=F;0.05:HB=F:CP=F;0.1:HB=F:CP=F;0.2:HB=F:CP=F;0.3:HB=F:CP=F;0.4:HB=F:CP=F;0.5:HB=F:CP=F;0.6:HB=F:CP=F;0.7:HB=F:CP=F;0.8:HB=F:CP=F;0.9:HB=F:CP=F;1:HB=F:CP=F,0.01,False,0.000000,,,,0.000000,0.000000,0,0.01,False,0.000000,,False,source_supervised_leave_geometry,E|source_supervised_leave_geometry|angle_error_gt_10deg|absolute_0.001
E,SODA-A,rotated_retinanet_psc,angle_error_gt_10deg,absolute_0.0025,absolute,0.002500,larger_is_better_true_endpoint_with_persistent_row_tie_break,,0.01:HB=F:CP=F;0.025:HB=F:CP=F;0.05:HB=F:CP=F;0.1:HB=F:CP=F;0.2:HB=F:CP=F;0.3:HB=F:CP=F;0.4:HB=F:CP=F;0.5:HB=F:CP=F;0.6:HB=P:CP=P;0.7:HB=P:CP=P;0.8:HB=P:CP=P;0.9:HB=P:CP=P;1:HB=F:CP=F,0.01,False,0.000000,,,,0.000000,0.000000,0,0.01,False,0.000000,,False,source_supervised_leave_geometry,E|source_supervised_leave_geometry|angle_error_gt_10deg|absolute_0.0025
E,SODA-A,rotated_retinanet_psc,angle_error_gt_10deg,absolute_0.005,absolute,0.005000,larger_is_better_true_endpoint_with_persistent_row_tie_break,,0.01:HB=F:CP=F;0.025:HB=F:CP=F;0.05:HB=F:CP=F;0.1:HB=F:CP=F;0.2:HB=F:CP=F;0.3:HB=F:CP=F;0.4:HB=P:CP=P;0.5:HB=P:CP=P;0.6:HB=P:CP=P;0.7:HB=P:CP=P;0.8:HB=P:CP=P;0.9:HB=P:CP=P;1:HB=F:CP=F,0.01,False,0.000000,,,,0.000000,0.000000,0,0.01,False,0.000000,,False,source_supervised_leave_geometry,E|source_supervised_leave_geometry|angle_error_gt_10deg|absolute_0.005
E,SODA-A,rotated_retinanet_psc,angle_error_gt_10deg,absolute_0.01,absolute,0.010000,larger_is_better_true_endpoint_with_persistent_row_tie_break,,0.01:HB=F:CP=F;0.025:HB=F:CP=F;0.05:HB=F:CP=F;0.1:HB=F:CP=F;0.2:HB=P:CP=P;0.3:HB=P:CP=P;0.4:HB=P:CP=P;0.5:HB=P:CP=P;0.6:HB=P:CP=P;0.7:HB=P:CP=P;0.8:HB=P:CP=P;0.9:HB=P:CP=P;1:HB=F:CP=F,0.01,False,0.000000,,,,0.000000,0.000000,0,0.01,False,0.000000,,False,source_supervised_leave_geometry,E|source_supervised_leave_geometry|angle_error_gt_10deg|absolute_0.01
E,SODA-A,rotated_retinanet_psc,angle_error_gt_10deg,relative_0.5_r_fit,relative,0.006752,larger_is_better_true_endpoint_with_persistent_row_tie_break,,0.01:HB=F:CP=F;0.025:HB=F:CP=F;0.05:HB=F:CP=F;0.1:HB=F:CP=F;0.2:HB=F:CP=F;0.3:HB=P:CP=P;0.4:HB=P:CP=P;0.5:HB=P:CP=P;0.6:HB=P:CP=P;0.7:HB=P:CP=P;0.8:HB=P:CP=P;0.9:HB=P:CP=P;1:HB=F:CP=F,0.01,False,0.000000,,,,0.000000,0.000000,0,0.01,False,0.000000,,False,source_supervised_leave_geometry,E|source_supervised_leave_geometry|angle_error_gt_10deg|relative_0.5_r_fit
E,SODA-A,rotated_retinanet_psc,angle_error_gt_10deg,relative_0.25_r_fit,relative,0.003376,larger_is_better_true_endpoint_with_persistent_row_tie_break,,0.01:HB=F:CP=F;0.025:HB=F:CP=F;0.05:HB=F:CP=F;0.1:HB=F:CP=F;0.2:HB=F:CP=F;0.3:HB=F:CP=F;0.4:HB=F:CP=F;0.5:HB=P:CP=P;0.6:HB=P:CP=P;0.7:HB=P:CP=P;0.8:HB=P:CP=P;0.9:HB=P:CP=P;1:HB=F:CP=F,0.01,False,0.000000,,,,0.000000,0.000000,0,0.01,False,0.000000,,False,source_supervised_leave_geometry,E|source_supervised_leave_geometry|angle_error_gt_10deg|relative_0.25_r_fit
E,SODA-A,rotated_retinanet_psc,angle_error_gt_10deg,absolute_0.001,absolute,0.001000,larger_is_better_true_endpoint_with_persistent_row_tie_break,,0.01:HB=F:CP=F;0.025:HB=F:CP=F;0.05:HB=F:CP=F;0.1:HB=F:CP=F;0.2:HB=F:CP=F;0.3:HB=F:CP=F;0.4:HB=F:CP=F;0.5:HB=F:CP=F;0.6:HB=F:CP=F;0.7:HB=F:CP=F;0.8:HB=F:CP=F;0.9:HB=F:CP=F;1:HB=F:CP=F,0.01,False,0.000000,,,,0.000000,0.000000,0,0.01,False,0.000000,,False,target_gt_nonlinear_geometry_upper_bound,E|target_gt_nonlinear_geometry_upper_bound|angle_error_gt_10deg|absolute_0.001
E,SODA-A,rotated_retinanet_psc,angle_error_gt_10deg,absolute_0.0025,absolute,0.002500,larger_is_better_true_endpoint_with_persistent_row_tie_break,,0.01:HB=F:CP=F;0.025:HB=F:CP=F;0.05:HB=F:CP=F;0.1:HB=F:CP=F;0.2:HB=F:CP=F;0.3:HB=F:CP=F;0.4:HB=F:CP=F;0.5:HB=F:CP=F;0.6:HB=P:CP=P;0.7:HB=P:CP=P;0.8:HB=P:CP=P;0.9:HB=P:CP=P;1:HB=F:CP=F,0.01,False,0.000000,,,,0.000000,0.000000,0,0.01,False,0.000000,,False,target_gt_nonlinear_geometry_upper_bound,E|target_gt_nonlinear_geometry_upper_bound|angle_error_gt_10deg|absolute_0.0025
E,SODA-A,rotated_retinanet_psc,angle_error_gt_10deg,absolute_0.005,absolute,0.005000,larger_is_better_true_endpoint_with_persistent_row_tie_break,,0.01:HB=F:CP=F;0.025:HB=F:CP=F;0.05:HB=F:CP=F;0.1:HB=F:CP=F;0.2:HB=F:CP=F;0.3:HB=F:CP=F;0.4:HB=P:CP=P;0.5:HB=P:CP=P;0.6:HB=P:CP=P;0.7:HB=P:CP=P;0.8:HB=P:CP=P;0.9:HB=P:CP=P;1:HB=F:CP=F,0.01,False,0.000000,,,,0.000000,0.000000,0,0.01,False,0.000000,,False,target_gt_nonlinear_geometry_upper_bound,E|target_gt_nonlinear_geometry_upper_bound|angle_error_gt_10deg|absolute_0.005
E,SODA-A,rotated_retinanet_psc,angle_error_gt_10deg,absolute_0.01,absolute,0.010000,larger_is_better_true_endpoint_with_persistent_row_tie_break,,0.01:HB=F:CP=F;0.025:HB=F:CP=F;0.05:HB=F:CP=F;0.1:HB=F:CP=F;0.2:HB=P:CP=P;0.3:HB=P:CP=P;0.4:HB=P:CP=P;0.5:HB=P:CP=P;0.6:HB=P:CP=P;0.7:HB=P:CP=P;0.8:HB=P:CP=P;0.9:HB=P:CP=P;1:HB=F:CP=F,0.01,False,0.000000,,,,0.000000,0.000000,0,0.01,False,0.000000,,False,target_gt_nonlinear_geometry_upper_bound,E|target_gt_nonlinear_geometry_upper_bound|angle_error_gt_10deg|absolute_0.01
E,SODA-A,rotated_retinanet_psc,angle_error_gt_10deg,relative_0.5_r_fit,relative,0.006752,larger_is_better_true_endpoint_with_persistent_row_tie_break,,0.01:HB=F:CP=F;0.025:HB=F:CP=F;0.05:HB=F:CP=F;0.1:HB=F:CP=F;0.2:HB=F:CP=F;0.3:HB=P:CP=P;0.4:HB=P:CP=P;0.5:HB=P:CP=P;0.6:HB=P:CP=P;0.7:HB=P:CP=P;0.8:HB=P:CP=P;0.9:HB=P:CP=P;1:HB=F:CP=F,0.01,False,0.000000,,,,0.000000,0.000000,0,0.01,False,0.000000,,False,target_gt_nonlinear_geometry_upper_bound,E|target_gt_nonlinear_geometry_upper_bound|angle_error_gt_10deg|relative_0.5_r_fit
E,SODA-A,rotated_retinanet_psc,angle_error_gt_10deg,relative_0.25_r_fit,relative,0.003376,larger_is_better_true_endpoint_with_persistent_row_tie_break,,0.01:HB=F:CP=F;0.025:HB=F:CP=F;0.05:HB=F:CP=F;0.1:HB=F:CP=F;0.2:HB=F:CP=F;0.3:HB=F:CP=F;0.4:HB=F:CP=F;0.5:HB=P:CP=P;0.6:HB=P:CP=P;0.7:HB=P:CP=P;0.8:HB=P:CP=P;0.9:HB=P:CP=P;1:HB=F:CP=F,0.01,False,0.000000,,,,0.000000,0.000000,0,0.01,False,0.000000,,False,target_gt_nonlinear_geometry_upper_bound,E|target_gt_nonlinear_geometry_upper_bound|angle_error_gt_10deg|relative_0.25_r_fit
E,SODA-A,rotated_retinanet_psc,angle_error_gt_15deg,absolute_0.001,absolute,0.001000,larger_is_better_true_endpoint_with_persistent_row_tie_break,,0.01:HB=F:CP=F;0.025:HB=F:CP=F;0.05:HB=F:CP=F;0.1:HB=F:CP=F;0.2:HB=F:CP=F;0.3:HB=F:CP=F;0.4:HB=F:CP=F;0.5:HB=F:CP=F;0.6:HB=F:CP=F;0.7:HB=F:CP=F;0.8:HB=F:CP=F;0.9:HB=F:CP=F;1:HB=F:CP=F,0.01,False,0.000000,,,,0.000000,0.000000,0,0.01,False,0.000000,,False,detection_score,E|detection_score|angle_error_gt_15deg|absolute_0.001
E,SODA-A,rotated_retinanet_psc,angle_error_gt_15deg,absolute_0.0025,absolute,0.002500,larger_is_better_true_endpoint_with_persistent_row_tie_break,,0.01:HB=F:CP=F;0.025:HB=F:CP=F;0.05:HB=F:CP=F;0.1:HB=F:CP=F;0.2:HB=F:CP=F;0.3:HB=F:CP=F;0.4:HB=F:CP=F;0.5:HB=F:CP=F;0.6:HB=P:CP=P;0.7:HB=P:CP=P;0.8:HB=P:CP=P;0.9:HB=P:CP=P;1:HB=F:CP=F,0.01,False,0.000000,,,,0.000000,0.000000,0,0.01,False,0.000000,,False,detection_score,E|detection_score|angle_error_gt_15deg|absolute_0.0025
E,SODA-A,rotated_retinanet_psc,angle_error_gt_15deg,absolute_0.005,absolute,0.005000,larger_is_better_true_endpoint_with_persistent_row_tie_break,,0.01:HB=F:CP=F;0.025:HB=F:CP=F;0.05:HB=F:CP=F;0.1:HB=F:CP=F;0.2:HB=F:CP=F;0.3:HB=F:CP=F;0.4:HB=P:CP=P;0.5:HB=P:CP=P;0.6:HB=P:CP=P;0.7:HB=P:CP=P;0.8:HB=P:CP=P;0.9:HB=P:CP=P;1:HB=F:CP=F,0.01,False,0.000000,,,,0.000000,0.000000,0,0.01,False,0.000000,,False,detection_score,E|detection_score|angle_error_gt_15deg|absolute_0.005
E,SODA-A,rotated_retinanet_psc,angle_error_gt_15deg,absolute_0.01,absolute,0.010000,larger_is_better_true_endpoint_with_persistent_row_tie_break,,0.01:HB=F:CP=F;0.025:HB=F:CP=F;0.05:HB=F:CP=F;0.1:HB=F:CP=F;0.2:HB=P:CP=P;0.3:HB=P:CP=P;0.4:HB=P:CP=P;0.5:HB=P:CP=P;0.6:HB=P:CP=P;0.7:HB=P:CP=P;0.8:HB=P:CP=P;0.9:HB=P:CP=P;1:HB=P:CP=F,0.01,False,0.000000,,,,0.000000,0.000000,0,0.01,False,0.000000,,False,detection_score,E|detection_score|angle_error_gt_15deg|absolute_0.01
E,SODA-A,rotated_retinanet_psc,angle_error_gt_15deg,relative_0.5_r_fit,relative,0.001466,larger_is_better_true_endpoint_with_persistent_row_tie_break,,0.01:HB=F:CP=F;0.025:HB=F:CP=F;0.05:HB=F:CP=F;0.1:HB=F:CP=F;0.2:HB=F:CP=F;0.3:HB=F:CP=F;0.4:HB=F:CP=F;0.5:HB=F:CP=F;0.6:HB=F:CP=F;0.7:HB=F:CP=F;0.8:HB=F:CP=F;0.9:HB=P:CP=P;1:HB=F:CP=F,0.01,False,0.000000,,,,0.000000,0.000000,0,0.01,False,0.000000,,False,detection_score,E|detection_score|angle_error_gt_15deg|relative_0.5_r_fit
E,SODA-A,rotated_retinanet_psc,angle_error_gt_15deg,relative_0.25_r_fit,relative,0.000733,larger_is_better_true_endpoint_with_persistent_row_tie_break,,0.01:HB=F:CP=F;0.025:HB=F:CP=F;0.05:HB=F:CP=F;0.1:HB=F:CP=F;0.2:HB=F:CP=F;0.3:HB=F:CP=F;0.4:HB=F:CP=F;0.5:HB=F:CP=F;0.6:HB=F:CP=F;0.7:HB=F:CP=F;0.8:HB=F:CP=F;0.9:HB=F:CP=F;1:HB=F:CP=F,0.01,False,0.000000,,,,0.000000,0.000000,0,0.01,False,0.000000,,False,detection_score,E|detection_score|angle_error_gt_15deg|relative_0.25_r_fit
E,SODA-A,rotated_retinanet_psc,angle_error_gt_15deg,absolute_0.001,absolute,0.001000,larger_is_better_true_endpoint_with_persistent_row_tie_break,,0.01:HB=F:CP=F;0.025:HB=F:CP=F;0.05:HB=F:CP=F;0.1:HB=F:CP=F;0.2:HB=F:CP=F;0.3:HB=F:CP=F;0.4:HB=F:CP=F;0.5:HB=F:CP=F;0.6:HB=F:CP=F;0.7:HB=F:CP=F;0.8:HB=F:CP=F;0.9:HB=F:CP=F;1:HB=F:CP=F,0.01,False,0.000000,,,,0.000000,0.000000,0,0.01,False,0.000000,,False,tta_circular_consistency,E|tta_circular_consistency|angle_error_gt_15deg|absolute_0.001
E,SODA-A,rotated_retinanet_psc,angle_error_gt_15deg,absolute_0.0025,absolute,0.002500,larger_is_better_true_endpoint_with_persistent_row_tie_break,,0.01:HB=F:CP=F;0.025:HB=F:CP=F;0.05:HB=F:CP=F;0.1:HB=F:CP=F;0.2:HB=F:CP=F;0.3:HB=F:CP=F;0.4:HB=F:CP=F;0.5:HB=F:CP=F;0.6:HB=P:CP=P;0.7:HB=P:CP=P;0.8:HB=P:CP=P;0.9:HB=P:CP=P;1:HB=F:CP=F,0.01,False,0.000000,,,,0.000000,0.000000,0,0.01,False,0.000000,,False,tta_circular_consistency,E|tta_circular_consistency|angle_error_gt_15deg|absolute_0.0025
E,SODA-A,rotated_retinanet_psc,angle_error_gt_15deg,absolute_0.005,absolute,0.005000,larger_is_better_true_endpoint_with_persistent_row_tie_break,,0.01:HB=F:CP=F;0.025:HB=F:CP=F;0.05:HB=F:CP=F;0.1:HB=F:CP=F;0.2:HB=F:CP=F;0.3:HB=F:CP=F;0.4:HB=P:CP=P;0.5:HB=P:CP=P;0.6:HB=P:CP=P;0.7:HB=P:CP=P;0.8:HB=P:CP=P;0.9:HB=P:CP=P;1:HB=F:CP=F,0.01,False,0.000000,,,,0.000000,0.000000,0,0.01,False,0.000000,,False,tta_circular_consistency,E|tta_circular_consistency|angle_error_gt_15deg|absolute_0.005
E,SODA-A,rotated_retinanet_psc,angle_error_gt_15deg,absolute_0.01,absolute,0.010000,larger_is_better_true_endpoint_with_persistent_row_tie_break,,0.01:HB=F:CP=F;0.025:HB=F:CP=F;0.05:HB=F:CP=F;0.1:HB=F:CP=F;0.2:HB=P:CP=P;0.3:HB=P:CP=P;0.4:HB=P:CP=P;0.5:HB=P:CP=P;0.6:HB=P:CP=P;0.7:HB=P:CP=P;0.8:HB=P:CP=P;0.9:HB=P:CP=P;1:HB=P:CP=F,0.01,False,0.000000,,,,0.000000,0.000000,0,0.01,False,0.000000,,False,tta_circular_consistency,E|tta_circular_consistency|angle_error_gt_15deg|absolute_0.01
E,SODA-A,rotated_retinanet_psc,angle_error_gt_15deg,relative_0.5_r_fit,relative,0.001466,larger_is_better_true_endpoint_with_persistent_row_tie_break,,0.01:HB=F:CP=F;0.025:HB=F:CP=F;0.05:HB=F:CP=F;0.1:HB=F:CP=F;0.2:HB=F:CP=F;0.3:HB=F:CP=F;0.4:HB=F:CP=F;0.5:HB=F:CP=F;0.6:HB=F:CP=F;0.7:HB=F:CP=F;0.8:HB=F:CP=F;0.9:HB=P:CP=P;1:HB=F:CP=F,0.01,False,0.000000,,,,0.000000,0.000000,0,0.01,False,0.000000,,False,tta_circular_consistency,E|tta_circular_consistency|angle_error_gt_15deg|relative_0.5_r_fit
E,SODA-A,rotated_retinanet_psc,angle_error_gt_15deg,relative_0.25_r_fit,relative,0.000733,larger_is_better_true_endpoint_with_persistent_row_tie_break,,0.01:HB=F:CP=F;0.025:HB=F:CP=F;0.05:HB=F:CP=F;0.1:HB=F:CP=F;0.2:HB=F:CP=F;0.3:HB=F:CP=F;0.4:HB=F:CP=F;0.5:HB=F:CP=F;0.6:HB=F:CP=F;0.7:HB=F:CP=F;0.8:HB=F:CP=F;0.9:HB=F:CP=F;1:HB=F:CP=F,0.01,False,0.000000,,,,0.000000,0.000000,0,0.01,False,0.000000,,False,tta_circular_consistency,E|tta_circular_consistency|angle_error_gt_15deg|relative_0.25_r_fit
E,SODA-A,rotated_retinanet_psc,angle_error_gt_15deg,absolute_0.001,absolute,0.001000,larger_is_better_true_endpoint_with_persistent_row_tie_break,,0.01:HB=F:CP=F;0.025:HB=F:CP=F;0.05:HB=F:CP=F;0.1:HB=F:CP=F;0.2:HB=F:CP=F;0.3:HB=F:CP=F;0.4:HB=F:CP=F;0.5:HB=F:CP=F;0.6:HB=F:CP=F;0.7:HB=F:CP=F;0.8:HB=F:CP=F;0.9:HB=F:CP=F;1:HB=F:CP=F,0.01,False,0.000000,,,,0.000000,0.000000,0,0.01,False,0.000000,,False,source_supervised_leave_geometry,E|source_supervised_leave_geometry|angle_error_gt_15deg|absolute_0.001
E,SODA-A,rotated_retinanet_psc,angle_error_gt_15deg,absolute_0.0025,absolute,0.002500,larger_is_better_true_endpoint_with_persistent_row_tie_break,,0.01:HB=F:CP=F;0.025:HB=F:CP=F;0.05:HB=F:CP=F;0.1:HB=F:CP=F;0.2:HB=F:CP=F;0.3:HB=F:CP=F;0.4:HB=F:CP=F;0.5:HB=F:CP=F;0.6:HB=P:CP=P;0.7:HB=P:CP=P;0.8:HB=P:CP=P;0.9:HB=P:CP=P;1:HB=F:CP=F,0.01,False,0.000000,,,,0.000000,0.000000,0,0.01,False,0.000000,,False,source_supervised_leave_geometry,E|source_supervised_leave_geometry|angle_error_gt_15deg|absolute_0.0025
E,SODA-A,rotated_retinanet_psc,angle_error_gt_15deg,absolute_0.005,absolute,0.005000,larger_is_better_true_endpoint_with_persistent_row_tie_break,,0.01:HB=F:CP=F;0.025:HB=F:CP=F;0.05:HB=F:CP=F;0.1:HB=F:CP=F;0.2:HB=F:CP=F;0.3:HB=F:CP=F;0.4:HB=P:CP=P;0.5:HB=P:CP=P;0.6:HB=P:CP=P;0.7:HB=P:CP=P;0.8:HB=P:CP=P;0.9:HB=P:CP=P;1:HB=F:CP=F,0.01,False,0.000000,,,,0.000000,0.000000,0,0.01,False,0.000000,,False,source_supervised_leave_geometry,E|source_supervised_leave_geometry|angle_error_gt_15deg|absolute_0.005
E,SODA-A,rotated_retinanet_psc,angle_error_gt_15deg,absolute_0.01,absolute,0.010000,larger_is_better_true_endpoint_with_persistent_row_tie_break,,0.01:HB=F:CP=F;0.025:HB=F:CP=F;0.05:HB=F:CP=F;0.1:HB=F:CP=F;0.2:HB=P:CP=P;0.3:HB=P:CP=P;0.4:HB=P:CP=P;0.5:HB=P:CP=P;0.6:HB=P:CP=P;0.7:HB=P:CP=P;0.8:HB=P:CP=P;0.9:HB=P:CP=P;1:HB=P:CP=F,0.01,False,0.000000,,,,0.000000,0.000000,0,0.01,False,0.000000,,False,source_supervised_leave_geometry,E|source_supervised_leave_geometry|angle_error_gt_15deg|absolute_0.01
E,SODA-A,rotated_retinanet_psc,angle_error_gt_15deg,relative_0.5_r_fit,relative,0.001466,larger_is_better_true_endpoint_with_persistent_row_tie_break,,0.01:HB=F:CP=F;0.025:HB=F:CP=F;0.05:HB=F:CP=F;0.1:HB=F:CP=F;0.2:HB=F:CP=F;0.3:HB=F:CP=F;0.4:HB=F:CP=F;0.5:HB=F:CP=F;0.6:HB=F:CP=F;0.7:HB=F:CP=F;0.8:HB=F:CP=F;0.9:HB=P:CP=P;1:HB=F:CP=F,0.01,False,0.000000,,,,0.000000,0.000000,0,0.01,False,0.000000,,False,source_supervised_leave_geometry,E|source_supervised_leave_geometry|angle_error_gt_15deg|relative_0.5_r_fit
E,SODA-A,rotated_retinanet_psc,angle_error_gt_15deg,relative_0.25_r_fit,relative,0.000733,larger_is_better_true_endpoint_with_persistent_row_tie_break,,0.01:HB=F:CP=F;0.025:HB=F:CP=F;0.05:HB=F:CP=F;0.1:HB=F:CP=F;0.2:HB=F:CP=F;0.3:HB=F:CP=F;0.4:HB=F:CP=F;0.5:HB=F:CP=F;0.6:HB=F:CP=F;0.7:HB=F:CP=F;0.8:HB=F:CP=F;0.9:HB=F:CP=F;1:HB=F:CP=F,0.01,False,0.000000,,,,0.000000,0.000000,0,0.01,False,0.000000,,False,source_supervised_leave_geometry,E|source_supervised_leave_geometry|angle_error_gt_15deg|relative_0.25_r_fit
E,SODA-A,rotated_retinanet_psc,angle_error_gt_15deg,absolute_0.001,absolute,0.001000,larger_is_better_true_endpoint_with_persistent_row_tie_break,,0.01:HB=F:CP=F;0.025:HB=F:CP=F;0.05:HB=F:CP=F;0.1:HB=F:CP=F;0.2:HB=F:CP=F;0.3:HB=F:CP=F;0.4:HB=F:CP=F;0.5:HB=F:CP=F;0.6:HB=F:CP=F;0.7:HB=F:CP=F;0.8:HB=F:CP=F;0.9:HB=F:CP=F;1:HB=F:CP=F,0.01,False,0.000000,,,,0.000000,0.000000,0,0.01,False,0.000000,,False,target_gt_nonlinear_geometry_upper_bound,E|target_gt_nonlinear_geometry_upper_bound|angle_error_gt_15deg|absolute_0.001
E,SODA-A,rotated_retinanet_psc,angle_error_gt_15deg,absolute_0.0025,absolute,0.002500,larger_is_better_true_endpoint_with_persistent_row_tie_break,,0.01:HB=F:CP=F;0.025:HB=F:CP=F;0.05:HB=F:CP=F;0.1:HB=F:CP=F;0.2:HB=F:CP=F;0.3:HB=F:CP=F;0.4:HB=F:CP=F;0.5:HB=F:CP=F;0.6:HB=P:CP=P;0.7:HB=P:CP=P;0.8:HB=P:CP=P;0.9:HB=P:CP=P;1:HB=F:CP=F,0.01,False,0.000000,,,,0.000000,0.000000,0,0.01,False,0.000000,,False,target_gt_nonlinear_geometry_upper_bound,E|target_gt_nonlinear_geometry_upper_bound|angle_error_gt_15deg|absolute_0.0025
E,SODA-A,rotated_retinanet_psc,angle_error_gt_15deg,absolute_0.005,absolute,0.005000,larger_is_better_true_endpoint_with_persistent_row_tie_break,,0.01:HB=F:CP=F;0.025:HB=F:CP=F;0.05:HB=F:CP=F;0.1:HB=F:CP=F;0.2:HB=F:CP=F;0.3:HB=F:CP=F;0.4:HB=P:CP=P;0.5:HB=P:CP=P;0.6:HB=P:CP=P;0.7:HB=P:CP=P;0.8:HB=P:CP=P;0.9:HB=P:CP=P;1:HB=F:CP=F,0.01,False,0.000000,,,,0.000000,0.000000,0,0.01,False,0.000000,,False,target_gt_nonlinear_geometry_upper_bound,E|target_gt_nonlinear_geometry_upper_bound|angle_error_gt_15deg|absolute_0.005
E,SODA-A,rotated_retinanet_psc,angle_error_gt_15deg,absolute_0.01,absolute,0.010000,larger_is_better_true_endpoint_with_persistent_row_tie_break,,0.01:HB=F:CP=F;0.025:HB=F:CP=F;0.05:HB=F:CP=F;0.1:HB=F:CP=F;0.2:HB=P:CP=P;0.3:HB=P:CP=P;0.4:HB=P:CP=P;0.5:HB=P:CP=P;0.6:HB=P:CP=P;0.7:HB=P:CP=P;0.8:HB=P:CP=P;0.9:HB=P:CP=P;1:HB=P:CP=F,0.01,False,0.000000,,,,0.000000,0.000000,0,0.01,False,0.000000,,False,target_gt_nonlinear_geometry_upper_bound,E|target_gt_nonlinear_geometry_upper_bound|angle_error_gt_15deg|absolute_0.01
E,SODA-A,rotated_retinanet_psc,angle_error_gt_15deg,relative_0.5_r_fit,relative,0.001466,larger_is_better_true_endpoint_with_persistent_row_tie_break,,0.01:HB=F:CP=F;0.025:HB=F:CP=F;0.05:HB=F:CP=F;0.1:HB=F:CP=F;0.2:HB=F:CP=F;0.3:HB=F:CP=F;0.4:HB=F:CP=F;0.5:HB=F:CP=F;0.6:HB=F:CP=F;0.7:HB=F:CP=F;0.8:HB=F:CP=F;0.9:HB=P:CP=P;1:HB=F:CP=F,0.01,False,0.000000,,,,0.000000,0.000000,0,0.01,False,0.000000,,False,target_gt_nonlinear_geometry_upper_bound,E|target_gt_nonlinear_geometry_upper_bound|angle_error_gt_15deg|relative_0.5_r_fit
E,SODA-A,rotated_retinanet_psc,angle_error_gt_15deg,relative_0.25_r_fit,relative,0.000733,larger_is_better_true_endpoint_with_persistent_row_tie_break,,0.01:HB=F:CP=F;0.025:HB=F:CP=F;0.05:HB=F:CP=F;0.1:HB=F:CP=F;0.2:HB=F:CP=F;0.3:HB=F:CP=F;0.4:HB=F:CP=F;0.5:HB=F:CP=F;0.6:HB=F:CP=F;0.7:HB=F:CP=F;0.8:HB=F:CP=F;0.9:HB=F:CP=F;1:HB=F:CP=F,0.01,False,0.000000,,,,0.000000,0.000000,0,0.01,False,0.000000,,False,target_gt_nonlinear_geometry_upper_bound,E|target_gt_nonlinear_geometry_upper_bound|angle_error_gt_15deg|relative_0.25_r_fit
F,SODA-A,oriented_rcnn,geometry_normalized_severe,absolute_0.001,absolute,0.001000,larger_is_better_true_endpoint_with_persistent_row_tie_break,,0.01:HB=F:CP=F;0.025:HB=F:CP=F;0.05:HB=F:CP=F;0.1:HB=F:CP=F;0.2:HB=F:CP=F;0.3:HB=F:CP=F;0.4:HB=F:CP=F;0.5:HB=F:CP=F;0.6:HB=F:CP=F;0.7:HB=F:CP=F;0.8:HB=F:CP=F;0.9:HB=F:CP=F;1:HB=F:CP=F,0.01,False,0.000000,,,,0.000000,0.000000,0,0.01,False,0.000000,,False,detection_score,F|detection_score|geometry_normalized_severe|absolute_0.001
F,SODA-A,oriented_rcnn,geometry_normalized_severe,absolute_0.0025,absolute,0.002500,larger_is_better_true_endpoint_with_persistent_row_tie_break,,0.01:HB=F:CP=F;0.025:HB=F:CP=F;0.05:HB=F:CP=F;0.1:HB=F:CP=F;0.2:HB=F:CP=F;0.3:HB=F:CP=F;0.4:HB=F:CP=F;0.5:HB=F:CP=F;0.6:HB=P:CP=P;0.7:HB=P:CP=P;0.8:HB=P:CP=P;0.9:HB=P:CP=P;1:HB=F:CP=F,0.01,False,0.000000,,,,0.000000,0.000000,0,0.01,False,0.000000,,False,detection_score,F|detection_score|geometry_normalized_severe|absolute_0.0025
F,SODA-A,oriented_rcnn,geometry_normalized_severe,absolute_0.005,absolute,0.005000,larger_is_better_true_endpoint_with_persistent_row_tie_break,,0.01:HB=F:CP=F;0.025:HB=F:CP=F;0.05:HB=F:CP=F;0.1:HB=F:CP=F;0.2:HB=F:CP=F;0.3:HB=F:CP=F;0.4:HB=P:CP=P;0.5:HB=P:CP=P;0.6:HB=P:CP=P;0.7:HB=P:CP=P;0.8:HB=P:CP=P;0.9:HB=P:CP=P;1:HB=F:CP=F,0.01,False,0.000000,,,,0.000000,0.000000,0,0.01,False,0.000000,,False,detection_score,F|detection_score|geometry_normalized_severe|absolute_0.005
F,SODA-A,oriented_rcnn,geometry_normalized_severe,absolute_0.01,absolute,0.010000,larger_is_better_true_endpoint_with_persistent_row_tie_break,,0.01:HB=F:CP=F;0.025:HB=F:CP=F;0.05:HB=F:CP=F;0.1:HB=F:CP=F;0.2:HB=P:CP=P;0.3:HB=P:CP=P;0.4:HB=P:CP=P;0.5:HB=P:CP=P;0.6:HB=P:CP=P;0.7:HB=P:CP=P;0.8:HB=P:CP=P;0.9:HB=P:CP=P;1:HB=P:CP=F,0.01,False,0.000000,,,,0.000000,0.000000,0,0.01,False,0.000000,,False,detection_score,F|detection_score|geometry_normalized_severe|absolute_0.01
F,SODA-A,oriented_rcnn,geometry_normalized_severe,relative_0.5_r_fit,relative,0.001813,larger_is_better_true_endpoint_with_persistent_row_tie_break,,0.01:HB=F:CP=F;0.025:HB=F:CP=F;0.05:HB=F:CP=F;0.1:HB=F:CP=F;0.2:HB=F:CP=F;0.3:HB=F:CP=F;0.4:HB=F:CP=F;0.5:HB=F:CP=F;0.6:HB=F:CP=F;0.7:HB=F:CP=F;0.8:HB=P:CP=P;0.9:HB=P:CP=P;1:HB=F:CP=F,0.01,False,0.000000,,,,0.000000,0.000000,0,0.01,False,0.000000,,False,detection_score,F|detection_score|geometry_normalized_severe|relative_0.5_r_fit
F,SODA-A,oriented_rcnn,geometry_normalized_severe,relative_0.25_r_fit,relative,0.000907,larger_is_better_true_endpoint_with_persistent_row_tie_break,,0.01:HB=F:CP=F;0.025:HB=F:CP=F;0.05:HB=F:CP=F;0.1:HB=F:CP=F;0.2:HB=F:CP=F;0.3:HB=F:CP=F;0.4:HB=F:CP=F;0.5:HB=F:CP=F;0.6:HB=F:CP=F;0.7:HB=F:CP=F;0.8:HB=F:CP=F;0.9:HB=F:CP=F;1:HB=F:CP=F,0.01,False,0.000000,,,,0.000000,0.000000,0,0.01,False,0.000000,,False,detection_score,F|detection_score|geometry_normalized_severe|relative_0.25_r_fit
F,SODA-A,oriented_rcnn,geometry_normalized_severe,absolute_0.001,absolute,0.001000,larger_is_better_true_endpoint_with_persistent_row_tie_break,,0.01:HB=F:CP=F;0.025:HB=F:CP=F;0.05:HB=F:CP=F;0.1:HB=F:CP=F;0.2:HB=F:CP=F;0.3:HB=F:CP=F;0.4:HB=F:CP=F;0.5:HB=F:CP=F;0.6:HB=F:CP=F;0.7:HB=F:CP=F;0.8:HB=F:CP=F;0.9:HB=F:CP=F;1:HB=F:CP=F,0.01,False,0.000000,,,,0.000000,0.000000,0,0.01,False,0.000000,,False,tta_circular_consistency,F|tta_circular_consistency|geometry_normalized_severe|absolute_0.001
F,SODA-A,oriented_rcnn,geometry_normalized_severe,absolute_0.0025,absolute,0.002500,larger_is_better_true_endpoint_with_persistent_row_tie_break,,0.01:HB=F:CP=F;0.025:HB=F:CP=F;0.05:HB=F:CP=F;0.1:HB=F:CP=F;0.2:HB=F:CP=F;0.3:HB=F:CP=F;0.4:HB=F:CP=F;0.5:HB=F:CP=F;0.6:HB=P:CP=P;0.7:HB=P:CP=P;0.8:HB=P:CP=P;0.9:HB=P:CP=P;1:HB=F:CP=F,0.01,False,0.000000,,,,0.000000,0.000000,0,0.01,False,0.000000,,False,tta_circular_consistency,F|tta_circular_consistency|geometry_normalized_severe|absolute_0.0025
F,SODA-A,oriented_rcnn,geometry_normalized_severe,absolute_0.005,absolute,0.005000,larger_is_better_true_endpoint_with_persistent_row_tie_break,,0.01:HB=F:CP=F;0.025:HB=F:CP=F;0.05:HB=F:CP=F;0.1:HB=F:CP=F;0.2:HB=F:CP=F;0.3:HB=F:CP=F;0.4:HB=P:CP=P;0.5:HB=P:CP=P;0.6:HB=P:CP=P;0.7:HB=P:CP=P;0.8:HB=P:CP=P;0.9:HB=P:CP=P;1:HB=F:CP=F,0.01,False,0.000000,,,,0.000000,0.000000,0,0.01,False,0.000000,,False,tta_circular_consistency,F|tta_circular_consistency|geometry_normalized_severe|absolute_0.005
F,SODA-A,oriented_rcnn,geometry_normalized_severe,absolute_0.01,absolute,0.010000,larger_is_better_true_endpoint_with_persistent_row_tie_break,,0.01:HB=F:CP=F;0.025:HB=F:CP=F;0.05:HB=F:CP=F;0.1:HB=F:CP=F;0.2:HB=P:CP=P;0.3:HB=P:CP=P;0.4:HB=P:CP=P;0.5:HB=P:CP=P;0.6:HB=P:CP=P;0.7:HB=P:CP=P;0.8:HB=P:CP=P;0.9:HB=P:CP=P;1:HB=P:CP=F,0.01,False,0.000000,,,,0.000000,0.000000,0,0.01,False,0.000000,,False,tta_circular_consistency,F|tta_circular_consistency|geometry_normalized_severe|absolute_0.01
F,SODA-A,oriented_rcnn,geometry_normalized_severe,relative_0.5_r_fit,relative,0.001813,larger_is_better_true_endpoint_with_persistent_row_tie_break,,0.01:HB=F:CP=F;0.025:HB=F:CP=F;0.05:HB=F:CP=F;0.1:HB=F:CP=F;0.2:HB=F:CP=F;0.3:HB=F:CP=F;0.4:HB=F:CP=F;0.5:HB=F:CP=F;0.6:HB=F:CP=F;0.7:HB=F:CP=F;0.8:HB=P:CP=P;0.9:HB=P:CP=P;1:HB=F:CP=F,0.01,False,0.000000,,,,0.000000,0.000000,0,0.01,False,0.000000,,False,tta_circular_consistency,F|tta_circular_consistency|geometry_normalized_severe|relative_0.5_r_fit
F,SODA-A,oriented_rcnn,geometry_normalized_severe,relative_0.25_r_fit,relative,0.000907,larger_is_better_true_endpoint_with_persistent_row_tie_break,,0.01:HB=F:CP=F;0.025:HB=F:CP=F;0.05:HB=F:CP=F;0.1:HB=F:CP=F;0.2:HB=F:CP=F;0.3:HB=F:CP=F;0.4:HB=F:CP=F;0.5:HB=F:CP=F;0.6:HB=F:CP=F;0.7:HB=F:CP=F;0.8:HB=F:CP=F;0.9:HB=F:CP=F;1:HB=F:CP=F,0.01,False,0.000000,,,,0.000000,0.000000,0,0.01,False,0.000000,,False,tta_circular_consistency,F|tta_circular_consistency|geometry_normalized_severe|relative_0.25_r_fit
F,SODA-A,oriented_rcnn,geometry_normalized_severe,absolute_0.001,absolute,0.001000,larger_is_better_true_endpoint_with_persistent_row_tie_break,,0.01:HB=F:CP=F;0.025:HB=F:CP=F;0.05:HB=F:CP=F;0.1:HB=F:CP=F;0.2:HB=F:CP=F;0.3:HB=F:CP=F;0.4:HB=F:CP=F;0.5:HB=F:CP=F;0.6:HB=F:CP=F;0.7:HB=F:CP=F;0.8:HB=F:CP=F;0.9:HB=F:CP=F;1:HB=F:CP=F,0.01,False,0.000000,,,,0.000000,0.000000,0,0.01,False,0.000000,,False,source_supervised_leave_geometry,F|source_supervised_leave_geometry|geometry_normalized_severe|absolute_0.001
F,SODA-A,oriented_rcnn,geometry_normalized_severe,absolute_0.0025,absolute,0.002500,larger_is_better_true_endpoint_with_persistent_row_tie_break,,0.01:HB=F:CP=F;0.025:HB=F:CP=F;0.05:HB=F:CP=F;0.1:HB=F:CP=F;0.2:HB=F:CP=F;0.3:HB=F:CP=F;0.4:HB=F:CP=F;0.5:HB=F:CP=F;0.6:HB=P:CP=P;0.7:HB=P:CP=P;0.8:HB=P:CP=P;0.9:HB=P:CP=P;1:HB=F:CP=F,0.01,False,0.000000,,,,0.000000,0.000000,0,0.01,False,0.000000,,False,source_supervised_leave_geometry,F|source_supervised_leave_geometry|geometry_normalized_severe|absolute_0.0025
F,SODA-A,oriented_rcnn,geometry_normalized_severe,absolute_0.005,absolute,0.005000,larger_is_better_true_endpoint_with_persistent_row_tie_break,,0.01:HB=F:CP=F;0.025:HB=F:CP=F;0.05:HB=F:CP=F;0.1:HB=F:CP=F;0.2:HB=F:CP=F;0.3:HB=F:CP=F;0.4:HB=P:CP=P;0.5:HB=P:CP=P;0.6:HB=P:CP=P;0.7:HB=P:CP=P;0.8:HB=P:CP=P;0.9:HB=P:CP=P;1:HB=F:CP=F,0.01,False,0.000000,,,,0.000000,0.000000,0,0.01,False,0.000000,,False,source_supervised_leave_geometry,F|source_supervised_leave_geometry|geometry_normalized_severe|absolute_0.005
F,SODA-A,oriented_rcnn,geometry_normalized_severe,absolute_0.01,absolute,0.010000,larger_is_better_true_endpoint_with_persistent_row_tie_break,,0.01:HB=F:CP=F;0.025:HB=F:CP=F;0.05:HB=F:CP=F;0.1:HB=F:CP=F;0.2:HB=P:CP=P;0.3:HB=P:CP=P;0.4:HB=P:CP=P;0.5:HB=P:CP=P;0.6:HB=P:CP=P;0.7:HB=P:CP=P;0.8:HB=P:CP=P;0.9:HB=P:CP=P;1:HB=P:CP=F,0.01,False,0.000000,,,,0.000000,0.000000,0,0.01,False,0.000000,,False,source_supervised_leave_geometry,F|source_supervised_leave_geometry|geometry_normalized_severe|absolute_0.01
F,SODA-A,oriented_rcnn,geometry_normalized_severe,relative_0.5_r_fit,relative,0.001813,larger_is_better_true_endpoint_with_persistent_row_tie_break,,0.01:HB=F:CP=F;0.025:HB=F:CP=F;0.05:HB=F:CP=F;0.1:HB=F:CP=F;0.2:HB=F:CP=F;0.3:HB=F:CP=F;0.4:HB=F:CP=F;0.5:HB=F:CP=F;0.6:HB=F:CP=F;0.7:HB=F:CP=F;0.8:HB=P:CP=P;0.9:HB=P:CP=P;1:HB=F:CP=F,0.01,False,0.000000,,,,0.000000,0.000000,0,0.01,False,0.000000,,False,source_supervised_leave_geometry,F|source_supervised_leave_geometry|geometry_normalized_severe|relative_0.5_r_fit
F,SODA-A,oriented_rcnn,geometry_normalized_severe,relative_0.25_r_fit,relative,0.000907,larger_is_better_true_endpoint_with_persistent_row_tie_break,,0.01:HB=F:CP=F;0.025:HB=F:CP=F;0.05:HB=F:CP=F;0.1:HB=F:CP=F;0.2:HB=F:CP=F;0.3:HB=F:CP=F;0.4:HB=F:CP=F;0.5:HB=F:CP=F;0.6:HB=F:CP=F;0.7:HB=F:CP=F;0.8:HB=F:CP=F;0.9:HB=F:CP=F;1:HB=F:CP=F,0.01,False,0.000000,,,,0.000000,0.000000,0,0.01,False,0.000000,,False,source_supervised_leave_geometry,F|source_supervised_leave_geometry|geometry_normalized_severe|relative_0.25_r_fit
F,SODA-A,oriented_rcnn,geometry_normalized_severe,absolute_0.001,absolute,0.001000,larger_is_better_true_endpoint_with_persistent_row_tie_break,,0.01:HB=F:CP=F;0.025:HB=F:CP=F;0.05:HB=F:CP=F;0.1:HB=F:CP=F;0.2:HB=F:CP=F;0.3:HB=F:CP=F;0.4:HB=F:CP=F;0.5:HB=F:CP=F;0.6:HB=F:CP=F;0.7:HB=F:CP=F;0.8:HB=F:CP=F;0.9:HB=F:CP=F;1:HB=F:CP=F,0.01,False,0.000000,,,,0.000000,0.000000,0,0.01,False,0.000000,,False,target_gt_nonlinear_geometry_upper_bound,F|target_gt_nonlinear_geometry_upper_bound|geometry_normalized_severe|absolute_0.001
F,SODA-A,oriented_rcnn,geometry_normalized_severe,absolute_0.0025,absolute,0.002500,larger_is_better_true_endpoint_with_persistent_row_tie_break,,0.01:HB=F:CP=F;0.025:HB=F:CP=F;0.05:HB=F:CP=F;0.1:HB=F:CP=F;0.2:HB=F:CP=F;0.3:HB=F:CP=F;0.4:HB=F:CP=F;0.5:HB=F:CP=F;0.6:HB=P:CP=P;0.7:HB=P:CP=P;0.8:HB=P:CP=P;0.9:HB=P:CP=P;1:HB=F:CP=F,0.01,False,0.000000,,,,0.000000,0.000000,0,0.01,False,0.000000,,False,target_gt_nonlinear_geometry_upper_bound,F|target_gt_nonlinear_geometry_upper_bound|geometry_normalized_severe|absolute_0.0025
F,SODA-A,oriented_rcnn,geometry_normalized_severe,absolute_0.005,absolute,0.005000,larger_is_better_true_endpoint_with_persistent_row_tie_break,,0.01:HB=F:CP=F;0.025:HB=F:CP=F;0.05:HB=F:CP=F;0.1:HB=F:CP=F;0.2:HB=F:CP=F;0.3:HB=F:CP=F;0.4:HB=P:CP=P;0.5:HB=P:CP=P;0.6:HB=P:CP=P;0.7:HB=P:CP=P;0.8:HB=P:CP=P;0.9:HB=P:CP=P;1:HB=F:CP=F,0.01,False,0.000000,,,,0.000000,0.000000,0,0.01,False,0.000000,,False,target_gt_nonlinear_geometry_upper_bound,F|target_gt_nonlinear_geometry_upper_bound|geometry_normalized_severe|absolute_0.005
F,SODA-A,oriented_rcnn,geometry_normalized_severe,absolute_0.01,absolute,0.010000,larger_is_better_true_endpoint_with_persistent_row_tie_break,,0.01:HB=F:CP=F;0.025:HB=F:CP=F;0.05:HB=F:CP=F;0.1:HB=F:CP=F;0.2:HB=P:CP=P;0.3:HB=P:CP=P;0.4:HB=P:CP=P;0.5:HB=P:CP=P;0.6:HB=P:CP=P;0.7:HB=P:CP=P;0.8:HB=P:CP=P;0.9:HB=P:CP=P;1:HB=P:CP=F,0.01,False,0.000000,,,,0.000000,0.000000,0,0.01,False,0.000000,,False,target_gt_nonlinear_geometry_upper_bound,F|target_gt_nonlinear_geometry_upper_bound|geometry_normalized_severe|absolute_0.01
F,SODA-A,oriented_rcnn,geometry_normalized_severe,relative_0.5_r_fit,relative,0.001813,larger_is_better_true_endpoint_with_persistent_row_tie_break,,0.01:HB=F:CP=F;0.025:HB=F:CP=F;0.05:HB=F:CP=F;0.1:HB=F:CP=F;0.2:HB=F:CP=F;0.3:HB=F:CP=F;0.4:HB=F:CP=F;0.5:HB=F:CP=F;0.6:HB=F:CP=F;0.7:HB=F:CP=F;0.8:HB=P:CP=P;0.9:HB=P:CP=P;1:HB=F:CP=F,0.01,False,0.000000,,,,0.000000,0.000000,0,0.01,False,0.000000,,False,target_gt_nonlinear_geometry_upper_bound,F|target_gt_nonlinear_geometry_upper_bound|geometry_normalized_severe|relative_0.5_r_fit
F,SODA-A,oriented_rcnn,geometry_normalized_severe,relative_0.25_r_fit,relative,0.000907,larger_is_better_true_endpoint_with_persistent_row_tie_break,,0.01:HB=F:CP=F;0.025:HB=F:CP=F;0.05:HB=F:CP=F;0.1:HB=F:CP=F;0.2:HB=F:CP=F;0.3:HB=F:CP=F;0.4:HB=F:CP=F;0.5:HB=F:CP=F;0.6:HB=F:CP=F;0.7:HB=F:CP=F;0.8:HB=F:CP=F;0.9:HB=F:CP=F;1:HB=F:CP=F,0.01,False,0.000000,,,,0.000000,0.000000,0,0.01,False,0.000000,,False,target_gt_nonlinear_geometry_upper_bound,F|target_gt_nonlinear_geometry_upper_bound|geometry_normalized_severe|relative_0.25_r_fit
F,SODA-A,oriented_rcnn,angle_error_gt_5deg,absolute_0.001,absolute,0.001000,larger_is_better_true_endpoint_with_persistent_row_tie_break,,0.01:HB=F:CP=F;0.025:HB=F:CP=F;0.05:HB=F:CP=F;0.1:HB=F:CP=F;0.2:HB=F:CP=F;0.3:HB=F:CP=F;0.4:HB=F:CP=F;0.5:HB=F:CP=F;0.6:HB=F:CP=F;0.7:HB=F:CP=F;0.8:HB=F:CP=F;0.9:HB=F:CP=F;1:HB=F:CP=F,0.01,False,0.000000,,,,0.000000,0.000000,0,0.01,False,0.000000,,False,detection_score,F|detection_score|angle_error_gt_5deg|absolute_0.001
F,SODA-A,oriented_rcnn,angle_error_gt_5deg,absolute_0.0025,absolute,0.002500,larger_is_better_true_endpoint_with_persistent_row_tie_break,,0.01:HB=F:CP=F;0.025:HB=F:CP=F;0.05:HB=F:CP=F;0.1:HB=F:CP=F;0.2:HB=F:CP=F;0.3:HB=F:CP=F;0.4:HB=F:CP=F;0.5:HB=F:CP=F;0.6:HB=P:CP=P;0.7:HB=P:CP=P;0.8:HB=P:CP=P;0.9:HB=F:CP=F;1:HB=F:CP=F,0.01,False,0.000000,,,,0.000000,0.000000,0,0.01,False,0.000000,,False,detection_score,F|detection_score|angle_error_gt_5deg|absolute_0.0025
F,SODA-A,oriented_rcnn,angle_error_gt_5deg,absolute_0.005,absolute,0.005000,larger_is_better_true_endpoint_with_persistent_row_tie_break,,0.01:HB=F:CP=F;0.025:HB=F:CP=F;0.05:HB=F:CP=F;0.1:HB=F:CP=F;0.2:HB=F:CP=F;0.3:HB=P:CP=P;0.4:HB=P:CP=P;0.5:HB=P:CP=P;0.6:HB=P:CP=P;0.7:HB=P:CP=P;0.8:HB=P:CP=P;0.9:HB=F:CP=F;1:HB=F:CP=F,0.01,False,0.000000,,,,0.000000,0.000000,0,0.01,False,0.000000,,False,detection_score,F|detection_score|angle_error_gt_5deg|absolute_0.005
F,SODA-A,oriented_rcnn,angle_error_gt_5deg,absolute_0.01,absolute,0.010000,larger_is_better_true_endpoint_with_persistent_row_tie_break,,0.01:HB=F:CP=F;0.025:HB=F:CP=F;0.05:HB=F:CP=F;0.1:HB=F:CP=F;0.2:HB=P:CP=P;0.3:HB=P:CP=P;0.4:HB=P:CP=P;0.5:HB=P:CP=P;0.6:HB=P:CP=P;0.7:HB=P:CP=P;0.8:HB=P:CP=P;0.9:HB=P:CP=F;1:HB=F:CP=F,0.01,False,0.000000,,,,0.000000,0.000000,0,0.01,False,0.000000,,False,detection_score,F|detection_score|angle_error_gt_5deg|absolute_0.01
F,SODA-A,oriented_rcnn,angle_error_gt_5deg,relative_0.5_r_fit,relative,0.050650,larger_is_better_true_endpoint_with_persistent_row_tie_break,,0.01:HB=F:CP=F;0.025:HB=F:CP=F;0.05:HB=P:CP=P;0.1:HB=P:CP=P;0.2:HB=P:CP=P;0.3:HB=P:CP=P;0.4:HB=P:CP=P;0.5:HB=P:CP=P;0.6:HB=P:CP=P;0.7:HB=P:CP=P;0.8:HB=P:CP=P;0.9:HB=P:CP=P;1:HB=F:CP=F,0.01,False,0.000000,,,,0.000000,0.000000,0,0.01,False,0.000000,,False,detection_score,F|detection_score|angle_error_gt_5deg|relative_0.5_r_fit
F,SODA-A,oriented_rcnn,angle_error_gt_5deg,relative_0.25_r_fit,relative,0.025325,larger_is_better_true_endpoint_with_persistent_row_tie_break,,0.01:HB=F:CP=F;0.025:HB=F:CP=F;0.05:HB=F:CP=F;0.1:HB=P:CP=P;0.2:HB=P:CP=P;0.3:HB=P:CP=P;0.4:HB=P:CP=P;0.5:HB=P:CP=P;0.6:HB=P:CP=P;0.7:HB=P:CP=P;0.8:HB=P:CP=P;0.9:HB=P:CP=F;1:HB=F:CP=F,0.01,False,0.000000,,,,0.000000,0.000000,0,0.01,False,0.000000,,False,detection_score,F|detection_score|angle_error_gt_5deg|relative_0.25_r_fit
F,SODA-A,oriented_rcnn,angle_error_gt_5deg,absolute_0.001,absolute,0.001000,larger_is_better_true_endpoint_with_persistent_row_tie_break,,0.01:HB=F:CP=F;0.025:HB=F:CP=F;0.05:HB=F:CP=F;0.1:HB=F:CP=F;0.2:HB=F:CP=F;0.3:HB=F:CP=F;0.4:HB=F:CP=F;0.5:HB=F:CP=F;0.6:HB=F:CP=F;0.7:HB=F:CP=F;0.8:HB=F:CP=F;0.9:HB=F:CP=F;1:HB=F:CP=F,0.01,False,0.000000,,,,0.000000,0.000000,0,0.01,False,0.000000,,False,tta_circular_consistency,F|tta_circular_consistency|angle_error_gt_5deg|absolute_0.001
F,SODA-A,oriented_rcnn,angle_error_gt_5deg,absolute_0.0025,absolute,0.002500,larger_is_better_true_endpoint_with_persistent_row_tie_break,,0.01:HB=F:CP=F;0.025:HB=F:CP=F;0.05:HB=F:CP=F;0.1:HB=F:CP=F;0.2:HB=F:CP=F;0.3:HB=F:CP=F;0.4:HB=F:CP=F;0.5:HB=F:CP=F;0.6:HB=P:CP=P;0.7:HB=P:CP=P;0.8:HB=P:CP=P;0.9:HB=F:CP=F;1:HB=F:CP=F,0.01,False,0.000000,,,,0.000000,0.000000,0,0.01,False,0.000000,,False,tta_circular_consistency,F|tta_circular_consistency|angle_error_gt_5deg|absolute_0.0025
F,SODA-A,oriented_rcnn,angle_error_gt_5deg,absolute_0.005,absolute,0.005000,larger_is_better_true_endpoint_with_persistent_row_tie_break,,0.01:HB=F:CP=F;0.025:HB=F:CP=F;0.05:HB=F:CP=F;0.1:HB=F:CP=F;0.2:HB=F:CP=F;0.3:HB=P:CP=P;0.4:HB=P:CP=P;0.5:HB=P:CP=P;0.6:HB=P:CP=P;0.7:HB=P:CP=P;0.8:HB=P:CP=P;0.9:HB=F:CP=F;1:HB=F:CP=F,0.01,False,0.000000,,,,0.000000,0.000000,0,0.01,False,0.000000,,False,tta_circular_consistency,F|tta_circular_consistency|angle_error_gt_5deg|absolute_0.005
F,SODA-A,oriented_rcnn,angle_error_gt_5deg,absolute_0.01,absolute,0.010000,larger_is_better_true_endpoint_with_persistent_row_tie_break,,0.01:HB=F:CP=F;0.025:HB=F:CP=F;0.05:HB=F:CP=F;0.1:HB=F:CP=F;0.2:HB=P:CP=P;0.3:HB=P:CP=P;0.4:HB=P:CP=P;0.5:HB=P:CP=P;0.6:HB=P:CP=P;0.7:HB=P:CP=P;0.8:HB=P:CP=P;0.9:HB=P:CP=F;1:HB=F:CP=F,0.01,False,0.000000,,,,0.000000,0.000000,0,0.01,False,0.000000,,False,tta_circular_consistency,F|tta_circular_consistency|angle_error_gt_5deg|absolute_0.01
F,SODA-A,oriented_rcnn,angle_error_gt_5deg,relative_0.5_r_fit,relative,0.050650,larger_is_better_true_endpoint_with_persistent_row_tie_break,,0.01:HB=F:CP=F;0.025:HB=F:CP=F;0.05:HB=P:CP=P;0.1:HB=P:CP=P;0.2:HB=P:CP=P;0.3:HB=P:CP=P;0.4:HB=P:CP=P;0.5:HB=P:CP=P;0.6:HB=P:CP=P;0.7:HB=P:CP=P;0.8:HB=P:CP=P;0.9:HB=P:CP=P;1:HB=F:CP=F,0.01,False,0.000000,,,,0.000000,0.000000,0,0.01,False,0.000000,,False,tta_circular_consistency,F|tta_circular_consistency|angle_error_gt_5deg|relative_0.5_r_fit
F,SODA-A,oriented_rcnn,angle_error_gt_5deg,relative_0.25_r_fit,relative,0.025325,larger_is_better_true_endpoint_with_persistent_row_tie_break,,0.01:HB=F:CP=F;0.025:HB=F:CP=F;0.05:HB=F:CP=F;0.1:HB=P:CP=P;0.2:HB=P:CP=P;0.3:HB=P:CP=P;0.4:HB=P:CP=P;0.5:HB=P:CP=P;0.6:HB=P:CP=P;0.7:HB=P:CP=P;0.8:HB=P:CP=P;0.9:HB=P:CP=F;1:HB=F:CP=F,0.01,False,0.000000,,,,0.000000,0.000000,0,0.01,False,0.000000,,False,tta_circular_consistency,F|tta_circular_consistency|angle_error_gt_5deg|relative_0.25_r_fit
F,SODA-A,oriented_rcnn,angle_error_gt_5deg,absolute_0.001,absolute,0.001000,larger_is_better_true_endpoint_with_persistent_row_tie_break,,0.01:HB=F:CP=F;0.025:HB=F:CP=F;0.05:HB=F:CP=F;0.1:HB=F:CP=F;0.2:HB=F:CP=F;0.3:HB=F:CP=F;0.4:HB=F:CP=F;0.5:HB=F:CP=F;0.6:HB=F:CP=F;0.7:HB=F:CP=F;0.8:HB=F:CP=F;0.9:HB=F:CP=F;1:HB=F:CP=F,0.01,False,0.000000,,,,0.000000,0.000000,0,0.01,False,0.000000,,False,source_supervised_leave_geometry,F|source_supervised_leave_geometry|angle_error_gt_5deg|absolute_0.001
F,SODA-A,oriented_rcnn,angle_error_gt_5deg,absolute_0.0025,absolute,0.002500,larger_is_better_true_endpoint_with_persistent_row_tie_break,,0.01:HB=F:CP=F;0.025:HB=F:CP=F;0.05:HB=F:CP=F;0.1:HB=F:CP=F;0.2:HB=F:CP=F;0.3:HB=F:CP=F;0.4:HB=F:CP=F;0.5:HB=F:CP=F;0.6:HB=P:CP=P;0.7:HB=P:CP=P;0.8:HB=P:CP=P;0.9:HB=F:CP=F;1:HB=F:CP=F,0.01,False,0.000000,,,,0.000000,0.000000,0,0.01,False,0.000000,,False,source_supervised_leave_geometry,F|source_supervised_leave_geometry|angle_error_gt_5deg|absolute_0.0025
F,SODA-A,oriented_rcnn,angle_error_gt_5deg,absolute_0.005,absolute,0.005000,larger_is_better_true_endpoint_with_persistent_row_tie_break,,0.01:HB=F:CP=F;0.025:HB=F:CP=F;0.05:HB=F:CP=F;0.1:HB=F:CP=F;0.2:HB=F:CP=F;0.3:HB=P:CP=P;0.4:HB=P:CP=P;0.5:HB=P:CP=P;0.6:HB=P:CP=P;0.7:HB=P:CP=P;0.8:HB=P:CP=P;0.9:HB=F:CP=F;1:HB=F:CP=F,0.01,False,0.000000,,,,0.000000,0.000000,0,0.01,False,0.000000,,False,source_supervised_leave_geometry,F|source_supervised_leave_geometry|angle_error_gt_5deg|absolute_0.005
F,SODA-A,oriented_rcnn,angle_error_gt_5deg,absolute_0.01,absolute,0.010000,larger_is_better_true_endpoint_with_persistent_row_tie_break,,0.01:HB=F:CP=F;0.025:HB=F:CP=F;0.05:HB=F:CP=F;0.1:HB=F:CP=F;0.2:HB=P:CP=P;0.3:HB=P:CP=P;0.4:HB=P:CP=P;0.5:HB=P:CP=P;0.6:HB=P:CP=P;0.7:HB=P:CP=P;0.8:HB=P:CP=P;0.9:HB=P:CP=F;1:HB=F:CP=F,0.01,False,0.000000,,,,0.000000,0.000000,0,0.01,False,0.000000,,False,source_supervised_leave_geometry,F|source_supervised_leave_geometry|angle_error_gt_5deg|absolute_0.01
F,SODA-A,oriented_rcnn,angle_error_gt_5deg,relative_0.5_r_fit,relative,0.050650,larger_is_better_true_endpoint_with_persistent_row_tie_break,,0.01:HB=F:CP=F;0.025:HB=F:CP=F;0.05:HB=P:CP=P;0.1:HB=P:CP=P;0.2:HB=P:CP=P;0.3:HB=P:CP=P;0.4:HB=P:CP=P;0.5:HB=P:CP=P;0.6:HB=P:CP=P;0.7:HB=P:CP=P;0.8:HB=P:CP=P;0.9:HB=P:CP=P;1:HB=F:CP=F,0.01,False,0.000000,,,,0.000000,0.000000,0,0.01,False,0.000000,,False,source_supervised_leave_geometry,F|source_supervised_leave_geometry|angle_error_gt_5deg|relative_0.5_r_fit
F,SODA-A,oriented_rcnn,angle_error_gt_5deg,relative_0.25_r_fit,relative,0.025325,larger_is_better_true_endpoint_with_persistent_row_tie_break,,0.01:HB=F:CP=F;0.025:HB=F:CP=F;0.05:HB=F:CP=F;0.1:HB=P:CP=P;0.2:HB=P:CP=P;0.3:HB=P:CP=P;0.4:HB=P:CP=P;0.5:HB=P:CP=P;0.6:HB=P:CP=P;0.7:HB=P:CP=P;0.8:HB=P:CP=P;0.9:HB=P:CP=F;1:HB=F:CP=F,0.01,False,0.000000,,,,0.000000,0.000000,0,0.01,False,0.000000,,False,source_supervised_leave_geometry,F|source_supervised_leave_geometry|angle_error_gt_5deg|relative_0.25_r_fit
F,SODA-A,oriented_rcnn,angle_error_gt_5deg,absolute_0.001,absolute,0.001000,larger_is_better_true_endpoint_with_persistent_row_tie_break,,0.01:HB=F:CP=F;0.025:HB=F:CP=F;0.05:HB=F:CP=F;0.1:HB=F:CP=F;0.2:HB=F:CP=F;0.3:HB=F:CP=F;0.4:HB=F:CP=F;0.5:HB=F:CP=F;0.6:HB=F:CP=F;0.7:HB=F:CP=F;0.8:HB=F:CP=F;0.9:HB=F:CP=F;1:HB=F:CP=F,0.01,False,0.000000,,,,0.000000,0.000000,0,0.01,False,0.000000,,False,target_gt_nonlinear_geometry_upper_bound,F|target_gt_nonlinear_geometry_upper_bound|angle_error_gt_5deg|absolute_0.001
F,SODA-A,oriented_rcnn,angle_error_gt_5deg,absolute_0.0025,absolute,0.002500,larger_is_better_true_endpoint_with_persistent_row_tie_break,,0.01:HB=F:CP=F;0.025:HB=F:CP=F;0.05:HB=F:CP=F;0.1:HB=F:CP=F;0.2:HB=F:CP=F;0.3:HB=F:CP=F;0.4:HB=F:CP=F;0.5:HB=F:CP=F;0.6:HB=P:CP=P;0.7:HB=P:CP=P;0.8:HB=P:CP=P;0.9:HB=F:CP=F;1:HB=F:CP=F,0.01,False,0.000000,,,,0.000000,0.000000,0,0.01,False,0.000000,,False,target_gt_nonlinear_geometry_upper_bound,F|target_gt_nonlinear_geometry_upper_bound|angle_error_gt_5deg|absolute_0.0025
F,SODA-A,oriented_rcnn,angle_error_gt_5deg,absolute_0.005,absolute,0.005000,larger_is_better_true_endpoint_with_persistent_row_tie_break,,0.01:HB=F:CP=F;0.025:HB=F:CP=F;0.05:HB=F:CP=F;0.1:HB=F:CP=F;0.2:HB=F:CP=F;0.3:HB=P:CP=P;0.4:HB=P:CP=P;0.5:HB=P:CP=P;0.6:HB=P:CP=P;0.7:HB=P:CP=P;0.8:HB=P:CP=P;0.9:HB=F:CP=F;1:HB=F:CP=F,0.01,False,0.000000,,,,0.000000,0.000000,0,0.01,False,0.000000,,False,target_gt_nonlinear_geometry_upper_bound,F|target_gt_nonlinear_geometry_upper_bound|angle_error_gt_5deg|absolute_0.005
F,SODA-A,oriented_rcnn,angle_error_gt_5deg,absolute_0.01,absolute,0.010000,larger_is_better_true_endpoint_with_persistent_row_tie_break,,0.01:HB=F:CP=F;0.025:HB=F:CP=F;0.05:HB=F:CP=F;0.1:HB=F:CP=F;0.2:HB=P:CP=P;0.3:HB=P:CP=P;0.4:HB=P:CP=P;0.5:HB=P:CP=P;0.6:HB=P:CP=P;0.7:HB=P:CP=P;0.8:HB=P:CP=P;0.9:HB=P:CP=F;1:HB=F:CP=F,0.01,False,0.000000,,,,0.000000,0.000000,0,0.01,False,0.000000,,False,target_gt_nonlinear_geometry_upper_bound,F|target_gt_nonlinear_geometry_upper_bound|angle_error_gt_5deg|absolute_0.01
F,SODA-A,oriented_rcnn,angle_error_gt_5deg,relative_0.5_r_fit,relative,0.050650,larger_is_better_true_endpoint_with_persistent_row_tie_break,,0.01:HB=F:CP=F;0.025:HB=F:CP=F;0.05:HB=P:CP=P;0.1:HB=P:CP=P;0.2:HB=P:CP=P;0.3:HB=P:CP=P;0.4:HB=P:CP=P;0.5:HB=P:CP=P;0.6:HB=P:CP=P;0.7:HB=P:CP=P;0.8:HB=P:CP=P;0.9:HB=P:CP=P;1:HB=F:CP=F,0.01,False,0.000000,,,,0.000000,0.000000,0,0.01,False,0.000000,,False,target_gt_nonlinear_geometry_upper_bound,F|target_gt_nonlinear_geometry_upper_bound|angle_error_gt_5deg|relative_0.5_r_fit
F,SODA-A,oriented_rcnn,angle_error_gt_5deg,relative_0.25_r_fit,relative,0.025325,larger_is_better_true_endpoint_with_persistent_row_tie_break,,0.01:HB=F:CP=F;0.025:HB=F:CP=F;0.05:HB=F:CP=F;0.1:HB=P:CP=P;0.2:HB=P:CP=P;0.3:HB=P:CP=P;0.4:HB=P:CP=P;0.5:HB=P:CP=P;0.6:HB=P:CP=P;0.7:HB=P:CP=P;0.8:HB=P:CP=P;0.9:HB=P:CP=F;1:HB=F:CP=F,0.01,False,0.000000,,,,0.000000,0.000000,0,0.01,False,0.000000,,False,target_gt_nonlinear_geometry_upper_bound,F|target_gt_nonlinear_geometry_upper_bound|angle_error_gt_5deg|relative_0.25_r_fit
F,SODA-A,oriented_rcnn,angle_error_gt_10deg,absolute_0.001,absolute,0.001000,larger_is_better_true_endpoint_with_persistent_row_tie_break,,0.01:HB=F:CP=F;0.025:HB=F:CP=F;0.05:HB=F:CP=F;0.1:HB=F:CP=F;0.2:HB=F:CP=F;0.3:HB=F:CP=F;0.4:HB=F:CP=F;0.5:HB=F:CP=F;0.6:HB=F:CP=F;0.7:HB=F:CP=F;0.8:HB=F:CP=F;0.9:HB=F:CP=F;1:HB=F:CP=F,0.01,False,0.000000,,,,0.000000,0.000000,0,0.01,False,0.000000,,False,detection_score,F|detection_score|angle_error_gt_10deg|absolute_0.001
F,SODA-A,oriented_rcnn,angle_error_gt_10deg,absolute_0.0025,absolute,0.002500,larger_is_better_true_endpoint_with_persistent_row_tie_break,,0.01:HB=F:CP=F;0.025:HB=F:CP=F;0.05:HB=F:CP=F;0.1:HB=F:CP=F;0.2:HB=F:CP=F;0.3:HB=F:CP=F;0.4:HB=F:CP=F;0.5:HB=F:CP=F;0.6:HB=P:CP=P;0.7:HB=P:CP=P;0.8:HB=P:CP=P;0.9:HB=P:CP=P;1:HB=F:CP=F,0.01,False,0.000000,,,,0.000000,0.000000,0,0.01,False,0.000000,,False,detection_score,F|detection_score|angle_error_gt_10deg|absolute_0.0025
F,SODA-A,oriented_rcnn,angle_error_gt_10deg,absolute_0.005,absolute,0.005000,larger_is_better_true_endpoint_with_persistent_row_tie_break,,0.01:HB=F:CP=F;0.025:HB=F:CP=F;0.05:HB=F:CP=F;0.1:HB=F:CP=F;0.2:HB=F:CP=F;0.3:HB=P:CP=P;0.4:HB=P:CP=P;0.5:HB=P:CP=P;0.6:HB=P:CP=P;0.7:HB=P:CP=P;0.8:HB=P:CP=P;0.9:HB=P:CP=P;1:HB=F:CP=F,0.01,False,0.000000,,,,0.000000,0.000000,0,0.01,False,0.000000,,False,detection_score,F|detection_score|angle_error_gt_10deg|absolute_0.005
F,SODA-A,oriented_rcnn,angle_error_gt_10deg,absolute_0.01,absolute,0.010000,larger_is_better_true_endpoint_with_persistent_row_tie_break,,0.01:HB=F:CP=F;0.025:HB=F:CP=F;0.05:HB=F:CP=F;0.1:HB=F:CP=F;0.2:HB=P:CP=P;0.3:HB=P:CP=P;0.4:HB=P:CP=P;0.5:HB=P:CP=P;0.6:HB=P:CP=P;0.7:HB=P:CP=P;0.8:HB=P:CP=P;0.9:HB=P:CP=P;1:HB=F:CP=F,0.01,False,0.000000,,,,0.000000,0.000000,0,0.01,False,0.000000,,False,detection_score,F|detection_score|angle_error_gt_10deg|absolute_0.01
F,SODA-A,oriented_rcnn,angle_error_gt_10deg,relative_0.5_r_fit,relative,0.006526,larger_is_better_true_endpoint_with_persistent_row_tie_break,,0.01:HB=F:CP=F;0.025:HB=F:CP=F;0.05:HB=F:CP=F;0.1:HB=F:CP=F;0.2:HB=F:CP=F;0.3:HB=P:CP=P;0.4:HB=P:CP=P;0.5:HB=P:CP=P;0.6:HB=P:CP=P;0.7:HB=P:CP=P;0.8:HB=P:CP=P;0.9:HB=P:CP=P;1:HB=F:CP=F,0.01,False,0.000000,,,,0.000000,0.000000,0,0.01,False,0.000000,,False,detection_score,F|detection_score|angle_error_gt_10deg|relative_0.5_r_fit
F,SODA-A,oriented_rcnn,angle_error_gt_10deg,relative_0.25_r_fit,relative,0.003263,larger_is_better_true_endpoint_with_persistent_row_tie_break,,0.01:HB=F:CP=F;0.025:HB=F:CP=F;0.05:HB=F:CP=F;0.1:HB=F:CP=F;0.2:HB=F:CP=F;0.3:HB=F:CP=F;0.4:HB=F:CP=F;0.5:HB=P:CP=P;0.6:HB=P:CP=P;0.7:HB=P:CP=P;0.8:HB=P:CP=P;0.9:HB=P:CP=P;1:HB=F:CP=F,0.01,False,0.000000,,,,0.000000,0.000000,0,0.01,False,0.000000,,False,detection_score,F|detection_score|angle_error_gt_10deg|relative_0.25_r_fit
F,SODA-A,oriented_rcnn,angle_error_gt_10deg,absolute_0.001,absolute,0.001000,larger_is_better_true_endpoint_with_persistent_row_tie_break,,0.01:HB=F:CP=F;0.025:HB=F:CP=F;0.05:HB=F:CP=F;0.1:HB=F:CP=F;0.2:HB=F:CP=F;0.3:HB=F:CP=F;0.4:HB=F:CP=F;0.5:HB=F:CP=F;0.6:HB=F:CP=F;0.7:HB=F:CP=F;0.8:HB=F:CP=F;0.9:HB=F:CP=F;1:HB=F:CP=F,0.01,False,0.000000,,,,0.000000,0.000000,0,0.01,False,0.000000,,False,tta_circular_consistency,F|tta_circular_consistency|angle_error_gt_10deg|absolute_0.001
F,SODA-A,oriented_rcnn,angle_error_gt_10deg,absolute_0.0025,absolute,0.002500,larger_is_better_true_endpoint_with_persistent_row_tie_break,,0.01:HB=F:CP=F;0.025:HB=F:CP=F;0.05:HB=F:CP=F;0.1:HB=F:CP=F;0.2:HB=F:CP=F;0.3:HB=F:CP=F;0.4:HB=F:CP=F;0.5:HB=F:CP=F;0.6:HB=P:CP=P;0.7:HB=P:CP=P;0.8:HB=P:CP=P;0.9:HB=P:CP=P;1:HB=F:CP=F,0.01,False,0.000000,,,,0.000000,0.000000,0,0.01,False,0.000000,,False,tta_circular_consistency,F|tta_circular_consistency|angle_error_gt_10deg|absolute_0.0025
F,SODA-A,oriented_rcnn,angle_error_gt_10deg,absolute_0.005,absolute,0.005000,larger_is_better_true_endpoint_with_persistent_row_tie_break,,0.01:HB=F:CP=F;0.025:HB=F:CP=F;0.05:HB=F:CP=F;0.1:HB=F:CP=F;0.2:HB=F:CP=F;0.3:HB=P:CP=P;0.4:HB=P:CP=P;0.5:HB=P:CP=P;0.6:HB=P:CP=P;0.7:HB=P:CP=P;0.8:HB=P:CP=P;0.9:HB=P:CP=P;1:HB=F:CP=F,0.01,False,0.000000,,,,0.000000,0.000000,0,0.01,False,0.000000,,False,tta_circular_consistency,F|tta_circular_consistency|angle_error_gt_10deg|absolute_0.005
F,SODA-A,oriented_rcnn,angle_error_gt_10deg,absolute_0.01,absolute,0.010000,larger_is_better_true_endpoint_with_persistent_row_tie_break,,0.01:HB=F:CP=F;0.025:HB=F:CP=F;0.05:HB=F:CP=F;0.1:HB=F:CP=F;0.2:HB=P:CP=P;0.3:HB=P:CP=P;0.4:HB=P:CP=P;0.5:HB=P:CP=P;0.6:HB=P:CP=P;0.7:HB=P:CP=P;0.8:HB=P:CP=P;0.9:HB=P:CP=P;1:HB=F:CP=F,0.01,False,0.000000,,,,0.000000,0.000000,0,0.01,False,0.000000,,False,tta_circular_consistency,F|tta_circular_consistency|angle_error_gt_10deg|absolute_0.01
F,SODA-A,oriented_rcnn,angle_error_gt_10deg,relative_0.5_r_fit,relative,0.006526,larger_is_better_true_endpoint_with_persistent_row_tie_break,,0.01:HB=F:CP=F;0.025:HB=F:CP=F;0.05:HB=F:CP=F;0.1:HB=F:CP=F;0.2:HB=F:CP=F;0.3:HB=P:CP=P;0.4:HB=P:CP=P;0.5:HB=P:CP=P;0.6:HB=P:CP=P;0.7:HB=P:CP=P;0.8:HB=P:CP=P;0.9:HB=P:CP=P;1:HB=F:CP=F,0.01,False,0.000000,,,,0.000000,0.000000,0,0.01,False,0.000000,,False,tta_circular_consistency,F|tta_circular_consistency|angle_error_gt_10deg|relative_0.5_r_fit
F,SODA-A,oriented_rcnn,angle_error_gt_10deg,relative_0.25_r_fit,relative,0.003263,larger_is_better_true_endpoint_with_persistent_row_tie_break,,0.01:HB=F:CP=F;0.025:HB=F:CP=F;0.05:HB=F:CP=F;0.1:HB=F:CP=F;0.2:HB=F:CP=F;0.3:HB=F:CP=F;0.4:HB=F:CP=F;0.5:HB=P:CP=P;0.6:HB=P:CP=P;0.7:HB=P:CP=P;0.8:HB=P:CP=P;0.9:HB=P:CP=P;1:HB=F:CP=F,0.01,False,0.000000,,,,0.000000,0.000000,0,0.01,False,0.000000,,False,tta_circular_consistency,F|tta_circular_consistency|angle_error_gt_10deg|relative_0.25_r_fit
F,SODA-A,oriented_rcnn,angle_error_gt_10deg,absolute_0.001,absolute,0.001000,larger_is_better_true_endpoint_with_persistent_row_tie_break,,0.01:HB=F:CP=F;0.025:HB=F:CP=F;0.05:HB=F:CP=F;0.1:HB=F:CP=F;0.2:HB=F:CP=F;0.3:HB=F:CP=F;0.4:HB=F:CP=F;0.5:HB=F:CP=F;0.6:HB=F:CP=F;0.7:HB=F:CP=F;0.8:HB=F:CP=F;0.9:HB=F:CP=F;1:HB=F:CP=F,0.01,False,0.000000,,,,0.000000,0.000000,0,0.01,False,0.000000,,False,source_supervised_leave_geometry,F|source_supervised_leave_geometry|angle_error_gt_10deg|absolute_0.001
F,SODA-A,oriented_rcnn,angle_error_gt_10deg,absolute_0.0025,absolute,0.002500,larger_is_better_true_endpoint_with_persistent_row_tie_break,,0.01:HB=F:CP=F;0.025:HB=F:CP=F;0.05:HB=F:CP=F;0.1:HB=F:CP=F;0.2:HB=F:CP=F;0.3:HB=F:CP=F;0.4:HB=F:CP=F;0.5:HB=F:CP=F;0.6:HB=P:CP=P;0.7:HB=P:CP=P;0.8:HB=P:CP=P;0.9:HB=P:CP=P;1:HB=F:CP=F,0.01,False,0.000000,,,,0.000000,0.000000,0,0.01,False,0.000000,,False,source_supervised_leave_geometry,F|source_supervised_leave_geometry|angle_error_gt_10deg|absolute_0.0025
F,SODA-A,oriented_rcnn,angle_error_gt_10deg,absolute_0.005,absolute,0.005000,larger_is_better_true_endpoint_with_persistent_row_tie_break,,0.01:HB=F:CP=F;0.025:HB=F:CP=F;0.05:HB=F:CP=F;0.1:HB=F:CP=F;0.2:HB=F:CP=F;0.3:HB=P:CP=P;0.4:HB=P:CP=P;0.5:HB=P:CP=P;0.6:HB=P:CP=P;0.7:HB=P:CP=P;0.8:HB=P:CP=P;0.9:HB=P:CP=P;1:HB=F:CP=F,0.01,False,0.000000,,,,0.000000,0.000000,0,0.01,False,0.000000,,False,source_supervised_leave_geometry,F|source_supervised_leave_geometry|angle_error_gt_10deg|absolute_0.005
F,SODA-A,oriented_rcnn,angle_error_gt_10deg,absolute_0.01,absolute,0.010000,larger_is_better_true_endpoint_with_persistent_row_tie_break,,0.01:HB=F:CP=F;0.025:HB=F:CP=F;0.05:HB=F:CP=F;0.1:HB=F:CP=F;0.2:HB=P:CP=P;0.3:HB=P:CP=P;0.4:HB=P:CP=P;0.5:HB=P:CP=P;0.6:HB=P:CP=P;0.7:HB=P:CP=P;0.8:HB=P:CP=P;0.9:HB=P:CP=P;1:HB=F:CP=F,0.01,False,0.000000,,,,0.000000,0.000000,0,0.01,False,0.000000,,False,source_supervised_leave_geometry,F|source_supervised_leave_geometry|angle_error_gt_10deg|absolute_0.01
F,SODA-A,oriented_rcnn,angle_error_gt_10deg,relative_0.5_r_fit,relative,0.006526,larger_is_better_true_endpoint_with_persistent_row_tie_break,,0.01:HB=F:CP=F;0.025:HB=F:CP=F;0.05:HB=F:CP=F;0.1:HB=F:CP=F;0.2:HB=F:CP=F;0.3:HB=P:CP=P;0.4:HB=P:CP=P;0.5:HB=P:CP=P;0.6:HB=P:CP=P;0.7:HB=P:CP=P;0.8:HB=P:CP=P;0.9:HB=P:CP=P;1:HB=F:CP=F,0.01,False,0.000000,,,,0.000000,0.000000,0,0.01,False,0.000000,,False,source_supervised_leave_geometry,F|source_supervised_leave_geometry|angle_error_gt_10deg|relative_0.5_r_fit
F,SODA-A,oriented_rcnn,angle_error_gt_10deg,relative_0.25_r_fit,relative,0.003263,larger_is_better_true_endpoint_with_persistent_row_tie_break,,0.01:HB=F:CP=F;0.025:HB=F:CP=F;0.05:HB=F:CP=F;0.1:HB=F:CP=F;0.2:HB=F:CP=F;0.3:HB=F:CP=F;0.4:HB=F:CP=F;0.5:HB=P:CP=P;0.6:HB=P:CP=P;0.7:HB=P:CP=P;0.8:HB=P:CP=P;0.9:HB=P:CP=P;1:HB=F:CP=F,0.01,False,0.000000,,,,0.000000,0.000000,0,0.01,False,0.000000,,False,source_supervised_leave_geometry,F|source_supervised_leave_geometry|angle_error_gt_10deg|relative_0.25_r_fit
F,SODA-A,oriented_rcnn,angle_error_gt_10deg,absolute_0.001,absolute,0.001000,larger_is_better_true_endpoint_with_persistent_row_tie_break,,0.01:HB=F:CP=F;0.025:HB=F:CP=F;0.05:HB=F:CP=F;0.1:HB=F:CP=F;0.2:HB=F:CP=F;0.3:HB=F:CP=F;0.4:HB=F:CP=F;0.5:HB=F:CP=F;0.6:HB=F:CP=F;0.7:HB=F:CP=F;0.8:HB=F:CP=F;0.9:HB=F:CP=F;1:HB=F:CP=F,0.01,False,0.000000,,,,0.000000,0.000000,0,0.01,False,0.000000,,False,target_gt_nonlinear_geometry_upper_bound,F|target_gt_nonlinear_geometry_upper_bound|angle_error_gt_10deg|absolute_0.001
F,SODA-A,oriented_rcnn,angle_error_gt_10deg,absolute_0.0025,absolute,0.002500,larger_is_better_true_endpoint_with_persistent_row_tie_break,,0.01:HB=F:CP=F;0.025:HB=F:CP=F;0.05:HB=F:CP=F;0.1:HB=F:CP=F;0.2:HB=F:CP=F;0.3:HB=F:CP=F;0.4:HB=F:CP=F;0.5:HB=F:CP=F;0.6:HB=P:CP=P;0.7:HB=P:CP=P;0.8:HB=P:CP=P;0.9:HB=P:CP=P;1:HB=F:CP=F,0.01,False,0.000000,,,,0.000000,0.000000,0,0.01,False,0.000000,,False,target_gt_nonlinear_geometry_upper_bound,F|target_gt_nonlinear_geometry_upper_bound|angle_error_gt_10deg|absolute_0.0025
F,SODA-A,oriented_rcnn,angle_error_gt_10deg,absolute_0.005,absolute,0.005000,larger_is_better_true_endpoint_with_persistent_row_tie_break,,0.01:HB=F:CP=F;0.025:HB=F:CP=F;0.05:HB=F:CP=F;0.1:HB=F:CP=F;0.2:HB=F:CP=F;0.3:HB=P:CP=P;0.4:HB=P:CP=P;0.5:HB=P:CP=P;0.6:HB=P:CP=P;0.7:HB=P:CP=P;0.8:HB=P:CP=P;0.9:HB=P:CP=P;1:HB=F:CP=F,0.01,False,0.000000,,,,0.000000,0.000000,0,0.01,False,0.000000,,False,target_gt_nonlinear_geometry_upper_bound,F|target_gt_nonlinear_geometry_upper_bound|angle_error_gt_10deg|absolute_0.005
F,SODA-A,oriented_rcnn,angle_error_gt_10deg,absolute_0.01,absolute,0.010000,larger_is_better_true_endpoint_with_persistent_row_tie_break,,0.01:HB=F:CP=F;0.025:HB=F:CP=F;0.05:HB=F:CP=F;0.1:HB=F:CP=F;0.2:HB=P:CP=P;0.3:HB=P:CP=P;0.4:HB=P:CP=P;0.5:HB=P:CP=P;0.6:HB=P:CP=P;0.7:HB=P:CP=P;0.8:HB=P:CP=P;0.9:HB=P:CP=P;1:HB=F:CP=F,0.01,False,0.000000,,,,0.000000,0.000000,0,0.01,False,0.000000,,False,target_gt_nonlinear_geometry_upper_bound,F|target_gt_nonlinear_geometry_upper_bound|angle_error_gt_10deg|absolute_0.01
F,SODA-A,oriented_rcnn,angle_error_gt_10deg,relative_0.5_r_fit,relative,0.006526,larger_is_better_true_endpoint_with_persistent_row_tie_break,,0.01:HB=F:CP=F;0.025:HB=F:CP=F;0.05:HB=F:CP=F;0.1:HB=F:CP=F;0.2:HB=F:CP=F;0.3:HB=P:CP=P;0.4:HB=P:CP=P;0.5:HB=P:CP=P;0.6:HB=P:CP=P;0.7:HB=P:CP=P;0.8:HB=P:CP=P;0.9:HB=P:CP=P;1:HB=F:CP=F,0.01,False,0.000000,,,,0.000000,0.000000,0,0.01,False,0.000000,,False,target_gt_nonlinear_geometry_upper_bound,F|target_gt_nonlinear_geometry_upper_bound|angle_error_gt_10deg|relative_0.5_r_fit
F,SODA-A,oriented_rcnn,angle_error_gt_10deg,relative_0.25_r_fit,relative,0.003263,larger_is_better_true_endpoint_with_persistent_row_tie_break,,0.01:HB=F:CP=F;0.025:HB=F:CP=F;0.05:HB=F:CP=F;0.1:HB=F:CP=F;0.2:HB=F:CP=F;0.3:HB=F:CP=F;0.4:HB=F:CP=F;0.5:HB=P:CP=P;0.6:HB=P:CP=P;0.7:HB=P:CP=P;0.8:HB=P:CP=P;0.9:HB=P:CP=P;1:HB=F:CP=F,0.01,False,0.000000,,,,0.000000,0.000000,0,0.01,False,0.000000,,False,target_gt_nonlinear_geometry_upper_bound,F|target_gt_nonlinear_geometry_upper_bound|angle_error_gt_10deg|relative_0.25_r_fit
F,SODA-A,oriented_rcnn,angle_error_gt_15deg,absolute_0.001,absolute,0.001000,larger_is_better_true_endpoint_with_persistent_row_tie_break,,0.01:HB=F:CP=F;0.025:HB=F:CP=F;0.05:HB=F:CP=F;0.1:HB=F:CP=F;0.2:HB=F:CP=F;0.3:HB=F:CP=F;0.4:HB=F:CP=F;0.5:HB=F:CP=F;0.6:HB=F:CP=F;0.7:HB=F:CP=F;0.8:HB=F:CP=F;0.9:HB=F:CP=F;1:HB=F:CP=F,0.01,False,0.000000,,,,0.000000,0.000000,0,0.01,False,0.000000,,False,detection_score,F|detection_score|angle_error_gt_15deg|absolute_0.001
F,SODA-A,oriented_rcnn,angle_error_gt_15deg,absolute_0.0025,absolute,0.002500,larger_is_better_true_endpoint_with_persistent_row_tie_break,,0.01:HB=F:CP=F;0.025:HB=F:CP=F;0.05:HB=F:CP=F;0.1:HB=F:CP=F;0.2:HB=F:CP=F;0.3:HB=F:CP=F;0.4:HB=F:CP=F;0.5:HB=F:CP=F;0.6:HB=P:CP=P;0.7:HB=P:CP=P;0.8:HB=P:CP=P;0.9:HB=P:CP=P;1:HB=F:CP=F,0.01,False,0.000000,,,,0.000000,0.000000,0,0.01,False,0.000000,,False,detection_score,F|detection_score|angle_error_gt_15deg|absolute_0.0025
F,SODA-A,oriented_rcnn,angle_error_gt_15deg,absolute_0.005,absolute,0.005000,larger_is_better_true_endpoint_with_persistent_row_tie_break,,0.01:HB=F:CP=F;0.025:HB=F:CP=F;0.05:HB=F:CP=F;0.1:HB=F:CP=F;0.2:HB=F:CP=F;0.3:HB=F:CP=F;0.4:HB=P:CP=P;0.5:HB=P:CP=P;0.6:HB=P:CP=P;0.7:HB=P:CP=P;0.8:HB=P:CP=P;0.9:HB=P:CP=P;1:HB=F:CP=F,0.01,False,0.000000,,,,0.000000,0.000000,0,0.01,False,0.000000,,False,detection_score,F|detection_score|angle_error_gt_15deg|absolute_0.005
F,SODA-A,oriented_rcnn,angle_error_gt_15deg,absolute_0.01,absolute,0.010000,larger_is_better_true_endpoint_with_persistent_row_tie_break,,0.01:HB=F:CP=F;0.025:HB=F:CP=F;0.05:HB=F:CP=F;0.1:HB=F:CP=F;0.2:HB=P:CP=P;0.3:HB=P:CP=P;0.4:HB=P:CP=P;0.5:HB=P:CP=P;0.6:HB=P:CP=P;0.7:HB=P:CP=P;0.8:HB=P:CP=P;0.9:HB=P:CP=P;1:HB=P:CP=F,0.01,False,0.000000,,,,0.000000,0.000000,0,0.01,False,0.000000,,False,detection_score,F|detection_score|angle_error_gt_15deg|absolute_0.01
F,SODA-A,oriented_rcnn,angle_error_gt_15deg,relative_0.5_r_fit,relative,0.001191,larger_is_better_true_endpoint_with_persistent_row_tie_break,,0.01:HB=F:CP=F;0.025:HB=F:CP=F;0.05:HB=F:CP=F;0.1:HB=F:CP=F;0.2:HB=F:CP=F;0.3:HB=F:CP=F;0.4:HB=F:CP=F;0.5:HB=F:CP=F;0.6:HB=F:CP=F;0.7:HB=F:CP=F;0.8:HB=F:CP=F;0.9:HB=F:CP=F;1:HB=F:CP=F,0.01,False,0.000000,,,,0.000000,0.000000,0,0.01,False,0.000000,,False,detection_score,F|detection_score|angle_error_gt_15deg|relative_0.5_r_fit
F,SODA-A,oriented_rcnn,angle_error_gt_15deg,relative_0.25_r_fit,relative,0.000596,larger_is_better_true_endpoint_with_persistent_row_tie_break,,0.01:HB=F:CP=F;0.025:HB=F:CP=F;0.05:HB=F:CP=F;0.1:HB=F:CP=F;0.2:HB=F:CP=F;0.3:HB=F:CP=F;0.4:HB=F:CP=F;0.5:HB=F:CP=F;0.6:HB=F:CP=F;0.7:HB=F:CP=F;0.8:HB=F:CP=F;0.9:HB=F:CP=F;1:HB=F:CP=F,0.01,False,0.000000,,,,0.000000,0.000000,0,0.01,False,0.000000,,False,detection_score,F|detection_score|angle_error_gt_15deg|relative_0.25_r_fit
F,SODA-A,oriented_rcnn,angle_error_gt_15deg,absolute_0.001,absolute,0.001000,larger_is_better_true_endpoint_with_persistent_row_tie_break,,0.01:HB=F:CP=F;0.025:HB=F:CP=F;0.05:HB=F:CP=F;0.1:HB=F:CP=F;0.2:HB=F:CP=F;0.3:HB=F:CP=F;0.4:HB=F:CP=F;0.5:HB=F:CP=F;0.6:HB=F:CP=F;0.7:HB=F:CP=F;0.8:HB=F:CP=F;0.9:HB=F:CP=F;1:HB=F:CP=F,0.01,False,0.000000,,,,0.000000,0.000000,0,0.01,False,0.000000,,False,tta_circular_consistency,F|tta_circular_consistency|angle_error_gt_15deg|absolute_0.001
F,SODA-A,oriented_rcnn,angle_error_gt_15deg,absolute_0.0025,absolute,0.002500,larger_is_better_true_endpoint_with_persistent_row_tie_break,,0.01:HB=F:CP=F;0.025:HB=F:CP=F;0.05:HB=F:CP=F;0.1:HB=F:CP=F;0.2:HB=F:CP=F;0.3:HB=F:CP=F;0.4:HB=F:CP=F;0.5:HB=F:CP=F;0.6:HB=P:CP=P;0.7:HB=P:CP=P;0.8:HB=P:CP=P;0.9:HB=P:CP=P;1:HB=F:CP=F,0.01,False,0.000000,,,,0.000000,0.000000,0,0.01,False,0.000000,,False,tta_circular_consistency,F|tta_circular_consistency|angle_error_gt_15deg|absolute_0.0025
F,SODA-A,oriented_rcnn,angle_error_gt_15deg,absolute_0.005,absolute,0.005000,larger_is_better_true_endpoint_with_persistent_row_tie_break,,0.01:HB=F:CP=F;0.025:HB=F:CP=F;0.05:HB=F:CP=F;0.1:HB=F:CP=F;0.2:HB=F:CP=F;0.3:HB=F:CP=F;0.4:HB=P:CP=P;0.5:HB=P:CP=P;0.6:HB=P:CP=P;0.7:HB=P:CP=P;0.8:HB=P:CP=P;0.9:HB=P:CP=P;1:HB=F:CP=F,0.01,False,0.000000,,,,0.000000,0.000000,0,0.01,False,0.000000,,False,tta_circular_consistency,F|tta_circular_consistency|angle_error_gt_15deg|absolute_0.005
F,SODA-A,oriented_rcnn,angle_error_gt_15deg,absolute_0.01,absolute,0.010000,larger_is_better_true_endpoint_with_persistent_row_tie_break,,0.01:HB=F:CP=F;0.025:HB=F:CP=F;0.05:HB=F:CP=F;0.1:HB=F:CP=F;0.2:HB=P:CP=P;0.3:HB=P:CP=P;0.4:HB=P:CP=P;0.5:HB=P:CP=P;0.6:HB=P:CP=P;0.7:HB=P:CP=P;0.8:HB=P:CP=P;0.9:HB=P:CP=P;1:HB=P:CP=F,0.01,False,0.000000,,,,0.000000,0.000000,0,0.01,False,0.000000,,False,tta_circular_consistency,F|tta_circular_consistency|angle_error_gt_15deg|absolute_0.01
F,SODA-A,oriented_rcnn,angle_error_gt_15deg,relative_0.5_r_fit,relative,0.001191,larger_is_better_true_endpoint_with_persistent_row_tie_break,,0.01:HB=F:CP=F;0.025:HB=F:CP=F;0.05:HB=F:CP=F;0.1:HB=F:CP=F;0.2:HB=F:CP=F;0.3:HB=F:CP=F;0.4:HB=F:CP=F;0.5:HB=F:CP=F;0.6:HB=F:CP=F;0.7:HB=F:CP=F;0.8:HB=F:CP=F;0.9:HB=F:CP=F;1:HB=F:CP=F,0.01,False,0.000000,,,,0.000000,0.000000,0,0.01,False,0.000000,,False,tta_circular_consistency,F|tta_circular_consistency|angle_error_gt_15deg|relative_0.5_r_fit
F,SODA-A,oriented_rcnn,angle_error_gt_15deg,relative_0.25_r_fit,relative,0.000596,larger_is_better_true_endpoint_with_persistent_row_tie_break,,0.01:HB=F:CP=F;0.025:HB=F:CP=F;0.05:HB=F:CP=F;0.1:HB=F:CP=F;0.2:HB=F:CP=F;0.3:HB=F:CP=F;0.4:HB=F:CP=F;0.5:HB=F:CP=F;0.6:HB=F:CP=F;0.7:HB=F:CP=F;0.8:HB=F:CP=F;0.9:HB=F:CP=F;1:HB=F:CP=F,0.01,False,0.000000,,,,0.000000,0.000000,0,0.01,False,0.000000,,False,tta_circular_consistency,F|tta_circular_consistency|angle_error_gt_15deg|relative_0.25_r_fit
F,SODA-A,oriented_rcnn,angle_error_gt_15deg,absolute_0.001,absolute,0.001000,larger_is_better_true_endpoint_with_persistent_row_tie_break,,0.01:HB=F:CP=F;0.025:HB=F:CP=F;0.05:HB=F:CP=F;0.1:HB=F:CP=F;0.2:HB=F:CP=F;0.3:HB=F:CP=F;0.4:HB=F:CP=F;0.5:HB=F:CP=F;0.6:HB=F:CP=F;0.7:HB=F:CP=F;0.8:HB=F:CP=F;0.9:HB=F:CP=F;1:HB=F:CP=F,0.01,False,0.000000,,,,0.000000,0.000000,0,0.01,False,0.000000,,False,source_supervised_leave_geometry,F|source_supervised_leave_geometry|angle_error_gt_15deg|absolute_0.001
F,SODA-A,oriented_rcnn,angle_error_gt_15deg,absolute_0.0025,absolute,0.002500,larger_is_better_true_endpoint_with_persistent_row_tie_break,,0.01:HB=F:CP=F;0.025:HB=F:CP=F;0.05:HB=F:CP=F;0.1:HB=F:CP=F;0.2:HB=F:CP=F;0.3:HB=F:CP=F;0.4:HB=F:CP=F;0.5:HB=F:CP=F;0.6:HB=P:CP=P;0.7:HB=P:CP=P;0.8:HB=P:CP=P;0.9:HB=P:CP=P;1:HB=F:CP=F,0.01,False,0.000000,,,,0.000000,0.000000,0,0.01,False,0.000000,,False,source_supervised_leave_geometry,F|source_supervised_leave_geometry|angle_error_gt_15deg|absolute_0.0025
F,SODA-A,oriented_rcnn,angle_error_gt_15deg,absolute_0.005,absolute,0.005000,larger_is_better_true_endpoint_with_persistent_row_tie_break,,0.01:HB=F:CP=F;0.025:HB=F:CP=F;0.05:HB=F:CP=F;0.1:HB=F:CP=F;0.2:HB=F:CP=F;0.3:HB=F:CP=F;0.4:HB=P:CP=P;0.5:HB=P:CP=P;0.6:HB=P:CP=P;0.7:HB=P:CP=P;0.8:HB=P:CP=P;0.9:HB=P:CP=P;1:HB=F:CP=F,0.01,False,0.000000,,,,0.000000,0.000000,0,0.01,False,0.000000,,False,source_supervised_leave_geometry,F|source_supervised_leave_geometry|angle_error_gt_15deg|absolute_0.005
F,SODA-A,oriented_rcnn,angle_error_gt_15deg,absolute_0.01,absolute,0.010000,larger_is_better_true_endpoint_with_persistent_row_tie_break,,0.01:HB=F:CP=F;0.025:HB=F:CP=F;0.05:HB=F:CP=F;0.1:HB=F:CP=F;0.2:HB=P:CP=P;0.3:HB=P:CP=P;0.4:HB=P:CP=P;0.5:HB=P:CP=P;0.6:HB=P:CP=P;0.7:HB=P:CP=P;0.8:HB=P:CP=P;0.9:HB=P:CP=P;1:HB=P:CP=F,0.01,False,0.000000,,,,0.000000,0.000000,0,0.01,False,0.000000,,False,source_supervised_leave_geometry,F|source_supervised_leave_geometry|angle_error_gt_15deg|absolute_0.01
F,SODA-A,oriented_rcnn,angle_error_gt_15deg,relative_0.5_r_fit,relative,0.001191,larger_is_better_true_endpoint_with_persistent_row_tie_break,,0.01:HB=F:CP=F;0.025:HB=F:CP=F;0.05:HB=F:CP=F;0.1:HB=F:CP=F;0.2:HB=F:CP=F;0.3:HB=F:CP=F;0.4:HB=F:CP=F;0.5:HB=F:CP=F;0.6:HB=F:CP=F;0.7:HB=F:CP=F;0.8:HB=F:CP=F;0.9:HB=F:CP=F;1:HB=F:CP=F,0.01,False,0.000000,,,,0.000000,0.000000,0,0.01,False,0.000000,,False,source_supervised_leave_geometry,F|source_supervised_leave_geometry|angle_error_gt_15deg|relative_0.5_r_fit
F,SODA-A,oriented_rcnn,angle_error_gt_15deg,relative_0.25_r_fit,relative,0.000596,larger_is_better_true_endpoint_with_persistent_row_tie_break,,0.01:HB=F:CP=F;0.025:HB=F:CP=F;0.05:HB=F:CP=F;0.1:HB=F:CP=F;0.2:HB=F:CP=F;0.3:HB=F:CP=F;0.4:HB=F:CP=F;0.5:HB=F:CP=F;0.6:HB=F:CP=F;0.7:HB=F:CP=F;0.8:HB=F:CP=F;0.9:HB=F:CP=F;1:HB=F:CP=F,0.01,False,0.000000,,,,0.000000,0.000000,0,0.01,False,0.000000,,False,source_supervised_leave_geometry,F|source_supervised_leave_geometry|angle_error_gt_15deg|relative_0.25_r_fit
F,SODA-A,oriented_rcnn,angle_error_gt_15deg,absolute_0.001,absolute,0.001000,larger_is_better_true_endpoint_with_persistent_row_tie_break,,0.01:HB=F:CP=F;0.025:HB=F:CP=F;0.05:HB=F:CP=F;0.1:HB=F:CP=F;0.2:HB=F:CP=F;0.3:HB=F:CP=F;0.4:HB=F:CP=F;0.5:HB=F:CP=F;0.6:HB=F:CP=F;0.7:HB=F:CP=F;0.8:HB=F:CP=F;0.9:HB=F:CP=F;1:HB=F:CP=F,0.01,False,0.000000,,,,0.000000,0.000000,0,0.01,False,0.000000,,False,target_gt_nonlinear_geometry_upper_bound,F|target_gt_nonlinear_geometry_upper_bound|angle_error_gt_15deg|absolute_0.001
F,SODA-A,oriented_rcnn,angle_error_gt_15deg,absolute_0.0025,absolute,0.002500,larger_is_better_true_endpoint_with_persistent_row_tie_break,,0.01:HB=F:CP=F;0.025:HB=F:CP=F;0.05:HB=F:CP=F;0.1:HB=F:CP=F;0.2:HB=F:CP=F;0.3:HB=F:CP=F;0.4:HB=F:CP=F;0.5:HB=F:CP=F;0.6:HB=P:CP=P;0.7:HB=P:CP=P;0.8:HB=P:CP=P;0.9:HB=P:CP=P;1:HB=F:CP=F,0.01,False,0.000000,,,,0.000000,0.000000,0,0.01,False,0.000000,,False,target_gt_nonlinear_geometry_upper_bound,F|target_gt_nonlinear_geometry_upper_bound|angle_error_gt_15deg|absolute_0.0025
F,SODA-A,oriented_rcnn,angle_error_gt_15deg,absolute_0.005,absolute,0.005000,larger_is_better_true_endpoint_with_persistent_row_tie_break,,0.01:HB=F:CP=F;0.025:HB=F:CP=F;0.05:HB=F:CP=F;0.1:HB=F:CP=F;0.2:HB=F:CP=F;0.3:HB=F:CP=F;0.4:HB=P:CP=P;0.5:HB=P:CP=P;0.6:HB=P:CP=P;0.7:HB=P:CP=P;0.8:HB=P:CP=P;0.9:HB=P:CP=P;1:HB=F:CP=F,0.01,False,0.000000,,,,0.000000,0.000000,0,0.01,False,0.000000,,False,target_gt_nonlinear_geometry_upper_bound,F|target_gt_nonlinear_geometry_upper_bound|angle_error_gt_15deg|absolute_0.005
F,SODA-A,oriented_rcnn,angle_error_gt_15deg,absolute_0.01,absolute,0.010000,larger_is_better_true_endpoint_with_persistent_row_tie_break,,0.01:HB=F:CP=F;0.025:HB=F:CP=F;0.05:HB=F:CP=F;0.1:HB=F:CP=F;0.2:HB=P:CP=P;0.3:HB=P:CP=P;0.4:HB=P:CP=P;0.5:HB=P:CP=P;0.6:HB=P:CP=P;0.7:HB=P:CP=P;0.8:HB=P:CP=P;0.9:HB=P:CP=P;1:HB=P:CP=F,0.01,False,0.000000,,,,0.000000,0.000000,0,0.01,False,0.000000,,False,target_gt_nonlinear_geometry_upper_bound,F|target_gt_nonlinear_geometry_upper_bound|angle_error_gt_15deg|absolute_0.01
F,SODA-A,oriented_rcnn,angle_error_gt_15deg,relative_0.5_r_fit,relative,0.001191,larger_is_better_true_endpoint_with_persistent_row_tie_break,,0.01:HB=F:CP=F;0.025:HB=F:CP=F;0.05:HB=F:CP=F;0.1:HB=F:CP=F;0.2:HB=F:CP=F;0.3:HB=F:CP=F;0.4:HB=F:CP=F;0.5:HB=F:CP=F;0.6:HB=F:CP=F;0.7:HB=F:CP=F;0.8:HB=F:CP=F;0.9:HB=F:CP=F;1:HB=F:CP=F,0.01,False,0.000000,,,,0.000000,0.000000,0,0.01,False,0.000000,,False,target_gt_nonlinear_geometry_upper_bound,F|target_gt_nonlinear_geometry_upper_bound|angle_error_gt_15deg|relative_0.5_r_fit
F,SODA-A,oriented_rcnn,angle_error_gt_15deg,relative_0.25_r_fit,relative,0.000596,larger_is_better_true_endpoint_with_persistent_row_tie_break,,0.01:HB=F:CP=F;0.025:HB=F:CP=F;0.05:HB=F:CP=F;0.1:HB=F:CP=F;0.2:HB=F:CP=F;0.3:HB=F:CP=F;0.4:HB=F:CP=F;0.5:HB=F:CP=F;0.6:HB=F:CP=F;0.7:HB=F:CP=F;0.8:HB=F:CP=F;0.9:HB=F:CP=F;1:HB=F:CP=F,0.01,False,0.000000,,,,0.000000,0.000000,0,0.01,False,0.000000,,False,target_gt_nonlinear_geometry_upper_bound,F|target_gt_nonlinear_geometry_upper_bound|angle_error_gt_15deg|relative_0.25_r_fit
