evaluation_unit,dataset,detector,score,risk_endpoint,alpha_label,alpha,perturbation,changed_count,baseline_order_sha256,perturbed_order_sha256,match
A,DIOR-R,rotated_retinanet_psc,detection_score,geometry_normalized_severe,absolute_0.001,0.001000,calib,1,7888e990227a6720bfef7375c6ef18d6a46dc815160e649fa9346badc74856b4,7888e990227a6720bfef7375c6ef18d6a46dc815160e649fa9346badc74856b4,True
A,DIOR-R,rotated_retinanet_psc,detection_score,geometry_normalized_severe,absolute_0.001,0.001000,audit,1,7888e990227a6720bfef7375c6ef18d6a46dc815160e649fa9346badc74856b4,7888e990227a6720bfef7375c6ef18d6a46dc815160e649fa9346badc74856b4,True
A,DIOR-R,rotated_retinanet_psc,detection_score,geometry_normalized_severe,absolute_0.0025,0.002500,calib,1,8c4a95d0c5ffe97bcb6329c02a41abcbc456a387a1284676d20d44605aa5ab72,8c4a95d0c5ffe97bcb6329c02a41abcbc456a387a1284676d20d44605aa5ab72,True
A,DIOR-R,rotated_retinanet_psc,detection_score,geometry_normalized_severe,absolute_0.0025,0.002500,audit,1,8c4a95d0c5ffe97bcb6329c02a41abcbc456a387a1284676d20d44605aa5ab72,8c4a95d0c5ffe97bcb6329c02a41abcbc456a387a1284676d20d44605aa5ab72,True
A,DIOR-R,rotated_retinanet_psc,detection_score,geometry_normalized_severe,absolute_0.005,0.005000,calib,1,7c56a4a0f5ead76a88b7220a6961b671c445f9116629ee158519133e8dd1458d,7c56a4a0f5ead76a88b7220a6961b671c445f9116629ee158519133e8dd1458d,True
A,DIOR-R,rotated_retinanet_psc,detection_score,geometry_normalized_severe,absolute_0.005,0.005000,audit,1,7c56a4a0f5ead76a88b7220a6961b671c445f9116629ee158519133e8dd1458d,7c56a4a0f5ead76a88b7220a6961b671c445f9116629ee158519133e8dd1458d,True
A,DIOR-R,rotated_retinanet_psc,detection_score,geometry_normalized_severe,absolute_0.01,0.010000,calib,1,215dbc9b51da02b9dd7ba2641c38cb9a7de2b85073af6a018235db99952d7096,215dbc9b51da02b9dd7ba2641c38cb9a7de2b85073af6a018235db99952d7096,True
A,DIOR-R,rotated_retinanet_psc,detection_score,geometry_normalized_severe,absolute_0.01,0.010000,audit,1,215dbc9b51da02b9dd7ba2641c38cb9a7de2b85073af6a018235db99952d7096,215dbc9b51da02b9dd7ba2641c38cb9a7de2b85073af6a018235db99952d7096,True
A,DIOR-R,rotated_retinanet_psc,detection_score,geometry_normalized_severe,relative_0.5_r_fit,0.010003,calib,1,9c9f0dd69f9387ef69d53731e4821230cd94cea71b78aa87d81ddf5c11dbee44,9c9f0dd69f9387ef69d53731e4821230cd94cea71b78aa87d81ddf5c11dbee44,True
A,DIOR-R,rotated_retinanet_psc,detection_score,geometry_normalized_severe,relative_0.5_r_fit,0.010003,audit,1,9c9f0dd69f9387ef69d53731e4821230cd94cea71b78aa87d81ddf5c11dbee44,9c9f0dd69f9387ef69d53731e4821230cd94cea71b78aa87d81ddf5c11dbee44,True
A,DIOR-R,rotated_retinanet_psc,detection_score,geometry_normalized_severe,relative_0.25_r_fit,0.005002,calib,1,19bbd392e029977237ac2030fb773336d751730128d1fd832a7144755f70e951,19bbd392e029977237ac2030fb773336d751730128d1fd832a7144755f70e951,True
A,DIOR-R,rotated_retinanet_psc,detection_score,geometry_normalized_severe,relative_0.25_r_fit,0.005002,audit,1,19bbd392e029977237ac2030fb773336d751730128d1fd832a7144755f70e951,19bbd392e029977237ac2030fb773336d751730128d1fd832a7144755f70e951,True
A,DIOR-R,rotated_retinanet_psc,tta_circular_consistency,geometry_normalized_severe,absolute_0.001,0.001000,calib,1,a1efd7a480fa4a2dbc3fe1258c839b31f432360335f0c815d3185eae3fd7f8c5,a1efd7a480fa4a2dbc3fe1258c839b31f432360335f0c815d3185eae3fd7f8c5,True
A,DIOR-R,rotated_retinanet_psc,tta_circular_consistency,geometry_normalized_severe,absolute_0.001,0.001000,audit,1,a1efd7a480fa4a2dbc3fe1258c839b31f432360335f0c815d3185eae3fd7f8c5,a1efd7a480fa4a2dbc3fe1258c839b31f432360335f0c815d3185eae3fd7f8c5,True
A,DIOR-R,rotated_retinanet_psc,tta_circular_consistency,geometry_normalized_severe,absolute_0.0025,0.002500,calib,1,0ec36ab9adb872c126b82237e38bd5f9e9809a7f2a45a878b2a64348912fcbb7,0ec36ab9adb872c126b82237e38bd5f9e9809a7f2a45a878b2a64348912fcbb7,True
A,DIOR-R,rotated_retinanet_psc,tta_circular_consistency,geometry_normalized_severe,absolute_0.0025,0.002500,audit,1,0ec36ab9adb872c126b82237e38bd5f9e9809a7f2a45a878b2a64348912fcbb7,0ec36ab9adb872c126b82237e38bd5f9e9809a7f2a45a878b2a64348912fcbb7,True
A,DIOR-R,rotated_retinanet_psc,tta_circular_consistency,geometry_normalized_severe,absolute_0.005,0.005000,calib,1,b1999201965870a8cd3c344cfc972ef88afe23def2e374d557433ee95a13e715,b1999201965870a8cd3c344cfc972ef88afe23def2e374d557433ee95a13e715,True
A,DIOR-R,rotated_retinanet_psc,tta_circular_consistency,geometry_normalized_severe,absolute_0.005,0.005000,audit,1,b1999201965870a8cd3c344cfc972ef88afe23def2e374d557433ee95a13e715,b1999201965870a8cd3c344cfc972ef88afe23def2e374d557433ee95a13e715,True
A,DIOR-R,rotated_retinanet_psc,tta_circular_consistency,geometry_normalized_severe,absolute_0.01,0.010000,calib,1,f62091ef131b0acf17f1c1615c4372da2f7486472e35bd306a63d0f429773490,f62091ef131b0acf17f1c1615c4372da2f7486472e35bd306a63d0f429773490,True
A,DIOR-R,rotated_retinanet_psc,tta_circular_consistency,geometry_normalized_severe,absolute_0.01,0.010000,audit,1,f62091ef131b0acf17f1c1615c4372da2f7486472e35bd306a63d0f429773490,f62091ef131b0acf17f1c1615c4372da2f7486472e35bd306a63d0f429773490,True
A,DIOR-R,rotated_retinanet_psc,tta_circular_consistency,geometry_normalized_severe,relative_0.5_r_fit,0.010003,calib,1,9ace226755ff05d216f8c91dc770dc5dba444866d6c203d993c22cbeafb21f36,9ace226755ff05d216f8c91dc770dc5dba444866d6c203d993c22cbeafb21f36,True
A,DIOR-R,rotated_retinanet_psc,tta_circular_consistency,geometry_normalized_severe,relative_0.5_r_fit,0.010003,audit,1,9ace226755ff05d216f8c91dc770dc5dba444866d6c203d993c22cbeafb21f36,9ace226755ff05d216f8c91dc770dc5dba444866d6c203d993c22cbeafb21f36,True
A,DIOR-R,rotated_retinanet_psc,tta_circular_consistency,geometry_normalized_severe,relative_0.25_r_fit,0.005002,calib,1,e049b4441203c48119801644f5babf6dcc7b20618907c750444c9838cc83009c,e049b4441203c48119801644f5babf6dcc7b20618907c750444c9838cc83009c,True
A,DIOR-R,rotated_retinanet_psc,tta_circular_consistency,geometry_normalized_severe,relative_0.25_r_fit,0.005002,audit,1,e049b4441203c48119801644f5babf6dcc7b20618907c750444c9838cc83009c,e049b4441203c48119801644f5babf6dcc7b20618907c750444c9838cc83009c,True
A,DIOR-R,rotated_retinanet_psc,source_supervised_leave_geometry,geometry_normalized_severe,absolute_0.001,0.001000,calib,1,65cc254783fb117f8370c6990d9facc04022f2c80373e1f096901a70e6a1919c,65cc254783fb117f8370c6990d9facc04022f2c80373e1f096901a70e6a1919c,True
A,DIOR-R,rotated_retinanet_psc,source_supervised_leave_geometry,geometry_normalized_severe,absolute_0.001,0.001000,audit,1,65cc254783fb117f8370c6990d9facc04022f2c80373e1f096901a70e6a1919c,65cc254783fb117f8370c6990d9facc04022f2c80373e1f096901a70e6a1919c,True
A,DIOR-R,rotated_retinanet_psc,source_supervised_leave_geometry,geometry_normalized_severe,absolute_0.0025,0.002500,calib,1,59fcbce07a1b4821e2498aa57d5f7429d4d8670b0c4ab5409b56705f6e939bf5,59fcbce07a1b4821e2498aa57d5f7429d4d8670b0c4ab5409b56705f6e939bf5,True
A,DIOR-R,rotated_retinanet_psc,source_supervised_leave_geometry,geometry_normalized_severe,absolute_0.0025,0.002500,audit,1,59fcbce07a1b4821e2498aa57d5f7429d4d8670b0c4ab5409b56705f6e939bf5,59fcbce07a1b4821e2498aa57d5f7429d4d8670b0c4ab5409b56705f6e939bf5,True
A,DIOR-R,rotated_retinanet_psc,source_supervised_leave_geometry,geometry_normalized_severe,absolute_0.005,0.005000,calib,1,4b35c76c04384f095f2594f97955a9098c75511271acb418eaa612c3ccefaff7,4b35c76c04384f095f2594f97955a9098c75511271acb418eaa612c3ccefaff7,True
A,DIOR-R,rotated_retinanet_psc,source_supervised_leave_geometry,geometry_normalized_severe,absolute_0.005,0.005000,audit,1,4b35c76c04384f095f2594f97955a9098c75511271acb418eaa612c3ccefaff7,4b35c76c04384f095f2594f97955a9098c75511271acb418eaa612c3ccefaff7,True
A,DIOR-R,rotated_retinanet_psc,source_supervised_leave_geometry,geometry_normalized_severe,absolute_0.01,0.010000,calib,1,0f6f2d29e8091393b497c98a4a2d224437df2bad36a9f3d5989af272951f1ae5,0f6f2d29e8091393b497c98a4a2d224437df2bad36a9f3d5989af272951f1ae5,True
A,DIOR-R,rotated_retinanet_psc,source_supervised_leave_geometry,geometry_normalized_severe,absolute_0.01,0.010000,audit,1,0f6f2d29e8091393b497c98a4a2d224437df2bad36a9f3d5989af272951f1ae5,0f6f2d29e8091393b497c98a4a2d224437df2bad36a9f3d5989af272951f1ae5,True
A,DIOR-R,rotated_retinanet_psc,source_supervised_leave_geometry,geometry_normalized_severe,relative_0.5_r_fit,0.010003,calib,1,ac2e57f6ca3d4cc230dab6dae2b0d25bed8e12511642fb64b5c4b03a0c25f6da,ac2e57f6ca3d4cc230dab6dae2b0d25bed8e12511642fb64b5c4b03a0c25f6da,True
A,DIOR-R,rotated_retinanet_psc,source_supervised_leave_geometry,geometry_normalized_severe,relative_0.5_r_fit,0.010003,audit,1,ac2e57f6ca3d4cc230dab6dae2b0d25bed8e12511642fb64b5c4b03a0c25f6da,ac2e57f6ca3d4cc230dab6dae2b0d25bed8e12511642fb64b5c4b03a0c25f6da,True
A,DIOR-R,rotated_retinanet_psc,source_supervised_leave_geometry,geometry_normalized_severe,relative_0.25_r_fit,0.005002,calib,1,9c68b55a188598a7a452cfc7527c46c572ee6e30f47a06a9d75cd0e40dfe8cbe,9c68b55a188598a7a452cfc7527c46c572ee6e30f47a06a9d75cd0e40dfe8cbe,True
A,DIOR-R,rotated_retinanet_psc,source_supervised_leave_geometry,geometry_normalized_severe,relative_0.25_r_fit,0.005002,audit,1,9c68b55a188598a7a452cfc7527c46c572ee6e30f47a06a9d75cd0e40dfe8cbe,9c68b55a188598a7a452cfc7527c46c572ee6e30f47a06a9d75cd0e40dfe8cbe,True
A,DIOR-R,rotated_retinanet_psc,target_gt_nonlinear_geometry_upper_bound,geometry_normalized_severe,absolute_0.001,0.001000,calib,1,ab72e2917169214b5693fd7a462c71fa6d73ef15e310b660bce5a4bd2eda30da,ab72e2917169214b5693fd7a462c71fa6d73ef15e310b660bce5a4bd2eda30da,True
A,DIOR-R,rotated_retinanet_psc,target_gt_nonlinear_geometry_upper_bound,geometry_normalized_severe,absolute_0.001,0.001000,audit,1,ab72e2917169214b5693fd7a462c71fa6d73ef15e310b660bce5a4bd2eda30da,ab72e2917169214b5693fd7a462c71fa6d73ef15e310b660bce5a4bd2eda30da,True
A,DIOR-R,rotated_retinanet_psc,target_gt_nonlinear_geometry_upper_bound,geometry_normalized_severe,absolute_0.0025,0.002500,calib,1,e45896bc527dcfe87220a11cf78d634840fda4ead9043876bc45f617321f92d3,e45896bc527dcfe87220a11cf78d634840fda4ead9043876bc45f617321f92d3,True
A,DIOR-R,rotated_retinanet_psc,target_gt_nonlinear_geometry_upper_bound,geometry_normalized_severe,absolute_0.0025,0.002500,audit,1,e45896bc527dcfe87220a11cf78d634840fda4ead9043876bc45f617321f92d3,e45896bc527dcfe87220a11cf78d634840fda4ead9043876bc45f617321f92d3,True
A,DIOR-R,rotated_retinanet_psc,target_gt_nonlinear_geometry_upper_bound,geometry_normalized_severe,absolute_0.005,0.005000,calib,1,e9b90d6f206e0312620537df37cd7a1923e360d83774241dd9237d4bb6189f59,e9b90d6f206e0312620537df37cd7a1923e360d83774241dd9237d4bb6189f59,True
A,DIOR-R,rotated_retinanet_psc,target_gt_nonlinear_geometry_upper_bound,geometry_normalized_severe,absolute_0.005,0.005000,audit,1,e9b90d6f206e0312620537df37cd7a1923e360d83774241dd9237d4bb6189f59,e9b90d6f206e0312620537df37cd7a1923e360d83774241dd9237d4bb6189f59,True
A,DIOR-R,rotated_retinanet_psc,target_gt_nonlinear_geometry_upper_bound,geometry_normalized_severe,absolute_0.01,0.010000,calib,1,ff87e8e547bfcf20cb9a458eec53d57af793d709ea09ed313cb07e559914ccf0,ff87e8e547bfcf20cb9a458eec53d57af793d709ea09ed313cb07e559914ccf0,True
A,DIOR-R,rotated_retinanet_psc,target_gt_nonlinear_geometry_upper_bound,geometry_normalized_severe,absolute_0.01,0.010000,audit,1,ff87e8e547bfcf20cb9a458eec53d57af793d709ea09ed313cb07e559914ccf0,ff87e8e547bfcf20cb9a458eec53d57af793d709ea09ed313cb07e559914ccf0,True
A,DIOR-R,rotated_retinanet_psc,target_gt_nonlinear_geometry_upper_bound,geometry_normalized_severe,relative_0.5_r_fit,0.010003,calib,1,3fc2b80e19eac8ef524c219ff5c7d3d1b7fd6fab5481e1633d48b25deef4bb9b,3fc2b80e19eac8ef524c219ff5c7d3d1b7fd6fab5481e1633d48b25deef4bb9b,True
A,DIOR-R,rotated_retinanet_psc,target_gt_nonlinear_geometry_upper_bound,geometry_normalized_severe,relative_0.5_r_fit,0.010003,audit,1,3fc2b80e19eac8ef524c219ff5c7d3d1b7fd6fab5481e1633d48b25deef4bb9b,3fc2b80e19eac8ef524c219ff5c7d3d1b7fd6fab5481e1633d48b25deef4bb9b,True
A,DIOR-R,rotated_retinanet_psc,target_gt_nonlinear_geometry_upper_bound,geometry_normalized_severe,relative_0.25_r_fit,0.005002,calib,1,0abd29e81d5540fce54e88d8ec5df2fc23fdd940d21749c1b16029aafa917d41,0abd29e81d5540fce54e88d8ec5df2fc23fdd940d21749c1b16029aafa917d41,True
A,DIOR-R,rotated_retinanet_psc,target_gt_nonlinear_geometry_upper_bound,geometry_normalized_severe,relative_0.25_r_fit,0.005002,audit,1,0abd29e81d5540fce54e88d8ec5df2fc23fdd940d21749c1b16029aafa917d41,0abd29e81d5540fce54e88d8ec5df2fc23fdd940d21749c1b16029aafa917d41,True
A,DIOR-R,rotated_retinanet_psc,detection_score,angle_error_gt_5deg,absolute_0.001,0.001000,calib,1,822579169c0d67af5a89dc9d89eddd71ca1b26a1d354a695daad050ca32edb92,822579169c0d67af5a89dc9d89eddd71ca1b26a1d354a695daad050ca32edb92,True
A,DIOR-R,rotated_retinanet_psc,detection_score,angle_error_gt_5deg,absolute_0.001,0.001000,audit,1,822579169c0d67af5a89dc9d89eddd71ca1b26a1d354a695daad050ca32edb92,822579169c0d67af5a89dc9d89eddd71ca1b26a1d354a695daad050ca32edb92,True
A,DIOR-R,rotated_retinanet_psc,detection_score,angle_error_gt_5deg,absolute_0.0025,0.002500,calib,1,470b184c5a341bc53f31e5242f44d3458ef8eda8f7808ce54d45b72033fbc90f,470b184c5a341bc53f31e5242f44d3458ef8eda8f7808ce54d45b72033fbc90f,True
A,DIOR-R,rotated_retinanet_psc,detection_score,angle_error_gt_5deg,absolute_0.0025,0.002500,audit,1,470b184c5a341bc53f31e5242f44d3458ef8eda8f7808ce54d45b72033fbc90f,470b184c5a341bc53f31e5242f44d3458ef8eda8f7808ce54d45b72033fbc90f,True
A,DIOR-R,rotated_retinanet_psc,detection_score,angle_error_gt_5deg,absolute_0.005,0.005000,calib,1,09974189a353a3acacfb0fe7927ac154ecd1fb38f88409b84e36e2b190519741,09974189a353a3acacfb0fe7927ac154ecd1fb38f88409b84e36e2b190519741,True
A,DIOR-R,rotated_retinanet_psc,detection_score,angle_error_gt_5deg,absolute_0.005,0.005000,audit,1,09974189a353a3acacfb0fe7927ac154ecd1fb38f88409b84e36e2b190519741,09974189a353a3acacfb0fe7927ac154ecd1fb38f88409b84e36e2b190519741,True
A,DIOR-R,rotated_retinanet_psc,detection_score,angle_error_gt_5deg,absolute_0.01,0.010000,calib,1,db6a85bde15677afe9f367ac1149f84e9445a8922731485c14df287cf0d68aea,db6a85bde15677afe9f367ac1149f84e9445a8922731485c14df287cf0d68aea,True
A,DIOR-R,rotated_retinanet_psc,detection_score,angle_error_gt_5deg,absolute_0.01,0.010000,audit,1,db6a85bde15677afe9f367ac1149f84e9445a8922731485c14df287cf0d68aea,db6a85bde15677afe9f367ac1149f84e9445a8922731485c14df287cf0d68aea,True
A,DIOR-R,rotated_retinanet_psc,detection_score,angle_error_gt_5deg,relative_0.5_r_fit,0.040944,calib,1,904995020431c6010357828f7ec642a8134cf54e31ea3be7314a69fcc7571680,904995020431c6010357828f7ec642a8134cf54e31ea3be7314a69fcc7571680,True
A,DIOR-R,rotated_retinanet_psc,detection_score,angle_error_gt_5deg,relative_0.5_r_fit,0.040944,audit,1,904995020431c6010357828f7ec642a8134cf54e31ea3be7314a69fcc7571680,904995020431c6010357828f7ec642a8134cf54e31ea3be7314a69fcc7571680,True
A,DIOR-R,rotated_retinanet_psc,detection_score,angle_error_gt_5deg,relative_0.25_r_fit,0.020472,calib,1,9b81e0326acfc19ff581932bd8fc7e81c1c77d7b6d153dd302ea9c7facdcca2e,9b81e0326acfc19ff581932bd8fc7e81c1c77d7b6d153dd302ea9c7facdcca2e,True
A,DIOR-R,rotated_retinanet_psc,detection_score,angle_error_gt_5deg,relative_0.25_r_fit,0.020472,audit,1,9b81e0326acfc19ff581932bd8fc7e81c1c77d7b6d153dd302ea9c7facdcca2e,9b81e0326acfc19ff581932bd8fc7e81c1c77d7b6d153dd302ea9c7facdcca2e,True
A,DIOR-R,rotated_retinanet_psc,tta_circular_consistency,angle_error_gt_5deg,absolute_0.001,0.001000,calib,1,b894ab58d1f295c1b156a4c052e200fd283c8f4258ca32a6d0afddf8f55561aa,b894ab58d1f295c1b156a4c052e200fd283c8f4258ca32a6d0afddf8f55561aa,True
A,DIOR-R,rotated_retinanet_psc,tta_circular_consistency,angle_error_gt_5deg,absolute_0.001,0.001000,audit,1,b894ab58d1f295c1b156a4c052e200fd283c8f4258ca32a6d0afddf8f55561aa,b894ab58d1f295c1b156a4c052e200fd283c8f4258ca32a6d0afddf8f55561aa,True
A,DIOR-R,rotated_retinanet_psc,tta_circular_consistency,angle_error_gt_5deg,absolute_0.0025,0.002500,calib,1,b894ab58d1f295c1b156a4c052e200fd283c8f4258ca32a6d0afddf8f55561aa,b894ab58d1f295c1b156a4c052e200fd283c8f4258ca32a6d0afddf8f55561aa,True
A,DIOR-R,rotated_retinanet_psc,tta_circular_consistency,angle_error_gt_5deg,absolute_0.0025,0.002500,audit,1,b894ab58d1f295c1b156a4c052e200fd283c8f4258ca32a6d0afddf8f55561aa,b894ab58d1f295c1b156a4c052e200fd283c8f4258ca32a6d0afddf8f55561aa,True
A,DIOR-R,rotated_retinanet_psc,tta_circular_consistency,angle_error_gt_5deg,absolute_0.005,0.005000,calib,1,b894ab58d1f295c1b156a4c052e200fd283c8f4258ca32a6d0afddf8f55561aa,b894ab58d1f295c1b156a4c052e200fd283c8f4258ca32a6d0afddf8f55561aa,True
A,DIOR-R,rotated_retinanet_psc,tta_circular_consistency,angle_error_gt_5deg,absolute_0.005,0.005000,audit,1,b894ab58d1f295c1b156a4c052e200fd283c8f4258ca32a6d0afddf8f55561aa,b894ab58d1f295c1b156a4c052e200fd283c8f4258ca32a6d0afddf8f55561aa,True
A,DIOR-R,rotated_retinanet_psc,tta_circular_consistency,angle_error_gt_5deg,absolute_0.01,0.010000,calib,1,b894ab58d1f295c1b156a4c052e200fd283c8f4258ca32a6d0afddf8f55561aa,b894ab58d1f295c1b156a4c052e200fd283c8f4258ca32a6d0afddf8f55561aa,True
A,DIOR-R,rotated_retinanet_psc,tta_circular_consistency,angle_error_gt_5deg,absolute_0.01,0.010000,audit,1,b894ab58d1f295c1b156a4c052e200fd283c8f4258ca32a6d0afddf8f55561aa,b894ab58d1f295c1b156a4c052e200fd283c8f4258ca32a6d0afddf8f55561aa,True
A,DIOR-R,rotated_retinanet_psc,tta_circular_consistency,angle_error_gt_5deg,relative_0.5_r_fit,0.040944,calib,1,56f92f98f36f87f0a4b0fab47f31edc626d914971a22936089b27eaf56abe1cc,56f92f98f36f87f0a4b0fab47f31edc626d914971a22936089b27eaf56abe1cc,True
A,DIOR-R,rotated_retinanet_psc,tta_circular_consistency,angle_error_gt_5deg,relative_0.5_r_fit,0.040944,audit,1,56f92f98f36f87f0a4b0fab47f31edc626d914971a22936089b27eaf56abe1cc,56f92f98f36f87f0a4b0fab47f31edc626d914971a22936089b27eaf56abe1cc,True
A,DIOR-R,rotated_retinanet_psc,tta_circular_consistency,angle_error_gt_5deg,relative_0.25_r_fit,0.020472,calib,1,b894ab58d1f295c1b156a4c052e200fd283c8f4258ca32a6d0afddf8f55561aa,b894ab58d1f295c1b156a4c052e200fd283c8f4258ca32a6d0afddf8f55561aa,True
A,DIOR-R,rotated_retinanet_psc,tta_circular_consistency,angle_error_gt_5deg,relative_0.25_r_fit,0.020472,audit,1,b894ab58d1f295c1b156a4c052e200fd283c8f4258ca32a6d0afddf8f55561aa,b894ab58d1f295c1b156a4c052e200fd283c8f4258ca32a6d0afddf8f55561aa,True
A,DIOR-R,rotated_retinanet_psc,source_supervised_leave_geometry,angle_error_gt_5deg,absolute_0.001,0.001000,calib,1,4048164ce5b21cad97c268d381ae69d7a57739b8f42448ce5e97cc3ddffe040c,4048164ce5b21cad97c268d381ae69d7a57739b8f42448ce5e97cc3ddffe040c,True
A,DIOR-R,rotated_retinanet_psc,source_supervised_leave_geometry,angle_error_gt_5deg,absolute_0.001,0.001000,audit,1,4048164ce5b21cad97c268d381ae69d7a57739b8f42448ce5e97cc3ddffe040c,4048164ce5b21cad97c268d381ae69d7a57739b8f42448ce5e97cc3ddffe040c,True
A,DIOR-R,rotated_retinanet_psc,source_supervised_leave_geometry,angle_error_gt_5deg,absolute_0.0025,0.002500,calib,1,0ce14215f7903148d75d45264e9f2a2f0b18766987346a36091d843030cb5079,0ce14215f7903148d75d45264e9f2a2f0b18766987346a36091d843030cb5079,True
A,DIOR-R,rotated_retinanet_psc,source_supervised_leave_geometry,angle_error_gt_5deg,absolute_0.0025,0.002500,audit,1,0ce14215f7903148d75d45264e9f2a2f0b18766987346a36091d843030cb5079,0ce14215f7903148d75d45264e9f2a2f0b18766987346a36091d843030cb5079,True
A,DIOR-R,rotated_retinanet_psc,source_supervised_leave_geometry,angle_error_gt_5deg,absolute_0.005,0.005000,calib,1,8ab5f006ede330deb882f76453884ff8364aa95f5c59d819cd7b7b302e6c216f,8ab5f006ede330deb882f76453884ff8364aa95f5c59d819cd7b7b302e6c216f,True
A,DIOR-R,rotated_retinanet_psc,source_supervised_leave_geometry,angle_error_gt_5deg,absolute_0.005,0.005000,audit,1,8ab5f006ede330deb882f76453884ff8364aa95f5c59d819cd7b7b302e6c216f,8ab5f006ede330deb882f76453884ff8364aa95f5c59d819cd7b7b302e6c216f,True
A,DIOR-R,rotated_retinanet_psc,source_supervised_leave_geometry,angle_error_gt_5deg,absolute_0.01,0.010000,calib,1,bf106deb4462265b774661e4c21783bfafb44608e0e9044e4438762d4eb7cc81,bf106deb4462265b774661e4c21783bfafb44608e0e9044e4438762d4eb7cc81,True
A,DIOR-R,rotated_retinanet_psc,source_supervised_leave_geometry,angle_error_gt_5deg,absolute_0.01,0.010000,audit,1,bf106deb4462265b774661e4c21783bfafb44608e0e9044e4438762d4eb7cc81,bf106deb4462265b774661e4c21783bfafb44608e0e9044e4438762d4eb7cc81,True
A,DIOR-R,rotated_retinanet_psc,source_supervised_leave_geometry,angle_error_gt_5deg,relative_0.5_r_fit,0.040944,calib,1,52bb96b2bc0c43c437dfda7861fb8997ea53a77e80bea849ff89cb93d457471d,52bb96b2bc0c43c437dfda7861fb8997ea53a77e80bea849ff89cb93d457471d,True
A,DIOR-R,rotated_retinanet_psc,source_supervised_leave_geometry,angle_error_gt_5deg,relative_0.5_r_fit,0.040944,audit,1,52bb96b2bc0c43c437dfda7861fb8997ea53a77e80bea849ff89cb93d457471d,52bb96b2bc0c43c437dfda7861fb8997ea53a77e80bea849ff89cb93d457471d,True
A,DIOR-R,rotated_retinanet_psc,source_supervised_leave_geometry,angle_error_gt_5deg,relative_0.25_r_fit,0.020472,calib,1,004d8e294de2caeaf015dff3061e6fb8ff049cd6953618cbda0daec96b7ef73e,004d8e294de2caeaf015dff3061e6fb8ff049cd6953618cbda0daec96b7ef73e,True
A,DIOR-R,rotated_retinanet_psc,source_supervised_leave_geometry,angle_error_gt_5deg,relative_0.25_r_fit,0.020472,audit,1,004d8e294de2caeaf015dff3061e6fb8ff049cd6953618cbda0daec96b7ef73e,004d8e294de2caeaf015dff3061e6fb8ff049cd6953618cbda0daec96b7ef73e,True
A,DIOR-R,rotated_retinanet_psc,target_gt_nonlinear_geometry_upper_bound,angle_error_gt_5deg,absolute_0.001,0.001000,calib,1,c0a25986606a6706f204092573d2403bc57e80435f9268c4f3ea9391939c79c2,c0a25986606a6706f204092573d2403bc57e80435f9268c4f3ea9391939c79c2,True
A,DIOR-R,rotated_retinanet_psc,target_gt_nonlinear_geometry_upper_bound,angle_error_gt_5deg,absolute_0.001,0.001000,audit,1,c0a25986606a6706f204092573d2403bc57e80435f9268c4f3ea9391939c79c2,c0a25986606a6706f204092573d2403bc57e80435f9268c4f3ea9391939c79c2,True
A,DIOR-R,rotated_retinanet_psc,target_gt_nonlinear_geometry_upper_bound,angle_error_gt_5deg,absolute_0.0025,0.002500,calib,1,46f85774bf6bb50a84f9366b69f2853ac91eb4b9f37849c98e3f31996224935d,46f85774bf6bb50a84f9366b69f2853ac91eb4b9f37849c98e3f31996224935d,True
A,DIOR-R,rotated_retinanet_psc,target_gt_nonlinear_geometry_upper_bound,angle_error_gt_5deg,absolute_0.0025,0.002500,audit,1,46f85774bf6bb50a84f9366b69f2853ac91eb4b9f37849c98e3f31996224935d,46f85774bf6bb50a84f9366b69f2853ac91eb4b9f37849c98e3f31996224935d,True
A,DIOR-R,rotated_retinanet_psc,target_gt_nonlinear_geometry_upper_bound,angle_error_gt_5deg,absolute_0.005,0.005000,calib,1,4ac5978ab8ec8057699fb3ee3caec7c9b0e8b46f0750e9486df680708a5baa6d,4ac5978ab8ec8057699fb3ee3caec7c9b0e8b46f0750e9486df680708a5baa6d,True
A,DIOR-R,rotated_retinanet_psc,target_gt_nonlinear_geometry_upper_bound,angle_error_gt_5deg,absolute_0.005,0.005000,audit,1,4ac5978ab8ec8057699fb3ee3caec7c9b0e8b46f0750e9486df680708a5baa6d,4ac5978ab8ec8057699fb3ee3caec7c9b0e8b46f0750e9486df680708a5baa6d,True
A,DIOR-R,rotated_retinanet_psc,target_gt_nonlinear_geometry_upper_bound,angle_error_gt_5deg,absolute_0.01,0.010000,calib,1,1af5a5136f1acd81fbef9e4280360b3e405c527fa2a65ec3daa5a83f5e39f485,1af5a5136f1acd81fbef9e4280360b3e405c527fa2a65ec3daa5a83f5e39f485,True
A,DIOR-R,rotated_retinanet_psc,target_gt_nonlinear_geometry_upper_bound,angle_error_gt_5deg,absolute_0.01,0.010000,audit,1,1af5a5136f1acd81fbef9e4280360b3e405c527fa2a65ec3daa5a83f5e39f485,1af5a5136f1acd81fbef9e4280360b3e405c527fa2a65ec3daa5a83f5e39f485,True
A,DIOR-R,rotated_retinanet_psc,target_gt_nonlinear_geometry_upper_bound,angle_error_gt_5deg,relative_0.5_r_fit,0.040944,calib,1,4ae3813341b3e08956c2da6fe946ee934f9781658a3ac64586a9f71fb67b4162,4ae3813341b3e08956c2da6fe946ee934f9781658a3ac64586a9f71fb67b4162,True
A,DIOR-R,rotated_retinanet_psc,target_gt_nonlinear_geometry_upper_bound,angle_error_gt_5deg,relative_0.5_r_fit,0.040944,audit,1,4ae3813341b3e08956c2da6fe946ee934f9781658a3ac64586a9f71fb67b4162,4ae3813341b3e08956c2da6fe946ee934f9781658a3ac64586a9f71fb67b4162,True
A,DIOR-R,rotated_retinanet_psc,target_gt_nonlinear_geometry_upper_bound,angle_error_gt_5deg,relative_0.25_r_fit,0.020472,calib,1,07022d26c720118ec218fe638cb4b63b845f2cb1b831603a4116010f896e196b,07022d26c720118ec218fe638cb4b63b845f2cb1b831603a4116010f896e196b,True
A,DIOR-R,rotated_retinanet_psc,target_gt_nonlinear_geometry_upper_bound,angle_error_gt_5deg,relative_0.25_r_fit,0.020472,audit,1,07022d26c720118ec218fe638cb4b63b845f2cb1b831603a4116010f896e196b,07022d26c720118ec218fe638cb4b63b845f2cb1b831603a4116010f896e196b,True
A,DIOR-R,rotated_retinanet_psc,detection_score,angle_error_gt_10deg,absolute_0.001,0.001000,calib,1,7888e990227a6720bfef7375c6ef18d6a46dc815160e649fa9346badc74856b4,7888e990227a6720bfef7375c6ef18d6a46dc815160e649fa9346badc74856b4,True
A,DIOR-R,rotated_retinanet_psc,detection_score,angle_error_gt_10deg,absolute_0.001,0.001000,audit,1,7888e990227a6720bfef7375c6ef18d6a46dc815160e649fa9346badc74856b4,7888e990227a6720bfef7375c6ef18d6a46dc815160e649fa9346badc74856b4,True
A,DIOR-R,rotated_retinanet_psc,detection_score,angle_error_gt_10deg,absolute_0.0025,0.002500,calib,1,08a17d7acf4d3703b7b07ab4ba7528a85a5ab3f8fb18ae36a3a7f314894e589d,08a17d7acf4d3703b7b07ab4ba7528a85a5ab3f8fb18ae36a3a7f314894e589d,True
A,DIOR-R,rotated_retinanet_psc,detection_score,angle_error_gt_10deg,absolute_0.0025,0.002500,audit,1,08a17d7acf4d3703b7b07ab4ba7528a85a5ab3f8fb18ae36a3a7f314894e589d,08a17d7acf4d3703b7b07ab4ba7528a85a5ab3f8fb18ae36a3a7f314894e589d,True
A,DIOR-R,rotated_retinanet_psc,detection_score,angle_error_gt_10deg,absolute_0.005,0.005000,calib,1,7631194b5e8575b0043d1aebf678357ec7518a3a8ac775ca82fd2aebba016778,7631194b5e8575b0043d1aebf678357ec7518a3a8ac775ca82fd2aebba016778,True
A,DIOR-R,rotated_retinanet_psc,detection_score,angle_error_gt_10deg,absolute_0.005,0.005000,audit,1,7631194b5e8575b0043d1aebf678357ec7518a3a8ac775ca82fd2aebba016778,7631194b5e8575b0043d1aebf678357ec7518a3a8ac775ca82fd2aebba016778,True
A,DIOR-R,rotated_retinanet_psc,detection_score,angle_error_gt_10deg,absolute_0.01,0.010000,calib,1,d54806cc419a0dcb515542c1a568fe8e9b86c1ea9f981704aa45f95da682bf9b,d54806cc419a0dcb515542c1a568fe8e9b86c1ea9f981704aa45f95da682bf9b,True
A,DIOR-R,rotated_retinanet_psc,detection_score,angle_error_gt_10deg,absolute_0.01,0.010000,audit,1,d54806cc419a0dcb515542c1a568fe8e9b86c1ea9f981704aa45f95da682bf9b,d54806cc419a0dcb515542c1a568fe8e9b86c1ea9f981704aa45f95da682bf9b,True
A,DIOR-R,rotated_retinanet_psc,detection_score,angle_error_gt_10deg,relative_0.5_r_fit,0.009388,calib,1,5477019b28312c6a4fca112090d21df64d53529f7d5c6c82371af0cf115ba4fd,5477019b28312c6a4fca112090d21df64d53529f7d5c6c82371af0cf115ba4fd,True
A,DIOR-R,rotated_retinanet_psc,detection_score,angle_error_gt_10deg,relative_0.5_r_fit,0.009388,audit,1,5477019b28312c6a4fca112090d21df64d53529f7d5c6c82371af0cf115ba4fd,5477019b28312c6a4fca112090d21df64d53529f7d5c6c82371af0cf115ba4fd,True
A,DIOR-R,rotated_retinanet_psc,detection_score,angle_error_gt_10deg,relative_0.25_r_fit,0.004694,calib,1,532e37cdb07376b20bfcd459fa4641443ea09c55cd31e91573bc3d21589ce566,532e37cdb07376b20bfcd459fa4641443ea09c55cd31e91573bc3d21589ce566,True
A,DIOR-R,rotated_retinanet_psc,detection_score,angle_error_gt_10deg,relative_0.25_r_fit,0.004694,audit,1,532e37cdb07376b20bfcd459fa4641443ea09c55cd31e91573bc3d21589ce566,532e37cdb07376b20bfcd459fa4641443ea09c55cd31e91573bc3d21589ce566,True
A,DIOR-R,rotated_retinanet_psc,tta_circular_consistency,angle_error_gt_10deg,absolute_0.001,0.001000,calib,1,a1efd7a480fa4a2dbc3fe1258c839b31f432360335f0c815d3185eae3fd7f8c5,a1efd7a480fa4a2dbc3fe1258c839b31f432360335f0c815d3185eae3fd7f8c5,True
A,DIOR-R,rotated_retinanet_psc,tta_circular_consistency,angle_error_gt_10deg,absolute_0.001,0.001000,audit,1,a1efd7a480fa4a2dbc3fe1258c839b31f432360335f0c815d3185eae3fd7f8c5,a1efd7a480fa4a2dbc3fe1258c839b31f432360335f0c815d3185eae3fd7f8c5,True
A,DIOR-R,rotated_retinanet_psc,tta_circular_consistency,angle_error_gt_10deg,absolute_0.0025,0.002500,calib,1,0ec36ab9adb872c126b82237e38bd5f9e9809a7f2a45a878b2a64348912fcbb7,0ec36ab9adb872c126b82237e38bd5f9e9809a7f2a45a878b2a64348912fcbb7,True
A,DIOR-R,rotated_retinanet_psc,tta_circular_consistency,angle_error_gt_10deg,absolute_0.0025,0.002500,audit,1,0ec36ab9adb872c126b82237e38bd5f9e9809a7f2a45a878b2a64348912fcbb7,0ec36ab9adb872c126b82237e38bd5f9e9809a7f2a45a878b2a64348912fcbb7,True
A,DIOR-R,rotated_retinanet_psc,tta_circular_consistency,angle_error_gt_10deg,absolute_0.005,0.005000,calib,1,b1999201965870a8cd3c344cfc972ef88afe23def2e374d557433ee95a13e715,b1999201965870a8cd3c344cfc972ef88afe23def2e374d557433ee95a13e715,True
A,DIOR-R,rotated_retinanet_psc,tta_circular_consistency,angle_error_gt_10deg,absolute_0.005,0.005000,audit,1,b1999201965870a8cd3c344cfc972ef88afe23def2e374d557433ee95a13e715,b1999201965870a8cd3c344cfc972ef88afe23def2e374d557433ee95a13e715,True
A,DIOR-R,rotated_retinanet_psc,tta_circular_consistency,angle_error_gt_10deg,absolute_0.01,0.010000,calib,1,f62091ef131b0acf17f1c1615c4372da2f7486472e35bd306a63d0f429773490,f62091ef131b0acf17f1c1615c4372da2f7486472e35bd306a63d0f429773490,True
A,DIOR-R,rotated_retinanet_psc,tta_circular_consistency,angle_error_gt_10deg,absolute_0.01,0.010000,audit,1,f62091ef131b0acf17f1c1615c4372da2f7486472e35bd306a63d0f429773490,f62091ef131b0acf17f1c1615c4372da2f7486472e35bd306a63d0f429773490,True
A,DIOR-R,rotated_retinanet_psc,tta_circular_consistency,angle_error_gt_10deg,relative_0.5_r_fit,0.009388,calib,1,55dfdb728342f7fe2f6a8e4cb9f7d218feb93571195bf25cf20e7f1a427464c2,55dfdb728342f7fe2f6a8e4cb9f7d218feb93571195bf25cf20e7f1a427464c2,True
A,DIOR-R,rotated_retinanet_psc,tta_circular_consistency,angle_error_gt_10deg,relative_0.5_r_fit,0.009388,audit,1,55dfdb728342f7fe2f6a8e4cb9f7d218feb93571195bf25cf20e7f1a427464c2,55dfdb728342f7fe2f6a8e4cb9f7d218feb93571195bf25cf20e7f1a427464c2,True
A,DIOR-R,rotated_retinanet_psc,tta_circular_consistency,angle_error_gt_10deg,relative_0.25_r_fit,0.004694,calib,1,ffe2d91248006c87d64fda388ebb2a05484abd44e435fc00bab39df02b7c8c99,ffe2d91248006c87d64fda388ebb2a05484abd44e435fc00bab39df02b7c8c99,True
A,DIOR-R,rotated_retinanet_psc,tta_circular_consistency,angle_error_gt_10deg,relative_0.25_r_fit,0.004694,audit,1,ffe2d91248006c87d64fda388ebb2a05484abd44e435fc00bab39df02b7c8c99,ffe2d91248006c87d64fda388ebb2a05484abd44e435fc00bab39df02b7c8c99,True
A,DIOR-R,rotated_retinanet_psc,source_supervised_leave_geometry,angle_error_gt_10deg,absolute_0.001,0.001000,calib,1,cd3c63eaba565a435b6975414be281901064cfd492b3e9c2c40d73644683ebfd,cd3c63eaba565a435b6975414be281901064cfd492b3e9c2c40d73644683ebfd,True
A,DIOR-R,rotated_retinanet_psc,source_supervised_leave_geometry,angle_error_gt_10deg,absolute_0.001,0.001000,audit,1,cd3c63eaba565a435b6975414be281901064cfd492b3e9c2c40d73644683ebfd,cd3c63eaba565a435b6975414be281901064cfd492b3e9c2c40d73644683ebfd,True
A,DIOR-R,rotated_retinanet_psc,source_supervised_leave_geometry,angle_error_gt_10deg,absolute_0.0025,0.002500,calib,1,0d51104193ad4741c2cbb5a168e2991ad33518a4bf4d657d7e95db975805cb98,0d51104193ad4741c2cbb5a168e2991ad33518a4bf4d657d7e95db975805cb98,True
A,DIOR-R,rotated_retinanet_psc,source_supervised_leave_geometry,angle_error_gt_10deg,absolute_0.0025,0.002500,audit,1,0d51104193ad4741c2cbb5a168e2991ad33518a4bf4d657d7e95db975805cb98,0d51104193ad4741c2cbb5a168e2991ad33518a4bf4d657d7e95db975805cb98,True
A,DIOR-R,rotated_retinanet_psc,source_supervised_leave_geometry,angle_error_gt_10deg,absolute_0.005,0.005000,calib,1,27159e198a397015a8619a5f96b9fadab6840e2219b4e274d4d9d2a1c3a6802a,27159e198a397015a8619a5f96b9fadab6840e2219b4e274d4d9d2a1c3a6802a,True
A,DIOR-R,rotated_retinanet_psc,source_supervised_leave_geometry,angle_error_gt_10deg,absolute_0.005,0.005000,audit,1,27159e198a397015a8619a5f96b9fadab6840e2219b4e274d4d9d2a1c3a6802a,27159e198a397015a8619a5f96b9fadab6840e2219b4e274d4d9d2a1c3a6802a,True
A,DIOR-R,rotated_retinanet_psc,source_supervised_leave_geometry,angle_error_gt_10deg,absolute_0.01,0.010000,calib,1,4bf64852802278a093adaf85cb504089f83ace13738a5d6f7413829602e57a85,4bf64852802278a093adaf85cb504089f83ace13738a5d6f7413829602e57a85,True
A,DIOR-R,rotated_retinanet_psc,source_supervised_leave_geometry,angle_error_gt_10deg,absolute_0.01,0.010000,audit,1,4bf64852802278a093adaf85cb504089f83ace13738a5d6f7413829602e57a85,4bf64852802278a093adaf85cb504089f83ace13738a5d6f7413829602e57a85,True
A,DIOR-R,rotated_retinanet_psc,source_supervised_leave_geometry,angle_error_gt_10deg,relative_0.5_r_fit,0.009388,calib,1,be5ab708f8b9acff9dfe73320e40903e73ae17fd0234f3db3972a06f406cd5bc,be5ab708f8b9acff9dfe73320e40903e73ae17fd0234f3db3972a06f406cd5bc,True
A,DIOR-R,rotated_retinanet_psc,source_supervised_leave_geometry,angle_error_gt_10deg,relative_0.5_r_fit,0.009388,audit,1,be5ab708f8b9acff9dfe73320e40903e73ae17fd0234f3db3972a06f406cd5bc,be5ab708f8b9acff9dfe73320e40903e73ae17fd0234f3db3972a06f406cd5bc,True
A,DIOR-R,rotated_retinanet_psc,source_supervised_leave_geometry,angle_error_gt_10deg,relative_0.25_r_fit,0.004694,calib,1,9df28a0ff40841887e3bc3ec05594b24344462e8f14f00f9b9b75b8aa24a5a95,9df28a0ff40841887e3bc3ec05594b24344462e8f14f00f9b9b75b8aa24a5a95,True
A,DIOR-R,rotated_retinanet_psc,source_supervised_leave_geometry,angle_error_gt_10deg,relative_0.25_r_fit,0.004694,audit,1,9df28a0ff40841887e3bc3ec05594b24344462e8f14f00f9b9b75b8aa24a5a95,9df28a0ff40841887e3bc3ec05594b24344462e8f14f00f9b9b75b8aa24a5a95,True
A,DIOR-R,rotated_retinanet_psc,target_gt_nonlinear_geometry_upper_bound,angle_error_gt_10deg,absolute_0.001,0.001000,calib,1,acded6542cd25efbf39ba4ca0c47f749e07dbb33a02a86213a68c4046c8aa5d2,acded6542cd25efbf39ba4ca0c47f749e07dbb33a02a86213a68c4046c8aa5d2,True
A,DIOR-R,rotated_retinanet_psc,target_gt_nonlinear_geometry_upper_bound,angle_error_gt_10deg,absolute_0.001,0.001000,audit,1,acded6542cd25efbf39ba4ca0c47f749e07dbb33a02a86213a68c4046c8aa5d2,acded6542cd25efbf39ba4ca0c47f749e07dbb33a02a86213a68c4046c8aa5d2,True
A,DIOR-R,rotated_retinanet_psc,target_gt_nonlinear_geometry_upper_bound,angle_error_gt_10deg,absolute_0.0025,0.002500,calib,1,8cdf85c90a92631bb34a2420b43e94e711fed141fffd7e067b679ef7b808f705,8cdf85c90a92631bb34a2420b43e94e711fed141fffd7e067b679ef7b808f705,True
A,DIOR-R,rotated_retinanet_psc,target_gt_nonlinear_geometry_upper_bound,angle_error_gt_10deg,absolute_0.0025,0.002500,audit,1,8cdf85c90a92631bb34a2420b43e94e711fed141fffd7e067b679ef7b808f705,8cdf85c90a92631bb34a2420b43e94e711fed141fffd7e067b679ef7b808f705,True
A,DIOR-R,rotated_retinanet_psc,target_gt_nonlinear_geometry_upper_bound,angle_error_gt_10deg,absolute_0.005,0.005000,calib,1,b246ad882d538b461faab669a69de930197144b564c8f77e498a15ca4caed912,b246ad882d538b461faab669a69de930197144b564c8f77e498a15ca4caed912,True
A,DIOR-R,rotated_retinanet_psc,target_gt_nonlinear_geometry_upper_bound,angle_error_gt_10deg,absolute_0.005,0.005000,audit,1,b246ad882d538b461faab669a69de930197144b564c8f77e498a15ca4caed912,b246ad882d538b461faab669a69de930197144b564c8f77e498a15ca4caed912,True
A,DIOR-R,rotated_retinanet_psc,target_gt_nonlinear_geometry_upper_bound,angle_error_gt_10deg,absolute_0.01,0.010000,calib,1,9fd386fffb292f38bf203d4477aa4d95da175453c4219b18666048f9df8e6bb3,9fd386fffb292f38bf203d4477aa4d95da175453c4219b18666048f9df8e6bb3,True
A,DIOR-R,rotated_retinanet_psc,target_gt_nonlinear_geometry_upper_bound,angle_error_gt_10deg,absolute_0.01,0.010000,audit,1,9fd386fffb292f38bf203d4477aa4d95da175453c4219b18666048f9df8e6bb3,9fd386fffb292f38bf203d4477aa4d95da175453c4219b18666048f9df8e6bb3,True
A,DIOR-R,rotated_retinanet_psc,target_gt_nonlinear_geometry_upper_bound,angle_error_gt_10deg,relative_0.5_r_fit,0.009388,calib,1,677fb89a2ade59a5f59613ceb3ff14b8a0d06b693b7dc2390e240befb61b3b8a,677fb89a2ade59a5f59613ceb3ff14b8a0d06b693b7dc2390e240befb61b3b8a,True
A,DIOR-R,rotated_retinanet_psc,target_gt_nonlinear_geometry_upper_bound,angle_error_gt_10deg,relative_0.5_r_fit,0.009388,audit,1,677fb89a2ade59a5f59613ceb3ff14b8a0d06b693b7dc2390e240befb61b3b8a,677fb89a2ade59a5f59613ceb3ff14b8a0d06b693b7dc2390e240befb61b3b8a,True
A,DIOR-R,rotated_retinanet_psc,target_gt_nonlinear_geometry_upper_bound,angle_error_gt_10deg,relative_0.25_r_fit,0.004694,calib,1,6612975ce2c9516db6c09c9520bb0db71f31d63d84d8a3b35a7ed70b134f73f9,6612975ce2c9516db6c09c9520bb0db71f31d63d84d8a3b35a7ed70b134f73f9,True
A,DIOR-R,rotated_retinanet_psc,target_gt_nonlinear_geometry_upper_bound,angle_error_gt_10deg,relative_0.25_r_fit,0.004694,audit,1,6612975ce2c9516db6c09c9520bb0db71f31d63d84d8a3b35a7ed70b134f73f9,6612975ce2c9516db6c09c9520bb0db71f31d63d84d8a3b35a7ed70b134f73f9,True
A,DIOR-R,rotated_retinanet_psc,detection_score,angle_error_gt_15deg,absolute_0.001,0.001000,calib,1,7888e990227a6720bfef7375c6ef18d6a46dc815160e649fa9346badc74856b4,7888e990227a6720bfef7375c6ef18d6a46dc815160e649fa9346badc74856b4,True
A,DIOR-R,rotated_retinanet_psc,detection_score,angle_error_gt_15deg,absolute_0.001,0.001000,audit,1,7888e990227a6720bfef7375c6ef18d6a46dc815160e649fa9346badc74856b4,7888e990227a6720bfef7375c6ef18d6a46dc815160e649fa9346badc74856b4,True
A,DIOR-R,rotated_retinanet_psc,detection_score,angle_error_gt_15deg,absolute_0.0025,0.002500,calib,1,d74f9fde9141bd1a516050bf51de80333aebf4fd2aa4968d78fa2b89382d1115,d74f9fde9141bd1a516050bf51de80333aebf4fd2aa4968d78fa2b89382d1115,True
A,DIOR-R,rotated_retinanet_psc,detection_score,angle_error_gt_15deg,absolute_0.0025,0.002500,audit,1,d74f9fde9141bd1a516050bf51de80333aebf4fd2aa4968d78fa2b89382d1115,d74f9fde9141bd1a516050bf51de80333aebf4fd2aa4968d78fa2b89382d1115,True
A,DIOR-R,rotated_retinanet_psc,detection_score,angle_error_gt_15deg,absolute_0.005,0.005000,calib,1,739e8b11b24af01358da79cd78859a9514c76286c643e9f025b97eedace62b12,739e8b11b24af01358da79cd78859a9514c76286c643e9f025b97eedace62b12,True
A,DIOR-R,rotated_retinanet_psc,detection_score,angle_error_gt_15deg,absolute_0.005,0.005000,audit,1,739e8b11b24af01358da79cd78859a9514c76286c643e9f025b97eedace62b12,739e8b11b24af01358da79cd78859a9514c76286c643e9f025b97eedace62b12,True
A,DIOR-R,rotated_retinanet_psc,detection_score,angle_error_gt_15deg,absolute_0.01,0.010000,calib,1,8bd64fa241bf6363351298e754881b6c6626fd4496a616fd9157c9c73155a956,8bd64fa241bf6363351298e754881b6c6626fd4496a616fd9157c9c73155a956,True
A,DIOR-R,rotated_retinanet_psc,detection_score,angle_error_gt_15deg,absolute_0.01,0.010000,audit,1,8bd64fa241bf6363351298e754881b6c6626fd4496a616fd9157c9c73155a956,8bd64fa241bf6363351298e754881b6c6626fd4496a616fd9157c9c73155a956,True
A,DIOR-R,rotated_retinanet_psc,detection_score,angle_error_gt_15deg,relative_0.5_r_fit,0.004958,calib,1,dae725338283174f8583aea0f103d6e3e530e59ab7646c3ca8338bb3114010e8,dae725338283174f8583aea0f103d6e3e530e59ab7646c3ca8338bb3114010e8,True
A,DIOR-R,rotated_retinanet_psc,detection_score,angle_error_gt_15deg,relative_0.5_r_fit,0.004958,audit,1,dae725338283174f8583aea0f103d6e3e530e59ab7646c3ca8338bb3114010e8,dae725338283174f8583aea0f103d6e3e530e59ab7646c3ca8338bb3114010e8,True
A,DIOR-R,rotated_retinanet_psc,detection_score,angle_error_gt_15deg,relative_0.25_r_fit,0.002479,calib,1,5b7e67c64411dc61833a2aaff022865f6d33cea2926dda7623bf61ba376a8861,5b7e67c64411dc61833a2aaff022865f6d33cea2926dda7623bf61ba376a8861,True
A,DIOR-R,rotated_retinanet_psc,detection_score,angle_error_gt_15deg,relative_0.25_r_fit,0.002479,audit,1,5b7e67c64411dc61833a2aaff022865f6d33cea2926dda7623bf61ba376a8861,5b7e67c64411dc61833a2aaff022865f6d33cea2926dda7623bf61ba376a8861,True
A,DIOR-R,rotated_retinanet_psc,tta_circular_consistency,angle_error_gt_15deg,absolute_0.001,0.001000,calib,1,a1efd7a480fa4a2dbc3fe1258c839b31f432360335f0c815d3185eae3fd7f8c5,a1efd7a480fa4a2dbc3fe1258c839b31f432360335f0c815d3185eae3fd7f8c5,True
A,DIOR-R,rotated_retinanet_psc,tta_circular_consistency,angle_error_gt_15deg,absolute_0.001,0.001000,audit,1,a1efd7a480fa4a2dbc3fe1258c839b31f432360335f0c815d3185eae3fd7f8c5,a1efd7a480fa4a2dbc3fe1258c839b31f432360335f0c815d3185eae3fd7f8c5,True
A,DIOR-R,rotated_retinanet_psc,tta_circular_consistency,angle_error_gt_15deg,absolute_0.0025,0.002500,calib,1,0ec36ab9adb872c126b82237e38bd5f9e9809a7f2a45a878b2a64348912fcbb7,0ec36ab9adb872c126b82237e38bd5f9e9809a7f2a45a878b2a64348912fcbb7,True
A,DIOR-R,rotated_retinanet_psc,tta_circular_consistency,angle_error_gt_15deg,absolute_0.0025,0.002500,audit,1,0ec36ab9adb872c126b82237e38bd5f9e9809a7f2a45a878b2a64348912fcbb7,0ec36ab9adb872c126b82237e38bd5f9e9809a7f2a45a878b2a64348912fcbb7,True
A,DIOR-R,rotated_retinanet_psc,tta_circular_consistency,angle_error_gt_15deg,absolute_0.005,0.005000,calib,1,b1999201965870a8cd3c344cfc972ef88afe23def2e374d557433ee95a13e715,b1999201965870a8cd3c344cfc972ef88afe23def2e374d557433ee95a13e715,True
A,DIOR-R,rotated_retinanet_psc,tta_circular_consistency,angle_error_gt_15deg,absolute_0.005,0.005000,audit,1,b1999201965870a8cd3c344cfc972ef88afe23def2e374d557433ee95a13e715,b1999201965870a8cd3c344cfc972ef88afe23def2e374d557433ee95a13e715,True
A,DIOR-R,rotated_retinanet_psc,tta_circular_consistency,angle_error_gt_15deg,absolute_0.01,0.010000,calib,1,bfd90df74d96e42f17122c89de56f9a570e7820e58df6c993fdc0eb2a9daa3ff,bfd90df74d96e42f17122c89de56f9a570e7820e58df6c993fdc0eb2a9daa3ff,True
A,DIOR-R,rotated_retinanet_psc,tta_circular_consistency,angle_error_gt_15deg,absolute_0.01,0.010000,audit,1,bfd90df74d96e42f17122c89de56f9a570e7820e58df6c993fdc0eb2a9daa3ff,bfd90df74d96e42f17122c89de56f9a570e7820e58df6c993fdc0eb2a9daa3ff,True
A,DIOR-R,rotated_retinanet_psc,tta_circular_consistency,angle_error_gt_15deg,relative_0.5_r_fit,0.004958,calib,1,cb6e176529307c99a27c0bca9752da205cd04eeb39b9b750787fd0fed2524f2f,cb6e176529307c99a27c0bca9752da205cd04eeb39b9b750787fd0fed2524f2f,True
A,DIOR-R,rotated_retinanet_psc,tta_circular_consistency,angle_error_gt_15deg,relative_0.5_r_fit,0.004958,audit,1,cb6e176529307c99a27c0bca9752da205cd04eeb39b9b750787fd0fed2524f2f,cb6e176529307c99a27c0bca9752da205cd04eeb39b9b750787fd0fed2524f2f,True
A,DIOR-R,rotated_retinanet_psc,tta_circular_consistency,angle_error_gt_15deg,relative_0.25_r_fit,0.002479,calib,1,253d43d8410e8efd2c9707d33e32927eb6d8ab9e0bf8e19e56f9650f4056a0bc,253d43d8410e8efd2c9707d33e32927eb6d8ab9e0bf8e19e56f9650f4056a0bc,True
A,DIOR-R,rotated_retinanet_psc,tta_circular_consistency,angle_error_gt_15deg,relative_0.25_r_fit,0.002479,audit,1,253d43d8410e8efd2c9707d33e32927eb6d8ab9e0bf8e19e56f9650f4056a0bc,253d43d8410e8efd2c9707d33e32927eb6d8ab9e0bf8e19e56f9650f4056a0bc,True
A,DIOR-R,rotated_retinanet_psc,source_supervised_leave_geometry,angle_error_gt_15deg,absolute_0.001,0.001000,calib,1,070665703954d3502a460ea03fae6ad2738dce5e32bdaf91ecc2d533e208af36,070665703954d3502a460ea03fae6ad2738dce5e32bdaf91ecc2d533e208af36,True
A,DIOR-R,rotated_retinanet_psc,source_supervised_leave_geometry,angle_error_gt_15deg,absolute_0.001,0.001000,audit,1,070665703954d3502a460ea03fae6ad2738dce5e32bdaf91ecc2d533e208af36,070665703954d3502a460ea03fae6ad2738dce5e32bdaf91ecc2d533e208af36,True
A,DIOR-R,rotated_retinanet_psc,source_supervised_leave_geometry,angle_error_gt_15deg,absolute_0.0025,0.002500,calib,1,814dfeae28a57e310404db2b7aa3de7f9a4d919d8e93771da90e0c5ade34d6ba,814dfeae28a57e310404db2b7aa3de7f9a4d919d8e93771da90e0c5ade34d6ba,True
A,DIOR-R,rotated_retinanet_psc,source_supervised_leave_geometry,angle_error_gt_15deg,absolute_0.0025,0.002500,audit,1,814dfeae28a57e310404db2b7aa3de7f9a4d919d8e93771da90e0c5ade34d6ba,814dfeae28a57e310404db2b7aa3de7f9a4d919d8e93771da90e0c5ade34d6ba,True
A,DIOR-R,rotated_retinanet_psc,source_supervised_leave_geometry,angle_error_gt_15deg,absolute_0.005,0.005000,calib,1,7bd995932db39392cf4b7ffb5ad0c57d94d2147f2c8fb3016f5be612c24ec707,7bd995932db39392cf4b7ffb5ad0c57d94d2147f2c8fb3016f5be612c24ec707,True
A,DIOR-R,rotated_retinanet_psc,source_supervised_leave_geometry,angle_error_gt_15deg,absolute_0.005,0.005000,audit,1,7bd995932db39392cf4b7ffb5ad0c57d94d2147f2c8fb3016f5be612c24ec707,7bd995932db39392cf4b7ffb5ad0c57d94d2147f2c8fb3016f5be612c24ec707,True
A,DIOR-R,rotated_retinanet_psc,source_supervised_leave_geometry,angle_error_gt_15deg,absolute_0.01,0.010000,calib,1,825d9728d7ae3300726754377332885f6417392f627abb119dd35c78ecc5aa1b,825d9728d7ae3300726754377332885f6417392f627abb119dd35c78ecc5aa1b,True
A,DIOR-R,rotated_retinanet_psc,source_supervised_leave_geometry,angle_error_gt_15deg,absolute_0.01,0.010000,audit,1,825d9728d7ae3300726754377332885f6417392f627abb119dd35c78ecc5aa1b,825d9728d7ae3300726754377332885f6417392f627abb119dd35c78ecc5aa1b,True
A,DIOR-R,rotated_retinanet_psc,source_supervised_leave_geometry,angle_error_gt_15deg,relative_0.5_r_fit,0.004958,calib,1,c54660db7f6f76dcf321aafcaebb5e54fb98060797c592c00db7f29afa1fcd80,c54660db7f6f76dcf321aafcaebb5e54fb98060797c592c00db7f29afa1fcd80,True
A,DIOR-R,rotated_retinanet_psc,source_supervised_leave_geometry,angle_error_gt_15deg,relative_0.5_r_fit,0.004958,audit,1,c54660db7f6f76dcf321aafcaebb5e54fb98060797c592c00db7f29afa1fcd80,c54660db7f6f76dcf321aafcaebb5e54fb98060797c592c00db7f29afa1fcd80,True
A,DIOR-R,rotated_retinanet_psc,source_supervised_leave_geometry,angle_error_gt_15deg,relative_0.25_r_fit,0.002479,calib,1,74c651bdd99386f8fbf2407a085d8a5088c4972ddb2bc82658e9599557271e97,74c651bdd99386f8fbf2407a085d8a5088c4972ddb2bc82658e9599557271e97,True
A,DIOR-R,rotated_retinanet_psc,source_supervised_leave_geometry,angle_error_gt_15deg,relative_0.25_r_fit,0.002479,audit,1,74c651bdd99386f8fbf2407a085d8a5088c4972ddb2bc82658e9599557271e97,74c651bdd99386f8fbf2407a085d8a5088c4972ddb2bc82658e9599557271e97,True
A,DIOR-R,rotated_retinanet_psc,target_gt_nonlinear_geometry_upper_bound,angle_error_gt_15deg,absolute_0.001,0.001000,calib,1,65b9d38e07a1b6423b181c13fdd589c5e3d88d6812f13647ad00a32212fced6f,65b9d38e07a1b6423b181c13fdd589c5e3d88d6812f13647ad00a32212fced6f,True
A,DIOR-R,rotated_retinanet_psc,target_gt_nonlinear_geometry_upper_bound,angle_error_gt_15deg,absolute_0.001,0.001000,audit,1,65b9d38e07a1b6423b181c13fdd589c5e3d88d6812f13647ad00a32212fced6f,65b9d38e07a1b6423b181c13fdd589c5e3d88d6812f13647ad00a32212fced6f,True
A,DIOR-R,rotated_retinanet_psc,target_gt_nonlinear_geometry_upper_bound,angle_error_gt_15deg,absolute_0.0025,0.002500,calib,1,fd55b6b50044f7e82825c311ea20ce13930a1049e80294840f7fb5471a9107a3,fd55b6b50044f7e82825c311ea20ce13930a1049e80294840f7fb5471a9107a3,True
A,DIOR-R,rotated_retinanet_psc,target_gt_nonlinear_geometry_upper_bound,angle_error_gt_15deg,absolute_0.0025,0.002500,audit,1,fd55b6b50044f7e82825c311ea20ce13930a1049e80294840f7fb5471a9107a3,fd55b6b50044f7e82825c311ea20ce13930a1049e80294840f7fb5471a9107a3,True
A,DIOR-R,rotated_retinanet_psc,target_gt_nonlinear_geometry_upper_bound,angle_error_gt_15deg,absolute_0.005,0.005000,calib,1,80ef6f1a73739359dfc353aabac3a47236dfb82cd6f59f25ba5e9838a43484b0,80ef6f1a73739359dfc353aabac3a47236dfb82cd6f59f25ba5e9838a43484b0,True
A,DIOR-R,rotated_retinanet_psc,target_gt_nonlinear_geometry_upper_bound,angle_error_gt_15deg,absolute_0.005,0.005000,audit,1,80ef6f1a73739359dfc353aabac3a47236dfb82cd6f59f25ba5e9838a43484b0,80ef6f1a73739359dfc353aabac3a47236dfb82cd6f59f25ba5e9838a43484b0,True
A,DIOR-R,rotated_retinanet_psc,target_gt_nonlinear_geometry_upper_bound,angle_error_gt_15deg,absolute_0.01,0.010000,calib,1,23c89d328aab4f50507b628ff1ae54f6473a9a1367f4a5b4c87c899b3069cfeb,23c89d328aab4f50507b628ff1ae54f6473a9a1367f4a5b4c87c899b3069cfeb,True
A,DIOR-R,rotated_retinanet_psc,target_gt_nonlinear_geometry_upper_bound,angle_error_gt_15deg,absolute_0.01,0.010000,audit,1,23c89d328aab4f50507b628ff1ae54f6473a9a1367f4a5b4c87c899b3069cfeb,23c89d328aab4f50507b628ff1ae54f6473a9a1367f4a5b4c87c899b3069cfeb,True
A,DIOR-R,rotated_retinanet_psc,target_gt_nonlinear_geometry_upper_bound,angle_error_gt_15deg,relative_0.5_r_fit,0.004958,calib,1,b1af37f67af5cd55b81011c925bb8c720963bbedaade0c15192a8089a8f89374,b1af37f67af5cd55b81011c925bb8c720963bbedaade0c15192a8089a8f89374,True
A,DIOR-R,rotated_retinanet_psc,target_gt_nonlinear_geometry_upper_bound,angle_error_gt_15deg,relative_0.5_r_fit,0.004958,audit,1,b1af37f67af5cd55b81011c925bb8c720963bbedaade0c15192a8089a8f89374,b1af37f67af5cd55b81011c925bb8c720963bbedaade0c15192a8089a8f89374,True
A,DIOR-R,rotated_retinanet_psc,target_gt_nonlinear_geometry_upper_bound,angle_error_gt_15deg,relative_0.25_r_fit,0.002479,calib,1,da204129ec7c9dc18d5107a37ef97bc55d9a8bb26d825872c31c4dfcbcca53a1,da204129ec7c9dc18d5107a37ef97bc55d9a8bb26d825872c31c4dfcbcca53a1,True
A,DIOR-R,rotated_retinanet_psc,target_gt_nonlinear_geometry_upper_bound,angle_error_gt_15deg,relative_0.25_r_fit,0.002479,audit,1,da204129ec7c9dc18d5107a37ef97bc55d9a8bb26d825872c31c4dfcbcca53a1,da204129ec7c9dc18d5107a37ef97bc55d9a8bb26d825872c31c4dfcbcca53a1,True
B,DIOR-R,oriented_rcnn,detection_score,geometry_normalized_severe,absolute_0.001,0.001000,calib,1,c11323605344d88e1eabec007f063e58f6baa375015f07ca8c28107ce71cdc8e,c11323605344d88e1eabec007f063e58f6baa375015f07ca8c28107ce71cdc8e,True
B,DIOR-R,oriented_rcnn,detection_score,geometry_normalized_severe,absolute_0.001,0.001000,audit,1,c11323605344d88e1eabec007f063e58f6baa375015f07ca8c28107ce71cdc8e,c11323605344d88e1eabec007f063e58f6baa375015f07ca8c28107ce71cdc8e,True
B,DIOR-R,oriented_rcnn,detection_score,geometry_normalized_severe,absolute_0.0025,0.002500,calib,1,b093354f78ebd6516d6cd53cc6e80ea74ef288f7687e618f42132156a43277bb,b093354f78ebd6516d6cd53cc6e80ea74ef288f7687e618f42132156a43277bb,True
B,DIOR-R,oriented_rcnn,detection_score,geometry_normalized_severe,absolute_0.0025,0.002500,audit,1,b093354f78ebd6516d6cd53cc6e80ea74ef288f7687e618f42132156a43277bb,b093354f78ebd6516d6cd53cc6e80ea74ef288f7687e618f42132156a43277bb,True
B,DIOR-R,oriented_rcnn,detection_score,geometry_normalized_severe,absolute_0.005,0.005000,calib,1,141af4c99f97634a263fa7542daa2fea48a703b0769ebd24ab4c3267993348c5,141af4c99f97634a263fa7542daa2fea48a703b0769ebd24ab4c3267993348c5,True
B,DIOR-R,oriented_rcnn,detection_score,geometry_normalized_severe,absolute_0.005,0.005000,audit,1,141af4c99f97634a263fa7542daa2fea48a703b0769ebd24ab4c3267993348c5,141af4c99f97634a263fa7542daa2fea48a703b0769ebd24ab4c3267993348c5,True
B,DIOR-R,oriented_rcnn,detection_score,geometry_normalized_severe,absolute_0.01,0.010000,calib,1,e9288a82ef35227773e7988d1e75624ab17f01fb94ef7beda7e0d55cb89f87b5,e9288a82ef35227773e7988d1e75624ab17f01fb94ef7beda7e0d55cb89f87b5,True
B,DIOR-R,oriented_rcnn,detection_score,geometry_normalized_severe,absolute_0.01,0.010000,audit,1,e9288a82ef35227773e7988d1e75624ab17f01fb94ef7beda7e0d55cb89f87b5,e9288a82ef35227773e7988d1e75624ab17f01fb94ef7beda7e0d55cb89f87b5,True
B,DIOR-R,oriented_rcnn,detection_score,geometry_normalized_severe,relative_0.5_r_fit,0.012520,calib,1,e028b3e91d1247847105892cbb70f77931a41527971b1e0cebe86bc211400ed0,e028b3e91d1247847105892cbb70f77931a41527971b1e0cebe86bc211400ed0,True
B,DIOR-R,oriented_rcnn,detection_score,geometry_normalized_severe,relative_0.5_r_fit,0.012520,audit,1,e028b3e91d1247847105892cbb70f77931a41527971b1e0cebe86bc211400ed0,e028b3e91d1247847105892cbb70f77931a41527971b1e0cebe86bc211400ed0,True
B,DIOR-R,oriented_rcnn,detection_score,geometry_normalized_severe,relative_0.25_r_fit,0.006260,calib,1,97cf00100df9443cdc6ee8532779c240bdaa0969c25107954b688bac2b30a156,97cf00100df9443cdc6ee8532779c240bdaa0969c25107954b688bac2b30a156,True
B,DIOR-R,oriented_rcnn,detection_score,geometry_normalized_severe,relative_0.25_r_fit,0.006260,audit,1,97cf00100df9443cdc6ee8532779c240bdaa0969c25107954b688bac2b30a156,97cf00100df9443cdc6ee8532779c240bdaa0969c25107954b688bac2b30a156,True
B,DIOR-R,oriented_rcnn,tta_circular_consistency,geometry_normalized_severe,absolute_0.001,0.001000,calib,1,48ac48ca58c547068ffbab8c77d433b66ac022b53397663b93bf29323ad941fa,48ac48ca58c547068ffbab8c77d433b66ac022b53397663b93bf29323ad941fa,True
B,DIOR-R,oriented_rcnn,tta_circular_consistency,geometry_normalized_severe,absolute_0.001,0.001000,audit,1,48ac48ca58c547068ffbab8c77d433b66ac022b53397663b93bf29323ad941fa,48ac48ca58c547068ffbab8c77d433b66ac022b53397663b93bf29323ad941fa,True
B,DIOR-R,oriented_rcnn,tta_circular_consistency,geometry_normalized_severe,absolute_0.0025,0.002500,calib,1,5cf97d1a132441098d23d9a7c445a796423751832e7d80963db410a43eaf0199,5cf97d1a132441098d23d9a7c445a796423751832e7d80963db410a43eaf0199,True
B,DIOR-R,oriented_rcnn,tta_circular_consistency,geometry_normalized_severe,absolute_0.0025,0.002500,audit,1,5cf97d1a132441098d23d9a7c445a796423751832e7d80963db410a43eaf0199,5cf97d1a132441098d23d9a7c445a796423751832e7d80963db410a43eaf0199,True
B,DIOR-R,oriented_rcnn,tta_circular_consistency,geometry_normalized_severe,absolute_0.005,0.005000,calib,1,4c68b85a69d5327b1053e3f3d031bdb8a797684a15b05fc87a6cfd022a4ef4c7,4c68b85a69d5327b1053e3f3d031bdb8a797684a15b05fc87a6cfd022a4ef4c7,True
B,DIOR-R,oriented_rcnn,tta_circular_consistency,geometry_normalized_severe,absolute_0.005,0.005000,audit,1,4c68b85a69d5327b1053e3f3d031bdb8a797684a15b05fc87a6cfd022a4ef4c7,4c68b85a69d5327b1053e3f3d031bdb8a797684a15b05fc87a6cfd022a4ef4c7,True
B,DIOR-R,oriented_rcnn,tta_circular_consistency,geometry_normalized_severe,absolute_0.01,0.010000,calib,1,446a7da21dfa22f24fac9c34e9bcd5db81aebb25565c1ad0b24541fb8239ddf1,446a7da21dfa22f24fac9c34e9bcd5db81aebb25565c1ad0b24541fb8239ddf1,True
B,DIOR-R,oriented_rcnn,tta_circular_consistency,geometry_normalized_severe,absolute_0.01,0.010000,audit,1,446a7da21dfa22f24fac9c34e9bcd5db81aebb25565c1ad0b24541fb8239ddf1,446a7da21dfa22f24fac9c34e9bcd5db81aebb25565c1ad0b24541fb8239ddf1,True
B,DIOR-R,oriented_rcnn,tta_circular_consistency,geometry_normalized_severe,relative_0.5_r_fit,0.012520,calib,1,c2e6694a3865dee6abb12feabc3a970318adba8b9132aba7eedf613f4b860398,c2e6694a3865dee6abb12feabc3a970318adba8b9132aba7eedf613f4b860398,True
B,DIOR-R,oriented_rcnn,tta_circular_consistency,geometry_normalized_severe,relative_0.5_r_fit,0.012520,audit,1,c2e6694a3865dee6abb12feabc3a970318adba8b9132aba7eedf613f4b860398,c2e6694a3865dee6abb12feabc3a970318adba8b9132aba7eedf613f4b860398,True
B,DIOR-R,oriented_rcnn,tta_circular_consistency,geometry_normalized_severe,relative_0.25_r_fit,0.006260,calib,1,8b93bde8ab4ac80ad4492e268845e0895033b8dc1886290dc84f11542b2abd20,8b93bde8ab4ac80ad4492e268845e0895033b8dc1886290dc84f11542b2abd20,True
B,DIOR-R,oriented_rcnn,tta_circular_consistency,geometry_normalized_severe,relative_0.25_r_fit,0.006260,audit,1,8b93bde8ab4ac80ad4492e268845e0895033b8dc1886290dc84f11542b2abd20,8b93bde8ab4ac80ad4492e268845e0895033b8dc1886290dc84f11542b2abd20,True
B,DIOR-R,oriented_rcnn,source_supervised_leave_geometry,geometry_normalized_severe,absolute_0.001,0.001000,calib,1,bfafadb03af98a050758f844889e8f49f538cbc399ca9ec0add34d418b4cbab9,bfafadb03af98a050758f844889e8f49f538cbc399ca9ec0add34d418b4cbab9,True
B,DIOR-R,oriented_rcnn,source_supervised_leave_geometry,geometry_normalized_severe,absolute_0.001,0.001000,audit,1,bfafadb03af98a050758f844889e8f49f538cbc399ca9ec0add34d418b4cbab9,bfafadb03af98a050758f844889e8f49f538cbc399ca9ec0add34d418b4cbab9,True
B,DIOR-R,oriented_rcnn,source_supervised_leave_geometry,geometry_normalized_severe,absolute_0.0025,0.002500,calib,1,139191f4d73d3e232fb78c584cacba38cd4c6d208e2c7a931ce5a41c880192d2,139191f4d73d3e232fb78c584cacba38cd4c6d208e2c7a931ce5a41c880192d2,True
B,DIOR-R,oriented_rcnn,source_supervised_leave_geometry,geometry_normalized_severe,absolute_0.0025,0.002500,audit,1,139191f4d73d3e232fb78c584cacba38cd4c6d208e2c7a931ce5a41c880192d2,139191f4d73d3e232fb78c584cacba38cd4c6d208e2c7a931ce5a41c880192d2,True
B,DIOR-R,oriented_rcnn,source_supervised_leave_geometry,geometry_normalized_severe,absolute_0.005,0.005000,calib,1,6349b6885f937d4c0a23020c340fbdc9fc40b70cf07121e9686ed93b780c8b92,6349b6885f937d4c0a23020c340fbdc9fc40b70cf07121e9686ed93b780c8b92,True
B,DIOR-R,oriented_rcnn,source_supervised_leave_geometry,geometry_normalized_severe,absolute_0.005,0.005000,audit,1,6349b6885f937d4c0a23020c340fbdc9fc40b70cf07121e9686ed93b780c8b92,6349b6885f937d4c0a23020c340fbdc9fc40b70cf07121e9686ed93b780c8b92,True
B,DIOR-R,oriented_rcnn,source_supervised_leave_geometry,geometry_normalized_severe,absolute_0.01,0.010000,calib,1,bbc891dceae5b42458737bdff651f1af0796e92658d9f18bb0b5a7b0e79f5fd3,bbc891dceae5b42458737bdff651f1af0796e92658d9f18bb0b5a7b0e79f5fd3,True
B,DIOR-R,oriented_rcnn,source_supervised_leave_geometry,geometry_normalized_severe,absolute_0.01,0.010000,audit,1,bbc891dceae5b42458737bdff651f1af0796e92658d9f18bb0b5a7b0e79f5fd3,bbc891dceae5b42458737bdff651f1af0796e92658d9f18bb0b5a7b0e79f5fd3,True
B,DIOR-R,oriented_rcnn,source_supervised_leave_geometry,geometry_normalized_severe,relative_0.5_r_fit,0.012520,calib,1,a53020da83c4deef2702de07eb1ef8777308efcc208f9c6ce23cab1493c2aac4,a53020da83c4deef2702de07eb1ef8777308efcc208f9c6ce23cab1493c2aac4,True
B,DIOR-R,oriented_rcnn,source_supervised_leave_geometry,geometry_normalized_severe,relative_0.5_r_fit,0.012520,audit,1,a53020da83c4deef2702de07eb1ef8777308efcc208f9c6ce23cab1493c2aac4,a53020da83c4deef2702de07eb1ef8777308efcc208f9c6ce23cab1493c2aac4,True
B,DIOR-R,oriented_rcnn,source_supervised_leave_geometry,geometry_normalized_severe,relative_0.25_r_fit,0.006260,calib,1,d46911f665ec26888224d3c84b48b32acc5a19a57800c75ea26db81aca072b04,d46911f665ec26888224d3c84b48b32acc5a19a57800c75ea26db81aca072b04,True
B,DIOR-R,oriented_rcnn,source_supervised_leave_geometry,geometry_normalized_severe,relative_0.25_r_fit,0.006260,audit,1,d46911f665ec26888224d3c84b48b32acc5a19a57800c75ea26db81aca072b04,d46911f665ec26888224d3c84b48b32acc5a19a57800c75ea26db81aca072b04,True
B,DIOR-R,oriented_rcnn,target_gt_nonlinear_geometry_upper_bound,geometry_normalized_severe,absolute_0.001,0.001000,calib,1,58f8495f2ea498b69aa8a42a79e8ace1cffd4e4f8a8964f941086a5f616a2cbf,58f8495f2ea498b69aa8a42a79e8ace1cffd4e4f8a8964f941086a5f616a2cbf,True
B,DIOR-R,oriented_rcnn,target_gt_nonlinear_geometry_upper_bound,geometry_normalized_severe,absolute_0.001,0.001000,audit,1,58f8495f2ea498b69aa8a42a79e8ace1cffd4e4f8a8964f941086a5f616a2cbf,58f8495f2ea498b69aa8a42a79e8ace1cffd4e4f8a8964f941086a5f616a2cbf,True
B,DIOR-R,oriented_rcnn,target_gt_nonlinear_geometry_upper_bound,geometry_normalized_severe,absolute_0.0025,0.002500,calib,1,d0bd7fbd4b9c601089258e8c97883678d371ff44f72590583beede0a86fb4c3a,d0bd7fbd4b9c601089258e8c97883678d371ff44f72590583beede0a86fb4c3a,True
B,DIOR-R,oriented_rcnn,target_gt_nonlinear_geometry_upper_bound,geometry_normalized_severe,absolute_0.0025,0.002500,audit,1,d0bd7fbd4b9c601089258e8c97883678d371ff44f72590583beede0a86fb4c3a,d0bd7fbd4b9c601089258e8c97883678d371ff44f72590583beede0a86fb4c3a,True
B,DIOR-R,oriented_rcnn,target_gt_nonlinear_geometry_upper_bound,geometry_normalized_severe,absolute_0.005,0.005000,calib,1,6d6839d08adcdc7ab35de7603baedb65545ca4d6f1f2552e27d8378339637b24,6d6839d08adcdc7ab35de7603baedb65545ca4d6f1f2552e27d8378339637b24,True
B,DIOR-R,oriented_rcnn,target_gt_nonlinear_geometry_upper_bound,geometry_normalized_severe,absolute_0.005,0.005000,audit,1,6d6839d08adcdc7ab35de7603baedb65545ca4d6f1f2552e27d8378339637b24,6d6839d08adcdc7ab35de7603baedb65545ca4d6f1f2552e27d8378339637b24,True
B,DIOR-R,oriented_rcnn,target_gt_nonlinear_geometry_upper_bound,geometry_normalized_severe,absolute_0.01,0.010000,calib,1,41d67d5ace138772723d2759a63c54ce821b557dadb2434f4c87a09f569d8451,41d67d5ace138772723d2759a63c54ce821b557dadb2434f4c87a09f569d8451,True
B,DIOR-R,oriented_rcnn,target_gt_nonlinear_geometry_upper_bound,geometry_normalized_severe,absolute_0.01,0.010000,audit,1,41d67d5ace138772723d2759a63c54ce821b557dadb2434f4c87a09f569d8451,41d67d5ace138772723d2759a63c54ce821b557dadb2434f4c87a09f569d8451,True
B,DIOR-R,oriented_rcnn,target_gt_nonlinear_geometry_upper_bound,geometry_normalized_severe,relative_0.5_r_fit,0.012520,calib,1,c2a5dbcd1b2c1f11919f4894fa0ed86026c3ab0551da5b9b05dbe236d1da4576,c2a5dbcd1b2c1f11919f4894fa0ed86026c3ab0551da5b9b05dbe236d1da4576,True
B,DIOR-R,oriented_rcnn,target_gt_nonlinear_geometry_upper_bound,geometry_normalized_severe,relative_0.5_r_fit,0.012520,audit,1,c2a5dbcd1b2c1f11919f4894fa0ed86026c3ab0551da5b9b05dbe236d1da4576,c2a5dbcd1b2c1f11919f4894fa0ed86026c3ab0551da5b9b05dbe236d1da4576,True
B,DIOR-R,oriented_rcnn,target_gt_nonlinear_geometry_upper_bound,geometry_normalized_severe,relative_0.25_r_fit,0.006260,calib,1,fd9f20f7303b024d4f7383f8d94ae131e1e10dedce902b006902fb704a597ac8,fd9f20f7303b024d4f7383f8d94ae131e1e10dedce902b006902fb704a597ac8,True
B,DIOR-R,oriented_rcnn,target_gt_nonlinear_geometry_upper_bound,geometry_normalized_severe,relative_0.25_r_fit,0.006260,audit,1,fd9f20f7303b024d4f7383f8d94ae131e1e10dedce902b006902fb704a597ac8,fd9f20f7303b024d4f7383f8d94ae131e1e10dedce902b006902fb704a597ac8,True
B,DIOR-R,oriented_rcnn,detection_score,angle_error_gt_5deg,absolute_0.001,0.001000,calib,1,4a53c282d73a26826f269f8e09d157b7521189807f06a6bb6d4cbb5ec2b98cbd,4a53c282d73a26826f269f8e09d157b7521189807f06a6bb6d4cbb5ec2b98cbd,True
B,DIOR-R,oriented_rcnn,detection_score,angle_error_gt_5deg,absolute_0.001,0.001000,audit,1,4a53c282d73a26826f269f8e09d157b7521189807f06a6bb6d4cbb5ec2b98cbd,4a53c282d73a26826f269f8e09d157b7521189807f06a6bb6d4cbb5ec2b98cbd,True
B,DIOR-R,oriented_rcnn,detection_score,angle_error_gt_5deg,absolute_0.0025,0.002500,calib,1,010c02edeb320a0300b59cc03ac7fb748ef72bc3714cf8e522c8ef43032cde62,010c02edeb320a0300b59cc03ac7fb748ef72bc3714cf8e522c8ef43032cde62,True
B,DIOR-R,oriented_rcnn,detection_score,angle_error_gt_5deg,absolute_0.0025,0.002500,audit,1,010c02edeb320a0300b59cc03ac7fb748ef72bc3714cf8e522c8ef43032cde62,010c02edeb320a0300b59cc03ac7fb748ef72bc3714cf8e522c8ef43032cde62,True
B,DIOR-R,oriented_rcnn,detection_score,angle_error_gt_5deg,absolute_0.005,0.005000,calib,1,90246ccbc89d4f810230bd1e9411d96587908ef313182780769266a48a6dad97,90246ccbc89d4f810230bd1e9411d96587908ef313182780769266a48a6dad97,True
B,DIOR-R,oriented_rcnn,detection_score,angle_error_gt_5deg,absolute_0.005,0.005000,audit,1,90246ccbc89d4f810230bd1e9411d96587908ef313182780769266a48a6dad97,90246ccbc89d4f810230bd1e9411d96587908ef313182780769266a48a6dad97,True
B,DIOR-R,oriented_rcnn,detection_score,angle_error_gt_5deg,absolute_0.01,0.010000,calib,1,67c59fea59907388ce1eec848648383e447e565448bcb03c0106aff780c23e60,67c59fea59907388ce1eec848648383e447e565448bcb03c0106aff780c23e60,True
B,DIOR-R,oriented_rcnn,detection_score,angle_error_gt_5deg,absolute_0.01,0.010000,audit,1,67c59fea59907388ce1eec848648383e447e565448bcb03c0106aff780c23e60,67c59fea59907388ce1eec848648383e447e565448bcb03c0106aff780c23e60,True
B,DIOR-R,oriented_rcnn,detection_score,angle_error_gt_5deg,relative_0.5_r_fit,0.042347,calib,1,fc2460112e22a563ec4decb19c29dc6f3446289f82edbaf08d7e5c5a015fbeb9,fc2460112e22a563ec4decb19c29dc6f3446289f82edbaf08d7e5c5a015fbeb9,True
B,DIOR-R,oriented_rcnn,detection_score,angle_error_gt_5deg,relative_0.5_r_fit,0.042347,audit,1,fc2460112e22a563ec4decb19c29dc6f3446289f82edbaf08d7e5c5a015fbeb9,fc2460112e22a563ec4decb19c29dc6f3446289f82edbaf08d7e5c5a015fbeb9,True
B,DIOR-R,oriented_rcnn,detection_score,angle_error_gt_5deg,relative_0.25_r_fit,0.021173,calib,1,6e8e7d0bf3aec7f44a89bc6eaed99325f9631f7bb1d2f59e81acd9efdb6575b8,6e8e7d0bf3aec7f44a89bc6eaed99325f9631f7bb1d2f59e81acd9efdb6575b8,True
B,DIOR-R,oriented_rcnn,detection_score,angle_error_gt_5deg,relative_0.25_r_fit,0.021173,audit,1,6e8e7d0bf3aec7f44a89bc6eaed99325f9631f7bb1d2f59e81acd9efdb6575b8,6e8e7d0bf3aec7f44a89bc6eaed99325f9631f7bb1d2f59e81acd9efdb6575b8,True
B,DIOR-R,oriented_rcnn,tta_circular_consistency,angle_error_gt_5deg,absolute_0.001,0.001000,calib,1,1de7b39e135afed364deef1230f7eb1ab43d4214cad26f7d383dd924ab22920b,1de7b39e135afed364deef1230f7eb1ab43d4214cad26f7d383dd924ab22920b,True
B,DIOR-R,oriented_rcnn,tta_circular_consistency,angle_error_gt_5deg,absolute_0.001,0.001000,audit,1,1de7b39e135afed364deef1230f7eb1ab43d4214cad26f7d383dd924ab22920b,1de7b39e135afed364deef1230f7eb1ab43d4214cad26f7d383dd924ab22920b,True
B,DIOR-R,oriented_rcnn,tta_circular_consistency,angle_error_gt_5deg,absolute_0.0025,0.002500,calib,1,1de7b39e135afed364deef1230f7eb1ab43d4214cad26f7d383dd924ab22920b,1de7b39e135afed364deef1230f7eb1ab43d4214cad26f7d383dd924ab22920b,True
B,DIOR-R,oriented_rcnn,tta_circular_consistency,angle_error_gt_5deg,absolute_0.0025,0.002500,audit,1,1de7b39e135afed364deef1230f7eb1ab43d4214cad26f7d383dd924ab22920b,1de7b39e135afed364deef1230f7eb1ab43d4214cad26f7d383dd924ab22920b,True
B,DIOR-R,oriented_rcnn,tta_circular_consistency,angle_error_gt_5deg,absolute_0.005,0.005000,calib,1,1de7b39e135afed364deef1230f7eb1ab43d4214cad26f7d383dd924ab22920b,1de7b39e135afed364deef1230f7eb1ab43d4214cad26f7d383dd924ab22920b,True
B,DIOR-R,oriented_rcnn,tta_circular_consistency,angle_error_gt_5deg,absolute_0.005,0.005000,audit,1,1de7b39e135afed364deef1230f7eb1ab43d4214cad26f7d383dd924ab22920b,1de7b39e135afed364deef1230f7eb1ab43d4214cad26f7d383dd924ab22920b,True
B,DIOR-R,oriented_rcnn,tta_circular_consistency,angle_error_gt_5deg,absolute_0.01,0.010000,calib,1,1de7b39e135afed364deef1230f7eb1ab43d4214cad26f7d383dd924ab22920b,1de7b39e135afed364deef1230f7eb1ab43d4214cad26f7d383dd924ab22920b,True
B,DIOR-R,oriented_rcnn,tta_circular_consistency,angle_error_gt_5deg,absolute_0.01,0.010000,audit,1,1de7b39e135afed364deef1230f7eb1ab43d4214cad26f7d383dd924ab22920b,1de7b39e135afed364deef1230f7eb1ab43d4214cad26f7d383dd924ab22920b,True
B,DIOR-R,oriented_rcnn,tta_circular_consistency,angle_error_gt_5deg,relative_0.5_r_fit,0.042347,calib,1,504cb01652b91c403affe519043ad78032565e2aff6b2edbef1c6705a5e71b22,504cb01652b91c403affe519043ad78032565e2aff6b2edbef1c6705a5e71b22,True
B,DIOR-R,oriented_rcnn,tta_circular_consistency,angle_error_gt_5deg,relative_0.5_r_fit,0.042347,audit,1,504cb01652b91c403affe519043ad78032565e2aff6b2edbef1c6705a5e71b22,504cb01652b91c403affe519043ad78032565e2aff6b2edbef1c6705a5e71b22,True
B,DIOR-R,oriented_rcnn,tta_circular_consistency,angle_error_gt_5deg,relative_0.25_r_fit,0.021173,calib,1,91f96a563a1f53d7e591360a472446c433399c39b3d488bec1d7ac0dca1dd0c2,91f96a563a1f53d7e591360a472446c433399c39b3d488bec1d7ac0dca1dd0c2,True
B,DIOR-R,oriented_rcnn,tta_circular_consistency,angle_error_gt_5deg,relative_0.25_r_fit,0.021173,audit,1,91f96a563a1f53d7e591360a472446c433399c39b3d488bec1d7ac0dca1dd0c2,91f96a563a1f53d7e591360a472446c433399c39b3d488bec1d7ac0dca1dd0c2,True
B,DIOR-R,oriented_rcnn,source_supervised_leave_geometry,angle_error_gt_5deg,absolute_0.001,0.001000,calib,1,bfafadb03af98a050758f844889e8f49f538cbc399ca9ec0add34d418b4cbab9,bfafadb03af98a050758f844889e8f49f538cbc399ca9ec0add34d418b4cbab9,True
B,DIOR-R,oriented_rcnn,source_supervised_leave_geometry,angle_error_gt_5deg,absolute_0.001,0.001000,audit,1,bfafadb03af98a050758f844889e8f49f538cbc399ca9ec0add34d418b4cbab9,bfafadb03af98a050758f844889e8f49f538cbc399ca9ec0add34d418b4cbab9,True
B,DIOR-R,oriented_rcnn,source_supervised_leave_geometry,angle_error_gt_5deg,absolute_0.0025,0.002500,calib,1,139191f4d73d3e232fb78c584cacba38cd4c6d208e2c7a931ce5a41c880192d2,139191f4d73d3e232fb78c584cacba38cd4c6d208e2c7a931ce5a41c880192d2,True
B,DIOR-R,oriented_rcnn,source_supervised_leave_geometry,angle_error_gt_5deg,absolute_0.0025,0.002500,audit,1,139191f4d73d3e232fb78c584cacba38cd4c6d208e2c7a931ce5a41c880192d2,139191f4d73d3e232fb78c584cacba38cd4c6d208e2c7a931ce5a41c880192d2,True
B,DIOR-R,oriented_rcnn,source_supervised_leave_geometry,angle_error_gt_5deg,absolute_0.005,0.005000,calib,1,6349b6885f937d4c0a23020c340fbdc9fc40b70cf07121e9686ed93b780c8b92,6349b6885f937d4c0a23020c340fbdc9fc40b70cf07121e9686ed93b780c8b92,True
B,DIOR-R,oriented_rcnn,source_supervised_leave_geometry,angle_error_gt_5deg,absolute_0.005,0.005000,audit,1,6349b6885f937d4c0a23020c340fbdc9fc40b70cf07121e9686ed93b780c8b92,6349b6885f937d4c0a23020c340fbdc9fc40b70cf07121e9686ed93b780c8b92,True
B,DIOR-R,oriented_rcnn,source_supervised_leave_geometry,angle_error_gt_5deg,absolute_0.01,0.010000,calib,1,e662f4bc593b1c46a6a1bececa7130e6d6384df2a5cccee09320e2a2d1ffacbc,e662f4bc593b1c46a6a1bececa7130e6d6384df2a5cccee09320e2a2d1ffacbc,True
B,DIOR-R,oriented_rcnn,source_supervised_leave_geometry,angle_error_gt_5deg,absolute_0.01,0.010000,audit,1,e662f4bc593b1c46a6a1bececa7130e6d6384df2a5cccee09320e2a2d1ffacbc,e662f4bc593b1c46a6a1bececa7130e6d6384df2a5cccee09320e2a2d1ffacbc,True
B,DIOR-R,oriented_rcnn,source_supervised_leave_geometry,angle_error_gt_5deg,relative_0.5_r_fit,0.042347,calib,1,1f14b16e9776f89659d14dddc8a15dc650328be218aba351760d939bd79b48e8,1f14b16e9776f89659d14dddc8a15dc650328be218aba351760d939bd79b48e8,True
B,DIOR-R,oriented_rcnn,source_supervised_leave_geometry,angle_error_gt_5deg,relative_0.5_r_fit,0.042347,audit,1,1f14b16e9776f89659d14dddc8a15dc650328be218aba351760d939bd79b48e8,1f14b16e9776f89659d14dddc8a15dc650328be218aba351760d939bd79b48e8,True
B,DIOR-R,oriented_rcnn,source_supervised_leave_geometry,angle_error_gt_5deg,relative_0.25_r_fit,0.021173,calib,1,720953e965ad652a080b2cc659ae48c67939dafbcb405529376394e06663fa91,720953e965ad652a080b2cc659ae48c67939dafbcb405529376394e06663fa91,True
B,DIOR-R,oriented_rcnn,source_supervised_leave_geometry,angle_error_gt_5deg,relative_0.25_r_fit,0.021173,audit,1,720953e965ad652a080b2cc659ae48c67939dafbcb405529376394e06663fa91,720953e965ad652a080b2cc659ae48c67939dafbcb405529376394e06663fa91,True
B,DIOR-R,oriented_rcnn,target_gt_nonlinear_geometry_upper_bound,angle_error_gt_5deg,absolute_0.001,0.001000,calib,1,4fe7536034fc0c9a07c00417f504e5c71a100bd384047698966a943896019896,4fe7536034fc0c9a07c00417f504e5c71a100bd384047698966a943896019896,True
B,DIOR-R,oriented_rcnn,target_gt_nonlinear_geometry_upper_bound,angle_error_gt_5deg,absolute_0.001,0.001000,audit,1,4fe7536034fc0c9a07c00417f504e5c71a100bd384047698966a943896019896,4fe7536034fc0c9a07c00417f504e5c71a100bd384047698966a943896019896,True
B,DIOR-R,oriented_rcnn,target_gt_nonlinear_geometry_upper_bound,angle_error_gt_5deg,absolute_0.0025,0.002500,calib,1,bb4619c5cacf784412ef273a3af7fa2daa4be238d591d412b12f9dbf9343ed81,bb4619c5cacf784412ef273a3af7fa2daa4be238d591d412b12f9dbf9343ed81,True
B,DIOR-R,oriented_rcnn,target_gt_nonlinear_geometry_upper_bound,angle_error_gt_5deg,absolute_0.0025,0.002500,audit,1,bb4619c5cacf784412ef273a3af7fa2daa4be238d591d412b12f9dbf9343ed81,bb4619c5cacf784412ef273a3af7fa2daa4be238d591d412b12f9dbf9343ed81,True
B,DIOR-R,oriented_rcnn,target_gt_nonlinear_geometry_upper_bound,angle_error_gt_5deg,absolute_0.005,0.005000,calib,1,9a3262818ddceba3cd49f4b22f7be046e731452e8f9884ee0bbdebea3b967044,9a3262818ddceba3cd49f4b22f7be046e731452e8f9884ee0bbdebea3b967044,True
B,DIOR-R,oriented_rcnn,target_gt_nonlinear_geometry_upper_bound,angle_error_gt_5deg,absolute_0.005,0.005000,audit,1,9a3262818ddceba3cd49f4b22f7be046e731452e8f9884ee0bbdebea3b967044,9a3262818ddceba3cd49f4b22f7be046e731452e8f9884ee0bbdebea3b967044,True
B,DIOR-R,oriented_rcnn,target_gt_nonlinear_geometry_upper_bound,angle_error_gt_5deg,absolute_0.01,0.010000,calib,1,1d75a26908a524478fc8aeb296040e2274e0c19571137a034e3d4aafbd158e4a,1d75a26908a524478fc8aeb296040e2274e0c19571137a034e3d4aafbd158e4a,True
B,DIOR-R,oriented_rcnn,target_gt_nonlinear_geometry_upper_bound,angle_error_gt_5deg,absolute_0.01,0.010000,audit,1,1d75a26908a524478fc8aeb296040e2274e0c19571137a034e3d4aafbd158e4a,1d75a26908a524478fc8aeb296040e2274e0c19571137a034e3d4aafbd158e4a,True
B,DIOR-R,oriented_rcnn,target_gt_nonlinear_geometry_upper_bound,angle_error_gt_5deg,relative_0.5_r_fit,0.042347,calib,1,0d0e8b4a1e3845b3384baf80d422d359fac0d8891335fc437352b6e7226df14f,0d0e8b4a1e3845b3384baf80d422d359fac0d8891335fc437352b6e7226df14f,True
B,DIOR-R,oriented_rcnn,target_gt_nonlinear_geometry_upper_bound,angle_error_gt_5deg,relative_0.5_r_fit,0.042347,audit,1,0d0e8b4a1e3845b3384baf80d422d359fac0d8891335fc437352b6e7226df14f,0d0e8b4a1e3845b3384baf80d422d359fac0d8891335fc437352b6e7226df14f,True
B,DIOR-R,oriented_rcnn,target_gt_nonlinear_geometry_upper_bound,angle_error_gt_5deg,relative_0.25_r_fit,0.021173,calib,1,a78ccbba37a745e1c025376c43033bb781eca01a1e35842299a63b5d6fe40372,a78ccbba37a745e1c025376c43033bb781eca01a1e35842299a63b5d6fe40372,True
B,DIOR-R,oriented_rcnn,target_gt_nonlinear_geometry_upper_bound,angle_error_gt_5deg,relative_0.25_r_fit,0.021173,audit,1,a78ccbba37a745e1c025376c43033bb781eca01a1e35842299a63b5d6fe40372,a78ccbba37a745e1c025376c43033bb781eca01a1e35842299a63b5d6fe40372,True
B,DIOR-R,oriented_rcnn,detection_score,angle_error_gt_10deg,absolute_0.001,0.001000,calib,1,a810b895d2c9f8d8d8793165a9c4805ffc8a274198a8bb0b33808b3d8403db5f,a810b895d2c9f8d8d8793165a9c4805ffc8a274198a8bb0b33808b3d8403db5f,True
B,DIOR-R,oriented_rcnn,detection_score,angle_error_gt_10deg,absolute_0.001,0.001000,audit,1,a810b895d2c9f8d8d8793165a9c4805ffc8a274198a8bb0b33808b3d8403db5f,a810b895d2c9f8d8d8793165a9c4805ffc8a274198a8bb0b33808b3d8403db5f,True
B,DIOR-R,oriented_rcnn,detection_score,angle_error_gt_10deg,absolute_0.0025,0.002500,calib,1,6dd7a81a44f39ddb2ff6c455cf5338b0ec6c31506f491aec077397611e5cc035,6dd7a81a44f39ddb2ff6c455cf5338b0ec6c31506f491aec077397611e5cc035,True
B,DIOR-R,oriented_rcnn,detection_score,angle_error_gt_10deg,absolute_0.0025,0.002500,audit,1,6dd7a81a44f39ddb2ff6c455cf5338b0ec6c31506f491aec077397611e5cc035,6dd7a81a44f39ddb2ff6c455cf5338b0ec6c31506f491aec077397611e5cc035,True
B,DIOR-R,oriented_rcnn,detection_score,angle_error_gt_10deg,absolute_0.005,0.005000,calib,1,08354c9902222df2b10b5284bd6f75313fc717d7348541178ba1cef3a20c7a79,08354c9902222df2b10b5284bd6f75313fc717d7348541178ba1cef3a20c7a79,True
B,DIOR-R,oriented_rcnn,detection_score,angle_error_gt_10deg,absolute_0.005,0.005000,audit,1,08354c9902222df2b10b5284bd6f75313fc717d7348541178ba1cef3a20c7a79,08354c9902222df2b10b5284bd6f75313fc717d7348541178ba1cef3a20c7a79,True
B,DIOR-R,oriented_rcnn,detection_score,angle_error_gt_10deg,absolute_0.01,0.010000,calib,1,826d32eaa636d46616be9a1ab7fe0753e375b5d037be2ef6d179fc0cc05cea31,826d32eaa636d46616be9a1ab7fe0753e375b5d037be2ef6d179fc0cc05cea31,True
B,DIOR-R,oriented_rcnn,detection_score,angle_error_gt_10deg,absolute_0.01,0.010000,audit,1,826d32eaa636d46616be9a1ab7fe0753e375b5d037be2ef6d179fc0cc05cea31,826d32eaa636d46616be9a1ab7fe0753e375b5d037be2ef6d179fc0cc05cea31,True
B,DIOR-R,oriented_rcnn,detection_score,angle_error_gt_10deg,relative_0.5_r_fit,0.011203,calib,1,0e5f7e229cdb15df120a8a5ba83961053858066fa199da6731603e541ed1956c,0e5f7e229cdb15df120a8a5ba83961053858066fa199da6731603e541ed1956c,True
B,DIOR-R,oriented_rcnn,detection_score,angle_error_gt_10deg,relative_0.5_r_fit,0.011203,audit,1,0e5f7e229cdb15df120a8a5ba83961053858066fa199da6731603e541ed1956c,0e5f7e229cdb15df120a8a5ba83961053858066fa199da6731603e541ed1956c,True
B,DIOR-R,oriented_rcnn,detection_score,angle_error_gt_10deg,relative_0.25_r_fit,0.005602,calib,1,2bc56024f690347536ce4b06ca9a2d9ee896e2e69993231653672dbd4dc61851,2bc56024f690347536ce4b06ca9a2d9ee896e2e69993231653672dbd4dc61851,True
B,DIOR-R,oriented_rcnn,detection_score,angle_error_gt_10deg,relative_0.25_r_fit,0.005602,audit,1,2bc56024f690347536ce4b06ca9a2d9ee896e2e69993231653672dbd4dc61851,2bc56024f690347536ce4b06ca9a2d9ee896e2e69993231653672dbd4dc61851,True
B,DIOR-R,oriented_rcnn,tta_circular_consistency,angle_error_gt_10deg,absolute_0.001,0.001000,calib,1,48ac48ca58c547068ffbab8c77d433b66ac022b53397663b93bf29323ad941fa,48ac48ca58c547068ffbab8c77d433b66ac022b53397663b93bf29323ad941fa,True
B,DIOR-R,oriented_rcnn,tta_circular_consistency,angle_error_gt_10deg,absolute_0.001,0.001000,audit,1,48ac48ca58c547068ffbab8c77d433b66ac022b53397663b93bf29323ad941fa,48ac48ca58c547068ffbab8c77d433b66ac022b53397663b93bf29323ad941fa,True
B,DIOR-R,oriented_rcnn,tta_circular_consistency,angle_error_gt_10deg,absolute_0.0025,0.002500,calib,1,3393e885f17527521368ef57dae5d938bd3d0e123dda269f3d6067c83f6feeb7,3393e885f17527521368ef57dae5d938bd3d0e123dda269f3d6067c83f6feeb7,True
B,DIOR-R,oriented_rcnn,tta_circular_consistency,angle_error_gt_10deg,absolute_0.0025,0.002500,audit,1,3393e885f17527521368ef57dae5d938bd3d0e123dda269f3d6067c83f6feeb7,3393e885f17527521368ef57dae5d938bd3d0e123dda269f3d6067c83f6feeb7,True
B,DIOR-R,oriented_rcnn,tta_circular_consistency,angle_error_gt_10deg,absolute_0.005,0.005000,calib,1,62882ec84a7d9bfdd5ba80f4e8d7f6078c60c180161fefaf1601eb3de46c361c,62882ec84a7d9bfdd5ba80f4e8d7f6078c60c180161fefaf1601eb3de46c361c,True
B,DIOR-R,oriented_rcnn,tta_circular_consistency,angle_error_gt_10deg,absolute_0.005,0.005000,audit,1,62882ec84a7d9bfdd5ba80f4e8d7f6078c60c180161fefaf1601eb3de46c361c,62882ec84a7d9bfdd5ba80f4e8d7f6078c60c180161fefaf1601eb3de46c361c,True
B,DIOR-R,oriented_rcnn,tta_circular_consistency,angle_error_gt_10deg,absolute_0.01,0.010000,calib,1,f44edf9c4aaf17448c46f8132f971c5f1ded17e0d82047c7510d5ac4cf977b64,f44edf9c4aaf17448c46f8132f971c5f1ded17e0d82047c7510d5ac4cf977b64,True
B,DIOR-R,oriented_rcnn,tta_circular_consistency,angle_error_gt_10deg,absolute_0.01,0.010000,audit,1,f44edf9c4aaf17448c46f8132f971c5f1ded17e0d82047c7510d5ac4cf977b64,f44edf9c4aaf17448c46f8132f971c5f1ded17e0d82047c7510d5ac4cf977b64,True
B,DIOR-R,oriented_rcnn,tta_circular_consistency,angle_error_gt_10deg,relative_0.5_r_fit,0.011203,calib,1,89bab23bbe79fd5900ee207289328ffdc5c312f3d14c634b454030fda870ed51,89bab23bbe79fd5900ee207289328ffdc5c312f3d14c634b454030fda870ed51,True
B,DIOR-R,oriented_rcnn,tta_circular_consistency,angle_error_gt_10deg,relative_0.5_r_fit,0.011203,audit,1,89bab23bbe79fd5900ee207289328ffdc5c312f3d14c634b454030fda870ed51,89bab23bbe79fd5900ee207289328ffdc5c312f3d14c634b454030fda870ed51,True
B,DIOR-R,oriented_rcnn,tta_circular_consistency,angle_error_gt_10deg,relative_0.25_r_fit,0.005602,calib,1,5e30b6f95f99a4f0d3b9d38d6f3b30e017af0c4a081f135a8d660c9f0bae2f0e,5e30b6f95f99a4f0d3b9d38d6f3b30e017af0c4a081f135a8d660c9f0bae2f0e,True
B,DIOR-R,oriented_rcnn,tta_circular_consistency,angle_error_gt_10deg,relative_0.25_r_fit,0.005602,audit,1,5e30b6f95f99a4f0d3b9d38d6f3b30e017af0c4a081f135a8d660c9f0bae2f0e,5e30b6f95f99a4f0d3b9d38d6f3b30e017af0c4a081f135a8d660c9f0bae2f0e,True
B,DIOR-R,oriented_rcnn,source_supervised_leave_geometry,angle_error_gt_10deg,absolute_0.001,0.001000,calib,1,00e1ead7e7a78319f6fa662667eb76ddadbcf42f2d4e8038ec97d2ebf29bbb02,00e1ead7e7a78319f6fa662667eb76ddadbcf42f2d4e8038ec97d2ebf29bbb02,True
B,DIOR-R,oriented_rcnn,source_supervised_leave_geometry,angle_error_gt_10deg,absolute_0.001,0.001000,audit,1,00e1ead7e7a78319f6fa662667eb76ddadbcf42f2d4e8038ec97d2ebf29bbb02,00e1ead7e7a78319f6fa662667eb76ddadbcf42f2d4e8038ec97d2ebf29bbb02,True
B,DIOR-R,oriented_rcnn,source_supervised_leave_geometry,angle_error_gt_10deg,absolute_0.0025,0.002500,calib,1,b5e67d18893d2363a30694514887f88bd64e25e31e6fbcce5720141976f09996,b5e67d18893d2363a30694514887f88bd64e25e31e6fbcce5720141976f09996,True
B,DIOR-R,oriented_rcnn,source_supervised_leave_geometry,angle_error_gt_10deg,absolute_0.0025,0.002500,audit,1,b5e67d18893d2363a30694514887f88bd64e25e31e6fbcce5720141976f09996,b5e67d18893d2363a30694514887f88bd64e25e31e6fbcce5720141976f09996,True
B,DIOR-R,oriented_rcnn,source_supervised_leave_geometry,angle_error_gt_10deg,absolute_0.005,0.005000,calib,1,04be3a5206e80e4dc74c6d38f2b898518b53923e16861a435991e07b4fc1d02b,04be3a5206e80e4dc74c6d38f2b898518b53923e16861a435991e07b4fc1d02b,True
B,DIOR-R,oriented_rcnn,source_supervised_leave_geometry,angle_error_gt_10deg,absolute_0.005,0.005000,audit,1,04be3a5206e80e4dc74c6d38f2b898518b53923e16861a435991e07b4fc1d02b,04be3a5206e80e4dc74c6d38f2b898518b53923e16861a435991e07b4fc1d02b,True
B,DIOR-R,oriented_rcnn,source_supervised_leave_geometry,angle_error_gt_10deg,absolute_0.01,0.010000,calib,1,ee79775dd15dc4afb8f6f52e2d67f38305cdcf974a377f2bf94041238e1b4e8f,ee79775dd15dc4afb8f6f52e2d67f38305cdcf974a377f2bf94041238e1b4e8f,True
B,DIOR-R,oriented_rcnn,source_supervised_leave_geometry,angle_error_gt_10deg,absolute_0.01,0.010000,audit,1,ee79775dd15dc4afb8f6f52e2d67f38305cdcf974a377f2bf94041238e1b4e8f,ee79775dd15dc4afb8f6f52e2d67f38305cdcf974a377f2bf94041238e1b4e8f,True
B,DIOR-R,oriented_rcnn,source_supervised_leave_geometry,angle_error_gt_10deg,relative_0.5_r_fit,0.011203,calib,1,e216491fce3f2a249f078cd3e297de764eab44dbd851a44ec461c3f7d0dc470f,e216491fce3f2a249f078cd3e297de764eab44dbd851a44ec461c3f7d0dc470f,True
B,DIOR-R,oriented_rcnn,source_supervised_leave_geometry,angle_error_gt_10deg,relative_0.5_r_fit,0.011203,audit,1,e216491fce3f2a249f078cd3e297de764eab44dbd851a44ec461c3f7d0dc470f,e216491fce3f2a249f078cd3e297de764eab44dbd851a44ec461c3f7d0dc470f,True
B,DIOR-R,oriented_rcnn,source_supervised_leave_geometry,angle_error_gt_10deg,relative_0.25_r_fit,0.005602,calib,1,bd8c4087f770f71c4a5738d00bd7f8669a56e432dad4179fb358256d4d3f61ec,bd8c4087f770f71c4a5738d00bd7f8669a56e432dad4179fb358256d4d3f61ec,True
B,DIOR-R,oriented_rcnn,source_supervised_leave_geometry,angle_error_gt_10deg,relative_0.25_r_fit,0.005602,audit,1,bd8c4087f770f71c4a5738d00bd7f8669a56e432dad4179fb358256d4d3f61ec,bd8c4087f770f71c4a5738d00bd7f8669a56e432dad4179fb358256d4d3f61ec,True
B,DIOR-R,oriented_rcnn,target_gt_nonlinear_geometry_upper_bound,angle_error_gt_10deg,absolute_0.001,0.001000,calib,1,4b76bba5222f5b16148771fe357a7097069cafa362c248bd964f9a189a9d296c,4b76bba5222f5b16148771fe357a7097069cafa362c248bd964f9a189a9d296c,True
B,DIOR-R,oriented_rcnn,target_gt_nonlinear_geometry_upper_bound,angle_error_gt_10deg,absolute_0.001,0.001000,audit,1,4b76bba5222f5b16148771fe357a7097069cafa362c248bd964f9a189a9d296c,4b76bba5222f5b16148771fe357a7097069cafa362c248bd964f9a189a9d296c,True
B,DIOR-R,oriented_rcnn,target_gt_nonlinear_geometry_upper_bound,angle_error_gt_10deg,absolute_0.0025,0.002500,calib,1,3eb58227f33f7ed70744458ddb92dc2797a48dbc1d211b3ceb5ea7143a984411,3eb58227f33f7ed70744458ddb92dc2797a48dbc1d211b3ceb5ea7143a984411,True
B,DIOR-R,oriented_rcnn,target_gt_nonlinear_geometry_upper_bound,angle_error_gt_10deg,absolute_0.0025,0.002500,audit,1,3eb58227f33f7ed70744458ddb92dc2797a48dbc1d211b3ceb5ea7143a984411,3eb58227f33f7ed70744458ddb92dc2797a48dbc1d211b3ceb5ea7143a984411,True
B,DIOR-R,oriented_rcnn,target_gt_nonlinear_geometry_upper_bound,angle_error_gt_10deg,absolute_0.005,0.005000,calib,1,61a0d061e519087f461458a4f42515c5e266433523ed79014ae034b63f356a40,61a0d061e519087f461458a4f42515c5e266433523ed79014ae034b63f356a40,True
B,DIOR-R,oriented_rcnn,target_gt_nonlinear_geometry_upper_bound,angle_error_gt_10deg,absolute_0.005,0.005000,audit,1,61a0d061e519087f461458a4f42515c5e266433523ed79014ae034b63f356a40,61a0d061e519087f461458a4f42515c5e266433523ed79014ae034b63f356a40,True
B,DIOR-R,oriented_rcnn,target_gt_nonlinear_geometry_upper_bound,angle_error_gt_10deg,absolute_0.01,0.010000,calib,1,7af65be8b0281635efa1043d74e507f57843ecf560858e4a25cbb8fe525d4c21,7af65be8b0281635efa1043d74e507f57843ecf560858e4a25cbb8fe525d4c21,True
B,DIOR-R,oriented_rcnn,target_gt_nonlinear_geometry_upper_bound,angle_error_gt_10deg,absolute_0.01,0.010000,audit,1,7af65be8b0281635efa1043d74e507f57843ecf560858e4a25cbb8fe525d4c21,7af65be8b0281635efa1043d74e507f57843ecf560858e4a25cbb8fe525d4c21,True
B,DIOR-R,oriented_rcnn,target_gt_nonlinear_geometry_upper_bound,angle_error_gt_10deg,relative_0.5_r_fit,0.011203,calib,1,50822004c663a550b345d043876706a4b6088b629190d736dab2615fbbca6616,50822004c663a550b345d043876706a4b6088b629190d736dab2615fbbca6616,True
B,DIOR-R,oriented_rcnn,target_gt_nonlinear_geometry_upper_bound,angle_error_gt_10deg,relative_0.5_r_fit,0.011203,audit,1,50822004c663a550b345d043876706a4b6088b629190d736dab2615fbbca6616,50822004c663a550b345d043876706a4b6088b629190d736dab2615fbbca6616,True
B,DIOR-R,oriented_rcnn,target_gt_nonlinear_geometry_upper_bound,angle_error_gt_10deg,relative_0.25_r_fit,0.005602,calib,1,672ea718c621a2bced4fc7a6740bd771ecc0282e977f266ae1708f2409ba33ed,672ea718c621a2bced4fc7a6740bd771ecc0282e977f266ae1708f2409ba33ed,True
B,DIOR-R,oriented_rcnn,target_gt_nonlinear_geometry_upper_bound,angle_error_gt_10deg,relative_0.25_r_fit,0.005602,audit,1,672ea718c621a2bced4fc7a6740bd771ecc0282e977f266ae1708f2409ba33ed,672ea718c621a2bced4fc7a6740bd771ecc0282e977f266ae1708f2409ba33ed,True
B,DIOR-R,oriented_rcnn,detection_score,angle_error_gt_15deg,absolute_0.001,0.001000,calib,1,8a34b19beb5231e1e503a8523c5c1995000fdbc9d86e1d900f767495c01f5611,8a34b19beb5231e1e503a8523c5c1995000fdbc9d86e1d900f767495c01f5611,True
B,DIOR-R,oriented_rcnn,detection_score,angle_error_gt_15deg,absolute_0.001,0.001000,audit,1,8a34b19beb5231e1e503a8523c5c1995000fdbc9d86e1d900f767495c01f5611,8a34b19beb5231e1e503a8523c5c1995000fdbc9d86e1d900f767495c01f5611,True
B,DIOR-R,oriented_rcnn,detection_score,angle_error_gt_15deg,absolute_0.0025,0.002500,calib,1,cf9377091dc02776af4bf4df8d41c93735e20b62fe0a8076a3254f3b42df15c4,cf9377091dc02776af4bf4df8d41c93735e20b62fe0a8076a3254f3b42df15c4,True
B,DIOR-R,oriented_rcnn,detection_score,angle_error_gt_15deg,absolute_0.0025,0.002500,audit,1,cf9377091dc02776af4bf4df8d41c93735e20b62fe0a8076a3254f3b42df15c4,cf9377091dc02776af4bf4df8d41c93735e20b62fe0a8076a3254f3b42df15c4,True
B,DIOR-R,oriented_rcnn,detection_score,angle_error_gt_15deg,absolute_0.005,0.005000,calib,1,ea4f4f40055533141edba8f146d3182137789509942840c7bea1d05e57595f2a,ea4f4f40055533141edba8f146d3182137789509942840c7bea1d05e57595f2a,True
B,DIOR-R,oriented_rcnn,detection_score,angle_error_gt_15deg,absolute_0.005,0.005000,audit,1,ea4f4f40055533141edba8f146d3182137789509942840c7bea1d05e57595f2a,ea4f4f40055533141edba8f146d3182137789509942840c7bea1d05e57595f2a,True
B,DIOR-R,oriented_rcnn,detection_score,angle_error_gt_15deg,absolute_0.01,0.010000,calib,1,45836e1edc594237bd9ccddea3b1726d867a464cf1d149dd31b753d895618f8e,45836e1edc594237bd9ccddea3b1726d867a464cf1d149dd31b753d895618f8e,True
B,DIOR-R,oriented_rcnn,detection_score,angle_error_gt_15deg,absolute_0.01,0.010000,audit,1,45836e1edc594237bd9ccddea3b1726d867a464cf1d149dd31b753d895618f8e,45836e1edc594237bd9ccddea3b1726d867a464cf1d149dd31b753d895618f8e,True
B,DIOR-R,oriented_rcnn,detection_score,angle_error_gt_15deg,relative_0.5_r_fit,0.005946,calib,1,b65e326fa310eb22525327f31d69dfb6de5c7c2bb889f5aad755259911b0ac41,b65e326fa310eb22525327f31d69dfb6de5c7c2bb889f5aad755259911b0ac41,True
B,DIOR-R,oriented_rcnn,detection_score,angle_error_gt_15deg,relative_0.5_r_fit,0.005946,audit,1,b65e326fa310eb22525327f31d69dfb6de5c7c2bb889f5aad755259911b0ac41,b65e326fa310eb22525327f31d69dfb6de5c7c2bb889f5aad755259911b0ac41,True
B,DIOR-R,oriented_rcnn,detection_score,angle_error_gt_15deg,relative_0.25_r_fit,0.002973,calib,1,bee98eaf452024a4e1862bb69888eda8a7b18c338dd95d22acafb93628ca613d,bee98eaf452024a4e1862bb69888eda8a7b18c338dd95d22acafb93628ca613d,True
B,DIOR-R,oriented_rcnn,detection_score,angle_error_gt_15deg,relative_0.25_r_fit,0.002973,audit,1,bee98eaf452024a4e1862bb69888eda8a7b18c338dd95d22acafb93628ca613d,bee98eaf452024a4e1862bb69888eda8a7b18c338dd95d22acafb93628ca613d,True
B,DIOR-R,oriented_rcnn,tta_circular_consistency,angle_error_gt_15deg,absolute_0.001,0.001000,calib,1,48ac48ca58c547068ffbab8c77d433b66ac022b53397663b93bf29323ad941fa,48ac48ca58c547068ffbab8c77d433b66ac022b53397663b93bf29323ad941fa,True
B,DIOR-R,oriented_rcnn,tta_circular_consistency,angle_error_gt_15deg,absolute_0.001,0.001000,audit,1,48ac48ca58c547068ffbab8c77d433b66ac022b53397663b93bf29323ad941fa,48ac48ca58c547068ffbab8c77d433b66ac022b53397663b93bf29323ad941fa,True
B,DIOR-R,oriented_rcnn,tta_circular_consistency,angle_error_gt_15deg,absolute_0.0025,0.002500,calib,1,5b7e44a8270251f42db289eb56b0fa438cd59f6fd52d8999335d13a887ebedbf,5b7e44a8270251f42db289eb56b0fa438cd59f6fd52d8999335d13a887ebedbf,True
B,DIOR-R,oriented_rcnn,tta_circular_consistency,angle_error_gt_15deg,absolute_0.0025,0.002500,audit,1,5b7e44a8270251f42db289eb56b0fa438cd59f6fd52d8999335d13a887ebedbf,5b7e44a8270251f42db289eb56b0fa438cd59f6fd52d8999335d13a887ebedbf,True
B,DIOR-R,oriented_rcnn,tta_circular_consistency,angle_error_gt_15deg,absolute_0.005,0.005000,calib,1,5bc998835f6d57dafef79df05b9f4a45756312f90fc144cbeff211d139d9f824,5bc998835f6d57dafef79df05b9f4a45756312f90fc144cbeff211d139d9f824,True
B,DIOR-R,oriented_rcnn,tta_circular_consistency,angle_error_gt_15deg,absolute_0.005,0.005000,audit,1,5bc998835f6d57dafef79df05b9f4a45756312f90fc144cbeff211d139d9f824,5bc998835f6d57dafef79df05b9f4a45756312f90fc144cbeff211d139d9f824,True
B,DIOR-R,oriented_rcnn,tta_circular_consistency,angle_error_gt_15deg,absolute_0.01,0.010000,calib,1,4237fd515e93c3ae9caacdb60d95c00a59824e03f0a80abe02cab8ee94b8a536,4237fd515e93c3ae9caacdb60d95c00a59824e03f0a80abe02cab8ee94b8a536,True
B,DIOR-R,oriented_rcnn,tta_circular_consistency,angle_error_gt_15deg,absolute_0.01,0.010000,audit,1,4237fd515e93c3ae9caacdb60d95c00a59824e03f0a80abe02cab8ee94b8a536,4237fd515e93c3ae9caacdb60d95c00a59824e03f0a80abe02cab8ee94b8a536,True
B,DIOR-R,oriented_rcnn,tta_circular_consistency,angle_error_gt_15deg,relative_0.5_r_fit,0.005946,calib,1,01517f25079dc6cb0fb21e00b7a6e28a884de925f00259647114887866a79569,01517f25079dc6cb0fb21e00b7a6e28a884de925f00259647114887866a79569,True
B,DIOR-R,oriented_rcnn,tta_circular_consistency,angle_error_gt_15deg,relative_0.5_r_fit,0.005946,audit,1,01517f25079dc6cb0fb21e00b7a6e28a884de925f00259647114887866a79569,01517f25079dc6cb0fb21e00b7a6e28a884de925f00259647114887866a79569,True
B,DIOR-R,oriented_rcnn,tta_circular_consistency,angle_error_gt_15deg,relative_0.25_r_fit,0.002973,calib,1,9acb86eb2ca21d91f6ac8a2829fa4751c8325390ca170aacd822a6dc7e3d7528,9acb86eb2ca21d91f6ac8a2829fa4751c8325390ca170aacd822a6dc7e3d7528,True
B,DIOR-R,oriented_rcnn,tta_circular_consistency,angle_error_gt_15deg,relative_0.25_r_fit,0.002973,audit,1,9acb86eb2ca21d91f6ac8a2829fa4751c8325390ca170aacd822a6dc7e3d7528,9acb86eb2ca21d91f6ac8a2829fa4751c8325390ca170aacd822a6dc7e3d7528,True
B,DIOR-R,oriented_rcnn,source_supervised_leave_geometry,angle_error_gt_15deg,absolute_0.001,0.001000,calib,1,a964d044445015eb2dad2a0b41e30202ff96079cf4cbca759e2840290df1ff62,a964d044445015eb2dad2a0b41e30202ff96079cf4cbca759e2840290df1ff62,True
B,DIOR-R,oriented_rcnn,source_supervised_leave_geometry,angle_error_gt_15deg,absolute_0.001,0.001000,audit,1,a964d044445015eb2dad2a0b41e30202ff96079cf4cbca759e2840290df1ff62,a964d044445015eb2dad2a0b41e30202ff96079cf4cbca759e2840290df1ff62,True
B,DIOR-R,oriented_rcnn,source_supervised_leave_geometry,angle_error_gt_15deg,absolute_0.0025,0.002500,calib,1,f1cdfed86b3c977e446aad259b23eed1899b5f9ee582dbc2db1711fba32ff50d,f1cdfed86b3c977e446aad259b23eed1899b5f9ee582dbc2db1711fba32ff50d,True
B,DIOR-R,oriented_rcnn,source_supervised_leave_geometry,angle_error_gt_15deg,absolute_0.0025,0.002500,audit,1,f1cdfed86b3c977e446aad259b23eed1899b5f9ee582dbc2db1711fba32ff50d,f1cdfed86b3c977e446aad259b23eed1899b5f9ee582dbc2db1711fba32ff50d,True
B,DIOR-R,oriented_rcnn,source_supervised_leave_geometry,angle_error_gt_15deg,absolute_0.005,0.005000,calib,1,ebffd771e3b4b7fbe4570aa2bdfda7cac37dfe2f65490cffbab4a3033dca9bc6,ebffd771e3b4b7fbe4570aa2bdfda7cac37dfe2f65490cffbab4a3033dca9bc6,True
B,DIOR-R,oriented_rcnn,source_supervised_leave_geometry,angle_error_gt_15deg,absolute_0.005,0.005000,audit,1,ebffd771e3b4b7fbe4570aa2bdfda7cac37dfe2f65490cffbab4a3033dca9bc6,ebffd771e3b4b7fbe4570aa2bdfda7cac37dfe2f65490cffbab4a3033dca9bc6,True
B,DIOR-R,oriented_rcnn,source_supervised_leave_geometry,angle_error_gt_15deg,absolute_0.01,0.010000,calib,1,3f96b9ca8543f7f65fd2f0010316a36113b4ddfa348900c17b345fcf0b8ce90b,3f96b9ca8543f7f65fd2f0010316a36113b4ddfa348900c17b345fcf0b8ce90b,True
B,DIOR-R,oriented_rcnn,source_supervised_leave_geometry,angle_error_gt_15deg,absolute_0.01,0.010000,audit,1,3f96b9ca8543f7f65fd2f0010316a36113b4ddfa348900c17b345fcf0b8ce90b,3f96b9ca8543f7f65fd2f0010316a36113b4ddfa348900c17b345fcf0b8ce90b,True
B,DIOR-R,oriented_rcnn,source_supervised_leave_geometry,angle_error_gt_15deg,relative_0.5_r_fit,0.005946,calib,1,9fc3eaf512e84db71fd3b2a2f02efebb91500eab6211a8cf5ca25ae4b13b3cd3,9fc3eaf512e84db71fd3b2a2f02efebb91500eab6211a8cf5ca25ae4b13b3cd3,True
B,DIOR-R,oriented_rcnn,source_supervised_leave_geometry,angle_error_gt_15deg,relative_0.5_r_fit,0.005946,audit,1,9fc3eaf512e84db71fd3b2a2f02efebb91500eab6211a8cf5ca25ae4b13b3cd3,9fc3eaf512e84db71fd3b2a2f02efebb91500eab6211a8cf5ca25ae4b13b3cd3,True
B,DIOR-R,oriented_rcnn,source_supervised_leave_geometry,angle_error_gt_15deg,relative_0.25_r_fit,0.002973,calib,1,000d26a604a0d4ca1cb6009d42179a765de3a275a14fc673216502abceb2a621,000d26a604a0d4ca1cb6009d42179a765de3a275a14fc673216502abceb2a621,True
B,DIOR-R,oriented_rcnn,source_supervised_leave_geometry,angle_error_gt_15deg,relative_0.25_r_fit,0.002973,audit,1,000d26a604a0d4ca1cb6009d42179a765de3a275a14fc673216502abceb2a621,000d26a604a0d4ca1cb6009d42179a765de3a275a14fc673216502abceb2a621,True
B,DIOR-R,oriented_rcnn,target_gt_nonlinear_geometry_upper_bound,angle_error_gt_15deg,absolute_0.001,0.001000,calib,1,b237f29434305e88ca57a975135c21380f1285c661a76e88f4242552892c62ef,b237f29434305e88ca57a975135c21380f1285c661a76e88f4242552892c62ef,True
B,DIOR-R,oriented_rcnn,target_gt_nonlinear_geometry_upper_bound,angle_error_gt_15deg,absolute_0.001,0.001000,audit,1,b237f29434305e88ca57a975135c21380f1285c661a76e88f4242552892c62ef,b237f29434305e88ca57a975135c21380f1285c661a76e88f4242552892c62ef,True
B,DIOR-R,oriented_rcnn,target_gt_nonlinear_geometry_upper_bound,angle_error_gt_15deg,absolute_0.0025,0.002500,calib,1,5b2d84c2d0070c1adde29ec8ac2a2e97de0a172e7fd5e474654c10ee32fed614,5b2d84c2d0070c1adde29ec8ac2a2e97de0a172e7fd5e474654c10ee32fed614,True
B,DIOR-R,oriented_rcnn,target_gt_nonlinear_geometry_upper_bound,angle_error_gt_15deg,absolute_0.0025,0.002500,audit,1,5b2d84c2d0070c1adde29ec8ac2a2e97de0a172e7fd5e474654c10ee32fed614,5b2d84c2d0070c1adde29ec8ac2a2e97de0a172e7fd5e474654c10ee32fed614,True
B,DIOR-R,oriented_rcnn,target_gt_nonlinear_geometry_upper_bound,angle_error_gt_15deg,absolute_0.005,0.005000,calib,1,e58ad8ec313510252131669a3ad09545ff182311c18c9e55527ead681929765f,e58ad8ec313510252131669a3ad09545ff182311c18c9e55527ead681929765f,True
B,DIOR-R,oriented_rcnn,target_gt_nonlinear_geometry_upper_bound,angle_error_gt_15deg,absolute_0.005,0.005000,audit,1,e58ad8ec313510252131669a3ad09545ff182311c18c9e55527ead681929765f,e58ad8ec313510252131669a3ad09545ff182311c18c9e55527ead681929765f,True
B,DIOR-R,oriented_rcnn,target_gt_nonlinear_geometry_upper_bound,angle_error_gt_15deg,absolute_0.01,0.010000,calib,1,40a26137c9575b416505a5cb3156b7f2f8756fd33210387ad1d2d078f72a837d,40a26137c9575b416505a5cb3156b7f2f8756fd33210387ad1d2d078f72a837d,True
B,DIOR-R,oriented_rcnn,target_gt_nonlinear_geometry_upper_bound,angle_error_gt_15deg,absolute_0.01,0.010000,audit,1,40a26137c9575b416505a5cb3156b7f2f8756fd33210387ad1d2d078f72a837d,40a26137c9575b416505a5cb3156b7f2f8756fd33210387ad1d2d078f72a837d,True
B,DIOR-R,oriented_rcnn,target_gt_nonlinear_geometry_upper_bound,angle_error_gt_15deg,relative_0.5_r_fit,0.005946,calib,1,444d91f013db9de5bca4790153e17de1f6e2eef74ee5c3a2197b7a53ce774f16,444d91f013db9de5bca4790153e17de1f6e2eef74ee5c3a2197b7a53ce774f16,True
B,DIOR-R,oriented_rcnn,target_gt_nonlinear_geometry_upper_bound,angle_error_gt_15deg,relative_0.5_r_fit,0.005946,audit,1,444d91f013db9de5bca4790153e17de1f6e2eef74ee5c3a2197b7a53ce774f16,444d91f013db9de5bca4790153e17de1f6e2eef74ee5c3a2197b7a53ce774f16,True
B,DIOR-R,oriented_rcnn,target_gt_nonlinear_geometry_upper_bound,angle_error_gt_15deg,relative_0.25_r_fit,0.002973,calib,1,3d5cad9dc7036a33365c18dd814d1cac3cba57e33bdf01457bf6d05d72dc9987,3d5cad9dc7036a33365c18dd814d1cac3cba57e33bdf01457bf6d05d72dc9987,True
B,DIOR-R,oriented_rcnn,target_gt_nonlinear_geometry_upper_bound,angle_error_gt_15deg,relative_0.25_r_fit,0.002973,audit,1,3d5cad9dc7036a33365c18dd814d1cac3cba57e33bdf01457bf6d05d72dc9987,3d5cad9dc7036a33365c18dd814d1cac3cba57e33bdf01457bf6d05d72dc9987,True
C,DIOR-R,rotated_rtmdet_s,detection_score,geometry_normalized_severe,absolute_0.001,0.001000,calib,1,6804dc783cdf74727db7de872b961ad9f0777c250dc6a1ce05ccdec5776e650b,6804dc783cdf74727db7de872b961ad9f0777c250dc6a1ce05ccdec5776e650b,True
C,DIOR-R,rotated_rtmdet_s,detection_score,geometry_normalized_severe,absolute_0.001,0.001000,audit,1,6804dc783cdf74727db7de872b961ad9f0777c250dc6a1ce05ccdec5776e650b,6804dc783cdf74727db7de872b961ad9f0777c250dc6a1ce05ccdec5776e650b,True
C,DIOR-R,rotated_rtmdet_s,detection_score,geometry_normalized_severe,absolute_0.0025,0.002500,calib,1,c03884da6c6a9db443a1f3b16234fa3ca0b04c6514effe40d3121c78214335f2,c03884da6c6a9db443a1f3b16234fa3ca0b04c6514effe40d3121c78214335f2,True
C,DIOR-R,rotated_rtmdet_s,detection_score,geometry_normalized_severe,absolute_0.0025,0.002500,audit,1,c03884da6c6a9db443a1f3b16234fa3ca0b04c6514effe40d3121c78214335f2,c03884da6c6a9db443a1f3b16234fa3ca0b04c6514effe40d3121c78214335f2,True
C,DIOR-R,rotated_rtmdet_s,detection_score,geometry_normalized_severe,absolute_0.005,0.005000,calib,1,32615b88bf09c1e3d511e9cd9bc0c16338e6ea107bd4c7a62689840a1880a639,32615b88bf09c1e3d511e9cd9bc0c16338e6ea107bd4c7a62689840a1880a639,True
C,DIOR-R,rotated_rtmdet_s,detection_score,geometry_normalized_severe,absolute_0.005,0.005000,audit,1,32615b88bf09c1e3d511e9cd9bc0c16338e6ea107bd4c7a62689840a1880a639,32615b88bf09c1e3d511e9cd9bc0c16338e6ea107bd4c7a62689840a1880a639,True
C,DIOR-R,rotated_rtmdet_s,detection_score,geometry_normalized_severe,absolute_0.01,0.010000,calib,1,eaad42dad15861606b3b0e583f457a7141341acf1a8ba8a59616cd893e595e48,eaad42dad15861606b3b0e583f457a7141341acf1a8ba8a59616cd893e595e48,True
C,DIOR-R,rotated_rtmdet_s,detection_score,geometry_normalized_severe,absolute_0.01,0.010000,audit,1,eaad42dad15861606b3b0e583f457a7141341acf1a8ba8a59616cd893e595e48,eaad42dad15861606b3b0e583f457a7141341acf1a8ba8a59616cd893e595e48,True
C,DIOR-R,rotated_rtmdet_s,detection_score,geometry_normalized_severe,relative_0.5_r_fit,0.017373,calib,1,2334acf5c8639b95f1d6c561b4486f843c061d9a54eab8bbea3b334ac897430d,2334acf5c8639b95f1d6c561b4486f843c061d9a54eab8bbea3b334ac897430d,True
C,DIOR-R,rotated_rtmdet_s,detection_score,geometry_normalized_severe,relative_0.5_r_fit,0.017373,audit,1,2334acf5c8639b95f1d6c561b4486f843c061d9a54eab8bbea3b334ac897430d,2334acf5c8639b95f1d6c561b4486f843c061d9a54eab8bbea3b334ac897430d,True
C,DIOR-R,rotated_rtmdet_s,detection_score,geometry_normalized_severe,relative_0.25_r_fit,0.008687,calib,1,93f337a4667b2b0e407ee2915bcf3817963169248c4e08e131475ded91260dd4,93f337a4667b2b0e407ee2915bcf3817963169248c4e08e131475ded91260dd4,True
C,DIOR-R,rotated_rtmdet_s,detection_score,geometry_normalized_severe,relative_0.25_r_fit,0.008687,audit,1,93f337a4667b2b0e407ee2915bcf3817963169248c4e08e131475ded91260dd4,93f337a4667b2b0e407ee2915bcf3817963169248c4e08e131475ded91260dd4,True
C,DIOR-R,rotated_rtmdet_s,tta_circular_consistency,geometry_normalized_severe,absolute_0.001,0.001000,calib,1,02b9a3097d85dc8cb8b2042fb83fe3c88e03d120a3999978d9a7e13b59deb902,02b9a3097d85dc8cb8b2042fb83fe3c88e03d120a3999978d9a7e13b59deb902,True
C,DIOR-R,rotated_rtmdet_s,tta_circular_consistency,geometry_normalized_severe,absolute_0.001,0.001000,audit,1,02b9a3097d85dc8cb8b2042fb83fe3c88e03d120a3999978d9a7e13b59deb902,02b9a3097d85dc8cb8b2042fb83fe3c88e03d120a3999978d9a7e13b59deb902,True
C,DIOR-R,rotated_rtmdet_s,tta_circular_consistency,geometry_normalized_severe,absolute_0.0025,0.002500,calib,1,01234b57e7f713afbd3d61ed3e76a0508d5cceeeed34ab6b200acdf9fd2a474b,01234b57e7f713afbd3d61ed3e76a0508d5cceeeed34ab6b200acdf9fd2a474b,True
C,DIOR-R,rotated_rtmdet_s,tta_circular_consistency,geometry_normalized_severe,absolute_0.0025,0.002500,audit,1,01234b57e7f713afbd3d61ed3e76a0508d5cceeeed34ab6b200acdf9fd2a474b,01234b57e7f713afbd3d61ed3e76a0508d5cceeeed34ab6b200acdf9fd2a474b,True
C,DIOR-R,rotated_rtmdet_s,tta_circular_consistency,geometry_normalized_severe,absolute_0.005,0.005000,calib,1,53d7276ccd3448cab10e7c542fffa1ede3133589051bc54bbcbff27205ffbf74,53d7276ccd3448cab10e7c542fffa1ede3133589051bc54bbcbff27205ffbf74,True
C,DIOR-R,rotated_rtmdet_s,tta_circular_consistency,geometry_normalized_severe,absolute_0.005,0.005000,audit,1,53d7276ccd3448cab10e7c542fffa1ede3133589051bc54bbcbff27205ffbf74,53d7276ccd3448cab10e7c542fffa1ede3133589051bc54bbcbff27205ffbf74,True
C,DIOR-R,rotated_rtmdet_s,tta_circular_consistency,geometry_normalized_severe,absolute_0.01,0.010000,calib,1,a96ea5979f1a23c3abfa71e15deee8e60a718da64cf0ee1ca5e1e64d5260a81e,a96ea5979f1a23c3abfa71e15deee8e60a718da64cf0ee1ca5e1e64d5260a81e,True
C,DIOR-R,rotated_rtmdet_s,tta_circular_consistency,geometry_normalized_severe,absolute_0.01,0.010000,audit,1,a96ea5979f1a23c3abfa71e15deee8e60a718da64cf0ee1ca5e1e64d5260a81e,a96ea5979f1a23c3abfa71e15deee8e60a718da64cf0ee1ca5e1e64d5260a81e,True
C,DIOR-R,rotated_rtmdet_s,tta_circular_consistency,geometry_normalized_severe,relative_0.5_r_fit,0.017373,calib,1,c72e7757cc453bd1d0de721ade7d62ac88542f38d83748e07004ca521f2e8a3a,c72e7757cc453bd1d0de721ade7d62ac88542f38d83748e07004ca521f2e8a3a,True
C,DIOR-R,rotated_rtmdet_s,tta_circular_consistency,geometry_normalized_severe,relative_0.5_r_fit,0.017373,audit,1,c72e7757cc453bd1d0de721ade7d62ac88542f38d83748e07004ca521f2e8a3a,c72e7757cc453bd1d0de721ade7d62ac88542f38d83748e07004ca521f2e8a3a,True
C,DIOR-R,rotated_rtmdet_s,tta_circular_consistency,geometry_normalized_severe,relative_0.25_r_fit,0.008687,calib,1,9f5e9c04cd1d7a0ab2e1ff2c94831cc5e324bcf2a945e4a41c13d6ca4fdc1cd5,9f5e9c04cd1d7a0ab2e1ff2c94831cc5e324bcf2a945e4a41c13d6ca4fdc1cd5,True
C,DIOR-R,rotated_rtmdet_s,tta_circular_consistency,geometry_normalized_severe,relative_0.25_r_fit,0.008687,audit,1,9f5e9c04cd1d7a0ab2e1ff2c94831cc5e324bcf2a945e4a41c13d6ca4fdc1cd5,9f5e9c04cd1d7a0ab2e1ff2c94831cc5e324bcf2a945e4a41c13d6ca4fdc1cd5,True
C,DIOR-R,rotated_rtmdet_s,source_supervised_leave_geometry,geometry_normalized_severe,absolute_0.001,0.001000,calib,1,39dc675b0e0cc3c9a822151d0a99d81ff96abd79517b9fad027d6affe8224558,39dc675b0e0cc3c9a822151d0a99d81ff96abd79517b9fad027d6affe8224558,True
C,DIOR-R,rotated_rtmdet_s,source_supervised_leave_geometry,geometry_normalized_severe,absolute_0.001,0.001000,audit,1,39dc675b0e0cc3c9a822151d0a99d81ff96abd79517b9fad027d6affe8224558,39dc675b0e0cc3c9a822151d0a99d81ff96abd79517b9fad027d6affe8224558,True
C,DIOR-R,rotated_rtmdet_s,source_supervised_leave_geometry,geometry_normalized_severe,absolute_0.0025,0.002500,calib,1,39dc675b0e0cc3c9a822151d0a99d81ff96abd79517b9fad027d6affe8224558,39dc675b0e0cc3c9a822151d0a99d81ff96abd79517b9fad027d6affe8224558,True
C,DIOR-R,rotated_rtmdet_s,source_supervised_leave_geometry,geometry_normalized_severe,absolute_0.0025,0.002500,audit,1,39dc675b0e0cc3c9a822151d0a99d81ff96abd79517b9fad027d6affe8224558,39dc675b0e0cc3c9a822151d0a99d81ff96abd79517b9fad027d6affe8224558,True
C,DIOR-R,rotated_rtmdet_s,source_supervised_leave_geometry,geometry_normalized_severe,absolute_0.005,0.005000,calib,1,39dc675b0e0cc3c9a822151d0a99d81ff96abd79517b9fad027d6affe8224558,39dc675b0e0cc3c9a822151d0a99d81ff96abd79517b9fad027d6affe8224558,True
C,DIOR-R,rotated_rtmdet_s,source_supervised_leave_geometry,geometry_normalized_severe,absolute_0.005,0.005000,audit,1,39dc675b0e0cc3c9a822151d0a99d81ff96abd79517b9fad027d6affe8224558,39dc675b0e0cc3c9a822151d0a99d81ff96abd79517b9fad027d6affe8224558,True
C,DIOR-R,rotated_rtmdet_s,source_supervised_leave_geometry,geometry_normalized_severe,absolute_0.01,0.010000,calib,1,39dc675b0e0cc3c9a822151d0a99d81ff96abd79517b9fad027d6affe8224558,39dc675b0e0cc3c9a822151d0a99d81ff96abd79517b9fad027d6affe8224558,True
C,DIOR-R,rotated_rtmdet_s,source_supervised_leave_geometry,geometry_normalized_severe,absolute_0.01,0.010000,audit,1,39dc675b0e0cc3c9a822151d0a99d81ff96abd79517b9fad027d6affe8224558,39dc675b0e0cc3c9a822151d0a99d81ff96abd79517b9fad027d6affe8224558,True
C,DIOR-R,rotated_rtmdet_s,source_supervised_leave_geometry,geometry_normalized_severe,relative_0.5_r_fit,0.017373,calib,1,39dc675b0e0cc3c9a822151d0a99d81ff96abd79517b9fad027d6affe8224558,39dc675b0e0cc3c9a822151d0a99d81ff96abd79517b9fad027d6affe8224558,True
C,DIOR-R,rotated_rtmdet_s,source_supervised_leave_geometry,geometry_normalized_severe,relative_0.5_r_fit,0.017373,audit,1,39dc675b0e0cc3c9a822151d0a99d81ff96abd79517b9fad027d6affe8224558,39dc675b0e0cc3c9a822151d0a99d81ff96abd79517b9fad027d6affe8224558,True
C,DIOR-R,rotated_rtmdet_s,source_supervised_leave_geometry,geometry_normalized_severe,relative_0.25_r_fit,0.008687,calib,1,39dc675b0e0cc3c9a822151d0a99d81ff96abd79517b9fad027d6affe8224558,39dc675b0e0cc3c9a822151d0a99d81ff96abd79517b9fad027d6affe8224558,True
C,DIOR-R,rotated_rtmdet_s,source_supervised_leave_geometry,geometry_normalized_severe,relative_0.25_r_fit,0.008687,audit,1,39dc675b0e0cc3c9a822151d0a99d81ff96abd79517b9fad027d6affe8224558,39dc675b0e0cc3c9a822151d0a99d81ff96abd79517b9fad027d6affe8224558,True
C,DIOR-R,rotated_rtmdet_s,target_gt_nonlinear_geometry_upper_bound,geometry_normalized_severe,absolute_0.001,0.001000,calib,1,acadd999c47169b25fa9924aad4695f9883211176fa14d7f349cac30a8796dbf,054614de2a088557897db0498460c1388dd0f145bb0a9e430dd0799b87005514,False
C,DIOR-R,rotated_rtmdet_s,target_gt_nonlinear_geometry_upper_bound,geometry_normalized_severe,absolute_0.001,0.001000,audit,1,acadd999c47169b25fa9924aad4695f9883211176fa14d7f349cac30a8796dbf,054614de2a088557897db0498460c1388dd0f145bb0a9e430dd0799b87005514,False
C,DIOR-R,rotated_rtmdet_s,target_gt_nonlinear_geometry_upper_bound,geometry_normalized_severe,absolute_0.0025,0.002500,calib,1,ae7b1df224bd823a03226efd714c97bdbea2fc4a46d36bb8170e720853dcd656,761945fc3de7c4b06915c799486e8513e942ebd78a1ceb6fff88d57e193c2f37,False
C,DIOR-R,rotated_rtmdet_s,target_gt_nonlinear_geometry_upper_bound,geometry_normalized_severe,absolute_0.0025,0.002500,audit,1,ae7b1df224bd823a03226efd714c97bdbea2fc4a46d36bb8170e720853dcd656,761945fc3de7c4b06915c799486e8513e942ebd78a1ceb6fff88d57e193c2f37,False
C,DIOR-R,rotated_rtmdet_s,target_gt_nonlinear_geometry_upper_bound,geometry_normalized_severe,absolute_0.005,0.005000,calib,1,91a726bdeb69b3b9a65d30dde975cb7958a8c6cef6dcca49b91f568a1a25a394,d02a7f922784985311b5bbc98db084cd58347094dd6174eec2d3c9c9b0dc3cc3,False
C,DIOR-R,rotated_rtmdet_s,target_gt_nonlinear_geometry_upper_bound,geometry_normalized_severe,absolute_0.005,0.005000,audit,1,91a726bdeb69b3b9a65d30dde975cb7958a8c6cef6dcca49b91f568a1a25a394,d02a7f922784985311b5bbc98db084cd58347094dd6174eec2d3c9c9b0dc3cc3,False
C,DIOR-R,rotated_rtmdet_s,target_gt_nonlinear_geometry_upper_bound,geometry_normalized_severe,absolute_0.01,0.010000,calib,1,6743b1d1074bc256e204014f8f743d52a2adcc1a9348e28f0ff2ff5e158e6433,23c9c67b400dbf54ddfb78d9bbe15273cc8ef400641a0f1632d5b210b8ab5c85,False
C,DIOR-R,rotated_rtmdet_s,target_gt_nonlinear_geometry_upper_bound,geometry_normalized_severe,absolute_0.01,0.010000,audit,1,6743b1d1074bc256e204014f8f743d52a2adcc1a9348e28f0ff2ff5e158e6433,23c9c67b400dbf54ddfb78d9bbe15273cc8ef400641a0f1632d5b210b8ab5c85,False
C,DIOR-R,rotated_rtmdet_s,target_gt_nonlinear_geometry_upper_bound,geometry_normalized_severe,relative_0.5_r_fit,0.017373,calib,1,12c48474ed0d74269fb6b2fe62c0a66760f60d0963a41377b18f0904e3d14f06,392a79b3949fac9667fbb82b67b03e9ee5356d1c0832f5bb6acbdf53994269a9,False
C,DIOR-R,rotated_rtmdet_s,target_gt_nonlinear_geometry_upper_bound,geometry_normalized_severe,relative_0.5_r_fit,0.017373,audit,1,12c48474ed0d74269fb6b2fe62c0a66760f60d0963a41377b18f0904e3d14f06,392a79b3949fac9667fbb82b67b03e9ee5356d1c0832f5bb6acbdf53994269a9,False
C,DIOR-R,rotated_rtmdet_s,target_gt_nonlinear_geometry_upper_bound,geometry_normalized_severe,relative_0.25_r_fit,0.008687,calib,1,0c1de52a289f93e7d665e787caa0d7907de51bf89ac8fae508bc5d1a5770df40,1b6fe3befb9af14f8c740fb29fa8b6d5e43be8e6a8e93f931bc674c6c1270e0e,False
C,DIOR-R,rotated_rtmdet_s,target_gt_nonlinear_geometry_upper_bound,geometry_normalized_severe,relative_0.25_r_fit,0.008687,audit,1,0c1de52a289f93e7d665e787caa0d7907de51bf89ac8fae508bc5d1a5770df40,1b6fe3befb9af14f8c740fb29fa8b6d5e43be8e6a8e93f931bc674c6c1270e0e,False
C,DIOR-R,rotated_rtmdet_s,detection_score,angle_error_gt_5deg,absolute_0.001,0.001000,calib,1,808f5a3279a3cd76db6ac977ee259b6d3465334f281aeb115dac9f5c5f65d704,808f5a3279a3cd76db6ac977ee259b6d3465334f281aeb115dac9f5c5f65d704,True
C,DIOR-R,rotated_rtmdet_s,detection_score,angle_error_gt_5deg,absolute_0.001,0.001000,audit,1,808f5a3279a3cd76db6ac977ee259b6d3465334f281aeb115dac9f5c5f65d704,808f5a3279a3cd76db6ac977ee259b6d3465334f281aeb115dac9f5c5f65d704,True
C,DIOR-R,rotated_rtmdet_s,detection_score,angle_error_gt_5deg,absolute_0.0025,0.002500,calib,1,764ce82170bbe02255eade8c73c645b028d8ede831590337635030244c7bb873,764ce82170bbe02255eade8c73c645b028d8ede831590337635030244c7bb873,True
C,DIOR-R,rotated_rtmdet_s,detection_score,angle_error_gt_5deg,absolute_0.0025,0.002500,audit,1,764ce82170bbe02255eade8c73c645b028d8ede831590337635030244c7bb873,764ce82170bbe02255eade8c73c645b028d8ede831590337635030244c7bb873,True
C,DIOR-R,rotated_rtmdet_s,detection_score,angle_error_gt_5deg,absolute_0.005,0.005000,calib,1,9e7c6bd521b5dfbda3fbf1027c65f62429763c75062923c23f335671727707ba,9e7c6bd521b5dfbda3fbf1027c65f62429763c75062923c23f335671727707ba,True
C,DIOR-R,rotated_rtmdet_s,detection_score,angle_error_gt_5deg,absolute_0.005,0.005000,audit,1,9e7c6bd521b5dfbda3fbf1027c65f62429763c75062923c23f335671727707ba,9e7c6bd521b5dfbda3fbf1027c65f62429763c75062923c23f335671727707ba,True
C,DIOR-R,rotated_rtmdet_s,detection_score,angle_error_gt_5deg,absolute_0.01,0.010000,calib,1,84ab5da650fbcd4cf2a9137caf6d963f1d70c3ac814af7b0dba300878cfd8919,84ab5da650fbcd4cf2a9137caf6d963f1d70c3ac814af7b0dba300878cfd8919,True
C,DIOR-R,rotated_rtmdet_s,detection_score,angle_error_gt_5deg,absolute_0.01,0.010000,audit,1,84ab5da650fbcd4cf2a9137caf6d963f1d70c3ac814af7b0dba300878cfd8919,84ab5da650fbcd4cf2a9137caf6d963f1d70c3ac814af7b0dba300878cfd8919,True
C,DIOR-R,rotated_rtmdet_s,detection_score,angle_error_gt_5deg,relative_0.5_r_fit,0.052584,calib,1,3081583047152edb68554cd2299c97300d8d5d036137006b7f266861302f4fc4,3081583047152edb68554cd2299c97300d8d5d036137006b7f266861302f4fc4,True
C,DIOR-R,rotated_rtmdet_s,detection_score,angle_error_gt_5deg,relative_0.5_r_fit,0.052584,audit,1,3081583047152edb68554cd2299c97300d8d5d036137006b7f266861302f4fc4,3081583047152edb68554cd2299c97300d8d5d036137006b7f266861302f4fc4,True
C,DIOR-R,rotated_rtmdet_s,detection_score,angle_error_gt_5deg,relative_0.25_r_fit,0.026292,calib,1,664ec772b6f1cf534da479165856aac299cc7d9651b3d3f2238dafafd15f46cf,664ec772b6f1cf534da479165856aac299cc7d9651b3d3f2238dafafd15f46cf,True
C,DIOR-R,rotated_rtmdet_s,detection_score,angle_error_gt_5deg,relative_0.25_r_fit,0.026292,audit,1,664ec772b6f1cf534da479165856aac299cc7d9651b3d3f2238dafafd15f46cf,664ec772b6f1cf534da479165856aac299cc7d9651b3d3f2238dafafd15f46cf,True
C,DIOR-R,rotated_rtmdet_s,tta_circular_consistency,angle_error_gt_5deg,absolute_0.001,0.001000,calib,1,3838da8ea69e0329479ef847dd421fd3421db05ced915755fc4d4af536ba82a4,3838da8ea69e0329479ef847dd421fd3421db05ced915755fc4d4af536ba82a4,True
C,DIOR-R,rotated_rtmdet_s,tta_circular_consistency,angle_error_gt_5deg,absolute_0.001,0.001000,audit,1,3838da8ea69e0329479ef847dd421fd3421db05ced915755fc4d4af536ba82a4,3838da8ea69e0329479ef847dd421fd3421db05ced915755fc4d4af536ba82a4,True
C,DIOR-R,rotated_rtmdet_s,tta_circular_consistency,angle_error_gt_5deg,absolute_0.0025,0.002500,calib,1,3838da8ea69e0329479ef847dd421fd3421db05ced915755fc4d4af536ba82a4,3838da8ea69e0329479ef847dd421fd3421db05ced915755fc4d4af536ba82a4,True
C,DIOR-R,rotated_rtmdet_s,tta_circular_consistency,angle_error_gt_5deg,absolute_0.0025,0.002500,audit,1,3838da8ea69e0329479ef847dd421fd3421db05ced915755fc4d4af536ba82a4,3838da8ea69e0329479ef847dd421fd3421db05ced915755fc4d4af536ba82a4,True
C,DIOR-R,rotated_rtmdet_s,tta_circular_consistency,angle_error_gt_5deg,absolute_0.005,0.005000,calib,1,3838da8ea69e0329479ef847dd421fd3421db05ced915755fc4d4af536ba82a4,3838da8ea69e0329479ef847dd421fd3421db05ced915755fc4d4af536ba82a4,True
C,DIOR-R,rotated_rtmdet_s,tta_circular_consistency,angle_error_gt_5deg,absolute_0.005,0.005000,audit,1,3838da8ea69e0329479ef847dd421fd3421db05ced915755fc4d4af536ba82a4,3838da8ea69e0329479ef847dd421fd3421db05ced915755fc4d4af536ba82a4,True
C,DIOR-R,rotated_rtmdet_s,tta_circular_consistency,angle_error_gt_5deg,absolute_0.01,0.010000,calib,1,3838da8ea69e0329479ef847dd421fd3421db05ced915755fc4d4af536ba82a4,3838da8ea69e0329479ef847dd421fd3421db05ced915755fc4d4af536ba82a4,True
C,DIOR-R,rotated_rtmdet_s,tta_circular_consistency,angle_error_gt_5deg,absolute_0.01,0.010000,audit,1,3838da8ea69e0329479ef847dd421fd3421db05ced915755fc4d4af536ba82a4,3838da8ea69e0329479ef847dd421fd3421db05ced915755fc4d4af536ba82a4,True
C,DIOR-R,rotated_rtmdet_s,tta_circular_consistency,angle_error_gt_5deg,relative_0.5_r_fit,0.052584,calib,1,4cef0021164205ba55308015c086c0eff945e68dffe6f65db43381bbd54fded6,4cef0021164205ba55308015c086c0eff945e68dffe6f65db43381bbd54fded6,True
C,DIOR-R,rotated_rtmdet_s,tta_circular_consistency,angle_error_gt_5deg,relative_0.5_r_fit,0.052584,audit,1,4cef0021164205ba55308015c086c0eff945e68dffe6f65db43381bbd54fded6,4cef0021164205ba55308015c086c0eff945e68dffe6f65db43381bbd54fded6,True
C,DIOR-R,rotated_rtmdet_s,tta_circular_consistency,angle_error_gt_5deg,relative_0.25_r_fit,0.026292,calib,1,fe9de198e2b4d3a31b2ccf01e506d473e0daa3e3310f2f2fc961e8c055579002,fe9de198e2b4d3a31b2ccf01e506d473e0daa3e3310f2f2fc961e8c055579002,True
C,DIOR-R,rotated_rtmdet_s,tta_circular_consistency,angle_error_gt_5deg,relative_0.25_r_fit,0.026292,audit,1,fe9de198e2b4d3a31b2ccf01e506d473e0daa3e3310f2f2fc961e8c055579002,fe9de198e2b4d3a31b2ccf01e506d473e0daa3e3310f2f2fc961e8c055579002,True
C,DIOR-R,rotated_rtmdet_s,source_supervised_leave_geometry,angle_error_gt_5deg,absolute_0.001,0.001000,calib,1,39dc675b0e0cc3c9a822151d0a99d81ff96abd79517b9fad027d6affe8224558,39dc675b0e0cc3c9a822151d0a99d81ff96abd79517b9fad027d6affe8224558,True
C,DIOR-R,rotated_rtmdet_s,source_supervised_leave_geometry,angle_error_gt_5deg,absolute_0.001,0.001000,audit,1,39dc675b0e0cc3c9a822151d0a99d81ff96abd79517b9fad027d6affe8224558,39dc675b0e0cc3c9a822151d0a99d81ff96abd79517b9fad027d6affe8224558,True
C,DIOR-R,rotated_rtmdet_s,source_supervised_leave_geometry,angle_error_gt_5deg,absolute_0.0025,0.002500,calib,1,39dc675b0e0cc3c9a822151d0a99d81ff96abd79517b9fad027d6affe8224558,39dc675b0e0cc3c9a822151d0a99d81ff96abd79517b9fad027d6affe8224558,True
C,DIOR-R,rotated_rtmdet_s,source_supervised_leave_geometry,angle_error_gt_5deg,absolute_0.0025,0.002500,audit,1,39dc675b0e0cc3c9a822151d0a99d81ff96abd79517b9fad027d6affe8224558,39dc675b0e0cc3c9a822151d0a99d81ff96abd79517b9fad027d6affe8224558,True
C,DIOR-R,rotated_rtmdet_s,source_supervised_leave_geometry,angle_error_gt_5deg,absolute_0.005,0.005000,calib,1,39dc675b0e0cc3c9a822151d0a99d81ff96abd79517b9fad027d6affe8224558,39dc675b0e0cc3c9a822151d0a99d81ff96abd79517b9fad027d6affe8224558,True
C,DIOR-R,rotated_rtmdet_s,source_supervised_leave_geometry,angle_error_gt_5deg,absolute_0.005,0.005000,audit,1,39dc675b0e0cc3c9a822151d0a99d81ff96abd79517b9fad027d6affe8224558,39dc675b0e0cc3c9a822151d0a99d81ff96abd79517b9fad027d6affe8224558,True
C,DIOR-R,rotated_rtmdet_s,source_supervised_leave_geometry,angle_error_gt_5deg,absolute_0.01,0.010000,calib,1,39dc675b0e0cc3c9a822151d0a99d81ff96abd79517b9fad027d6affe8224558,39dc675b0e0cc3c9a822151d0a99d81ff96abd79517b9fad027d6affe8224558,True
C,DIOR-R,rotated_rtmdet_s,source_supervised_leave_geometry,angle_error_gt_5deg,absolute_0.01,0.010000,audit,1,39dc675b0e0cc3c9a822151d0a99d81ff96abd79517b9fad027d6affe8224558,39dc675b0e0cc3c9a822151d0a99d81ff96abd79517b9fad027d6affe8224558,True
C,DIOR-R,rotated_rtmdet_s,source_supervised_leave_geometry,angle_error_gt_5deg,relative_0.5_r_fit,0.052584,calib,1,ef26b062e118990d81bc5b41502d488ea02822ed95843c0a2212bd4116aebe4d,ef26b062e118990d81bc5b41502d488ea02822ed95843c0a2212bd4116aebe4d,True
C,DIOR-R,rotated_rtmdet_s,source_supervised_leave_geometry,angle_error_gt_5deg,relative_0.5_r_fit,0.052584,audit,1,ef26b062e118990d81bc5b41502d488ea02822ed95843c0a2212bd4116aebe4d,ef26b062e118990d81bc5b41502d488ea02822ed95843c0a2212bd4116aebe4d,True
C,DIOR-R,rotated_rtmdet_s,source_supervised_leave_geometry,angle_error_gt_5deg,relative_0.25_r_fit,0.026292,calib,1,39dc675b0e0cc3c9a822151d0a99d81ff96abd79517b9fad027d6affe8224558,39dc675b0e0cc3c9a822151d0a99d81ff96abd79517b9fad027d6affe8224558,True
C,DIOR-R,rotated_rtmdet_s,source_supervised_leave_geometry,angle_error_gt_5deg,relative_0.25_r_fit,0.026292,audit,1,39dc675b0e0cc3c9a822151d0a99d81ff96abd79517b9fad027d6affe8224558,39dc675b0e0cc3c9a822151d0a99d81ff96abd79517b9fad027d6affe8224558,True
C,DIOR-R,rotated_rtmdet_s,target_gt_nonlinear_geometry_upper_bound,angle_error_gt_5deg,absolute_0.001,0.001000,calib,1,d104849447acae3786b6ba5018e8302cfb0988faf8664caf8bd19cc650ce26cd,aa6d0266f95469d8aff89e9624e336eb3fcba51fd72929a8730b42a5dee8ac3d,False
C,DIOR-R,rotated_rtmdet_s,target_gt_nonlinear_geometry_upper_bound,angle_error_gt_5deg,absolute_0.001,0.001000,audit,1,d104849447acae3786b6ba5018e8302cfb0988faf8664caf8bd19cc650ce26cd,aa6d0266f95469d8aff89e9624e336eb3fcba51fd72929a8730b42a5dee8ac3d,False
C,DIOR-R,rotated_rtmdet_s,target_gt_nonlinear_geometry_upper_bound,angle_error_gt_5deg,absolute_0.0025,0.002500,calib,1,de9213fc389d73e86bb3f66ab09ecfcfea6e93e90d35227cc42420f9aafc0f88,a12985e739023d30022e6fffc15a62eaba54aebdd2c53520f998551637d95e38,False
C,DIOR-R,rotated_rtmdet_s,target_gt_nonlinear_geometry_upper_bound,angle_error_gt_5deg,absolute_0.0025,0.002500,audit,1,de9213fc389d73e86bb3f66ab09ecfcfea6e93e90d35227cc42420f9aafc0f88,a12985e739023d30022e6fffc15a62eaba54aebdd2c53520f998551637d95e38,False
C,DIOR-R,rotated_rtmdet_s,target_gt_nonlinear_geometry_upper_bound,angle_error_gt_5deg,absolute_0.005,0.005000,calib,1,886b6ab99067083396980aff765fce6f4ed00f403e94fab358350ae6a68ae8d6,3f420150f2a210af98f7855a5d10d1d41a0fbf1d88ae2a24fcbf973727147b7b,False
C,DIOR-R,rotated_rtmdet_s,target_gt_nonlinear_geometry_upper_bound,angle_error_gt_5deg,absolute_0.005,0.005000,audit,1,886b6ab99067083396980aff765fce6f4ed00f403e94fab358350ae6a68ae8d6,3f420150f2a210af98f7855a5d10d1d41a0fbf1d88ae2a24fcbf973727147b7b,False
C,DIOR-R,rotated_rtmdet_s,target_gt_nonlinear_geometry_upper_bound,angle_error_gt_5deg,absolute_0.01,0.010000,calib,1,786fee20c3e78db6da645a416cd60f73a90ec8976c52b6c771af771b715ffc6b,a03e398d3797768604d2bd926dfdb6b1563adfd3b673a42605fe7fd1c7aa870c,False
C,DIOR-R,rotated_rtmdet_s,target_gt_nonlinear_geometry_upper_bound,angle_error_gt_5deg,absolute_0.01,0.010000,audit,1,786fee20c3e78db6da645a416cd60f73a90ec8976c52b6c771af771b715ffc6b,a03e398d3797768604d2bd926dfdb6b1563adfd3b673a42605fe7fd1c7aa870c,False
C,DIOR-R,rotated_rtmdet_s,target_gt_nonlinear_geometry_upper_bound,angle_error_gt_5deg,relative_0.5_r_fit,0.052584,calib,1,d0dba014fc0d01a4e054e070d05af81259a4f0043ec4739109db930a633dc1d8,386774f8c9313f775be2405f55ee641702466a1b1535f50d7a772614b4c0dfa8,False
C,DIOR-R,rotated_rtmdet_s,target_gt_nonlinear_geometry_upper_bound,angle_error_gt_5deg,relative_0.5_r_fit,0.052584,audit,1,d0dba014fc0d01a4e054e070d05af81259a4f0043ec4739109db930a633dc1d8,386774f8c9313f775be2405f55ee641702466a1b1535f50d7a772614b4c0dfa8,False
C,DIOR-R,rotated_rtmdet_s,target_gt_nonlinear_geometry_upper_bound,angle_error_gt_5deg,relative_0.25_r_fit,0.026292,calib,1,8a84bfc52b42f18fc445ae571d3e62e39b1cc27aa744de1bd5086854994fe24c,23a10126a54df87a36a09c33cb0d1d8930d0f81117a83f6c66ce3b1c311498ed,False
C,DIOR-R,rotated_rtmdet_s,target_gt_nonlinear_geometry_upper_bound,angle_error_gt_5deg,relative_0.25_r_fit,0.026292,audit,1,8a84bfc52b42f18fc445ae571d3e62e39b1cc27aa744de1bd5086854994fe24c,23a10126a54df87a36a09c33cb0d1d8930d0f81117a83f6c66ce3b1c311498ed,False
C,DIOR-R,rotated_rtmdet_s,detection_score,angle_error_gt_10deg,absolute_0.001,0.001000,calib,1,ba49e9d27de46c757443fcd5641116a121f9a64f90f2c7d9ff0ea2583c9182bc,ba49e9d27de46c757443fcd5641116a121f9a64f90f2c7d9ff0ea2583c9182bc,True
C,DIOR-R,rotated_rtmdet_s,detection_score,angle_error_gt_10deg,absolute_0.001,0.001000,audit,1,ba49e9d27de46c757443fcd5641116a121f9a64f90f2c7d9ff0ea2583c9182bc,ba49e9d27de46c757443fcd5641116a121f9a64f90f2c7d9ff0ea2583c9182bc,True
C,DIOR-R,rotated_rtmdet_s,detection_score,angle_error_gt_10deg,absolute_0.0025,0.002500,calib,1,5aa3cb5bf323a06aede2b034fd66d2ab185f5ee14ab6dc73871473cdae64801b,5aa3cb5bf323a06aede2b034fd66d2ab185f5ee14ab6dc73871473cdae64801b,True
C,DIOR-R,rotated_rtmdet_s,detection_score,angle_error_gt_10deg,absolute_0.0025,0.002500,audit,1,5aa3cb5bf323a06aede2b034fd66d2ab185f5ee14ab6dc73871473cdae64801b,5aa3cb5bf323a06aede2b034fd66d2ab185f5ee14ab6dc73871473cdae64801b,True
C,DIOR-R,rotated_rtmdet_s,detection_score,angle_error_gt_10deg,absolute_0.005,0.005000,calib,1,f9254b331a0a3bf6b90633321e790d3edee797d505b7392fdb4a53bf0aa1e13a,f9254b331a0a3bf6b90633321e790d3edee797d505b7392fdb4a53bf0aa1e13a,True
C,DIOR-R,rotated_rtmdet_s,detection_score,angle_error_gt_10deg,absolute_0.005,0.005000,audit,1,f9254b331a0a3bf6b90633321e790d3edee797d505b7392fdb4a53bf0aa1e13a,f9254b331a0a3bf6b90633321e790d3edee797d505b7392fdb4a53bf0aa1e13a,True
C,DIOR-R,rotated_rtmdet_s,detection_score,angle_error_gt_10deg,absolute_0.01,0.010000,calib,1,51222c382d43417f2f64a4c55d3d8c650912836c87719b70b828819e89ba90ac,51222c382d43417f2f64a4c55d3d8c650912836c87719b70b828819e89ba90ac,True
C,DIOR-R,rotated_rtmdet_s,detection_score,angle_error_gt_10deg,absolute_0.01,0.010000,audit,1,51222c382d43417f2f64a4c55d3d8c650912836c87719b70b828819e89ba90ac,51222c382d43417f2f64a4c55d3d8c650912836c87719b70b828819e89ba90ac,True
C,DIOR-R,rotated_rtmdet_s,detection_score,angle_error_gt_10deg,relative_0.5_r_fit,0.014889,calib,1,680d9df90ea57dac539aa63e9a444941d48daec563dceebaa9c3c0fad43a581f,680d9df90ea57dac539aa63e9a444941d48daec563dceebaa9c3c0fad43a581f,True
C,DIOR-R,rotated_rtmdet_s,detection_score,angle_error_gt_10deg,relative_0.5_r_fit,0.014889,audit,1,680d9df90ea57dac539aa63e9a444941d48daec563dceebaa9c3c0fad43a581f,680d9df90ea57dac539aa63e9a444941d48daec563dceebaa9c3c0fad43a581f,True
C,DIOR-R,rotated_rtmdet_s,detection_score,angle_error_gt_10deg,relative_0.25_r_fit,0.007445,calib,1,8563d5b63a1adfa8fcaf5784b1778838d927111bc3dc97df5369d83957a02806,8563d5b63a1adfa8fcaf5784b1778838d927111bc3dc97df5369d83957a02806,True
C,DIOR-R,rotated_rtmdet_s,detection_score,angle_error_gt_10deg,relative_0.25_r_fit,0.007445,audit,1,8563d5b63a1adfa8fcaf5784b1778838d927111bc3dc97df5369d83957a02806,8563d5b63a1adfa8fcaf5784b1778838d927111bc3dc97df5369d83957a02806,True
C,DIOR-R,rotated_rtmdet_s,tta_circular_consistency,angle_error_gt_10deg,absolute_0.001,0.001000,calib,1,02b9a3097d85dc8cb8b2042fb83fe3c88e03d120a3999978d9a7e13b59deb902,02b9a3097d85dc8cb8b2042fb83fe3c88e03d120a3999978d9a7e13b59deb902,True
C,DIOR-R,rotated_rtmdet_s,tta_circular_consistency,angle_error_gt_10deg,absolute_0.001,0.001000,audit,1,02b9a3097d85dc8cb8b2042fb83fe3c88e03d120a3999978d9a7e13b59deb902,02b9a3097d85dc8cb8b2042fb83fe3c88e03d120a3999978d9a7e13b59deb902,True
C,DIOR-R,rotated_rtmdet_s,tta_circular_consistency,angle_error_gt_10deg,absolute_0.0025,0.002500,calib,1,01234b57e7f713afbd3d61ed3e76a0508d5cceeeed34ab6b200acdf9fd2a474b,01234b57e7f713afbd3d61ed3e76a0508d5cceeeed34ab6b200acdf9fd2a474b,True
C,DIOR-R,rotated_rtmdet_s,tta_circular_consistency,angle_error_gt_10deg,absolute_0.0025,0.002500,audit,1,01234b57e7f713afbd3d61ed3e76a0508d5cceeeed34ab6b200acdf9fd2a474b,01234b57e7f713afbd3d61ed3e76a0508d5cceeeed34ab6b200acdf9fd2a474b,True
C,DIOR-R,rotated_rtmdet_s,tta_circular_consistency,angle_error_gt_10deg,absolute_0.005,0.005000,calib,1,12ee649b6a443ec4ae30a421b9358beab7a4e26e382d5785b4a999a87cc06c74,12ee649b6a443ec4ae30a421b9358beab7a4e26e382d5785b4a999a87cc06c74,True
C,DIOR-R,rotated_rtmdet_s,tta_circular_consistency,angle_error_gt_10deg,absolute_0.005,0.005000,audit,1,12ee649b6a443ec4ae30a421b9358beab7a4e26e382d5785b4a999a87cc06c74,12ee649b6a443ec4ae30a421b9358beab7a4e26e382d5785b4a999a87cc06c74,True
C,DIOR-R,rotated_rtmdet_s,tta_circular_consistency,angle_error_gt_10deg,absolute_0.01,0.010000,calib,1,1aca4a33e7a9c3a242367fe9fcd570bf8de712063ba101ff91c3fec082783b86,1aca4a33e7a9c3a242367fe9fcd570bf8de712063ba101ff91c3fec082783b86,True
C,DIOR-R,rotated_rtmdet_s,tta_circular_consistency,angle_error_gt_10deg,absolute_0.01,0.010000,audit,1,1aca4a33e7a9c3a242367fe9fcd570bf8de712063ba101ff91c3fec082783b86,1aca4a33e7a9c3a242367fe9fcd570bf8de712063ba101ff91c3fec082783b86,True
C,DIOR-R,rotated_rtmdet_s,tta_circular_consistency,angle_error_gt_10deg,relative_0.5_r_fit,0.014889,calib,1,a7334ece7f8f9abf8597154437bdb573423af58e2afe32022f0bb7fee921c837,a7334ece7f8f9abf8597154437bdb573423af58e2afe32022f0bb7fee921c837,True
C,DIOR-R,rotated_rtmdet_s,tta_circular_consistency,angle_error_gt_10deg,relative_0.5_r_fit,0.014889,audit,1,a7334ece7f8f9abf8597154437bdb573423af58e2afe32022f0bb7fee921c837,a7334ece7f8f9abf8597154437bdb573423af58e2afe32022f0bb7fee921c837,True
C,DIOR-R,rotated_rtmdet_s,tta_circular_consistency,angle_error_gt_10deg,relative_0.25_r_fit,0.007445,calib,1,ac2ee865575e98a693c0abdc38b56ffc1b7e472980f46bf95b11e8a86c31567a,ac2ee865575e98a693c0abdc38b56ffc1b7e472980f46bf95b11e8a86c31567a,True
C,DIOR-R,rotated_rtmdet_s,tta_circular_consistency,angle_error_gt_10deg,relative_0.25_r_fit,0.007445,audit,1,ac2ee865575e98a693c0abdc38b56ffc1b7e472980f46bf95b11e8a86c31567a,ac2ee865575e98a693c0abdc38b56ffc1b7e472980f46bf95b11e8a86c31567a,True
C,DIOR-R,rotated_rtmdet_s,source_supervised_leave_geometry,angle_error_gt_10deg,absolute_0.001,0.001000,calib,1,acbd9a9ae7f852bc5e0d84429d5ab9ef58c26e439f20dd14193e714a3ac63642,acbd9a9ae7f852bc5e0d84429d5ab9ef58c26e439f20dd14193e714a3ac63642,True
C,DIOR-R,rotated_rtmdet_s,source_supervised_leave_geometry,angle_error_gt_10deg,absolute_0.001,0.001000,audit,1,acbd9a9ae7f852bc5e0d84429d5ab9ef58c26e439f20dd14193e714a3ac63642,acbd9a9ae7f852bc5e0d84429d5ab9ef58c26e439f20dd14193e714a3ac63642,True
C,DIOR-R,rotated_rtmdet_s,source_supervised_leave_geometry,angle_error_gt_10deg,absolute_0.0025,0.002500,calib,1,da8fbc2198c3358d5152ef624512edf70a5234243d8883db123480de3168769f,da8fbc2198c3358d5152ef624512edf70a5234243d8883db123480de3168769f,True
C,DIOR-R,rotated_rtmdet_s,source_supervised_leave_geometry,angle_error_gt_10deg,absolute_0.0025,0.002500,audit,1,da8fbc2198c3358d5152ef624512edf70a5234243d8883db123480de3168769f,da8fbc2198c3358d5152ef624512edf70a5234243d8883db123480de3168769f,True
C,DIOR-R,rotated_rtmdet_s,source_supervised_leave_geometry,angle_error_gt_10deg,absolute_0.005,0.005000,calib,1,f7c93e4c038a1efb35e9667eca9215602247989567b25af41992708308835915,f7c93e4c038a1efb35e9667eca9215602247989567b25af41992708308835915,True
C,DIOR-R,rotated_rtmdet_s,source_supervised_leave_geometry,angle_error_gt_10deg,absolute_0.005,0.005000,audit,1,f7c93e4c038a1efb35e9667eca9215602247989567b25af41992708308835915,f7c93e4c038a1efb35e9667eca9215602247989567b25af41992708308835915,True
C,DIOR-R,rotated_rtmdet_s,source_supervised_leave_geometry,angle_error_gt_10deg,absolute_0.01,0.010000,calib,1,31f025714136341dba9e60e48d64c970b3e6bca97d5135463a3a7b3e228f266b,31f025714136341dba9e60e48d64c970b3e6bca97d5135463a3a7b3e228f266b,True
C,DIOR-R,rotated_rtmdet_s,source_supervised_leave_geometry,angle_error_gt_10deg,absolute_0.01,0.010000,audit,1,31f025714136341dba9e60e48d64c970b3e6bca97d5135463a3a7b3e228f266b,31f025714136341dba9e60e48d64c970b3e6bca97d5135463a3a7b3e228f266b,True
C,DIOR-R,rotated_rtmdet_s,source_supervised_leave_geometry,angle_error_gt_10deg,relative_0.5_r_fit,0.014889,calib,1,2d1276ce495dad82f7391caf72732b079c85f5cc15622b4a896a97dc5ac20263,2d1276ce495dad82f7391caf72732b079c85f5cc15622b4a896a97dc5ac20263,True
C,DIOR-R,rotated_rtmdet_s,source_supervised_leave_geometry,angle_error_gt_10deg,relative_0.5_r_fit,0.014889,audit,1,2d1276ce495dad82f7391caf72732b079c85f5cc15622b4a896a97dc5ac20263,2d1276ce495dad82f7391caf72732b079c85f5cc15622b4a896a97dc5ac20263,True
C,DIOR-R,rotated_rtmdet_s,source_supervised_leave_geometry,angle_error_gt_10deg,relative_0.25_r_fit,0.007445,calib,1,44c2486e3a161367e4aa71b0aab81baf4906393183234628664ab90c16adefda,44c2486e3a161367e4aa71b0aab81baf4906393183234628664ab90c16adefda,True
C,DIOR-R,rotated_rtmdet_s,source_supervised_leave_geometry,angle_error_gt_10deg,relative_0.25_r_fit,0.007445,audit,1,44c2486e3a161367e4aa71b0aab81baf4906393183234628664ab90c16adefda,44c2486e3a161367e4aa71b0aab81baf4906393183234628664ab90c16adefda,True
C,DIOR-R,rotated_rtmdet_s,target_gt_nonlinear_geometry_upper_bound,angle_error_gt_10deg,absolute_0.001,0.001000,calib,1,84ae5a619835626d6811416efbd6e596ca5956f481c34f7a868483ad934a0b3a,7340ac52b68c99bda48ea7ae28fe43c9a4bf7192674db00e6e07e29245406808,False
C,DIOR-R,rotated_rtmdet_s,target_gt_nonlinear_geometry_upper_bound,angle_error_gt_10deg,absolute_0.001,0.001000,audit,1,84ae5a619835626d6811416efbd6e596ca5956f481c34f7a868483ad934a0b3a,7340ac52b68c99bda48ea7ae28fe43c9a4bf7192674db00e6e07e29245406808,False
C,DIOR-R,rotated_rtmdet_s,target_gt_nonlinear_geometry_upper_bound,angle_error_gt_10deg,absolute_0.0025,0.002500,calib,1,27ccc795026bb0ab038bc96a92e5d9306d9fd4624d64028273f4875b2f6afbfa,9653b75236c698b2d47df972cd8f1e314229f112fc11d8c09651fd80e5c5d0f5,False
C,DIOR-R,rotated_rtmdet_s,target_gt_nonlinear_geometry_upper_bound,angle_error_gt_10deg,absolute_0.0025,0.002500,audit,1,27ccc795026bb0ab038bc96a92e5d9306d9fd4624d64028273f4875b2f6afbfa,9653b75236c698b2d47df972cd8f1e314229f112fc11d8c09651fd80e5c5d0f5,False
C,DIOR-R,rotated_rtmdet_s,target_gt_nonlinear_geometry_upper_bound,angle_error_gt_10deg,absolute_0.005,0.005000,calib,1,2d1de7764bef9bf14dba794c638a2ea8200882ccde4db218a021664dd6b6cdb0,d9eeebc6906d96d9a346a42f59edfaca56406d2a2991befb11cd45366d163ab7,False
C,DIOR-R,rotated_rtmdet_s,target_gt_nonlinear_geometry_upper_bound,angle_error_gt_10deg,absolute_0.005,0.005000,audit,1,2d1de7764bef9bf14dba794c638a2ea8200882ccde4db218a021664dd6b6cdb0,d9eeebc6906d96d9a346a42f59edfaca56406d2a2991befb11cd45366d163ab7,False
C,DIOR-R,rotated_rtmdet_s,target_gt_nonlinear_geometry_upper_bound,angle_error_gt_10deg,absolute_0.01,0.010000,calib,1,2b02c2d5bdd469e08c7b9e74760e44f1ccbdbd8d158885ec183c81048125a736,587a6ff8a9390a46024ba5032c0ac2c93b8109f23cc55b7e63293ab0fbbfe0d0,False
C,DIOR-R,rotated_rtmdet_s,target_gt_nonlinear_geometry_upper_bound,angle_error_gt_10deg,absolute_0.01,0.010000,audit,1,2b02c2d5bdd469e08c7b9e74760e44f1ccbdbd8d158885ec183c81048125a736,587a6ff8a9390a46024ba5032c0ac2c93b8109f23cc55b7e63293ab0fbbfe0d0,False
C,DIOR-R,rotated_rtmdet_s,target_gt_nonlinear_geometry_upper_bound,angle_error_gt_10deg,relative_0.5_r_fit,0.014889,calib,1,ed23ba7365f41a9bccd4242d652da17def5f3f9b8ff72cf945713c19e2724a56,106e24a93fc26928588559953788c9684f6fe861c9873fea46244a2a67cbbf92,False
C,DIOR-R,rotated_rtmdet_s,target_gt_nonlinear_geometry_upper_bound,angle_error_gt_10deg,relative_0.5_r_fit,0.014889,audit,1,ed23ba7365f41a9bccd4242d652da17def5f3f9b8ff72cf945713c19e2724a56,106e24a93fc26928588559953788c9684f6fe861c9873fea46244a2a67cbbf92,False
C,DIOR-R,rotated_rtmdet_s,target_gt_nonlinear_geometry_upper_bound,angle_error_gt_10deg,relative_0.25_r_fit,0.007445,calib,1,c3e0e80e83200fca34b7892f55a5365d7aceff0dce33a92b25a4191a19692467,1fd5748dfc5ab895a46e85100833da8f347615839c73397f6a7f38359933bad6,False
C,DIOR-R,rotated_rtmdet_s,target_gt_nonlinear_geometry_upper_bound,angle_error_gt_10deg,relative_0.25_r_fit,0.007445,audit,1,c3e0e80e83200fca34b7892f55a5365d7aceff0dce33a92b25a4191a19692467,1fd5748dfc5ab895a46e85100833da8f347615839c73397f6a7f38359933bad6,False
C,DIOR-R,rotated_rtmdet_s,detection_score,angle_error_gt_15deg,absolute_0.001,0.001000,calib,1,55b91a6a2f77495d715165ac80df709c5d89f8a299714e5f19dc628f6fcbc96f,55b91a6a2f77495d715165ac80df709c5d89f8a299714e5f19dc628f6fcbc96f,True
C,DIOR-R,rotated_rtmdet_s,detection_score,angle_error_gt_15deg,absolute_0.001,0.001000,audit,1,55b91a6a2f77495d715165ac80df709c5d89f8a299714e5f19dc628f6fcbc96f,55b91a6a2f77495d715165ac80df709c5d89f8a299714e5f19dc628f6fcbc96f,True
C,DIOR-R,rotated_rtmdet_s,detection_score,angle_error_gt_15deg,absolute_0.0025,0.002500,calib,1,3bb1381bdf2f6a9af993ed091a0f5549cfe9d7775fd68f103ddc672f01b18d2f,3bb1381bdf2f6a9af993ed091a0f5549cfe9d7775fd68f103ddc672f01b18d2f,True
C,DIOR-R,rotated_rtmdet_s,detection_score,angle_error_gt_15deg,absolute_0.0025,0.002500,audit,1,3bb1381bdf2f6a9af993ed091a0f5549cfe9d7775fd68f103ddc672f01b18d2f,3bb1381bdf2f6a9af993ed091a0f5549cfe9d7775fd68f103ddc672f01b18d2f,True
C,DIOR-R,rotated_rtmdet_s,detection_score,angle_error_gt_15deg,absolute_0.005,0.005000,calib,1,ff741f0b400c2748fa62df54b716972e5d48eb6fe42eba04da0d3e60f4a578ab,ff741f0b400c2748fa62df54b716972e5d48eb6fe42eba04da0d3e60f4a578ab,True
C,DIOR-R,rotated_rtmdet_s,detection_score,angle_error_gt_15deg,absolute_0.005,0.005000,audit,1,ff741f0b400c2748fa62df54b716972e5d48eb6fe42eba04da0d3e60f4a578ab,ff741f0b400c2748fa62df54b716972e5d48eb6fe42eba04da0d3e60f4a578ab,True
C,DIOR-R,rotated_rtmdet_s,detection_score,angle_error_gt_15deg,absolute_0.01,0.010000,calib,1,903b34d82cea8b0334da93a213560a182e11473a5f1b9148172ed89a01d399fb,903b34d82cea8b0334da93a213560a182e11473a5f1b9148172ed89a01d399fb,True
C,DIOR-R,rotated_rtmdet_s,detection_score,angle_error_gt_15deg,absolute_0.01,0.010000,audit,1,903b34d82cea8b0334da93a213560a182e11473a5f1b9148172ed89a01d399fb,903b34d82cea8b0334da93a213560a182e11473a5f1b9148172ed89a01d399fb,True
C,DIOR-R,rotated_rtmdet_s,detection_score,angle_error_gt_15deg,relative_0.5_r_fit,0.007185,calib,1,86ae0d9fad0ddcca6c7a5e3596dc7e73d6fd30026e581ffaf2a85f771f9db482,86ae0d9fad0ddcca6c7a5e3596dc7e73d6fd30026e581ffaf2a85f771f9db482,True
C,DIOR-R,rotated_rtmdet_s,detection_score,angle_error_gt_15deg,relative_0.5_r_fit,0.007185,audit,1,86ae0d9fad0ddcca6c7a5e3596dc7e73d6fd30026e581ffaf2a85f771f9db482,86ae0d9fad0ddcca6c7a5e3596dc7e73d6fd30026e581ffaf2a85f771f9db482,True
C,DIOR-R,rotated_rtmdet_s,detection_score,angle_error_gt_15deg,relative_0.25_r_fit,0.003593,calib,1,e8c92ec678ad970548ead08a958d8e2b2e316c4b1f5775874795466b2f03221d,e8c92ec678ad970548ead08a958d8e2b2e316c4b1f5775874795466b2f03221d,True
C,DIOR-R,rotated_rtmdet_s,detection_score,angle_error_gt_15deg,relative_0.25_r_fit,0.003593,audit,1,e8c92ec678ad970548ead08a958d8e2b2e316c4b1f5775874795466b2f03221d,e8c92ec678ad970548ead08a958d8e2b2e316c4b1f5775874795466b2f03221d,True
C,DIOR-R,rotated_rtmdet_s,tta_circular_consistency,angle_error_gt_15deg,absolute_0.001,0.001000,calib,1,02b9a3097d85dc8cb8b2042fb83fe3c88e03d120a3999978d9a7e13b59deb902,02b9a3097d85dc8cb8b2042fb83fe3c88e03d120a3999978d9a7e13b59deb902,True
C,DIOR-R,rotated_rtmdet_s,tta_circular_consistency,angle_error_gt_15deg,absolute_0.001,0.001000,audit,1,02b9a3097d85dc8cb8b2042fb83fe3c88e03d120a3999978d9a7e13b59deb902,02b9a3097d85dc8cb8b2042fb83fe3c88e03d120a3999978d9a7e13b59deb902,True
C,DIOR-R,rotated_rtmdet_s,tta_circular_consistency,angle_error_gt_15deg,absolute_0.0025,0.002500,calib,1,01234b57e7f713afbd3d61ed3e76a0508d5cceeeed34ab6b200acdf9fd2a474b,01234b57e7f713afbd3d61ed3e76a0508d5cceeeed34ab6b200acdf9fd2a474b,True
C,DIOR-R,rotated_rtmdet_s,tta_circular_consistency,angle_error_gt_15deg,absolute_0.0025,0.002500,audit,1,01234b57e7f713afbd3d61ed3e76a0508d5cceeeed34ab6b200acdf9fd2a474b,01234b57e7f713afbd3d61ed3e76a0508d5cceeeed34ab6b200acdf9fd2a474b,True
C,DIOR-R,rotated_rtmdet_s,tta_circular_consistency,angle_error_gt_15deg,absolute_0.005,0.005000,calib,1,1059582c43c8c23684aacd00f6078b3a3c4e0f48541ccb817d6d7adb561563ee,1059582c43c8c23684aacd00f6078b3a3c4e0f48541ccb817d6d7adb561563ee,True
C,DIOR-R,rotated_rtmdet_s,tta_circular_consistency,angle_error_gt_15deg,absolute_0.005,0.005000,audit,1,1059582c43c8c23684aacd00f6078b3a3c4e0f48541ccb817d6d7adb561563ee,1059582c43c8c23684aacd00f6078b3a3c4e0f48541ccb817d6d7adb561563ee,True
C,DIOR-R,rotated_rtmdet_s,tta_circular_consistency,angle_error_gt_15deg,absolute_0.01,0.010000,calib,1,e0bc50b3b14748868e8f43e832b8ab9e9a7af43d2a9be14799bbd08703325fdd,e0bc50b3b14748868e8f43e832b8ab9e9a7af43d2a9be14799bbd08703325fdd,True
C,DIOR-R,rotated_rtmdet_s,tta_circular_consistency,angle_error_gt_15deg,absolute_0.01,0.010000,audit,1,e0bc50b3b14748868e8f43e832b8ab9e9a7af43d2a9be14799bbd08703325fdd,e0bc50b3b14748868e8f43e832b8ab9e9a7af43d2a9be14799bbd08703325fdd,True
C,DIOR-R,rotated_rtmdet_s,tta_circular_consistency,angle_error_gt_15deg,relative_0.5_r_fit,0.007185,calib,1,482ad0025e9e25e1db62d2a662d2c7d23e221e719b14ef95386d959ea13587de,482ad0025e9e25e1db62d2a662d2c7d23e221e719b14ef95386d959ea13587de,True
C,DIOR-R,rotated_rtmdet_s,tta_circular_consistency,angle_error_gt_15deg,relative_0.5_r_fit,0.007185,audit,1,482ad0025e9e25e1db62d2a662d2c7d23e221e719b14ef95386d959ea13587de,482ad0025e9e25e1db62d2a662d2c7d23e221e719b14ef95386d959ea13587de,True
C,DIOR-R,rotated_rtmdet_s,tta_circular_consistency,angle_error_gt_15deg,relative_0.25_r_fit,0.003593,calib,1,61f1e03efb52bb8275f3eedbd5b60d55429af3f4e4543452ca072f0cc83dad79,61f1e03efb52bb8275f3eedbd5b60d55429af3f4e4543452ca072f0cc83dad79,True
C,DIOR-R,rotated_rtmdet_s,tta_circular_consistency,angle_error_gt_15deg,relative_0.25_r_fit,0.003593,audit,1,61f1e03efb52bb8275f3eedbd5b60d55429af3f4e4543452ca072f0cc83dad79,61f1e03efb52bb8275f3eedbd5b60d55429af3f4e4543452ca072f0cc83dad79,True
C,DIOR-R,rotated_rtmdet_s,source_supervised_leave_geometry,angle_error_gt_15deg,absolute_0.001,0.001000,calib,1,da90391fe0cd4be85d257eda8ad336cfc6cdc0af8f9acaa338d1fbafba432b5f,da90391fe0cd4be85d257eda8ad336cfc6cdc0af8f9acaa338d1fbafba432b5f,True
C,DIOR-R,rotated_rtmdet_s,source_supervised_leave_geometry,angle_error_gt_15deg,absolute_0.001,0.001000,audit,1,da90391fe0cd4be85d257eda8ad336cfc6cdc0af8f9acaa338d1fbafba432b5f,da90391fe0cd4be85d257eda8ad336cfc6cdc0af8f9acaa338d1fbafba432b5f,True
C,DIOR-R,rotated_rtmdet_s,source_supervised_leave_geometry,angle_error_gt_15deg,absolute_0.0025,0.002500,calib,1,1014a367d8fdf8f2ba80649f3bef0e9024fe8192b356affce4605271aa6089df,1014a367d8fdf8f2ba80649f3bef0e9024fe8192b356affce4605271aa6089df,True
C,DIOR-R,rotated_rtmdet_s,source_supervised_leave_geometry,angle_error_gt_15deg,absolute_0.0025,0.002500,audit,1,1014a367d8fdf8f2ba80649f3bef0e9024fe8192b356affce4605271aa6089df,1014a367d8fdf8f2ba80649f3bef0e9024fe8192b356affce4605271aa6089df,True
C,DIOR-R,rotated_rtmdet_s,source_supervised_leave_geometry,angle_error_gt_15deg,absolute_0.005,0.005000,calib,1,a0d61277f6de8e2fc6f9f402f68a4479a565a4ebfe920d6c4d21de8a2a58ac99,a0d61277f6de8e2fc6f9f402f68a4479a565a4ebfe920d6c4d21de8a2a58ac99,True
C,DIOR-R,rotated_rtmdet_s,source_supervised_leave_geometry,angle_error_gt_15deg,absolute_0.005,0.005000,audit,1,a0d61277f6de8e2fc6f9f402f68a4479a565a4ebfe920d6c4d21de8a2a58ac99,a0d61277f6de8e2fc6f9f402f68a4479a565a4ebfe920d6c4d21de8a2a58ac99,True
C,DIOR-R,rotated_rtmdet_s,source_supervised_leave_geometry,angle_error_gt_15deg,absolute_0.01,0.010000,calib,1,ecf4b86e515a2014d62a77f7bad7082a0299aacfedd1e89f2915652235e0fcde,ecf4b86e515a2014d62a77f7bad7082a0299aacfedd1e89f2915652235e0fcde,True
C,DIOR-R,rotated_rtmdet_s,source_supervised_leave_geometry,angle_error_gt_15deg,absolute_0.01,0.010000,audit,1,ecf4b86e515a2014d62a77f7bad7082a0299aacfedd1e89f2915652235e0fcde,ecf4b86e515a2014d62a77f7bad7082a0299aacfedd1e89f2915652235e0fcde,True
C,DIOR-R,rotated_rtmdet_s,source_supervised_leave_geometry,angle_error_gt_15deg,relative_0.5_r_fit,0.007185,calib,1,338d5ef11219ce9f3e74cb9f795922d8e4999fb38499c7c0a63dfc63cdae3a80,338d5ef11219ce9f3e74cb9f795922d8e4999fb38499c7c0a63dfc63cdae3a80,True
C,DIOR-R,rotated_rtmdet_s,source_supervised_leave_geometry,angle_error_gt_15deg,relative_0.5_r_fit,0.007185,audit,1,338d5ef11219ce9f3e74cb9f795922d8e4999fb38499c7c0a63dfc63cdae3a80,338d5ef11219ce9f3e74cb9f795922d8e4999fb38499c7c0a63dfc63cdae3a80,True
C,DIOR-R,rotated_rtmdet_s,source_supervised_leave_geometry,angle_error_gt_15deg,relative_0.25_r_fit,0.003593,calib,1,e00dd430348321529ac2c8ec773e4d8f8d4864c48cb0c609099708c62aed1b4c,e00dd430348321529ac2c8ec773e4d8f8d4864c48cb0c609099708c62aed1b4c,True
C,DIOR-R,rotated_rtmdet_s,source_supervised_leave_geometry,angle_error_gt_15deg,relative_0.25_r_fit,0.003593,audit,1,e00dd430348321529ac2c8ec773e4d8f8d4864c48cb0c609099708c62aed1b4c,e00dd430348321529ac2c8ec773e4d8f8d4864c48cb0c609099708c62aed1b4c,True
C,DIOR-R,rotated_rtmdet_s,target_gt_nonlinear_geometry_upper_bound,angle_error_gt_15deg,absolute_0.001,0.001000,calib,1,c867e9eabe4544e9aa8f31d7afa69936567ae97076885088b74c1564cecce1a6,013786b2e19c3d6ab9c152e48c37b9e59765eb4525479aed11701a0c549a2894,False
C,DIOR-R,rotated_rtmdet_s,target_gt_nonlinear_geometry_upper_bound,angle_error_gt_15deg,absolute_0.001,0.001000,audit,1,c867e9eabe4544e9aa8f31d7afa69936567ae97076885088b74c1564cecce1a6,013786b2e19c3d6ab9c152e48c37b9e59765eb4525479aed11701a0c549a2894,False
C,DIOR-R,rotated_rtmdet_s,target_gt_nonlinear_geometry_upper_bound,angle_error_gt_15deg,absolute_0.0025,0.002500,calib,1,0a080a8814420525848d93eebf67d2141f0cf277f9a299d296e0ea25d4be5c62,2e28b41c94bf78857e6280ff6c19e2daa7378910a0c9d8fafe6c9a26e3084259,False
C,DIOR-R,rotated_rtmdet_s,target_gt_nonlinear_geometry_upper_bound,angle_error_gt_15deg,absolute_0.0025,0.002500,audit,1,0a080a8814420525848d93eebf67d2141f0cf277f9a299d296e0ea25d4be5c62,2e28b41c94bf78857e6280ff6c19e2daa7378910a0c9d8fafe6c9a26e3084259,False
C,DIOR-R,rotated_rtmdet_s,target_gt_nonlinear_geometry_upper_bound,angle_error_gt_15deg,absolute_0.005,0.005000,calib,1,bb8f442b1f063082086687be418d2b4e32fdfe0a20af5a621c5457cb733caefd,529a90c546d1d15c1e662906fdb9d69f51af41de2a5e79cdd2a84f8caec0e5c3,False
C,DIOR-R,rotated_rtmdet_s,target_gt_nonlinear_geometry_upper_bound,angle_error_gt_15deg,absolute_0.005,0.005000,audit,1,bb8f442b1f063082086687be418d2b4e32fdfe0a20af5a621c5457cb733caefd,529a90c546d1d15c1e662906fdb9d69f51af41de2a5e79cdd2a84f8caec0e5c3,False
C,DIOR-R,rotated_rtmdet_s,target_gt_nonlinear_geometry_upper_bound,angle_error_gt_15deg,absolute_0.01,0.010000,calib,1,4ac668e2459c20d6df1776f180b4b494a011f644060a9cd300a9f1b150826c08,907e22f08abab7ca1ac2e0b5e0b6f5fc92054ced1c7cb203d167448607e7fc46,False
C,DIOR-R,rotated_rtmdet_s,target_gt_nonlinear_geometry_upper_bound,angle_error_gt_15deg,absolute_0.01,0.010000,audit,1,4ac668e2459c20d6df1776f180b4b494a011f644060a9cd300a9f1b150826c08,907e22f08abab7ca1ac2e0b5e0b6f5fc92054ced1c7cb203d167448607e7fc46,False
C,DIOR-R,rotated_rtmdet_s,target_gt_nonlinear_geometry_upper_bound,angle_error_gt_15deg,relative_0.5_r_fit,0.007185,calib,1,a4ff089bca157331cc77c17877d45a18eb41f859d338775baa957e640c801f20,1750117e2d0ec937361ea3a192c69cc4e274e2d49244837b6351fdb67117ecb9,False
C,DIOR-R,rotated_rtmdet_s,target_gt_nonlinear_geometry_upper_bound,angle_error_gt_15deg,relative_0.5_r_fit,0.007185,audit,1,a4ff089bca157331cc77c17877d45a18eb41f859d338775baa957e640c801f20,1750117e2d0ec937361ea3a192c69cc4e274e2d49244837b6351fdb67117ecb9,False
C,DIOR-R,rotated_rtmdet_s,target_gt_nonlinear_geometry_upper_bound,angle_error_gt_15deg,relative_0.25_r_fit,0.003593,calib,1,10a2a3ccff8e8d7d6f14b1d8fd7b5313376eaf62e5ebcab1a7bfb7f99f098811,44d70029b1dae21904217f65b76259d2c0333f3310eef1762c18dee522be93c2,False
C,DIOR-R,rotated_rtmdet_s,target_gt_nonlinear_geometry_upper_bound,angle_error_gt_15deg,relative_0.25_r_fit,0.003593,audit,1,10a2a3ccff8e8d7d6f14b1d8fd7b5313376eaf62e5ebcab1a7bfb7f99f098811,44d70029b1dae21904217f65b76259d2c0333f3310eef1762c18dee522be93c2,False
D,FAIR1M-v1.0,rotated_retinanet_psc,detection_score,geometry_normalized_severe,absolute_0.001,0.001000,calib,1,15b72fca24e7588ad66d581eac917daebbb235ffb11907aa3c6ccab4fce8ec84,15b72fca24e7588ad66d581eac917daebbb235ffb11907aa3c6ccab4fce8ec84,True
D,FAIR1M-v1.0,rotated_retinanet_psc,detection_score,geometry_normalized_severe,absolute_0.001,0.001000,audit,1,15b72fca24e7588ad66d581eac917daebbb235ffb11907aa3c6ccab4fce8ec84,15b72fca24e7588ad66d581eac917daebbb235ffb11907aa3c6ccab4fce8ec84,True
D,FAIR1M-v1.0,rotated_retinanet_psc,detection_score,geometry_normalized_severe,absolute_0.0025,0.002500,calib,1,c1be22657d0f04c2aeaf9ad8bee0185efdfee29efafc261c193fc8a3667cfca3,c1be22657d0f04c2aeaf9ad8bee0185efdfee29efafc261c193fc8a3667cfca3,True
D,FAIR1M-v1.0,rotated_retinanet_psc,detection_score,geometry_normalized_severe,absolute_0.0025,0.002500,audit,1,c1be22657d0f04c2aeaf9ad8bee0185efdfee29efafc261c193fc8a3667cfca3,c1be22657d0f04c2aeaf9ad8bee0185efdfee29efafc261c193fc8a3667cfca3,True
D,FAIR1M-v1.0,rotated_retinanet_psc,detection_score,geometry_normalized_severe,absolute_0.005,0.005000,calib,1,38eb72f6b40b4c0b7a4eeb2eb5a61c73d852ccb8653d84762af0bf9e0195dd6c,38eb72f6b40b4c0b7a4eeb2eb5a61c73d852ccb8653d84762af0bf9e0195dd6c,True
D,FAIR1M-v1.0,rotated_retinanet_psc,detection_score,geometry_normalized_severe,absolute_0.005,0.005000,audit,1,38eb72f6b40b4c0b7a4eeb2eb5a61c73d852ccb8653d84762af0bf9e0195dd6c,38eb72f6b40b4c0b7a4eeb2eb5a61c73d852ccb8653d84762af0bf9e0195dd6c,True
D,FAIR1M-v1.0,rotated_retinanet_psc,detection_score,geometry_normalized_severe,absolute_0.01,0.010000,calib,1,0460682cbbed127a16cd9fff4cb29227a78ee1d82f2833355f1728755bae3a1b,0460682cbbed127a16cd9fff4cb29227a78ee1d82f2833355f1728755bae3a1b,True
D,FAIR1M-v1.0,rotated_retinanet_psc,detection_score,geometry_normalized_severe,absolute_0.01,0.010000,audit,1,0460682cbbed127a16cd9fff4cb29227a78ee1d82f2833355f1728755bae3a1b,0460682cbbed127a16cd9fff4cb29227a78ee1d82f2833355f1728755bae3a1b,True
D,FAIR1M-v1.0,rotated_retinanet_psc,detection_score,geometry_normalized_severe,relative_0.5_r_fit,0.001529,calib,1,ea5939d25083e71174fc563cb5323b680249c3d7655b6e019b1fea3f7d374fbb,ea5939d25083e71174fc563cb5323b680249c3d7655b6e019b1fea3f7d374fbb,True
D,FAIR1M-v1.0,rotated_retinanet_psc,detection_score,geometry_normalized_severe,relative_0.5_r_fit,0.001529,audit,1,ea5939d25083e71174fc563cb5323b680249c3d7655b6e019b1fea3f7d374fbb,ea5939d25083e71174fc563cb5323b680249c3d7655b6e019b1fea3f7d374fbb,True
D,FAIR1M-v1.0,rotated_retinanet_psc,detection_score,geometry_normalized_severe,relative_0.25_r_fit,0.000764,calib,1,bc6a8ccad1589875481dfc597fbb457ae88abc76ca676534ef3a9544c4425fbd,bc6a8ccad1589875481dfc597fbb457ae88abc76ca676534ef3a9544c4425fbd,True
D,FAIR1M-v1.0,rotated_retinanet_psc,detection_score,geometry_normalized_severe,relative_0.25_r_fit,0.000764,audit,1,bc6a8ccad1589875481dfc597fbb457ae88abc76ca676534ef3a9544c4425fbd,bc6a8ccad1589875481dfc597fbb457ae88abc76ca676534ef3a9544c4425fbd,True
D,FAIR1M-v1.0,rotated_retinanet_psc,tta_circular_consistency,geometry_normalized_severe,absolute_0.001,0.001000,calib,1,30d3b12b1a4d5bfcf5cddf883d59e8527980230e5f83a49d9db99cc24cce6d61,30d3b12b1a4d5bfcf5cddf883d59e8527980230e5f83a49d9db99cc24cce6d61,True
D,FAIR1M-v1.0,rotated_retinanet_psc,tta_circular_consistency,geometry_normalized_severe,absolute_0.001,0.001000,audit,1,30d3b12b1a4d5bfcf5cddf883d59e8527980230e5f83a49d9db99cc24cce6d61,30d3b12b1a4d5bfcf5cddf883d59e8527980230e5f83a49d9db99cc24cce6d61,True
D,FAIR1M-v1.0,rotated_retinanet_psc,tta_circular_consistency,geometry_normalized_severe,absolute_0.0025,0.002500,calib,1,12ff541bf28e4e315c2c3c44678641593cd83463d8e99b81f77b12101e0b696d,12ff541bf28e4e315c2c3c44678641593cd83463d8e99b81f77b12101e0b696d,True
D,FAIR1M-v1.0,rotated_retinanet_psc,tta_circular_consistency,geometry_normalized_severe,absolute_0.0025,0.002500,audit,1,12ff541bf28e4e315c2c3c44678641593cd83463d8e99b81f77b12101e0b696d,12ff541bf28e4e315c2c3c44678641593cd83463d8e99b81f77b12101e0b696d,True
D,FAIR1M-v1.0,rotated_retinanet_psc,tta_circular_consistency,geometry_normalized_severe,absolute_0.005,0.005000,calib,1,f61f3ab09a4b4d978b44e635901b5c4ad9bf25d951903282e5838a41cb9dc94b,f61f3ab09a4b4d978b44e635901b5c4ad9bf25d951903282e5838a41cb9dc94b,True
D,FAIR1M-v1.0,rotated_retinanet_psc,tta_circular_consistency,geometry_normalized_severe,absolute_0.005,0.005000,audit,1,f61f3ab09a4b4d978b44e635901b5c4ad9bf25d951903282e5838a41cb9dc94b,f61f3ab09a4b4d978b44e635901b5c4ad9bf25d951903282e5838a41cb9dc94b,True
D,FAIR1M-v1.0,rotated_retinanet_psc,tta_circular_consistency,geometry_normalized_severe,absolute_0.01,0.010000,calib,1,ec653883b6be9cf404c4fb819a891801f5a45898dca5dfa8d17a4302701f351f,ec653883b6be9cf404c4fb819a891801f5a45898dca5dfa8d17a4302701f351f,True
D,FAIR1M-v1.0,rotated_retinanet_psc,tta_circular_consistency,geometry_normalized_severe,absolute_0.01,0.010000,audit,1,ec653883b6be9cf404c4fb819a891801f5a45898dca5dfa8d17a4302701f351f,ec653883b6be9cf404c4fb819a891801f5a45898dca5dfa8d17a4302701f351f,True
D,FAIR1M-v1.0,rotated_retinanet_psc,tta_circular_consistency,geometry_normalized_severe,relative_0.5_r_fit,0.001529,calib,1,f66424196e4180c7eee4c79fc62677cdc370c8178699274ef864567bf2eef45c,f66424196e4180c7eee4c79fc62677cdc370c8178699274ef864567bf2eef45c,True
D,FAIR1M-v1.0,rotated_retinanet_psc,tta_circular_consistency,geometry_normalized_severe,relative_0.5_r_fit,0.001529,audit,1,f66424196e4180c7eee4c79fc62677cdc370c8178699274ef864567bf2eef45c,f66424196e4180c7eee4c79fc62677cdc370c8178699274ef864567bf2eef45c,True
D,FAIR1M-v1.0,rotated_retinanet_psc,tta_circular_consistency,geometry_normalized_severe,relative_0.25_r_fit,0.000764,calib,1,9931d72a8d20509e97689efd62fab1bbb0299684f44caa2457944b36e7c05282,9931d72a8d20509e97689efd62fab1bbb0299684f44caa2457944b36e7c05282,True
D,FAIR1M-v1.0,rotated_retinanet_psc,tta_circular_consistency,geometry_normalized_severe,relative_0.25_r_fit,0.000764,audit,1,9931d72a8d20509e97689efd62fab1bbb0299684f44caa2457944b36e7c05282,9931d72a8d20509e97689efd62fab1bbb0299684f44caa2457944b36e7c05282,True
D,FAIR1M-v1.0,rotated_retinanet_psc,source_supervised_leave_geometry,geometry_normalized_severe,absolute_0.001,0.001000,calib,1,fc9a4fb81e9c204f359e31ccd9a0c68557102be5b9539ea5df1ca4432c77b5d4,fc9a4fb81e9c204f359e31ccd9a0c68557102be5b9539ea5df1ca4432c77b5d4,True
D,FAIR1M-v1.0,rotated_retinanet_psc,source_supervised_leave_geometry,geometry_normalized_severe,absolute_0.001,0.001000,audit,1,fc9a4fb81e9c204f359e31ccd9a0c68557102be5b9539ea5df1ca4432c77b5d4,fc9a4fb81e9c204f359e31ccd9a0c68557102be5b9539ea5df1ca4432c77b5d4,True
D,FAIR1M-v1.0,rotated_retinanet_psc,source_supervised_leave_geometry,geometry_normalized_severe,absolute_0.0025,0.002500,calib,1,44450ec53049b91d27af2f401df3ba755879501eb5196fb62f8e9c0b3c90b791,44450ec53049b91d27af2f401df3ba755879501eb5196fb62f8e9c0b3c90b791,True
D,FAIR1M-v1.0,rotated_retinanet_psc,source_supervised_leave_geometry,geometry_normalized_severe,absolute_0.0025,0.002500,audit,1,44450ec53049b91d27af2f401df3ba755879501eb5196fb62f8e9c0b3c90b791,44450ec53049b91d27af2f401df3ba755879501eb5196fb62f8e9c0b3c90b791,True
D,FAIR1M-v1.0,rotated_retinanet_psc,source_supervised_leave_geometry,geometry_normalized_severe,absolute_0.005,0.005000,calib,1,845d2bf2b88e1589982f40845ad919efb713fe3cfd054dc9cacd50dba47daf36,845d2bf2b88e1589982f40845ad919efb713fe3cfd054dc9cacd50dba47daf36,True
D,FAIR1M-v1.0,rotated_retinanet_psc,source_supervised_leave_geometry,geometry_normalized_severe,absolute_0.005,0.005000,audit,1,845d2bf2b88e1589982f40845ad919efb713fe3cfd054dc9cacd50dba47daf36,845d2bf2b88e1589982f40845ad919efb713fe3cfd054dc9cacd50dba47daf36,True
D,FAIR1M-v1.0,rotated_retinanet_psc,source_supervised_leave_geometry,geometry_normalized_severe,absolute_0.01,0.010000,calib,1,d265081e248742f9f00b35ecba236985c0ae3178cc597559ae344eed69f7d86e,d265081e248742f9f00b35ecba236985c0ae3178cc597559ae344eed69f7d86e,True
D,FAIR1M-v1.0,rotated_retinanet_psc,source_supervised_leave_geometry,geometry_normalized_severe,absolute_0.01,0.010000,audit,1,d265081e248742f9f00b35ecba236985c0ae3178cc597559ae344eed69f7d86e,d265081e248742f9f00b35ecba236985c0ae3178cc597559ae344eed69f7d86e,True
D,FAIR1M-v1.0,rotated_retinanet_psc,source_supervised_leave_geometry,geometry_normalized_severe,relative_0.5_r_fit,0.001529,calib,1,e5c4306bc07dd1ef6a3dab4a1a6ceff60f2d5d0c86a3dade76ac8a1252dc6350,e5c4306bc07dd1ef6a3dab4a1a6ceff60f2d5d0c86a3dade76ac8a1252dc6350,True
D,FAIR1M-v1.0,rotated_retinanet_psc,source_supervised_leave_geometry,geometry_normalized_severe,relative_0.5_r_fit,0.001529,audit,1,e5c4306bc07dd1ef6a3dab4a1a6ceff60f2d5d0c86a3dade76ac8a1252dc6350,e5c4306bc07dd1ef6a3dab4a1a6ceff60f2d5d0c86a3dade76ac8a1252dc6350,True
D,FAIR1M-v1.0,rotated_retinanet_psc,source_supervised_leave_geometry,geometry_normalized_severe,relative_0.25_r_fit,0.000764,calib,1,7af56b2e09f116bf697453520fa1c683897f9d1c951d8e89d097e56efd9c5f19,7af56b2e09f116bf697453520fa1c683897f9d1c951d8e89d097e56efd9c5f19,True
D,FAIR1M-v1.0,rotated_retinanet_psc,source_supervised_leave_geometry,geometry_normalized_severe,relative_0.25_r_fit,0.000764,audit,1,7af56b2e09f116bf697453520fa1c683897f9d1c951d8e89d097e56efd9c5f19,7af56b2e09f116bf697453520fa1c683897f9d1c951d8e89d097e56efd9c5f19,True
D,FAIR1M-v1.0,rotated_retinanet_psc,target_gt_nonlinear_geometry_upper_bound,geometry_normalized_severe,absolute_0.001,0.001000,calib,1,6f6db7a63a293f989ae28b559b5c6baf623a88fcfa0635759ef7b62f12b4e3ee,6f6db7a63a293f989ae28b559b5c6baf623a88fcfa0635759ef7b62f12b4e3ee,True
D,FAIR1M-v1.0,rotated_retinanet_psc,target_gt_nonlinear_geometry_upper_bound,geometry_normalized_severe,absolute_0.001,0.001000,audit,1,6f6db7a63a293f989ae28b559b5c6baf623a88fcfa0635759ef7b62f12b4e3ee,6f6db7a63a293f989ae28b559b5c6baf623a88fcfa0635759ef7b62f12b4e3ee,True
D,FAIR1M-v1.0,rotated_retinanet_psc,target_gt_nonlinear_geometry_upper_bound,geometry_normalized_severe,absolute_0.0025,0.002500,calib,1,6548bb9568d3abfc783ccf399712b163f16d7931b1a367e8097f777889bbc474,6548bb9568d3abfc783ccf399712b163f16d7931b1a367e8097f777889bbc474,True
D,FAIR1M-v1.0,rotated_retinanet_psc,target_gt_nonlinear_geometry_upper_bound,geometry_normalized_severe,absolute_0.0025,0.002500,audit,1,6548bb9568d3abfc783ccf399712b163f16d7931b1a367e8097f777889bbc474,6548bb9568d3abfc783ccf399712b163f16d7931b1a367e8097f777889bbc474,True
D,FAIR1M-v1.0,rotated_retinanet_psc,target_gt_nonlinear_geometry_upper_bound,geometry_normalized_severe,absolute_0.005,0.005000,calib,1,4bb6b5aab89004e0b1bd60772c7317c64a4ded3749a0a864cdfe5c98038e8575,4bb6b5aab89004e0b1bd60772c7317c64a4ded3749a0a864cdfe5c98038e8575,True
D,FAIR1M-v1.0,rotated_retinanet_psc,target_gt_nonlinear_geometry_upper_bound,geometry_normalized_severe,absolute_0.005,0.005000,audit,1,4bb6b5aab89004e0b1bd60772c7317c64a4ded3749a0a864cdfe5c98038e8575,4bb6b5aab89004e0b1bd60772c7317c64a4ded3749a0a864cdfe5c98038e8575,True
D,FAIR1M-v1.0,rotated_retinanet_psc,target_gt_nonlinear_geometry_upper_bound,geometry_normalized_severe,absolute_0.01,0.010000,calib,1,30c145505954ac6b0ef77158f5add9a769f5c64f0e57942351fba22113223492,30c145505954ac6b0ef77158f5add9a769f5c64f0e57942351fba22113223492,True
D,FAIR1M-v1.0,rotated_retinanet_psc,target_gt_nonlinear_geometry_upper_bound,geometry_normalized_severe,absolute_0.01,0.010000,audit,1,30c145505954ac6b0ef77158f5add9a769f5c64f0e57942351fba22113223492,30c145505954ac6b0ef77158f5add9a769f5c64f0e57942351fba22113223492,True
D,FAIR1M-v1.0,rotated_retinanet_psc,target_gt_nonlinear_geometry_upper_bound,geometry_normalized_severe,relative_0.5_r_fit,0.001529,calib,1,286a8cb3852477ba3091f2f105c88c6a44d7ba13f69d5df23b6a54b0e0c1cd32,286a8cb3852477ba3091f2f105c88c6a44d7ba13f69d5df23b6a54b0e0c1cd32,True
D,FAIR1M-v1.0,rotated_retinanet_psc,target_gt_nonlinear_geometry_upper_bound,geometry_normalized_severe,relative_0.5_r_fit,0.001529,audit,1,286a8cb3852477ba3091f2f105c88c6a44d7ba13f69d5df23b6a54b0e0c1cd32,286a8cb3852477ba3091f2f105c88c6a44d7ba13f69d5df23b6a54b0e0c1cd32,True
D,FAIR1M-v1.0,rotated_retinanet_psc,target_gt_nonlinear_geometry_upper_bound,geometry_normalized_severe,relative_0.25_r_fit,0.000764,calib,1,bdb35b7ac5ba5bbe7c95053d12acd9d316fe63b77d3b5436f77f49e691a9c6e2,bdb35b7ac5ba5bbe7c95053d12acd9d316fe63b77d3b5436f77f49e691a9c6e2,True
D,FAIR1M-v1.0,rotated_retinanet_psc,target_gt_nonlinear_geometry_upper_bound,geometry_normalized_severe,relative_0.25_r_fit,0.000764,audit,1,bdb35b7ac5ba5bbe7c95053d12acd9d316fe63b77d3b5436f77f49e691a9c6e2,bdb35b7ac5ba5bbe7c95053d12acd9d316fe63b77d3b5436f77f49e691a9c6e2,True
D,FAIR1M-v1.0,rotated_retinanet_psc,detection_score,angle_error_gt_5deg,absolute_0.001,0.001000,calib,1,260c3a816f7fc9f54323d29a44640aa6f3935046a352bc7a7d1aa6853fdf82aa,260c3a816f7fc9f54323d29a44640aa6f3935046a352bc7a7d1aa6853fdf82aa,True
D,FAIR1M-v1.0,rotated_retinanet_psc,detection_score,angle_error_gt_5deg,absolute_0.001,0.001000,audit,1,260c3a816f7fc9f54323d29a44640aa6f3935046a352bc7a7d1aa6853fdf82aa,260c3a816f7fc9f54323d29a44640aa6f3935046a352bc7a7d1aa6853fdf82aa,True
D,FAIR1M-v1.0,rotated_retinanet_psc,detection_score,angle_error_gt_5deg,absolute_0.0025,0.002500,calib,1,5f23cac737cbd6abf9c9b1077a629a0eb3bfb607c02adea81b95f992ccadfdc6,5f23cac737cbd6abf9c9b1077a629a0eb3bfb607c02adea81b95f992ccadfdc6,True
D,FAIR1M-v1.0,rotated_retinanet_psc,detection_score,angle_error_gt_5deg,absolute_0.0025,0.002500,audit,1,5f23cac737cbd6abf9c9b1077a629a0eb3bfb607c02adea81b95f992ccadfdc6,5f23cac737cbd6abf9c9b1077a629a0eb3bfb607c02adea81b95f992ccadfdc6,True
D,FAIR1M-v1.0,rotated_retinanet_psc,detection_score,angle_error_gt_5deg,absolute_0.005,0.005000,calib,1,9fa1700c57fef538a65b508106305423009c55f2b31f77120f384366bfc311b1,9fa1700c57fef538a65b508106305423009c55f2b31f77120f384366bfc311b1,True
D,FAIR1M-v1.0,rotated_retinanet_psc,detection_score,angle_error_gt_5deg,absolute_0.005,0.005000,audit,1,9fa1700c57fef538a65b508106305423009c55f2b31f77120f384366bfc311b1,9fa1700c57fef538a65b508106305423009c55f2b31f77120f384366bfc311b1,True
D,FAIR1M-v1.0,rotated_retinanet_psc,detection_score,angle_error_gt_5deg,absolute_0.01,0.010000,calib,1,3e7dca6ef460a864fc458531473c46ce4051be94b261ac871c8a5f5c37a31fa4,3e7dca6ef460a864fc458531473c46ce4051be94b261ac871c8a5f5c37a31fa4,True
D,FAIR1M-v1.0,rotated_retinanet_psc,detection_score,angle_error_gt_5deg,absolute_0.01,0.010000,audit,1,3e7dca6ef460a864fc458531473c46ce4051be94b261ac871c8a5f5c37a31fa4,3e7dca6ef460a864fc458531473c46ce4051be94b261ac871c8a5f5c37a31fa4,True
D,FAIR1M-v1.0,rotated_retinanet_psc,detection_score,angle_error_gt_5deg,relative_0.5_r_fit,0.033535,calib,1,d9a364ffd7c966eabd8f58f55f4cc7edd33577ca52ec24b49a2f3a1212440708,d9a364ffd7c966eabd8f58f55f4cc7edd33577ca52ec24b49a2f3a1212440708,True
D,FAIR1M-v1.0,rotated_retinanet_psc,detection_score,angle_error_gt_5deg,relative_0.5_r_fit,0.033535,audit,1,d9a364ffd7c966eabd8f58f55f4cc7edd33577ca52ec24b49a2f3a1212440708,d9a364ffd7c966eabd8f58f55f4cc7edd33577ca52ec24b49a2f3a1212440708,True
D,FAIR1M-v1.0,rotated_retinanet_psc,detection_score,angle_error_gt_5deg,relative_0.25_r_fit,0.016767,calib,1,3055dded1dcad1eb2ab921e613d48e1e8c51361116b146071a24d580c6d92d71,3055dded1dcad1eb2ab921e613d48e1e8c51361116b146071a24d580c6d92d71,True
D,FAIR1M-v1.0,rotated_retinanet_psc,detection_score,angle_error_gt_5deg,relative_0.25_r_fit,0.016767,audit,1,3055dded1dcad1eb2ab921e613d48e1e8c51361116b146071a24d580c6d92d71,3055dded1dcad1eb2ab921e613d48e1e8c51361116b146071a24d580c6d92d71,True
D,FAIR1M-v1.0,rotated_retinanet_psc,tta_circular_consistency,angle_error_gt_5deg,absolute_0.001,0.001000,calib,1,fcf27ff5eb6dc2c7aa9a3d240a0a10b5b441d5ad7d3e33f363b10b64734dbac0,fcf27ff5eb6dc2c7aa9a3d240a0a10b5b441d5ad7d3e33f363b10b64734dbac0,True
D,FAIR1M-v1.0,rotated_retinanet_psc,tta_circular_consistency,angle_error_gt_5deg,absolute_0.001,0.001000,audit,1,fcf27ff5eb6dc2c7aa9a3d240a0a10b5b441d5ad7d3e33f363b10b64734dbac0,fcf27ff5eb6dc2c7aa9a3d240a0a10b5b441d5ad7d3e33f363b10b64734dbac0,True
D,FAIR1M-v1.0,rotated_retinanet_psc,tta_circular_consistency,angle_error_gt_5deg,absolute_0.0025,0.002500,calib,1,fcf27ff5eb6dc2c7aa9a3d240a0a10b5b441d5ad7d3e33f363b10b64734dbac0,fcf27ff5eb6dc2c7aa9a3d240a0a10b5b441d5ad7d3e33f363b10b64734dbac0,True
D,FAIR1M-v1.0,rotated_retinanet_psc,tta_circular_consistency,angle_error_gt_5deg,absolute_0.0025,0.002500,audit,1,fcf27ff5eb6dc2c7aa9a3d240a0a10b5b441d5ad7d3e33f363b10b64734dbac0,fcf27ff5eb6dc2c7aa9a3d240a0a10b5b441d5ad7d3e33f363b10b64734dbac0,True
D,FAIR1M-v1.0,rotated_retinanet_psc,tta_circular_consistency,angle_error_gt_5deg,absolute_0.005,0.005000,calib,1,fcf27ff5eb6dc2c7aa9a3d240a0a10b5b441d5ad7d3e33f363b10b64734dbac0,fcf27ff5eb6dc2c7aa9a3d240a0a10b5b441d5ad7d3e33f363b10b64734dbac0,True
D,FAIR1M-v1.0,rotated_retinanet_psc,tta_circular_consistency,angle_error_gt_5deg,absolute_0.005,0.005000,audit,1,fcf27ff5eb6dc2c7aa9a3d240a0a10b5b441d5ad7d3e33f363b10b64734dbac0,fcf27ff5eb6dc2c7aa9a3d240a0a10b5b441d5ad7d3e33f363b10b64734dbac0,True
D,FAIR1M-v1.0,rotated_retinanet_psc,tta_circular_consistency,angle_error_gt_5deg,absolute_0.01,0.010000,calib,1,fcf27ff5eb6dc2c7aa9a3d240a0a10b5b441d5ad7d3e33f363b10b64734dbac0,fcf27ff5eb6dc2c7aa9a3d240a0a10b5b441d5ad7d3e33f363b10b64734dbac0,True
D,FAIR1M-v1.0,rotated_retinanet_psc,tta_circular_consistency,angle_error_gt_5deg,absolute_0.01,0.010000,audit,1,fcf27ff5eb6dc2c7aa9a3d240a0a10b5b441d5ad7d3e33f363b10b64734dbac0,fcf27ff5eb6dc2c7aa9a3d240a0a10b5b441d5ad7d3e33f363b10b64734dbac0,True
D,FAIR1M-v1.0,rotated_retinanet_psc,tta_circular_consistency,angle_error_gt_5deg,relative_0.5_r_fit,0.033535,calib,1,fcf27ff5eb6dc2c7aa9a3d240a0a10b5b441d5ad7d3e33f363b10b64734dbac0,fcf27ff5eb6dc2c7aa9a3d240a0a10b5b441d5ad7d3e33f363b10b64734dbac0,True
D,FAIR1M-v1.0,rotated_retinanet_psc,tta_circular_consistency,angle_error_gt_5deg,relative_0.5_r_fit,0.033535,audit,1,fcf27ff5eb6dc2c7aa9a3d240a0a10b5b441d5ad7d3e33f363b10b64734dbac0,fcf27ff5eb6dc2c7aa9a3d240a0a10b5b441d5ad7d3e33f363b10b64734dbac0,True
D,FAIR1M-v1.0,rotated_retinanet_psc,tta_circular_consistency,angle_error_gt_5deg,relative_0.25_r_fit,0.016767,calib,1,fcf27ff5eb6dc2c7aa9a3d240a0a10b5b441d5ad7d3e33f363b10b64734dbac0,fcf27ff5eb6dc2c7aa9a3d240a0a10b5b441d5ad7d3e33f363b10b64734dbac0,True
D,FAIR1M-v1.0,rotated_retinanet_psc,tta_circular_consistency,angle_error_gt_5deg,relative_0.25_r_fit,0.016767,audit,1,fcf27ff5eb6dc2c7aa9a3d240a0a10b5b441d5ad7d3e33f363b10b64734dbac0,fcf27ff5eb6dc2c7aa9a3d240a0a10b5b441d5ad7d3e33f363b10b64734dbac0,True
D,FAIR1M-v1.0,rotated_retinanet_psc,source_supervised_leave_geometry,angle_error_gt_5deg,absolute_0.001,0.001000,calib,1,dc521376d1f79a16803b5a951ffd384e63ecbc3ae5c6b2fb1cf31b73983fd3b5,dc521376d1f79a16803b5a951ffd384e63ecbc3ae5c6b2fb1cf31b73983fd3b5,True
D,FAIR1M-v1.0,rotated_retinanet_psc,source_supervised_leave_geometry,angle_error_gt_5deg,absolute_0.001,0.001000,audit,1,dc521376d1f79a16803b5a951ffd384e63ecbc3ae5c6b2fb1cf31b73983fd3b5,dc521376d1f79a16803b5a951ffd384e63ecbc3ae5c6b2fb1cf31b73983fd3b5,True
D,FAIR1M-v1.0,rotated_retinanet_psc,source_supervised_leave_geometry,angle_error_gt_5deg,absolute_0.0025,0.002500,calib,1,dc521376d1f79a16803b5a951ffd384e63ecbc3ae5c6b2fb1cf31b73983fd3b5,dc521376d1f79a16803b5a951ffd384e63ecbc3ae5c6b2fb1cf31b73983fd3b5,True
D,FAIR1M-v1.0,rotated_retinanet_psc,source_supervised_leave_geometry,angle_error_gt_5deg,absolute_0.0025,0.002500,audit,1,dc521376d1f79a16803b5a951ffd384e63ecbc3ae5c6b2fb1cf31b73983fd3b5,dc521376d1f79a16803b5a951ffd384e63ecbc3ae5c6b2fb1cf31b73983fd3b5,True
D,FAIR1M-v1.0,rotated_retinanet_psc,source_supervised_leave_geometry,angle_error_gt_5deg,absolute_0.005,0.005000,calib,1,dc521376d1f79a16803b5a951ffd384e63ecbc3ae5c6b2fb1cf31b73983fd3b5,dc521376d1f79a16803b5a951ffd384e63ecbc3ae5c6b2fb1cf31b73983fd3b5,True
D,FAIR1M-v1.0,rotated_retinanet_psc,source_supervised_leave_geometry,angle_error_gt_5deg,absolute_0.005,0.005000,audit,1,dc521376d1f79a16803b5a951ffd384e63ecbc3ae5c6b2fb1cf31b73983fd3b5,dc521376d1f79a16803b5a951ffd384e63ecbc3ae5c6b2fb1cf31b73983fd3b5,True
D,FAIR1M-v1.0,rotated_retinanet_psc,source_supervised_leave_geometry,angle_error_gt_5deg,absolute_0.01,0.010000,calib,1,30b1f4f8f0e5cbec5301dc8e4c145bfd94f99d4a1b0bfb4da0b76b23fad91566,30b1f4f8f0e5cbec5301dc8e4c145bfd94f99d4a1b0bfb4da0b76b23fad91566,True
D,FAIR1M-v1.0,rotated_retinanet_psc,source_supervised_leave_geometry,angle_error_gt_5deg,absolute_0.01,0.010000,audit,1,30b1f4f8f0e5cbec5301dc8e4c145bfd94f99d4a1b0bfb4da0b76b23fad91566,30b1f4f8f0e5cbec5301dc8e4c145bfd94f99d4a1b0bfb4da0b76b23fad91566,True
D,FAIR1M-v1.0,rotated_retinanet_psc,source_supervised_leave_geometry,angle_error_gt_5deg,relative_0.5_r_fit,0.033535,calib,1,e4bd97238e0c06fc2b8c9e02ff616b7b62b9188cc32cc748d475d09bf9ec36f7,e4bd97238e0c06fc2b8c9e02ff616b7b62b9188cc32cc748d475d09bf9ec36f7,True
D,FAIR1M-v1.0,rotated_retinanet_psc,source_supervised_leave_geometry,angle_error_gt_5deg,relative_0.5_r_fit,0.033535,audit,1,e4bd97238e0c06fc2b8c9e02ff616b7b62b9188cc32cc748d475d09bf9ec36f7,e4bd97238e0c06fc2b8c9e02ff616b7b62b9188cc32cc748d475d09bf9ec36f7,True
D,FAIR1M-v1.0,rotated_retinanet_psc,source_supervised_leave_geometry,angle_error_gt_5deg,relative_0.25_r_fit,0.016767,calib,1,7b2229b2f58558b4c5678890b7a33f3aed7c7e06fce6020e4f40a51b595cf80e,7b2229b2f58558b4c5678890b7a33f3aed7c7e06fce6020e4f40a51b595cf80e,True
D,FAIR1M-v1.0,rotated_retinanet_psc,source_supervised_leave_geometry,angle_error_gt_5deg,relative_0.25_r_fit,0.016767,audit,1,7b2229b2f58558b4c5678890b7a33f3aed7c7e06fce6020e4f40a51b595cf80e,7b2229b2f58558b4c5678890b7a33f3aed7c7e06fce6020e4f40a51b595cf80e,True
D,FAIR1M-v1.0,rotated_retinanet_psc,target_gt_nonlinear_geometry_upper_bound,angle_error_gt_5deg,absolute_0.001,0.001000,calib,1,f450ea443336f55895f58f2b78e75be09903bd86df35e66facb16a86a3bdbc4a,f450ea443336f55895f58f2b78e75be09903bd86df35e66facb16a86a3bdbc4a,True
D,FAIR1M-v1.0,rotated_retinanet_psc,target_gt_nonlinear_geometry_upper_bound,angle_error_gt_5deg,absolute_0.001,0.001000,audit,1,f450ea443336f55895f58f2b78e75be09903bd86df35e66facb16a86a3bdbc4a,f450ea443336f55895f58f2b78e75be09903bd86df35e66facb16a86a3bdbc4a,True
D,FAIR1M-v1.0,rotated_retinanet_psc,target_gt_nonlinear_geometry_upper_bound,angle_error_gt_5deg,absolute_0.0025,0.002500,calib,1,a4579882370c7240ff38617886cbda45ce4c3e4fb81f9024d3db99718006c53d,a4579882370c7240ff38617886cbda45ce4c3e4fb81f9024d3db99718006c53d,True
D,FAIR1M-v1.0,rotated_retinanet_psc,target_gt_nonlinear_geometry_upper_bound,angle_error_gt_5deg,absolute_0.0025,0.002500,audit,1,a4579882370c7240ff38617886cbda45ce4c3e4fb81f9024d3db99718006c53d,a4579882370c7240ff38617886cbda45ce4c3e4fb81f9024d3db99718006c53d,True
D,FAIR1M-v1.0,rotated_retinanet_psc,target_gt_nonlinear_geometry_upper_bound,angle_error_gt_5deg,absolute_0.005,0.005000,calib,1,7e2c689251b41f1c972517b37a3fa6ef491f0c74b5d04aad8dcdfff169399a5c,7e2c689251b41f1c972517b37a3fa6ef491f0c74b5d04aad8dcdfff169399a5c,True
D,FAIR1M-v1.0,rotated_retinanet_psc,target_gt_nonlinear_geometry_upper_bound,angle_error_gt_5deg,absolute_0.005,0.005000,audit,1,7e2c689251b41f1c972517b37a3fa6ef491f0c74b5d04aad8dcdfff169399a5c,7e2c689251b41f1c972517b37a3fa6ef491f0c74b5d04aad8dcdfff169399a5c,True
D,FAIR1M-v1.0,rotated_retinanet_psc,target_gt_nonlinear_geometry_upper_bound,angle_error_gt_5deg,absolute_0.01,0.010000,calib,1,f2753539e25cf6e1ef66f7739558f34660a22820c901469e3c82211ff36578ae,f2753539e25cf6e1ef66f7739558f34660a22820c901469e3c82211ff36578ae,True
D,FAIR1M-v1.0,rotated_retinanet_psc,target_gt_nonlinear_geometry_upper_bound,angle_error_gt_5deg,absolute_0.01,0.010000,audit,1,f2753539e25cf6e1ef66f7739558f34660a22820c901469e3c82211ff36578ae,f2753539e25cf6e1ef66f7739558f34660a22820c901469e3c82211ff36578ae,True
D,FAIR1M-v1.0,rotated_retinanet_psc,target_gt_nonlinear_geometry_upper_bound,angle_error_gt_5deg,relative_0.5_r_fit,0.033535,calib,1,040f4ac742c20894c83f3db29e5b32256036eafa3eee8dac22cd996e4f10fa87,040f4ac742c20894c83f3db29e5b32256036eafa3eee8dac22cd996e4f10fa87,True
D,FAIR1M-v1.0,rotated_retinanet_psc,target_gt_nonlinear_geometry_upper_bound,angle_error_gt_5deg,relative_0.5_r_fit,0.033535,audit,1,040f4ac742c20894c83f3db29e5b32256036eafa3eee8dac22cd996e4f10fa87,040f4ac742c20894c83f3db29e5b32256036eafa3eee8dac22cd996e4f10fa87,True
D,FAIR1M-v1.0,rotated_retinanet_psc,target_gt_nonlinear_geometry_upper_bound,angle_error_gt_5deg,relative_0.25_r_fit,0.016767,calib,1,fc964ddeb1f987f6d030c04acb64f90d740a2b373111c3d08bacc31d940729c1,fc964ddeb1f987f6d030c04acb64f90d740a2b373111c3d08bacc31d940729c1,True
D,FAIR1M-v1.0,rotated_retinanet_psc,target_gt_nonlinear_geometry_upper_bound,angle_error_gt_5deg,relative_0.25_r_fit,0.016767,audit,1,fc964ddeb1f987f6d030c04acb64f90d740a2b373111c3d08bacc31d940729c1,fc964ddeb1f987f6d030c04acb64f90d740a2b373111c3d08bacc31d940729c1,True
D,FAIR1M-v1.0,rotated_retinanet_psc,detection_score,angle_error_gt_10deg,absolute_0.001,0.001000,calib,1,434f0395bb60e60780758293ece9ca7db69b1da6d09231f8f6f4fcad272ce3a1,434f0395bb60e60780758293ece9ca7db69b1da6d09231f8f6f4fcad272ce3a1,True
D,FAIR1M-v1.0,rotated_retinanet_psc,detection_score,angle_error_gt_10deg,absolute_0.001,0.001000,audit,1,434f0395bb60e60780758293ece9ca7db69b1da6d09231f8f6f4fcad272ce3a1,434f0395bb60e60780758293ece9ca7db69b1da6d09231f8f6f4fcad272ce3a1,True
D,FAIR1M-v1.0,rotated_retinanet_psc,detection_score,angle_error_gt_10deg,absolute_0.0025,0.002500,calib,1,fc9de05457bd9616ce4c6d94f4dc4625a17455c463b570bc6215519c5683a387,fc9de05457bd9616ce4c6d94f4dc4625a17455c463b570bc6215519c5683a387,True
D,FAIR1M-v1.0,rotated_retinanet_psc,detection_score,angle_error_gt_10deg,absolute_0.0025,0.002500,audit,1,fc9de05457bd9616ce4c6d94f4dc4625a17455c463b570bc6215519c5683a387,fc9de05457bd9616ce4c6d94f4dc4625a17455c463b570bc6215519c5683a387,True
D,FAIR1M-v1.0,rotated_retinanet_psc,detection_score,angle_error_gt_10deg,absolute_0.005,0.005000,calib,1,7928dad59e02d6c91a8a228e62069f9448694e4a95451e94f64fcc77da1597f5,7928dad59e02d6c91a8a228e62069f9448694e4a95451e94f64fcc77da1597f5,True
D,FAIR1M-v1.0,rotated_retinanet_psc,detection_score,angle_error_gt_10deg,absolute_0.005,0.005000,audit,1,7928dad59e02d6c91a8a228e62069f9448694e4a95451e94f64fcc77da1597f5,7928dad59e02d6c91a8a228e62069f9448694e4a95451e94f64fcc77da1597f5,True
D,FAIR1M-v1.0,rotated_retinanet_psc,detection_score,angle_error_gt_10deg,absolute_0.01,0.010000,calib,1,e6ad9dc3c35ff37358ba9be7863e056b7bdb7aa87b2cd314cbbab751bd427996,e6ad9dc3c35ff37358ba9be7863e056b7bdb7aa87b2cd314cbbab751bd427996,True
D,FAIR1M-v1.0,rotated_retinanet_psc,detection_score,angle_error_gt_10deg,absolute_0.01,0.010000,audit,1,e6ad9dc3c35ff37358ba9be7863e056b7bdb7aa87b2cd314cbbab751bd427996,e6ad9dc3c35ff37358ba9be7863e056b7bdb7aa87b2cd314cbbab751bd427996,True
D,FAIR1M-v1.0,rotated_retinanet_psc,detection_score,angle_error_gt_10deg,relative_0.5_r_fit,0.002584,calib,1,18ff6af4dd0510b1e093af6d3b50afd3f3a04d7831e6d0cdb8d022c3177f2395,18ff6af4dd0510b1e093af6d3b50afd3f3a04d7831e6d0cdb8d022c3177f2395,True
D,FAIR1M-v1.0,rotated_retinanet_psc,detection_score,angle_error_gt_10deg,relative_0.5_r_fit,0.002584,audit,1,18ff6af4dd0510b1e093af6d3b50afd3f3a04d7831e6d0cdb8d022c3177f2395,18ff6af4dd0510b1e093af6d3b50afd3f3a04d7831e6d0cdb8d022c3177f2395,True
D,FAIR1M-v1.0,rotated_retinanet_psc,detection_score,angle_error_gt_10deg,relative_0.25_r_fit,0.001292,calib,1,08d8741fa2792bc889c4148d80cd3b6875d6c47b2f80c33291ca85657fa25051,08d8741fa2792bc889c4148d80cd3b6875d6c47b2f80c33291ca85657fa25051,True
D,FAIR1M-v1.0,rotated_retinanet_psc,detection_score,angle_error_gt_10deg,relative_0.25_r_fit,0.001292,audit,1,08d8741fa2792bc889c4148d80cd3b6875d6c47b2f80c33291ca85657fa25051,08d8741fa2792bc889c4148d80cd3b6875d6c47b2f80c33291ca85657fa25051,True
D,FAIR1M-v1.0,rotated_retinanet_psc,tta_circular_consistency,angle_error_gt_10deg,absolute_0.001,0.001000,calib,1,823c9d0db37db46afb0f47f0a6242f2fced78ccd35270dfde894a43fb98713cd,823c9d0db37db46afb0f47f0a6242f2fced78ccd35270dfde894a43fb98713cd,True
D,FAIR1M-v1.0,rotated_retinanet_psc,tta_circular_consistency,angle_error_gt_10deg,absolute_0.001,0.001000,audit,1,823c9d0db37db46afb0f47f0a6242f2fced78ccd35270dfde894a43fb98713cd,823c9d0db37db46afb0f47f0a6242f2fced78ccd35270dfde894a43fb98713cd,True
D,FAIR1M-v1.0,rotated_retinanet_psc,tta_circular_consistency,angle_error_gt_10deg,absolute_0.0025,0.002500,calib,1,1bd626b9effe53d4238645d87aae45cebe49685449d9365d864407efd1a5a428,1bd626b9effe53d4238645d87aae45cebe49685449d9365d864407efd1a5a428,True
D,FAIR1M-v1.0,rotated_retinanet_psc,tta_circular_consistency,angle_error_gt_10deg,absolute_0.0025,0.002500,audit,1,1bd626b9effe53d4238645d87aae45cebe49685449d9365d864407efd1a5a428,1bd626b9effe53d4238645d87aae45cebe49685449d9365d864407efd1a5a428,True
D,FAIR1M-v1.0,rotated_retinanet_psc,tta_circular_consistency,angle_error_gt_10deg,absolute_0.005,0.005000,calib,1,2e6d1db4034bd815315ddb17e4a5eae9bbe5ebb6bf1f280099b3d0b9bbdcd07d,2e6d1db4034bd815315ddb17e4a5eae9bbe5ebb6bf1f280099b3d0b9bbdcd07d,True
D,FAIR1M-v1.0,rotated_retinanet_psc,tta_circular_consistency,angle_error_gt_10deg,absolute_0.005,0.005000,audit,1,2e6d1db4034bd815315ddb17e4a5eae9bbe5ebb6bf1f280099b3d0b9bbdcd07d,2e6d1db4034bd815315ddb17e4a5eae9bbe5ebb6bf1f280099b3d0b9bbdcd07d,True
D,FAIR1M-v1.0,rotated_retinanet_psc,tta_circular_consistency,angle_error_gt_10deg,absolute_0.01,0.010000,calib,1,6ce036fe106b6a10015f35a5946be1e190cf15c89871d43310ce366b91e6e838,6ce036fe106b6a10015f35a5946be1e190cf15c89871d43310ce366b91e6e838,True
D,FAIR1M-v1.0,rotated_retinanet_psc,tta_circular_consistency,angle_error_gt_10deg,absolute_0.01,0.010000,audit,1,6ce036fe106b6a10015f35a5946be1e190cf15c89871d43310ce366b91e6e838,6ce036fe106b6a10015f35a5946be1e190cf15c89871d43310ce366b91e6e838,True
D,FAIR1M-v1.0,rotated_retinanet_psc,tta_circular_consistency,angle_error_gt_10deg,relative_0.5_r_fit,0.002584,calib,1,d8770b8f720a2d98119d0e827eef372bc2300bb749644135fcffbe50db46b3eb,d8770b8f720a2d98119d0e827eef372bc2300bb749644135fcffbe50db46b3eb,True
D,FAIR1M-v1.0,rotated_retinanet_psc,tta_circular_consistency,angle_error_gt_10deg,relative_0.5_r_fit,0.002584,audit,1,d8770b8f720a2d98119d0e827eef372bc2300bb749644135fcffbe50db46b3eb,d8770b8f720a2d98119d0e827eef372bc2300bb749644135fcffbe50db46b3eb,True
D,FAIR1M-v1.0,rotated_retinanet_psc,tta_circular_consistency,angle_error_gt_10deg,relative_0.25_r_fit,0.001292,calib,1,4b9c493ab8ba87e341b75511f260b8fdbed221948cac663b175e43692a02694f,4b9c493ab8ba87e341b75511f260b8fdbed221948cac663b175e43692a02694f,True
D,FAIR1M-v1.0,rotated_retinanet_psc,tta_circular_consistency,angle_error_gt_10deg,relative_0.25_r_fit,0.001292,audit,1,4b9c493ab8ba87e341b75511f260b8fdbed221948cac663b175e43692a02694f,4b9c493ab8ba87e341b75511f260b8fdbed221948cac663b175e43692a02694f,True
D,FAIR1M-v1.0,rotated_retinanet_psc,source_supervised_leave_geometry,angle_error_gt_10deg,absolute_0.001,0.001000,calib,1,df027ac95a672be8ad1458d8d366d239e8957d766b6c6ed3c1f2d35dc95f8820,df027ac95a672be8ad1458d8d366d239e8957d766b6c6ed3c1f2d35dc95f8820,True
D,FAIR1M-v1.0,rotated_retinanet_psc,source_supervised_leave_geometry,angle_error_gt_10deg,absolute_0.001,0.001000,audit,1,df027ac95a672be8ad1458d8d366d239e8957d766b6c6ed3c1f2d35dc95f8820,df027ac95a672be8ad1458d8d366d239e8957d766b6c6ed3c1f2d35dc95f8820,True
D,FAIR1M-v1.0,rotated_retinanet_psc,source_supervised_leave_geometry,angle_error_gt_10deg,absolute_0.0025,0.002500,calib,1,8aced549799161c3476522a528722c0cd4a1dd5e94473367a011b3c93eb13cc4,8aced549799161c3476522a528722c0cd4a1dd5e94473367a011b3c93eb13cc4,True
D,FAIR1M-v1.0,rotated_retinanet_psc,source_supervised_leave_geometry,angle_error_gt_10deg,absolute_0.0025,0.002500,audit,1,8aced549799161c3476522a528722c0cd4a1dd5e94473367a011b3c93eb13cc4,8aced549799161c3476522a528722c0cd4a1dd5e94473367a011b3c93eb13cc4,True
D,FAIR1M-v1.0,rotated_retinanet_psc,source_supervised_leave_geometry,angle_error_gt_10deg,absolute_0.005,0.005000,calib,1,d4494473c6bf4b4979f7c51b8394fb16458036bbf2ae2290e6da8af69b964549,d4494473c6bf4b4979f7c51b8394fb16458036bbf2ae2290e6da8af69b964549,True
D,FAIR1M-v1.0,rotated_retinanet_psc,source_supervised_leave_geometry,angle_error_gt_10deg,absolute_0.005,0.005000,audit,1,d4494473c6bf4b4979f7c51b8394fb16458036bbf2ae2290e6da8af69b964549,d4494473c6bf4b4979f7c51b8394fb16458036bbf2ae2290e6da8af69b964549,True
D,FAIR1M-v1.0,rotated_retinanet_psc,source_supervised_leave_geometry,angle_error_gt_10deg,absolute_0.01,0.010000,calib,1,021cd1dc92012d9c0333fa98769c665bc783420540e897ac6737d80a3a9effb4,021cd1dc92012d9c0333fa98769c665bc783420540e897ac6737d80a3a9effb4,True
D,FAIR1M-v1.0,rotated_retinanet_psc,source_supervised_leave_geometry,angle_error_gt_10deg,absolute_0.01,0.010000,audit,1,021cd1dc92012d9c0333fa98769c665bc783420540e897ac6737d80a3a9effb4,021cd1dc92012d9c0333fa98769c665bc783420540e897ac6737d80a3a9effb4,True
D,FAIR1M-v1.0,rotated_retinanet_psc,source_supervised_leave_geometry,angle_error_gt_10deg,relative_0.5_r_fit,0.002584,calib,1,649dbd014d24e726462a93d0582b6ca9ff7ab87b33bab49f783d89fccf6343ea,649dbd014d24e726462a93d0582b6ca9ff7ab87b33bab49f783d89fccf6343ea,True
D,FAIR1M-v1.0,rotated_retinanet_psc,source_supervised_leave_geometry,angle_error_gt_10deg,relative_0.5_r_fit,0.002584,audit,1,649dbd014d24e726462a93d0582b6ca9ff7ab87b33bab49f783d89fccf6343ea,649dbd014d24e726462a93d0582b6ca9ff7ab87b33bab49f783d89fccf6343ea,True
D,FAIR1M-v1.0,rotated_retinanet_psc,source_supervised_leave_geometry,angle_error_gt_10deg,relative_0.25_r_fit,0.001292,calib,1,3b2835f0a40842926db1ede6c396956891d2e83d6b89e5f37a0c30f4054b19ec,3b2835f0a40842926db1ede6c396956891d2e83d6b89e5f37a0c30f4054b19ec,True
D,FAIR1M-v1.0,rotated_retinanet_psc,source_supervised_leave_geometry,angle_error_gt_10deg,relative_0.25_r_fit,0.001292,audit,1,3b2835f0a40842926db1ede6c396956891d2e83d6b89e5f37a0c30f4054b19ec,3b2835f0a40842926db1ede6c396956891d2e83d6b89e5f37a0c30f4054b19ec,True
D,FAIR1M-v1.0,rotated_retinanet_psc,target_gt_nonlinear_geometry_upper_bound,angle_error_gt_10deg,absolute_0.001,0.001000,calib,1,f8ae68940e373a39d86364021fd56c8fabc71a65adecfde86e75da92d2969048,f8ae68940e373a39d86364021fd56c8fabc71a65adecfde86e75da92d2969048,True
D,FAIR1M-v1.0,rotated_retinanet_psc,target_gt_nonlinear_geometry_upper_bound,angle_error_gt_10deg,absolute_0.001,0.001000,audit,1,f8ae68940e373a39d86364021fd56c8fabc71a65adecfde86e75da92d2969048,f8ae68940e373a39d86364021fd56c8fabc71a65adecfde86e75da92d2969048,True
D,FAIR1M-v1.0,rotated_retinanet_psc,target_gt_nonlinear_geometry_upper_bound,angle_error_gt_10deg,absolute_0.0025,0.002500,calib,1,efae6c5fb75e6c18fe7dde1b71d565b69e32d626c88bcf97809356ab5d045fb5,efae6c5fb75e6c18fe7dde1b71d565b69e32d626c88bcf97809356ab5d045fb5,True
D,FAIR1M-v1.0,rotated_retinanet_psc,target_gt_nonlinear_geometry_upper_bound,angle_error_gt_10deg,absolute_0.0025,0.002500,audit,1,efae6c5fb75e6c18fe7dde1b71d565b69e32d626c88bcf97809356ab5d045fb5,efae6c5fb75e6c18fe7dde1b71d565b69e32d626c88bcf97809356ab5d045fb5,True
D,FAIR1M-v1.0,rotated_retinanet_psc,target_gt_nonlinear_geometry_upper_bound,angle_error_gt_10deg,absolute_0.005,0.005000,calib,1,2f94ae1bb9b8afe07be7753d5b77ad4725652bf0d4c459969df677c9eec6ae4f,2f94ae1bb9b8afe07be7753d5b77ad4725652bf0d4c459969df677c9eec6ae4f,True
D,FAIR1M-v1.0,rotated_retinanet_psc,target_gt_nonlinear_geometry_upper_bound,angle_error_gt_10deg,absolute_0.005,0.005000,audit,1,2f94ae1bb9b8afe07be7753d5b77ad4725652bf0d4c459969df677c9eec6ae4f,2f94ae1bb9b8afe07be7753d5b77ad4725652bf0d4c459969df677c9eec6ae4f,True
D,FAIR1M-v1.0,rotated_retinanet_psc,target_gt_nonlinear_geometry_upper_bound,angle_error_gt_10deg,absolute_0.01,0.010000,calib,1,484af5066b2d863a4b63a2ad68b617bde106241443bc9f49dfeadded0640fe4b,484af5066b2d863a4b63a2ad68b617bde106241443bc9f49dfeadded0640fe4b,True
D,FAIR1M-v1.0,rotated_retinanet_psc,target_gt_nonlinear_geometry_upper_bound,angle_error_gt_10deg,absolute_0.01,0.010000,audit,1,484af5066b2d863a4b63a2ad68b617bde106241443bc9f49dfeadded0640fe4b,484af5066b2d863a4b63a2ad68b617bde106241443bc9f49dfeadded0640fe4b,True
D,FAIR1M-v1.0,rotated_retinanet_psc,target_gt_nonlinear_geometry_upper_bound,angle_error_gt_10deg,relative_0.5_r_fit,0.002584,calib,1,2b4e4f31f6a381e0ede8f2531edabcf039b4c22c474f20cee3c36b197a3a308f,2b4e4f31f6a381e0ede8f2531edabcf039b4c22c474f20cee3c36b197a3a308f,True
D,FAIR1M-v1.0,rotated_retinanet_psc,target_gt_nonlinear_geometry_upper_bound,angle_error_gt_10deg,relative_0.5_r_fit,0.002584,audit,1,2b4e4f31f6a381e0ede8f2531edabcf039b4c22c474f20cee3c36b197a3a308f,2b4e4f31f6a381e0ede8f2531edabcf039b4c22c474f20cee3c36b197a3a308f,True
D,FAIR1M-v1.0,rotated_retinanet_psc,target_gt_nonlinear_geometry_upper_bound,angle_error_gt_10deg,relative_0.25_r_fit,0.001292,calib,1,4c722e58cf9a3dfaf28ea5a058db23e649c5c9d5b110ff15b1369ce383239534,4c722e58cf9a3dfaf28ea5a058db23e649c5c9d5b110ff15b1369ce383239534,True
D,FAIR1M-v1.0,rotated_retinanet_psc,target_gt_nonlinear_geometry_upper_bound,angle_error_gt_10deg,relative_0.25_r_fit,0.001292,audit,1,4c722e58cf9a3dfaf28ea5a058db23e649c5c9d5b110ff15b1369ce383239534,4c722e58cf9a3dfaf28ea5a058db23e649c5c9d5b110ff15b1369ce383239534,True
D,FAIR1M-v1.0,rotated_retinanet_psc,detection_score,angle_error_gt_15deg,absolute_0.001,0.001000,calib,1,4129014ae6a46495bf110f20017c1b53859f5b3cf25fefb71fccd7e3c7159b5e,4129014ae6a46495bf110f20017c1b53859f5b3cf25fefb71fccd7e3c7159b5e,True
D,FAIR1M-v1.0,rotated_retinanet_psc,detection_score,angle_error_gt_15deg,absolute_0.001,0.001000,audit,1,4129014ae6a46495bf110f20017c1b53859f5b3cf25fefb71fccd7e3c7159b5e,4129014ae6a46495bf110f20017c1b53859f5b3cf25fefb71fccd7e3c7159b5e,True
D,FAIR1M-v1.0,rotated_retinanet_psc,detection_score,angle_error_gt_15deg,absolute_0.0025,0.002500,calib,1,9474c8129895e127f3b74b05d0ea5371bb328ce70d607201444a22431b41170b,9474c8129895e127f3b74b05d0ea5371bb328ce70d607201444a22431b41170b,True
D,FAIR1M-v1.0,rotated_retinanet_psc,detection_score,angle_error_gt_15deg,absolute_0.0025,0.002500,audit,1,9474c8129895e127f3b74b05d0ea5371bb328ce70d607201444a22431b41170b,9474c8129895e127f3b74b05d0ea5371bb328ce70d607201444a22431b41170b,True
D,FAIR1M-v1.0,rotated_retinanet_psc,detection_score,angle_error_gt_15deg,absolute_0.005,0.005000,calib,1,ce48e3de7c53acee9f9d344d18d22c98844094201369343deb42bae2aa016bc5,ce48e3de7c53acee9f9d344d18d22c98844094201369343deb42bae2aa016bc5,True
D,FAIR1M-v1.0,rotated_retinanet_psc,detection_score,angle_error_gt_15deg,absolute_0.005,0.005000,audit,1,ce48e3de7c53acee9f9d344d18d22c98844094201369343deb42bae2aa016bc5,ce48e3de7c53acee9f9d344d18d22c98844094201369343deb42bae2aa016bc5,True
D,FAIR1M-v1.0,rotated_retinanet_psc,detection_score,angle_error_gt_15deg,absolute_0.01,0.010000,calib,1,a4c819d3db3aa7a8bca0e92297acdfbc67d15c61d83e690da8b1c9494a4a4703,a4c819d3db3aa7a8bca0e92297acdfbc67d15c61d83e690da8b1c9494a4a4703,True
D,FAIR1M-v1.0,rotated_retinanet_psc,detection_score,angle_error_gt_15deg,absolute_0.01,0.010000,audit,1,a4c819d3db3aa7a8bca0e92297acdfbc67d15c61d83e690da8b1c9494a4a4703,a4c819d3db3aa7a8bca0e92297acdfbc67d15c61d83e690da8b1c9494a4a4703,True
D,FAIR1M-v1.0,rotated_retinanet_psc,detection_score,angle_error_gt_15deg,relative_0.5_r_fit,0.000338,calib,1,67c845f0d08419de91263c9cd1a5dd0d7e68361b717f43c91913337ffe75096a,67c845f0d08419de91263c9cd1a5dd0d7e68361b717f43c91913337ffe75096a,True
D,FAIR1M-v1.0,rotated_retinanet_psc,detection_score,angle_error_gt_15deg,relative_0.5_r_fit,0.000338,audit,1,67c845f0d08419de91263c9cd1a5dd0d7e68361b717f43c91913337ffe75096a,67c845f0d08419de91263c9cd1a5dd0d7e68361b717f43c91913337ffe75096a,True
D,FAIR1M-v1.0,rotated_retinanet_psc,detection_score,angle_error_gt_15deg,relative_0.25_r_fit,0.000169,calib,1,eb191809cafd514c33bb1e9a23eaf98a46b3c65e6c0f38898c359ea7f4b0c4a1,eb191809cafd514c33bb1e9a23eaf98a46b3c65e6c0f38898c359ea7f4b0c4a1,True
D,FAIR1M-v1.0,rotated_retinanet_psc,detection_score,angle_error_gt_15deg,relative_0.25_r_fit,0.000169,audit,1,eb191809cafd514c33bb1e9a23eaf98a46b3c65e6c0f38898c359ea7f4b0c4a1,eb191809cafd514c33bb1e9a23eaf98a46b3c65e6c0f38898c359ea7f4b0c4a1,True
D,FAIR1M-v1.0,rotated_retinanet_psc,tta_circular_consistency,angle_error_gt_15deg,absolute_0.001,0.001000,calib,1,119348b0d6c21fbeec3a89bd95c0d978e542702bd993fa984a2814b378da2aba,119348b0d6c21fbeec3a89bd95c0d978e542702bd993fa984a2814b378da2aba,True
D,FAIR1M-v1.0,rotated_retinanet_psc,tta_circular_consistency,angle_error_gt_15deg,absolute_0.001,0.001000,audit,1,119348b0d6c21fbeec3a89bd95c0d978e542702bd993fa984a2814b378da2aba,119348b0d6c21fbeec3a89bd95c0d978e542702bd993fa984a2814b378da2aba,True
D,FAIR1M-v1.0,rotated_retinanet_psc,tta_circular_consistency,angle_error_gt_15deg,absolute_0.0025,0.002500,calib,1,b246bcce37ee78380866f251be460a1052b5817195b6ebf2ca60088fc42a4a1e,b246bcce37ee78380866f251be460a1052b5817195b6ebf2ca60088fc42a4a1e,True
D,FAIR1M-v1.0,rotated_retinanet_psc,tta_circular_consistency,angle_error_gt_15deg,absolute_0.0025,0.002500,audit,1,b246bcce37ee78380866f251be460a1052b5817195b6ebf2ca60088fc42a4a1e,b246bcce37ee78380866f251be460a1052b5817195b6ebf2ca60088fc42a4a1e,True
D,FAIR1M-v1.0,rotated_retinanet_psc,tta_circular_consistency,angle_error_gt_15deg,absolute_0.005,0.005000,calib,1,044550eefca3a38b8c923494e539cbd5dfa8ca78f8b92f31a27ee91abe57248f,044550eefca3a38b8c923494e539cbd5dfa8ca78f8b92f31a27ee91abe57248f,True
D,FAIR1M-v1.0,rotated_retinanet_psc,tta_circular_consistency,angle_error_gt_15deg,absolute_0.005,0.005000,audit,1,044550eefca3a38b8c923494e539cbd5dfa8ca78f8b92f31a27ee91abe57248f,044550eefca3a38b8c923494e539cbd5dfa8ca78f8b92f31a27ee91abe57248f,True
D,FAIR1M-v1.0,rotated_retinanet_psc,tta_circular_consistency,angle_error_gt_15deg,absolute_0.01,0.010000,calib,1,c6dce012002fc79efb6357994daa8103dd5e4b64cddd81490cbb8f9fae45e2a8,c6dce012002fc79efb6357994daa8103dd5e4b64cddd81490cbb8f9fae45e2a8,True
D,FAIR1M-v1.0,rotated_retinanet_psc,tta_circular_consistency,angle_error_gt_15deg,absolute_0.01,0.010000,audit,1,c6dce012002fc79efb6357994daa8103dd5e4b64cddd81490cbb8f9fae45e2a8,c6dce012002fc79efb6357994daa8103dd5e4b64cddd81490cbb8f9fae45e2a8,True
D,FAIR1M-v1.0,rotated_retinanet_psc,tta_circular_consistency,angle_error_gt_15deg,relative_0.5_r_fit,0.000338,calib,1,31a5ab3cf777e2acbaf4d41859d558c89d7f742a897c327a91d9f519968d90d3,31a5ab3cf777e2acbaf4d41859d558c89d7f742a897c327a91d9f519968d90d3,True
D,FAIR1M-v1.0,rotated_retinanet_psc,tta_circular_consistency,angle_error_gt_15deg,relative_0.5_r_fit,0.000338,audit,1,31a5ab3cf777e2acbaf4d41859d558c89d7f742a897c327a91d9f519968d90d3,31a5ab3cf777e2acbaf4d41859d558c89d7f742a897c327a91d9f519968d90d3,True
D,FAIR1M-v1.0,rotated_retinanet_psc,tta_circular_consistency,angle_error_gt_15deg,relative_0.25_r_fit,0.000169,calib,1,9846e6a7a15fc8a6135f51847c89c54936df661838251191be6d154e131749cb,9846e6a7a15fc8a6135f51847c89c54936df661838251191be6d154e131749cb,True
D,FAIR1M-v1.0,rotated_retinanet_psc,tta_circular_consistency,angle_error_gt_15deg,relative_0.25_r_fit,0.000169,audit,1,9846e6a7a15fc8a6135f51847c89c54936df661838251191be6d154e131749cb,9846e6a7a15fc8a6135f51847c89c54936df661838251191be6d154e131749cb,True
D,FAIR1M-v1.0,rotated_retinanet_psc,source_supervised_leave_geometry,angle_error_gt_15deg,absolute_0.001,0.001000,calib,1,a7bd042d34dfd84b5af32011407c8d873edab8ce4e26ba6b638719ba2e16a048,a7bd042d34dfd84b5af32011407c8d873edab8ce4e26ba6b638719ba2e16a048,True
D,FAIR1M-v1.0,rotated_retinanet_psc,source_supervised_leave_geometry,angle_error_gt_15deg,absolute_0.001,0.001000,audit,1,a7bd042d34dfd84b5af32011407c8d873edab8ce4e26ba6b638719ba2e16a048,a7bd042d34dfd84b5af32011407c8d873edab8ce4e26ba6b638719ba2e16a048,True
D,FAIR1M-v1.0,rotated_retinanet_psc,source_supervised_leave_geometry,angle_error_gt_15deg,absolute_0.0025,0.002500,calib,1,ca58645ddaad206ab41420f01d60c69342d30417d4de29d2983f6c4dea2b2ae0,ca58645ddaad206ab41420f01d60c69342d30417d4de29d2983f6c4dea2b2ae0,True
D,FAIR1M-v1.0,rotated_retinanet_psc,source_supervised_leave_geometry,angle_error_gt_15deg,absolute_0.0025,0.002500,audit,1,ca58645ddaad206ab41420f01d60c69342d30417d4de29d2983f6c4dea2b2ae0,ca58645ddaad206ab41420f01d60c69342d30417d4de29d2983f6c4dea2b2ae0,True
D,FAIR1M-v1.0,rotated_retinanet_psc,source_supervised_leave_geometry,angle_error_gt_15deg,absolute_0.005,0.005000,calib,1,2e56eb30b1d5080222dedfb5a921b0b5b4da927ef0354510a6d6067eff681d7d,2e56eb30b1d5080222dedfb5a921b0b5b4da927ef0354510a6d6067eff681d7d,True
D,FAIR1M-v1.0,rotated_retinanet_psc,source_supervised_leave_geometry,angle_error_gt_15deg,absolute_0.005,0.005000,audit,1,2e56eb30b1d5080222dedfb5a921b0b5b4da927ef0354510a6d6067eff681d7d,2e56eb30b1d5080222dedfb5a921b0b5b4da927ef0354510a6d6067eff681d7d,True
D,FAIR1M-v1.0,rotated_retinanet_psc,source_supervised_leave_geometry,angle_error_gt_15deg,absolute_0.01,0.010000,calib,1,6e2fb46cc76cdb9c767e00b50863961c26b2d10d995d4a192bebfac4a045e4d7,6e2fb46cc76cdb9c767e00b50863961c26b2d10d995d4a192bebfac4a045e4d7,True
D,FAIR1M-v1.0,rotated_retinanet_psc,source_supervised_leave_geometry,angle_error_gt_15deg,absolute_0.01,0.010000,audit,1,6e2fb46cc76cdb9c767e00b50863961c26b2d10d995d4a192bebfac4a045e4d7,6e2fb46cc76cdb9c767e00b50863961c26b2d10d995d4a192bebfac4a045e4d7,True
D,FAIR1M-v1.0,rotated_retinanet_psc,source_supervised_leave_geometry,angle_error_gt_15deg,relative_0.5_r_fit,0.000338,calib,1,9d020d3b5219f4cec26b9d4fb25aed73204133d293d1cc615c45891e1313c5f7,9d020d3b5219f4cec26b9d4fb25aed73204133d293d1cc615c45891e1313c5f7,True
D,FAIR1M-v1.0,rotated_retinanet_psc,source_supervised_leave_geometry,angle_error_gt_15deg,relative_0.5_r_fit,0.000338,audit,1,9d020d3b5219f4cec26b9d4fb25aed73204133d293d1cc615c45891e1313c5f7,9d020d3b5219f4cec26b9d4fb25aed73204133d293d1cc615c45891e1313c5f7,True
D,FAIR1M-v1.0,rotated_retinanet_psc,source_supervised_leave_geometry,angle_error_gt_15deg,relative_0.25_r_fit,0.000169,calib,1,314eefc868cb3dc2c2725a01834e3dcff2ce4ec8ebf58671ce17b310d9ac9ccf,314eefc868cb3dc2c2725a01834e3dcff2ce4ec8ebf58671ce17b310d9ac9ccf,True
D,FAIR1M-v1.0,rotated_retinanet_psc,source_supervised_leave_geometry,angle_error_gt_15deg,relative_0.25_r_fit,0.000169,audit,1,314eefc868cb3dc2c2725a01834e3dcff2ce4ec8ebf58671ce17b310d9ac9ccf,314eefc868cb3dc2c2725a01834e3dcff2ce4ec8ebf58671ce17b310d9ac9ccf,True
D,FAIR1M-v1.0,rotated_retinanet_psc,target_gt_nonlinear_geometry_upper_bound,angle_error_gt_15deg,absolute_0.001,0.001000,calib,1,551975034389210d316441a0828c8ef8e327057bb67ca85c5d82d95fbc54f661,551975034389210d316441a0828c8ef8e327057bb67ca85c5d82d95fbc54f661,True
D,FAIR1M-v1.0,rotated_retinanet_psc,target_gt_nonlinear_geometry_upper_bound,angle_error_gt_15deg,absolute_0.001,0.001000,audit,1,551975034389210d316441a0828c8ef8e327057bb67ca85c5d82d95fbc54f661,551975034389210d316441a0828c8ef8e327057bb67ca85c5d82d95fbc54f661,True
D,FAIR1M-v1.0,rotated_retinanet_psc,target_gt_nonlinear_geometry_upper_bound,angle_error_gt_15deg,absolute_0.0025,0.002500,calib,1,39ae976027f5a3681c054d5d3ef8e23ff5adc3d2703cecf473394bbd6c44fa9b,39ae976027f5a3681c054d5d3ef8e23ff5adc3d2703cecf473394bbd6c44fa9b,True
D,FAIR1M-v1.0,rotated_retinanet_psc,target_gt_nonlinear_geometry_upper_bound,angle_error_gt_15deg,absolute_0.0025,0.002500,audit,1,39ae976027f5a3681c054d5d3ef8e23ff5adc3d2703cecf473394bbd6c44fa9b,39ae976027f5a3681c054d5d3ef8e23ff5adc3d2703cecf473394bbd6c44fa9b,True
D,FAIR1M-v1.0,rotated_retinanet_psc,target_gt_nonlinear_geometry_upper_bound,angle_error_gt_15deg,absolute_0.005,0.005000,calib,1,adcdd7906b69647303b6128f8fc0f91199dca030eac881baf153cf0077f332ef,adcdd7906b69647303b6128f8fc0f91199dca030eac881baf153cf0077f332ef,True
D,FAIR1M-v1.0,rotated_retinanet_psc,target_gt_nonlinear_geometry_upper_bound,angle_error_gt_15deg,absolute_0.005,0.005000,audit,1,adcdd7906b69647303b6128f8fc0f91199dca030eac881baf153cf0077f332ef,adcdd7906b69647303b6128f8fc0f91199dca030eac881baf153cf0077f332ef,True
D,FAIR1M-v1.0,rotated_retinanet_psc,target_gt_nonlinear_geometry_upper_bound,angle_error_gt_15deg,absolute_0.01,0.010000,calib,1,7ab91ea7e89319de7530111b0ec7c98337a80085ecfb3ce116a87ff3aa02d78d,7ab91ea7e89319de7530111b0ec7c98337a80085ecfb3ce116a87ff3aa02d78d,True
D,FAIR1M-v1.0,rotated_retinanet_psc,target_gt_nonlinear_geometry_upper_bound,angle_error_gt_15deg,absolute_0.01,0.010000,audit,1,7ab91ea7e89319de7530111b0ec7c98337a80085ecfb3ce116a87ff3aa02d78d,7ab91ea7e89319de7530111b0ec7c98337a80085ecfb3ce116a87ff3aa02d78d,True
D,FAIR1M-v1.0,rotated_retinanet_psc,target_gt_nonlinear_geometry_upper_bound,angle_error_gt_15deg,relative_0.5_r_fit,0.000338,calib,1,16856341ec489b84fbd9408e692eda6c20fbd22826dbf6257f7999fc6b8a0cb3,16856341ec489b84fbd9408e692eda6c20fbd22826dbf6257f7999fc6b8a0cb3,True
D,FAIR1M-v1.0,rotated_retinanet_psc,target_gt_nonlinear_geometry_upper_bound,angle_error_gt_15deg,relative_0.5_r_fit,0.000338,audit,1,16856341ec489b84fbd9408e692eda6c20fbd22826dbf6257f7999fc6b8a0cb3,16856341ec489b84fbd9408e692eda6c20fbd22826dbf6257f7999fc6b8a0cb3,True
D,FAIR1M-v1.0,rotated_retinanet_psc,target_gt_nonlinear_geometry_upper_bound,angle_error_gt_15deg,relative_0.25_r_fit,0.000169,calib,1,4a31ff14e275f2afa58eb1dfb9a7fe22deb9aaaa9b4ea5142fead2166f681eed,4a31ff14e275f2afa58eb1dfb9a7fe22deb9aaaa9b4ea5142fead2166f681eed,True
D,FAIR1M-v1.0,rotated_retinanet_psc,target_gt_nonlinear_geometry_upper_bound,angle_error_gt_15deg,relative_0.25_r_fit,0.000169,audit,1,4a31ff14e275f2afa58eb1dfb9a7fe22deb9aaaa9b4ea5142fead2166f681eed,4a31ff14e275f2afa58eb1dfb9a7fe22deb9aaaa9b4ea5142fead2166f681eed,True
E,SODA-A,rotated_retinanet_psc,detection_score,geometry_normalized_severe,absolute_0.001,0.001000,calib,1,1932ec05cbed5d178df446f40305b2f8ef15047931fcf21982b62fe3f8d124a7,1932ec05cbed5d178df446f40305b2f8ef15047931fcf21982b62fe3f8d124a7,True
E,SODA-A,rotated_retinanet_psc,detection_score,geometry_normalized_severe,absolute_0.001,0.001000,audit,1,1932ec05cbed5d178df446f40305b2f8ef15047931fcf21982b62fe3f8d124a7,1932ec05cbed5d178df446f40305b2f8ef15047931fcf21982b62fe3f8d124a7,True
E,SODA-A,rotated_retinanet_psc,detection_score,geometry_normalized_severe,absolute_0.0025,0.002500,calib,1,1932ec05cbed5d178df446f40305b2f8ef15047931fcf21982b62fe3f8d124a7,1932ec05cbed5d178df446f40305b2f8ef15047931fcf21982b62fe3f8d124a7,True
E,SODA-A,rotated_retinanet_psc,detection_score,geometry_normalized_severe,absolute_0.0025,0.002500,audit,1,1932ec05cbed5d178df446f40305b2f8ef15047931fcf21982b62fe3f8d124a7,1932ec05cbed5d178df446f40305b2f8ef15047931fcf21982b62fe3f8d124a7,True
E,SODA-A,rotated_retinanet_psc,detection_score,geometry_normalized_severe,absolute_0.005,0.005000,calib,1,3e7988e4915e8432cdadb4bb4ca03765967a3105f35c4c50346abb2cbcdba2b2,3e7988e4915e8432cdadb4bb4ca03765967a3105f35c4c50346abb2cbcdba2b2,True
E,SODA-A,rotated_retinanet_psc,detection_score,geometry_normalized_severe,absolute_0.005,0.005000,audit,1,3e7988e4915e8432cdadb4bb4ca03765967a3105f35c4c50346abb2cbcdba2b2,3e7988e4915e8432cdadb4bb4ca03765967a3105f35c4c50346abb2cbcdba2b2,True
E,SODA-A,rotated_retinanet_psc,detection_score,geometry_normalized_severe,absolute_0.01,0.010000,calib,1,a9b223ac8ef60fdd683dfcf7a73cb430142a4722ad0e2b07f09bad0f1e049301,a9b223ac8ef60fdd683dfcf7a73cb430142a4722ad0e2b07f09bad0f1e049301,True
E,SODA-A,rotated_retinanet_psc,detection_score,geometry_normalized_severe,absolute_0.01,0.010000,audit,1,a9b223ac8ef60fdd683dfcf7a73cb430142a4722ad0e2b07f09bad0f1e049301,a9b223ac8ef60fdd683dfcf7a73cb430142a4722ad0e2b07f09bad0f1e049301,True
E,SODA-A,rotated_retinanet_psc,detection_score,geometry_normalized_severe,relative_0.5_r_fit,0.002188,calib,1,1932ec05cbed5d178df446f40305b2f8ef15047931fcf21982b62fe3f8d124a7,1932ec05cbed5d178df446f40305b2f8ef15047931fcf21982b62fe3f8d124a7,True
E,SODA-A,rotated_retinanet_psc,detection_score,geometry_normalized_severe,relative_0.5_r_fit,0.002188,audit,1,1932ec05cbed5d178df446f40305b2f8ef15047931fcf21982b62fe3f8d124a7,1932ec05cbed5d178df446f40305b2f8ef15047931fcf21982b62fe3f8d124a7,True
E,SODA-A,rotated_retinanet_psc,detection_score,geometry_normalized_severe,relative_0.25_r_fit,0.001094,calib,1,1932ec05cbed5d178df446f40305b2f8ef15047931fcf21982b62fe3f8d124a7,1932ec05cbed5d178df446f40305b2f8ef15047931fcf21982b62fe3f8d124a7,True
E,SODA-A,rotated_retinanet_psc,detection_score,geometry_normalized_severe,relative_0.25_r_fit,0.001094,audit,1,1932ec05cbed5d178df446f40305b2f8ef15047931fcf21982b62fe3f8d124a7,1932ec05cbed5d178df446f40305b2f8ef15047931fcf21982b62fe3f8d124a7,True
E,SODA-A,rotated_retinanet_psc,tta_circular_consistency,geometry_normalized_severe,absolute_0.001,0.001000,calib,1,26615eda16c2cc92557f6eed85a426cbf14270bb3d9c52b84b7658747cfd6d9c,26615eda16c2cc92557f6eed85a426cbf14270bb3d9c52b84b7658747cfd6d9c,True
E,SODA-A,rotated_retinanet_psc,tta_circular_consistency,geometry_normalized_severe,absolute_0.001,0.001000,audit,1,26615eda16c2cc92557f6eed85a426cbf14270bb3d9c52b84b7658747cfd6d9c,26615eda16c2cc92557f6eed85a426cbf14270bb3d9c52b84b7658747cfd6d9c,True
E,SODA-A,rotated_retinanet_psc,tta_circular_consistency,geometry_normalized_severe,absolute_0.0025,0.002500,calib,1,14265a0e7029f8b1eec820f4746b3979780d0b309c5f72c596e0fa39cb7917d1,14265a0e7029f8b1eec820f4746b3979780d0b309c5f72c596e0fa39cb7917d1,True
E,SODA-A,rotated_retinanet_psc,tta_circular_consistency,geometry_normalized_severe,absolute_0.0025,0.002500,audit,1,14265a0e7029f8b1eec820f4746b3979780d0b309c5f72c596e0fa39cb7917d1,14265a0e7029f8b1eec820f4746b3979780d0b309c5f72c596e0fa39cb7917d1,True
E,SODA-A,rotated_retinanet_psc,tta_circular_consistency,geometry_normalized_severe,absolute_0.005,0.005000,calib,1,f4eddbc8348e34650bec1a4580c0e5fbf738acef3e156f97d3fe3c7cd0c234bc,f4eddbc8348e34650bec1a4580c0e5fbf738acef3e156f97d3fe3c7cd0c234bc,True
E,SODA-A,rotated_retinanet_psc,tta_circular_consistency,geometry_normalized_severe,absolute_0.005,0.005000,audit,1,f4eddbc8348e34650bec1a4580c0e5fbf738acef3e156f97d3fe3c7cd0c234bc,f4eddbc8348e34650bec1a4580c0e5fbf738acef3e156f97d3fe3c7cd0c234bc,True
E,SODA-A,rotated_retinanet_psc,tta_circular_consistency,geometry_normalized_severe,absolute_0.01,0.010000,calib,1,bf8af4a82d3e2a5284b090de78e9fb6bc3b16f4db9fb90271ddf9d0aed1f8a9c,bf8af4a82d3e2a5284b090de78e9fb6bc3b16f4db9fb90271ddf9d0aed1f8a9c,True
E,SODA-A,rotated_retinanet_psc,tta_circular_consistency,geometry_normalized_severe,absolute_0.01,0.010000,audit,1,bf8af4a82d3e2a5284b090de78e9fb6bc3b16f4db9fb90271ddf9d0aed1f8a9c,bf8af4a82d3e2a5284b090de78e9fb6bc3b16f4db9fb90271ddf9d0aed1f8a9c,True
E,SODA-A,rotated_retinanet_psc,tta_circular_consistency,geometry_normalized_severe,relative_0.5_r_fit,0.002188,calib,1,242bcae7e3b9aee750316695cadc62d25369748cfb87b232520d49db576b5b12,242bcae7e3b9aee750316695cadc62d25369748cfb87b232520d49db576b5b12,True
E,SODA-A,rotated_retinanet_psc,tta_circular_consistency,geometry_normalized_severe,relative_0.5_r_fit,0.002188,audit,1,242bcae7e3b9aee750316695cadc62d25369748cfb87b232520d49db576b5b12,242bcae7e3b9aee750316695cadc62d25369748cfb87b232520d49db576b5b12,True
E,SODA-A,rotated_retinanet_psc,tta_circular_consistency,geometry_normalized_severe,relative_0.25_r_fit,0.001094,calib,1,43b187d58b91551ebfc9d7665b41c4eef4d36232ebb0242af3073f8677c32bbe,43b187d58b91551ebfc9d7665b41c4eef4d36232ebb0242af3073f8677c32bbe,True
E,SODA-A,rotated_retinanet_psc,tta_circular_consistency,geometry_normalized_severe,relative_0.25_r_fit,0.001094,audit,1,43b187d58b91551ebfc9d7665b41c4eef4d36232ebb0242af3073f8677c32bbe,43b187d58b91551ebfc9d7665b41c4eef4d36232ebb0242af3073f8677c32bbe,True
E,SODA-A,rotated_retinanet_psc,source_supervised_leave_geometry,geometry_normalized_severe,absolute_0.001,0.001000,calib,1,beeef41098f02a739fc5cbefb3dbfd3da9262d6b1a31193b9fc0998b1e3c4aea,1938799b79880d16cdde9e678f17ad7b828569e050b4b7e3105056522d3e7776,False
E,SODA-A,rotated_retinanet_psc,source_supervised_leave_geometry,geometry_normalized_severe,absolute_0.001,0.001000,audit,1,beeef41098f02a739fc5cbefb3dbfd3da9262d6b1a31193b9fc0998b1e3c4aea,1938799b79880d16cdde9e678f17ad7b828569e050b4b7e3105056522d3e7776,False
E,SODA-A,rotated_retinanet_psc,source_supervised_leave_geometry,geometry_normalized_severe,absolute_0.0025,0.002500,calib,1,df82dd72284dd00a723e02eea1ea6c4001bad98dced1bd47c2589f630db39487,4663f5303e68ac3d318941b260752e91f5e9dc2b92919eccd30732b0478136a9,False
E,SODA-A,rotated_retinanet_psc,source_supervised_leave_geometry,geometry_normalized_severe,absolute_0.0025,0.002500,audit,1,df82dd72284dd00a723e02eea1ea6c4001bad98dced1bd47c2589f630db39487,4663f5303e68ac3d318941b260752e91f5e9dc2b92919eccd30732b0478136a9,False
E,SODA-A,rotated_retinanet_psc,source_supervised_leave_geometry,geometry_normalized_severe,absolute_0.005,0.005000,calib,1,52c9b46b2f4c856231bdab5312c4e068b9b0274f5667ac6aa0981185b17405aa,d2b2f1e03e222032769512a8d89406b8d4c78459fd80ac612c409e658c5af355,False
E,SODA-A,rotated_retinanet_psc,source_supervised_leave_geometry,geometry_normalized_severe,absolute_0.005,0.005000,audit,1,52c9b46b2f4c856231bdab5312c4e068b9b0274f5667ac6aa0981185b17405aa,d2b2f1e03e222032769512a8d89406b8d4c78459fd80ac612c409e658c5af355,False
E,SODA-A,rotated_retinanet_psc,source_supervised_leave_geometry,geometry_normalized_severe,absolute_0.01,0.010000,calib,1,f80f83e39485ae19ab05d9a3701d9a5c7ec781be74800070e1356678deaf085b,e6142070b0791e0ab060eb4b208b0f2e464992311a0db52957dc54a2147a0fc4,False
E,SODA-A,rotated_retinanet_psc,source_supervised_leave_geometry,geometry_normalized_severe,absolute_0.01,0.010000,audit,1,f80f83e39485ae19ab05d9a3701d9a5c7ec781be74800070e1356678deaf085b,e6142070b0791e0ab060eb4b208b0f2e464992311a0db52957dc54a2147a0fc4,False
E,SODA-A,rotated_retinanet_psc,source_supervised_leave_geometry,geometry_normalized_severe,relative_0.5_r_fit,0.002188,calib,1,ef1c5f0411991c488143e102e4359b5c7bbfec66292896067602a99268e76a3e,bff51262511e179d4ec5a09485ba5c7c74caa5b1d84942b202e0d9ee7d406730,False
E,SODA-A,rotated_retinanet_psc,source_supervised_leave_geometry,geometry_normalized_severe,relative_0.5_r_fit,0.002188,audit,1,ef1c5f0411991c488143e102e4359b5c7bbfec66292896067602a99268e76a3e,bff51262511e179d4ec5a09485ba5c7c74caa5b1d84942b202e0d9ee7d406730,False
E,SODA-A,rotated_retinanet_psc,source_supervised_leave_geometry,geometry_normalized_severe,relative_0.25_r_fit,0.001094,calib,1,6c591141d91b4f3ddc0ab6a17d84754b728d51c46929918d74df8dc3b7c6bdd4,60a02feef3023964470f0bd82a69efe28ea6f0d91a7f44e1e42b3adb0c0f98ce,False
E,SODA-A,rotated_retinanet_psc,source_supervised_leave_geometry,geometry_normalized_severe,relative_0.25_r_fit,0.001094,audit,1,6c591141d91b4f3ddc0ab6a17d84754b728d51c46929918d74df8dc3b7c6bdd4,60a02feef3023964470f0bd82a69efe28ea6f0d91a7f44e1e42b3adb0c0f98ce,False
E,SODA-A,rotated_retinanet_psc,target_gt_nonlinear_geometry_upper_bound,geometry_normalized_severe,absolute_0.001,0.001000,calib,1,3022c38e76ac6b3474e709c5bb09ea796108489aea3d94331d14778dd9ed3240,3022c38e76ac6b3474e709c5bb09ea796108489aea3d94331d14778dd9ed3240,True
E,SODA-A,rotated_retinanet_psc,target_gt_nonlinear_geometry_upper_bound,geometry_normalized_severe,absolute_0.001,0.001000,audit,1,3022c38e76ac6b3474e709c5bb09ea796108489aea3d94331d14778dd9ed3240,3022c38e76ac6b3474e709c5bb09ea796108489aea3d94331d14778dd9ed3240,True
E,SODA-A,rotated_retinanet_psc,target_gt_nonlinear_geometry_upper_bound,geometry_normalized_severe,absolute_0.0025,0.002500,calib,1,0acd92dfe0ae20a636eeab785b47397d66fc070a199c6e9f6a7ac9ce83bc273e,0acd92dfe0ae20a636eeab785b47397d66fc070a199c6e9f6a7ac9ce83bc273e,True
E,SODA-A,rotated_retinanet_psc,target_gt_nonlinear_geometry_upper_bound,geometry_normalized_severe,absolute_0.0025,0.002500,audit,1,0acd92dfe0ae20a636eeab785b47397d66fc070a199c6e9f6a7ac9ce83bc273e,0acd92dfe0ae20a636eeab785b47397d66fc070a199c6e9f6a7ac9ce83bc273e,True
E,SODA-A,rotated_retinanet_psc,target_gt_nonlinear_geometry_upper_bound,geometry_normalized_severe,absolute_0.005,0.005000,calib,1,a94c63549915284e843c239d2ef53860e943857da89734f63200f05448c60140,a94c63549915284e843c239d2ef53860e943857da89734f63200f05448c60140,True
E,SODA-A,rotated_retinanet_psc,target_gt_nonlinear_geometry_upper_bound,geometry_normalized_severe,absolute_0.005,0.005000,audit,1,a94c63549915284e843c239d2ef53860e943857da89734f63200f05448c60140,a94c63549915284e843c239d2ef53860e943857da89734f63200f05448c60140,True
E,SODA-A,rotated_retinanet_psc,target_gt_nonlinear_geometry_upper_bound,geometry_normalized_severe,absolute_0.01,0.010000,calib,1,91971d5382a8ec912144ead5c1af09c6edec53bfde655ce44ea9a9490793a651,91971d5382a8ec912144ead5c1af09c6edec53bfde655ce44ea9a9490793a651,True
E,SODA-A,rotated_retinanet_psc,target_gt_nonlinear_geometry_upper_bound,geometry_normalized_severe,absolute_0.01,0.010000,audit,1,91971d5382a8ec912144ead5c1af09c6edec53bfde655ce44ea9a9490793a651,91971d5382a8ec912144ead5c1af09c6edec53bfde655ce44ea9a9490793a651,True
E,SODA-A,rotated_retinanet_psc,target_gt_nonlinear_geometry_upper_bound,geometry_normalized_severe,relative_0.5_r_fit,0.002188,calib,1,2fec135dfe7f29107575c0af34ad30955975993a9cfa1a13c2c74b9dfc009b64,2fec135dfe7f29107575c0af34ad30955975993a9cfa1a13c2c74b9dfc009b64,True
E,SODA-A,rotated_retinanet_psc,target_gt_nonlinear_geometry_upper_bound,geometry_normalized_severe,relative_0.5_r_fit,0.002188,audit,1,2fec135dfe7f29107575c0af34ad30955975993a9cfa1a13c2c74b9dfc009b64,2fec135dfe7f29107575c0af34ad30955975993a9cfa1a13c2c74b9dfc009b64,True
E,SODA-A,rotated_retinanet_psc,target_gt_nonlinear_geometry_upper_bound,geometry_normalized_severe,relative_0.25_r_fit,0.001094,calib,1,efbcb55129dc9084cbac384f390a6ec5db5d273121a3aa900fe38d6feef31bce,efbcb55129dc9084cbac384f390a6ec5db5d273121a3aa900fe38d6feef31bce,True
E,SODA-A,rotated_retinanet_psc,target_gt_nonlinear_geometry_upper_bound,geometry_normalized_severe,relative_0.25_r_fit,0.001094,audit,1,efbcb55129dc9084cbac384f390a6ec5db5d273121a3aa900fe38d6feef31bce,efbcb55129dc9084cbac384f390a6ec5db5d273121a3aa900fe38d6feef31bce,True
E,SODA-A,rotated_retinanet_psc,detection_score,angle_error_gt_5deg,absolute_0.001,0.001000,calib,1,1932ec05cbed5d178df446f40305b2f8ef15047931fcf21982b62fe3f8d124a7,1932ec05cbed5d178df446f40305b2f8ef15047931fcf21982b62fe3f8d124a7,True
E,SODA-A,rotated_retinanet_psc,detection_score,angle_error_gt_5deg,absolute_0.001,0.001000,audit,1,1932ec05cbed5d178df446f40305b2f8ef15047931fcf21982b62fe3f8d124a7,1932ec05cbed5d178df446f40305b2f8ef15047931fcf21982b62fe3f8d124a7,True
E,SODA-A,rotated_retinanet_psc,detection_score,angle_error_gt_5deg,absolute_0.0025,0.002500,calib,1,1932ec05cbed5d178df446f40305b2f8ef15047931fcf21982b62fe3f8d124a7,1932ec05cbed5d178df446f40305b2f8ef15047931fcf21982b62fe3f8d124a7,True
E,SODA-A,rotated_retinanet_psc,detection_score,angle_error_gt_5deg,absolute_0.0025,0.002500,audit,1,1932ec05cbed5d178df446f40305b2f8ef15047931fcf21982b62fe3f8d124a7,1932ec05cbed5d178df446f40305b2f8ef15047931fcf21982b62fe3f8d124a7,True
E,SODA-A,rotated_retinanet_psc,detection_score,angle_error_gt_5deg,absolute_0.005,0.005000,calib,1,1932ec05cbed5d178df446f40305b2f8ef15047931fcf21982b62fe3f8d124a7,1932ec05cbed5d178df446f40305b2f8ef15047931fcf21982b62fe3f8d124a7,True
E,SODA-A,rotated_retinanet_psc,detection_score,angle_error_gt_5deg,absolute_0.005,0.005000,audit,1,1932ec05cbed5d178df446f40305b2f8ef15047931fcf21982b62fe3f8d124a7,1932ec05cbed5d178df446f40305b2f8ef15047931fcf21982b62fe3f8d124a7,True
E,SODA-A,rotated_retinanet_psc,detection_score,angle_error_gt_5deg,absolute_0.01,0.010000,calib,1,1932ec05cbed5d178df446f40305b2f8ef15047931fcf21982b62fe3f8d124a7,1932ec05cbed5d178df446f40305b2f8ef15047931fcf21982b62fe3f8d124a7,True
E,SODA-A,rotated_retinanet_psc,detection_score,angle_error_gt_5deg,absolute_0.01,0.010000,audit,1,1932ec05cbed5d178df446f40305b2f8ef15047931fcf21982b62fe3f8d124a7,1932ec05cbed5d178df446f40305b2f8ef15047931fcf21982b62fe3f8d124a7,True
E,SODA-A,rotated_retinanet_psc,detection_score,angle_error_gt_5deg,relative_0.5_r_fit,0.046883,calib,1,1932ec05cbed5d178df446f40305b2f8ef15047931fcf21982b62fe3f8d124a7,1932ec05cbed5d178df446f40305b2f8ef15047931fcf21982b62fe3f8d124a7,True
E,SODA-A,rotated_retinanet_psc,detection_score,angle_error_gt_5deg,relative_0.5_r_fit,0.046883,audit,1,1932ec05cbed5d178df446f40305b2f8ef15047931fcf21982b62fe3f8d124a7,1932ec05cbed5d178df446f40305b2f8ef15047931fcf21982b62fe3f8d124a7,True
E,SODA-A,rotated_retinanet_psc,detection_score,angle_error_gt_5deg,relative_0.25_r_fit,0.023442,calib,1,1932ec05cbed5d178df446f40305b2f8ef15047931fcf21982b62fe3f8d124a7,1932ec05cbed5d178df446f40305b2f8ef15047931fcf21982b62fe3f8d124a7,True
E,SODA-A,rotated_retinanet_psc,detection_score,angle_error_gt_5deg,relative_0.25_r_fit,0.023442,audit,1,1932ec05cbed5d178df446f40305b2f8ef15047931fcf21982b62fe3f8d124a7,1932ec05cbed5d178df446f40305b2f8ef15047931fcf21982b62fe3f8d124a7,True
E,SODA-A,rotated_retinanet_psc,tta_circular_consistency,angle_error_gt_5deg,absolute_0.001,0.001000,calib,1,a54d572b03a712ff73f855cc374b620f515bdcb752d22edf56f720267c832059,a54d572b03a712ff73f855cc374b620f515bdcb752d22edf56f720267c832059,True
E,SODA-A,rotated_retinanet_psc,tta_circular_consistency,angle_error_gt_5deg,absolute_0.001,0.001000,audit,1,a54d572b03a712ff73f855cc374b620f515bdcb752d22edf56f720267c832059,a54d572b03a712ff73f855cc374b620f515bdcb752d22edf56f720267c832059,True
E,SODA-A,rotated_retinanet_psc,tta_circular_consistency,angle_error_gt_5deg,absolute_0.0025,0.002500,calib,1,a54d572b03a712ff73f855cc374b620f515bdcb752d22edf56f720267c832059,a54d572b03a712ff73f855cc374b620f515bdcb752d22edf56f720267c832059,True
E,SODA-A,rotated_retinanet_psc,tta_circular_consistency,angle_error_gt_5deg,absolute_0.0025,0.002500,audit,1,a54d572b03a712ff73f855cc374b620f515bdcb752d22edf56f720267c832059,a54d572b03a712ff73f855cc374b620f515bdcb752d22edf56f720267c832059,True
E,SODA-A,rotated_retinanet_psc,tta_circular_consistency,angle_error_gt_5deg,absolute_0.005,0.005000,calib,1,a54d572b03a712ff73f855cc374b620f515bdcb752d22edf56f720267c832059,a54d572b03a712ff73f855cc374b620f515bdcb752d22edf56f720267c832059,True
E,SODA-A,rotated_retinanet_psc,tta_circular_consistency,angle_error_gt_5deg,absolute_0.005,0.005000,audit,1,a54d572b03a712ff73f855cc374b620f515bdcb752d22edf56f720267c832059,a54d572b03a712ff73f855cc374b620f515bdcb752d22edf56f720267c832059,True
E,SODA-A,rotated_retinanet_psc,tta_circular_consistency,angle_error_gt_5deg,absolute_0.01,0.010000,calib,1,a54d572b03a712ff73f855cc374b620f515bdcb752d22edf56f720267c832059,a54d572b03a712ff73f855cc374b620f515bdcb752d22edf56f720267c832059,True
E,SODA-A,rotated_retinanet_psc,tta_circular_consistency,angle_error_gt_5deg,absolute_0.01,0.010000,audit,1,a54d572b03a712ff73f855cc374b620f515bdcb752d22edf56f720267c832059,a54d572b03a712ff73f855cc374b620f515bdcb752d22edf56f720267c832059,True
E,SODA-A,rotated_retinanet_psc,tta_circular_consistency,angle_error_gt_5deg,relative_0.5_r_fit,0.046883,calib,1,8be4164f1d91450d63842165be8401b742eb9ae348e56988cb9bea815c5dc832,8be4164f1d91450d63842165be8401b742eb9ae348e56988cb9bea815c5dc832,True
E,SODA-A,rotated_retinanet_psc,tta_circular_consistency,angle_error_gt_5deg,relative_0.5_r_fit,0.046883,audit,1,8be4164f1d91450d63842165be8401b742eb9ae348e56988cb9bea815c5dc832,8be4164f1d91450d63842165be8401b742eb9ae348e56988cb9bea815c5dc832,True
E,SODA-A,rotated_retinanet_psc,tta_circular_consistency,angle_error_gt_5deg,relative_0.25_r_fit,0.023442,calib,1,d452d6512b5046559a7eba4cec4e546fa6bc0bb2413a1316e0ac96930e5b7edf,d452d6512b5046559a7eba4cec4e546fa6bc0bb2413a1316e0ac96930e5b7edf,True
E,SODA-A,rotated_retinanet_psc,tta_circular_consistency,angle_error_gt_5deg,relative_0.25_r_fit,0.023442,audit,1,d452d6512b5046559a7eba4cec4e546fa6bc0bb2413a1316e0ac96930e5b7edf,d452d6512b5046559a7eba4cec4e546fa6bc0bb2413a1316e0ac96930e5b7edf,True
E,SODA-A,rotated_retinanet_psc,source_supervised_leave_geometry,angle_error_gt_5deg,absolute_0.001,0.001000,calib,1,267870744dc7ef43a0661f87b303feaebda75f6df9224b2d1ca223e9c2ba703c,e7c8bff54da369b400decbf7bdf59b1302ff2cb5339594162531efcb29c1eaa1,False
E,SODA-A,rotated_retinanet_psc,source_supervised_leave_geometry,angle_error_gt_5deg,absolute_0.001,0.001000,audit,1,267870744dc7ef43a0661f87b303feaebda75f6df9224b2d1ca223e9c2ba703c,e7c8bff54da369b400decbf7bdf59b1302ff2cb5339594162531efcb29c1eaa1,False
E,SODA-A,rotated_retinanet_psc,source_supervised_leave_geometry,angle_error_gt_5deg,absolute_0.0025,0.002500,calib,1,267870744dc7ef43a0661f87b303feaebda75f6df9224b2d1ca223e9c2ba703c,e7c8bff54da369b400decbf7bdf59b1302ff2cb5339594162531efcb29c1eaa1,False
E,SODA-A,rotated_retinanet_psc,source_supervised_leave_geometry,angle_error_gt_5deg,absolute_0.0025,0.002500,audit,1,267870744dc7ef43a0661f87b303feaebda75f6df9224b2d1ca223e9c2ba703c,e7c8bff54da369b400decbf7bdf59b1302ff2cb5339594162531efcb29c1eaa1,False
E,SODA-A,rotated_retinanet_psc,source_supervised_leave_geometry,angle_error_gt_5deg,absolute_0.005,0.005000,calib,1,267870744dc7ef43a0661f87b303feaebda75f6df9224b2d1ca223e9c2ba703c,e7c8bff54da369b400decbf7bdf59b1302ff2cb5339594162531efcb29c1eaa1,False
E,SODA-A,rotated_retinanet_psc,source_supervised_leave_geometry,angle_error_gt_5deg,absolute_0.005,0.005000,audit,1,267870744dc7ef43a0661f87b303feaebda75f6df9224b2d1ca223e9c2ba703c,e7c8bff54da369b400decbf7bdf59b1302ff2cb5339594162531efcb29c1eaa1,False
E,SODA-A,rotated_retinanet_psc,source_supervised_leave_geometry,angle_error_gt_5deg,absolute_0.01,0.010000,calib,1,267870744dc7ef43a0661f87b303feaebda75f6df9224b2d1ca223e9c2ba703c,e7c8bff54da369b400decbf7bdf59b1302ff2cb5339594162531efcb29c1eaa1,False
E,SODA-A,rotated_retinanet_psc,source_supervised_leave_geometry,angle_error_gt_5deg,absolute_0.01,0.010000,audit,1,267870744dc7ef43a0661f87b303feaebda75f6df9224b2d1ca223e9c2ba703c,e7c8bff54da369b400decbf7bdf59b1302ff2cb5339594162531efcb29c1eaa1,False
E,SODA-A,rotated_retinanet_psc,source_supervised_leave_geometry,angle_error_gt_5deg,relative_0.5_r_fit,0.046883,calib,1,9060c5a3b2a651ec783442a96d3caaf5e0983d56434b42b0fc84dbde0ee4934a,0b1d1b647e891676a333779284733d3ba906859826cf57347cdb58c067678a34,False
E,SODA-A,rotated_retinanet_psc,source_supervised_leave_geometry,angle_error_gt_5deg,relative_0.5_r_fit,0.046883,audit,1,9060c5a3b2a651ec783442a96d3caaf5e0983d56434b42b0fc84dbde0ee4934a,0b1d1b647e891676a333779284733d3ba906859826cf57347cdb58c067678a34,False
E,SODA-A,rotated_retinanet_psc,source_supervised_leave_geometry,angle_error_gt_5deg,relative_0.25_r_fit,0.023442,calib,1,0376b56cba890db5594aa61ee3241133989273e5e61c86b3eb62c658a507c19a,e341388c0083bd9c6750abf0736b3a96459900b3ed8459fbd5579846ebcb71ae,False
E,SODA-A,rotated_retinanet_psc,source_supervised_leave_geometry,angle_error_gt_5deg,relative_0.25_r_fit,0.023442,audit,1,0376b56cba890db5594aa61ee3241133989273e5e61c86b3eb62c658a507c19a,e341388c0083bd9c6750abf0736b3a96459900b3ed8459fbd5579846ebcb71ae,False
E,SODA-A,rotated_retinanet_psc,target_gt_nonlinear_geometry_upper_bound,angle_error_gt_5deg,absolute_0.001,0.001000,calib,1,3022c38e76ac6b3474e709c5bb09ea796108489aea3d94331d14778dd9ed3240,3022c38e76ac6b3474e709c5bb09ea796108489aea3d94331d14778dd9ed3240,True
E,SODA-A,rotated_retinanet_psc,target_gt_nonlinear_geometry_upper_bound,angle_error_gt_5deg,absolute_0.001,0.001000,audit,1,3022c38e76ac6b3474e709c5bb09ea796108489aea3d94331d14778dd9ed3240,3022c38e76ac6b3474e709c5bb09ea796108489aea3d94331d14778dd9ed3240,True
E,SODA-A,rotated_retinanet_psc,target_gt_nonlinear_geometry_upper_bound,angle_error_gt_5deg,absolute_0.0025,0.002500,calib,1,8a1643af8b75fc5627d0a50eab073d60990707fe6a22de27b2f11635c4500a7a,8a1643af8b75fc5627d0a50eab073d60990707fe6a22de27b2f11635c4500a7a,True
E,SODA-A,rotated_retinanet_psc,target_gt_nonlinear_geometry_upper_bound,angle_error_gt_5deg,absolute_0.0025,0.002500,audit,1,8a1643af8b75fc5627d0a50eab073d60990707fe6a22de27b2f11635c4500a7a,8a1643af8b75fc5627d0a50eab073d60990707fe6a22de27b2f11635c4500a7a,True
E,SODA-A,rotated_retinanet_psc,target_gt_nonlinear_geometry_upper_bound,angle_error_gt_5deg,absolute_0.005,0.005000,calib,1,91d60e693f4cab9b5f968359d8e5acc5f8bcff5dc9eed21e8b8bab23feb197d7,91d60e693f4cab9b5f968359d8e5acc5f8bcff5dc9eed21e8b8bab23feb197d7,True
E,SODA-A,rotated_retinanet_psc,target_gt_nonlinear_geometry_upper_bound,angle_error_gt_5deg,absolute_0.005,0.005000,audit,1,91d60e693f4cab9b5f968359d8e5acc5f8bcff5dc9eed21e8b8bab23feb197d7,91d60e693f4cab9b5f968359d8e5acc5f8bcff5dc9eed21e8b8bab23feb197d7,True
E,SODA-A,rotated_retinanet_psc,target_gt_nonlinear_geometry_upper_bound,angle_error_gt_5deg,absolute_0.01,0.010000,calib,1,893c672e00640dab4ac02c4c2cf04ec923850a052bf46c8c10ec730d249b5c3c,893c672e00640dab4ac02c4c2cf04ec923850a052bf46c8c10ec730d249b5c3c,True
E,SODA-A,rotated_retinanet_psc,target_gt_nonlinear_geometry_upper_bound,angle_error_gt_5deg,absolute_0.01,0.010000,audit,1,893c672e00640dab4ac02c4c2cf04ec923850a052bf46c8c10ec730d249b5c3c,893c672e00640dab4ac02c4c2cf04ec923850a052bf46c8c10ec730d249b5c3c,True
E,SODA-A,rotated_retinanet_psc,target_gt_nonlinear_geometry_upper_bound,angle_error_gt_5deg,relative_0.5_r_fit,0.046883,calib,1,3c034bf91ef707d087a47926025fb6a758d5dd8ad7a6a6812e3544ced655d9f7,3c034bf91ef707d087a47926025fb6a758d5dd8ad7a6a6812e3544ced655d9f7,True
E,SODA-A,rotated_retinanet_psc,target_gt_nonlinear_geometry_upper_bound,angle_error_gt_5deg,relative_0.5_r_fit,0.046883,audit,1,3c034bf91ef707d087a47926025fb6a758d5dd8ad7a6a6812e3544ced655d9f7,3c034bf91ef707d087a47926025fb6a758d5dd8ad7a6a6812e3544ced655d9f7,True
E,SODA-A,rotated_retinanet_psc,target_gt_nonlinear_geometry_upper_bound,angle_error_gt_5deg,relative_0.25_r_fit,0.023442,calib,1,093646225196dd96bbed241521a057af3f9b72be3825abf8124fb00941acb79c,093646225196dd96bbed241521a057af3f9b72be3825abf8124fb00941acb79c,True
E,SODA-A,rotated_retinanet_psc,target_gt_nonlinear_geometry_upper_bound,angle_error_gt_5deg,relative_0.25_r_fit,0.023442,audit,1,093646225196dd96bbed241521a057af3f9b72be3825abf8124fb00941acb79c,093646225196dd96bbed241521a057af3f9b72be3825abf8124fb00941acb79c,True
E,SODA-A,rotated_retinanet_psc,detection_score,angle_error_gt_10deg,absolute_0.001,0.001000,calib,1,1932ec05cbed5d178df446f40305b2f8ef15047931fcf21982b62fe3f8d124a7,1932ec05cbed5d178df446f40305b2f8ef15047931fcf21982b62fe3f8d124a7,True
E,SODA-A,rotated_retinanet_psc,detection_score,angle_error_gt_10deg,absolute_0.001,0.001000,audit,1,1932ec05cbed5d178df446f40305b2f8ef15047931fcf21982b62fe3f8d124a7,1932ec05cbed5d178df446f40305b2f8ef15047931fcf21982b62fe3f8d124a7,True
E,SODA-A,rotated_retinanet_psc,detection_score,angle_error_gt_10deg,absolute_0.0025,0.002500,calib,1,1932ec05cbed5d178df446f40305b2f8ef15047931fcf21982b62fe3f8d124a7,1932ec05cbed5d178df446f40305b2f8ef15047931fcf21982b62fe3f8d124a7,True
E,SODA-A,rotated_retinanet_psc,detection_score,angle_error_gt_10deg,absolute_0.0025,0.002500,audit,1,1932ec05cbed5d178df446f40305b2f8ef15047931fcf21982b62fe3f8d124a7,1932ec05cbed5d178df446f40305b2f8ef15047931fcf21982b62fe3f8d124a7,True
E,SODA-A,rotated_retinanet_psc,detection_score,angle_error_gt_10deg,absolute_0.005,0.005000,calib,1,1932ec05cbed5d178df446f40305b2f8ef15047931fcf21982b62fe3f8d124a7,1932ec05cbed5d178df446f40305b2f8ef15047931fcf21982b62fe3f8d124a7,True
E,SODA-A,rotated_retinanet_psc,detection_score,angle_error_gt_10deg,absolute_0.005,0.005000,audit,1,1932ec05cbed5d178df446f40305b2f8ef15047931fcf21982b62fe3f8d124a7,1932ec05cbed5d178df446f40305b2f8ef15047931fcf21982b62fe3f8d124a7,True
E,SODA-A,rotated_retinanet_psc,detection_score,angle_error_gt_10deg,absolute_0.01,0.010000,calib,1,5fc63acd62f50e0f098249874a87b3d32f0dde9a05fc6b1ffe59f851828cab77,5fc63acd62f50e0f098249874a87b3d32f0dde9a05fc6b1ffe59f851828cab77,True
E,SODA-A,rotated_retinanet_psc,detection_score,angle_error_gt_10deg,absolute_0.01,0.010000,audit,1,5fc63acd62f50e0f098249874a87b3d32f0dde9a05fc6b1ffe59f851828cab77,5fc63acd62f50e0f098249874a87b3d32f0dde9a05fc6b1ffe59f851828cab77,True
E,SODA-A,rotated_retinanet_psc,detection_score,angle_error_gt_10deg,relative_0.5_r_fit,0.006752,calib,1,1932ec05cbed5d178df446f40305b2f8ef15047931fcf21982b62fe3f8d124a7,1932ec05cbed5d178df446f40305b2f8ef15047931fcf21982b62fe3f8d124a7,True
E,SODA-A,rotated_retinanet_psc,detection_score,angle_error_gt_10deg,relative_0.5_r_fit,0.006752,audit,1,1932ec05cbed5d178df446f40305b2f8ef15047931fcf21982b62fe3f8d124a7,1932ec05cbed5d178df446f40305b2f8ef15047931fcf21982b62fe3f8d124a7,True
E,SODA-A,rotated_retinanet_psc,detection_score,angle_error_gt_10deg,relative_0.25_r_fit,0.003376,calib,1,1932ec05cbed5d178df446f40305b2f8ef15047931fcf21982b62fe3f8d124a7,1932ec05cbed5d178df446f40305b2f8ef15047931fcf21982b62fe3f8d124a7,True
E,SODA-A,rotated_retinanet_psc,detection_score,angle_error_gt_10deg,relative_0.25_r_fit,0.003376,audit,1,1932ec05cbed5d178df446f40305b2f8ef15047931fcf21982b62fe3f8d124a7,1932ec05cbed5d178df446f40305b2f8ef15047931fcf21982b62fe3f8d124a7,True
E,SODA-A,rotated_retinanet_psc,tta_circular_consistency,angle_error_gt_10deg,absolute_0.001,0.001000,calib,1,d1e47181bb502779e55b8ec75453c3e8ba1fb6bfdbdbb057e50208d4570189f5,d1e47181bb502779e55b8ec75453c3e8ba1fb6bfdbdbb057e50208d4570189f5,True
E,SODA-A,rotated_retinanet_psc,tta_circular_consistency,angle_error_gt_10deg,absolute_0.001,0.001000,audit,1,d1e47181bb502779e55b8ec75453c3e8ba1fb6bfdbdbb057e50208d4570189f5,d1e47181bb502779e55b8ec75453c3e8ba1fb6bfdbdbb057e50208d4570189f5,True
E,SODA-A,rotated_retinanet_psc,tta_circular_consistency,angle_error_gt_10deg,absolute_0.0025,0.002500,calib,1,466daeaaa82c1f5c1e8819f0737ea7fb42deb8bfba9c458a92ed29cc1db47e5b,466daeaaa82c1f5c1e8819f0737ea7fb42deb8bfba9c458a92ed29cc1db47e5b,True
E,SODA-A,rotated_retinanet_psc,tta_circular_consistency,angle_error_gt_10deg,absolute_0.0025,0.002500,audit,1,466daeaaa82c1f5c1e8819f0737ea7fb42deb8bfba9c458a92ed29cc1db47e5b,466daeaaa82c1f5c1e8819f0737ea7fb42deb8bfba9c458a92ed29cc1db47e5b,True
E,SODA-A,rotated_retinanet_psc,tta_circular_consistency,angle_error_gt_10deg,absolute_0.005,0.005000,calib,1,0feef3c730186f3d707ce3c04f6686d08e55bdd81991823662f64460bd8f07b6,0feef3c730186f3d707ce3c04f6686d08e55bdd81991823662f64460bd8f07b6,True
E,SODA-A,rotated_retinanet_psc,tta_circular_consistency,angle_error_gt_10deg,absolute_0.005,0.005000,audit,1,0feef3c730186f3d707ce3c04f6686d08e55bdd81991823662f64460bd8f07b6,0feef3c730186f3d707ce3c04f6686d08e55bdd81991823662f64460bd8f07b6,True
E,SODA-A,rotated_retinanet_psc,tta_circular_consistency,angle_error_gt_10deg,absolute_0.01,0.010000,calib,1,b6255b8c0579f97e61b9b766a6ea7038b3d1e9c545260b8297fb75dfb6d32301,b6255b8c0579f97e61b9b766a6ea7038b3d1e9c545260b8297fb75dfb6d32301,True
E,SODA-A,rotated_retinanet_psc,tta_circular_consistency,angle_error_gt_10deg,absolute_0.01,0.010000,audit,1,b6255b8c0579f97e61b9b766a6ea7038b3d1e9c545260b8297fb75dfb6d32301,b6255b8c0579f97e61b9b766a6ea7038b3d1e9c545260b8297fb75dfb6d32301,True
E,SODA-A,rotated_retinanet_psc,tta_circular_consistency,angle_error_gt_10deg,relative_0.5_r_fit,0.006752,calib,1,bab7dd23aae070e4b9c4dddf6411636c953d5b1f58271383f39f7064554a9cfb,bab7dd23aae070e4b9c4dddf6411636c953d5b1f58271383f39f7064554a9cfb,True
E,SODA-A,rotated_retinanet_psc,tta_circular_consistency,angle_error_gt_10deg,relative_0.5_r_fit,0.006752,audit,1,bab7dd23aae070e4b9c4dddf6411636c953d5b1f58271383f39f7064554a9cfb,bab7dd23aae070e4b9c4dddf6411636c953d5b1f58271383f39f7064554a9cfb,True
E,SODA-A,rotated_retinanet_psc,tta_circular_consistency,angle_error_gt_10deg,relative_0.25_r_fit,0.003376,calib,1,e1052e65f3bb1ca2364d58b2b0a0d7c88bce6826baddb718c14e733f98e14c53,e1052e65f3bb1ca2364d58b2b0a0d7c88bce6826baddb718c14e733f98e14c53,True
E,SODA-A,rotated_retinanet_psc,tta_circular_consistency,angle_error_gt_10deg,relative_0.25_r_fit,0.003376,audit,1,e1052e65f3bb1ca2364d58b2b0a0d7c88bce6826baddb718c14e733f98e14c53,e1052e65f3bb1ca2364d58b2b0a0d7c88bce6826baddb718c14e733f98e14c53,True
E,SODA-A,rotated_retinanet_psc,source_supervised_leave_geometry,angle_error_gt_10deg,absolute_0.001,0.001000,calib,1,267870744dc7ef43a0661f87b303feaebda75f6df9224b2d1ca223e9c2ba703c,e7c8bff54da369b400decbf7bdf59b1302ff2cb5339594162531efcb29c1eaa1,False
E,SODA-A,rotated_retinanet_psc,source_supervised_leave_geometry,angle_error_gt_10deg,absolute_0.001,0.001000,audit,1,267870744dc7ef43a0661f87b303feaebda75f6df9224b2d1ca223e9c2ba703c,e7c8bff54da369b400decbf7bdf59b1302ff2cb5339594162531efcb29c1eaa1,False
E,SODA-A,rotated_retinanet_psc,source_supervised_leave_geometry,angle_error_gt_10deg,absolute_0.0025,0.002500,calib,1,267870744dc7ef43a0661f87b303feaebda75f6df9224b2d1ca223e9c2ba703c,e7c8bff54da369b400decbf7bdf59b1302ff2cb5339594162531efcb29c1eaa1,False
E,SODA-A,rotated_retinanet_psc,source_supervised_leave_geometry,angle_error_gt_10deg,absolute_0.0025,0.002500,audit,1,267870744dc7ef43a0661f87b303feaebda75f6df9224b2d1ca223e9c2ba703c,e7c8bff54da369b400decbf7bdf59b1302ff2cb5339594162531efcb29c1eaa1,False
E,SODA-A,rotated_retinanet_psc,source_supervised_leave_geometry,angle_error_gt_10deg,absolute_0.005,0.005000,calib,1,5066b5068c9f5571caf1c486c3ac882a598b797479bfff6a0351cee89d3bb3ab,f99ca9a72bd6556c025d2c1197efd8101bfc9375be584cfa1b1c743d51a73532,False
E,SODA-A,rotated_retinanet_psc,source_supervised_leave_geometry,angle_error_gt_10deg,absolute_0.005,0.005000,audit,1,5066b5068c9f5571caf1c486c3ac882a598b797479bfff6a0351cee89d3bb3ab,f99ca9a72bd6556c025d2c1197efd8101bfc9375be584cfa1b1c743d51a73532,False
E,SODA-A,rotated_retinanet_psc,source_supervised_leave_geometry,angle_error_gt_10deg,absolute_0.01,0.010000,calib,1,f33efb05826b5a93abd45106b620899a8f7e30065e4fbb050cdee1efd118bb17,10050a896fbf6602b78e9b6dec4e918e787d36f0b6a1695db7a79667bcf7ffe5,False
E,SODA-A,rotated_retinanet_psc,source_supervised_leave_geometry,angle_error_gt_10deg,absolute_0.01,0.010000,audit,1,f33efb05826b5a93abd45106b620899a8f7e30065e4fbb050cdee1efd118bb17,10050a896fbf6602b78e9b6dec4e918e787d36f0b6a1695db7a79667bcf7ffe5,False
E,SODA-A,rotated_retinanet_psc,source_supervised_leave_geometry,angle_error_gt_10deg,relative_0.5_r_fit,0.006752,calib,1,8e07bb87842e6043c94dcba8b83083afd01a2b8891d54127a172488f902c5817,4d30a9fca5c2116c4fe8a353b1f8f686e7da62c2dcab7c6f31b72bb17b4e527c,False
E,SODA-A,rotated_retinanet_psc,source_supervised_leave_geometry,angle_error_gt_10deg,relative_0.5_r_fit,0.006752,audit,1,8e07bb87842e6043c94dcba8b83083afd01a2b8891d54127a172488f902c5817,4d30a9fca5c2116c4fe8a353b1f8f686e7da62c2dcab7c6f31b72bb17b4e527c,False
E,SODA-A,rotated_retinanet_psc,source_supervised_leave_geometry,angle_error_gt_10deg,relative_0.25_r_fit,0.003376,calib,1,267870744dc7ef43a0661f87b303feaebda75f6df9224b2d1ca223e9c2ba703c,e7c8bff54da369b400decbf7bdf59b1302ff2cb5339594162531efcb29c1eaa1,False
E,SODA-A,rotated_retinanet_psc,source_supervised_leave_geometry,angle_error_gt_10deg,relative_0.25_r_fit,0.003376,audit,1,267870744dc7ef43a0661f87b303feaebda75f6df9224b2d1ca223e9c2ba703c,e7c8bff54da369b400decbf7bdf59b1302ff2cb5339594162531efcb29c1eaa1,False
E,SODA-A,rotated_retinanet_psc,target_gt_nonlinear_geometry_upper_bound,angle_error_gt_10deg,absolute_0.001,0.001000,calib,1,3022c38e76ac6b3474e709c5bb09ea796108489aea3d94331d14778dd9ed3240,3022c38e76ac6b3474e709c5bb09ea796108489aea3d94331d14778dd9ed3240,True
E,SODA-A,rotated_retinanet_psc,target_gt_nonlinear_geometry_upper_bound,angle_error_gt_10deg,absolute_0.001,0.001000,audit,1,3022c38e76ac6b3474e709c5bb09ea796108489aea3d94331d14778dd9ed3240,3022c38e76ac6b3474e709c5bb09ea796108489aea3d94331d14778dd9ed3240,True
E,SODA-A,rotated_retinanet_psc,target_gt_nonlinear_geometry_upper_bound,angle_error_gt_10deg,absolute_0.0025,0.002500,calib,1,797c94c4c7efd9765af50089fc9cd339abdd0d77427ab27bce967fe59f87fb44,797c94c4c7efd9765af50089fc9cd339abdd0d77427ab27bce967fe59f87fb44,True
E,SODA-A,rotated_retinanet_psc,target_gt_nonlinear_geometry_upper_bound,angle_error_gt_10deg,absolute_0.0025,0.002500,audit,1,797c94c4c7efd9765af50089fc9cd339abdd0d77427ab27bce967fe59f87fb44,797c94c4c7efd9765af50089fc9cd339abdd0d77427ab27bce967fe59f87fb44,True
E,SODA-A,rotated_retinanet_psc,target_gt_nonlinear_geometry_upper_bound,angle_error_gt_10deg,absolute_0.005,0.005000,calib,1,5b8db9bf3d15df240e5771647e1fc103fe97954569916d8c4545ee08303e3a95,5b8db9bf3d15df240e5771647e1fc103fe97954569916d8c4545ee08303e3a95,True
E,SODA-A,rotated_retinanet_psc,target_gt_nonlinear_geometry_upper_bound,angle_error_gt_10deg,absolute_0.005,0.005000,audit,1,5b8db9bf3d15df240e5771647e1fc103fe97954569916d8c4545ee08303e3a95,5b8db9bf3d15df240e5771647e1fc103fe97954569916d8c4545ee08303e3a95,True
E,SODA-A,rotated_retinanet_psc,target_gt_nonlinear_geometry_upper_bound,angle_error_gt_10deg,absolute_0.01,0.010000,calib,1,da08113365c1e466ef6cf0063e66e3fac91d91916ad423b7480b69cc6b61b041,da08113365c1e466ef6cf0063e66e3fac91d91916ad423b7480b69cc6b61b041,True
E,SODA-A,rotated_retinanet_psc,target_gt_nonlinear_geometry_upper_bound,angle_error_gt_10deg,absolute_0.01,0.010000,audit,1,da08113365c1e466ef6cf0063e66e3fac91d91916ad423b7480b69cc6b61b041,da08113365c1e466ef6cf0063e66e3fac91d91916ad423b7480b69cc6b61b041,True
E,SODA-A,rotated_retinanet_psc,target_gt_nonlinear_geometry_upper_bound,angle_error_gt_10deg,relative_0.5_r_fit,0.006752,calib,1,3841e4fe2038f1f45f71962b0bca86af6ae2beee7c846e877157bad33cafd0e5,3841e4fe2038f1f45f71962b0bca86af6ae2beee7c846e877157bad33cafd0e5,True
E,SODA-A,rotated_retinanet_psc,target_gt_nonlinear_geometry_upper_bound,angle_error_gt_10deg,relative_0.5_r_fit,0.006752,audit,1,3841e4fe2038f1f45f71962b0bca86af6ae2beee7c846e877157bad33cafd0e5,3841e4fe2038f1f45f71962b0bca86af6ae2beee7c846e877157bad33cafd0e5,True
E,SODA-A,rotated_retinanet_psc,target_gt_nonlinear_geometry_upper_bound,angle_error_gt_10deg,relative_0.25_r_fit,0.003376,calib,1,170d8e20d55be4aebe720864b650b76bee66dc871a5faf4d981a1348064b6dad,170d8e20d55be4aebe720864b650b76bee66dc871a5faf4d981a1348064b6dad,True
E,SODA-A,rotated_retinanet_psc,target_gt_nonlinear_geometry_upper_bound,angle_error_gt_10deg,relative_0.25_r_fit,0.003376,audit,1,170d8e20d55be4aebe720864b650b76bee66dc871a5faf4d981a1348064b6dad,170d8e20d55be4aebe720864b650b76bee66dc871a5faf4d981a1348064b6dad,True
E,SODA-A,rotated_retinanet_psc,detection_score,angle_error_gt_15deg,absolute_0.001,0.001000,calib,1,1932ec05cbed5d178df446f40305b2f8ef15047931fcf21982b62fe3f8d124a7,1932ec05cbed5d178df446f40305b2f8ef15047931fcf21982b62fe3f8d124a7,True
E,SODA-A,rotated_retinanet_psc,detection_score,angle_error_gt_15deg,absolute_0.001,0.001000,audit,1,1932ec05cbed5d178df446f40305b2f8ef15047931fcf21982b62fe3f8d124a7,1932ec05cbed5d178df446f40305b2f8ef15047931fcf21982b62fe3f8d124a7,True
E,SODA-A,rotated_retinanet_psc,detection_score,angle_error_gt_15deg,absolute_0.0025,0.002500,calib,1,6af9d8a6f78626e84fb09922fd8fb4e10ea229cbe48a84fae1198e0aa6e984be,6af9d8a6f78626e84fb09922fd8fb4e10ea229cbe48a84fae1198e0aa6e984be,True
E,SODA-A,rotated_retinanet_psc,detection_score,angle_error_gt_15deg,absolute_0.0025,0.002500,audit,1,6af9d8a6f78626e84fb09922fd8fb4e10ea229cbe48a84fae1198e0aa6e984be,6af9d8a6f78626e84fb09922fd8fb4e10ea229cbe48a84fae1198e0aa6e984be,True
E,SODA-A,rotated_retinanet_psc,detection_score,angle_error_gt_15deg,absolute_0.005,0.005000,calib,1,00660e8acce67e7c44a81820438e9c0b205922697570d6da9934dc7ec7a65ed4,00660e8acce67e7c44a81820438e9c0b205922697570d6da9934dc7ec7a65ed4,True
E,SODA-A,rotated_retinanet_psc,detection_score,angle_error_gt_15deg,absolute_0.005,0.005000,audit,1,00660e8acce67e7c44a81820438e9c0b205922697570d6da9934dc7ec7a65ed4,00660e8acce67e7c44a81820438e9c0b205922697570d6da9934dc7ec7a65ed4,True
E,SODA-A,rotated_retinanet_psc,detection_score,angle_error_gt_15deg,absolute_0.01,0.010000,calib,1,3fe7292c8694d73411896a8f35ee5d312d3123b4593e28a62133902e4451bd33,3fe7292c8694d73411896a8f35ee5d312d3123b4593e28a62133902e4451bd33,True
E,SODA-A,rotated_retinanet_psc,detection_score,angle_error_gt_15deg,absolute_0.01,0.010000,audit,1,3fe7292c8694d73411896a8f35ee5d312d3123b4593e28a62133902e4451bd33,3fe7292c8694d73411896a8f35ee5d312d3123b4593e28a62133902e4451bd33,True
E,SODA-A,rotated_retinanet_psc,detection_score,angle_error_gt_15deg,relative_0.5_r_fit,0.001466,calib,1,1932ec05cbed5d178df446f40305b2f8ef15047931fcf21982b62fe3f8d124a7,1932ec05cbed5d178df446f40305b2f8ef15047931fcf21982b62fe3f8d124a7,True
E,SODA-A,rotated_retinanet_psc,detection_score,angle_error_gt_15deg,relative_0.5_r_fit,0.001466,audit,1,1932ec05cbed5d178df446f40305b2f8ef15047931fcf21982b62fe3f8d124a7,1932ec05cbed5d178df446f40305b2f8ef15047931fcf21982b62fe3f8d124a7,True
E,SODA-A,rotated_retinanet_psc,detection_score,angle_error_gt_15deg,relative_0.25_r_fit,0.000733,calib,1,1932ec05cbed5d178df446f40305b2f8ef15047931fcf21982b62fe3f8d124a7,1932ec05cbed5d178df446f40305b2f8ef15047931fcf21982b62fe3f8d124a7,True
E,SODA-A,rotated_retinanet_psc,detection_score,angle_error_gt_15deg,relative_0.25_r_fit,0.000733,audit,1,1932ec05cbed5d178df446f40305b2f8ef15047931fcf21982b62fe3f8d124a7,1932ec05cbed5d178df446f40305b2f8ef15047931fcf21982b62fe3f8d124a7,True
E,SODA-A,rotated_retinanet_psc,tta_circular_consistency,angle_error_gt_15deg,absolute_0.001,0.001000,calib,1,e26d9c238e12f98fd4d431bac4fce14c7af0143f821d26064868fe5443fc42d7,e26d9c238e12f98fd4d431bac4fce14c7af0143f821d26064868fe5443fc42d7,True
E,SODA-A,rotated_retinanet_psc,tta_circular_consistency,angle_error_gt_15deg,absolute_0.001,0.001000,audit,1,e26d9c238e12f98fd4d431bac4fce14c7af0143f821d26064868fe5443fc42d7,e26d9c238e12f98fd4d431bac4fce14c7af0143f821d26064868fe5443fc42d7,True
E,SODA-A,rotated_retinanet_psc,tta_circular_consistency,angle_error_gt_15deg,absolute_0.0025,0.002500,calib,1,0d61536ce32a82c088d4ce68108b6bf373f825067db9ea47a5e1483aba03980e,0d61536ce32a82c088d4ce68108b6bf373f825067db9ea47a5e1483aba03980e,True
E,SODA-A,rotated_retinanet_psc,tta_circular_consistency,angle_error_gt_15deg,absolute_0.0025,0.002500,audit,1,0d61536ce32a82c088d4ce68108b6bf373f825067db9ea47a5e1483aba03980e,0d61536ce32a82c088d4ce68108b6bf373f825067db9ea47a5e1483aba03980e,True
E,SODA-A,rotated_retinanet_psc,tta_circular_consistency,angle_error_gt_15deg,absolute_0.005,0.005000,calib,1,b44eb4342fe061e42c42a7d33b8c6986dd0e0afea81c808d11d8b1a5cb193564,b44eb4342fe061e42c42a7d33b8c6986dd0e0afea81c808d11d8b1a5cb193564,True
E,SODA-A,rotated_retinanet_psc,tta_circular_consistency,angle_error_gt_15deg,absolute_0.005,0.005000,audit,1,b44eb4342fe061e42c42a7d33b8c6986dd0e0afea81c808d11d8b1a5cb193564,b44eb4342fe061e42c42a7d33b8c6986dd0e0afea81c808d11d8b1a5cb193564,True
E,SODA-A,rotated_retinanet_psc,tta_circular_consistency,angle_error_gt_15deg,absolute_0.01,0.010000,calib,1,bde1913c60259ebbb6b104a781c3e23ee53d07fb8a717d699126b5e98fc94faa,bde1913c60259ebbb6b104a781c3e23ee53d07fb8a717d699126b5e98fc94faa,True
E,SODA-A,rotated_retinanet_psc,tta_circular_consistency,angle_error_gt_15deg,absolute_0.01,0.010000,audit,1,bde1913c60259ebbb6b104a781c3e23ee53d07fb8a717d699126b5e98fc94faa,bde1913c60259ebbb6b104a781c3e23ee53d07fb8a717d699126b5e98fc94faa,True
E,SODA-A,rotated_retinanet_psc,tta_circular_consistency,angle_error_gt_15deg,relative_0.5_r_fit,0.001466,calib,1,ff905f608a8c7d99f50ba3fe0ac7826665bb0485dacd1d1b331a4dfbc3fb6afd,ff905f608a8c7d99f50ba3fe0ac7826665bb0485dacd1d1b331a4dfbc3fb6afd,True
E,SODA-A,rotated_retinanet_psc,tta_circular_consistency,angle_error_gt_15deg,relative_0.5_r_fit,0.001466,audit,1,ff905f608a8c7d99f50ba3fe0ac7826665bb0485dacd1d1b331a4dfbc3fb6afd,ff905f608a8c7d99f50ba3fe0ac7826665bb0485dacd1d1b331a4dfbc3fb6afd,True
E,SODA-A,rotated_retinanet_psc,tta_circular_consistency,angle_error_gt_15deg,relative_0.25_r_fit,0.000733,calib,1,21613050535d1daf8384b03e22982382cc2d50427da43c728f8dd24fa3d5c8e8,21613050535d1daf8384b03e22982382cc2d50427da43c728f8dd24fa3d5c8e8,True
E,SODA-A,rotated_retinanet_psc,tta_circular_consistency,angle_error_gt_15deg,relative_0.25_r_fit,0.000733,audit,1,21613050535d1daf8384b03e22982382cc2d50427da43c728f8dd24fa3d5c8e8,21613050535d1daf8384b03e22982382cc2d50427da43c728f8dd24fa3d5c8e8,True
E,SODA-A,rotated_retinanet_psc,source_supervised_leave_geometry,angle_error_gt_15deg,absolute_0.001,0.001000,calib,1,34404e729b67e4ee9a7fb810b33bc9df428fb3fce58a17ed108ab26a1ac1b4bd,452ba4571d75db38bddea0bd06f153cd23c741af8da8a82323d5388624bf7cb9,False
E,SODA-A,rotated_retinanet_psc,source_supervised_leave_geometry,angle_error_gt_15deg,absolute_0.001,0.001000,audit,1,34404e729b67e4ee9a7fb810b33bc9df428fb3fce58a17ed108ab26a1ac1b4bd,452ba4571d75db38bddea0bd06f153cd23c741af8da8a82323d5388624bf7cb9,False
E,SODA-A,rotated_retinanet_psc,source_supervised_leave_geometry,angle_error_gt_15deg,absolute_0.0025,0.002500,calib,1,f752e97506cb9c807fdaec7da293aba9fec69dc8a200efefcc65979f49728e76,dec00a47043142a706031c2bfc48dd49747fa1234b7f0efa34dd9e746fd0a112,False
E,SODA-A,rotated_retinanet_psc,source_supervised_leave_geometry,angle_error_gt_15deg,absolute_0.0025,0.002500,audit,1,f752e97506cb9c807fdaec7da293aba9fec69dc8a200efefcc65979f49728e76,dec00a47043142a706031c2bfc48dd49747fa1234b7f0efa34dd9e746fd0a112,False
E,SODA-A,rotated_retinanet_psc,source_supervised_leave_geometry,angle_error_gt_15deg,absolute_0.005,0.005000,calib,1,96bae2a8ae1caaa92dac371777c7827931f76935638e68de5535175e1970683c,17cab86009a5073a5a4b6b37f5064b542caf127a9bb0b7558dec0ef5f81fddb5,False
E,SODA-A,rotated_retinanet_psc,source_supervised_leave_geometry,angle_error_gt_15deg,absolute_0.005,0.005000,audit,1,96bae2a8ae1caaa92dac371777c7827931f76935638e68de5535175e1970683c,17cab86009a5073a5a4b6b37f5064b542caf127a9bb0b7558dec0ef5f81fddb5,False
E,SODA-A,rotated_retinanet_psc,source_supervised_leave_geometry,angle_error_gt_15deg,absolute_0.01,0.010000,calib,1,76147f1c0aedf006f6a1e5fde5c81cdbd74e8eeb90724d349d215b488be35e73,6ec5f95edd1002858223350e185c02200f4c54cbbdb9cf22db99b46198031ab4,False
E,SODA-A,rotated_retinanet_psc,source_supervised_leave_geometry,angle_error_gt_15deg,absolute_0.01,0.010000,audit,1,76147f1c0aedf006f6a1e5fde5c81cdbd74e8eeb90724d349d215b488be35e73,6ec5f95edd1002858223350e185c02200f4c54cbbdb9cf22db99b46198031ab4,False
E,SODA-A,rotated_retinanet_psc,source_supervised_leave_geometry,angle_error_gt_15deg,relative_0.5_r_fit,0.001466,calib,1,c47fc6e97fd3f7f86fa28a42a7bc57a0c136cdffd09c3d37c395677ef4a2f4c2,c9fd6f13b8d93c5cc8130420e8cbd437aaecf88d53eca340005b82b20101c6bd,False
E,SODA-A,rotated_retinanet_psc,source_supervised_leave_geometry,angle_error_gt_15deg,relative_0.5_r_fit,0.001466,audit,1,c47fc6e97fd3f7f86fa28a42a7bc57a0c136cdffd09c3d37c395677ef4a2f4c2,c9fd6f13b8d93c5cc8130420e8cbd437aaecf88d53eca340005b82b20101c6bd,False
E,SODA-A,rotated_retinanet_psc,source_supervised_leave_geometry,angle_error_gt_15deg,relative_0.25_r_fit,0.000733,calib,1,fa3884924247df207bf70e8ae409c242d780d56b823943b408bb4fa3eb1b9a69,87eef30e327e535039a750d0336aebba807d4a43da4e12a842e6b752dd3d2c36,False
E,SODA-A,rotated_retinanet_psc,source_supervised_leave_geometry,angle_error_gt_15deg,relative_0.25_r_fit,0.000733,audit,1,fa3884924247df207bf70e8ae409c242d780d56b823943b408bb4fa3eb1b9a69,87eef30e327e535039a750d0336aebba807d4a43da4e12a842e6b752dd3d2c36,False
E,SODA-A,rotated_retinanet_psc,target_gt_nonlinear_geometry_upper_bound,angle_error_gt_15deg,absolute_0.001,0.001000,calib,1,5f7c63d901df1870472be531d35d8fbd98e763168874f1d1dfde4ebc086c2197,5f7c63d901df1870472be531d35d8fbd98e763168874f1d1dfde4ebc086c2197,True
E,SODA-A,rotated_retinanet_psc,target_gt_nonlinear_geometry_upper_bound,angle_error_gt_15deg,absolute_0.001,0.001000,audit,1,5f7c63d901df1870472be531d35d8fbd98e763168874f1d1dfde4ebc086c2197,5f7c63d901df1870472be531d35d8fbd98e763168874f1d1dfde4ebc086c2197,True
E,SODA-A,rotated_retinanet_psc,target_gt_nonlinear_geometry_upper_bound,angle_error_gt_15deg,absolute_0.0025,0.002500,calib,1,5e5727c572511525d464f7121a5c202f090d8e5faf9ec55fe88415e9d2c0e4e7,5e5727c572511525d464f7121a5c202f090d8e5faf9ec55fe88415e9d2c0e4e7,True
E,SODA-A,rotated_retinanet_psc,target_gt_nonlinear_geometry_upper_bound,angle_error_gt_15deg,absolute_0.0025,0.002500,audit,1,5e5727c572511525d464f7121a5c202f090d8e5faf9ec55fe88415e9d2c0e4e7,5e5727c572511525d464f7121a5c202f090d8e5faf9ec55fe88415e9d2c0e4e7,True
E,SODA-A,rotated_retinanet_psc,target_gt_nonlinear_geometry_upper_bound,angle_error_gt_15deg,absolute_0.005,0.005000,calib,1,4a2f42139f40ab73ba5b13be376b8d0c6db496e317b08448cac38f44fe1f1ffc,4a2f42139f40ab73ba5b13be376b8d0c6db496e317b08448cac38f44fe1f1ffc,True
E,SODA-A,rotated_retinanet_psc,target_gt_nonlinear_geometry_upper_bound,angle_error_gt_15deg,absolute_0.005,0.005000,audit,1,4a2f42139f40ab73ba5b13be376b8d0c6db496e317b08448cac38f44fe1f1ffc,4a2f42139f40ab73ba5b13be376b8d0c6db496e317b08448cac38f44fe1f1ffc,True
E,SODA-A,rotated_retinanet_psc,target_gt_nonlinear_geometry_upper_bound,angle_error_gt_15deg,absolute_0.01,0.010000,calib,1,eb809c83233e334e05b11f5ac23bcdb19ce34a88f514330c07b3bf29429f5829,eb809c83233e334e05b11f5ac23bcdb19ce34a88f514330c07b3bf29429f5829,True
E,SODA-A,rotated_retinanet_psc,target_gt_nonlinear_geometry_upper_bound,angle_error_gt_15deg,absolute_0.01,0.010000,audit,1,eb809c83233e334e05b11f5ac23bcdb19ce34a88f514330c07b3bf29429f5829,eb809c83233e334e05b11f5ac23bcdb19ce34a88f514330c07b3bf29429f5829,True
E,SODA-A,rotated_retinanet_psc,target_gt_nonlinear_geometry_upper_bound,angle_error_gt_15deg,relative_0.5_r_fit,0.001466,calib,1,60bc1e1adb8752990b958e90fc9f0af7d504348f7066722426ae997383ee6bc6,60bc1e1adb8752990b958e90fc9f0af7d504348f7066722426ae997383ee6bc6,True
E,SODA-A,rotated_retinanet_psc,target_gt_nonlinear_geometry_upper_bound,angle_error_gt_15deg,relative_0.5_r_fit,0.001466,audit,1,60bc1e1adb8752990b958e90fc9f0af7d504348f7066722426ae997383ee6bc6,60bc1e1adb8752990b958e90fc9f0af7d504348f7066722426ae997383ee6bc6,True
E,SODA-A,rotated_retinanet_psc,target_gt_nonlinear_geometry_upper_bound,angle_error_gt_15deg,relative_0.25_r_fit,0.000733,calib,1,d50f4ee931b7fd832523c9843c923840920aa0a171a9108e8dc686182d1b6baa,d50f4ee931b7fd832523c9843c923840920aa0a171a9108e8dc686182d1b6baa,True
E,SODA-A,rotated_retinanet_psc,target_gt_nonlinear_geometry_upper_bound,angle_error_gt_15deg,relative_0.25_r_fit,0.000733,audit,1,d50f4ee931b7fd832523c9843c923840920aa0a171a9108e8dc686182d1b6baa,d50f4ee931b7fd832523c9843c923840920aa0a171a9108e8dc686182d1b6baa,True
F,SODA-A,oriented_rcnn,detection_score,geometry_normalized_severe,absolute_0.001,0.001000,calib,1,34a68837aced23a1f3f5f347eec8a98caf6c5df0a2684fa37cd6818ad04d3b75,34a68837aced23a1f3f5f347eec8a98caf6c5df0a2684fa37cd6818ad04d3b75,True
F,SODA-A,oriented_rcnn,detection_score,geometry_normalized_severe,absolute_0.001,0.001000,audit,1,34a68837aced23a1f3f5f347eec8a98caf6c5df0a2684fa37cd6818ad04d3b75,34a68837aced23a1f3f5f347eec8a98caf6c5df0a2684fa37cd6818ad04d3b75,True
F,SODA-A,oriented_rcnn,detection_score,geometry_normalized_severe,absolute_0.0025,0.002500,calib,1,4ea3a16c5c9981cdb2c0c1afd91be63b496820674b6ae52e313a44111d5a1200,4ea3a16c5c9981cdb2c0c1afd91be63b496820674b6ae52e313a44111d5a1200,True
F,SODA-A,oriented_rcnn,detection_score,geometry_normalized_severe,absolute_0.0025,0.002500,audit,1,4ea3a16c5c9981cdb2c0c1afd91be63b496820674b6ae52e313a44111d5a1200,4ea3a16c5c9981cdb2c0c1afd91be63b496820674b6ae52e313a44111d5a1200,True
F,SODA-A,oriented_rcnn,detection_score,geometry_normalized_severe,absolute_0.005,0.005000,calib,1,f50500ad1a2746f7aae2d5d8925a38c4205edc5e7985030501c05a29f6bf91fb,f50500ad1a2746f7aae2d5d8925a38c4205edc5e7985030501c05a29f6bf91fb,True
F,SODA-A,oriented_rcnn,detection_score,geometry_normalized_severe,absolute_0.005,0.005000,audit,1,f50500ad1a2746f7aae2d5d8925a38c4205edc5e7985030501c05a29f6bf91fb,f50500ad1a2746f7aae2d5d8925a38c4205edc5e7985030501c05a29f6bf91fb,True
F,SODA-A,oriented_rcnn,detection_score,geometry_normalized_severe,absolute_0.01,0.010000,calib,1,6b7a64371f912ce5bb3afbe176a3f7c52b0adcce7cbb5adc152f5346e8fff46f,6b7a64371f912ce5bb3afbe176a3f7c52b0adcce7cbb5adc152f5346e8fff46f,True
F,SODA-A,oriented_rcnn,detection_score,geometry_normalized_severe,absolute_0.01,0.010000,audit,1,6b7a64371f912ce5bb3afbe176a3f7c52b0adcce7cbb5adc152f5346e8fff46f,6b7a64371f912ce5bb3afbe176a3f7c52b0adcce7cbb5adc152f5346e8fff46f,True
F,SODA-A,oriented_rcnn,detection_score,geometry_normalized_severe,relative_0.5_r_fit,0.001813,calib,1,77635a7ce77595f773f0acba985d2d26d0e8bbd50496788a1c3d17e83e7e7863,77635a7ce77595f773f0acba985d2d26d0e8bbd50496788a1c3d17e83e7e7863,True
F,SODA-A,oriented_rcnn,detection_score,geometry_normalized_severe,relative_0.5_r_fit,0.001813,audit,1,77635a7ce77595f773f0acba985d2d26d0e8bbd50496788a1c3d17e83e7e7863,77635a7ce77595f773f0acba985d2d26d0e8bbd50496788a1c3d17e83e7e7863,True
F,SODA-A,oriented_rcnn,detection_score,geometry_normalized_severe,relative_0.25_r_fit,0.000907,calib,1,80b0be4525d567fa3b111f934b7a37ed274735d2679cb625297e5fc26551b6b3,80b0be4525d567fa3b111f934b7a37ed274735d2679cb625297e5fc26551b6b3,True
F,SODA-A,oriented_rcnn,detection_score,geometry_normalized_severe,relative_0.25_r_fit,0.000907,audit,1,80b0be4525d567fa3b111f934b7a37ed274735d2679cb625297e5fc26551b6b3,80b0be4525d567fa3b111f934b7a37ed274735d2679cb625297e5fc26551b6b3,True
F,SODA-A,oriented_rcnn,tta_circular_consistency,geometry_normalized_severe,absolute_0.001,0.001000,calib,1,35a54e777c3c97b26c5d627ae08db3037e3ab71281249afc22a767a659fc819d,35a54e777c3c97b26c5d627ae08db3037e3ab71281249afc22a767a659fc819d,True
F,SODA-A,oriented_rcnn,tta_circular_consistency,geometry_normalized_severe,absolute_0.001,0.001000,audit,1,35a54e777c3c97b26c5d627ae08db3037e3ab71281249afc22a767a659fc819d,35a54e777c3c97b26c5d627ae08db3037e3ab71281249afc22a767a659fc819d,True
F,SODA-A,oriented_rcnn,tta_circular_consistency,geometry_normalized_severe,absolute_0.0025,0.002500,calib,1,da3aed6da878945399f26931ccd909eda3e48de85d5171c52036204b63441dac,da3aed6da878945399f26931ccd909eda3e48de85d5171c52036204b63441dac,True
F,SODA-A,oriented_rcnn,tta_circular_consistency,geometry_normalized_severe,absolute_0.0025,0.002500,audit,1,da3aed6da878945399f26931ccd909eda3e48de85d5171c52036204b63441dac,da3aed6da878945399f26931ccd909eda3e48de85d5171c52036204b63441dac,True
F,SODA-A,oriented_rcnn,tta_circular_consistency,geometry_normalized_severe,absolute_0.005,0.005000,calib,1,2cc6e3385740cae307b29b61cc9acca057473f80263a7b1a7d6183068ad6bf84,2cc6e3385740cae307b29b61cc9acca057473f80263a7b1a7d6183068ad6bf84,True
F,SODA-A,oriented_rcnn,tta_circular_consistency,geometry_normalized_severe,absolute_0.005,0.005000,audit,1,2cc6e3385740cae307b29b61cc9acca057473f80263a7b1a7d6183068ad6bf84,2cc6e3385740cae307b29b61cc9acca057473f80263a7b1a7d6183068ad6bf84,True
F,SODA-A,oriented_rcnn,tta_circular_consistency,geometry_normalized_severe,absolute_0.01,0.010000,calib,1,67b9d4999a4bf0be16d6f522a067d46df8d83355b7add8c41fd6954ebaa5e9c2,67b9d4999a4bf0be16d6f522a067d46df8d83355b7add8c41fd6954ebaa5e9c2,True
F,SODA-A,oriented_rcnn,tta_circular_consistency,geometry_normalized_severe,absolute_0.01,0.010000,audit,1,67b9d4999a4bf0be16d6f522a067d46df8d83355b7add8c41fd6954ebaa5e9c2,67b9d4999a4bf0be16d6f522a067d46df8d83355b7add8c41fd6954ebaa5e9c2,True
F,SODA-A,oriented_rcnn,tta_circular_consistency,geometry_normalized_severe,relative_0.5_r_fit,0.001813,calib,1,5cda5e733051ed9a1499be15e746b45034d433a391ffb77dc87b7aadbf87d9ed,5cda5e733051ed9a1499be15e746b45034d433a391ffb77dc87b7aadbf87d9ed,True
F,SODA-A,oriented_rcnn,tta_circular_consistency,geometry_normalized_severe,relative_0.5_r_fit,0.001813,audit,1,5cda5e733051ed9a1499be15e746b45034d433a391ffb77dc87b7aadbf87d9ed,5cda5e733051ed9a1499be15e746b45034d433a391ffb77dc87b7aadbf87d9ed,True
F,SODA-A,oriented_rcnn,tta_circular_consistency,geometry_normalized_severe,relative_0.25_r_fit,0.000907,calib,1,e23a68839b98bc5fd43a24daee2e6570f1310029c85c2ca8595060fa97e52d7d,e23a68839b98bc5fd43a24daee2e6570f1310029c85c2ca8595060fa97e52d7d,True
F,SODA-A,oriented_rcnn,tta_circular_consistency,geometry_normalized_severe,relative_0.25_r_fit,0.000907,audit,1,e23a68839b98bc5fd43a24daee2e6570f1310029c85c2ca8595060fa97e52d7d,e23a68839b98bc5fd43a24daee2e6570f1310029c85c2ca8595060fa97e52d7d,True
F,SODA-A,oriented_rcnn,source_supervised_leave_geometry,geometry_normalized_severe,absolute_0.001,0.001000,calib,1,c217334d61bd708dde005b7ffe818535849cae6cfdb0341d4066160e3662ec5c,c217334d61bd708dde005b7ffe818535849cae6cfdb0341d4066160e3662ec5c,True
F,SODA-A,oriented_rcnn,source_supervised_leave_geometry,geometry_normalized_severe,absolute_0.001,0.001000,audit,1,c217334d61bd708dde005b7ffe818535849cae6cfdb0341d4066160e3662ec5c,c217334d61bd708dde005b7ffe818535849cae6cfdb0341d4066160e3662ec5c,True
F,SODA-A,oriented_rcnn,source_supervised_leave_geometry,geometry_normalized_severe,absolute_0.0025,0.002500,calib,1,349dad61a054448ae4f0fee6add45d5db45e2ed8eea63f0e003c6750c7eb71a0,349dad61a054448ae4f0fee6add45d5db45e2ed8eea63f0e003c6750c7eb71a0,True
F,SODA-A,oriented_rcnn,source_supervised_leave_geometry,geometry_normalized_severe,absolute_0.0025,0.002500,audit,1,349dad61a054448ae4f0fee6add45d5db45e2ed8eea63f0e003c6750c7eb71a0,349dad61a054448ae4f0fee6add45d5db45e2ed8eea63f0e003c6750c7eb71a0,True
F,SODA-A,oriented_rcnn,source_supervised_leave_geometry,geometry_normalized_severe,absolute_0.005,0.005000,calib,1,3cf3fa82ddbcaf9665494791167be72d12c76fd23b831f52c35ce8103851f667,3cf3fa82ddbcaf9665494791167be72d12c76fd23b831f52c35ce8103851f667,True
F,SODA-A,oriented_rcnn,source_supervised_leave_geometry,geometry_normalized_severe,absolute_0.005,0.005000,audit,1,3cf3fa82ddbcaf9665494791167be72d12c76fd23b831f52c35ce8103851f667,3cf3fa82ddbcaf9665494791167be72d12c76fd23b831f52c35ce8103851f667,True
F,SODA-A,oriented_rcnn,source_supervised_leave_geometry,geometry_normalized_severe,absolute_0.01,0.010000,calib,1,0382e13bb4a116956d17a1ac93f6219fbe98f42416b88f04ac469d2047c2969a,0382e13bb4a116956d17a1ac93f6219fbe98f42416b88f04ac469d2047c2969a,True
F,SODA-A,oriented_rcnn,source_supervised_leave_geometry,geometry_normalized_severe,absolute_0.01,0.010000,audit,1,0382e13bb4a116956d17a1ac93f6219fbe98f42416b88f04ac469d2047c2969a,0382e13bb4a116956d17a1ac93f6219fbe98f42416b88f04ac469d2047c2969a,True
F,SODA-A,oriented_rcnn,source_supervised_leave_geometry,geometry_normalized_severe,relative_0.5_r_fit,0.001813,calib,1,02ecb5f5e6535c3b247f886a787001ee4be281f55f19c051a2b507de8008b04c,02ecb5f5e6535c3b247f886a787001ee4be281f55f19c051a2b507de8008b04c,True
F,SODA-A,oriented_rcnn,source_supervised_leave_geometry,geometry_normalized_severe,relative_0.5_r_fit,0.001813,audit,1,02ecb5f5e6535c3b247f886a787001ee4be281f55f19c051a2b507de8008b04c,02ecb5f5e6535c3b247f886a787001ee4be281f55f19c051a2b507de8008b04c,True
F,SODA-A,oriented_rcnn,source_supervised_leave_geometry,geometry_normalized_severe,relative_0.25_r_fit,0.000907,calib,1,6e43882056fd9913282892af7df8d0db608e3790d879414a183856fa3b00dd1c,6e43882056fd9913282892af7df8d0db608e3790d879414a183856fa3b00dd1c,True
F,SODA-A,oriented_rcnn,source_supervised_leave_geometry,geometry_normalized_severe,relative_0.25_r_fit,0.000907,audit,1,6e43882056fd9913282892af7df8d0db608e3790d879414a183856fa3b00dd1c,6e43882056fd9913282892af7df8d0db608e3790d879414a183856fa3b00dd1c,True
F,SODA-A,oriented_rcnn,target_gt_nonlinear_geometry_upper_bound,geometry_normalized_severe,absolute_0.001,0.001000,calib,1,a37af1cee2fda7e4f71af77d8c2b3e6393a39ea07532ce726aae7eb05ea474db,a37af1cee2fda7e4f71af77d8c2b3e6393a39ea07532ce726aae7eb05ea474db,True
F,SODA-A,oriented_rcnn,target_gt_nonlinear_geometry_upper_bound,geometry_normalized_severe,absolute_0.001,0.001000,audit,1,a37af1cee2fda7e4f71af77d8c2b3e6393a39ea07532ce726aae7eb05ea474db,a37af1cee2fda7e4f71af77d8c2b3e6393a39ea07532ce726aae7eb05ea474db,True
F,SODA-A,oriented_rcnn,target_gt_nonlinear_geometry_upper_bound,geometry_normalized_severe,absolute_0.0025,0.002500,calib,1,0baee30bb0b82192ae6a3f6fc6b2420e294597e693bfaee8c0c6e2eb2df87781,0baee30bb0b82192ae6a3f6fc6b2420e294597e693bfaee8c0c6e2eb2df87781,True
F,SODA-A,oriented_rcnn,target_gt_nonlinear_geometry_upper_bound,geometry_normalized_severe,absolute_0.0025,0.002500,audit,1,0baee30bb0b82192ae6a3f6fc6b2420e294597e693bfaee8c0c6e2eb2df87781,0baee30bb0b82192ae6a3f6fc6b2420e294597e693bfaee8c0c6e2eb2df87781,True
F,SODA-A,oriented_rcnn,target_gt_nonlinear_geometry_upper_bound,geometry_normalized_severe,absolute_0.005,0.005000,calib,1,4692087644ed3a7bb459bc1cce4ccb57a04c3f1045fa674b56475c766750110d,4692087644ed3a7bb459bc1cce4ccb57a04c3f1045fa674b56475c766750110d,True
F,SODA-A,oriented_rcnn,target_gt_nonlinear_geometry_upper_bound,geometry_normalized_severe,absolute_0.005,0.005000,audit,1,4692087644ed3a7bb459bc1cce4ccb57a04c3f1045fa674b56475c766750110d,4692087644ed3a7bb459bc1cce4ccb57a04c3f1045fa674b56475c766750110d,True
F,SODA-A,oriented_rcnn,target_gt_nonlinear_geometry_upper_bound,geometry_normalized_severe,absolute_0.01,0.010000,calib,1,e5ef98ba046dd6372d6f0bdeb785c791bdc94721cd5557c4e96b6b0596a6878e,e5ef98ba046dd6372d6f0bdeb785c791bdc94721cd5557c4e96b6b0596a6878e,True
F,SODA-A,oriented_rcnn,target_gt_nonlinear_geometry_upper_bound,geometry_normalized_severe,absolute_0.01,0.010000,audit,1,e5ef98ba046dd6372d6f0bdeb785c791bdc94721cd5557c4e96b6b0596a6878e,e5ef98ba046dd6372d6f0bdeb785c791bdc94721cd5557c4e96b6b0596a6878e,True
F,SODA-A,oriented_rcnn,target_gt_nonlinear_geometry_upper_bound,geometry_normalized_severe,relative_0.5_r_fit,0.001813,calib,1,9fc24a348eedab4a0aa706f074ff72be9706ea00511d3d2f1fa39ba029fa6b04,9fc24a348eedab4a0aa706f074ff72be9706ea00511d3d2f1fa39ba029fa6b04,True
F,SODA-A,oriented_rcnn,target_gt_nonlinear_geometry_upper_bound,geometry_normalized_severe,relative_0.5_r_fit,0.001813,audit,1,9fc24a348eedab4a0aa706f074ff72be9706ea00511d3d2f1fa39ba029fa6b04,9fc24a348eedab4a0aa706f074ff72be9706ea00511d3d2f1fa39ba029fa6b04,True
F,SODA-A,oriented_rcnn,target_gt_nonlinear_geometry_upper_bound,geometry_normalized_severe,relative_0.25_r_fit,0.000907,calib,1,c9d5bb02a8598f2a316317f41316363ed2ef1a424b8c4927d982be0f002bd9f8,c9d5bb02a8598f2a316317f41316363ed2ef1a424b8c4927d982be0f002bd9f8,True
F,SODA-A,oriented_rcnn,target_gt_nonlinear_geometry_upper_bound,geometry_normalized_severe,relative_0.25_r_fit,0.000907,audit,1,c9d5bb02a8598f2a316317f41316363ed2ef1a424b8c4927d982be0f002bd9f8,c9d5bb02a8598f2a316317f41316363ed2ef1a424b8c4927d982be0f002bd9f8,True
F,SODA-A,oriented_rcnn,detection_score,angle_error_gt_5deg,absolute_0.001,0.001000,calib,1,0d871e5bbd77b2a638db7f8d746dea5ac0acab39399d5fae19c6aabb201db727,0d871e5bbd77b2a638db7f8d746dea5ac0acab39399d5fae19c6aabb201db727,True
F,SODA-A,oriented_rcnn,detection_score,angle_error_gt_5deg,absolute_0.001,0.001000,audit,1,0d871e5bbd77b2a638db7f8d746dea5ac0acab39399d5fae19c6aabb201db727,0d871e5bbd77b2a638db7f8d746dea5ac0acab39399d5fae19c6aabb201db727,True
F,SODA-A,oriented_rcnn,detection_score,angle_error_gt_5deg,absolute_0.0025,0.002500,calib,1,0d871e5bbd77b2a638db7f8d746dea5ac0acab39399d5fae19c6aabb201db727,0d871e5bbd77b2a638db7f8d746dea5ac0acab39399d5fae19c6aabb201db727,True
F,SODA-A,oriented_rcnn,detection_score,angle_error_gt_5deg,absolute_0.0025,0.002500,audit,1,0d871e5bbd77b2a638db7f8d746dea5ac0acab39399d5fae19c6aabb201db727,0d871e5bbd77b2a638db7f8d746dea5ac0acab39399d5fae19c6aabb201db727,True
F,SODA-A,oriented_rcnn,detection_score,angle_error_gt_5deg,absolute_0.005,0.005000,calib,1,65a0feaabc57e5aea21da805ff5ad0cf6fae555a95cfc6a23ce45e6e92e5fc9c,65a0feaabc57e5aea21da805ff5ad0cf6fae555a95cfc6a23ce45e6e92e5fc9c,True
F,SODA-A,oriented_rcnn,detection_score,angle_error_gt_5deg,absolute_0.005,0.005000,audit,1,65a0feaabc57e5aea21da805ff5ad0cf6fae555a95cfc6a23ce45e6e92e5fc9c,65a0feaabc57e5aea21da805ff5ad0cf6fae555a95cfc6a23ce45e6e92e5fc9c,True
F,SODA-A,oriented_rcnn,detection_score,angle_error_gt_5deg,absolute_0.01,0.010000,calib,1,c5d2fd8cfd0e2fc4aae93ce929bb2915fd3ea380fab9d5a0040b2bfaf2e3a7ce,c5d2fd8cfd0e2fc4aae93ce929bb2915fd3ea380fab9d5a0040b2bfaf2e3a7ce,True
F,SODA-A,oriented_rcnn,detection_score,angle_error_gt_5deg,absolute_0.01,0.010000,audit,1,c5d2fd8cfd0e2fc4aae93ce929bb2915fd3ea380fab9d5a0040b2bfaf2e3a7ce,c5d2fd8cfd0e2fc4aae93ce929bb2915fd3ea380fab9d5a0040b2bfaf2e3a7ce,True
F,SODA-A,oriented_rcnn,detection_score,angle_error_gt_5deg,relative_0.5_r_fit,0.050650,calib,1,c1d23ffbdcfe16e1fde71c756d8ad2dd29647ef5fb83df651f16b751edd97a56,c1d23ffbdcfe16e1fde71c756d8ad2dd29647ef5fb83df651f16b751edd97a56,True
F,SODA-A,oriented_rcnn,detection_score,angle_error_gt_5deg,relative_0.5_r_fit,0.050650,audit,1,c1d23ffbdcfe16e1fde71c756d8ad2dd29647ef5fb83df651f16b751edd97a56,c1d23ffbdcfe16e1fde71c756d8ad2dd29647ef5fb83df651f16b751edd97a56,True
F,SODA-A,oriented_rcnn,detection_score,angle_error_gt_5deg,relative_0.25_r_fit,0.025325,calib,1,2369385234cb2a33361b7c205ec1987c988c56c19bbcb7a37f0be8ccb941a128,2369385234cb2a33361b7c205ec1987c988c56c19bbcb7a37f0be8ccb941a128,True
F,SODA-A,oriented_rcnn,detection_score,angle_error_gt_5deg,relative_0.25_r_fit,0.025325,audit,1,2369385234cb2a33361b7c205ec1987c988c56c19bbcb7a37f0be8ccb941a128,2369385234cb2a33361b7c205ec1987c988c56c19bbcb7a37f0be8ccb941a128,True
F,SODA-A,oriented_rcnn,tta_circular_consistency,angle_error_gt_5deg,absolute_0.001,0.001000,calib,1,3f3c5eff999a73b87a65b19fcb917c30b2642b19694d5f2277027fb35033bb37,3f3c5eff999a73b87a65b19fcb917c30b2642b19694d5f2277027fb35033bb37,True
F,SODA-A,oriented_rcnn,tta_circular_consistency,angle_error_gt_5deg,absolute_0.001,0.001000,audit,1,3f3c5eff999a73b87a65b19fcb917c30b2642b19694d5f2277027fb35033bb37,3f3c5eff999a73b87a65b19fcb917c30b2642b19694d5f2277027fb35033bb37,True
F,SODA-A,oriented_rcnn,tta_circular_consistency,angle_error_gt_5deg,absolute_0.0025,0.002500,calib,1,3f3c5eff999a73b87a65b19fcb917c30b2642b19694d5f2277027fb35033bb37,3f3c5eff999a73b87a65b19fcb917c30b2642b19694d5f2277027fb35033bb37,True
F,SODA-A,oriented_rcnn,tta_circular_consistency,angle_error_gt_5deg,absolute_0.0025,0.002500,audit,1,3f3c5eff999a73b87a65b19fcb917c30b2642b19694d5f2277027fb35033bb37,3f3c5eff999a73b87a65b19fcb917c30b2642b19694d5f2277027fb35033bb37,True
F,SODA-A,oriented_rcnn,tta_circular_consistency,angle_error_gt_5deg,absolute_0.005,0.005000,calib,1,3f3c5eff999a73b87a65b19fcb917c30b2642b19694d5f2277027fb35033bb37,3f3c5eff999a73b87a65b19fcb917c30b2642b19694d5f2277027fb35033bb37,True
F,SODA-A,oriented_rcnn,tta_circular_consistency,angle_error_gt_5deg,absolute_0.005,0.005000,audit,1,3f3c5eff999a73b87a65b19fcb917c30b2642b19694d5f2277027fb35033bb37,3f3c5eff999a73b87a65b19fcb917c30b2642b19694d5f2277027fb35033bb37,True
F,SODA-A,oriented_rcnn,tta_circular_consistency,angle_error_gt_5deg,absolute_0.01,0.010000,calib,1,3f3c5eff999a73b87a65b19fcb917c30b2642b19694d5f2277027fb35033bb37,3f3c5eff999a73b87a65b19fcb917c30b2642b19694d5f2277027fb35033bb37,True
F,SODA-A,oriented_rcnn,tta_circular_consistency,angle_error_gt_5deg,absolute_0.01,0.010000,audit,1,3f3c5eff999a73b87a65b19fcb917c30b2642b19694d5f2277027fb35033bb37,3f3c5eff999a73b87a65b19fcb917c30b2642b19694d5f2277027fb35033bb37,True
F,SODA-A,oriented_rcnn,tta_circular_consistency,angle_error_gt_5deg,relative_0.5_r_fit,0.050650,calib,1,c16dea431076fca3b1f891c33f65b1b6f7e5e413b24f947ab4298468428f67bc,c16dea431076fca3b1f891c33f65b1b6f7e5e413b24f947ab4298468428f67bc,True
F,SODA-A,oriented_rcnn,tta_circular_consistency,angle_error_gt_5deg,relative_0.5_r_fit,0.050650,audit,1,c16dea431076fca3b1f891c33f65b1b6f7e5e413b24f947ab4298468428f67bc,c16dea431076fca3b1f891c33f65b1b6f7e5e413b24f947ab4298468428f67bc,True
F,SODA-A,oriented_rcnn,tta_circular_consistency,angle_error_gt_5deg,relative_0.25_r_fit,0.025325,calib,1,3f3c5eff999a73b87a65b19fcb917c30b2642b19694d5f2277027fb35033bb37,3f3c5eff999a73b87a65b19fcb917c30b2642b19694d5f2277027fb35033bb37,True
F,SODA-A,oriented_rcnn,tta_circular_consistency,angle_error_gt_5deg,relative_0.25_r_fit,0.025325,audit,1,3f3c5eff999a73b87a65b19fcb917c30b2642b19694d5f2277027fb35033bb37,3f3c5eff999a73b87a65b19fcb917c30b2642b19694d5f2277027fb35033bb37,True
F,SODA-A,oriented_rcnn,source_supervised_leave_geometry,angle_error_gt_5deg,absolute_0.001,0.001000,calib,1,ae6248d58e99a3c221d1a02c926079a94a25169d311a1711f93e37babc7241df,ae6248d58e99a3c221d1a02c926079a94a25169d311a1711f93e37babc7241df,True
F,SODA-A,oriented_rcnn,source_supervised_leave_geometry,angle_error_gt_5deg,absolute_0.001,0.001000,audit,1,ae6248d58e99a3c221d1a02c926079a94a25169d311a1711f93e37babc7241df,ae6248d58e99a3c221d1a02c926079a94a25169d311a1711f93e37babc7241df,True
F,SODA-A,oriented_rcnn,source_supervised_leave_geometry,angle_error_gt_5deg,absolute_0.0025,0.002500,calib,1,ae6248d58e99a3c221d1a02c926079a94a25169d311a1711f93e37babc7241df,ae6248d58e99a3c221d1a02c926079a94a25169d311a1711f93e37babc7241df,True
F,SODA-A,oriented_rcnn,source_supervised_leave_geometry,angle_error_gt_5deg,absolute_0.0025,0.002500,audit,1,ae6248d58e99a3c221d1a02c926079a94a25169d311a1711f93e37babc7241df,ae6248d58e99a3c221d1a02c926079a94a25169d311a1711f93e37babc7241df,True
F,SODA-A,oriented_rcnn,source_supervised_leave_geometry,angle_error_gt_5deg,absolute_0.005,0.005000,calib,1,ae6248d58e99a3c221d1a02c926079a94a25169d311a1711f93e37babc7241df,ae6248d58e99a3c221d1a02c926079a94a25169d311a1711f93e37babc7241df,True
F,SODA-A,oriented_rcnn,source_supervised_leave_geometry,angle_error_gt_5deg,absolute_0.005,0.005000,audit,1,ae6248d58e99a3c221d1a02c926079a94a25169d311a1711f93e37babc7241df,ae6248d58e99a3c221d1a02c926079a94a25169d311a1711f93e37babc7241df,True
F,SODA-A,oriented_rcnn,source_supervised_leave_geometry,angle_error_gt_5deg,absolute_0.01,0.010000,calib,1,ae6248d58e99a3c221d1a02c926079a94a25169d311a1711f93e37babc7241df,ae6248d58e99a3c221d1a02c926079a94a25169d311a1711f93e37babc7241df,True
F,SODA-A,oriented_rcnn,source_supervised_leave_geometry,angle_error_gt_5deg,absolute_0.01,0.010000,audit,1,ae6248d58e99a3c221d1a02c926079a94a25169d311a1711f93e37babc7241df,ae6248d58e99a3c221d1a02c926079a94a25169d311a1711f93e37babc7241df,True
F,SODA-A,oriented_rcnn,source_supervised_leave_geometry,angle_error_gt_5deg,relative_0.5_r_fit,0.050650,calib,1,6b837db5ca8b4754b950f9f0303c68ea6b969db6bad9d5f689e9239fc2227f07,6b837db5ca8b4754b950f9f0303c68ea6b969db6bad9d5f689e9239fc2227f07,True
F,SODA-A,oriented_rcnn,source_supervised_leave_geometry,angle_error_gt_5deg,relative_0.5_r_fit,0.050650,audit,1,6b837db5ca8b4754b950f9f0303c68ea6b969db6bad9d5f689e9239fc2227f07,6b837db5ca8b4754b950f9f0303c68ea6b969db6bad9d5f689e9239fc2227f07,True
F,SODA-A,oriented_rcnn,source_supervised_leave_geometry,angle_error_gt_5deg,relative_0.25_r_fit,0.025325,calib,1,42f818d4ebdb2087b1a79bd0927443f03e8fd9e6361c3547b1f2a3cb0bb30033,42f818d4ebdb2087b1a79bd0927443f03e8fd9e6361c3547b1f2a3cb0bb30033,True
F,SODA-A,oriented_rcnn,source_supervised_leave_geometry,angle_error_gt_5deg,relative_0.25_r_fit,0.025325,audit,1,42f818d4ebdb2087b1a79bd0927443f03e8fd9e6361c3547b1f2a3cb0bb30033,42f818d4ebdb2087b1a79bd0927443f03e8fd9e6361c3547b1f2a3cb0bb30033,True
F,SODA-A,oriented_rcnn,target_gt_nonlinear_geometry_upper_bound,angle_error_gt_5deg,absolute_0.001,0.001000,calib,1,3aeaa4aacf0d3d5c01e94f1db066890a649de6511c84834d1fe8c0787c36cea5,3aeaa4aacf0d3d5c01e94f1db066890a649de6511c84834d1fe8c0787c36cea5,True
F,SODA-A,oriented_rcnn,target_gt_nonlinear_geometry_upper_bound,angle_error_gt_5deg,absolute_0.001,0.001000,audit,1,3aeaa4aacf0d3d5c01e94f1db066890a649de6511c84834d1fe8c0787c36cea5,3aeaa4aacf0d3d5c01e94f1db066890a649de6511c84834d1fe8c0787c36cea5,True
F,SODA-A,oriented_rcnn,target_gt_nonlinear_geometry_upper_bound,angle_error_gt_5deg,absolute_0.0025,0.002500,calib,1,b4693bb03f6edc4803a0f1292b97f5b35fe8712c88f7f5e9c5bbc45b1d66eee0,b4693bb03f6edc4803a0f1292b97f5b35fe8712c88f7f5e9c5bbc45b1d66eee0,True
F,SODA-A,oriented_rcnn,target_gt_nonlinear_geometry_upper_bound,angle_error_gt_5deg,absolute_0.0025,0.002500,audit,1,b4693bb03f6edc4803a0f1292b97f5b35fe8712c88f7f5e9c5bbc45b1d66eee0,b4693bb03f6edc4803a0f1292b97f5b35fe8712c88f7f5e9c5bbc45b1d66eee0,True
F,SODA-A,oriented_rcnn,target_gt_nonlinear_geometry_upper_bound,angle_error_gt_5deg,absolute_0.005,0.005000,calib,1,dcd715a74ba81e256269f9579b482ddc2b2d524b02f9a11e55337f99a71b3aab,dcd715a74ba81e256269f9579b482ddc2b2d524b02f9a11e55337f99a71b3aab,True
F,SODA-A,oriented_rcnn,target_gt_nonlinear_geometry_upper_bound,angle_error_gt_5deg,absolute_0.005,0.005000,audit,1,dcd715a74ba81e256269f9579b482ddc2b2d524b02f9a11e55337f99a71b3aab,dcd715a74ba81e256269f9579b482ddc2b2d524b02f9a11e55337f99a71b3aab,True
F,SODA-A,oriented_rcnn,target_gt_nonlinear_geometry_upper_bound,angle_error_gt_5deg,absolute_0.01,0.010000,calib,1,c387a10d8f91c6a9d3a3aa66f9fa7c81bce0be935988d971c84252b594ba379f,c387a10d8f91c6a9d3a3aa66f9fa7c81bce0be935988d971c84252b594ba379f,True
F,SODA-A,oriented_rcnn,target_gt_nonlinear_geometry_upper_bound,angle_error_gt_5deg,absolute_0.01,0.010000,audit,1,c387a10d8f91c6a9d3a3aa66f9fa7c81bce0be935988d971c84252b594ba379f,c387a10d8f91c6a9d3a3aa66f9fa7c81bce0be935988d971c84252b594ba379f,True
F,SODA-A,oriented_rcnn,target_gt_nonlinear_geometry_upper_bound,angle_error_gt_5deg,relative_0.5_r_fit,0.050650,calib,1,fab94f3a5da631c8b0592e09677c074b9c8a2fcf20cd27bed181c77ebe833d6e,fab94f3a5da631c8b0592e09677c074b9c8a2fcf20cd27bed181c77ebe833d6e,True
F,SODA-A,oriented_rcnn,target_gt_nonlinear_geometry_upper_bound,angle_error_gt_5deg,relative_0.5_r_fit,0.050650,audit,1,fab94f3a5da631c8b0592e09677c074b9c8a2fcf20cd27bed181c77ebe833d6e,fab94f3a5da631c8b0592e09677c074b9c8a2fcf20cd27bed181c77ebe833d6e,True
F,SODA-A,oriented_rcnn,target_gt_nonlinear_geometry_upper_bound,angle_error_gt_5deg,relative_0.25_r_fit,0.025325,calib,1,15ebb9648375a03652c81e8226d79698c7fb06d168f233810accf26da8302fcf,15ebb9648375a03652c81e8226d79698c7fb06d168f233810accf26da8302fcf,True
F,SODA-A,oriented_rcnn,target_gt_nonlinear_geometry_upper_bound,angle_error_gt_5deg,relative_0.25_r_fit,0.025325,audit,1,15ebb9648375a03652c81e8226d79698c7fb06d168f233810accf26da8302fcf,15ebb9648375a03652c81e8226d79698c7fb06d168f233810accf26da8302fcf,True
F,SODA-A,oriented_rcnn,detection_score,angle_error_gt_10deg,absolute_0.001,0.001000,calib,1,81ab2e5be80915d6a4cc521fc54b14477b52155c4925f5d2920d354b0acf88d1,81ab2e5be80915d6a4cc521fc54b14477b52155c4925f5d2920d354b0acf88d1,True
F,SODA-A,oriented_rcnn,detection_score,angle_error_gt_10deg,absolute_0.001,0.001000,audit,1,81ab2e5be80915d6a4cc521fc54b14477b52155c4925f5d2920d354b0acf88d1,81ab2e5be80915d6a4cc521fc54b14477b52155c4925f5d2920d354b0acf88d1,True
F,SODA-A,oriented_rcnn,detection_score,angle_error_gt_10deg,absolute_0.0025,0.002500,calib,1,31b5083fb848ae210c8660ffc2a9890ea2195cbf11fd5e73dd248c00e4ae5406,31b5083fb848ae210c8660ffc2a9890ea2195cbf11fd5e73dd248c00e4ae5406,True
F,SODA-A,oriented_rcnn,detection_score,angle_error_gt_10deg,absolute_0.0025,0.002500,audit,1,31b5083fb848ae210c8660ffc2a9890ea2195cbf11fd5e73dd248c00e4ae5406,31b5083fb848ae210c8660ffc2a9890ea2195cbf11fd5e73dd248c00e4ae5406,True
F,SODA-A,oriented_rcnn,detection_score,angle_error_gt_10deg,absolute_0.005,0.005000,calib,1,a323146370bbd7b967ba2f54bc149173244de59a0b5efa1f47c4423050f22b24,a323146370bbd7b967ba2f54bc149173244de59a0b5efa1f47c4423050f22b24,True
F,SODA-A,oriented_rcnn,detection_score,angle_error_gt_10deg,absolute_0.005,0.005000,audit,1,a323146370bbd7b967ba2f54bc149173244de59a0b5efa1f47c4423050f22b24,a323146370bbd7b967ba2f54bc149173244de59a0b5efa1f47c4423050f22b24,True
F,SODA-A,oriented_rcnn,detection_score,angle_error_gt_10deg,absolute_0.01,0.010000,calib,1,10933f20329756732855542f94330a37852139ef4dda2ac11b0664fb5a788eb0,10933f20329756732855542f94330a37852139ef4dda2ac11b0664fb5a788eb0,True
F,SODA-A,oriented_rcnn,detection_score,angle_error_gt_10deg,absolute_0.01,0.010000,audit,1,10933f20329756732855542f94330a37852139ef4dda2ac11b0664fb5a788eb0,10933f20329756732855542f94330a37852139ef4dda2ac11b0664fb5a788eb0,True
F,SODA-A,oriented_rcnn,detection_score,angle_error_gt_10deg,relative_0.5_r_fit,0.006526,calib,1,a65668e5a5546581185774199ef5a5916f81af759c42574f89d07e789862fd88,a65668e5a5546581185774199ef5a5916f81af759c42574f89d07e789862fd88,True
F,SODA-A,oriented_rcnn,detection_score,angle_error_gt_10deg,relative_0.5_r_fit,0.006526,audit,1,a65668e5a5546581185774199ef5a5916f81af759c42574f89d07e789862fd88,a65668e5a5546581185774199ef5a5916f81af759c42574f89d07e789862fd88,True
F,SODA-A,oriented_rcnn,detection_score,angle_error_gt_10deg,relative_0.25_r_fit,0.003263,calib,1,ac2f940daee6ae84670bf2942669bcb80cb917ad2caa62c86b26e1fc28bc218e,ac2f940daee6ae84670bf2942669bcb80cb917ad2caa62c86b26e1fc28bc218e,True
F,SODA-A,oriented_rcnn,detection_score,angle_error_gt_10deg,relative_0.25_r_fit,0.003263,audit,1,ac2f940daee6ae84670bf2942669bcb80cb917ad2caa62c86b26e1fc28bc218e,ac2f940daee6ae84670bf2942669bcb80cb917ad2caa62c86b26e1fc28bc218e,True
F,SODA-A,oriented_rcnn,tta_circular_consistency,angle_error_gt_10deg,absolute_0.001,0.001000,calib,1,59b0ff1e139645a1ff149c8af3cfc7e76bb20ce34ff5a26a22f40b796900c457,59b0ff1e139645a1ff149c8af3cfc7e76bb20ce34ff5a26a22f40b796900c457,True
F,SODA-A,oriented_rcnn,tta_circular_consistency,angle_error_gt_10deg,absolute_0.001,0.001000,audit,1,59b0ff1e139645a1ff149c8af3cfc7e76bb20ce34ff5a26a22f40b796900c457,59b0ff1e139645a1ff149c8af3cfc7e76bb20ce34ff5a26a22f40b796900c457,True
F,SODA-A,oriented_rcnn,tta_circular_consistency,angle_error_gt_10deg,absolute_0.0025,0.002500,calib,1,b969cf451ff272b55172150d90a214f5cdbbffa2f036e56e953e818babfde867,b969cf451ff272b55172150d90a214f5cdbbffa2f036e56e953e818babfde867,True
F,SODA-A,oriented_rcnn,tta_circular_consistency,angle_error_gt_10deg,absolute_0.0025,0.002500,audit,1,b969cf451ff272b55172150d90a214f5cdbbffa2f036e56e953e818babfde867,b969cf451ff272b55172150d90a214f5cdbbffa2f036e56e953e818babfde867,True
F,SODA-A,oriented_rcnn,tta_circular_consistency,angle_error_gt_10deg,absolute_0.005,0.005000,calib,1,0a9dfe1e025bb7678c7123c51d8e8f489ce44ee4b9dd40416cdc211fdc187dd0,0a9dfe1e025bb7678c7123c51d8e8f489ce44ee4b9dd40416cdc211fdc187dd0,True
F,SODA-A,oriented_rcnn,tta_circular_consistency,angle_error_gt_10deg,absolute_0.005,0.005000,audit,1,0a9dfe1e025bb7678c7123c51d8e8f489ce44ee4b9dd40416cdc211fdc187dd0,0a9dfe1e025bb7678c7123c51d8e8f489ce44ee4b9dd40416cdc211fdc187dd0,True
F,SODA-A,oriented_rcnn,tta_circular_consistency,angle_error_gt_10deg,absolute_0.01,0.010000,calib,1,8851f7d7a73e3afdd527b76231807cc0f87d81555c6c6014f3313d0e7e53435b,8851f7d7a73e3afdd527b76231807cc0f87d81555c6c6014f3313d0e7e53435b,True
F,SODA-A,oriented_rcnn,tta_circular_consistency,angle_error_gt_10deg,absolute_0.01,0.010000,audit,1,8851f7d7a73e3afdd527b76231807cc0f87d81555c6c6014f3313d0e7e53435b,8851f7d7a73e3afdd527b76231807cc0f87d81555c6c6014f3313d0e7e53435b,True
F,SODA-A,oriented_rcnn,tta_circular_consistency,angle_error_gt_10deg,relative_0.5_r_fit,0.006526,calib,1,00e0b29f2a55253f80708d957f86f00f68b0839818085eaa142dd8762a84a0df,00e0b29f2a55253f80708d957f86f00f68b0839818085eaa142dd8762a84a0df,True
F,SODA-A,oriented_rcnn,tta_circular_consistency,angle_error_gt_10deg,relative_0.5_r_fit,0.006526,audit,1,00e0b29f2a55253f80708d957f86f00f68b0839818085eaa142dd8762a84a0df,00e0b29f2a55253f80708d957f86f00f68b0839818085eaa142dd8762a84a0df,True
F,SODA-A,oriented_rcnn,tta_circular_consistency,angle_error_gt_10deg,relative_0.25_r_fit,0.003263,calib,1,187fd51f0c5bbbbbd4f5bf364e7c26e18b3fd2ade1525651b32744bc83547e1d,187fd51f0c5bbbbbd4f5bf364e7c26e18b3fd2ade1525651b32744bc83547e1d,True
F,SODA-A,oriented_rcnn,tta_circular_consistency,angle_error_gt_10deg,relative_0.25_r_fit,0.003263,audit,1,187fd51f0c5bbbbbd4f5bf364e7c26e18b3fd2ade1525651b32744bc83547e1d,187fd51f0c5bbbbbd4f5bf364e7c26e18b3fd2ade1525651b32744bc83547e1d,True
F,SODA-A,oriented_rcnn,source_supervised_leave_geometry,angle_error_gt_10deg,absolute_0.001,0.001000,calib,1,ae6248d58e99a3c221d1a02c926079a94a25169d311a1711f93e37babc7241df,ae6248d58e99a3c221d1a02c926079a94a25169d311a1711f93e37babc7241df,True
F,SODA-A,oriented_rcnn,source_supervised_leave_geometry,angle_error_gt_10deg,absolute_0.001,0.001000,audit,1,ae6248d58e99a3c221d1a02c926079a94a25169d311a1711f93e37babc7241df,ae6248d58e99a3c221d1a02c926079a94a25169d311a1711f93e37babc7241df,True
F,SODA-A,oriented_rcnn,source_supervised_leave_geometry,angle_error_gt_10deg,absolute_0.0025,0.002500,calib,1,ae6248d58e99a3c221d1a02c926079a94a25169d311a1711f93e37babc7241df,ae6248d58e99a3c221d1a02c926079a94a25169d311a1711f93e37babc7241df,True
F,SODA-A,oriented_rcnn,source_supervised_leave_geometry,angle_error_gt_10deg,absolute_0.0025,0.002500,audit,1,ae6248d58e99a3c221d1a02c926079a94a25169d311a1711f93e37babc7241df,ae6248d58e99a3c221d1a02c926079a94a25169d311a1711f93e37babc7241df,True
F,SODA-A,oriented_rcnn,source_supervised_leave_geometry,angle_error_gt_10deg,absolute_0.005,0.005000,calib,1,ae6248d58e99a3c221d1a02c926079a94a25169d311a1711f93e37babc7241df,ae6248d58e99a3c221d1a02c926079a94a25169d311a1711f93e37babc7241df,True
F,SODA-A,oriented_rcnn,source_supervised_leave_geometry,angle_error_gt_10deg,absolute_0.005,0.005000,audit,1,ae6248d58e99a3c221d1a02c926079a94a25169d311a1711f93e37babc7241df,ae6248d58e99a3c221d1a02c926079a94a25169d311a1711f93e37babc7241df,True
F,SODA-A,oriented_rcnn,source_supervised_leave_geometry,angle_error_gt_10deg,absolute_0.01,0.010000,calib,1,2b532540ddf1ab3185066d0ad01d46065fdb0201bb68a892fd4ebc71a2b6017e,2b532540ddf1ab3185066d0ad01d46065fdb0201bb68a892fd4ebc71a2b6017e,True
F,SODA-A,oriented_rcnn,source_supervised_leave_geometry,angle_error_gt_10deg,absolute_0.01,0.010000,audit,1,2b532540ddf1ab3185066d0ad01d46065fdb0201bb68a892fd4ebc71a2b6017e,2b532540ddf1ab3185066d0ad01d46065fdb0201bb68a892fd4ebc71a2b6017e,True
F,SODA-A,oriented_rcnn,source_supervised_leave_geometry,angle_error_gt_10deg,relative_0.5_r_fit,0.006526,calib,1,ff7c4b93e340d171ad3e53f0430dfc8e85a9a33ef3d4b8a0da46793791225fa6,ff7c4b93e340d171ad3e53f0430dfc8e85a9a33ef3d4b8a0da46793791225fa6,True
F,SODA-A,oriented_rcnn,source_supervised_leave_geometry,angle_error_gt_10deg,relative_0.5_r_fit,0.006526,audit,1,ff7c4b93e340d171ad3e53f0430dfc8e85a9a33ef3d4b8a0da46793791225fa6,ff7c4b93e340d171ad3e53f0430dfc8e85a9a33ef3d4b8a0da46793791225fa6,True
F,SODA-A,oriented_rcnn,source_supervised_leave_geometry,angle_error_gt_10deg,relative_0.25_r_fit,0.003263,calib,1,ae6248d58e99a3c221d1a02c926079a94a25169d311a1711f93e37babc7241df,ae6248d58e99a3c221d1a02c926079a94a25169d311a1711f93e37babc7241df,True
F,SODA-A,oriented_rcnn,source_supervised_leave_geometry,angle_error_gt_10deg,relative_0.25_r_fit,0.003263,audit,1,ae6248d58e99a3c221d1a02c926079a94a25169d311a1711f93e37babc7241df,ae6248d58e99a3c221d1a02c926079a94a25169d311a1711f93e37babc7241df,True
F,SODA-A,oriented_rcnn,target_gt_nonlinear_geometry_upper_bound,angle_error_gt_10deg,absolute_0.001,0.001000,calib,1,4b438fe81d053f378d26d6ba5db785cf0b13d305d4bca547bc32ccfe25985153,4b438fe81d053f378d26d6ba5db785cf0b13d305d4bca547bc32ccfe25985153,True
F,SODA-A,oriented_rcnn,target_gt_nonlinear_geometry_upper_bound,angle_error_gt_10deg,absolute_0.001,0.001000,audit,1,4b438fe81d053f378d26d6ba5db785cf0b13d305d4bca547bc32ccfe25985153,4b438fe81d053f378d26d6ba5db785cf0b13d305d4bca547bc32ccfe25985153,True
F,SODA-A,oriented_rcnn,target_gt_nonlinear_geometry_upper_bound,angle_error_gt_10deg,absolute_0.0025,0.002500,calib,1,715f24598d00dfc86cc09dced7c09c1b298580c706ca9318855428393041e31f,715f24598d00dfc86cc09dced7c09c1b298580c706ca9318855428393041e31f,True
F,SODA-A,oriented_rcnn,target_gt_nonlinear_geometry_upper_bound,angle_error_gt_10deg,absolute_0.0025,0.002500,audit,1,715f24598d00dfc86cc09dced7c09c1b298580c706ca9318855428393041e31f,715f24598d00dfc86cc09dced7c09c1b298580c706ca9318855428393041e31f,True
F,SODA-A,oriented_rcnn,target_gt_nonlinear_geometry_upper_bound,angle_error_gt_10deg,absolute_0.005,0.005000,calib,1,633ba5be116e4f5b4c83dd26d0c0f0abff6badf1cb21812ec5c181db9b4b45f9,633ba5be116e4f5b4c83dd26d0c0f0abff6badf1cb21812ec5c181db9b4b45f9,True
F,SODA-A,oriented_rcnn,target_gt_nonlinear_geometry_upper_bound,angle_error_gt_10deg,absolute_0.005,0.005000,audit,1,633ba5be116e4f5b4c83dd26d0c0f0abff6badf1cb21812ec5c181db9b4b45f9,633ba5be116e4f5b4c83dd26d0c0f0abff6badf1cb21812ec5c181db9b4b45f9,True
F,SODA-A,oriented_rcnn,target_gt_nonlinear_geometry_upper_bound,angle_error_gt_10deg,absolute_0.01,0.010000,calib,1,a56d447a6618be6031017fc7833de0e6321a38dc9497339e8ce6103f52c5fccc,a56d447a6618be6031017fc7833de0e6321a38dc9497339e8ce6103f52c5fccc,True
F,SODA-A,oriented_rcnn,target_gt_nonlinear_geometry_upper_bound,angle_error_gt_10deg,absolute_0.01,0.010000,audit,1,a56d447a6618be6031017fc7833de0e6321a38dc9497339e8ce6103f52c5fccc,a56d447a6618be6031017fc7833de0e6321a38dc9497339e8ce6103f52c5fccc,True
F,SODA-A,oriented_rcnn,target_gt_nonlinear_geometry_upper_bound,angle_error_gt_10deg,relative_0.5_r_fit,0.006526,calib,1,acd9925bbac51cd1fd9c6be544da1774b540d831e008ab31340de4a108001591,acd9925bbac51cd1fd9c6be544da1774b540d831e008ab31340de4a108001591,True
F,SODA-A,oriented_rcnn,target_gt_nonlinear_geometry_upper_bound,angle_error_gt_10deg,relative_0.5_r_fit,0.006526,audit,1,acd9925bbac51cd1fd9c6be544da1774b540d831e008ab31340de4a108001591,acd9925bbac51cd1fd9c6be544da1774b540d831e008ab31340de4a108001591,True
F,SODA-A,oriented_rcnn,target_gt_nonlinear_geometry_upper_bound,angle_error_gt_10deg,relative_0.25_r_fit,0.003263,calib,1,928506af3312881363dfbbaf3dbfae2442ed1d716889cdf65148feadcc45c07b,928506af3312881363dfbbaf3dbfae2442ed1d716889cdf65148feadcc45c07b,True
F,SODA-A,oriented_rcnn,target_gt_nonlinear_geometry_upper_bound,angle_error_gt_10deg,relative_0.25_r_fit,0.003263,audit,1,928506af3312881363dfbbaf3dbfae2442ed1d716889cdf65148feadcc45c07b,928506af3312881363dfbbaf3dbfae2442ed1d716889cdf65148feadcc45c07b,True
F,SODA-A,oriented_rcnn,detection_score,angle_error_gt_15deg,absolute_0.001,0.001000,calib,1,1a51b7c7158b0f68761a7518d533d28a81dddb9ba231a299e9667c3aaa194a34,1a51b7c7158b0f68761a7518d533d28a81dddb9ba231a299e9667c3aaa194a34,True
F,SODA-A,oriented_rcnn,detection_score,angle_error_gt_15deg,absolute_0.001,0.001000,audit,1,1a51b7c7158b0f68761a7518d533d28a81dddb9ba231a299e9667c3aaa194a34,1a51b7c7158b0f68761a7518d533d28a81dddb9ba231a299e9667c3aaa194a34,True
F,SODA-A,oriented_rcnn,detection_score,angle_error_gt_15deg,absolute_0.0025,0.002500,calib,1,9c98db86791b9d0235af31a646e13000bd512ef2cb519b3ea814b624b36613e3,9c98db86791b9d0235af31a646e13000bd512ef2cb519b3ea814b624b36613e3,True
F,SODA-A,oriented_rcnn,detection_score,angle_error_gt_15deg,absolute_0.0025,0.002500,audit,1,9c98db86791b9d0235af31a646e13000bd512ef2cb519b3ea814b624b36613e3,9c98db86791b9d0235af31a646e13000bd512ef2cb519b3ea814b624b36613e3,True
F,SODA-A,oriented_rcnn,detection_score,angle_error_gt_15deg,absolute_0.005,0.005000,calib,1,7ee32dc3fc7e4e44f64fcca4fd8690a534d68ac940ad3eba676c1462d678f98e,7ee32dc3fc7e4e44f64fcca4fd8690a534d68ac940ad3eba676c1462d678f98e,True
F,SODA-A,oriented_rcnn,detection_score,angle_error_gt_15deg,absolute_0.005,0.005000,audit,1,7ee32dc3fc7e4e44f64fcca4fd8690a534d68ac940ad3eba676c1462d678f98e,7ee32dc3fc7e4e44f64fcca4fd8690a534d68ac940ad3eba676c1462d678f98e,True
F,SODA-A,oriented_rcnn,detection_score,angle_error_gt_15deg,absolute_0.01,0.010000,calib,1,d258bb6996fd6fbeacee158b3bcbbcad28199cd1cceb3aa5ca7cb3f1bf3179d5,d258bb6996fd6fbeacee158b3bcbbcad28199cd1cceb3aa5ca7cb3f1bf3179d5,True
F,SODA-A,oriented_rcnn,detection_score,angle_error_gt_15deg,absolute_0.01,0.010000,audit,1,d258bb6996fd6fbeacee158b3bcbbcad28199cd1cceb3aa5ca7cb3f1bf3179d5,d258bb6996fd6fbeacee158b3bcbbcad28199cd1cceb3aa5ca7cb3f1bf3179d5,True
F,SODA-A,oriented_rcnn,detection_score,angle_error_gt_15deg,relative_0.5_r_fit,0.001191,calib,1,4ccdb76889b04c40a5520d72d26857c90139f0e2bcbd9516e564b83874904496,4ccdb76889b04c40a5520d72d26857c90139f0e2bcbd9516e564b83874904496,True
F,SODA-A,oriented_rcnn,detection_score,angle_error_gt_15deg,relative_0.5_r_fit,0.001191,audit,1,4ccdb76889b04c40a5520d72d26857c90139f0e2bcbd9516e564b83874904496,4ccdb76889b04c40a5520d72d26857c90139f0e2bcbd9516e564b83874904496,True
F,SODA-A,oriented_rcnn,detection_score,angle_error_gt_15deg,relative_0.25_r_fit,0.000596,calib,1,17b76ca25f784f67b441ad35c1634a83bee7a1ccd6cda4b0dd2209d6c8210e0e,17b76ca25f784f67b441ad35c1634a83bee7a1ccd6cda4b0dd2209d6c8210e0e,True
F,SODA-A,oriented_rcnn,detection_score,angle_error_gt_15deg,relative_0.25_r_fit,0.000596,audit,1,17b76ca25f784f67b441ad35c1634a83bee7a1ccd6cda4b0dd2209d6c8210e0e,17b76ca25f784f67b441ad35c1634a83bee7a1ccd6cda4b0dd2209d6c8210e0e,True
F,SODA-A,oriented_rcnn,tta_circular_consistency,angle_error_gt_15deg,absolute_0.001,0.001000,calib,1,bc3ac068432c650ac823d8f4a76a4c018f58f80366841eb1849335eda4cfb0a9,bc3ac068432c650ac823d8f4a76a4c018f58f80366841eb1849335eda4cfb0a9,True
F,SODA-A,oriented_rcnn,tta_circular_consistency,angle_error_gt_15deg,absolute_0.001,0.001000,audit,1,bc3ac068432c650ac823d8f4a76a4c018f58f80366841eb1849335eda4cfb0a9,bc3ac068432c650ac823d8f4a76a4c018f58f80366841eb1849335eda4cfb0a9,True
F,SODA-A,oriented_rcnn,tta_circular_consistency,angle_error_gt_15deg,absolute_0.0025,0.002500,calib,1,12a36bcab88774525ee95d01125384cbfce6dfc9cda3a351d4c6a3e1740ac29a,12a36bcab88774525ee95d01125384cbfce6dfc9cda3a351d4c6a3e1740ac29a,True
F,SODA-A,oriented_rcnn,tta_circular_consistency,angle_error_gt_15deg,absolute_0.0025,0.002500,audit,1,12a36bcab88774525ee95d01125384cbfce6dfc9cda3a351d4c6a3e1740ac29a,12a36bcab88774525ee95d01125384cbfce6dfc9cda3a351d4c6a3e1740ac29a,True
F,SODA-A,oriented_rcnn,tta_circular_consistency,angle_error_gt_15deg,absolute_0.005,0.005000,calib,1,f7d0fa2d835dd8351b9d97a4d5ea8dfb28a6e8827735e9d13d9b6dcd266a7f67,f7d0fa2d835dd8351b9d97a4d5ea8dfb28a6e8827735e9d13d9b6dcd266a7f67,True
F,SODA-A,oriented_rcnn,tta_circular_consistency,angle_error_gt_15deg,absolute_0.005,0.005000,audit,1,f7d0fa2d835dd8351b9d97a4d5ea8dfb28a6e8827735e9d13d9b6dcd266a7f67,f7d0fa2d835dd8351b9d97a4d5ea8dfb28a6e8827735e9d13d9b6dcd266a7f67,True
F,SODA-A,oriented_rcnn,tta_circular_consistency,angle_error_gt_15deg,absolute_0.01,0.010000,calib,1,23ade6f6cb2bf6e701b5cbf31183f5a15604330e238c2af23a81d9a1507903a0,23ade6f6cb2bf6e701b5cbf31183f5a15604330e238c2af23a81d9a1507903a0,True
F,SODA-A,oriented_rcnn,tta_circular_consistency,angle_error_gt_15deg,absolute_0.01,0.010000,audit,1,23ade6f6cb2bf6e701b5cbf31183f5a15604330e238c2af23a81d9a1507903a0,23ade6f6cb2bf6e701b5cbf31183f5a15604330e238c2af23a81d9a1507903a0,True
F,SODA-A,oriented_rcnn,tta_circular_consistency,angle_error_gt_15deg,relative_0.5_r_fit,0.001191,calib,1,dd6398fa3af2fd678a618f4f7615258f0ec342f98a0c9cf6a6085d133fa9c987,dd6398fa3af2fd678a618f4f7615258f0ec342f98a0c9cf6a6085d133fa9c987,True
F,SODA-A,oriented_rcnn,tta_circular_consistency,angle_error_gt_15deg,relative_0.5_r_fit,0.001191,audit,1,dd6398fa3af2fd678a618f4f7615258f0ec342f98a0c9cf6a6085d133fa9c987,dd6398fa3af2fd678a618f4f7615258f0ec342f98a0c9cf6a6085d133fa9c987,True
F,SODA-A,oriented_rcnn,tta_circular_consistency,angle_error_gt_15deg,relative_0.25_r_fit,0.000596,calib,1,fcf1783ebfcb8446d44fa3ba6f59258da6edc224f530a645d9c270e6fe7a0e2f,fcf1783ebfcb8446d44fa3ba6f59258da6edc224f530a645d9c270e6fe7a0e2f,True
F,SODA-A,oriented_rcnn,tta_circular_consistency,angle_error_gt_15deg,relative_0.25_r_fit,0.000596,audit,1,fcf1783ebfcb8446d44fa3ba6f59258da6edc224f530a645d9c270e6fe7a0e2f,fcf1783ebfcb8446d44fa3ba6f59258da6edc224f530a645d9c270e6fe7a0e2f,True
F,SODA-A,oriented_rcnn,source_supervised_leave_geometry,angle_error_gt_15deg,absolute_0.001,0.001000,calib,1,6999491c73fb1e2aa8cb7e83afac92e1d41258faf06f4fd0f19de8a17b9d63bb,6999491c73fb1e2aa8cb7e83afac92e1d41258faf06f4fd0f19de8a17b9d63bb,True
F,SODA-A,oriented_rcnn,source_supervised_leave_geometry,angle_error_gt_15deg,absolute_0.001,0.001000,audit,1,6999491c73fb1e2aa8cb7e83afac92e1d41258faf06f4fd0f19de8a17b9d63bb,6999491c73fb1e2aa8cb7e83afac92e1d41258faf06f4fd0f19de8a17b9d63bb,True
F,SODA-A,oriented_rcnn,source_supervised_leave_geometry,angle_error_gt_15deg,absolute_0.0025,0.002500,calib,1,a55ac36c416a57b29b69f2ad5aeda88e19c5c3a4c5b616b1eb8d19a48313d06e,a55ac36c416a57b29b69f2ad5aeda88e19c5c3a4c5b616b1eb8d19a48313d06e,True
F,SODA-A,oriented_rcnn,source_supervised_leave_geometry,angle_error_gt_15deg,absolute_0.0025,0.002500,audit,1,a55ac36c416a57b29b69f2ad5aeda88e19c5c3a4c5b616b1eb8d19a48313d06e,a55ac36c416a57b29b69f2ad5aeda88e19c5c3a4c5b616b1eb8d19a48313d06e,True
F,SODA-A,oriented_rcnn,source_supervised_leave_geometry,angle_error_gt_15deg,absolute_0.005,0.005000,calib,1,6943b9e7a40cd0c726b76e1e14bb01d422e0c9bbc932c1c7b9c9cb3fc4caa0a5,6943b9e7a40cd0c726b76e1e14bb01d422e0c9bbc932c1c7b9c9cb3fc4caa0a5,True
F,SODA-A,oriented_rcnn,source_supervised_leave_geometry,angle_error_gt_15deg,absolute_0.005,0.005000,audit,1,6943b9e7a40cd0c726b76e1e14bb01d422e0c9bbc932c1c7b9c9cb3fc4caa0a5,6943b9e7a40cd0c726b76e1e14bb01d422e0c9bbc932c1c7b9c9cb3fc4caa0a5,True
F,SODA-A,oriented_rcnn,source_supervised_leave_geometry,angle_error_gt_15deg,absolute_0.01,0.010000,calib,1,b7ded056e0716844470de3e66cd88c5792020d85877e4b6cdbf969e62fc7ecee,b7ded056e0716844470de3e66cd88c5792020d85877e4b6cdbf969e62fc7ecee,True
F,SODA-A,oriented_rcnn,source_supervised_leave_geometry,angle_error_gt_15deg,absolute_0.01,0.010000,audit,1,b7ded056e0716844470de3e66cd88c5792020d85877e4b6cdbf969e62fc7ecee,b7ded056e0716844470de3e66cd88c5792020d85877e4b6cdbf969e62fc7ecee,True
F,SODA-A,oriented_rcnn,source_supervised_leave_geometry,angle_error_gt_15deg,relative_0.5_r_fit,0.001191,calib,1,7c9d71089ba207c9b7765237a937c47e38959e930506fdf5697c23721a270821,7c9d71089ba207c9b7765237a937c47e38959e930506fdf5697c23721a270821,True
F,SODA-A,oriented_rcnn,source_supervised_leave_geometry,angle_error_gt_15deg,relative_0.5_r_fit,0.001191,audit,1,7c9d71089ba207c9b7765237a937c47e38959e930506fdf5697c23721a270821,7c9d71089ba207c9b7765237a937c47e38959e930506fdf5697c23721a270821,True
F,SODA-A,oriented_rcnn,source_supervised_leave_geometry,angle_error_gt_15deg,relative_0.25_r_fit,0.000596,calib,1,0511adf4db0bc22df115b76beef96858da8b5d508b224b7b646d483493db7b43,0511adf4db0bc22df115b76beef96858da8b5d508b224b7b646d483493db7b43,True
F,SODA-A,oriented_rcnn,source_supervised_leave_geometry,angle_error_gt_15deg,relative_0.25_r_fit,0.000596,audit,1,0511adf4db0bc22df115b76beef96858da8b5d508b224b7b646d483493db7b43,0511adf4db0bc22df115b76beef96858da8b5d508b224b7b646d483493db7b43,True
F,SODA-A,oriented_rcnn,target_gt_nonlinear_geometry_upper_bound,angle_error_gt_15deg,absolute_0.001,0.001000,calib,1,869de2f6c38af91571cd756df3a9b1807565ff102c3b64205f0846823aa6fe69,869de2f6c38af91571cd756df3a9b1807565ff102c3b64205f0846823aa6fe69,True
F,SODA-A,oriented_rcnn,target_gt_nonlinear_geometry_upper_bound,angle_error_gt_15deg,absolute_0.001,0.001000,audit,1,869de2f6c38af91571cd756df3a9b1807565ff102c3b64205f0846823aa6fe69,869de2f6c38af91571cd756df3a9b1807565ff102c3b64205f0846823aa6fe69,True
F,SODA-A,oriented_rcnn,target_gt_nonlinear_geometry_upper_bound,angle_error_gt_15deg,absolute_0.0025,0.002500,calib,1,a52c8daa3d685022b0a452e3f0d48e46d00319893f3e6fbeb371e0b250a21f66,a52c8daa3d685022b0a452e3f0d48e46d00319893f3e6fbeb371e0b250a21f66,True
F,SODA-A,oriented_rcnn,target_gt_nonlinear_geometry_upper_bound,angle_error_gt_15deg,absolute_0.0025,0.002500,audit,1,a52c8daa3d685022b0a452e3f0d48e46d00319893f3e6fbeb371e0b250a21f66,a52c8daa3d685022b0a452e3f0d48e46d00319893f3e6fbeb371e0b250a21f66,True
F,SODA-A,oriented_rcnn,target_gt_nonlinear_geometry_upper_bound,angle_error_gt_15deg,absolute_0.005,0.005000,calib,1,f88cff877aa77af43430d156c45debffbed5a36cb0f55fa4db7a117dbc4d6de3,f88cff877aa77af43430d156c45debffbed5a36cb0f55fa4db7a117dbc4d6de3,True
F,SODA-A,oriented_rcnn,target_gt_nonlinear_geometry_upper_bound,angle_error_gt_15deg,absolute_0.005,0.005000,audit,1,f88cff877aa77af43430d156c45debffbed5a36cb0f55fa4db7a117dbc4d6de3,f88cff877aa77af43430d156c45debffbed5a36cb0f55fa4db7a117dbc4d6de3,True
F,SODA-A,oriented_rcnn,target_gt_nonlinear_geometry_upper_bound,angle_error_gt_15deg,absolute_0.01,0.010000,calib,1,5a8f81629f6f9997f314000edc331d134a1e75501751cb32c4aef99860a78375,5a8f81629f6f9997f314000edc331d134a1e75501751cb32c4aef99860a78375,True
F,SODA-A,oriented_rcnn,target_gt_nonlinear_geometry_upper_bound,angle_error_gt_15deg,absolute_0.01,0.010000,audit,1,5a8f81629f6f9997f314000edc331d134a1e75501751cb32c4aef99860a78375,5a8f81629f6f9997f314000edc331d134a1e75501751cb32c4aef99860a78375,True
F,SODA-A,oriented_rcnn,target_gt_nonlinear_geometry_upper_bound,angle_error_gt_15deg,relative_0.5_r_fit,0.001191,calib,1,dbed81ff6921f5dfcea6ff1c18c42484afb79da4a3ea35310bcd4164eb0a84fb,dbed81ff6921f5dfcea6ff1c18c42484afb79da4a3ea35310bcd4164eb0a84fb,True
F,SODA-A,oriented_rcnn,target_gt_nonlinear_geometry_upper_bound,angle_error_gt_15deg,relative_0.5_r_fit,0.001191,audit,1,dbed81ff6921f5dfcea6ff1c18c42484afb79da4a3ea35310bcd4164eb0a84fb,dbed81ff6921f5dfcea6ff1c18c42484afb79da4a3ea35310bcd4164eb0a84fb,True
F,SODA-A,oriented_rcnn,target_gt_nonlinear_geometry_upper_bound,angle_error_gt_15deg,relative_0.25_r_fit,0.000596,calib,1,0e587fec2315983e142d82f164d71eb00bf7092938c26894dd6c7b6c89d2bcd7,0e587fec2315983e142d82f164d71eb00bf7092938c26894dd6c7b6c89d2bcd7,True
F,SODA-A,oriented_rcnn,target_gt_nonlinear_geometry_upper_bound,angle_error_gt_15deg,relative_0.25_r_fit,0.000596,audit,1,0e587fec2315983e142d82f164d71eb00bf7092938c26894dd6c7b6c89d2bcd7,0e587fec2315983e142d82f164d71eb00bf7092938c26894dd6c7b6c89d2bcd7,True
