assignment_version,annotator_slot,task_order,anon_id,dataset,image_id,pred_id,crop_relpath,long_side_angle_deg_le90,cannot_determine,annotator_id,annotation_timestamp_utc
m4-v3-e6479d43f0b9,A,1,e5ea4c4cbf80cb01,SODA-A,01916__800__4000___1800,272,crops/e5ea4c4cbf80cb01.jpg,,,,
m4-v3-e6479d43f0b9,A,2,abf2a9bb0b30059d,DIOR-R,22871,0,crops/abf2a9bb0b30059d.jpg,,,,
m4-v3-e6479d43f0b9,A,3,ccd55711d2a41e8b,SODA-A,00832__800__2400___600,165,crops/ccd55711d2a41e8b.jpg,,,,
m4-v3-e6479d43f0b9,A,4,8034a8ca41f4035c,DIOR-R,18711,1,crops/8034a8ca41f4035c.jpg,,,,
m4-v3-e6479d43f0b9,A,5,66c0c480ce599e31,FAIR1M-v1.0,2104__1024__0___0,20,crops/66c0c480ce599e31.jpg,,,,
m4-v3-e6479d43f0b9,A,6,06325e52e1631f0c,SODA-A,01451__800__2400___600,12,crops/06325e52e1631f0c.jpg,,,,
m4-v3-e6479d43f0b9,A,7,f512f545399c3e7d,FAIR1M-v1.0,13104__1024__0___0,149,crops/f512f545399c3e7d.jpg,,,,
m4-v3-e6479d43f0b9,A,8,46f745e76b3fdc7a,DIOR-R,22757,14,crops/46f745e76b3fdc7a.jpg,,,,
m4-v3-e6479d43f0b9,A,9,63c2a1f82a041ee0,DIOR-R,21880,4,crops/63c2a1f82a041ee0.jpg,,,,
m4-v3-e6479d43f0b9,A,10,e60d7dd4ac4647cb,DIOR-R,22552,27,crops/e60d7dd4ac4647cb.jpg,,,,
m4-v3-e6479d43f0b9,A,11,8178b609a423fa67,DIOR-R,23194,22,crops/8178b609a423fa67.jpg,,,,
m4-v3-e6479d43f0b9,A,12,8e907934934d16da,DIOR-R,14363,0,crops/8e907934934d16da.jpg,,,,
m4-v3-e6479d43f0b9,A,13,be7ca0d1208c4662,FAIR1M-v1.0,4336__1024__0___0,18,crops/be7ca0d1208c4662.jpg,,,,
m4-v3-e6479d43f0b9,A,14,adf21d9d5f36829e,DIOR-R,22191,57,crops/adf21d9d5f36829e.jpg,,,,
m4-v3-e6479d43f0b9,A,15,87f463762312eaaa,DIOR-R,16549,23,crops/87f463762312eaaa.jpg,,,,
m4-v3-e6479d43f0b9,A,16,401f8a694896363b,SODA-A,01374__800__0___600,19,crops/401f8a694896363b.jpg,,,,
m4-v3-e6479d43f0b9,A,17,6331f79a89ed84c4,SODA-A,01738__800__600___600,1,crops/6331f79a89ed84c4.jpg,,,,
m4-v3-e6479d43f0b9,A,18,5eb8d15117dcbcaa,FAIR1M-v1.0,6619__1024__0___0,28,crops/5eb8d15117dcbcaa.jpg,,,,
m4-v3-e6479d43f0b9,A,19,6877e232123cfba1,SODA-A,01461__800__1800___1951,35,crops/6877e232123cfba1.jpg,,,,
m4-v3-e6479d43f0b9,A,20,73218fe6b3296078,FAIR1M-v1.0,11483__1024__0___0,7,crops/73218fe6b3296078.jpg,,,,
m4-v3-e6479d43f0b9,A,21,c0d445c729a39335,FAIR1M-v1.0,3940__1024__0___0,80,crops/c0d445c729a39335.jpg,,,,
m4-v3-e6479d43f0b9,A,22,0a0c8c4af06cead9,FAIR1M-v1.0,10521__1024__0___0,243,crops/0a0c8c4af06cead9.jpg,,,,
m4-v3-e6479d43f0b9,A,23,192d5af75a345333,SODA-A,00120__800__1200___0,3,crops/192d5af75a345333.jpg,,,,
m4-v3-e6479d43f0b9,A,24,5e04f2ce91d367ce,DIOR-R,14290,6,crops/5e04f2ce91d367ce.jpg,,,,
m4-v3-e6479d43f0b9,A,25,e50f53018f38c184,SODA-A,02231__800__600___1800,6,crops/e50f53018f38c184.jpg,,,,
m4-v3-e6479d43f0b9,A,26,21f81e7c29067745,SODA-A,00647__800__4000___0,31,crops/21f81e7c29067745.jpg,,,,
m4-v3-e6479d43f0b9,A,27,728b2a0572cba073,SODA-A,02443__800__600___1944,56,crops/728b2a0572cba073.jpg,,,,
m4-v3-e6479d43f0b9,A,28,507d391d50b4e98b,SODA-A,00063__800__0___1800,0,crops/507d391d50b4e98b.jpg,,,,
m4-v3-e6479d43f0b9,A,29,fbba7e87094fa1aa,DIOR-R,18364,18,crops/fbba7e87094fa1aa.jpg,,,,
m4-v3-e6479d43f0b9,A,30,d2cba49c1073c1bf,SODA-A,00557__800__3955___0,95,crops/d2cba49c1073c1bf.jpg,,,,
m4-v3-e6479d43f0b9,A,31,0be96f00dd0f76ca,SODA-A,00202__800__600___1985,46,crops/0be96f00dd0f76ca.jpg,,,,
m4-v3-e6479d43f0b9,A,32,704134b6f084b1b9,DIOR-R,16139,1,crops/704134b6f084b1b9.jpg,,,,
m4-v3-e6479d43f0b9,A,33,6269b8e48ff2f681,DIOR-R,14746,16,crops/6269b8e48ff2f681.jpg,,,,
m4-v3-e6479d43f0b9,A,34,e6fb0cb7a4b4661a,SODA-A,00249__800__2400___600,152,crops/e6fb0cb7a4b4661a.jpg,,,,
m4-v3-e6479d43f0b9,A,35,8b5ff443fe9549f7,DIOR-R,22146,48,crops/8b5ff443fe9549f7.jpg,,,,
m4-v3-e6479d43f0b9,A,36,c7cef9a6183163b1,SODA-A,02024__800__600___600,109,crops/c7cef9a6183163b1.jpg,,,,
m4-v3-e6479d43f0b9,A,37,bb54e96164aa272d,DIOR-R,22978,7,crops/bb54e96164aa272d.jpg,,,,
m4-v3-e6479d43f0b9,A,38,b1246b0cc56b758f,FAIR1M-v1.0,2304__1024__0___0,0,crops/b1246b0cc56b758f.jpg,,,,
m4-v3-e6479d43f0b9,A,39,1a63ca12d514c0b9,DIOR-R,13727,45,crops/1a63ca12d514c0b9.jpg,,,,
m4-v3-e6479d43f0b9,A,40,4d4f06bc1c1298de,SODA-A,01403__800__3600___1800,0,crops/4d4f06bc1c1298de.jpg,,,,
m4-v3-e6479d43f0b9,A,41,a7c8782b28247cf2,DIOR-R,13005,11,crops/a7c8782b28247cf2.jpg,,,,
m4-v3-e6479d43f0b9,A,42,c51b1ee31d945f3d,FAIR1M-v1.0,8208__1024__0___0,16,crops/c51b1ee31d945f3d.jpg,,,,
m4-v3-e6479d43f0b9,A,43,b33083659cc1f98f,SODA-A,01210__800__3955___1200,18,crops/b33083659cc1f98f.jpg,,,,
m4-v3-e6479d43f0b9,A,44,050b298706ddbe1a,DIOR-R,21225,5,crops/050b298706ddbe1a.jpg,,,,
m4-v3-e6479d43f0b9,A,45,ae7b8ed1e8fb16ec,SODA-A,01631__800__0___1800,7,crops/ae7b8ed1e8fb16ec.jpg,,,,
m4-v3-e6479d43f0b9,A,46,af7a4e6539fa0c00,SODA-A,02512__800__600___1200,197,crops/af7a4e6539fa0c00.jpg,,,,
m4-v3-e6479d43f0b9,A,47,fd65745558fc6ef4,DIOR-R,22170,56,crops/fd65745558fc6ef4.jpg,,,,
m4-v3-e6479d43f0b9,A,48,0726c25ff3e6cc24,DIOR-R,13898,1,crops/0726c25ff3e6cc24.jpg,,,,
m4-v3-e6479d43f0b9,A,49,e40a13084507e2d1,FAIR1M-v1.0,264__1024__0___0,35,crops/e40a13084507e2d1.jpg,,,,
m4-v3-e6479d43f0b9,A,50,2e75876eb7f59445,SODA-A,00256__800__600___1800,234,crops/2e75876eb7f59445.jpg,,,,
m4-v3-e6479d43f0b9,A,51,3db678f2b971d87a,SODA-A,00256__800__4000___1944,19,crops/3db678f2b971d87a.jpg,,,,
m4-v3-e6479d43f0b9,A,52,e5071f1f8e6ae14d,FAIR1M-v1.0,1663__1024__0___476,87,crops/e5071f1f8e6ae14d.jpg,,,,
m4-v3-e6479d43f0b9,A,53,6800601003844f38,FAIR1M-v1.0,13460__1024__0___0,5,crops/6800601003844f38.jpg,,,,
m4-v3-e6479d43f0b9,A,54,445b1658cfdd2e6d,SODA-A,01455__800__1800___0,12,crops/445b1658cfdd2e6d.jpg,,,,
m4-v3-e6479d43f0b9,A,55,2fc6c9fb23add774,SODA-A,01600__800__3942___0,153,crops/2fc6c9fb23add774.jpg,,,,
m4-v3-e6479d43f0b9,A,56,2763fc5bae473eda,SODA-A,01211__800__3000___0,0,crops/2763fc5bae473eda.jpg,,,,
m4-v3-e6479d43f0b9,A,57,016e94533a908b67,SODA-A,01757__800__1200___600,44,crops/016e94533a908b67.jpg,,,,
m4-v3-e6479d43f0b9,A,58,41548f19808c51aa,DIOR-R,17260,0,crops/41548f19808c51aa.jpg,,,,
m4-v3-e6479d43f0b9,A,59,382e18d3302881c8,FAIR1M-v1.0,16146__1024__0___0,8,crops/382e18d3302881c8.jpg,,,,
m4-v3-e6479d43f0b9,A,60,9d2b716795ebd0f7,DIOR-R,18258,102,crops/9d2b716795ebd0f7.jpg,,,,
m4-v3-e6479d43f0b9,A,61,1faf68b0490d4a69,FAIR1M-v1.0,8615__1024__0___0,51,crops/1faf68b0490d4a69.jpg,,,,
m4-v3-e6479d43f0b9,A,62,9f14b78bfb8df884,SODA-A,01596__800__3000___600,64,crops/9f14b78bfb8df884.jpg,,,,
m4-v3-e6479d43f0b9,A,63,a5ecfdfe9038ed42,FAIR1M-v1.0,2693__1024__0___0,1,crops/a5ecfdfe9038ed42.jpg,,,,
m4-v3-e6479d43f0b9,A,64,86eefdfc61bd02b3,DIOR-R,22687,59,crops/86eefdfc61bd02b3.jpg,,,,
m4-v3-e6479d43f0b9,A,65,044b80d92c00c620,DIOR-R,13051,108,crops/044b80d92c00c620.jpg,,,,
m4-v3-e6479d43f0b9,A,66,898ec530c9c77d7b,FAIR1M-v1.0,12331__1024__0___0,33,crops/898ec530c9c77d7b.jpg,,,,
m4-v3-e6479d43f0b9,A,67,d69040084cfc4879,FAIR1M-v1.0,13814__1024__0___0,17,crops/d69040084cfc4879.jpg,,,,
m4-v3-e6479d43f0b9,A,68,accc454604ef3c90,FAIR1M-v1.0,4116__1024__0___0,5,crops/accc454604ef3c90.jpg,,,,
m4-v3-e6479d43f0b9,A,69,fd3077c02699f26a,FAIR1M-v1.0,10099__1024__0___0,231,crops/fd3077c02699f26a.jpg,,,,
m4-v3-e6479d43f0b9,A,70,a7f804eb2d2b50fa,DIOR-R,17888,19,crops/a7f804eb2d2b50fa.jpg,,,,
m4-v3-e6479d43f0b9,A,71,b2fc0da15109dd5b,DIOR-R,16012,17,crops/b2fc0da15109dd5b.jpg,,,,
m4-v3-e6479d43f0b9,A,72,0cace1b3fad0745d,FAIR1M-v1.0,8593__1024__0___0,101,crops/0cace1b3fad0745d.jpg,,,,
m4-v3-e6479d43f0b9,A,73,7e2bad675c7de4ed,SODA-A,01802__800__1800___1800,0,crops/7e2bad675c7de4ed.jpg,,,,
m4-v3-e6479d43f0b9,A,74,2c8a314650656d41,FAIR1M-v1.0,1066__1024__476___476,1,crops/2c8a314650656d41.jpg,,,,
m4-v3-e6479d43f0b9,A,75,a13704c6a4202608,DIOR-R,16418,19,crops/a13704c6a4202608.jpg,,,,
m4-v3-e6479d43f0b9,A,76,48d75a16f0b27bf6,SODA-A,00498__800__4000___2400,67,crops/48d75a16f0b27bf6.jpg,,,,
m4-v3-e6479d43f0b9,A,77,ce1fdbc2d7401bac,DIOR-R,17806,0,crops/ce1fdbc2d7401bac.jpg,,,,
m4-v3-e6479d43f0b9,A,78,0c4014909d9da55a,DIOR-R,19347,4,crops/0c4014909d9da55a.jpg,,,,
m4-v3-e6479d43f0b9,A,79,4c4bc06dbe1afc33,DIOR-R,19247,0,crops/4c4bc06dbe1afc33.jpg,,,,
m4-v3-e6479d43f0b9,A,80,18c30694b5d32a60,DIOR-R,20191,6,crops/18c30694b5d32a60.jpg,,,,
m4-v3-e6479d43f0b9,A,81,fb2abe5a068e921c,DIOR-R,19095,10,crops/fb2abe5a068e921c.jpg,,,,
m4-v3-e6479d43f0b9,A,82,29f3da55a75e96e9,DIOR-R,12055,4,crops/29f3da55a75e96e9.jpg,,,,
m4-v3-e6479d43f0b9,A,83,4ba074107ca41eeb,FAIR1M-v1.0,962__1024__0___0,77,crops/4ba074107ca41eeb.jpg,,,,
m4-v3-e6479d43f0b9,A,84,bf3e55dbd0603821,DIOR-R,16273,118,crops/bf3e55dbd0603821.jpg,,,,
m4-v3-e6479d43f0b9,A,85,ee4f3f4475be4bb3,DIOR-R,20781,1,crops/ee4f3f4475be4bb3.jpg,,,,
m4-v3-e6479d43f0b9,A,86,b8d86fb8d69e813d,SODA-A,01424__800__4000___600,0,crops/b8d86fb8d69e813d.jpg,,,,
m4-v3-e6479d43f0b9,A,87,f7c44f4079101d5b,DIOR-R,14326,0,crops/f7c44f4079101d5b.jpg,,,,
m4-v3-e6479d43f0b9,A,88,bdc8abbd6b2cc73d,SODA-A,02463__800__3600___1200,3,crops/bdc8abbd6b2cc73d.jpg,,,,
m4-v3-e6479d43f0b9,A,89,86e4898759bfa621,SODA-A,01430__800__600___1935,40,crops/86e4898759bfa621.jpg,,,,
m4-v3-e6479d43f0b9,A,90,31659deca6824bb9,DIOR-R,18454,28,crops/31659deca6824bb9.jpg,,,,
m4-v3-e6479d43f0b9,A,91,fee8da0ae306116b,DIOR-R,18658,45,crops/fee8da0ae306116b.jpg,,,,
m4-v3-e6479d43f0b9,A,92,2f169f35a356eae3,SODA-A,01440__800__600___1985,1,crops/2f169f35a356eae3.jpg,,,,
m4-v3-e6479d43f0b9,A,93,ced37bc8cc8e1210,DIOR-R,21076,2,crops/ced37bc8cc8e1210.jpg,,,,
m4-v3-e6479d43f0b9,A,94,0c8314ed249fe29b,DIOR-R,15291,7,crops/0c8314ed249fe29b.jpg,,,,
m4-v3-e6479d43f0b9,A,95,c97d6709d7d4757a,FAIR1M-v1.0,12808__1024__824___0,1,crops/c97d6709d7d4757a.jpg,,,,
m4-v3-e6479d43f0b9,A,96,4a1617da9d5f8629,SODA-A,01567__800__3600___1800,1,crops/4a1617da9d5f8629.jpg,,,,
m4-v3-e6479d43f0b9,A,97,5ec402e4740e770a,SODA-A,00557__800__1200___1800,50,crops/5ec402e4740e770a.jpg,,,,
m4-v3-e6479d43f0b9,A,98,5d7fc13e57c3b02e,SODA-A,01455__800__3955___1985,24,crops/5d7fc13e57c3b02e.jpg,,,,
m4-v3-e6479d43f0b9,A,99,6e9b4f301e0adfde,SODA-A,01750__800__0___0,23,crops/6e9b4f301e0adfde.jpg,,,,
m4-v3-e6479d43f0b9,A,100,7b779393fba89458,FAIR1M-v1.0,11745__1024__0___0,451,crops/7b779393fba89458.jpg,,,,
m4-v3-e6479d43f0b9,A,101,b90f138c4aaeadde,DIOR-R,15336,79,crops/b90f138c4aaeadde.jpg,,,,
m4-v3-e6479d43f0b9,A,102,8066bc45f2949d87,DIOR-R,11863,29,crops/8066bc45f2949d87.jpg,,,,
m4-v3-e6479d43f0b9,A,103,bd4601fa8026bd76,DIOR-R,18217,38,crops/bd4601fa8026bd76.jpg,,,,
m4-v3-e6479d43f0b9,A,104,8b8309d280df56de,FAIR1M-v1.0,6523__1024__0___0,14,crops/8b8309d280df56de.jpg,,,,
m4-v3-e6479d43f0b9,A,105,d35b3e3d513f52ff,DIOR-R,18844,75,crops/d35b3e3d513f52ff.jpg,,,,
m4-v3-e6479d43f0b9,A,106,b75cfdfdaaa5dd5e,SODA-A,01596__800__1200___1800,77,crops/b75cfdfdaaa5dd5e.jpg,,,,
m4-v3-e6479d43f0b9,A,107,0aba074f8cf61c54,FAIR1M-v1.0,14789__1024__0___0,6,crops/0aba074f8cf61c54.jpg,,,,
m4-v3-e6479d43f0b9,A,108,63fed272d90627cd,DIOR-R,20426,20,crops/63fed272d90627cd.jpg,,,,
m4-v3-e6479d43f0b9,A,109,e9f510e96989097a,DIOR-R,17426,0,crops/e9f510e96989097a.jpg,,,,
m4-v3-e6479d43f0b9,A,110,ead2892285e8f6e4,SODA-A,00283__800__3600___1974,24,crops/ead2892285e8f6e4.jpg,,,,
m4-v3-e6479d43f0b9,A,111,2466f63aa646a99d,FAIR1M-v1.0,6523__1024__0___0,31,crops/2466f63aa646a99d.jpg,,,,
m4-v3-e6479d43f0b9,A,112,48a6332f8e75c54d,FAIR1M-v1.0,5297__1024__0___0,76,crops/48a6332f8e75c54d.jpg,,,,
m4-v3-e6479d43f0b9,A,113,e5fa6bca8439bcec,SODA-A,00996__800__600___1985,20,crops/e5fa6bca8439bcec.jpg,,,,
m4-v3-e6479d43f0b9,A,114,2dae2e2343959b9b,FAIR1M-v1.0,14205__1024__0___0,25,crops/2dae2e2343959b9b.jpg,,,,
m4-v3-e6479d43f0b9,A,115,4b55706923039c89,SODA-A,00498__800__0___3044,1,crops/4b55706923039c89.jpg,,,,
m4-v3-e6479d43f0b9,A,116,4657f67ffc26d39f,FAIR1M-v1.0,2114__1024__0___0,6,crops/4657f67ffc26d39f.jpg,,,,
m4-v3-e6479d43f0b9,A,117,475ee4e80ebfef80,DIOR-R,15617,6,crops/475ee4e80ebfef80.jpg,,,,
m4-v3-e6479d43f0b9,A,118,ee33a99525dec375,FAIR1M-v1.0,8417__1024__0___0,0,crops/ee33a99525dec375.jpg,,,,
m4-v3-e6479d43f0b9,A,119,38a97b6605ff1964,SODA-A,01596__800__3955___600,15,crops/38a97b6605ff1964.jpg,,,,
m4-v3-e6479d43f0b9,A,120,5d0c9d350f83e012,FAIR1M-v1.0,14689__1024__0___0,3,crops/5d0c9d350f83e012.jpg,,,,
m4-v3-e6479d43f0b9,A,121,39ed806efa425f58,DIOR-R,18331,25,crops/39ed806efa425f58.jpg,,,,
m4-v3-e6479d43f0b9,A,122,6f840cbe72d23368,DIOR-R,22704,46,crops/6f840cbe72d23368.jpg,,,,
m4-v3-e6479d43f0b9,A,123,c79c57614de8a778,DIOR-R,13059,153,crops/c79c57614de8a778.jpg,,,,
m4-v3-e6479d43f0b9,A,124,0f5e4239d2b87646,DIOR-R,14906,3,crops/0f5e4239d2b87646.jpg,,,,
m4-v3-e6479d43f0b9,A,125,a0f842e4206d0209,SODA-A,00849__800__0___600,228,crops/a0f842e4206d0209.jpg,,,,
m4-v3-e6479d43f0b9,A,126,315da16412c8d6c9,FAIR1M-v1.0,13811__1024__0___0,159,crops/315da16412c8d6c9.jpg,,,,
m4-v3-e6479d43f0b9,A,127,620ab5d09b775646,DIOR-R,17479,12,crops/620ab5d09b775646.jpg,,,,
m4-v3-e6479d43f0b9,A,128,0c6d0d5f48380ef1,DIOR-R,19308,0,crops/0c6d0d5f48380ef1.jpg,,,,
m4-v3-e6479d43f0b9,A,129,177fddbec1c4c598,SODA-A,01463__800__1800___1800,1,crops/177fddbec1c4c598.jpg,,,,
m4-v3-e6479d43f0b9,A,130,7c3801a99132c6a9,DIOR-R,19964,6,crops/7c3801a99132c6a9.jpg,,,,
m4-v3-e6479d43f0b9,A,131,d18495563d6bd8b9,DIOR-R,21175,122,crops/d18495563d6bd8b9.jpg,,,,
m4-v3-e6479d43f0b9,A,132,bd9484995ab65676,SODA-A,01631__800__1200___1985,15,crops/bd9484995ab65676.jpg,,,,
m4-v3-e6479d43f0b9,A,133,c6b43e9a17a75cca,DIOR-R,14778,46,crops/c6b43e9a17a75cca.jpg,,,,
m4-v3-e6479d43f0b9,A,134,ec0a8f5f9f069c5e,DIOR-R,19708,1,crops/ec0a8f5f9f069c5e.jpg,,,,
m4-v3-e6479d43f0b9,A,135,5019bca6dbfa182a,SODA-A,01542__800__1200___0,40,crops/5019bca6dbfa182a.jpg,,,,
m4-v3-e6479d43f0b9,A,136,a9dec5a374d505a8,DIOR-R,16497,46,crops/a9dec5a374d505a8.jpg,,,,
m4-v3-e6479d43f0b9,A,137,a0feb11d139958ee,FAIR1M-v1.0,3937__1024__824___824,26,crops/a0feb11d139958ee.jpg,,,,
m4-v3-e6479d43f0b9,A,138,330a5c6bc5d7286b,DIOR-R,12809,10,crops/330a5c6bc5d7286b.jpg,,,,
m4-v3-e6479d43f0b9,A,139,f60e8f331e3ff664,FAIR1M-v1.0,4803__1024__0___0,15,crops/f60e8f331e3ff664.jpg,,,,
m4-v3-e6479d43f0b9,A,140,9424c817ee5eb19c,FAIR1M-v1.0,15688__1024__0___0,30,crops/9424c817ee5eb19c.jpg,,,,
m4-v3-e6479d43f0b9,A,141,6a719555a3709573,SODA-A,02114__800__3600___1200,195,crops/6a719555a3709573.jpg,,,,
m4-v3-e6479d43f0b9,A,142,ecd5024abf8fc6a5,SODA-A,00797__800__1800___1200,1,crops/ecd5024abf8fc6a5.jpg,,,,
m4-v3-e6479d43f0b9,A,143,3f2bfa7d8e6debbc,DIOR-R,22107,0,crops/3f2bfa7d8e6debbc.jpg,,,,
m4-v3-e6479d43f0b9,A,144,e2e814745318a24a,DIOR-R,22567,18,crops/e2e814745318a24a.jpg,,,,
m4-v3-e6479d43f0b9,A,145,5c5bb22611136d7c,SODA-A,02512__800__3600___0,356,crops/5c5bb22611136d7c.jpg,,,,
m4-v3-e6479d43f0b9,A,146,57ab41370f125a99,DIOR-R,22185,4,crops/57ab41370f125a99.jpg,,,,
m4-v3-e6479d43f0b9,A,147,ea203777c3f8871a,SODA-A,02249__800__1800___1023,4,crops/ea203777c3f8871a.jpg,,,,
m4-v3-e6479d43f0b9,A,148,fbb315be0bf4ae22,FAIR1M-v1.0,12621__1024__0___0,3,crops/fbb315be0bf4ae22.jpg,,,,
m4-v3-e6479d43f0b9,A,149,367f2f05f5299fbe,SODA-A,00812__800__3600___0,24,crops/367f2f05f5299fbe.jpg,,,,
m4-v3-e6479d43f0b9,A,150,443ffa9d4ed478a3,FAIR1M-v1.0,6540__1024__0___0,65,crops/443ffa9d4ed478a3.jpg,,,,
m4-v3-e6479d43f0b9,A,151,abcf432f121fc278,FAIR1M-v1.0,1845__1024__0___0,87,crops/abcf432f121fc278.jpg,,,,
m4-v3-e6479d43f0b9,A,152,d7a7c6c25a4606c8,FAIR1M-v1.0,4552__1024__0___0,18,crops/d7a7c6c25a4606c8.jpg,,,,
m4-v3-e6479d43f0b9,A,153,406aab3642c5c227,SODA-A,02004__800__0___1200,46,crops/406aab3642c5c227.jpg,,,,
m4-v3-e6479d43f0b9,A,154,075026de07e8fce5,DIOR-R,12407,21,crops/075026de07e8fce5.jpg,,,,
m4-v3-e6479d43f0b9,A,155,87ad0492b57b9f55,FAIR1M-v1.0,12946__1024__0___0,14,crops/87ad0492b57b9f55.jpg,,,,
m4-v3-e6479d43f0b9,A,156,8a38be9d0d108b48,SODA-A,01293__800__3000___0,3,crops/8a38be9d0d108b48.jpg,,,,
m4-v3-e6479d43f0b9,A,157,9cd3e639cd7d0f96,FAIR1M-v1.0,7806__1024__0___0,28,crops/9cd3e639cd7d0f96.jpg,,,,
m4-v3-e6479d43f0b9,A,158,67b62b86c2b79a95,SODA-A,01877__800__3000___1800,85,crops/67b62b86c2b79a95.jpg,,,,
m4-v3-e6479d43f0b9,A,159,4839627f93c3abd9,FAIR1M-v1.0,10284__1024__0___0,2,crops/4839627f93c3abd9.jpg,,,,
m4-v3-e6479d43f0b9,A,160,139ce531458c8075,DIOR-R,13747,4,crops/139ce531458c8075.jpg,,,,
m4-v3-e6479d43f0b9,A,161,4ec7b96a1f145ae4,FAIR1M-v1.0,3389__1024__0___0,118,crops/4ec7b96a1f145ae4.jpg,,,,
m4-v3-e6479d43f0b9,A,162,984012c82e935fe7,SODA-A,01683__800__600___2045,78,crops/984012c82e935fe7.jpg,,,,
m4-v3-e6479d43f0b9,A,163,d73b6a98b1353917,FAIR1M-v1.0,208__1024__0___0,140,crops/d73b6a98b1353917.jpg,,,,
m4-v3-e6479d43f0b9,A,164,6862b2b755efa2de,SODA-A,01757__800__3000___1200,96,crops/6862b2b755efa2de.jpg,,,,
m4-v3-e6479d43f0b9,A,165,c9e6f29e0a36851f,DIOR-R,20332,41,crops/c9e6f29e0a36851f.jpg,,,,
m4-v3-e6479d43f0b9,A,166,d6957cbd89c45d1c,SODA-A,01875__800__3000___1985,38,crops/d6957cbd89c45d1c.jpg,,,,
m4-v3-e6479d43f0b9,A,167,af50f47677da3447,FAIR1M-v1.0,13427__1024__0___0,204,crops/af50f47677da3447.jpg,,,,
m4-v3-e6479d43f0b9,A,168,7316ae9a6971957c,FAIR1M-v1.0,7930__1024__0___0,26,crops/7316ae9a6971957c.jpg,,,,
m4-v3-e6479d43f0b9,A,169,c1d3aec5bbcdda3e,FAIR1M-v1.0,2587__1024__0___0,217,crops/c1d3aec5bbcdda3e.jpg,,,,
m4-v3-e6479d43f0b9,A,170,8f9edc772889336d,DIOR-R,14321,2,crops/8f9edc772889336d.jpg,,,,
m4-v3-e6479d43f0b9,A,171,663f4b88e826e316,FAIR1M-v1.0,5667__1024__0___0,150,crops/663f4b88e826e316.jpg,,,,
m4-v3-e6479d43f0b9,A,172,77b9703a651e2995,SODA-A,02289__800__1800___600,473,crops/77b9703a651e2995.jpg,,,,
m4-v3-e6479d43f0b9,A,173,7f2735416a80b890,FAIR1M-v1.0,9974__1024__0___0,25,crops/7f2735416a80b890.jpg,,,,
m4-v3-e6479d43f0b9,A,174,129446d1fb3b301d,SODA-A,02511__800__600___1200,11,crops/129446d1fb3b301d.jpg,,,,
m4-v3-e6479d43f0b9,A,175,7b664ae18fd24a20,SODA-A,01603__800__2400___0,96,crops/7b664ae18fd24a20.jpg,,,,
m4-v3-e6479d43f0b9,A,176,3d5008c1e3f0e724,SODA-A,00642__800__3000___0,117,crops/3d5008c1e3f0e724.jpg,,,,
m4-v3-e6479d43f0b9,A,177,f6e707898056f88e,SODA-A,00310__800__2400___600,120,crops/f6e707898056f88e.jpg,,,,
m4-v3-e6479d43f0b9,A,178,169b1f1342174b14,DIOR-R,13220,52,crops/169b1f1342174b14.jpg,,,,
m4-v3-e6479d43f0b9,A,179,f3276b3aeb3f4ce5,DIOR-R,12038,60,crops/f3276b3aeb3f4ce5.jpg,,,,
m4-v3-e6479d43f0b9,A,180,0c5d492125098335,FAIR1M-v1.0,8091__1024__0___0,117,crops/0c5d492125098335.jpg,,,,
m4-v3-e6479d43f0b9,A,181,a4706db54eacceb2,DIOR-R,18952,1,crops/a4706db54eacceb2.jpg,,,,
m4-v3-e6479d43f0b9,A,182,32ca6097153f2d46,SODA-A,00283__800__3000___1200,321,crops/32ca6097153f2d46.jpg,,,,
m4-v3-e6479d43f0b9,A,183,7fccbe2f74a4bada,FAIR1M-v1.0,590__1024__0___0,90,crops/7fccbe2f74a4bada.jpg,,,,
m4-v3-e6479d43f0b9,A,184,dfda70f171cc20b8,SODA-A,00812__800__3000___1985,49,crops/dfda70f171cc20b8.jpg,,,,
m4-v3-e6479d43f0b9,A,185,f40dec08970cd145,SODA-A,02205__800__1200___1800,15,crops/f40dec08970cd145.jpg,,,,
m4-v3-e6479d43f0b9,A,186,0ed23620b95ee950,DIOR-R,15152,10,crops/0ed23620b95ee950.jpg,,,,
m4-v3-e6479d43f0b9,A,187,80c86133e2d94948,FAIR1M-v1.0,9635__1024__0___0,4,crops/80c86133e2d94948.jpg,,,,
m4-v3-e6479d43f0b9,A,188,c7b132d46ed2d687,SODA-A,00936__800__3000___600,123,crops/c7b132d46ed2d687.jpg,,,,
m4-v3-e6479d43f0b9,A,189,97ee3f8cca4894de,SODA-A,01699__800__2400___600,59,crops/97ee3f8cca4894de.jpg,,,,
m4-v3-e6479d43f0b9,A,190,30afd0ef2dff8a7b,SODA-A,01145__800__2400___0,22,crops/30afd0ef2dff8a7b.jpg,,,,
m4-v3-e6479d43f0b9,A,191,fe4ce633201f1c5b,DIOR-R,14716,3,crops/fe4ce633201f1c5b.jpg,,,,
m4-v3-e6479d43f0b9,A,192,637de0b07f4d5aab,SODA-A,01600__800__3000___0,71,crops/637de0b07f4d5aab.jpg,,,,
m4-v3-e6479d43f0b9,A,193,742ec00e754e13b2,DIOR-R,20298,98,crops/742ec00e754e13b2.jpg,,,,
m4-v3-e6479d43f0b9,A,194,15744683a748fd91,DIOR-R,13223,19,crops/15744683a748fd91.jpg,,,,
m4-v3-e6479d43f0b9,A,195,3a39d551af082d5e,FAIR1M-v1.0,2160__1024__0___0,284,crops/3a39d551af082d5e.jpg,,,,
m4-v3-e6479d43f0b9,A,196,c0a6b7d9eb44f5cf,SODA-A,00849__800__2425___1203,15,crops/c0a6b7d9eb44f5cf.jpg,,,,
m4-v3-e6479d43f0b9,A,197,602146743c3c34ee,DIOR-R,11745,29,crops/602146743c3c34ee.jpg,,,,
m4-v3-e6479d43f0b9,A,198,7ea9ba6b904bcdc4,FAIR1M-v1.0,8106__1024__0___0,4,crops/7ea9ba6b904bcdc4.jpg,,,,
m4-v3-e6479d43f0b9,A,199,03e22bc8808ce90e,SODA-A,00283__800__3600___1800,22,crops/03e22bc8808ce90e.jpg,,,,
m4-v3-e6479d43f0b9,A,200,c81500ff51ff1c72,SODA-A,01371__800__3955___600,18,crops/c81500ff51ff1c72.jpg,,,,
m4-v3-e6479d43f0b9,A,201,25753a73e8c52d3b,DIOR-R,13283,0,crops/25753a73e8c52d3b.jpg,,,,
m4-v3-e6479d43f0b9,A,202,986648975f4beca5,FAIR1M-v1.0,12647__1024__0___0,167,crops/986648975f4beca5.jpg,,,,
m4-v3-e6479d43f0b9,A,203,c08e88ed70b0aa16,FAIR1M-v1.0,267__1024__476___476,13,crops/c08e88ed70b0aa16.jpg,,,,
m4-v3-e6479d43f0b9,A,204,bc1fd4d6d3960de3,DIOR-R,17031,3,crops/bc1fd4d6d3960de3.jpg,,,,
m4-v3-e6479d43f0b9,A,205,957b854dfcfb1140,FAIR1M-v1.0,8716__1024__0___0,52,crops/957b854dfcfb1140.jpg,,,,
m4-v3-e6479d43f0b9,A,206,04060836b392d125,SODA-A,00557__800__0___0,179,crops/04060836b392d125.jpg,,,,
m4-v3-e6479d43f0b9,A,207,000473f222358086,FAIR1M-v1.0,5093__1024__0___0,26,crops/000473f222358086.jpg,,,,
m4-v3-e6479d43f0b9,A,208,1b50557193c77b13,DIOR-R,18735,3,crops/1b50557193c77b13.jpg,,,,
m4-v3-e6479d43f0b9,A,209,e41fe55f4025277b,FAIR1M-v1.0,14887__1024__0___0,165,crops/e41fe55f4025277b.jpg,,,,
m4-v3-e6479d43f0b9,A,210,5f9391ec713ef1b7,DIOR-R,12770,12,crops/5f9391ec713ef1b7.jpg,,,,
m4-v3-e6479d43f0b9,A,211,6856a38befabfe10,FAIR1M-v1.0,14360__1024__0___0,41,crops/6856a38befabfe10.jpg,,,,
m4-v3-e6479d43f0b9,A,212,b563d9f6ead4a4c7,SODA-A,01447__800__0___1800,53,crops/b563d9f6ead4a4c7.jpg,,,,
m4-v3-e6479d43f0b9,A,213,30c9fbd4d800189e,DIOR-R,16740,10,crops/30c9fbd4d800189e.jpg,,,,
m4-v3-e6479d43f0b9,A,214,d0fc02091dd4e903,SODA-A,01633__800__3000___600,26,crops/d0fc02091dd4e903.jpg,,,,
m4-v3-e6479d43f0b9,A,215,94864eb01d9aca12,FAIR1M-v1.0,14654__1024__0___0,28,crops/94864eb01d9aca12.jpg,,,,
m4-v3-e6479d43f0b9,A,216,b43c806a898db6af,DIOR-R,17858,18,crops/b43c806a898db6af.jpg,,,,
m4-v3-e6479d43f0b9,A,217,1d00217c6d070e35,FAIR1M-v1.0,10467__1024__0___0,13,crops/1d00217c6d070e35.jpg,,,,
m4-v3-e6479d43f0b9,A,218,7a9448d60f3ef3ec,FAIR1M-v1.0,1751__1024__0___0,167,crops/7a9448d60f3ef3ec.jpg,,,,
m4-v3-e6479d43f0b9,A,219,64d06425df4517e8,SODA-A,00746__800__1800___0,12,crops/64d06425df4517e8.jpg,,,,
m4-v3-e6479d43f0b9,A,220,0db69c7f7e725792,FAIR1M-v1.0,6048__1024__0___0,0,crops/0db69c7f7e725792.jpg,,,,
m4-v3-e6479d43f0b9,A,221,6976c8b727df9844,SODA-A,00685__800__1800___600,1,crops/6976c8b727df9844.jpg,,,,
m4-v3-e6479d43f0b9,A,222,bdfcc2cddf032408,FAIR1M-v1.0,8963__1024__0___0,157,crops/bdfcc2cddf032408.jpg,,,,
m4-v3-e6479d43f0b9,A,223,425950d015af9521,FAIR1M-v1.0,10227__1024__0___0,18,crops/425950d015af9521.jpg,,,,
m4-v3-e6479d43f0b9,A,224,d3ee8808a4f5106f,DIOR-R,18771,38,crops/d3ee8808a4f5106f.jpg,,,,
m4-v3-e6479d43f0b9,A,225,b250f2bb986091db,SODA-A,02107__800__3000___1800,94,crops/b250f2bb986091db.jpg,,,,
m4-v3-e6479d43f0b9,A,226,972d0e71c68383d5,DIOR-R,12036,82,crops/972d0e71c68383d5.jpg,,,,
m4-v3-e6479d43f0b9,A,227,9a54718857c88412,FAIR1M-v1.0,13856__1024__0___0,80,crops/9a54718857c88412.jpg,,,,
m4-v3-e6479d43f0b9,A,228,d4aa25fb7773f6f9,DIOR-R,16456,249,crops/d4aa25fb7773f6f9.jpg,,,,
m4-v3-e6479d43f0b9,A,229,d1b9f3c4afbd44d6,SODA-A,01587__800__600___0,26,crops/d1b9f3c4afbd44d6.jpg,,,,
m4-v3-e6479d43f0b9,A,230,cf52b1272c4bbc5e,DIOR-R,23054,7,crops/cf52b1272c4bbc5e.jpg,,,,
m4-v3-e6479d43f0b9,A,231,04ff9dda3c4b089d,FAIR1M-v1.0,15946__1024__0___0,163,crops/04ff9dda3c4b089d.jpg,,,,
m4-v3-e6479d43f0b9,A,232,47dd8544c36dd269,DIOR-R,22289,2,crops/47dd8544c36dd269.jpg,,,,
m4-v3-e6479d43f0b9,A,233,0ca34d64540e9f75,SODA-A,01608__800__2400___1200,166,crops/0ca34d64540e9f75.jpg,,,,
m4-v3-e6479d43f0b9,A,234,e77724c876fc99b8,DIOR-R,14048,3,crops/e77724c876fc99b8.jpg,,,,
m4-v3-e6479d43f0b9,A,235,7292316abfbde484,SODA-A,02002__800__2400___1200,72,crops/7292316abfbde484.jpg,,,,
m4-v3-e6479d43f0b9,A,236,9b00e65168dedd02,SODA-A,01699__800__3000___600,89,crops/9b00e65168dedd02.jpg,,,,
m4-v3-e6479d43f0b9,A,237,5e4c6d0b2e943e88,FAIR1M-v1.0,12481__1024__1648___0,12,crops/5e4c6d0b2e943e88.jpg,,,,
m4-v3-e6479d43f0b9,A,238,c26412cc14adf60e,DIOR-R,21504,5,crops/c26412cc14adf60e.jpg,,,,
m4-v3-e6479d43f0b9,A,239,36398e51d6143a74,DIOR-R,21577,62,crops/36398e51d6143a74.jpg,,,,
m4-v3-e6479d43f0b9,A,240,eaf48c88ebfb165a,SODA-A,00226__800__3600___1200,64,crops/eaf48c88ebfb165a.jpg,,,,
m4-v3-e6479d43f0b9,A,241,c2c5e03b21fdeb8d,FAIR1M-v1.0,3389__1024__0___0,351,crops/c2c5e03b21fdeb8d.jpg,,,,
m4-v3-e6479d43f0b9,A,242,f366963bf9ff0228,FAIR1M-v1.0,12626__1024__0___0,2,crops/f366963bf9ff0228.jpg,,,,
m4-v3-e6479d43f0b9,A,243,3362ce09824fc139,FAIR1M-v1.0,1572__1024__0___0,28,crops/3362ce09824fc139.jpg,,,,
m4-v3-e6479d43f0b9,A,244,a3237ee069fd1c48,DIOR-R,18976,99,crops/a3237ee069fd1c48.jpg,,,,
m4-v3-e6479d43f0b9,A,245,90d4eacc916b7079,FAIR1M-v1.0,15574__1024__0___0,0,crops/90d4eacc916b7079.jpg,,,,
m4-v3-e6479d43f0b9,A,246,e81553fc128cac81,FAIR1M-v1.0,15104__1024__0___0,13,crops/e81553fc128cac81.jpg,,,,
m4-v3-e6479d43f0b9,A,247,83f7ba00375ad039,FAIR1M-v1.0,14712__1024__0___0,38,crops/83f7ba00375ad039.jpg,,,,
m4-v3-e6479d43f0b9,A,248,977e1eef37b520f3,FAIR1M-v1.0,9256__1024__0___0,41,crops/977e1eef37b520f3.jpg,,,,
m4-v3-e6479d43f0b9,A,249,3e68b91321e60cd4,DIOR-R,16933,0,crops/3e68b91321e60cd4.jpg,,,,
m4-v3-e6479d43f0b9,A,250,37f9dc1e0cef633d,SODA-A,01542__800__1800___1985,150,crops/37f9dc1e0cef633d.jpg,,,,
m4-v3-e6479d43f0b9,A,251,018c58fe959dd11e,DIOR-R,19235,31,crops/018c58fe959dd11e.jpg,,,,
m4-v3-e6479d43f0b9,A,252,c042b760bdb6cb8a,DIOR-R,15418,4,crops/c042b760bdb6cb8a.jpg,,,,
m4-v3-e6479d43f0b9,A,253,382125d5b7b60d84,FAIR1M-v1.0,10233__1024__0___0,19,crops/382125d5b7b60d84.jpg,,,,
m4-v3-e6479d43f0b9,A,254,15d457a387a2f61e,DIOR-R,21421,55,crops/15d457a387a2f61e.jpg,,,,
m4-v3-e6479d43f0b9,A,255,8184ac98eca62c90,DIOR-R,14590,32,crops/8184ac98eca62c90.jpg,,,,
m4-v3-e6479d43f0b9,A,256,7fecdd77fdb46974,FAIR1M-v1.0,329__1024__0___0,106,crops/7fecdd77fdb46974.jpg,,,,
m4-v3-e6479d43f0b9,A,257,7c847de9cceb3e8c,FAIR1M-v1.0,11772__1024__0___0,165,crops/7c847de9cceb3e8c.jpg,,,,
m4-v3-e6479d43f0b9,A,258,1bf396ab726c1694,DIOR-R,20406,13,crops/1bf396ab726c1694.jpg,,,,
m4-v3-e6479d43f0b9,A,259,3810e5f812230674,FAIR1M-v1.0,10797__1024__0___0,2,crops/3810e5f812230674.jpg,,,,
m4-v3-e6479d43f0b9,A,260,51615c8e3d78d499,DIOR-R,17128,2,crops/51615c8e3d78d499.jpg,,,,
m4-v3-e6479d43f0b9,A,261,1e3d8cc1e6c55d3b,DIOR-R,13026,5,crops/1e3d8cc1e6c55d3b.jpg,,,,
m4-v3-e6479d43f0b9,A,262,440b29409e610f8d,DIOR-R,13833,35,crops/440b29409e610f8d.jpg,,,,
m4-v3-e6479d43f0b9,A,263,06d9a64c086ac483,DIOR-R,12640,15,crops/06d9a64c086ac483.jpg,,,,
m4-v3-e6479d43f0b9,A,264,4e08546dded8431d,SODA-A,02190__800__600___0,102,crops/4e08546dded8431d.jpg,,,,
m4-v3-e6479d43f0b9,A,265,1f8247cbbe4a1ff1,FAIR1M-v1.0,3174__1024__0___0,7,crops/1f8247cbbe4a1ff1.jpg,,,,
m4-v3-e6479d43f0b9,A,266,be55320ecb7f1414,DIOR-R,20903,166,crops/be55320ecb7f1414.jpg,,,,
m4-v3-e6479d43f0b9,A,267,23c8292e28977690,FAIR1M-v1.0,13481__1024__0___0,15,crops/23c8292e28977690.jpg,,,,
m4-v3-e6479d43f0b9,A,268,2280dd7145448f5d,SODA-A,00423__800__3955___1800,35,crops/2280dd7145448f5d.jpg,,,,
m4-v3-e6479d43f0b9,A,269,2589276c99328566,FAIR1M-v1.0,9541__1024__0___0,76,crops/2589276c99328566.jpg,,,,
m4-v3-e6479d43f0b9,A,270,5d46f70492bad823,FAIR1M-v1.0,14426__1024__0___0,153,crops/5d46f70492bad823.jpg,,,,
m4-v3-e6479d43f0b9,A,271,17e2992a05f375c3,DIOR-R,23265,35,crops/17e2992a05f375c3.jpg,,,,
m4-v3-e6479d43f0b9,A,272,3f0d8ddb0761b3fa,DIOR-R,14181,7,crops/3f0d8ddb0761b3fa.jpg,,,,
m4-v3-e6479d43f0b9,A,273,2c8e4d0f52c26da4,DIOR-R,21215,3,crops/2c8e4d0f52c26da4.jpg,,,,
m4-v3-e6479d43f0b9,A,274,a6778f7701e629c2,SODA-A,01677__800__600___600,50,crops/a6778f7701e629c2.jpg,,,,
m4-v3-e6479d43f0b9,A,275,9839e92fc04e3571,SODA-A,00855__800__2400___1800,163,crops/9839e92fc04e3571.jpg,,,,
m4-v3-e6479d43f0b9,A,276,0a7fe4f3b1bc58d5,DIOR-R,14829,182,crops/0a7fe4f3b1bc58d5.jpg,,,,
m4-v3-e6479d43f0b9,A,277,32222327ec5335cf,DIOR-R,16849,5,crops/32222327ec5335cf.jpg,,,,
m4-v3-e6479d43f0b9,A,278,b09f533f24b422df,DIOR-R,11888,76,crops/b09f533f24b422df.jpg,,,,
m4-v3-e6479d43f0b9,A,279,50150a020723ddfe,DIOR-R,17360,0,crops/50150a020723ddfe.jpg,,,,
m4-v3-e6479d43f0b9,A,280,b5b39308581cbeea,DIOR-R,23002,1,crops/b5b39308581cbeea.jpg,,,,
m4-v3-e6479d43f0b9,A,281,debbc7bbd4296736,FAIR1M-v1.0,211__1024__0___0,28,crops/debbc7bbd4296736.jpg,,,,
m4-v3-e6479d43f0b9,A,282,f44d699d871b82b1,DIOR-R,15365,64,crops/f44d699d871b82b1.jpg,,,,
m4-v3-e6479d43f0b9,A,283,ae112a0d738a73a6,SODA-A,01589__800__3000___600,3,crops/ae112a0d738a73a6.jpg,,,,
m4-v3-e6479d43f0b9,A,284,59856cbc7da4a743,SODA-A,01543__800__3000___1200,18,crops/59856cbc7da4a743.jpg,,,,
m4-v3-e6479d43f0b9,A,285,bc6b570fd9218f1b,FAIR1M-v1.0,6750__1024__0___0,5,crops/bc6b570fd9218f1b.jpg,,,,
m4-v3-e6479d43f0b9,A,286,39d54d6d8c886867,DIOR-R,11881,7,crops/39d54d6d8c886867.jpg,,,,
m4-v3-e6479d43f0b9,A,287,0c83b4ceead03ed5,DIOR-R,22588,20,crops/0c83b4ceead03ed5.jpg,,,,
m4-v3-e6479d43f0b9,A,288,26ad5b9bc0ac7efb,SODA-A,00572__800__1800___600,137,crops/26ad5b9bc0ac7efb.jpg,,,,
m4-v3-e6479d43f0b9,A,289,c3a4d71f5335a2ff,DIOR-R,16486,3,crops/c3a4d71f5335a2ff.jpg,,,,
m4-v3-e6479d43f0b9,A,290,d5417c111e0baf94,DIOR-R,23207,11,crops/d5417c111e0baf94.jpg,,,,
m4-v3-e6479d43f0b9,A,291,71a053f7358963c2,FAIR1M-v1.0,1719__1024__0___476,0,crops/71a053f7358963c2.jpg,,,,
m4-v3-e6479d43f0b9,A,292,f9c0a218de88a128,SODA-A,00936__800__1200___1200,138,crops/f9c0a218de88a128.jpg,,,,
m4-v3-e6479d43f0b9,A,293,fffc94bfd07a33af,SODA-A,00120__800__2400___600,425,crops/fffc94bfd07a33af.jpg,,,,
m4-v3-e6479d43f0b9,A,294,1573ae53686f1f51,SODA-A,00820__800__3000___1200,272,crops/1573ae53686f1f51.jpg,,,,
m4-v3-e6479d43f0b9,A,295,70957c6319149032,SODA-A,00283__800__3907___1200,141,crops/70957c6319149032.jpg,,,,
m4-v3-e6479d43f0b9,A,296,1ce2a518edcc66a2,DIOR-R,23245,5,crops/1ce2a518edcc66a2.jpg,,,,
m4-v3-e6479d43f0b9,A,297,0477e5c99b8cd6a4,DIOR-R,22091,13,crops/0477e5c99b8cd6a4.jpg,,,,
m4-v3-e6479d43f0b9,A,298,591c121c230b8895,SODA-A,01795__800__1200___1200,128,crops/591c121c230b8895.jpg,,,,
m4-v3-e6479d43f0b9,A,299,a4e7e04db2cda49f,FAIR1M-v1.0,14498__1024__0___0,211,crops/a4e7e04db2cda49f.jpg,,,,
m4-v3-e6479d43f0b9,A,300,9aab655a9f5db6c7,DIOR-R,15084,0,crops/9aab655a9f5db6c7.jpg,,,,
m4-v3-e6479d43f0b9,A,301,5e34612daaf1efa6,FAIR1M-v1.0,5004__1024__0___0,4,crops/5e34612daaf1efa6.jpg,,,,
m4-v3-e6479d43f0b9,A,302,63972182c9764635,SODA-A,01519__800__1200___1800,7,crops/63972182c9764635.jpg,,,,
m4-v3-e6479d43f0b9,A,303,3574195ead613b7c,FAIR1M-v1.0,1893__1024__0___0,43,crops/3574195ead613b7c.jpg,,,,
m4-v3-e6479d43f0b9,A,304,ca8653f7e7ea25a4,FAIR1M-v1.0,15829__1024__0___0,31,crops/ca8653f7e7ea25a4.jpg,,,,
m4-v3-e6479d43f0b9,A,305,6cbbbac6eb1e3d31,DIOR-R,16105,43,crops/6cbbbac6eb1e3d31.jpg,,,,
m4-v3-e6479d43f0b9,A,306,263935fbaad96979,SODA-A,00252__800__3600___1928,0,crops/263935fbaad96979.jpg,,,,
m4-v3-e6479d43f0b9,A,307,7467fc56d0b3bf45,DIOR-R,23211,11,crops/7467fc56d0b3bf45.jpg,,,,
m4-v3-e6479d43f0b9,A,308,4bcdb78ad969ed32,SODA-A,01566__800__0___1800,2,crops/4bcdb78ad969ed32.jpg,,,,
m4-v3-e6479d43f0b9,A,309,68a5b9eeb1980971,DIOR-R,18442,61,crops/68a5b9eeb1980971.jpg,,,,
m4-v3-e6479d43f0b9,A,310,484298b788ad8399,FAIR1M-v1.0,11341__1024__0___0,12,crops/484298b788ad8399.jpg,,,,
m4-v3-e6479d43f0b9,A,311,b7b37a468edda06d,SODA-A,02061__800__0___0,183,crops/b7b37a468edda06d.jpg,,,,
m4-v3-e6479d43f0b9,A,312,8643c875c74146b7,SODA-A,01757__800__3000___0,114,crops/8643c875c74146b7.jpg,,,,
m4-v3-e6479d43f0b9,A,313,64becf2aa5764ac2,DIOR-R,18382,14,crops/64becf2aa5764ac2.jpg,,,,
m4-v3-e6479d43f0b9,A,314,a055b177f341f161,SODA-A,01468__800__3600___1800,0,crops/a055b177f341f161.jpg,,,,
m4-v3-e6479d43f0b9,A,315,b63fad7f520cf089,FAIR1M-v1.0,13167__1024__0___0,28,crops/b63fad7f520cf089.jpg,,,,
m4-v3-e6479d43f0b9,A,316,ee6ae637898dd9ed,SODA-A,01795__800__2400___0,3,crops/ee6ae637898dd9ed.jpg,,,,
m4-v3-e6479d43f0b9,A,317,e7fa3e69604e418d,FAIR1M-v1.0,5875__1024__0___0,0,crops/e7fa3e69604e418d.jpg,,,,
m4-v3-e6479d43f0b9,A,318,71fbab781a724e9d,DIOR-R,21290,13,crops/71fbab781a724e9d.jpg,,,,
m4-v3-e6479d43f0b9,A,319,63934fdf7f78307c,SODA-A,01287__800__0___0,78,crops/63934fdf7f78307c.jpg,,,,
m4-v3-e6479d43f0b9,A,320,ccdf1d4c28376c63,FAIR1M-v1.0,6225__1024__0___0,67,crops/ccdf1d4c28376c63.jpg,,,,
m4-v3-e6479d43f0b9,A,321,82f48a7d34c9ee2f,DIOR-R,19310,15,crops/82f48a7d34c9ee2f.jpg,,,,
m4-v3-e6479d43f0b9,A,322,f456163a40784f39,SODA-A,00825__800__600___0,77,crops/f456163a40784f39.jpg,,,,
m4-v3-e6479d43f0b9,A,323,a1313131cfd28701,SODA-A,01251__800__2400___0,116,crops/a1313131cfd28701.jpg,,,,
m4-v3-e6479d43f0b9,A,324,043ca8c1967538ae,SODA-A,00967__800__4000___600,63,crops/043ca8c1967538ae.jpg,,,,
m4-v3-e6479d43f0b9,A,325,d883bb186cbefeeb,FAIR1M-v1.0,12297__1024__0___0,0,crops/d883bb186cbefeeb.jpg,,,,
m4-v3-e6479d43f0b9,A,326,355f3c0ed4bd59f0,DIOR-R,18716,7,crops/355f3c0ed4bd59f0.jpg,,,,
m4-v3-e6479d43f0b9,A,327,6a11f7455484d541,DIOR-R,12551,0,crops/6a11f7455484d541.jpg,,,,
m4-v3-e6479d43f0b9,A,328,3c00a707c37fd583,SODA-A,00051__800__1200___1985,15,crops/3c00a707c37fd583.jpg,,,,
m4-v3-e6479d43f0b9,A,329,5086b693a70886d6,FAIR1M-v1.0,15750__1024__0___0,27,crops/5086b693a70886d6.jpg,,,,
m4-v3-e6479d43f0b9,A,330,ca24e2bd9db17827,DIOR-R,11853,1,crops/ca24e2bd9db17827.jpg,,,,
m4-v3-e6479d43f0b9,A,331,0794b11a5adfe70e,SODA-A,01407__800__3000___1200,23,crops/0794b11a5adfe70e.jpg,,,,
m4-v3-e6479d43f0b9,A,332,9b0c72e5d72bddcb,SODA-A,01325__800__600___1200,8,crops/9b0c72e5d72bddcb.jpg,,,,
m4-v3-e6479d43f0b9,A,333,3eebad896324734f,FAIR1M-v1.0,10886__1024__0___0,23,crops/3eebad896324734f.jpg,,,,
m4-v3-e6479d43f0b9,A,334,c957686717cdbfa2,DIOR-R,19208,0,crops/c957686717cdbfa2.jpg,,,,
m4-v3-e6479d43f0b9,A,335,6126ad83ebff5bce,SODA-A,01939__800__1200___1985,5,crops/6126ad83ebff5bce.jpg,,,,
m4-v3-e6479d43f0b9,A,336,f328707585b6ed60,DIOR-R,18243,1,crops/f328707585b6ed60.jpg,,,,
m4-v3-e6479d43f0b9,A,337,72535ceb0b865f98,DIOR-R,17833,2,crops/72535ceb0b865f98.jpg,,,,
m4-v3-e6479d43f0b9,A,338,fca20281ab0b6eaa,SODA-A,00726__800__2400___1985,6,crops/fca20281ab0b6eaa.jpg,,,,
m4-v3-e6479d43f0b9,A,339,1fd675118651ba92,DIOR-R,14853,16,crops/1fd675118651ba92.jpg,,,,
m4-v3-e6479d43f0b9,A,340,076d64869e95a5c2,SODA-A,02114__800__3955___1800,66,crops/076d64869e95a5c2.jpg,,,,
m4-v3-e6479d43f0b9,A,341,65a22b6403286ca1,FAIR1M-v1.0,14575__1024__0___0,45,crops/65a22b6403286ca1.jpg,,,,
m4-v3-e6479d43f0b9,A,342,8dcbee2dac69101c,FAIR1M-v1.0,5278__1024__0___0,63,crops/8dcbee2dac69101c.jpg,,,,
m4-v3-e6479d43f0b9,A,343,64a57ac0ac7a0c14,SODA-A,02061__800__4000___0,20,crops/64a57ac0ac7a0c14.jpg,,,,
m4-v3-e6479d43f0b9,A,344,e1bece22e410dd0f,DIOR-R,19917,49,crops/e1bece22e410dd0f.jpg,,,,
m4-v3-e6479d43f0b9,A,345,9006bb10fade0147,DIOR-R,20238,10,crops/9006bb10fade0147.jpg,,,,
m4-v3-e6479d43f0b9,A,346,1ade33eb8117030d,FAIR1M-v1.0,14498__1024__0___0,192,crops/1ade33eb8117030d.jpg,,,,
m4-v3-e6479d43f0b9,A,347,1a1715d714bacf6f,FAIR1M-v1.0,8684__1024__0___0,62,crops/1a1715d714bacf6f.jpg,,,,
m4-v3-e6479d43f0b9,A,348,6bb1a65609b41cad,FAIR1M-v1.0,12918__1024__0___0,0,crops/6bb1a65609b41cad.jpg,,,,
m4-v3-e6479d43f0b9,A,349,b293c1b40edf40fc,FAIR1M-v1.0,16139__1024__0___0,41,crops/b293c1b40edf40fc.jpg,,,,
m4-v3-e6479d43f0b9,A,350,8f9579cf2f7c3272,DIOR-R,14260,117,crops/8f9579cf2f7c3272.jpg,,,,
m4-v3-e6479d43f0b9,A,351,6b885cd5147d59a3,DIOR-R,14648,39,crops/6b885cd5147d59a3.jpg,,,,
m4-v3-e6479d43f0b9,A,352,0c7ee370dc8e3fa1,SODA-A,00988__800__3600___600,302,crops/0c7ee370dc8e3fa1.jpg,,,,
m4-v3-e6479d43f0b9,A,353,c84fcbe787c656f3,SODA-A,02455__800__2400___600,96,crops/c84fcbe787c656f3.jpg,,,,
m4-v3-e6479d43f0b9,A,354,b140426eb534bc5f,DIOR-R,12857,149,crops/b140426eb534bc5f.jpg,,,,
m4-v3-e6479d43f0b9,A,355,681d06a56e39356e,SODA-A,00283__800__1800___1974,322,crops/681d06a56e39356e.jpg,,,,
m4-v3-e6479d43f0b9,A,356,0a732cd741f35e99,FAIR1M-v1.0,12989__1024__0___0,11,crops/0a732cd741f35e99.jpg,,,,
m4-v3-e6479d43f0b9,A,357,ae5383f9df259c3c,SODA-A,01310__800__3000___1200,22,crops/ae5383f9df259c3c.jpg,,,,
m4-v3-e6479d43f0b9,A,358,a76cf38f4d890393,SODA-A,01575__800__3000___1800,11,crops/a76cf38f4d890393.jpg,,,,
m4-v3-e6479d43f0b9,A,359,09d998563bba41ff,SODA-A,01603__800__3000___0,8,crops/09d998563bba41ff.jpg,,,,
m4-v3-e6479d43f0b9,A,360,c6c873b2be3ea780,DIOR-R,15880,112,crops/c6c873b2be3ea780.jpg,,,,
m4-v3-e6479d43f0b9,A,361,6b136b5f4ab338b6,SODA-A,00658__800__1200___0,17,crops/6b136b5f4ab338b6.jpg,,,,
m4-v3-e6479d43f0b9,A,362,05ec5cd233287b35,FAIR1M-v1.0,15998__1024__0___0,18,crops/05ec5cd233287b35.jpg,,,,
m4-v3-e6479d43f0b9,A,363,27959531b13e3bc8,SODA-A,01885__800__3000___1800,19,crops/27959531b13e3bc8.jpg,,,,
m4-v3-e6479d43f0b9,A,364,61678f8d054d3992,SODA-A,02186__800__600___1985,3,crops/61678f8d054d3992.jpg,,,,
m4-v3-e6479d43f0b9,A,365,e7724176526d2a6f,DIOR-R,12035,75,crops/e7724176526d2a6f.jpg,,,,
m4-v3-e6479d43f0b9,A,366,2d5f5df4f0508661,SODA-A,01600__800__3942___0,28,crops/2d5f5df4f0508661.jpg,,,,
m4-v3-e6479d43f0b9,A,367,fbe650b1bdf5daa4,DIOR-R,21867,6,crops/fbe650b1bdf5daa4.jpg,,,,
m4-v3-e6479d43f0b9,A,368,b572312640da1b77,FAIR1M-v1.0,3715__1024__0___0,7,crops/b572312640da1b77.jpg,,,,
m4-v3-e6479d43f0b9,A,369,0f80c3f1e239f756,DIOR-R,17666,68,crops/0f80c3f1e239f756.jpg,,,,
m4-v3-e6479d43f0b9,A,370,182da0d2f4a19600,DIOR-R,15694,155,crops/182da0d2f4a19600.jpg,,,,
m4-v3-e6479d43f0b9,A,371,a7f21ba3c3a94289,FAIR1M-v1.0,8105__1024__0___0,159,crops/a7f21ba3c3a94289.jpg,,,,
m4-v3-e6479d43f0b9,A,372,86078e53ed95f643,SODA-A,00120__800__3600___1200,8,crops/86078e53ed95f643.jpg,,,,
m4-v3-e6479d43f0b9,A,373,ba2018c83df46d8c,DIOR-R,18337,37,crops/ba2018c83df46d8c.jpg,,,,
m4-v3-e6479d43f0b9,A,374,6ec3a99dd53d7764,DIOR-R,16116,5,crops/6ec3a99dd53d7764.jpg,,,,
m4-v3-e6479d43f0b9,A,375,cb646e24eb5b85b4,SODA-A,00198__800__1800___3486,107,crops/cb646e24eb5b85b4.jpg,,,,
m4-v3-e6479d43f0b9,A,376,52653c939e4c15ed,FAIR1M-v1.0,3176__1024__0___0,71,crops/52653c939e4c15ed.jpg,,,,
m4-v3-e6479d43f0b9,A,377,14356e47d25e909a,SODA-A,01587__800__0___1800,0,crops/14356e47d25e909a.jpg,,,,
m4-v3-e6479d43f0b9,A,378,c4c453504db7468b,SODA-A,01329__800__2400___1200,111,crops/c4c453504db7468b.jpg,,,,
m4-v3-e6479d43f0b9,A,379,323c850622ad711c,FAIR1M-v1.0,83__1024__0___0,35,crops/323c850622ad711c.jpg,,,,
m4-v3-e6479d43f0b9,A,380,f63fee758578539b,DIOR-R,12785,227,crops/f63fee758578539b.jpg,,,,
m4-v3-e6479d43f0b9,A,381,4259c112267072ab,SODA-A,00530__800__4000___1944,12,crops/4259c112267072ab.jpg,,,,
m4-v3-e6479d43f0b9,A,382,39ab1ee346764d87,FAIR1M-v1.0,8536__1024__0___0,9,crops/39ab1ee346764d87.jpg,,,,
m4-v3-e6479d43f0b9,A,383,69e98f035406c4bb,SODA-A,00283__800__3600___1800,188,crops/69e98f035406c4bb.jpg,,,,
m4-v3-e6479d43f0b9,A,384,fba241d6d35a9e6a,FAIR1M-v1.0,10787__1024__0___0,52,crops/fba241d6d35a9e6a.jpg,,,,
m4-v3-e6479d43f0b9,A,385,5185d95853c15334,SODA-A,00244__800__600___1985,23,crops/5185d95853c15334.jpg,,,,
m4-v3-e6479d43f0b9,A,386,80b49e709ed1cc5f,FAIR1M-v1.0,14603__1024__0___0,1,crops/80b49e709ed1cc5f.jpg,,,,
m4-v3-e6479d43f0b9,A,387,56a7ecde48a29745,FAIR1M-v1.0,6446__1024__0___824,1,crops/56a7ecde48a29745.jpg,,,,
m4-v3-e6479d43f0b9,A,388,c41482ac1b072e7c,DIOR-R,15560,28,crops/c41482ac1b072e7c.jpg,,,,
m4-v3-e6479d43f0b9,A,389,d199f0bb9fe39c22,SODA-A,00575__800__3000___600,14,crops/d199f0bb9fe39c22.jpg,,,,
m4-v3-e6479d43f0b9,A,390,22361f75af0459af,SODA-A,00672__800__4000___0,29,crops/22361f75af0459af.jpg,,,,
m4-v3-e6479d43f0b9,A,391,c06ebfc4e45c54c4,SODA-A,00975__800__1800___600,2,crops/c06ebfc4e45c54c4.jpg,,,,
m4-v3-e6479d43f0b9,A,392,e3b2552ee7c10f0d,DIOR-R,17781,195,crops/e3b2552ee7c10f0d.jpg,,,,
m4-v3-e6479d43f0b9,A,393,d09241ae3035c727,SODA-A,01877__800__2400___1200,108,crops/d09241ae3035c727.jpg,,,,
m4-v3-e6479d43f0b9,A,394,39fa0c1b51759963,SODA-A,01440__800__3000___1985,12,crops/39fa0c1b51759963.jpg,,,,
m4-v3-e6479d43f0b9,A,395,d65c1d1ef1143b0d,FAIR1M-v1.0,8175__1024__0___0,211,crops/d65c1d1ef1143b0d.jpg,,,,
m4-v3-e6479d43f0b9,A,396,faee15f319b5a442,DIOR-R,16941,55,crops/faee15f319b5a442.jpg,,,,
m4-v3-e6479d43f0b9,A,397,905ea71752531836,SODA-A,01251__800__2400___1800,104,crops/905ea71752531836.jpg,,,,
m4-v3-e6479d43f0b9,A,398,f9bb8b5bb514b373,DIOR-R,23294,3,crops/f9bb8b5bb514b373.jpg,,,,
m4-v3-e6479d43f0b9,A,399,1de55bc77d620236,SODA-A,01044__800__1800___1800,66,crops/1de55bc77d620236.jpg,,,,
m4-v3-e6479d43f0b9,A,400,6da7643dfc9bdfc1,SODA-A,00566__800__3000___0,2,crops/6da7643dfc9bdfc1.jpg,,,,
m4-v3-e6479d43f0b9,A,401,5e3efa0efb5b58a6,FAIR1M-v1.0,14092__1024__0___0,0,crops/5e3efa0efb5b58a6.jpg,,,,
m4-v3-e6479d43f0b9,A,402,930e88adf1f7f512,SODA-A,00063__800__4000___0,20,crops/930e88adf1f7f512.jpg,,,,
m4-v3-e6479d43f0b9,A,403,4a9947d785108f07,FAIR1M-v1.0,5920__1024__0___0,30,crops/4a9947d785108f07.jpg,,,,
m4-v3-e6479d43f0b9,A,404,1f6215386e40c89e,DIOR-R,20402,306,crops/1f6215386e40c89e.jpg,,,,
m4-v3-e6479d43f0b9,A,405,966e395b6091cdab,SODA-A,02287__800__1800___2045,41,crops/966e395b6091cdab.jpg,,,,
m4-v3-e6479d43f0b9,A,406,a13f3fe8d1b6401e,SODA-A,01099__800__3955___1985,41,crops/a13f3fe8d1b6401e.jpg,,,,
m4-v3-e6479d43f0b9,A,407,074dc90f2f6bff42,DIOR-R,21465,1,crops/074dc90f2f6bff42.jpg,,,,
m4-v3-e6479d43f0b9,A,408,a1b9387304eccace,FAIR1M-v1.0,3955__1024__0___0,6,crops/a1b9387304eccace.jpg,,,,
m4-v3-e6479d43f0b9,A,409,0044979d6fbdffdf,DIOR-R,18066,7,crops/0044979d6fbdffdf.jpg,,,,
m4-v3-e6479d43f0b9,A,410,ca45edf8a3784221,SODA-A,00964__800__3000___600,233,crops/ca45edf8a3784221.jpg,,,,
m4-v3-e6479d43f0b9,A,411,d27b77cba8e4d021,SODA-A,01254__800__1200___600,175,crops/d27b77cba8e4d021.jpg,,,,
m4-v3-e6479d43f0b9,A,412,f85a7daeac39ebeb,DIOR-R,18548,53,crops/f85a7daeac39ebeb.jpg,,,,
m4-v3-e6479d43f0b9,A,413,82fbc957bb245d6d,DIOR-R,13158,208,crops/82fbc957bb245d6d.jpg,,,,
m4-v3-e6479d43f0b9,A,414,d2d7dd9002696307,SODA-A,00514__800__1200___1200,36,crops/d2d7dd9002696307.jpg,,,,
m4-v3-e6479d43f0b9,A,415,c42c861402c080cb,DIOR-R,23229,20,crops/c42c861402c080cb.jpg,,,,
m4-v3-e6479d43f0b9,A,416,021abe13d822d18d,DIOR-R,19479,53,crops/021abe13d822d18d.jpg,,,,
m4-v3-e6479d43f0b9,A,417,e74ebbef75369fb2,SODA-A,02153__800__3600___0,1,crops/e74ebbef75369fb2.jpg,,,,
m4-v3-e6479d43f0b9,A,418,3d637368610dc668,FAIR1M-v1.0,3588__1024__0___0,124,crops/3d637368610dc668.jpg,,,,
m4-v3-e6479d43f0b9,A,419,7ac9c5814a20f8fd,DIOR-R,21873,61,crops/7ac9c5814a20f8fd.jpg,,,,
m4-v3-e6479d43f0b9,A,420,864163b921140ed3,FAIR1M-v1.0,2587__1024__0___0,61,crops/864163b921140ed3.jpg,,,,
m4-v3-e6479d43f0b9,A,421,2c0fa863437f56c2,FAIR1M-v1.0,14719__1024__0___0,238,crops/2c0fa863437f56c2.jpg,,,,
m4-v3-e6479d43f0b9,A,422,81d934df4d3acf46,FAIR1M-v1.0,8860__1024__0___0,78,crops/81d934df4d3acf46.jpg,,,,
m4-v3-e6479d43f0b9,A,423,453974b0ec7a1fb0,SODA-A,02287__800__600___2045,11,crops/453974b0ec7a1fb0.jpg,,,,
m4-v3-e6479d43f0b9,A,424,de5758edb422a308,SODA-A,01295__800__0___1200,12,crops/de5758edb422a308.jpg,,,,
m4-v3-e6479d43f0b9,A,425,d412060c57b2af55,FAIR1M-v1.0,9889__1024__0___0,142,crops/d412060c57b2af55.jpg,,,,
m4-v3-e6479d43f0b9,A,426,00a769dab0d42b7e,SODA-A,01757__800__2400___1985,130,crops/00a769dab0d42b7e.jpg,,,,
m4-v3-e6479d43f0b9,A,427,ae40e0c9465a7020,SODA-A,02024__800__3600___600,80,crops/ae40e0c9465a7020.jpg,,,,
m4-v3-e6479d43f0b9,A,428,d6e9bf5419781d25,DIOR-R,17197,45,crops/d6e9bf5419781d25.jpg,,,,
m4-v3-e6479d43f0b9,A,429,e9c833d6c325e9e3,SODA-A,00044__800__3600___1200,362,crops/e9c833d6c325e9e3.jpg,,,,
m4-v3-e6479d43f0b9,A,430,6369f42ef0062a2e,SODA-A,02011__800__1200___1985,31,crops/6369f42ef0062a2e.jpg,,,,
m4-v3-e6479d43f0b9,A,431,6c2d7e5fe97e3805,FAIR1M-v1.0,5806__1024__0___0,58,crops/6c2d7e5fe97e3805.jpg,,,,
m4-v3-e6479d43f0b9,A,432,7f911210ac9fb645,DIOR-R,17347,10,crops/7f911210ac9fb645.jpg,,,,
m4-v3-e6479d43f0b9,A,433,6c42f1a8a706c762,DIOR-R,12249,7,crops/6c42f1a8a706c762.jpg,,,,
m4-v3-e6479d43f0b9,A,434,e507a9048fcfcba0,FAIR1M-v1.0,9221__1024__0___0,220,crops/e507a9048fcfcba0.jpg,,,,
m4-v3-e6479d43f0b9,A,435,bad27abef2fd2f83,DIOR-R,12921,5,crops/bad27abef2fd2f83.jpg,,,,
m4-v3-e6479d43f0b9,A,436,0132ee76f5bf1993,DIOR-R,23292,5,crops/0132ee76f5bf1993.jpg,,,,
m4-v3-e6479d43f0b9,A,437,7633363045d68c73,SODA-A,01383__800__1800___1200,31,crops/7633363045d68c73.jpg,,,,
m4-v3-e6479d43f0b9,A,438,5d2b8f07fa8a72aa,FAIR1M-v1.0,8815__1024__0___0,58,crops/5d2b8f07fa8a72aa.jpg,,,,
m4-v3-e6479d43f0b9,A,439,e4784d7ae6efa1cb,DIOR-R,19551,0,crops/e4784d7ae6efa1cb.jpg,,,,
m4-v3-e6479d43f0b9,A,440,9e98266c0fe707da,SODA-A,01875__800__1200___0,5,crops/9e98266c0fe707da.jpg,,,,
m4-v3-e6479d43f0b9,A,441,5e4be3ce68f7f9c6,SODA-A,00557__800__1800___1800,2,crops/5e4be3ce68f7f9c6.jpg,,,,
m4-v3-e6479d43f0b9,A,442,52a27684299f1ad4,FAIR1M-v1.0,750__1024__0___0,81,crops/52a27684299f1ad4.jpg,,,,
m4-v3-e6479d43f0b9,A,443,1da32ea752c9e020,FAIR1M-v1.0,15234__1024__0___0,123,crops/1da32ea752c9e020.jpg,,,,
m4-v3-e6479d43f0b9,A,444,282ec8bbf1e46398,SODA-A,02249__800__3000___1023,9,crops/282ec8bbf1e46398.jpg,,,,
m4-v3-e6479d43f0b9,A,445,5bdc6fd3eb0f5881,SODA-A,00825__800__2400___1800,11,crops/5bdc6fd3eb0f5881.jpg,,,,
m4-v3-e6479d43f0b9,A,446,5fbe2cfad2a2ca97,SODA-A,01408__800__1800___0,18,crops/5fbe2cfad2a2ca97.jpg,,,,
m4-v3-e6479d43f0b9,A,447,433f32d0df8935af,FAIR1M-v1.0,3308__1024__0___0,24,crops/433f32d0df8935af.jpg,,,,
m4-v3-e6479d43f0b9,A,448,8b99a371bfe4d287,DIOR-R,15694,51,crops/8b99a371bfe4d287.jpg,,,,
m4-v3-e6479d43f0b9,A,449,ce7360419d49408a,SODA-A,00893__800__3000___0,74,crops/ce7360419d49408a.jpg,,,,
m4-v3-e6479d43f0b9,A,450,77c1cdffe78f8bbc,FAIR1M-v1.0,9269__1024__0___0,23,crops/77c1cdffe78f8bbc.jpg,,,,
m4-v3-e6479d43f0b9,A,451,e3dc811f747babb2,DIOR-R,15060,16,crops/e3dc811f747babb2.jpg,,,,
m4-v3-e6479d43f0b9,A,452,c3e9e3eb38c8405d,DIOR-R,22777,15,crops/c3e9e3eb38c8405d.jpg,,,,
m4-v3-e6479d43f0b9,A,453,908d480cb1cfd16c,DIOR-R,17946,16,crops/908d480cb1cfd16c.jpg,,,,
m4-v3-e6479d43f0b9,A,454,3bc7af27467b85df,DIOR-R,12231,19,crops/3bc7af27467b85df.jpg,,,,
m4-v3-e6479d43f0b9,A,455,0bdddeb1a86f41dc,FAIR1M-v1.0,12320__1024__0___0,17,crops/0bdddeb1a86f41dc.jpg,,,,
m4-v3-e6479d43f0b9,A,456,63c1849612542404,DIOR-R,17526,10,crops/63c1849612542404.jpg,,,,
m4-v3-e6479d43f0b9,A,457,481ddce95c3bb828,SODA-A,01780__800__1200___1944,10,crops/481ddce95c3bb828.jpg,,,,
m4-v3-e6479d43f0b9,A,458,644a262b839f6e54,FAIR1M-v1.0,16200__1024__0___0,22,crops/644a262b839f6e54.jpg,,,,
m4-v3-e6479d43f0b9,A,459,2fe05360b4b153fd,FAIR1M-v1.0,563__1024__0___0,219,crops/2fe05360b4b153fd.jpg,,,,
m4-v3-e6479d43f0b9,A,460,333a94f428caa17a,FAIR1M-v1.0,837__1024__0___0,8,crops/333a94f428caa17a.jpg,,,,
m4-v3-e6479d43f0b9,A,461,0f0a605b3d92594b,SODA-A,01780__800__1200___0,0,crops/0f0a605b3d92594b.jpg,,,,
m4-v3-e6479d43f0b9,A,462,8c7dee6217c4134c,FAIR1M-v1.0,14719__1024__0___0,90,crops/8c7dee6217c4134c.jpg,,,,
m4-v3-e6479d43f0b9,A,463,3f1c8f3343e07421,DIOR-R,12111,17,crops/3f1c8f3343e07421.jpg,,,,
m4-v3-e6479d43f0b9,A,464,fc67cef57876fcb6,FAIR1M-v1.0,929__1024__0___0,28,crops/fc67cef57876fcb6.jpg,,,,
m4-v3-e6479d43f0b9,A,465,4998e491b8d4ae45,FAIR1M-v1.0,13987__1024__0___0,153,crops/4998e491b8d4ae45.jpg,,,,
m4-v3-e6479d43f0b9,A,466,3205726ad8eefa5d,FAIR1M-v1.0,2100__1024__0___0,3,crops/3205726ad8eefa5d.jpg,,,,
m4-v3-e6479d43f0b9,A,467,59f58ae2dc4ea731,FAIR1M-v1.0,16420__1024__0___0,31,crops/59f58ae2dc4ea731.jpg,,,,
m4-v3-e6479d43f0b9,A,468,c2a8d155b8ff511b,SODA-A,00328__800__1200___1985,23,crops/c2a8d155b8ff511b.jpg,,,,
m4-v3-e6479d43f0b9,A,469,e7f83959071f2db2,FAIR1M-v1.0,10467__1024__0___0,25,crops/e7f83959071f2db2.jpg,,,,
m4-v3-e6479d43f0b9,A,470,9ceaae3668da2d82,SODA-A,01455__800__2400___0,5,crops/9ceaae3668da2d82.jpg,,,,
m4-v3-e6479d43f0b9,A,471,a0a828aad324829d,FAIR1M-v1.0,8498__1024__0___0,22,crops/a0a828aad324829d.jpg,,,,
m4-v3-e6479d43f0b9,A,472,c37c42a191d58252,DIOR-R,14506,82,crops/c37c42a191d58252.jpg,,,,
m4-v3-e6479d43f0b9,A,473,fd360dfd44b55275,FAIR1M-v1.0,1197__1024__0___0,0,crops/fd360dfd44b55275.jpg,,,,
m4-v3-e6479d43f0b9,A,474,38a15fc145e81103,FAIR1M-v1.0,8498__1024__0___0,24,crops/38a15fc145e81103.jpg,,,,
m4-v3-e6479d43f0b9,A,475,6f64128d947522a1,SODA-A,00832__800__2400___1200,488,crops/6f64128d947522a1.jpg,,,,
m4-v3-e6479d43f0b9,A,476,0844764c74994926,DIOR-R,21145,0,crops/0844764c74994926.jpg,,,,
m4-v3-e6479d43f0b9,A,477,ca6cccb5c4e33341,SODA-A,01295__800__2400___2029,11,crops/ca6cccb5c4e33341.jpg,,,,
m4-v3-e6479d43f0b9,A,478,81e0b2dcb1a2792e,SODA-A,00283__800__600___1200,376,crops/81e0b2dcb1a2792e.jpg,,,,
m4-v3-e6479d43f0b9,A,479,a04e0c7141dac610,SODA-A,00063__800__600___1944,22,crops/a04e0c7141dac610.jpg,,,,
m4-v3-e6479d43f0b9,A,480,b3a6e4b5bddce161,SODA-A,00733__800__3000___1988,12,crops/b3a6e4b5bddce161.jpg,,,,
m4-v3-e6479d43f0b9,A,481,0496d87726a9497a,SODA-A,00220__800__4000___1944,0,crops/0496d87726a9497a.jpg,,,,
m4-v3-e6479d43f0b9,A,482,15f6b8e062b7913f,FAIR1M-v1.0,8696__1024__0___0,127,crops/15f6b8e062b7913f.jpg,,,,
m4-v3-e6479d43f0b9,A,483,d28c9b5b90141213,DIOR-R,20197,42,crops/d28c9b5b90141213.jpg,,,,
m4-v3-e6479d43f0b9,A,484,c74552498dff8629,FAIR1M-v1.0,16046__1024__0___0,4,crops/c74552498dff8629.jpg,,,,
m4-v3-e6479d43f0b9,A,485,95de274ceaa700f1,FAIR1M-v1.0,1204__1024__0___0,127,crops/95de274ceaa700f1.jpg,,,,
m4-v3-e6479d43f0b9,A,486,53cdcc08b6172d63,FAIR1M-v1.0,1753__1024__0___0,113,crops/53cdcc08b6172d63.jpg,,,,
m4-v3-e6479d43f0b9,A,487,e1e71ec7a9beb52a,SODA-A,01757__800__1800___1985,265,crops/e1e71ec7a9beb52a.jpg,,,,
m4-v3-e6479d43f0b9,A,488,c481f0e1959275df,SODA-A,01785__800__2400___1800,284,crops/c481f0e1959275df.jpg,,,,
m4-v3-e6479d43f0b9,A,489,dba2ca446d11f049,SODA-A,00256__800__1800___1944,82,crops/dba2ca446d11f049.jpg,,,,
m4-v3-e6479d43f0b9,A,490,91760b4ad5c3be9e,DIOR-R,20444,4,crops/91760b4ad5c3be9e.jpg,,,,
m4-v3-e6479d43f0b9,A,491,ced35c8c2661ae2a,FAIR1M-v1.0,12701__1024__0___0,6,crops/ced35c8c2661ae2a.jpg,,,,
m4-v3-e6479d43f0b9,A,492,450de32ac19dd618,FAIR1M-v1.0,12915__1024__0___0,120,crops/450de32ac19dd618.jpg,,,,
m4-v3-e6479d43f0b9,A,493,3509a50ee2248505,DIOR-R,15510,2,crops/3509a50ee2248505.jpg,,,,
m4-v3-e6479d43f0b9,A,494,7cf440dd94788b98,FAIR1M-v1.0,10222__1024__0___0,266,crops/7cf440dd94788b98.jpg,,,,
m4-v3-e6479d43f0b9,A,495,4ba88fe6caeea669,SODA-A,00498__800__3600___0,171,crops/4ba88fe6caeea669.jpg,,,,
m4-v3-e6479d43f0b9,A,496,6e0f0bd0ffdc8e98,FAIR1M-v1.0,13703__1024__0___0,187,crops/6e0f0bd0ffdc8e98.jpg,,,,
m4-v3-e6479d43f0b9,A,497,14630d5ff215a244,DIOR-R,17985,8,crops/14630d5ff215a244.jpg,,,,
m4-v3-e6479d43f0b9,A,498,07162e17e6c3507f,DIOR-R,18126,40,crops/07162e17e6c3507f.jpg,,,,
m4-v3-e6479d43f0b9,A,499,658a85c24ec98cc3,DIOR-R,13762,26,crops/658a85c24ec98cc3.jpg,,,,
m4-v3-e6479d43f0b9,A,500,6df46b3c38ae2c19,FAIR1M-v1.0,14953__1024__0___0,308,crops/6df46b3c38ae2c19.jpg,,,,
m4-v3-e6479d43f0b9,A,501,aca5169325124917,FAIR1M-v1.0,14058__1024__0___0,7,crops/aca5169325124917.jpg,,,,
m4-v3-e6479d43f0b9,A,502,0898406f9791d54f,DIOR-R,21068,123,crops/0898406f9791d54f.jpg,,,,
m4-v3-e6479d43f0b9,A,503,2391c6d252f26e8a,DIOR-R,22564,1,crops/2391c6d252f26e8a.jpg,,,,
m4-v3-e6479d43f0b9,A,504,2ce4d67b33c1deec,DIOR-R,18806,27,crops/2ce4d67b33c1deec.jpg,,,,
m4-v3-e6479d43f0b9,A,505,4a9ceb2356189661,DIOR-R,19787,40,crops/4a9ceb2356189661.jpg,,,,
m4-v3-e6479d43f0b9,A,506,f56d8df10cc7eaf7,FAIR1M-v1.0,7748__1024__0___0,19,crops/f56d8df10cc7eaf7.jpg,,,,
m4-v3-e6479d43f0b9,A,507,9ade51b7a5ad348e,FAIR1M-v1.0,2229__1024__0___0,112,crops/9ade51b7a5ad348e.jpg,,,,
m4-v3-e6479d43f0b9,A,508,2cb37ac1a7da2eeb,FAIR1M-v1.0,5071__1024__0___0,8,crops/2cb37ac1a7da2eeb.jpg,,,,
m4-v3-e6479d43f0b9,A,509,3d1412f1203b32b1,DIOR-R,21480,14,crops/3d1412f1203b32b1.jpg,,,,
m4-v3-e6479d43f0b9,A,510,43ec97b303629a83,FAIR1M-v1.0,1906__1024__0___0,0,crops/43ec97b303629a83.jpg,,,,
m4-v3-e6479d43f0b9,A,511,83ce9fe5b4528fb6,DIOR-R,22497,21,crops/83ce9fe5b4528fb6.jpg,,,,
m4-v3-e6479d43f0b9,A,512,429cbeb9396f43c2,DIOR-R,22013,1,crops/429cbeb9396f43c2.jpg,,,,
m4-v3-e6479d43f0b9,A,513,c89db780045b7d46,DIOR-R,12233,24,crops/c89db780045b7d46.jpg,,,,
m4-v3-e6479d43f0b9,A,514,ecb85e6dcef3a7d4,FAIR1M-v1.0,11455__1024__0___0,412,crops/ecb85e6dcef3a7d4.jpg,,,,
m4-v3-e6479d43f0b9,A,515,19b4f437bb48fb1a,SODA-A,00266__800__3991___1200,2,crops/19b4f437bb48fb1a.jpg,,,,
m4-v3-e6479d43f0b9,A,516,82266f2313b9e104,FAIR1M-v1.0,6707__1024__0___0,5,crops/82266f2313b9e104.jpg,,,,
m4-v3-e6479d43f0b9,A,517,6099ac9fc258efd9,FAIR1M-v1.0,15751__1024__0___0,36,crops/6099ac9fc258efd9.jpg,,,,
m4-v3-e6479d43f0b9,A,518,f3a0e0fe56a3a255,SODA-A,02114__800__3000___1985,4,crops/f3a0e0fe56a3a255.jpg,,,,
m4-v3-e6479d43f0b9,A,519,cbe3bedd36b13ca5,DIOR-R,15408,12,crops/cbe3bedd36b13ca5.jpg,,,,
m4-v3-e6479d43f0b9,A,520,d4d56b48c088ca41,FAIR1M-v1.0,6374__1024__0___0,59,crops/d4d56b48c088ca41.jpg,,,,
m4-v3-e6479d43f0b9,A,521,5f937faab70036f1,FAIR1M-v1.0,8837__1024__0___0,1,crops/5f937faab70036f1.jpg,,,,
m4-v3-e6479d43f0b9,A,522,a2164940df30fd37,FAIR1M-v1.0,10293__1024__0___0,106,crops/a2164940df30fd37.jpg,,,,
m4-v3-e6479d43f0b9,A,523,53116e3317e4ccbe,SODA-A,00685__800__1200___0,0,crops/53116e3317e4ccbe.jpg,,,,
m4-v3-e6479d43f0b9,A,524,90d4fcf322602a0e,SODA-A,02190__800__1800___1200,108,crops/90d4fcf322602a0e.jpg,,,,
m4-v3-e6479d43f0b9,A,525,8e7b2e18a71578a0,SODA-A,01593__800__600___1800,3,crops/8e7b2e18a71578a0.jpg,,,,
m4-v3-e6479d43f0b9,A,526,24b572df6ef2d75c,DIOR-R,19870,100,crops/24b572df6ef2d75c.jpg,,,,
m4-v3-e6479d43f0b9,A,527,f7e9e457833c795d,SODA-A,01099__800__3000___0,18,crops/f7e9e457833c795d.jpg,,,,
m4-v3-e6479d43f0b9,A,528,b85a5707d27eefbc,DIOR-R,20464,11,crops/b85a5707d27eefbc.jpg,,,,
m4-v3-e6479d43f0b9,A,529,6356945a8ace1187,SODA-A,01449__800__0___1985,18,crops/6356945a8ace1187.jpg,,,,
m4-v3-e6479d43f0b9,A,530,567d51555f2724f1,DIOR-R,16032,98,crops/567d51555f2724f1.jpg,,,,
m4-v3-e6479d43f0b9,A,531,28b456aaf83cb4d0,SODA-A,01305__800__3600___1985,28,crops/28b456aaf83cb4d0.jpg,,,,
m4-v3-e6479d43f0b9,A,532,7d3ffb051c892632,SODA-A,00199__800__600___1200,33,crops/7d3ffb051c892632.jpg,,,,
m4-v3-e6479d43f0b9,A,533,33adb03f58d0db3b,DIOR-R,21101,14,crops/33adb03f58d0db3b.jpg,,,,
m4-v3-e6479d43f0b9,A,534,c0cdb92976514558,SODA-A,02107__800__3600___600,17,crops/c0cdb92976514558.jpg,,,,
m4-v3-e6479d43f0b9,A,535,ebf2a94d68640c0c,DIOR-R,16613,38,crops/ebf2a94d68640c0c.jpg,,,,
m4-v3-e6479d43f0b9,A,536,cd0681a602c03e8f,SODA-A,01567__800__1200___1800,4,crops/cd0681a602c03e8f.jpg,,,,
m4-v3-e6479d43f0b9,A,537,287b98eb612cfb38,DIOR-R,16421,0,crops/287b98eb612cfb38.jpg,,,,
m4-v3-e6479d43f0b9,A,538,17082abec3e8bfdd,SODA-A,00283__800__1800___1974,311,crops/17082abec3e8bfdd.jpg,,,,
m4-v3-e6479d43f0b9,A,539,971a2e5bec0b7071,FAIR1M-v1.0,2777__1024__0___0,111,crops/971a2e5bec0b7071.jpg,,,,
m4-v3-e6479d43f0b9,A,540,5144fdb81cf4d888,FAIR1M-v1.0,7405__1024__0___0,74,crops/5144fdb81cf4d888.jpg,,,,
m4-v3-e6479d43f0b9,A,541,cef45ee2000957fa,SODA-A,01160__800__0___600,35,crops/cef45ee2000957fa.jpg,,,,
m4-v3-e6479d43f0b9,A,542,7a3ccaa4abc29b38,DIOR-R,14556,2,crops/7a3ccaa4abc29b38.jpg,,,,
m4-v3-e6479d43f0b9,A,543,15722034b7f6eb61,SODA-A,00975__800__3600___1944,90,crops/15722034b7f6eb61.jpg,,,,
m4-v3-e6479d43f0b9,A,544,cd1a782ff2eee199,DIOR-R,21756,7,crops/cd1a782ff2eee199.jpg,,,,
m4-v3-e6479d43f0b9,A,545,a89cf4600ea3593a,DIOR-R,21246,7,crops/a89cf4600ea3593a.jpg,,,,
m4-v3-e6479d43f0b9,A,546,186ca83d8a2506fb,SODA-A,02143__800__600___1944,13,crops/186ca83d8a2506fb.jpg,,,,
m4-v3-e6479d43f0b9,A,547,cd2f0dd8e8c99bdb,DIOR-R,19601,28,crops/cd2f0dd8e8c99bdb.jpg,,,,
m4-v3-e6479d43f0b9,A,548,640ef72c448675de,DIOR-R,14194,5,crops/640ef72c448675de.jpg,,,,
m4-v3-e6479d43f0b9,A,549,75bb9116f3c34c09,SODA-A,02443__800__0___1800,16,crops/75bb9116f3c34c09.jpg,,,,
m4-v3-e6479d43f0b9,A,550,e30d013a21450a38,FAIR1M-v1.0,10334__1024__0___0,49,crops/e30d013a21450a38.jpg,,,,
m4-v3-e6479d43f0b9,A,551,384a09b2c13beb09,DIOR-R,12460,289,crops/384a09b2c13beb09.jpg,,,,
m4-v3-e6479d43f0b9,A,552,39698a6deeced908,FAIR1M-v1.0,9221__1024__0___0,39,crops/39698a6deeced908.jpg,,,,
m4-v3-e6479d43f0b9,A,553,b690f145a939ddfe,SODA-A,00459__800__4000___600,3,crops/b690f145a939ddfe.jpg,,,,
m4-v3-e6479d43f0b9,A,554,1fc3b3b40c01488a,SODA-A,00571__800__1200___1800,41,crops/1fc3b3b40c01488a.jpg,,,,
m4-v3-e6479d43f0b9,A,555,b7b7d6aae3b313c7,SODA-A,00128__800__2400___2216,100,crops/b7b7d6aae3b313c7.jpg,,,,
m4-v3-e6479d43f0b9,A,556,53e7f9cc7f484422,FAIR1M-v1.0,12201__1024__0___0,75,crops/53e7f9cc7f484422.jpg,,,,
m4-v3-e6479d43f0b9,A,557,770eb6dd30706c23,SODA-A,00967__800__1200___600,450,crops/770eb6dd30706c23.jpg,,,,
m4-v3-e6479d43f0b9,A,558,14c413393dd30348,SODA-A,00967__800__600___0,544,crops/14c413393dd30348.jpg,,,,
m4-v3-e6479d43f0b9,A,559,f2ff6e86a777089b,SODA-A,01608__800__3000___1200,72,crops/f2ff6e86a777089b.jpg,,,,
m4-v3-e6479d43f0b9,A,560,ace97f66d2b89049,FAIR1M-v1.0,8451__1024__0___0,50,crops/ace97f66d2b89049.jpg,,,,
m4-v3-e6479d43f0b9,A,561,7a201ff10d545859,FAIR1M-v1.0,6329__1024__0___0,15,crops/7a201ff10d545859.jpg,,,,
m4-v3-e6479d43f0b9,A,562,1378ad9cb345683d,FAIR1M-v1.0,1876__1024__0___0,34,crops/1378ad9cb345683d.jpg,,,,
m4-v3-e6479d43f0b9,A,563,2abcdc17b44d3ea4,DIOR-R,14530,16,crops/2abcdc17b44d3ea4.jpg,,,,
m4-v3-e6479d43f0b9,A,564,ed7c2d62c1a42b90,SODA-A,01386__800__1200___600,4,crops/ed7c2d62c1a42b90.jpg,,,,
m4-v3-e6479d43f0b9,A,565,61e27feb758f5856,FAIR1M-v1.0,10123__1024__0___0,15,crops/61e27feb758f5856.jpg,,,,
m4-v3-e6479d43f0b9,A,566,84226413851920ae,FAIR1M-v1.0,6258__1024__0___0,70,crops/84226413851920ae.jpg,,,,
m4-v3-e6479d43f0b9,A,567,bf66cec98778f390,FAIR1M-v1.0,5242__1024__0___0,208,crops/bf66cec98778f390.jpg,,,,
m4-v3-e6479d43f0b9,A,568,87931d7d9c72e825,DIOR-R,17259,74,crops/87931d7d9c72e825.jpg,,,,
m4-v3-e6479d43f0b9,A,569,7de5cfb9881a2373,SODA-A,01603__800__2400___600,66,crops/7de5cfb9881a2373.jpg,,,,
m4-v3-e6479d43f0b9,A,570,82cff8822f5308a4,DIOR-R,16057,15,crops/82cff8822f5308a4.jpg,,,,
m4-v3-e6479d43f0b9,A,571,35a9979a9ea0a7b9,SODA-A,02179__800__1200___1200,566,crops/35a9979a9ea0a7b9.jpg,,,,
m4-v3-e6479d43f0b9,A,572,0aa7182270966418,SODA-A,00032__800__2400___1985,57,crops/0aa7182270966418.jpg,,,,
m4-v3-e6479d43f0b9,A,573,9d041ceacbf178b1,DIOR-R,23418,2,crops/9d041ceacbf178b1.jpg,,,,
m4-v3-e6479d43f0b9,A,574,885f088889e15db7,DIOR-R,14315,29,crops/885f088889e15db7.jpg,,,,
m4-v3-e6479d43f0b9,A,575,02228204dc184fe1,SODA-A,01693__800__2400___1200,64,crops/02228204dc184fe1.jpg,,,,
m4-v3-e6479d43f0b9,A,576,23c974432a46c2ee,DIOR-R,15947,3,crops/23c974432a46c2ee.jpg,,,,
m4-v3-e6479d43f0b9,A,577,46d42c4268511d12,SODA-A,01885__800__3600___1200,45,crops/46d42c4268511d12.jpg,,,,
m4-v3-e6479d43f0b9,A,578,4ac81bc43e947bb9,FAIR1M-v1.0,13342__1024__0___0,1,crops/4ac81bc43e947bb9.jpg,,,,
m4-v3-e6479d43f0b9,A,579,eb944a319b374ae1,SODA-A,02046__800__1200___1200,137,crops/eb944a319b374ae1.jpg,,,,
m4-v3-e6479d43f0b9,A,580,55e0b1fee6957531,SODA-A,00459__800__4000___0,3,crops/55e0b1fee6957531.jpg,,,,
m4-v3-e6479d43f0b9,A,581,dd85b2f6f32ed1a3,FAIR1M-v1.0,7751__1024__0___0,62,crops/dd85b2f6f32ed1a3.jpg,,,,
m4-v3-e6479d43f0b9,A,582,f485ea93e38002bb,FAIR1M-v1.0,14521__1024__0___0,0,crops/f485ea93e38002bb.jpg,,,,
m4-v3-e6479d43f0b9,A,583,d305a7cadaa8dcb4,SODA-A,01190__800__3600___2058,78,crops/d305a7cadaa8dcb4.jpg,,,,
m4-v3-e6479d43f0b9,A,584,e1e1a29038f708eb,FAIR1M-v1.0,12331__1024__0___0,227,crops/e1e1a29038f708eb.jpg,,,,
m4-v3-e6479d43f0b9,A,585,a1ac92677889c2bc,SODA-A,01740__800__1200___0,40,crops/a1ac92677889c2bc.jpg,,,,
m4-v3-e6479d43f0b9,A,586,5353c97faa36ff7f,FAIR1M-v1.0,15711__1024__0___0,27,crops/5353c97faa36ff7f.jpg,,,,
m4-v3-e6479d43f0b9,A,587,c6a28dfc5e8e1214,FAIR1M-v1.0,511__1024__0___0,39,crops/c6a28dfc5e8e1214.jpg,,,,
m4-v3-e6479d43f0b9,A,588,d08f7dafa6fe39a8,SODA-A,02114__800__2400___0,153,crops/d08f7dafa6fe39a8.jpg,,,,
m4-v3-e6479d43f0b9,A,589,49672db01fb92d36,FAIR1M-v1.0,10836__1024__1648___1648,2,crops/49672db01fb92d36.jpg,,,,
m4-v3-e6479d43f0b9,A,590,a6c0cf2286a0ba87,FAIR1M-v1.0,10647__1024__0___0,274,crops/a6c0cf2286a0ba87.jpg,,,,
m4-v3-e6479d43f0b9,A,591,4fc7c252fca7ecd9,FAIR1M-v1.0,3588__1024__0___0,264,crops/4fc7c252fca7ecd9.jpg,,,,
m4-v3-e6479d43f0b9,A,592,64b00adeeded4280,FAIR1M-v1.0,1534__1024__0___0,145,crops/64b00adeeded4280.jpg,,,,
m4-v3-e6479d43f0b9,A,593,29e5e3539c20f9bd,SODA-A,01926__800__3000___0,0,crops/29e5e3539c20f9bd.jpg,,,,
m4-v3-e6479d43f0b9,A,594,952f829ce13376ef,FAIR1M-v1.0,13828__1024__0___0,570,crops/952f829ce13376ef.jpg,,,,
m4-v3-e6479d43f0b9,A,595,24b80c44a1ca9878,FAIR1M-v1.0,5746__1024__0___0,8,crops/24b80c44a1ca9878.jpg,,,,
m4-v3-e6479d43f0b9,A,596,a54f9141d6b30b15,FAIR1M-v1.0,11680__1024__0___0,50,crops/a54f9141d6b30b15.jpg,,,,
m4-v3-e6479d43f0b9,A,597,b7958e320944f72a,FAIR1M-v1.0,1650__1024__0___0,93,crops/b7958e320944f72a.jpg,,,,
m4-v3-e6479d43f0b9,A,598,5069a0a031ebaee2,FAIR1M-v1.0,9254__1024__0___0,1,crops/5069a0a031ebaee2.jpg,,,,
m4-v3-e6479d43f0b9,A,599,5cebbe8d0c27b121,SODA-A,01885__800__2400___2045,0,crops/5cebbe8d0c27b121.jpg,,,,
m4-v3-e6479d43f0b9,A,600,f32c2edb6a22e9c3,DIOR-R,17043,39,crops/f32c2edb6a22e9c3.jpg,,,,
m4-v3-e6479d43f0b9,A,601,30dabc89dfd0061c,SODA-A,01583__800__3600___600,1,crops/30dabc89dfd0061c.jpg,,,,
m4-v3-e6479d43f0b9,A,602,1ba4a026f42e3a3b,DIOR-R,17456,91,crops/1ba4a026f42e3a3b.jpg,,,,
m4-v3-e6479d43f0b9,A,603,b15d46fda24c2884,FAIR1M-v1.0,8427__1024__0___0,34,crops/b15d46fda24c2884.jpg,,,,
m4-v3-e6479d43f0b9,A,604,5d17c5ab060647d6,FAIR1M-v1.0,1486__1024__0___0,42,crops/5d17c5ab060647d6.jpg,,,,
m4-v3-e6479d43f0b9,A,605,03f01a2b2741d77a,FAIR1M-v1.0,4637__1024__0___0,63,crops/03f01a2b2741d77a.jpg,,,,
m4-v3-e6479d43f0b9,A,606,66d095beb96d7303,FAIR1M-v1.0,3389__1024__0___0,75,crops/66d095beb96d7303.jpg,,,,
m4-v3-e6479d43f0b9,A,607,c0a8d349923c2e56,DIOR-R,20275,0,crops/c0a8d349923c2e56.jpg,,,,
m4-v3-e6479d43f0b9,A,608,4ac5a835b572abd4,DIOR-R,18180,0,crops/4ac5a835b572abd4.jpg,,,,
m4-v3-e6479d43f0b9,A,609,3579202ecfa3ba24,FAIR1M-v1.0,870__1024__0___0,42,crops/3579202ecfa3ba24.jpg,,,,
m4-v3-e6479d43f0b9,A,610,1bb2b2326864db99,FAIR1M-v1.0,2570__1024__0___0,48,crops/1bb2b2326864db99.jpg,,,,
m4-v3-e6479d43f0b9,A,611,9dee7bc7edd291c6,SODA-A,00855__800__3955___1200,138,crops/9dee7bc7edd291c6.jpg,,,,
m4-v3-e6479d43f0b9,A,612,5aa68cb1659e4666,DIOR-R,13174,49,crops/5aa68cb1659e4666.jpg,,,,
m4-v3-e6479d43f0b9,A,613,5a84551ad0737308,DIOR-R,12819,41,crops/5a84551ad0737308.jpg,,,,
m4-v3-e6479d43f0b9,A,614,979ba36f57714608,DIOR-R,14278,1,crops/979ba36f57714608.jpg,,,,
m4-v3-e6479d43f0b9,A,615,88f2e1f711ff09d5,FAIR1M-v1.0,1024__1024__476___0,290,crops/88f2e1f711ff09d5.jpg,,,,
m4-v3-e6479d43f0b9,A,616,a75741485b94d83c,DIOR-R,21290,0,crops/a75741485b94d83c.jpg,,,,
m4-v3-e6479d43f0b9,A,617,18cc46fbdbb2b404,SODA-A,02001__800__3600___1200,6,crops/18cc46fbdbb2b404.jpg,,,,
m4-v3-e6479d43f0b9,A,618,c4b4be0a023f7626,FAIR1M-v1.0,9744__1024__0___0,217,crops/c4b4be0a023f7626.jpg,,,,
m4-v3-e6479d43f0b9,A,619,791f633b8f409062,DIOR-R,13077,13,crops/791f633b8f409062.jpg,,,,
m4-v3-e6479d43f0b9,A,620,ba0795651de81c2d,SODA-A,00283__800__2400___1200,165,crops/ba0795651de81c2d.jpg,,,,
m4-v3-e6479d43f0b9,A,621,7ee19057d673f25c,SODA-A,00283__800__600___1974,274,crops/7ee19057d673f25c.jpg,,,,
m4-v3-e6479d43f0b9,A,622,ec093c884db655a2,SODA-A,01877__800__3000___1944,252,crops/ec093c884db655a2.jpg,,,,
m4-v3-e6479d43f0b9,A,623,1487b34bdae12bd9,DIOR-R,16905,6,crops/1487b34bdae12bd9.jpg,,,,
m4-v3-e6479d43f0b9,A,624,8c415034cb5b4bd4,FAIR1M-v1.0,7825__1024__0___0,197,crops/8c415034cb5b4bd4.jpg,,,,
m4-v3-e6479d43f0b9,A,625,64429de2e93188d2,FAIR1M-v1.0,1040__1024__0___0,219,crops/64429de2e93188d2.jpg,,,,
m4-v3-e6479d43f0b9,A,626,f7357de27dfb5e91,DIOR-R,19061,12,crops/f7357de27dfb5e91.jpg,,,,
m4-v3-e6479d43f0b9,A,627,dad3c7d8b2c28bee,FAIR1M-v1.0,3937__1024__824___824,1,crops/dad3c7d8b2c28bee.jpg,,,,
m4-v3-e6479d43f0b9,A,628,4c0e015b932a7a23,SODA-A,00266__800__0___1800,125,crops/4c0e015b932a7a23.jpg,,,,
m4-v3-e6479d43f0b9,A,629,543f66b9bcbee011,DIOR-R,13939,15,crops/543f66b9bcbee011.jpg,,,,
m4-v3-e6479d43f0b9,A,630,52fbd70960dc97eb,DIOR-R,20582,18,crops/52fbd70960dc97eb.jpg,,,,
m4-v3-e6479d43f0b9,A,631,dc8bfc8d81ff1563,SODA-A,00123__800__1800___1800,40,crops/dc8bfc8d81ff1563.jpg,,,,
m4-v3-e6479d43f0b9,A,632,c030bb997ec3036f,SODA-A,02004__800__1593___0,80,crops/c030bb997ec3036f.jpg,,,,
m4-v3-e6479d43f0b9,A,633,73e6956b404c2492,FAIR1M-v1.0,12150__1024__3296___2472,0,crops/73e6956b404c2492.jpg,,,,
m4-v3-e6479d43f0b9,A,634,7336b07c471c4d11,FAIR1M-v1.0,1066__1024__0___476,25,crops/7336b07c471c4d11.jpg,,,,
m4-v3-e6479d43f0b9,A,635,49e7342278bb6819,SODA-A,02455__800__2400___1200,84,crops/49e7342278bb6819.jpg,,,,
m4-v3-e6479d43f0b9,A,636,3ca91d12c058ffe5,DIOR-R,13236,29,crops/3ca91d12c058ffe5.jpg,,,,
m4-v3-e6479d43f0b9,A,637,0f19d7c88b330f80,FAIR1M-v1.0,9254__1024__0___0,84,crops/0f19d7c88b330f80.jpg,,,,
m4-v3-e6479d43f0b9,A,638,1d5085e897bfd35e,FAIR1M-v1.0,83__1024__0___0,101,crops/1d5085e897bfd35e.jpg,,,,
m4-v3-e6479d43f0b9,A,639,0c2274f02bf5ced3,DIOR-R,19635,46,crops/0c2274f02bf5ced3.jpg,,,,
m4-v3-e6479d43f0b9,A,640,56b495f36311def3,SODA-A,01875__800__3600___1985,12,crops/56b495f36311def3.jpg,,,,
m4-v3-e6479d43f0b9,A,641,8cc47ef867cda6cc,SODA-A,02455__800__1800___1200,93,crops/8cc47ef867cda6cc.jpg,,,,
m4-v3-e6479d43f0b9,A,642,eafde83baeb02368,DIOR-R,17518,9,crops/eafde83baeb02368.jpg,,,,
m4-v3-e6479d43f0b9,A,643,0902c22e558f2545,SODA-A,01252__800__600___600,2,crops/0902c22e558f2545.jpg,,,,
m4-v3-e6479d43f0b9,A,644,956505f4439c1068,SODA-A,00226__800__1800___1200,6,crops/956505f4439c1068.jpg,,,,
m4-v3-e6479d43f0b9,A,645,f61c30c602c2ef1e,DIOR-R,19486,4,crops/f61c30c602c2ef1e.jpg,,,,
m4-v3-e6479d43f0b9,A,646,c4228fb6718e7403,FAIR1M-v1.0,5415__1024__0___0,1,crops/c4228fb6718e7403.jpg,,,,
m4-v3-e6479d43f0b9,A,647,366dcf4d3c7b260c,FAIR1M-v1.0,11506__1024__976___976,41,crops/366dcf4d3c7b260c.jpg,,,,
m4-v3-e6479d43f0b9,A,648,362e824a6039344c,DIOR-R,12587,1,crops/362e824a6039344c.jpg,,,,
m4-v3-e6479d43f0b9,A,649,a3c5251924922cf5,DIOR-R,16742,38,crops/a3c5251924922cf5.jpg,,,,
m4-v3-e6479d43f0b9,A,650,d590a57d3de7dd6c,SODA-A,01387__800__3600___600,126,crops/d590a57d3de7dd6c.jpg,,,,
m4-v3-e6479d43f0b9,A,651,b0d71a781fe9354f,FAIR1M-v1.0,1562__1024__0___0,38,crops/b0d71a781fe9354f.jpg,,,,
m4-v3-e6479d43f0b9,A,652,2337de2fc6f1a82d,FAIR1M-v1.0,7937__1024__0___0,18,crops/2337de2fc6f1a82d.jpg,,,,
m4-v3-e6479d43f0b9,A,653,ea16914ee65b65b1,FAIR1M-v1.0,12222__1024__0___0,29,crops/ea16914ee65b65b1.jpg,,,,
m4-v3-e6479d43f0b9,A,654,5232f5bcd9e2e836,FAIR1M-v1.0,586__1024__0___0,114,crops/5232f5bcd9e2e836.jpg,,,,
m4-v3-e6479d43f0b9,A,655,2d21aff7bd0d84b4,FAIR1M-v1.0,15074__1024__0___0,84,crops/2d21aff7bd0d84b4.jpg,,,,
m4-v3-e6479d43f0b9,A,656,0d1772ab77c27577,SODA-A,02424__800__600___0,141,crops/0d1772ab77c27577.jpg,,,,
m4-v3-e6479d43f0b9,A,657,b0174ae7b6fb6002,FAIR1M-v1.0,1072__1024__0___0,242,crops/b0174ae7b6fb6002.jpg,,,,
m4-v3-e6479d43f0b9,A,658,bb8ead5cd5a656ca,DIOR-R,22491,7,crops/bb8ead5cd5a656ca.jpg,,,,
m4-v3-e6479d43f0b9,A,659,fc9299b4855ac803,DIOR-R,23020,2,crops/fc9299b4855ac803.jpg,,,,
m4-v3-e6479d43f0b9,A,660,a146230998912662,SODA-A,02107__800__1800___1985,154,crops/a146230998912662.jpg,,,,
m4-v3-e6479d43f0b9,A,661,665a00b3728188ec,DIOR-R,22676,14,crops/665a00b3728188ec.jpg,,,,
m4-v3-e6479d43f0b9,A,662,69730ba877cf59db,FAIR1M-v1.0,6081__1024__0___0,46,crops/69730ba877cf59db.jpg,,,,
m4-v3-e6479d43f0b9,A,663,7ea90bf551a972f0,DIOR-R,13952,4,crops/7ea90bf551a972f0.jpg,,,,
m4-v3-e6479d43f0b9,A,664,8f0d2b339f19c3a0,DIOR-R,20455,38,crops/8f0d2b339f19c3a0.jpg,,,,
m4-v3-e6479d43f0b9,A,665,7dd2cc7b5dd73003,SODA-A,01401__800__600___1200,13,crops/7dd2cc7b5dd73003.jpg,,,,
m4-v3-e6479d43f0b9,A,666,46de1178c2bc8959,SODA-A,01916__800__4000___2079,223,crops/46de1178c2bc8959.jpg,,,,
m4-v3-e6479d43f0b9,A,667,8051a5491c68bacc,FAIR1M-v1.0,13703__1024__0___0,292,crops/8051a5491c68bacc.jpg,,,,
m4-v3-e6479d43f0b9,A,668,4a8f4fe58dfc838b,DIOR-R,16370,190,crops/4a8f4fe58dfc838b.jpg,,,,
m4-v3-e6479d43f0b9,A,669,84715f96f90e43ca,SODA-A,00051__800__3955___1200,122,crops/84715f96f90e43ca.jpg,,,,
m4-v3-e6479d43f0b9,A,670,483763f4f3bb82c0,SODA-A,00190__800__1200___600,59,crops/483763f4f3bb82c0.jpg,,,,
m4-v3-e6479d43f0b9,A,671,7216b397a2673c2e,FAIR1M-v1.0,15255__1024__0___0,55,crops/7216b397a2673c2e.jpg,,,,
m4-v3-e6479d43f0b9,A,672,850c4b9e8579b256,FAIR1M-v1.0,5857__1024__0___0,99,crops/850c4b9e8579b256.jpg,,,,
m4-v3-e6479d43f0b9,A,673,6edc2239ac2c8176,FAIR1M-v1.0,4502__1024__0___0,2,crops/6edc2239ac2c8176.jpg,,,,
m4-v3-e6479d43f0b9,A,674,8d6624629867e278,SODA-A,00849__800__600___0,178,crops/8d6624629867e278.jpg,,,,
m4-v3-e6479d43f0b9,A,675,643528ecb8f50cd6,DIOR-R,12588,103,crops/643528ecb8f50cd6.jpg,,,,
m4-v3-e6479d43f0b9,A,676,0c38f4777b43ea8b,FAIR1M-v1.0,3994__1024__0___0,1,crops/0c38f4777b43ea8b.jpg,,,,
m4-v3-e6479d43f0b9,A,677,04252c8f5d8f4fb8,SODA-A,01319__800__0___0,32,crops/04252c8f5d8f4fb8.jpg,,,,
m4-v3-e6479d43f0b9,A,678,63bf52e1946b6979,DIOR-R,13605,7,crops/63bf52e1946b6979.jpg,,,,
m4-v3-e6479d43f0b9,A,679,53ddbd752ea652d6,DIOR-R,12335,2,crops/53ddbd752ea652d6.jpg,,,,
m4-v3-e6479d43f0b9,A,680,5b508d573b886550,SODA-A,01648__800__3955___1800,1,crops/5b508d573b886550.jpg,,,,
m4-v3-e6479d43f0b9,A,681,33b0698388232657,FAIR1M-v1.0,3129__1024__0___0,95,crops/33b0698388232657.jpg,,,,
m4-v3-e6479d43f0b9,A,682,e777dae3d68a8ad4,SODA-A,01865__800__1800___1800,2,crops/e777dae3d68a8ad4.jpg,,,,
m4-v3-e6479d43f0b9,A,683,bc0f408d35e2785e,DIOR-R,12356,45,crops/bc0f408d35e2785e.jpg,,,,
m4-v3-e6479d43f0b9,A,684,e6fa96ef1a3d90a1,SODA-A,01916__800__4000___2079,10,crops/e6fa96ef1a3d90a1.jpg,,,,
m4-v3-e6479d43f0b9,A,685,fc630ac89633a172,DIOR-R,18246,0,crops/fc630ac89633a172.jpg,,,,
m4-v3-e6479d43f0b9,A,686,32576cc9d7693937,FAIR1M-v1.0,789__1024__1976___824,9,crops/32576cc9d7693937.jpg,,,,
m4-v3-e6479d43f0b9,A,687,b2bdca6df2887285,FAIR1M-v1.0,1024__1024__476___0,129,crops/b2bdca6df2887285.jpg,,,,
m4-v3-e6479d43f0b9,A,688,47989c98f589c9fd,FAIR1M-v1.0,8523__1024__0___0,11,crops/47989c98f589c9fd.jpg,,,,
m4-v3-e6479d43f0b9,A,689,e6944fa9c80fb818,FAIR1M-v1.0,12666__1024__0___0,24,crops/e6944fa9c80fb818.jpg,,,,
m4-v3-e6479d43f0b9,A,690,8558609dc1c919bd,SODA-A,01355__800__600___600,161,crops/8558609dc1c919bd.jpg,,,,
m4-v3-e6479d43f0b9,A,691,d58fdb7847bbbca7,FAIR1M-v1.0,16114__1024__0___0,0,crops/d58fdb7847bbbca7.jpg,,,,
m4-v3-e6479d43f0b9,A,692,92ffefd45213e99e,FAIR1M-v1.0,3408__1024__0___0,26,crops/92ffefd45213e99e.jpg,,,,
m4-v3-e6479d43f0b9,A,693,c42c84917b2dd375,DIOR-R,23046,53,crops/c42c84917b2dd375.jpg,,,,
m4-v3-e6479d43f0b9,A,694,f5aed09ba3b21d74,SODA-A,02402__800__2400___1800,357,crops/f5aed09ba3b21d74.jpg,,,,
m4-v3-e6479d43f0b9,A,695,8b6930e6cbb1eb75,SODA-A,00855__800__3600___1985,287,crops/8b6930e6cbb1eb75.jpg,,,,
m4-v3-e6479d43f0b9,A,696,2614083b95018c70,FAIR1M-v1.0,1863__1024__0___0,251,crops/2614083b95018c70.jpg,,,,
m4-v3-e6479d43f0b9,A,697,741bb436a2946761,SODA-A,00063__800__1200___0,80,crops/741bb436a2946761.jpg,,,,
m4-v3-e6479d43f0b9,A,698,750be07b8cb2b040,FAIR1M-v1.0,11771__1024__824___976,5,crops/750be07b8cb2b040.jpg,,,,
m4-v3-e6479d43f0b9,A,699,5668d64fa67d686b,FAIR1M-v1.0,1197__1024__0___0,59,crops/5668d64fa67d686b.jpg,,,,
m4-v3-e6479d43f0b9,A,700,4fbbfaba8296a0fd,DIOR-R,22501,7,crops/4fbbfaba8296a0fd.jpg,,,,
m4-v3-e6479d43f0b9,A,701,5d5f74c1fcfdb63e,DIOR-R,23446,33,crops/5d5f74c1fcfdb63e.jpg,,,,
m4-v3-e6479d43f0b9,A,702,28867127259fe47e,FAIR1M-v1.0,11455__1024__0___0,316,crops/28867127259fe47e.jpg,,,,
m4-v3-e6479d43f0b9,A,703,3b1d9e4733c5807b,FAIR1M-v1.0,1385__1024__0___0,92,crops/3b1d9e4733c5807b.jpg,,,,
m4-v3-e6479d43f0b9,A,704,5f10b5fbca706179,SODA-A,01044__800__3000___0,12,crops/5f10b5fbca706179.jpg,,,,
m4-v3-e6479d43f0b9,A,705,985559391ce96b89,FAIR1M-v1.0,7924__1024__0___0,77,crops/985559391ce96b89.jpg,,,,
m4-v3-e6479d43f0b9,A,706,a8bb8cd356785bbc,SODA-A,02512__800__3600___1200,52,crops/a8bb8cd356785bbc.jpg,,,,
m4-v3-e6479d43f0b9,A,707,489f484f9e2779ce,SODA-A,00231__800__0___1200,99,crops/489f484f9e2779ce.jpg,,,,
m4-v3-e6479d43f0b9,A,708,f7f8123ff01b9164,DIOR-R,22816,29,crops/f7f8123ff01b9164.jpg,,,,
m4-v3-e6479d43f0b9,A,709,012df6be0eb2a73f,SODA-A,00294__800__600___0,0,crops/012df6be0eb2a73f.jpg,,,,
m4-v3-e6479d43f0b9,A,710,de8c55c9704b5cf3,DIOR-R,20025,50,crops/de8c55c9704b5cf3.jpg,,,,
m4-v3-e6479d43f0b9,A,711,7c3741826b06387f,SODA-A,01374__800__600___0,2,crops/7c3741826b06387f.jpg,,,,
m4-v3-e6479d43f0b9,A,712,9ac669110c976a77,DIOR-R,14575,68,crops/9ac669110c976a77.jpg,,,,
m4-v3-e6479d43f0b9,A,713,48a7999aa027c8c2,SODA-A,02217__800__2400___1800,0,crops/48a7999aa027c8c2.jpg,,,,
m4-v3-e6479d43f0b9,A,714,7bbd3cf204cf6a82,SODA-A,02114__800__2400___1985,215,crops/7bbd3cf204cf6a82.jpg,,,,
m4-v3-e6479d43f0b9,A,715,40f7ac85305fdf3f,FAIR1M-v1.0,14498__1024__0___0,8,crops/40f7ac85305fdf3f.jpg,,,,
m4-v3-e6479d43f0b9,A,716,ef2c72ef25ef5764,DIOR-R,18620,103,crops/ef2c72ef25ef5764.jpg,,,,
m4-v3-e6479d43f0b9,A,717,828b5e5f7ed11d9b,DIOR-R,13030,1,crops/828b5e5f7ed11d9b.jpg,,,,
m4-v3-e6479d43f0b9,A,718,61b0ae41a697b69d,DIOR-R,19661,2,crops/61b0ae41a697b69d.jpg,,,,
m4-v3-e6479d43f0b9,A,719,6085ce2fd18629ec,DIOR-R,15778,57,crops/6085ce2fd18629ec.jpg,,,,
m4-v3-e6479d43f0b9,A,720,0172f45b55512cec,DIOR-R,17331,14,crops/0172f45b55512cec.jpg,,,,
m4-v3-e6479d43f0b9,A,721,766155af6b43fe77,SODA-A,00283__800__1800___1200,411,crops/766155af6b43fe77.jpg,,,,
m4-v3-e6479d43f0b9,A,722,3abb6b47dbc7b367,FAIR1M-v1.0,15915__1024__0___0,10,crops/3abb6b47dbc7b367.jpg,,,,
m4-v3-e6479d43f0b9,A,723,950c338f95ebb9e7,FAIR1M-v1.0,5414__1024__0___0,132,crops/950c338f95ebb9e7.jpg,,,,
m4-v3-e6479d43f0b9,A,724,db8e34f1fd97d6b8,DIOR-R,17206,22,crops/db8e34f1fd97d6b8.jpg,,,,
m4-v3-e6479d43f0b9,A,725,daaa5a4397bc1e3e,FAIR1M-v1.0,14131__1024__0___0,51,crops/daaa5a4397bc1e3e.jpg,,,,
m4-v3-e6479d43f0b9,A,726,6bb98bca1424bb2d,SODA-A,01347__800__1200___1800,16,crops/6bb98bca1424bb2d.jpg,,,,
m4-v3-e6479d43f0b9,A,727,f0471eae3cb852eb,FAIR1M-v1.0,9688__1024__0___0,24,crops/f0471eae3cb852eb.jpg,,,,
m4-v3-e6479d43f0b9,A,728,28bb4b8256463761,FAIR1M-v1.0,8783__1024__0___0,61,crops/28bb4b8256463761.jpg,,,,
m4-v3-e6479d43f0b9,A,729,540df4b11d59445b,SODA-A,00976__800__3000___2011,67,crops/540df4b11d59445b.jpg,,,,
m4-v3-e6479d43f0b9,A,730,adf56d09e17e6a67,SODA-A,01028__800__4000___1800,69,crops/adf56d09e17e6a67.jpg,,,,
m4-v3-e6479d43f0b9,A,731,dc380846a1ee5cc1,SODA-A,02511__800__2400___600,42,crops/dc380846a1ee5cc1.jpg,,,,
m4-v3-e6479d43f0b9,A,732,62d1cbc614d2e106,SODA-A,02083__800__3000___0,39,crops/62d1cbc614d2e106.jpg,,,,
m4-v3-e6479d43f0b9,A,733,fa05af3ac256e458,DIOR-R,21454,0,crops/fa05af3ac256e458.jpg,,,,
m4-v3-e6479d43f0b9,A,734,6ec6e800225ef723,DIOR-R,20489,23,crops/6ec6e800225ef723.jpg,,,,
m4-v3-e6479d43f0b9,A,735,acb73a2f5eed3eb2,SODA-A,02227__800__3000___600,57,crops/acb73a2f5eed3eb2.jpg,,,,
m4-v3-e6479d43f0b9,A,736,e889979e31ecc36c,FAIR1M-v1.0,14426__1024__0___0,61,crops/e889979e31ecc36c.jpg,,,,
m4-v3-e6479d43f0b9,A,737,eb13901d7a0e7063,DIOR-R,19745,8,crops/eb13901d7a0e7063.jpg,,,,
m4-v3-e6479d43f0b9,A,738,d77a1247d5dceb94,DIOR-R,11985,3,crops/d77a1247d5dceb94.jpg,,,,
m4-v3-e6479d43f0b9,A,739,dd3e80fe25ce4450,FAIR1M-v1.0,13958__1024__0___0,35,crops/dd3e80fe25ce4450.jpg,,,,
m4-v3-e6479d43f0b9,A,740,1201f758fb410111,SODA-A,00733__800__3000___1800,140,crops/1201f758fb410111.jpg,,,,
m4-v3-e6479d43f0b9,A,741,a66c352023e57582,FAIR1M-v1.0,1024__1024__476___476,34,crops/a66c352023e57582.jpg,,,,
m4-v3-e6479d43f0b9,A,742,129f458ad04ac8a9,FAIR1M-v1.0,12601__1024__0___0,5,crops/129f458ad04ac8a9.jpg,,,,
m4-v3-e6479d43f0b9,A,743,355fe495d26af425,FAIR1M-v1.0,4861__1024__0___0,367,crops/355fe495d26af425.jpg,,,,
m4-v3-e6479d43f0b9,A,744,6138a5987be81215,DIOR-R,14125,100,crops/6138a5987be81215.jpg,,,,
m4-v3-e6479d43f0b9,A,745,35731e043482a005,SODA-A,01355__800__0___600,202,crops/35731e043482a005.jpg,,,,
m4-v3-e6479d43f0b9,A,746,3722c792fe87f6ec,FAIR1M-v1.0,425__1024__0___0,11,crops/3722c792fe87f6ec.jpg,,,,
m4-v3-e6479d43f0b9,A,747,41b62e504e8a3961,FAIR1M-v1.0,3389__1024__0___0,180,crops/41b62e504e8a3961.jpg,,,,
m4-v3-e6479d43f0b9,A,748,6012f09e9012fae6,DIOR-R,20768,6,crops/6012f09e9012fae6.jpg,,,,
m4-v3-e6479d43f0b9,A,749,57072f24eaa4aad0,SODA-A,00266__800__3991___1908,36,crops/57072f24eaa4aad0.jpg,,,,
m4-v3-e6479d43f0b9,A,750,4643eb8de6bbb3fd,FAIR1M-v1.0,13574__1024__0___0,66,crops/4643eb8de6bbb3fd.jpg,,,,
m4-v3-e6479d43f0b9,A,751,b29ba09593a29867,DIOR-R,15235,27,crops/b29ba09593a29867.jpg,,,,
m4-v3-e6479d43f0b9,A,752,6debc5abc56e8aeb,DIOR-R,20545,4,crops/6debc5abc56e8aeb.jpg,,,,
m4-v3-e6479d43f0b9,A,753,d1e3423e7b1a62be,DIOR-R,22774,11,crops/d1e3423e7b1a62be.jpg,,,,
m4-v3-e6479d43f0b9,A,754,e311483df06e7d2a,SODA-A,00967__800__600___600,335,crops/e311483df06e7d2a.jpg,,,,
m4-v3-e6479d43f0b9,A,755,8729f155cc789c31,DIOR-R,13361,0,crops/8729f155cc789c31.jpg,,,,
m4-v3-e6479d43f0b9,A,756,6933a5eef0b5f687,DIOR-R,12290,0,crops/6933a5eef0b5f687.jpg,,,,
m4-v3-e6479d43f0b9,A,757,9848ffb11c07dcc6,FAIR1M-v1.0,11790__1024__976___824,2,crops/9848ffb11c07dcc6.jpg,,,,
m4-v3-e6479d43f0b9,A,758,a0f2fa80c930332f,DIOR-R,21446,2,crops/a0f2fa80c930332f.jpg,,,,
m4-v3-e6479d43f0b9,A,759,fa15dd12aae116d8,SODA-A,01447__800__3600___1200,13,crops/fa15dd12aae116d8.jpg,,,,
m4-v3-e6479d43f0b9,A,760,72c9db19d9d702dc,SODA-A,01795__800__1800___1200,238,crops/72c9db19d9d702dc.jpg,,,,
m4-v3-e6479d43f0b9,A,761,a5fd4afe2b9b424d,DIOR-R,20444,43,crops/a5fd4afe2b9b424d.jpg,,,,
m4-v3-e6479d43f0b9,A,762,424f740b398677f5,DIOR-R,19148,2,crops/424f740b398677f5.jpg,,,,
m4-v3-e6479d43f0b9,A,763,46c1934186e49d83,SODA-A,00201__800__3955___1200,91,crops/46c1934186e49d83.jpg,,,,
m4-v3-e6479d43f0b9,A,764,91d73e4f2d0063ed,FAIR1M-v1.0,344__1024__0___0,291,crops/91d73e4f2d0063ed.jpg,,,,
m4-v3-e6479d43f0b9,A,765,59b6fa216786128c,SODA-A,01002__800__3600___600,5,crops/59b6fa216786128c.jpg,,,,
m4-v3-e6479d43f0b9,A,766,5a3edcb6cc00fdea,DIOR-R,20881,27,crops/5a3edcb6cc00fdea.jpg,,,,
m4-v3-e6479d43f0b9,A,767,a3559cc1ddd6b3bf,DIOR-R,16204,0,crops/a3559cc1ddd6b3bf.jpg,,,,
m4-v3-e6479d43f0b9,A,768,723c03c38b33af82,FAIR1M-v1.0,8129__1024__0___0,8,crops/723c03c38b33af82.jpg,,,,
m4-v3-e6479d43f0b9,A,769,8781c1c5718500ed,DIOR-R,21362,1,crops/8781c1c5718500ed.jpg,,,,
m4-v3-e6479d43f0b9,A,770,75a7cfc0f3137d03,SODA-A,02463__800__2400___600,53,crops/75a7cfc0f3137d03.jpg,,,,
m4-v3-e6479d43f0b9,A,771,1fa913c92bd61305,FAIR1M-v1.0,12321__1024__0___0,0,crops/1fa913c92bd61305.jpg,,,,
m4-v3-e6479d43f0b9,A,772,39d3ccaa0fee9821,FAIR1M-v1.0,14174__1024__0___0,233,crops/39d3ccaa0fee9821.jpg,,,,
m4-v3-e6479d43f0b9,A,773,5a0877d60771560e,FAIR1M-v1.0,8671__1024__0___0,14,crops/5a0877d60771560e.jpg,,,,
m4-v3-e6479d43f0b9,A,774,c1e89aee6315e199,FAIR1M-v1.0,115__1024__0___0,12,crops/c1e89aee6315e199.jpg,,,,
m4-v3-e6479d43f0b9,A,775,6db0d4d2b9482e3f,SODA-A,01759__800__1200___1985,5,crops/6db0d4d2b9482e3f.jpg,,,,
m4-v3-e6479d43f0b9,A,776,5194bfa04a6202a4,SODA-A,02090__800__3000___1800,4,crops/5194bfa04a6202a4.jpg,,,,
m4-v3-e6479d43f0b9,A,777,4f447e0882d9d6ad,DIOR-R,20889,60,crops/4f447e0882d9d6ad.jpg,,,,
m4-v3-e6479d43f0b9,A,778,0caae00f03a3d8e6,SODA-A,00936__800__600___0,6,crops/0caae00f03a3d8e6.jpg,,,,
m4-v3-e6479d43f0b9,A,779,c817241fb36bcbe7,DIOR-R,13023,1,crops/c817241fb36bcbe7.jpg,,,,
m4-v3-e6479d43f0b9,A,780,a4288dc0eea266df,SODA-A,01875__800__2400___1800,1,crops/a4288dc0eea266df.jpg,,,,
m4-v3-e6479d43f0b9,A,781,0ab8a7c1eb26a8c7,FAIR1M-v1.0,12883__1024__0___0,41,crops/0ab8a7c1eb26a8c7.jpg,,,,
m4-v3-e6479d43f0b9,A,782,3a2c94dd41998825,DIOR-R,14343,1,crops/3a2c94dd41998825.jpg,,,,
m4-v3-e6479d43f0b9,A,783,60fb0fe10aee7286,SODA-A,01909__800__2400___600,42,crops/60fb0fe10aee7286.jpg,,,,
m4-v3-e6479d43f0b9,A,784,4abd449189359816,DIOR-R,16616,0,crops/4abd449189359816.jpg,,,,
m4-v3-e6479d43f0b9,A,785,9d89fe5dc2ab0617,FAIR1M-v1.0,307__1024__0___0,48,crops/9d89fe5dc2ab0617.jpg,,,,
m4-v3-e6479d43f0b9,A,786,f37d9b925d845dd3,SODA-A,01916__800__0___600,0,crops/f37d9b925d845dd3.jpg,,,,
m4-v3-e6479d43f0b9,A,787,c9233d68e261e3b4,SODA-A,00283__800__1200___1974,384,crops/c9233d68e261e3b4.jpg,,,,
m4-v3-e6479d43f0b9,A,788,2203f77e887352f1,SODA-A,00190__800__4000___1200,50,crops/2203f77e887352f1.jpg,,,,
m4-v3-e6479d43f0b9,A,789,4269431393525289,SODA-A,02179__800__1200___1944,177,crops/4269431393525289.jpg,,,,
m4-v3-e6479d43f0b9,A,790,ab1dee47e1d57ebe,SODA-A,00855__800__3955___1985,133,crops/ab1dee47e1d57ebe.jpg,,,,
m4-v3-e6479d43f0b9,A,791,b04e17151c2f15be,FAIR1M-v1.0,1240__1024__0___0,55,crops/b04e17151c2f15be.jpg,,,,
m4-v3-e6479d43f0b9,A,792,dbd2bb2c41304299,DIOR-R,12902,9,crops/dbd2bb2c41304299.jpg,,,,
m4-v3-e6479d43f0b9,A,793,c5903372d15b5bbe,DIOR-R,22398,28,crops/c5903372d15b5bbe.jpg,,,,
m4-v3-e6479d43f0b9,A,794,384a16ef4cc8598b,DIOR-R,13459,32,crops/384a16ef4cc8598b.jpg,,,,
m4-v3-e6479d43f0b9,A,795,bc8b12517ac68a53,FAIR1M-v1.0,4746__1024__0___0,7,crops/bc8b12517ac68a53.jpg,,,,
m4-v3-e6479d43f0b9,A,796,9f2ccd644db7a1c9,FAIR1M-v1.0,7642__1024__0___0,21,crops/9f2ccd644db7a1c9.jpg,,,,
m4-v3-e6479d43f0b9,A,797,b93ecee2d129c9e7,DIOR-R,22354,72,crops/b93ecee2d129c9e7.jpg,,,,
m4-v3-e6479d43f0b9,A,798,0a71a21e78a95c5e,SODA-A,01413__800__600___1200,87,crops/0a71a21e78a95c5e.jpg,,,,
m4-v3-e6479d43f0b9,A,799,98be8d6b28099e69,DIOR-R,13650,11,crops/98be8d6b28099e69.jpg,,,,
m4-v3-e6479d43f0b9,A,800,5a6a7dd4e47c6ecb,DIOR-R,17273,21,crops/5a6a7dd4e47c6ecb.jpg,,,,
m4-v3-e6479d43f0b9,A,801,1f89a522e52cf04f,SODA-A,01909__800__2400___600,533,crops/1f89a522e52cf04f.jpg,,,,
m4-v3-e6479d43f0b9,A,802,182f9f6036feca90,SODA-A,01916__800__1800___1200,11,crops/182f9f6036feca90.jpg,,,,
m4-v3-e6479d43f0b9,A,803,c5dd041d431c1f23,DIOR-R,17131,43,crops/c5dd041d431c1f23.jpg,,,,
m4-v3-e6479d43f0b9,A,804,093456f13ad3ceab,SODA-A,02107__800__1800___1800,269,crops/093456f13ad3ceab.jpg,,,,
m4-v3-e6479d43f0b9,A,805,b2ef4eb8076edbe1,DIOR-R,23182,3,crops/b2ef4eb8076edbe1.jpg,,,,
m4-v3-e6479d43f0b9,A,806,a8c0495724a23eb8,FAIR1M-v1.0,5477__1024__0___0,53,crops/a8c0495724a23eb8.jpg,,,,
m4-v3-e6479d43f0b9,A,807,ce4dfa0e671eb686,DIOR-R,17983,11,crops/ce4dfa0e671eb686.jpg,,,,
m4-v3-e6479d43f0b9,A,808,80ebae1d92813900,FAIR1M-v1.0,8484__1024__0___0,76,crops/80ebae1d92813900.jpg,,,,
m4-v3-e6479d43f0b9,A,809,a875607650ade784,DIOR-R,20332,37,crops/a875607650ade784.jpg,,,,
m4-v3-e6479d43f0b9,A,810,7c0ce9f37923b317,DIOR-R,17572,43,crops/7c0ce9f37923b317.jpg,,,,
m4-v3-e6479d43f0b9,A,811,1f45c229950a0bcd,DIOR-R,13415,3,crops/1f45c229950a0bcd.jpg,,,,
m4-v3-e6479d43f0b9,A,812,7bd75f237de43dca,SODA-A,02107__800__1200___1985,232,crops/7bd75f237de43dca.jpg,,,,
m4-v3-e6479d43f0b9,A,813,e56bf83024828c5e,DIOR-R,22508,26,crops/e56bf83024828c5e.jpg,,,,
m4-v3-e6479d43f0b9,A,814,501f3432d16fd78f,FAIR1M-v1.0,15493__1024__0___0,163,crops/501f3432d16fd78f.jpg,,,,
m4-v3-e6479d43f0b9,A,815,c9b92d1bd4661b05,SODA-A,00733__800__600___600,21,crops/c9b92d1bd4661b05.jpg,,,,
m4-v3-e6479d43f0b9,A,816,f9e9eaf13f6b1a9f,DIOR-R,16467,27,crops/f9e9eaf13f6b1a9f.jpg,,,,
m4-v3-e6479d43f0b9,A,817,feb5caf3d3e64867,DIOR-R,15607,10,crops/feb5caf3d3e64867.jpg,,,,
m4-v3-e6479d43f0b9,A,818,c8f5424714b43ecf,DIOR-R,17782,17,crops/c8f5424714b43ecf.jpg,,,,
m4-v3-e6479d43f0b9,A,819,7ee142787138b614,FAIR1M-v1.0,8615__1024__0___0,33,crops/7ee142787138b614.jpg,,,,
m4-v3-e6479d43f0b9,A,820,2931da09910fcd7c,SODA-A,01600__800__3942___1200,56,crops/2931da09910fcd7c.jpg,,,,
m4-v3-e6479d43f0b9,A,821,3a0b05221671ec80,FAIR1M-v1.0,65__1024__0___0,35,crops/3a0b05221671ec80.jpg,,,,
m4-v3-e6479d43f0b9,A,822,1b3fdc49e617b7d7,FAIR1M-v1.0,2541__1024__0___0,475,crops/1b3fdc49e617b7d7.jpg,,,,
m4-v3-e6479d43f0b9,A,823,fec805ff100621b8,FAIR1M-v1.0,3803__1024__0___0,357,crops/fec805ff100621b8.jpg,,,,
m4-v3-e6479d43f0b9,A,824,97fe97336ae93591,DIOR-R,15382,20,crops/97fe97336ae93591.jpg,,,,
m4-v3-e6479d43f0b9,A,825,40c860f6e62928f4,FAIR1M-v1.0,15100__1024__0___0,0,crops/40c860f6e62928f4.jpg,,,,
m4-v3-e6479d43f0b9,A,826,245fa9f932719281,FAIR1M-v1.0,495__1024__0___0,44,crops/245fa9f932719281.jpg,,,,
m4-v3-e6479d43f0b9,A,827,3fb118cfb15b0753,FAIR1M-v1.0,13811__1024__0___0,21,crops/3fb118cfb15b0753.jpg,,,,
m4-v3-e6479d43f0b9,A,828,3e024a0c59456289,SODA-A,00199__800__0___600,21,crops/3e024a0c59456289.jpg,,,,
m4-v3-e6479d43f0b9,A,829,95dcda70875e857d,FAIR1M-v1.0,14028__1024__0___0,6,crops/95dcda70875e857d.jpg,,,,
m4-v3-e6479d43f0b9,A,830,5e0d788036453514,FAIR1M-v1.0,13952__1024__0___0,4,crops/5e0d788036453514.jpg,,,,
m4-v3-e6479d43f0b9,A,831,0c12a6ef791b54e9,SODA-A,00855__800__0___1985,123,crops/0c12a6ef791b54e9.jpg,,,,
m4-v3-e6479d43f0b9,A,832,c225d1bd0e03d32f,FAIR1M-v1.0,901__1024__0___0,32,crops/c225d1bd0e03d32f.jpg,,,,
m4-v3-e6479d43f0b9,A,833,2248426dbd1d000b,DIOR-R,17425,5,crops/2248426dbd1d000b.jpg,,,,
m4-v3-e6479d43f0b9,A,834,4cc2897af21ef9d4,FAIR1M-v1.0,6849__1024__0___0,2,crops/4cc2897af21ef9d4.jpg,,,,
m4-v3-e6479d43f0b9,A,835,8e56ac53539699d1,SODA-A,00967__800__0___1800,61,crops/8e56ac53539699d1.jpg,,,,
m4-v3-e6479d43f0b9,A,836,c2d0329b753acbe4,SODA-A,01210__800__3955___0,10,crops/c2d0329b753acbe4.jpg,,,,
m4-v3-e6479d43f0b9,A,837,780e1d44430b8a6f,FAIR1M-v1.0,9155__1024__0___0,146,crops/780e1d44430b8a6f.jpg,,,,
m4-v3-e6479d43f0b9,A,838,3d45fde904e1ff9c,FAIR1M-v1.0,4529__1024__0___0,16,crops/3d45fde904e1ff9c.jpg,,,,
m4-v3-e6479d43f0b9,A,839,6363911f1fe3003e,SODA-A,00849__800__2400___1200,84,crops/6363911f1fe3003e.jpg,,,,
m4-v3-e6479d43f0b9,A,840,8bccfaf24cb6bd28,DIOR-R,17419,2,crops/8bccfaf24cb6bd28.jpg,,,,
m4-v3-e6479d43f0b9,A,841,01715b1280e31ec1,SODA-A,00959__800__1200___2113,5,crops/01715b1280e31ec1.jpg,,,,
m4-v3-e6479d43f0b9,A,842,3a71b22383385c65,SODA-A,02227__800__1800___1200,9,crops/3a71b22383385c65.jpg,,,,
m4-v3-e6479d43f0b9,A,843,9e8449224e2cde99,FAIR1M-v1.0,1324__1024__0___0,333,crops/9e8449224e2cde99.jpg,,,,
m4-v3-e6479d43f0b9,A,844,abfd78e2627991ae,FAIR1M-v1.0,7805__1024__0___0,0,crops/abfd78e2627991ae.jpg,,,,
m4-v3-e6479d43f0b9,A,845,05fc6ca6f2299150,FAIR1M-v1.0,13312__1024__0___0,30,crops/05fc6ca6f2299150.jpg,,,,
m4-v3-e6479d43f0b9,A,846,05082014fe972812,FAIR1M-v1.0,1197__1024__0___0,3,crops/05082014fe972812.jpg,,,,
m4-v3-e6479d43f0b9,A,847,8e07f12d0fdb2863,FAIR1M-v1.0,2986__1024__0___0,2,crops/8e07f12d0fdb2863.jpg,,,,
m4-v3-e6479d43f0b9,A,848,391d2246e284d8f8,FAIR1M-v1.0,12946__1024__0___0,44,crops/391d2246e284d8f8.jpg,,,,
m4-v3-e6479d43f0b9,A,849,4ba5552742b38111,FAIR1M-v1.0,10468__1024__0___0,8,crops/4ba5552742b38111.jpg,,,,
m4-v3-e6479d43f0b9,A,850,82594fcfa5e3127f,SODA-A,00044__800__600___1944,2,crops/82594fcfa5e3127f.jpg,,,,
m4-v3-e6479d43f0b9,A,851,d465c8e2cf1c3aae,FAIR1M-v1.0,9527__1024__0___0,0,crops/d465c8e2cf1c3aae.jpg,,,,
m4-v3-e6479d43f0b9,A,852,9ba27b754331eea5,FAIR1M-v1.0,9565__1024__0___0,296,crops/9ba27b754331eea5.jpg,,,,
m4-v3-e6479d43f0b9,A,853,9a1a44f3c8901ab0,FAIR1M-v1.0,11017__1024__0___0,44,crops/9a1a44f3c8901ab0.jpg,,,,
m4-v3-e6479d43f0b9,A,854,49702b2b87ef2c82,FAIR1M-v1.0,6886__1024__0___0,220,crops/49702b2b87ef2c82.jpg,,,,
m4-v3-e6479d43f0b9,A,855,511764e576938182,SODA-A,02024__800__1200___1200,43,crops/511764e576938182.jpg,,,,
m4-v3-e6479d43f0b9,A,856,0c48e0eaa9b91e1c,DIOR-R,16874,7,crops/0c48e0eaa9b91e1c.jpg,,,,
m4-v3-e6479d43f0b9,A,857,9b499003ab5b372d,SODA-A,01785__800__3600___1200,136,crops/9b499003ab5b372d.jpg,,,,
m4-v3-e6479d43f0b9,A,858,4d640a4a492e7b53,DIOR-R,15950,0,crops/4d640a4a492e7b53.jpg,,,,
m4-v3-e6479d43f0b9,A,859,3e63636af36baff1,FAIR1M-v1.0,11659__1024__0___0,20,crops/3e63636af36baff1.jpg,,,,
m4-v3-e6479d43f0b9,A,860,35cdd52b66bc6541,FAIR1M-v1.0,7115__1024__0___0,131,crops/35cdd52b66bc6541.jpg,,,,
m4-v3-e6479d43f0b9,A,861,10f7608a05438089,FAIR1M-v1.0,1613__1024__0___0,101,crops/10f7608a05438089.jpg,,,,
m4-v3-e6479d43f0b9,A,862,8fd073ddf9a2b6a3,SODA-A,02424__800__0___600,1,crops/8fd073ddf9a2b6a3.jpg,,,,
m4-v3-e6479d43f0b9,A,863,fc2ccb14e2f3e01e,SODA-A,00128__800__600___1800,30,crops/fc2ccb14e2f3e01e.jpg,,,,
m4-v3-e6479d43f0b9,A,864,0b9ab1127e0db226,FAIR1M-v1.0,11111__1024__0___0,6,crops/0b9ab1127e0db226.jpg,,,,
m4-v3-e6479d43f0b9,A,865,1e1b4c48a1cbc583,DIOR-R,18991,1,crops/1e1b4c48a1cbc583.jpg,,,,
m4-v3-e6479d43f0b9,A,866,7b0cf58b1549f917,FAIR1M-v1.0,7940__1024__0___0,175,crops/7b0cf58b1549f917.jpg,,,,
m4-v3-e6479d43f0b9,A,867,6ff7c1765334b161,FAIR1M-v1.0,6611__1024__0___0,116,crops/6ff7c1765334b161.jpg,,,,
m4-v3-e6479d43f0b9,A,868,4b6ff40080dfd29d,FAIR1M-v1.0,1590__1024__0___0,34,crops/4b6ff40080dfd29d.jpg,,,,
m4-v3-e6479d43f0b9,A,869,e977c7e5a05a147a,SODA-A,02190__800__1200___1200,133,crops/e977c7e5a05a147a.jpg,,,,
m4-v3-e6479d43f0b9,A,870,5c2353432821dcc7,DIOR-R,18152,15,crops/5c2353432821dcc7.jpg,,,,
m4-v3-e6479d43f0b9,A,871,6ba97db97904c5d4,FAIR1M-v1.0,16195__1024__0___0,42,crops/6ba97db97904c5d4.jpg,,,,
m4-v3-e6479d43f0b9,A,872,029fc64a964f87d2,SODA-A,01633__800__600___600,0,crops/029fc64a964f87d2.jpg,,,,
m4-v3-e6479d43f0b9,A,873,d86f87aaf790b25f,DIOR-R,23300,2,crops/d86f87aaf790b25f.jpg,,,,
m4-v3-e6479d43f0b9,A,874,7a78daae3880863a,DIOR-R,21418,5,crops/7a78daae3880863a.jpg,,,,
m4-v3-e6479d43f0b9,A,875,3221770800266275,DIOR-R,16638,34,crops/3221770800266275.jpg,,,,
m4-v3-e6479d43f0b9,A,876,150c6456a882c802,FAIR1M-v1.0,13124__1024__0___0,3,crops/150c6456a882c802.jpg,,,,
m4-v3-e6479d43f0b9,A,877,253a54b4b0e049d7,SODA-A,01729__800__1800___1800,3,crops/253a54b4b0e049d7.jpg,,,,
m4-v3-e6479d43f0b9,A,878,7249a0166027746f,FAIR1M-v1.0,4181__1024__0___0,101,crops/7249a0166027746f.jpg,,,,
m4-v3-e6479d43f0b9,A,879,f41f4761a7f62a5f,DIOR-R,17803,0,crops/f41f4761a7f62a5f.jpg,,,,
m4-v3-e6479d43f0b9,A,880,b6542232d4947f44,SODA-A,00262__800__0___1800,17,crops/b6542232d4947f44.jpg,,,,
m4-v3-e6479d43f0b9,A,881,b87bd07f5473d71b,DIOR-R,21331,76,crops/b87bd07f5473d71b.jpg,,,,
m4-v3-e6479d43f0b9,A,882,c3774ced28358a16,FAIR1M-v1.0,5879__1024__2472___2976,20,crops/c3774ced28358a16.jpg,,,,
m4-v3-e6479d43f0b9,A,883,4ab07862981fc8ef,DIOR-R,14132,54,crops/4ab07862981fc8ef.jpg,,,,
m4-v3-e6479d43f0b9,A,884,f6d4d96ed7b33cac,SODA-A,01261__800__1800___1800,1,crops/f6d4d96ed7b33cac.jpg,,,,
m4-v3-e6479d43f0b9,A,885,4ecacee5433c4ca9,FAIR1M-v1.0,6704__1024__0___0,5,crops/4ecacee5433c4ca9.jpg,,,,
m4-v3-e6479d43f0b9,A,886,da86df7d3c8d12ed,FAIR1M-v1.0,5261__1024__0___0,178,crops/da86df7d3c8d12ed.jpg,,,,
m4-v3-e6479d43f0b9,A,887,0b76cc1135343efa,FAIR1M-v1.0,10284__1024__0___0,161,crops/0b76cc1135343efa.jpg,,,,
m4-v3-e6479d43f0b9,A,888,ffac2a7ca9776fb0,SODA-A,02107__800__600___1800,9,crops/ffac2a7ca9776fb0.jpg,,,,
m4-v3-e6479d43f0b9,A,889,b8459ab23e2998f1,SODA-A,01461__800__2400___1200,24,crops/b8459ab23e2998f1.jpg,,,,
m4-v3-e6479d43f0b9,A,890,d28b779edb8264bc,FAIR1M-v1.0,6160__1024__0___0,50,crops/d28b779edb8264bc.jpg,,,,
m4-v3-e6479d43f0b9,A,891,1cd8cb77d734711e,SODA-A,01568__800__2400___1985,41,crops/1cd8cb77d734711e.jpg,,,,
m4-v3-e6479d43f0b9,A,892,5fd9d7cd9c127c6d,DIOR-R,22785,8,crops/5fd9d7cd9c127c6d.jpg,,,,
m4-v3-e6479d43f0b9,A,893,a1b5c18a8719cff5,DIOR-R,16975,16,crops/a1b5c18a8719cff5.jpg,,,,
m4-v3-e6479d43f0b9,A,894,a72f99a017cff5a5,SODA-A,00152__800__2400___1200,7,crops/a72f99a017cff5a5.jpg,,,,
m4-v3-e6479d43f0b9,A,895,584c57dd8aed72da,SODA-A,01780__800__0___1800,422,crops/584c57dd8aed72da.jpg,,,,
m4-v3-e6479d43f0b9,A,896,29d9a4b01d151c51,DIOR-R,20355,2,crops/29d9a4b01d151c51.jpg,,,,
m4-v3-e6479d43f0b9,A,897,b98d7746b180e9f9,DIOR-R,22406,2,crops/b98d7746b180e9f9.jpg,,,,
m4-v3-e6479d43f0b9,A,898,c3821b7b4946057f,SODA-A,01795__800__1200___600,18,crops/c3821b7b4946057f.jpg,,,,
m4-v3-e6479d43f0b9,A,899,2dff38a5a209811b,DIOR-R,16965,6,crops/2dff38a5a209811b.jpg,,,,
m4-v3-e6479d43f0b9,A,900,1d8fdc604e975c83,SODA-A,00867__800__3000___2045,13,crops/1d8fdc604e975c83.jpg,,,,
m4-v3-e6479d43f0b9,A,901,22a1247b644264a1,SODA-A,01044__800__1800___1985,8,crops/22a1247b644264a1.jpg,,,,
m4-v3-e6479d43f0b9,A,902,8416fa4951187d63,DIOR-R,15373,79,crops/8416fa4951187d63.jpg,,,,
m4-v3-e6479d43f0b9,A,903,ce1b6b49436cedb9,FAIR1M-v1.0,1274__1024__0___0,17,crops/ce1b6b49436cedb9.jpg,,,,
m4-v3-e6479d43f0b9,A,904,4f626dc5e91d3ba0,SODA-A,00283__800__1200___1800,666,crops/4f626dc5e91d3ba0.jpg,,,,
m4-v3-e6479d43f0b9,A,905,9404c8b80582a71c,DIOR-R,16693,2,crops/9404c8b80582a71c.jpg,,,,
m4-v3-e6479d43f0b9,A,906,8d040f4ecf18ea90,SODA-A,02190__800__1800___600,171,crops/8d040f4ecf18ea90.jpg,,,,
m4-v3-e6479d43f0b9,A,907,d0d34351da77ac98,SODA-A,00202__800__3000___1985,88,crops/d0d34351da77ac98.jpg,,,,
m4-v3-e6479d43f0b9,A,908,6cc621299b704614,DIOR-R,16892,26,crops/6cc621299b704614.jpg,,,,
m4-v3-e6479d43f0b9,A,909,d76ba5eb97d962c9,FAIR1M-v1.0,13124__1024__0___0,1,crops/d76ba5eb97d962c9.jpg,,,,
m4-v3-e6479d43f0b9,A,910,68cb6175552f8fdf,FAIR1M-v1.0,2153__1024__0___0,26,crops/68cb6175552f8fdf.jpg,,,,
m4-v3-e6479d43f0b9,A,911,352e21a5cc5c0892,SODA-A,00867__800__4000___2045,138,crops/352e21a5cc5c0892.jpg,,,,
m4-v3-e6479d43f0b9,A,912,703b1287f887bb6f,DIOR-R,14117,9,crops/703b1287f887bb6f.jpg,,,,
m4-v3-e6479d43f0b9,A,913,495ec00599149c07,DIOR-R,15124,4,crops/495ec00599149c07.jpg,,,,
m4-v3-e6479d43f0b9,A,914,06bd35dea8c45491,FAIR1M-v1.0,9508__1024__0___0,26,crops/06bd35dea8c45491.jpg,,,,
m4-v3-e6479d43f0b9,A,915,f32d82fc6178eefd,FAIR1M-v1.0,15863__1024__0___0,13,crops/f32d82fc6178eefd.jpg,,,,
m4-v3-e6479d43f0b9,A,916,941844b05e90c396,SODA-A,01795__800__1800___1800,39,crops/941844b05e90c396.jpg,,,,
m4-v3-e6479d43f0b9,A,917,7384df55300f565c,SODA-A,01567__800__2400___1800,4,crops/7384df55300f565c.jpg,,,,
m4-v3-e6479d43f0b9,A,918,f35b4cfb3d1aaf70,FAIR1M-v1.0,2809__1024__0___0,59,crops/f35b4cfb3d1aaf70.jpg,,,,
m4-v3-e6479d43f0b9,A,919,9d78fe0698feaf3c,DIOR-R,19681,8,crops/9d78fe0698feaf3c.jpg,,,,
m4-v3-e6479d43f0b9,A,920,5e80ffafc55d816f,SODA-A,00849__800__2400___600,335,crops/5e80ffafc55d816f.jpg,,,,
m4-v3-e6479d43f0b9,A,921,c50f0d9eca7abd5c,FAIR1M-v1.0,12768__1024__0___0,12,crops/c50f0d9eca7abd5c.jpg,,,,
m4-v3-e6479d43f0b9,A,922,f9eed034096c3842,SODA-A,01099__800__0___1800,27,crops/f9eed034096c3842.jpg,,,,
m4-v3-e6479d43f0b9,A,923,b70ba5efff8d1d10,DIOR-R,14767,7,crops/b70ba5efff8d1d10.jpg,,,,
m4-v3-e6479d43f0b9,A,924,95e92090019c743e,FAIR1M-v1.0,13333__1024__0___0,108,crops/95e92090019c743e.jpg,,,,
m4-v3-e6479d43f0b9,A,925,606820ba91c3230c,FAIR1M-v1.0,14527__1024__0___0,19,crops/606820ba91c3230c.jpg,,,,
m4-v3-e6479d43f0b9,A,926,641186c01beb43af,SODA-A,02402__800__1800___1200,44,crops/641186c01beb43af.jpg,,,,
m4-v3-e6479d43f0b9,A,927,4755db58e9067c65,SODA-A,00244__800__3955___1985,22,crops/4755db58e9067c65.jpg,,,,
m4-v3-e6479d43f0b9,A,928,faf6a81a68e4cda0,DIOR-R,21577,98,crops/faf6a81a68e4cda0.jpg,,,,
m4-v3-e6479d43f0b9,A,929,01c6c91274faa66d,SODA-A,01211__800__600___0,58,crops/01c6c91274faa66d.jpg,,,,
m4-v3-e6479d43f0b9,A,930,e9e8c814b3ebf496,FAIR1M-v1.0,15915__1024__0___0,92,crops/e9e8c814b3ebf496.jpg,,,,
m4-v3-e6479d43f0b9,A,931,46b9777eacdf87a2,FAIR1M-v1.0,3576__1024__0___0,192,crops/46b9777eacdf87a2.jpg,,,,
m4-v3-e6479d43f0b9,A,932,463c23576fdad4a1,FAIR1M-v1.0,675__1024__0___476,73,crops/463c23576fdad4a1.jpg,,,,
m4-v3-e6479d43f0b9,A,933,50c2b802c8bb8b68,FAIR1M-v1.0,15294__1024__0___0,1,crops/50c2b802c8bb8b68.jpg,,,,
m4-v3-e6479d43f0b9,A,934,5a117c1607d93a22,SODA-A,01211__800__3000___1800,52,crops/5a117c1607d93a22.jpg,,,,
m4-v3-e6479d43f0b9,A,935,0759559b302c658d,DIOR-R,15735,0,crops/0759559b302c658d.jpg,,,,
m4-v3-e6479d43f0b9,A,936,d2f352fc322cd649,FAIR1M-v1.0,5477__1024__0___0,42,crops/d2f352fc322cd649.jpg,,,,
m4-v3-e6479d43f0b9,A,937,693593e914b749ec,FAIR1M-v1.0,12381__1024__0___0,5,crops/693593e914b749ec.jpg,,,,
m4-v3-e6479d43f0b9,A,938,c47d013701381a3d,FAIR1M-v1.0,1900__1024__0___0,221,crops/c47d013701381a3d.jpg,,,,
m4-v3-e6479d43f0b9,A,939,8f51e14e0d6a73cb,SODA-A,01580__800__1800___0,80,crops/8f51e14e0d6a73cb.jpg,,,,
m4-v3-e6479d43f0b9,A,940,5b7813e27240524b,DIOR-R,22889,3,crops/5b7813e27240524b.jpg,,,,
m4-v3-e6479d43f0b9,A,941,cc5b40a0b3f1e352,DIOR-R,15387,3,crops/cc5b40a0b3f1e352.jpg,,,,
m4-v3-e6479d43f0b9,A,942,787c5de1fa7a24d7,FAIR1M-v1.0,750__1024__0___0,58,crops/787c5de1fa7a24d7.jpg,,,,
m4-v3-e6479d43f0b9,A,943,427e51a48409a2ef,DIOR-R,17033,0,crops/427e51a48409a2ef.jpg,,,,
m4-v3-e6479d43f0b9,A,944,2f9777a906791220,SODA-A,01316__800__2400___1944,7,crops/2f9777a906791220.jpg,,,,
m4-v3-e6479d43f0b9,A,945,138d9ece25d3a62e,FAIR1M-v1.0,9694__1024__0___0,136,crops/138d9ece25d3a62e.jpg,,,,
m4-v3-e6479d43f0b9,A,946,9747ee37b2c503ec,SODA-A,00063__800__1200___600,182,crops/9747ee37b2c503ec.jpg,,,,
m4-v3-e6479d43f0b9,A,947,54fd050f6ffc2395,FAIR1M-v1.0,9522__1024__976___0,11,crops/54fd050f6ffc2395.jpg,,,,
m4-v3-e6479d43f0b9,A,948,bc3f1cb52de6b28f,SODA-A,01757__800__600___0,115,crops/bc3f1cb52de6b28f.jpg,,,,
m4-v3-e6479d43f0b9,A,949,30989111f5664f9b,DIOR-R,16652,3,crops/30989111f5664f9b.jpg,,,,
m4-v3-e6479d43f0b9,A,950,e1f75a0920d39b66,DIOR-R,15096,28,crops/e1f75a0920d39b66.jpg,,,,
m4-v3-e6479d43f0b9,A,951,33fbcb2f82fa2958,DIOR-R,16497,29,crops/33fbcb2f82fa2958.jpg,,,,
m4-v3-e6479d43f0b9,A,952,ba7cc6c4721116fe,DIOR-R,16297,50,crops/ba7cc6c4721116fe.jpg,,,,
m4-v3-e6479d43f0b9,A,953,9bab53b6320ea504,DIOR-R,14530,22,crops/9bab53b6320ea504.jpg,,,,
m4-v3-e6479d43f0b9,A,954,5c0dd68f281b30a3,SODA-A,00988__800__3600___0,7,crops/5c0dd68f281b30a3.jpg,,,,
m4-v3-e6479d43f0b9,A,955,6a5394b01f7f7866,SODA-A,01693__800__1800___600,66,crops/6a5394b01f7f7866.jpg,,,,
m4-v3-e6479d43f0b9,A,956,3471ab7149919bd8,SODA-A,01795__800__2400___1200,206,crops/3471ab7149919bd8.jpg,,,,
m4-v3-e6479d43f0b9,A,957,239f1c7b133a86b3,DIOR-R,19135,2,crops/239f1c7b133a86b3.jpg,,,,
m4-v3-e6479d43f0b9,A,958,7aa706cbd281d413,DIOR-R,11883,20,crops/7aa706cbd281d413.jpg,,,,
m4-v3-e6479d43f0b9,A,959,cc0a672d74d3499c,SODA-A,02030__800__600___1985,7,crops/cc0a672d74d3499c.jpg,,,,
m4-v3-e6479d43f0b9,A,960,61153cb38a3fded6,FAIR1M-v1.0,6054__1024__0___0,6,crops/61153cb38a3fded6.jpg,,,,
m4-v3-e6479d43f0b9,A,961,1947cec59b270032,FAIR1M-v1.0,1863__1024__0___0,322,crops/1947cec59b270032.jpg,,,,
m4-v3-e6479d43f0b9,A,962,4a9dc4cd97ac88d3,SODA-A,00849__800__1200___0,793,crops/4a9dc4cd97ac88d3.jpg,,,,
m4-v3-e6479d43f0b9,A,963,b5741199a09a4508,DIOR-R,22357,1,crops/b5741199a09a4508.jpg,,,,
m4-v3-e6479d43f0b9,A,964,88ea3506d6dd588b,SODA-A,00964__800__1800___0,353,crops/88ea3506d6dd588b.jpg,,,,
m4-v3-e6479d43f0b9,A,965,0ac00a0047c542be,DIOR-R,15663,1,crops/0ac00a0047c542be.jpg,,,,
m4-v3-e6479d43f0b9,A,966,d277adc7c3b7ade8,FAIR1M-v1.0,154__1024__0___0,2,crops/d277adc7c3b7ade8.jpg,,,,
m4-v3-e6479d43f0b9,A,967,ea5cf0f963a7aec8,SODA-A,00530__800__0___600,63,crops/ea5cf0f963a7aec8.jpg,,,,
m4-v3-e6479d43f0b9,A,968,34a8ecd1e01b938f,DIOR-R,12196,20,crops/34a8ecd1e01b938f.jpg,,,,
m4-v3-e6479d43f0b9,A,969,aa96aea35127eb86,DIOR-R,20011,8,crops/aa96aea35127eb86.jpg,,,,
m4-v3-e6479d43f0b9,A,970,c897d615c7113989,FAIR1M-v1.0,289__1024__0___0,11,crops/c897d615c7113989.jpg,,,,
m4-v3-e6479d43f0b9,A,971,a7058ce44aab0816,DIOR-R,18662,11,crops/a7058ce44aab0816.jpg,,,,
m4-v3-e6479d43f0b9,A,972,b7f8c5c777e76a00,DIOR-R,21763,18,crops/b7f8c5c777e76a00.jpg,,,,
m4-v3-e6479d43f0b9,A,973,e19f13c47322ae0c,SODA-A,00328__800__600___0,1,crops/e19f13c47322ae0c.jpg,,,,
m4-v3-e6479d43f0b9,A,974,6eec1a362e82a606,SODA-A,02512__800__3931___0,92,crops/6eec1a362e82a606.jpg,,,,
m4-v3-e6479d43f0b9,A,975,c83cb736f71b4123,DIOR-R,11787,10,crops/c83cb736f71b4123.jpg,,,,
m4-v3-e6479d43f0b9,A,976,4813b884a8e9227a,DIOR-R,19787,3,crops/4813b884a8e9227a.jpg,,,,
m4-v3-e6479d43f0b9,A,977,c4296b3c6512a1fb,DIOR-R,18910,11,crops/c4296b3c6512a1fb.jpg,,,,
m4-v3-e6479d43f0b9,A,978,f251048ed7cbe7df,SODA-A,00557__800__1800___600,1,crops/f251048ed7cbe7df.jpg,,,,
m4-v3-e6479d43f0b9,A,979,a045624f9e99e5bc,DIOR-R,23263,131,crops/a045624f9e99e5bc.jpg,,,,
m4-v3-e6479d43f0b9,A,980,bf15f8582d5576ab,FAIR1M-v1.0,14689__1024__0___0,113,crops/bf15f8582d5576ab.jpg,,,,
m4-v3-e6479d43f0b9,A,981,fe40095132a582a8,SODA-A,00283__800__1800___1800,120,crops/fe40095132a582a8.jpg,,,,
m4-v3-e6479d43f0b9,A,982,e7fb8ab4facf41ad,DIOR-R,18875,59,crops/e7fb8ab4facf41ad.jpg,,,,
m4-v3-e6479d43f0b9,A,983,2cd92056add2c3d1,SODA-A,02407__800__3600___0,0,crops/2cd92056add2c3d1.jpg,,,,
m4-v3-e6479d43f0b9,A,984,1b8bf765f6bf0530,FAIR1M-v1.0,11329__1024__0___0,6,crops/1b8bf765f6bf0530.jpg,,,,
m4-v3-e6479d43f0b9,A,985,bd6497c7da4a8b90,SODA-A,00216__800__600___1200,69,crops/bd6497c7da4a8b90.jpg,,,,
m4-v3-e6479d43f0b9,A,986,83a76fbec593039c,DIOR-R,21463,17,crops/83a76fbec593039c.jpg,,,,
m4-v3-e6479d43f0b9,A,987,11439b4630100255,FAIR1M-v1.0,1041__1024__0___0,104,crops/11439b4630100255.jpg,,,,
m4-v3-e6479d43f0b9,A,988,3f49e2a67d78bc88,SODA-A,00181__800__600___1985,21,crops/3f49e2a67d78bc88.jpg,,,,
m4-v3-e6479d43f0b9,A,989,440405a9dd50f9dc,SODA-A,00231__800__0___0,242,crops/440405a9dd50f9dc.jpg,,,,
m4-v3-e6479d43f0b9,A,990,76a721fd45640f0f,DIOR-R,13828,8,crops/76a721fd45640f0f.jpg,,,,
m4-v3-e6479d43f0b9,A,991,08f410996172040d,FAIR1M-v1.0,6594__1024__0___0,80,crops/08f410996172040d.jpg,,,,
m4-v3-e6479d43f0b9,A,992,e1c76dad157e0070,FAIR1M-v1.0,15832__1024__0___0,37,crops/e1c76dad157e0070.jpg,,,,
m4-v3-e6479d43f0b9,A,993,bf372f3cc23e5529,FAIR1M-v1.0,11097__1024__0___0,100,crops/bf372f3cc23e5529.jpg,,,,
m4-v3-e6479d43f0b9,A,994,151bb5ae124b28a8,FAIR1M-v1.0,11329__1024__0___0,38,crops/151bb5ae124b28a8.jpg,,,,
m4-v3-e6479d43f0b9,A,995,c8cd294802d6cde2,SODA-A,00063__800__2400___1200,23,crops/c8cd294802d6cde2.jpg,,,,
m4-v3-e6479d43f0b9,A,996,416f9e496fbb2f9a,FAIR1M-v1.0,1465__1024__0___0,98,crops/416f9e496fbb2f9a.jpg,,,,
m4-v3-e6479d43f0b9,A,997,4e6910295e84cdd1,FAIR1M-v1.0,7__1024__0___824,9,crops/4e6910295e84cdd1.jpg,,,,
m4-v3-e6479d43f0b9,A,998,e5b15ffe5d55e3f4,FAIR1M-v1.0,7482__1024__0___0,34,crops/e5b15ffe5d55e3f4.jpg,,,,
m4-v3-e6479d43f0b9,A,999,38153dc8be349a37,FAIR1M-v1.0,4811__1024__0___0,5,crops/38153dc8be349a37.jpg,,,,
m4-v3-e6479d43f0b9,A,1000,c016d52deec0365d,FAIR1M-v1.0,11484__1024__0___0,52,crops/c016d52deec0365d.jpg,,,,
m4-v3-e6479d43f0b9,A,1001,197947d59206eef1,FAIR1M-v1.0,5242__1024__0___0,103,crops/197947d59206eef1.jpg,,,,
m4-v3-e6479d43f0b9,A,1002,ba0e65e077938454,DIOR-R,15974,15,crops/ba0e65e077938454.jpg,,,,
m4-v3-e6479d43f0b9,A,1003,b7f7cc54ef6b8af3,SODA-A,00198__800__2400___0,39,crops/b7f7cc54ef6b8af3.jpg,,,,
m4-v3-e6479d43f0b9,A,1004,ab6d1690b1ed918e,FAIR1M-v1.0,12297__1024__0___0,4,crops/ab6d1690b1ed918e.jpg,,,,
m4-v3-e6479d43f0b9,A,1005,27e6d503e8489967,DIOR-R,14298,39,crops/27e6d503e8489967.jpg,,,,
m4-v3-e6479d43f0b9,A,1006,b39df2ee9dc5e552,FAIR1M-v1.0,6643__1024__0___0,19,crops/b39df2ee9dc5e552.jpg,,,,
m4-v3-e6479d43f0b9,A,1007,d9d26d289ef634f9,SODA-A,00226__800__3600___1800,11,crops/d9d26d289ef634f9.jpg,,,,
m4-v3-e6479d43f0b9,A,1008,c8387ccee416def5,FAIR1M-v1.0,13703__1024__0___0,91,crops/c8387ccee416def5.jpg,,,,
m4-v3-e6479d43f0b9,A,1009,ca7bc476a29c8474,FAIR1M-v1.0,8783__1024__0___0,80,crops/ca7bc476a29c8474.jpg,,,,
m4-v3-e6479d43f0b9,A,1010,d1bdb04c4b9f182a,FAIR1M-v1.0,862__1024__0___0,222,crops/d1bdb04c4b9f182a.jpg,,,,
m4-v3-e6479d43f0b9,A,1011,aa38db51f39057c2,FAIR1M-v1.0,4202__1024__0___0,83,crops/aa38db51f39057c2.jpg,,,,
m4-v3-e6479d43f0b9,A,1012,ab1b8ffe06f2e591,FAIR1M-v1.0,1518__1024__0___0,39,crops/ab1b8ffe06f2e591.jpg,,,,
m4-v3-e6479d43f0b9,A,1013,fa169c4672a93488,SODA-A,01099__800__3955___600,72,crops/fa169c4672a93488.jpg,,,,
m4-v3-e6479d43f0b9,A,1014,0e32f801ec4375de,FAIR1M-v1.0,1135__1024__0___0,91,crops/0e32f801ec4375de.jpg,,,,
m4-v3-e6479d43f0b9,A,1015,06e785d13145782c,SODA-A,01552__800__0___1985,44,crops/06e785d13145782c.jpg,,,,
m4-v3-e6479d43f0b9,A,1016,af9975e61f3b6772,DIOR-R,21975,10,crops/af9975e61f3b6772.jpg,,,,
m4-v3-e6479d43f0b9,A,1017,7a59e74152b5f97f,DIOR-R,14359,3,crops/7a59e74152b5f97f.jpg,,,,
m4-v3-e6479d43f0b9,A,1018,c9a58591d176bdef,DIOR-R,19602,71,crops/c9a58591d176bdef.jpg,,,,
m4-v3-e6479d43f0b9,A,1019,40fb97a15ab27e8e,SODA-A,00867__800__3000___2045,1,crops/40fb97a15ab27e8e.jpg,,,,
m4-v3-e6479d43f0b9,A,1020,3b1284c879ffcfcf,DIOR-R,23351,0,crops/3b1284c879ffcfcf.jpg,,,,
m4-v3-e6479d43f0b9,A,1021,156110aeb098bfe2,SODA-A,00975__800__3000___1800,87,crops/156110aeb098bfe2.jpg,,,,
m4-v3-e6479d43f0b9,A,1022,2ac9b114b475cdcf,DIOR-R,23167,18,crops/2ac9b114b475cdcf.jpg,,,,
m4-v3-e6479d43f0b9,A,1023,494a716cd5c94c3b,SODA-A,01916__800__2400___1200,56,crops/494a716cd5c94c3b.jpg,,,,
m4-v3-e6479d43f0b9,A,1024,43ff74693d6f96b4,DIOR-R,15404,63,crops/43ff74693d6f96b4.jpg,,,,
m4-v3-e6479d43f0b9,A,1025,40d195521f35fa1f,FAIR1M-v1.0,2026__1024__0___0,1,crops/40d195521f35fa1f.jpg,,,,
m4-v3-e6479d43f0b9,A,1026,b69a8a9a02e9e529,SODA-A,00819__800__1800___600,3,crops/b69a8a9a02e9e529.jpg,,,,
m4-v3-e6479d43f0b9,A,1027,3804e62b5375c8b1,SODA-A,01786__800__4000___1944,0,crops/3804e62b5375c8b1.jpg,,,,
m4-v3-e6479d43f0b9,A,1028,8517e11f7c618062,FAIR1M-v1.0,6443__1024__0___0,8,crops/8517e11f7c618062.jpg,,,,
m4-v3-e6479d43f0b9,A,1029,5cfbeaead7ea269d,FAIR1M-v1.0,14626__1024__0___0,36,crops/5cfbeaead7ea269d.jpg,,,,
m4-v3-e6479d43f0b9,A,1030,b52286fa08534aa5,SODA-A,00198__800__3600___3000,91,crops/b52286fa08534aa5.jpg,,,,
m4-v3-e6479d43f0b9,A,1031,ea065be4d05ea2f7,FAIR1M-v1.0,4401__1024__0___0,7,crops/ea065be4d05ea2f7.jpg,,,,
m4-v3-e6479d43f0b9,A,1032,968cd85c7a881d91,DIOR-R,14012,15,crops/968cd85c7a881d91.jpg,,,,
m4-v3-e6479d43f0b9,A,1033,f089723f8160d109,SODA-A,00976__800__1200___0,100,crops/f089723f8160d109.jpg,,,,
m4-v3-e6479d43f0b9,A,1034,53dfb5ae40d4b46a,DIOR-R,18999,99,crops/53dfb5ae40d4b46a.jpg,,,,
m4-v3-e6479d43f0b9,A,1035,eeb364eb68b4f33a,SODA-A,00893__800__3600___600,64,crops/eeb364eb68b4f33a.jpg,,,,
m4-v3-e6479d43f0b9,A,1036,6a9ccf6a87090b46,SODA-A,01757__800__0___600,166,crops/6a9ccf6a87090b46.jpg,,,,
m4-v3-e6479d43f0b9,A,1037,69ae5cd97a84197a,FAIR1M-v1.0,479__1024__0___0,22,crops/69ae5cd97a84197a.jpg,,,,
m4-v3-e6479d43f0b9,A,1038,107b60235366545a,DIOR-R,13965,10,crops/107b60235366545a.jpg,,,,
m4-v3-e6479d43f0b9,A,1039,964285d30196c488,DIOR-R,18280,2,crops/964285d30196c488.jpg,,,,
m4-v3-e6479d43f0b9,A,1040,8d52e663324df8e8,FAIR1M-v1.0,15645__1024__0___0,100,crops/8d52e663324df8e8.jpg,,,,
m4-v3-e6479d43f0b9,A,1041,f00f9a7b09671122,SODA-A,01211__800__3600___600,58,crops/f00f9a7b09671122.jpg,,,,
m4-v3-e6479d43f0b9,A,1042,865b9f1cf3c1fb11,DIOR-R,22630,34,crops/865b9f1cf3c1fb11.jpg,,,,
m4-v3-e6479d43f0b9,A,1043,6067370ed7f26d67,FAIR1M-v1.0,14521__1024__0___0,110,crops/6067370ed7f26d67.jpg,,,,
m4-v3-e6479d43f0b9,A,1044,5d31a03858142835,DIOR-R,17345,65,crops/5d31a03858142835.jpg,,,,
m4-v3-e6479d43f0b9,A,1045,1fd73de8e1b87575,DIOR-R,21675,1,crops/1fd73de8e1b87575.jpg,,,,
m4-v3-e6479d43f0b9,A,1046,694006839393c911,DIOR-R,15670,80,crops/694006839393c911.jpg,,,,
m4-v3-e6479d43f0b9,A,1047,a43ba88bf26bbf8e,FAIR1M-v1.0,3831__1024__0___0,3,crops/a43ba88bf26bbf8e.jpg,,,,
m4-v3-e6479d43f0b9,A,1048,663ddd0d2b952bfd,FAIR1M-v1.0,16428__1024__0___0,60,crops/663ddd0d2b952bfd.jpg,,,,
m4-v3-e6479d43f0b9,A,1049,f2c8a4b09c851efe,FAIR1M-v1.0,1831__1024__0___0,1,crops/f2c8a4b09c851efe.jpg,,,,
m4-v3-e6479d43f0b9,A,1050,bc3d945611110382,DIOR-R,13148,6,crops/bc3d945611110382.jpg,,,,
m4-v3-e6479d43f0b9,A,1051,b6639428d9803c71,SODA-A,01449__800__1200___600,75,crops/b6639428d9803c71.jpg,,,,
m4-v3-e6479d43f0b9,A,1052,040d5c5cdb75a8ad,DIOR-R,20889,3,crops/040d5c5cdb75a8ad.jpg,,,,
m4-v3-e6479d43f0b9,A,1053,f3600368a280a92e,SODA-A,00550__800__1200___1944,21,crops/f3600368a280a92e.jpg,,,,
m4-v3-e6479d43f0b9,A,1054,16232ea75bad0024,SODA-A,02505__800__1200___600,12,crops/16232ea75bad0024.jpg,,,,
m4-v3-e6479d43f0b9,A,1055,6a2fed6b42691429,DIOR-R,21887,30,crops/6a2fed6b42691429.jpg,,,,
m4-v3-e6479d43f0b9,A,1056,b7592f4c7e69a3f1,SODA-A,00685__800__1800___1985,63,crops/b7592f4c7e69a3f1.jpg,,,,
m4-v3-e6479d43f0b9,A,1057,0478833091059316,FAIR1M-v1.0,7582__1024__0___0,69,crops/0478833091059316.jpg,,,,
m4-v3-e6479d43f0b9,A,1058,829a3afc69a9658a,DIOR-R,21558,2,crops/829a3afc69a9658a.jpg,,,,
m4-v3-e6479d43f0b9,A,1059,3bc2ea604e7d9e7b,SODA-A,00198__800__1200___3000,356,crops/3bc2ea604e7d9e7b.jpg,,,,
m4-v3-e6479d43f0b9,A,1060,a37942e1ffc4be5c,SODA-A,00201__800__1800___1200,32,crops/a37942e1ffc4be5c.jpg,,,,
m4-v3-e6479d43f0b9,A,1061,99fdf359ec262dcf,DIOR-R,16702,4,crops/99fdf359ec262dcf.jpg,,,,
m4-v3-e6479d43f0b9,A,1062,49512572d1faaf62,DIOR-R,22157,28,crops/49512572d1faaf62.jpg,,,,
m4-v3-e6479d43f0b9,A,1063,f7d7f87c6b66773c,FAIR1M-v1.0,7544__1024__0___0,4,crops/f7d7f87c6b66773c.jpg,,,,
m4-v3-e6479d43f0b9,A,1064,177f9b4293e25329,FAIR1M-v1.0,631__1024__0___0,141,crops/177f9b4293e25329.jpg,,,,
m4-v3-e6479d43f0b9,A,1065,0a6ecc7cae2f27ab,SODA-A,02325__800__1800___1200,3,crops/0a6ecc7cae2f27ab.jpg,,,,
m4-v3-e6479d43f0b9,A,1066,3bd67795e7909dfd,SODA-A,00205__800__2400___1200,14,crops/3bd67795e7909dfd.jpg,,,,
m4-v3-e6479d43f0b9,A,1067,634ed11dafe6881b,SODA-A,02424__800__0___600,12,crops/634ed11dafe6881b.jpg,,,,
m4-v3-e6479d43f0b9,A,1068,9b9c469257106872,DIOR-R,14920,2,crops/9b9c469257106872.jpg,,,,
m4-v3-e6479d43f0b9,A,1069,cfa6ce877bbe2532,SODA-A,00123__800__2400___600,11,crops/cfa6ce877bbe2532.jpg,,,,
m4-v3-e6479d43f0b9,A,1070,0bdd81d8c33e7cb7,FAIR1M-v1.0,238__1024__0___0,106,crops/0bdd81d8c33e7cb7.jpg,,,,
m4-v3-e6479d43f0b9,A,1071,37a83b951a9e2d45,FAIR1M-v1.0,11097__1024__0___0,81,crops/37a83b951a9e2d45.jpg,,,,
m4-v3-e6479d43f0b9,A,1072,7f21f37a6e7d6f24,FAIR1M-v1.0,2169__1024__0___0,7,crops/7f21f37a6e7d6f24.jpg,,,,
m4-v3-e6479d43f0b9,A,1073,5aed43c860585aef,SODA-A,00931__800__1800___1200,42,crops/5aed43c860585aef.jpg,,,,
m4-v3-e6479d43f0b9,A,1074,fbbdf92bf861d664,SODA-A,02114__800__3955___1985,416,crops/fbbdf92bf861d664.jpg,,,,
m4-v3-e6479d43f0b9,A,1075,3606209082b72269,SODA-A,01693__800__4000___1200,85,crops/3606209082b72269.jpg,,,,
m4-v3-e6479d43f0b9,A,1076,a54cb62796d7a960,SODA-A,00051__800__3600___1800,215,crops/a54cb62796d7a960.jpg,,,,
m4-v3-e6479d43f0b9,A,1077,aba88ff032184a4f,FAIR1M-v1.0,11512__1024__0___0,188,crops/aba88ff032184a4f.jpg,,,,
m4-v3-e6479d43f0b9,A,1078,b51b4fc3c4c1dc02,DIOR-R,12266,7,crops/b51b4fc3c4c1dc02.jpg,,,,
m4-v3-e6479d43f0b9,A,1079,9563dc7b3c57aced,FAIR1M-v1.0,11790__1024__976___976,16,crops/9563dc7b3c57aced.jpg,,,,
m4-v3-e6479d43f0b9,A,1080,3f0567f58caaa096,FAIR1M-v1.0,4015__1024__0___0,11,crops/3f0567f58caaa096.jpg,,,,
m4-v3-e6479d43f0b9,A,1081,5aba85149ac78918,SODA-A,00893__800__3889___1200,340,crops/5aba85149ac78918.jpg,,,,
m4-v3-e6479d43f0b9,A,1082,eab302794021e118,FAIR1M-v1.0,8199__1024__0___0,49,crops/eab302794021e118.jpg,,,,
m4-v3-e6479d43f0b9,A,1083,7df55110fe04fd39,SODA-A,00812__800__1800___600,22,crops/7df55110fe04fd39.jpg,,,,
m4-v3-e6479d43f0b9,A,1084,1748fa7e740ffec1,DIOR-R,13311,8,crops/1748fa7e740ffec1.jpg,,,,
m4-v3-e6479d43f0b9,A,1085,773627e9f94208ed,SODA-A,02135__800__3600___600,4,crops/773627e9f94208ed.jpg,,,,
m4-v3-e6479d43f0b9,A,1086,093230b0618021ef,SODA-A,00685__800__3600___0,1,crops/093230b0618021ef.jpg,,,,
m4-v3-e6479d43f0b9,A,1087,699b46d5626a7feb,DIOR-R,14842,10,crops/699b46d5626a7feb.jpg,,,,
m4-v3-e6479d43f0b9,A,1088,32b09df9c751109c,DIOR-R,23001,79,crops/32b09df9c751109c.jpg,,,,
m4-v3-e6479d43f0b9,A,1089,33954392327ffbbf,DIOR-R,11746,49,crops/33954392327ffbbf.jpg,,,,
m4-v3-e6479d43f0b9,A,1090,3a4a07d378b952ba,SODA-A,02135__800__3600___1800,46,crops/3a4a07d378b952ba.jpg,,,,
m4-v3-e6479d43f0b9,A,1091,c447c023a2c57d5d,DIOR-R,15945,4,crops/c447c023a2c57d5d.jpg,,,,
m4-v3-e6479d43f0b9,A,1092,324b9b944b7bf7be,DIOR-R,20748,29,crops/324b9b944b7bf7be.jpg,,,,
m4-v3-e6479d43f0b9,A,1093,b074f6874285b046,DIOR-R,15745,6,crops/b074f6874285b046.jpg,,,,
m4-v3-e6479d43f0b9,A,1094,c150855afb212257,DIOR-R,13157,2,crops/c150855afb212257.jpg,,,,
m4-v3-e6479d43f0b9,A,1095,5e8df7a369503313,DIOR-R,19960,124,crops/5e8df7a369503313.jpg,,,,
m4-v3-e6479d43f0b9,A,1096,4d3eb1c2aa3df22d,SODA-A,02135__800__3600___1800,48,crops/4d3eb1c2aa3df22d.jpg,,,,
m4-v3-e6479d43f0b9,A,1097,de90cb4b4416059a,DIOR-R,20145,0,crops/de90cb4b4416059a.jpg,,,,
m4-v3-e6479d43f0b9,A,1098,3eb2476395022d4c,SODA-A,00975__800__600___0,17,crops/3eb2476395022d4c.jpg,,,,
m4-v3-e6479d43f0b9,A,1099,288d818b5d6c0f9f,DIOR-R,19329,14,crops/288d818b5d6c0f9f.jpg,,,,
m4-v3-e6479d43f0b9,A,1100,2bd387d6b64035b8,FAIR1M-v1.0,12226__1024__0___0,30,crops/2bd387d6b64035b8.jpg,,,,
m4-v3-e6479d43f0b9,A,1101,192fb754af2a0279,FAIR1M-v1.0,346__1024__0___0,4,crops/192fb754af2a0279.jpg,,,,
m4-v3-e6479d43f0b9,A,1102,1bc54f9ef5654536,SODA-A,00257__800__2400___600,16,crops/1bc54f9ef5654536.jpg,,,,
m4-v3-e6479d43f0b9,A,1103,df4c53aa62154ff6,FAIR1M-v1.0,11428__1024__0___0,69,crops/df4c53aa62154ff6.jpg,,,,
m4-v3-e6479d43f0b9,A,1104,d717fc0cf94ac3f1,FAIR1M-v1.0,329__1024__0___0,13,crops/d717fc0cf94ac3f1.jpg,,,,
m4-v3-e6479d43f0b9,A,1105,0bd16e07b145d62d,DIOR-R,16961,18,crops/0bd16e07b145d62d.jpg,,,,
m4-v3-e6479d43f0b9,A,1106,d0452763faf8a17d,SODA-A,01502__800__1200___1200,31,crops/d0452763faf8a17d.jpg,,,,
m4-v3-e6479d43f0b9,A,1107,4564694fafae907a,DIOR-R,20794,26,crops/4564694fafae907a.jpg,,,,
m4-v3-e6479d43f0b9,A,1108,e87ca78b1e16d695,SODA-A,02071__800__3000___0,37,crops/e87ca78b1e16d695.jpg,,,,
m4-v3-e6479d43f0b9,A,1109,78116e4c02d80486,FAIR1M-v1.0,4282__1024__0___0,0,crops/78116e4c02d80486.jpg,,,,
m4-v3-e6479d43f0b9,A,1110,ad9734e140caed42,FAIR1M-v1.0,3136__1024__0___0,11,crops/ad9734e140caed42.jpg,,,,
m4-v3-e6479d43f0b9,A,1111,21457adb50febb95,DIOR-R,14087,15,crops/21457adb50febb95.jpg,,,,
m4-v3-e6479d43f0b9,A,1112,26e8b75d028d066b,SODA-A,02511__800__0___1200,49,crops/26e8b75d028d066b.jpg,,,,
m4-v3-e6479d43f0b9,A,1113,c73e58a8d640df1d,SODA-A,02024__800__1200___0,17,crops/c73e58a8d640df1d.jpg,,,,
m4-v3-e6479d43f0b9,A,1114,bb807117a5b968a7,SODA-A,01272__800__0___1800,24,crops/bb807117a5b968a7.jpg,,,,
m4-v3-e6479d43f0b9,A,1115,a3313b7127b35c53,DIOR-R,20376,1,crops/a3313b7127b35c53.jpg,,,,
m4-v3-e6479d43f0b9,A,1116,9faeea73f4bcdb39,FAIR1M-v1.0,1937__1024__0___0,145,crops/9faeea73f4bcdb39.jpg,,,,
m4-v3-e6479d43f0b9,A,1117,98d253854601680e,DIOR-R,18501,4,crops/98d253854601680e.jpg,,,,
m4-v3-e6479d43f0b9,A,1118,fab2521c6050a313,SODA-A,01764__800__3000___0,173,crops/fab2521c6050a313.jpg,,,,
m4-v3-e6479d43f0b9,A,1119,1d1eec9c52baed6c,DIOR-R,14615,3,crops/1d1eec9c52baed6c.jpg,,,,
m4-v3-e6479d43f0b9,A,1120,a9c210f892f500f4,DIOR-R,14454,22,crops/a9c210f892f500f4.jpg,,,,
m4-v3-e6479d43f0b9,A,1121,d6565b529c7115f7,FAIR1M-v1.0,12201__1024__0___0,159,crops/d6565b529c7115f7.jpg,,,,
m4-v3-e6479d43f0b9,A,1122,882736286d5514b8,FAIR1M-v1.0,14923__1024__0___0,80,crops/882736286d5514b8.jpg,,,,
m4-v3-e6479d43f0b9,A,1123,36a6322b1efb30c9,FAIR1M-v1.0,12226__1024__0___0,314,crops/36a6322b1efb30c9.jpg,,,,
m4-v3-e6479d43f0b9,A,1124,9138659658b630d4,FAIR1M-v1.0,2742__1024__0___0,0,crops/9138659658b630d4.jpg,,,,
m4-v3-e6479d43f0b9,A,1125,6da68bf34c562e90,SODA-A,01542__800__3600___1800,370,crops/6da68bf34c562e90.jpg,,,,
m4-v3-e6479d43f0b9,A,1126,1f9ea1d4412a7a35,DIOR-R,15276,10,crops/1f9ea1d4412a7a35.jpg,,,,
m4-v3-e6479d43f0b9,A,1127,e9b10a3ce020be1f,FAIR1M-v1.0,2541__1024__0___0,199,crops/e9b10a3ce020be1f.jpg,,,,
m4-v3-e6479d43f0b9,A,1128,fbf2dc8064da952f,FAIR1M-v1.0,3940__1024__0___0,0,crops/fbf2dc8064da952f.jpg,,,,
m4-v3-e6479d43f0b9,A,1129,02818b7c3265a68e,SODA-A,01099__800__3955___1985,404,crops/02818b7c3265a68e.jpg,,,,
m4-v3-e6479d43f0b9,A,1130,e92888d1b960890d,SODA-A,02294__800__600___1200,3,crops/e92888d1b960890d.jpg,,,,
m4-v3-e6479d43f0b9,A,1131,99a2985a95cb2574,DIOR-R,19804,36,crops/99a2985a95cb2574.jpg,,,,
m4-v3-e6479d43f0b9,A,1132,11defb30246f889f,SODA-A,02504__800__2400___0,36,crops/11defb30246f889f.jpg,,,,
m4-v3-e6479d43f0b9,A,1133,86db733a82358e86,DIOR-R,12715,31,crops/86db733a82358e86.jpg,,,,
m4-v3-e6479d43f0b9,A,1134,c325f2c0a3445b4e,SODA-A,02011__800__1800___600,8,crops/c325f2c0a3445b4e.jpg,,,,
m4-v3-e6479d43f0b9,A,1135,bf3f8d9e4b2ea467,DIOR-R,13335,8,crops/bf3f8d9e4b2ea467.jpg,,,,
m4-v3-e6479d43f0b9,A,1136,959704fb8a4503f3,SODA-A,00685__800__1800___0,22,crops/959704fb8a4503f3.jpg,,,,
m4-v3-e6479d43f0b9,A,1137,8e5142c19b9f51a5,DIOR-R,11747,0,crops/8e5142c19b9f51a5.jpg,,,,
m4-v3-e6479d43f0b9,A,1138,91ddc48577c5ff9e,FAIR1M-v1.0,10787__1024__0___0,30,crops/91ddc48577c5ff9e.jpg,,,,
m4-v3-e6479d43f0b9,A,1139,eb2b4e23b89daed5,FAIR1M-v1.0,4554__1024__0___0,11,crops/eb2b4e23b89daed5.jpg,,,,
m4-v3-e6479d43f0b9,A,1140,e27dfec3519adc65,SODA-A,01567__800__3955___1200,167,crops/e27dfec3519adc65.jpg,,,,
m4-v3-e6479d43f0b9,A,1141,b4198bcda58f7f96,FAIR1M-v1.0,9899__1024__0___0,29,crops/b4198bcda58f7f96.jpg,,,,
m4-v3-e6479d43f0b9,A,1142,d32ded742086354f,SODA-A,01879__800__600___1200,16,crops/d32ded742086354f.jpg,,,,
m4-v3-e6479d43f0b9,A,1143,e8a6912665dea1f6,FAIR1M-v1.0,2344__1024__0___0,15,crops/e8a6912665dea1f6.jpg,,,,
m4-v3-e6479d43f0b9,A,1144,93e099d85d11f02a,SODA-A,02114__800__3000___600,5,crops/93e099d85d11f02a.jpg,,,,
m4-v3-e6479d43f0b9,A,1145,0cb48d8509fe4100,FAIR1M-v1.0,1897__1024__0___0,2,crops/0cb48d8509fe4100.jpg,,,,
m4-v3-e6479d43f0b9,A,1146,0167b03231630e2f,DIOR-R,16321,1,crops/0167b03231630e2f.jpg,,,,
m4-v3-e6479d43f0b9,A,1147,46e088c777bd09e6,DIOR-R,12863,24,crops/46e088c777bd09e6.jpg,,,,
m4-v3-e6479d43f0b9,A,1148,0cbf5c319cad0f0b,DIOR-R,20893,25,crops/0cbf5c319cad0f0b.jpg,,,,
m4-v3-e6479d43f0b9,A,1149,3879289f1e30f2ca,DIOR-R,21478,4,crops/3879289f1e30f2ca.jpg,,,,
m4-v3-e6479d43f0b9,A,1150,736d7373ee6c08e5,DIOR-R,15656,72,crops/736d7373ee6c08e5.jpg,,,,
m4-v3-e6479d43f0b9,A,1151,90231b4b22380c3e,SODA-A,00832__800__3000___1800,7,crops/90231b4b22380c3e.jpg,,,,
m4-v3-e6479d43f0b9,A,1152,02c412af09d3f748,SODA-A,00820__800__1200___600,80,crops/02c412af09d3f748.jpg,,,,
m4-v3-e6479d43f0b9,A,1153,2966227c8a0053ea,DIOR-R,20178,1,crops/2966227c8a0053ea.jpg,,,,
m4-v3-e6479d43f0b9,A,1154,95496f30b5c0a33e,FAIR1M-v1.0,5650__1024__0___0,1,crops/95496f30b5c0a33e.jpg,,,,
m4-v3-e6479d43f0b9,A,1155,9d5018a6e8063a1c,FAIR1M-v1.0,14755__1024__0___0,185,crops/9d5018a6e8063a1c.jpg,,,,
m4-v3-e6479d43f0b9,A,1156,f9cff91fc38074f4,SODA-A,00849__800__2400___1203,241,crops/f9cff91fc38074f4.jpg,,,,
m4-v3-e6479d43f0b9,A,1157,120aec1c4c91812e,FAIR1M-v1.0,15493__1024__0___0,9,crops/120aec1c4c91812e.jpg,,,,
m4-v3-e6479d43f0b9,A,1158,52ab0acd2f19f80a,SODA-A,02022__800__4000___0,134,crops/52ab0acd2f19f80a.jpg,,,,
m4-v3-e6479d43f0b9,A,1159,2a41ba05f9233ab3,DIOR-R,22591,16,crops/2a41ba05f9233ab3.jpg,,,,
m4-v3-e6479d43f0b9,A,1160,68676ad36589584c,DIOR-R,20947,59,crops/68676ad36589584c.jpg,,,,
m4-v3-e6479d43f0b9,A,1161,a80f6cac05b5fcea,DIOR-R,13605,18,crops/a80f6cac05b5fcea.jpg,,,,
m4-v3-e6479d43f0b9,A,1162,0e474d2393abdac0,FAIR1M-v1.0,8880__1024__0___0,10,crops/0e474d2393abdac0.jpg,,,,
m4-v3-e6479d43f0b9,A,1163,163d43733201065c,SODA-A,00733__800__1200___600,27,crops/163d43733201065c.jpg,,,,
m4-v3-e6479d43f0b9,A,1164,2f209c8422019910,DIOR-R,13821,44,crops/2f209c8422019910.jpg,,,,
m4-v3-e6479d43f0b9,A,1165,263a33f49bd21f6b,SODA-A,00640__800__1800___1200,2,crops/263a33f49bd21f6b.jpg,,,,
m4-v3-e6479d43f0b9,A,1166,81308ed0058f5114,FAIR1M-v1.0,7719__1024__0___0,7,crops/81308ed0058f5114.jpg,,,,
m4-v3-e6479d43f0b9,A,1167,0206113e070c1b5c,DIOR-R,13107,28,crops/0206113e070c1b5c.jpg,,,,
m4-v3-e6479d43f0b9,A,1168,a25d8b1cd028da04,SODA-A,00226__800__2400___600,19,crops/a25d8b1cd028da04.jpg,,,,
m4-v3-e6479d43f0b9,A,1169,37882c27aa218afa,SODA-A,00849__800__2425___1200,575,crops/37882c27aa218afa.jpg,,,,
m4-v3-e6479d43f0b9,A,1170,2a11bca073321fa8,FAIR1M-v1.0,3198__1024__0___0,33,crops/2a11bca073321fa8.jpg,,,,
m4-v3-e6479d43f0b9,A,1171,fc5045dd9772e2e2,DIOR-R,16672,26,crops/fc5045dd9772e2e2.jpg,,,,
m4-v3-e6479d43f0b9,A,1172,146113697634782e,SODA-A,02114__800__3600___600,347,crops/146113697634782e.jpg,,,,
m4-v3-e6479d43f0b9,A,1173,83cb088ff9be7d6c,SODA-A,02152__800__0___0,451,crops/83cb088ff9be7d6c.jpg,,,,
m4-v3-e6479d43f0b9,A,1174,83e6c09bd367c01f,SODA-A,01795__800__1800___600,115,crops/83e6c09bd367c01f.jpg,,,,
m4-v3-e6479d43f0b9,A,1175,42e257a616269513,FAIR1M-v1.0,759__1024__0___0,18,crops/42e257a616269513.jpg,,,,
m4-v3-e6479d43f0b9,A,1176,45f4d5e24d33e4db,SODA-A,02061__800__3000___1200,147,crops/45f4d5e24d33e4db.jpg,,,,
m4-v3-e6479d43f0b9,A,1177,db48608c74c6068b,SODA-A,02114__800__1800___1200,242,crops/db48608c74c6068b.jpg,,,,
m4-v3-e6479d43f0b9,A,1178,9b151a971428a313,FAIR1M-v1.0,8225__1024__0___0,195,crops/9b151a971428a313.jpg,,,,
m4-v3-e6479d43f0b9,A,1179,db83058746b8128c,SODA-A,00257__800__600___1200,48,crops/db83058746b8128c.jpg,,,,
m4-v3-e6479d43f0b9,A,1180,20ea3ebadf81bc25,FAIR1M-v1.0,1087__1024__0___0,42,crops/20ea3ebadf81bc25.jpg,,,,
m4-v3-e6479d43f0b9,A,1181,92c849f42d72aaae,SODA-A,00855__800__3600___1985,312,crops/92c849f42d72aaae.jpg,,,,
m4-v3-e6479d43f0b9,A,1182,e2039700213f385f,DIOR-R,17001,23,crops/e2039700213f385f.jpg,,,,
m4-v3-e6479d43f0b9,A,1183,984d5b9f6f0d5236,SODA-A,02512__800__3000___600,181,crops/984d5b9f6f0d5236.jpg,,,,
m4-v3-e6479d43f0b9,A,1184,3fab56fa4e0c7c8f,DIOR-R,14135,2,crops/3fab56fa4e0c7c8f.jpg,,,,
m4-v3-e6479d43f0b9,A,1185,807b99eb9be9279b,DIOR-R,19476,2,crops/807b99eb9be9279b.jpg,,,,
m4-v3-e6479d43f0b9,A,1186,c14e7257b339d0b2,FAIR1M-v1.0,12607__1024__0___0,9,crops/c14e7257b339d0b2.jpg,,,,
m4-v3-e6479d43f0b9,A,1187,fb611adccd38b771,SODA-A,01786__800__3600___1800,2,crops/fb611adccd38b771.jpg,,,,
m4-v3-e6479d43f0b9,A,1188,82c4924261548150,SODA-A,01099__800__0___1985,80,crops/82c4924261548150.jpg,,,,
m4-v3-e6479d43f0b9,A,1189,533a300d84fea9a7,DIOR-R,21906,49,crops/533a300d84fea9a7.jpg,,,,
m4-v3-e6479d43f0b9,A,1190,2c886f392668d0b7,DIOR-R,13889,6,crops/2c886f392668d0b7.jpg,,,,
m4-v3-e6479d43f0b9,A,1191,f6cd92b2639f66fa,SODA-A,01449__800__2400___1985,5,crops/f6cd92b2639f66fa.jpg,,,,
m4-v3-e6479d43f0b9,A,1192,4b8fb2ecfa5f7944,FAIR1M-v1.0,376__1024__0___0,34,crops/4b8fb2ecfa5f7944.jpg,,,,
m4-v3-e6479d43f0b9,A,1193,c222674b10a879d6,DIOR-R,19665,2,crops/c222674b10a879d6.jpg,,,,
m4-v3-e6479d43f0b9,A,1194,1a3b1bd959889522,FAIR1M-v1.0,1577__1024__0___0,29,crops/1a3b1bd959889522.jpg,,,,
m4-v3-e6479d43f0b9,A,1195,7ac14ed326acd44c,FAIR1M-v1.0,2898__1024__0___0,40,crops/7ac14ed326acd44c.jpg,,,,
m4-v3-e6479d43f0b9,A,1196,1a37659819d0ba6a,DIOR-R,22813,3,crops/1a37659819d0ba6a.jpg,,,,
m4-v3-e6479d43f0b9,A,1197,751a55018748c305,FAIR1M-v1.0,8283__1024__0___0,29,crops/751a55018748c305.jpg,,,,
m4-v3-e6479d43f0b9,A,1198,298dd5f56ae1ad1f,DIOR-R,16678,1,crops/298dd5f56ae1ad1f.jpg,,,,
m4-v3-e6479d43f0b9,A,1199,5287a0b309b44a52,DIOR-R,21752,0,crops/5287a0b309b44a52.jpg,,,,
m4-v3-e6479d43f0b9,A,1200,a31230622c651540,SODA-A,00618__800__1200___1985,0,crops/a31230622c651540.jpg,,,,
m4-v3-e6479d43f0b9,A,1201,3e77e42e20134cea,DIOR-R,15508,1,crops/3e77e42e20134cea.jpg,,,,
m4-v3-e6479d43f0b9,A,1202,8be91e8e99593b9d,DIOR-R,17758,56,crops/8be91e8e99593b9d.jpg,,,,
m4-v3-e6479d43f0b9,A,1203,fb318a8ea9d116fb,SODA-A,02024__800__3901___600,42,crops/fb318a8ea9d116fb.jpg,,,,
m4-v3-e6479d43f0b9,A,1204,6a3a28697c1c47be,FAIR1M-v1.0,2636__1024__0___0,1,crops/6a3a28697c1c47be.jpg,,,,
m4-v3-e6479d43f0b9,A,1205,0bc4744d9cbd79c2,SODA-A,01419__800__3600___1944,4,crops/0bc4744d9cbd79c2.jpg,,,,
m4-v3-e6479d43f0b9,A,1206,adf3be66a825e576,FAIR1M-v1.0,5496__1024__0___0,45,crops/adf3be66a825e576.jpg,,,,
m4-v3-e6479d43f0b9,A,1207,9a9b369896982dc9,SODA-A,02107__800__600___1800,152,crops/9a9b369896982dc9.jpg,,,,
m4-v3-e6479d43f0b9,A,1208,2b87117a74226e29,FAIR1M-v1.0,11506__1024__824___976,15,crops/2b87117a74226e29.jpg,,,,
m4-v3-e6479d43f0b9,A,1209,f61b4b52cd6acaf3,DIOR-R,14868,37,crops/f61b4b52cd6acaf3.jpg,,,,
m4-v3-e6479d43f0b9,A,1210,805706f459321b1f,SODA-A,01542__800__3955___1800,8,crops/805706f459321b1f.jpg,,,,
m4-v3-e6479d43f0b9,A,1211,84b5e69e679eeb27,SODA-A,01995__800__3600___0,13,crops/84b5e69e679eeb27.jpg,,,,
m4-v3-e6479d43f0b9,A,1212,814019156d099f51,SODA-A,01331__800__1800___600,91,crops/814019156d099f51.jpg,,,,
m4-v3-e6479d43f0b9,A,1213,adcae9c6e040301c,FAIR1M-v1.0,13743__1024__0___0,100,crops/adcae9c6e040301c.jpg,,,,
m4-v3-e6479d43f0b9,A,1214,2effcce362d32bfb,DIOR-R,19879,42,crops/2effcce362d32bfb.jpg,,,,
m4-v3-e6479d43f0b9,A,1215,d4271ea74de4a195,SODA-A,01028__800__600___1800,166,crops/d4271ea74de4a195.jpg,,,,
m4-v3-e6479d43f0b9,A,1216,c2331deb4b0d8dbe,DIOR-R,16803,6,crops/c2331deb4b0d8dbe.jpg,,,,
m4-v3-e6479d43f0b9,A,1217,fae7e864a1858715,SODA-A,00202__800__1800___1800,146,crops/fae7e864a1858715.jpg,,,,
m4-v3-e6479d43f0b9,A,1218,e9aa2a06a31d5d39,DIOR-R,23373,4,crops/e9aa2a06a31d5d39.jpg,,,,
m4-v3-e6479d43f0b9,A,1219,642bfcf6fdaa7b7d,SODA-A,01816__800__3600___1200,115,crops/642bfcf6fdaa7b7d.jpg,,,,
m4-v3-e6479d43f0b9,A,1220,dc02150225901330,FAIR1M-v1.0,15211__1024__0___0,4,crops/dc02150225901330.jpg,,,,
m4-v3-e6479d43f0b9,A,1221,4aa211346a0b64c5,FAIR1M-v1.0,8983__1024__0___0,12,crops/4aa211346a0b64c5.jpg,,,,
m4-v3-e6479d43f0b9,A,1222,852e45a32b80e76b,FAIR1M-v1.0,9419__1024__0___0,21,crops/852e45a32b80e76b.jpg,,,,
m4-v3-e6479d43f0b9,A,1223,86532e3556278dea,DIOR-R,21819,12,crops/86532e3556278dea.jpg,,,,
m4-v3-e6479d43f0b9,A,1224,a3952bedb7c5067f,SODA-A,01600__800__1200___1800,88,crops/a3952bedb7c5067f.jpg,,,,
m4-v3-e6479d43f0b9,A,1225,75cc8a15ffd51659,DIOR-R,14459,111,crops/75cc8a15ffd51659.jpg,,,,
m4-v3-e6479d43f0b9,A,1226,a669b187737bc6d4,SODA-A,00063__800__1200___1200,12,crops/a669b187737bc6d4.jpg,,,,
m4-v3-e6479d43f0b9,A,1227,0f734a89cc7b0957,SODA-A,01885__800__4000___1800,78,crops/0f734a89cc7b0957.jpg,,,,
m4-v3-e6479d43f0b9,A,1228,30446a2d271e3cbf,FAIR1M-v1.0,15750__1024__0___0,3,crops/30446a2d271e3cbf.jpg,,,,
m4-v3-e6479d43f0b9,A,1229,33f63e93f4fedb23,FAIR1M-v1.0,10090__1024__0___0,3,crops/33f63e93f4fedb23.jpg,,,,
m4-v3-e6479d43f0b9,A,1230,bc1b887d7bcea65c,FAIR1M-v1.0,208__1024__0___0,137,crops/bc1b887d7bcea65c.jpg,,,,
m4-v3-e6479d43f0b9,A,1231,2a3a1df8033a8109,DIOR-R,16819,14,crops/2a3a1df8033a8109.jpg,,,,
m4-v3-e6479d43f0b9,A,1232,4b2a9d276b16da45,FAIR1M-v1.0,2443__1024__0___0,72,crops/4b2a9d276b16da45.jpg,,,,
m4-v3-e6479d43f0b9,A,1233,a19bdbe0b262029a,FAIR1M-v1.0,7420__1024__0___0,160,crops/a19bdbe0b262029a.jpg,,,,
m4-v3-e6479d43f0b9,A,1234,2b4f50e65e28be6e,FAIR1M-v1.0,15105__1024__0___0,199,crops/2b4f50e65e28be6e.jpg,,,,
m4-v3-e6479d43f0b9,A,1235,cf0f7b50559d0136,DIOR-R,15060,8,crops/cf0f7b50559d0136.jpg,,,,
m4-v3-e6479d43f0b9,A,1236,3bc9f4b50b015bc1,SODA-A,00502__800__4000___0,43,crops/3bc9f4b50b015bc1.jpg,,,,
m4-v3-e6479d43f0b9,A,1237,cd417bd105022d05,SODA-A,00867__800__1200___2045,62,crops/cd417bd105022d05.jpg,,,,
m4-v3-e6479d43f0b9,A,1238,c588b2f3e2d1160c,DIOR-R,15236,76,crops/c588b2f3e2d1160c.jpg,,,,
m4-v3-e6479d43f0b9,A,1239,2abc7dccb8c41c17,SODA-A,00201__800__3955___1800,13,crops/2abc7dccb8c41c17.jpg,,,,
m4-v3-e6479d43f0b9,A,1240,9faf399364166503,DIOR-R,20331,23,crops/9faf399364166503.jpg,,,,
m4-v3-e6479d43f0b9,A,1241,84fa0bef61b42a66,DIOR-R,18697,1,crops/84fa0bef61b42a66.jpg,,,,
m4-v3-e6479d43f0b9,A,1242,4f23d6b2c9723a55,DIOR-R,13584,3,crops/4f23d6b2c9723a55.jpg,,,,
m4-v3-e6479d43f0b9,A,1243,37b069f90cdabbf4,SODA-A,02082__800__3600___0,115,crops/37b069f90cdabbf4.jpg,,,,
m4-v3-e6479d43f0b9,A,1244,d3aafeb7389f655d,SODA-A,00123__800__1800___0,94,crops/d3aafeb7389f655d.jpg,,,,
m4-v3-e6479d43f0b9,A,1245,f11e1aab22b7188b,FAIR1M-v1.0,7864__1024__0___0,28,crops/f11e1aab22b7188b.jpg,,,,
m4-v3-e6479d43f0b9,A,1246,2c5d095dcf6edd0c,SODA-A,02022__800__600___0,1,crops/2c5d095dcf6edd0c.jpg,,,,
m4-v3-e6479d43f0b9,A,1247,de506eb01b0bcfb9,DIOR-R,18733,0,crops/de506eb01b0bcfb9.jpg,,,,
m4-v3-e6479d43f0b9,A,1248,d91452505f3d6c6d,SODA-A,01759__800__2400___1985,50,crops/d91452505f3d6c6d.jpg,,,,
m4-v3-e6479d43f0b9,A,1249,288f51ddbddbf5a7,DIOR-R,21380,7,crops/288f51ddbddbf5a7.jpg,,,,
m4-v3-e6479d43f0b9,A,1250,1e962fc8caf34e64,DIOR-R,22312,4,crops/1e962fc8caf34e64.jpg,,,,
m4-v3-e6479d43f0b9,A,1251,4f3c434881c5d57f,FAIR1M-v1.0,5121__1024__0___0,5,crops/4f3c434881c5d57f.jpg,,,,
m4-v3-e6479d43f0b9,A,1252,d5940ee9965544c8,FAIR1M-v1.0,4957__1024__0___0,123,crops/d5940ee9965544c8.jpg,,,,
m4-v3-e6479d43f0b9,A,1253,ddc9c09551ed6b1a,DIOR-R,21540,0,crops/ddc9c09551ed6b1a.jpg,,,,
m4-v3-e6479d43f0b9,A,1254,5fdc6b964ef92b44,DIOR-R,19090,0,crops/5fdc6b964ef92b44.jpg,,,,
m4-v3-e6479d43f0b9,A,1255,77f7df11ebac5a71,SODA-A,01780__800__2400___600,30,crops/77f7df11ebac5a71.jpg,,,,
m4-v3-e6479d43f0b9,A,1256,4e9073d83bb188d9,DIOR-R,17526,87,crops/4e9073d83bb188d9.jpg,,,,
m4-v3-e6479d43f0b9,A,1257,1fb12cbfe6de5a6a,SODA-A,01331__800__4000___600,102,crops/1fb12cbfe6de5a6a.jpg,,,,
m4-v3-e6479d43f0b9,A,1258,c7c145daeb44fcbe,FAIR1M-v1.0,7399__1024__0___0,0,crops/c7c145daeb44fcbe.jpg,,,,
m4-v3-e6479d43f0b9,A,1259,f27640677785eff7,SODA-A,00855__800__3600___1200,53,crops/f27640677785eff7.jpg,,,,
m4-v3-e6479d43f0b9,A,1260,75bb3e526e64744e,SODA-A,00855__800__1200___1800,1,crops/75bb3e526e64744e.jpg,,,,
m4-v3-e6479d43f0b9,A,1261,a45dbf103c61a335,DIOR-R,19273,88,crops/a45dbf103c61a335.jpg,,,,
m4-v3-e6479d43f0b9,A,1262,7060ce24cc77299a,FAIR1M-v1.0,8488__1024__0___0,243,crops/7060ce24cc77299a.jpg,,,,
m4-v3-e6479d43f0b9,A,1263,3070f2ae52abf773,FAIR1M-v1.0,13238__1024__0___0,4,crops/3070f2ae52abf773.jpg,,,,
m4-v3-e6479d43f0b9,A,1264,33c84656746f4079,DIOR-R,17999,0,crops/33c84656746f4079.jpg,,,,
m4-v3-e6479d43f0b9,A,1265,b09429b2609a151b,DIOR-R,15782,75,crops/b09429b2609a151b.jpg,,,,
m4-v3-e6479d43f0b9,A,1266,9199b03ff3a3b3f4,FAIR1M-v1.0,1726__1024__0___0,42,crops/9199b03ff3a3b3f4.jpg,,,,
m4-v3-e6479d43f0b9,A,1267,9cbeec419f3af8fa,FAIR1M-v1.0,1041__1024__0___0,102,crops/9cbeec419f3af8fa.jpg,,,,
m4-v3-e6479d43f0b9,A,1268,5a49d9f508208d8e,DIOR-R,12014,9,crops/5a49d9f508208d8e.jpg,,,,
m4-v3-e6479d43f0b9,A,1269,5176caff7b23e6df,FAIR1M-v1.0,1577__1024__0___0,42,crops/5176caff7b23e6df.jpg,,,,
m4-v3-e6479d43f0b9,A,1270,c5727805654c8db9,SODA-A,02231__800__3600___0,128,crops/c5727805654c8db9.jpg,,,,
m4-v3-e6479d43f0b9,A,1271,cd70cec0d14bc208,FAIR1M-v1.0,13445__1024__0___0,22,crops/cd70cec0d14bc208.jpg,,,,
m4-v3-e6479d43f0b9,A,1272,f2d6ad4a664dc379,DIOR-R,12379,6,crops/f2d6ad4a664dc379.jpg,,,,
m4-v3-e6479d43f0b9,A,1273,f882e7245f614fb1,DIOR-R,11866,6,crops/f882e7245f614fb1.jpg,,,,
m4-v3-e6479d43f0b9,A,1274,ce742a7d89faf3d8,FAIR1M-v1.0,15565__1024__0___0,0,crops/ce742a7d89faf3d8.jpg,,,,
m4-v3-e6479d43f0b9,A,1275,e1edb9b0d048ee0e,FAIR1M-v1.0,14205__1024__0___0,17,crops/e1edb9b0d048ee0e.jpg,,,,
m4-v3-e6479d43f0b9,A,1276,c8f1eeb1ae855f7b,FAIR1M-v1.0,9256__1024__0___0,98,crops/c8f1eeb1ae855f7b.jpg,,,,
m4-v3-e6479d43f0b9,A,1277,997154036aeffaf2,FAIR1M-v1.0,13439__1024__824___0,7,crops/997154036aeffaf2.jpg,,,,
m4-v3-e6479d43f0b9,A,1278,c73486457bd0db73,FAIR1M-v1.0,2587__1024__0___0,199,crops/c73486457bd0db73.jpg,,,,
m4-v3-e6479d43f0b9,A,1279,367ca1593780999e,SODA-A,00867__800__3000___1800,27,crops/367ca1593780999e.jpg,,,,
m4-v3-e6479d43f0b9,A,1280,1dbdf4d480ae0708,DIOR-R,20250,20,crops/1dbdf4d480ae0708.jpg,,,,
m4-v3-e6479d43f0b9,A,1281,35c2702cdbfcac43,DIOR-R,23158,20,crops/35c2702cdbfcac43.jpg,,,,
m4-v3-e6479d43f0b9,A,1282,3cc88ca4aabe17e3,SODA-A,02505__800__600___600,1,crops/3cc88ca4aabe17e3.jpg,,,,
m4-v3-e6479d43f0b9,A,1283,d2c9b3fd6e29a254,SODA-A,01812__800__1800___1800,4,crops/d2c9b3fd6e29a254.jpg,,,,
m4-v3-e6479d43f0b9,A,1284,c4fd2576d00567e1,DIOR-R,17618,13,crops/c4fd2576d00567e1.jpg,,,,
m4-v3-e6479d43f0b9,A,1285,d544a892c3b29d96,FAIR1M-v1.0,344__1024__0___0,104,crops/d544a892c3b29d96.jpg,,,,
m4-v3-e6479d43f0b9,A,1286,87b8e2e269e87130,DIOR-R,14777,18,crops/87b8e2e269e87130.jpg,,,,
m4-v3-e6479d43f0b9,A,1287,45ae7bf39c2a86c3,DIOR-R,13732,17,crops/45ae7bf39c2a86c3.jpg,,,,
m4-v3-e6479d43f0b9,A,1288,7e2c0edcd50b89d5,DIOR-R,17843,3,crops/7e2c0edcd50b89d5.jpg,,,,
m4-v3-e6479d43f0b9,A,1289,b7fd776a0400be67,DIOR-R,18666,0,crops/b7fd776a0400be67.jpg,,,,
m4-v3-e6479d43f0b9,A,1290,6d12a5e864a204c4,DIOR-R,15437,57,crops/6d12a5e864a204c4.jpg,,,,
m4-v3-e6479d43f0b9,A,1291,b197251750b2678a,SODA-A,02286__800__3000___1800,3,crops/b197251750b2678a.jpg,,,,
m4-v3-e6479d43f0b9,A,1292,ec1872e33b6cadc5,FAIR1M-v1.0,9146__1024__0___0,308,crops/ec1872e33b6cadc5.jpg,,,,
m4-v3-e6479d43f0b9,A,1293,345a015c596cc516,FAIR1M-v1.0,4626__1024__0___0,0,crops/345a015c596cc516.jpg,,,,
m4-v3-e6479d43f0b9,A,1294,925056f74b1b6584,DIOR-R,13925,0,crops/925056f74b1b6584.jpg,,,,
m4-v3-e6479d43f0b9,A,1295,67d1358654249942,FAIR1M-v1.0,4170__1024__0___0,30,crops/67d1358654249942.jpg,,,,
m4-v3-e6479d43f0b9,A,1296,bbaca06bec7736ce,FAIR1M-v1.0,1416__1024__0___0,17,crops/bbaca06bec7736ce.jpg,,,,
m4-v3-e6479d43f0b9,A,1297,daf1ad6d73b80856,FAIR1M-v1.0,978__1024__0___0,87,crops/daf1ad6d73b80856.jpg,,,,
m4-v3-e6479d43f0b9,A,1298,4bb2e82e9f09a66c,SODA-A,00384__800__0___1985,2,crops/4bb2e82e9f09a66c.jpg,,,,
m4-v3-e6479d43f0b9,A,1299,54e0499f95afd643,DIOR-R,20861,0,crops/54e0499f95afd643.jpg,,,,
m4-v3-e6479d43f0b9,A,1300,409c205934284ab6,FAIR1M-v1.0,14794__1024__0___0,224,crops/409c205934284ab6.jpg,,,,
m4-v3-e6479d43f0b9,A,1301,7ce71cbb2dcf0a4f,DIOR-R,23451,2,crops/7ce71cbb2dcf0a4f.jpg,,,,
m4-v3-e6479d43f0b9,A,1302,ef6d9efc790c13f7,SODA-A,00190__800__4000___0,256,crops/ef6d9efc790c13f7.jpg,,,,
m4-v3-e6479d43f0b9,A,1303,89ba663026c60a7f,DIOR-R,12545,12,crops/89ba663026c60a7f.jpg,,,,
m4-v3-e6479d43f0b9,A,1304,4e66fe3b1c1e9825,FAIR1M-v1.0,14174__1024__0___0,91,crops/4e66fe3b1c1e9825.jpg,,,,
m4-v3-e6479d43f0b9,A,1305,4cf3038969749ecf,DIOR-R,16321,3,crops/4cf3038969749ecf.jpg,,,,
m4-v3-e6479d43f0b9,A,1306,c16bd360139c6868,FAIR1M-v1.0,13965__1024__0___0,7,crops/c16bd360139c6868.jpg,,,,
m4-v3-e6479d43f0b9,A,1307,0c951c4cb67cab3c,FAIR1M-v1.0,13104__1024__0___0,85,crops/0c951c4cb67cab3c.jpg,,,,
m4-v3-e6479d43f0b9,A,1308,6cfa0a01b26444ca,SODA-A,01319__800__2400___600,9,crops/6cfa0a01b26444ca.jpg,,,,
m4-v3-e6479d43f0b9,A,1309,672db26c5aee7c6c,SODA-A,01631__800__3600___1985,30,crops/672db26c5aee7c6c.jpg,,,,
m4-v3-e6479d43f0b9,A,1310,ef5d83e9cb6283ea,DIOR-R,20028,16,crops/ef5d83e9cb6283ea.jpg,,,,
m4-v3-e6479d43f0b9,A,1311,e5629ce928bbbad1,FAIR1M-v1.0,13822__1024__0___0,6,crops/e5629ce928bbbad1.jpg,,,,
m4-v3-e6479d43f0b9,A,1312,839007d7ae7eada7,FAIR1M-v1.0,5297__1024__0___0,9,crops/839007d7ae7eada7.jpg,,,,
m4-v3-e6479d43f0b9,A,1313,574739e017a53b81,FAIR1M-v1.0,12328__1024__0___0,13,crops/574739e017a53b81.jpg,,,,
m4-v3-e6479d43f0b9,A,1314,1c634a0497c6fe3f,FAIR1M-v1.0,1536__1024__0___0,207,crops/1c634a0497c6fe3f.jpg,,,,
m4-v3-e6479d43f0b9,A,1315,40ecabc841b73bd9,FAIR1M-v1.0,3281__1024__0___0,45,crops/40ecabc841b73bd9.jpg,,,,
m4-v3-e6479d43f0b9,A,1316,96dca9fde4df4e3b,FAIR1M-v1.0,5121__1024__0___0,21,crops/96dca9fde4df4e3b.jpg,,,,
m4-v3-e6479d43f0b9,A,1317,d452cf2a348cbe92,DIOR-R,23367,50,crops/d452cf2a348cbe92.jpg,,,,
m4-v3-e6479d43f0b9,A,1318,b63fcacbf4d7618a,SODA-A,00231__800__0___600,177,crops/b63fcacbf4d7618a.jpg,,,,
m4-v3-e6479d43f0b9,A,1319,2f9cbf4230e1161b,SODA-A,00967__800__3600___0,46,crops/2f9cbf4230e1161b.jpg,,,,
m4-v3-e6479d43f0b9,A,1320,e4d17c76f4dae12a,FAIR1M-v1.0,13828__1024__0___0,289,crops/e4d17c76f4dae12a.jpg,,,,
m4-v3-e6479d43f0b9,A,1321,ff15527dbb7a2eef,SODA-A,01147__800__600___1200,1,crops/ff15527dbb7a2eef.jpg,,,,
m4-v3-e6479d43f0b9,A,1322,ad1ec4f8ab8e3fdc,DIOR-R,13103,145,crops/ad1ec4f8ab8e3fdc.jpg,,,,
m4-v3-e6479d43f0b9,A,1323,4f361d469e6c3410,DIOR-R,21314,2,crops/4f361d469e6c3410.jpg,,,,
m4-v3-e6479d43f0b9,A,1324,e02d6626ec129ea1,SODA-A,01885__800__3600___2045,12,crops/e02d6626ec129ea1.jpg,,,,
m4-v3-e6479d43f0b9,A,1325,5c164203da5c13c0,FAIR1M-v1.0,12547__1024__0___0,7,crops/5c164203da5c13c0.jpg,,,,
m4-v3-e6479d43f0b9,A,1326,3274399547b0268b,SODA-A,00614__800__1800___0,12,crops/3274399547b0268b.jpg,,,,
m4-v3-e6479d43f0b9,A,1327,7b6727eb1343ba4f,FAIR1M-v1.0,4618__1024__0___0,254,crops/7b6727eb1343ba4f.jpg,,,,
m4-v3-e6479d43f0b9,A,1328,c724e5dec82ecb7e,SODA-A,01407__800__1200___1800,17,crops/c724e5dec82ecb7e.jpg,,,,
m4-v3-e6479d43f0b9,A,1329,cbe0a7a1fddb5d73,SODA-A,01693__800__1800___1800,43,crops/cbe0a7a1fddb5d73.jpg,,,,
m4-v3-e6479d43f0b9,A,1330,03fadd472c1eeafd,SODA-A,01285__800__600___1968,0,crops/03fadd472c1eeafd.jpg,,,,
m4-v3-e6479d43f0b9,A,1331,08a7efda2a2b21b5,FAIR1M-v1.0,2392__1024__0___0,73,crops/08a7efda2a2b21b5.jpg,,,,
m4-v3-e6479d43f0b9,A,1332,908617d6f1763601,DIOR-R,14868,38,crops/908617d6f1763601.jpg,,,,
m4-v3-e6479d43f0b9,A,1333,3b3a64136eecf34f,FAIR1M-v1.0,3147__1024__0___0,3,crops/3b3a64136eecf34f.jpg,,,,
m4-v3-e6479d43f0b9,A,1334,54de968e6da39544,SODA-A,01305__800__600___1200,28,crops/54de968e6da39544.jpg,,,,
m4-v3-e6479d43f0b9,A,1335,be823328005111e7,FAIR1M-v1.0,6573__1024__0___0,16,crops/be823328005111e7.jpg,,,,
m4-v3-e6479d43f0b9,A,1336,91c7635cb943270c,DIOR-R,16406,36,crops/91c7635cb943270c.jpg,,,,
m4-v3-e6479d43f0b9,A,1337,572435f0f7f67ee6,SODA-A,02071__800__3000___1987,10,crops/572435f0f7f67ee6.jpg,,,,
m4-v3-e6479d43f0b9,A,1338,afe8ec504af90e32,SODA-A,01509__800__0___1800,66,crops/afe8ec504af90e32.jpg,,,,
m4-v3-e6479d43f0b9,A,1339,f80adabc5f7a2106,SODA-A,01251__800__600___2046,166,crops/f80adabc5f7a2106.jpg,,,,
m4-v3-e6479d43f0b9,A,1340,320b6a01156fb505,DIOR-R,11955,10,crops/320b6a01156fb505.jpg,,,,
m4-v3-e6479d43f0b9,A,1341,6185e5cf12343f98,SODA-A,02227__800__3000___1200,58,crops/6185e5cf12343f98.jpg,,,,
m4-v3-e6479d43f0b9,A,1342,b6b95a29c29f9472,FAIR1M-v1.0,8716__1024__0___0,474,crops/b6b95a29c29f9472.jpg,,,,
m4-v3-e6479d43f0b9,A,1343,10b16d21a8ab6ac1,SODA-A,00152__800__600___1800,75,crops/10b16d21a8ab6ac1.jpg,,,,
m4-v3-e6479d43f0b9,A,1344,bb2d3e793ea39de0,FAIR1M-v1.0,1207__1024__476___476,30,crops/bb2d3e793ea39de0.jpg,,,,
m4-v3-e6479d43f0b9,A,1345,c2c8b4d516f0369f,SODA-A,01447__800__1200___1800,12,crops/c2c8b4d516f0369f.jpg,,,,
m4-v3-e6479d43f0b9,A,1346,840cb4d8b0f1330f,DIOR-R,18357,11,crops/840cb4d8b0f1330f.jpg,,,,
m4-v3-e6479d43f0b9,A,1347,ed39c0bea4c8e8d8,DIOR-R,11916,0,crops/ed39c0bea4c8e8d8.jpg,,,,
m4-v3-e6479d43f0b9,A,1348,7c74cc46443a6209,FAIR1M-v1.0,7039__1024__0___0,3,crops/7c74cc46443a6209.jpg,,,,
m4-v3-e6479d43f0b9,A,1349,89467b835d3e4fde,FAIR1M-v1.0,267__1024__0___0,29,crops/89467b835d3e4fde.jpg,,,,
m4-v3-e6479d43f0b9,A,1350,7e0aa49c1ef008a2,SODA-A,01251__800__600___0,143,crops/7e0aa49c1ef008a2.jpg,,,,
m4-v3-e6479d43f0b9,A,1351,cc86908a59bb0fd3,FAIR1M-v1.0,9610__1024__0___0,18,crops/cc86908a59bb0fd3.jpg,,,,
m4-v3-e6479d43f0b9,A,1352,fdcbd70cde4d6243,DIOR-R,13590,6,crops/fdcbd70cde4d6243.jpg,,,,
m4-v3-e6479d43f0b9,A,1353,5b7baf27cd87e21d,DIOR-R,21388,19,crops/5b7baf27cd87e21d.jpg,,,,
m4-v3-e6479d43f0b9,A,1354,197c5c28d083a2fc,SODA-A,00044__800__0___1200,64,crops/197c5c28d083a2fc.jpg,,,,
m4-v3-e6479d43f0b9,A,1355,9cb64eb5417d0bcc,SODA-A,00199__800__600___1985,26,crops/9cb64eb5417d0bcc.jpg,,,,
m4-v3-e6479d43f0b9,A,1356,83f702daca41a061,FAIR1M-v1.0,4292__1024__0___0,5,crops/83f702daca41a061.jpg,,,,
m4-v3-e6479d43f0b9,A,1357,5963cc30df325256,DIOR-R,12406,5,crops/5963cc30df325256.jpg,,,,
m4-v3-e6479d43f0b9,A,1358,9c1e9f6a11a5d8d2,SODA-A,02491__800__0___1985,1,crops/9c1e9f6a11a5d8d2.jpg,,,,
m4-v3-e6479d43f0b9,A,1359,7399d5684dd06bad,FAIR1M-v1.0,4979__1024__0___0,33,crops/7399d5684dd06bad.jpg,,,,
m4-v3-e6479d43f0b9,A,1360,ec4e635defc85042,DIOR-R,20500,14,crops/ec4e635defc85042.jpg,,,,
m4-v3-e6479d43f0b9,A,1361,37f8cd9bb1920132,FAIR1M-v1.0,556__1024__0___0,11,crops/37f8cd9bb1920132.jpg,,,,
m4-v3-e6479d43f0b9,A,1362,249b60a5ece8642d,DIOR-R,21352,23,crops/249b60a5ece8642d.jpg,,,,
m4-v3-e6479d43f0b9,A,1363,a005b156d94c274a,DIOR-R,21372,3,crops/a005b156d94c274a.jpg,,,,
m4-v3-e6479d43f0b9,A,1364,d0b3692d4f9f23ad,FAIR1M-v1.0,14218__1024__0___0,25,crops/d0b3692d4f9f23ad.jpg,,,,
m4-v3-e6479d43f0b9,A,1365,92aaacdf49c5a0df,DIOR-R,20903,27,crops/92aaacdf49c5a0df.jpg,,,,
m4-v3-e6479d43f0b9,A,1366,4f9df17fa135e303,SODA-A,01677__800__0___600,122,crops/4f9df17fa135e303.jpg,,,,
m4-v3-e6479d43f0b9,A,1367,22aa49a6b77fee78,DIOR-R,19273,75,crops/22aa49a6b77fee78.jpg,,,,
m4-v3-e6479d43f0b9,A,1368,1a52dc59ee7b2735,FAIR1M-v1.0,8513__1024__0___0,19,crops/1a52dc59ee7b2735.jpg,,,,
m4-v3-e6479d43f0b9,A,1369,dc1a6bf3723d71a7,SODA-A,01028__800__3600___600,72,crops/dc1a6bf3723d71a7.jpg,,,,
m4-v3-e6479d43f0b9,A,1370,10c549b71db23a19,DIOR-R,13697,2,crops/10c549b71db23a19.jpg,,,,
m4-v3-e6479d43f0b9,A,1371,332d901344820ba3,FAIR1M-v1.0,6232__1024__0___0,192,crops/332d901344820ba3.jpg,,,,
m4-v3-e6479d43f0b9,A,1372,6c81d93188a08bdb,FAIR1M-v1.0,3312__1024__0___0,282,crops/6c81d93188a08bdb.jpg,,,,
m4-v3-e6479d43f0b9,A,1373,5604abec2ee2d342,DIOR-R,21340,9,crops/5604abec2ee2d342.jpg,,,,
m4-v3-e6479d43f0b9,A,1374,c97e6bac86322c6d,FAIR1M-v1.0,12150__1024__0___0,4,crops/c97e6bac86322c6d.jpg,,,,
m4-v3-e6479d43f0b9,A,1375,24377be9e3022a5b,SODA-A,01331__800__1200___1800,35,crops/24377be9e3022a5b.jpg,,,,
m4-v3-e6479d43f0b9,A,1376,120f033342a21f36,FAIR1M-v1.0,287__1024__0___0,289,crops/120f033342a21f36.jpg,,,,
m4-v3-e6479d43f0b9,A,1377,e02781046ff3409d,DIOR-R,13684,0,crops/e02781046ff3409d.jpg,,,,
m4-v3-e6479d43f0b9,A,1378,202bc18d45d9bf01,DIOR-R,22840,5,crops/202bc18d45d9bf01.jpg,,,,
m4-v3-e6479d43f0b9,A,1379,9c1f3a7ac31ecf3c,DIOR-R,18927,1,crops/9c1f3a7ac31ecf3c.jpg,,,,
m4-v3-e6479d43f0b9,A,1380,92c4e4e838703734,SODA-A,00198__800__600___0,73,crops/92c4e4e838703734.jpg,,,,
m4-v3-e6479d43f0b9,A,1381,dcbaea554b738006,FAIR1M-v1.0,16282__1024__0___0,31,crops/dcbaea554b738006.jpg,,,,
m4-v3-e6479d43f0b9,A,1382,024b59a6a515a9de,FAIR1M-v1.0,1650__1024__0___0,90,crops/024b59a6a515a9de.jpg,,,,
m4-v3-e6479d43f0b9,A,1383,22df441a1592a226,DIOR-R,21673,1,crops/22df441a1592a226.jpg,,,,
m4-v3-e6479d43f0b9,A,1384,0022a02f8b3f9bbc,SODA-A,01552__800__600___1800,13,crops/0022a02f8b3f9bbc.jpg,,,,
m4-v3-e6479d43f0b9,A,1385,2b64e0357a91791c,DIOR-R,18802,3,crops/2b64e0357a91791c.jpg,,,,
m4-v3-e6479d43f0b9,A,1386,3ed3046d6850745e,SODA-A,02231__800__600___2027,13,crops/3ed3046d6850745e.jpg,,,,
m4-v3-e6479d43f0b9,A,1387,27c93151573431b5,DIOR-R,12978,26,crops/27c93151573431b5.jpg,,,,
m4-v3-e6479d43f0b9,A,1388,034faf734f0393c8,SODA-A,01693__800__2400___600,45,crops/034faf734f0393c8.jpg,,,,
m4-v3-e6479d43f0b9,A,1389,55e9c93059cd3d13,DIOR-R,18203,13,crops/55e9c93059cd3d13.jpg,,,,
m4-v3-e6479d43f0b9,A,1390,5a4ef0baf0a6e28a,SODA-A,01509__800__600___1944,18,crops/5a4ef0baf0a6e28a.jpg,,,,
m4-v3-e6479d43f0b9,A,1391,aeeea065b4056f9e,FAIR1M-v1.0,2178__1024__0___0,17,crops/aeeea065b4056f9e.jpg,,,,
m4-v3-e6479d43f0b9,A,1392,2c49743b09b62512,DIOR-R,11942,19,crops/2c49743b09b62512.jpg,,,,
m4-v3-e6479d43f0b9,A,1393,aa75e7e4663473d5,FAIR1M-v1.0,1412__1024__0___476,27,crops/aa75e7e4663473d5.jpg,,,,
m4-v3-e6479d43f0b9,A,1394,9a3e9b8b1272ef83,SODA-A,00120__800__2400___0,162,crops/9a3e9b8b1272ef83.jpg,,,,
m4-v3-e6479d43f0b9,A,1395,b7d52cf52b84be21,DIOR-R,14168,1,crops/b7d52cf52b84be21.jpg,,,,
m4-v3-e6479d43f0b9,A,1396,c5d3739c5d2e3840,SODA-A,02289__800__1200___600,336,crops/c5d3739c5d2e3840.jpg,,,,
m4-v3-e6479d43f0b9,A,1397,fcd07e3af569b8d3,SODA-A,01482__800__1800___600,2,crops/fcd07e3af569b8d3.jpg,,,,
m4-v3-e6479d43f0b9,A,1398,3c90a6fc52ec6b07,FAIR1M-v1.0,12421__1024__0___0,0,crops/3c90a6fc52ec6b07.jpg,,,,
m4-v3-e6479d43f0b9,A,1399,3d353aa1438bec2d,SODA-A,00226__800__3000___0,0,crops/3d353aa1438bec2d.jpg,,,,
m4-v3-e6479d43f0b9,A,1400,c4d20ad458504721,FAIR1M-v1.0,10663__1024__0___0,22,crops/c4d20ad458504721.jpg,,,,
m4-v3-e6479d43f0b9,A,1401,fddc0a340fccefaf,FAIR1M-v1.0,1993__1024__0___0,80,crops/fddc0a340fccefaf.jpg,,,,
m4-v3-e6479d43f0b9,A,1402,79382b79333a4275,SODA-A,00568__800__2400___1800,25,crops/79382b79333a4275.jpg,,,,
m4-v3-e6479d43f0b9,A,1403,5b345de9fd2ecc2b,DIOR-R,12118,49,crops/5b345de9fd2ecc2b.jpg,,,,
m4-v3-e6479d43f0b9,A,1404,d0b3699883b9fa7c,SODA-A,02024__800__0___1200,69,crops/d0b3699883b9fa7c.jpg,,,,
m4-v3-e6479d43f0b9,A,1405,ec815eecd4e1239d,FAIR1M-v1.0,9256__1024__0___0,212,crops/ec815eecd4e1239d.jpg,,,,
m4-v3-e6479d43f0b9,A,1406,be3077324d27eff3,SODA-A,01759__800__3000___1985,81,crops/be3077324d27eff3.jpg,,,,
m4-v3-e6479d43f0b9,A,1407,f1ccddd0caaa7ea8,SODA-A,01939__800__0___1985,15,crops/f1ccddd0caaa7ea8.jpg,,,,
m4-v3-e6479d43f0b9,A,1408,0b09fa8f6f4229b2,FAIR1M-v1.0,1097__1024__0___0,1,crops/0b09fa8f6f4229b2.jpg,,,,
m4-v3-e6479d43f0b9,A,1409,7f1afa643650ae20,SODA-A,01570__800__1200___600,4,crops/7f1afa643650ae20.jpg,,,,
m4-v3-e6479d43f0b9,A,1410,33a321411f60ec65,FAIR1M-v1.0,7030__1024__0___0,4,crops/33a321411f60ec65.jpg,,,,
m4-v3-e6479d43f0b9,A,1411,84149baf0b692659,FAIR1M-v1.0,1562__1024__0___0,37,crops/84149baf0b692659.jpg,,,,
m4-v3-e6479d43f0b9,A,1412,31a28905828bb130,SODA-A,00198__800__2400___3000,124,crops/31a28905828bb130.jpg,,,,
m4-v3-e6479d43f0b9,A,1413,26dfb8d40351c324,SODA-A,00120__800__3600___0,274,crops/26dfb8d40351c324.jpg,,,,
m4-v3-e6479d43f0b9,A,1414,7e272100c70b3af2,SODA-A,00642__800__2400___600,2,crops/7e272100c70b3af2.jpg,,,,
m4-v3-e6479d43f0b9,A,1415,d0a8ce241eb23b75,DIOR-R,20958,29,crops/d0a8ce241eb23b75.jpg,,,,
m4-v3-e6479d43f0b9,A,1416,7082d1234e0bec21,DIOR-R,13569,2,crops/7082d1234e0bec21.jpg,,,,
m4-v3-e6479d43f0b9,A,1417,013c2439b0ccac33,DIOR-R,22027,10,crops/013c2439b0ccac33.jpg,,,,
m4-v3-e6479d43f0b9,A,1418,9ff8e3cadbf384df,SODA-A,00849__800__2425___600,796,crops/9ff8e3cadbf384df.jpg,,,,
m4-v3-e6479d43f0b9,A,1419,860667d1353a67a9,DIOR-R,19701,22,crops/860667d1353a67a9.jpg,,,,
m4-v3-e6479d43f0b9,A,1420,22890b10086ca037,FAIR1M-v1.0,2684__1024__0___0,1,crops/22890b10086ca037.jpg,,,,
m4-v3-e6479d43f0b9,A,1421,97167e1b99bae76b,SODA-A,00190__800__4000___600,200,crops/97167e1b99bae76b.jpg,,,,
m4-v3-e6479d43f0b9,A,1422,4bdcd00a5edadde9,DIOR-R,19706,0,crops/4bdcd00a5edadde9.jpg,,,,
m4-v3-e6479d43f0b9,A,1423,8fbd073de36275fe,DIOR-R,19769,4,crops/8fbd073de36275fe.jpg,,,,
m4-v3-e6479d43f0b9,A,1424,d5ed0d2ebd211bc5,FAIR1M-v1.0,11680__1024__0___0,85,crops/d5ed0d2ebd211bc5.jpg,,,,
m4-v3-e6479d43f0b9,A,1425,e8811505982c24e9,FAIR1M-v1.0,6516__1024__0___0,321,crops/e8811505982c24e9.jpg,,,,
m4-v3-e6479d43f0b9,A,1426,e2c336fc6af34296,FAIR1M-v1.0,6113__1024__0___0,176,crops/e2c336fc6af34296.jpg,,,,
m4-v3-e6479d43f0b9,A,1427,e1edd084a053254a,SODA-A,00283__800__2400___1800,101,crops/e1edd084a053254a.jpg,,,,
m4-v3-e6479d43f0b9,A,1428,7ab093b45cccf80f,DIOR-R,14322,16,crops/7ab093b45cccf80f.jpg,,,,
m4-v3-e6479d43f0b9,A,1429,08d2f445bf4d9385,FAIR1M-v1.0,13687__1024__0___0,42,crops/08d2f445bf4d9385.jpg,,,,
m4-v3-e6479d43f0b9,A,1430,9de98133bdd152bb,DIOR-R,13430,25,crops/9de98133bdd152bb.jpg,,,,
m4-v3-e6479d43f0b9,A,1431,ba4afb46d40d97cd,DIOR-R,21485,15,crops/ba4afb46d40d97cd.jpg,,,,
m4-v3-e6479d43f0b9,A,1432,3aa927689a641125,SODA-A,01593__800__3000___0,54,crops/3aa927689a641125.jpg,,,,
m4-v3-e6479d43f0b9,A,1433,7ac1a68827ece81a,SODA-A,02476__800__1200___1985,0,crops/7ac1a68827ece81a.jpg,,,,
m4-v3-e6479d43f0b9,A,1434,499d9f6ccd5018e1,SODA-A,00975__800__0___0,196,crops/499d9f6ccd5018e1.jpg,,,,
m4-v3-e6479d43f0b9,A,1435,f8da708b09ef1ea2,DIOR-R,20183,22,crops/f8da708b09ef1ea2.jpg,,,,
m4-v3-e6479d43f0b9,A,1436,b6f0423192726018,DIOR-R,13107,54,crops/b6f0423192726018.jpg,,,,
m4-v3-e6479d43f0b9,A,1437,3363a64bf733e5a5,FAIR1M-v1.0,2176__1024__0___0,37,crops/3363a64bf733e5a5.jpg,,,,
m4-v3-e6479d43f0b9,A,1438,07dbc91f3360802a,FAIR1M-v1.0,2027__1024__0___0,34,crops/07dbc91f3360802a.jpg,,,,
m4-v3-e6479d43f0b9,A,1439,b75a2a378cc1c45c,DIOR-R,20888,7,crops/b75a2a378cc1c45c.jpg,,,,
m4-v3-e6479d43f0b9,A,1440,e8dc2d158ad9dad4,SODA-A,01307__800__3000___1800,2,crops/e8dc2d158ad9dad4.jpg,,,,
m4-v3-e6479d43f0b9,A,1441,c0007d17d5b59aef,DIOR-R,22885,10,crops/c0007d17d5b59aef.jpg,,,,
m4-v3-e6479d43f0b9,A,1442,735dbdea4d1b619b,FAIR1M-v1.0,2582__1024__0___0,8,crops/735dbdea4d1b619b.jpg,,,,
m4-v3-e6479d43f0b9,A,1443,3f94ed27efd5476f,SODA-A,02286__800__1800___1200,29,crops/3f94ed27efd5476f.jpg,,,,
m4-v3-e6479d43f0b9,A,1444,1e02d428965a0211,SODA-A,01284__800__600___1200,17,crops/1e02d428965a0211.jpg,,,,
m4-v3-e6479d43f0b9,A,1445,be14fcdcff9d8ce1,DIOR-R,13931,9,crops/be14fcdcff9d8ce1.jpg,,,,
m4-v3-e6479d43f0b9,A,1446,600e02423333ab32,DIOR-R,17052,7,crops/600e02423333ab32.jpg,,,,
m4-v3-e6479d43f0b9,A,1447,012532f6ad1c951f,SODA-A,01387__800__3000___0,78,crops/012532f6ad1c951f.jpg,,,,
m4-v3-e6479d43f0b9,A,1448,b9ae9a2c16c79ed4,SODA-A,01408__800__0___1200,17,crops/b9ae9a2c16c79ed4.jpg,,,,
m4-v3-e6479d43f0b9,A,1449,318d19ba47f0bfde,FAIR1M-v1.0,7793__1024__0___0,57,crops/318d19ba47f0bfde.jpg,,,,
m4-v3-e6479d43f0b9,A,1450,164f4b7bbecf4345,FAIR1M-v1.0,904__1024__0___0,2,crops/164f4b7bbecf4345.jpg,,,,
m4-v3-e6479d43f0b9,A,1451,1f999519f4561370,DIOR-R,21992,10,crops/1f999519f4561370.jpg,,,,
m4-v3-e6479d43f0b9,A,1452,397fa883fb6fc516,DIOR-R,15926,0,crops/397fa883fb6fc516.jpg,,,,
m4-v3-e6479d43f0b9,A,1453,b6e31a959d4585f6,FAIR1M-v1.0,8668__1024__0___0,0,crops/b6e31a959d4585f6.jpg,,,,
m4-v3-e6479d43f0b9,A,1454,c3bf95ed9c518caa,FAIR1M-v1.0,13287__1024__0___0,63,crops/c3bf95ed9c518caa.jpg,,,,
m4-v3-e6479d43f0b9,A,1455,909d9f88346b24f6,SODA-A,01028__800__4000___600,202,crops/909d9f88346b24f6.jpg,,,,
m4-v3-e6479d43f0b9,A,1456,603bba4b16652842,DIOR-R,20484,0,crops/603bba4b16652842.jpg,,,,
m4-v3-e6479d43f0b9,A,1457,b88c539192905b0f,SODA-A,02107__800__600___1985,39,crops/b88c539192905b0f.jpg,,,,
m4-v3-e6479d43f0b9,A,1458,606b890360c8a239,FAIR1M-v1.0,3034__1024__0___0,40,crops/606b890360c8a239.jpg,,,,
m4-v3-e6479d43f0b9,A,1459,7ff7860a70003bfc,DIOR-R,13800,8,crops/7ff7860a70003bfc.jpg,,,,
m4-v3-e6479d43f0b9,A,1460,3484ac67ffecc278,FAIR1M-v1.0,12621__1024__0___0,31,crops/3484ac67ffecc278.jpg,,,,
m4-v3-e6479d43f0b9,A,1461,4f409942e6e78ef1,FAIR1M-v1.0,5879__1024__2976___824,0,crops/4f409942e6e78ef1.jpg,,,,
m4-v3-e6479d43f0b9,A,1462,5356c18da4a0e56c,DIOR-R,15687,115,crops/5356c18da4a0e56c.jpg,,,,
m4-v3-e6479d43f0b9,A,1463,fe116bfa154c1859,FAIR1M-v1.0,1613__1024__0___0,129,crops/fe116bfa154c1859.jpg,,,,
m4-v3-e6479d43f0b9,A,1464,2eaedd909c995495,FAIR1M-v1.0,9146__1024__0___0,63,crops/2eaedd909c995495.jpg,,,,
m4-v3-e6479d43f0b9,A,1465,8667fd51957e21a5,FAIR1M-v1.0,5829__1024__0___0,6,crops/8667fd51957e21a5.jpg,,,,
m4-v3-e6479d43f0b9,A,1466,24a204304943515f,FAIR1M-v1.0,7400__1024__0___0,183,crops/24a204304943515f.jpg,,,,
m4-v3-e6479d43f0b9,A,1467,2c1ca77eabe34c73,FAIR1M-v1.0,100__1024__0___0,7,crops/2c1ca77eabe34c73.jpg,,,,
m4-v3-e6479d43f0b9,A,1468,95e8ac71f659f72c,SODA-A,01484__800__3000___600,4,crops/95e8ac71f659f72c.jpg,,,,
m4-v3-e6479d43f0b9,A,1469,13b3872566c9d84e,DIOR-R,18717,72,crops/13b3872566c9d84e.jpg,,,,
m4-v3-e6479d43f0b9,A,1470,862386922bf44583,FAIR1M-v1.0,15846__1024__0___0,30,crops/862386922bf44583.jpg,,,,
m4-v3-e6479d43f0b9,A,1471,cab8f53831bd8085,SODA-A,00198__800__3000___3486,132,crops/cab8f53831bd8085.jpg,,,,
m4-v3-e6479d43f0b9,A,1472,6daa91d4860a292c,DIOR-R,16760,3,crops/6daa91d4860a292c.jpg,,,,
m4-v3-e6479d43f0b9,A,1473,fc9d5b1a535ea099,FAIR1M-v1.0,9771__1024__0___0,7,crops/fc9d5b1a535ea099.jpg,,,,
m4-v3-e6479d43f0b9,A,1474,fda05278eb688bf9,DIOR-R,17645,34,crops/fda05278eb688bf9.jpg,,,,
m4-v3-e6479d43f0b9,A,1475,87923b58d21854a0,DIOR-R,16301,2,crops/87923b58d21854a0.jpg,,,,
m4-v3-e6479d43f0b9,A,1476,472866c9f3eb4a8b,FAIR1M-v1.0,3010__1024__0___0,43,crops/472866c9f3eb4a8b.jpg,,,,
m4-v3-e6479d43f0b9,A,1477,e79201f7eac485d2,FAIR1M-v1.0,7819__1024__0___0,116,crops/e79201f7eac485d2.jpg,,,,
m4-v3-e6479d43f0b9,A,1478,14381be7c19b225b,SODA-A,00256__800__0___1944,67,crops/14381be7c19b225b.jpg,,,,
m4-v3-e6479d43f0b9,A,1479,c4a94af9179c2e29,FAIR1M-v1.0,1167__1024__0___0,193,crops/c4a94af9179c2e29.jpg,,,,
m4-v3-e6479d43f0b9,A,1480,453fbda52132caef,DIOR-R,16828,10,crops/453fbda52132caef.jpg,,,,
m4-v3-e6479d43f0b9,A,1481,a69d99b33a7bb42e,DIOR-R,19423,56,crops/a69d99b33a7bb42e.jpg,,,,
m4-v3-e6479d43f0b9,A,1482,6f1a74b5be197d10,SODA-A,01250__800__2400___1200,24,crops/6f1a74b5be197d10.jpg,,,,
m4-v3-e6479d43f0b9,A,1483,6ed09a1b432bcd37,DIOR-R,12254,22,crops/6ed09a1b432bcd37.jpg,,,,
m4-v3-e6479d43f0b9,A,1484,6516eac77d911018,FAIR1M-v1.0,13933__1024__0___0,102,crops/6516eac77d911018.jpg,,,,
m4-v3-e6479d43f0b9,A,1485,a9173c6e99395f03,SODA-A,00231__800__2400___600,27,crops/a9173c6e99395f03.jpg,,,,
m4-v3-e6479d43f0b9,A,1486,dd1ea20434be427d,SODA-A,00201__800__3955___1985,228,crops/dd1ea20434be427d.jpg,,,,
m4-v3-e6479d43f0b9,A,1487,ec91c9a1a5a35850,DIOR-R,23042,3,crops/ec91c9a1a5a35850.jpg,,,,
m4-v3-e6479d43f0b9,A,1488,bbb6a406b7c5b703,SODA-A,01099__800__3955___1985,273,crops/bbb6a406b7c5b703.jpg,,,,
m4-v3-e6479d43f0b9,A,1489,434bd0b3b70f5f3a,FAIR1M-v1.0,7123__1024__0___0,150,crops/434bd0b3b70f5f3a.jpg,,,,
m4-v3-e6479d43f0b9,A,1490,ad1ad7972b8d9f4d,SODA-A,02114__800__1800___1985,339,crops/ad1ad7972b8d9f4d.jpg,,,,
m4-v3-e6479d43f0b9,A,1491,b1db1e4ad99fb7e8,SODA-A,00181__800__0___1985,38,crops/b1db1e4ad99fb7e8.jpg,,,,
m4-v3-e6479d43f0b9,A,1492,82468abcf6f750ab,DIOR-R,13568,40,crops/82468abcf6f750ab.jpg,,,,
m4-v3-e6479d43f0b9,A,1493,2826262db34abf4e,DIOR-R,17212,10,crops/2826262db34abf4e.jpg,,,,
m4-v3-e6479d43f0b9,A,1494,3fd2c5b8e586fe8e,DIOR-R,22469,6,crops/3fd2c5b8e586fe8e.jpg,,,,
m4-v3-e6479d43f0b9,A,1495,66bc13b4c3db5c9b,DIOR-R,14538,7,crops/66bc13b4c3db5c9b.jpg,,,,
m4-v3-e6479d43f0b9,A,1496,f7f0d2e1e7957d53,FAIR1M-v1.0,2898__1024__0___0,9,crops/f7f0d2e1e7957d53.jpg,,,,
m4-v3-e6479d43f0b9,A,1497,64756a4061dbf308,SODA-A,02046__800__1200___0,21,crops/64756a4061dbf308.jpg,,,,
m4-v3-e6479d43f0b9,A,1498,de1e73cb729ae56f,SODA-A,00249__800__2400___0,79,crops/de1e73cb729ae56f.jpg,,,,
m4-v3-e6479d43f0b9,A,1499,ece3772125109f2a,FAIR1M-v1.0,8241__1024__0___0,42,crops/ece3772125109f2a.jpg,,,,
m4-v3-e6479d43f0b9,A,1500,c1a38df9bd6cfb00,DIOR-R,20307,1,crops/c1a38df9bd6cfb00.jpg,,,,
