assignment_version,annotator_slot,task_id,canonical_anon_id,dataset,task_order,image_sha256,source_070_path
m4-071-final-v1,A,f38247380a034dbbdef0,f40dec08970cd145,SODA-A,1,dcc4ef44b5761fda1575a9450852ec891da27f44be841f13cbf4cc5d196d9508,/home/rspip/cqc/pro/study/orientbench/annotation_tools/m4_angle_annotation/annotator_A/crops/f38247380a034dbbdef0.jpg
m4-071-final-v1,A,cbade1b829ab4a5175d5,de90cb4b4416059a,DIOR-R,2,5e6b906f8a17ef90b1854223e8a8e45837a0765853df6af44819288760f393f0,/home/rspip/cqc/pro/study/orientbench/annotation_tools/m4_angle_annotation/annotator_A/crops/cbade1b829ab4a5175d5.jpg
m4-071-final-v1,A,3222fee6b7070ae73362,c4d20ad458504721,FAIR1M-v1.0,3,1ab86596be274aebdb7973d1a06ff9167a927bfa1a7e8143571c9d8007707465,/home/rspip/cqc/pro/study/orientbench/annotation_tools/m4_angle_annotation/annotator_A/crops/3222fee6b7070ae73362.jpg
m4-071-final-v1,A,525ff99f0fa9de18cbba,a89cf4600ea3593a,DIOR-R,4,e2f449603b8d25d69b505b3e55b6edceb93b09b697de7f1c44d1e4f59da14d74,/home/rspip/cqc/pro/study/orientbench/annotation_tools/m4_angle_annotation/annotator_A/crops/525ff99f0fa9de18cbba.jpg
m4-071-final-v1,A,03c17540cab099a1e4a9,c0cdb92976514558,SODA-A,5,5dcbdc3847c99d10d26c868e1f2d091afa31b66928ea4b6d6b3b14fa0eaa6d7c,/home/rspip/cqc/pro/study/orientbench/annotation_tools/m4_angle_annotation/annotator_A/crops/03c17540cab099a1e4a9.jpg
m4-071-final-v1,A,1b9bf8628816fe451f29,7b6727eb1343ba4f,FAIR1M-v1.0,6,a5406084b844fe4b3342605b221b838895ceef4f0ea044b9c568ff21f0bbfdae,/home/rspip/cqc/pro/study/orientbench/annotation_tools/m4_angle_annotation/annotator_A/crops/1b9bf8628816fe451f29.jpg
m4-071-final-v1,A,4a00e2361a2eab3de3d8,77b9703a651e2995,SODA-A,7,ef6180a70cd554c6aa224d9bc68beb5a441da5fabc21eb44ec318b7ed62681ac,/home/rspip/cqc/pro/study/orientbench/annotation_tools/m4_angle_annotation/annotator_A/crops/4a00e2361a2eab3de3d8.jpg
m4-071-final-v1,A,80fb51dd0a374caadd55,0d1772ab77c27577,SODA-A,8,46f240e9822a6d2779b3e737a028f0c5e6dbac2ac48e09c651dbd76619c8e4a8,/home/rspip/cqc/pro/study/orientbench/annotation_tools/m4_angle_annotation/annotator_A/crops/80fb51dd0a374caadd55.jpg
m4-071-final-v1,A,a78bc0737225e6a9726c,b293c1b40edf40fc,FAIR1M-v1.0,9,09958a62052a6477ade4e85ad12f9327f2be9039a7493c7b5505bf7c92529bb7,/home/rspip/cqc/pro/study/orientbench/annotation_tools/m4_angle_annotation/annotator_A/crops/a78bc0737225e6a9726c.jpg
m4-071-final-v1,A,fac1a1f1ce19817c73fd,d86f87aaf790b25f,DIOR-R,10,f0602125ca226bc9d2c3c2f772f447cf4fd5373a078b34dcb58aeba20a72ff62,/home/rspip/cqc/pro/study/orientbench/annotation_tools/m4_angle_annotation/annotator_A/crops/fac1a1f1ce19817c73fd.jpg
m4-071-final-v1,A,88382c0bc19cbd75ad24,e311483df06e7d2a,SODA-A,11,1373d26f23b2b083d882cbb50ac7ecc58b28c911ef4dcbd7b27a1fcd6bc6adfc,/home/rspip/cqc/pro/study/orientbench/annotation_tools/m4_angle_annotation/annotator_A/crops/88382c0bc19cbd75ad24.jpg
m4-071-final-v1,A,94e404b8117ecc7468c4,4f409942e6e78ef1,FAIR1M-v1.0,12,49ad24aaf0f35e9aa7c920e4103975c30d099f92b1a57f555f2ebfe5d789de0a,/home/rspip/cqc/pro/study/orientbench/annotation_tools/m4_angle_annotation/annotator_A/crops/94e404b8117ecc7468c4.jpg
m4-071-final-v1,A,1540738339ff7347d62c,5194bfa04a6202a4,SODA-A,13,bde5e7ef9f044073c997540f2823582fdaf3f2a107f309b828eac7a89b8db68a,/home/rspip/cqc/pro/study/orientbench/annotation_tools/m4_angle_annotation/annotator_A/crops/1540738339ff7347d62c.jpg
m4-071-final-v1,A,560eee00187c0a3654c3,1de55bc77d620236,SODA-A,14,2af272b1759c0bd3593f235117478c02f2ae426d12b2d2138489ee5f1a5341df,/home/rspip/cqc/pro/study/orientbench/annotation_tools/m4_angle_annotation/annotator_A/crops/560eee00187c0a3654c3.jpg
m4-071-final-v1,A,4464a57070f1a0840bbb,723c03c38b33af82,FAIR1M-v1.0,15,95cb63011a3b4871d3e6375874572ba40d56432bfff0916f9908519b17989837,/home/rspip/cqc/pro/study/orientbench/annotation_tools/m4_angle_annotation/annotator_A/crops/4464a57070f1a0840bbb.jpg
m4-071-final-v1,A,66771d2c9cfc5f384271,0cace1b3fad0745d,FAIR1M-v1.0,16,2be37082b3912764ea2078d00764fe110dc7354b8ed1f55200976455497343d7,/home/rspip/cqc/pro/study/orientbench/annotation_tools/m4_angle_annotation/annotator_A/crops/66771d2c9cfc5f384271.jpg
m4-071-final-v1,A,b128540b9a03de2592f8,a3c5251924922cf5,DIOR-R,17,d1a89cd0f9ac6e8498aac56f03d58012b8c404a3307a5f872e1e8aed2a8e47fe,/home/rspip/cqc/pro/study/orientbench/annotation_tools/m4_angle_annotation/annotator_A/crops/b128540b9a03de2592f8.jpg
m4-071-final-v1,A,52654f448e6ca4ae7572,288f51ddbddbf5a7,DIOR-R,18,347aae210f1c0acb3240443fb8bc04d12f53ae175b2513c92bc42f5c2566d20f,/home/rspip/cqc/pro/study/orientbench/annotation_tools/m4_angle_annotation/annotator_A/crops/52654f448e6ca4ae7572.jpg
m4-071-final-v1,A,79a4314a62b255810aa6,f32d82fc6178eefd,FAIR1M-v1.0,19,5f366bcb2dd488cc4c30bac073ef2dbb393f1efa69d5ffdafb8e2fd64f686392,/home/rspip/cqc/pro/study/orientbench/annotation_tools/m4_angle_annotation/annotator_A/crops/79a4314a62b255810aa6.jpg
m4-071-final-v1,A,ffe7274203df409a6634,eaf48c88ebfb165a,SODA-A,20,fe1dfd4e2c842e1edd4a5913eaf64020aadc20ad51710800dee916052d882320,/home/rspip/cqc/pro/study/orientbench/annotation_tools/m4_angle_annotation/annotator_A/crops/ffe7274203df409a6634.jpg
m4-071-final-v1,A,f33b7655a2949e2e9ffa,5fd9d7cd9c127c6d,DIOR-R,21,3846b13137de2ed4ba247c8c0857546bda80c405289555ecbfb062967220be54,/home/rspip/cqc/pro/study/orientbench/annotation_tools/m4_angle_annotation/annotator_A/crops/f33b7655a2949e2e9ffa.jpg
m4-071-final-v1,A,4cac3e82cd5fa4d9f076,33a321411f60ec65,FAIR1M-v1.0,22,f614b4796b888b8d1b18c53a3545363349faafb905a1a5bd2cdea8a9d8830958,/home/rspip/cqc/pro/study/orientbench/annotation_tools/m4_angle_annotation/annotator_A/crops/4cac3e82cd5fa4d9f076.jpg
m4-071-final-v1,A,ddb07f47ade0aef91ba7,a8bb8cd356785bbc,SODA-A,23,28b7a25ac1952789f06bcb5782898bb503db73279559023357ab06891e34ecb2,/home/rspip/cqc/pro/study/orientbench/annotation_tools/m4_angle_annotation/annotator_A/crops/ddb07f47ade0aef91ba7.jpg
m4-071-final-v1,A,ef3e1e83b4055e5f0e73,07162e17e6c3507f,DIOR-R,24,30bb7171488115a8e4546073f82bf8b64f4bf4db1e5ae961c8c666cbb45b9b2e,/home/rspip/cqc/pro/study/orientbench/annotation_tools/m4_angle_annotation/annotator_A/crops/ef3e1e83b4055e5f0e73.jpg
m4-071-final-v1,A,82f08f4f8f3f1af990b4,3221770800266275,DIOR-R,25,85e16895e916865053c707f7666e0ce1494fce21e5939154f0a8209b9deda8dc,/home/rspip/cqc/pro/study/orientbench/annotation_tools/m4_angle_annotation/annotator_A/crops/82f08f4f8f3f1af990b4.jpg
m4-071-final-v1,A,b746e8431f0adc57dc6e,4a9947d785108f07,FAIR1M-v1.0,26,dd136465c72c63527e8fe545164368aced30d8a721b75d8be0282aadbe5e1122,/home/rspip/cqc/pro/study/orientbench/annotation_tools/m4_angle_annotation/annotator_A/crops/b746e8431f0adc57dc6e.jpg
m4-071-final-v1,A,a6af568f9d049fdeb771,f2c8a4b09c851efe,FAIR1M-v1.0,27,9426ac6a7469d008849706852ed5fc270c74b0d3d6325c8c0515394e8224b01e,/home/rspip/cqc/pro/study/orientbench/annotation_tools/m4_angle_annotation/annotator_A/crops/a6af568f9d049fdeb771.jpg
m4-071-final-v1,A,1fd45b0caf5cbcec84cf,feb5caf3d3e64867,DIOR-R,28,7f6d69a263374646b2c82c41e158cf685b1bbfff580ffac05d501859d7e02cd8,/home/rspip/cqc/pro/study/orientbench/annotation_tools/m4_angle_annotation/annotator_A/crops/1fd45b0caf5cbcec84cf.jpg
m4-071-final-v1,A,f18bfaf0485ae8429f2c,c9233d68e261e3b4,SODA-A,29,d56967f3ca93331ec2e6b7d1eb4e965b7f5e449a6d7ce1d453d71717eb610768,/home/rspip/cqc/pro/study/orientbench/annotation_tools/m4_angle_annotation/annotator_A/crops/f18bfaf0485ae8429f2c.jpg
m4-071-final-v1,A,b77c600e7a9f51f11378,b63fcacbf4d7618a,SODA-A,30,695f50d096f9436689c5fcfcb134524ff0268642df8214e4c8e5465d941573c4,/home/rspip/cqc/pro/study/orientbench/annotation_tools/m4_angle_annotation/annotator_A/crops/b77c600e7a9f51f11378.jpg
m4-071-final-v1,A,bc72719f60bc024a5af5,02228204dc184fe1,SODA-A,31,aad290bf94ec3382715b94817f12783a00e7e73e482eabd8ad902a2490195762,/home/rspip/cqc/pro/study/orientbench/annotation_tools/m4_angle_annotation/annotator_A/crops/bc72719f60bc024a5af5.jpg
m4-071-final-v1,A,d5d73be1e3c488a731c5,7c0ce9f37923b317,DIOR-R,32,94814f5a98b9ab562662487e1ae970c57833955f29ce904756889b08978d9a41,/home/rspip/cqc/pro/study/orientbench/annotation_tools/m4_angle_annotation/annotator_A/crops/d5d73be1e3c488a731c5.jpg
m4-071-final-v1,A,5a1eb98c6aa409abf362,a1313131cfd28701,SODA-A,33,7cdbfd4e5495c91064c34b505a70539ec4989d700e30d5833b8c2ae36f6ff8f0,/home/rspip/cqc/pro/study/orientbench/annotation_tools/m4_angle_annotation/annotator_A/crops/5a1eb98c6aa409abf362.jpg
m4-071-final-v1,A,c0ad33c584df4fa165af,23c974432a46c2ee,DIOR-R,34,b631c687fc1cbef9dc644dd0915d01a7652a43fe7e58bc5ee73fbd5796112165,/home/rspip/cqc/pro/study/orientbench/annotation_tools/m4_angle_annotation/annotator_A/crops/c0ad33c584df4fa165af.jpg
m4-071-final-v1,A,8a2a1e3fac71eb908324,0e32f801ec4375de,FAIR1M-v1.0,35,9fbbeba74c00598a625d7e9941ecea8f2e16ad13a8f7244e203ce5188b378451,/home/rspip/cqc/pro/study/orientbench/annotation_tools/m4_angle_annotation/annotator_A/crops/8a2a1e3fac71eb908324.jpg
m4-071-final-v1,A,3993796a8e09c52ef689,2d21aff7bd0d84b4,FAIR1M-v1.0,36,81f459773b1479f1ce9ad5ddb670e6c007a2e6f741467e431383379e77f9b8de,/home/rspip/cqc/pro/study/orientbench/annotation_tools/m4_angle_annotation/annotator_A/crops/3993796a8e09c52ef689.jpg
m4-071-final-v1,A,d392b3c128331bb8af2c,979ba36f57714608,DIOR-R,37,6aa7df2531e662ae2e625f93c90cce2bd7412d460a205f5d597a635680dd5ae0,/home/rspip/cqc/pro/study/orientbench/annotation_tools/m4_angle_annotation/annotator_A/crops/d392b3c128331bb8af2c.jpg
m4-071-final-v1,A,04e582c6618b30643c09,7292316abfbde484,SODA-A,38,7ffc9e921ca5cdbb4404ff44f5602359a9fee4ad0e18c1e0dd9a7809986a962f,/home/rspip/cqc/pro/study/orientbench/annotation_tools/m4_angle_annotation/annotator_A/crops/04e582c6618b30643c09.jpg
m4-071-final-v1,A,a2518eeeb1e7f84fc44e,08f410996172040d,FAIR1M-v1.0,39,c25ad3b8e961222851879bef0c83ff754ae8596a6234383d9f9efd9d6755f267,/home/rspip/cqc/pro/study/orientbench/annotation_tools/m4_angle_annotation/annotator_A/crops/a2518eeeb1e7f84fc44e.jpg
m4-071-final-v1,A,fe192546e92cf2992213,1f45c229950a0bcd,DIOR-R,40,2c9b9e10d8b0f4057383da42b30bf1486a6575bc2d315995d0edd5627af86e83,/home/rspip/cqc/pro/study/orientbench/annotation_tools/m4_angle_annotation/annotator_A/crops/fe192546e92cf2992213.jpg
m4-071-final-v1,A,d623b5cc9c2036c3259b,6bb98bca1424bb2d,SODA-A,41,fb71753ada36e14be1023c51cb9af620c66c60b2f5b67b667ad8b3c58affa1ec,/home/rspip/cqc/pro/study/orientbench/annotation_tools/m4_angle_annotation/annotator_A/crops/d623b5cc9c2036c3259b.jpg
m4-071-final-v1,A,c3e641c6343b2db7e480,406aab3642c5c227,SODA-A,42,e984148b8f21c312c2145dd45118610f42c4ea110606460af29dd20793175489,/home/rspip/cqc/pro/study/orientbench/annotation_tools/m4_angle_annotation/annotator_A/crops/c3e641c6343b2db7e480.jpg
m4-071-final-v1,A,a4431f87b81b93856f70,bdfcc2cddf032408,FAIR1M-v1.0,43,897d34c922ec9e908f150456e1e466997b61e4d4a9dd103b6918c49093457bf9,/home/rspip/cqc/pro/study/orientbench/annotation_tools/m4_angle_annotation/annotator_A/crops/a4431f87b81b93856f70.jpg
m4-071-final-v1,A,e7333db35c0d4f18d016,885f088889e15db7,DIOR-R,44,d4f26df73722b673bd0208a360be7020a42d9f6a1790ed3281a49b82383be0f9,/home/rspip/cqc/pro/study/orientbench/annotation_tools/m4_angle_annotation/annotator_A/crops/e7333db35c0d4f18d016.jpg
m4-071-final-v1,A,64283f896a174d71c2f6,bf15f8582d5576ab,FAIR1M-v1.0,45,70555e14627ff63a21b6d509c48845a94444d9e6dfb267da482574faa094b40e,/home/rspip/cqc/pro/study/orientbench/annotation_tools/m4_angle_annotation/annotator_A/crops/64283f896a174d71c2f6.jpg
m4-071-final-v1,A,fc8df488b95bf24ce4f6,3f0567f58caaa096,FAIR1M-v1.0,46,f8f2cf74296ed8917d2e785697477df877a478c49cfdc66fe00bc27db67ecc98,/home/rspip/cqc/pro/study/orientbench/annotation_tools/m4_angle_annotation/annotator_A/crops/fc8df488b95bf24ce4f6.jpg
m4-071-final-v1,A,d205743d85e344f051b3,c3bf95ed9c518caa,FAIR1M-v1.0,47,5f5b846482d79ad46558590aae13fb3680f7820e4146510e52b7eba8829f830f,/home/rspip/cqc/pro/study/orientbench/annotation_tools/m4_angle_annotation/annotator_A/crops/d205743d85e344f051b3.jpg
m4-071-final-v1,A,1ca548bc402fbdd77bb4,c5727805654c8db9,SODA-A,48,bd895ecddd211c4905ea1ea37c744890910e300caab9efdd8f143c342c6c8155,/home/rspip/cqc/pro/study/orientbench/annotation_tools/m4_angle_annotation/annotator_A/crops/1ca548bc402fbdd77bb4.jpg
m4-071-final-v1,A,e0941dd0de83b4bcc628,daf1ad6d73b80856,FAIR1M-v1.0,49,df1e76ac65da5a75b005b75b74754dbd17e2aa3eb97589b03dd00a4a81cc34b1,/home/rspip/cqc/pro/study/orientbench/annotation_tools/m4_angle_annotation/annotator_A/crops/e0941dd0de83b4bcc628.jpg
m4-071-final-v1,A,a72e8f36016c404ce645,362e824a6039344c,DIOR-R,50,ab3676facc6698c65af31f4ca4b67d205561a8d95595126741ab0e31d3f0692f,/home/rspip/cqc/pro/study/orientbench/annotation_tools/m4_angle_annotation/annotator_A/crops/a72e8f36016c404ce645.jpg
m4-071-final-v1,A,bd7939ef0b79fa384ea6,31659deca6824bb9,DIOR-R,51,4cd72505c7ae3e7fdc77912ca9d73d6274fbd76d9b760bc6c9a92f9dae91cae8,/home/rspip/cqc/pro/study/orientbench/annotation_tools/m4_angle_annotation/annotator_A/crops/bd7939ef0b79fa384ea6.jpg
m4-071-final-v1,A,9631106f4aedbb501ec9,163d43733201065c,SODA-A,52,3a28e8fb87e1a1caf7a421f45c7df1045b5048e4a241168bddcc759af00f295f,/home/rspip/cqc/pro/study/orientbench/annotation_tools/m4_angle_annotation/annotator_A/crops/9631106f4aedbb501ec9.jpg
m4-071-final-v1,A,2a2f2a0ccc503bfa6623,cc0a672d74d3499c,SODA-A,53,208946194a004a747dfd8049e2d529719359f701100979fd0b822389ca7a607a,/home/rspip/cqc/pro/study/orientbench/annotation_tools/m4_angle_annotation/annotator_A/crops/2a2f2a0ccc503bfa6623.jpg
m4-071-final-v1,A,62ac9b18a583e89363cd,6df46b3c38ae2c19,FAIR1M-v1.0,54,0fa69cec27c42a00ac2f282e4900a4ea9e5b039c0bb3c63273d6de3bdfda1006,/home/rspip/cqc/pro/study/orientbench/annotation_tools/m4_angle_annotation/annotator_A/crops/62ac9b18a583e89363cd.jpg
m4-071-final-v1,A,c560c4658775a27a341a,d305a7cadaa8dcb4,SODA-A,55,1973f90ba57b8932ff09e58f39b3e3952384b472e609af8ee42ca1b57f3ff299,/home/rspip/cqc/pro/study/orientbench/annotation_tools/m4_angle_annotation/annotator_A/crops/c560c4658775a27a341a.jpg
m4-071-final-v1,A,980f55b2d6a0fdedd9b3,cf0f7b50559d0136,DIOR-R,56,6ed08341f662631cbbd0aec2bc2277a73ea91a22f3fe13860f4314c26852dc0f,/home/rspip/cqc/pro/study/orientbench/annotation_tools/m4_angle_annotation/annotator_A/crops/980f55b2d6a0fdedd9b3.jpg
m4-071-final-v1,A,5ea53cad3e57d015d328,971a2e5bec0b7071,FAIR1M-v1.0,57,396a60694b78c6d9fbc8d5cde7bb16bedb3d756e428094a2301ef0bbde68c907,/home/rspip/cqc/pro/study/orientbench/annotation_tools/m4_angle_annotation/annotator_A/crops/5ea53cad3e57d015d328.jpg
m4-071-final-v1,A,827088f15c243f240e7d,bf3f8d9e4b2ea467,DIOR-R,58,57aaf2fd575f25ab9017501e7a64077e25bf19de8007b9736f5e0e3e16560386,/home/rspip/cqc/pro/study/orientbench/annotation_tools/m4_angle_annotation/annotator_A/crops/827088f15c243f240e7d.jpg
m4-071-final-v1,A,2543bdaa1fd2de8f18d6,62d1cbc614d2e106,SODA-A,59,ad20810e63bb5f5535433b11637f681619fb1a4b008c95745b946c3055757a55,/home/rspip/cqc/pro/study/orientbench/annotation_tools/m4_angle_annotation/annotator_A/crops/2543bdaa1fd2de8f18d6.jpg
m4-071-final-v1,A,aee12657187fad783016,1f999519f4561370,DIOR-R,60,3ee12b7f34b9cba3662a32b9f2e540b0ce9f9fb9843203700376ba796b856f89,/home/rspip/cqc/pro/study/orientbench/annotation_tools/m4_angle_annotation/annotator_A/crops/aee12657187fad783016.jpg
m4-071-final-v1,A,0f230b5696e318a4f4a0,c0a8d349923c2e56,DIOR-R,61,93fb01bcd4c43f4f331124c38da17e94e0035e4b17a525ee79590dc144162e0b,/home/rspip/cqc/pro/study/orientbench/annotation_tools/m4_angle_annotation/annotator_A/crops/0f230b5696e318a4f4a0.jpg
m4-071-final-v1,A,26c783559c513c430d1c,a5ecfdfe9038ed42,FAIR1M-v1.0,62,35abc1eab81fe53a8e8000109c31cd0ddfa0b7971f292ef5f5a008d31c72ee39,/home/rspip/cqc/pro/study/orientbench/annotation_tools/m4_angle_annotation/annotator_A/crops/26c783559c513c430d1c.jpg
m4-071-final-v1,A,06808c90de9472b23357,5086b693a70886d6,FAIR1M-v1.0,63,84f749c41e49af85f2a4c068f409b4627800024b5e98a2a8d9a30cad041b5681,/home/rspip/cqc/pro/study/orientbench/annotation_tools/m4_angle_annotation/annotator_A/crops/06808c90de9472b23357.jpg
m4-071-final-v1,A,abefdcf432b60b767e3f,0b76cc1135343efa,FAIR1M-v1.0,64,999a8021b9bffdda7d8d32fa2aba9e59d5ee5f6eab64d5dd7757291cf69cfe71,/home/rspip/cqc/pro/study/orientbench/annotation_tools/m4_angle_annotation/annotator_A/crops/abefdcf432b60b767e3f.jpg
m4-071-final-v1,A,c017c2b71daa22b56972,be14fcdcff9d8ce1,DIOR-R,65,2cb685d36aba51da42f67058ec7c5771c175300602eba5c615718e30fca52b60,/home/rspip/cqc/pro/study/orientbench/annotation_tools/m4_angle_annotation/annotator_A/crops/c017c2b71daa22b56972.jpg
m4-071-final-v1,A,8922adfddf42b9131f1e,197947d59206eef1,FAIR1M-v1.0,66,89dd84904b13dfe177c4f53da7262a7cfb0540a9d7f6090d37dca4d82e70509d,/home/rspip/cqc/pro/study/orientbench/annotation_tools/m4_angle_annotation/annotator_A/crops/8922adfddf42b9131f1e.jpg
m4-071-final-v1,A,31ab4054b1db473cb9be,e27dfec3519adc65,SODA-A,67,4cc50c1251dbfadc52f5d078777d99bd7055a8f4ffe71a9a8c39c1d98f0ff3a8,/home/rspip/cqc/pro/study/orientbench/annotation_tools/m4_angle_annotation/annotator_A/crops/31ab4054b1db473cb9be.jpg
m4-071-final-v1,A,c78ba32d80d05cde40ac,a72f99a017cff5a5,SODA-A,68,f5a908996e87a9ff74a5ba0758ac70cc3173e7ead37e5362a02f0215f599823e,/home/rspip/cqc/pro/study/orientbench/annotation_tools/m4_angle_annotation/annotator_A/crops/c78ba32d80d05cde40ac.jpg
m4-071-final-v1,A,1ce7253ffe28011a14e3,367f2f05f5299fbe,SODA-A,69,e63463d0e5bc02316b8e1f6881327abaf95f1f4b1d57f857ccc9b4248a9c2ee9,/home/rspip/cqc/pro/study/orientbench/annotation_tools/m4_angle_annotation/annotator_A/crops/1ce7253ffe28011a14e3.jpg
m4-071-final-v1,A,4abd5aa9d5e2d7c2ee74,e2039700213f385f,DIOR-R,70,55cad66baa2945dbbd7aee68ca9f1516dcd604939b2a6114de92281b66eaebd3,/home/rspip/cqc/pro/study/orientbench/annotation_tools/m4_angle_annotation/annotator_A/crops/4abd5aa9d5e2d7c2ee74.jpg
m4-071-final-v1,A,ec7852f6dd381c98e02f,5c2353432821dcc7,DIOR-R,71,9c9858875530ffeeae590554ff9ae47c361a727ac7985e99849bd649b73d2147,/home/rspip/cqc/pro/study/orientbench/annotation_tools/m4_angle_annotation/annotator_A/crops/ec7852f6dd381c98e02f.jpg
m4-071-final-v1,A,00d0ab1dc283c0deaf2f,63934fdf7f78307c,SODA-A,72,3306510cabdc085c06db7a51e806e0fcb94ea4879d81194f72ad263dc54dd02b,/home/rspip/cqc/pro/study/orientbench/annotation_tools/m4_angle_annotation/annotator_A/crops/00d0ab1dc283c0deaf2f.jpg
m4-071-final-v1,A,6244584d7f357a8d2527,24b80c44a1ca9878,FAIR1M-v1.0,73,5520b388a1286a4297a2464d07fb0357721aad0877286fa0fa53ecfc258a5d03,/home/rspip/cqc/pro/study/orientbench/annotation_tools/m4_angle_annotation/annotator_A/crops/6244584d7f357a8d2527.jpg
m4-071-final-v1,A,785c5e076ddf845a7720,46e088c777bd09e6,DIOR-R,74,7833139db27f098b3581bd450b7c7bf0078b39127feb85c482bf834146aaf59d,/home/rspip/cqc/pro/study/orientbench/annotation_tools/m4_angle_annotation/annotator_A/crops/785c5e076ddf845a7720.jpg
m4-071-final-v1,A,c1476467d6c9446c1259,703b1287f887bb6f,DIOR-R,75,7de95892cc045dc86b4e770cbe23d2ae54773fcb292f2584e07825df79c9cb0f,/home/rspip/cqc/pro/study/orientbench/annotation_tools/m4_angle_annotation/annotator_A/crops/c1476467d6c9446c1259.jpg
m4-071-final-v1,A,77f5e9731fd6460c4f72,197c5c28d083a2fc,SODA-A,76,1c851acb4fc59e55b34c4304231b0d33bd5aa0c9612593ec54ed571fa9698b7c,/home/rspip/cqc/pro/study/orientbench/annotation_tools/m4_angle_annotation/annotator_A/crops/77f5e9731fd6460c4f72.jpg
m4-071-final-v1,A,c5a46a59e9f7c9f5f023,4aa211346a0b64c5,FAIR1M-v1.0,77,2c351e5a4e5ed0de8f2370e7e6fb25f7e49f2f3da7618ceb8ddaa32f0b5a3490,/home/rspip/cqc/pro/study/orientbench/annotation_tools/m4_angle_annotation/annotator_A/crops/c5a46a59e9f7c9f5f023.jpg
m4-071-final-v1,A,dc9e169490ff725c126f,d58fdb7847bbbca7,FAIR1M-v1.0,78,20d86bfffc75b41626dd083912c02562a181b4489bf900fcc2cbfffa07c2f8ca,/home/rspip/cqc/pro/study/orientbench/annotation_tools/m4_angle_annotation/annotator_A/crops/dc9e169490ff725c126f.jpg
m4-071-final-v1,A,d09efdb8254e97a2c6a3,0bd16e07b145d62d,DIOR-R,79,d4bf23fdc93dab65ec138ed769894c2ad606e42b4fe19d94695fc8101108f412,/home/rspip/cqc/pro/study/orientbench/annotation_tools/m4_angle_annotation/annotator_A/crops/d09efdb8254e97a2c6a3.jpg
m4-071-final-v1,A,787fd4d6347ad1869a9a,f7357de27dfb5e91,DIOR-R,80,e4ef45b709ef81ef959614bf6034004a6b81cf394c30baf86ec3e1a41f2a99f8,/home/rspip/cqc/pro/study/orientbench/annotation_tools/m4_angle_annotation/annotator_A/crops/787fd4d6347ad1869a9a.jpg
m4-071-final-v1,A,e4ae8e31c49166cf0ebe,663f4b88e826e316,FAIR1M-v1.0,81,15f374875b71359573df00b9d339ff4d1f6bf156a1dd1f93dd9b8f06f41b32e8,/home/rspip/cqc/pro/study/orientbench/annotation_tools/m4_angle_annotation/annotator_A/crops/e4ae8e31c49166cf0ebe.jpg
m4-071-final-v1,A,64c234e3a73dc4d1d090,2280dd7145448f5d,SODA-A,82,89742680441bf63ef06a2a177f8b43b3324eda3676b49cc2f8ed34b05ec8179e,/home/rspip/cqc/pro/study/orientbench/annotation_tools/m4_angle_annotation/annotator_A/crops/64c234e3a73dc4d1d090.jpg
m4-071-final-v1,A,3e3ea413d2af1cb8676e,6363911f1fe3003e,SODA-A,83,fed84715adba8b365cd2db5ce4d0b29ee30a814f5e390e13dd1789be7da69418,/home/rspip/cqc/pro/study/orientbench/annotation_tools/m4_angle_annotation/annotator_A/crops/3e3ea413d2af1cb8676e.jpg
m4-071-final-v1,A,f290f561dc097a2c91c9,a1b9387304eccace,FAIR1M-v1.0,84,845e037a7ed50dda7188fd79483ac428a9bf5925db751a8bc779d0b7996f1e86,/home/rspip/cqc/pro/study/orientbench/annotation_tools/m4_angle_annotation/annotator_A/crops/f290f561dc097a2c91c9.jpg
m4-071-final-v1,A,d16b697f28204632bd5a,34a8ecd1e01b938f,DIOR-R,85,108117b82301af910409c0efedc94ae4cfd7029112bf680927a41c7b9357a343,/home/rspip/cqc/pro/study/orientbench/annotation_tools/m4_angle_annotation/annotator_A/crops/d16b697f28204632bd5a.jpg
m4-071-final-v1,A,f36ad5a8acd7d9fed316,3e024a0c59456289,SODA-A,86,63147498ddb0143f2aea603e3672c7202fbf44bae7609c4b0fe5dcf479e64906,/home/rspip/cqc/pro/study/orientbench/annotation_tools/m4_angle_annotation/annotator_A/crops/f36ad5a8acd7d9fed316.jpg
m4-071-final-v1,A,8d13fc8ff58098c7ede7,7fccbe2f74a4bada,FAIR1M-v1.0,87,b7fb534ce45166a1f9a6a1bd7ee8d3c251f5c1b01ad144dac20125575fc1b1cd,/home/rspip/cqc/pro/study/orientbench/annotation_tools/m4_angle_annotation/annotator_A/crops/8d13fc8ff58098c7ede7.jpg
m4-071-final-v1,A,bc8be805a04f845d14e9,fbe650b1bdf5daa4,DIOR-R,88,ecce360aab5979a05c4ada67f7182ca378f12187a295dbd65a497173fb199517,/home/rspip/cqc/pro/study/orientbench/annotation_tools/m4_angle_annotation/annotator_A/crops/bc8be805a04f845d14e9.jpg
m4-071-final-v1,A,3127b4e5b40fa420fbb2,05082014fe972812,FAIR1M-v1.0,89,a3b7829a3df9a9eb783bdaf91605bf64f8efc39134c78f4a01d350daae45e047,/home/rspip/cqc/pro/study/orientbench/annotation_tools/m4_angle_annotation/annotator_A/crops/3127b4e5b40fa420fbb2.jpg
m4-071-final-v1,A,8473d6811795393dbc80,e81553fc128cac81,FAIR1M-v1.0,90,4d3feba02c42f1fe4745efa025048c52baee6e7b6f2909196aca0324b0ca52d4,/home/rspip/cqc/pro/study/orientbench/annotation_tools/m4_angle_annotation/annotator_A/crops/8473d6811795393dbc80.jpg
m4-071-final-v1,A,470e5427b3fde06cce4e,bc1fd4d6d3960de3,DIOR-R,91,711156fd5fe8bee45e5b0fbeed93ce34abfaf6461f56671a73ac63db978afe89,/home/rspip/cqc/pro/study/orientbench/annotation_tools/m4_angle_annotation/annotator_A/crops/470e5427b3fde06cce4e.jpg
m4-071-final-v1,A,8936370234a8a9a1611e,4f3c434881c5d57f,FAIR1M-v1.0,92,e88d34ae4eb98f46aacf000961f8672643eb83d9b68f7268cdf5591ef41a1b77,/home/rspip/cqc/pro/study/orientbench/annotation_tools/m4_angle_annotation/annotator_A/crops/8936370234a8a9a1611e.jpg
m4-071-final-v1,A,5b21ca9b0ffbbe2b08ed,9a1a44f3c8901ab0,FAIR1M-v1.0,93,abf3bb38f9994886023a618038657e024265d968e65a16fec4773c571954e260,/home/rspip/cqc/pro/study/orientbench/annotation_tools/m4_angle_annotation/annotator_A/crops/5b21ca9b0ffbbe2b08ed.jpg
m4-071-final-v1,A,112d9301d6c31deb785b,905ea71752531836,SODA-A,94,85c8040493e3991d015d70781b583c50b50d5eccbe5449645be2ff140721a52c,/home/rspip/cqc/pro/study/orientbench/annotation_tools/m4_angle_annotation/annotator_A/crops/112d9301d6c31deb785b.jpg
m4-071-final-v1,A,fe7436f7c617d60fa5e8,3e63636af36baff1,FAIR1M-v1.0,95,9a987ff2206ef3223daba43dd340d0a13f24110c19cc6faed38c6be8d2e131c0,/home/rspip/cqc/pro/study/orientbench/annotation_tools/m4_angle_annotation/annotator_A/crops/fe7436f7c617d60fa5e8.jpg
m4-071-final-v1,A,62b037d0f5281a585b4a,129f458ad04ac8a9,FAIR1M-v1.0,96,b652a12502caff4dd92365160da5d6feb315beed7810c8cae6ddbb2e4f9b5e8c,/home/rspip/cqc/pro/study/orientbench/annotation_tools/m4_angle_annotation/annotator_A/crops/62b037d0f5281a585b4a.jpg
m4-071-final-v1,A,b6e0551484a741c50545,8e56ac53539699d1,SODA-A,97,80ebfafac0a4c6874b21852f5f246f1eba26f4b23fba6bbeda95197ac63c59ee,/home/rspip/cqc/pro/study/orientbench/annotation_tools/m4_angle_annotation/annotator_A/crops/b6e0551484a741c50545.jpg
m4-071-final-v1,A,a0f05ef5266e491873c2,4d640a4a492e7b53,DIOR-R,98,f03b87fa2898e315f09a554f388f5d71ca14e0ced6bbdbd31b09126b6353c12f,/home/rspip/cqc/pro/study/orientbench/annotation_tools/m4_angle_annotation/annotator_A/crops/a0f05ef5266e491873c2.jpg
m4-071-final-v1,A,96b62f5f11118d444fc5,30afd0ef2dff8a7b,SODA-A,99,d7076132c175a3f925f98c90c887e3da48a1a22db4e0d551232d7edb05f6eda8,/home/rspip/cqc/pro/study/orientbench/annotation_tools/m4_angle_annotation/annotator_A/crops/96b62f5f11118d444fc5.jpg
m4-071-final-v1,A,46a3562675bca3043666,3d637368610dc668,FAIR1M-v1.0,100,b0db1588874e803ef97513858baa570ed4791c14787ec2508dbc7b25d2f8fad0,/home/rspip/cqc/pro/study/orientbench/annotation_tools/m4_angle_annotation/annotator_A/crops/46a3562675bca3043666.jpg
m4-071-final-v1,A,dc12d022de71dfec4eb8,47dd8544c36dd269,DIOR-R,101,6c888f77a8108276e811d5c018ac5990b3a99da3e9376ac9af7650237c143fe7,/home/rspip/cqc/pro/study/orientbench/annotation_tools/m4_angle_annotation/annotator_A/crops/dc12d022de71dfec4eb8.jpg
m4-071-final-v1,A,21582ed77722636826e7,ea203777c3f8871a,SODA-A,102,ef06e577195fb7841b0ff448fc867d516d8340fcaff97c8803dbed222fce2d23,/home/rspip/cqc/pro/study/orientbench/annotation_tools/m4_angle_annotation/annotator_A/crops/21582ed77722636826e7.jpg
m4-071-final-v1,A,4dd632ca0557d0fe6616,ec093c884db655a2,SODA-A,103,e4a0ff8f81e6a8c1dd69d3e8fe97566584300582599a01dd47c0e0200ba5e4ec,/home/rspip/cqc/pro/study/orientbench/annotation_tools/m4_angle_annotation/annotator_A/crops/4dd632ca0557d0fe6616.jpg
m4-071-final-v1,A,2a16f396024da7794427,52653c939e4c15ed,FAIR1M-v1.0,104,263647df8dc447a0488f244cc9574eb1f2890cd7bd62ed860b12686112b0a453,/home/rspip/cqc/pro/study/orientbench/annotation_tools/m4_angle_annotation/annotator_A/crops/2a16f396024da7794427.jpg
m4-071-final-v1,A,4312c5f45b9ea388a93d,56a7ecde48a29745,FAIR1M-v1.0,105,41ff32052320fa1159d9731d0939a55ecf81e8ebe97a8fe938d65dd454376cc8,/home/rspip/cqc/pro/study/orientbench/annotation_tools/m4_angle_annotation/annotator_A/crops/4312c5f45b9ea388a93d.jpg
m4-071-final-v1,A,33edd268cca58f79f7d4,fc2ccb14e2f3e01e,SODA-A,106,828d85d941d1e91bff4b625f98422b5e95f49ef478ed0d66bc269ece4ee5c3e4,/home/rspip/cqc/pro/study/orientbench/annotation_tools/m4_angle_annotation/annotator_A/crops/33edd268cca58f79f7d4.jpg
m4-071-final-v1,A,69892b6bdbb8da1482ee,b563d9f6ead4a4c7,SODA-A,107,128f133fb3a5ea194c5159475ae178fbb224f9a2d686a3f22104572cffd20a26,/home/rspip/cqc/pro/study/orientbench/annotation_tools/m4_angle_annotation/annotator_A/crops/69892b6bdbb8da1482ee.jpg
m4-071-final-v1,A,3fd98bdfaee5bbd9eb96,f3276b3aeb3f4ce5,DIOR-R,108,7d0fa92ded0acbd62cdd8087ec5c3631497666d922c237efe081048782d1833b,/home/rspip/cqc/pro/study/orientbench/annotation_tools/m4_angle_annotation/annotator_A/crops/3fd98bdfaee5bbd9eb96.jpg
m4-071-final-v1,A,aded389f8c467e659503,1bb2b2326864db99,FAIR1M-v1.0,109,99182fcd289db584f163a5fdd492c2b4a1b812085bb90e6218d56e966216a7b8,/home/rspip/cqc/pro/study/orientbench/annotation_tools/m4_angle_annotation/annotator_A/crops/aded389f8c467e659503.jpg
m4-071-final-v1,A,cfbb076261ee24969511,1e02d428965a0211,SODA-A,110,9cca62a5a16086ba2cc663399f94f94c064c9f8330a545aca058c1158d08b13b,/home/rspip/cqc/pro/study/orientbench/annotation_tools/m4_angle_annotation/annotator_A/crops/cfbb076261ee24969511.jpg
m4-071-final-v1,A,8835850b8538842ed455,75bb9116f3c34c09,SODA-A,111,b4fdda8db338b2f3951ed5f88e7152f69993ad3a433f905ace66be8963957478,/home/rspip/cqc/pro/study/orientbench/annotation_tools/m4_angle_annotation/annotator_A/crops/8835850b8538842ed455.jpg
m4-071-final-v1,A,efdd91fd8d873dd3ac42,c97d6709d7d4757a,FAIR1M-v1.0,112,f2392947ff8a7b3e5c452b76870d936f626d7267d25ef0a187706a5ad3c9b674,/home/rspip/cqc/pro/study/orientbench/annotation_tools/m4_angle_annotation/annotator_A/crops/efdd91fd8d873dd3ac42.jpg
m4-071-final-v1,A,26899feda5f49b282fe7,c47d013701381a3d,FAIR1M-v1.0,113,95e8afd1fa4ef86d548c7adb88193dc085b6f6dbd70fc3b475e1e3e9d9b61e1e,/home/rspip/cqc/pro/study/orientbench/annotation_tools/m4_angle_annotation/annotator_A/crops/26899feda5f49b282fe7.jpg
m4-071-final-v1,A,37ae45a541d007fa3bdf,56b495f36311def3,SODA-A,114,61ec939615af7070c66e46cfdb73fdf77285374c7a0d1c63f0f4ed2c9731f1a8,/home/rspip/cqc/pro/study/orientbench/annotation_tools/m4_angle_annotation/annotator_A/crops/37ae45a541d007fa3bdf.jpg
m4-071-final-v1,A,2212bf59740024a51a12,c3774ced28358a16,FAIR1M-v1.0,115,1833fb0886e75e34b0482e795338b6f51a8472206237bb5c4dbbb85c2289fac3,/home/rspip/cqc/pro/study/orientbench/annotation_tools/m4_angle_annotation/annotator_A/crops/2212bf59740024a51a12.jpg
m4-071-final-v1,A,8867ac56cc3f9c549601,91760b4ad5c3be9e,DIOR-R,116,0b03c5bd57ff475c11c1d5d58798cf7e2735b4d587b4da4f6be82004c1747e68,/home/rspip/cqc/pro/study/orientbench/annotation_tools/m4_angle_annotation/annotator_A/crops/8867ac56cc3f9c549601.jpg
m4-071-final-v1,A,3543f25666d949546492,08d2f445bf4d9385,FAIR1M-v1.0,117,7e128c46c485328d1c42b978dd0b38fdc2334a12ab84ee490f9bebdd417b478a,/home/rspip/cqc/pro/study/orientbench/annotation_tools/m4_angle_annotation/annotator_A/crops/3543f25666d949546492.jpg
m4-071-final-v1,A,12d07770f7bf38eaf92a,e3dc811f747babb2,DIOR-R,118,73327e0e3a4f2ae6b061de03780cfc1e31253b95fa1c4d1fecd10034821892ca,/home/rspip/cqc/pro/study/orientbench/annotation_tools/m4_angle_annotation/annotator_A/crops/12d07770f7bf38eaf92a.jpg
m4-071-final-v1,A,1b8058054d82d9bc5f4c,81d934df4d3acf46,FAIR1M-v1.0,119,250d4eb3a26a4b9c500e33ba03f259eb820b021a07729cd1f69104edcd72b5b5,/home/rspip/cqc/pro/study/orientbench/annotation_tools/m4_angle_annotation/annotator_A/crops/1b8058054d82d9bc5f4c.jpg
m4-071-final-v1,A,7aa03533c90bc9806488,14381be7c19b225b,SODA-A,120,f1f74cd51b3882cf7c3e18ae70f7f1e8404ab7bc6af3363883aa1eefc2d39eb1,/home/rspip/cqc/pro/study/orientbench/annotation_tools/m4_angle_annotation/annotator_A/crops/7aa03533c90bc9806488.jpg
m4-071-final-v1,A,f73d869ce2813d5f5443,fc5045dd9772e2e2,DIOR-R,121,5e1dcb651b25140fb94fcd1bb50ba765151c841a8daf0b4f529a66ece594d9d3,/home/rspip/cqc/pro/study/orientbench/annotation_tools/m4_angle_annotation/annotator_A/crops/f73d869ce2813d5f5443.jpg
m4-071-final-v1,A,d2dbbfa3e9285dc86aae,e1bece22e410dd0f,DIOR-R,122,34a83c20bba205c8c680588a2a163aebaa5f071f72f42d353dc41bd92bc4170c,/home/rspip/cqc/pro/study/orientbench/annotation_tools/m4_angle_annotation/annotator_A/crops/d2dbbfa3e9285dc86aae.jpg
m4-071-final-v1,A,d7014780c9421d7876f9,2f9777a906791220,SODA-A,123,b2f439432e4bc8a3180ec9ac4536a867ba0dbba8cd4df2ce010f73a5cc8e0924,/home/rspip/cqc/pro/study/orientbench/annotation_tools/m4_angle_annotation/annotator_A/crops/d7014780c9421d7876f9.jpg
m4-071-final-v1,A,76846c13482f8979fa27,7de5cfb9881a2373,SODA-A,124,3c967dd24e0c910b69481aeb1590b8174a9e129d1138cf3362e19c0fa09771db,/home/rspip/cqc/pro/study/orientbench/annotation_tools/m4_angle_annotation/annotator_A/crops/76846c13482f8979fa27.jpg
m4-071-final-v1,A,a7a0afdd6ee7e97946fb,5069a0a031ebaee2,FAIR1M-v1.0,125,2563b9249a19dad956f49f6e4650f0addc0b5aff2ca5596fbabe6b5998acd6a5,/home/rspip/cqc/pro/study/orientbench/annotation_tools/m4_angle_annotation/annotator_A/crops/a7a0afdd6ee7e97946fb.jpg
m4-071-final-v1,A,ffe67605b450f7e51752,0f0a605b3d92594b,SODA-A,126,b90e12a78e81128935167576007500b36922c9de6c54ecd28da8ae81e1c4cb72,/home/rspip/cqc/pro/study/orientbench/annotation_tools/m4_angle_annotation/annotator_A/crops/ffe67605b450f7e51752.jpg
m4-071-final-v1,A,2de226d82dc4c2e528c9,c3e9e3eb38c8405d,DIOR-R,127,47ab9ead0ba1a6659520fdd8d95f0e53acc7f02ff1ef0284cd9b12235384f673,/home/rspip/cqc/pro/study/orientbench/annotation_tools/m4_angle_annotation/annotator_A/crops/2de226d82dc4c2e528c9.jpg
m4-071-final-v1,A,efdbc43944ab4aa4cbc6,860667d1353a67a9,DIOR-R,128,92e25b8360e4d51db517292f3831eaec72150ee2b397cfb7ea4e2aeb684dcda6,/home/rspip/cqc/pro/study/orientbench/annotation_tools/m4_angle_annotation/annotator_A/crops/efdbc43944ab4aa4cbc6.jpg
m4-071-final-v1,A,58823abfdfeb573584d0,ae5383f9df259c3c,SODA-A,129,08e1f654ae52e2b8bb9e490c47770585ca9b60fcb528b204efcffc05fa29fc45,/home/rspip/cqc/pro/study/orientbench/annotation_tools/m4_angle_annotation/annotator_A/crops/58823abfdfeb573584d0.jpg
m4-071-final-v1,A,d5b2520d4055dbc6c74c,c73e58a8d640df1d,SODA-A,130,6638c5f0eeb88bc2c111ed72cfeb6d83812d43574f8d0f7f66bf071af5d63277,/home/rspip/cqc/pro/study/orientbench/annotation_tools/m4_angle_annotation/annotator_A/crops/d5b2520d4055dbc6c74c.jpg
m4-071-final-v1,A,22f706246cebc5fc5691,61678f8d054d3992,SODA-A,131,76ce308e84f1c82642db2de6512ecbe57b387a8da78c502896841fe3cd16a9ad,/home/rspip/cqc/pro/study/orientbench/annotation_tools/m4_angle_annotation/annotator_A/crops/22f706246cebc5fc5691.jpg
m4-071-final-v1,A,eae7e684a671e9ee7478,86e4898759bfa621,SODA-A,132,03f8cb4089aa2d4498fb20324be75e5d21a444d9662914c8d49e2c4bf0942c75,/home/rspip/cqc/pro/study/orientbench/annotation_tools/m4_angle_annotation/annotator_A/crops/eae7e684a671e9ee7478.jpg
m4-071-final-v1,A,691c7ce14c191af5234c,6cc621299b704614,DIOR-R,133,ae9cff597c1254f5dda2c2d24fde8059c44b84ba51cfb97964206b377b307850,/home/rspip/cqc/pro/study/orientbench/annotation_tools/m4_angle_annotation/annotator_A/crops/691c7ce14c191af5234c.jpg
m4-071-final-v1,A,e91779a06a71a4ccf212,e8a6912665dea1f6,FAIR1M-v1.0,134,0afc177b6d3e7f6b03a4369d9f5272a41980c6f69b9df152cdc2dcb9fa67d199,/home/rspip/cqc/pro/study/orientbench/annotation_tools/m4_angle_annotation/annotator_A/crops/e91779a06a71a4ccf212.jpg
m4-071-final-v1,A,d78be38013cd62f23b53,3c00a707c37fd583,SODA-A,135,00533024ee19ebceb9d5b678ee7d5c71cb7f8ccdf6cedb9ddd129edfa52ce58a,/home/rspip/cqc/pro/study/orientbench/annotation_tools/m4_angle_annotation/annotator_A/crops/d78be38013cd62f23b53.jpg
m4-071-final-v1,A,bfa8f754d048d76ebb5d,8f9edc772889336d,DIOR-R,136,bfbe9165b4a990bfae4b14906956c9f3f2522d0a168237ef0fda1d51b6f8eb40,/home/rspip/cqc/pro/study/orientbench/annotation_tools/m4_angle_annotation/annotator_A/crops/bfa8f754d048d76ebb5d.jpg
m4-071-final-v1,A,226c7da938f217fe15f6,572435f0f7f67ee6,SODA-A,137,793ac3377fef09a798611a8e315ba420300070f2dac4eb8d9492df3b2924e137,/home/rspip/cqc/pro/study/orientbench/annotation_tools/m4_angle_annotation/annotator_A/crops/226c7da938f217fe15f6.jpg
m4-071-final-v1,A,5e29d8ca7ddf6c05dada,82266f2313b9e104,FAIR1M-v1.0,138,5e7db4b0872c1415c95da34e389044107cf3a4e16cdbf6bb927a3e09f7ce4c8d,/home/rspip/cqc/pro/study/orientbench/annotation_tools/m4_angle_annotation/annotator_A/crops/5e29d8ca7ddf6c05dada.jpg
m4-071-final-v1,A,efe357a7cefa3e91db54,38153dc8be349a37,FAIR1M-v1.0,139,477089c8dc9dbbe250d8eb745a5e104d9aa20414146f60970d15423ea0c8a656,/home/rspip/cqc/pro/study/orientbench/annotation_tools/m4_angle_annotation/annotator_A/crops/efe357a7cefa3e91db54.jpg
m4-071-final-v1,A,1c4d7252723058026bc6,034faf734f0393c8,SODA-A,140,6492009b713634cbfa1f728add7c0aa4ebc71d6f5aa6cb58afefcf78e4a45434,/home/rspip/cqc/pro/study/orientbench/annotation_tools/m4_angle_annotation/annotator_A/crops/1c4d7252723058026bc6.jpg
m4-071-final-v1,A,43809dd20dab5a159c44,f5aed09ba3b21d74,SODA-A,141,bb771b60ccced348e216fe33083bd88aa9160fdd32b6f9ad1a534d758eb02032,/home/rspip/cqc/pro/study/orientbench/annotation_tools/m4_angle_annotation/annotator_A/crops/43809dd20dab5a159c44.jpg
m4-071-final-v1,A,7d861f95db49e0f8c862,9ac669110c976a77,DIOR-R,142,a476bd735ef9f2fbd704f395afbf41d68b94e787afaef00416ed62960d109600,/home/rspip/cqc/pro/study/orientbench/annotation_tools/m4_angle_annotation/annotator_A/crops/7d861f95db49e0f8c862.jpg
m4-071-final-v1,A,ea086a9e7214080e3571,e5629ce928bbbad1,FAIR1M-v1.0,143,9c1f589719bf3c8c3facdf2153c0bcd854a09368095433e788873394cb9d0331,/home/rspip/cqc/pro/study/orientbench/annotation_tools/m4_angle_annotation/annotator_A/crops/ea086a9e7214080e3571.jpg
m4-071-final-v1,A,2d77ffec15bd1dc4be81,39698a6deeced908,FAIR1M-v1.0,144,c9d7cc81271a98276170f6ae7935f3e42f3703fb163c7010bd4ec3ebd1d39b2a,/home/rspip/cqc/pro/study/orientbench/annotation_tools/m4_angle_annotation/annotator_A/crops/2d77ffec15bd1dc4be81.jpg
m4-071-final-v1,A,8caa97efbf73e8dd178d,c9e6f29e0a36851f,DIOR-R,145,e74b26f730e8fa154a280e2a4841c6056ed5fd201ff249e6aedc8f553dbf078e,/home/rspip/cqc/pro/study/orientbench/annotation_tools/m4_angle_annotation/annotator_A/crops/8caa97efbf73e8dd178d.jpg
m4-071-final-v1,A,4c38e8566ea2e24fc86c,4ac5a835b572abd4,DIOR-R,146,00ca6f1e61bf399abfb648902c2ad745863fdff403030faf8fd5ec3dc5a8f32e,/home/rspip/cqc/pro/study/orientbench/annotation_tools/m4_angle_annotation/annotator_A/crops/4c38e8566ea2e24fc86c.jpg
m4-071-final-v1,A,93f99ed731b5d29f74fe,2248426dbd1d000b,DIOR-R,147,61d5deacd8695197df80694a4a929b36b30fd9253c9ca5155c530e02a1e26a3f,/home/rspip/cqc/pro/study/orientbench/annotation_tools/m4_angle_annotation/annotator_A/crops/93f99ed731b5d29f74fe.jpg
m4-071-final-v1,A,429adddc97e9caed32dc,86eefdfc61bd02b3,DIOR-R,148,c3261a46900185190ffddca0eb1c4d2f50de2aa70034e3f6a0f8b1ff36236bf8,/home/rspip/cqc/pro/study/orientbench/annotation_tools/m4_angle_annotation/annotator_A/crops/429adddc97e9caed32dc.jpg
m4-071-final-v1,A,5aca7b95b775fdbbe36b,bc3f1cb52de6b28f,SODA-A,149,c9e0f761b381a290ad37e28d129cdd03b5f280ca44878d413638d1ce5443254a,/home/rspip/cqc/pro/study/orientbench/annotation_tools/m4_angle_annotation/annotator_A/crops/5aca7b95b775fdbbe36b.jpg
m4-071-final-v1,A,3dac6eeedfda338288d1,c724e5dec82ecb7e,SODA-A,150,1e2cfa7578f313af635aa550f040f2c2255bb0f4fa86cb4fccd50f2f3b448db5,/home/rspip/cqc/pro/study/orientbench/annotation_tools/m4_angle_annotation/annotator_A/crops/3dac6eeedfda338288d1.jpg
m4-071-final-v1,A,76e644249b7f15f2a7dc,0aba074f8cf61c54,FAIR1M-v1.0,151,1af31c2d95faedb091f2b31a5f5b5e016bd40a888abe8de98df0a70afdb86f2a,/home/rspip/cqc/pro/study/orientbench/annotation_tools/m4_angle_annotation/annotator_A/crops/76e644249b7f15f2a7dc.jpg
m4-071-final-v1,A,ffae625f26a6203241de,fd360dfd44b55275,FAIR1M-v1.0,152,cd32865d080a9ec62642982a5bcf51c36c6126d196177c204104dbbdf48142e5,/home/rspip/cqc/pro/study/orientbench/annotation_tools/m4_angle_annotation/annotator_A/crops/ffae625f26a6203241de.jpg
m4-071-final-v1,A,f79659417d58c7403ddb,2cb37ac1a7da2eeb,FAIR1M-v1.0,153,f44f146c0a2c622b02706b205456ebf6ebfd22b40f7f93c0230740675843fa44,/home/rspip/cqc/pro/study/orientbench/annotation_tools/m4_angle_annotation/annotator_A/crops/f79659417d58c7403ddb.jpg
m4-071-final-v1,A,85ae93ae869f79cc8ec1,d69040084cfc4879,FAIR1M-v1.0,154,2c9b2a5a8c1d56f3185c1aba235315d73b0cdc1e686271376536b6f384976158,/home/rspip/cqc/pro/study/orientbench/annotation_tools/m4_angle_annotation/annotator_A/crops/85ae93ae869f79cc8ec1.jpg
m4-071-final-v1,A,8fcc6dfcb48f1670c963,39d54d6d8c886867,DIOR-R,155,499eec67ea32bf2a4a3054fa9ba9d1d2c060975f664fcbfb9d62fd845a988887,/home/rspip/cqc/pro/study/orientbench/annotation_tools/m4_angle_annotation/annotator_A/crops/8fcc6dfcb48f1670c963.jpg
m4-071-final-v1,A,33c2993e38144bfe8264,3b1d9e4733c5807b,FAIR1M-v1.0,156,aef7555d8e46db1335205d9d0e28a5333537975f8c5dddab09adb8d3a2e694c0,/home/rspip/cqc/pro/study/orientbench/annotation_tools/m4_angle_annotation/annotator_A/crops/33c2993e38144bfe8264.jpg
m4-071-final-v1,A,7289f142d344609a7e4f,6b885cd5147d59a3,DIOR-R,157,246f8bb6f4846e449d3aaea0bcc92d5f423845e94380ed52a4b3b440a3a47d0e,/home/rspip/cqc/pro/study/orientbench/annotation_tools/m4_angle_annotation/annotator_A/crops/7289f142d344609a7e4f.jpg
m4-071-final-v1,A,8de0ce643e3aff87a241,0b09fa8f6f4229b2,FAIR1M-v1.0,158,021eb657fac9f0ea03c1c7033c0028f70c101e771b62f59ec452295ed8559b38,/home/rspip/cqc/pro/study/orientbench/annotation_tools/m4_angle_annotation/annotator_A/crops/8de0ce643e3aff87a241.jpg
m4-071-final-v1,A,b9140efa8102c30d0799,013c2439b0ccac33,DIOR-R,159,e190abc8c0edee66e17b2de58b9c7fae63f04789814a921d9764fe407365b7e8,/home/rspip/cqc/pro/study/orientbench/annotation_tools/m4_angle_annotation/annotator_A/crops/b9140efa8102c30d0799.jpg
m4-071-final-v1,A,edcea1f23a8e5a7bb539,7c3801a99132c6a9,DIOR-R,160,ce6a83f53afe4a97c82f04208cc3d086bfc3bcd6e84fe1d6cc1cfe3ffb3481bb,/home/rspip/cqc/pro/study/orientbench/annotation_tools/m4_angle_annotation/annotator_A/crops/edcea1f23a8e5a7bb539.jpg
m4-071-final-v1,A,dd8cdbfe02c8e658ddad,1a1715d714bacf6f,FAIR1M-v1.0,161,e4248b0819924256a84bdaab523fd7d2ab23a4fa69ad10bc935b57f8adf926c3,/home/rspip/cqc/pro/study/orientbench/annotation_tools/m4_angle_annotation/annotator_A/crops/dd8cdbfe02c8e658ddad.jpg
m4-071-final-v1,A,8873673e8bd481498d34,a3559cc1ddd6b3bf,DIOR-R,162,84e55aef88608bbb4e3152005778b8f51774c8a2b5aafcfc23d80bdf0d371592,/home/rspip/cqc/pro/study/orientbench/annotation_tools/m4_angle_annotation/annotator_A/crops/8873673e8bd481498d34.jpg
m4-071-final-v1,A,02c402fdf7ec2443686a,46c1934186e49d83,SODA-A,163,4a6e2d690f1b168b3637f8d18aaab488eb87335b70603418c5a76e8b56212f7e,/home/rspip/cqc/pro/study/orientbench/annotation_tools/m4_angle_annotation/annotator_A/crops/02c402fdf7ec2443686a.jpg
m4-071-final-v1,A,1f200899993408563222,d1e3423e7b1a62be,DIOR-R,164,07ad8806bc93ed831c6d8efb60c0eb73fc4fee57d252c993367de61a2a8045ee,/home/rspip/cqc/pro/study/orientbench/annotation_tools/m4_angle_annotation/annotator_A/crops/1f200899993408563222.jpg
m4-071-final-v1,A,fd2b41712e310f7026a4,0c951c4cb67cab3c,FAIR1M-v1.0,165,dc0f5a38505d9f86e0583631c945bc32d4a7c8a423d0a6136532c7532b3d14a4,/home/rspip/cqc/pro/study/orientbench/annotation_tools/m4_angle_annotation/annotator_A/crops/fd2b41712e310f7026a4.jpg
m4-071-final-v1,A,6aa010e069bbba148f7b,40f7ac85305fdf3f,FAIR1M-v1.0,166,24b2c2c15b17968a6da31d2a217c551f3234b871a8e629e63cd7ff7fc3ba9c4c,/home/rspip/cqc/pro/study/orientbench/annotation_tools/m4_angle_annotation/annotator_A/crops/6aa010e069bbba148f7b.jpg
m4-071-final-v1,A,0024d51a21e1a4c7f23b,91c7635cb943270c,DIOR-R,167,331290fa9a61726471d1168172374c4798c44a290959ce9aa79a6954de13a3a2,/home/rspip/cqc/pro/study/orientbench/annotation_tools/m4_angle_annotation/annotator_A/crops/0024d51a21e1a4c7f23b.jpg
m4-071-final-v1,A,92fe5d8caeafc979a16b,c50f0d9eca7abd5c,FAIR1M-v1.0,168,7e9aaa8ab2bc763c4a731490c482126a85851fd6964257e17a135d1f74859e81,/home/rspip/cqc/pro/study/orientbench/annotation_tools/m4_angle_annotation/annotator_A/crops/92fe5d8caeafc979a16b.jpg
m4-071-final-v1,A,c1acbbe8ba3ab7dd1e8f,a0f842e4206d0209,SODA-A,169,7fe38a7f1237ca4c13e2c89167a54f032f235b173300d66f5cf2926a1073d3df,/home/rspip/cqc/pro/study/orientbench/annotation_tools/m4_angle_annotation/annotator_A/crops/c1acbbe8ba3ab7dd1e8f.jpg
m4-071-final-v1,A,19bd8bd9daab17c10a4c,b074f6874285b046,DIOR-R,170,d281028f903bf91f5878ab8efc9b01a1955c66f8467494cf194d19ee2480549b,/home/rspip/cqc/pro/study/orientbench/annotation_tools/m4_angle_annotation/annotator_A/crops/19bd8bd9daab17c10a4c.jpg
m4-071-final-v1,A,85c183a3391bc46bcd9d,3fd2c5b8e586fe8e,DIOR-R,171,1ca9cd81fa4723b6e50d2e5893b3d3de4fe5ff2427795f4db4f5b57880d9805b,/home/rspip/cqc/pro/study/orientbench/annotation_tools/m4_angle_annotation/annotator_A/crops/85c183a3391bc46bcd9d.jpg
m4-071-final-v1,A,89f07a7525a1ac00ebd3,39fa0c1b51759963,SODA-A,172,7c3c3ce0cc9e1213e5c2fd566646a85df901d699973104519f4f928bc21833cd,/home/rspip/cqc/pro/study/orientbench/annotation_tools/m4_angle_annotation/annotator_A/crops/89f07a7525a1ac00ebd3.jpg
m4-071-final-v1,A,82d6f1865ec8096f5883,4ec7b96a1f145ae4,FAIR1M-v1.0,173,6f7476a0faeb18cca46c28eb5060def9997ee44f85d05567bb86487bd1cea856,/home/rspip/cqc/pro/study/orientbench/annotation_tools/m4_angle_annotation/annotator_A/crops/82d6f1865ec8096f5883.jpg
m4-071-final-v1,A,ced8afd45f2c62d84d66,cd70cec0d14bc208,FAIR1M-v1.0,174,43326d6e1f3219d65e75b6201ae0c457e7dfce635232bbb5e9a30ed77b16d011,/home/rspip/cqc/pro/study/orientbench/annotation_tools/m4_angle_annotation/annotator_A/crops/ced8afd45f2c62d84d66.jpg
m4-071-final-v1,A,919e0b7131ee5a58726d,03f01a2b2741d77a,FAIR1M-v1.0,175,eb89cabb47176ca2b8dcdd176ed6254990657451c52c9588e4cf2e6e50bd2713,/home/rspip/cqc/pro/study/orientbench/annotation_tools/m4_angle_annotation/annotator_A/crops/919e0b7131ee5a58726d.jpg
m4-071-final-v1,A,9b9f26bf5eb35a1815d7,c73486457bd0db73,FAIR1M-v1.0,176,8f86aa627480f2215f4877085dac7788d7b039b3187cb7d6ae954552e5b2819b,/home/rspip/cqc/pro/study/orientbench/annotation_tools/m4_angle_annotation/annotator_A/crops/9b9f26bf5eb35a1815d7.jpg
m4-071-final-v1,A,fe2c5714c48f8ca61dbe,71a053f7358963c2,FAIR1M-v1.0,177,92e2b7444a89afc8698ea984fb3f5030c5bf086f0984cb1cb326e1d0098bd51a,/home/rspip/cqc/pro/study/orientbench/annotation_tools/m4_angle_annotation/annotator_A/crops/fe2c5714c48f8ca61dbe.jpg
m4-071-final-v1,A,af0dcad8f3e350078133,83f7ba00375ad039,FAIR1M-v1.0,178,dd424cc37dc43e2ab7bb5378541218e74c732189e20ddeed6360d5ce4cae52d3,/home/rspip/cqc/pro/study/orientbench/annotation_tools/m4_angle_annotation/annotator_A/crops/af0dcad8f3e350078133.jpg
m4-071-final-v1,A,d92602b6a4f1dc2eaf83,00a769dab0d42b7e,SODA-A,179,0ddfab885e0b8ddecaefadd9ba8d3058ea66d184bc892290d2ef7b6cec6cdb7c,/home/rspip/cqc/pro/study/orientbench/annotation_tools/m4_angle_annotation/annotator_A/crops/d92602b6a4f1dc2eaf83.jpg
m4-071-final-v1,A,40fb6b3e7d95d62cbb37,42e257a616269513,FAIR1M-v1.0,180,7b767e28fb6e3249b6e96a9595639a814d72d704b53667ca7cc523e725cb1a07,/home/rspip/cqc/pro/study/orientbench/annotation_tools/m4_angle_annotation/annotator_A/crops/40fb6b3e7d95d62cbb37.jpg
m4-071-final-v1,A,576b0ed649fa3cdfd4f5,c3a4d71f5335a2ff,DIOR-R,181,efb4651443d8823f5e5ed4324b1bd8792913d8f754d188951a1ceb6098a22b3d,/home/rspip/cqc/pro/study/orientbench/annotation_tools/m4_angle_annotation/annotator_A/crops/576b0ed649fa3cdfd4f5.jpg
m4-071-final-v1,A,4fcd0130927277a83750,129446d1fb3b301d,SODA-A,182,0c2278d0794ef4c086e00c5426a9c46444323eb5a1438a57b3a89668d04d523a,/home/rspip/cqc/pro/study/orientbench/annotation_tools/m4_angle_annotation/annotator_A/crops/4fcd0130927277a83750.jpg
m4-071-final-v1,A,33c4bc409bb51d46fe50,7ac14ed326acd44c,FAIR1M-v1.0,183,81736cc9b21913f4506130806e5271cbee8103a6ea68347ebb8601e67ed6b96c,/home/rspip/cqc/pro/study/orientbench/annotation_tools/m4_angle_annotation/annotator_A/crops/33c4bc409bb51d46fe50.jpg
m4-071-final-v1,A,54eac71ba3e778a1a443,d465c8e2cf1c3aae,FAIR1M-v1.0,184,903e41b075558ab77aeb0732befb674be62a76df9cc800ecb9ff61de55e4d9b1,/home/rspip/cqc/pro/study/orientbench/annotation_tools/m4_angle_annotation/annotator_A/crops/54eac71ba3e778a1a443.jpg
m4-071-final-v1,A,fa5f3ce20cf75e2922b6,67d1358654249942,FAIR1M-v1.0,185,ab09d3738c0ac75a07c1ecd0c1eb46325a0b44b487cc302052a3b95c11e9e0e8,/home/rspip/cqc/pro/study/orientbench/annotation_tools/m4_angle_annotation/annotator_A/crops/fa5f3ce20cf75e2922b6.jpg
m4-071-final-v1,A,dc159aec240f98e02654,fc67cef57876fcb6,FAIR1M-v1.0,186,d7b0caadda3ecb97d1af4dadb71bc16b918cdeaba83907a137e1987b23f65fda,/home/rspip/cqc/pro/study/orientbench/annotation_tools/m4_angle_annotation/annotator_A/crops/dc159aec240f98e02654.jpg
m4-071-final-v1,A,f6a348e3c1498d150273,7fecdd77fdb46974,FAIR1M-v1.0,187,b4b2f21d01a7cf4947e03fb2266f7bde595a882fb0d8782636c663993ffdc0ab,/home/rspip/cqc/pro/study/orientbench/annotation_tools/m4_angle_annotation/annotator_A/crops/f6a348e3c1498d150273.jpg
m4-071-final-v1,A,d1e3b9d8711bef29242b,3bd67795e7909dfd,SODA-A,188,fce9619b92d5164f7691c970837d05e8fa94c756a79f0eb1fe5c3e469e72ddc6,/home/rspip/cqc/pro/study/orientbench/annotation_tools/m4_angle_annotation/annotator_A/crops/d1e3b9d8711bef29242b.jpg
m4-071-final-v1,A,169d6c0401378be1e327,d0d34351da77ac98,SODA-A,189,3ac1cfe582db4125e94bcfdcfd038c836f4ca41a3ffac86e8172e80f07d18904,/home/rspip/cqc/pro/study/orientbench/annotation_tools/m4_angle_annotation/annotator_A/crops/169d6c0401378be1e327.jpg
m4-071-final-v1,A,75b7fe1ae37d802f0afe,d2c9b3fd6e29a254,SODA-A,190,a3d67373b886adf359c1583677a3551fd214ff4f9cd9dce94fbeaebe184c279a,/home/rspip/cqc/pro/study/orientbench/annotation_tools/m4_angle_annotation/annotator_A/crops/75b7fe1ae37d802f0afe.jpg
m4-071-final-v1,A,5c2569b37171441e36e8,2dff38a5a209811b,DIOR-R,191,b1d2baf4562545759ac8507af485c2650e3e3660d9124ddd858a794868f72b30,/home/rspip/cqc/pro/study/orientbench/annotation_tools/m4_angle_annotation/annotator_A/crops/5c2569b37171441e36e8.jpg
m4-071-final-v1,A,b637b24e6a775f14e5a7,dbd2bb2c41304299,DIOR-R,192,a3352cc7ce92653505c3f16a78e38c2b7132a41333f5b1d93e06f124221df533,/home/rspip/cqc/pro/study/orientbench/annotation_tools/m4_angle_annotation/annotator_A/crops/b637b24e6a775f14e5a7.jpg
m4-071-final-v1,A,0b75bb0a1f8f0b81fb52,4f9df17fa135e303,SODA-A,193,60bc4b488652035f95ddda58ea07f90ce229229778cc14c1ee547a77dbd36b2b,/home/rspip/cqc/pro/study/orientbench/annotation_tools/m4_angle_annotation/annotator_A/crops/0b75bb0a1f8f0b81fb52.jpg
m4-071-final-v1,A,726bfa09358f0564996f,2466f63aa646a99d,FAIR1M-v1.0,194,f79a44b49c416c72f01e47c9975721f40c13505353ef7c9e6deb2dfc9cfb19e2,/home/rspip/cqc/pro/study/orientbench/annotation_tools/m4_angle_annotation/annotator_A/crops/726bfa09358f0564996f.jpg
m4-071-final-v1,A,3ede395d673d316b5c90,cc86908a59bb0fd3,FAIR1M-v1.0,195,f055329ec1ee3fd90fb3f4167a3805bcbca0169a11883767d1c57147205a5c38,/home/rspip/cqc/pro/study/orientbench/annotation_tools/m4_angle_annotation/annotator_A/crops/3ede395d673d316b5c90.jpg
m4-071-final-v1,A,97e1e2948d61f3716031,7ea90bf551a972f0,DIOR-R,196,fab5e6489d693c6c134205c1bf0450b0c031db812bc4697231d7f689f736f90e,/home/rspip/cqc/pro/study/orientbench/annotation_tools/m4_angle_annotation/annotator_A/crops/97e1e2948d61f3716031.jpg
m4-071-final-v1,A,4db1eb21bd301182999e,665a00b3728188ec,DIOR-R,197,3b352633c3a939b4fd0bb1f0b1dbb6e93896b68cbc726e79d4e5d358e086b582,/home/rspip/cqc/pro/study/orientbench/annotation_tools/m4_angle_annotation/annotator_A/crops/4db1eb21bd301182999e.jpg
m4-071-final-v1,A,1febbfbe328ce283d199,b04e17151c2f15be,FAIR1M-v1.0,198,bb0f64e027d5ddf2d3b47ec4cc7ea301f13f7292e0d6a5116155335fe9774ff6,/home/rspip/cqc/pro/study/orientbench/annotation_tools/m4_angle_annotation/annotator_A/crops/1febbfbe328ce283d199.jpg
m4-071-final-v1,A,45639b37f863c96aa93e,5353c97faa36ff7f,FAIR1M-v1.0,199,cb3a18faa56ff9d30cc1b42e880d304429b535e926bdc755f8e53a1b71060cdb,/home/rspip/cqc/pro/study/orientbench/annotation_tools/m4_angle_annotation/annotator_A/crops/45639b37f863c96aa93e.jpg
m4-071-final-v1,A,f69c4aca94b2f515e2b3,3f2bfa7d8e6debbc,DIOR-R,200,bd75996ddf6fe5c9d36f975e139ea97e74d62c8ad56fb58da8eea2e98165f334,/home/rspip/cqc/pro/study/orientbench/annotation_tools/m4_angle_annotation/annotator_A/crops/f69c4aca94b2f515e2b3.jpg
m4-071-final-v1,A,e980b1775c4ee9c95ba1,9cd3e639cd7d0f96,FAIR1M-v1.0,201,b034574917f7be865aea8abc65feaad817010527f8c1edf45b419d399e6e61c3,/home/rspip/cqc/pro/study/orientbench/annotation_tools/m4_angle_annotation/annotator_A/crops/e980b1775c4ee9c95ba1.jpg
m4-071-final-v1,A,6af35bcb279b38f65768,d4aa25fb7773f6f9,DIOR-R,202,90745efd53f0ccc99f477be210b318373166a07cdb654264c1edfd31a17c86a2,/home/rspip/cqc/pro/study/orientbench/annotation_tools/m4_angle_annotation/annotator_A/crops/6af35bcb279b38f65768.jpg
m4-071-final-v1,A,8df18db53e41d157026f,15744683a748fd91,DIOR-R,203,c1b2863e6b14c851ca15b85057a3a105d36f76d363da5cf06d8827130fe21666,/home/rspip/cqc/pro/study/orientbench/annotation_tools/m4_angle_annotation/annotator_A/crops/8df18db53e41d157026f.jpg
m4-071-final-v1,A,5533956495883626cd75,401f8a694896363b,SODA-A,204,fedef8669824d08766371eff4fc32422856cd4f58737f2e72287b61d9f0be76d,/home/rspip/cqc/pro/study/orientbench/annotation_tools/m4_angle_annotation/annotator_A/crops/5533956495883626cd75.jpg
m4-071-final-v1,A,0bc7dbcbe88b269187d0,9199b03ff3a3b3f4,FAIR1M-v1.0,205,8fa60800baa412a15c6387bf5ddfb804072e14984e4ef53f7e6a2e7ed452decd,/home/rspip/cqc/pro/study/orientbench/annotation_tools/m4_angle_annotation/annotator_A/crops/0bc7dbcbe88b269187d0.jpg
m4-071-final-v1,A,01d008b384da8377ba2c,ad9734e140caed42,FAIR1M-v1.0,206,e3b7fecf7cb2ff031677f485106fac5c073bec774c295de213c78259b8838c14,/home/rspip/cqc/pro/study/orientbench/annotation_tools/m4_angle_annotation/annotator_A/crops/01d008b384da8377ba2c.jpg
m4-071-final-v1,A,2b5a80b71507252da7e7,96dca9fde4df4e3b,FAIR1M-v1.0,207,9f113ebb0c324806f8c38e3d1047ff9aa1f149ed5aae2044e31c5a961192378b,/home/rspip/cqc/pro/study/orientbench/annotation_tools/m4_angle_annotation/annotator_A/crops/2b5a80b71507252da7e7.jpg
m4-071-final-v1,A,d3ed622f379c08f0b81c,5e8df7a369503313,DIOR-R,208,5b63354010b45f7e748d7340562f8cf598ad270a64ed53f4ab5fd87db2cdcf33,/home/rspip/cqc/pro/study/orientbench/annotation_tools/m4_angle_annotation/annotator_A/crops/d3ed622f379c08f0b81c.jpg
m4-071-final-v1,A,4ffedfa4a297585735ff,1e3d8cc1e6c55d3b,DIOR-R,209,210fb3b1e0096de84cae5df0c00e00a8813684b1eb55a3f6d497a17a838bfc79,/home/rspip/cqc/pro/study/orientbench/annotation_tools/m4_angle_annotation/annotator_A/crops/4ffedfa4a297585735ff.jpg
m4-071-final-v1,A,3d3cc7029e0709e330e1,a2164940df30fd37,FAIR1M-v1.0,210,c0a7f96f544676178930d3d9d47844a0539d1a530f6df14d70f2cbb9beb15fce,/home/rspip/cqc/pro/study/orientbench/annotation_tools/m4_angle_annotation/annotator_A/crops/3d3cc7029e0709e330e1.jpg
m4-071-final-v1,A,8b4870e4de64016e6bf4,6800601003844f38,FAIR1M-v1.0,211,e77505b19f91bbfd06405b71c4fa2d17615a85e4d11832023551c64df9e47daf,/home/rspip/cqc/pro/study/orientbench/annotation_tools/m4_angle_annotation/annotator_A/crops/8b4870e4de64016e6bf4.jpg
m4-071-final-v1,A,91758e4251bfc4c486c9,f251048ed7cbe7df,SODA-A,212,367c6929226cbe8ff160ecd28bda6f3d5520449bdd541a41e1a916a69ebcbc42,/home/rspip/cqc/pro/study/orientbench/annotation_tools/m4_angle_annotation/annotator_A/crops/91758e4251bfc4c486c9.jpg
m4-071-final-v1,A,627e96c96d7b48990402,0ed23620b95ee950,DIOR-R,213,8a94e7ca143c53a763f3fc91d7985db17e73963f7937ad33c61600f9a959d264,/home/rspip/cqc/pro/study/orientbench/annotation_tools/m4_angle_annotation/annotator_A/crops/627e96c96d7b48990402.jpg
m4-071-final-v1,A,2d9a4f6bbd8471e5ccae,0898406f9791d54f,DIOR-R,214,eac452c43bc065177b61235884345915a81267a4543b8175f275f0efd67c0806,/home/rspip/cqc/pro/study/orientbench/annotation_tools/m4_angle_annotation/annotator_A/crops/2d9a4f6bbd8471e5ccae.jpg
m4-071-final-v1,A,66f470dc78a276c3a500,7ea9ba6b904bcdc4,FAIR1M-v1.0,215,b3eec6825ac58cfbd085a69352d46fb666e9ad20a255894c7d80a914b9de26fa,/home/rspip/cqc/pro/study/orientbench/annotation_tools/m4_angle_annotation/annotator_A/crops/66f470dc78a276c3a500.jpg
m4-071-final-v1,A,3860ce2abd650b682522,1fc3b3b40c01488a,SODA-A,216,bc43598f302e0a227ec68aec3b7de422d856ccc4f413667c9a44ed4957879f1d,/home/rspip/cqc/pro/study/orientbench/annotation_tools/m4_angle_annotation/annotator_A/crops/3860ce2abd650b682522.jpg
m4-071-final-v1,A,c337f841f41da40e8d7a,a37942e1ffc4be5c,SODA-A,217,5d0a7e595ddc7a8dd6d1baf0853aaef6d7e2b10156615bf335ecf1bd6ab1eb6b,/home/rspip/cqc/pro/study/orientbench/annotation_tools/m4_angle_annotation/annotator_A/crops/c337f841f41da40e8d7a.jpg
m4-071-final-v1,A,7553319eb4022b1e43e1,37b069f90cdabbf4,SODA-A,218,6340f694b59c212e7abee8c1b28fbe8b2e90a7f50cb03976649ed55d187dd444,/home/rspip/cqc/pro/study/orientbench/annotation_tools/m4_angle_annotation/annotator_A/crops/7553319eb4022b1e43e1.jpg
m4-071-final-v1,A,7b1c10ca91e938f920ac,75bb3e526e64744e,SODA-A,219,03dd593e1f0671509fdbdbe18c8f4c152f69e48f3f8206c722063256894acae3,/home/rspip/cqc/pro/study/orientbench/annotation_tools/m4_angle_annotation/annotator_A/crops/7b1c10ca91e938f920ac.jpg
m4-071-final-v1,A,762d9e0817b1795c5b32,440405a9dd50f9dc,SODA-A,220,d6ddca2fac8e118dff335bbbed9b4d09a055c6ca98155e2f9970ea622853494c,/home/rspip/cqc/pro/study/orientbench/annotation_tools/m4_angle_annotation/annotator_A/crops/762d9e0817b1795c5b32.jpg
m4-071-final-v1,A,e1308b6a6ce80fb0afaf,2f209c8422019910,DIOR-R,221,cd1f7a320e0548a8c1f9feeb757353ebe83369c459b15927cea3e872aab4fe12,/home/rspip/cqc/pro/study/orientbench/annotation_tools/m4_angle_annotation/annotator_A/crops/e1308b6a6ce80fb0afaf.jpg
m4-071-final-v1,A,f30c194043ad665c2db9,33adb03f58d0db3b,DIOR-R,222,a7bb8ac6dd4d34b329091c461e2bf13db3ba26eb5728357515f9586f37e8a2e8,/home/rspip/cqc/pro/study/orientbench/annotation_tools/m4_angle_annotation/annotator_A/crops/f30c194043ad665c2db9.jpg
m4-071-final-v1,A,e366edc3fef26d513c7a,48d75a16f0b27bf6,SODA-A,223,8658c7c89f0b79ef5858fb95015e218d8834cae525593c02ffc9e567511c1c99,/home/rspip/cqc/pro/study/orientbench/annotation_tools/m4_angle_annotation/annotator_A/crops/e366edc3fef26d513c7a.jpg
m4-071-final-v1,A,73ebfd140b362459a0ff,e50f53018f38c184,SODA-A,224,90098f3295fc460767850a67b8096d2ef23b870479745932cde9191696e76142,/home/rspip/cqc/pro/study/orientbench/annotation_tools/m4_angle_annotation/annotator_A/crops/73ebfd140b362459a0ff.jpg
m4-071-final-v1,A,e0a66775f9b6e9e76282,029fc64a964f87d2,SODA-A,225,bb93fb07e7267ff929cae41f13f5e28f0ad808d22564f983c73386098d613347,/home/rspip/cqc/pro/study/orientbench/annotation_tools/m4_angle_annotation/annotator_A/crops/e0a66775f9b6e9e76282.jpg
m4-071-final-v1,A,2ca41a2f1b0a24e120ff,fba241d6d35a9e6a,FAIR1M-v1.0,226,d2552ed6bf6664d2168996cd8054bc8604aebf392a26b5bad6c12c62e147f5fd,/home/rspip/cqc/pro/study/orientbench/annotation_tools/m4_angle_annotation/annotator_A/crops/2ca41a2f1b0a24e120ff.jpg
m4-071-final-v1,A,dcb5f6bb3446fabd336c,c26412cc14adf60e,DIOR-R,227,dd2f1c0d7bd46c9201707877b31470d894478dd40fa23d73fc69e0310ba79938,/home/rspip/cqc/pro/study/orientbench/annotation_tools/m4_angle_annotation/annotator_A/crops/dcb5f6bb3446fabd336c.jpg
m4-071-final-v1,A,111f9e9f032ee52cfea0,169b1f1342174b14,DIOR-R,228,155e1aad05c3be05c86331ee2fb99829f8d838853ad5a982f50d33e84f4876e6,/home/rspip/cqc/pro/study/orientbench/annotation_tools/m4_angle_annotation/annotator_A/crops/111f9e9f032ee52cfea0.jpg
m4-071-final-v1,A,9b7ac94d2375ba0c566a,9747ee37b2c503ec,SODA-A,229,ceaecaff71c93c03994b77b6af8648ebe52f139f7e10eb27fd69078ca0f58da2,/home/rspip/cqc/pro/study/orientbench/annotation_tools/m4_angle_annotation/annotator_A/crops/9b7ac94d2375ba0c566a.jpg
m4-071-final-v1,A,643d7fd6c959f74d63d4,c42c84917b2dd375,DIOR-R,230,01559c27b34a127572668b9393f76fa7f8b9a8645af95e415a21c147ccc744d5,/home/rspip/cqc/pro/study/orientbench/annotation_tools/m4_angle_annotation/annotator_A/crops/643d7fd6c959f74d63d4.jpg
m4-071-final-v1,A,07ead42fe8317dc2e4a0,ba7cc6c4721116fe,DIOR-R,231,bb8885efbecab2568d3d1e7c54a537add93231bfe30d8b0012c481ab414a1f23,/home/rspip/cqc/pro/study/orientbench/annotation_tools/m4_angle_annotation/annotator_A/crops/07ead42fe8317dc2e4a0.jpg
m4-071-final-v1,A,1f219d40c15ccc564308,6862b2b755efa2de,SODA-A,232,9e112e2123454a7c9d0c1e606518eb2eb0a5cf1195c35ce12aa92b48ca4d7d7c,/home/rspip/cqc/pro/study/orientbench/annotation_tools/m4_angle_annotation/annotator_A/crops/1f219d40c15ccc564308.jpg
m4-071-final-v1,A,7cf192c4224c87b6221b,c6b43e9a17a75cca,DIOR-R,233,c156a6308e29adf12ee49d497f0f951ee70ae2d0c5e235e38447023a04773484,/home/rspip/cqc/pro/study/orientbench/annotation_tools/m4_angle_annotation/annotator_A/crops/7cf192c4224c87b6221b.jpg
m4-071-final-v1,A,56247c2471cf4c2dee2b,54de968e6da39544,SODA-A,234,d5ee56d3dcb32af5e53288fef00d458117056607a85372072e984350f959074a,/home/rspip/cqc/pro/study/orientbench/annotation_tools/m4_angle_annotation/annotator_A/crops/56247c2471cf4c2dee2b.jpg
m4-071-final-v1,A,34ee3213a4ba3f679f4e,f35b4cfb3d1aaf70,FAIR1M-v1.0,235,3d6fc108746f8c79137a0500edf5e5d679fe9168023188508b26ec7e86fd3c53,/home/rspip/cqc/pro/study/orientbench/annotation_tools/m4_angle_annotation/annotator_A/crops/34ee3213a4ba3f679f4e.jpg
m4-071-final-v1,A,5b251dbefd6822f9f863,98be8d6b28099e69,DIOR-R,236,79e9dd3fcb94f49fceaaba556525ea18d397326815f20bfd160f43f53a1adfe9,/home/rspip/cqc/pro/study/orientbench/annotation_tools/m4_angle_annotation/annotator_A/crops/5b251dbefd6822f9f863.jpg
m4-071-final-v1,A,3fdefccab6b59029d50d,11defb30246f889f,SODA-A,237,a0a4748c4208e819aa0581bf5a18de78df3b0eaa0d05a8adb620e8cb5270e415,/home/rspip/cqc/pro/study/orientbench/annotation_tools/m4_angle_annotation/annotator_A/crops/3fdefccab6b59029d50d.jpg
m4-071-final-v1,A,4f23830d2c23b4f4baa3,22aa49a6b77fee78,DIOR-R,238,8f5b483277e548da232d4dbf9161c8c20f9ce2ee150433ad5166b2770e69cb26,/home/rspip/cqc/pro/study/orientbench/annotation_tools/m4_angle_annotation/annotator_A/crops/4f23830d2c23b4f4baa3.jpg
m4-071-final-v1,A,d1bb4d826a13a48e4dd0,9d5018a6e8063a1c,FAIR1M-v1.0,239,246a6861ab665e5501716d49a358c3086620a35007b70eaee2853a0c611f1eb6,/home/rspip/cqc/pro/study/orientbench/annotation_tools/m4_angle_annotation/annotator_A/crops/d1bb4d826a13a48e4dd0.jpg
m4-071-final-v1,A,0f56f03020e5dabd6a47,7467fc56d0b3bf45,DIOR-R,240,c8a830c6b27906e7e59dc96e819c0c959982b29a7ca245cbd88e33936ac1d4df,/home/rspip/cqc/pro/study/orientbench/annotation_tools/m4_angle_annotation/annotator_A/crops/0f56f03020e5dabd6a47.jpg
m4-071-final-v1,A,5ff98edf266ae069fbdf,9a9b369896982dc9,SODA-A,241,f6caba3d1d48b894c769eb9ae325c7bf4b006ecf831315f24720b6cbb8f4fae2,/home/rspip/cqc/pro/study/orientbench/annotation_tools/m4_angle_annotation/annotator_A/crops/5ff98edf266ae069fbdf.jpg
m4-071-final-v1,A,8afbe089e2b959319ba1,8e7b2e18a71578a0,SODA-A,242,f99a6d79e5c5a806b9081c214f5e2ec2cd043aa334012386021974d865248174,/home/rspip/cqc/pro/study/orientbench/annotation_tools/m4_angle_annotation/annotator_A/crops/8afbe089e2b959319ba1.jpg
m4-071-final-v1,A,f96194ce91bd3bbdf418,e30d013a21450a38,FAIR1M-v1.0,243,6b0846b1a1b2b07d3a0d93533f398c87a64da3833466614eb236f811fd078f20,/home/rspip/cqc/pro/study/orientbench/annotation_tools/m4_angle_annotation/annotator_A/crops/f96194ce91bd3bbdf418.jpg
m4-071-final-v1,A,3b5909c8e665a8d47e0b,59856cbc7da4a743,SODA-A,244,484a9b39276ed761448941cfe9bfecc2d83e6c2b218921df43f3e6dad6171b3a,/home/rspip/cqc/pro/study/orientbench/annotation_tools/m4_angle_annotation/annotator_A/crops/3b5909c8e665a8d47e0b.jpg
m4-071-final-v1,A,12fa37054711c4997c44,b87bd07f5473d71b,DIOR-R,245,f8bcc977a467c751a66add495664f26f215f0f1d47639fd91fb77193372f6c4a,/home/rspip/cqc/pro/study/orientbench/annotation_tools/m4_angle_annotation/annotator_A/crops/12fa37054711c4997c44.jpg
m4-071-final-v1,A,effe50b8eb965efa9e18,53ddbd752ea652d6,DIOR-R,246,1fc7ccfe1b70c12c5eec7a588bf7aafdb4f4b6a4ac4dc14d196e0671246145e0,/home/rspip/cqc/pro/study/orientbench/annotation_tools/m4_angle_annotation/annotator_A/crops/effe50b8eb965efa9e18.jpg
m4-071-final-v1,A,e30002cac6606979022a,6daa91d4860a292c,DIOR-R,247,68f3a53986e9b221fd42c3910e377b46c29468f2f34be50e03c79ac2863d191a,/home/rspip/cqc/pro/study/orientbench/annotation_tools/m4_angle_annotation/annotator_A/crops/e30002cac6606979022a.jpg
m4-071-final-v1,A,7063fc6d325cacf93850,658a85c24ec98cc3,DIOR-R,248,dd87e6ccfac2b0b734b85a292bbc0174561caf9dce5e6968085ad8d1c39984a0,/home/rspip/cqc/pro/study/orientbench/annotation_tools/m4_angle_annotation/annotator_A/crops/7063fc6d325cacf93850.jpg
m4-071-final-v1,A,88cd6332002e1c0d1e31,21457adb50febb95,DIOR-R,249,8440c5ac264faa341a1893db502fcf9be7d56fffa6877f193c63d2e2b4357767,/home/rspip/cqc/pro/study/orientbench/annotation_tools/m4_angle_annotation/annotator_A/crops/88cd6332002e1c0d1e31.jpg
m4-071-final-v1,A,e239f97e5921cb86f5ee,64a57ac0ac7a0c14,SODA-A,250,adcb819b0e9216bda313f752e249538e87f91365d2cb5323f757609b7a0179c4,/home/rspip/cqc/pro/study/orientbench/annotation_tools/m4_angle_annotation/annotator_A/crops/e239f97e5921cb86f5ee.jpg
m4-071-final-v1,A,03785ce2ff0aa13d8986,475ee4e80ebfef80,DIOR-R,251,ef8439653ea742173d0bf9cd88a74ea063c8cb0135a03b56acc1139194316095,/home/rspip/cqc/pro/study/orientbench/annotation_tools/m4_angle_annotation/annotator_A/crops/03785ce2ff0aa13d8986.jpg
m4-071-final-v1,A,d818da4213eb7e157c00,e2c336fc6af34296,FAIR1M-v1.0,252,82913f0b4f60d27871a818e76daf6b2870749d79f700f854da61ed8632872111,/home/rspip/cqc/pro/study/orientbench/annotation_tools/m4_angle_annotation/annotator_A/crops/d818da4213eb7e157c00.jpg
m4-071-final-v1,A,26c22cc4796c401d190e,d27b77cba8e4d021,SODA-A,253,fc3cf9661b4c30b7c77c032f202515dccd0bde67143ac08851d05927cab307bd,/home/rspip/cqc/pro/study/orientbench/annotation_tools/m4_angle_annotation/annotator_A/crops/26c22cc4796c401d190e.jpg
m4-071-final-v1,A,7b468087bfde9baf2ea8,5a49d9f508208d8e,DIOR-R,254,a47e7a9f857c9afdfaff7aa8f7430c9490cc69c5dab907ce4bf5f1719dd2186f,/home/rspip/cqc/pro/study/orientbench/annotation_tools/m4_angle_annotation/annotator_A/crops/7b468087bfde9baf2ea8.jpg
m4-071-final-v1,A,d0128ff9cdf2768ab039,4ba074107ca41eeb,FAIR1M-v1.0,255,67a5d6da182fa559398ce6eccd8d6cf6f11061621ff1bff1a0f26831fb77cc4f,/home/rspip/cqc/pro/study/orientbench/annotation_tools/m4_angle_annotation/annotator_A/crops/d0128ff9cdf2768ab039.jpg
m4-071-final-v1,A,5d2ca81f1279811bc82c,b75a2a378cc1c45c,DIOR-R,256,bddf17126f565d14161b5b342d8025579aa5d6fb9134e8f095d6b01be2ed8ba3,/home/rspip/cqc/pro/study/orientbench/annotation_tools/m4_angle_annotation/annotator_A/crops/5d2ca81f1279811bc82c.jpg
m4-071-final-v1,A,00dade83822c177efaa9,787c5de1fa7a24d7,FAIR1M-v1.0,257,11b7e4640107483fbca909f8f7e43e8c8cdfa3fedf19f1a1bd960a4688178e47,/home/rspip/cqc/pro/study/orientbench/annotation_tools/m4_angle_annotation/annotator_A/crops/00dade83822c177efaa9.jpg
m4-071-final-v1,A,c84c6fd6096a35422972,35a9979a9ea0a7b9,SODA-A,258,58fa7eb97266a6b33ea8889b57b4a9fd673de500b85a28a527027588b5c84c04,/home/rspip/cqc/pro/study/orientbench/annotation_tools/m4_angle_annotation/annotator_A/crops/c84c6fd6096a35422972.jpg
m4-071-final-v1,A,aaecab7e243289276a79,5aa68cb1659e4666,DIOR-R,259,767ee7863228a204ec7c1e119cf2e826740ad907eebf13982d8f273450f177a5,/home/rspip/cqc/pro/study/orientbench/annotation_tools/m4_angle_annotation/annotator_A/crops/aaecab7e243289276a79.jpg
m4-071-final-v1,A,f1a039b7bf583d325824,a6c0cf2286a0ba87,FAIR1M-v1.0,260,0efbe9fbd884558ff8aca2053bbec4a6e7abac4cf445e5781e14a421349b156c,/home/rspip/cqc/pro/study/orientbench/annotation_tools/m4_angle_annotation/annotator_A/crops/f1a039b7bf583d325824.jpg
m4-071-final-v1,A,8d7cde07595413d204d8,bc0f408d35e2785e,DIOR-R,261,1c9dfa00e6f8f271bc2e159d102c0096d136b88d9fc90eed972f2c687fba9ce9,/home/rspip/cqc/pro/study/orientbench/annotation_tools/m4_angle_annotation/annotator_A/crops/8d7cde07595413d204d8.jpg
m4-071-final-v1,A,f55988d47c92a436ea49,7aa706cbd281d413,DIOR-R,262,60d1c6113ea63d0bac72591259d5b86a9ab20e05d3cef0c7f2ddba1b1f32036d,/home/rspip/cqc/pro/study/orientbench/annotation_tools/m4_angle_annotation/annotator_A/crops/f55988d47c92a436ea49.jpg
m4-071-final-v1,A,545703c627b8b0ff65f4,ca24e2bd9db17827,DIOR-R,263,9221649044fb9d04a86e6c4d05821011cf3415a0ed59e7f3da8ba52ab871cc94,/home/rspip/cqc/pro/study/orientbench/annotation_tools/m4_angle_annotation/annotator_A/crops/545703c627b8b0ff65f4.jpg
m4-071-final-v1,A,48d15a15ffaa054f2564,33fbcb2f82fa2958,DIOR-R,264,021a5d9c271fc1a7cf9afecc0eff5dc008991aae1186c9e907399ae1adcad664,/home/rspip/cqc/pro/study/orientbench/annotation_tools/m4_angle_annotation/annotator_A/crops/48d15a15ffaa054f2564.jpg
m4-071-final-v1,A,95effffcf1a87b5e760c,2b87117a74226e29,FAIR1M-v1.0,265,c2a953bd15babbfda83e3786d3886005ac17d16d96994d88023c2ac6f341995c,/home/rspip/cqc/pro/study/orientbench/annotation_tools/m4_angle_annotation/annotator_A/crops/95effffcf1a87b5e760c.jpg
m4-071-final-v1,A,93cb700e2240ad6e0bee,672db26c5aee7c6c,SODA-A,266,c0d94abc0807fa84f82991613cca9f1725ad840cb4b61bf51e641703bd8dd4fc,/home/rspip/cqc/pro/study/orientbench/annotation_tools/m4_angle_annotation/annotator_A/crops/93cb700e2240ad6e0bee.jpg
m4-071-final-v1,A,3214411174e673424ca0,63972182c9764635,SODA-A,267,17831f1ee0fa78a61297250e54e9b27c10b15b29d0313ac80b918aee2eab8c4f,/home/rspip/cqc/pro/study/orientbench/annotation_tools/m4_angle_annotation/annotator_A/crops/3214411174e673424ca0.jpg
m4-071-final-v1,A,93c2c59a5cf1d458a9ab,8178b609a423fa67,DIOR-R,268,7c1cefbacc602ab7c8b69b284696cba49479ce61c248bbf04aafc75ea49ac4ff,/home/rspip/cqc/pro/study/orientbench/annotation_tools/m4_angle_annotation/annotator_A/crops/93c2c59a5cf1d458a9ab.jpg
m4-071-final-v1,A,b77abf295af7065255ea,1fb12cbfe6de5a6a,SODA-A,269,099aabcad38b34545d459f99c2ba1f8cfa8b3b5cf28a0a5be96b00cb667d0c97,/home/rspip/cqc/pro/study/orientbench/annotation_tools/m4_angle_annotation/annotator_A/crops/b77abf295af7065255ea.jpg
m4-071-final-v1,A,b47ed872de5b4b068cae,8be91e8e99593b9d,DIOR-R,270,42c95a30528fd0bbc2ba84c88d318890f992748bdf3db37768be205f2c3668ae,/home/rspip/cqc/pro/study/orientbench/annotation_tools/m4_angle_annotation/annotator_A/crops/b47ed872de5b4b068cae.jpg
m4-071-final-v1,A,c8b5f5e20a73cd41c207,a0f2fa80c930332f,DIOR-R,271,ab8e07237f44e9d6f6c874b4bbc4c1874d90622495147e46fd3ecdf7dd24194e,/home/rspip/cqc/pro/study/orientbench/annotation_tools/m4_angle_annotation/annotator_A/crops/c8b5f5e20a73cd41c207.jpg
m4-071-final-v1,A,57e0c55d48d808d98c9a,fca20281ab0b6eaa,SODA-A,272,007970c607c45e0135c23f0e2f34cfe53be055a8f5512fc3dbeb827a4af47d13,/home/rspip/cqc/pro/study/orientbench/annotation_tools/m4_angle_annotation/annotator_A/crops/57e0c55d48d808d98c9a.jpg
m4-071-final-v1,A,532d3274f9822d9da213,8051a5491c68bacc,FAIR1M-v1.0,273,126ebd510aec74e49b1e53e9709e2b1b00269a8c77fb1ce2dd3ba13ff10e8003,/home/rspip/cqc/pro/study/orientbench/annotation_tools/m4_angle_annotation/annotator_A/crops/532d3274f9822d9da213.jpg
m4-071-final-v1,A,3c0bd586e29a4e635501,e889979e31ecc36c,FAIR1M-v1.0,274,0f9f82677ba2dc19645f20cc7359b69f4878bb1f359cc5515776b8864975e2f7,/home/rspip/cqc/pro/study/orientbench/annotation_tools/m4_angle_annotation/annotator_A/crops/3c0bd586e29a4e635501.jpg
m4-071-final-v1,A,756346690413c8248f47,182da0d2f4a19600,DIOR-R,275,f170c2d2426873046b197abef6fda03c814ef30220e1aaee6c3ad13ea61c02e1,/home/rspip/cqc/pro/study/orientbench/annotation_tools/m4_angle_annotation/annotator_A/crops/756346690413c8248f47.jpg
m4-071-final-v1,A,a58162bbf2f94c626215,e5b15ffe5d55e3f4,FAIR1M-v1.0,276,02ae62becb6b6ed839d50d9969ce60f798aa2c4e266d920d3c94f7ddd4466672,/home/rspip/cqc/pro/study/orientbench/annotation_tools/m4_angle_annotation/annotator_A/crops/a58162bbf2f94c626215.jpg
m4-071-final-v1,A,56cc04ce7fc85a47fcbe,89467b835d3e4fde,FAIR1M-v1.0,277,7a890eab63966bac388c84c9d2b45019d8444b9c42904fae692942e7ee2ef93c,/home/rspip/cqc/pro/study/orientbench/annotation_tools/m4_angle_annotation/annotator_A/crops/56cc04ce7fc85a47fcbe.jpg
m4-071-final-v1,A,f43d2f348933885199e5,3804e62b5375c8b1,SODA-A,278,31c45d8232049c584b9e01a5f65b53bd6d2e359a7b711b125a4c38c0fb60ccb8,/home/rspip/cqc/pro/study/orientbench/annotation_tools/m4_angle_annotation/annotator_A/crops/f43d2f348933885199e5.jpg
m4-071-final-v1,A,c02861fcf92408545e66,b1246b0cc56b758f,FAIR1M-v1.0,279,4237600d72e716ab9a9cc737da75b8c3390228dcef29f75fabf6854b35adf501,/home/rspip/cqc/pro/study/orientbench/annotation_tools/m4_angle_annotation/annotator_A/crops/c02861fcf92408545e66.jpg
m4-071-final-v1,A,cd4e0affadd1fe7d1a9f,807b99eb9be9279b,DIOR-R,280,7dff8673a3421f01ece3f73922843fb1f1e881dfc2c98addcec98e03ab86ff9a,/home/rspip/cqc/pro/study/orientbench/annotation_tools/m4_angle_annotation/annotator_A/crops/cd4e0affadd1fe7d1a9f.jpg
m4-071-final-v1,A,496042fe4b3b71afb348,a9c210f892f500f4,DIOR-R,281,138df3377b8f72a470ac66c868ebbf78eb87a5807ca575156c050cad3eab72b0,/home/rspip/cqc/pro/study/orientbench/annotation_tools/m4_angle_annotation/annotator_A/crops/496042fe4b3b71afb348.jpg
m4-071-final-v1,A,a399412e6a4ce62d7dde,e3b2552ee7c10f0d,DIOR-R,282,acf378e6d47e23ab211b37cab781ce906147a392c0fc62b549d491c8ae6311ea,/home/rspip/cqc/pro/study/orientbench/annotation_tools/m4_angle_annotation/annotator_A/crops/a399412e6a4ce62d7dde.jpg
m4-071-final-v1,A,36719f38541b9f541691,18c30694b5d32a60,DIOR-R,283,08920afb1ef4b5ae786715c72e4d24c7cd1e259765d060a2524bbb9906861fd2,/home/rspip/cqc/pro/study/orientbench/annotation_tools/m4_angle_annotation/annotator_A/crops/36719f38541b9f541691.jpg
m4-071-final-v1,A,645892968de68fe0f644,6da7643dfc9bdfc1,SODA-A,284,c82823eee43fb8a6f6ca7f9a1f992aa9f6cae717188d2bba4598fcaa7eb685e5,/home/rspip/cqc/pro/study/orientbench/annotation_tools/m4_angle_annotation/annotator_A/crops/645892968de68fe0f644.jpg
m4-071-final-v1,A,22c76885861a7b19626c,600e02423333ab32,DIOR-R,285,e8608233cfe8f43b7a8f6ac2edeca0bad35b0468a00eae86530bd95281c5880e,/home/rspip/cqc/pro/study/orientbench/annotation_tools/m4_angle_annotation/annotator_A/crops/22c76885861a7b19626c.jpg
m4-071-final-v1,A,be51f4ee40e467c0f9a9,4cf3038969749ecf,DIOR-R,286,466c4248aaeac14da29b76c03de1394179c75aeb7e93dcb6dbe86b2d84f9e2e2,/home/rspip/cqc/pro/study/orientbench/annotation_tools/m4_angle_annotation/annotator_A/crops/be51f4ee40e467c0f9a9.jpg
m4-071-final-v1,A,c93bd1956895ae07b9a9,04252c8f5d8f4fb8,SODA-A,287,2ca4f814b90bd3910bc03a56f03324bc321211bef21bbba896f544648dcfc587,/home/rspip/cqc/pro/study/orientbench/annotation_tools/m4_angle_annotation/annotator_A/crops/c93bd1956895ae07b9a9.jpg
m4-071-final-v1,A,a9ee8b8a224c912f0fd0,2c8e4d0f52c26da4,DIOR-R,288,236bdbe144f13576c234dbf0b9a3b3fa2ac96e104389c349fbc82c1ba34f5d59,/home/rspip/cqc/pro/study/orientbench/annotation_tools/m4_angle_annotation/annotator_A/crops/a9ee8b8a224c912f0fd0.jpg
m4-071-final-v1,A,88979f35b564a539f3aa,0ca34d64540e9f75,SODA-A,289,2331cb5d4e925c831d09e75cd3b92645fdaefabcc64ab772869c296bc2eda23f,/home/rspip/cqc/pro/study/orientbench/annotation_tools/m4_angle_annotation/annotator_A/crops/88979f35b564a539f3aa.jpg
m4-071-final-v1,A,e29bb5156aa1a38be608,aa38db51f39057c2,FAIR1M-v1.0,290,e702174b3f6677422215048dbffab2bdb7a06d956aa754db9297720730bf16ff,/home/rspip/cqc/pro/study/orientbench/annotation_tools/m4_angle_annotation/annotator_A/crops/e29bb5156aa1a38be608.jpg
m4-071-final-v1,A,89327261fea45aa71a2c,0aa7182270966418,SODA-A,291,85dc5f53650d85d09c83dc91324f235c84ee8e91e1b32b856bc5445291f83229,/home/rspip/cqc/pro/study/orientbench/annotation_tools/m4_angle_annotation/annotator_A/crops/89327261fea45aa71a2c.jpg
m4-071-final-v1,A,c3521fd7b22d4fffd385,f7c44f4079101d5b,DIOR-R,292,b550e042e4aa7a22c8494d428878ff7fbcf35498e9e44458e12aefe949893c43,/home/rspip/cqc/pro/study/orientbench/annotation_tools/m4_angle_annotation/annotator_A/crops/c3521fd7b22d4fffd385.jpg
m4-071-final-v1,A,7cb3e3f25cf4e3a280a6,3574195ead613b7c,FAIR1M-v1.0,293,1cc1afa9b451abf843071f77cd1809a1818b5f62c546d7c1f67a49d56dd5264d,/home/rspip/cqc/pro/study/orientbench/annotation_tools/m4_angle_annotation/annotator_A/crops/7cb3e3f25cf4e3a280a6.jpg
m4-071-final-v1,A,663ce9a4cd0f264e0b48,0bdd81d8c33e7cb7,FAIR1M-v1.0,294,b89ee30e2cec20ea862834b4240c5997b50bffcaefdaaf9aa58ee24d8d6f8092,/home/rspip/cqc/pro/study/orientbench/annotation_tools/m4_angle_annotation/annotator_A/crops/663ce9a4cd0f264e0b48.jpg
m4-071-final-v1,A,e6d2823e78619757aa73,b2ef4eb8076edbe1,DIOR-R,295,202c75cff1aeea4e0bdb8dd3b0b3600d742fde800e5b5eff7e04df95c4f135a3,/home/rspip/cqc/pro/study/orientbench/annotation_tools/m4_angle_annotation/annotator_A/crops/e6d2823e78619757aa73.jpg
m4-071-final-v1,A,75ec5d4ec07cd7bd3d3a,1d5085e897bfd35e,FAIR1M-v1.0,296,437c8a7070ead69490a4f52a3fd07cb3dc55d77f9eeb1584bf171952ac720b7d,/home/rspip/cqc/pro/study/orientbench/annotation_tools/m4_angle_annotation/annotator_A/crops/75ec5d4ec07cd7bd3d3a.jpg
m4-071-final-v1,A,4b5c1da1d805c5eb73fb,37a83b951a9e2d45,FAIR1M-v1.0,297,3b00926c63af52df5835fa4dfddf4424e7e21194fcea1d2b7d800e9092be02b7,/home/rspip/cqc/pro/study/orientbench/annotation_tools/m4_angle_annotation/annotator_A/crops/4b5c1da1d805c5eb73fb.jpg
m4-071-final-v1,A,eede659405174cbc04e9,aba88ff032184a4f,FAIR1M-v1.0,298,f5a7dc72036adebf943ca0e8de85d9aabc1b7d9a998e24631be3118f239483bc,/home/rspip/cqc/pro/study/orientbench/annotation_tools/m4_angle_annotation/annotator_A/crops/eede659405174cbc04e9.jpg
m4-071-final-v1,A,e7b4444d685b825ee6ca,1b8bf765f6bf0530,FAIR1M-v1.0,299,fb8cbad61b3f04d7317e642a41b0b1e7bfc066e6321598044a3486afc7c0ab10,/home/rspip/cqc/pro/study/orientbench/annotation_tools/m4_angle_annotation/annotator_A/crops/e7b4444d685b825ee6ca.jpg
m4-071-final-v1,A,b480ada8a24a0b20cc96,c7b132d46ed2d687,SODA-A,300,4195ff9e5a45add1b686f79a9777fa6e72f9e1ebda3f0d77c95f984bb710f634,/home/rspip/cqc/pro/study/orientbench/annotation_tools/m4_angle_annotation/annotator_A/crops/b480ada8a24a0b20cc96.jpg
m4-071-final-v1,A,b49b4016377890a681a8,3bc2ea604e7d9e7b,SODA-A,301,29f5c422898dd029805d2c7623316296d9c905c4b368b5d39c60a48563ba57f2,/home/rspip/cqc/pro/study/orientbench/annotation_tools/m4_angle_annotation/annotator_A/crops/b49b4016377890a681a8.jpg
m4-071-final-v1,A,ab4dc191c5a7735eff2c,333a94f428caa17a,FAIR1M-v1.0,302,7af26ff797610f57e4c30f9f072e011f90856858f159950ac8580681ff407df5,/home/rspip/cqc/pro/study/orientbench/annotation_tools/m4_angle_annotation/annotator_A/crops/ab4dc191c5a7735eff2c.jpg
m4-071-final-v1,A,fed9d5b1869c4996b43b,d544a892c3b29d96,FAIR1M-v1.0,303,87adf848b0bf26297a41917686854abf8e5a51dc705cbb9e01cdd310978cc547,/home/rspip/cqc/pro/study/orientbench/annotation_tools/m4_angle_annotation/annotator_A/crops/fed9d5b1869c4996b43b.jpg
m4-071-final-v1,A,5ca2dd0a897bea15c41f,5a117c1607d93a22,SODA-A,304,2b9650c269db75d4b7e734849377c7bb085f5d037e29d70c997b5058417fa653,/home/rspip/cqc/pro/study/orientbench/annotation_tools/m4_angle_annotation/annotator_A/crops/5ca2dd0a897bea15c41f.jpg
m4-071-final-v1,A,df2990b74556c553789c,c2c5e03b21fdeb8d,FAIR1M-v1.0,305,2d17225582ac014cfc2abe378c387955f87a2c0c9064a0a095f6103e8c079c69,/home/rspip/cqc/pro/study/orientbench/annotation_tools/m4_angle_annotation/annotator_A/crops/df2990b74556c553789c.jpg
m4-071-final-v1,A,ff38c9fbca63efdabfea,e87ca78b1e16d695,SODA-A,306,a8a9f39b2c744b05399193bb30d8a760cb4ca717cf8f9823cb60975b71bc81c2,/home/rspip/cqc/pro/study/orientbench/annotation_tools/m4_angle_annotation/annotator_A/crops/ff38c9fbca63efdabfea.jpg
m4-071-final-v1,A,d3c1487515b70f077221,7f21f37a6e7d6f24,FAIR1M-v1.0,307,8dfac143b13b62e5815e5402e4da831e94b5b7780b560c5afd107aa689656414,/home/rspip/cqc/pro/study/orientbench/annotation_tools/m4_angle_annotation/annotator_A/crops/d3c1487515b70f077221.jpg
m4-071-final-v1,A,5cc8e2ec4d7414ee4c5e,75cc8a15ffd51659,DIOR-R,308,e4e27d5d338414767d1b9116ac45aebebab259e7585e39443da8ab19ad2dcf2f,/home/rspip/cqc/pro/study/orientbench/annotation_tools/m4_angle_annotation/annotator_A/crops/5cc8e2ec4d7414ee4c5e.jpg
m4-071-final-v1,A,70e8f40dd768bc2a559e,97167e1b99bae76b,SODA-A,309,4d5ad5f6cb786a6d98665eb572f83ab79c9ff658682e10d300fa3d972ae083ff,/home/rspip/cqc/pro/study/orientbench/annotation_tools/m4_angle_annotation/annotator_A/crops/70e8f40dd768bc2a559e.jpg
m4-071-final-v1,A,874e7c79b57d6cb53d29,c42c861402c080cb,DIOR-R,310,2cbb14f066ded6400f342afd0c73e3e542cbecd8a4967d69d1dff438ca55e5b3,/home/rspip/cqc/pro/study/orientbench/annotation_tools/m4_angle_annotation/annotator_A/crops/874e7c79b57d6cb53d29.jpg
m4-071-final-v1,A,f159ae3f1afe35de71e8,075026de07e8fce5,DIOR-R,311,ebbe831d3c35fe81351db142507301c9a220c45b1e97529934e9c2d6c8a062e6,/home/rspip/cqc/pro/study/orientbench/annotation_tools/m4_angle_annotation/annotator_A/crops/f159ae3f1afe35de71e8.jpg
m4-071-final-v1,A,0be0bf152ff9430d5b20,637de0b07f4d5aab,SODA-A,312,490aa4b0dbe0890b460cffaf8f412d6d2c35014264d4e135956af1b74ff1e6b5,/home/rspip/cqc/pro/study/orientbench/annotation_tools/m4_angle_annotation/annotator_A/crops/0be0bf152ff9430d5b20.jpg
m4-071-final-v1,A,31ee0329e4e7e643bba0,f7e9e457833c795d,SODA-A,313,9109b6d535f427c0c7273fa618ca853877d9e401dd687764eabb9f9601e53b41,/home/rspip/cqc/pro/study/orientbench/annotation_tools/m4_angle_annotation/annotator_A/crops/31ee0329e4e7e643bba0.jpg
m4-071-final-v1,A,32deb3c1ba28e7d0f071,4c0e015b932a7a23,SODA-A,314,7ecf05aced44508aed664a7014a29b46bf9433eaca6d9e4d3fd865b44345ab2d,/home/rspip/cqc/pro/study/orientbench/annotation_tools/m4_angle_annotation/annotator_A/crops/32deb3c1ba28e7d0f071.jpg
m4-071-final-v1,A,e01fa6cb3cb2fd3b9ef2,324b9b944b7bf7be,DIOR-R,315,1f1a7a5d48a0a49b895bdbc23fe684128a773c53f3026790c27707978763b8da,/home/rspip/cqc/pro/study/orientbench/annotation_tools/m4_angle_annotation/annotator_A/crops/e01fa6cb3cb2fd3b9ef2.jpg
m4-071-final-v1,A,751e326a4dd8078bb468,46de1178c2bc8959,SODA-A,316,4214cd1bbf5dbf9efd4bf54e754fa8f20f7fa2b3b7e89e45acab1d7f1fdce682,/home/rspip/cqc/pro/study/orientbench/annotation_tools/m4_angle_annotation/annotator_A/crops/751e326a4dd8078bb468.jpg
m4-071-final-v1,A,2a88deb336140bd46e1e,06e785d13145782c,SODA-A,317,790153fe554c761b4a6ed0cfd41fc5a79ec5c0e7ccc795c7466c86be049db36b,/home/rspip/cqc/pro/study/orientbench/annotation_tools/m4_angle_annotation/annotator_A/crops/2a88deb336140bd46e1e.jpg
m4-071-final-v1,A,4506a92afb77c9b84fa1,9a54718857c88412,FAIR1M-v1.0,318,429c2fd1945ea3f0ab0e6e6bbb01ceacd4deebb2be4f1ee4beb5ed2b14997bad,/home/rspip/cqc/pro/study/orientbench/annotation_tools/m4_angle_annotation/annotator_A/crops/4506a92afb77c9b84fa1.jpg
m4-071-final-v1,A,f2ad651d897c973245bd,b15d46fda24c2884,FAIR1M-v1.0,319,e32c606009d9886f2d7f5458ea640124fdcabeb3f2c03fefb37b7681cf63a862,/home/rspip/cqc/pro/study/orientbench/annotation_tools/m4_angle_annotation/annotator_A/crops/f2ad651d897c973245bd.jpg
m4-071-final-v1,A,413dec50894ab0f98444,cd2f0dd8e8c99bdb,DIOR-R,320,7166c3e69af5884273bf0723d3b0cfd5f41836d89a42440a379a365034716ab8,/home/rspip/cqc/pro/study/orientbench/annotation_tools/m4_angle_annotation/annotator_A/crops/413dec50894ab0f98444.jpg
m4-071-final-v1,A,8314fb37dce4bb7adf8f,d73b6a98b1353917,FAIR1M-v1.0,321,e70bc0f200b1672d7c9224d9e57d2954f1be1b935f52d6747b5cf3add967c3f0,/home/rspip/cqc/pro/study/orientbench/annotation_tools/m4_angle_annotation/annotator_A/crops/8314fb37dce4bb7adf8f.jpg
m4-071-final-v1,A,e5ca13d96ec94362e430,332d901344820ba3,FAIR1M-v1.0,322,4038a1d54489cdab85abd85a2f068c0a73920c1c9e7f203c467ce9a8546c40cf,/home/rspip/cqc/pro/study/orientbench/annotation_tools/m4_angle_annotation/annotator_A/crops/e5ca13d96ec94362e430.jpg
m4-071-final-v1,A,ebe413ebdc7dd2d379dc,f44d699d871b82b1,DIOR-R,323,3174a91a95479271995c1ed1108b3cebfe90a4ea1c5e0f6964da5669bae1a35f,/home/rspip/cqc/pro/study/orientbench/annotation_tools/m4_angle_annotation/annotator_A/crops/ebe413ebdc7dd2d379dc.jpg
m4-071-final-v1,A,4bd4ddf3187b38bea373,8e907934934d16da,DIOR-R,324,29a54b7408c19e4df29a934ae9c5c32d468d541bf9e2b789853d5edfcc897ce1,/home/rspip/cqc/pro/study/orientbench/annotation_tools/m4_angle_annotation/annotator_A/crops/4bd4ddf3187b38bea373.jpg
m4-071-final-v1,A,08fb750466793186a35c,e7f83959071f2db2,FAIR1M-v1.0,325,956ea2a2e443e739c920e9258960cdabe108797e8964b069230de97e1a65379f,/home/rspip/cqc/pro/study/orientbench/annotation_tools/m4_angle_annotation/annotator_A/crops/08fb750466793186a35c.jpg
m4-071-final-v1,A,1a0e79f44f37a33d8e7c,0caae00f03a3d8e6,SODA-A,326,ec9167eae447962d0b2b2cdaf981459203be93761d40941b1b17ea1844930269,/home/rspip/cqc/pro/study/orientbench/annotation_tools/m4_angle_annotation/annotator_A/crops/1a0e79f44f37a33d8e7c.jpg
m4-071-final-v1,A,4cfc4129e808a077ffe0,742ec00e754e13b2,DIOR-R,327,b536bace414ed16228c4ce41dc1942c487434753b926d6ed2a3cf3f6fc83d813,/home/rspip/cqc/pro/study/orientbench/annotation_tools/m4_angle_annotation/annotator_A/crops/4cfc4129e808a077ffe0.jpg
m4-071-final-v1,A,fd67190ddb0c89795f36,95e92090019c743e,FAIR1M-v1.0,328,a264cf218f7cfec197deaf7ee3cb3f11b25757b9eed690aeb994cfdb8302e059,/home/rspip/cqc/pro/study/orientbench/annotation_tools/m4_angle_annotation/annotator_A/crops/fd67190ddb0c89795f36.jpg
m4-071-final-v1,A,a177a7ab4110586e2905,95dcda70875e857d,FAIR1M-v1.0,329,8b003edaef0b0ce3106f9e8d9bbd7776d6963c181d8fd68d036c7657218a029c,/home/rspip/cqc/pro/study/orientbench/annotation_tools/m4_angle_annotation/annotator_A/crops/a177a7ab4110586e2905.jpg
m4-071-final-v1,A,3d4c447b9918cf26cd62,ce742a7d89faf3d8,FAIR1M-v1.0,330,38f978084e1afad6a1ab4d5983b5186dcf184d20f750cd0d8584a6434371d84d,/home/rspip/cqc/pro/study/orientbench/annotation_tools/m4_angle_annotation/annotator_A/crops/3d4c447b9918cf26cd62.jpg
m4-071-final-v1,A,e4cadb69e9760d415c5e,01715b1280e31ec1,SODA-A,331,71bf82599bd5a54e106d921091e604539eaf9221f4d3c050bf3ebed8c2fe40b7,/home/rspip/cqc/pro/study/orientbench/annotation_tools/m4_angle_annotation/annotator_A/crops/e4cadb69e9760d415c5e.jpg
m4-071-final-v1,A,f29a5e9fe83d4df75290,81308ed0058f5114,FAIR1M-v1.0,332,a7e2fff422f55828a60cfbf3db709a76ff55cd1b49bdcc83b7c54e82668d1bd1,/home/rspip/cqc/pro/study/orientbench/annotation_tools/m4_angle_annotation/annotator_A/crops/f29a5e9fe83d4df75290.jpg
m4-071-final-v1,A,e8f8d2bc5b95bc5d4718,7d3ffb051c892632,SODA-A,333,d8457c65f4041dd0140dc54c2ccab30790526d9894f5d548b88e7f13800a2a40,/home/rspip/cqc/pro/study/orientbench/annotation_tools/m4_angle_annotation/annotator_A/crops/e8f8d2bc5b95bc5d4718.jpg
m4-071-final-v1,A,7d422933401055a8e686,49e7342278bb6819,SODA-A,334,0d4340fb2e47395bb0054e30a3d0af44339907c55b2c73c7daff2cbdb33303c4,/home/rspip/cqc/pro/study/orientbench/annotation_tools/m4_angle_annotation/annotator_A/crops/7d422933401055a8e686.jpg
m4-071-final-v1,A,215a9b38071f9c64d073,cbe3bedd36b13ca5,DIOR-R,335,bd906c4cfcdcc697ae733412ca0a7401b15487ca7c026051f351862e30d632a8,/home/rspip/cqc/pro/study/orientbench/annotation_tools/m4_angle_annotation/annotator_A/crops/215a9b38071f9c64d073.jpg
m4-071-final-v1,A,eef4a045517efc9eaac4,f8da708b09ef1ea2,DIOR-R,336,5053f822b255117fb8867c1104e6d51cca5ade46b277b4254f4fdf3af1185018,/home/rspip/cqc/pro/study/orientbench/annotation_tools/m4_angle_annotation/annotator_A/crops/eef4a045517efc9eaac4.jpg
m4-071-final-v1,A,0c686251843ecd775af0,82fbc957bb245d6d,DIOR-R,337,9ee5837886932e471550bd5a4f233c161881986a11a9593b67445613510e786b,/home/rspip/cqc/pro/study/orientbench/annotation_tools/m4_angle_annotation/annotator_A/crops/0c686251843ecd775af0.jpg
m4-071-final-v1,A,5e95d7b767716bdeed07,0477e5c99b8cd6a4,DIOR-R,338,6fc9a0e13c34e8866a574f53b6443cbc7ccaf57c86a1d84ddf4d0dce586187d0,/home/rspip/cqc/pro/study/orientbench/annotation_tools/m4_angle_annotation/annotator_A/crops/5e95d7b767716bdeed07.jpg
m4-071-final-v1,A,21038b9eff65bf3d92fe,e79201f7eac485d2,FAIR1M-v1.0,339,575dc7cb292b8a01efa13f5e32e298aa0f6211ab326ae5aff28adc3b007159fd,/home/rspip/cqc/pro/study/orientbench/annotation_tools/m4_angle_annotation/annotator_A/crops/21038b9eff65bf3d92fe.jpg
m4-071-final-v1,A,b6ba31f513096d23ceca,7f1afa643650ae20,SODA-A,340,c4cd5e16d28fa36f5866aadbace18a89c99d11ddeb9ae14f9ab3d0ed712fb046,/home/rspip/cqc/pro/study/orientbench/annotation_tools/m4_angle_annotation/annotator_A/crops/b6ba31f513096d23ceca.jpg
m4-071-final-v1,A,a7d4dde28d7417d03e3e,ee33a99525dec375,FAIR1M-v1.0,341,35f12374110b3b335696b32538b5d37ec272bddf3285d8b330bb856cd7fe53d7,/home/rspip/cqc/pro/study/orientbench/annotation_tools/m4_angle_annotation/annotator_A/crops/a7d4dde28d7417d03e3e.jpg
m4-071-final-v1,A,95d798aecd0c9aa795c6,382e18d3302881c8,FAIR1M-v1.0,342,6cba1a0e41641895673f9dcef4ce07ba85d551ebd6b5b385abaeec1309fcb5a1,/home/rspip/cqc/pro/study/orientbench/annotation_tools/m4_angle_annotation/annotator_A/crops/95d798aecd0c9aa795c6.jpg
m4-071-final-v1,A,148f574105201bcfecfb,cd1a782ff2eee199,DIOR-R,343,76d61b896ca725d5270db31d8e86cf7ef1887e7f2dc39b6a64d8f37b48ff2adb,/home/rspip/cqc/pro/study/orientbench/annotation_tools/m4_angle_annotation/annotator_A/crops/148f574105201bcfecfb.jpg
m4-071-final-v1,A,ab63e23a198d1563a984,43ff74693d6f96b4,DIOR-R,344,284245e2cec82719f5a0790b7f585b47be48451071845e6e57e988baac5dce28,/home/rspip/cqc/pro/study/orientbench/annotation_tools/m4_angle_annotation/annotator_A/crops/ab63e23a198d1563a984.jpg
m4-071-final-v1,A,75d0b9080b95b235c4a0,4abd449189359816,DIOR-R,345,15282fab941fa8db7ceeccdf56731c31f484353dbfe73beb5e0c2ebc7c18eded,/home/rspip/cqc/pro/study/orientbench/annotation_tools/m4_angle_annotation/annotator_A/crops/75d0b9080b95b235c4a0.jpg
m4-071-final-v1,A,25048c4d6cdf61ca19d8,7b0cf58b1549f917,FAIR1M-v1.0,346,7f205160b9260714426dd066610694dc11849e806c712b1fb6f63dc67449d314,/home/rspip/cqc/pro/study/orientbench/annotation_tools/m4_angle_annotation/annotator_A/crops/25048c4d6cdf61ca19d8.jpg
m4-071-final-v1,A,0c14e8335e2a6e7063cc,093456f13ad3ceab,SODA-A,347,5ae549dc7f1157ffa6747b3357342848960f2baa4bc383b78557ca638872392f,/home/rspip/cqc/pro/study/orientbench/annotation_tools/m4_angle_annotation/annotator_A/crops/0c14e8335e2a6e7063cc.jpg
m4-071-final-v1,A,57834b1f827d04c5425d,84b5e69e679eeb27,SODA-A,348,0b084b672404b7798cf631a3dcb72a9ad3a58851b464e6cb2644c36262cb9d7c,/home/rspip/cqc/pro/study/orientbench/annotation_tools/m4_angle_annotation/annotator_A/crops/57834b1f827d04c5425d.jpg
m4-071-final-v1,A,83b37764a8946e48ad44,d7a7c6c25a4606c8,FAIR1M-v1.0,349,e20f7170c2c7fc11794152faa2f0ee45badd7a1c23a4062e89b230195ee7d750,/home/rspip/cqc/pro/study/orientbench/annotation_tools/m4_angle_annotation/annotator_A/crops/83b37764a8946e48ad44.jpg
m4-071-final-v1,A,3f8811ab4c2325bd95b5,dba2ca446d11f049,SODA-A,350,2107b1bfd123346dd2a7c76165fed31ebbba3ae66216050ba14c3daa788862fa,/home/rspip/cqc/pro/study/orientbench/annotation_tools/m4_angle_annotation/annotator_A/crops/3f8811ab4c2325bd95b5.jpg
m4-071-final-v1,A,56209d6fe67f00b1c6fa,47989c98f589c9fd,FAIR1M-v1.0,351,645de1a1b6a3f45acc691f4eeddc4d2e01696cd3051804c1f8586bcb0f4851e5,/home/rspip/cqc/pro/study/orientbench/annotation_tools/m4_angle_annotation/annotator_A/crops/56209d6fe67f00b1c6fa.jpg
m4-071-final-v1,A,75aa3a0b2b10d6fa56f1,345a015c596cc516,FAIR1M-v1.0,352,6428af9340066f1f9b171d7562ce0519b5bebd4780aba6b55352e6db345ea7d5,/home/rspip/cqc/pro/study/orientbench/annotation_tools/m4_angle_annotation/annotator_A/crops/75aa3a0b2b10d6fa56f1.jpg
m4-071-final-v1,A,e52bb4f9cbf6715e7584,c4c453504db7468b,SODA-A,353,5fa3d70a63ceff92098bb2017765d2b77f9dc8c22c806fff7d6847656f0b1665,/home/rspip/cqc/pro/study/orientbench/annotation_tools/m4_angle_annotation/annotator_A/crops/e52bb4f9cbf6715e7584.jpg
m4-071-final-v1,A,cb269ca2ffc7dbc20029,0f5e4239d2b87646,DIOR-R,354,df818d8ea8ee2e7d8ad38070b5c22b8aff5aea297f3976c4b61389aa9faee5bb,/home/rspip/cqc/pro/study/orientbench/annotation_tools/m4_angle_annotation/annotator_A/crops/cb269ca2ffc7dbc20029.jpg
m4-071-final-v1,A,96a832736768a4008c11,89ba663026c60a7f,DIOR-R,355,e2fb87f9df52d51bd31eb1f4aacba2e321b2f0c65dd6fb555fbf3f4d6bee7a55,/home/rspip/cqc/pro/study/orientbench/annotation_tools/m4_angle_annotation/annotator_A/crops/96a832736768a4008c11.jpg
m4-071-final-v1,A,e50644218a5efa4eba18,0be96f00dd0f76ca,SODA-A,356,5e1d2f5049504b921d49b1af9469ee6266f3854337073ff4873d3c1bf5bf58f1,/home/rspip/cqc/pro/study/orientbench/annotation_tools/m4_angle_annotation/annotator_A/crops/e50644218a5efa4eba18.jpg
m4-071-final-v1,A,da7a00b600ff252cab26,54e0499f95afd643,DIOR-R,357,f6b935510087d849dae45e0e794c1c9e25752df715c48c8de1bf51270ff9744d,/home/rspip/cqc/pro/study/orientbench/annotation_tools/m4_angle_annotation/annotator_A/crops/da7a00b600ff252cab26.jpg
m4-071-final-v1,A,9b0242a9cb9cd17fc780,076d64869e95a5c2,SODA-A,358,72b2cc9554127d8d114cb0a539e94553c3b2cab6c1cf4983042436a62d5ae1ee,/home/rspip/cqc/pro/study/orientbench/annotation_tools/m4_angle_annotation/annotator_A/crops/9b0242a9cb9cd17fc780.jpg
m4-071-final-v1,A,111b168f46ed5263e84d,3810e5f812230674,FAIR1M-v1.0,359,ccff1889a8da753231aebfc6e31ce5740066790013d746df8fa21e5def3b12d4,/home/rspip/cqc/pro/study/orientbench/annotation_tools/m4_angle_annotation/annotator_A/crops/111b168f46ed5263e84d.jpg
m4-071-final-v1,A,8306b8d0ae64620a7c23,e60d7dd4ac4647cb,DIOR-R,360,ba83808a2723dbe54992d5029db09c9d73dda00181f604d47733d1cadb360b50,/home/rspip/cqc/pro/study/orientbench/annotation_tools/m4_angle_annotation/annotator_A/crops/8306b8d0ae64620a7c23.jpg
m4-071-final-v1,A,91a2d8ef4695737d3203,2c0fa863437f56c2,FAIR1M-v1.0,361,dc077894c18e9a9dc2f89b42ae9401120437c66e501fdf59376aff72d1f0d2e1,/home/rspip/cqc/pro/study/orientbench/annotation_tools/m4_angle_annotation/annotator_A/crops/91a2d8ef4695737d3203.jpg
m4-071-final-v1,A,d64f1e942e8f89cf6f0a,68a5b9eeb1980971,DIOR-R,362,54b2a6ce9d8f1d26d63a22fba11794035aedd39f2bfcbd8d0cf5fabc8dd40a0a,/home/rspip/cqc/pro/study/orientbench/annotation_tools/m4_angle_annotation/annotator_A/crops/d64f1e942e8f89cf6f0a.jpg
m4-071-final-v1,A,ba12039587ee0763db4c,f9e9eaf13f6b1a9f,DIOR-R,363,a1a3ccd8bec2a4cdb62372b5ff1c9bff43260b941459115e97c0768d9317ccea,/home/rspip/cqc/pro/study/orientbench/annotation_tools/m4_angle_annotation/annotator_A/crops/ba12039587ee0763db4c.jpg
m4-071-final-v1,A,44fc770bccaf204e8508,65a22b6403286ca1,FAIR1M-v1.0,364,73be7c4bf38c1c9816cf099824b2d203a371b8f01174d4164e8e75661e92e21f,/home/rspip/cqc/pro/study/orientbench/annotation_tools/m4_angle_annotation/annotator_A/crops/44fc770bccaf204e8508.jpg
m4-071-final-v1,A,f8f1d81045d43ddfb67e,1dbdf4d480ae0708,DIOR-R,365,1ddbc125fd8881beb81ff79de2d9c01b7c6e5fdbc42c81690e615069c9662cec,/home/rspip/cqc/pro/study/orientbench/annotation_tools/m4_angle_annotation/annotator_A/crops/f8f1d81045d43ddfb67e.jpg
m4-071-final-v1,A,606e803e53b10a81710d,fb611adccd38b771,SODA-A,366,4c41803ea896653123cb6d3bc7dff915045f7f2c4b30fc8fa12554f64e543aef,/home/rspip/cqc/pro/study/orientbench/annotation_tools/m4_angle_annotation/annotator_A/crops/606e803e53b10a81710d.jpg
m4-071-final-v1,A,712736789e2ddbd39480,e19f13c47322ae0c,SODA-A,367,1fadcf693e6abd929db9762af9208170c7aa9fe1abff96229514840e8acb19db,/home/rspip/cqc/pro/study/orientbench/annotation_tools/m4_angle_annotation/annotator_A/crops/712736789e2ddbd39480.jpg
m4-071-final-v1,A,6dee68dbb21a461ae70c,3bc9f4b50b015bc1,SODA-A,368,9dbb005d73ff04036a28e724cc38a81fb6e3c89e1eaa7157c544386599434d3d,/home/rspip/cqc/pro/study/orientbench/annotation_tools/m4_angle_annotation/annotator_A/crops/6dee68dbb21a461ae70c.jpg
m4-071-final-v1,A,23496c32e19507620a3e,fa169c4672a93488,SODA-A,369,7fca3878a60b9e20bd03b12d768af5d5fcbc28274f7fe5e4ae5d489944cfbdc7,/home/rspip/cqc/pro/study/orientbench/annotation_tools/m4_angle_annotation/annotator_A/crops/23496c32e19507620a3e.jpg
m4-071-final-v1,A,1f0e35e22101a32c78dd,7e2bad675c7de4ed,SODA-A,370,b4d8d93596f24cca0b3d95b883599d4e977ac2d378cfae9f9c770540f5cf6c96,/home/rspip/cqc/pro/study/orientbench/annotation_tools/m4_angle_annotation/annotator_A/crops/1f0e35e22101a32c78dd.jpg
m4-071-final-v1,A,cae6c166361b0863efb3,839007d7ae7eada7,FAIR1M-v1.0,371,e0004eca3c2e5143ea77120f49e9a74cc9be62af65960879f47a9e331765cd7d,/home/rspip/cqc/pro/study/orientbench/annotation_tools/m4_angle_annotation/annotator_A/crops/cae6c166361b0863efb3.jpg
m4-071-final-v1,A,24917941606f4d39636e,df4c53aa62154ff6,FAIR1M-v1.0,372,bec3d0ee0ef8e5f87ce06418bd4936525ef15a0534a2af1ea48e27216292c896,/home/rspip/cqc/pro/study/orientbench/annotation_tools/m4_angle_annotation/annotator_A/crops/24917941606f4d39636e.jpg
m4-071-final-v1,A,cdf09c8767a4bcc78a0c,a43ba88bf26bbf8e,FAIR1M-v1.0,373,67a0f5eb9ac56f2003fbc0fe05840216ed79aef72bd116d6f703de36f0e1ce47,/home/rspip/cqc/pro/study/orientbench/annotation_tools/m4_angle_annotation/annotator_A/crops/cdf09c8767a4bcc78a0c.jpg
m4-071-final-v1,A,34f7aad9beaea32422f9,c3821b7b4946057f,SODA-A,374,37cd86ca6a5e9e1e592a77649a4a2fa6564109221250bf54ff463761de90a661,/home/rspip/cqc/pro/study/orientbench/annotation_tools/m4_angle_annotation/annotator_A/crops/34f7aad9beaea32422f9.jpg
m4-071-final-v1,A,714c542f37a7379a475e,c97e6bac86322c6d,FAIR1M-v1.0,375,c942b3dfebc3a08f2a79823901c68a7f88d96eb4647435716c1f9289530b765a,/home/rspip/cqc/pro/study/orientbench/annotation_tools/m4_angle_annotation/annotator_A/crops/714c542f37a7379a475e.jpg
m4-071-final-v1,A,71dedbf35ceee3a78a77,95de274ceaa700f1,FAIR1M-v1.0,376,161f14ecefc54107ac331524256c24a240a70e8992c8041c2085d0455855d7fa,/home/rspip/cqc/pro/study/orientbench/annotation_tools/m4_angle_annotation/annotator_A/crops/71dedbf35ceee3a78a77.jpg
m4-071-final-v1,A,15160f2cea29c087a140,a4e7e04db2cda49f,FAIR1M-v1.0,377,70f2d96f9bcf5c48bbd4e0bfa6c839219b49c43c726064fd820bbd3dea8dad86,/home/rspip/cqc/pro/study/orientbench/annotation_tools/m4_angle_annotation/annotator_A/crops/15160f2cea29c087a140.jpg
m4-071-final-v1,A,8e27e5fb0482f42eed7f,c016d52deec0365d,FAIR1M-v1.0,378,3cdb364d02d3cc932525a7c813350f492e94e4fb490505054233800a1194000c,/home/rspip/cqc/pro/study/orientbench/annotation_tools/m4_angle_annotation/annotator_A/crops/8e27e5fb0482f42eed7f.jpg
m4-071-final-v1,A,b3ee07720a06b98192df,b1db1e4ad99fb7e8,SODA-A,379,0cc88f7825f77cfe3432047e31bda104d23a6731cca2dd028dea30acf5a59007,/home/rspip/cqc/pro/study/orientbench/annotation_tools/m4_angle_annotation/annotator_A/crops/b3ee07720a06b98192df.jpg
m4-071-final-v1,A,1aa7012fc87d4e2b0e9f,5604abec2ee2d342,DIOR-R,380,a223c5a79d6a298f9fa6991be3d792f90a137aa3c9480d14cd6477cae37a5061,/home/rspip/cqc/pro/study/orientbench/annotation_tools/m4_angle_annotation/annotator_A/crops/1aa7012fc87d4e2b0e9f.jpg
m4-071-final-v1,A,897b9a80848f42732e8e,c81500ff51ff1c72,SODA-A,381,6347745336ef72a85af28ef3fb80b1dfeb7c7e0407209a77a9d309e64e77f04e,/home/rspip/cqc/pro/study/orientbench/annotation_tools/m4_angle_annotation/annotator_A/crops/897b9a80848f42732e8e.jpg
m4-071-final-v1,A,97bca995e22a419943e6,f9c0a218de88a128,SODA-A,382,4cc79e0f2a30cdab1e54850579be273c770f6291ef4bba6578b56e27b14d36d6,/home/rspip/cqc/pro/study/orientbench/annotation_tools/m4_angle_annotation/annotator_A/crops/97bca995e22a419943e6.jpg
m4-071-final-v1,A,5d13e3c15d26feb63326,fa05af3ac256e458,DIOR-R,383,30dbcd858760373934c7a77bf63840bf6e1482b6af3a06845c3cd3f30a3525c0,/home/rspip/cqc/pro/study/orientbench/annotation_tools/m4_angle_annotation/annotator_A/crops/5d13e3c15d26feb63326.jpg
m4-071-final-v1,A,2d7b12c1ccab0e6943b8,1487b34bdae12bd9,DIOR-R,384,6e10668098c375f8fc4ed51d6e02fea04686f4543b888c1198ee52cf62f442c2,/home/rspip/cqc/pro/study/orientbench/annotation_tools/m4_angle_annotation/annotator_A/crops/2d7b12c1ccab0e6943b8.jpg
m4-071-final-v1,A,4e8d26da9c29a4bcc114,c817241fb36bcbe7,DIOR-R,385,d8050c1e9d23e85ce07238cfed1a33d4a6b5193c57e780043e17165b064981f9,/home/rspip/cqc/pro/study/orientbench/annotation_tools/m4_angle_annotation/annotator_A/crops/4e8d26da9c29a4bcc114.jpg
m4-071-final-v1,A,8c8d2db9e87fa7570b0f,6976c8b727df9844,SODA-A,386,5beabff209c91b90bc407e9002ce2f5bc91277510f9af0cb3ec1995a7c23991d,/home/rspip/cqc/pro/study/orientbench/annotation_tools/m4_angle_annotation/annotator_A/crops/8c8d2db9e87fa7570b0f.jpg
m4-071-final-v1,A,ca46d2d19a3934d44858,9b151a971428a313,FAIR1M-v1.0,387,09d18ff640dedbe9a469681d5014223c70affad6c898792a77cac7d89d51d8e6,/home/rspip/cqc/pro/study/orientbench/annotation_tools/m4_angle_annotation/annotator_A/crops/ca46d2d19a3934d44858.jpg
m4-071-final-v1,A,4888d6826dbafb8d34d0,5144fdb81cf4d888,FAIR1M-v1.0,388,2117631a32970e93dc31343a03fcce747e6ec93fc96d02b15548a5a2cc36d529,/home/rspip/cqc/pro/study/orientbench/annotation_tools/m4_angle_annotation/annotator_A/crops/4888d6826dbafb8d34d0.jpg
m4-071-final-v1,A,163eec52080ab2071846,f2ff6e86a777089b,SODA-A,389,b713aa3ffa6e11cfe0214898cebd7b638ee855c16333d12efcf63ad66ce50de1,/home/rspip/cqc/pro/study/orientbench/annotation_tools/m4_angle_annotation/annotator_A/crops/163eec52080ab2071846.jpg
m4-071-final-v1,A,c997899215caf7e7063e,ffac2a7ca9776fb0,SODA-A,390,a5ab72eaa7e8738b91b2551beebc3ece4a1c246bd0720332b8a2512594d0ec2c,/home/rspip/cqc/pro/study/orientbench/annotation_tools/m4_angle_annotation/annotator_A/crops/c997899215caf7e7063e.jpg
m4-071-final-v1,A,68c1cee8ff1d0ee4f0c0,b5b39308581cbeea,DIOR-R,391,60ec91f7f48434c4e705180f3fab80593576725f72b7a1f03a5eb74cfec1a64a,/home/rspip/cqc/pro/study/orientbench/annotation_tools/m4_angle_annotation/annotator_A/crops/68c1cee8ff1d0ee4f0c0.jpg
m4-071-final-v1,A,7f9252d2142c1b08b688,af9975e61f3b6772,DIOR-R,392,50d07e02c76ed197fedd6bdfbf9f24d9b1b74b397860397b65ca1ec1a8042484,/home/rspip/cqc/pro/study/orientbench/annotation_tools/m4_angle_annotation/annotator_A/crops/7f9252d2142c1b08b688.jpg
m4-071-final-v1,A,6608ae9646832134470c,68676ad36589584c,DIOR-R,393,8bc95451347111c474353ebe909aa4647d23a89e3ba09254f98cbf9922344dd8,/home/rspip/cqc/pro/study/orientbench/annotation_tools/m4_angle_annotation/annotator_A/crops/6608ae9646832134470c.jpg
m4-071-final-v1,A,db2187c88f70cf9f7d3a,54fd050f6ffc2395,FAIR1M-v1.0,394,0f9b38adb29779ddf9babf6e2066ee077b83dfc76110d8d76a51505127a99aac,/home/rspip/cqc/pro/study/orientbench/annotation_tools/m4_angle_annotation/annotator_A/crops/db2187c88f70cf9f7d3a.jpg
m4-071-final-v1,A,7dcabbf69e7b2b7ac99c,c6c873b2be3ea780,DIOR-R,395,d7428354f372cf2e271b7eccfad148ba14a399b3254975fe5098ec58e7bdec79,/home/rspip/cqc/pro/study/orientbench/annotation_tools/m4_angle_annotation/annotator_A/crops/7dcabbf69e7b2b7ac99c.jpg
m4-071-final-v1,A,599f3eb9322a19ddc438,b69a8a9a02e9e529,SODA-A,396,57d376ddd3d4ed8e07a318298649fbb30efcd81a4da3620f033d432625abd203,/home/rspip/cqc/pro/study/orientbench/annotation_tools/m4_angle_annotation/annotator_A/crops/599f3eb9322a19ddc438.jpg
m4-071-final-v1,A,2ba51a2d4818eec6a61d,ec0a8f5f9f069c5e,DIOR-R,397,7b09da17e938c322eead7326b9dc4f3b50d7d387c257a2017a8e1d4412db8eec,/home/rspip/cqc/pro/study/orientbench/annotation_tools/m4_angle_annotation/annotator_A/crops/2ba51a2d4818eec6a61d.jpg
m4-071-final-v1,A,5d8c7e47731e074c8b5c,3722c792fe87f6ec,FAIR1M-v1.0,398,db07ad90bbbc989a958b03d6e247e114d19a1cbcb6716a048378536f632ef43a,/home/rspip/cqc/pro/study/orientbench/annotation_tools/m4_angle_annotation/annotator_A/crops/5d8c7e47731e074c8b5c.jpg
m4-071-final-v1,A,fd172ebdba467d405c4f,86db733a82358e86,DIOR-R,399,977867212be7bf89bf51f11057e77013b072c2454aecc8b3317d243aa7707b39,/home/rspip/cqc/pro/study/orientbench/annotation_tools/m4_angle_annotation/annotator_A/crops/fd172ebdba467d405c4f.jpg
m4-071-final-v1,A,2a3f944cbba4b42d35c3,681d06a56e39356e,SODA-A,400,f31c6e6abdc45744ae6c479d0364f8d3fcf79efe5bbca9a56bd4264cf68cba4e,/home/rspip/cqc/pro/study/orientbench/annotation_tools/m4_angle_annotation/annotator_A/crops/2a3f944cbba4b42d35c3.jpg
m4-071-final-v1,A,26da55843313c1afb7ed,9f14b78bfb8df884,SODA-A,401,e8a3a47ae857716241e012c8355c9fa940cdb593376c52ff079363c6cec9dbce,/home/rspip/cqc/pro/study/orientbench/annotation_tools/m4_angle_annotation/annotator_A/crops/26da55843313c1afb7ed.jpg
m4-071-final-v1,A,e790972003a4832bc4a0,7b664ae18fd24a20,SODA-A,402,100a550837b106496f24a6a7e39ee06da38f440f33a1ce1d56a339244b7ac61a,/home/rspip/cqc/pro/study/orientbench/annotation_tools/m4_angle_annotation/annotator_A/crops/e790972003a4832bc4a0.jpg
m4-071-final-v1,A,2bb8e973126356aca708,ace97f66d2b89049,FAIR1M-v1.0,403,d9cc8f4f7fcd8772c6bd1b8355289936e245e7ced5df042a4f4329cac61ceb58,/home/rspip/cqc/pro/study/orientbench/annotation_tools/m4_angle_annotation/annotator_A/crops/2bb8e973126356aca708.jpg
m4-071-final-v1,A,a096a954f916e48408c4,735dbdea4d1b619b,FAIR1M-v1.0,404,ff2434d4bfdabbcadb22061f0d8fe6e1b6884d933f8ec980765e71fc910f7062,/home/rspip/cqc/pro/study/orientbench/annotation_tools/m4_angle_annotation/annotator_A/crops/a096a954f916e48408c4.jpg
m4-071-final-v1,A,70908dd5bc210fd2310b,840cb4d8b0f1330f,DIOR-R,405,c33f9c1920916b0cc4d274f7ee162543ebc521192b08ef73f41d49670e666cf3,/home/rspip/cqc/pro/study/orientbench/annotation_tools/m4_angle_annotation/annotator_A/crops/70908dd5bc210fd2310b.jpg
m4-071-final-v1,A,f62ea75982150387cab8,481ddce95c3bb828,SODA-A,406,0c41ceef52a5827328055f41af4546f10e14413953a3b72aea20e89c9e08a11f,/home/rspip/cqc/pro/study/orientbench/annotation_tools/m4_angle_annotation/annotator_A/crops/f62ea75982150387cab8.jpg
m4-071-final-v1,A,ff2612371da1b4caec7c,0c2274f02bf5ced3,DIOR-R,407,2761ee1be03c4c89cd07a22c3fa5971681d1d91b66cdd179907dfa0238043a00,/home/rspip/cqc/pro/study/orientbench/annotation_tools/m4_angle_annotation/annotator_A/crops/ff2612371da1b4caec7c.jpg
m4-071-final-v1,A,a635373b158adeefc356,7060ce24cc77299a,FAIR1M-v1.0,408,2889f973d107f9b772fe7b4892b5533466d62d55fbbeba42a5c2e6608fb39bca,/home/rspip/cqc/pro/study/orientbench/annotation_tools/m4_angle_annotation/annotator_A/crops/a635373b158adeefc356.jpg
m4-071-final-v1,A,e3224b4099a806e961a5,1378ad9cb345683d,FAIR1M-v1.0,409,d60a69965beb792d497766cf7f0e24f00107b00b1333ddf01c370dc68097e364,/home/rspip/cqc/pro/study/orientbench/annotation_tools/m4_angle_annotation/annotator_A/crops/e3224b4099a806e961a5.jpg
m4-071-final-v1,A,a6292c566f9c17934aaa,b7fd776a0400be67,DIOR-R,410,1efd50ec931efb9d32912605ab13f5936a6e7adcb02a28f8d6edbcc27f1be753,/home/rspip/cqc/pro/study/orientbench/annotation_tools/m4_angle_annotation/annotator_A/crops/a6292c566f9c17934aaa.jpg
m4-071-final-v1,A,c3f11694b2134bf6c895,f7f0d2e1e7957d53,FAIR1M-v1.0,411,269446da36526e580acb7f94622fef0f09ba3f7756c1fbeef1be72f03e47fd2f,/home/rspip/cqc/pro/study/orientbench/annotation_tools/m4_angle_annotation/annotator_A/crops/c3f11694b2134bf6c895.jpg
m4-071-final-v1,A,26a391560db1c2d6f03e,1a37659819d0ba6a,DIOR-R,412,372f72f4c8d9a999c46c1e1dd83c38b6cac745d169a95ff1b87fca3f64c63ce1,/home/rspip/cqc/pro/study/orientbench/annotation_tools/m4_angle_annotation/annotator_A/crops/26a391560db1c2d6f03e.jpg
m4-071-final-v1,A,481dac2080d0b39fd63e,6e0f0bd0ffdc8e98,FAIR1M-v1.0,413,ff101cd83c784ca12a854afc37e8774eb8f96e6d142a01b318fad5b3cae0af0b,/home/rspip/cqc/pro/study/orientbench/annotation_tools/m4_angle_annotation/annotator_A/crops/481dac2080d0b39fd63e.jpg
m4-071-final-v1,A,00648b184ced96c1ca0a,427e51a48409a2ef,DIOR-R,414,5997989dead741033b591967d8d9dc050d9436c1b74c72e7c133dddff2b24d5b,/home/rspip/cqc/pro/study/orientbench/annotation_tools/m4_angle_annotation/annotator_A/crops/00648b184ced96c1ca0a.jpg
m4-071-final-v1,A,c6861af9ae9b9ea0190e,2391c6d252f26e8a,DIOR-R,415,16da1240441c25d13efb7ea413e219eb9efde314f79c582ca276c6a3a3fa552f,/home/rspip/cqc/pro/study/orientbench/annotation_tools/m4_angle_annotation/annotator_A/crops/c6861af9ae9b9ea0190e.jpg
m4-071-final-v1,A,13ee8143218b5c3165ab,49512572d1faaf62,DIOR-R,416,3796f445650fd75bf1c1e7aca4a1569b27a23432755d4bdbc8dd07c1708f34f0,/home/rspip/cqc/pro/study/orientbench/annotation_tools/m4_angle_annotation/annotator_A/crops/13ee8143218b5c3165ab.jpg
m4-071-final-v1,A,2f2f8e98b4a6dfe91675,5fbe2cfad2a2ca97,SODA-A,417,047e29ed45f750c1fd91add1190eeb1e5206b30cc85c162632ebc1f2b392959f,/home/rspip/cqc/pro/study/orientbench/annotation_tools/m4_angle_annotation/annotator_A/crops/2f2f8e98b4a6dfe91675.jpg
m4-071-final-v1,A,ba4d66cd7f5e60c04fb0,cab8f53831bd8085,SODA-A,418,a51ba3150783fb254da6e1b4d936f6b7b3df18379bc0710d223b209d9f7361e1,/home/rspip/cqc/pro/study/orientbench/annotation_tools/m4_angle_annotation/annotator_A/crops/ba4d66cd7f5e60c04fb0.jpg
m4-071-final-v1,A,dfb36c0834e02e04b8e1,d0fc02091dd4e903,SODA-A,419,f936091e7708bf41677adf35b28fbc3c7c507b5c87c91e8575f983eb52445866,/home/rspip/cqc/pro/study/orientbench/annotation_tools/m4_angle_annotation/annotator_A/crops/dfb36c0834e02e04b8e1.jpg
m4-071-final-v1,A,3b82eb1a473ef4311ebe,391d2246e284d8f8,FAIR1M-v1.0,420,1ee785b62c2a96024a037999f14de1067cb24844e194639d37528dc48a63a032,/home/rspip/cqc/pro/study/orientbench/annotation_tools/m4_angle_annotation/annotator_A/crops/3b82eb1a473ef4311ebe.jpg
m4-071-final-v1,A,10ac24333898cf56868a,bd6497c7da4a8b90,SODA-A,421,ec64b305e1bb5bdaeea034e8220edd6e8bd9cd7e369971c4da0c33cf6e64b55c,/home/rspip/cqc/pro/study/orientbench/annotation_tools/m4_angle_annotation/annotator_A/crops/10ac24333898cf56868a.jpg
m4-071-final-v1,A,eca842c05c5279a1b7dc,3e77e42e20134cea,DIOR-R,422,e7e81fbbf94cc32ef37c86fd9acb45468b9b7305af0b8fdc0909e00040c40de5,/home/rspip/cqc/pro/study/orientbench/annotation_tools/m4_angle_annotation/annotator_A/crops/eca842c05c5279a1b7dc.jpg
m4-071-final-v1,A,b59d365dbe6ef9f3c8e2,8781c1c5718500ed,DIOR-R,423,9538a8e2c43638726bb76b0fb4a52258bb18bc02645901c1e075a026e025d069,/home/rspip/cqc/pro/study/orientbench/annotation_tools/m4_angle_annotation/annotator_A/crops/b59d365dbe6ef9f3c8e2.jpg
m4-071-final-v1,A,499312a3a1deb845781e,ba0795651de81c2d,SODA-A,424,9757fe617ab78b44769dd1498f0beb3b89c6c2a04e14a178857a059c1011b673,/home/rspip/cqc/pro/study/orientbench/annotation_tools/m4_angle_annotation/annotator_A/crops/499312a3a1deb845781e.jpg
m4-071-final-v1,A,a78a82814c1a0e442e96,e6fa96ef1a3d90a1,SODA-A,425,77602fe6600cb20cbcfee744cb0520c90f4d863fb360ac5575f5812c71fcf1a3,/home/rspip/cqc/pro/study/orientbench/annotation_tools/m4_angle_annotation/annotator_A/crops/a78a82814c1a0e442e96.jpg
m4-071-final-v1,A,05090a5ae146eaeebc06,139ce531458c8075,DIOR-R,426,830330c226ec879c118d0a876a04863f480531be453933373cb6071e514ef925,/home/rspip/cqc/pro/study/orientbench/annotation_tools/m4_angle_annotation/annotator_A/crops/05090a5ae146eaeebc06.jpg
m4-071-final-v1,A,c2b69cf38432c915f85e,f37d9b925d845dd3,SODA-A,427,5c20bf748ff33923481735c30971fc3c8ce77438098975e127253171d07350a9,/home/rspip/cqc/pro/study/orientbench/annotation_tools/m4_angle_annotation/annotator_A/crops/c2b69cf38432c915f85e.jpg
m4-071-final-v1,A,9a77ee5a2d965519fdaa,b75cfdfdaaa5dd5e,SODA-A,428,9df722304deae9f7897344d491581444131805129c6af90c56021f5ab7773c38,/home/rspip/cqc/pro/study/orientbench/annotation_tools/m4_angle_annotation/annotator_A/crops/9a77ee5a2d965519fdaa.jpg
m4-071-final-v1,A,f10eb2c937682302b10c,53dfb5ae40d4b46a,DIOR-R,429,4b9a0e79cb3b79805b0d2e94c1e283e5ec57f0edf0a99971e31435b8365a8e05,/home/rspip/cqc/pro/study/orientbench/annotation_tools/m4_angle_annotation/annotator_A/crops/f10eb2c937682302b10c.jpg
m4-071-final-v1,A,5541ed8be61d6a0f35fb,2931da09910fcd7c,SODA-A,430,2a2a10a715d7d9bf02579e5ef967e2361e2b7974b3620e561b843e9fdc55c1a3,/home/rspip/cqc/pro/study/orientbench/annotation_tools/m4_angle_annotation/annotator_A/crops/5541ed8be61d6a0f35fb.jpg
m4-071-final-v1,A,5635082c1787ab8ceae8,3abb6b47dbc7b367,FAIR1M-v1.0,431,cc2b9c10892f4ade3984f63e13c73c64f81da1f772e6f056d486f498c7a69d87,/home/rspip/cqc/pro/study/orientbench/annotation_tools/m4_angle_annotation/annotator_A/crops/5635082c1787ab8ceae8.jpg
m4-071-final-v1,A,b3f2ff96405946967b0c,55e0b1fee6957531,SODA-A,432,39010e01b6c49a9d4e1924fb12bcd3516c3e2992f2839fef3d2b180d13323c7d,/home/rspip/cqc/pro/study/orientbench/annotation_tools/m4_angle_annotation/annotator_A/crops/b3f2ff96405946967b0c.jpg
m4-071-final-v1,A,25c51555734910beb625,986648975f4beca5,FAIR1M-v1.0,433,64473c508d9db77a3b299ee02fcbc6c776b8a452a32c2a5f435c9f0b1fc76ea1,/home/rspip/cqc/pro/study/orientbench/annotation_tools/m4_angle_annotation/annotator_A/crops/25c51555734910beb625.jpg
m4-071-final-v1,A,69721122aed22ed49644,6a5394b01f7f7866,SODA-A,434,3b39bcebb2ec461d030279bd303f100b03fbb51f501527c9832723c0ddcb7821,/home/rspip/cqc/pro/study/orientbench/annotation_tools/m4_angle_annotation/annotator_A/crops/69721122aed22ed49644.jpg
m4-071-final-v1,A,46a734d6dfe23391ef48,2fe05360b4b153fd,FAIR1M-v1.0,435,60e1e6e69eca7e95f8c8bb003bc8501f17853c2bd1271cf33306737d946444b9,/home/rspip/cqc/pro/study/orientbench/annotation_tools/m4_angle_annotation/annotator_A/crops/46a734d6dfe23391ef48.jpg
m4-071-final-v1,A,895f8cbeb1c9b8c6f38c,0b9ab1127e0db226,FAIR1M-v1.0,436,78a704751cd04a7458e636d3788c28de393241278052f9aeb0a79f2562e64fb4,/home/rspip/cqc/pro/study/orientbench/annotation_tools/m4_angle_annotation/annotator_A/crops/895f8cbeb1c9b8c6f38c.jpg
m4-071-final-v1,A,a3a2bdc61decc17a2acf,b2fc0da15109dd5b,DIOR-R,437,33dc7c964428ffb9db0e53ea76a28cabea0fa8584470f15087c68f22190d3514,/home/rspip/cqc/pro/study/orientbench/annotation_tools/m4_angle_annotation/annotator_A/crops/a3a2bdc61decc17a2acf.jpg
m4-071-final-v1,A,d8e13c2cee7f6539c29e,b90f138c4aaeadde,DIOR-R,438,f8c0303b30939247a4714300bcff7e23195fe40f131375d81d8c9f82346b914a,/home/rspip/cqc/pro/study/orientbench/annotation_tools/m4_angle_annotation/annotator_A/crops/d8e13c2cee7f6539c29e.jpg
m4-071-final-v1,A,2575c277eb76f1c726b5,93e099d85d11f02a,SODA-A,439,200777a9d85815193a2cc7c5f976cf9f229c4f9b1fb713325025bfa07da0f0ad,/home/rspip/cqc/pro/study/orientbench/annotation_tools/m4_angle_annotation/annotator_A/crops/2575c277eb76f1c726b5.jpg
m4-071-final-v1,A,7c6c45bbc5ccf800a060,69ae5cd97a84197a,FAIR1M-v1.0,440,90209a221d27528dee89392919d5c8e248e708f9b6269345d27a6854cdc629d1,/home/rspip/cqc/pro/study/orientbench/annotation_tools/m4_angle_annotation/annotator_A/crops/7c6c45bbc5ccf800a060.jpg
m4-071-final-v1,A,49810d0636bb9cd4cf4f,64d06425df4517e8,SODA-A,441,406a6b484e7bf6d7534bb62cba5e111add180824263325f34ea0516cc4fe0b93,/home/rspip/cqc/pro/study/orientbench/annotation_tools/m4_angle_annotation/annotator_A/crops/49810d0636bb9cd4cf4f.jpg
m4-071-final-v1,A,e62d2e7529d4c03a714a,908d480cb1cfd16c,DIOR-R,442,f1143d9048646f332ab3ea4c7b3a8830b3514011fd557d0659f6d1d520f36136,/home/rspip/cqc/pro/study/orientbench/annotation_tools/m4_angle_annotation/annotator_A/crops/e62d2e7529d4c03a714a.jpg
m4-071-final-v1,A,6f2b9bff607ed5c0a444,5d0c9d350f83e012,FAIR1M-v1.0,443,44e11a5ee5776fa5c41141990b7f752bad3e408f5030c775e65b3742eb61c750,/home/rspip/cqc/pro/study/orientbench/annotation_tools/m4_angle_annotation/annotator_A/crops/6f2b9bff607ed5c0a444.jpg
m4-071-final-v1,A,c882d5656c9b8a3b1348,6b136b5f4ab338b6,SODA-A,444,73e15606eba9d993ee7f1917afa0fbf02b21be9d6a4d92f66a42efc770c7efd9,/home/rspip/cqc/pro/study/orientbench/annotation_tools/m4_angle_annotation/annotator_A/crops/c882d5656c9b8a3b1348.jpg
m4-071-final-v1,A,a5a22f92a4a579cecb0f,15d457a387a2f61e,DIOR-R,445,22f71b7a7ba25f2c6f0756456ccb4a618a552b94d2a1f14dcc32287330e82a7c,/home/rspip/cqc/pro/study/orientbench/annotation_tools/m4_angle_annotation/annotator_A/crops/a5a22f92a4a579cecb0f.jpg
m4-071-final-v1,A,6b1b1d87f67f7b6ce9f9,8dcbee2dac69101c,FAIR1M-v1.0,446,f107fa4c13f66145b1ad92c6c56e4d7459e0ea46431f2e0f6d10544d62030218,/home/rspip/cqc/pro/study/orientbench/annotation_tools/m4_angle_annotation/annotator_A/crops/6b1b1d87f67f7b6ce9f9.jpg
m4-071-final-v1,A,3f38765a1d671987aa21,63c1849612542404,DIOR-R,447,111ee244b01fb05d911d99d0d4bfbc3a79cffd8fb8a2538cf1285452bbaa5240,/home/rspip/cqc/pro/study/orientbench/annotation_tools/m4_angle_annotation/annotator_A/crops/3f38765a1d671987aa21.jpg
m4-071-final-v1,A,411afea8005cae7d7114,a055b177f341f161,SODA-A,448,5fb780f3bc4853def51098e64531aada0f5c17474c682313f8ede7d535b1820b,/home/rspip/cqc/pro/study/orientbench/annotation_tools/m4_angle_annotation/annotator_A/crops/411afea8005cae7d7114.jpg
m4-071-final-v1,A,6c5a2b66dc0a36f18a7a,21f81e7c29067745,SODA-A,449,1ad5feb60bbef569b7c1e391a564705902f1dc737bcb051551d4373918eee655,/home/rspip/cqc/pro/study/orientbench/annotation_tools/m4_angle_annotation/annotator_A/crops/6c5a2b66dc0a36f18a7a.jpg
m4-071-final-v1,A,fba16740364c8c9a176c,b6e31a959d4585f6,FAIR1M-v1.0,450,e6cd866138d7c216cf37752b9c2bc4dbca4519e95ca8f78060addf22f8005c44,/home/rspip/cqc/pro/study/orientbench/annotation_tools/m4_angle_annotation/annotator_A/crops/fba16740364c8c9a176c.jpg
m4-071-final-v1,A,2260afdc092afb51c1eb,80b49e709ed1cc5f,FAIR1M-v1.0,451,436e8493742ea8aeaefe0cf2d5e750c40fb06e886229a597d7956c9ff12b3188,/home/rspip/cqc/pro/study/orientbench/annotation_tools/m4_angle_annotation/annotator_A/crops/2260afdc092afb51c1eb.jpg
m4-071-final-v1,A,5e435c835941518110f5,0a732cd741f35e99,FAIR1M-v1.0,452,572f01711f6b187e19df5b8c5daf142fda6685653b3b5e320a3c3691c3f5c186,/home/rspip/cqc/pro/study/orientbench/annotation_tools/m4_angle_annotation/annotator_A/crops/5e435c835941518110f5.jpg
m4-071-final-v1,A,f5c65bfa776071ea8180,c5dd041d431c1f23,DIOR-R,453,654ea125b884685c98950c769044227fd87734786df775eeee0460c5efa2112e,/home/rspip/cqc/pro/study/orientbench/annotation_tools/m4_angle_annotation/annotator_A/crops/f5c65bfa776071ea8180.jpg
m4-071-final-v1,A,76788c85f6f28e882b09,79382b79333a4275,SODA-A,454,81ad3f03e6641222c66af5d7b0676a4fb333b23543d763992b68324e9592854c,/home/rspip/cqc/pro/study/orientbench/annotation_tools/m4_angle_annotation/annotator_A/crops/76788c85f6f28e882b09.jpg
m4-071-final-v1,A,ed58d3ec7c512d684aee,b43c806a898db6af,DIOR-R,455,1ee5b3037a5732db790b19ce59fcc3e41965f8d29537ef2fecdde11f91c2efb5,/home/rspip/cqc/pro/study/orientbench/annotation_tools/m4_angle_annotation/annotator_A/crops/ed58d3ec7c512d684aee.jpg
m4-071-final-v1,A,1370938733859a5c012c,24b572df6ef2d75c,DIOR-R,456,e02cd46d5fe578f1907ce9e68af41976d86df7a03ed8fa097a866afa7285f1d4,/home/rspip/cqc/pro/study/orientbench/annotation_tools/m4_angle_annotation/annotator_A/crops/1370938733859a5c012c.jpg
m4-071-final-v1,A,a98843b2159e2d1719db,8c415034cb5b4bd4,FAIR1M-v1.0,457,5c0805483418a2dfee17db2d168170cefc9c8ed9cebbdabf7a97a56476917a05,/home/rspip/cqc/pro/study/orientbench/annotation_tools/m4_angle_annotation/annotator_A/crops/a98843b2159e2d1719db.jpg
m4-071-final-v1,A,1e8157791cd3efc02591,b7b37a468edda06d,SODA-A,458,0b54b06254c3570b4b00ffb16fb0a4ca18f609a5c9c22be195705790e7de3642,/home/rspip/cqc/pro/study/orientbench/annotation_tools/m4_angle_annotation/annotator_A/crops/1e8157791cd3efc02591.jpg
m4-071-final-v1,A,3a4d510b00f24ea99ab2,9d2b716795ebd0f7,DIOR-R,459,a252f45af30da9111cb0a8f6dfb263b647d3582b9a23a8bcc93e344204f556ab,/home/rspip/cqc/pro/study/orientbench/annotation_tools/m4_angle_annotation/annotator_A/crops/3a4d510b00f24ea99ab2.jpg
m4-071-final-v1,A,66b8c6ae3ac74d2e4487,249b60a5ece8642d,DIOR-R,460,e8c8d1fbb940b9e08ae0687e8b875308f01844e14a48f2bfea24eecb8bb9d99f,/home/rspip/cqc/pro/study/orientbench/annotation_tools/m4_angle_annotation/annotator_A/crops/66b8c6ae3ac74d2e4487.jpg
m4-071-final-v1,A,ab8a96977e6a581c48f5,c4228fb6718e7403,FAIR1M-v1.0,461,b557f32c49b89431c2757505d2c2678afb034d472e3200329b7c5c6564bea43f,/home/rspip/cqc/pro/study/orientbench/annotation_tools/m4_angle_annotation/annotator_A/crops/ab8a96977e6a581c48f5.jpg
m4-071-final-v1,A,a98bd66f1b38ad1ad153,e5ea4c4cbf80cb01,SODA-A,462,8d57f343a36ca6abe4f9d5be6a8d836e0a4f9484e27f88d6aa57441bfc58099f,/home/rspip/cqc/pro/study/orientbench/annotation_tools/m4_angle_annotation/annotator_A/crops/a98bd66f1b38ad1ad153.jpg
m4-071-final-v1,A,cc5e010ac97ab69b97c0,bf66cec98778f390,FAIR1M-v1.0,463,75d00469791a94b5b156c3f03570f3b78ad220c2c8b0f6e2c4bf0f314d16fa44,/home/rspip/cqc/pro/study/orientbench/annotation_tools/m4_angle_annotation/annotator_A/crops/cc5e010ac97ab69b97c0.jpg
m4-071-final-v1,A,faa9ae162bf6735421f6,ab6d1690b1ed918e,FAIR1M-v1.0,464,aa8cec522d03940d111cea59e6e2b6823d50866a0a1ee30b7fbc5a952a096122,/home/rspip/cqc/pro/study/orientbench/annotation_tools/m4_angle_annotation/annotator_A/crops/faa9ae162bf6735421f6.jpg
m4-071-final-v1,A,8c15cd66ab8267d1b902,693593e914b749ec,FAIR1M-v1.0,465,c9ded1b589fadf93d31458ec9ffed6dc6c591239e10877a2e8fb7fef76be874f,/home/rspip/cqc/pro/study/orientbench/annotation_tools/m4_angle_annotation/annotator_A/crops/8c15cd66ab8267d1b902.jpg
m4-071-final-v1,A,581c817a9dff42f3de43,021abe13d822d18d,DIOR-R,466,3460f26e58b2b368287179ae25aaaea17fce51688a8df412936bb3b9ba0ede76,/home/rspip/cqc/pro/study/orientbench/annotation_tools/m4_angle_annotation/annotator_A/crops/581c817a9dff42f3de43.jpg
m4-071-final-v1,A,8c655a404c13313b7c50,3eb2476395022d4c,SODA-A,467,2d3729d60ffea4380c97cf9e7aad92c52c98238e695a79ce7674fb0ab2f79c26,/home/rspip/cqc/pro/study/orientbench/annotation_tools/m4_angle_annotation/annotator_A/crops/8c655a404c13313b7c50.jpg
m4-071-final-v1,A,850887eb72b5cfaacb2c,000473f222358086,FAIR1M-v1.0,468,d29c4c1c27ddb68a2891d0d5b6a6bc8cbfcfe3fe6a4529b1f5007026879167cf,/home/rspip/cqc/pro/study/orientbench/annotation_tools/m4_angle_annotation/annotator_A/crops/850887eb72b5cfaacb2c.jpg
m4-071-final-v1,A,5131d355f8ff615c0aae,84fa0bef61b42a66,DIOR-R,469,d95731cffecf7a53018a3f4bc83f4ac45b85576e07fe5b6f83a55b38fd85abe9,/home/rspip/cqc/pro/study/orientbench/annotation_tools/m4_angle_annotation/annotator_A/crops/5131d355f8ff615c0aae.jpg
m4-071-final-v1,A,e202da33feb7ee4aaf9b,107b60235366545a,DIOR-R,470,f0efee7455464b5ed8ae07477328a07e307165820de9467e4f69f074eb11f165,/home/rspip/cqc/pro/study/orientbench/annotation_tools/m4_angle_annotation/annotator_A/crops/e202da33feb7ee4aaf9b.jpg
m4-071-final-v1,A,a8a5c7bab3211a39ca85,0206113e070c1b5c,DIOR-R,471,31d3cd17be8d5efcc495481ef92a9f409c7159833e2b23e52a0c1664fce4d34f,/home/rspip/cqc/pro/study/orientbench/annotation_tools/m4_angle_annotation/annotator_A/crops/a8a5c7bab3211a39ca85.jpg
m4-071-final-v1,A,84dcfa6a586eb122b425,23c8292e28977690,FAIR1M-v1.0,472,f7bb86cb86e05cfb3ff727882787bd0a7abf1abe7b857c4533a39a1dbaa74263,/home/rspip/cqc/pro/study/orientbench/annotation_tools/m4_angle_annotation/annotator_A/crops/84dcfa6a586eb122b425.jpg
m4-071-final-v1,A,6466c2aa7bfd85f604aa,f3600368a280a92e,SODA-A,473,b819b7812014de27f1c2808bf75524a3267c38d9cbc6f891b5dca8d1d9ed2301,/home/rspip/cqc/pro/study/orientbench/annotation_tools/m4_angle_annotation/annotator_A/crops/6466c2aa7bfd85f604aa.jpg
m4-071-final-v1,A,196c44bf3207430c04e0,1f6215386e40c89e,DIOR-R,474,8da0cbbbdd2732b1e3b5d287ecaab5534afcdfd4775e72183a41c31dc0f12632,/home/rspip/cqc/pro/study/orientbench/annotation_tools/m4_angle_annotation/annotator_A/crops/196c44bf3207430c04e0.jpg
m4-071-final-v1,A,71968f92a188118d9954,4a9dc4cd97ac88d3,SODA-A,475,67f10b0ae11578875e4b6814ffbb8b74480c12d9f83d8b03ebec3c9a8b776ae1,/home/rspip/cqc/pro/study/orientbench/annotation_tools/m4_angle_annotation/annotator_A/crops/71968f92a188118d9954.jpg
m4-071-final-v1,A,0f79cfb94b0d4683d54b,024b59a6a515a9de,FAIR1M-v1.0,476,c0d3543b8d20fc52f1924ff3435f4f95fa28919614ad9a6ce368c83187d7c942,/home/rspip/cqc/pro/study/orientbench/annotation_tools/m4_angle_annotation/annotator_A/crops/0f79cfb94b0d4683d54b.jpg
m4-071-final-v1,A,c168ed8cc87a573f8b07,6debc5abc56e8aeb,DIOR-R,477,44b7d59af6e21641bc579cffd64ebbf34f3933feed7435ac3292f83dd3fb672c,/home/rspip/cqc/pro/study/orientbench/annotation_tools/m4_angle_annotation/annotator_A/crops/c168ed8cc87a573f8b07.jpg
m4-071-final-v1,A,a870e79f56d0c9b509d1,0172f45b55512cec,DIOR-R,478,8b1947b4995880af8c59ef16c40eb4d3dba27e4b3018b6030e4cc9fab782c6d2,/home/rspip/cqc/pro/study/orientbench/annotation_tools/m4_angle_annotation/annotator_A/crops/a870e79f56d0c9b509d1.jpg
m4-071-final-v1,A,f4fb26d1acc18186cefb,e1e71ec7a9beb52a,SODA-A,479,b45c3f2fa373d8fcb2c8759f0e14f9e18252d7f2d8ae4586f257f351343d2de4,/home/rspip/cqc/pro/study/orientbench/annotation_tools/m4_angle_annotation/annotator_A/crops/f4fb26d1acc18186cefb.jpg
m4-071-final-v1,A,c0ac90fdb3a785ccdd67,ae40e0c9465a7020,SODA-A,480,00d623bc2bd5b61835ceee9840028efc7033ccf055a0c56fe8375dc54c3558ab,/home/rspip/cqc/pro/study/orientbench/annotation_tools/m4_angle_annotation/annotator_A/crops/c0ac90fdb3a785ccdd67.jpg
m4-071-final-v1,A,bb116d3993a343d2b4d9,b7958e320944f72a,FAIR1M-v1.0,481,7279ea2a0ce093e587daf92fa0965da85faa4c01e52d25640ad37e358cd2cde8,/home/rspip/cqc/pro/study/orientbench/annotation_tools/m4_angle_annotation/annotator_A/crops/bb116d3993a343d2b4d9.jpg
m4-071-final-v1,A,a0ebde863295fb32a959,7ff7860a70003bfc,DIOR-R,482,9e71a79df3615079379e7d87525daa23b7e97e9888834a48700c133d398e0399,/home/rspip/cqc/pro/study/orientbench/annotation_tools/m4_angle_annotation/annotator_A/crops/a0ebde863295fb32a959.jpg
m4-071-final-v1,A,36ebc9f4f57646b042e7,5d31a03858142835,DIOR-R,483,2e1071dd6390cd6fc607e516098920eddd0ba997356da6f6dbb6d88d159ec2c6,/home/rspip/cqc/pro/study/orientbench/annotation_tools/m4_angle_annotation/annotator_A/crops/36ebc9f4f57646b042e7.jpg
m4-071-final-v1,A,4ddce9535fcd8ebb0414,603bba4b16652842,DIOR-R,484,edcc8c55b1ec3b61e916e88506ed3e4f6135c8cc2a38ce72d7c1661ed5e816fe,/home/rspip/cqc/pro/study/orientbench/annotation_tools/m4_angle_annotation/annotator_A/crops/4ddce9535fcd8ebb0414.jpg
m4-071-final-v1,A,56e698d196235f36795f,3eebad896324734f,FAIR1M-v1.0,485,f0aca8288c75725e09142b9a84c086b0a6ff7c711b985a666caf33a57bb7fe28,/home/rspip/cqc/pro/study/orientbench/annotation_tools/m4_angle_annotation/annotator_A/crops/56e698d196235f36795f.jpg
m4-071-final-v1,A,9a941571f929610ca87a,82f48a7d34c9ee2f,DIOR-R,486,92f7cf9d50ee7c2a275266eedf3bcc38f1fd72a74060e37cefa6920418f47bd6,/home/rspip/cqc/pro/study/orientbench/annotation_tools/m4_angle_annotation/annotator_A/crops/9a941571f929610ca87a.jpg
m4-071-final-v1,A,e0779ec85ec0d0c316ac,c2c8b4d516f0369f,SODA-A,487,e2d8171f38ff9b2b742f5a791167e112752bcae9bb32693f25e7475ca8380b5c,/home/rspip/cqc/pro/study/orientbench/annotation_tools/m4_angle_annotation/annotator_A/crops/e0779ec85ec0d0c316ac.jpg
m4-071-final-v1,A,e38bdd478d2281789298,41b62e504e8a3961,FAIR1M-v1.0,488,5e067e46285e4211b96326c2d0b5105c9a02972b1c678cab490a0fc0846fe894,/home/rspip/cqc/pro/study/orientbench/annotation_tools/m4_angle_annotation/annotator_A/crops/e38bdd478d2281789298.jpg
m4-071-final-v1,A,2e69115843c554d73dbb,e02781046ff3409d,DIOR-R,489,f28d3a026260dd69f3b3f4dd43d71b699542c7db2134bd15364ed9308611701d,/home/rspip/cqc/pro/study/orientbench/annotation_tools/m4_angle_annotation/annotator_A/crops/2e69115843c554d73dbb.jpg
m4-071-final-v1,A,5a7c45887f09a34c895c,7633363045d68c73,SODA-A,490,8945d1cc8c97add938bb51239053593a7cafe7ba03f8cdbf678da30fe49badf3,/home/rspip/cqc/pro/study/orientbench/annotation_tools/m4_angle_annotation/annotator_A/crops/5a7c45887f09a34c895c.jpg
m4-071-final-v1,A,a0071f79fe8c85a22d30,17e2992a05f375c3,DIOR-R,491,c6c4306bcbaad5f614a911ceef367ddcc7e0287bd86249fd6de689935a690ec6,/home/rspip/cqc/pro/study/orientbench/annotation_tools/m4_angle_annotation/annotator_A/crops/a0071f79fe8c85a22d30.jpg
m4-071-final-v1,A,7b36997db309955909b0,66d095beb96d7303,FAIR1M-v1.0,492,879d40974bd12c84fead3d0b516ddd88ecc129142c9297e7b47882792ff8f2b3,/home/rspip/cqc/pro/study/orientbench/annotation_tools/m4_angle_annotation/annotator_A/crops/7b36997db309955909b0.jpg
m4-071-final-v1,A,d887607d4fca89c75698,b63fad7f520cf089,FAIR1M-v1.0,493,9bde724971ffdc83c47fd9cc65e3ea5871d91cae7cfd3f5b15728b49b04f075b,/home/rspip/cqc/pro/study/orientbench/annotation_tools/m4_angle_annotation/annotator_A/crops/d887607d4fca89c75698.jpg
m4-071-final-v1,A,9dbcebac663ed17c4c71,e41fe55f4025277b,FAIR1M-v1.0,494,74f060fc6ecd4b9fcf30df4ce05a9844957d3ba5b7460a0977d566a2ef54f298,/home/rspip/cqc/pro/study/orientbench/annotation_tools/m4_angle_annotation/annotator_A/crops/9dbcebac663ed17c4c71.jpg
m4-071-final-v1,A,dfd8389e073db5bf2d58,7316ae9a6971957c,FAIR1M-v1.0,495,2323f2c8f342ce852c0c887fbfcf1869b23c48c17302e3e577776645a2bd4672,/home/rspip/cqc/pro/study/orientbench/annotation_tools/m4_angle_annotation/annotator_A/crops/dfd8389e073db5bf2d58.jpg
m4-071-final-v1,A,8ed65c9a665a1c278435,92c849f42d72aaae,SODA-A,496,1b5a05188ffeecfce9ac1c79234e1ef0c58738dde7ad0aa3d1b6558b3a53f877,/home/rspip/cqc/pro/study/orientbench/annotation_tools/m4_angle_annotation/annotator_A/crops/8ed65c9a665a1c278435.jpg
m4-071-final-v1,A,a0ad89afc15b7ce0da58,b7592f4c7e69a3f1,SODA-A,497,d25dc44df6fcb903bb4de8786e5b02dfc5f2bb6d5722ea33ba0f9ce01daad8b9,/home/rspip/cqc/pro/study/orientbench/annotation_tools/m4_angle_annotation/annotator_A/crops/a0ad89afc15b7ce0da58.jpg
m4-071-final-v1,A,a51627216e8798668f6e,37f8cd9bb1920132,FAIR1M-v1.0,498,ea30e6deb86b55d5288bce25287d2fa87b92dd5d93fa5c34e118e00214d82e1b,/home/rspip/cqc/pro/study/orientbench/annotation_tools/m4_angle_annotation/annotator_A/crops/a51627216e8798668f6e.jpg
m4-071-final-v1,A,3742bd12d5ffa6d45f75,699b46d5626a7feb,DIOR-R,499,6bf7b86021c415c9b7da3201cd8c98ec3b9eb250a75ed2b90a929eda2addf675,/home/rspip/cqc/pro/study/orientbench/annotation_tools/m4_angle_annotation/annotator_A/crops/3742bd12d5ffa6d45f75.jpg
m4-071-final-v1,A,f5cfcbcfcdeb2879d622,150c6456a882c802,FAIR1M-v1.0,500,82309b191b439c2fdee2dfeb27894c3168e8cebeedc29fdd70ec89e1d34bd6d4,/home/rspip/cqc/pro/study/orientbench/annotation_tools/m4_angle_annotation/annotator_A/crops/f5cfcbcfcdeb2879d622.jpg
m4-071-final-v1,A,12af30019c1ef51594c4,8f0d2b339f19c3a0,DIOR-R,501,0d4b0e45745f4ca30d149108e7ba2586c856032ab5c53c0a32e56f20e39c47a7,/home/rspip/cqc/pro/study/orientbench/annotation_tools/m4_angle_annotation/annotator_A/crops/12af30019c1ef51594c4.jpg
m4-071-final-v1,A,c04de8f4bdfcbfede7e9,4fc7c252fca7ecd9,FAIR1M-v1.0,502,86181a282fa5056ea7e98720f754e6a8b8838b0d0de69b0e3e80054da354eb08,/home/rspip/cqc/pro/study/orientbench/annotation_tools/m4_angle_annotation/annotator_A/crops/c04de8f4bdfcbfede7e9.jpg
m4-071-final-v1,A,4a615cbdace6b8e10f6b,06325e52e1631f0c,SODA-A,503,86ec0484071cdbf4da47d884b7720a9867192dddb5dbf33513b499c3d7c49be4,/home/rspip/cqc/pro/study/orientbench/annotation_tools/m4_angle_annotation/annotator_A/crops/4a615cbdace6b8e10f6b.jpg
m4-071-final-v1,A,25fb8ab43c60d0bc3fdd,5aba85149ac78918,SODA-A,504,76a051f638d50ca0fc14862c111c3bd5afa7f6217bfe4581d99efeaf4d51f2d3,/home/rspip/cqc/pro/study/orientbench/annotation_tools/m4_angle_annotation/annotator_A/crops/25fb8ab43c60d0bc3fdd.jpg
m4-071-final-v1,A,a1efec1874b5ba121d87,eb2b4e23b89daed5,FAIR1M-v1.0,505,655f40f780cb967e4dcc431e161a72ed217ab1b25d14e09a19cdbcbae8c7d2ff,/home/rspip/cqc/pro/study/orientbench/annotation_tools/m4_angle_annotation/annotator_A/crops/a1efec1874b5ba121d87.jpg
m4-071-final-v1,A,ab5993544f8d1afdad2f,05fc6ca6f2299150,FAIR1M-v1.0,506,b5394790af64dc942104d37b6078feb218df596712491606ef2ca35bbeccc295,/home/rspip/cqc/pro/study/orientbench/annotation_tools/m4_angle_annotation/annotator_A/crops/ab5993544f8d1afdad2f.jpg
m4-071-final-v1,A,48d08f3f71f9f0c48986,87ad0492b57b9f55,FAIR1M-v1.0,507,eb27254ea62974cc0ff8804a64e98beabb9b0b4d0982438b87a8fba45848b37a,/home/rspip/cqc/pro/study/orientbench/annotation_tools/m4_angle_annotation/annotator_A/crops/48d08f3f71f9f0c48986.jpg
m4-071-final-v1,A,bbde7eb497f128441a84,6138a5987be81215,DIOR-R,508,51b65b2c4528576a0a60029b9a73b14b1ca2ccdb2dccf495b8e8672f0e5924bc,/home/rspip/cqc/pro/study/orientbench/annotation_tools/m4_angle_annotation/annotator_A/crops/bbde7eb497f128441a84.jpg
m4-071-final-v1,A,0e0e9a5ba74cfcd138ce,4e66fe3b1c1e9825,FAIR1M-v1.0,509,49c8d3b58fbe227e6d3c410cb99630ad036686d200d10725d4077a052cc7875a,/home/rspip/cqc/pro/study/orientbench/annotation_tools/m4_angle_annotation/annotator_A/crops/0e0e9a5ba74cfcd138ce.jpg
m4-071-final-v1,A,433257b1de50027a7c17,fb2abe5a068e921c,DIOR-R,510,eb3018d19200e5fc0f78c7698fe70c886778275faa40335490e30552b59302ba,/home/rspip/cqc/pro/study/orientbench/annotation_tools/m4_angle_annotation/annotator_A/crops/433257b1de50027a7c17.jpg
m4-071-final-v1,A,d3ac28700cc6906963a2,e9b10a3ce020be1f,FAIR1M-v1.0,511,e1759eb6d585851cf976e0f829a097b9d33e0bbb94944135319ec6275aa33610,/home/rspip/cqc/pro/study/orientbench/annotation_tools/m4_angle_annotation/annotator_A/crops/d3ac28700cc6906963a2.jpg
m4-071-final-v1,A,83eae171ebf56ce01f0b,7e0aa49c1ef008a2,SODA-A,512,271b6a9e9092315d809c6cc16d81e4f2764fa84e078812e90ae604750ea18ac7,/home/rspip/cqc/pro/study/orientbench/annotation_tools/m4_angle_annotation/annotator_A/crops/83eae171ebf56ce01f0b.jpg
m4-071-final-v1,A,5376a9fff251d8518c2d,9404c8b80582a71c,DIOR-R,513,edc27758fe4b1b0dd8237228d0297077272ccfd72494f4197e31c23605ef0ca6,/home/rspip/cqc/pro/study/orientbench/annotation_tools/m4_angle_annotation/annotator_A/crops/5376a9fff251d8518c2d.jpg
m4-071-final-v1,A,45be4d2ab5569ee73ae0,6da68bf34c562e90,SODA-A,514,48f587c0030f77a92e76542c65b32baf082b8fee366a4f38a18141ab768dd5a0,/home/rspip/cqc/pro/study/orientbench/annotation_tools/m4_angle_annotation/annotator_A/crops/45be4d2ab5569ee73ae0.jpg
m4-071-final-v1,A,d17aeb973996a06b22fb,b93ecee2d129c9e7,DIOR-R,515,83a9f7dfe7ac529639c2af174aae590cc970b05ac4f65a89757ec269b552405f,/home/rspip/cqc/pro/study/orientbench/annotation_tools/m4_angle_annotation/annotator_A/crops/d17aeb973996a06b22fb.jpg
m4-071-final-v1,A,54ae78bf7a46235a6d8d,eb944a319b374ae1,SODA-A,516,ed87e3b25beabcb1feaa51e8527d2604d18524f42c9e8a1966cf30c02abf4316,/home/rspip/cqc/pro/study/orientbench/annotation_tools/m4_angle_annotation/annotator_A/crops/54ae78bf7a46235a6d8d.jpg
m4-071-final-v1,A,fe4c2acc4cb2b7845b47,fec805ff100621b8,FAIR1M-v1.0,517,ac547540a5fcb1fb051f151f7e2452b94903fcb49f4933a60348f4c8a156f154,/home/rspip/cqc/pro/study/orientbench/annotation_tools/m4_angle_annotation/annotator_A/crops/fe4c2acc4cb2b7845b47.jpg
m4-071-final-v1,A,241943e61c6fce25af84,a76cf38f4d890393,SODA-A,518,bda651e8e44c3bafc6ad6fed5238ff09f2f55930d7fd3bb65a679712d078eb11,/home/rspip/cqc/pro/study/orientbench/annotation_tools/m4_angle_annotation/annotator_A/crops/241943e61c6fce25af84.jpg
m4-071-final-v1,A,cfe3ec2409beee1bb8da,4f626dc5e91d3ba0,SODA-A,519,5bec1715a92e0ecef25987aff43782ba3c109f2ad1f781eec5345b907b41d913,/home/rspip/cqc/pro/study/orientbench/annotation_tools/m4_angle_annotation/annotator_A/crops/cfe3ec2409beee1bb8da.jpg
m4-071-final-v1,A,be517b84a5acca449b47,50150a020723ddfe,DIOR-R,520,286535216ebdc51ed7a52df253ee8bb2a9a0152cdb0d52f91f161eba3fe7902e,/home/rspip/cqc/pro/study/orientbench/annotation_tools/m4_angle_annotation/annotator_A/crops/be517b84a5acca449b47.jpg
m4-071-final-v1,A,e234f454fcb8656b0bcc,b6542232d4947f44,SODA-A,521,1daaf846d8e03e3ff95b20ff91ac8e3fd53aa9dc3da15ca9ed4824b4a9d3d486,/home/rspip/cqc/pro/study/orientbench/annotation_tools/m4_angle_annotation/annotator_A/crops/e234f454fcb8656b0bcc.jpg
m4-071-final-v1,A,30eb25c80d2971f2b51e,6856a38befabfe10,FAIR1M-v1.0,522,86cc4c09167835c90e53df07df6eec08a5dab16eabdd578eee80a13fdd7e72a9,/home/rspip/cqc/pro/study/orientbench/annotation_tools/m4_angle_annotation/annotator_A/crops/30eb25c80d2971f2b51e.jpg
m4-071-final-v1,A,b99f1aff9ec3eb774b92,5f9391ec713ef1b7,DIOR-R,523,2df8f847292e3e2043d09862e0950b1049027e56d699ce16b6d7e62014b73d69,/home/rspip/cqc/pro/study/orientbench/annotation_tools/m4_angle_annotation/annotator_A/crops/b99f1aff9ec3eb774b92.jpg
m4-071-final-v1,A,1a9f0c847de63c9d26dc,ce4dfa0e671eb686,DIOR-R,524,39273c8fcb9b8e253e3e835fcc8e9ad7a5fd6868b93093dc292e22560834b118,/home/rspip/cqc/pro/study/orientbench/annotation_tools/m4_angle_annotation/annotator_A/crops/1a9f0c847de63c9d26dc.jpg
m4-071-final-v1,A,8d7eb00028dac3dea680,d32ded742086354f,SODA-A,525,0e7a2553fcfe97cb81749f90f87908c8ad85b6969eb919ff944b0971b06ef84e,/home/rspip/cqc/pro/study/orientbench/annotation_tools/m4_angle_annotation/annotator_A/crops/8d7eb00028dac3dea680.jpg
m4-071-final-v1,A,1cd21259b28758a54189,87931d7d9c72e825,DIOR-R,526,956726678e1c0e54e031f04115cd284c49adcbec502e6003e9b8dc9402c3a339,/home/rspip/cqc/pro/study/orientbench/annotation_tools/m4_angle_annotation/annotator_A/crops/1cd21259b28758a54189.jpg
m4-071-final-v1,A,fc47468b42df36822541,4755db58e9067c65,SODA-A,527,d994165bc5a2e7e395e7b2feb4749fa6afb2512136eb0a342836b0a96254959c,/home/rspip/cqc/pro/study/orientbench/annotation_tools/m4_angle_annotation/annotator_A/crops/fc47468b42df36822541.jpg
m4-071-final-v1,A,4edc4ec35b15a52b81e1,83a76fbec593039c,DIOR-R,528,aeb81934c4b1ee54319187e9224f999bdbdc5b012658d9982bb54fcded414534,/home/rspip/cqc/pro/study/orientbench/annotation_tools/m4_angle_annotation/annotator_A/crops/4edc4ec35b15a52b81e1.jpg
m4-071-final-v1,A,7209dd6638532a6423fc,6331f79a89ed84c4,SODA-A,529,62f08a41d8e4bac797661d3e470863e7ebebb1806ca48ea8eccd521bc9dda8a8,/home/rspip/cqc/pro/study/orientbench/annotation_tools/m4_angle_annotation/annotator_A/crops/7209dd6638532a6423fc.jpg
m4-071-final-v1,A,9dd752932785d4bfffe2,49672db01fb92d36,FAIR1M-v1.0,530,34be4675964545f8204d7558793950aa8193550ebaa67826cdefe67906feb58b,/home/rspip/cqc/pro/study/orientbench/annotation_tools/m4_angle_annotation/annotator_A/crops/9dd752932785d4bfffe2.jpg
m4-071-final-v1,A,ba042610274b186b49e4,3a4a07d378b952ba,SODA-A,531,3d080d2db5d9877ead641faf1391bf9ad73ac91d3815af6bac3df1a13f56eb2d,/home/rspip/cqc/pro/study/orientbench/annotation_tools/m4_angle_annotation/annotator_A/crops/ba042610274b186b49e4.jpg
m4-071-final-v1,A,48591c7d3dd0f759dadb,433f32d0df8935af,FAIR1M-v1.0,532,6a043455ee327b2e8833bf6081dd665ecb0e7a8c6200eea79d9442f6ab0b00d0,/home/rspip/cqc/pro/study/orientbench/annotation_tools/m4_angle_annotation/annotator_A/crops/48591c7d3dd0f759dadb.jpg
m4-071-final-v1,A,05fa74a3e820ca395877,1bf396ab726c1694,DIOR-R,533,52d2bdef1ecd40d7fbc13150b9851f994694580f570694ae3822572c1af23731,/home/rspip/cqc/pro/study/orientbench/annotation_tools/m4_angle_annotation/annotator_A/crops/05fa74a3e820ca395877.jpg
m4-071-final-v1,A,2ebbeefb495051dcd247,bd4601fa8026bd76,DIOR-R,534,f7347b0f739fc4f282f79af813879861ebb1f78833f3ca003f172894e0e2907f,/home/rspip/cqc/pro/study/orientbench/annotation_tools/m4_angle_annotation/annotator_A/crops/2ebbeefb495051dcd247.jpg
m4-071-final-v1,A,9f48947d6bfe82a28d23,956505f4439c1068,SODA-A,535,e5bf7b6810e8318234c88a70539232f3311e4ac4fd0d26f11fc5b6ddca672cc5,/home/rspip/cqc/pro/study/orientbench/annotation_tools/m4_angle_annotation/annotator_A/crops/9f48947d6bfe82a28d23.jpg
m4-071-final-v1,A,dc5e1b3a33cebd403278,5019bca6dbfa182a,SODA-A,536,c00301ef3847508e155b0d62754c0e5c1ecb91a7ac2562a3da553392d19f4c49,/home/rspip/cqc/pro/study/orientbench/annotation_tools/m4_angle_annotation/annotator_A/crops/dc5e1b3a33cebd403278.jpg
m4-071-final-v1,A,d7894c9c43b0e79a78c0,82594fcfa5e3127f,SODA-A,537,2c283ee365146b9a06914abb2484a327dca43b58c87a92fde046282d8bf4c768,/home/rspip/cqc/pro/study/orientbench/annotation_tools/m4_angle_annotation/annotator_A/crops/d7894c9c43b0e79a78c0.jpg
m4-071-final-v1,A,ab36d911ccc7f918f2fb,0ab8a7c1eb26a8c7,FAIR1M-v1.0,538,315bf3433f1d1dd18394854c09462c043958eed45d367b12cfb7dd51f43b41a6,/home/rspip/cqc/pro/study/orientbench/annotation_tools/m4_angle_annotation/annotator_A/crops/ab36d911ccc7f918f2fb.jpg
m4-071-final-v1,A,ad331bfda15bc5f6df6e,15f6b8e062b7913f,FAIR1M-v1.0,539,f0d8d251b88b09bd4f1b9ca526b93c7df739ea8dd3b4a79c5603530406194a1e,/home/rspip/cqc/pro/study/orientbench/annotation_tools/m4_angle_annotation/annotator_A/crops/ad331bfda15bc5f6df6e.jpg
m4-071-final-v1,A,02139c078c681c53fa7d,8fd073ddf9a2b6a3,SODA-A,540,e1d61eddd0a15471856a597ed424a60c004779aa0188c5bba325d1df084a4754,/home/rspip/cqc/pro/study/orientbench/annotation_tools/m4_angle_annotation/annotator_A/crops/02139c078c681c53fa7d.jpg
m4-071-final-v1,A,8854136a2a3a565e07f6,d2cba49c1073c1bf,SODA-A,541,bf80c3037a091a1f4951ba6cfa451ff1d3b4ffb11366b8428c69ae9a43525abc,/home/rspip/cqc/pro/study/orientbench/annotation_tools/m4_angle_annotation/annotator_A/crops/8854136a2a3a565e07f6.jpg
m4-071-final-v1,A,21074bd5e1a0e16aff25,20ea3ebadf81bc25,FAIR1M-v1.0,542,89079a9cdd488ad181a87b57f913c64d5e5484e8c191d404c6b19687eb7034d1,/home/rspip/cqc/pro/study/orientbench/annotation_tools/m4_angle_annotation/annotator_A/crops/21074bd5e1a0e16aff25.jpg
m4-071-final-v1,A,aa4119da54a24a329027,fc630ac89633a172,DIOR-R,543,2a6e690e38cb8318190c2b06f9117c9490c5cd9568283c2d070b7e6508b33b08,/home/rspip/cqc/pro/study/orientbench/annotation_tools/m4_angle_annotation/annotator_A/crops/aa4119da54a24a329027.jpg
m4-071-final-v1,A,27f35a546792bd6e6e1c,d0452763faf8a17d,SODA-A,544,78f66dd672ff7ad2bc98eb39deb95c91653bb991c1745a0d63072cfed1d5f1c0,/home/rspip/cqc/pro/study/orientbench/annotation_tools/m4_angle_annotation/annotator_A/crops/27f35a546792bd6e6e1c.jpg
m4-071-final-v1,A,14ac067057d47dbfeeb9,31a28905828bb130,SODA-A,545,2c4fcf638125e830f6be5d6184170b523e912078851b28d21af69b286acbc627,/home/rspip/cqc/pro/study/orientbench/annotation_tools/m4_angle_annotation/annotator_A/crops/14ac067057d47dbfeeb9.jpg
m4-071-final-v1,A,01c8620d0733f9bfd775,1d8fdc604e975c83,SODA-A,546,d7aa9028c902af995863dd5eff8a627bb1667285933efaee5ef646452a2ba592,/home/rspip/cqc/pro/study/orientbench/annotation_tools/m4_angle_annotation/annotator_A/crops/01c8620d0733f9bfd775.jpg
m4-071-final-v1,A,f299121a91df18b45cb5,03fadd472c1eeafd,SODA-A,547,173e0708eee3da0badb1d7d678e38a03bbdc0804cc7730dcfe8f5ddda1dd597d,/home/rspip/cqc/pro/study/orientbench/annotation_tools/m4_angle_annotation/annotator_A/crops/f299121a91df18b45cb5.jpg
m4-071-final-v1,A,431514b90d02da0c5bbd,2c1ca77eabe34c73,FAIR1M-v1.0,548,9b17347e7df97059272f2ed66839dd08ca06dc886355d92183d7a96c305a0a10,/home/rspip/cqc/pro/study/orientbench/annotation_tools/m4_angle_annotation/annotator_A/crops/431514b90d02da0c5bbd.jpg
m4-071-final-v1,A,b1d16f84fb36d38b4c81,10c549b71db23a19,DIOR-R,549,cf8c4bcf4d2ad898402bdc8ae9cfc425acecda20190fd960c8c04e5cd1a219f1,/home/rspip/cqc/pro/study/orientbench/annotation_tools/m4_angle_annotation/annotator_A/crops/b1d16f84fb36d38b4c81.jpg
m4-071-final-v1,A,d6286063395f7a4030fd,aeeea065b4056f9e,FAIR1M-v1.0,550,493eff46006610fe4e3ab4c73a2d5a93b2fe3b8beaea919d368d5c168444de1f,/home/rspip/cqc/pro/study/orientbench/annotation_tools/m4_angle_annotation/annotator_A/crops/d6286063395f7a4030fd.jpg
m4-071-final-v1,A,b00f0cad75df9442cf9e,263a33f49bd21f6b,SODA-A,551,fc0978c74a934c4039ebe8c99ac6a4d0546e1ba767ffd304d8c20400f05a2cfd,/home/rspip/cqc/pro/study/orientbench/annotation_tools/m4_angle_annotation/annotator_A/crops/b00f0cad75df9442cf9e.jpg
m4-071-final-v1,A,122cca3c29513ee1f0e2,f882e7245f614fb1,DIOR-R,552,f84cc674e7a3ff11da4c7aab73d661c933d76d5a373543a42798dc74d3fa5cdc,/home/rspip/cqc/pro/study/orientbench/annotation_tools/m4_angle_annotation/annotator_A/crops/122cca3c29513ee1f0e2.jpg
m4-071-final-v1,A,d7613af03779753c1c3c,13b3872566c9d84e,DIOR-R,553,c4a2609822c20cee799da6f9158bcc81b4d56c0e4a3741e748e7e8fe1127e265,/home/rspip/cqc/pro/study/orientbench/annotation_tools/m4_angle_annotation/annotator_A/crops/d7613af03779753c1c3c.jpg
m4-071-final-v1,A,fee75021ce06efb76b05,b5741199a09a4508,DIOR-R,554,d23a10544494d8ad0d140c25220a536b5c3a6112a1cd40cd66e27457da03876e,/home/rspip/cqc/pro/study/orientbench/annotation_tools/m4_angle_annotation/annotator_A/crops/fee75021ce06efb76b05.jpg
m4-071-final-v1,A,22ec343389cbf4786b20,3fb118cfb15b0753,FAIR1M-v1.0,555,1e1f200da197d2246e4fa1f03226c6875c343220b999ba0b1b06c8423bc583ec,/home/rspip/cqc/pro/study/orientbench/annotation_tools/m4_angle_annotation/annotator_A/crops/22ec343389cbf4786b20.jpg
m4-071-final-v1,A,f9cdf0fb1cc63827f7a8,164f4b7bbecf4345,FAIR1M-v1.0,556,d719e9e23801fccf1c1dcdb69b89be61449c5dc9b7da99531109d27c79379b86,/home/rspip/cqc/pro/study/orientbench/annotation_tools/m4_angle_annotation/annotator_A/crops/f9cdf0fb1cc63827f7a8.jpg
m4-071-final-v1,A,daf533b44d83af691bca,f512f545399c3e7d,FAIR1M-v1.0,557,77feff3b7d71fc4c53be858cb1aafc540c9fb0d00605c4594100085e303b8ef5,/home/rspip/cqc/pro/study/orientbench/annotation_tools/m4_angle_annotation/annotator_A/crops/daf533b44d83af691bca.jpg
m4-071-final-v1,A,ad5e50ea72a8f66bd026,6d12a5e864a204c4,DIOR-R,558,8754595a3f9f168c541be88d12ebca234a0ab40f2e079d35e669b87eb4264db9,/home/rspip/cqc/pro/study/orientbench/annotation_tools/m4_angle_annotation/annotator_A/crops/ad5e50ea72a8f66bd026.jpg
m4-071-final-v1,A,5d0b6390ee1c6e5bdc4c,b4198bcda58f7f96,FAIR1M-v1.0,559,d8a01f43664a52e1dcfe9bf8f971d9771117fb0ee7e1fbb4c81c8ce7ce583e74,/home/rspip/cqc/pro/study/orientbench/annotation_tools/m4_angle_annotation/annotator_A/crops/5d0b6390ee1c6e5bdc4c.jpg
m4-071-final-v1,A,e031101764b246f37318,1c634a0497c6fe3f,FAIR1M-v1.0,560,5554badb5c954828735e3310cfc0886776acacd9f2911a253269009d911538f4,/home/rspip/cqc/pro/study/orientbench/annotation_tools/m4_angle_annotation/annotator_A/crops/e031101764b246f37318.jpg
m4-071-final-v1,A,dcf4641d46016c65ce3c,22361f75af0459af,SODA-A,561,9bb07bdc81927c3053a2c28f8304ce9185b102868581098e156fc737064aeab7,/home/rspip/cqc/pro/study/orientbench/annotation_tools/m4_angle_annotation/annotator_A/crops/dcf4641d46016c65ce3c.jpg
m4-071-final-v1,A,82317fc51249669d6b75,8558609dc1c919bd,SODA-A,562,ca823281363686b7252fef7d89425a2806f87357230496107bc16e04f5722d29,/home/rspip/cqc/pro/study/orientbench/annotation_tools/m4_angle_annotation/annotator_A/crops/82317fc51249669d6b75.jpg
m4-071-final-v1,A,88933f93e0348a40ca22,fa15dd12aae116d8,SODA-A,563,d22bf794d0fee78dc6d2d4168e8f3156e2febf220e83c40d455a3e7e75b84b79,/home/rspip/cqc/pro/study/orientbench/annotation_tools/m4_angle_annotation/annotator_A/crops/88933f93e0348a40ca22.jpg
m4-071-final-v1,A,501496a1c71ff6033c9f,9c1e9f6a11a5d8d2,SODA-A,564,5f93052bb05df8beb5fee2856c88b7c38c58429dff7fbf84669f79abb362544a,/home/rspip/cqc/pro/study/orientbench/annotation_tools/m4_angle_annotation/annotator_A/crops/501496a1c71ff6033c9f.jpg
m4-071-final-v1,A,7184124aa46b7a98be86,6a3a28697c1c47be,FAIR1M-v1.0,565,a55553e4230841a5ecbc4e691f9f180e06945950490a23e153494c11be8ad5c7,/home/rspip/cqc/pro/study/orientbench/annotation_tools/m4_angle_annotation/annotator_A/crops/7184124aa46b7a98be86.jpg
m4-071-final-v1,A,cbe4ce40870309838548,86078e53ed95f643,SODA-A,566,ab1de83ac797de342be9d5c350108d2c95de093d50720b59851655389e19d8a1,/home/rspip/cqc/pro/study/orientbench/annotation_tools/m4_angle_annotation/annotator_A/crops/cbe4ce40870309838548.jpg
m4-071-final-v1,A,cabb9fbf3a5ce989f0d8,5963cc30df325256,DIOR-R,567,032fe89ddf84adde85343e5e0cae2f2b9ef97790021d3f788c8f72ab9c2152e5,/home/rspip/cqc/pro/study/orientbench/annotation_tools/m4_angle_annotation/annotator_A/crops/cabb9fbf3a5ce989f0d8.jpg
m4-071-final-v1,A,15e072929b583f5474cf,f27640677785eff7,SODA-A,568,0e1670c4f56ce1c894a54772e0e6679bc083c6cc22a5283c63b027ab7d49920b,/home/rspip/cqc/pro/study/orientbench/annotation_tools/m4_angle_annotation/annotator_A/crops/15e072929b583f5474cf.jpg
m4-071-final-v1,A,33870f9cec5c733c7196,012532f6ad1c951f,SODA-A,569,13c795545e1147ed578b9a1cbd9cfce5a55fd86cd3ce837ecb4353fd74ffd617,/home/rspip/cqc/pro/study/orientbench/annotation_tools/m4_angle_annotation/annotator_A/crops/33870f9cec5c733c7196.jpg
m4-071-final-v1,A,4c252dfad04f96e7b150,5232f5bcd9e2e836,FAIR1M-v1.0,570,a052e57e94a9e6c9210a8b3c381da07270b39121feb9a52daaad235842ccc290,/home/rspip/cqc/pro/study/orientbench/annotation_tools/m4_angle_annotation/annotator_A/crops/4c252dfad04f96e7b150.jpg
m4-071-final-v1,A,a2c0139681500a3ea715,b3a6e4b5bddce161,SODA-A,571,6242edf8664de08e25bb1eb8e636f9395bf3caa54ad1edfed79e710313dc4106,/home/rspip/cqc/pro/study/orientbench/annotation_tools/m4_angle_annotation/annotator_A/crops/a2c0139681500a3ea715.jpg
m4-071-final-v1,A,ff60e235e1a1e9fe54f7,27c93151573431b5,DIOR-R,572,4039f315029e5a11c2cc2e096a0ed8061db892390edde540af90861ca23a16c6,/home/rspip/cqc/pro/study/orientbench/annotation_tools/m4_angle_annotation/annotator_A/crops/ff60e235e1a1e9fe54f7.jpg
m4-071-final-v1,A,15ef76d45aa4c5cb002b,483763f4f3bb82c0,SODA-A,573,24f764bcb92a571c194c032dc17dd890d4ff976caa1941d97035fa948fab4573,/home/rspip/cqc/pro/study/orientbench/annotation_tools/m4_angle_annotation/annotator_A/crops/15ef76d45aa4c5cb002b.jpg
m4-071-final-v1,A,6f728b8056387cf0466b,f9cff91fc38074f4,SODA-A,574,945a4903c06c280a95de7c6d50feed0e671ea2e88671c2be4a23df61a07faeb6,/home/rspip/cqc/pro/study/orientbench/annotation_tools/m4_angle_annotation/annotator_A/crops/6f728b8056387cf0466b.jpg
m4-071-final-v1,A,ec5ce54cfdd0dd923786,a0feb11d139958ee,FAIR1M-v1.0,575,a34cd38dc82677dcc8ec05a6e05f182baa0856e5e2b3d93aab33bbcda45260bf,/home/rspip/cqc/pro/study/orientbench/annotation_tools/m4_angle_annotation/annotator_A/crops/ec5ce54cfdd0dd923786.jpg
m4-071-final-v1,A,20532de6270d0d3e3062,64becf2aa5764ac2,DIOR-R,576,0c4e9abdb0dee0024fe3f7faf2376726c62442b8b5ebf3109b4d2414ba340bae,/home/rspip/cqc/pro/study/orientbench/annotation_tools/m4_angle_annotation/annotator_A/crops/20532de6270d0d3e3062.jpg
m4-071-final-v1,A,ce76d0de5f9b330823b9,c0d445c729a39335,FAIR1M-v1.0,577,93354b04d8d3fa911677835f2b7c77a6ced3731c0e0e12ebef6506a79e36d8ae,/home/rspip/cqc/pro/study/orientbench/annotation_tools/m4_angle_annotation/annotator_A/crops/ce76d0de5f9b330823b9.jpg
m4-071-final-v1,A,e8471c9fbd65e984733a,8729f155cc789c31,DIOR-R,578,5c8a15a04139f72851d2c2fd3cb94b8796420a489b8898a9d568e8b502487e58,/home/rspip/cqc/pro/study/orientbench/annotation_tools/m4_angle_annotation/annotator_A/crops/e8471c9fbd65e984733a.jpg
m4-071-final-v1,A,b46fa4c76e1c2a16e029,499d9f6ccd5018e1,SODA-A,579,4457db6d8ff6b268dd6c4be6d1ddd41318b463ffceb08f4ac9d9bfb14630b9ce,/home/rspip/cqc/pro/study/orientbench/annotation_tools/m4_angle_annotation/annotator_A/crops/b46fa4c76e1c2a16e029.jpg
m4-071-final-v1,A,6b3e0fc2042699f1a214,0a7fe4f3b1bc58d5,DIOR-R,580,2c2a9763e7790141ce43399ce9089fa9dc303b3d1b8cc5f804164e292df8b993,/home/rspip/cqc/pro/study/orientbench/annotation_tools/m4_angle_annotation/annotator_A/crops/6b3e0fc2042699f1a214.jpg
m4-071-final-v1,A,a836a39f1df3dd6d596e,2dae2e2343959b9b,FAIR1M-v1.0,581,c0b801a27a1c48ffc0eadef2b59b218df0b59245f0e1bead732c8aa89ef97037,/home/rspip/cqc/pro/study/orientbench/annotation_tools/m4_angle_annotation/annotator_A/crops/a836a39f1df3dd6d596e.jpg
m4-071-final-v1,A,c0b4cac85714fe85cb68,4b8fb2ecfa5f7944,FAIR1M-v1.0,582,99395572441a4d84432ebb3826331cd9e4d4842408c2090752200edccc9ef044,/home/rspip/cqc/pro/study/orientbench/annotation_tools/m4_angle_annotation/annotator_A/crops/c0b4cac85714fe85cb68.jpg
m4-071-final-v1,A,eaf2c44062d7ad1654b2,952f829ce13376ef,FAIR1M-v1.0,583,66ffb88cd109c7567434bbb26782d681af430934e189f4470c3ff179526c6923,/home/rspip/cqc/pro/study/orientbench/annotation_tools/m4_angle_annotation/annotator_A/crops/eaf2c44062d7ad1654b2.jpg
m4-071-final-v1,A,fc6246fb1a575f251624,b7d52cf52b84be21,DIOR-R,584,b15764e8ba59ce6cce66415da89d0c6dad87fa5d2c71c53153a533f187693509,/home/rspip/cqc/pro/study/orientbench/annotation_tools/m4_angle_annotation/annotator_A/crops/fc6246fb1a575f251624.jpg
m4-071-final-v1,A,54cfc1a0062857fa6b8b,ec1872e33b6cadc5,FAIR1M-v1.0,585,841d84a792d3d927735cdb52f8957c017bbf5cf3b51d999197dff3db77a05dc1,/home/rspip/cqc/pro/study/orientbench/annotation_tools/m4_angle_annotation/annotator_A/crops/54cfc1a0062857fa6b8b.jpg
m4-071-final-v1,A,1da99a1d8ac3188c783a,26e8b75d028d066b,SODA-A,586,0d3fb59d8cf9891cdba5d3bf8140f5999a4976c994713285bcb04c5d36537b4c,/home/rspip/cqc/pro/study/orientbench/annotation_tools/m4_angle_annotation/annotator_A/crops/1da99a1d8ac3188c783a.jpg
m4-071-final-v1,A,8816a98bc79703154e72,409c205934284ab6,FAIR1M-v1.0,587,2d371cbb8122f0696d00be06ddb61737563d5305bff5b097de387e18aedeacb9,/home/rspip/cqc/pro/study/orientbench/annotation_tools/m4_angle_annotation/annotator_A/crops/8816a98bc79703154e72.jpg
m4-071-final-v1,A,26f299a771431fd2d8e1,3205726ad8eefa5d,FAIR1M-v1.0,588,af2366e006f6284c487f7e8f61b56f81ea8e9f89a0860eba30450768f4910373,/home/rspip/cqc/pro/study/orientbench/annotation_tools/m4_angle_annotation/annotator_A/crops/26f299a771431fd2d8e1.jpg
m4-071-final-v1,A,459fd53ede93fbbd81f8,1a3b1bd959889522,FAIR1M-v1.0,589,68a62f09861eb3957b1b7e731f00f82d44e54e7fbfc5661c2f7c4796413756d1,/home/rspip/cqc/pro/study/orientbench/annotation_tools/m4_angle_annotation/annotator_A/crops/459fd53ede93fbbd81f8.jpg
m4-071-final-v1,A,c5e688162d92f88980ac,634ed11dafe6881b,SODA-A,590,1743ed69b86aec2fc3b0684a22a7001fbd104b7b763a60d0dfe5891d7a08016e,/home/rspip/cqc/pro/study/orientbench/annotation_tools/m4_angle_annotation/annotator_A/crops/c5e688162d92f88980ac.jpg
m4-071-final-v1,A,7f71315c860c6fcf2c7c,5e3efa0efb5b58a6,FAIR1M-v1.0,591,a0cbb587c616902324e72f76c00c4358fa2a31131a14c5878ee4005973a88acd,/home/rspip/cqc/pro/study/orientbench/annotation_tools/m4_angle_annotation/annotator_A/crops/7f71315c860c6fcf2c7c.jpg
m4-071-final-v1,A,f97b7e6eb82a658d238b,0844764c74994926,DIOR-R,592,da860540d3c477abb71eedd69dae66bbd81d9237a2d480e56691638555a23799,/home/rspip/cqc/pro/study/orientbench/annotation_tools/m4_angle_annotation/annotator_A/crops/f97b7e6eb82a658d238b.jpg
m4-071-final-v1,A,ae5924e507ee1202612b,4b55706923039c89,SODA-A,593,8632a35d84117f1930db1f29d7b677dbe8a2ed9b65aa09450ca8896be6c7123c,/home/rspip/cqc/pro/study/orientbench/annotation_tools/m4_angle_annotation/annotator_A/crops/ae5924e507ee1202612b.jpg
m4-071-final-v1,A,b417a14007fd582d89d4,94864eb01d9aca12,FAIR1M-v1.0,594,c14b561016255b89fbefb87729b6659fd0021bc1747fa35134335affde61f1c6,/home/rspip/cqc/pro/study/orientbench/annotation_tools/m4_angle_annotation/annotator_A/crops/b417a14007fd582d89d4.jpg
m4-071-final-v1,A,8958b3395547e4c2c9b3,6ec3a99dd53d7764,DIOR-R,595,c0621e9dcf758132d00f7f18b4e40e16c042d66a96bb5c37aca4228d72294c6e,/home/rspip/cqc/pro/study/orientbench/annotation_tools/m4_angle_annotation/annotator_A/crops/8958b3395547e4c2c9b3.jpg
m4-071-final-v1,A,3b44f310ca8746dd6206,177f9b4293e25329,FAIR1M-v1.0,596,c53781c14e5b183f590c8744cc615705d6917ffebb69b754ce66a72f5dee1f63,/home/rspip/cqc/pro/study/orientbench/annotation_tools/m4_angle_annotation/annotator_A/crops/3b44f310ca8746dd6206.jpg
m4-071-final-v1,A,e22a16bc3ddfb28e3827,97fe97336ae93591,DIOR-R,597,515c43add74e67d8ebe02914f59e87e52c4cbbf57f5a50bdfd32f7db31fbddc6,/home/rspip/cqc/pro/study/orientbench/annotation_tools/m4_angle_annotation/annotator_A/crops/e22a16bc3ddfb28e3827.jpg
m4-071-final-v1,A,18ebe3ff432128bc7618,9a3e9b8b1272ef83,SODA-A,598,ab80388f901a018278e4c290318e8944f039498d5ffa8d445d83f2c4f8230261,/home/rspip/cqc/pro/study/orientbench/annotation_tools/m4_angle_annotation/annotator_A/crops/18ebe3ff432128bc7618.jpg
m4-071-final-v1,A,403baed7d7e8161b4fc9,4a8f4fe58dfc838b,DIOR-R,599,e1c796f87c34ca950e40d8b31883be4d0a4447f8732ee00f8a9a76119b0f84b6,/home/rspip/cqc/pro/study/orientbench/annotation_tools/m4_angle_annotation/annotator_A/crops/403baed7d7e8161b4fc9.jpg
m4-071-final-v1,A,ca73985f49cff4f89063,984012c82e935fe7,SODA-A,600,dee3712e50a058fa598c26923df7fd7011e093f92fa4daf8f0cbf8c9d016af9d,/home/rspip/cqc/pro/study/orientbench/annotation_tools/m4_angle_annotation/annotator_A/crops/ca73985f49cff4f89063.jpg
m4-071-final-v1,A,5ed16099c2de3d53fd54,7dd2cc7b5dd73003,SODA-A,601,c253ce8a3e148d555f496221cd750325f66ace56a550f809a4286c4a2c0668de,/home/rspip/cqc/pro/study/orientbench/annotation_tools/m4_angle_annotation/annotator_A/crops/5ed16099c2de3d53fd54.jpg
m4-071-final-v1,A,b00553d6ab508f838cf4,6ff7c1765334b161,FAIR1M-v1.0,602,7a190033e93973f266f9d48a98b12ea66b211340c43f1d1420af181d101cf5ca,/home/rspip/cqc/pro/study/orientbench/annotation_tools/m4_angle_annotation/annotator_A/crops/b00553d6ab508f838cf4.jpg
m4-071-final-v1,A,62b89c8d56f9040e12b9,ebf2a94d68640c0c,DIOR-R,603,a66e6c39ff27280146d187884ae0ac0901d7fb37d576fe6c3e6eb629a54a59e9,/home/rspip/cqc/pro/study/orientbench/annotation_tools/m4_angle_annotation/annotator_A/crops/62b89c8d56f9040e12b9.jpg
m4-071-final-v1,A,95bbeece0486e4ef119a,2c8a314650656d41,FAIR1M-v1.0,604,cff33ca34657dea7781c7e0e28e81c1d0c9c3f58831e13140628a6b1a9439575,/home/rspip/cqc/pro/study/orientbench/annotation_tools/m4_angle_annotation/annotator_A/crops/95bbeece0486e4ef119a.jpg
m4-071-final-v1,A,15eb1ef2567a9d5c98b6,7cf440dd94788b98,FAIR1M-v1.0,605,c202ebb9d62dbc1e391919ab98f5f760906dbbeb0144eb08d6580ab380a8955b,/home/rspip/cqc/pro/study/orientbench/annotation_tools/m4_angle_annotation/annotator_A/crops/15eb1ef2567a9d5c98b6.jpg
m4-071-final-v1,A,eb912c22f36b4187062b,4d4f06bc1c1298de,SODA-A,606,4f12b37d1b955737c163a95b15a238a38b5fdce0e8c98ad9feef27da720f3dec,/home/rspip/cqc/pro/study/orientbench/annotation_tools/m4_angle_annotation/annotator_A/crops/eb912c22f36b4187062b.jpg
m4-071-final-v1,A,152b87546f48a0f3373a,9006bb10fade0147,DIOR-R,607,ca4a1ea5adfb5fb23db5d903c085e01f8ec6716ad2c9c137e8cf0da426d17fe4,/home/rspip/cqc/pro/study/orientbench/annotation_tools/m4_angle_annotation/annotator_A/crops/152b87546f48a0f3373a.jpg
m4-071-final-v1,A,0b1c691123c219c06285,60fb0fe10aee7286,SODA-A,608,b0514eef106111cbce001dad2f05f04db7522eccc0c3996a24da089e3d8f3bc7,/home/rspip/cqc/pro/study/orientbench/annotation_tools/m4_angle_annotation/annotator_A/crops/0b1c691123c219c06285.jpg
m4-071-final-v1,A,c3142020da581f50fe94,9b00e65168dedd02,SODA-A,609,ce08ed832e04d8252644677e3d8d58a0f3ebe0b02ddcfec9b3edd290f0527308,/home/rspip/cqc/pro/study/orientbench/annotation_tools/m4_angle_annotation/annotator_A/crops/c3142020da581f50fe94.jpg
m4-071-final-v1,A,6fbb1a4c587d125a8c16,2337de2fc6f1a82d,FAIR1M-v1.0,610,1981951c1aa2289318c49300016ba4975d330558079dd83d5a83b6ab23055959,/home/rspip/cqc/pro/study/orientbench/annotation_tools/m4_angle_annotation/annotator_A/crops/6fbb1a4c587d125a8c16.jpg
m4-071-final-v1,A,777b1775ddf3dfdf971c,46b9777eacdf87a2,FAIR1M-v1.0,611,f8f135e92ce2367cdf134b7ffd773347acd820e21b312a3d2a6491f49d646dbc,/home/rspip/cqc/pro/study/orientbench/annotation_tools/m4_angle_annotation/annotator_A/crops/777b1775ddf3dfdf971c.jpg
m4-071-final-v1,A,1cd93205ac14c73640aa,d28c9b5b90141213,DIOR-R,612,183a9266d1f6750e9ed64deb2372f03c9bc7d369448eebbb96461ae46305633d,/home/rspip/cqc/pro/study/orientbench/annotation_tools/m4_angle_annotation/annotator_A/crops/1cd93205ac14c73640aa.jpg
m4-071-final-v1,A,6b51fcb9c27e7c92ba86,6012f09e9012fae6,DIOR-R,613,f57b4cec53ef19b2edec780b1f0655203235a6318017e0e95c69c8239d9b5bf4,/home/rspip/cqc/pro/study/orientbench/annotation_tools/m4_angle_annotation/annotator_A/crops/6b51fcb9c27e7c92ba86.jpg
m4-071-final-v1,A,f298c0a40a6740eeee99,4269431393525289,SODA-A,614,eb6a241871f3c870f7da975c7e43d6b4d8239a7597e6c472a521486ecfed7025,/home/rspip/cqc/pro/study/orientbench/annotation_tools/m4_angle_annotation/annotator_A/crops/f298c0a40a6740eeee99.jpg
m4-071-final-v1,A,4154d2bdadacc25fe2c9,4bb2e82e9f09a66c,SODA-A,615,3050decd8cf9435d5e5c79b78655292bcea0981179b1b3ea6d40c66afa123e83,/home/rspip/cqc/pro/study/orientbench/annotation_tools/m4_angle_annotation/annotator_A/crops/4154d2bdadacc25fe2c9.jpg
m4-071-final-v1,A,507bde9e3a546dfb10dd,050b298706ddbe1a,DIOR-R,616,3397c7d4ddceb83244aeb034f1f9f33cc724358a2c660a782d8533cc94577517,/home/rspip/cqc/pro/study/orientbench/annotation_tools/m4_angle_annotation/annotator_A/crops/507bde9e3a546dfb10dd.jpg
m4-071-final-v1,A,bb25495c02cfee8541bd,b6b95a29c29f9472,FAIR1M-v1.0,617,78eb9d39afe2848d0833bc3fdadee8e4733680cc68a206aa7106b3e6889c1c22,/home/rspip/cqc/pro/study/orientbench/annotation_tools/m4_angle_annotation/annotator_A/crops/bb25495c02cfee8541bd.jpg
m4-071-final-v1,A,0404aa62581ba7e5af72,2fc6c9fb23add774,SODA-A,618,a40c2b6cdaa9b7fa9ff8d5cba0a3e11257e2100f640531e9901a9bb3f4dd118f,/home/rspip/cqc/pro/study/orientbench/annotation_tools/m4_angle_annotation/annotator_A/crops/0404aa62581ba7e5af72.jpg
m4-071-final-v1,A,bad30ba07a2319bab591,cef45ee2000957fa,SODA-A,619,3703daa61aac3a1e6786bdd85698c85dccc73511c9a8ae1bf1fe8062768b46e9,/home/rspip/cqc/pro/study/orientbench/annotation_tools/m4_angle_annotation/annotator_A/crops/bad30ba07a2319bab591.jpg
m4-071-final-v1,A,431a0360bb2d01a6ce44,f61b4b52cd6acaf3,DIOR-R,620,00cf59d2c8daad85fbffff1578c48907b3a65475bf5c72ea3e7a59e75716e2d4,/home/rspip/cqc/pro/study/orientbench/annotation_tools/m4_angle_annotation/annotator_A/crops/431a0360bb2d01a6ce44.jpg
m4-071-final-v1,A,c504bef8404e8e96f30a,7e2c0edcd50b89d5,DIOR-R,621,97d27d36040aedddb0949eb5c2abb977ad792dd5e2defa732c56d13985d85d30,/home/rspip/cqc/pro/study/orientbench/annotation_tools/m4_angle_annotation/annotator_A/crops/c504bef8404e8e96f30a.jpg
m4-071-final-v1,A,50e111c69a780e05df2b,591c121c230b8895,SODA-A,622,c42e6196cb6c20be5fbb0c8bc448cf70969d1b56aaded1b819728c82fc8df1a2,/home/rspip/cqc/pro/study/orientbench/annotation_tools/m4_angle_annotation/annotator_A/crops/50e111c69a780e05df2b.jpg
m4-071-final-v1,A,80dd7492004216e18642,d6e9bf5419781d25,DIOR-R,623,e5204eb77741c1f0d032665d3f56cc1287999bbadac84742747fb3d8fe94e8c8,/home/rspip/cqc/pro/study/orientbench/annotation_tools/m4_angle_annotation/annotator_A/crops/80dd7492004216e18642.jpg
m4-071-final-v1,A,f1754ddae877998778e3,c222674b10a879d6,DIOR-R,624,d89fbb461357e4dbce2a50bbc622283aefd602b87ef59bd74c215979b95d0a5f,/home/rspip/cqc/pro/study/orientbench/annotation_tools/m4_angle_annotation/annotator_A/crops/f1754ddae877998778e3.jpg
m4-071-final-v1,A,9691245f5a93955997b4,3aa927689a641125,SODA-A,625,59bfebaead02de7a9ee024bcef4c179fe94521bb5971d0dd99392a7f8f9b959f,/home/rspip/cqc/pro/study/orientbench/annotation_tools/m4_angle_annotation/annotator_A/crops/9691245f5a93955997b4.jpg
m4-071-final-v1,A,c0adaaffd0d04ecd3d2a,c9a58591d176bdef,DIOR-R,626,b80b12471d6257ab30f93b600a651d276eae78806eeb24c06846a84eab1afbcd,/home/rspip/cqc/pro/study/orientbench/annotation_tools/m4_angle_annotation/annotator_A/crops/c0adaaffd0d04ecd3d2a.jpg
m4-071-final-v1,A,b248684d4145463dbb78,2614083b95018c70,FAIR1M-v1.0,627,7bf7b35918dbcc5d5d2f5e9c3023aa8b7cf909b28b9dc50697b61d4ecfc2287b,/home/rspip/cqc/pro/study/orientbench/annotation_tools/m4_angle_annotation/annotator_A/crops/b248684d4145463dbb78.jpg
m4-071-final-v1,A,ddadae918f54780d6715,69e98f035406c4bb,SODA-A,628,312686ea58f9e1159689892fd13264734bcc3d5b9a7fb33925dd2218a32af759,/home/rspip/cqc/pro/study/orientbench/annotation_tools/m4_angle_annotation/annotator_A/crops/ddadae918f54780d6715.jpg
m4-071-final-v1,A,1d859585a075e8b15d2f,8416fa4951187d63,DIOR-R,629,a790237ee898dddf4b6a87cd44106782b73ef91473d3a45bd8b35caf3453995a,/home/rspip/cqc/pro/study/orientbench/annotation_tools/m4_angle_annotation/annotator_A/crops/1d859585a075e8b15d2f.jpg
m4-071-final-v1,A,7de0866b3f05049f2df7,3e68b91321e60cd4,DIOR-R,630,adaeec5b50a0c7ce68eac84de71692ab50768816c536b338725b47fe9178ed78,/home/rspip/cqc/pro/study/orientbench/annotation_tools/m4_angle_annotation/annotator_A/crops/7de0866b3f05049f2df7.jpg
m4-071-final-v1,A,91664b326a8b79d5c51b,151bb5ae124b28a8,FAIR1M-v1.0,631,c54086844e52b4bc5e3106e010e1daa3c965565d8aa422cb68d0c424d16b3609,/home/rspip/cqc/pro/study/orientbench/annotation_tools/m4_angle_annotation/annotator_A/crops/91664b326a8b79d5c51b.jpg
m4-071-final-v1,A,78b351582a7402e914ac,f7f8123ff01b9164,DIOR-R,632,615eff9817aa5a7f35e23d92fabbec3f227de73e2d4afaebe01d2e1861170023,/home/rspip/cqc/pro/study/orientbench/annotation_tools/m4_angle_annotation/annotator_A/crops/78b351582a7402e914ac.jpg
m4-071-final-v1,A,a7333d8f4085aab3cc09,1a63ca12d514c0b9,DIOR-R,633,e800e70e478cc8eb88b4ea87083b4cd1306e1092356949983fd66a3b61ad639b,/home/rspip/cqc/pro/study/orientbench/annotation_tools/m4_angle_annotation/annotator_A/crops/a7333d8f4085aab3cc09.jpg
m4-071-final-v1,A,3c0159552e4ba0c46560,6bb1a65609b41cad,FAIR1M-v1.0,634,36fdc0772bb70c393c9d2884e2c4a6fd4516e50fb1e4357b5a86e0ea1595eb96,/home/rspip/cqc/pro/study/orientbench/annotation_tools/m4_angle_annotation/annotator_A/crops/3c0159552e4ba0c46560.jpg
m4-071-final-v1,A,c72cd78d203ec8ea3cb9,db83058746b8128c,SODA-A,635,7c6fb5f32ec73fe4aa621de19c947eeb19e594abf47d34c744b5b79d683ecbb9,/home/rspip/cqc/pro/study/orientbench/annotation_tools/m4_angle_annotation/annotator_A/crops/c72cd78d203ec8ea3cb9.jpg
m4-071-final-v1,A,88e59640215f824db0e3,750be07b8cb2b040,FAIR1M-v1.0,636,64c02e64b87c937dd7432a47bee9d2899d1f97ce2b770795c88e22933a7ff97c,/home/rspip/cqc/pro/study/orientbench/annotation_tools/m4_angle_annotation/annotator_A/crops/88e59640215f824db0e3.jpg
m4-071-final-v1,A,fc73b1d7c44af54df0e7,511764e576938182,SODA-A,637,059e3d1f11bd53c2a1e22a63e23b30edbd43f5292df2e5e6531b5aa0d95d9029,/home/rspip/cqc/pro/study/orientbench/annotation_tools/m4_angle_annotation/annotator_A/crops/fc73b1d7c44af54df0e7.jpg
m4-071-final-v1,A,c8df20a8499221a26c79,5185d95853c15334,SODA-A,638,a4c2385a8658315aa3aaa7a96d98c623dd9377cd224b273d6b38b14e294778d7,/home/rspip/cqc/pro/study/orientbench/annotation_tools/m4_angle_annotation/annotator_A/crops/c8df20a8499221a26c79.jpg
m4-071-final-v1,A,1d0f048ac39569285dcb,3d5008c1e3f0e724,SODA-A,639,ed2b10309f905de6f1f4a8be969adaf7576bbe0b4eb9752456c5197a22abd65b,/home/rspip/cqc/pro/study/orientbench/annotation_tools/m4_angle_annotation/annotator_A/crops/1d0f048ac39569285dcb.jpg
m4-071-final-v1,A,06d27629f495dc066499,fd3077c02699f26a,FAIR1M-v1.0,640,85f04c4b6f904e411a1c2be53c551902d0d13deeb0fe320b37c4149458552b67,/home/rspip/cqc/pro/study/orientbench/annotation_tools/m4_angle_annotation/annotator_A/crops/06d27629f495dc066499.jpg
m4-071-final-v1,A,bcae534d827235e49ceb,9c1f3a7ac31ecf3c,DIOR-R,641,e65d09011a9594a12cc52e6f02479aadbe9cd9c9e2585aae81bf88a685939dc0,/home/rspip/cqc/pro/study/orientbench/annotation_tools/m4_angle_annotation/annotator_A/crops/bcae534d827235e49ceb.jpg
m4-071-final-v1,A,e58bbfae9b69c9a5917f,cd0681a602c03e8f,SODA-A,642,79455e048afb259af704ccdaff3a58679268e43f9e786bcd348de489039132a4,/home/rspip/cqc/pro/study/orientbench/annotation_tools/m4_angle_annotation/annotator_A/crops/e58bbfae9b69c9a5917f.jpg
m4-071-final-v1,A,58e3f0072e38930e984f,584c57dd8aed72da,SODA-A,643,c3f136e23bcf85677c598ba6d3d5beda4a32cb0fce2e6b0078331f5ba3699fb9,/home/rspip/cqc/pro/study/orientbench/annotation_tools/m4_angle_annotation/annotator_A/crops/58e3f0072e38930e984f.jpg
m4-071-final-v1,A,34d472279dc5ffdf6370,0a6ecc7cae2f27ab,SODA-A,644,648303b4098fa2ef6a9ba341f4a5d42d6b39998092293cfbe6d00c72ed2689c6,/home/rspip/cqc/pro/study/orientbench/annotation_tools/m4_angle_annotation/annotator_A/crops/34d472279dc5ffdf6370.jpg
m4-071-final-v1,A,a216f1ef6bb4e783cb41,53116e3317e4ccbe,SODA-A,645,a6161ba1d8a4771f0e878d7a6c091e3439948168044923d42d0cb8e936907c5e,/home/rspip/cqc/pro/study/orientbench/annotation_tools/m4_angle_annotation/annotator_A/crops/a216f1ef6bb4e783cb41.jpg
m4-071-final-v1,A,4f23ac4fcad0964a8b2c,c06ebfc4e45c54c4,SODA-A,646,82542961218d89a86c55a44bc3cc37270d757a6958ac3868033618acceadcf58,/home/rspip/cqc/pro/study/orientbench/annotation_tools/m4_angle_annotation/annotator_A/crops/4f23ac4fcad0964a8b2c.jpg
m4-071-final-v1,A,e20496d66ce4bbf45c21,c4296b3c6512a1fb,DIOR-R,647,6ad33cbd329fd38e55ca62217a0676e2a4ecd0f8fb50d2f311b7e3db95cb8f50,/home/rspip/cqc/pro/study/orientbench/annotation_tools/m4_angle_annotation/annotator_A/crops/e20496d66ce4bbf45c21.jpg
m4-071-final-v1,A,42e3b67dcdbbdae68521,4ba88fe6caeea669,SODA-A,648,6715c00abd88e8e7603b78a2960573e35e44e27a772452e5b883653212ecdfec,/home/rspip/cqc/pro/study/orientbench/annotation_tools/m4_angle_annotation/annotator_A/crops/42e3b67dcdbbdae68521.jpg
m4-071-final-v1,A,35846741d45c9d3802ec,245fa9f932719281,FAIR1M-v1.0,649,e0a60c3ba540d94397299e80585d020a24b264d9dff6c9241cf0104163998521,/home/rspip/cqc/pro/study/orientbench/annotation_tools/m4_angle_annotation/annotator_A/crops/35846741d45c9d3802ec.jpg
m4-071-final-v1,A,a0c821c6f736c729fc34,606820ba91c3230c,FAIR1M-v1.0,650,1ec0bd9da77c671f6ee60149bc9193947279511c76d9288acb2f0b979d72f421,/home/rspip/cqc/pro/study/orientbench/annotation_tools/m4_angle_annotation/annotator_A/crops/a0c821c6f736c729fc34.jpg
m4-071-final-v1,A,e14920ca04f7e149b5bc,fc9d5b1a535ea099,FAIR1M-v1.0,651,b857ecacd741bcc0721f2ec39e7005141a90eed07485a197f8ff224ee1738eca,/home/rspip/cqc/pro/study/orientbench/annotation_tools/m4_angle_annotation/annotator_A/crops/e14920ca04f7e149b5bc.jpg
m4-071-final-v1,A,dc0641f95740890c208d,2f169f35a356eae3,SODA-A,652,b79eaf3e0d8c1071d4f8fc19ff36fd16b2a42138a193df922846882ee8161dc8,/home/rspip/cqc/pro/study/orientbench/annotation_tools/m4_angle_annotation/annotator_A/crops/dc0641f95740890c208d.jpg
m4-071-final-v1,A,abb8099fb319dd9a0232,6269b8e48ff2f681,DIOR-R,653,5871fec8446340d896b94bd27584247a54c107d3c3b84c96668c008fd8b5fb75,/home/rspip/cqc/pro/study/orientbench/annotation_tools/m4_angle_annotation/annotator_A/crops/abb8099fb319dd9a0232.jpg
m4-071-final-v1,A,149b9f34d373fd8e2270,253a54b4b0e049d7,SODA-A,654,4fc3c23fe1dde04627db2b303ababc840b3aaf103c9233a6d704499c894d6a6d,/home/rspip/cqc/pro/study/orientbench/annotation_tools/m4_angle_annotation/annotator_A/crops/149b9f34d373fd8e2270.jpg
m4-071-final-v1,A,473b92ac8122c0b73e53,40ecabc841b73bd9,FAIR1M-v1.0,655,efe521f8566b6535c9e16765d2a4a560fed5c204810d21dd5741b38e27b70751,/home/rspip/cqc/pro/study/orientbench/annotation_tools/m4_angle_annotation/annotator_A/crops/473b92ac8122c0b73e53.jpg
m4-071-final-v1,A,6e7fcdbac03bac09fec3,5bdc6fd3eb0f5881,SODA-A,656,426dd160db6ce3d1b3961112f4a563e08429fd7ee4ff0882a3c253792a9ccc34,/home/rspip/cqc/pro/study/orientbench/annotation_tools/m4_angle_annotation/annotator_A/crops/6e7fcdbac03bac09fec3.jpg
m4-071-final-v1,A,0e81c1b534644e6c6be5,6516eac77d911018,FAIR1M-v1.0,657,19efecb3ae637308e41f56cc98225f3beb65d7fa82f357f265ffc01aadaaa054,/home/rspip/cqc/pro/study/orientbench/annotation_tools/m4_angle_annotation/annotator_A/crops/0e81c1b534644e6c6be5.jpg
m4-071-final-v1,A,0644a8e312f8075b9dd2,e1edb9b0d048ee0e,FAIR1M-v1.0,658,7c4519ea7738b806301e47dfca7358d1dc01f6995002fa58f408da9696a15c82,/home/rspip/cqc/pro/study/orientbench/annotation_tools/m4_angle_annotation/annotator_A/crops/0644a8e312f8075b9dd2.jpg
m4-071-final-v1,A,533eb92953de10778782,9ff8e3cadbf384df,SODA-A,659,13d50ef723d815b018581f83cfd06299f43ef36042662d62d0808d04f092d102,/home/rspip/cqc/pro/study/orientbench/annotation_tools/m4_angle_annotation/annotator_A/crops/533eb92953de10778782.jpg
m4-071-final-v1,A,45ec8560a64f1d6a8d87,e7724176526d2a6f,DIOR-R,660,b4451b0184bda6652384177d4c752898312c6672b84faf1fbdc050c7f7f6bc80,/home/rspip/cqc/pro/study/orientbench/annotation_tools/m4_angle_annotation/annotator_A/crops/45ec8560a64f1d6a8d87.jpg
m4-071-final-v1,A,3152af38bade88b2271d,440b29409e610f8d,DIOR-R,661,dabf965b588b1b4ef1706f6b4743ad96f99443bdf6130220fb5d52944d30a70a,/home/rspip/cqc/pro/study/orientbench/annotation_tools/m4_angle_annotation/annotator_A/crops/3152af38bade88b2271d.jpg
m4-071-final-v1,A,f0300e077444f6014b6c,9d041ceacbf178b1,DIOR-R,662,b0f2e2127fced106d8ab3e0cebc7e61e8c379a34bc581b1a8614df6f152f300f,/home/rspip/cqc/pro/study/orientbench/annotation_tools/m4_angle_annotation/annotator_A/crops/f0300e077444f6014b6c.jpg
m4-071-final-v1,A,fae45fdb7192de01676c,cbe0a7a1fddb5d73,SODA-A,663,3f330279a5ba90afb2b71ce09da1826753b3a259a43f05c64567c42b60e898b7,/home/rspip/cqc/pro/study/orientbench/annotation_tools/m4_angle_annotation/annotator_A/crops/fae45fdb7192de01676c.jpg
m4-071-final-v1,A,503cba6fc06e941381e8,b52286fa08534aa5,SODA-A,664,1126b2ea646adb8026a302bd03b06bb488952ca4ee25c685b6adca0a4361b54a,/home/rspip/cqc/pro/study/orientbench/annotation_tools/m4_angle_annotation/annotator_A/crops/503cba6fc06e941381e8.jpg
m4-071-final-v1,A,a06e9d20c349b223f12d,780e1d44430b8a6f,FAIR1M-v1.0,665,eb3b247f729f1a1d4a3a462e6ed4daec5b177d40c881eb642fc44e8441e40622,/home/rspip/cqc/pro/study/orientbench/annotation_tools/m4_angle_annotation/annotator_A/crops/a06e9d20c349b223f12d.jpg
m4-071-final-v1,A,2b75b533d290c4b83271,8f51e14e0d6a73cb,SODA-A,666,27057c2c49ff4ea210107fb6b8c0f2eaa1c6b6c4001a6aba400cafe2167f44e0,/home/rspip/cqc/pro/study/orientbench/annotation_tools/m4_angle_annotation/annotator_A/crops/2b75b533d290c4b83271.jpg
m4-071-final-v1,A,5321493f0473e85b7f56,6185e5cf12343f98,SODA-A,667,88ab431e4d6c11b71476c8f8e62b19b4c94f874104afb5e6a01acb0bf27012dd,/home/rspip/cqc/pro/study/orientbench/annotation_tools/m4_angle_annotation/annotator_A/crops/5321493f0473e85b7f56.jpg
m4-071-final-v1,A,33b38d4a8408a5af0e96,6a719555a3709573,SODA-A,668,2fc9aacadef08f04bab2123d27ab933eaba6a9059a3d1e024e1a5e521457a7bf,/home/rspip/cqc/pro/study/orientbench/annotation_tools/m4_angle_annotation/annotator_A/crops/33b38d4a8408a5af0e96.jpg
m4-071-final-v1,A,0c0c2c33103001419684,9ade51b7a5ad348e,FAIR1M-v1.0,669,a7e6d2e37faa16213352a3d1ee3ceb2a01fe411f04d4695ca1e7a90c1bf4d06d,/home/rspip/cqc/pro/study/orientbench/annotation_tools/m4_angle_annotation/annotator_A/crops/0c0c2c33103001419684.jpg
m4-071-final-v1,A,06bb5c92df5bd6948a8e,b98d7746b180e9f9,DIOR-R,670,156c1fe4445ad0a9f7ae983143a23ed76c5bf01ba503b136b0c1bd36f2e7de95,/home/rspip/cqc/pro/study/orientbench/annotation_tools/m4_angle_annotation/annotator_A/crops/06bb5c92df5bd6948a8e.jpg
m4-071-final-v1,A,403dee17e13f58ea3911,c588b2f3e2d1160c,DIOR-R,671,76becde0c4815501f6639f2fa896fa0b8ed2b9ed56d6ac7118fccb35eccd8a7d,/home/rspip/cqc/pro/study/orientbench/annotation_tools/m4_angle_annotation/annotator_A/crops/403dee17e13f58ea3911.jpg
m4-071-final-v1,A,94b2e56c2667cdd82d84,b39df2ee9dc5e552,FAIR1M-v1.0,672,ffc058ee9bc7494cbd5e28efba926227d1a591f1eeb30ed071c056a167f6c7aa,/home/rspip/cqc/pro/study/orientbench/annotation_tools/m4_angle_annotation/annotator_A/crops/94b2e56c2667cdd82d84.jpg
m4-071-final-v1,A,43de046fc0fa0ca2747e,5b508d573b886550,SODA-A,673,6e789f28635fe4a3ca9c9cc13d5865b781676d21802b24e104f30cc87f90d113,/home/rspip/cqc/pro/study/orientbench/annotation_tools/m4_angle_annotation/annotator_A/crops/43de046fc0fa0ca2747e.jpg
m4-071-final-v1,A,b01277fb95af49dc2d65,66bc13b4c3db5c9b,DIOR-R,674,97c6c6977ed07c1d11a3e191af0f15f2796a127ce6bf71eca5bc9411917f1e69,/home/rspip/cqc/pro/study/orientbench/annotation_tools/m4_angle_annotation/annotator_A/crops/b01277fb95af49dc2d65.jpg
m4-071-final-v1,A,cbb4ba250c93fef0e6f1,9e8449224e2cde99,FAIR1M-v1.0,675,20c15b19ecccc72f2a5194e234e7af04d232ff099017857b85ea2ee3e0ca350a,/home/rspip/cqc/pro/study/orientbench/annotation_tools/m4_angle_annotation/annotator_A/crops/cbb4ba250c93fef0e6f1.jpg
m4-071-final-v1,A,bb2b2c5d080756c8a371,90d4fcf322602a0e,SODA-A,676,c586b5f83f4f89179b297ba0e3d1a894992f26e3b1e2480da2a630e8381536d9,/home/rspip/cqc/pro/study/orientbench/annotation_tools/m4_angle_annotation/annotator_A/crops/bb2b2c5d080756c8a371.jpg
m4-071-final-v1,A,76a9631edc3e383e5188,e7fa3e69604e418d,FAIR1M-v1.0,677,680b6703adc0e8dea4663bf97cf5e04020571500e980141bca275fb0a39ea697,/home/rspip/cqc/pro/study/orientbench/annotation_tools/m4_angle_annotation/annotator_A/crops/76a9631edc3e383e5188.jpg
m4-071-final-v1,A,3ad115eb11b8ab8cbcb6,0ac00a0047c542be,DIOR-R,678,efb0a48c6de4821fe3fd394002cde37af69b5b19c145bf60b4603ec2af594b90,/home/rspip/cqc/pro/study/orientbench/annotation_tools/m4_angle_annotation/annotator_A/crops/3ad115eb11b8ab8cbcb6.jpg
m4-071-final-v1,A,c92f53e5846a2741cfc5,fe116bfa154c1859,FAIR1M-v1.0,679,55760bdb97b2a451a663cfe700df9cf676600a638ae7ad1c2da39824eada17a0,/home/rspip/cqc/pro/study/orientbench/annotation_tools/m4_angle_annotation/annotator_A/crops/c92f53e5846a2741cfc5.jpg
m4-071-final-v1,A,a93285c06a69c94be0c4,ea16914ee65b65b1,FAIR1M-v1.0,680,2a36cfdb9f9d42950d3032ba79c0f4a68c3bc11be72898d94c8124f87bb57f4b,/home/rspip/cqc/pro/study/orientbench/annotation_tools/m4_angle_annotation/annotator_A/crops/a93285c06a69c94be0c4.jpg
m4-071-final-v1,A,263d63c8a3ceeec85bfb,2ce4d67b33c1deec,DIOR-R,681,ffef7c9250f59cee19ce82bd88e7ab1ec237e5c8211e3f7546c90074bccba158,/home/rspip/cqc/pro/study/orientbench/annotation_tools/m4_angle_annotation/annotator_A/crops/263d63c8a3ceeec85bfb.jpg
m4-071-final-v1,A,da2d077a676cf04e7968,48a6332f8e75c54d,FAIR1M-v1.0,682,65226409ae6f3d6bfdae747be2fbedad51d8095baf7dea15e3961c795f02ed20,/home/rspip/cqc/pro/study/orientbench/annotation_tools/m4_angle_annotation/annotator_A/crops/da2d077a676cf04e7968.jpg
m4-071-final-v1,A,68051c227fce1a120470,a3313b7127b35c53,DIOR-R,683,cd3323d3c330a44ee12c9b4f2b36e986a50cfbbc2c363c09d70fb354cc2f6001,/home/rspip/cqc/pro/study/orientbench/annotation_tools/m4_angle_annotation/annotator_A/crops/68051c227fce1a120470.jpg
m4-071-final-v1,A,fcda329e449d4d8644f7,83ce9fe5b4528fb6,DIOR-R,684,2b22bcb322d749cfcb0d720b4ebe1f6901174ca494a83ce9462e246d111da584,/home/rspip/cqc/pro/study/orientbench/annotation_tools/m4_angle_annotation/annotator_A/crops/fcda329e449d4d8644f7.jpg
m4-071-final-v1,A,edbbe0db10cbe483dfe3,d65c1d1ef1143b0d,FAIR1M-v1.0,685,74a4b6e3ac2070f2dbf6b53ea83325ac21f091fd295a803521a6a27e10981247,/home/rspip/cqc/pro/study/orientbench/annotation_tools/m4_angle_annotation/annotator_A/crops/edbbe0db10cbe483dfe3.jpg
m4-071-final-v1,A,078af56eb943245708f3,aca5169325124917,FAIR1M-v1.0,686,5952f9be923764170c59d611ad381e57ae0b5c440833e14535d1f2d950b3334d,/home/rspip/cqc/pro/study/orientbench/annotation_tools/m4_angle_annotation/annotator_A/crops/078af56eb943245708f3.jpg
m4-071-final-v1,A,e89b20a717dad2e61bf3,33b0698388232657,FAIR1M-v1.0,687,53735797175ab0d3f2d3e320f21914b47389a131f3ad8122c6d36024b99e00cb,/home/rspip/cqc/pro/study/orientbench/annotation_tools/m4_angle_annotation/annotator_A/crops/e89b20a717dad2e61bf3.jpg
m4-071-final-v1,A,6e6adc6bacc16a21c020,1947cec59b270032,FAIR1M-v1.0,688,67bd822bb49496df61ac00a6c43f9bda8f01afb31659dfd327b6df0e91199c57,/home/rspip/cqc/pro/study/orientbench/annotation_tools/m4_angle_annotation/annotator_A/crops/6e6adc6bacc16a21c020.jpg
m4-071-final-v1,A,52da7d754cd65db70adf,bf3e55dbd0603821,DIOR-R,689,2e9e7b1df80b7451a2a854df6c95d324de4831650a3445e1e7b4f699c16354f6,/home/rspip/cqc/pro/study/orientbench/annotation_tools/m4_angle_annotation/annotator_A/crops/52da7d754cd65db70adf.jpg
m4-071-final-v1,A,d288d19e9e800b08325f,15722034b7f6eb61,SODA-A,690,2656d10ba548cd821a3e41eceb766574ff6d07bee53dda244fc4e2aaab8e2b9b,/home/rspip/cqc/pro/study/orientbench/annotation_tools/m4_angle_annotation/annotator_A/crops/d288d19e9e800b08325f.jpg
m4-071-final-v1,A,1dfe4eb3f882ae401d01,27959531b13e3bc8,SODA-A,691,39d6dfc19c53aa7b343ef67ece330982dc46bda264b86953a69ce8d006b46891,/home/rspip/cqc/pro/study/orientbench/annotation_tools/m4_angle_annotation/annotator_A/crops/1dfe4eb3f882ae401d01.jpg
m4-071-final-v1,A,f30008d153a849f8d2e5,7ee19057d673f25c,SODA-A,692,759706f9ab9498393900c0aa20ee1285b46a1301185864a70d0b0911ef5eb588,/home/rspip/cqc/pro/study/orientbench/annotation_tools/m4_angle_annotation/annotator_A/crops/f30008d153a849f8d2e5.jpg
m4-071-final-v1,A,67e8cf2f311b162408d7,1da32ea752c9e020,FAIR1M-v1.0,693,35eb3cff0ba9dca1c652ba701231fb901def508d457795c51428a17b6f0e170a,/home/rspip/cqc/pro/study/orientbench/annotation_tools/m4_angle_annotation/annotator_A/crops/67e8cf2f311b162408d7.jpg
m4-071-final-v1,A,ab6f270a0ccdab6ef0ec,6eec1a362e82a606,SODA-A,694,11a9a827315c4d72ac5cce9729c7aafb3b8faa7b6bdcd63c5a986c421a9dd4d8,/home/rspip/cqc/pro/study/orientbench/annotation_tools/m4_angle_annotation/annotator_A/crops/ab6f270a0ccdab6ef0ec.jpg
m4-071-final-v1,A,d89b7cef32d28c0383ee,3a71b22383385c65,SODA-A,695,ca3de41e397abd1a95c5e2a0ad9de46be7905ffb6054b22d2f76e23883d3c50d,/home/rspip/cqc/pro/study/orientbench/annotation_tools/m4_angle_annotation/annotator_A/crops/d89b7cef32d28c0383ee.jpg
m4-071-final-v1,A,b0bdc00d42090a9a04a5,e6944fa9c80fb818,FAIR1M-v1.0,696,e8cb4dec90cb47be604428d3c29ef24da56c7d03d0e7c053b6f403cd035d75da,/home/rspip/cqc/pro/study/orientbench/annotation_tools/m4_angle_annotation/annotator_A/crops/b0bdc00d42090a9a04a5.jpg
m4-071-final-v1,A,cc5b7a11b6796dca4597,ddc9c09551ed6b1a,DIOR-R,697,7996287d9609679ab54aaa71746c031963e89801ff7646802dd359f70fb46b23,/home/rspip/cqc/pro/study/orientbench/annotation_tools/m4_angle_annotation/annotator_A/crops/cc5b7a11b6796dca4597.jpg
m4-071-final-v1,A,a3c2b31503b4347f96f9,a4706db54eacceb2,DIOR-R,698,75f753b90fae10311f93ef6d1ae036e933a1427f765c2f781935d7b2ad78a6b9,/home/rspip/cqc/pro/study/orientbench/annotation_tools/m4_angle_annotation/annotator_A/crops/a3c2b31503b4347f96f9.jpg
m4-071-final-v1,A,b3aa7f2243fe4cb5e2d3,5aed43c860585aef,SODA-A,699,4c494bd0e3eac40d8f4ff93151d45aa245cd4a8f578c83cf892ac5208cf78c47,/home/rspip/cqc/pro/study/orientbench/annotation_tools/m4_angle_annotation/annotator_A/crops/b3aa7f2243fe4cb5e2d3.jpg
m4-071-final-v1,A,429d869e9c5ade8ddf2c,0044979d6fbdffdf,DIOR-R,700,a66aeff2e8337d907b3bd994472c82afdb259192e5e9868c269d50c92a62790b,/home/rspip/cqc/pro/study/orientbench/annotation_tools/m4_angle_annotation/annotator_A/crops/429d869e9c5ade8ddf2c.jpg
m4-071-final-v1,A,d8adcf3ce6d333e3bc07,16232ea75bad0024,SODA-A,701,4a5cac2e4580fb862194b8c3192feef2ce0a705bd226e2f55038a6d3f567b340,/home/rspip/cqc/pro/study/orientbench/annotation_tools/m4_angle_annotation/annotator_A/crops/d8adcf3ce6d333e3bc07.jpg
m4-071-final-v1,A,d2ffe111a4e889acca43,32576cc9d7693937,FAIR1M-v1.0,702,514840c531e63bc29174d147b053b546ef7125d8aa4fc765e17aa3773eb76f5e,/home/rspip/cqc/pro/study/orientbench/annotation_tools/m4_angle_annotation/annotator_A/crops/d2ffe111a4e889acca43.jpg
m4-071-final-v1,A,d3cb807762a5db02e456,2ac9b114b475cdcf,DIOR-R,703,f02e8ca9faa6cdf6a14f0f474f2ceef2dd9c2f938566ef79fbf4291f62204000,/home/rspip/cqc/pro/study/orientbench/annotation_tools/m4_angle_annotation/annotator_A/crops/d3cb807762a5db02e456.jpg
m4-071-final-v1,A,29672f6edfaca20336c2,751a55018748c305,FAIR1M-v1.0,704,595f55f83cd80b1639c639981d34b1bc7278acd7df509b3548a7cb6aaf86d99c,/home/rspip/cqc/pro/study/orientbench/annotation_tools/m4_angle_annotation/annotator_A/crops/29672f6edfaca20336c2.jpg
m4-071-final-v1,A,20879fcab0e61a4e2e6e,6db0d4d2b9482e3f,SODA-A,705,e8d7274773aa26f757a6d1c5411e37cad4d592e37cb940c1253a84c47bf935c4,/home/rspip/cqc/pro/study/orientbench/annotation_tools/m4_angle_annotation/annotator_A/crops/20879fcab0e61a4e2e6e.jpg
m4-071-final-v1,A,e8f3df71e4a6f669b35f,70957c6319149032,SODA-A,706,f222b3240b72d040e24c83c01b9f887ca20b962d461ff977b8aaa710a0acfc18,/home/rspip/cqc/pro/study/orientbench/annotation_tools/m4_angle_annotation/annotator_A/crops/e8f3df71e4a6f669b35f.jpg
m4-071-final-v1,A,1c577f39f445bddbd6cb,925056f74b1b6584,DIOR-R,707,461c329977c8074592f6883539039bf79c251c4cf015fe4948c5a43d91077f4c,/home/rspip/cqc/pro/study/orientbench/annotation_tools/m4_angle_annotation/annotator_A/crops/1c577f39f445bddbd6cb.jpg
m4-071-final-v1,A,0b2ac3bf5cb39be21de2,9b499003ab5b372d,SODA-A,708,975a235366e6f47bf6ca4ea9cea29f4a77cae9ee1a0596db7b4845c83cf93dc9,/home/rspip/cqc/pro/study/orientbench/annotation_tools/m4_angle_annotation/annotator_A/crops/0b2ac3bf5cb39be21de2.jpg
m4-071-final-v1,A,46875c1f194336fe7f22,e1edd084a053254a,SODA-A,709,2a9e4ed15d2df7f0550750b629f1974eb287025f1ba5e3b1d45075badd9d1c1d,/home/rspip/cqc/pro/study/orientbench/annotation_tools/m4_angle_annotation/annotator_A/crops/46875c1f194336fe7f22.jpg
m4-071-final-v1,A,9878ca3da7f333ed566f,a7f804eb2d2b50fa,DIOR-R,710,7c9d5e290922883b4cdc8090fb2d2ea8ae480183487870314e4ad57c698974fc,/home/rspip/cqc/pro/study/orientbench/annotation_tools/m4_angle_annotation/annotator_A/crops/9878ca3da7f333ed566f.jpg
m4-071-final-v1,A,226e967eca10ba7c02f8,e02d6626ec129ea1,SODA-A,711,d3c85373f1946364f1b71bf93bf3b44602dcd55f399d87c8be6431c46b8bc0ae,/home/rspip/cqc/pro/study/orientbench/annotation_tools/m4_angle_annotation/annotator_A/crops/226e967eca10ba7c02f8.jpg
m4-071-final-v1,A,687e8f34183e21df84e3,8d040f4ecf18ea90,SODA-A,712,d3608678fe05f909f71536e2f320c7b522ff4022c37075a5d9ebe1f6a3716c45,/home/rspip/cqc/pro/study/orientbench/annotation_tools/m4_angle_annotation/annotator_A/crops/687e8f34183e21df84e3.jpg
m4-071-final-v1,A,7a4885c0b6d9082800b4,2a11bca073321fa8,FAIR1M-v1.0,713,07931987b99cfaa35d85479a34450c8e0a29ad894cc32ae0063a0dfb71f61819,/home/rspip/cqc/pro/study/orientbench/annotation_tools/m4_angle_annotation/annotator_A/crops/7a4885c0b6d9082800b4.jpg
m4-071-final-v1,A,9972422799b67f587663,2589276c99328566,FAIR1M-v1.0,714,9acb2b4898ff5ae1654f96c659d2085e0032dc3e6591d6a9f5de3ae86aaaa37d,/home/rspip/cqc/pro/study/orientbench/annotation_tools/m4_angle_annotation/annotator_A/crops/9972422799b67f587663.jpg
m4-071-final-v1,A,f84a0b12f7b2adb90fa4,4a9ceb2356189661,DIOR-R,715,cdc0e0eb523acda8370c8ebc2b73e2a2fd030bab51551060377fbe415ae6b051,/home/rspip/cqc/pro/study/orientbench/annotation_tools/m4_angle_annotation/annotator_A/crops/f84a0b12f7b2adb90fa4.jpg
m4-071-final-v1,A,1e7a31a377f53f2203a4,ca45edf8a3784221,SODA-A,716,244d2d982c3c5e7f218d839e9750a612449962c1f3ca54e336229979368afb0c,/home/rspip/cqc/pro/study/orientbench/annotation_tools/m4_angle_annotation/annotator_A/crops/1e7a31a377f53f2203a4.jpg
m4-071-final-v1,A,7ba0c614ba1f489738f6,494a716cd5c94c3b,SODA-A,717,501302b3d39d039fdb9a9645b3dd611f92b29c0484633d9f0145c902d1c575a8,/home/rspip/cqc/pro/study/orientbench/annotation_tools/m4_angle_annotation/annotator_A/crops/7ba0c614ba1f489738f6.jpg
m4-071-final-v1,A,5c1cd67a3613e393a6ca,30989111f5664f9b,DIOR-R,718,b4c7870b7233d2e738d728c95d7566379137fd10338968e5609a063a6728fb95,/home/rspip/cqc/pro/study/orientbench/annotation_tools/m4_angle_annotation/annotator_A/crops/5c1cd67a3613e393a6ca.jpg
m4-071-final-v1,A,49c34dc71f3bc0af692c,182f9f6036feca90,SODA-A,719,14f207ebf97652995e07e25da1d349943ce2a9afbd75f037108c69c85242b4ba,/home/rspip/cqc/pro/study/orientbench/annotation_tools/m4_angle_annotation/annotator_A/crops/49c34dc71f3bc0af692c.jpg
m4-071-final-v1,A,f217a8af43512df015ee,1201f758fb410111,SODA-A,720,fa2b1f7747c225d8599fd86cc79f20499e2dbb3c2f2bf89f1d68bdb580075281,/home/rspip/cqc/pro/study/orientbench/annotation_tools/m4_angle_annotation/annotator_A/crops/f217a8af43512df015ee.jpg
m4-071-final-v1,A,66434873457e6c56a134,a9dec5a374d505a8,DIOR-R,721,78303d7f4a22ff083b6d59c570fa755d0665c4371920ff7819cf33eefe5513e8,/home/rspip/cqc/pro/study/orientbench/annotation_tools/m4_angle_annotation/annotator_A/crops/66434873457e6c56a134.jpg
m4-071-final-v1,A,abda4295e09b67a06be2,8fbd073de36275fe,DIOR-R,722,1d8a7cffdd79c8790cd720ac7c2e29ddc55e122fd49cc7010b8fcb86e7d74fd2,/home/rspip/cqc/pro/study/orientbench/annotation_tools/m4_angle_annotation/annotator_A/crops/abda4295e09b67a06be2.jpg
m4-071-final-v1,A,0c2340fc5bfd7cb2e8bd,9de98133bdd152bb,DIOR-R,723,728cbc0cecd0145bb10c037b4214c381ea988ad2f5757a2f2d175cfe8811771a,/home/rspip/cqc/pro/study/orientbench/annotation_tools/m4_angle_annotation/annotator_A/crops/0c2340fc5bfd7cb2e8bd.jpg
m4-071-final-v1,A,e4cf0ccb0bf0cfaa182c,3274399547b0268b,SODA-A,724,e5d8411c72ac312c6335b869fb16a341bc2feaf16b92ca21a83b85119dec4c6a,/home/rspip/cqc/pro/study/orientbench/annotation_tools/m4_angle_annotation/annotator_A/crops/e4cf0ccb0bf0cfaa182c.jpg
m4-071-final-v1,A,5b7b638bbeb6329a0ad5,8667fd51957e21a5,FAIR1M-v1.0,725,7c39fc36b7a864fd814e5b68811f7a981853f64205fe4bc3cf27e9b28b348018,/home/rspip/cqc/pro/study/orientbench/annotation_tools/m4_angle_annotation/annotator_A/crops/5b7b638bbeb6329a0ad5.jpg
m4-071-final-v1,A,c0571bd4c04187994337,faf6a81a68e4cda0,DIOR-R,726,577ac2f0e399e86fa094d44750646391e73a5c26a9f43c9beee1396a03bd0359,/home/rspip/cqc/pro/study/orientbench/annotation_tools/m4_angle_annotation/annotator_A/crops/c0571bd4c04187994337.jpg
m4-071-final-v1,A,a2c97b1572ad6dbbc776,dcbaea554b738006,FAIR1M-v1.0,727,9cf49e04da2a79a751f15c57f50c7f34f929cebec817a38be56c6e69c7560125,/home/rspip/cqc/pro/study/orientbench/annotation_tools/m4_angle_annotation/annotator_A/crops/a2c97b1572ad6dbbc776.jpg
m4-071-final-v1,A,4bb562bdefcb02852716,6356945a8ace1187,SODA-A,728,84c4260d6976dd9501bef7e41713ca6d6519f723f1f4baab10607972e0c58e21,/home/rspip/cqc/pro/study/orientbench/annotation_tools/m4_angle_annotation/annotator_A/crops/4bb562bdefcb02852716.jpg
m4-071-final-v1,A,934a2d3d7570cff623fd,2e75876eb7f59445,SODA-A,729,f810007596f158445c91ee7140503c738b1eb6703167e7fcccbec60bbae1a2ae,/home/rspip/cqc/pro/study/orientbench/annotation_tools/m4_angle_annotation/annotator_A/crops/934a2d3d7570cff623fd.jpg
m4-071-final-v1,A,adff5bd3eda5271cca8e,a875607650ade784,DIOR-R,730,3441db9a26d80f39e6063924c0b12e4ed33bfaff6a26833dc6de69a5bce84c4c,/home/rspip/cqc/pro/study/orientbench/annotation_tools/m4_angle_annotation/annotator_A/crops/adff5bd3eda5271cca8e.jpg
m4-071-final-v1,A,dd3c39f55683d0007f19,e5fa6bca8439bcec,SODA-A,731,c36e012855b8de55e18b51f695a997a95ff05e5da8b6d6f47ecf93a7a6cd199f,/home/rspip/cqc/pro/study/orientbench/annotation_tools/m4_angle_annotation/annotator_A/crops/dd3c39f55683d0007f19.jpg
m4-071-final-v1,A,daed54bf14a677cb5c3e,3f49e2a67d78bc88,SODA-A,732,042aa273f6dd761a79ad8833bf2594b1b41d20c3bf850d5d6fa06735cbb298da,/home/rspip/cqc/pro/study/orientbench/annotation_tools/m4_angle_annotation/annotator_A/crops/daed54bf14a677cb5c3e.jpg
m4-071-final-v1,A,c5e50d6c22afd1fabf3d,429cbeb9396f43c2,DIOR-R,733,2ef31a34726b6c65a7da470700d4287d16ffea2566f3731e5ae930929f05aee3,/home/rspip/cqc/pro/study/orientbench/annotation_tools/m4_angle_annotation/annotator_A/crops/c5e50d6c22afd1fabf3d.jpg
m4-071-final-v1,A,c8ea82dac3388e921bc7,1573ae53686f1f51,SODA-A,734,538385e7c9ecace493b0eceb3989053bf7b3d4ff737c518bd20db35bfc8d784c,/home/rspip/cqc/pro/study/orientbench/annotation_tools/m4_angle_annotation/annotator_A/crops/c8ea82dac3388e921bc7.jpg
m4-071-final-v1,A,f3e39c238d1268958d41,f2d6ad4a664dc379,DIOR-R,735,8e592d1d5321d961b152ae73400aaae20bb9542f90c0cd5fcb75ff7a08aa5f5b,/home/rspip/cqc/pro/study/orientbench/annotation_tools/m4_angle_annotation/annotator_A/crops/f3e39c238d1268958d41.jpg
m4-071-final-v1,A,961a8e4519b4c1f8d4ad,bc8b12517ac68a53,FAIR1M-v1.0,736,c8bb325be7be8c154d5f21e2b6be30a97c79c027486faa5f397b49831178ae92,/home/rspip/cqc/pro/study/orientbench/annotation_tools/m4_angle_annotation/annotator_A/crops/961a8e4519b4c1f8d4ad.jpg
m4-071-final-v1,A,ce450052d1f170b834ba,ce1b6b49436cedb9,FAIR1M-v1.0,737,485e7dfa3753e17f285c8ff020b45693f03a42e3edd5c94edf60d11c1cb4dae0,/home/rspip/cqc/pro/study/orientbench/annotation_tools/m4_angle_annotation/annotator_A/crops/ce450052d1f170b834ba.jpg
m4-071-final-v1,A,be6e91f228cff0aecd86,d277adc7c3b7ade8,FAIR1M-v1.0,738,e55b4f7dbd2723f291d7388e6552ea997e21ff9da6fd710153ee233f20ff8ce8,/home/rspip/cqc/pro/study/orientbench/annotation_tools/m4_angle_annotation/annotator_A/crops/be6e91f228cff0aecd86.jpg
m4-071-final-v1,A,4091775f34db5cac323c,db8e34f1fd97d6b8,DIOR-R,739,d4235edddf33713445bf444d4974fa890b83a363ef0fd84ea242980c44c6df35,/home/rspip/cqc/pro/study/orientbench/annotation_tools/m4_angle_annotation/annotator_A/crops/4091775f34db5cac323c.jpg
m4-071-final-v1,A,9ebfaa768b286b8cd392,d1bdb04c4b9f182a,FAIR1M-v1.0,740,88e579aa11d0553f47929d6606ae56d26cd773a0c71e90efeb6a234f726b134a,/home/rspip/cqc/pro/study/orientbench/annotation_tools/m4_angle_annotation/annotator_A/crops/9ebfaa768b286b8cd392.jpg
m4-071-final-v1,A,67b85864a488023baab9,36a6322b1efb30c9,FAIR1M-v1.0,741,43ab465a2f278995ca3878593f902776b2d28241b6e0e620290d232858ba3d83,/home/rspip/cqc/pro/study/orientbench/annotation_tools/m4_angle_annotation/annotator_A/crops/67b85864a488023baab9.jpg
m4-071-final-v1,A,92a8888f7fddb9d2520f,a1ac92677889c2bc,SODA-A,742,5f050164e9a74b1a97347d82b9e9cfec1ebee84a89245b29827bc82624f71072,/home/rspip/cqc/pro/study/orientbench/annotation_tools/m4_angle_annotation/annotator_A/crops/92a8888f7fddb9d2520f.jpg
m4-071-final-v1,A,32b713e12b18f72ec44f,02818b7c3265a68e,SODA-A,743,6a71ea78e09fdff9ef741e30fd78bbfebdbd211c837b0ba819eaac7407305f7c,/home/rspip/cqc/pro/study/orientbench/annotation_tools/m4_angle_annotation/annotator_A/crops/32b713e12b18f72ec44f.jpg
m4-071-final-v1,A,e556b1399f9a989ec0e6,074dc90f2f6bff42,DIOR-R,744,766a89a3a7fc5c3a0e5f22ded60c58b89b97446db45e147d2d295be289901fbc,/home/rspip/cqc/pro/study/orientbench/annotation_tools/m4_angle_annotation/annotator_A/crops/e556b1399f9a989ec0e6.jpg
m4-071-final-v1,A,6cc128525b0808b8adb1,da86df7d3c8d12ed,FAIR1M-v1.0,745,9a3d3f4b1b218de0b58a39c65dfd0ce824c0f2492a0da6312ef302891decd2bf,/home/rspip/cqc/pro/study/orientbench/annotation_tools/m4_angle_annotation/annotator_A/crops/6cc128525b0808b8adb1.jpg
m4-071-final-v1,A,38e359a2890701281d57,ca6cccb5c4e33341,SODA-A,746,9b8112118da804924ff31b6b9c9d583bfd81cfc0990b17f15c4700f69f7322fd,/home/rspip/cqc/pro/study/orientbench/annotation_tools/m4_angle_annotation/annotator_A/crops/38e359a2890701281d57.jpg
m4-071-final-v1,A,e296fefd33f59730c2d5,1fd675118651ba92,DIOR-R,747,9e52a15f73ce88dc24f7d8005a5bfcc56ee38a9851123c6f5ed139d298eca66b,/home/rspip/cqc/pro/study/orientbench/annotation_tools/m4_angle_annotation/annotator_A/crops/e296fefd33f59730c2d5.jpg
m4-071-final-v1,A,dd17953d0872fbadd938,b7f7cc54ef6b8af3,SODA-A,748,4a46db65e4d1cc65bda753347f7e17aa7beb93f0d1e8c04d545b09854003afc4,/home/rspip/cqc/pro/study/orientbench/annotation_tools/m4_angle_annotation/annotator_A/crops/dd17953d0872fbadd938.jpg
m4-071-final-v1,A,d32cf946324db199e993,5d17c5ab060647d6,FAIR1M-v1.0,749,ac2f0758f4c63d3eeb5a808bdfac5ac514067725d437b82d2bb78d5f6c0b270b,/home/rspip/cqc/pro/study/orientbench/annotation_tools/m4_angle_annotation/annotator_A/crops/d32cf946324db199e993.jpg
m4-071-final-v1,A,52ac7257e09ad402385e,501f3432d16fd78f,FAIR1M-v1.0,750,6329be9228329ddcf4f33b800028a82f005d08ff6115a99c1c9f69f0ec5e1d2b,/home/rspip/cqc/pro/study/orientbench/annotation_tools/m4_angle_annotation/annotator_A/crops/52ac7257e09ad402385e.jpg
m4-071-final-v1,A,01a033a77bc5165bf004,6cbbbac6eb1e3d31,DIOR-R,751,24557773fb6e76683c2fab9192c0c5f09ce2b2da0b02343362198c82d19db5a3,/home/rspip/cqc/pro/study/orientbench/annotation_tools/m4_angle_annotation/annotator_A/crops/01a033a77bc5165bf004.jpg
m4-071-final-v1,A,bb7d7975330bbf8e2341,4e08546dded8431d,SODA-A,752,bd1a57b9f618fbf22ea87b5f4a871591a4f458bd9f7527c3ad51ea7d6dd23321,/home/rspip/cqc/pro/study/orientbench/annotation_tools/m4_angle_annotation/annotator_A/crops/bb7d7975330bbf8e2341.jpg
m4-071-final-v1,A,4d5df80737eca700f3c2,c5d3739c5d2e3840,SODA-A,753,26538645cb59092321308a9614c0201fa0aa66ff9ab008ca7bde7fcf5216cf89,/home/rspip/cqc/pro/study/orientbench/annotation_tools/m4_angle_annotation/annotator_A/crops/4d5df80737eca700f3c2.jpg
m4-071-final-v1,A,17d19bb2ec2294ba5a1b,0478833091059316,FAIR1M-v1.0,754,d40de87315459df8b69ff5a40b1a559bb886b6e7fdf4e6afa8e09c6a29b58f3e,/home/rspip/cqc/pro/study/orientbench/annotation_tools/m4_angle_annotation/annotator_A/crops/17d19bb2ec2294ba5a1b.jpg
m4-071-final-v1,A,2f1e7522bab50e4db54c,4998e491b8d4ae45,FAIR1M-v1.0,755,4269b1d5d8c8b82dbc8db5cde826819c1000d1c5333ff20831c89d809daf72a3,/home/rspip/cqc/pro/study/orientbench/annotation_tools/m4_angle_annotation/annotator_A/crops/2f1e7522bab50e4db54c.jpg
m4-071-final-v1,A,5e726f34950b1929d550,e777dae3d68a8ad4,SODA-A,756,e7b44ca3a55e437479934fc776bfcf8ba039d263a87c33c671e89775375a1b76,/home/rspip/cqc/pro/study/orientbench/annotation_tools/m4_angle_annotation/annotator_A/crops/5e726f34950b1929d550.jpg
m4-071-final-v1,A,21a8b2939ba9796034a6,f56d8df10cc7eaf7,FAIR1M-v1.0,757,fa401aca47487ad5793958e72347d18be7723dfdfc05b0714b6d969a0db6e6d7,/home/rspip/cqc/pro/study/orientbench/annotation_tools/m4_angle_annotation/annotator_A/crops/21a8b2939ba9796034a6.jpg
m4-071-final-v1,A,857e35041d9ab7946b05,adf56d09e17e6a67,SODA-A,758,ec853c67a1b6b6388820a71a6b8ea09e4618fc99c310e0af248d5a29425b3295,/home/rspip/cqc/pro/study/orientbench/annotation_tools/m4_angle_annotation/annotator_A/crops/857e35041d9ab7946b05.jpg
m4-071-final-v1,A,51360f1644102484eda3,db48608c74c6068b,SODA-A,759,9d7530a7376c06ed48ac1a2cf1c188e9b85d36249d3943fb26dbd0e837c30f3f,/home/rspip/cqc/pro/study/orientbench/annotation_tools/m4_angle_annotation/annotator_A/crops/51360f1644102484eda3.jpg
m4-071-final-v1,A,d5663e1db59f20b43752,5cfbeaead7ea269d,FAIR1M-v1.0,760,d8b9947a5303789de608c88b700a3fd9f2d602e2ad26d96d5cc50eb84329a62f,/home/rspip/cqc/pro/study/orientbench/annotation_tools/m4_angle_annotation/annotator_A/crops/d5663e1db59f20b43752.jpg
m4-071-final-v1,A,64379794515615381dcc,29d9a4b01d151c51,DIOR-R,761,91aef390edf34842dc3f6cac6d0c467d58e557276111232e317938b40141e99c,/home/rspip/cqc/pro/study/orientbench/annotation_tools/m4_angle_annotation/annotator_A/crops/64379794515615381dcc.jpg
m4-071-final-v1,A,fa2ad333550e45f0ba78,d412060c57b2af55,FAIR1M-v1.0,762,6786e937df58d5a65b90e1778fff14af011c90f0950dec7fa8b5c863589cbc64,/home/rspip/cqc/pro/study/orientbench/annotation_tools/m4_angle_annotation/annotator_A/crops/fa2ad333550e45f0ba78.jpg
m4-071-final-v1,A,51830ba21ccc6e705b3c,ba0e65e077938454,DIOR-R,763,a7502b1a7331fbff40f167ffc06c2efc76bdc3264206ec38eda4827ed8d9e393,/home/rspip/cqc/pro/study/orientbench/annotation_tools/m4_angle_annotation/annotator_A/crops/51830ba21ccc6e705b3c.jpg
m4-071-final-v1,A,fed8c4990151efb1bd20,5e0d788036453514,FAIR1M-v1.0,764,425db972d175950c8c2da40d3907db0d3d60fcb7cc5be01990fa75f7f1a288a4,/home/rspip/cqc/pro/study/orientbench/annotation_tools/m4_angle_annotation/annotator_A/crops/fed8c4990151efb1bd20.jpg
m4-071-final-v1,A,6bebfd066a96d64cbfd8,a75741485b94d83c,DIOR-R,765,46d0ebc8d6c88d4f8a53aee8adcc7f435528ffcf470822757ed8ccb98cb893ab,/home/rspip/cqc/pro/study/orientbench/annotation_tools/m4_angle_annotation/annotator_A/crops/6bebfd066a96d64cbfd8.jpg
m4-071-final-v1,A,24967dddab74dfa1256a,b29ba09593a29867,DIOR-R,766,c72b6b2d2a1dde12065fb4fa09039cb1fc963ebf7bebbddc90bb09e5106aa02b,/home/rspip/cqc/pro/study/orientbench/annotation_tools/m4_angle_annotation/annotator_A/crops/24967dddab74dfa1256a.jpg
m4-071-final-v1,A,bee74d29fb835e2bd66d,b0174ae7b6fb6002,FAIR1M-v1.0,767,80fba44289f0924b017f00e92563f2a954ad228b13371e29913d2a312d622093,/home/rspip/cqc/pro/study/orientbench/annotation_tools/m4_angle_annotation/annotator_A/crops/bee74d29fb835e2bd66d.jpg
m4-071-final-v1,A,c790ebff7be1bc38f49d,5b345de9fd2ecc2b,DIOR-R,768,2947a4b9a94892e15917b45439a33a736ddafc59772fbf01f53c4832dfb1cc06,/home/rspip/cqc/pro/study/orientbench/annotation_tools/m4_angle_annotation/annotator_A/crops/c790ebff7be1bc38f49d.jpg
m4-071-final-v1,A,862cd99d2e95bff53f14,ee4f3f4475be4bb3,DIOR-R,769,ef2636e7eef36e6591699484786b2ebfdc0c0b3c0348732b69d9c135e25a4d07,/home/rspip/cqc/pro/study/orientbench/annotation_tools/m4_angle_annotation/annotator_A/crops/862cd99d2e95bff53f14.jpg
m4-071-final-v1,A,8ae41af6bb50693bbd2e,bbb6a406b7c5b703,SODA-A,770,b02fc7334dbcf99cc71a9102a4a0100cec082f5cb031a30c2d2e0de86ff965b5,/home/rspip/cqc/pro/study/orientbench/annotation_tools/m4_angle_annotation/annotator_A/crops/8ae41af6bb50693bbd2e.jpg
m4-071-final-v1,A,eb3f75c05cb62dbc42fc,0bdddeb1a86f41dc,FAIR1M-v1.0,771,dd6e3a9524fbe35a9baa5b036c191d3587e7b8feff90c09ee2398158b3dd69f0,/home/rspip/cqc/pro/study/orientbench/annotation_tools/m4_angle_annotation/annotator_A/crops/eb3f75c05cb62dbc42fc.jpg
m4-071-final-v1,A,2e1b9f905e9c0d9baf7e,862386922bf44583,FAIR1M-v1.0,772,b04ce4fb05664bb1bcc1a10e907d03932c927add934b4a39d6b7fc3aac57c968,/home/rspip/cqc/pro/study/orientbench/annotation_tools/m4_angle_annotation/annotator_A/crops/2e1b9f905e9c0d9baf7e.jpg
m4-071-final-v1,A,e2dce9397e5cb050a73a,84715f96f90e43ca,SODA-A,773,e93f49455c78ae9681abff531a986fe0f12a9b0495dcb772505bbaf48d66cf0f,/home/rspip/cqc/pro/study/orientbench/annotation_tools/m4_angle_annotation/annotator_A/crops/e2dce9397e5cb050a73a.jpg
m4-071-final-v1,A,b8b527a7d477dccc0e28,ab1b8ffe06f2e591,FAIR1M-v1.0,774,e78691a5f5982d9c76164f8ff670cd6317b9cd4af40b1afd2f335193856f750a,/home/rspip/cqc/pro/study/orientbench/annotation_tools/m4_angle_annotation/annotator_A/crops/b8b527a7d477dccc0e28.jpg
m4-071-final-v1,A,e9040368db4ac4327632,644a262b839f6e54,FAIR1M-v1.0,775,2f1a5103e49be9be977dd92566558bc61a1d0e2e5393539f3845991b43f8d53a,/home/rspip/cqc/pro/study/orientbench/annotation_tools/m4_angle_annotation/annotator_A/crops/e9040368db4ac4327632.jpg
m4-071-final-v1,A,9f16098107ccd19dd591,791f633b8f409062,DIOR-R,776,1fdf83bbc2c9a2218995c32a21e235ac6ee262781c2c7b87c26438c145e3c1d8,/home/rspip/cqc/pro/study/orientbench/annotation_tools/m4_angle_annotation/annotator_A/crops/9f16098107ccd19dd591.jpg
m4-071-final-v1,A,fb90ee5c8d0074c04cba,71fbab781a724e9d,DIOR-R,777,1711d4ef03b83588b74bab2d2aaa95f5e56662fe27b4f0444a583034f828d769,/home/rspip/cqc/pro/study/orientbench/annotation_tools/m4_angle_annotation/annotator_A/crops/fb90ee5c8d0074c04cba.jpg
m4-071-final-v1,A,b3ab1a42deb940d52206,a7058ce44aab0816,DIOR-R,778,4726a6bfa6a1944efe007c7f7acae8fc7fd941f36bbe0ba6cbef0ed79762ee24,/home/rspip/cqc/pro/study/orientbench/annotation_tools/m4_angle_annotation/annotator_A/crops/b3ab1a42deb940d52206.jpg
m4-071-final-v1,A,81aa961272d617992563,e7fb8ab4facf41ad,DIOR-R,779,5d2684ffac771af10687d4d7ace69490cf1c99575a8c7de97ab63cb53e070aa2,/home/rspip/cqc/pro/study/orientbench/annotation_tools/m4_angle_annotation/annotator_A/crops/81aa961272d617992563.jpg
m4-071-final-v1,A,74ea7349d3759ba0fbca,05ec5cd233287b35,FAIR1M-v1.0,780,1f2adf42e90dcd8618924733f09af1f45e9632ba237a31622a50bd46571eae40,/home/rspip/cqc/pro/study/orientbench/annotation_tools/m4_angle_annotation/annotator_A/crops/74ea7349d3759ba0fbca.jpg
m4-071-final-v1,A,759f2f2b1adb1fe99dee,567d51555f2724f1,DIOR-R,781,391e906bcaae0170d3a5af26f9d7dc2e002c8fb1e6163dcd5a0634024f3959a7,/home/rspip/cqc/pro/study/orientbench/annotation_tools/m4_angle_annotation/annotator_A/crops/759f2f2b1adb1fe99dee.jpg
m4-071-final-v1,A,898dea585364a951526d,7a9448d60f3ef3ec,FAIR1M-v1.0,782,7e6012d67f94a3a522ea113dea07eef394e881373736036dd9c1c4fb817d70f3,/home/rspip/cqc/pro/study/orientbench/annotation_tools/m4_angle_annotation/annotator_A/crops/898dea585364a951526d.jpg
m4-071-final-v1,A,6591281340a490b46e3e,5b7baf27cd87e21d,DIOR-R,783,ef193c50b70d900b35736c4d3f944496f88cfdad2871f6545b3fcc755e46bd64,/home/rspip/cqc/pro/study/orientbench/annotation_tools/m4_angle_annotation/annotator_A/crops/6591281340a490b46e3e.jpg
m4-071-final-v1,A,e747242063ad068972c2,33954392327ffbbf,DIOR-R,784,460480ba7dc22b78af3461f7e33bb59dd0e66a9f44b4109ee193e134931ad393,/home/rspip/cqc/pro/study/orientbench/annotation_tools/m4_angle_annotation/annotator_A/crops/e747242063ad068972c2.jpg
m4-071-final-v1,A,a4dff8e5e3e3445dfb47,012df6be0eb2a73f,SODA-A,785,54dfc5b685049008365be7defd7b66c1faf06ff83c894a99455016f6f1474787,/home/rspip/cqc/pro/study/orientbench/annotation_tools/m4_angle_annotation/annotator_A/crops/a4dff8e5e3e3445dfb47.jpg
m4-071-final-v1,A,80ab8b737ec8811a5cf0,7a3ccaa4abc29b38,DIOR-R,786,ccf56f1ef6b050ba710ca82f2df16b50c6a6f98d9ba92ee4015c9d7274b6b32c,/home/rspip/cqc/pro/study/orientbench/annotation_tools/m4_angle_annotation/annotator_A/crops/80ab8b737ec8811a5cf0.jpg
m4-071-final-v1,A,8b9809af13c63d88386e,c0007d17d5b59aef,DIOR-R,787,52c28a2a792094a0d7e34fd1ed2fd30a90cf6e7f36b4036091bc3deb854fe873,/home/rspip/cqc/pro/study/orientbench/annotation_tools/m4_angle_annotation/annotator_A/crops/8b9809af13c63d88386e.jpg
m4-071-final-v1,A,fc0df53c9c6e2f078556,0167b03231630e2f,DIOR-R,788,28b3ca2f3c243f95ad5b0302840297f49c9b5693d812c05404044be8cdafd805,/home/rspip/cqc/pro/study/orientbench/annotation_tools/m4_angle_annotation/annotator_A/crops/fc0df53c9c6e2f078556.jpg
m4-071-final-v1,A,3823069504fec3df40b8,5287a0b309b44a52,DIOR-R,789,c45c230a3b3ec5ea67ecc7d556ad0f288ebbbb1b1719072f41ba3e9186ce35e1,/home/rspip/cqc/pro/study/orientbench/annotation_tools/m4_angle_annotation/annotator_A/crops/3823069504fec3df40b8.jpg
m4-071-final-v1,A,8234413e5faae4be1a62,63fed272d90627cd,DIOR-R,790,d1484ddce61dd1002b57a09201ac19cd86c27b372a87b096c04040442c0aa5f0,/home/rspip/cqc/pro/study/orientbench/annotation_tools/m4_angle_annotation/annotator_A/crops/8234413e5faae4be1a62.jpg
m4-071-final-v1,A,d9778b3f9eff0706b848,3fab56fa4e0c7c8f,DIOR-R,791,155baba01c45da7370eb0a944b6a420b5858f9cd3f3bba8e7258fe7dac6f1b88,/home/rspip/cqc/pro/study/orientbench/annotation_tools/m4_angle_annotation/annotator_A/crops/d9778b3f9eff0706b848.jpg
m4-071-final-v1,A,ab70244153e89f1d2b70,f7d7f87c6b66773c,FAIR1M-v1.0,792,529912da108317b25e6b37086ce3560ec62072462323a225d603e2e477e7c5ef,/home/rspip/cqc/pro/study/orientbench/annotation_tools/m4_angle_annotation/annotator_A/crops/ab70244153e89f1d2b70.jpg
m4-071-final-v1,A,5b2917af14ad93638c9a,6edc2239ac2c8176,FAIR1M-v1.0,793,ec2f969d02c5742010916cfd84481bc7d072dcd2c8f87ebbaa77e4017e3068f4,/home/rspip/cqc/pro/study/orientbench/annotation_tools/m4_angle_annotation/annotator_A/crops/5b2917af14ad93638c9a.jpg
m4-071-final-v1,A,a45bcf6312d831ceb009,97ee3f8cca4894de,SODA-A,794,9db1ce1d33232fcc8425f8ed18cbce077e0edb1f1d338864a8aba2be9fe87486,/home/rspip/cqc/pro/study/orientbench/annotation_tools/m4_angle_annotation/annotator_A/crops/a45bcf6312d831ceb009.jpg
m4-071-final-v1,A,e2d24e11f56a4f72490c,7216b397a2673c2e,FAIR1M-v1.0,795,c41873189f526b061b098d583f70612c9a44f7e6301b091df1a55dcbbb8e93f8,/home/rspip/cqc/pro/study/orientbench/annotation_tools/m4_angle_annotation/annotator_A/crops/e2d24e11f56a4f72490c.jpg
m4-071-final-v1,A,e632ebb0a4aed42600dc,6933a5eef0b5f687,DIOR-R,796,b517ca522b994030758c20c4bb47fa15afd2dbd58ef4732c5a569970190993b3,/home/rspip/cqc/pro/study/orientbench/annotation_tools/m4_angle_annotation/annotator_A/crops/e632ebb0a4aed42600dc.jpg
m4-071-final-v1,A,07c1592c53335e6b1e57,55e9c93059cd3d13,DIOR-R,797,00b3454e5283b4179f44acd3269577377e8ce581ef5626a92ee953b87d0904d0,/home/rspip/cqc/pro/study/orientbench/annotation_tools/m4_angle_annotation/annotator_A/crops/07c1592c53335e6b1e57.jpg
m4-071-final-v1,A,ec1e7855a5446500869b,b197251750b2678a,SODA-A,798,45dc2810bffde710e1b6320e8a286ad25d94293e41cffe75cc48a4e02ff75f4c,/home/rspip/cqc/pro/study/orientbench/annotation_tools/m4_angle_annotation/annotator_A/crops/ec1e7855a5446500869b.jpg
m4-071-final-v1,A,04a3aece405f33ae246c,540df4b11d59445b,SODA-A,799,4debc4ea4219cd4db780f943cb5ab3f771b98ff965640e2c2cba480aded37c3b,/home/rspip/cqc/pro/study/orientbench/annotation_tools/m4_angle_annotation/annotator_A/crops/04a3aece405f33ae246c.jpg
m4-071-final-v1,A,c5a5f2f71264d6912e0e,9d89fe5dc2ab0617,FAIR1M-v1.0,800,b8bc87b0a34ac0dbf4a4aa3fcec2e9d18eda36c784dbdfd68a93e8a505ad9846,/home/rspip/cqc/pro/study/orientbench/annotation_tools/m4_angle_annotation/annotator_A/crops/c5a5f2f71264d6912e0e.jpg
m4-071-final-v1,A,1fdd77ff4bf986e0b45d,9ceaae3668da2d82,SODA-A,801,7bb7ad561f5ca8b4af78bea376ad9c63bf5cc4c7f15d9c94b41aa8d3b0f5bb36,/home/rspip/cqc/pro/study/orientbench/annotation_tools/m4_angle_annotation/annotator_A/crops/1fdd77ff4bf986e0b45d.jpg
m4-071-final-v1,A,9a0bfda030d49e69fed0,e5071f1f8e6ae14d,FAIR1M-v1.0,802,50bf0c49a9e06f35b5cb9c28bf78724a2e0db6dc618f123564d305b70253705f,/home/rspip/cqc/pro/study/orientbench/annotation_tools/m4_angle_annotation/annotator_A/crops/9a0bfda030d49e69fed0.jpg
m4-071-final-v1,A,82ab04763c8c96667e03,69730ba877cf59db,FAIR1M-v1.0,803,f6c736980782178ee3855b7fd4a86af0cf0163b03931e8e035f0f0dd3fabced4,/home/rspip/cqc/pro/study/orientbench/annotation_tools/m4_angle_annotation/annotator_A/crops/82ab04763c8c96667e03.jpg
m4-071-final-v1,A,e64fe43ab3a40afcce84,53e7f9cc7f484422,FAIR1M-v1.0,804,04b704c14718fba1efceb76c66ef449cadafe06b851e87448bbf6d5aa6c5f961,/home/rspip/cqc/pro/study/orientbench/annotation_tools/m4_angle_annotation/annotator_A/crops/e64fe43ab3a40afcce84.jpg
m4-071-final-v1,A,30677b54bbdf0f7cd6b5,9d78fe0698feaf3c,DIOR-R,805,ddb572ff6c7262c77e92dc8e4ef84bf151cc553088a4599e228646e806a0dd6b,/home/rspip/cqc/pro/study/orientbench/annotation_tools/m4_angle_annotation/annotator_A/crops/30677b54bbdf0f7cd6b5.jpg
m4-071-final-v1,A,b3c7514e9e1f5d14ac17,98d253854601680e,DIOR-R,806,c2b6d55dbd3f17e5fd02018690243459dd5f514858a397b66dd9914df041fe07,/home/rspip/cqc/pro/study/orientbench/annotation_tools/m4_angle_annotation/annotator_A/crops/b3c7514e9e1f5d14ac17.jpg
m4-071-final-v1,A,9066d7b42d13e0543a19,18cc46fbdbb2b404,SODA-A,807,65e60ce30adc30df8ce03b62c8cb90dd9b5ff8eee971a69514f5cc38b41858f3,/home/rspip/cqc/pro/study/orientbench/annotation_tools/m4_angle_annotation/annotator_A/crops/9066d7b42d13e0543a19.jpg
m4-071-final-v1,A,62ce726c0376b1826a5d,e2e814745318a24a,DIOR-R,808,ff07a2b29b4560ede9078a4f5b566a3d847b453d67deeb160f762727be2564e2,/home/rspip/cqc/pro/study/orientbench/annotation_tools/m4_angle_annotation/annotator_A/crops/62ce726c0376b1826a5d.jpg
m4-071-final-v1,A,932734087ea2adca8373,46f745e76b3fdc7a,DIOR-R,809,24c76013f3ccf14e77739ec7cb8db5acc2d3f1a1cba9b56e7a3708a8581776ce,/home/rspip/cqc/pro/study/orientbench/annotation_tools/m4_angle_annotation/annotator_A/crops/932734087ea2adca8373.jpg
m4-071-final-v1,A,b47c78826192a34d9186,4ac81bc43e947bb9,FAIR1M-v1.0,810,eca50cb37531ca2d6e932eea457a0f13ce4c62f42aea66d2e7565344c8ada123,/home/rspip/cqc/pro/study/orientbench/annotation_tools/m4_angle_annotation/annotator_A/crops/b47c78826192a34d9186.jpg
m4-071-final-v1,A,99d0c831d9ab1d8d6efd,7a78daae3880863a,DIOR-R,811,0eac798dfbc49c26c2000b3b3a9573873fe6e4b1651ab1355da3706e47038fb9,/home/rspip/cqc/pro/study/orientbench/annotation_tools/m4_angle_annotation/annotator_A/crops/99d0c831d9ab1d8d6efd.jpg
m4-071-final-v1,A,d35deb0117141bf801e4,156110aeb098bfe2,SODA-A,812,c10bfd4572833e63c55dcca9d8006460a23f6a4784d2cef84625c0f5c427aa7e,/home/rspip/cqc/pro/study/orientbench/annotation_tools/m4_angle_annotation/annotator_A/crops/d35deb0117141bf801e4.jpg
m4-071-final-v1,A,70892769439b8d20a279,eb13901d7a0e7063,DIOR-R,813,4acac93e97aa943b008f416aa1c2c9724a569dc85fb2a9a5c93945a390d8451b,/home/rspip/cqc/pro/study/orientbench/annotation_tools/m4_angle_annotation/annotator_A/crops/70892769439b8d20a279.jpg
m4-071-final-v1,A,bb6b41be4b052caddf04,a005b156d94c274a,DIOR-R,814,dd7c2add9ef5e5b39d92d7fa61cf08b38f4b758fd1393755a35504f73663937a,/home/rspip/cqc/pro/study/orientbench/annotation_tools/m4_angle_annotation/annotator_A/crops/bb6b41be4b052caddf04.jpg
m4-071-final-v1,A,9df551fc47b5707bdf6e,f366963bf9ff0228,FAIR1M-v1.0,815,e68dbfb7b78c3a6a13317712825acbf21fe7b41120854662aeefd18299f8516d,/home/rspip/cqc/pro/study/orientbench/annotation_tools/m4_angle_annotation/annotator_A/crops/9df551fc47b5707bdf6e.jpg
m4-071-final-v1,A,201f0ad00a06d5558211,663ddd0d2b952bfd,FAIR1M-v1.0,816,fa84f61214da78543ebbde6cd2922152498eb3fbb169f1c1ac958511b1d34065,/home/rspip/cqc/pro/study/orientbench/annotation_tools/m4_angle_annotation/annotator_A/crops/201f0ad00a06d5558211.jpg
m4-071-final-v1,A,7b9e7daa2b0bf916ba98,c1d3aec5bbcdda3e,FAIR1M-v1.0,817,dacfc943cfed41001d52c9e46618db41f2562f3b228a6e977d634f0b25efb713,/home/rspip/cqc/pro/study/orientbench/annotation_tools/m4_angle_annotation/annotator_A/crops/7b9e7daa2b0bf916ba98.jpg
m4-071-final-v1,A,851d7664465e84222d87,b09f533f24b422df,DIOR-R,818,3378b77715ab18f4d9f884b5df690f02964f26300cbc873af8d2adf8cf309a18,/home/rspip/cqc/pro/study/orientbench/annotation_tools/m4_angle_annotation/annotator_A/crops/851d7664465e84222d87.jpg
m4-071-final-v1,A,0042754b42cefe5f9f23,ec4e635defc85042,DIOR-R,819,44678eb633d70236e771f68f6f14dd86f1a05096467327ee7611e2c6e14cad47,/home/rspip/cqc/pro/study/orientbench/annotation_tools/m4_angle_annotation/annotator_A/crops/0042754b42cefe5f9f23.jpg
m4-071-final-v1,A,c32a2270c53bc8235ae7,620ab5d09b775646,DIOR-R,820,c6b89ed54be3d906548165ff8686049ab4fc14aba27da26d73a8ed7efe8b99cc,/home/rspip/cqc/pro/study/orientbench/annotation_tools/m4_angle_annotation/annotator_A/crops/c32a2270c53bc8235ae7.jpg
m4-071-final-v1,A,166b0452957f282352de,72c9db19d9d702dc,SODA-A,821,c9a203a2ce4fd3b9d540150ebe32c0af5a103ab5e72755161bac885e0dfd13f9,/home/rspip/cqc/pro/study/orientbench/annotation_tools/m4_angle_annotation/annotator_A/crops/166b0452957f282352de.jpg
m4-071-final-v1,A,20a83f3dfb15a7289ebf,67b62b86c2b79a95,SODA-A,822,a9ba90e43f9490304ee5bbf0ddcf15f615e6b9047a9ab550b9605e20d9998e16,/home/rspip/cqc/pro/study/orientbench/annotation_tools/m4_angle_annotation/annotator_A/crops/20a83f3dfb15a7289ebf.jpg
m4-071-final-v1,A,d8e2b5d05b536067b4f8,0132ee76f5bf1993,DIOR-R,823,b320590b26e45c3f1182e1e5ef8e59067f85169df03a341f835199d64d9ff00b,/home/rspip/cqc/pro/study/orientbench/annotation_tools/m4_angle_annotation/annotator_A/crops/d8e2b5d05b536067b4f8.jpg
m4-071-final-v1,A,32cec1a9ba17682ed86c,ced37bc8cc8e1210,DIOR-R,824,5a7ea80f4dc080f0fc4af553a4d9b73313bd6ccc72b6cae1a83826fcd9b22474,/home/rspip/cqc/pro/study/orientbench/annotation_tools/m4_angle_annotation/annotator_A/crops/32cec1a9ba17682ed86c.jpg
m4-071-final-v1,A,654d3bdea5a6797b90ff,7ac9c5814a20f8fd,DIOR-R,825,f2bbb1b0007b82297592ea6d0ec1cda72f2e13397c2eafe62e49378adfb88139,/home/rspip/cqc/pro/study/orientbench/annotation_tools/m4_angle_annotation/annotator_A/crops/654d3bdea5a6797b90ff.jpg
m4-071-final-v1,A,ab59ce2323244ab950bc,b85a5707d27eefbc,DIOR-R,826,7f3432f6c1dfd6f0d0e348e62ba151cccd4e3fe46f5e2048b9daaa7234a98c9c,/home/rspip/cqc/pro/study/orientbench/annotation_tools/m4_angle_annotation/annotator_A/crops/ab59ce2323244ab950bc.jpg
m4-071-final-v1,A,05f07253ad5d6ed2c7ee,972d0e71c68383d5,DIOR-R,827,e98c4776755979ae1d950da0753f0a1019933fb4d4eaa399d0218b284bd0e67a,/home/rspip/cqc/pro/study/orientbench/annotation_tools/m4_angle_annotation/annotator_A/crops/05f07253ad5d6ed2c7ee.jpg
m4-071-final-v1,A,6f163f2527bccbdc7c3d,b9ae9a2c16c79ed4,SODA-A,828,fd305530246a6b5edfb89ad09a1cc2393c75dd7bd123cb0d9ea73d68260590be,/home/rspip/cqc/pro/study/orientbench/annotation_tools/m4_angle_annotation/annotator_A/crops/6f163f2527bccbdc7c3d.jpg
m4-071-final-v1,A,c457b4daadb5368bd52a,29e5e3539c20f9bd,SODA-A,829,ba7a885571bd79b8d92a3c524427e54b78fdce53868758578f524c9bbcc6f5e2,/home/rspip/cqc/pro/study/orientbench/annotation_tools/m4_angle_annotation/annotator_A/crops/c457b4daadb5368bd52a.jpg
m4-071-final-v1,A,55f373766297e08269fb,73e6956b404c2492,FAIR1M-v1.0,830,56da6f4f3e0a1d0df7549ce1f8a5160d5c3077ee8d1a5e6c5338ac3fe1ae2235,/home/rspip/cqc/pro/study/orientbench/annotation_tools/m4_angle_annotation/annotator_A/crops/55f373766297e08269fb.jpg
m4-071-final-v1,A,dbf3ed951e30166a3d04,202bc18d45d9bf01,DIOR-R,831,5640eb93159cd2146dd5e337eae2e4ebc967f7d39af662f549fa9befe2b70243,/home/rspip/cqc/pro/study/orientbench/annotation_tools/m4_angle_annotation/annotator_A/crops/dbf3ed951e30166a3d04.jpg
m4-071-final-v1,A,8aa154602ff09e7f18f1,a7f21ba3c3a94289,FAIR1M-v1.0,832,5a0a088f0c871cdac51a54f73395d4ee5ab9fe3513b214adb60d449002dcd2a0,/home/rspip/cqc/pro/study/orientbench/annotation_tools/m4_angle_annotation/annotator_A/crops/8aa154602ff09e7f18f1.jpg
m4-071-final-v1,A,c714bc3c9f56902c5620,120aec1c4c91812e,FAIR1M-v1.0,833,ed620e288661e4a0339323e8e0a9db5111e2a2a265aeaa5bd9f9de0a5e0ba803,/home/rspip/cqc/pro/study/orientbench/annotation_tools/m4_angle_annotation/annotator_A/crops/c714bc3c9f56902c5620.jpg
m4-071-final-v1,A,b5c85a895520ad303812,318d19ba47f0bfde,FAIR1M-v1.0,834,80125518ab2863b20e77f48c58c6a3a951fcae37b7eb9374654282e0ea8ff37f,/home/rspip/cqc/pro/study/orientbench/annotation_tools/m4_angle_annotation/annotator_A/crops/b5c85a895520ad303812.jpg
m4-071-final-v1,A,1fdf99c751f0ccec75a2,2763fc5bae473eda,SODA-A,835,0dff4be9c9cc184dda78b4206ca4d3b00af22afc9790392866d0769323413ce8,/home/rspip/cqc/pro/study/orientbench/annotation_tools/m4_angle_annotation/annotator_A/crops/1fdf99c751f0ccec75a2.jpg
m4-071-final-v1,A,5ee26436ca3dfe2029f7,82cff8822f5308a4,DIOR-R,836,0d97884dcd52c7678b3bbb3a337a07d360e7e1c3f59b38dfcc10be179c858f93,/home/rspip/cqc/pro/study/orientbench/annotation_tools/m4_angle_annotation/annotator_A/crops/5ee26436ca3dfe2029f7.jpg
m4-071-final-v1,A,8c51aff281f8bbbaa2e4,997154036aeffaf2,FAIR1M-v1.0,837,381727d394a9084189f2b1ea77bfbee7309a7ba2a642b9b57c19cfc03d52e655,/home/rspip/cqc/pro/study/orientbench/annotation_tools/m4_angle_annotation/annotator_A/crops/8c51aff281f8bbbaa2e4.jpg
m4-071-final-v1,A,758cbfa35600145aa6da,c16bd360139c6868,FAIR1M-v1.0,838,0578140d9c84c5d25522e96d8416cb11a6fd1f2bf5fef440068118d4ef82dc7a,/home/rspip/cqc/pro/study/orientbench/annotation_tools/m4_angle_annotation/annotator_A/crops/758cbfa35600145aa6da.jpg
m4-071-final-v1,A,3c047f4d2de8b858b0d7,606b890360c8a239,FAIR1M-v1.0,839,1cbb89d17be472576783dbd6f3b41c4375fdce7c077f8009b3a058f7a62642af,/home/rspip/cqc/pro/study/orientbench/annotation_tools/m4_angle_annotation/annotator_A/crops/3c047f4d2de8b858b0d7.jpg
m4-071-final-v1,A,c7d2ed6808c32c121822,6a2fed6b42691429,DIOR-R,840,35e7fa5d9c12a92057a89c39e87ead54cfc2bc393a3b5639596f8dfd09d233d6,/home/rspip/cqc/pro/study/orientbench/annotation_tools/m4_angle_annotation/annotator_A/crops/c7d2ed6808c32c121822.jpg
m4-071-final-v1,A,99a4487f14ba44cf124e,fe40095132a582a8,SODA-A,841,6365a62a271d8462f6baa69a35e8311891bdae610a7dc420349d1772ea87f993,/home/rspip/cqc/pro/study/orientbench/annotation_tools/m4_angle_annotation/annotator_A/crops/99a4487f14ba44cf124e.jpg
m4-071-final-v1,A,da3ca8081e8608933f1f,930e88adf1f7f512,SODA-A,842,3d80919ff6622184fb12b207c50b039216a02c3ce8469e509c89907411f28b90,/home/rspip/cqc/pro/study/orientbench/annotation_tools/m4_angle_annotation/annotator_A/crops/da3ca8081e8608933f1f.jpg
m4-071-final-v1,A,0856cc2a4b2ede0992c8,cc5b40a0b3f1e352,DIOR-R,843,cd51620fd514b415a7a0c656e3037b11cf60d91196805becba8b96bfba320bad,/home/rspip/cqc/pro/study/orientbench/annotation_tools/m4_angle_annotation/annotator_A/crops/0856cc2a4b2ede0992c8.jpg
m4-071-final-v1,A,351c1d76806b2f24e116,14356e47d25e909a,SODA-A,844,9491feeacf5af2a0d22afacc22b81a062091bf3b92117f28251f6da9657f80f6,/home/rspip/cqc/pro/study/orientbench/annotation_tools/m4_angle_annotation/annotator_A/crops/351c1d76806b2f24e116.jpg
m4-071-final-v1,A,8a58e3c801f95b92d04c,f328707585b6ed60,DIOR-R,845,aec9e25653afe05b016cb53e3f258e99b3419c6a7106351bba4163b853379635,/home/rspip/cqc/pro/study/orientbench/annotation_tools/m4_angle_annotation/annotator_A/crops/8a58e3c801f95b92d04c.jpg
m4-071-final-v1,A,ebc9ea3da7343ce66dde,92ffefd45213e99e,FAIR1M-v1.0,846,8843d5c19dfefe511313673991f781901dc4f849850275db48e50b2ba99ded18,/home/rspip/cqc/pro/study/orientbench/annotation_tools/m4_angle_annotation/annotator_A/crops/ebc9ea3da7343ce66dde.jpg
m4-071-final-v1,A,0e2fe48a0c7947219ac3,941844b05e90c396,SODA-A,847,cee1dd84a351597045e0353526f98253494c74aa9d37afc12258b854ddc96252,/home/rspip/cqc/pro/study/orientbench/annotation_tools/m4_angle_annotation/annotator_A/crops/0e2fe48a0c7947219ac3.jpg
m4-071-final-v1,A,b5a05dd6d1e7c98269dc,b140426eb534bc5f,DIOR-R,848,97d309189f7aa2a763cb01dab4ba5c24fde0d5762c0454e94c86a26b2f23ac8a,/home/rspip/cqc/pro/study/orientbench/annotation_tools/m4_angle_annotation/annotator_A/crops/b5a05dd6d1e7c98269dc.jpg
m4-071-final-v1,A,293347cad012db5fc9ff,1d1eec9c52baed6c,DIOR-R,849,addb97f1ed42e295f985e15e7fc11c3f5f3bdb7b8517690c2ac22f7779ebc7ac,/home/rspip/cqc/pro/study/orientbench/annotation_tools/m4_angle_annotation/annotator_A/crops/293347cad012db5fc9ff.jpg
m4-071-final-v1,A,f57384ba891ad5790f06,0f734a89cc7b0957,SODA-A,850,90f89a50fc68736960a7381364baddce2471a1693d5c07136e64c969b325ea03,/home/rspip/cqc/pro/study/orientbench/annotation_tools/m4_angle_annotation/annotator_A/crops/f57384ba891ad5790f06.jpg
m4-071-final-v1,A,3ffdb52f0f5def9fd0cb,73218fe6b3296078,FAIR1M-v1.0,851,ae477a3cf018a5159229e68b40a1fe893d52bba8154581151025e1fe47eb4c00,/home/rspip/cqc/pro/study/orientbench/annotation_tools/m4_angle_annotation/annotator_A/crops/3ffdb52f0f5def9fd0cb.jpg
m4-071-final-v1,A,a47e2911c56daf08f47b,c4fd2576d00567e1,DIOR-R,852,b98234dbaf7a3cc983aa6d9441018003fa234dc10f9972519aec861e658b8556,/home/rspip/cqc/pro/study/orientbench/annotation_tools/m4_angle_annotation/annotator_A/crops/a47e2911c56daf08f47b.jpg
m4-071-final-v1,A,dddb7ad10ab3fb83526d,a4288dc0eea266df,SODA-A,853,74be0febdebbd3a92b185780d6bbb02acb2efca68fbda17f9ed6f221432e56cc,/home/rspip/cqc/pro/study/orientbench/annotation_tools/m4_angle_annotation/annotator_A/crops/dddb7ad10ab3fb83526d.jpg
m4-071-final-v1,A,8a800ee8fccc5174bc11,a31230622c651540,SODA-A,854,b94133755e409159ecee8aca2d5a1abb9392c12cbcebde7de9e6d211064fe91e,/home/rspip/cqc/pro/study/orientbench/annotation_tools/m4_angle_annotation/annotator_A/crops/8a800ee8fccc5174bc11.jpg
m4-071-final-v1,A,3d42a22094f2149f3cf9,1f8247cbbe4a1ff1,FAIR1M-v1.0,855,de3eb1b2b33c6044caf59aabe6a2e5e76b0feb886985c2aee3247fee9b75eedc,/home/rspip/cqc/pro/study/orientbench/annotation_tools/m4_angle_annotation/annotator_A/crops/3d42a22094f2149f3cf9.jpg
m4-071-final-v1,A,ed68de23b96a4bbf2234,30446a2d271e3cbf,FAIR1M-v1.0,856,6eefebaa7e2dbd6ed87e7229304257f48ce112057d5e456226862fff3b09896f,/home/rspip/cqc/pro/study/orientbench/annotation_tools/m4_angle_annotation/annotator_A/crops/ed68de23b96a4bbf2234.jpg
m4-071-final-v1,A,ded59b6eabb4f1888caf,c37c42a191d58252,DIOR-R,857,5ae9c1c5845beb72bb232158637e9bd44e00745f8028c21896b2e0bd5ab10dcd,/home/rspip/cqc/pro/study/orientbench/annotation_tools/m4_angle_annotation/annotator_A/crops/ded59b6eabb4f1888caf.jpg
m4-071-final-v1,A,b7c559ca13c6114de41a,0bc4744d9cbd79c2,SODA-A,858,216fc114437ae5cc735d1dfb580716cd01bb8cfceca89f566328623fb7dbe685,/home/rspip/cqc/pro/study/orientbench/annotation_tools/m4_angle_annotation/annotator_A/crops/b7c559ca13c6114de41a.jpg
m4-071-final-v1,A,1b0101bd1fc56f1feb36,643528ecb8f50cd6,DIOR-R,859,80f84c5b42c848592c3800e29b925e9b7957d47659195cb652624283030c2413,/home/rspip/cqc/pro/study/orientbench/annotation_tools/m4_angle_annotation/annotator_A/crops/1b0101bd1fc56f1feb36.jpg
m4-071-final-v1,A,b75ae1f0f1f9444ad7cc,4839627f93c3abd9,FAIR1M-v1.0,860,fa45a889ca50899a958a86684e0cb8e6f82e85a9d3083e122eccbfb1fb780553,/home/rspip/cqc/pro/study/orientbench/annotation_tools/m4_angle_annotation/annotator_A/crops/b75ae1f0f1f9444ad7cc.jpg
m4-071-final-v1,A,c7717e81d572018baf85,b250f2bb986091db,SODA-A,861,0750bc5558a8fbf0a2b1850252e0d7fb57278d95883dedd731f3dac71cfe7ab0,/home/rspip/cqc/pro/study/orientbench/annotation_tools/m4_angle_annotation/annotator_A/crops/c7717e81d572018baf85.jpg
m4-071-final-v1,A,c569c76a1c675d88ce13,e56bf83024828c5e,DIOR-R,862,2b70f0660409a7c6b3404045f0f23fa171a160e3d69ff6265677268dfba73095,/home/rspip/cqc/pro/study/orientbench/annotation_tools/m4_angle_annotation/annotator_A/crops/c569c76a1c675d88ce13.jpg
m4-071-final-v1,A,bdd9e8c0ffdba1abf064,45ae7bf39c2a86c3,DIOR-R,863,83b1480792be29dfa760c61ef4a6d3bf3040f456f8a026961194dc88e942401a,/home/rspip/cqc/pro/study/orientbench/annotation_tools/m4_angle_annotation/annotator_A/crops/bdd9e8c0ffdba1abf064.jpg
m4-071-final-v1,A,8d61ab13255e2d962644,32b09df9c751109c,DIOR-R,864,8bef928aaf28959a2f0d4e6b317ea8892393cb7d78ec998e0ddb6f76302b822b,/home/rspip/cqc/pro/study/orientbench/annotation_tools/m4_angle_annotation/annotator_A/crops/8d61ab13255e2d962644.jpg
m4-071-final-v1,A,777b6b2cad608950f06f,abcf432f121fc278,FAIR1M-v1.0,865,8780546b2a8faf92a20d3cc82653deee32c9186214a5837c258b81b6a7c6ed0a,/home/rspip/cqc/pro/study/orientbench/annotation_tools/m4_angle_annotation/annotator_A/crops/777b6b2cad608950f06f.jpg
m4-071-final-v1,A,b232da67d2f1cda7c695,453974b0ec7a1fb0,SODA-A,866,f4cf7630b3b44829231d586f15f8d33943a96a59a54a5869951a10943e15adc5,/home/rspip/cqc/pro/study/orientbench/annotation_tools/m4_angle_annotation/annotator_A/crops/b232da67d2f1cda7c695.jpg
m4-071-final-v1,A,2b1761e586ae9a86eb40,c51b1ee31d945f3d,FAIR1M-v1.0,867,e50b25fe828617aacb3159bd40a87f0d806609b44f9c1e001b87deb1a860736a,/home/rspip/cqc/pro/study/orientbench/annotation_tools/m4_angle_annotation/annotator_A/crops/2b1761e586ae9a86eb40.jpg
m4-071-final-v1,A,4f4c8b77a6aa4ecfd2bf,c447c023a2c57d5d,DIOR-R,868,9fc65929e11866883241b295e6342628c0f740df0c66464bbf376cd4cfb464b1,/home/rspip/cqc/pro/study/orientbench/annotation_tools/m4_angle_annotation/annotator_A/crops/4f4c8b77a6aa4ecfd2bf.jpg
m4-071-final-v1,A,2ca1f88449e3a31f1f4b,ae112a0d738a73a6,SODA-A,869,ccac20560d5bfdbb1aef324d89783e50176e6fbd0e257f7475916d888e6b8c66,/home/rspip/cqc/pro/study/orientbench/annotation_tools/m4_angle_annotation/annotator_A/crops/2ca1f88449e3a31f1f4b.jpg
m4-071-final-v1,A,a9cd2a9df63ad619aa62,8f9579cf2f7c3272,DIOR-R,870,4dc84fa2243f45d0c17c28c5bcea49295dbc6f628d2d691a384ab4fee9b549ba,/home/rspip/cqc/pro/study/orientbench/annotation_tools/m4_angle_annotation/annotator_A/crops/a9cd2a9df63ad619aa62.jpg
m4-071-final-v1,A,ebc81102569b5e19010a,b2bdca6df2887285,FAIR1M-v1.0,871,477c7377002666a3abfb5a7b0e48ff07113cc1430d282a56addc709c47b7623f,/home/rspip/cqc/pro/study/orientbench/annotation_tools/m4_angle_annotation/annotator_A/crops/ebc81102569b5e19010a.jpg
m4-071-final-v1,A,88d3e5d41c5f5880c15d,c7cef9a6183163b1,SODA-A,872,defe92267f5deff93586ed2ba89540cb3b893117e6251d2e8f644426d6c0caa4,/home/rspip/cqc/pro/study/orientbench/annotation_tools/m4_angle_annotation/annotator_A/crops/88d3e5d41c5f5880c15d.jpg
m4-071-final-v1,A,3d9a55f75f4054e186b7,4ab07862981fc8ef,DIOR-R,873,8982e2751908f75dd988f598b8fa1f6a43505e052efbd444e04843b134d3f3b9,/home/rspip/cqc/pro/study/orientbench/annotation_tools/m4_angle_annotation/annotator_A/crops/3d9a55f75f4054e186b7.jpg
m4-071-final-v1,A,e9c39be3e8c8ce7b075f,adf21d9d5f36829e,DIOR-R,874,7d3a7c4083d5437fa25b550c26207042c66212c2689074b724be6af8f26d5256,/home/rspip/cqc/pro/study/orientbench/annotation_tools/m4_angle_annotation/annotator_A/crops/e9c39be3e8c8ce7b075f.jpg
m4-071-final-v1,A,ad6d3b08ddda6cdbad2e,82c4924261548150,SODA-A,875,101c353ffaf137e50076767d1491010a7e1cf44eae19c5085c31ac425869e19d,/home/rspip/cqc/pro/study/orientbench/annotation_tools/m4_angle_annotation/annotator_A/crops/ad6d3b08ddda6cdbad2e.jpg
m4-071-final-v1,A,8fd72a7bece092005637,966e395b6091cdab,SODA-A,876,d16c6a8bd4f003b158fa62329f20f3cc92fb23d5c778b6908951a2a79b36bffa,/home/rspip/cqc/pro/study/orientbench/annotation_tools/m4_angle_annotation/annotator_A/crops/8fd72a7bece092005637.jpg
m4-071-final-v1,A,96bdb6ce4471041fed1d,d28b779edb8264bc,FAIR1M-v1.0,877,449b11e7342bd97c6db7ad187e223b5519762ad811fad32505ed800246ee891b,/home/rspip/cqc/pro/study/orientbench/annotation_tools/m4_angle_annotation/annotator_A/crops/96bdb6ce4471041fed1d.jpg
m4-071-final-v1,A,08437122851f06bda023,642bfcf6fdaa7b7d,SODA-A,878,a80a18874ff8eb044f440c8cc31134465964c8661207fbeb5d9cf3ba3ded4eff,/home/rspip/cqc/pro/study/orientbench/annotation_tools/m4_angle_annotation/annotator_A/crops/08437122851f06bda023.jpg
m4-071-final-v1,A,812be749db009d32dcd4,f32c2edb6a22e9c3,DIOR-R,879,af1eaa99fcf8bd17b2b99f29a844a61648c93efc490cb5961e32689d760b2f7a,/home/rspip/cqc/pro/study/orientbench/annotation_tools/m4_angle_annotation/annotator_A/crops/812be749db009d32dcd4.jpg
m4-071-final-v1,A,84cfb454ca2b2445787b,80c86133e2d94948,FAIR1M-v1.0,880,4780c146929ddcda1ac3e8222b2dfeea40732538556a99e06e7a9288f6dc7289,/home/rspip/cqc/pro/study/orientbench/annotation_tools/m4_angle_annotation/annotator_A/crops/84cfb454ca2b2445787b.jpg
m4-071-final-v1,A,7c56e22ab8527f4414ab,4d3eb1c2aa3df22d,SODA-A,881,1ad388b47e8b20a85eea527e7168a0705dff555f0f897079741a427289a0e56d,/home/rspip/cqc/pro/study/orientbench/annotation_tools/m4_angle_annotation/annotator_A/crops/7c56e22ab8527f4414ab.jpg
m4-071-final-v1,A,707abd3f622a039a6e10,5c164203da5c13c0,FAIR1M-v1.0,882,9bcff7fc0e93d04114e5ab785b0c095380ffc33bc4042a58ce84f022b7f9eb69,/home/rspip/cqc/pro/study/orientbench/annotation_tools/m4_angle_annotation/annotator_A/crops/707abd3f622a039a6e10.jpg
m4-071-final-v1,A,c5fad7706592c625d7b4,8cc47ef867cda6cc,SODA-A,883,fd187a48d7709cfee013886753f1cb3bbc6fbcd10b9353922a004a80800ce398,/home/rspip/cqc/pro/study/orientbench/annotation_tools/m4_angle_annotation/annotator_A/crops/c5fad7706592c625d7b4.jpg
m4-071-final-v1,A,126e8bf3914c529f564b,018c58fe959dd11e,DIOR-R,884,51249438507ebad17ea0f09323614d3354de3a63cc6962301e451c3f95c8bc7c,/home/rspip/cqc/pro/study/orientbench/annotation_tools/m4_angle_annotation/annotator_A/crops/126e8bf3914c529f564b.jpg
m4-071-final-v1,A,754d80d730a6bfec26a6,453fbda52132caef,DIOR-R,885,050c2265f5386ca1b7648f17ba90af59a8d8f2f116a49cf7c529009b93d98c7d,/home/rspip/cqc/pro/study/orientbench/annotation_tools/m4_angle_annotation/annotator_A/crops/754d80d730a6bfec26a6.jpg
m4-071-final-v1,A,ecadd96f199b3f3e459e,0902c22e558f2545,SODA-A,886,09019755589321fb0b242c0bdf021384d442218122378d20fd688b44a60a5b5e,/home/rspip/cqc/pro/study/orientbench/annotation_tools/m4_angle_annotation/annotator_A/crops/ecadd96f199b3f3e459e.jpg
m4-071-final-v1,A,3776f43c3cdcc3fc7064,5a84551ad0737308,DIOR-R,887,9ffb5f977fdec8f8e62823941972ac2b1ada0a63fc5ddca64a718d26e32f13e3,/home/rspip/cqc/pro/study/orientbench/annotation_tools/m4_angle_annotation/annotator_A/crops/3776f43c3cdcc3fc7064.jpg
m4-071-final-v1,A,68787aae4e0bad8dc5de,959704fb8a4503f3,SODA-A,888,c769660cb1021fac7fa310b36547762ab1ae45933b2edabb094384bfccacaa38,/home/rspip/cqc/pro/study/orientbench/annotation_tools/m4_angle_annotation/annotator_A/crops/68787aae4e0bad8dc5de.jpg
m4-071-final-v1,A,5f0e7c0dda0acad35772,b09429b2609a151b,DIOR-R,889,c6e1ffcff72530316f70f97dd1217a5d7e5a35baa8e34e0b8dbfefd2a78755cd,/home/rspip/cqc/pro/study/orientbench/annotation_tools/m4_angle_annotation/annotator_A/crops/5f0e7c0dda0acad35772.jpg
m4-071-final-v1,A,fd3197317085aa4da308,315da16412c8d6c9,FAIR1M-v1.0,890,cd7b8ab088d35b21b6c1b623bbd5daf42f889fd65e85ca28d464c00f3e53885a,/home/rspip/cqc/pro/study/orientbench/annotation_tools/m4_angle_annotation/annotator_A/crops/fd3197317085aa4da308.jpg
m4-071-final-v1,A,c0c8b38e1b8e253304b9,84226413851920ae,FAIR1M-v1.0,891,490713ab81eaa6fc6afba622f89c415bb51d59d5943a71b71184f7f50cb8cecc,/home/rspip/cqc/pro/study/orientbench/annotation_tools/m4_angle_annotation/annotator_A/crops/c0c8b38e1b8e253304b9.jpg
m4-071-final-v1,A,b4dd69b8209dc16d4fb4,a6778f7701e629c2,SODA-A,892,936c3da74d1cd79c9f2081586d0f91fd53a309637c54a9bc4733fabbca458bd3,/home/rspip/cqc/pro/study/orientbench/annotation_tools/m4_angle_annotation/annotator_A/crops/b4dd69b8209dc16d4fb4.jpg
m4-071-final-v1,A,065656b44aa8dbc2a98c,38a15fc145e81103,FAIR1M-v1.0,893,55f36df440a0cde2c09d606c6623ee31b3d3f618ea0a2a0f0e77041e70222699,/home/rspip/cqc/pro/study/orientbench/annotation_tools/m4_angle_annotation/annotator_A/crops/065656b44aa8dbc2a98c.jpg
m4-071-final-v1,A,11e2e38f352fd1f7354a,985559391ce96b89,FAIR1M-v1.0,894,20eb85e83d78ad0d871739df7492f3ef897cf57191ef818f963e1e8f7053c6ce,/home/rspip/cqc/pro/study/orientbench/annotation_tools/m4_angle_annotation/annotator_A/crops/11e2e38f352fd1f7354a.jpg
m4-071-final-v1,A,5a6434d875232b2e334e,0c48e0eaa9b91e1c,DIOR-R,895,459912cd862f378d9050581e023ed27591bd839d4caca1a9e10f72f2fec71bea,/home/rspip/cqc/pro/study/orientbench/annotation_tools/m4_angle_annotation/annotator_A/crops/5a6434d875232b2e334e.jpg
m4-071-final-v1,A,f2c8f17c09d68cf31ac1,40fb97a15ab27e8e,SODA-A,896,b207544042c18d9b294bc93f47836ef0135fcd4d0867b49d3c832b459953bb90,/home/rspip/cqc/pro/study/orientbench/annotation_tools/m4_angle_annotation/annotator_A/crops/f2c8f17c09d68cf31ac1.jpg
m4-071-final-v1,A,273190ec32fe679ef1bf,de506eb01b0bcfb9,DIOR-R,897,bf331ea88b09a299a7a00ff6d1d24665995f9f53b096f79a234d9427cf528afd,/home/rspip/cqc/pro/study/orientbench/annotation_tools/m4_angle_annotation/annotator_A/crops/273190ec32fe679ef1bf.jpg
m4-071-final-v1,A,7199158db5e7749bbfc9,ce7360419d49408a,SODA-A,898,691edd98fd05f0234c70f9cd236849e02d65d3d0c895fa1e755a80738db03a90,/home/rspip/cqc/pro/study/orientbench/annotation_tools/m4_angle_annotation/annotator_A/crops/7199158db5e7749bbfc9.jpg
m4-071-final-v1,A,0ada3ab0f4835d5910a1,32ca6097153f2d46,SODA-A,899,20f0fe47f2421de9167db482151610436d31209c2dd3dd5f86ce50183263e6e7,/home/rspip/cqc/pro/study/orientbench/annotation_tools/m4_angle_annotation/annotator_A/crops/0ada3ab0f4835d5910a1.jpg
m4-071-final-v1,A,ffaf2c343f3d43c45753,766155af6b43fe77,SODA-A,900,7ddd7343c606b727eb10bb3ef23244f2105ee18a5a43b315201b252182789949,/home/rspip/cqc/pro/study/orientbench/annotation_tools/m4_angle_annotation/annotator_A/crops/ffaf2c343f3d43c45753.jpg
m4-071-final-v1,A,3fc5c362b09cae795894,f11e1aab22b7188b,FAIR1M-v1.0,901,4f2f2f0f0fff0d30f58740e29f8a975828db44322fa120a993f839362b390d35,/home/rspip/cqc/pro/study/orientbench/annotation_tools/m4_angle_annotation/annotator_A/crops/3fc5c362b09cae795894.jpg
m4-071-final-v1,A,30089d3c21e1727e20bf,c9b92d1bd4661b05,SODA-A,902,d180258648964c19fa111d1dae73791b3b0406244dfc65483c7a54b902b21168,/home/rspip/cqc/pro/study/orientbench/annotation_tools/m4_angle_annotation/annotator_A/crops/30089d3c21e1727e20bf.jpg
m4-071-final-v1,A,02dd929bc89dd24f1b3e,c79c57614de8a778,DIOR-R,903,b46c87959687c19e784e1e9c91ef2d6b98750995f4d315435880a502a355490e,/home/rspip/cqc/pro/study/orientbench/annotation_tools/m4_angle_annotation/annotator_A/crops/02dd929bc89dd24f1b3e.jpg
m4-071-final-v1,A,149cf6e720a4e695a22a,6085ce2fd18629ec,DIOR-R,904,dbc4d83c63579c6fdc2d5e93e810352c9b56f9ebb7781a79d831ad576b4798ba,/home/rspip/cqc/pro/study/orientbench/annotation_tools/m4_angle_annotation/annotator_A/crops/149cf6e720a4e695a22a.jpg
m4-071-final-v1,A,86236ec49f3d86050670,4a1617da9d5f8629,SODA-A,905,35cf82c55d6fd139cecc1f583cca4e5a847d22730834365d87431ad350117b12,/home/rspip/cqc/pro/study/orientbench/annotation_tools/m4_angle_annotation/annotator_A/crops/86236ec49f3d86050670.jpg
m4-071-final-v1,A,1e6914a71c3567bf62ba,805706f459321b1f,SODA-A,906,88b374703f5055f5f596e9999d9cbac7d7e5fa58fc6d3efc5abd820f83de046c,/home/rspip/cqc/pro/study/orientbench/annotation_tools/m4_angle_annotation/annotator_A/crops/1e6914a71c3567bf62ba.jpg
m4-071-final-v1,A,3a184eb2982e227fcc8d,a5fd4afe2b9b424d,DIOR-R,907,193fd52b79954c727a393e33e8dcc91928fa9dff3ad8f34ca0013ecf71246f80,/home/rspip/cqc/pro/study/orientbench/annotation_tools/m4_angle_annotation/annotator_A/crops/3a184eb2982e227fcc8d.jpg
m4-071-final-v1,A,d7bfd10fa770bdb08932,49702b2b87ef2c82,FAIR1M-v1.0,908,ff2b8d521427e650f92853f08f4a05dbc3d5f8c7e3a0095909d9d08b652a470e,/home/rspip/cqc/pro/study/orientbench/annotation_tools/m4_angle_annotation/annotator_A/crops/d7bfd10fa770bdb08932.jpg
m4-071-final-v1,A,49308472cadfdb377626,38a97b6605ff1964,SODA-A,909,b22adb15ea3cd22ac87d839db82d173b34e7b7bbed65f30f2319fa8cc29ad799,/home/rspip/cqc/pro/study/orientbench/annotation_tools/m4_angle_annotation/annotator_A/crops/49308472cadfdb377626.jpg
m4-071-final-v1,A,334c88bbc41e93b678e5,507d391d50b4e98b,SODA-A,910,98fbe35d66f1840892bcdee179b1e38a53865d574dc46ee3222c60209c43aeb0,/home/rspip/cqc/pro/study/orientbench/annotation_tools/m4_angle_annotation/annotator_A/crops/334c88bbc41e93b678e5.jpg
m4-071-final-v1,A,319d37b336a6d3d98873,6c81d93188a08bdb,FAIR1M-v1.0,911,339f21d765eed028fb495e3effbae845aa1c906f3e2d4ae59ec560f7f0b88d7a,/home/rspip/cqc/pro/study/orientbench/annotation_tools/m4_angle_annotation/annotator_A/crops/319d37b336a6d3d98873.jpg
m4-071-final-v1,A,41c1384349dfaf17bcee,ca7bc476a29c8474,FAIR1M-v1.0,912,e21f566cb7615f5675ddbadffffb7007f2ba7612711e8aebbdb4847dff0b9642,/home/rspip/cqc/pro/study/orientbench/annotation_tools/m4_angle_annotation/annotator_A/crops/41c1384349dfaf17bcee.jpg
m4-071-final-v1,A,c598819dc62bba34d9ed,ed39c0bea4c8e8d8,DIOR-R,913,39be6492d7c511162f30a6a2945f57df74d240f7bf7437b9a20c04644518f46b,/home/rspip/cqc/pro/study/orientbench/annotation_tools/m4_angle_annotation/annotator_A/crops/c598819dc62bba34d9ed.jpg
m4-071-final-v1,A,57fd65e09bfaa0a6ea71,1ce2a518edcc66a2,DIOR-R,914,c1c82f9e7741e73623037b2fd0ba77666002d0116d7b787717068d132fca7161,/home/rspip/cqc/pro/study/orientbench/annotation_tools/m4_angle_annotation/annotator_A/crops/57fd65e09bfaa0a6ea71.jpg
m4-071-final-v1,A,02d77efb5d0f5c0e6edc,1b3fdc49e617b7d7,FAIR1M-v1.0,915,14a11aafdf5a5270c840744606221b8608ad034bd771752bbc7f8606f5e2e412,/home/rspip/cqc/pro/study/orientbench/annotation_tools/m4_angle_annotation/annotator_A/crops/02d77efb5d0f5c0e6edc.jpg
m4-071-final-v1,A,d17930715d5036ba2812,2c5d095dcf6edd0c,SODA-A,916,fd8185dc03474b1aa6aa40bda204af510eaf4e3a125491b36f8f61422adbe258,/home/rspip/cqc/pro/study/orientbench/annotation_tools/m4_angle_annotation/annotator_A/crops/d17930715d5036ba2812.jpg
m4-071-final-v1,A,d7d39426b877d5978376,11439b4630100255,FAIR1M-v1.0,917,6aacc12f4ed93457750c69459c9b7992acd4eac88c56a3d2c56a86ba8e2e3179,/home/rspip/cqc/pro/study/orientbench/annotation_tools/m4_angle_annotation/annotator_A/crops/d7d39426b877d5978376.jpg
m4-071-final-v1,A,b59b8105cc6ead6adb83,7bbd3cf204cf6a82,SODA-A,918,bc21866da56c6c274f1a2c940e2db74d0af4d7f97143b426aedffd7b91d8ef63,/home/rspip/cqc/pro/study/orientbench/annotation_tools/m4_angle_annotation/annotator_A/crops/b59b8105cc6ead6adb83.jpg
m4-071-final-v1,A,811fda1572ac89ed7c6b,2966227c8a0053ea,DIOR-R,919,03018acbbfdc90054dee6069d27f9f6517736986999f1db3170645f0af8b70a1,/home/rspip/cqc/pro/study/orientbench/annotation_tools/m4_angle_annotation/annotator_A/crops/811fda1572ac89ed7c6b.jpg
m4-071-final-v1,A,e583e2846d57c9cdfce1,b7b7d6aae3b313c7,SODA-A,920,65ee5d7681b4a9c6f3d8c0df5dcef346e7de765a21ef77be8e4b5801665e3429,/home/rspip/cqc/pro/study/orientbench/annotation_tools/m4_angle_annotation/annotator_A/crops/e583e2846d57c9cdfce1.jpg
m4-071-final-v1,A,a1bb16a055ff3f0d0fa4,864163b921140ed3,FAIR1M-v1.0,921,a44f59137cd61f1c69af4153709e284dcf5204dcd6624a3958e808edadfb6099,/home/rspip/cqc/pro/study/orientbench/annotation_tools/m4_angle_annotation/annotator_A/crops/a1bb16a055ff3f0d0fa4.jpg
m4-071-final-v1,A,9d6a910c1189513ce803,3bc7af27467b85df,DIOR-R,922,5d65c23745cb7cd1c48efb1d2eecc3f12be88dff28ba3b678c8fc76c667db4a7,/home/rspip/cqc/pro/study/orientbench/annotation_tools/m4_angle_annotation/annotator_A/crops/9d6a910c1189513ce803.jpg
m4-071-final-v1,A,fefa4e8df00cdc674860,ead2892285e8f6e4,SODA-A,923,9d44d9b233b204a4f394a2056414c710e5b1d500fc9e321a5aa8fdec176716e3,/home/rspip/cqc/pro/study/orientbench/annotation_tools/m4_angle_annotation/annotator_A/crops/fefa4e8df00cdc674860.jpg
m4-071-final-v1,A,4e2b1e593a1ea68573ff,6f64128d947522a1,SODA-A,924,2a582d55b222b9fdbd0e4afb43640ed744cc3c53c36e0ebd813b5dae9a948483,/home/rspip/cqc/pro/study/orientbench/annotation_tools/m4_angle_annotation/annotator_A/crops/4e2b1e593a1ea68573ff.jpg
m4-071-final-v1,A,712a1697affcc32a7223,c14e7257b339d0b2,FAIR1M-v1.0,925,18702f2f171ef7e57b625533c25d120f57b1dabec4f4e0e0460d0ebfd0ea7957,/home/rspip/cqc/pro/study/orientbench/annotation_tools/m4_angle_annotation/annotator_A/crops/712a1697affcc32a7223.jpg
m4-071-final-v1,A,59d1f9429a40f163db00,770eb6dd30706c23,SODA-A,926,c7e17d18e231a357db75b3b5947b856e0ac19ccac87e48d04c175abf79b67e2f,/home/rspip/cqc/pro/study/orientbench/annotation_tools/m4_angle_annotation/annotator_A/crops/59d1f9429a40f163db00.jpg
m4-071-final-v1,A,b227f839216676bd721e,7a201ff10d545859,FAIR1M-v1.0,927,4d830fd545c4fd300de1e0caa18d1ef69bb694b6e30871b63cfa96626005268a,/home/rspip/cqc/pro/study/orientbench/annotation_tools/m4_angle_annotation/annotator_A/crops/b227f839216676bd721e.jpg
m4-071-final-v1,A,8b558ace11d437054c08,86532e3556278dea,DIOR-R,928,0971e0f7af5dc853d28d1c671ff00e54d52be3f49a4b6e29d44d3c032b4c307c,/home/rspip/cqc/pro/study/orientbench/annotation_tools/m4_angle_annotation/annotator_A/crops/8b558ace11d437054c08.jpg
m4-071-final-v1,A,f3aef4b1fc7ab28fcd98,f6e707898056f88e,SODA-A,929,8f68b262b4f7d2c65a698ea376d6fb25b357ba8dcbe0df8c1804c72ee51d0bce,/home/rspip/cqc/pro/study/orientbench/annotation_tools/m4_angle_annotation/annotator_A/crops/f3aef4b1fc7ab28fcd98.jpg
m4-071-final-v1,A,9c2a2a9ec3415bbb8c0e,5d46f70492bad823,FAIR1M-v1.0,930,8f2db8ddcf436c85eb711d5fc806fe2c351b319fba9a84129dcdd36bef570832,/home/rspip/cqc/pro/study/orientbench/annotation_tools/m4_angle_annotation/annotator_A/crops/9c2a2a9ec3415bbb8c0e.jpg
m4-071-final-v1,A,9a8fdddf315fe8c3a0a4,80ebae1d92813900,FAIR1M-v1.0,931,322f5002bb29aa47fb4465e1d7ef8043e96178b140e70c311b2e49482ababd61,/home/rspip/cqc/pro/study/orientbench/annotation_tools/m4_angle_annotation/annotator_A/crops/9a8fdddf315fe8c3a0a4.jpg
m4-071-final-v1,A,7ccbb3aa77a4070e3601,6067370ed7f26d67,FAIR1M-v1.0,932,65dac9218766ce064d985fad44c173a99e1c3b282afc7dd5a16fa3578b9e10ef,/home/rspip/cqc/pro/study/orientbench/annotation_tools/m4_angle_annotation/annotator_A/crops/7ccbb3aa77a4070e3601.jpg
m4-071-final-v1,A,a6dc3f3cb7d901bd893c,a04e0c7141dac610,SODA-A,933,43ac0b58e0b8dc846248355bf1ce8b92c1c2af47e78dfbb748f073970acd3668,/home/rspip/cqc/pro/study/orientbench/annotation_tools/m4_angle_annotation/annotator_A/crops/a6dc3f3cb7d901bd893c.jpg
m4-071-final-v1,A,4b43b5840d5be0b46e6c,59f58ae2dc4ea731,FAIR1M-v1.0,934,b46f6af8eb1a30ae1a91a280619407bae7fdd3a2fc1849e86fcc4e1acea47c37,/home/rspip/cqc/pro/study/orientbench/annotation_tools/m4_angle_annotation/annotator_A/crops/4b43b5840d5be0b46e6c.jpg
m4-071-final-v1,A,73c072cef121e45257a0,06bd35dea8c45491,FAIR1M-v1.0,935,615d11075a687e58ab4ca80c83e7db88da95c8f21f4937ef7fa09a637a90622a,/home/rspip/cqc/pro/study/orientbench/annotation_tools/m4_angle_annotation/annotator_A/crops/73c072cef121e45257a0.jpg
m4-071-final-v1,A,9b2173feab5953964577,4bcdb78ad969ed32,SODA-A,936,334308de3a5a4c0f1139150c3a6b735c97f6fbefc2f08cdc8dff407a4e234b4b,/home/rspip/cqc/pro/study/orientbench/annotation_tools/m4_angle_annotation/annotator_A/crops/9b2173feab5953964577.jpg
m4-071-final-v1,A,782289c70d51bda7ccf5,2abcdc17b44d3ea4,DIOR-R,937,f7db3c7a3d287da7f46b7bd0ad51d6f5b88f028c12284d660f459ca58b080a77,/home/rspip/cqc/pro/study/orientbench/annotation_tools/m4_angle_annotation/annotator_A/crops/782289c70d51bda7ccf5.jpg
m4-071-final-v1,A,2f0898a4dd4e3d4c947e,4813b884a8e9227a,DIOR-R,938,c05c60cfd0e3549a644ca42e5908db000f6a665fc5af8c488de6cf14d380415b,/home/rspip/cqc/pro/study/orientbench/annotation_tools/m4_angle_annotation/annotator_A/crops/2f0898a4dd4e3d4c947e.jpg
m4-071-final-v1,A,266c76783957490128a6,f6cd92b2639f66fa,SODA-A,939,f5840dc0a2f604cf4bbe1d57a9498fd082a39a6034e02d4a1563fbbce9c2d90d,/home/rspip/cqc/pro/study/orientbench/annotation_tools/m4_angle_annotation/annotator_A/crops/266c76783957490128a6.jpg
m4-071-final-v1,A,979d2f5b583c1bd58a9d,26dfb8d40351c324,SODA-A,940,21fe2cc92c48a5bf2f2fb50785a9372611e8d1970fbfe17e676a6ffd29e5f118,/home/rspip/cqc/pro/study/orientbench/annotation_tools/m4_angle_annotation/annotator_A/crops/979d2f5b583c1bd58a9d.jpg
m4-071-final-v1,A,550265faa42a96e42108,a146230998912662,SODA-A,941,f2097aa47b91af3e3e8cabf0f983dbfb85f490d3154330d8bb689c57be356fbd,/home/rspip/cqc/pro/study/orientbench/annotation_tools/m4_angle_annotation/annotator_A/crops/550265faa42a96e42108.jpg
m4-071-final-v1,A,c001a87581d1bedb2531,1f9ea1d4412a7a35,DIOR-R,942,352c7dea3df55d8f7fa44c623b2941417387faf514fb6a1145d22464630761c4,/home/rspip/cqc/pro/study/orientbench/annotation_tools/m4_angle_annotation/annotator_A/crops/c001a87581d1bedb2531.jpg
m4-071-final-v1,A,67571f272397bce77d02,f0471eae3cb852eb,FAIR1M-v1.0,943,ecd2b7a80119b80e000733f9b0720c903dc14ed05dc603b090b7d761ec305afa,/home/rspip/cqc/pro/study/orientbench/annotation_tools/m4_angle_annotation/annotator_A/crops/67571f272397bce77d02.jpg
m4-071-final-v1,A,a5bfb847d2149d1bd78a,a9173c6e99395f03,SODA-A,944,6aac3af6de784e054e8c4d6e1ef3ae04532520e8736d895a45bc26e207a3c9f7,/home/rspip/cqc/pro/study/orientbench/annotation_tools/m4_angle_annotation/annotator_A/crops/a5bfb847d2149d1bd78a.jpg
m4-071-final-v1,A,4b1f5040b52e3bd202a2,bc6b570fd9218f1b,FAIR1M-v1.0,945,b7744321d7ce1de264100efdbf67a0ed4fed5baae382eea47459781b95cca35e,/home/rspip/cqc/pro/study/orientbench/annotation_tools/m4_angle_annotation/annotator_A/crops/4b1f5040b52e3bd202a2.jpg
m4-071-final-v1,A,62037428666edfa3d779,25753a73e8c52d3b,DIOR-R,946,6526979bf113352b2c6c856be3c26d6b526ae0112f85ba116c6aa5f627fdae9d,/home/rspip/cqc/pro/study/orientbench/annotation_tools/m4_angle_annotation/annotator_A/crops/62037428666edfa3d779.jpg
m4-071-final-v1,A,f40080dabeca3c4fee9f,5e34612daaf1efa6,FAIR1M-v1.0,947,3d52b54334f3fa889b46661385a905705625fa4db20242c2132b05e3ba4f6048,/home/rspip/cqc/pro/study/orientbench/annotation_tools/m4_angle_annotation/annotator_A/crops/f40080dabeca3c4fee9f.jpg
m4-071-final-v1,A,74cd7c84f4bfe05bb0ae,704134b6f084b1b9,DIOR-R,948,f025045f47a6e906ca05692f40762aecb1b179f90045f87c1e8a18389654cd68,/home/rspip/cqc/pro/study/orientbench/annotation_tools/m4_angle_annotation/annotator_A/crops/74cd7c84f4bfe05bb0ae.jpg
m4-071-final-v1,A,449a15d622e432f14d56,fc9299b4855ac803,DIOR-R,949,ec04b7e70b60c36db0e1a2edd9eda61bdbffa2cf62bd7fffb8270ca0251e3a87,/home/rspip/cqc/pro/study/orientbench/annotation_tools/m4_angle_annotation/annotator_A/crops/449a15d622e432f14d56.jpg
m4-071-final-v1,A,31bee872a355d0a273ca,ccdf1d4c28376c63,FAIR1M-v1.0,950,a363a0b8c1ed36652ce97e61d104cd6054ad719b67aecaa6b843ba29972567c1,/home/rspip/cqc/pro/study/orientbench/annotation_tools/m4_angle_annotation/annotator_A/crops/31bee872a355d0a273ca.jpg
m4-071-final-v1,A,cf76bca2f48d6588a3e6,6877e232123cfba1,SODA-A,951,6c45c97cccadbdc4130e743360e42f56a9479b0a584eab6b9e990f4fc92d8151,/home/rspip/cqc/pro/study/orientbench/annotation_tools/m4_angle_annotation/annotator_A/crops/cf76bca2f48d6588a3e6.jpg
m4-071-final-v1,A,d9b68f4915d2f2e02f9e,1faf68b0490d4a69,FAIR1M-v1.0,952,11679a673d741419c3562633bc3c7b4bf104f81bdec426f87f28cacb02a88d18,/home/rspip/cqc/pro/study/orientbench/annotation_tools/m4_angle_annotation/annotator_A/crops/d9b68f4915d2f2e02f9e.jpg
m4-071-final-v1,A,0c069b5c71fad08fd6e8,dfda70f171cc20b8,SODA-A,953,ef483d0f3f83e8ea54756fa9ab1a34c8f883ec99468e7df3ccc18ebc6b30b984,/home/rspip/cqc/pro/study/orientbench/annotation_tools/m4_angle_annotation/annotator_A/crops/0c069b5c71fad08fd6e8.jpg
m4-071-final-v1,A,bc6f0bcd52d05a88e3bd,d0a8ce241eb23b75,DIOR-R,954,85604cb0f488379fd93608fff7d4c7dfe6d4ef047e8731150e3ea57d8b1a2195,/home/rspip/cqc/pro/study/orientbench/annotation_tools/m4_angle_annotation/annotator_A/crops/bc6f0bcd52d05a88e3bd.jpg
m4-071-final-v1,A,cba86ad9865e584b36e9,489f484f9e2779ce,SODA-A,955,538fb5222769c85138bcf8749a54832f704be7259f84738ecff1c8638ec638cb,/home/rspip/cqc/pro/study/orientbench/annotation_tools/m4_angle_annotation/annotator_A/crops/cba86ad9865e584b36e9.jpg
m4-071-final-v1,A,ad717a72f01afc86861b,850c4b9e8579b256,FAIR1M-v1.0,956,777ccab44958ca6e8a52f03b2467bc81cb4bbeefa31a4d71dc694783c9b3f8c9,/home/rspip/cqc/pro/study/orientbench/annotation_tools/m4_angle_annotation/annotator_A/crops/ad717a72f01afc86861b.jpg
m4-071-final-v1,A,ce83095587342fe0ebcb,91ddc48577c5ff9e,FAIR1M-v1.0,957,2dacea5a4be0d30b2e8ea7a804b322248151e60f3d318283367a65eb90ee569b,/home/rspip/cqc/pro/study/orientbench/annotation_tools/m4_angle_annotation/annotator_A/crops/ce83095587342fe0ebcb.jpg
m4-071-final-v1,A,fe4ab09933390be6a98a,61153cb38a3fded6,FAIR1M-v1.0,958,c84f1de8a21a0afcee52f7e6ce688148bfb276c8e26f5c8cba8a09b77dab8ea8,/home/rspip/cqc/pro/study/orientbench/annotation_tools/m4_angle_annotation/annotator_A/crops/fe4ab09933390be6a98a.jpg
m4-071-final-v1,A,38f18fab1d18871f8db9,e977c7e5a05a147a,SODA-A,959,c9a2de7bd86aa6f150f19f6896985790a5f60fe224945f9fdc7363f7fed56652,/home/rspip/cqc/pro/study/orientbench/annotation_tools/m4_angle_annotation/annotator_A/crops/38f18fab1d18871f8db9.jpg
m4-071-final-v1,A,7d7c671b6d3f8a0bfe4c,a3952bedb7c5067f,SODA-A,960,61d2a1e2ee742a6120af59722a9bd20ab2d8fde1c0c33cc1696860c5057e8879,/home/rspip/cqc/pro/study/orientbench/annotation_tools/m4_angle_annotation/annotator_A/crops/7d7c671b6d3f8a0bfe4c.jpg
m4-071-final-v1,A,30daec119f20c744878c,3b1284c879ffcfcf,DIOR-R,961,729291d174889ce6816025020c87663786b2ad0d2c31f3e3181e425f9cef3cec,/home/rspip/cqc/pro/study/orientbench/annotation_tools/m4_angle_annotation/annotator_A/crops/30daec119f20c744878c.jpg
m4-071-final-v1,A,05885107b9ebb0fec758,d199f0bb9fe39c22,SODA-A,962,d5a0808c3bd729e7fea796f3f59af6bf2c7242a44fb0740e03cdb4226354764e,/home/rspip/cqc/pro/study/orientbench/annotation_tools/m4_angle_annotation/annotator_A/crops/05885107b9ebb0fec758.jpg
m4-071-final-v1,A,3d02d84500b24492591f,2effcce362d32bfb,DIOR-R,963,626635c6bacbfde148157ff01baf086ab672fd08f7270925fd5f9d7fb905b631,/home/rspip/cqc/pro/study/orientbench/annotation_tools/m4_angle_annotation/annotator_A/crops/3d02d84500b24492591f.jpg
m4-071-final-v1,A,c81bdcdc741c892dc5ef,fd65745558fc6ef4,DIOR-R,964,4ea1f5b8a9c6a5fae241dd548dc64a2b534475644220b97664965f976e79e8aa,/home/rspip/cqc/pro/study/orientbench/annotation_tools/m4_angle_annotation/annotator_A/crops/c81bdcdc741c892dc5ef.jpg
m4-071-final-v1,A,d1e4a8fc6df9ca2260fc,040d5c5cdb75a8ad,DIOR-R,965,e8be31e89f734bd8d7bbd792928b2466cbca8bdc15ad01b446ba23e9d4e2a5d3,/home/rspip/cqc/pro/study/orientbench/annotation_tools/m4_angle_annotation/annotator_A/crops/d1e4a8fc6df9ca2260fc.jpg
m4-071-final-v1,A,1817f586a57572b0679b,b51b4fc3c4c1dc02,DIOR-R,966,62eb95616cbe9b173eeb399da2a6576cf955f362b38f2f040a917bdb401a86f6,/home/rspip/cqc/pro/study/orientbench/annotation_tools/m4_angle_annotation/annotator_A/crops/1817f586a57572b0679b.jpg
m4-071-final-v1,A,d8ef146d4ec6fabe8415,3c90a6fc52ec6b07,FAIR1M-v1.0,967,d7c09e012036aed3e5b5c9071864c8febad65d4f1c07c3397d7f489938ecaba2,/home/rspip/cqc/pro/study/orientbench/annotation_tools/m4_angle_annotation/annotator_A/crops/d8ef146d4ec6fabe8415.jpg
m4-071-final-v1,A,7438484cf9deeb037d93,87b8e2e269e87130,DIOR-R,968,02491158738d8c776efbf8769f15e03c8902c275267a38a41652af26921d7df1,/home/rspip/cqc/pro/study/orientbench/annotation_tools/m4_angle_annotation/annotator_A/crops/7438484cf9deeb037d93.jpg
m4-071-final-v1,A,aa76f043b4f27b1856e1,640ef72c448675de,DIOR-R,969,2fa9a37224fecd05f83e102a1002bca987312236b01011dd1f10b0f8f4faf5e5,/home/rspip/cqc/pro/study/orientbench/annotation_tools/m4_angle_annotation/annotator_A/crops/aa76f043b4f27b1856e1.jpg
m4-071-final-v1,A,d067bb4883f0deb25791,dc8bfc8d81ff1563,SODA-A,970,d5109f90d466a9b70cda4a728e256dac4d082a1ca1b86df3ce62bf35c609ec21,/home/rspip/cqc/pro/study/orientbench/annotation_tools/m4_angle_annotation/annotator_A/crops/d067bb4883f0deb25791.jpg
m4-071-final-v1,A,496e1befe4e47db55ac9,d0b3692d4f9f23ad,FAIR1M-v1.0,971,9865684cf199f06990cd19706f4fa9f8004e0884f77f4ef0fb503a6ed2cb31b7,/home/rspip/cqc/pro/study/orientbench/annotation_tools/m4_angle_annotation/annotator_A/crops/496e1befe4e47db55ac9.jpg
m4-071-final-v1,A,73a8882e5ed678c3654b,8643c875c74146b7,SODA-A,972,40fc14a05d3ddc3f677aecec1ed97f6b677db46771b566ad6a70cf61400feb9f,/home/rspip/cqc/pro/study/orientbench/annotation_tools/m4_angle_annotation/annotator_A/crops/73a8882e5ed678c3654b.jpg
m4-071-final-v1,A,43b413315a343c741b1e,d452cf2a348cbe92,DIOR-R,973,f2aa7ab0abc50c9389d0cd8ef37bae42854ed4951619cf4152e53994e154e6ba,/home/rspip/cqc/pro/study/orientbench/annotation_tools/m4_angle_annotation/annotator_A/crops/43b413315a343c741b1e.jpg
m4-071-final-v1,A,62c8811cf3ed18d40235,fe4ce633201f1c5b,DIOR-R,974,f920fbc080f19e1aceefa9f983cb0bf2329e1ca6f76e37089ad5928f15ad5f54,/home/rspip/cqc/pro/study/orientbench/annotation_tools/m4_angle_annotation/annotator_A/crops/62c8811cf3ed18d40235.jpg
m4-071-final-v1,A,8e04eb63ac3eed9d8a87,d1b9f3c4afbd44d6,SODA-A,975,20a27a604e332aae68f0ba570b032d3b9d22902aa2e675006e6887c14d6f6cea,/home/rspip/cqc/pro/study/orientbench/annotation_tools/m4_angle_annotation/annotator_A/crops/8e04eb63ac3eed9d8a87.jpg
m4-071-final-v1,A,b4f23bf7a8c6843092ae,4ba5552742b38111,FAIR1M-v1.0,976,9e6b841b3ef8ec18d1fd90424053aab122e7be255299ffe261bd25536683a2db,/home/rspip/cqc/pro/study/orientbench/annotation_tools/m4_angle_annotation/annotator_A/crops/b4f23bf7a8c6843092ae.jpg
m4-071-final-v1,A,fa3f872a3e7aef3c75ed,1748fa7e740ffec1,DIOR-R,977,f8da73b2ddbebe844284eee8bbca01ad2ed7b4a114dec0f609de27c6ee948d4b,/home/rspip/cqc/pro/study/orientbench/annotation_tools/m4_angle_annotation/annotator_A/crops/fa3f872a3e7aef3c75ed.jpg
m4-071-final-v1,A,80c460c152ab70178b23,016e94533a908b67,SODA-A,978,18daa1a23f658cb3b0a5ea7332f01427c27afeebd85a5c9166d4eff2252fc038,/home/rspip/cqc/pro/study/orientbench/annotation_tools/m4_angle_annotation/annotator_A/crops/80c460c152ab70178b23.jpg
m4-071-final-v1,A,34fbe2aeb14e394b7e1f,ed7c2d62c1a42b90,SODA-A,979,6b8f13403e14bbca03899187f444efa1a91cf73fc8b443ec24ace82605e9e03f,/home/rspip/cqc/pro/study/orientbench/annotation_tools/m4_angle_annotation/annotator_A/crops/34fbe2aeb14e394b7e1f.jpg
m4-071-final-v1,A,d1f57aaaf98616dc5e5a,8a38be9d0d108b48,SODA-A,980,9d212ea7ac35fa4818511403b9b5c525cc79d99e12c058f888c195d0a43d9687,/home/rspip/cqc/pro/study/orientbench/annotation_tools/m4_angle_annotation/annotator_A/crops/d1f57aaaf98616dc5e5a.jpg
m4-071-final-v1,A,850fd0a3b22ecd2333c9,bd9484995ab65676,SODA-A,981,b8b7caa936d8de119f9640e5105baa8833211b53da0e188dd1b5a5b17e07c35a,/home/rspip/cqc/pro/study/orientbench/annotation_tools/m4_angle_annotation/annotator_A/crops/850fd0a3b22ecd2333c9.jpg
m4-071-final-v1,A,da82cf5d4fe91a9df9f9,8b6930e6cbb1eb75,SODA-A,982,0c47b0753ddc5493f2622518fbafdfc5c3f83e88ff64f797dbb6a76063ecb11c,/home/rspip/cqc/pro/study/orientbench/annotation_tools/m4_angle_annotation/annotator_A/crops/da82cf5d4fe91a9df9f9.jpg
m4-071-final-v1,A,0c4a255e6432c79ae296,3d353aa1438bec2d,SODA-A,983,bba4e00158b6573893dcddf8faab05d116dde19b4730b539648fd9b27a2e401a,/home/rspip/cqc/pro/study/orientbench/annotation_tools/m4_angle_annotation/annotator_A/crops/0c4a255e6432c79ae296.jpg
m4-071-final-v1,A,d32e88ea331f59ae3826,c8f5424714b43ecf,DIOR-R,984,ce413dde7922bda4b7d4721e88e1a4d9639865ee4f4e6ae9b4a9406746b0fd28,/home/rspip/cqc/pro/study/orientbench/annotation_tools/m4_angle_annotation/annotator_A/crops/d32e88ea331f59ae3826.jpg
m4-071-final-v1,A,8864db8ce7a45151c6b1,ad1ec4f8ab8e3fdc,DIOR-R,985,c1183b65b094aad184cef619a13d5d19915ed3de89fa417b7d49067edca49cf1,/home/rspip/cqc/pro/study/orientbench/annotation_tools/m4_angle_annotation/annotator_A/crops/8864db8ce7a45151c6b1.jpg
m4-071-final-v1,A,6bf7811e88ec9ec653ab,6c42f1a8a706c762,DIOR-R,986,6acf54e2f6e949f78b3b6da33f059b4916dda5bd4af5a30a5e7ee2c938747b06,/home/rspip/cqc/pro/study/orientbench/annotation_tools/m4_angle_annotation/annotator_A/crops/6bf7811e88ec9ec653ab.jpg
m4-071-final-v1,A,9eba47fc0aa6c734e643,7bd75f237de43dca,SODA-A,987,61483492d4724dc368102de2dbcfb20be8ea71f27451ef447d2aedf845f8532f,/home/rspip/cqc/pro/study/orientbench/annotation_tools/m4_angle_annotation/annotator_A/crops/9eba47fc0aa6c734e643.jpg
m4-071-final-v1,A,3c0c42e16108ab987481,c83cb736f71b4123,DIOR-R,988,42ef4534b2355fdb78f11038a1ed69e0c99412e92a6ab8a5f64599a614516aa4,/home/rspip/cqc/pro/study/orientbench/annotation_tools/m4_angle_annotation/annotator_A/crops/3c0c42e16108ab987481.jpg
m4-071-final-v1,A,27f026c28d93127f4508,d883bb186cbefeeb,FAIR1M-v1.0,989,3e64e1ffdafde7340837eb97ecdc2628e9e747e07c7f11cca22aced824d51270,/home/rspip/cqc/pro/study/orientbench/annotation_tools/m4_angle_annotation/annotator_A/crops/27f026c28d93127f4508.jpg
m4-071-final-v1,A,12cf1626670fe670bbdf,dd3e80fe25ce4450,FAIR1M-v1.0,990,3d4d1a6b7cb5a0dc8556658ee3d17fb7453dddf4370a0ae93c98c9cf2d75d90f,/home/rspip/cqc/pro/study/orientbench/annotation_tools/m4_angle_annotation/annotator_A/crops/12cf1626670fe670bbdf.jpg
m4-071-final-v1,A,35c76572f1bc248e96fb,1d00217c6d070e35,FAIR1M-v1.0,991,9797998133e42fae25cdce9b771780ccba58adfc5b6ebe0eb141c3333ab585e8,/home/rspip/cqc/pro/study/orientbench/annotation_tools/m4_angle_annotation/annotator_A/crops/35c76572f1bc248e96fb.jpg
m4-071-final-v1,A,8619259784e9ea478456,d2f352fc322cd649,FAIR1M-v1.0,992,9602ddb8d381808f32050c5242377c90ac743c31fa04e64e30af9eb5dd8d0216,/home/rspip/cqc/pro/study/orientbench/annotation_tools/m4_angle_annotation/annotator_A/crops/8619259784e9ea478456.jpg
m4-071-final-v1,A,84644452f2a12b4ad7d4,852e45a32b80e76b,FAIR1M-v1.0,993,d03b51e65d6fd100c2e220e7216da85918a85d77494d465a8bc5dfa0d4ddf73d,/home/rspip/cqc/pro/study/orientbench/annotation_tools/m4_angle_annotation/annotator_A/crops/84644452f2a12b4ad7d4.jpg
m4-071-final-v1,A,5e9d05d79e583a282bcc,3d1412f1203b32b1,DIOR-R,994,ac4d993cff30c08f8ad12f9200d3d902027f3f4a10e3e0d38da700c19c574f25,/home/rspip/cqc/pro/study/orientbench/annotation_tools/m4_angle_annotation/annotator_A/crops/5e9d05d79e583a282bcc.jpg
m4-071-final-v1,A,dec09832f424a3d14049,64b00adeeded4280,FAIR1M-v1.0,995,2132425e2d1722067005d7b4979af55dc5cdf12602ed6929a35d100c22c6278a,/home/rspip/cqc/pro/study/orientbench/annotation_tools/m4_angle_annotation/annotator_A/crops/dec09832f424a3d14049.jpg
m4-071-final-v1,A,d7b94e93b2fdcc94c359,cfa6ce877bbe2532,SODA-A,996,228dc8860ef0f1915a40f094d2228c5027110c487bcb7f66df140b36af02320a,/home/rspip/cqc/pro/study/orientbench/annotation_tools/m4_angle_annotation/annotator_A/crops/d7b94e93b2fdcc94c359.jpg
m4-071-final-v1,A,2f2fa13430d7e76b8238,c042b760bdb6cb8a,DIOR-R,997,673b37dfc732591700b90090a5d57bd748169a5332bdddcba80440fc500d25d7,/home/rspip/cqc/pro/study/orientbench/annotation_tools/m4_angle_annotation/annotator_A/crops/2f2fa13430d7e76b8238.jpg
m4-071-final-v1,A,dab5d2e8ed70fbc6f7f5,a0a828aad324829d,FAIR1M-v1.0,998,39c1b28871eadc1968276d5ba6fe1bc0f255fbbd0b2c5d0dd1300dfbb4201c95,/home/rspip/cqc/pro/study/orientbench/annotation_tools/m4_angle_annotation/annotator_A/crops/dab5d2e8ed70fbc6f7f5.jpg
m4-071-final-v1,A,cb522f00a6a56c07c5c2,3d45fde904e1ff9c,FAIR1M-v1.0,999,95a2c7c1181fd74714b159a1d172e2a5442950f920cc7ea98c979443a01f89cb,/home/rspip/cqc/pro/study/orientbench/annotation_tools/m4_angle_annotation/annotator_A/crops/cb522f00a6a56c07c5c2.jpg
m4-071-final-v1,A,db9dec28fc0e7ac79b93,57ab41370f125a99,DIOR-R,1000,ea50b97c643c8e457cb6e16debc0c4989585a9352c9433348a5876729dd0938e,/home/rspip/cqc/pro/study/orientbench/annotation_tools/m4_angle_annotation/annotator_A/crops/db9dec28fc0e7ac79b93.jpg
m4-071-final-v1,A,b9c7ca462a1b6d0d0a11,adcae9c6e040301c,FAIR1M-v1.0,1001,c7a24bb88f02cc74e6722efb8a65d31fd70fb90e653b48ecc7191c83ec4bf12c,/home/rspip/cqc/pro/study/orientbench/annotation_tools/m4_angle_annotation/annotator_A/crops/b9c7ca462a1b6d0d0a11.jpg
m4-071-final-v1,A,b33f672e59bcbb1462b4,9bab53b6320ea504,DIOR-R,1002,8405ae016a19030608189e208e51dbc90596d3bda6c0fec4091b1459d007971d,/home/rspip/cqc/pro/study/orientbench/annotation_tools/m4_angle_annotation/annotator_A/crops/b33f672e59bcbb1462b4.jpg
m4-071-final-v1,A,492aa35be844a1243410,4b6ff40080dfd29d,FAIR1M-v1.0,1003,76a977434735be0cbc32ea27d9b9b6289b03c7288399834277caaa13ef91766d,/home/rspip/cqc/pro/study/orientbench/annotation_tools/m4_angle_annotation/annotator_A/crops/492aa35be844a1243410.jpg
m4-071-final-v1,A,9fb350b98dd5cefdf69b,c957686717cdbfa2,DIOR-R,1004,101a5227c1304bd45af3f4eba5f0d221c490faf10584fb8770245842f2db3094,/home/rspip/cqc/pro/study/orientbench/annotation_tools/m4_angle_annotation/annotator_A/crops/9fb350b98dd5cefdf69b.jpg
m4-071-final-v1,A,abc5c91940d6bd9db435,443ffa9d4ed478a3,FAIR1M-v1.0,1005,5a74f95af250de8fa8103e4e11daf3bb9021c08acdad8f721afbe657eab0625b,/home/rspip/cqc/pro/study/orientbench/annotation_tools/m4_angle_annotation/annotator_A/crops/abc5c91940d6bd9db435.jpg
m4-071-final-v1,A,61c1ec92d1849b06a6c2,d35b3e3d513f52ff,DIOR-R,1006,d0b00a86fa5a17f8b38dc92b3803d26d5d787ea2634b5dfdec121f2309dfef55,/home/rspip/cqc/pro/study/orientbench/annotation_tools/m4_angle_annotation/annotator_A/crops/61c1ec92d1849b06a6c2.jpg
m4-071-final-v1,A,14f7322e9aa5e24dedba,3f1c8f3343e07421,DIOR-R,1007,cacde9d40f03a31633bb36f6c44ca7a1ad38cc160898c07d07540030a53bc15d,/home/rspip/cqc/pro/study/orientbench/annotation_tools/m4_angle_annotation/annotator_A/crops/14f7322e9aa5e24dedba.jpg
m4-071-final-v1,A,8417495f1baa22cde9f4,533a300d84fea9a7,DIOR-R,1008,5251432e047ce6f32d4241c618ed5d0573c61868174227ff7e997ec24b3e1829,/home/rspip/cqc/pro/study/orientbench/annotation_tools/m4_angle_annotation/annotator_A/crops/8417495f1baa22cde9f4.jpg
m4-071-final-v1,A,7ba0e545ec4cb9b82b61,eab302794021e118,FAIR1M-v1.0,1009,d18363f3258f87caeb880970905e6db4bc7a2554281630e44c8d9b4bba86b404,/home/rspip/cqc/pro/study/orientbench/annotation_tools/m4_angle_annotation/annotator_A/crops/7ba0e545ec4cb9b82b61.jpg
m4-071-final-v1,A,251ee9d8f13cab6a9ad0,898ec530c9c77d7b,FAIR1M-v1.0,1010,f16fb129733907b2f8bb3e2c9664ac72f24b476e0c72109a1e9f873db86788e4,/home/rspip/cqc/pro/study/orientbench/annotation_tools/m4_angle_annotation/annotator_A/crops/251ee9d8f13cab6a9ad0.jpg
m4-071-final-v1,A,555d594c295d5b430ebe,e1c76dad157e0070,FAIR1M-v1.0,1011,3bdf92c3d5511fb82c09179291ec4cf7314eedce22374fcc9b071276d414c5a4,/home/rspip/cqc/pro/study/orientbench/annotation_tools/m4_angle_annotation/annotator_A/crops/555d594c295d5b430ebe.jpg
m4-071-final-v1,A,ca69ac6128d14d4857bb,63bf52e1946b6979,DIOR-R,1012,808e7767c50eaef4fca7c828810ae3bb00336e7cd1f49623bf7ba74ec371de6f,/home/rspip/cqc/pro/study/orientbench/annotation_tools/m4_angle_annotation/annotator_A/crops/ca69ac6128d14d4857bb.jpg
m4-071-final-v1,A,03998cbf839da960914e,0022a02f8b3f9bbc,SODA-A,1013,0bd6b7e10895769e54e8f8427eb1f90435116c79a56e593dfae86eae599c2ee4,/home/rspip/cqc/pro/study/orientbench/annotation_tools/m4_angle_annotation/annotator_A/crops/03998cbf839da960914e.jpg
m4-071-final-v1,A,64c11d04371b4d51c985,7ee142787138b614,FAIR1M-v1.0,1014,04db6723b218852fcac5dd50e84e8d52394883b53b59f9946660c8ccc4603a8d,/home/rspip/cqc/pro/study/orientbench/annotation_tools/m4_angle_annotation/annotator_A/crops/64c11d04371b4d51c985.jpg
m4-071-final-v1,A,dac4b41b4a8e916b02d6,22a1247b644264a1,SODA-A,1015,eb9b4932d8db4ca28772bb99fdf41e171b613a52fa4647e09b0b520ed99b9797,/home/rspip/cqc/pro/study/orientbench/annotation_tools/m4_angle_annotation/annotator_A/crops/dac4b41b4a8e916b02d6.jpg
m4-071-final-v1,A,f7416daaf3f55a279362,138d9ece25d3a62e,FAIR1M-v1.0,1016,bbf6616700ee38d22f23967661fbd29237c789e4528f37daec8bd933ef9c68d3,/home/rspip/cqc/pro/study/orientbench/annotation_tools/m4_angle_annotation/annotator_A/crops/f7416daaf3f55a279362.jpg
m4-071-final-v1,A,6800d75a912ba2cd6522,5a6a7dd4e47c6ecb,DIOR-R,1017,6574ca9f23527c33c2267bf717eae998a1242bd65798b72f705a75a43b5284ad,/home/rspip/cqc/pro/study/orientbench/annotation_tools/m4_angle_annotation/annotator_A/crops/6800d75a912ba2cd6522.jpg
m4-071-final-v1,A,05f225cd9e7350010777,e507a9048fcfcba0,FAIR1M-v1.0,1018,8cff65a652f7129f88aadc23a8e0d5b8c4c24c23d48b0dde8cf92450f270cb66,/home/rspip/cqc/pro/study/orientbench/annotation_tools/m4_angle_annotation/annotator_A/crops/05f225cd9e7350010777.jpg
m4-071-final-v1,A,d01e2cb977fd7733f002,ecd5024abf8fc6a5,SODA-A,1019,e347497898bc8af72f170fbebfdfcdab203e45fc93b703b44f8e08256fc2f244,/home/rspip/cqc/pro/study/orientbench/annotation_tools/m4_angle_annotation/annotator_A/crops/d01e2cb977fd7733f002.jpg
m4-071-final-v1,A,97b0a21e919e0b7054ed,dc380846a1ee5cc1,SODA-A,1020,76dd87c4c7ce9ed3348b94fdcbc0e73612cc821a3be11bd1d67bc94b71596dec,/home/rspip/cqc/pro/study/orientbench/annotation_tools/m4_angle_annotation/annotator_A/crops/97b0a21e919e0b7054ed.jpg
m4-071-final-v1,A,881fc417bbc498dd003b,6c2d7e5fe97e3805,FAIR1M-v1.0,1021,62d31c9c246f4de608a505fd1268d1bfcdb0dbcb54be80f94daf873daafa4f97,/home/rspip/cqc/pro/study/orientbench/annotation_tools/m4_angle_annotation/annotator_A/crops/881fc417bbc498dd003b.jpg
m4-071-final-v1,A,b133ed0509e66ef8369f,2cd92056add2c3d1,SODA-A,1022,4ec049710df3cd01dade593b736b15e53d649615aaf661c4f2634dcbb7ca2837,/home/rspip/cqc/pro/study/orientbench/annotation_tools/m4_angle_annotation/annotator_A/crops/b133ed0509e66ef8369f.jpg
m4-071-final-v1,A,614e2be8894de509fe2f,0e474d2393abdac0,FAIR1M-v1.0,1023,36ebf4f4fde8f464c6bba100435471e8abaa016c614ee9ed1ddccad3d18beef1,/home/rspip/cqc/pro/study/orientbench/annotation_tools/m4_angle_annotation/annotator_A/crops/614e2be8894de509fe2f.jpg
m4-071-final-v1,A,62f5bcfbe5dc5952992f,5d7fc13e57c3b02e,SODA-A,1024,06717275eb30dfd1ed2252fdab53cb6a8c0a92c0ad3828f65d5c89f1b7b05f68,/home/rspip/cqc/pro/study/orientbench/annotation_tools/m4_angle_annotation/annotator_A/crops/62f5bcfbe5dc5952992f.jpg
m4-071-final-v1,A,b620fa5ac31ec0e69005,66c0c480ce599e31,FAIR1M-v1.0,1025,e6737b8055602430b10dfc22950b42609df40259dc5fed903e251ab14b7a442e,/home/rspip/cqc/pro/study/orientbench/annotation_tools/m4_angle_annotation/annotator_A/crops/b620fa5ac31ec0e69005.jpg
m4-071-final-v1,A,396fc2c5a098334c9abc,dd1ea20434be427d,SODA-A,1026,7e5bfd3002407740e35f884b529640a893d1e95856cd11e72a303b973935f4b0,/home/rspip/cqc/pro/study/orientbench/annotation_tools/m4_angle_annotation/annotator_A/crops/396fc2c5a098334c9abc.jpg
m4-071-final-v1,A,3066a3d95b6bdb4d2bff,8b99a371bfe4d287,DIOR-R,1027,79524712b7ba7c33758f1fba763b0a72de8022fe0c19dce93f9b5b8800c4df98,/home/rspip/cqc/pro/study/orientbench/annotation_tools/m4_angle_annotation/annotator_A/crops/3066a3d95b6bdb4d2bff.jpg
m4-071-final-v1,A,8b512f1240a22b182648,ee6ae637898dd9ed,SODA-A,1028,e248aa7510dc5acd6eb42ad6b11f482e95b38aa790767b21cfe99e2f511c52ca,/home/rspip/cqc/pro/study/orientbench/annotation_tools/m4_angle_annotation/annotator_A/crops/8b512f1240a22b182648.jpg
m4-071-final-v1,A,17e93a3fd7808180e98f,d6565b529c7115f7,FAIR1M-v1.0,1029,8b3d0038d53d8c1423ab0b329c284acf4a7e2f1a53f888dc96c652f9b305d119,/home/rspip/cqc/pro/study/orientbench/annotation_tools/m4_angle_annotation/annotator_A/crops/17e93a3fd7808180e98f.jpg
m4-071-final-v1,A,97fe84d355bbc4d16945,5c0dd68f281b30a3,SODA-A,1030,7e8758f132ac17d55a19e767679ce4338ebc94b8e746fdff2a0e870acceaaf43,/home/rspip/cqc/pro/study/orientbench/annotation_tools/m4_angle_annotation/annotator_A/crops/97fe84d355bbc4d16945.jpg
m4-071-final-v1,A,5c9633abaff0be5cebff,91d73e4f2d0063ed,FAIR1M-v1.0,1031,b62e8206a5e22179228996ab10889c10f8a580202108a18ede6ee633eb9be65e,/home/rspip/cqc/pro/study/orientbench/annotation_tools/m4_angle_annotation/annotator_A/crops/5c9633abaff0be5cebff.jpg
m4-071-final-v1,A,048c73143e7adf883c5f,9138659658b630d4,FAIR1M-v1.0,1032,838febcaf659a1ce85b4c2359884ce8db69616612adbfa6693fb7a618ce3f853,/home/rspip/cqc/pro/study/orientbench/annotation_tools/m4_angle_annotation/annotator_A/crops/048c73143e7adf883c5f.jpg
m4-071-final-v1,A,56c17e0bbbebb42620e0,5b7813e27240524b,DIOR-R,1033,42e570bbbb7eac25960c9b3fdfde57c5b20b14a97942dc3967fa0bb1bd9428b0,/home/rspip/cqc/pro/study/orientbench/annotation_tools/m4_angle_annotation/annotator_A/crops/56c17e0bbbebb42620e0.jpg
m4-071-final-v1,A,3af6113467cfbe766429,8b5ff443fe9549f7,DIOR-R,1034,a4d3f303eed1efccb4817c2b3611bd38d067fd18cd6a0f27c51cba0c73c3dc4c,/home/rspip/cqc/pro/study/orientbench/annotation_tools/m4_angle_annotation/annotator_A/crops/3af6113467cfbe766429.jpg
m4-071-final-v1,A,455829cbeec820437ba3,c1a38df9bd6cfb00,DIOR-R,1035,eddb23492cc3cfa96d9dd97bdba283a792062279e45964fed27a843175bcbfbc,/home/rspip/cqc/pro/study/orientbench/annotation_tools/m4_angle_annotation/annotator_A/crops/455829cbeec820437ba3.jpg
m4-071-final-v1,A,6c5d88465b38e3580f7d,a045624f9e99e5bc,DIOR-R,1036,04e18403aabaabf20c159c08e0edf8b76ac15b8f7a0e91367b96cb1e6537f1f5,/home/rspip/cqc/pro/study/orientbench/annotation_tools/m4_angle_annotation/annotator_A/crops/6c5d88465b38e3580f7d.jpg
m4-071-final-v1,A,41430e4cc6371882a85e,bdc8abbd6b2cc73d,SODA-A,1037,821a8f315427a7418309ac4caa0d12c5b02f5f0a133c0a178947803eec4e3e31,/home/rspip/cqc/pro/study/orientbench/annotation_tools/m4_angle_annotation/annotator_A/crops/41430e4cc6371882a85e.jpg
m4-071-final-v1,A,6de3dd7962fa65885023,957b854dfcfb1140,FAIR1M-v1.0,1038,dc76098a93aec97206a14c4d29882149c8801d6ab5deb761a4591d19893ad844,/home/rspip/cqc/pro/study/orientbench/annotation_tools/m4_angle_annotation/annotator_A/crops/6de3dd7962fa65885023.jpg
m4-071-final-v1,A,7059c78a68f91652bbfb,bb8ead5cd5a656ca,DIOR-R,1039,54496cebb4955308137cdee27c51d3340e83ec65d42ebca5e210671b922d5899,/home/rspip/cqc/pro/study/orientbench/annotation_tools/m4_angle_annotation/annotator_A/crops/7059c78a68f91652bbfb.jpg
m4-071-final-v1,A,0b8fa8f9a704c782e622,e4d17c76f4dae12a,FAIR1M-v1.0,1040,f4c46b6bf858bfabb8ca00f63b99815f8371cb2eef646dd57cfa43487b2c29ba,/home/rspip/cqc/pro/study/orientbench/annotation_tools/m4_angle_annotation/annotator_A/crops/0b8fa8f9a704c782e622.jpg
m4-071-final-v1,A,2a748c4fcdafc98faeda,8c7dee6217c4134c,FAIR1M-v1.0,1041,081b79c543fd9df3c8f70795c0f0d13862210f9cb8c2135afd05f9e4bc1b4bea,/home/rspip/cqc/pro/study/orientbench/annotation_tools/m4_angle_annotation/annotator_A/crops/2a748c4fcdafc98faeda.jpg
m4-071-final-v1,A,0ee02eaadf3670655c24,e8811505982c24e9,FAIR1M-v1.0,1042,df6d0d1c3369a5b0b5d0d27d0d55a3fbad51a7135e654b8bd6f50f1961b9fc46,/home/rspip/cqc/pro/study/orientbench/annotation_tools/m4_angle_annotation/annotator_A/crops/0ee02eaadf3670655c24.jpg
m4-071-final-v1,A,9342e38db5762be6f0af,c2331deb4b0d8dbe,DIOR-R,1043,58de665b6a61df274cdab5249d59d95ee7913dcd6886c7c8d2ea8daf2e331ecb,/home/rspip/cqc/pro/study/orientbench/annotation_tools/m4_angle_annotation/annotator_A/crops/9342e38db5762be6f0af.jpg
m4-071-final-v1,A,c105dd3cda2dbb9d0be3,39ab1ee346764d87,FAIR1M-v1.0,1044,f176c1bcfa06c48d213f57bfb247ccb065056a1399c637e39d9f6f502eb7c33d,/home/rspip/cqc/pro/study/orientbench/annotation_tools/m4_angle_annotation/annotator_A/crops/c105dd3cda2dbb9d0be3.jpg
m4-071-final-v1,A,4e2ca194156a8b055e7d,c5903372d15b5bbe,DIOR-R,1045,c12bd49a8bfd0366502c77f4bd2b51c6c16e0f3f70285cf6da2bbea663843a8d,/home/rspip/cqc/pro/study/orientbench/annotation_tools/m4_angle_annotation/annotator_A/crops/4e2ca194156a8b055e7d.jpg
m4-071-final-v1,A,18c7818a351fa5f266ea,f61c30c602c2ef1e,DIOR-R,1046,76743448f1d10488646025113e2627965ac4a34765d4c7fd14129d4621f0eb87,/home/rspip/cqc/pro/study/orientbench/annotation_tools/m4_angle_annotation/annotator_A/crops/18c7818a351fa5f266ea.jpg
m4-071-final-v1,A,6b992edb5dfe22115b3b,a7c8782b28247cf2,DIOR-R,1047,5f514b29d8166c438b01b641cb6a22ab67fb4052b0cd5136f64d9ca9f7954dc0,/home/rspip/cqc/pro/study/orientbench/annotation_tools/m4_angle_annotation/annotator_A/crops/6b992edb5dfe22115b3b.jpg
m4-071-final-v1,A,6a2669e5694ed4eb4fc9,c8f1eeb1ae855f7b,FAIR1M-v1.0,1048,9ac3a7b6e3b2fa42192366af1a738c75bff6ef1d6773d43158d808f10f908fbd,/home/rspip/cqc/pro/study/orientbench/annotation_tools/m4_angle_annotation/annotator_A/crops/6a2669e5694ed4eb4fc9.jpg
m4-071-final-v1,A,8d5cebd382f89bcc3557,be823328005111e7,FAIR1M-v1.0,1049,acce7c0392ebe9a4f86a50cf10f89cc1ef23392f7f6b0a71c6b8afdd05ad2a77,/home/rspip/cqc/pro/study/orientbench/annotation_tools/m4_angle_annotation/annotator_A/crops/8d5cebd382f89bcc3557.jpg
m4-071-final-v1,A,e7a0a4b095199c172b05,24a204304943515f,FAIR1M-v1.0,1050,cb18b4a6282c68fac85978b1d02d92a68b05e8675f6f1009218168c3035dba79,/home/rspip/cqc/pro/study/orientbench/annotation_tools/m4_angle_annotation/annotator_A/crops/e7a0a4b095199c172b05.jpg
m4-071-final-v1,A,5334b768a83490d40c8f,2b4f50e65e28be6e,FAIR1M-v1.0,1051,176169d778ee47c598a62736acf3f6882acd58ec5794754cbfc7cbf363fb1d62,/home/rspip/cqc/pro/study/orientbench/annotation_tools/m4_angle_annotation/annotator_A/crops/5334b768a83490d40c8f.jpg
m4-071-final-v1,A,4540d0bc4a3cf7beb796,323c850622ad711c,FAIR1M-v1.0,1052,60329e4c56e6024bf5a10498bca79b6db28932da465a85e143fae295b4f16f1e,/home/rspip/cqc/pro/study/orientbench/annotation_tools/m4_angle_annotation/annotator_A/crops/4540d0bc4a3cf7beb796.jpg
m4-071-final-v1,A,5541fc0e14a9ec4755e2,6a9ccf6a87090b46,SODA-A,1053,b6af0b6f7bb4619240cd008067a4c9b76ab0b2ec69067568770c80a1aa655351,/home/rspip/cqc/pro/study/orientbench/annotation_tools/m4_angle_annotation/annotator_A/crops/5541fc0e14a9ec4755e2.jpg
m4-071-final-v1,A,d7290a6e6886d4036607,5c5bb22611136d7c,SODA-A,1054,ffca2be787348b39d74d92da20a09de49d5aa140a56d6450336ef4564d1119ae,/home/rspip/cqc/pro/study/orientbench/annotation_tools/m4_angle_annotation/annotator_A/crops/d7290a6e6886d4036607.jpg
m4-071-final-v1,A,4df4301841429e97adec,5e80ffafc55d816f,SODA-A,1055,4fde05f18db3ce1be620bfbce4ad7b89a014eb12536d96b3a17357e64fcce10b,/home/rspip/cqc/pro/study/orientbench/annotation_tools/m4_angle_annotation/annotator_A/crops/4df4301841429e97adec.jpg
m4-071-final-v1,A,b770056d648d795400fe,35731e043482a005,SODA-A,1056,f640d44cb5d3273d0622a432d996593ebc037fc206e6ebab2afb1dfef7c91a27,/home/rspip/cqc/pro/study/orientbench/annotation_tools/m4_angle_annotation/annotator_A/crops/b770056d648d795400fe.jpg
m4-071-final-v1,A,747125bfd4b59af6fd71,7c74cc46443a6209,FAIR1M-v1.0,1057,2a8f82f81a73fa4359449435024dd31224c9910eb25acd83efe10af32c2c45cd,/home/rspip/cqc/pro/study/orientbench/annotation_tools/m4_angle_annotation/annotator_A/crops/747125bfd4b59af6fd71.jpg
m4-071-final-v1,A,5321fc47aadc3da1486e,5d5f74c1fcfdb63e,DIOR-R,1058,7f44ee41abe76e7ecd9e935db3242ed5e47462a970ac7e7838f16a525322da1c,/home/rspip/cqc/pro/study/orientbench/annotation_tools/m4_angle_annotation/annotator_A/crops/5321fc47aadc3da1486e.jpg
m4-071-final-v1,A,840bade55d0fee1488e1,59b6fa216786128c,SODA-A,1059,0da2e004a07335068e913282e112ce540da20216d929d666de74e75611b4207e,/home/rspip/cqc/pro/study/orientbench/annotation_tools/m4_angle_annotation/annotator_A/crops/840bade55d0fee1488e1.jpg
m4-071-final-v1,A,7a2f5fc67baaf1c21ccc,1a52dc59ee7b2735,FAIR1M-v1.0,1060,d650beab956d1d8bffbdc52de30b8aa5c6960b67f5063220e6e34866baad4431,/home/rspip/cqc/pro/study/orientbench/annotation_tools/m4_angle_annotation/annotator_A/crops/7a2f5fc67baaf1c21ccc.jpg
m4-071-final-v1,A,2c02decff1f69c6ed096,4c4bc06dbe1afc33,DIOR-R,1061,f3521b4bdefe816edcc2e20592217f353ddbf6f9c5376dd6eb86c7886928cfd6,/home/rspip/cqc/pro/study/orientbench/annotation_tools/m4_angle_annotation/annotator_A/crops/2c02decff1f69c6ed096.jpg
m4-071-final-v1,A,4c2fa30c7b613377c50d,2c49743b09b62512,DIOR-R,1062,9be8dc64a8280e8d9cce5f7123de61187e7b04f488827394872f9c603727f2e5,/home/rspip/cqc/pro/study/orientbench/annotation_tools/m4_angle_annotation/annotator_A/crops/4c2fa30c7b613377c50d.jpg
m4-071-final-v1,A,063b1c418ce0623a6bda,84149baf0b692659,FAIR1M-v1.0,1063,eb52d11ca85ba94887866dfe12b9fd3813e54a09adb144b6d79b2e2f58865faf,/home/rspip/cqc/pro/study/orientbench/annotation_tools/m4_angle_annotation/annotator_A/crops/063b1c418ce0623a6bda.jpg
m4-071-final-v1,A,110814b09c3a73235937,08a7efda2a2b21b5,FAIR1M-v1.0,1064,d97329c04e1f0743ca516a82bb11dc0d9c588e0d158f61b5387ee6d127cc6557,/home/rspip/cqc/pro/study/orientbench/annotation_tools/m4_angle_annotation/annotator_A/crops/110814b09c3a73235937.jpg
m4-071-final-v1,A,20f4c36ec88c4afc2fe0,9cbeec419f3af8fa,FAIR1M-v1.0,1065,d002440ab37b6610b305f8fef4447e9808acf466dc6f87ece13ebf6b7be178f7,/home/rspip/cqc/pro/study/orientbench/annotation_tools/m4_angle_annotation/annotator_A/crops/20f4c36ec88c4afc2fe0.jpg
m4-071-final-v1,A,b7e0c34a7d7e8807821a,3cc88ca4aabe17e3,SODA-A,1066,b83d068dda3d2eef030870602a07ff80800f30f832f4794792ca6a4fedbdd5d5,/home/rspip/cqc/pro/study/orientbench/annotation_tools/m4_angle_annotation/annotator_A/crops/b7e0c34a7d7e8807821a.jpg
m4-071-final-v1,A,39368ee86ed06deb12e6,af7a4e6539fa0c00,SODA-A,1067,6c5ac083cb333dab395500e5378ec18fd8a149d61b0af62e1bcd077132059833,/home/rspip/cqc/pro/study/orientbench/annotation_tools/m4_angle_annotation/annotator_A/crops/39368ee86ed06deb12e6.jpg
m4-071-final-v1,A,33907126b0fb569b1c2a,35c2702cdbfcac43,DIOR-R,1068,032882d62f3fcf3cfada38c9ed54de0573c596b81cbd213b2b14bbba60da33bc,/home/rspip/cqc/pro/study/orientbench/annotation_tools/m4_angle_annotation/annotator_A/crops/33907126b0fb569b1c2a.jpg
m4-071-final-v1,A,952a90c89e3f75cdbee1,c8387ccee416def5,FAIR1M-v1.0,1069,74a7ec9d58594a4a61920b8abf2356c71f9b596630af2b6dc3066531019aeab0,/home/rspip/cqc/pro/study/orientbench/annotation_tools/m4_angle_annotation/annotator_A/crops/952a90c89e3f75cdbee1.jpg
m4-071-final-v1,A,279158378404092657b0,ae7b8ed1e8fb16ec,SODA-A,1070,ce715a762874c4afeef2c7bec07aca181fe88b868c6473e5c205b092f10dbeb7,/home/rspip/cqc/pro/study/orientbench/annotation_tools/m4_angle_annotation/annotator_A/crops/279158378404092657b0.jpg
m4-071-final-v1,A,95eb795396bc3e2d4d4d,ba2018c83df46d8c,DIOR-R,1071,f7fcbff2a5761e1648e49cbe641978cd718338d06266684e0f9d235fcbea6d6c,/home/rspip/cqc/pro/study/orientbench/annotation_tools/m4_angle_annotation/annotator_A/crops/95eb795396bc3e2d4d4d.jpg
m4-071-final-v1,A,e503eaa7ff217deabd3e,0726c25ff3e6cc24,DIOR-R,1072,7a1dd5aba9877be3010c24a268c729bd89ebb6a8f946be6e532d4f7eb0fa1e84,/home/rspip/cqc/pro/study/orientbench/annotation_tools/m4_angle_annotation/annotator_A/crops/e503eaa7ff217deabd3e.jpg
m4-071-final-v1,A,3f00b998963d583a9b71,c4a94af9179c2e29,FAIR1M-v1.0,1073,43105d9ab3f85477e9d8374472aaf2cb8199c7e045ec89f606fb5a5357b6335f,/home/rspip/cqc/pro/study/orientbench/annotation_tools/m4_angle_annotation/annotator_A/crops/3f00b998963d583a9b71.jpg
m4-071-final-v1,A,bd3afa86d7131546e5a8,41548f19808c51aa,DIOR-R,1074,54e5170d0dc1c2041c119324a67d96e5e728cd0b84d5afc377ae587e7874459a,/home/rspip/cqc/pro/study/orientbench/annotation_tools/m4_angle_annotation/annotator_A/crops/bd3afa86d7131546e5a8.jpg
m4-071-final-v1,A,4d9f9f7c26b3cfd29ca9,3879289f1e30f2ca,DIOR-R,1075,bedf2ab7e94dbc086fde4c8d912f243adce3ec6d4f714fec9a2982e2113bec45,/home/rspip/cqc/pro/study/orientbench/annotation_tools/m4_angle_annotation/annotator_A/crops/4d9f9f7c26b3cfd29ca9.jpg
m4-071-final-v1,A,53581f90d369b5f712b5,2d5f5df4f0508661,SODA-A,1076,2eec54a31aa854488eee0004fef194b6acad040a675a3fed0b467970cb76278f,/home/rspip/cqc/pro/study/orientbench/annotation_tools/m4_angle_annotation/annotator_A/crops/53581f90d369b5f712b5.jpg
m4-071-final-v1,A,949b63e3951630a2edd9,b8d86fb8d69e813d,SODA-A,1077,7097a72b8e13419c72fef6374f80fd4777a31ef3ff5e5989aa8f6b8f6ef333a3,/home/rspip/cqc/pro/study/orientbench/annotation_tools/m4_angle_annotation/annotator_A/crops/949b63e3951630a2edd9.jpg
m4-071-final-v1,A,6cf619c7aa0078991752,57072f24eaa4aad0,SODA-A,1078,46b65434c93e6f98d6d67edaa5773de4312fe4caba30f743d6d429dccc2686ba,/home/rspip/cqc/pro/study/orientbench/annotation_tools/m4_angle_annotation/annotator_A/crops/6cf619c7aa0078991752.jpg
m4-071-final-v1,A,8865dfa5f7483fbf8df3,40c860f6e62928f4,FAIR1M-v1.0,1079,91689040af8b0150bb8ba750b41fd2656e819d4402f4895b2e0be8fe03365936,/home/rspip/cqc/pro/study/orientbench/annotation_tools/m4_angle_annotation/annotator_A/crops/8865dfa5f7483fbf8df3.jpg
m4-071-final-v1,A,0c071adb1b5604ae783a,de5758edb422a308,SODA-A,1080,f6806e0130a822a09da4134f96287ee5b6e1447200e0901c4668a461e7282319,/home/rspip/cqc/pro/study/orientbench/annotation_tools/m4_angle_annotation/annotator_A/crops/0c071adb1b5604ae783a.jpg
m4-071-final-v1,A,6f00f7b3ebc5ec3b4652,b33083659cc1f98f,SODA-A,1081,cbe244682e33a1cf8ddd219a06bd950dbc55be546fa8fcc2a7a6752f4e53dd00,/home/rspip/cqc/pro/study/orientbench/annotation_tools/m4_angle_annotation/annotator_A/crops/6f00f7b3ebc5ec3b4652.jpg
m4-071-final-v1,A,6c3b9627b58185f1be7e,64756a4061dbf308,SODA-A,1082,790ca4a292704d4a5c7cd5999c04c80bbac572f021a5e83c7074d5e1aceb6a06,/home/rspip/cqc/pro/study/orientbench/annotation_tools/m4_angle_annotation/annotator_A/crops/6c3b9627b58185f1be7e.jpg
m4-071-final-v1,A,34ef30d10ba7deb2cdb9,95e8ac71f659f72c,SODA-A,1083,cba24f8e987c1b0fecb118cbd08d21933e1a85502726aefbe6d632cc38214fde,/home/rspip/cqc/pro/study/orientbench/annotation_tools/m4_angle_annotation/annotator_A/crops/34ef30d10ba7deb2cdb9.jpg
m4-071-final-v1,A,8a9c946acd0203f0d08b,3070f2ae52abf773,FAIR1M-v1.0,1084,0ef5845a34ff78f5b2dff5a077762d881a93d606671a7431cda6d6950451cba6,/home/rspip/cqc/pro/study/orientbench/annotation_tools/m4_angle_annotation/annotator_A/crops/8a9c946acd0203f0d08b.jpg
m4-071-final-v1,A,c1ba37571dfe99f51efa,32222327ec5335cf,DIOR-R,1085,528d60274bc71176330b3987b927cbebd69a0e96057e1f1d427046e3243c2f9e,/home/rspip/cqc/pro/study/orientbench/annotation_tools/m4_angle_annotation/annotator_A/crops/c1ba37571dfe99f51efa.jpg
m4-071-final-v1,A,f9323091f78277982e19,92aaacdf49c5a0df,DIOR-R,1086,cee5b67ebe367700fd56ea09c0e99cb2f1df239cb98a08b8d320c41347dbb3c4,/home/rspip/cqc/pro/study/orientbench/annotation_tools/m4_angle_annotation/annotator_A/crops/f9323091f78277982e19.jpg
m4-071-final-v1,A,01d0ad19205eeb9fb5f0,99fdf359ec262dcf,DIOR-R,1087,1d02fbc27fb2b21fc63b71a086e743cef73c741233b65477d0cbf0870a130b82,/home/rspip/cqc/pro/study/orientbench/annotation_tools/m4_angle_annotation/annotator_A/crops/01d0ad19205eeb9fb5f0.jpg
m4-071-final-v1,A,c6d6020f321e26c76c22,5668d64fa67d686b,FAIR1M-v1.0,1088,a41b526d644fa65e43ec50f1b6b1c0a9c0c7cf3b7c98bc3edf6d3d115e39ce7d,/home/rspip/cqc/pro/study/orientbench/annotation_tools/m4_angle_annotation/annotator_A/crops/c6d6020f321e26c76c22.jpg
m4-071-final-v1,A,a3d924a42d1851ae8077,5f10b5fbca706179,SODA-A,1089,345995d495e4e530465128584e6a6fd5c413867319eb03abadd399dd69dd37cd,/home/rspip/cqc/pro/study/orientbench/annotation_tools/m4_angle_annotation/annotator_A/crops/a3d924a42d1851ae8077.jpg
m4-071-final-v1,A,72c2305469b47b2e89b4,a19bdbe0b262029a,FAIR1M-v1.0,1090,b451962859f1b9d456acddcf36aa8edbd94d4e33dbcf764963cd2299aa7cbf1b,/home/rspip/cqc/pro/study/orientbench/annotation_tools/m4_angle_annotation/annotator_A/crops/72c2305469b47b2e89b4.jpg
m4-071-final-v1,A,88cdba1eba271535f5b7,c2d0329b753acbe4,SODA-A,1091,eb1c25ea5ede1dda101c674353cbe7a9845a6c5fc3ff6d258fcff58f06d79c9e,/home/rspip/cqc/pro/study/orientbench/annotation_tools/m4_angle_annotation/annotator_A/crops/88cdba1eba271535f5b7.jpg
m4-071-final-v1,A,926ecc25a053084c5645,de1e73cb729ae56f,SODA-A,1092,6b94ce8bae79a6f7ef441683553d169983a8bb6852b0c7212fcb322448eab269,/home/rspip/cqc/pro/study/orientbench/annotation_tools/m4_angle_annotation/annotator_A/crops/926ecc25a053084c5645.jpg
m4-071-final-v1,A,43b346a95857f218de2d,263935fbaad96979,SODA-A,1093,83181e8a4e7bd271a198a6d75c7869844add1df74ec0e20bee56a3d75a8122ce,/home/rspip/cqc/pro/study/orientbench/annotation_tools/m4_angle_annotation/annotator_A/crops/43b346a95857f218de2d.jpg
m4-071-final-v1,A,c5620ee98f5a9625270c,7b779393fba89458,FAIR1M-v1.0,1094,ecef8bfe913dec15eb10a20081ea2fd4e83c3ef572b1bfe2c7ec3235e613f847,/home/rspip/cqc/pro/study/orientbench/annotation_tools/m4_angle_annotation/annotator_A/crops/c5620ee98f5a9625270c.jpg
m4-071-final-v1,A,78e2dbb0eccfc4d1cf5c,7a59e74152b5f97f,DIOR-R,1095,65cd3f640605fb39318047c975c1479278b83e989519f4e2f687afd55917dac9,/home/rspip/cqc/pro/study/orientbench/annotation_tools/m4_angle_annotation/annotator_A/crops/78e2dbb0eccfc4d1cf5c.jpg
m4-071-final-v1,A,68aba806aae840e6fcfc,1fa913c92bd61305,FAIR1M-v1.0,1096,650428a25ade3f148226630f9c973249391b7276d2e25cc373b640529e226184,/home/rspip/cqc/pro/study/orientbench/annotation_tools/m4_angle_annotation/annotator_A/crops/68aba806aae840e6fcfc.jpg
m4-071-final-v1,A,b125335f051253089c4f,8e5142c19b9f51a5,DIOR-R,1097,32112fd7c00234fd64aba802ac32fce9fb2ebf4bb523ae482b513554a7d0d698,/home/rspip/cqc/pro/study/orientbench/annotation_tools/m4_angle_annotation/annotator_A/crops/b125335f051253089c4f.jpg
m4-071-final-v1,A,c3e575821802abfc8390,d77a1247d5dceb94,DIOR-R,1098,760396ffd4b26bd7f9194d487bfab5de44d16ca3f8e87ea9451c3525c4a1b28f,/home/rspip/cqc/pro/study/orientbench/annotation_tools/m4_angle_annotation/annotator_A/crops/c3e575821802abfc8390.jpg
m4-071-final-v1,A,acebfb2e63c2a365f113,e74ebbef75369fb2,SODA-A,1099,f3d73d1e81f2e8ed4310a86a482f1deea887a26ea70643f6f43f52d571168321,/home/rspip/cqc/pro/study/orientbench/annotation_tools/m4_angle_annotation/annotator_A/crops/acebfb2e63c2a365f113.jpg
m4-071-final-v1,A,0400f68bdbdc1ffce587,829a3afc69a9658a,DIOR-R,1100,bf5e78713caef86c75f021b09a35426e299f2e82bad91980e45c94efbac01f87,/home/rspip/cqc/pro/study/orientbench/annotation_tools/m4_angle_annotation/annotator_A/crops/0400f68bdbdc1ffce587.jpg
m4-071-final-v1,A,433a76e04f27730fc85e,728b2a0572cba073,SODA-A,1101,d0b425390ac0e957283d2c3f35ca8353b2b3df8e34d31f870636ac030f53033c,/home/rspip/cqc/pro/study/orientbench/annotation_tools/m4_angle_annotation/annotator_A/crops/433a76e04f27730fc85e.jpg
m4-071-final-v1,A,b5eaa7ac9ec07ab6fec7,be55320ecb7f1414,DIOR-R,1102,1608b4ed0063706db095f1cf7f7cbcaa29fd3413dab5163d638a9fa9c46a9223,/home/rspip/cqc/pro/study/orientbench/annotation_tools/m4_angle_annotation/annotator_A/crops/b5eaa7ac9ec07ab6fec7.jpg
m4-071-final-v1,A,af5c6f539173c6495d5f,dc02150225901330,FAIR1M-v1.0,1103,fc96cd9df05d327f72c328c0d81745dd4cb823f22d9e4c6cc3c80db9402aa605,/home/rspip/cqc/pro/study/orientbench/annotation_tools/m4_angle_annotation/annotator_A/crops/af5c6f539173c6495d5f.jpg
m4-071-final-v1,A,6c00424a9c2ecf4e0394,425950d015af9521,FAIR1M-v1.0,1104,8a5d88d64589a91d24191917c5acb07f3332ce72a2ddfee9af9d2fca1abdfa11,/home/rspip/cqc/pro/study/orientbench/annotation_tools/m4_angle_annotation/annotator_A/crops/6c00424a9c2ecf4e0394.jpg
m4-071-final-v1,A,08bb1f7a1528ac4f1009,287b98eb612cfb38,DIOR-R,1105,83ed5813002f6fc7ff7876f32385de2991a17cda4e487560421f5eacbf97327d,/home/rspip/cqc/pro/study/orientbench/annotation_tools/m4_angle_annotation/annotator_A/crops/08bb1f7a1528ac4f1009.jpg
m4-071-final-v1,A,78eab127199ab5dc2fb8,9faf399364166503,DIOR-R,1106,361d2a9621fb020cacf99ea98c64c4cdf6e7537359921f0ca4bf67eee69e5e44,/home/rspip/cqc/pro/study/orientbench/annotation_tools/m4_angle_annotation/annotator_A/crops/78eab127199ab5dc2fb8.jpg
m4-071-final-v1,A,b62552770533f21cffd9,c8cd294802d6cde2,SODA-A,1107,be7b9f8a73e6996e271b35b794993d9001789fbe949a34337159f103598bbc19,/home/rspip/cqc/pro/study/orientbench/annotation_tools/m4_angle_annotation/annotator_A/crops/b62552770533f21cffd9.jpg
m4-071-final-v1,A,63783a377f2346e20695,0c83b4ceead03ed5,DIOR-R,1108,7bb46222fd96d01d49f5ff2fe23a1a8db6cdf4ee010f568b335d06043f7de5b4,/home/rspip/cqc/pro/study/orientbench/annotation_tools/m4_angle_annotation/annotator_A/crops/63783a377f2346e20695.jpg
m4-071-final-v1,A,443abbb3cd053f4ec198,b6f0423192726018,DIOR-R,1109,e5aafb7858db4e8f845ffb76e3a17929ec2be9d1f1ee749506e4cd802c46004f,/home/rspip/cqc/pro/study/orientbench/annotation_tools/m4_angle_annotation/annotator_A/crops/443abbb3cd053f4ec198.jpg
m4-071-final-v1,A,b9a0e68b0546c396ce26,87923b58d21854a0,DIOR-R,1110,6cde820c37e862056fd99f323d808f5b9df60d351c2e8482fce27ef2a454d61d,/home/rspip/cqc/pro/study/orientbench/annotation_tools/m4_angle_annotation/annotator_A/crops/b9a0e68b0546c396ce26.jpg
m4-071-final-v1,A,aecf0ba349f5d6279d9c,bb54e96164aa272d,DIOR-R,1111,925c23078c3dae4788b57b74337662b800d770493ccb3d73186a211431f4ac48,/home/rspip/cqc/pro/study/orientbench/annotation_tools/m4_angle_annotation/annotator_A/crops/aecf0ba349f5d6279d9c.jpg
m4-071-final-v1,A,a158258da84388fda3cf,a25d8b1cd028da04,SODA-A,1112,19b5f21cfdd8f5e28884bc4146907e7f92d86ccd161d8540f68407d370eeec1e,/home/rspip/cqc/pro/study/orientbench/annotation_tools/m4_angle_annotation/annotator_A/crops/a158258da84388fda3cf.jpg
m4-071-final-v1,A,f1fc1baee76e3f6bd1b3,04ff9dda3c4b089d,FAIR1M-v1.0,1113,f4b74b2372626b3cb6204fb8abfa4800a1a5d9e5cb588f36c50e6580b0feff12,/home/rspip/cqc/pro/study/orientbench/annotation_tools/m4_angle_annotation/annotator_A/crops/f1fc1baee76e3f6bd1b3.jpg
m4-071-final-v1,A,f16b1d79eae91c830e4b,ece3772125109f2a,FAIR1M-v1.0,1114,b8d6e25a84eb8385fa45c575f453b27ff8c2263a0cf7d14fe5827bfb4b773316,/home/rspip/cqc/pro/study/orientbench/annotation_tools/m4_angle_annotation/annotator_A/crops/f16b1d79eae91c830e4b.jpg
m4-071-final-v1,A,02567cf454d65bbb28ba,c41482ac1b072e7c,DIOR-R,1115,b4a34491f0cbe4bc271a618f0615a1c036906029a9d170e6475c8adc8d272e56,/home/rspip/cqc/pro/study/orientbench/annotation_tools/m4_angle_annotation/annotator_A/crops/02567cf454d65bbb28ba.jpg
m4-071-final-v1,A,1f85f7c66fc0794b4b18,ef5d83e9cb6283ea,DIOR-R,1116,d9c837e54765374098318fcaa94078caf35bdcd87887858fb278af4d2305f57b,/home/rspip/cqc/pro/study/orientbench/annotation_tools/m4_angle_annotation/annotator_A/crops/1f85f7c66fc0794b4b18.jpg
m4-071-final-v1,A,a363082ce3ae00563e26,28867127259fe47e,FAIR1M-v1.0,1117,a11d0f9f0a4e7f79c9afac669a032977cb177ca352f84caca7d510009753814c,/home/rspip/cqc/pro/study/orientbench/annotation_tools/m4_angle_annotation/annotator_A/crops/a363082ce3ae00563e26.jpg
m4-071-final-v1,A,e2f7e8edfaa31a5968d4,88ea3506d6dd588b,SODA-A,1118,8d37fc8202cd4bb6f93016cc3bcc1f65377f185278514b6278ebfb4cf442d61c,/home/rspip/cqc/pro/study/orientbench/annotation_tools/m4_angle_annotation/annotator_A/crops/e2f7e8edfaa31a5968d4.jpg
m4-071-final-v1,A,1772688ff6cc56d7099e,6099ac9fc258efd9,FAIR1M-v1.0,1119,be18a806b0d965d4190af789a6e1d30c2a4e4d3974609b508f73d8fba1bf5ad2,/home/rspip/cqc/pro/study/orientbench/annotation_tools/m4_angle_annotation/annotator_A/crops/1772688ff6cc56d7099e.jpg
m4-071-final-v1,A,3cae853a54447a3346d2,5f937faab70036f1,FAIR1M-v1.0,1120,351618f54b61838448ddd410106ec9b7d367197e51024252acd20490a10152ed,/home/rspip/cqc/pro/study/orientbench/annotation_tools/m4_angle_annotation/annotator_A/crops/3cae853a54447a3346d2.jpg
m4-071-final-v1,A,d7e8537d6a4e47ec4a01,43ec97b303629a83,FAIR1M-v1.0,1121,5ce1906c091c902b4953a096f77bcd9cf8b9be5a53d702b8698ef2a6f2dbf5cd,/home/rspip/cqc/pro/study/orientbench/annotation_tools/m4_angle_annotation/annotator_A/crops/d7e8537d6a4e47ec4a01.jpg
m4-071-final-v1,A,22a542d9d61970eb6ce2,88f2e1f711ff09d5,FAIR1M-v1.0,1122,8263236705d1f9f926f1c0a2de73c448f07abbdf5465d2b040ac69df57cff3e4,/home/rspip/cqc/pro/study/orientbench/annotation_tools/m4_angle_annotation/annotator_A/crops/22a542d9d61970eb6ce2.jpg
m4-071-final-v1,A,e80f5707f50a36d20e54,5e04f2ce91d367ce,DIOR-R,1123,2e3c2b7423cd58e967689047f1d3212fc99eebf74e844eb3265b15a021af145d,/home/rspip/cqc/pro/study/orientbench/annotation_tools/m4_angle_annotation/annotator_A/crops/e80f5707f50a36d20e54.jpg
m4-071-final-v1,A,b852b86775507d9546d7,7384df55300f565c,SODA-A,1124,a240005feaa7c3b56748a0d0d7f725d42bfdcb6eaa15ea689459936d57653851,/home/rspip/cqc/pro/study/orientbench/annotation_tools/m4_angle_annotation/annotator_A/crops/b852b86775507d9546d7.jpg
m4-071-final-v1,A,a97bb018a333cd4ba40e,fae7e864a1858715,SODA-A,1125,2966c0e4400831349ebe5135b2fe9369f8dff0570864694b902e7c321147a9ee,/home/rspip/cqc/pro/study/orientbench/annotation_tools/m4_angle_annotation/annotator_A/crops/a97bb018a333cd4ba40e.jpg
m4-071-final-v1,A,9c71703c7fb113fff010,36398e51d6143a74,DIOR-R,1126,c5faeff7ba4bb302840fdf292da5272bc903d7882a3b82d3076f5e090969a721,/home/rspip/cqc/pro/study/orientbench/annotation_tools/m4_angle_annotation/annotator_A/crops/9c71703c7fb113fff010.jpg
m4-071-final-v1,A,d3fd6cce2e2fffdbbf54,9faeea73f4bcdb39,FAIR1M-v1.0,1127,fe95ee8b477723268b07f4b9c3a992aa05f6cfb8cd3a6ab06d0cc5e0d5368dc0,/home/rspip/cqc/pro/study/orientbench/annotation_tools/m4_angle_annotation/annotator_A/crops/d3fd6cce2e2fffdbbf54.jpg
m4-071-final-v1,A,cf81f34c31d600ea6b77,3484ac67ffecc278,FAIR1M-v1.0,1128,fdb070eefc6b7bbe10d7e96f18185db53a034ec6c28cc3cc69ca9cea98de0ae0,/home/rspip/cqc/pro/study/orientbench/annotation_tools/m4_angle_annotation/annotator_A/crops/cf81f34c31d600ea6b77.jpg
m4-071-final-v1,A,d4e614207b22c8799497,d4d56b48c088ca41,FAIR1M-v1.0,1129,26e1e074bf2bacd77cbaf077d48ed06b924d0c66f91b06a6b1a054d5f9156eb6,/home/rspip/cqc/pro/study/orientbench/annotation_tools/m4_angle_annotation/annotator_A/crops/d4e614207b22c8799497.jpg
m4-071-final-v1,A,9742bd04573bd9659a27,be7ca0d1208c4662,FAIR1M-v1.0,1130,04e4902a49eda8b95f0327b1b87329477e509fe470c33e04c3272df5177fb5f5,/home/rspip/cqc/pro/study/orientbench/annotation_tools/m4_angle_annotation/annotator_A/crops/9742bd04573bd9659a27.jpg
m4-071-final-v1,A,bdf1a15732644d07f1bb,c89db780045b7d46,DIOR-R,1131,c81f9747f13cd5ba61c540a41023a15ec2011e241b1decc4b7a3282bd8c921fa,/home/rspip/cqc/pro/study/orientbench/annotation_tools/m4_angle_annotation/annotator_A/crops/bdf1a15732644d07f1bb.jpg
m4-071-final-v1,A,b80345ce3acf5213b185,b6639428d9803c71,SODA-A,1132,39637f19e86bff6a505ebd9634fec6ae2dfe7da2b439bd36ff3f86a96c9577c2,/home/rspip/cqc/pro/study/orientbench/annotation_tools/m4_angle_annotation/annotator_A/crops/b80345ce3acf5213b185.jpg
m4-071-final-v1,A,52ce735500830bc637aa,ef2c72ef25ef5764,DIOR-R,1133,7b434bb0682c4b9d131b5630ff1801a885eaac61de0dbdf247a68474f85e9f69,/home/rspip/cqc/pro/study/orientbench/annotation_tools/m4_angle_annotation/annotator_A/crops/52ce735500830bc637aa.jpg
m4-071-final-v1,A,ab23cc4b6586b54c89fb,6126ad83ebff5bce,SODA-A,1134,0e4ecc21e5fedb999ee2b49197834c59a091373c4e064c1d034f3b82ee064fee,/home/rspip/cqc/pro/study/orientbench/annotation_tools/m4_angle_annotation/annotator_A/crops/ab23cc4b6586b54c89fb.jpg
m4-071-final-v1,A,431d3be663dd2ef69516,192d5af75a345333,SODA-A,1135,84b06560e7b020ccb7a611c5e3bef18c7452608b6447b6948b37265809588648,/home/rspip/cqc/pro/study/orientbench/annotation_tools/m4_angle_annotation/annotator_A/crops/431d3be663dd2ef69516.jpg
m4-071-final-v1,A,105ce35cd04f155e329f,3579202ecfa3ba24,FAIR1M-v1.0,1136,e5111ef623a2e4c773ed78db91995123ea583229e431ca23f124e03195856244,/home/rspip/cqc/pro/study/orientbench/annotation_tools/m4_angle_annotation/annotator_A/crops/105ce35cd04f155e329f.jpg
m4-071-final-v1,A,8b39158308a93869662c,7e272100c70b3af2,SODA-A,1137,e5fc2bfc84b2d3a828bb2265e67e368d96eed7fbd585c5ef14ed3578d4aa223c,/home/rspip/cqc/pro/study/orientbench/annotation_tools/m4_angle_annotation/annotator_A/crops/8b39158308a93869662c.jpg
m4-071-final-v1,A,ef636471ec544bee1e0b,de8c55c9704b5cf3,DIOR-R,1138,7c5f2a07ad0f54248826b1ad027c7eb76881c0f61234c99cead506df84f9a16c,/home/rspip/cqc/pro/study/orientbench/annotation_tools/m4_angle_annotation/annotator_A/crops/ef636471ec544bee1e0b.jpg
m4-071-final-v1,A,53b5457e812181323137,c1e89aee6315e199,FAIR1M-v1.0,1139,ef4bf288cf85248d0825bdc6aa357b5564ef846a1e7e1948d2160dc8efa8bfc6,/home/rspip/cqc/pro/study/orientbench/annotation_tools/m4_angle_annotation/annotator_A/crops/53b5457e812181323137.jpg
m4-071-final-v1,A,fae822ceebf0734d479c,093230b0618021ef,SODA-A,1140,fc92c85045e5cc8780c7be86d276ab046c89e85a3fcd51de61871862d528a1e3,/home/rspip/cqc/pro/study/orientbench/annotation_tools/m4_angle_annotation/annotator_A/crops/fae822ceebf0734d479c.jpg
m4-071-final-v1,A,f9d2f5a0d4aead8ac597,908617d6f1763601,DIOR-R,1141,21cd8ba24bf8e8c7897630d7293831e26fdaba397468b43e462b2a90fd577e4f,/home/rspip/cqc/pro/study/orientbench/annotation_tools/m4_angle_annotation/annotator_A/crops/f9d2f5a0d4aead8ac597.jpg
m4-071-final-v1,A,8e0bc6e0a4f078fcfc46,e1f75a0920d39b66,DIOR-R,1142,f91298a14e3759c2796b1e064301fe497e5098af52858acd8e225ccfecdf49ab,/home/rspip/cqc/pro/study/orientbench/annotation_tools/m4_angle_annotation/annotator_A/crops/8e0bc6e0a4f078fcfc46.jpg
m4-071-final-v1,A,477a2f9ab79bcc79cf29,33c84656746f4079,DIOR-R,1143,9af315f8058cc3493de71b44da27a205bcd9ab99be5e0aad3599c363704abeff,/home/rspip/cqc/pro/study/orientbench/annotation_tools/m4_angle_annotation/annotator_A/crops/477a2f9ab79bcc79cf29.jpg
m4-071-final-v1,A,f7a3ec91f9b5ecbd7ead,f85a7daeac39ebeb,DIOR-R,1144,a62ed9fc9b9a5f1b25d6cdb4735070dcba67d54df17ea536967cac1ce06d5580,/home/rspip/cqc/pro/study/orientbench/annotation_tools/m4_angle_annotation/annotator_A/crops/f7a3ec91f9b5ecbd7ead.jpg
m4-071-final-v1,A,6db4aa3f72b323efcc19,f80adabc5f7a2106,SODA-A,1145,049d435ba114512c64739aea38e468e11225ef1d07fa51f12766bc90fb5eae5a,/home/rspip/cqc/pro/study/orientbench/annotation_tools/m4_angle_annotation/annotator_A/crops/6db4aa3f72b323efcc19.jpg
m4-071-final-v1,A,28b549ca69442bf6d41a,6f1a74b5be197d10,SODA-A,1146,44b2ee97799f7f71564190b71df58615a29b4d33f31f5513d2369e876c8ef8b1,/home/rspip/cqc/pro/study/orientbench/annotation_tools/m4_angle_annotation/annotator_A/crops/28b549ca69442bf6d41a.jpg
m4-071-final-v1,A,24fe7d48bf9e214862d7,2bd387d6b64035b8,FAIR1M-v1.0,1147,73e76592c33f39bad6644c0e77842bed3e1fa826d8b318f73f53fb84a06dba06,/home/rspip/cqc/pro/study/orientbench/annotation_tools/m4_angle_annotation/annotator_A/crops/24fe7d48bf9e214862d7.jpg
m4-071-final-v1,A,63ad6593fdd367d91909,83f702daca41a061,FAIR1M-v1.0,1148,d07df445de5092c4eeae05a22ea0c069f678f0b51c016bf1004d9c6b8b116e4d,/home/rspip/cqc/pro/study/orientbench/annotation_tools/m4_angle_annotation/annotator_A/crops/63ad6593fdd367d91909.jpg
m4-071-final-v1,A,aa1ca4ed1df28bd3b329,0794b11a5adfe70e,SODA-A,1149,717c7a04b36ccdef1c4aaf7c81a8f741a012e7789e4c57aaa5d421543400d80d,/home/rspip/cqc/pro/study/orientbench/annotation_tools/m4_angle_annotation/annotator_A/crops/aa1ca4ed1df28bd3b329.jpg
m4-071-final-v1,A,77940e5a7553b6076b8c,bf372f3cc23e5529,FAIR1M-v1.0,1150,d6dc9b9220961c04aecf1249401ad3e4407cf2ca92c0725772d847f488a8efcf,/home/rspip/cqc/pro/study/orientbench/annotation_tools/m4_angle_annotation/annotator_A/crops/77940e5a7553b6076b8c.jpg
m4-071-final-v1,A,89e47a2a97e6eed7b44d,9b9c469257106872,DIOR-R,1151,66ba6e3c2c6df5fb54c807e88760a124b480c0981f1d64fcd1a3233a9ebc956d,/home/rspip/cqc/pro/study/orientbench/annotation_tools/m4_angle_annotation/annotator_A/crops/89e47a2a97e6eed7b44d.jpg
m4-071-final-v1,A,44d46dca7a0eb2ab422b,2203f77e887352f1,SODA-A,1152,ca9b5c6a7df81e194dd6e46406de0fd70b4442ae73c20bb9e6aded1ecad00ce8,/home/rspip/cqc/pro/study/orientbench/annotation_tools/m4_angle_annotation/annotator_A/crops/44d46dca7a0eb2ab422b.jpg
m4-071-final-v1,A,e1e6729a3adc597b5271,48a7999aa027c8c2,SODA-A,1153,7ab57b869c65cbfb0d48c6afc12e374151e876241cec8b143b312db8aaf7b6bf,/home/rspip/cqc/pro/study/orientbench/annotation_tools/m4_angle_annotation/annotator_A/crops/e1e6729a3adc597b5271.jpg
m4-071-final-v1,A,2f92017e4d422dc4bd57,37f9dc1e0cef633d,SODA-A,1154,8eb3f5078d9215847893adfd5fda067f2dec82162b3f59f7ba1885ef50d1d6f6,/home/rspip/cqc/pro/study/orientbench/annotation_tools/m4_angle_annotation/annotator_A/crops/2f92017e4d422dc4bd57.jpg
m4-071-final-v1,A,1714ded0b228cf639f66,87f463762312eaaa,DIOR-R,1155,692331fbd28170466cbc52dbfe96a6d9296b0212809cdc249a24b6db83fe2fc5,/home/rspip/cqc/pro/study/orientbench/annotation_tools/m4_angle_annotation/annotator_A/crops/1714ded0b228cf639f66.jpg
m4-071-final-v1,A,c84d4bfe0e9bc0021317,1fd73de8e1b87575,DIOR-R,1156,fb84217768412e3edbaea7b5b328cb39ce0f97358590dae5ce8d1446522ab5a1,/home/rspip/cqc/pro/study/orientbench/annotation_tools/m4_angle_annotation/annotator_A/crops/c84d4bfe0e9bc0021317.jpg
m4-071-final-v1,A,8d13651c5bd6852d3aca,adf3be66a825e576,FAIR1M-v1.0,1157,95edad07b65a850d5447cdec23b6fd17b0b02e9e8fb1836ec3e84e7e4e279d11,/home/rspip/cqc/pro/study/orientbench/annotation_tools/m4_angle_annotation/annotator_A/crops/8d13651c5bd6852d3aca.jpg
m4-071-final-v1,A,9956e6522870c7e67ff0,282ec8bbf1e46398,SODA-A,1158,421572e1315988d858dbcf50c795db680edf699a1cde7e93b8a56956e0a0d983,/home/rspip/cqc/pro/study/orientbench/annotation_tools/m4_angle_annotation/annotator_A/crops/9956e6522870c7e67ff0.jpg
m4-071-final-v1,A,dd283422e55f6c2b1f54,ea5cf0f963a7aec8,SODA-A,1159,a1583e32d68407e7f9eac5d793340eb125d780b0d9bd3d0f745d340604abf11e,/home/rspip/cqc/pro/study/orientbench/annotation_tools/m4_angle_annotation/annotator_A/crops/dd283422e55f6c2b1f54.jpg
m4-071-final-v1,A,595f7df52edf013f5f37,602146743c3c34ee,DIOR-R,1160,ade82f5aeb09031668be0bed5bcf2b40cb78aa6b4dbafbda9613de46577c3f5b,/home/rspip/cqc/pro/study/orientbench/annotation_tools/m4_angle_annotation/annotator_A/crops/595f7df52edf013f5f37.jpg
m4-071-final-v1,A,e26951bf06c74f21d7ba,22df441a1592a226,DIOR-R,1161,1ef5861adf48660575fe5db67d72cdbfa332caa94c0172cdd074d96463cdf116,/home/rspip/cqc/pro/study/orientbench/annotation_tools/m4_angle_annotation/annotator_A/crops/e26951bf06c74f21d7ba.jpg
m4-071-final-v1,A,c259e7517976c80b231d,7336b07c471c4d11,FAIR1M-v1.0,1162,02f3de5173c80f6713082122d20f8631abf8d3340530880117c66e2daee237b8,/home/rspip/cqc/pro/study/orientbench/annotation_tools/m4_angle_annotation/annotator_A/crops/c259e7517976c80b231d.jpg
m4-071-final-v1,A,29848736194423815f22,fddc0a340fccefaf,FAIR1M-v1.0,1163,b42e92e00459ad9ebff11156deb43f329232a3280e96b78c2de423859dc8f8f8,/home/rspip/cqc/pro/study/orientbench/annotation_tools/m4_angle_annotation/annotator_A/crops/29848736194423815f22.jpg
m4-071-final-v1,A,9b08747803e32d5d0a24,d5ed0d2ebd211bc5,FAIR1M-v1.0,1164,1d20feafd840398ec67d61f27ba8e9150acb17c9cb3f7ad27bf8f5aac4b4d5fd,/home/rspip/cqc/pro/study/orientbench/annotation_tools/m4_angle_annotation/annotator_A/crops/9b08747803e32d5d0a24.jpg
m4-071-final-v1,A,e15674b9d2311f70fe1d,397fa883fb6fc516,DIOR-R,1165,4c16f305eb48df4b4d651c5a4591eb3628e8058ad8d4ce06fee7df3e279f8222,/home/rspip/cqc/pro/study/orientbench/annotation_tools/m4_angle_annotation/annotator_A/crops/e15674b9d2311f70fe1d.jpg
m4-071-final-v1,A,dfce009a972c7dadf9d4,afe8ec504af90e32,SODA-A,1166,cb53351bbeaaa16ed87fe11f820fabe50c9fda6c3abe0a3f2d1f6a5b1469e015,/home/rspip/cqc/pro/study/orientbench/annotation_tools/m4_angle_annotation/annotator_A/crops/dfce009a972c7dadf9d4.jpg
m4-071-final-v1,A,43051807f99132b24bfa,b690f145a939ddfe,SODA-A,1167,0bc3b87a34b93363877e2aae03680e2c86d0d36a8941f2db2fd4d5ffe914fa9c,/home/rspip/cqc/pro/study/orientbench/annotation_tools/m4_angle_annotation/annotator_A/crops/43051807f99132b24bfa.jpg
m4-071-final-v1,A,f9478a5934001d0c910b,2b64e0357a91791c,DIOR-R,1168,e68c3898da0a098e00acd714e00670790e60236991ca29e55ef21f012a1e8f26,/home/rspip/cqc/pro/study/orientbench/annotation_tools/m4_angle_annotation/annotator_A/crops/f9478a5934001d0c910b.jpg
m4-071-final-v1,A,68501568d806b3733f65,a1b5c18a8719cff5,DIOR-R,1169,80a338f305326ab6ff387934b9b7a320195574d3594f7cfe88edf46943d49315,/home/rspip/cqc/pro/study/orientbench/annotation_tools/m4_angle_annotation/annotator_A/crops/68501568d806b3733f65.jpg
m4-071-final-v1,A,7d17f5e287d064a52b0c,fbbdf92bf861d664,SODA-A,1170,137206229a0738a4eda16e63230e215375cd7383c13e2730c6bdb453322618e1,/home/rspip/cqc/pro/study/orientbench/annotation_tools/m4_angle_annotation/annotator_A/crops/7d17f5e287d064a52b0c.jpg
m4-071-final-v1,A,dd1811c84f8f0cf8626a,9aab655a9f5db6c7,DIOR-R,1171,40a28fa0eedf8f89bcd80c239d1ab0c0e6e12291174b5bc51ce8b319643ddb93,/home/rspip/cqc/pro/study/orientbench/annotation_tools/m4_angle_annotation/annotator_A/crops/dd1811c84f8f0cf8626a.jpg
m4-071-final-v1,A,fd2550d4497928a14350,e4784d7ae6efa1cb,DIOR-R,1172,ebf5c81afd40efb875c91ae96ebff548b28b05d3a60c49cd771a3f5388d3f15b,/home/rspip/cqc/pro/study/orientbench/annotation_tools/m4_angle_annotation/annotator_A/crops/fd2550d4497928a14350.jpg
m4-071-final-v1,A,2f16f9fd21999cd98143,4e9073d83bb188d9,DIOR-R,1173,2c30a7c44c3d8c7dc82dcc406d09a8ac853f06500246f14fde92c2acc48173b9,/home/rspip/cqc/pro/study/orientbench/annotation_tools/m4_angle_annotation/annotator_A/crops/2f16f9fd21999cd98143.jpg
m4-071-final-v1,A,fecde007633b71fcce98,fbba7e87094fa1aa,DIOR-R,1174,8971c57e4cd906cee8f894977c9a660e2411c6e3b9d54bb503e8422f4d9cee98,/home/rspip/cqc/pro/study/orientbench/annotation_tools/m4_angle_annotation/annotator_A/crops/fecde007633b71fcce98.jpg
m4-071-final-v1,A,8edaed8d8a0a8eae4d6b,e6fb0cb7a4b4661a,SODA-A,1175,42baf5c8ee345bef493eb94b6a0eebf755cb5bd29d0366c0900a5a902263d913,/home/rspip/cqc/pro/study/orientbench/annotation_tools/m4_angle_annotation/annotator_A/crops/8edaed8d8a0a8eae4d6b.jpg
m4-071-final-v1,A,2a362e2310370f96176d,4b2a9d276b16da45,FAIR1M-v1.0,1176,3488b87dca1d334ddacbc71141bd34924ba1dbc4a3ecf889c82be3df34a6882b,/home/rspip/cqc/pro/study/orientbench/annotation_tools/m4_angle_annotation/annotator_A/crops/2a362e2310370f96176d.jpg
m4-071-final-v1,A,aaeab52cd260cdc865d0,fab2521c6050a313,SODA-A,1177,00b35c07be10ab75944c3b97d8d7d9c6db153c5386d53cc756aac95b245707ea,/home/rspip/cqc/pro/study/orientbench/annotation_tools/m4_angle_annotation/annotator_A/crops/aaeab52cd260cdc865d0.jpg
m4-071-final-v1,A,531fe8d1dd774baa4918,e40a13084507e2d1,FAIR1M-v1.0,1178,b3b8d82b701080a91f68beed4f74b74d92b09c66ffba893645176d447567072f,/home/rspip/cqc/pro/study/orientbench/annotation_tools/m4_angle_annotation/annotator_A/crops/531fe8d1dd774baa4918.jpg
m4-071-final-v1,A,dc6c3b61e061fde2ea88,07dbc91f3360802a,FAIR1M-v1.0,1179,7a9170acb4430c02b7a8bb3feafbd319fe0dda72f4913cf235f16c11a4f16d1f,/home/rspip/cqc/pro/study/orientbench/annotation_tools/m4_angle_annotation/annotator_A/crops/dc6c3b61e061fde2ea88.jpg
m4-071-final-v1,A,07eacddf893a5ac04c29,1ade33eb8117030d,FAIR1M-v1.0,1180,64c286e5390ddfc9f9a1902f1f9a30008e2f6f7cd0bf3508c6489d844ee0dea7,/home/rspip/cqc/pro/study/orientbench/annotation_tools/m4_angle_annotation/annotator_A/crops/07eacddf893a5ac04c29.jpg
m4-071-final-v1,A,64462737db19b231df0d,a13704c6a4202608,DIOR-R,1181,43bc9908ea1b779a7ac8483a97dd50d14052de2d38198eae97cbed8a34d6e381,/home/rspip/cqc/pro/study/orientbench/annotation_tools/m4_angle_annotation/annotator_A/crops/64462737db19b231df0d.jpg
m4-071-final-v1,A,def9d168869793188d85,95496f30b5c0a33e,FAIR1M-v1.0,1182,9e7fd1e3ac8b51ce529fb63a55de91f834145605d7da9bdd840a50c43d92d416,/home/rspip/cqc/pro/study/orientbench/annotation_tools/m4_angle_annotation/annotator_A/crops/def9d168869793188d85.jpg
m4-071-final-v1,A,c24ace6eb6795009e6cf,6a11f7455484d541,DIOR-R,1183,db188c59384a1806687e706335d52b8f567a682beaa5f2c8c1870d130a8a1a7e,/home/rspip/cqc/pro/study/orientbench/annotation_tools/m4_angle_annotation/annotator_A/crops/c24ace6eb6795009e6cf.jpg
m4-071-final-v1,A,6d130d4a9a4792952b9e,7f2735416a80b890,FAIR1M-v1.0,1184,a0f18fae56cde6f20e74176134e247a006b310cf4f9ceccd77973c549834a291,/home/rspip/cqc/pro/study/orientbench/annotation_tools/m4_angle_annotation/annotator_A/crops/6d130d4a9a4792952b9e.jpg
m4-071-final-v1,A,4f27722c8b896c4d38f6,81e0b2dcb1a2792e,SODA-A,1185,602e40d14462dcb33e92f46f7a44578ab1c67a7520eb70aaf5ce8336cd21126f,/home/rspip/cqc/pro/study/orientbench/annotation_tools/m4_angle_annotation/annotator_A/crops/4f27722c8b896c4d38f6.jpg
m4-071-final-v1,A,b58049e051fe10b5c7d5,90d4eacc916b7079,FAIR1M-v1.0,1186,1ff95f4d8e9b4a33903a4436168b5cbe77932da3fb7edbae1a245b36ed7800a9,/home/rspip/cqc/pro/study/orientbench/annotation_tools/m4_angle_annotation/annotator_A/crops/b58049e051fe10b5c7d5.jpg
m4-071-final-v1,A,2cd2fb3a73aa6bdf7a3f,28b456aaf83cb4d0,SODA-A,1187,e0841b8cd0cfa80f53ee4c56a8ddf7de4114c81acab6c6f38f9c48d47c7e77de,/home/rspip/cqc/pro/study/orientbench/annotation_tools/m4_angle_annotation/annotator_A/crops/2cd2fb3a73aa6bdf7a3f.jpg
m4-071-final-v1,A,b4ace3436e9505a4dd54,495ec00599149c07,DIOR-R,1188,a9b3c717a4523fb375795cfb135a5bdd650de7aa8874cfc248b8622ea394c895,/home/rspip/cqc/pro/study/orientbench/annotation_tools/m4_angle_annotation/annotator_A/crops/b4ace3436e9505a4dd54.jpg
m4-071-final-v1,A,7be81094f7af2e0cf955,5cebbe8d0c27b121,SODA-A,1189,0363b0264a99f2c836be3bbbb6e54398cd6951896cfde988624b763262a4a74d,/home/rspip/cqc/pro/study/orientbench/annotation_tools/m4_angle_annotation/annotator_A/crops/7be81094f7af2e0cf955.jpg
m4-071-final-v1,A,4e61319847711a9c76c5,4564694fafae907a,DIOR-R,1190,3b65f1aeb3f544a2f1f9083c993472697890ae2d7330d34ebe62d62aa2f0f715,/home/rspip/cqc/pro/study/orientbench/annotation_tools/m4_angle_annotation/annotator_A/crops/4e61319847711a9c76c5.jpg
m4-071-final-v1,A,46d2ebb34a9aab50f6f1,02c412af09d3f748,SODA-A,1191,c09f7c305f2e1dff1218de222c9b995f7594153ad452d2a9478788c06d939c3b,/home/rspip/cqc/pro/study/orientbench/annotation_tools/m4_angle_annotation/annotator_A/crops/46d2ebb34a9aab50f6f1.jpg
m4-071-final-v1,A,69adfd19d1008d187609,5a3edcb6cc00fdea,DIOR-R,1192,650077fb058ca881aa9484eff86bfc834467ae26b7b1112420e5ea082d7efa5f,/home/rspip/cqc/pro/study/orientbench/annotation_tools/m4_angle_annotation/annotator_A/crops/69adfd19d1008d187609.jpg
m4-071-final-v1,A,e64f877a4fc1c9855b17,8184ac98eca62c90,DIOR-R,1193,ef5c669031e75a8915b8840161cae22463c062094a03bbcb60f2d5ce7151d574,/home/rspip/cqc/pro/study/orientbench/annotation_tools/m4_angle_annotation/annotator_A/crops/e64f877a4fc1c9855b17.jpg
m4-071-final-v1,A,b53c0ff2369c894f3e1e,f60e8f331e3ff664,FAIR1M-v1.0,1194,34705a670582cda60a9dc1c15d9c4379840ff793269d268f954f23348770abed,/home/rspip/cqc/pro/study/orientbench/annotation_tools/m4_angle_annotation/annotator_A/crops/b53c0ff2369c894f3e1e.jpg
m4-071-final-v1,A,81e6e666bfda4324c1ff,b88c539192905b0f,SODA-A,1195,982b367a3ecaaa3305d8b48e2513f5ed454d0f5a6ac5c45cafec42144cb76690,/home/rspip/cqc/pro/study/orientbench/annotation_tools/m4_angle_annotation/annotator_A/crops/81e6e666bfda4324c1ff.jpg
m4-071-final-v1,A,eaadade5cc7db42da1e9,6e9b4f301e0adfde,SODA-A,1196,7301a11df58615f6c98054995160c266e919804f71198ac3ef47a0e4b64500e9,/home/rspip/cqc/pro/study/orientbench/annotation_tools/m4_angle_annotation/annotator_A/crops/eaadade5cc7db42da1e9.jpg
m4-071-final-v1,A,39fd7a2e2d7971b3dad4,8e07f12d0fdb2863,FAIR1M-v1.0,1197,5d5e6db31d0dfcab9d097edbd32ab9218692b8db0a9416a9da2628559b80741c,/home/rspip/cqc/pro/study/orientbench/annotation_tools/m4_angle_annotation/annotator_A/crops/39fd7a2e2d7971b3dad4.jpg
m4-071-final-v1,A,5b3c5aad8bbf9d1f21f7,574739e017a53b81,FAIR1M-v1.0,1198,84a0b54a7a31c6e7b186665fd543c0ff31621204a7bfb07b70da43aa1c46781f,/home/rspip/cqc/pro/study/orientbench/annotation_tools/m4_angle_annotation/annotator_A/crops/5b3c5aad8bbf9d1f21f7.jpg
m4-071-final-v1,A,69ff5bac9d12d1041ddc,5d2b8f07fa8a72aa,FAIR1M-v1.0,1199,4455f6bd77053c1f62346fd33842863c8ea6e2c0a047c8555511352cf131f5fa,/home/rspip/cqc/pro/study/orientbench/annotation_tools/m4_angle_annotation/annotator_A/crops/69ff5bac9d12d1041ddc.jpg
m4-071-final-v1,A,7efa4a656b3d24e39b9d,77c1cdffe78f8bbc,FAIR1M-v1.0,1200,af13d035548cc31e82c612fd20ed310296574d1361c25b6e4b435d8cafdc0de9,/home/rspip/cqc/pro/study/orientbench/annotation_tools/m4_angle_annotation/annotator_A/crops/7efa4a656b3d24e39b9d.jpg
m4-071-final-v1,A,891d1441cd1055db23d6,0db69c7f7e725792,FAIR1M-v1.0,1201,87af9ff369a7d004f1629e5d278d6bdf5586a77ac4112c35f3a3ecc63f42fbe1,/home/rspip/cqc/pro/study/orientbench/annotation_tools/m4_angle_annotation/annotator_A/crops/891d1441cd1055db23d6.jpg
m4-071-final-v1,A,aaff7b3bfd19696a94a6,fdcbd70cde4d6243,DIOR-R,1202,f0dc41a9775b825668171d63af148dc01fe32a48fc48338e0693b5be42d295f7,/home/rspip/cqc/pro/study/orientbench/annotation_tools/m4_angle_annotation/annotator_A/crops/aaff7b3bfd19696a94a6.jpg
m4-071-final-v1,A,81e436ccbb700ca358bf,9cb64eb5417d0bcc,SODA-A,1203,10fe7ead7b56340e246d160bcff0e7eb6da3930a9f1a1a29270e5e5e57b66ddb,/home/rspip/cqc/pro/study/orientbench/annotation_tools/m4_angle_annotation/annotator_A/crops/81e436ccbb700ca358bf.jpg
m4-071-final-v1,A,cef82fab8bab28100805,c030bb997ec3036f,SODA-A,1204,e91bbe5d4c832587b11e9c7d71926de5188ec637bba825b00d49fd646bfe5d99,/home/rspip/cqc/pro/study/orientbench/annotation_tools/m4_angle_annotation/annotator_A/crops/cef82fab8bab28100805.jpg
m4-071-final-v1,A,c6d8e100556e41e1b46d,14630d5ff215a244,DIOR-R,1205,1c6e4b1c2f23d3fb9a05bb3447cfd641b11c6ee49cd539600895ec404d6a2d23,/home/rspip/cqc/pro/study/orientbench/annotation_tools/m4_angle_annotation/annotator_A/crops/c6d8e100556e41e1b46d.jpg
m4-071-final-v1,A,59cd7c586e522fb84d4d,8d52e663324df8e8,FAIR1M-v1.0,1206,2cf10db09db1bd2eff944bcd34cd63b530ecc77c45916352a5ce94ba653b237f,/home/rspip/cqc/pro/study/orientbench/annotation_tools/m4_angle_annotation/annotator_A/crops/59cd7c586e522fb84d4d.jpg
m4-071-final-v1,A,adc2aa44c96fa808aeb6,8bccfaf24cb6bd28,DIOR-R,1207,73fb8746f903cfc4217e8ecd0e4a83bd26d80b8a0bcea9e2eb223b543a29ea46,/home/rspip/cqc/pro/study/orientbench/annotation_tools/m4_angle_annotation/annotator_A/crops/adc2aa44c96fa808aeb6.jpg
m4-071-final-v1,A,9a7a23f03323b9ea3fea,4bdcd00a5edadde9,DIOR-R,1208,5acfb1b9de04465a6e2d5be82170b7deecbb535c1ae25c9807a86b7c99e5da55,/home/rspip/cqc/pro/study/orientbench/annotation_tools/m4_angle_annotation/annotator_A/crops/9a7a23f03323b9ea3fea.jpg
m4-071-final-v1,A,afd65135366c752c3cc9,af50f47677da3447,FAIR1M-v1.0,1209,df7937cc5ae5a56113588159c99547c8e4e50a14862bfa7d075be64c312643d0,/home/rspip/cqc/pro/study/orientbench/annotation_tools/m4_angle_annotation/annotator_A/crops/afd65135366c752c3cc9.jpg
m4-071-final-v1,A,5a1befcfeb3ea4e3530e,78116e4c02d80486,FAIR1M-v1.0,1210,8b05258e4363250cc50e879d0684d7f93cd795747ef26d6b1d663b74a8144bab,/home/rspip/cqc/pro/study/orientbench/annotation_tools/m4_angle_annotation/annotator_A/crops/5a1befcfeb3ea4e3530e.jpg
m4-071-final-v1,A,a8b096b1801d54d9886f,5fdc6b964ef92b44,DIOR-R,1211,ef9b77a62f9f6c7d0e267ab1b4f703e28254b6dcd176abb21ae65035f77e6dfd,/home/rspip/cqc/pro/study/orientbench/annotation_tools/m4_angle_annotation/annotator_A/crops/a8b096b1801d54d9886f.jpg
m4-071-final-v1,A,3ecd4579141f475003f3,0c6d0d5f48380ef1,DIOR-R,1212,05b40fab4152de96042279f52b92a869e185ab28abd68dcb5219be6b2163e0fe,/home/rspip/cqc/pro/study/orientbench/annotation_tools/m4_angle_annotation/annotator_A/crops/3ecd4579141f475003f3.jpg
m4-071-final-v1,A,f29311188a2d5cb8e99f,26ad5b9bc0ac7efb,SODA-A,1213,d4893b757e47a29660abe09c4e1ea0d22ebd347813399d89ceacd41f355b7812,/home/rspip/cqc/pro/study/orientbench/annotation_tools/m4_angle_annotation/annotator_A/crops/f29311188a2d5cb8e99f.jpg
m4-071-final-v1,A,099309cadcf19c3e70eb,f1ccddd0caaa7ea8,SODA-A,1214,48552aee14c2cbc96905400ca5aef373eff8086b778fb079f718e317e1be541a,/home/rspip/cqc/pro/study/orientbench/annotation_tools/m4_angle_annotation/annotator_A/crops/099309cadcf19c3e70eb.jpg
m4-071-final-v1,A,c3dc33065f8f7271ab10,d09241ae3035c727,SODA-A,1215,68bcb41752c5683a7eb8157325a73ed5dc1843e83f925141ed841f1327a168fc,/home/rspip/cqc/pro/study/orientbench/annotation_tools/m4_angle_annotation/annotator_A/crops/c3dc33065f8f7271ab10.jpg
m4-071-final-v1,A,2b97fe3c623b1fa2a2ae,6ba97db97904c5d4,FAIR1M-v1.0,1216,fba5d53d96b006371f6fa07a61b03174d23558c0564b14225d4fb1393598da7d,/home/rspip/cqc/pro/study/orientbench/annotation_tools/m4_angle_annotation/annotator_A/crops/2b97fe3c623b1fa2a2ae.jpg
m4-071-final-v1,A,f9e8fa03c66c565e47e9,bc1b887d7bcea65c,FAIR1M-v1.0,1217,1feeef6225afaba8f2c37782cb794a41a6d1983534118604f3f9539a412ffdf9,/home/rspip/cqc/pro/study/orientbench/annotation_tools/m4_angle_annotation/annotator_A/crops/f9e8fa03c66c565e47e9.jpg
m4-071-final-v1,A,9bc349daab579ec9286f,384a09b2c13beb09,DIOR-R,1218,24acafec514c0df9c7936d14ca096d958737baec5efbf62afd1b00aa37b1d6aa,/home/rspip/cqc/pro/study/orientbench/annotation_tools/m4_angle_annotation/annotator_A/crops/9bc349daab579ec9286f.jpg
m4-071-final-v1,A,4d7ff58ed778695754d5,8066bc45f2949d87,DIOR-R,1219,70649b4a2b123410d49272ae5a39a502a21b5baa0750447d19ef0290724ef334,/home/rspip/cqc/pro/study/orientbench/annotation_tools/m4_angle_annotation/annotator_A/crops/4d7ff58ed778695754d5.jpg
m4-071-final-v1,A,07597e56538ddb7a5bfa,f63fee758578539b,DIOR-R,1220,7abad117eaa8cc5f239e4af56b80927f53654c3f796b2664b0498842f19ddd50,/home/rspip/cqc/pro/study/orientbench/annotation_tools/m4_angle_annotation/annotator_A/crops/07597e56538ddb7a5bfa.jpg
m4-071-final-v1,A,7888bf4b0fd999193736,abfd78e2627991ae,FAIR1M-v1.0,1221,6dc81dad25fdac27a7eb276265faa08b5ef8a7695de6722dd68633ffbdab2a9d,/home/rspip/cqc/pro/study/orientbench/annotation_tools/m4_angle_annotation/annotator_A/crops/7888bf4b0fd999193736.jpg
m4-071-final-v1,A,f5a1b49cbe25c23434e9,09d998563bba41ff,SODA-A,1222,0b85110d4d32d94ae2bf70031d3e149b05c8adde035b540bbfb8a15a71c13a83,/home/rspip/cqc/pro/study/orientbench/annotation_tools/m4_angle_annotation/annotator_A/crops/f5a1b49cbe25c23434e9.jpg
m4-071-final-v1,A,98dd5d8f403264a45314,367ca1593780999e,SODA-A,1223,bb6a7cee991e32119be5694fc1a2ccb47e1eea83f4344df1f975b531c26f6f39,/home/rspip/cqc/pro/study/orientbench/annotation_tools/m4_angle_annotation/annotator_A/crops/98dd5d8f403264a45314.jpg
m4-071-final-v1,A,db526f32f8e23a9e0371,e1e1a29038f708eb,FAIR1M-v1.0,1224,2d796d49cff1b9db195f5a4a085da70b9cdd1eb08ead82225559a109b8a8ce99,/home/rspip/cqc/pro/study/orientbench/annotation_tools/m4_angle_annotation/annotator_A/crops/db526f32f8e23a9e0371.jpg
m4-071-final-v1,A,ac135b37d5960458e041,1f89a522e52cf04f,SODA-A,1225,03090250cd75facd53adddeaec0954f297aa3c34ffd21d6c4672385f84b32f07,/home/rspip/cqc/pro/study/orientbench/annotation_tools/m4_angle_annotation/annotator_A/crops/ac135b37d5960458e041.jpg
m4-071-final-v1,A,db2f0ad95f0db6a897c3,239f1c7b133a86b3,DIOR-R,1226,7f1b7ec396479cd37b2c91fd200b6afed3875cb07b48d4492f8eefcd4b632dc4,/home/rspip/cqc/pro/study/orientbench/annotation_tools/m4_angle_annotation/annotator_A/crops/db2f0ad95f0db6a897c3.jpg
m4-071-final-v1,A,a24d9e34a149bd08476f,72535ceb0b865f98,DIOR-R,1227,af72edd353b341f585c5436cf14528a6800fbb429a36c435f606c730fee41810,/home/rspip/cqc/pro/study/orientbench/annotation_tools/m4_angle_annotation/annotator_A/crops/a24d9e34a149bd08476f.jpg
m4-071-final-v1,A,250b8d21953e1ad14ba8,52fbd70960dc97eb,DIOR-R,1228,d91d9d51089a1f24a01ac1e89802e8687e3032ed9bbdc47299d39e3e0c88437a,/home/rspip/cqc/pro/study/orientbench/annotation_tools/m4_angle_annotation/annotator_A/crops/250b8d21953e1ad14ba8.jpg
m4-071-final-v1,A,69c76ac30763571a110b,9b0c72e5d72bddcb,SODA-A,1229,0b87497ed5b42a7ccffc714e529bcb91e96b4e7255dd4060c773f055746da838,/home/rspip/cqc/pro/study/orientbench/annotation_tools/m4_angle_annotation/annotator_A/crops/69c76ac30763571a110b.jpg
m4-071-final-v1,A,e81cfc85d72f2cb56b80,7c3741826b06387f,SODA-A,1230,2fb4ae137fc3cc6fe9b184f4e124965edfcb8f0273203be079f828e4f7b739fc,/home/rspip/cqc/pro/study/orientbench/annotation_tools/m4_angle_annotation/annotator_A/crops/e81cfc85d72f2cb56b80.jpg
m4-071-final-v1,A,527558e30294c282801c,6ec6e800225ef723,DIOR-R,1231,908109e32d59d933794c47e2ddc16d2a15e166035c389f6b7d5e2694b87cfb0b,/home/rspip/cqc/pro/study/orientbench/annotation_tools/m4_angle_annotation/annotator_A/crops/527558e30294c282801c.jpg
m4-071-final-v1,A,4cd21a79e43e4a89d036,83cb088ff9be7d6c,SODA-A,1232,d75e9c68746c8602c38c91b525e69b75310c822266ff0e4f8f4ba0d0d3bcab69,/home/rspip/cqc/pro/study/orientbench/annotation_tools/m4_angle_annotation/annotator_A/crops/4cd21a79e43e4a89d036.jpg
m4-071-final-v1,A,7de6fedbea25e0e95cdf,dad3c7d8b2c28bee,FAIR1M-v1.0,1233,9f2e53b9fa6c8e6e99a2130d3ee4f836afc015c074b11a9a64df83d7cd13a9b6,/home/rspip/cqc/pro/study/orientbench/annotation_tools/m4_angle_annotation/annotator_A/crops/7de6fedbea25e0e95cdf.jpg
m4-071-final-v1,A,4ffc66ecf1e9601ae60f,debbc7bbd4296736,FAIR1M-v1.0,1234,43dd6692abac34052f2424e1911fea898ea445f6674fd0f4aa054d79c2c9ac77,/home/rspip/cqc/pro/study/orientbench/annotation_tools/m4_angle_annotation/annotator_A/crops/4ffc66ecf1e9601ae60f.jpg
m4-071-final-v1,A,4546256b47a49bc32b10,c0a6b7d9eb44f5cf,SODA-A,1235,77530039d15e35def550e3799dd237177dc99803d79a325e4d8f033b539a9759,/home/rspip/cqc/pro/study/orientbench/annotation_tools/m4_angle_annotation/annotator_A/crops/4546256b47a49bc32b10.jpg
m4-071-final-v1,A,44bf54499c9c8b414360,d3aafeb7389f655d,SODA-A,1236,61b50759f434aa3ce5eaa91e6812afa36a39148a0fa2bf3d138157bd7f6ea2c6,/home/rspip/cqc/pro/study/orientbench/annotation_tools/m4_angle_annotation/annotator_A/crops/44bf54499c9c8b414360.jpg
m4-071-final-v1,A,baf31562c47e1414985c,5eb8d15117dcbcaa,FAIR1M-v1.0,1237,557ecc8d974248aa9d5eb1be6a2ae8e30252bedad8459fb8d1f88fb427f7702e,/home/rspip/cqc/pro/study/orientbench/annotation_tools/m4_angle_annotation/annotator_A/crops/baf31562c47e1414985c.jpg
m4-071-final-v1,A,a97179713f761d8d2315,ca8653f7e7ea25a4,FAIR1M-v1.0,1238,ff62cc08d02accdedf7704ea8261f80f25ba1f29128af10dd3de00ccf5f2a426,/home/rspip/cqc/pro/study/orientbench/annotation_tools/m4_angle_annotation/annotator_A/crops/a97179713f761d8d2315.jpg
m4-071-final-v1,A,10989a8ddbace7383263,463c23576fdad4a1,FAIR1M-v1.0,1239,0f7231dfce56c56c1ff03be516b899d395a5d4658ee3f3b5671e82d1545d165a,/home/rspip/cqc/pro/study/orientbench/annotation_tools/m4_angle_annotation/annotator_A/crops/10989a8ddbace7383263.jpg
m4-071-final-v1,A,93392a1850a4a5616329,ff15527dbb7a2eef,SODA-A,1240,c81c5aeeff73d4f12e1e6c5138c94bcf4ecd36d6c3c1b6e82f4f7c7621c33457,/home/rspip/cqc/pro/study/orientbench/annotation_tools/m4_angle_annotation/annotator_A/crops/93392a1850a4a5616329.jpg
m4-071-final-v1,A,04b2f728227f1171bda5,f485ea93e38002bb,FAIR1M-v1.0,1241,a832f7054229d2ae76a0881232b37d8c8b5f92ddce0352a4181374f05769fb7f,/home/rspip/cqc/pro/study/orientbench/annotation_tools/m4_angle_annotation/annotator_A/crops/04b2f728227f1171bda5.jpg
m4-071-final-v1,A,4afe60af0775d6673133,6f840cbe72d23368,DIOR-R,1242,d94c5551c4d42190ee467bbd7dfa44fcc487d226a65f237eaf4dd834939a6a44,/home/rspip/cqc/pro/study/orientbench/annotation_tools/m4_angle_annotation/annotator_A/crops/4afe60af0775d6673133.jpg
m4-071-final-v1,A,8e71a77995b255f85d22,741bb436a2946761,SODA-A,1243,26eb1939e63684829b6ec8c918de802c28457ba459a04290c39295e3e5b54389,/home/rspip/cqc/pro/study/orientbench/annotation_tools/m4_angle_annotation/annotator_A/crops/8e71a77995b255f85d22.jpg
m4-071-final-v1,A,dcd7d9df6a4e19788585,24377be9e3022a5b,SODA-A,1244,f78a5795b89cf3fea979868774fddc4d3d7dabc923b4ed30988abcc9fdbfd6c4,/home/rspip/cqc/pro/study/orientbench/annotation_tools/m4_angle_annotation/annotator_A/crops/dcd7d9df6a4e19788585.jpg
m4-071-final-v1,A,903344875b5fc6c9b33a,ced35c8c2661ae2a,FAIR1M-v1.0,1245,10e9b13163822866dc636cbc3e5e081ff25cd2114ba4ecda2eff455781907a92,/home/rspip/cqc/pro/study/orientbench/annotation_tools/m4_angle_annotation/annotator_A/crops/903344875b5fc6c9b33a.jpg
m4-071-final-v1,A,d53b18e191867f16c992,75a7cfc0f3137d03,SODA-A,1246,a7bee726cd2143912ff5d8de096097871581ccae03ab5979f6cfe41eda78bbc4,/home/rspip/cqc/pro/study/orientbench/annotation_tools/m4_angle_annotation/annotator_A/crops/d53b18e191867f16c992.jpg
m4-071-final-v1,A,2772aa140c915bb1f914,3362ce09824fc139,FAIR1M-v1.0,1247,c61e9a6e10596b00e79b186ffefda701b6a1aa3db835f1ec79497ae51d2087c4,/home/rspip/cqc/pro/study/orientbench/annotation_tools/m4_angle_annotation/annotator_A/crops/2772aa140c915bb1f914.jpg
m4-071-final-v1,A,8a4b284ddc8646b10868,9563dc7b3c57aced,FAIR1M-v1.0,1248,ceb695f08438e26fa2df674e31f91a3bd81a93a3abb7b6ce67d63ae3eed8e909,/home/rspip/cqc/pro/study/orientbench/annotation_tools/m4_angle_annotation/annotator_A/crops/8a4b284ddc8646b10868.jpg
m4-071-final-v1,A,5e0f2e4ca2493dff5a48,f00f9a7b09671122,SODA-A,1249,2c93703f555029b9c183ad017666eb94b3b644299033208c400144d260a4092a,/home/rspip/cqc/pro/study/orientbench/annotation_tools/m4_angle_annotation/annotator_A/crops/5e0f2e4ca2493dff5a48.jpg
m4-071-final-v1,A,2470c1fef6a2bb2f214a,c4b4be0a023f7626,FAIR1M-v1.0,1250,c2c58af3a06389ca037782dc54281f69985c229056c1b02f6c2ea35fdf346192,/home/rspip/cqc/pro/study/orientbench/annotation_tools/m4_angle_annotation/annotator_A/crops/2470c1fef6a2bb2f214a.jpg
m4-071-final-v1,A,5917385bd8002ebca663,5ec402e4740e770a,SODA-A,1251,f3473684d7f8aafed4139b43530b89374b66e3db5915c871753f3c4e8ff4c233,/home/rspip/cqc/pro/study/orientbench/annotation_tools/m4_angle_annotation/annotator_A/crops/5917385bd8002ebca663.jpg
m4-071-final-v1,A,29af2cd8b6c68ac5d23f,52ab0acd2f19f80a,SODA-A,1252,5870d56ac77d44fe47679331484fd8456d3e718488527d269d996605ca01e519,/home/rspip/cqc/pro/study/orientbench/annotation_tools/m4_angle_annotation/annotator_A/crops/29af2cd8b6c68ac5d23f.jpg
m4-071-final-v1,A,24c3766ee1138cf4bc2d,0f80c3f1e239f756,DIOR-R,1253,048206fea3a33c07b3221455a51c384f65d3c053c52aa173c2fe0efc9e6617a6,/home/rspip/cqc/pro/study/orientbench/annotation_tools/m4_angle_annotation/annotator_A/crops/24c3766ee1138cf4bc2d.jpg
m4-071-final-v1,A,65239fe798a838d6cecb,968cd85c7a881d91,DIOR-R,1254,c51bbe883aec8c884c878441f91b257e38d4bab8b1b10982672def73eaeb0e35,/home/rspip/cqc/pro/study/orientbench/annotation_tools/m4_angle_annotation/annotator_A/crops/65239fe798a838d6cecb.jpg
m4-071-final-v1,A,82b9b819e413ebcd4d06,10f7608a05438089,FAIR1M-v1.0,1255,67c9ebabc572e71335eae7102005b879cfad7d9682f9fae135b4efed51239723,/home/rspip/cqc/pro/study/orientbench/annotation_tools/m4_angle_annotation/annotator_A/crops/82b9b819e413ebcd4d06.jpg
m4-071-final-v1,A,9006896544a795f8a1b5,ad1ad7972b8d9f4d,SODA-A,1256,fe73f4c2cf3211bd859d84c11486f1ac6f93f5f4bcb943a689b01ca3de6e06bd,/home/rspip/cqc/pro/study/orientbench/annotation_tools/m4_angle_annotation/annotator_A/crops/9006896544a795f8a1b5.jpg
m4-071-final-v1,A,c76249ea64d92f3ccb7e,0c38f4777b43ea8b,FAIR1M-v1.0,1257,49b90cd1861af385f2f37d9747d0ba61bb50dd17ac3d79a73f571fcf05ae0515,/home/rspip/cqc/pro/study/orientbench/annotation_tools/m4_angle_annotation/annotator_A/crops/c76249ea64d92f3ccb7e.jpg
m4-071-final-v1,A,4c74e40edc305102f235,27e6d503e8489967,DIOR-R,1258,98f96c8b7f0faaeed12c1214fd48821bb6e6018da991d8aa4ef28b3494f035ac,/home/rspip/cqc/pro/study/orientbench/annotation_tools/m4_angle_annotation/annotator_A/crops/4c74e40edc305102f235.jpg
m4-071-final-v1,A,0950d023522ef65f1999,63c2a1f82a041ee0,DIOR-R,1259,3108156a3ffc588827afaca4aa31e54d36443a0a3e6c4e785b3b31afa81a6c91,/home/rspip/cqc/pro/study/orientbench/annotation_tools/m4_angle_annotation/annotator_A/crops/0950d023522ef65f1999.jpg
m4-071-final-v1,A,8b9cb145ca6bb2bb4449,be3077324d27eff3,SODA-A,1260,234306dbd40e32ee1745eb5430ec401e5d10c0ec36d3d2878d31958e43a559c7,/home/rspip/cqc/pro/study/orientbench/annotation_tools/m4_angle_annotation/annotator_A/crops/8b9cb145ca6bb2bb4449.jpg
m4-071-final-v1,A,cd02af7fe37e6553f4b1,d76ba5eb97d962c9,FAIR1M-v1.0,1261,87d2d75621ab9c6e7892bdcb1e7a0a970579749737c3fba358814c34a4e66d47,/home/rspip/cqc/pro/study/orientbench/annotation_tools/m4_angle_annotation/annotator_A/crops/cd02af7fe37e6553f4b1.jpg
m4-071-final-v1,A,41209ba20d3c8ca590a0,6369f42ef0062a2e,SODA-A,1262,d0b3053dd551ec61899d6c685ad94408cbba3a76399f0449a1d857e4d155b4e4,/home/rspip/cqc/pro/study/orientbench/annotation_tools/m4_angle_annotation/annotator_A/crops/41209ba20d3c8ca590a0.jpg
m4-071-final-v1,A,24ff60605b9c57fe4494,3471ab7149919bd8,SODA-A,1263,96e2412ed4bccd4a1c09f40ccca107ff3019a918ff3cc818e3966d0f520cf8e1,/home/rspip/cqc/pro/study/orientbench/annotation_tools/m4_angle_annotation/annotator_A/crops/24ff60605b9c57fe4494.jpg
m4-071-final-v1,A,b44bd46427d5b3dc5354,044b80d92c00c620,DIOR-R,1264,9f288c4632973f724b5dca42f6751b161a3d1879d39d9fbc0f3e03d1518d27d9,/home/rspip/cqc/pro/study/orientbench/annotation_tools/m4_angle_annotation/annotator_A/crops/b44bd46427d5b3dc5354.jpg
m4-071-final-v1,A,cd39c409f98fc7905b4d,5176caff7b23e6df,FAIR1M-v1.0,1265,c96167cdd7a2c5b6fe0fbaeda661f2ef65fa0b520ccc3c3e9be4a611d20bb4fa,/home/rspip/cqc/pro/study/orientbench/annotation_tools/m4_angle_annotation/annotator_A/crops/cd39c409f98fc7905b4d.jpg
m4-071-final-v1,A,2e31f7af90261fdf5308,d91452505f3d6c6d,SODA-A,1266,8bb50e2c77fcc120ac5b4f030e2a710d114b8bf75d4182d05d7dbd25f3782a11,/home/rspip/cqc/pro/study/orientbench/annotation_tools/m4_angle_annotation/annotator_A/crops/2e31f7af90261fdf5308.jpg
m4-071-final-v1,A,29f600e9e891c6a7ada9,8034a8ca41f4035c,DIOR-R,1267,70f78dd918e3cfa42bf35533a9115366e37337a1829b92c6784fec3a2cdc4f63,/home/rspip/cqc/pro/study/orientbench/annotation_tools/m4_angle_annotation/annotator_A/crops/29f600e9e891c6a7ada9.jpg
m4-071-final-v1,A,420865fcbd5ce20b658c,0a71a21e78a95c5e,SODA-A,1268,99b38e3c13ad314998225ff3023c6d495d85c8db45d74e6d72b247581bb04a5c,/home/rspip/cqc/pro/study/orientbench/annotation_tools/m4_angle_annotation/annotator_A/crops/420865fcbd5ce20b658c.jpg
m4-071-final-v1,A,8081a7df318fba1d67e5,c897d615c7113989,FAIR1M-v1.0,1269,b2ccb78379a7367816145b882f910cdf04eb0028f84144f02b9ccb12562ae07b,/home/rspip/cqc/pro/study/orientbench/annotation_tools/m4_angle_annotation/annotator_A/crops/8081a7df318fba1d67e5.jpg
m4-071-final-v1,A,126242e05f671cd61cdb,4259c112267072ab,SODA-A,1270,6591dffc029227d9c11a037a58e8999e04a0af5b03631de8ee9bd6d5c1e9465b,/home/rspip/cqc/pro/study/orientbench/annotation_tools/m4_angle_annotation/annotator_A/crops/126242e05f671cd61cdb.jpg
m4-071-final-v1,A,3811081ff14dafdb2a9c,c6a28dfc5e8e1214,FAIR1M-v1.0,1271,8b5520cc181c4d6b9ced80f4ed55031e0ca4e6d1c673ae9a8fe86e4e04c47661,/home/rspip/cqc/pro/study/orientbench/annotation_tools/m4_angle_annotation/annotator_A/crops/3811081ff14dafdb2a9c.jpg
m4-071-final-v1,A,7bc3347f727577cf969e,0c12a6ef791b54e9,SODA-A,1272,45606d7b9b28b2a2ebad0ec9c34ef6f301dc851a20088f482610c66c09ceaba3,/home/rspip/cqc/pro/study/orientbench/annotation_tools/m4_angle_annotation/annotator_A/crops/7bc3347f727577cf969e.jpg
m4-071-final-v1,A,53afa34dc30fb88af773,ec91c9a1a5a35850,DIOR-R,1273,e859c21111b6e200926389fbfd867d2ed2a1fe38d659bef3c6f39da84823b71b,/home/rspip/cqc/pro/study/orientbench/annotation_tools/m4_angle_annotation/annotator_A/crops/53afa34dc30fb88af773.jpg
m4-071-final-v1,A,76b847f36a0767afb1fd,dd85b2f6f32ed1a3,FAIR1M-v1.0,1274,899ce11485257d0cd6f8dfed62e05b951f6252aac1d08dd8a381afb9a802b3f0,/home/rspip/cqc/pro/study/orientbench/annotation_tools/m4_angle_annotation/annotator_A/crops/76b847f36a0767afb1fd.jpg
m4-071-final-v1,A,02fd6c55d3f1f532b668,7082d1234e0bec21,DIOR-R,1275,0426bffc6b83e4cadfb796af28f0d3780f2704a99efa0046401e0ce4fff1ad2a,/home/rspip/cqc/pro/study/orientbench/annotation_tools/m4_angle_annotation/annotator_A/crops/02fd6c55d3f1f532b668.jpg
m4-071-final-v1,A,14395d0c213e7b651547,bad27abef2fd2f83,DIOR-R,1276,94c1267031a076809ed43854e298adebdcb758677868ea77aaaa9ba1322126bf,/home/rspip/cqc/pro/study/orientbench/annotation_tools/m4_angle_annotation/annotator_A/crops/14395d0c213e7b651547.jpg
m4-071-final-v1,A,5edd40dfeb7d7c9ce91e,fffc94bfd07a33af,SODA-A,1277,96ed92395250bc037eb6f3e7f87519821650f1ba10dab580d000ff59825b2c6c,/home/rspip/cqc/pro/study/orientbench/annotation_tools/m4_angle_annotation/annotator_A/crops/5edd40dfeb7d7c9ce91e.jpg
m4-071-final-v1,A,e97cefaa6e9908aeee45,0c4014909d9da55a,DIOR-R,1278,cba8f43086e87f3d06c02f28aa7c461d55f6e2c35cd205a9e6c3f53b9e4addb0,/home/rspip/cqc/pro/study/orientbench/annotation_tools/m4_angle_annotation/annotator_A/crops/e97cefaa6e9908aeee45.jpg
m4-071-final-v1,A,0693bb512cf6b00d25ca,b0d71a781fe9354f,FAIR1M-v1.0,1279,b480d0e7332d628595e5928ca14e9d8f4ad568fb0ce423d295c5835e70adcd0e,/home/rspip/cqc/pro/study/orientbench/annotation_tools/m4_angle_annotation/annotator_A/crops/0693bb512cf6b00d25ca.jpg
m4-071-final-v1,A,e576adf0cccead3b1c44,2c886f392668d0b7,DIOR-R,1280,5a83c417eb2a06fee2c52dbd2f4521680928fae2729d6d4f6ea8a4f0a0a2cd90,/home/rspip/cqc/pro/study/orientbench/annotation_tools/m4_angle_annotation/annotator_A/crops/e576adf0cccead3b1c44.jpg
m4-071-final-v1,A,35ccc02e510b6a8fb704,9848ffb11c07dcc6,FAIR1M-v1.0,1281,01ceb61fb2e1531872972bc58c40400779c97863e8eaebaac64d6b1010d981e3,/home/rspip/cqc/pro/study/orientbench/annotation_tools/m4_angle_annotation/annotator_A/crops/35ccc02e510b6a8fb704.jpg
m4-071-final-v1,A,07d9a329880668367d9c,909d9f88346b24f6,SODA-A,1282,efc838fe1873946ed182c957082581502df58856933014add69b4dc429b61bd9,/home/rspip/cqc/pro/study/orientbench/annotation_tools/m4_angle_annotation/annotator_A/crops/07d9a329880668367d9c.jpg
m4-071-final-v1,A,6ecc49197803aa3f2f1b,2abc7dccb8c41c17,SODA-A,1283,cc8acb3bebb423f41b2233aa35f189bb4f17bcb8a521763bcaed520bdcf37ac7,/home/rspip/cqc/pro/study/orientbench/annotation_tools/m4_angle_annotation/annotator_A/crops/6ecc49197803aa3f2f1b.jpg
m4-071-final-v1,A,f9db0326b64be0760266,b572312640da1b77,FAIR1M-v1.0,1284,6155525f11ac71de4f50c45d4cf625a8b2a4266238b5c811b01c2f804322ec62,/home/rspip/cqc/pro/study/orientbench/annotation_tools/m4_angle_annotation/annotator_A/crops/f9db0326b64be0760266.jpg
m4-071-final-v1,A,b97e82f2e24fd49e3894,92c4e4e838703734,SODA-A,1285,2cfb8eda2ed41ab80f08ff6700a1cfc66cf71e9fa7bf25e2ca4540c86a4f6d33,/home/rspip/cqc/pro/study/orientbench/annotation_tools/m4_angle_annotation/annotator_A/crops/b97e82f2e24fd49e3894.jpg
m4-071-final-v1,A,b2f256643c99fe2aa27d,f9bb8b5bb514b373,DIOR-R,1286,93525ae54096a45aed01764c32a6eec231471bcc15ce0832d0bbc778d120d4d9,/home/rspip/cqc/pro/study/orientbench/annotation_tools/m4_angle_annotation/annotator_A/crops/b2f256643c99fe2aa27d.jpg
m4-071-final-v1,A,f782e1c14d7428567629,28bb4b8256463761,FAIR1M-v1.0,1287,7479ed4e276c04e7fa5b353efb97d424bf72c54972bf78c69238ad410015651a,/home/rspip/cqc/pro/study/orientbench/annotation_tools/m4_angle_annotation/annotator_A/crops/f782e1c14d7428567629.jpg
m4-071-final-v1,A,004a92a747b7bcff76b1,b8459ab23e2998f1,SODA-A,1288,08c468be3db59d9fa18539aa84300b53bd2cef5aca4a00b2e8ef6ef77910bb5a,/home/rspip/cqc/pro/study/orientbench/annotation_tools/m4_angle_annotation/annotator_A/crops/004a92a747b7bcff76b1.jpg
m4-071-final-v1,A,f156c2fd79b6e19312ea,fbb315be0bf4ae22,FAIR1M-v1.0,1289,85e6904da0464207951887c1cfa8ca76bf1436b3c16fbe1e93d856a523b8b8f5,/home/rspip/cqc/pro/study/orientbench/annotation_tools/m4_angle_annotation/annotator_A/crops/f156c2fd79b6e19312ea.jpg
m4-071-final-v1,A,a5e426802cd841d69d56,5356c18da4a0e56c,DIOR-R,1290,11461123faf0575e610a079a8da30d608b4c0d66e425281d7a22ba299fa25756,/home/rspip/cqc/pro/study/orientbench/annotation_tools/m4_angle_annotation/annotator_A/crops/a5e426802cd841d69d56.jpg
m4-071-final-v1,A,1c149dea2ecc76baf6af,b7f8c5c777e76a00,DIOR-R,1291,d7e4fae8ca50ed4650193af934fe43402d056f4d30d7b0a93c30d4fa072df5ce,/home/rspip/cqc/pro/study/orientbench/annotation_tools/m4_angle_annotation/annotator_A/crops/1c149dea2ecc76baf6af.jpg
m4-071-final-v1,A,248ee9c8fa51b8455a0f,64429de2e93188d2,FAIR1M-v1.0,1292,2b38d9d93f8ee9ab93749f468b12ecc7cbfc851a40fb1f8f0385b9a49a75da10,/home/rspip/cqc/pro/study/orientbench/annotation_tools/m4_angle_annotation/annotator_A/crops/248ee9c8fa51b8455a0f.jpg
m4-071-final-v1,A,0a7be659b9c0d28918ab,0c5d492125098335,FAIR1M-v1.0,1293,2feb80e90cef3f31243d14c903abedeaf1dc246e6da0faaf692182f47e6eecb8,/home/rspip/cqc/pro/study/orientbench/annotation_tools/m4_angle_annotation/annotator_A/crops/0a7be659b9c0d28918ab.jpg
m4-071-final-v1,A,173f88dabd13f908f9b2,53cdcc08b6172d63,FAIR1M-v1.0,1294,af06eac55f0f2cbbdd11787633a1bc5a12ad43443f2ba1bef047e6a2726c3e77,/home/rspip/cqc/pro/study/orientbench/annotation_tools/m4_angle_annotation/annotator_A/crops/173f88dabd13f908f9b2.jpg
m4-071-final-v1,A,cbfddbbe28cfef50aad0,9e98266c0fe707da,SODA-A,1295,6aa108c448ee475ed3ed5b6fd2f9d6c0864d4ddbecdd50b265786567b36f9a85,/home/rspip/cqc/pro/study/orientbench/annotation_tools/m4_angle_annotation/annotator_A/crops/cbfddbbe28cfef50aad0.jpg
m4-071-final-v1,A,281de849c58668a628b8,0cb48d8509fe4100,FAIR1M-v1.0,1296,bf8dd432a79b4cd0c668c42977359ee36ac54cc991d43d6e007a7b79355f38e2,/home/rspip/cqc/pro/study/orientbench/annotation_tools/m4_angle_annotation/annotator_A/crops/281de849c58668a628b8.jpg
m4-071-final-v1,A,ab2b8960ed90a42b5db7,52a27684299f1ad4,FAIR1M-v1.0,1297,20fe60841adb97567a0a2041f98c8069cbed22fdc50c636ec0653d441e33628d,/home/rspip/cqc/pro/study/orientbench/annotation_tools/m4_angle_annotation/annotator_A/crops/ab2b8960ed90a42b5db7.jpg
m4-071-final-v1,A,c0973d11aeab8923ca54,330a5c6bc5d7286b,DIOR-R,1298,98bd49df356ce0de6378f1d2992b0b254a9a647ad7eafd0b039a90baddf1fdcf,/home/rspip/cqc/pro/study/orientbench/annotation_tools/m4_angle_annotation/annotator_A/crops/c0973d11aeab8923ca54.jpg
m4-071-final-v1,A,815f44ab914fd3c6f1c6,d5940ee9965544c8,FAIR1M-v1.0,1299,87e1012cfba0198600254221ee59df2db4e7798fc89f4f74eee6657910b6f5c8,/home/rspip/cqc/pro/study/orientbench/annotation_tools/m4_angle_annotation/annotator_A/crops/815f44ab914fd3c6f1c6.jpg
m4-071-final-v1,A,8489585ec75dc1517eeb,c325f2c0a3445b4e,SODA-A,1300,c9c86054c1746b3a3348438ae639572d77a62ceeda83291319da8ccfbaea6e12,/home/rspip/cqc/pro/study/orientbench/annotation_tools/m4_angle_annotation/annotator_A/crops/8489585ec75dc1517eeb.jpg
m4-071-final-v1,A,2f5aa1bb4d98abd88956,9ba27b754331eea5,FAIR1M-v1.0,1301,4e5f6d8997d040289f25d06eaa4c319035c8c7c46612a2447bf2305a5925e9aa,/home/rspip/cqc/pro/study/orientbench/annotation_tools/m4_angle_annotation/annotator_A/crops/2f5aa1bb4d98abd88956.jpg
m4-071-final-v1,A,6aada59ed6d7fe288d04,f9eed034096c3842,SODA-A,1302,bb39f8475695bbb07bc30ca2d65f37055c075de94fa048ba6806c8f50b40e8a8,/home/rspip/cqc/pro/study/orientbench/annotation_tools/m4_angle_annotation/annotator_A/crops/6aada59ed6d7fe288d04.jpg
m4-071-final-v1,A,cfb37efe56492da4afb0,1ba4a026f42e3a3b,DIOR-R,1303,d70f17d57ea9893f05caa41a8dd861f54dfab3496d8c2e936ce0612304e574c4,/home/rspip/cqc/pro/study/orientbench/annotation_tools/m4_angle_annotation/annotator_A/crops/cfb37efe56492da4afb0.jpg
m4-071-final-v1,A,808280ff66c1ed0ba317,ea065be4d05ea2f7,FAIR1M-v1.0,1304,a7bceb85c7d328996b09941a0cc9c958d1a286b04e97d6b77d3a109afe73596f,/home/rspip/cqc/pro/study/orientbench/annotation_tools/m4_angle_annotation/annotator_A/crops/808280ff66c1ed0ba317.jpg
m4-071-final-v1,A,67feed6851aade3330d3,694006839393c911,DIOR-R,1305,a4a7317c513b2f6fc35c6cca37de976e7fce5b9557ec49db99c1cf36a77a4b73,/home/rspip/cqc/pro/study/orientbench/annotation_tools/m4_angle_annotation/annotator_A/crops/67feed6851aade3330d3.jpg
m4-071-final-v1,A,eefe70c61204c3517066,4fbbfaba8296a0fd,DIOR-R,1306,19660b096a648bcc2fa9d0abca254f0522d3a7fc30df306182e6f9867fd48d4b,/home/rspip/cqc/pro/study/orientbench/annotation_tools/m4_angle_annotation/annotator_A/crops/eefe70c61204c3517066.jpg
m4-071-final-v1,A,a8e1344fb3ec27bc82d2,d08f7dafa6fe39a8,SODA-A,1307,1da6a5609b0c14ab86f656ba1deb4ca0582fdf451b4c12677d7bfa76a1704aa1,/home/rspip/cqc/pro/study/orientbench/annotation_tools/m4_angle_annotation/annotator_A/crops/a8e1344fb3ec27bc82d2.jpg
m4-071-final-v1,A,682c137a3145d83bafd7,355f3c0ed4bd59f0,DIOR-R,1308,0f6ab7e2892646f9933522c4c2499a864afac31b9f0010ec8868c1b2a872095c,/home/rspip/cqc/pro/study/orientbench/annotation_tools/m4_angle_annotation/annotator_A/crops/682c137a3145d83bafd7.jpg
m4-071-final-v1,A,a5e76604a6e147941bdc,484298b788ad8399,FAIR1M-v1.0,1309,50560bbe13e53b27a0a49e1b0f308fb908ced14b6e80f7ce2956a907e0639641,/home/rspip/cqc/pro/study/orientbench/annotation_tools/m4_angle_annotation/annotator_A/crops/a5e76604a6e147941bdc.jpg
m4-071-final-v1,A,576734ebabe2cb57b10e,865b9f1cf3c1fb11,DIOR-R,1310,beed6c0c40710b90d45b0e50d3f354049d059e99d7851c8790fd8476cc318f32,/home/rspip/cqc/pro/study/orientbench/annotation_tools/m4_angle_annotation/annotator_A/crops/576734ebabe2cb57b10e.jpg
m4-071-final-v1,A,9e5d7bd48f2115b93096,186ca83d8a2506fb,SODA-A,1311,397b237c5de494698a2ea849011907646afcfaa487d686bf125c8a9a2ecbceb3,/home/rspip/cqc/pro/study/orientbench/annotation_tools/m4_angle_annotation/annotator_A/crops/9e5d7bd48f2115b93096.jpg
m4-071-final-v1,A,7796a34cad1de43812da,3509a50ee2248505,DIOR-R,1312,f474d7473de289a34d3d5d2b6d128670cb54abee3940beb354809b51cd30c851,/home/rspip/cqc/pro/study/orientbench/annotation_tools/m4_angle_annotation/annotator_A/crops/7796a34cad1de43812da.jpg
m4-071-final-v1,A,38d9c3a2827cb266ac7c,3db678f2b971d87a,SODA-A,1313,d847b8adfc0e972c1e7d4e5a0cd3b647ea9badfb6122145f67e321235b6fdc5b,/home/rspip/cqc/pro/study/orientbench/annotation_tools/m4_angle_annotation/annotator_A/crops/38d9c3a2827cb266ac7c.jpg
m4-071-final-v1,A,3e218a217f1e33faca1f,c08e88ed70b0aa16,FAIR1M-v1.0,1314,a8800470ecd73384c5024eb9186e952ae1df0db657d497ea488ced5705231a71,/home/rspip/cqc/pro/study/orientbench/annotation_tools/m4_angle_annotation/annotator_A/crops/3e218a217f1e33faca1f.jpg
m4-071-final-v1,A,9fcb64eb18ac03f5be63,77f7df11ebac5a71,SODA-A,1315,60ebcb2c5ac3864efea09cd455e62e51d6982e4786754e065aaf158fe11ffb34,/home/rspip/cqc/pro/study/orientbench/annotation_tools/m4_angle_annotation/annotator_A/crops/9fcb64eb18ac03f5be63.jpg
m4-071-final-v1,A,053513d25617a20d2d56,d18495563d6bd8b9,DIOR-R,1316,f106599fba70f9f7e5fb5b7f9d36eb35cf74a21f93b4060065cd07e309813e2b,/home/rspip/cqc/pro/study/orientbench/annotation_tools/m4_angle_annotation/annotator_A/crops/053513d25617a20d2d56.jpg
m4-071-final-v1,A,91e52546938ee7ecd290,c74552498dff8629,FAIR1M-v1.0,1317,e7a4580264f1fd56609fd69916c3c722feead50b617a187ace2dad9c3b7610f3,/home/rspip/cqc/pro/study/orientbench/annotation_tools/m4_angle_annotation/annotator_A/crops/91e52546938ee7ecd290.jpg
m4-071-final-v1,A,cac5d07c12b000ef2aa1,9424c817ee5eb19c,FAIR1M-v1.0,1318,18d9595c18cdd612f95f39d7d96bd30f2df32d8a5245d8f2d2ac860eff832a6f,/home/rspip/cqc/pro/study/orientbench/annotation_tools/m4_angle_annotation/annotator_A/crops/cac5d07c12b000ef2aa1.jpg
m4-071-final-v1,A,9fcfc1c7804aeaf8982f,3a0b05221671ec80,FAIR1M-v1.0,1319,59accce59b990dc5d073d9847bcae86e77936f6ebf370c0b721ad2cd592fdd07,/home/rspip/cqc/pro/study/orientbench/annotation_tools/m4_angle_annotation/annotator_A/crops/9fcfc1c7804aeaf8982f.jpg
m4-071-final-v1,A,e91363aaf8708101b91a,f089723f8160d109,SODA-A,1320,d29f6a7eaf850fa4d84c7e46cee24df9e781d1d608af24502d625decb05aaaf5,/home/rspip/cqc/pro/study/orientbench/annotation_tools/m4_angle_annotation/annotator_A/crops/e91363aaf8708101b91a.jpg
m4-071-final-v1,A,6f7a44195fdcd28c2368,c7c145daeb44fcbe,FAIR1M-v1.0,1321,427d305748b8cfbf4a8cb726fd09ee49c54931a5491f2b104f66f36e24e2c7e9,/home/rspip/cqc/pro/study/orientbench/annotation_tools/m4_angle_annotation/annotator_A/crops/6f7a44195fdcd28c2368.jpg
m4-071-final-v1,A,47ae7c84f72434638e84,3ca91d12c058ffe5,DIOR-R,1322,00f8d3588b749e31c39c95c63beb9cdd4359555f0d702637fc76b3e03f5de4e4,/home/rspip/cqc/pro/study/orientbench/annotation_tools/m4_angle_annotation/annotator_A/crops/47ae7c84f72434638e84.jpg
m4-071-final-v1,A,f60c97aa6ce0fe187b1e,f3a0e0fe56a3a255,SODA-A,1323,94890a01c2cc02f86a0a7cfef7bd0a49b85e22fdbfcf72669ad4803a9b706ba0,/home/rspip/cqc/pro/study/orientbench/annotation_tools/m4_angle_annotation/annotator_A/crops/f60c97aa6ce0fe187b1e.jpg
m4-071-final-v1,A,154d96dcd69b7481e826,04060836b392d125,SODA-A,1324,6fa30259e6929815c7b7183539df0ba6d0949dc9e032724bf7deaa719e4e1f7a,/home/rspip/cqc/pro/study/orientbench/annotation_tools/m4_angle_annotation/annotator_A/crops/154d96dcd69b7481e826.jpg
m4-071-final-v1,A,2f4ebfccb733f5ca91ea,61e27feb758f5856,FAIR1M-v1.0,1325,b7b0e3dddc15b9f7baa5f76c5a90b586c32617ab743307ae8d312e47f5206b50,/home/rspip/cqc/pro/study/orientbench/annotation_tools/m4_angle_annotation/annotator_A/crops/2f4ebfccb733f5ca91ea.jpg
m4-071-final-v1,A,e7a5f7b5b7c5ce4d2a9b,828b5e5f7ed11d9b,DIOR-R,1326,44e742655eae11ee0cf050522d8b48098d587e5d74a59a66652a591f2ea537fc,/home/rspip/cqc/pro/study/orientbench/annotation_tools/m4_angle_annotation/annotator_A/crops/e7a5f7b5b7c5ce4d2a9b.jpg
m4-071-final-v1,A,e01ec2ca8abf80f7f6c3,c2a8d155b8ff511b,SODA-A,1327,30b9c0b3fadb80f46d3a46f1716cd3ce65d538ba1f40f696e991986e5c60e9fc,/home/rspip/cqc/pro/study/orientbench/annotation_tools/m4_angle_annotation/annotator_A/crops/e01ec2ca8abf80f7f6c3.jpg
m4-071-final-v1,A,05db8a307619d0bfb7a3,984d5b9f6f0d5236,SODA-A,1328,63d44519551309a77cab66d1ecdd6bfa17411bc8a0cbe406fa956d3182f3c6f3,/home/rspip/cqc/pro/study/orientbench/annotation_tools/m4_angle_annotation/annotator_A/crops/05db8a307619d0bfb7a3.jpg
m4-071-final-v1,A,ef6827068796d06162a7,e9aa2a06a31d5d39,DIOR-R,1329,01d59e2af5d1bf8abd4f89757053cdc0ea1985593af1680e679459c487735eb1,/home/rspip/cqc/pro/study/orientbench/annotation_tools/m4_angle_annotation/annotator_A/crops/ef6827068796d06162a7.jpg
m4-071-final-v1,A,2f7d5b505c0681808d89,82468abcf6f750ab,DIOR-R,1330,18fa794587e60526ba0536809467f0db0e89f046973d3b5fefe821c29fd65654,/home/rspip/cqc/pro/study/orientbench/annotation_tools/m4_angle_annotation/annotator_A/crops/2f7d5b505c0681808d89.jpg
m4-071-final-v1,A,9ba4d94f1f2e297559cc,10b16d21a8ab6ac1,SODA-A,1331,af9f20e67907157d601e300ea111af4d505d28756fd654e65796274b3c497eef,/home/rspip/cqc/pro/study/orientbench/annotation_tools/m4_angle_annotation/annotator_A/crops/9ba4d94f1f2e297559cc.jpg
m4-071-final-v1,A,dc4ed857bac03ceaa889,e77724c876fc99b8,DIOR-R,1332,8627efb040bb63fa4ef0e07d28ec6dd3861da342af54b175e4aef8efa0d1708d,/home/rspip/cqc/pro/study/orientbench/annotation_tools/m4_angle_annotation/annotator_A/crops/dc4ed857bac03ceaa889.jpg
m4-071-final-v1,A,45f0af03a029f8f65bfb,a80f6cac05b5fcea,DIOR-R,1333,728431d7f96e732e408290b6c87c18c1ae580ba7cd3640e2630347274094e4b1,/home/rspip/cqc/pro/study/orientbench/annotation_tools/m4_angle_annotation/annotator_A/crops/45f0af03a029f8f65bfb.jpg
m4-071-final-v1,A,5960cd6e1332c9ab1404,ab1dee47e1d57ebe,SODA-A,1334,fd6d406145ec5dbca70a60ec415bff9f20fb69bec3bf5ce7a27da3f7f61e5f5a,/home/rspip/cqc/pro/study/orientbench/annotation_tools/m4_angle_annotation/annotator_A/crops/5960cd6e1332c9ab1404.jpg
m4-071-final-v1,A,82ec3d23702ecfd630c6,e9c833d6c325e9e3,SODA-A,1335,a25794b9f3031c7d66ece3e467afe00492a94e283108efe7007691d2f96cdcae,/home/rspip/cqc/pro/study/orientbench/annotation_tools/m4_angle_annotation/annotator_A/crops/82ec3d23702ecfd630c6.jpg
m4-071-final-v1,A,655604bf1d045c247527,a3237ee069fd1c48,DIOR-R,1336,233ce63586315ae6812f22bc484e18847d6d77a1fb66c8f29feb7b558de9760a,/home/rspip/cqc/pro/study/orientbench/annotation_tools/m4_angle_annotation/annotator_A/crops/655604bf1d045c247527.jpg
m4-071-final-v1,A,e7e1b591b2cdb1daeba4,a69d99b33a7bb42e,DIOR-R,1337,bcbde99488205efcd6dafb005da8efa77c89d44dcbfd28cf8c7ddc022136bf64,/home/rspip/cqc/pro/study/orientbench/annotation_tools/m4_angle_annotation/annotator_A/crops/e7e1b591b2cdb1daeba4.jpg
m4-071-final-v1,A,9885de99418abf154895,3363a64bf733e5a5,FAIR1M-v1.0,1338,23a03bcd5dc04365214d0d281b73c8eb3325a351190ff749be4800882f417b65,/home/rspip/cqc/pro/study/orientbench/annotation_tools/m4_angle_annotation/annotator_A/crops/9885de99418abf154895.jpg
m4-071-final-v1,A,5bd58437e3434999464b,d5417c111e0baf94,DIOR-R,1339,2fc7737a24ac075b4274fbf4e6e4edd85f045d24746bdcad761cc839c9cd0d30,/home/rspip/cqc/pro/study/orientbench/annotation_tools/m4_angle_annotation/annotator_A/crops/5bd58437e3434999464b.jpg
m4-071-final-v1,A,e156f5dc22a6cdb90fbc,434bd0b3b70f5f3a,FAIR1M-v1.0,1340,febd4696ae90930fb0126547e51fa29c8e36aa77d5ad35befd9d7e6899edd748,/home/rspip/cqc/pro/study/orientbench/annotation_tools/m4_angle_annotation/annotator_A/crops/e156f5dc22a6cdb90fbc.jpg
m4-071-final-v1,A,5bb77fe8d1f3636dc3f2,14c413393dd30348,SODA-A,1341,613691f064ef7b9bf3c274ece74b9ff3ae5a7e140463723f97edd82c4c3731d4,/home/rspip/cqc/pro/study/orientbench/annotation_tools/m4_angle_annotation/annotator_A/crops/5bb77fe8d1f3636dc3f2.jpg
m4-071-final-v1,A,d6c923f1a6de20203bce,366dcf4d3c7b260c,FAIR1M-v1.0,1342,e9a4bdff691f2e324b01070eddfe579c4f515ecc341897e0cf3e5ed8f2b40244,/home/rspip/cqc/pro/study/orientbench/annotation_tools/m4_angle_annotation/annotator_A/crops/d6c923f1a6de20203bce.jpg
m4-071-final-v1,A,5611f93670d825b3e509,3606209082b72269,SODA-A,1343,0183ff4c39edfb84ea46faff161e74c75a80a8f734a3c49b5ed85986149af400,/home/rspip/cqc/pro/study/orientbench/annotation_tools/m4_angle_annotation/annotator_A/crops/5611f93670d825b3e509.jpg
m4-071-final-v1,A,6c35190d802bf450bfb9,ba4afb46d40d97cd,DIOR-R,1344,fff72b7ce364281c1038f0c0fec8c33e171c83c43f1b5fe747c2ce0960bd9456,/home/rspip/cqc/pro/study/orientbench/annotation_tools/m4_angle_annotation/annotator_A/crops/6c35190d802bf450bfb9.jpg
m4-071-final-v1,A,5a23fbda91525995dd81,a45dbf103c61a335,DIOR-R,1345,f786777fd685a1286cca17023a25a320be05ac02851fc5a7d6a546c339fa14a6,/home/rspip/cqc/pro/study/orientbench/annotation_tools/m4_angle_annotation/annotator_A/crops/5a23fbda91525995dd81.jpg
m4-071-final-v1,A,b8b49ef8c550b6bb25e9,3b3a64136eecf34f,FAIR1M-v1.0,1346,b685441d9d91db8bf0c427a04a6b1d8342db74756c62dc9e1904e4e7beb1d995,/home/rspip/cqc/pro/study/orientbench/annotation_tools/m4_angle_annotation/annotator_A/crops/b8b49ef8c550b6bb25e9.jpg
m4-071-final-v1,A,143755c316664abb145c,a54f9141d6b30b15,FAIR1M-v1.0,1347,0b300862349653538ae331f2ad7f24e03c7ee1f7613ec4bd9fbc0782ce6f0664,/home/rspip/cqc/pro/study/orientbench/annotation_tools/m4_angle_annotation/annotator_A/crops/143755c316664abb145c.jpg
m4-071-final-v1,A,003295214cfee459c20e,cd417bd105022d05,SODA-A,1348,1e6a29a709deba362b1063c41becf278d8c63e10b91adafe579010e1c29246cc,/home/rspip/cqc/pro/study/orientbench/annotation_tools/m4_angle_annotation/annotator_A/crops/003295214cfee459c20e.jpg
m4-071-final-v1,A,80633d864aa88fee755a,c481f0e1959275df,SODA-A,1349,096ca006fd46555a107e398464618f055585708616598b1654e1ac5a7f6c2598,/home/rspip/cqc/pro/study/orientbench/annotation_tools/m4_angle_annotation/annotator_A/crops/80633d864aa88fee755a.jpg
m4-071-final-v1,A,a56445463fedd222aeba,1b50557193c77b13,DIOR-R,1350,1cfae6413e09cbf05d90baef90519c1a606443676b9762dc74512dfe1d8de489,/home/rspip/cqc/pro/study/orientbench/annotation_tools/m4_angle_annotation/annotator_A/crops/a56445463fedd222aeba.jpg
m4-071-final-v1,A,b55691a14adb9bd00c24,a54cb62796d7a960,SODA-A,1351,0be43b754eefc40bd211b51b393a206142e14d98b89b36c2ab1e6e64f45bf04a,/home/rspip/cqc/pro/study/orientbench/annotation_tools/m4_angle_annotation/annotator_A/crops/b55691a14adb9bd00c24.jpg
m4-071-final-v1,A,329643714b6b7fbd5586,472866c9f3eb4a8b,FAIR1M-v1.0,1352,fd699c4b33ff5fb133966c2f34de0a4bd037db4bbbce1cbef20261719658a9a7,/home/rspip/cqc/pro/study/orientbench/annotation_tools/m4_angle_annotation/annotator_A/crops/329643714b6b7fbd5586.jpg
m4-071-final-v1,A,1b6590ca89e3b145b340,4f447e0882d9d6ad,DIOR-R,1353,a1227419ad5f9c7da8d378e087efe544469b5ddf6ca9ea8a62522b3f6c252507,/home/rspip/cqc/pro/study/orientbench/annotation_tools/m4_angle_annotation/annotator_A/crops/1b6590ca89e3b145b340.jpg
m4-071-final-v1,A,c9659f4e18d77713e912,01c6c91274faa66d,SODA-A,1354,06b781746e1f2e59a78b1f4723a88990004dead1c0b007ab899f67fdb671d4d6,/home/rspip/cqc/pro/study/orientbench/annotation_tools/m4_angle_annotation/annotator_A/crops/c9659f4e18d77713e912.jpg
m4-071-final-v1,A,4f05901f36d0e62a0c7c,03e22bc8808ce90e,SODA-A,1355,163c8d81759127a59f312724e735e180fe25bebeba02fb71407e315860d42120,/home/rspip/cqc/pro/study/orientbench/annotation_tools/m4_angle_annotation/annotator_A/crops/4f05901f36d0e62a0c7c.jpg
m4-071-final-v1,A,089215e434f35ac5637b,950c338f95ebb9e7,FAIR1M-v1.0,1356,8005d48b2f39250e0b0e199935d80eb1d2d29bf0065fcd7ebb9f0307ca9fe0a7,/home/rspip/cqc/pro/study/orientbench/annotation_tools/m4_angle_annotation/annotator_A/crops/089215e434f35ac5637b.jpg
m4-071-final-v1,A,04453301385553b4f286,3a39d551af082d5e,FAIR1M-v1.0,1357,674371d719702975ce95147642cf46aee21e8c016b62041d86d4ff1239008770,/home/rspip/cqc/pro/study/orientbench/annotation_tools/m4_angle_annotation/annotator_A/crops/04453301385553b4f286.jpg
m4-071-final-v1,A,a949f5cb7c7a742ec3cf,2826262db34abf4e,DIOR-R,1358,dafd26b0f09ab04cc5e76af421645c0b09fe664a685f84f340dd06a8414d444f,/home/rspip/cqc/pro/study/orientbench/annotation_tools/m4_angle_annotation/annotator_A/crops/a949f5cb7c7a742ec3cf.jpg
m4-071-final-v1,A,1881450be72531127434,40d195521f35fa1f,FAIR1M-v1.0,1359,e0658bb47be271d62774ea747556a55765d47db8e8e0ee784f20f0f52d693fdd,/home/rspip/cqc/pro/study/orientbench/annotation_tools/m4_angle_annotation/annotator_A/crops/1881450be72531127434.jpg
m4-071-final-v1,A,594193f550430a9a7c6c,37882c27aa218afa,SODA-A,1360,1ae47332b4df83992a831199082b2d86ddd4c27e92ba105070b8f34c63a1fee0,/home/rspip/cqc/pro/study/orientbench/annotation_tools/m4_angle_annotation/annotator_A/crops/594193f550430a9a7c6c.jpg
m4-071-final-v1,A,68968d58c6c4dab971bd,120f033342a21f36,FAIR1M-v1.0,1361,76c12c43e08acdc1953a7d78b6a5f21e669621b763c7a36126ce18579b5f0f7d,/home/rspip/cqc/pro/study/orientbench/annotation_tools/m4_angle_annotation/annotator_A/crops/68968d58c6c4dab971bd.jpg
m4-071-final-v1,A,4978a808758548ff08c4,9dee7bc7edd291c6,SODA-A,1362,286f2b8ceb295ca14c5c16d5557a6ad20e9bad9bbc6ef9fe0b6ea385560e3b6a,/home/rspip/cqc/pro/study/orientbench/annotation_tools/m4_angle_annotation/annotator_A/crops/4978a808758548ff08c4.jpg
m4-071-final-v1,A,1ee4f5bcb604e3179bd7,355fe495d26af425,FAIR1M-v1.0,1363,48f235332779b9865b92d5ff1a7099e39403629ea47a195844f7ff07817d2077,/home/rspip/cqc/pro/study/orientbench/annotation_tools/m4_angle_annotation/annotator_A/crops/1ee4f5bcb604e3179bd7.jpg
m4-071-final-v1,A,61cb187523fed7b76cc1,882736286d5514b8,FAIR1M-v1.0,1364,5f23fe6d80a6970d0dd0bc7319badae426805d66647dcbf78adcb8ff288c9756,/home/rspip/cqc/pro/study/orientbench/annotation_tools/m4_angle_annotation/annotator_A/crops/61cb187523fed7b76cc1.jpg
m4-071-final-v1,A,13e0621423631e3d8dd6,7ac1a68827ece81a,SODA-A,1365,e457a1cc9fef75d6769d4baf9ba1159f4b536d4be899edbae9dd3d72d84d7179,/home/rspip/cqc/pro/study/orientbench/annotation_tools/m4_angle_annotation/annotator_A/crops/13e0621423631e3d8dd6.jpg
m4-071-final-v1,A,4ea6eee175607cf08540,ce1fdbc2d7401bac,DIOR-R,1366,8e45d95f657e53b28b4e08618bf16d007de2344e1e5dbe01661d2f7adcc88376,/home/rspip/cqc/pro/study/orientbench/annotation_tools/m4_angle_annotation/annotator_A/crops/4ea6eee175607cf08540.jpg
m4-071-final-v1,A,87ed4a8adebbb3fe9c5c,fbf2dc8064da952f,FAIR1M-v1.0,1367,f84ab013338caf77f8b247ff46d2167b6e345dec897819b3252fb95f437cdd0e,/home/rspip/cqc/pro/study/orientbench/annotation_tools/m4_angle_annotation/annotator_A/crops/87ed4a8adebbb3fe9c5c.jpg
m4-071-final-v1,A,7dc750af0df45a8bb61e,0a0c8c4af06cead9,FAIR1M-v1.0,1368,3d20c7f37e4c8cd2c06966d78e2d2a7ade0fff55bce646893232c2a029372470,/home/rspip/cqc/pro/study/orientbench/annotation_tools/m4_angle_annotation/annotator_A/crops/7dc750af0df45a8bb61e.jpg
m4-071-final-v1,A,dd427d1e9c13bda0356e,fb318a8ea9d116fb,SODA-A,1369,f4d27bfd1473358636ab93fd0e4f22b966156cc87e9930e8f99e15c5686d6169,/home/rspip/cqc/pro/study/orientbench/annotation_tools/m4_angle_annotation/annotator_A/crops/dd427d1e9c13bda0356e.jpg
m4-071-final-v1,A,2e24d60b50290d3e49e3,abf2a9bb0b30059d,DIOR-R,1370,d707d11887df28a8642457e43b083997e86efa59a0fcf6470b91a4a2742b4b49,/home/rspip/cqc/pro/study/orientbench/annotation_tools/m4_angle_annotation/annotator_A/crops/2e24d60b50290d3e49e3.jpg
m4-071-final-v1,A,061e16f69dac5db50cba,f41f4761a7f62a5f,DIOR-R,1371,b2dae87dc15f3bd40c99c3a6a40dfd3e1f67d565089eaa2d4496ea2f46d866a3,/home/rspip/cqc/pro/study/orientbench/annotation_tools/m4_angle_annotation/annotator_A/crops/061e16f69dac5db50cba.jpg
m4-071-final-v1,A,4613a4dbde281e8a3945,4e6910295e84cdd1,FAIR1M-v1.0,1372,2f8095cbf1572081c85395fcc6413beea1e633ac3045e238378736c3f7ea72ea,/home/rspip/cqc/pro/study/orientbench/annotation_tools/m4_angle_annotation/annotator_A/crops/4613a4dbde281e8a3945.jpg
m4-071-final-v1,A,7ef62e7be66ab56f8d20,384a16ef4cc8598b,DIOR-R,1373,1c2b52e660dd920b596d4493e9df21f1878632c9e55e8419bdb65e24bf0bfb19,/home/rspip/cqc/pro/study/orientbench/annotation_tools/m4_angle_annotation/annotator_A/crops/7ef62e7be66ab56f8d20.jpg
m4-071-final-v1,A,de5dc50bda94db686273,4cc2897af21ef9d4,FAIR1M-v1.0,1374,30d9e692e80492936a0d72b40aa60f2e4d002a3c5684b061deb870b3e222d549,/home/rspip/cqc/pro/study/orientbench/annotation_tools/m4_angle_annotation/annotator_A/crops/de5dc50bda94db686273.jpg
m4-071-final-v1,A,08c525d13860800dafab,eeb364eb68b4f33a,SODA-A,1375,2615dcc650371163e529e52d3e0d0dc71b5a5d5f7bb0c23f3555b29d5d79b2ab,/home/rspip/cqc/pro/study/orientbench/annotation_tools/m4_angle_annotation/annotator_A/crops/08c525d13860800dafab.jpg
m4-071-final-v1,A,e3018ddce8ed299aee56,192fb754af2a0279,FAIR1M-v1.0,1376,8478970270b5bd6f3ec5ee1f31c09135656c02e82fbce9c98db4ba79fa04324b,/home/rspip/cqc/pro/study/orientbench/annotation_tools/m4_angle_annotation/annotator_A/crops/e3018ddce8ed299aee56.jpg
m4-071-final-v1,A,1039e3a22bc7e8b968c4,7249a0166027746f,FAIR1M-v1.0,1377,ad342a2d581bb47a5033ed63bc951310b591949a11c67223001d57073dd73a1e,/home/rspip/cqc/pro/study/orientbench/annotation_tools/m4_angle_annotation/annotator_A/crops/1039e3a22bc7e8b968c4.jpg
m4-071-final-v1,A,3b38181d3d7f3642e67d,1bc54f9ef5654536,SODA-A,1378,c77d9e1a3703f19d0f99115b0d668020f39f541fca2cfc2310294a6a5f6352bd,/home/rspip/cqc/pro/study/orientbench/annotation_tools/m4_angle_annotation/annotator_A/crops/3b38181d3d7f3642e67d.jpg
m4-071-final-v1,A,a8fc6daf82aaaabd2098,5e4be3ce68f7f9c6,SODA-A,1379,88ea5079f8bfdbc0758014a124f719c2af94bc21b9e159b7cce2b695ded6f604,/home/rspip/cqc/pro/study/orientbench/annotation_tools/m4_angle_annotation/annotator_A/crops/a8fc6daf82aaaabd2098.jpg
m4-071-final-v1,A,976e29326842101a70a4,773627e9f94208ed,SODA-A,1380,cc755de7158a1dc8177662163484b5edaa24d4cc09501f0c03ec3db2de90b1f3,/home/rspip/cqc/pro/study/orientbench/annotation_tools/m4_angle_annotation/annotator_A/crops/976e29326842101a70a4.jpg
m4-071-final-v1,A,210337cee0e589cda642,fee8da0ae306116b,DIOR-R,1381,872370530658e37c7d0f8f9e96cb77c51b2b80fe99f2757d1b87b4b3329afbf7,/home/rspip/cqc/pro/study/orientbench/annotation_tools/m4_angle_annotation/annotator_A/crops/210337cee0e589cda642.jpg
m4-071-final-v1,A,0969e249d39cbd7a2049,1cd8cb77d734711e,SODA-A,1382,58f85c1aa473a349d9de2bd5748e2d605868be7a952343557cd934d1daf488f2,/home/rspip/cqc/pro/study/orientbench/annotation_tools/m4_angle_annotation/annotator_A/crops/0969e249d39cbd7a2049.jpg
m4-071-final-v1,A,50346ed50dd89ef99f35,2a3a1df8033a8109,DIOR-R,1383,91cb0dfc5ae57e1515d171af056f429f95bff054f85767af457260594221aa21,/home/rspip/cqc/pro/study/orientbench/annotation_tools/m4_angle_annotation/annotator_A/crops/50346ed50dd89ef99f35.jpg
m4-071-final-v1,A,7f83ce55398788f8def5,06d9a64c086ac483,DIOR-R,1384,120343be4da9bfeb4264b3111f07ea68307191a0284af8a12d4e614b2858e0bf,/home/rspip/cqc/pro/study/orientbench/annotation_tools/m4_angle_annotation/annotator_A/crops/7f83ce55398788f8def5.jpg
m4-071-final-v1,A,d94436a10443ed32f007,39ed806efa425f58,DIOR-R,1385,f265b404e0080b4f939248bf802a8014b2fdfc3c8fff2e0e837760ba34dda123,/home/rspip/cqc/pro/study/orientbench/annotation_tools/m4_angle_annotation/annotator_A/crops/d94436a10443ed32f007.jpg
m4-071-final-v1,A,3b48b1841ed68d75413c,19b4f437bb48fb1a,SODA-A,1386,e620165825543570a0f62aebe76b784075acf5457ab502f189b3de080c02b506,/home/rspip/cqc/pro/study/orientbench/annotation_tools/m4_angle_annotation/annotator_A/crops/3b48b1841ed68d75413c.jpg
m4-071-final-v1,A,f9380b87a63030ca7c89,6cfa0a01b26444ca,SODA-A,1387,01a8422fc2e0c50c0a3d54b7b9d9a94619a1d1028c9529dbda5138aa0104a629,/home/rspip/cqc/pro/study/orientbench/annotation_tools/m4_angle_annotation/annotator_A/crops/f9380b87a63030ca7c89.jpg
m4-071-final-v1,A,5762882cba37d1fd17a5,320b6a01156fb505,DIOR-R,1388,1e505fbc8071bdb096b831319b5859aa64fa19ae575039a9c2cf295d2b5a5575,/home/rspip/cqc/pro/study/orientbench/annotation_tools/m4_angle_annotation/annotator_A/crops/5762882cba37d1fd17a5.jpg
m4-071-final-v1,A,1a72c3ed4cbf083a39a2,2f9cbf4230e1161b,SODA-A,1389,a722fbffa68ddff40857558426fe23af8f6eccff4ec49db592470f527b907b82,/home/rspip/cqc/pro/study/orientbench/annotation_tools/m4_angle_annotation/annotator_A/crops/1a72c3ed4cbf083a39a2.jpg
m4-071-final-v1,A,84d79c130884b494f5c8,352e21a5cc5c0892,SODA-A,1390,1a278c98fad1e9a76c8218dde564440e291efeb622dedb992f44e91862d6aaf4,/home/rspip/cqc/pro/study/orientbench/annotation_tools/m4_angle_annotation/annotator_A/crops/84d79c130884b494f5c8.jpg
m4-071-final-v1,A,513fecf69eeef1b1b12c,8d6624629867e278,SODA-A,1391,93963a120bf65888e6fab172deee406702398eabbfc24af12d33a5b2436c8d80,/home/rspip/cqc/pro/study/orientbench/annotation_tools/m4_angle_annotation/annotator_A/crops/513fecf69eeef1b1b12c.jpg
m4-071-final-v1,A,e240d032b375ff2507bc,0c8314ed249fe29b,DIOR-R,1392,73e882428b4c5b42afc0716d6a5c43e543ac384594cc6450e029a4feabc36483,/home/rspip/cqc/pro/study/orientbench/annotation_tools/m4_angle_annotation/annotator_A/crops/e240d032b375ff2507bc.jpg
m4-071-final-v1,A,a5ef59fda3b52b3e2eea,8b8309d280df56de,FAIR1M-v1.0,1393,538e32a40486af1caad08dded96b28b9634dbe06d852d8002e231acd617a2f16,/home/rspip/cqc/pro/study/orientbench/annotation_tools/m4_angle_annotation/annotator_A/crops/a5ef59fda3b52b3e2eea.jpg
m4-071-final-v1,A,52bf1f5d3be3ff2ada51,8517e11f7c618062,FAIR1M-v1.0,1394,709cc5f25832035f1c5996b530e60c595a6e92fad5bf2c27a1bd15039cecda28,/home/rspip/cqc/pro/study/orientbench/annotation_tools/m4_angle_annotation/annotator_A/crops/52bf1f5d3be3ff2ada51.jpg
m4-071-final-v1,A,aadf704ab7f848f2aac1,68cb6175552f8fdf,FAIR1M-v1.0,1395,8d34a9d2d599941bc708698f3f63a6593f7706048a8d51ea8a9cb6e603c6f9cc,/home/rspip/cqc/pro/study/orientbench/annotation_tools/m4_angle_annotation/annotator_A/crops/aadf704ab7f848f2aac1.jpg
m4-071-final-v1,A,6d96bf8cf55704771d8c,ecb85e6dcef3a7d4,FAIR1M-v1.0,1396,0e4e936399ff067f95cf615bc71dfeaa1769ac43be9016c89b871c73c244f32f,/home/rspip/cqc/pro/study/orientbench/annotation_tools/m4_angle_annotation/annotator_A/crops/6d96bf8cf55704771d8c.jpg
m4-071-final-v1,A,ddf76c8acfcbfa75dde4,d2d7dd9002696307,SODA-A,1397,f8eec64bd9d4c327c79df735d3c81ea22c97c3e26569a93808fd4ee7f469abb2,/home/rspip/cqc/pro/study/orientbench/annotation_tools/m4_angle_annotation/annotator_A/crops/ddf76c8acfcbfa75dde4.jpg
m4-071-final-v1,A,e61a9b5fc9d1aac6e099,bbaca06bec7736ce,FAIR1M-v1.0,1398,65d0474775a24561ff88bd6fabd5fd9258b2e5b3ccb237f67a31c88eefc31896,/home/rspip/cqc/pro/study/orientbench/annotation_tools/m4_angle_annotation/annotator_A/crops/e61a9b5fc9d1aac6e099.jpg
m4-071-final-v1,A,db312c79df395a4a3837,b70ba5efff8d1d10,DIOR-R,1399,d5fb45d75782b5881dbef3f3fb441089c1a92cf1dde942ca79e9039810658eaa,/home/rspip/cqc/pro/study/orientbench/annotation_tools/m4_angle_annotation/annotator_A/crops/db312c79df395a4a3837.jpg
m4-071-final-v1,A,82b8a5fad839f036ed69,ec815eecd4e1239d,FAIR1M-v1.0,1400,1de0017fd98007e71d4a03de79778ef99e478bcd1dd1164a859714338a542647,/home/rspip/cqc/pro/study/orientbench/annotation_tools/m4_angle_annotation/annotator_A/crops/82b8a5fad839f036ed69.jpg
m4-071-final-v1,A,995fa5a98cf3383066f6,acb73a2f5eed3eb2,SODA-A,1401,c9ad2ad10e5bf031abc6939dfcd4b9f2d7ac76c58ead141aa7430a54d6b0a181,/home/rspip/cqc/pro/study/orientbench/annotation_tools/m4_angle_annotation/annotator_A/crops/995fa5a98cf3383066f6.jpg
m4-071-final-v1,A,c16f807a3f963f29d662,288d818b5d6c0f9f,DIOR-R,1402,928367cc8960e28cdd4553ab3f241f55f51c37bbca64ce31943a2dd5721171e2,/home/rspip/cqc/pro/study/orientbench/annotation_tools/m4_angle_annotation/annotator_A/crops/c16f807a3f963f29d662.jpg
m4-071-final-v1,A,3d4cb5028cfca265f92f,4f23d6b2c9723a55,DIOR-R,1403,ad895c2f5f9a82f1dde2e99d292871630ec7f202b8997f71ab8f9831ff770264,/home/rspip/cqc/pro/study/orientbench/annotation_tools/m4_angle_annotation/annotator_A/crops/3d4cb5028cfca265f92f.jpg
m4-071-final-v1,A,5be15d53d01e6d4fdad5,4643eb8de6bbb3fd,FAIR1M-v1.0,1404,6856f2315fdec8ce0a63c5f9fbaf61465476537454db51ac94f2306658f4ad5f,/home/rspip/cqc/pro/study/orientbench/annotation_tools/m4_angle_annotation/annotator_A/crops/5be15d53d01e6d4fdad5.jpg
m4-071-final-v1,A,d3f783a8c2aa4b11193f,177fddbec1c4c598,SODA-A,1405,ae38528ffe1128b8492c64521a7468cbdf5225850471de369f1191170f81d9de,/home/rspip/cqc/pro/study/orientbench/annotation_tools/m4_angle_annotation/annotator_A/crops/d3f783a8c2aa4b11193f.jpg
m4-071-final-v1,A,128d68e8631aae0fc6d2,cb646e24eb5b85b4,SODA-A,1406,f3b71b1c294fd5229e05546f71adc1b0b36d5ff991dacb652ac2bb87d9268979,/home/rspip/cqc/pro/study/orientbench/annotation_tools/m4_angle_annotation/annotator_A/crops/128d68e8631aae0fc6d2.jpg
m4-071-final-v1,A,ad0dc91db9273a0a6c4d,29f3da55a75e96e9,DIOR-R,1407,bd010f86e4dfa4d7e086919260281a0ddb860514767f66c38ed87d07ab6db17e,/home/rspip/cqc/pro/study/orientbench/annotation_tools/m4_angle_annotation/annotator_A/crops/ad0dc91db9273a0a6c4d.jpg
m4-071-final-v1,A,56f9bf75bf7ee3550b08,d3ee8808a4f5106f,DIOR-R,1408,cf16d45954789314f93275d6589645a25a1218cd755ceba459203165d5629d76,/home/rspip/cqc/pro/study/orientbench/annotation_tools/m4_angle_annotation/annotator_A/crops/56f9bf75bf7ee3550b08.jpg
m4-071-final-v1,A,9360840e6f1d6aa577b3,3f94ed27efd5476f,SODA-A,1409,cc424fddccb84e80bae931a50c9a9d66815112a64d93ded316ba0125a6cb94fa,/home/rspip/cqc/pro/study/orientbench/annotation_tools/m4_angle_annotation/annotator_A/crops/9360840e6f1d6aa577b3.jpg
m4-071-final-v1,A,9f5514d1841918387e37,0c7ee370dc8e3fa1,SODA-A,1410,1cc027f1cb1b9bed5a0a6df4dfd3b361521cb298af46188052c269056775ff73,/home/rspip/cqc/pro/study/orientbench/annotation_tools/m4_angle_annotation/annotator_A/crops/9f5514d1841918387e37.jpg
m4-071-final-v1,A,faec4eedb0ab9fc2af90,30dabc89dfd0061c,SODA-A,1411,898b34a3e88fdce50c6335ffa5adb1755cdbabff2544729f7ae19d75809cf1a1,/home/rspip/cqc/pro/study/orientbench/annotation_tools/m4_angle_annotation/annotator_A/crops/faec4eedb0ab9fc2af90.jpg
m4-071-final-v1,A,dad64c8e32572b579809,dc1a6bf3723d71a7,SODA-A,1412,d31a59f1041c04a635ef6a592a58c6ff9e36bc30e3cfb355058c7ca323e8cfd1,/home/rspip/cqc/pro/study/orientbench/annotation_tools/m4_angle_annotation/annotator_A/crops/dad64c8e32572b579809.jpg
m4-071-final-v1,A,7e6498eaad141a56fa10,c225d1bd0e03d32f,FAIR1M-v1.0,1413,a04b521fbc70bdf9b86e778b041b99f29d489699c0f8aa705dc3d8cebfd23fff,/home/rspip/cqc/pro/study/orientbench/annotation_tools/m4_angle_annotation/annotator_A/crops/7e6498eaad141a56fa10.jpg
m4-071-final-v1,A,e44c822424a25468d81c,22890b10086ca037,FAIR1M-v1.0,1414,e02b8b1890c7fb02535243ae32a0a96afbdd2682d28c772ae9081cfcbafe70de,/home/rspip/cqc/pro/study/orientbench/annotation_tools/m4_angle_annotation/annotator_A/crops/e44c822424a25468d81c.jpg
m4-071-final-v1,A,f5070dcd3648f8c5f45a,9f2ccd644db7a1c9,FAIR1M-v1.0,1415,5f5d44240d0221fd1abb2c9e62c962993232a6d13b873541fb035ae8d7a66c69,/home/rspip/cqc/pro/study/orientbench/annotation_tools/m4_angle_annotation/annotator_A/crops/f5070dcd3648f8c5f45a.jpg
m4-071-final-v1,A,f710464d3cce8a5bc706,aa75e7e4663473d5,FAIR1M-v1.0,1416,c5166f051402ab04858940282dbf568890fb3b40f1e0af2470a9d8d22d81c14c,/home/rspip/cqc/pro/study/orientbench/annotation_tools/m4_angle_annotation/annotator_A/crops/f710464d3cce8a5bc706.jpg
m4-071-final-v1,A,71dcd8a1a3b440ea79cd,2a41ba05f9233ab3,DIOR-R,1417,74d565750e6cb5bf1c28133ee1989a350539bb3a392be5d1824cd83030cce0e1,/home/rspip/cqc/pro/study/orientbench/annotation_tools/m4_angle_annotation/annotator_A/crops/71dcd8a1a3b440ea79cd.jpg
m4-071-final-v1,A,b68344de8254dac11b50,977e1eef37b520f3,FAIR1M-v1.0,1418,98a2cc688eca203d832cfe66f774878620e653652350dc9bb099b25ef715727d,/home/rspip/cqc/pro/study/orientbench/annotation_tools/m4_angle_annotation/annotator_A/crops/b68344de8254dac11b50.jpg
m4-071-final-v1,A,21c853c8f4be7a146b24,cf52b1272c4bbc5e,DIOR-R,1419,a584cce1d945907ce2e1c35a4db947d51f30267d17bc4274efa68664ac1a55f0,/home/rspip/cqc/pro/study/orientbench/annotation_tools/m4_angle_annotation/annotator_A/crops/21c853c8f4be7a146b24.jpg
m4-071-final-v1,A,fc0907d1a943582a45a9,99a2985a95cb2574,DIOR-R,1420,d9cfe79d17c044e4530d7f3ebeae1b1c97fd37318ec63eafb969fb8954e33d0a,/home/rspip/cqc/pro/study/orientbench/annotation_tools/m4_angle_annotation/annotator_A/crops/fc0907d1a943582a45a9.jpg
m4-071-final-v1,A,c7655b995318474cbe25,83e6c09bd367c01f,SODA-A,1421,7091dd2b2a0bd90de2627357c32555f20bb489bcae9a3bc03af801e115907d26,/home/rspip/cqc/pro/study/orientbench/annotation_tools/m4_angle_annotation/annotator_A/crops/c7655b995318474cbe25.jpg
m4-071-final-v1,A,c816fe911af2e44cfdf6,964285d30196c488,DIOR-R,1422,b458b2d61795a624dbcc44d7f013214774c64b654c4e8f4e2a2a50481f53096a,/home/rspip/cqc/pro/study/orientbench/annotation_tools/m4_angle_annotation/annotator_A/crops/c816fe911af2e44cfdf6.jpg
m4-071-final-v1,A,703651b307b50ea70042,ccd55711d2a41e8b,SODA-A,1423,ed51c92da2d000dddede463e082946ccb2ed35e01e098a63df1adb02ad65fed8,/home/rspip/cqc/pro/study/orientbench/annotation_tools/m4_angle_annotation/annotator_A/crops/703651b307b50ea70042.jpg
m4-071-final-v1,A,1fc88a79fbb27a8ba950,76a721fd45640f0f,DIOR-R,1424,7896d2f60546b6d1307a784b125e1b85ef451aeb009b0cf2dc8b05a077c46392,/home/rspip/cqc/pro/study/orientbench/annotation_tools/m4_angle_annotation/annotator_A/crops/1fc88a79fbb27a8ba950.jpg
m4-071-final-v1,A,06437bbca03bb1886ba2,641186c01beb43af,SODA-A,1425,95082e308144bee915c6e9de9aaa09d4b1f67a4ff3360afc83d9d2afacf8f243,/home/rspip/cqc/pro/study/orientbench/annotation_tools/m4_angle_annotation/annotator_A/crops/06437bbca03bb1886ba2.jpg
m4-071-final-v1,A,663f7c3ccd8b0d55d38c,7399d5684dd06bad,FAIR1M-v1.0,1426,0e2783ed24c7570d06a3aa668b11389776fa82500eee834107c57582d1739477,/home/rspip/cqc/pro/study/orientbench/annotation_tools/m4_angle_annotation/annotator_A/crops/663f7c3ccd8b0d55d38c.jpg
m4-071-final-v1,A,5de21c6e75748699f69e,e92888d1b960890d,SODA-A,1427,24ce5bdb608df844e1bda6d33ea90b8356668b0f1718f874825a43d944fb2935,/home/rspip/cqc/pro/study/orientbench/annotation_tools/m4_angle_annotation/annotator_A/crops/5de21c6e75748699f69e.jpg
m4-071-final-v1,A,911d4fc6f0a3fc5eb46f,50c2b802c8bb8b68,FAIR1M-v1.0,1428,ea5e8fd6dbf973b7e0fdddbf69722d2247e2bae19533edcb82f12b682aef5991,/home/rspip/cqc/pro/study/orientbench/annotation_tools/m4_angle_annotation/annotator_A/crops/911d4fc6f0a3fc5eb46f.jpg
m4-071-final-v1,A,722a4a4c4d1df372c711,424f740b398677f5,DIOR-R,1429,7e6e810c73ef89b447dddd347aa01153a295b07f4a399b14b5714fd1d92335ac,/home/rspip/cqc/pro/study/orientbench/annotation_tools/m4_angle_annotation/annotator_A/crops/722a4a4c4d1df372c711.jpg
m4-071-final-v1,A,8c2acc692683e5f232e8,4657f67ffc26d39f,FAIR1M-v1.0,1430,416665b7dc3a4a0d07379f09faa90c0eb04926406d630b4b1e2a9c0b7f77cbff,/home/rspip/cqc/pro/study/orientbench/annotation_tools/m4_angle_annotation/annotator_A/crops/8c2acc692683e5f232e8.jpg
m4-071-final-v1,A,d289a71ba2bcd7562bec,146113697634782e,SODA-A,1431,d32bbadcfb31baa48a17bcc5690f9db954ff1e080592f2bb9ce52897f089800a,/home/rspip/cqc/pro/study/orientbench/annotation_tools/m4_angle_annotation/annotator_A/crops/d289a71ba2bcd7562bec.jpg
m4-071-final-v1,A,2ad39db9923762cc99ba,3f0d8ddb0761b3fa,DIOR-R,1432,eeced0f240146f80d0901ed26b2bf9e0275c9e2ad66d3bd67878244958c4b2a9,/home/rspip/cqc/pro/study/orientbench/annotation_tools/m4_angle_annotation/annotator_A/crops/2ad39db9923762cc99ba.jpg
m4-071-final-v1,A,abdae004295833afbeef,51615c8e3d78d499,DIOR-R,1433,8230a5ea12ac525550b41f63752cff0d61b327f291d085d039c6ebae7e842e3e,/home/rspip/cqc/pro/study/orientbench/annotation_tools/m4_angle_annotation/annotator_A/crops/abdae004295833afbeef.jpg
m4-071-final-v1,A,a51471195eb094977b58,accc454604ef3c90,FAIR1M-v1.0,1434,ebcc69c7a5e5a8397bfa15366d9bb3ea346d802d3413da79e559c74bf15fdadb,/home/rspip/cqc/pro/study/orientbench/annotation_tools/m4_angle_annotation/annotator_A/crops/a51471195eb094977b58.jpg
m4-071-final-v1,A,308491f677d036f7f402,daaa5a4397bc1e3e,FAIR1M-v1.0,1435,6c024f47450bd16d376983bddbf5d70dfb8584529ed09d6d257508cc69056958,/home/rspip/cqc/pro/study/orientbench/annotation_tools/m4_angle_annotation/annotator_A/crops/308491f677d036f7f402.jpg
m4-071-final-v1,A,644ee3373155ef41e423,416f9e496fbb2f9a,FAIR1M-v1.0,1436,25bee205adda1ebe0683c2e83e05732cc20369244c10d3437002772e095b94c6,/home/rspip/cqc/pro/study/orientbench/annotation_tools/m4_angle_annotation/annotator_A/crops/644ee3373155ef41e423.jpg
m4-071-final-v1,A,f80fc7c8f0cc93da3507,736d7373ee6c08e5,DIOR-R,1437,29cc41c774104e98e5b69d4ea8975bf25504c546207c0851d67848d8b9915369,/home/rspip/cqc/pro/study/orientbench/annotation_tools/m4_angle_annotation/annotator_A/crops/f80fc7c8f0cc93da3507.jpg
m4-071-final-v1,A,3e05814c9e87c15ad19f,90231b4b22380c3e,SODA-A,1438,55b076b911d76bcd72b8cfa63771789318ea6cba6cce1366b7baf759686f4a4d,/home/rspip/cqc/pro/study/orientbench/annotation_tools/m4_angle_annotation/annotator_A/crops/3e05814c9e87c15ad19f.jpg
m4-071-final-v1,A,b4b5fa4a142ec51d7935,c150855afb212257,DIOR-R,1439,a42747d7313d887fdb8341bb83ceaba2e583a7f787511552f3969beddd2bd294,/home/rspip/cqc/pro/study/orientbench/annotation_tools/m4_angle_annotation/annotator_A/crops/b4b5fa4a142ec51d7935.jpg
m4-071-final-v1,A,11099289eaf2f9a7f6e4,a13f3fe8d1b6401e,SODA-A,1440,8b2db254ee9a7c253c8ec69a4819304d6587f2c1ba9afaffa2ea1d9d719f7f67,/home/rspip/cqc/pro/study/orientbench/annotation_tools/m4_angle_annotation/annotator_A/crops/11099289eaf2f9a7f6e4.jpg
m4-071-final-v1,A,3554c5a09889edaf82ad,46d42c4268511d12,SODA-A,1441,4ade18a506a8621d60f689605395452925fe702e09a2a06e90f5cae98fb5702f,/home/rspip/cqc/pro/study/orientbench/annotation_tools/m4_angle_annotation/annotator_A/crops/3554c5a09889edaf82ad.jpg
m4-071-final-v1,A,b95d1b88996936be6851,bc3d945611110382,DIOR-R,1442,d227f65bc7da5477fddd6782cb8dcd37234c09842e30bba13af5735e5f51e3f6,/home/rspip/cqc/pro/study/orientbench/annotation_tools/m4_angle_annotation/annotator_A/crops/b95d1b88996936be6851.jpg
m4-071-final-v1,A,5ca5b1bb043c3c7f5aab,0f19d7c88b330f80,FAIR1M-v1.0,1443,0d481878cca85ab231d0d7d0ed9f5e434ef4715fa6b7309b74c4ca447b79cd33,/home/rspip/cqc/pro/study/orientbench/annotation_tools/m4_angle_annotation/annotator_A/crops/5ca5b1bb043c3c7f5aab.jpg
m4-071-final-v1,A,71a51f3f032c83d509ec,bb2d3e793ea39de0,FAIR1M-v1.0,1444,cfd85dca4a028944fc265e29a7d79319327a47e96fc4b0f5bb7b6e4ac098dc9b,/home/rspip/cqc/pro/study/orientbench/annotation_tools/m4_angle_annotation/annotator_A/crops/71a51f3f032c83d509ec.jpg
m4-071-final-v1,A,57f1297a5b3e331e1dbd,3a2c94dd41998825,DIOR-R,1445,6d513e154bf0e766623670ff2ec74b75d0a8c710ea4e59afd7e8d50532b25cc9,/home/rspip/cqc/pro/study/orientbench/annotation_tools/m4_angle_annotation/annotator_A/crops/57f1297a5b3e331e1dbd.jpg
m4-071-final-v1,A,531a3c9598bf34cd236c,d4271ea74de4a195,SODA-A,1446,91a6936106842cd66096cc83fd8d785017af1307c1164673537a974f4eaeee24,/home/rspip/cqc/pro/study/orientbench/annotation_tools/m4_angle_annotation/annotator_A/crops/531a3c9598bf34cd236c.jpg
m4-071-final-v1,A,0ac563fbf08eb66c300e,fda05278eb688bf9,DIOR-R,1447,a27826f0659fedd0570b5ebdba4807d9739049b7f7e0de6a2c04eaa84cb8a608,/home/rspip/cqc/pro/study/orientbench/annotation_tools/m4_angle_annotation/annotator_A/crops/0ac563fbf08eb66c300e.jpg
m4-071-final-v1,A,7e235617450b586a6da3,e9e8c814b3ebf496,FAIR1M-v1.0,1448,ea7952ac46067db5c1b45de306c84e6110bacceb414fe126fc3d216fcf81a5bc,/home/rspip/cqc/pro/study/orientbench/annotation_tools/m4_angle_annotation/annotator_A/crops/7e235617450b586a6da3.jpg
m4-071-final-v1,A,2fab6f44ca45253a5e41,45f4d5e24d33e4db,SODA-A,1449,bab509c971e74eadbe8c679d2434f58e6047415750dcf97f67278bd67aa29415,/home/rspip/cqc/pro/study/orientbench/annotation_tools/m4_angle_annotation/annotator_A/crops/2fab6f44ca45253a5e41.jpg
m4-071-final-v1,A,55d50ff6189cccded22b,450de32ac19dd618,FAIR1M-v1.0,1450,4862d204d59f5e33fbf2df2ae0aa23607088d9e123b6044c1a215b8d6114e3f3,/home/rspip/cqc/pro/study/orientbench/annotation_tools/m4_angle_annotation/annotator_A/crops/55d50ff6189cccded22b.jpg
m4-071-final-v1,A,f3b80c640b6f5f5aa347,fcd07e3af569b8d3,SODA-A,1451,6956040c9bd4979996de1bcdf603676065bc3839db2f3bf4cfcacde8973d3a73,/home/rspip/cqc/pro/study/orientbench/annotation_tools/m4_angle_annotation/annotator_A/crops/f3b80c640b6f5f5aa347.jpg
m4-071-final-v1,A,c453fa492c2a3576ac4d,a8c0495724a23eb8,FAIR1M-v1.0,1452,cdb3b6b64d7755c5c15155abb1cb15120382e56aaeae942b82ef12031e7e6c97,/home/rspip/cqc/pro/study/orientbench/annotation_tools/m4_angle_annotation/annotator_A/crops/c453fa492c2a3576ac4d.jpg
m4-071-final-v1,A,55db22e795a93a820b58,5a0877d60771560e,FAIR1M-v1.0,1453,0037e81aef4dcd4e47394932974de04adc0419a08f9be7baec85057b0008484d,/home/rspip/cqc/pro/study/orientbench/annotation_tools/m4_angle_annotation/annotator_A/crops/55db22e795a93a820b58.jpg
m4-071-final-v1,A,6bc17f9b59efe7b8fae3,d590a57d3de7dd6c,SODA-A,1454,d1b3e7adcaca1d448864003a25b94a2fa7acc0a38038bf884f9ab9504009b9ae,/home/rspip/cqc/pro/study/orientbench/annotation_tools/m4_angle_annotation/annotator_A/crops/6bc17f9b59efe7b8fae3.jpg
m4-071-final-v1,A,e924be7fd1c0b218774c,298dd5f56ae1ad1f,DIOR-R,1455,04d001ac59450487e5c6736232eef57318ec21d6ff4afd8ea3948ee6f4c66234,/home/rspip/cqc/pro/study/orientbench/annotation_tools/m4_angle_annotation/annotator_A/crops/e924be7fd1c0b218774c.jpg
m4-071-final-v1,A,8c3841fec1e71c0ea1f2,0759559b302c658d,DIOR-R,1456,623d2be13a806fa91a6e4b4ba345b5dc4777a916c70db26f7e1aa78dcff43de9,/home/rspip/cqc/pro/study/orientbench/annotation_tools/m4_angle_annotation/annotator_A/crops/8c3841fec1e71c0ea1f2.jpg
m4-071-final-v1,A,0c2c7afccd8d666b377b,33f63e93f4fedb23,FAIR1M-v1.0,1457,5ba2321eb52b06b8c4e33c264d3861b2fab539c2f6428ff46644f9b972dd65d1,/home/rspip/cqc/pro/study/orientbench/annotation_tools/m4_angle_annotation/annotator_A/crops/0c2c7afccd8d666b377b.jpg
m4-071-final-v1,A,30120fb93bb765c2e7ff,0cbf5c319cad0f0b,DIOR-R,1458,58076f231cea1d38d32ff3cb83a2d01755addee65645be6212833c9915e65586,/home/rspip/cqc/pro/study/orientbench/annotation_tools/m4_angle_annotation/annotator_A/crops/30120fb93bb765c2e7ff.jpg
m4-071-final-v1,A,fc2c949a9f4c051be906,61b0ae41a697b69d,DIOR-R,1459,5523f6c96edf40e24b84219a5d48d23c0d04cc2b8d4f85f8211da6630bf06bf1,/home/rspip/cqc/pro/study/orientbench/annotation_tools/m4_angle_annotation/annotator_A/crops/fc2c949a9f4c051be906.jpg
m4-071-final-v1,A,63864dbe4e5c5f506108,9839e92fc04e3571,SODA-A,1460,1aa8417f6e4aa28f9bbd2ee128eff99adcb88d7b816b0d71e738f8311dd1255a,/home/rspip/cqc/pro/study/orientbench/annotation_tools/m4_angle_annotation/annotator_A/crops/63864dbe4e5c5f506108.jpg
m4-071-final-v1,A,ba2426ebfd6c5d01501b,d717fc0cf94ac3f1,FAIR1M-v1.0,1461,9776809f08d3e3784712cc3846b51439c352d8419159e6d5834bfe1968c3271a,/home/rspip/cqc/pro/study/orientbench/annotation_tools/m4_angle_annotation/annotator_A/crops/ba2426ebfd6c5d01501b.jpg
m4-071-final-v1,A,8dc7e9c341d35e030b1d,382125d5b7b60d84,FAIR1M-v1.0,1462,a95af7b3f51b65388070e675938b58dbe73d5e862bf8a3019be749ce3e34ebef,/home/rspip/cqc/pro/study/orientbench/annotation_tools/m4_angle_annotation/annotator_A/crops/8dc7e9c341d35e030b1d.jpg
m4-071-final-v1,A,ceea7e8a317720b256dc,5a4ef0baf0a6e28a,SODA-A,1463,732df5ce39da02586c5ebac843d7463b180913ff0d0b1f81e773f6ba59f54905,/home/rspip/cqc/pro/study/orientbench/annotation_tools/m4_angle_annotation/annotator_A/crops/ceea7e8a317720b256dc.jpg
m4-071-final-v1,A,98acb36df3b5242c3981,d0b3699883b9fa7c,SODA-A,1464,1d4e74aec796157118f3ca6fc0a202011e0b0f6fc5814202e17ffed507c8e43f,/home/rspip/cqc/pro/study/orientbench/annotation_tools/m4_angle_annotation/annotator_A/crops/98acb36df3b5242c3981.jpg
m4-071-final-v1,A,7d420c2a04a3339193fb,7ce71cbb2dcf0a4f,DIOR-R,1465,f2016e094b372c6903b847153b371bdc01ab3cddbcdc90404aba1d705c683f49,/home/rspip/cqc/pro/study/orientbench/annotation_tools/m4_angle_annotation/annotator_A/crops/7d420c2a04a3339193fb.jpg
m4-071-final-v1,A,25231c41c3e7c6cde953,e9f510e96989097a,DIOR-R,1466,48d5c5a728b4b1fb8a894e63f7f33995c7247d59c1cba74a223960dea2710100,/home/rspip/cqc/pro/study/orientbench/annotation_tools/m4_angle_annotation/annotator_A/crops/25231c41c3e7c6cde953.jpg
m4-071-final-v1,A,6cb89ff05f5f1bbe8eef,4ecacee5433c4ca9,FAIR1M-v1.0,1467,5622fb4e37a281941f3f491b28220720a87b8730c5be424b8d0523c9f02fd549,/home/rspip/cqc/pro/study/orientbench/annotation_tools/m4_angle_annotation/annotator_A/crops/6cb89ff05f5f1bbe8eef.jpg
m4-071-final-v1,A,7e2b675a07318b5ed604,f6d4d96ed7b33cac,SODA-A,1468,5649d446c6d61c06f9ddcd96f91a09121904af15eddf61f6255fcf9963368a9a,/home/rspip/cqc/pro/study/orientbench/annotation_tools/m4_angle_annotation/annotator_A/crops/7e2b675a07318b5ed604.jpg
m4-071-final-v1,A,06364b175e9c805466b6,17082abec3e8bfdd,SODA-A,1469,dc39187f55fa2a7751e8c6caf0cfe88785991257fd2f6018acb40564c0fd40db,/home/rspip/cqc/pro/study/orientbench/annotation_tools/m4_angle_annotation/annotator_A/crops/06364b175e9c805466b6.jpg
m4-071-final-v1,A,af41967fc771df18bb96,1e1b4c48a1cbc583,DIOR-R,1470,2d1c6786f7bd299aa0941c916002dd614bde8f0e683efda4ac05f0eda8f60e9d,/home/rspip/cqc/pro/study/orientbench/annotation_tools/m4_angle_annotation/annotator_A/crops/af41967fc771df18bb96.jpg
m4-071-final-v1,A,eea9148d8e58ab0f154c,7f911210ac9fb645,DIOR-R,1471,a74991be2ae3021443f8e846614f1adc2f403b9b3115e468e0c032f58b774dcf,/home/rspip/cqc/pro/study/orientbench/annotation_tools/m4_angle_annotation/annotator_A/crops/eea9148d8e58ab0f154c.jpg
m4-071-final-v1,A,c434f150b651bff1d293,c84fcbe787c656f3,SODA-A,1472,ce7c539256de432fbe8bbd5740462d480a249d67f271d4970c465553097cd154,/home/rspip/cqc/pro/study/orientbench/annotation_tools/m4_angle_annotation/annotator_A/crops/c434f150b651bff1d293.jpg
m4-071-final-v1,A,4f056a3915f5d5947e82,aa96aea35127eb86,DIOR-R,1473,e45e3adfd5bdb16be3d5c50378b48f8ef5589b96cc333fd190b1ef9cb8fd2fe4,/home/rspip/cqc/pro/study/orientbench/annotation_tools/m4_angle_annotation/annotator_A/crops/4f056a3915f5d5947e82.jpg
m4-071-final-v1,A,897a992989f19f5ff1d6,7ab093b45cccf80f,DIOR-R,1474,4e43aeb4a2a75db3ccc86aace263f74612707bce6e9b51eec0300ca5e1a93039,/home/rspip/cqc/pro/study/orientbench/annotation_tools/m4_angle_annotation/annotator_A/crops/897a992989f19f5ff1d6.jpg
m4-071-final-v1,A,23498f8c5bfcff79dc31,3ed3046d6850745e,SODA-A,1475,7e371c7f8df02326a38e8b1968258389eb30440ca5ad5ed77396019f437e1ce5,/home/rspip/cqc/pro/study/orientbench/annotation_tools/m4_angle_annotation/annotator_A/crops/23498f8c5bfcff79dc31.jpg
m4-071-final-v1,A,b567d14a56af4e4616ec,e8dc2d158ad9dad4,SODA-A,1476,4f7194aad0f9ec1eaae1b20ee294043f0b41060ec51c16adfb26f694443e0b61,/home/rspip/cqc/pro/study/orientbench/annotation_tools/m4_angle_annotation/annotator_A/crops/b567d14a56af4e4616ec.jpg
m4-071-final-v1,A,759d9882e7c5cb1ef1e7,043ca8c1967538ae,SODA-A,1477,dd694dfc20229c6e082caea5493172a27f054696af47e6f3c7d0446e54c132b8,/home/rspip/cqc/pro/study/orientbench/annotation_tools/m4_angle_annotation/annotator_A/crops/759d9882e7c5cb1ef1e7.jpg
m4-071-final-v1,A,31c4337f5d70992eba7e,5e4c6d0b2e943e88,FAIR1M-v1.0,1478,0e71dcc24f93df4d615f938e24428427b94de0e8d2a231fff92cd9fc84b6417d,/home/rspip/cqc/pro/study/orientbench/annotation_tools/m4_angle_annotation/annotator_A/crops/31c4337f5d70992eba7e.jpg
m4-071-final-v1,A,235b2af52ce118ea2ce1,a66c352023e57582,FAIR1M-v1.0,1479,d7b439b485889336cc1e52e50b869e055087cb6969050ac523070a7f8f631f6e,/home/rspip/cqc/pro/study/orientbench/annotation_tools/m4_angle_annotation/annotator_A/crops/235b2af52ce118ea2ce1.jpg
m4-071-final-v1,A,835d4950cfebf01664f2,30c9fbd4d800189e,DIOR-R,1480,6bea25ac10bfed01b1f280e4093905039438040abcd8ad753ce3cd1cd3d7d0df,/home/rspip/cqc/pro/study/orientbench/annotation_tools/m4_angle_annotation/annotator_A/crops/835d4950cfebf01664f2.jpg
m4-071-final-v1,A,04a146208c9b9210dae4,35cdd52b66bc6541,FAIR1M-v1.0,1481,5ccd498539ec6be0ae66cd6c324c321d57bf399810a1c6f2036ce0a959c09b8c,/home/rspip/cqc/pro/study/orientbench/annotation_tools/m4_angle_annotation/annotator_A/crops/04a146208c9b9210dae4.jpg
m4-071-final-v1,A,3163601458779eb0989d,543f66b9bcbee011,DIOR-R,1482,34d0d2688875322b3cd8794e1bbef7506e001dd7f8fc7cd1c5e909a0ff93db38,/home/rspip/cqc/pro/study/orientbench/annotation_tools/m4_angle_annotation/annotator_A/crops/3163601458779eb0989d.jpg
m4-071-final-v1,A,bd4926e5ebc5e70e896b,bb807117a5b968a7,SODA-A,1483,860a49a7e11705e56e69cdbc67b3d00ff0959484d22c4e9a7b694eaf4c981e9b,/home/rspip/cqc/pro/study/orientbench/annotation_tools/m4_angle_annotation/annotator_A/crops/bd4926e5ebc5e70e896b.jpg
m4-071-final-v1,A,db4195c9bfb45ea76344,faee15f319b5a442,DIOR-R,1484,d4c00dbd31e36673e3a0ab76bd3500d844ec6074bdbfb9972bac3929de517ad9,/home/rspip/cqc/pro/study/orientbench/annotation_tools/m4_angle_annotation/annotator_A/crops/db4195c9bfb45ea76344.jpg
m4-071-final-v1,A,3873c8ef868e7bb1e374,d9d26d289ef634f9,SODA-A,1485,5f82938bf8ce16f364dc308fd11974422f6921a37c2514acf5e72cd8a63c9aaf,/home/rspip/cqc/pro/study/orientbench/annotation_tools/m4_angle_annotation/annotator_A/crops/3873c8ef868e7bb1e374.jpg
m4-071-final-v1,A,5ff83bb8be5c4eb88d47,0496d87726a9497a,SODA-A,1486,4ed9db5102bef5904659caee37d93116467500f76e2f2d635bcaf330405f3f8a,/home/rspip/cqc/pro/study/orientbench/annotation_tools/m4_angle_annotation/annotator_A/crops/5ff83bb8be5c4eb88d47.jpg
m4-071-final-v1,A,ed7e04f4ae6f5da79933,eafde83baeb02368,DIOR-R,1487,5c9ee37a4e7ca4b44ecd9867820bd023559161dfe50d3f45cfa188f682ac757e,/home/rspip/cqc/pro/study/orientbench/annotation_tools/m4_angle_annotation/annotator_A/crops/ed7e04f4ae6f5da79933.jpg
m4-071-final-v1,A,00f5d1622b59db2ff295,2eaedd909c995495,FAIR1M-v1.0,1488,043449187938d77dd1223ecee5785137260426078fe55abe23bb730ee7cb87d9,/home/rspip/cqc/pro/study/orientbench/annotation_tools/m4_angle_annotation/annotator_A/crops/00f5d1622b59db2ff295.jpg
m4-071-final-v1,A,77106f593d6d71c22728,4f361d469e6c3410,DIOR-R,1489,0e26b6867fb6ece0255b984d5227a3cdd7b454aa3473e03ff70c5fa7d6de93c9,/home/rspip/cqc/pro/study/orientbench/annotation_tools/m4_angle_annotation/annotator_A/crops/77106f593d6d71c22728.jpg
m4-071-final-v1,A,2c8079325d3e5fb884b0,ef6d9efc790c13f7,SODA-A,1490,52d282c236c3aa7201fcfb9f517674334229b58047b7fe1fd991407dc230bbe6,/home/rspip/cqc/pro/study/orientbench/annotation_tools/m4_angle_annotation/annotator_A/crops/2c8079325d3e5fb884b0.jpg
m4-071-final-v1,A,a779147c56d5985bef1d,7df55110fe04fd39,SODA-A,1491,0d001d82f89f1169f489f4ab26b86645e698f2c8a5c832467f12c66ae61f3a50,/home/rspip/cqc/pro/study/orientbench/annotation_tools/m4_angle_annotation/annotator_A/crops/a779147c56d5985bef1d.jpg
m4-071-final-v1,A,3dd662022ddc48a6ade4,d6957cbd89c45d1c,SODA-A,1492,17e0338c72ae4747f79c44aea65622a9bdf13a3bde922abc2e7800a2b659eb5a,/home/rspip/cqc/pro/study/orientbench/annotation_tools/m4_angle_annotation/annotator_A/crops/3dd662022ddc48a6ade4.jpg
m4-071-final-v1,A,d83cc5621e23ffa6561a,1e962fc8caf34e64,DIOR-R,1493,649118de85f78e3a89b707081815f91a752dbf8ee3ebb4205b1e3155f92d1f29,/home/rspip/cqc/pro/study/orientbench/annotation_tools/m4_angle_annotation/annotator_A/crops/d83cc5621e23ffa6561a.jpg
m4-071-final-v1,A,3d33b4320d98cf9319e1,814019156d099f51,SODA-A,1494,ca8138d04158f21d55c38172adfa1366ff1db106776084729d57388061b400d8,/home/rspip/cqc/pro/study/orientbench/annotation_tools/m4_angle_annotation/annotator_A/crops/3d33b4320d98cf9319e1.jpg
m4-071-final-v1,A,505723e4d30d4e3956cf,445b1658cfdd2e6d,SODA-A,1495,806be55619ed7e3b192b9e885581ec2640d2ccbb3d4a89fb7253e0b450755ba1,/home/rspip/cqc/pro/study/orientbench/annotation_tools/m4_angle_annotation/annotator_A/crops/505723e4d30d4e3956cf.jpg
m4-071-final-v1,A,25de6c0bf5fd118f8f66,7c847de9cceb3e8c,FAIR1M-v1.0,1496,4336ab88344ed4de5a5752bea106e49a5619a1c9a5cc637ee1bc902fddadca0e,/home/rspip/cqc/pro/study/orientbench/annotation_tools/m4_angle_annotation/annotator_A/crops/25de6c0bf5fd118f8f66.jpg
m4-071-final-v1,A,abd7676ed5fd77fa9823,a669b187737bc6d4,SODA-A,1497,b66dae86d263b4f635c48f263a4083791e16110e3fb73c7ad4114c60a1ba4b0d,/home/rspip/cqc/pro/study/orientbench/annotation_tools/m4_angle_annotation/annotator_A/crops/abd7676ed5fd77fa9823.jpg
m4-071-final-v1,A,808e9b13684fd85fb363,39d3ccaa0fee9821,FAIR1M-v1.0,1498,c03d288e4726070ea297d33b3925538e61825dd7eea7366b9e2c8ef09dc201b8,/home/rspip/cqc/pro/study/orientbench/annotation_tools/m4_angle_annotation/annotator_A/crops/808e9b13684fd85fb363.jpg
m4-071-final-v1,A,d7853f484cf040a8af69,f456163a40784f39,SODA-A,1499,1a030554074acd75bd54d8c5d0a93faf1d186113190e87494bc9b5526a466334,/home/rspip/cqc/pro/study/orientbench/annotation_tools/m4_angle_annotation/annotator_A/crops/d7853f484cf040a8af69.jpg
m4-071-final-v1,A,e8a6aa02b13461b7a04b,6ed09a1b432bcd37,DIOR-R,1500,4b7f4977645cd58828ab7adc304f951ebd00f8777b76d46621bdcc46ae5d3e0c,/home/rspip/cqc/pro/study/orientbench/annotation_tools/m4_angle_annotation/annotator_A/crops/e8a6aa02b13461b7a04b.jpg
m4-071-final-v1,B,1ed8c0ac095d514bfc8a,ebf2a94d68640c0c,DIOR-R,1,a66e6c39ff27280146d187884ae0ac0901d7fb37d576fe6c3e6eb629a54a59e9,/home/rspip/cqc/pro/study/orientbench/annotation_tools/m4_angle_annotation/annotator_B/crops/1ed8c0ac095d514bfc8a.jpg
m4-071-final-v1,B,1c7e0062864398384cee,1cd8cb77d734711e,SODA-A,2,58f85c1aa473a349d9de2bd5748e2d605868be7a952343557cd934d1daf488f2,/home/rspip/cqc/pro/study/orientbench/annotation_tools/m4_angle_annotation/annotator_B/crops/1c7e0062864398384cee.jpg
m4-071-final-v1,B,7680d28b4d19ce474c9c,fc9d5b1a535ea099,FAIR1M-v1.0,3,b857ecacd741bcc0721f2ec39e7005141a90eed07485a197f8ff224ee1738eca,/home/rspip/cqc/pro/study/orientbench/annotation_tools/m4_angle_annotation/annotator_B/crops/7680d28b4d19ce474c9c.jpg
m4-071-final-v1,B,e894ae3856b8f11c4766,54fd050f6ffc2395,FAIR1M-v1.0,4,0f9b38adb29779ddf9babf6e2066ee077b83dfc76110d8d76a51505127a99aac,/home/rspip/cqc/pro/study/orientbench/annotation_tools/m4_angle_annotation/annotator_B/crops/e894ae3856b8f11c4766.jpg
m4-071-final-v1,B,0f2f7427d2f77cf8e8be,5fbe2cfad2a2ca97,SODA-A,5,047e29ed45f750c1fd91add1190eeb1e5206b30cc85c162632ebc1f2b392959f,/home/rspip/cqc/pro/study/orientbench/annotation_tools/m4_angle_annotation/annotator_B/crops/0f2f7427d2f77cf8e8be.jpg
m4-071-final-v1,B,85052467a35075b04539,ec815eecd4e1239d,FAIR1M-v1.0,6,1de0017fd98007e71d4a03de79778ef99e478bcd1dd1164a859714338a542647,/home/rspip/cqc/pro/study/orientbench/annotation_tools/m4_angle_annotation/annotator_B/crops/85052467a35075b04539.jpg
m4-071-final-v1,B,40dcd8ca17a71d725665,0db69c7f7e725792,FAIR1M-v1.0,7,87af9ff369a7d004f1629e5d278d6bdf5586a77ac4112c35f3a3ecc63f42fbe1,/home/rspip/cqc/pro/study/orientbench/annotation_tools/m4_angle_annotation/annotator_B/crops/40dcd8ca17a71d725665.jpg
m4-071-final-v1,B,d00e307730dcbe4244c6,6ec3a99dd53d7764,DIOR-R,8,c0621e9dcf758132d00f7f18b4e40e16c042d66a96bb5c37aca4228d72294c6e,/home/rspip/cqc/pro/study/orientbench/annotation_tools/m4_angle_annotation/annotator_B/crops/d00e307730dcbe4244c6.jpg
m4-071-final-v1,B,7bb9988b275fe25d0cfa,860667d1353a67a9,DIOR-R,9,92e25b8360e4d51db517292f3831eaec72150ee2b397cfb7ea4e2aeb684dcda6,/home/rspip/cqc/pro/study/orientbench/annotation_tools/m4_angle_annotation/annotator_B/crops/7bb9988b275fe25d0cfa.jpg
m4-071-final-v1,B,98a488659ebccafb9c94,ae40e0c9465a7020,SODA-A,10,00d623bc2bd5b61835ceee9840028efc7033ccf055a0c56fe8375dc54c3558ab,/home/rspip/cqc/pro/study/orientbench/annotation_tools/m4_angle_annotation/annotator_B/crops/98a488659ebccafb9c94.jpg
m4-071-final-v1,B,6d1c3d2832dea61be9fe,7a201ff10d545859,FAIR1M-v1.0,11,4d830fd545c4fd300de1e0caa18d1ef69bb694b6e30871b63cfa96626005268a,/home/rspip/cqc/pro/study/orientbench/annotation_tools/m4_angle_annotation/annotator_B/crops/6d1c3d2832dea61be9fe.jpg
m4-071-final-v1,B,a0d78d740e0a7ff29cd3,453fbda52132caef,DIOR-R,12,050c2265f5386ca1b7648f17ba90af59a8d8f2f116a49cf7c529009b93d98c7d,/home/rspip/cqc/pro/study/orientbench/annotation_tools/m4_angle_annotation/annotator_B/crops/a0d78d740e0a7ff29cd3.jpg
m4-071-final-v1,B,71e33180b7c90556edb8,751a55018748c305,FAIR1M-v1.0,13,595f55f83cd80b1639c639981d34b1bc7278acd7df509b3548a7cb6aaf86d99c,/home/rspip/cqc/pro/study/orientbench/annotation_tools/m4_angle_annotation/annotator_B/crops/71e33180b7c90556edb8.jpg
m4-071-final-v1,B,3e1e4afab613394b0c51,c06ebfc4e45c54c4,SODA-A,14,82542961218d89a86c55a44bc3cc37270d757a6958ac3868033618acceadcf58,/home/rspip/cqc/pro/study/orientbench/annotation_tools/m4_angle_annotation/annotator_B/crops/3e1e4afab613394b0c51.jpg
m4-071-final-v1,B,a2a3e7b938873b67bf2d,694006839393c911,DIOR-R,15,a4a7317c513b2f6fc35c6cca37de976e7fce5b9557ec49db99c1cf36a77a4b73,/home/rspip/cqc/pro/study/orientbench/annotation_tools/m4_angle_annotation/annotator_B/crops/a2a3e7b938873b67bf2d.jpg
m4-071-final-v1,B,7e66660032d7c676a1f8,82fbc957bb245d6d,DIOR-R,16,9ee5837886932e471550bd5a4f233c161881986a11a9593b67445613510e786b,/home/rspip/cqc/pro/study/orientbench/annotation_tools/m4_angle_annotation/annotator_B/crops/7e66660032d7c676a1f8.jpg
m4-071-final-v1,B,ee98e0dda9979ab6d6e2,1c634a0497c6fe3f,FAIR1M-v1.0,17,5554badb5c954828735e3310cfc0886776acacd9f2911a253269009d911538f4,/home/rspip/cqc/pro/study/orientbench/annotation_tools/m4_angle_annotation/annotator_B/crops/ee98e0dda9979ab6d6e2.jpg
m4-071-final-v1,B,ff9c350526d44369e946,7bbd3cf204cf6a82,SODA-A,18,bc21866da56c6c274f1a2c940e2db74d0af4d7f97143b426aedffd7b91d8ef63,/home/rspip/cqc/pro/study/orientbench/annotation_tools/m4_angle_annotation/annotator_B/crops/ff9c350526d44369e946.jpg
m4-071-final-v1,B,31394d636eeb70eb4b8e,c4c453504db7468b,SODA-A,19,5fa3d70a63ceff92098bb2017765d2b77f9dc8c22c806fff7d6847656f0b1665,/home/rspip/cqc/pro/study/orientbench/annotation_tools/m4_angle_annotation/annotator_B/crops/31394d636eeb70eb4b8e.jpg
m4-071-final-v1,B,f28e18fdffd38c9d51c5,318d19ba47f0bfde,FAIR1M-v1.0,20,80125518ab2863b20e77f48c58c6a3a951fcae37b7eb9374654282e0ea8ff37f,/home/rspip/cqc/pro/study/orientbench/annotation_tools/m4_angle_annotation/annotator_B/crops/f28e18fdffd38c9d51c5.jpg
m4-071-final-v1,B,1dfe64b47e7cbe17c876,1b50557193c77b13,DIOR-R,21,1cfae6413e09cbf05d90baef90519c1a606443676b9762dc74512dfe1d8de489,/home/rspip/cqc/pro/study/orientbench/annotation_tools/m4_angle_annotation/annotator_B/crops/1dfe64b47e7cbe17c876.jpg
m4-071-final-v1,B,66e71631bc3d58027580,e2c336fc6af34296,FAIR1M-v1.0,22,82913f0b4f60d27871a818e76daf6b2870749d79f700f854da61ed8632872111,/home/rspip/cqc/pro/study/orientbench/annotation_tools/m4_angle_annotation/annotator_B/crops/66e71631bc3d58027580.jpg
m4-071-final-v1,B,422bce6bf4e4b4b72545,d590a57d3de7dd6c,SODA-A,23,d1b3e7adcaca1d448864003a25b94a2fa7acc0a38038bf884f9ab9504009b9ae,/home/rspip/cqc/pro/study/orientbench/annotation_tools/m4_angle_annotation/annotator_B/crops/422bce6bf4e4b4b72545.jpg
m4-071-final-v1,B,85e3a6a0e1959de09557,9dee7bc7edd291c6,SODA-A,24,286f2b8ceb295ca14c5c16d5557a6ad20e9bad9bbc6ef9fe0b6ea385560e3b6a,/home/rspip/cqc/pro/study/orientbench/annotation_tools/m4_angle_annotation/annotator_B/crops/85e3a6a0e1959de09557.jpg
m4-071-final-v1,B,958a29813ce4657283ee,2826262db34abf4e,DIOR-R,25,dafd26b0f09ab04cc5e76af421645c0b09fe664a685f84f340dd06a8414d444f,/home/rspip/cqc/pro/study/orientbench/annotation_tools/m4_angle_annotation/annotator_B/crops/958a29813ce4657283ee.jpg
m4-071-final-v1,B,ba62f2c8d8ff1df653af,5668d64fa67d686b,FAIR1M-v1.0,26,a41b526d644fa65e43ec50f1b6b1c0a9c0c7cf3b7c98bc3edf6d3d115e39ce7d,/home/rspip/cqc/pro/study/orientbench/annotation_tools/m4_angle_annotation/annotator_B/crops/ba62f2c8d8ff1df653af.jpg
m4-071-final-v1,B,0dc10b9d696c8a2081cd,c3774ced28358a16,FAIR1M-v1.0,27,1833fb0886e75e34b0482e795338b6f51a8472206237bb5c4dbbb85c2289fac3,/home/rspip/cqc/pro/study/orientbench/annotation_tools/m4_angle_annotation/annotator_B/crops/0dc10b9d696c8a2081cd.jpg
m4-071-final-v1,B,fa4d1e6ea7bedca1d259,0bc4744d9cbd79c2,SODA-A,28,216fc114437ae5cc735d1dfb580716cd01bb8cfceca89f566328623fb7dbe685,/home/rspip/cqc/pro/study/orientbench/annotation_tools/m4_angle_annotation/annotator_B/crops/fa4d1e6ea7bedca1d259.jpg
m4-071-final-v1,B,57298361665133ec88eb,30c9fbd4d800189e,DIOR-R,29,6bea25ac10bfed01b1f280e4093905039438040abcd8ad753ce3cd1cd3d7d0df,/home/rspip/cqc/pro/study/orientbench/annotation_tools/m4_angle_annotation/annotator_B/crops/57298361665133ec88eb.jpg
m4-071-final-v1,B,593940ad41531dc91af1,1ce2a518edcc66a2,DIOR-R,30,c1c82f9e7741e73623037b2fd0ba77666002d0116d7b787717068d132fca7161,/home/rspip/cqc/pro/study/orientbench/annotation_tools/m4_angle_annotation/annotator_B/crops/593940ad41531dc91af1.jpg
m4-071-final-v1,B,da574554b333a49303b8,0caae00f03a3d8e6,SODA-A,31,ec9167eae447962d0b2b2cdaf981459203be93761d40941b1b17ea1844930269,/home/rspip/cqc/pro/study/orientbench/annotation_tools/m4_angle_annotation/annotator_B/crops/da574554b333a49303b8.jpg
m4-071-final-v1,B,fbff9e92513854959e85,5a6a7dd4e47c6ecb,DIOR-R,32,6574ca9f23527c33c2267bf717eae998a1242bd65798b72f705a75a43b5284ad,/home/rspip/cqc/pro/study/orientbench/annotation_tools/m4_angle_annotation/annotator_B/crops/fbff9e92513854959e85.jpg
m4-071-final-v1,B,1b0c27e72d4e61d3cf1e,7fccbe2f74a4bada,FAIR1M-v1.0,33,b7fb534ce45166a1f9a6a1bd7ee8d3c251f5c1b01ad144dac20125575fc1b1cd,/home/rspip/cqc/pro/study/orientbench/annotation_tools/m4_angle_annotation/annotator_B/crops/1b0c27e72d4e61d3cf1e.jpg
m4-071-final-v1,B,d0926aa0dadcaa97cb26,c14e7257b339d0b2,FAIR1M-v1.0,34,18702f2f171ef7e57b625533c25d120f57b1dabec4f4e0e0460d0ebfd0ea7957,/home/rspip/cqc/pro/study/orientbench/annotation_tools/m4_angle_annotation/annotator_B/crops/d0926aa0dadcaa97cb26.jpg
m4-071-final-v1,B,6d97b10491e092355eb6,7cf440dd94788b98,FAIR1M-v1.0,35,c202ebb9d62dbc1e391919ab98f5f760906dbbeb0144eb08d6580ab380a8955b,/home/rspip/cqc/pro/study/orientbench/annotation_tools/m4_angle_annotation/annotator_B/crops/6d97b10491e092355eb6.jpg
m4-071-final-v1,B,ede1dff1d5530a618d10,2a3a1df8033a8109,DIOR-R,36,91cb0dfc5ae57e1515d171af056f429f95bff054f85767af457260594221aa21,/home/rspip/cqc/pro/study/orientbench/annotation_tools/m4_angle_annotation/annotator_B/crops/ede1dff1d5530a618d10.jpg
m4-071-final-v1,B,b445ead32e172828eec5,71a053f7358963c2,FAIR1M-v1.0,37,92e2b7444a89afc8698ea984fb3f5030c5bf086f0984cb1cb326e1d0098bd51a,/home/rspip/cqc/pro/study/orientbench/annotation_tools/m4_angle_annotation/annotator_B/crops/b445ead32e172828eec5.jpg
m4-071-final-v1,B,a85ff2ace4d0fdf351a2,de1e73cb729ae56f,SODA-A,38,6b94ce8bae79a6f7ef441683553d169983a8bb6852b0c7212fcb322448eab269,/home/rspip/cqc/pro/study/orientbench/annotation_tools/m4_angle_annotation/annotator_B/crops/a85ff2ace4d0fdf351a2.jpg
m4-071-final-v1,B,5df15418999ab09d2d3b,f6d4d96ed7b33cac,SODA-A,39,5649d446c6d61c06f9ddcd96f91a09121904af15eddf61f6255fcf9963368a9a,/home/rspip/cqc/pro/study/orientbench/annotation_tools/m4_angle_annotation/annotator_B/crops/5df15418999ab09d2d3b.jpg
m4-071-final-v1,B,bdd139c6c116d4f557ab,4ba074107ca41eeb,FAIR1M-v1.0,40,67a5d6da182fa559398ce6eccd8d6cf6f11061621ff1bff1a0f26831fb77cc4f,/home/rspip/cqc/pro/study/orientbench/annotation_tools/m4_angle_annotation/annotator_B/crops/bdd139c6c116d4f557ab.jpg
m4-071-final-v1,B,de1201701cc7fc4adc45,f8da708b09ef1ea2,DIOR-R,41,5053f822b255117fb8867c1104e6d51cca5ade46b277b4254f4fdf3af1185018,/home/rspip/cqc/pro/study/orientbench/annotation_tools/m4_angle_annotation/annotator_B/crops/de1201701cc7fc4adc45.jpg
m4-071-final-v1,B,c2d6088fe171edf08f61,2763fc5bae473eda,SODA-A,42,0dff4be9c9cc184dda78b4206ca4d3b00af22afc9790392866d0769323413ce8,/home/rspip/cqc/pro/study/orientbench/annotation_tools/m4_angle_annotation/annotator_B/crops/c2d6088fe171edf08f61.jpg
m4-071-final-v1,B,1f6579867f65e6bbfdd2,b43c806a898db6af,DIOR-R,43,1ee5b3037a5732db790b19ce59fcc3e41965f8d29537ef2fecdde11f91c2efb5,/home/rspip/cqc/pro/study/orientbench/annotation_tools/m4_angle_annotation/annotator_B/crops/1f6579867f65e6bbfdd2.jpg
m4-071-final-v1,B,11f7c5eeb654ed8a8033,36398e51d6143a74,DIOR-R,44,c5faeff7ba4bb302840fdf292da5272bc903d7882a3b82d3076f5e090969a721,/home/rspip/cqc/pro/study/orientbench/annotation_tools/m4_angle_annotation/annotator_B/crops/11f7c5eeb654ed8a8033.jpg
m4-071-final-v1,B,1df08c8bb446a1816710,da86df7d3c8d12ed,FAIR1M-v1.0,45,9a3d3f4b1b218de0b58a39c65dfd0ce824c0f2492a0da6312ef302891decd2bf,/home/rspip/cqc/pro/study/orientbench/annotation_tools/m4_angle_annotation/annotator_B/crops/1df08c8bb446a1816710.jpg
m4-071-final-v1,B,acb36f4a9da6533c6e3c,a04e0c7141dac610,SODA-A,46,43ac0b58e0b8dc846248355bf1ce8b92c1c2af47e78dfbb748f073970acd3668,/home/rspip/cqc/pro/study/orientbench/annotation_tools/m4_angle_annotation/annotator_B/crops/acb36f4a9da6533c6e3c.jpg
m4-071-final-v1,B,d1a91b59c507a5db3875,384a09b2c13beb09,DIOR-R,47,24acafec514c0df9c7936d14ca096d958737baec5efbf62afd1b00aa37b1d6aa,/home/rspip/cqc/pro/study/orientbench/annotation_tools/m4_angle_annotation/annotator_B/crops/d1a91b59c507a5db3875.jpg
m4-071-final-v1,B,70000156d1d04f91f3e2,8034a8ca41f4035c,DIOR-R,48,70f78dd918e3cfa42bf35533a9115366e37337a1829b92c6784fec3a2cdc4f63,/home/rspip/cqc/pro/study/orientbench/annotation_tools/m4_angle_annotation/annotator_B/crops/70000156d1d04f91f3e2.jpg
m4-071-final-v1,B,fd258a427530bf621e25,08a7efda2a2b21b5,FAIR1M-v1.0,49,d97329c04e1f0743ca516a82bb11dc0d9c588e0d158f61b5387ee6d127cc6557,/home/rspip/cqc/pro/study/orientbench/annotation_tools/m4_angle_annotation/annotator_B/crops/fd258a427530bf621e25.jpg
m4-071-final-v1,B,bf75155a3da1b5dd44dd,84b5e69e679eeb27,SODA-A,50,0b084b672404b7798cf631a3dcb72a9ad3a58851b464e6cb2644c36262cb9d7c,/home/rspip/cqc/pro/study/orientbench/annotation_tools/m4_angle_annotation/annotator_B/crops/bf75155a3da1b5dd44dd.jpg
m4-071-final-v1,B,ce0a6e2b0f8ab5e07a1a,501f3432d16fd78f,FAIR1M-v1.0,51,6329be9228329ddcf4f33b800028a82f005d08ff6115a99c1c9f69f0ec5e1d2b,/home/rspip/cqc/pro/study/orientbench/annotation_tools/m4_angle_annotation/annotator_B/crops/ce0a6e2b0f8ab5e07a1a.jpg
m4-071-final-v1,B,8db553739bbb4f12a4a5,332d901344820ba3,FAIR1M-v1.0,52,4038a1d54489cdab85abd85a2f068c0a73920c1c9e7f203c467ce9a8546c40cf,/home/rspip/cqc/pro/study/orientbench/annotation_tools/m4_angle_annotation/annotator_B/crops/8db553739bbb4f12a4a5.jpg
m4-071-final-v1,B,458604a8d74e6365440c,6b136b5f4ab338b6,SODA-A,53,73e15606eba9d993ee7f1917afa0fbf02b21be9d6a4d92f66a42efc770c7efd9,/home/rspip/cqc/pro/study/orientbench/annotation_tools/m4_angle_annotation/annotator_B/crops/458604a8d74e6365440c.jpg
m4-071-final-v1,B,92f97a6e9cfa89971972,3804e62b5375c8b1,SODA-A,54,31c45d8232049c584b9e01a5f65b53bd6d2e359a7b711b125a4c38c0fb60ccb8,/home/rspip/cqc/pro/study/orientbench/annotation_tools/m4_angle_annotation/annotator_B/crops/92f97a6e9cfa89971972.jpg
m4-071-final-v1,B,a8a9aabdfc0c015fb83d,17e2992a05f375c3,DIOR-R,55,c6c4306bcbaad5f614a911ceef367ddcc7e0287bd86249fd6de689935a690ec6,/home/rspip/cqc/pro/study/orientbench/annotation_tools/m4_angle_annotation/annotator_B/crops/a8a9aabdfc0c015fb83d.jpg
m4-071-final-v1,B,654f2393c16ff6bf8fef,366dcf4d3c7b260c,FAIR1M-v1.0,56,e9a4bdff691f2e324b01070eddfe579c4f515ecc341897e0cf3e5ed8f2b40244,/home/rspip/cqc/pro/study/orientbench/annotation_tools/m4_angle_annotation/annotator_B/crops/654f2393c16ff6bf8fef.jpg
m4-071-final-v1,B,0b2cac902dd0c0cfb0fb,445b1658cfdd2e6d,SODA-A,57,806be55619ed7e3b192b9e885581ec2640d2ccbb3d4a89fb7253e0b450755ba1,/home/rspip/cqc/pro/study/orientbench/annotation_tools/m4_angle_annotation/annotator_B/crops/0b2cac902dd0c0cfb0fb.jpg
m4-071-final-v1,B,41ce6686a6ec67a7c150,c7cef9a6183163b1,SODA-A,58,defe92267f5deff93586ed2ba89540cb3b893117e6251d2e8f644426d6c0caa4,/home/rspip/cqc/pro/study/orientbench/annotation_tools/m4_angle_annotation/annotator_B/crops/41ce6686a6ec67a7c150.jpg
m4-071-final-v1,B,cf5a4ff788ffc30482a3,1bf396ab726c1694,DIOR-R,59,52d2bdef1ecd40d7fbc13150b9851f994694580f570694ae3822572c1af23731,/home/rspip/cqc/pro/study/orientbench/annotation_tools/m4_angle_annotation/annotator_B/crops/cf5a4ff788ffc30482a3.jpg
m4-071-final-v1,B,1662080b86c5038e7fd3,3d45fde904e1ff9c,FAIR1M-v1.0,60,95a2c7c1181fd74714b159a1d172e2a5442950f920cc7ea98c979443a01f89cb,/home/rspip/cqc/pro/study/orientbench/annotation_tools/m4_angle_annotation/annotator_B/crops/1662080b86c5038e7fd3.jpg
m4-071-final-v1,B,87eb8d82d8688284b9d8,be7ca0d1208c4662,FAIR1M-v1.0,61,04e4902a49eda8b95f0327b1b87329477e509fe470c33e04c3272df5177fb5f5,/home/rspip/cqc/pro/study/orientbench/annotation_tools/m4_angle_annotation/annotator_B/crops/87eb8d82d8688284b9d8.jpg
m4-071-final-v1,B,4db7c8e9740d2bea4b7f,aa38db51f39057c2,FAIR1M-v1.0,62,e702174b3f6677422215048dbffab2bdb7a06d956aa754db9297720730bf16ff,/home/rspip/cqc/pro/study/orientbench/annotation_tools/m4_angle_annotation/annotator_B/crops/4db7c8e9740d2bea4b7f.jpg
m4-071-final-v1,B,4383f23465e0c9730581,f9cff91fc38074f4,SODA-A,63,945a4903c06c280a95de7c6d50feed0e671ea2e88671c2be4a23df61a07faeb6,/home/rspip/cqc/pro/study/orientbench/annotation_tools/m4_angle_annotation/annotator_B/crops/4383f23465e0c9730581.jpg
m4-071-final-v1,B,33fd888e8f444fd557ec,0c8314ed249fe29b,DIOR-R,64,73e882428b4c5b42afc0716d6a5c43e543ac384594cc6450e029a4feabc36483,/home/rspip/cqc/pro/study/orientbench/annotation_tools/m4_angle_annotation/annotator_B/crops/33fd888e8f444fd557ec.jpg
m4-071-final-v1,B,0c62b7440c0ee058f7bd,5356c18da4a0e56c,DIOR-R,65,11461123faf0575e610a079a8da30d608b4c0d66e425281d7a22ba299fa25756,/home/rspip/cqc/pro/study/orientbench/annotation_tools/m4_angle_annotation/annotator_B/crops/0c62b7440c0ee058f7bd.jpg
m4-071-final-v1,B,4bd57077f1e4dd15534d,adf3be66a825e576,FAIR1M-v1.0,66,95edad07b65a850d5447cdec23b6fd17b0b02e9e8fb1836ec3e84e7e4e279d11,/home/rspip/cqc/pro/study/orientbench/annotation_tools/m4_angle_annotation/annotator_B/crops/4bd57077f1e4dd15534d.jpg
m4-071-final-v1,B,1c2b1fd47eb89eb2969e,d0d34351da77ac98,SODA-A,67,3ac1cfe582db4125e94bcfdcfd038c836f4ca41a3ffac86e8172e80f07d18904,/home/rspip/cqc/pro/study/orientbench/annotation_tools/m4_angle_annotation/annotator_B/crops/1c2b1fd47eb89eb2969e.jpg
m4-071-final-v1,B,5a0ca3107e56839ad27c,24b80c44a1ca9878,FAIR1M-v1.0,68,5520b388a1286a4297a2464d07fb0357721aad0877286fa0fa53ecfc258a5d03,/home/rspip/cqc/pro/study/orientbench/annotation_tools/m4_angle_annotation/annotator_B/crops/5a0ca3107e56839ad27c.jpg
m4-071-final-v1,B,39f5185a0111867419c4,d1b9f3c4afbd44d6,SODA-A,69,20a27a604e332aae68f0ba570b032d3b9d22902aa2e675006e6887c14d6f6cea,/home/rspip/cqc/pro/study/orientbench/annotation_tools/m4_angle_annotation/annotator_B/crops/39f5185a0111867419c4.jpg
m4-071-final-v1,B,1377216a75a9397f0af9,cd417bd105022d05,SODA-A,70,1e6a29a709deba362b1063c41becf278d8c63e10b91adafe579010e1c29246cc,/home/rspip/cqc/pro/study/orientbench/annotation_tools/m4_angle_annotation/annotator_B/crops/1377216a75a9397f0af9.jpg
m4-071-final-v1,B,18a4f6e2b414c6f9fe4d,e02d6626ec129ea1,SODA-A,71,d3c85373f1946364f1b71bf93bf3b44602dcd55f399d87c8be6431c46b8bc0ae,/home/rspip/cqc/pro/study/orientbench/annotation_tools/m4_angle_annotation/annotator_B/crops/18a4f6e2b414c6f9fe4d.jpg
m4-071-final-v1,B,42a52e6f549d3bc0538e,7c0ce9f37923b317,DIOR-R,72,94814f5a98b9ab562662487e1ae970c57833955f29ce904756889b08978d9a41,/home/rspip/cqc/pro/study/orientbench/annotation_tools/m4_angle_annotation/annotator_B/crops/42a52e6f549d3bc0538e.jpg
m4-071-final-v1,B,1d80dc2a66ab2e30ca79,7f1afa643650ae20,SODA-A,73,c4cd5e16d28fa36f5866aadbace18a89c99d11ddeb9ae14f9ab3d0ed712fb046,/home/rspip/cqc/pro/study/orientbench/annotation_tools/m4_angle_annotation/annotator_B/crops/1d80dc2a66ab2e30ca79.jpg
m4-071-final-v1,B,a508734a25aa2857c457,a2164940df30fd37,FAIR1M-v1.0,74,c0a7f96f544676178930d3d9d47844a0539d1a530f6df14d70f2cbb9beb15fce,/home/rspip/cqc/pro/study/orientbench/annotation_tools/m4_angle_annotation/annotator_B/crops/a508734a25aa2857c457.jpg
m4-071-final-v1,B,71ee3aa40e85240cfaec,8729f155cc789c31,DIOR-R,75,5c8a15a04139f72851d2c2fd3cb94b8796420a489b8898a9d568e8b502487e58,/home/rspip/cqc/pro/study/orientbench/annotation_tools/m4_angle_annotation/annotator_B/crops/71ee3aa40e85240cfaec.jpg
m4-071-final-v1,B,999a1984200998b6786f,382125d5b7b60d84,FAIR1M-v1.0,76,a95af7b3f51b65388070e675938b58dbe73d5e862bf8a3019be749ce3e34ebef,/home/rspip/cqc/pro/study/orientbench/annotation_tools/m4_angle_annotation/annotator_B/crops/999a1984200998b6786f.jpg
m4-071-final-v1,B,aab0af5ff06eb4ebe3f8,cf52b1272c4bbc5e,DIOR-R,77,a584cce1d945907ce2e1c35a4db947d51f30267d17bc4274efa68664ac1a55f0,/home/rspip/cqc/pro/study/orientbench/annotation_tools/m4_angle_annotation/annotator_B/crops/aab0af5ff06eb4ebe3f8.jpg
m4-071-final-v1,B,6e1850a74cc78cfd4442,c47d013701381a3d,FAIR1M-v1.0,78,95e8afd1fa4ef86d548c7adb88193dc085b6f6dbd70fc3b475e1e3e9d9b61e1e,/home/rspip/cqc/pro/study/orientbench/annotation_tools/m4_angle_annotation/annotator_B/crops/6e1850a74cc78cfd4442.jpg
m4-071-final-v1,B,2c9157632c1273edcce0,0cace1b3fad0745d,FAIR1M-v1.0,79,2be37082b3912764ea2078d00764fe110dc7354b8ed1f55200976455497343d7,/home/rspip/cqc/pro/study/orientbench/annotation_tools/m4_angle_annotation/annotator_B/crops/2c9157632c1273edcce0.jpg
m4-071-final-v1,B,357f16168597da9120dd,e77724c876fc99b8,DIOR-R,80,8627efb040bb63fa4ef0e07d28ec6dd3861da342af54b175e4aef8efa0d1708d,/home/rspip/cqc/pro/study/orientbench/annotation_tools/m4_angle_annotation/annotator_B/crops/357f16168597da9120dd.jpg
m4-071-final-v1,B,de1a676b418189e0c0f2,46b9777eacdf87a2,FAIR1M-v1.0,81,f8f135e92ce2367cdf134b7ffd773347acd820e21b312a3d2a6491f49d646dbc,/home/rspip/cqc/pro/study/orientbench/annotation_tools/m4_angle_annotation/annotator_B/crops/de1a676b418189e0c0f2.jpg
m4-071-final-v1,B,32be332c1e9b0cc51e2e,fe4ce633201f1c5b,DIOR-R,82,f920fbc080f19e1aceefa9f983cb0bf2329e1ca6f76e37089ad5928f15ad5f54,/home/rspip/cqc/pro/study/orientbench/annotation_tools/m4_angle_annotation/annotator_B/crops/32be332c1e9b0cc51e2e.jpg
m4-071-final-v1,B,47d9e4ec3a2b28dbf14e,a9dec5a374d505a8,DIOR-R,83,78303d7f4a22ff083b6d59c570fa755d0665c4371920ff7819cf33eefe5513e8,/home/rspip/cqc/pro/study/orientbench/annotation_tools/m4_angle_annotation/annotator_B/crops/47d9e4ec3a2b28dbf14e.jpg
m4-071-final-v1,B,5d525336af98527da2f4,c42c861402c080cb,DIOR-R,84,2cbb14f066ded6400f342afd0c73e3e542cbecd8a4967d69d1dff438ca55e5b3,/home/rspip/cqc/pro/study/orientbench/annotation_tools/m4_angle_annotation/annotator_B/crops/5d525336af98527da2f4.jpg
m4-071-final-v1,B,dee78c52d1b524a873e1,6da68bf34c562e90,SODA-A,85,48f587c0030f77a92e76542c65b32baf082b8fee366a4f38a18141ab768dd5a0,/home/rspip/cqc/pro/study/orientbench/annotation_tools/m4_angle_annotation/annotator_B/crops/dee78c52d1b524a873e1.jpg
m4-071-final-v1,B,707cf9a1d66c31059abf,0ac00a0047c542be,DIOR-R,86,efb0a48c6de4821fe3fd394002cde37af69b5b19c145bf60b4603ec2af594b90,/home/rspip/cqc/pro/study/orientbench/annotation_tools/m4_angle_annotation/annotator_B/crops/707cf9a1d66c31059abf.jpg
m4-071-final-v1,B,781222248b91f3044ea7,f089723f8160d109,SODA-A,87,d29f6a7eaf850fa4d84c7e46cee24df9e781d1d608af24502d625decb05aaaf5,/home/rspip/cqc/pro/study/orientbench/annotation_tools/m4_angle_annotation/annotator_B/crops/781222248b91f3044ea7.jpg
m4-071-final-v1,B,218cf628ff1da7f7316b,a66c352023e57582,FAIR1M-v1.0,88,d7b439b485889336cc1e52e50b869e055087cb6969050ac523070a7f8f631f6e,/home/rspip/cqc/pro/study/orientbench/annotation_tools/m4_angle_annotation/annotator_B/crops/218cf628ff1da7f7316b.jpg
m4-071-final-v1,B,3944fe961fb8675d166a,7ee142787138b614,FAIR1M-v1.0,89,04db6723b218852fcac5dd50e84e8d52394883b53b59f9946660c8ccc4603a8d,/home/rspip/cqc/pro/study/orientbench/annotation_tools/m4_angle_annotation/annotator_B/crops/3944fe961fb8675d166a.jpg
m4-071-final-v1,B,f31bce78364652d2680e,c8f1eeb1ae855f7b,FAIR1M-v1.0,90,9ac3a7b6e3b2fa42192366af1a738c75bff6ef1d6773d43158d808f10f908fbd,/home/rspip/cqc/pro/study/orientbench/annotation_tools/m4_angle_annotation/annotator_B/crops/f31bce78364652d2680e.jpg
m4-071-final-v1,B,079059d5f0930db891c1,fd65745558fc6ef4,DIOR-R,91,4ea1f5b8a9c6a5fae241dd548dc64a2b534475644220b97664965f976e79e8aa,/home/rspip/cqc/pro/study/orientbench/annotation_tools/m4_angle_annotation/annotator_B/crops/079059d5f0930db891c1.jpg
m4-071-final-v1,B,4e8b6455718cbc912530,87b8e2e269e87130,DIOR-R,92,02491158738d8c776efbf8769f15e03c8902c275267a38a41652af26921d7df1,/home/rspip/cqc/pro/study/orientbench/annotation_tools/m4_angle_annotation/annotator_B/crops/4e8b6455718cbc912530.jpg
m4-071-final-v1,B,ec2cd1fcffd58684efc1,25753a73e8c52d3b,DIOR-R,93,6526979bf113352b2c6c856be3c26d6b526ae0112f85ba116c6aa5f627fdae9d,/home/rspip/cqc/pro/study/orientbench/annotation_tools/m4_angle_annotation/annotator_B/crops/ec2cd1fcffd58684efc1.jpg
m4-071-final-v1,B,d335b200cd1a39d8cbb1,bb54e96164aa272d,DIOR-R,94,925c23078c3dae4788b57b74337662b800d770493ccb3d73186a211431f4ac48,/home/rspip/cqc/pro/study/orientbench/annotation_tools/m4_angle_annotation/annotator_B/crops/d335b200cd1a39d8cbb1.jpg
m4-071-final-v1,B,e393233098fe290b5913,3aa927689a641125,SODA-A,95,59bfebaead02de7a9ee024bcef4c179fe94521bb5971d0dd99392a7f8f9b959f,/home/rspip/cqc/pro/study/orientbench/annotation_tools/m4_angle_annotation/annotator_B/crops/e393233098fe290b5913.jpg
m4-071-final-v1,B,16ce36da79b22365cbc4,5fd9d7cd9c127c6d,DIOR-R,96,3846b13137de2ed4ba247c8c0857546bda80c405289555ecbfb062967220be54,/home/rspip/cqc/pro/study/orientbench/annotation_tools/m4_angle_annotation/annotator_B/crops/16ce36da79b22365cbc4.jpg
m4-071-final-v1,B,47ca1996272cc1aa572b,2abcdc17b44d3ea4,DIOR-R,97,f7db3c7a3d287da7f46b7bd0ad51d6f5b88f028c12284d660f459ca58b080a77,/home/rspip/cqc/pro/study/orientbench/annotation_tools/m4_angle_annotation/annotator_B/crops/47ca1996272cc1aa572b.jpg
m4-071-final-v1,B,84ccc73ba96a1fd77bc9,63c1849612542404,DIOR-R,98,111ee244b01fb05d911d99d0d4bfbc3a79cffd8fb8a2538cf1285452bbaa5240,/home/rspip/cqc/pro/study/orientbench/annotation_tools/m4_angle_annotation/annotator_B/crops/84ccc73ba96a1fd77bc9.jpg
m4-071-final-v1,B,065dadfff4010471d2f3,6012f09e9012fae6,DIOR-R,99,f57b4cec53ef19b2edec780b1f0655203235a6318017e0e95c69c8239d9b5bf4,/home/rspip/cqc/pro/study/orientbench/annotation_tools/m4_angle_annotation/annotator_B/crops/065dadfff4010471d2f3.jpg
m4-071-final-v1,B,1443cbe749a650d72011,6138a5987be81215,DIOR-R,100,51b65b2c4528576a0a60029b9a73b14b1ca2ccdb2dccf495b8e8672f0e5924bc,/home/rspip/cqc/pro/study/orientbench/annotation_tools/m4_angle_annotation/annotator_B/crops/1443cbe749a650d72011.jpg
m4-071-final-v1,B,bbf80764ac7774737fd0,2280dd7145448f5d,SODA-A,101,89742680441bf63ef06a2a177f8b43b3324eda3676b49cc2f8ed34b05ec8179e,/home/rspip/cqc/pro/study/orientbench/annotation_tools/m4_angle_annotation/annotator_B/crops/bbf80764ac7774737fd0.jpg
m4-071-final-v1,B,42fb84e9624ad635a345,fbbdf92bf861d664,SODA-A,102,137206229a0738a4eda16e63230e215375cd7383c13e2730c6bdb453322618e1,/home/rspip/cqc/pro/study/orientbench/annotation_tools/m4_angle_annotation/annotator_B/crops/42fb84e9624ad635a345.jpg
m4-071-final-v1,B,3939015149cb8445ca13,adcae9c6e040301c,FAIR1M-v1.0,103,c7a24bb88f02cc74e6722efb8a65d31fd70fb90e653b48ecc7191c83ec4bf12c,/home/rspip/cqc/pro/study/orientbench/annotation_tools/m4_angle_annotation/annotator_B/crops/3939015149cb8445ca13.jpg
m4-071-final-v1,B,ac139eab602eba58c0a9,606820ba91c3230c,FAIR1M-v1.0,104,1ec0bd9da77c671f6ee60149bc9193947279511c76d9288acb2f0b979d72f421,/home/rspip/cqc/pro/study/orientbench/annotation_tools/m4_angle_annotation/annotator_B/crops/ac139eab602eba58c0a9.jpg
m4-071-final-v1,B,cd0ec9548995fbfd2a87,aba88ff032184a4f,FAIR1M-v1.0,105,f5a7dc72036adebf943ca0e8de85d9aabc1b7d9a998e24631be3118f239483bc,/home/rspip/cqc/pro/study/orientbench/annotation_tools/m4_angle_annotation/annotator_B/crops/cd0ec9548995fbfd2a87.jpg
m4-071-final-v1,B,fa60cb3db30eee4f6111,e1bece22e410dd0f,DIOR-R,106,34a83c20bba205c8c680588a2a163aebaa5f071f72f42d353dc41bd92bc4170c,/home/rspip/cqc/pro/study/orientbench/annotation_tools/m4_angle_annotation/annotator_B/crops/fa60cb3db30eee4f6111.jpg
m4-071-final-v1,B,9cabe2e478de3608802d,5f10b5fbca706179,SODA-A,107,345995d495e4e530465128584e6a6fd5c413867319eb03abadd399dd69dd37cd,/home/rspip/cqc/pro/study/orientbench/annotation_tools/m4_angle_annotation/annotator_B/crops/9cabe2e478de3608802d.jpg
m4-071-final-v1,B,6fcfa218e623b03374e1,24b572df6ef2d75c,DIOR-R,108,e02cd46d5fe578f1907ce9e68af41976d86df7a03ed8fa097a866afa7285f1d4,/home/rspip/cqc/pro/study/orientbench/annotation_tools/m4_angle_annotation/annotator_B/crops/6fcfa218e623b03374e1.jpg
m4-071-final-v1,B,e02b76e87b992e3b2ed0,3bc2ea604e7d9e7b,SODA-A,109,29f5c422898dd029805d2c7623316296d9c905c4b368b5d39c60a48563ba57f2,/home/rspip/cqc/pro/study/orientbench/annotation_tools/m4_angle_annotation/annotator_B/crops/e02b76e87b992e3b2ed0.jpg
m4-071-final-v1,B,affb8ffc3ce389724e1b,966e395b6091cdab,SODA-A,110,d16c6a8bd4f003b158fa62329f20f3cc92fb23d5c778b6908951a2a79b36bffa,/home/rspip/cqc/pro/study/orientbench/annotation_tools/m4_angle_annotation/annotator_B/crops/affb8ffc3ce389724e1b.jpg
m4-071-final-v1,B,c5b3eee05e0500b143db,5287a0b309b44a52,DIOR-R,111,c45c230a3b3ec5ea67ecc7d556ad0f288ebbbb1b1719072f41ba3e9186ce35e1,/home/rspip/cqc/pro/study/orientbench/annotation_tools/m4_angle_annotation/annotator_B/crops/c5b3eee05e0500b143db.jpg
m4-071-final-v1,B,45977b7016af8db95b41,e7fb8ab4facf41ad,DIOR-R,112,5d2684ffac771af10687d4d7ace69490cf1c99575a8c7de97ab63cb53e070aa2,/home/rspip/cqc/pro/study/orientbench/annotation_tools/m4_angle_annotation/annotator_B/crops/45977b7016af8db95b41.jpg
m4-071-final-v1,B,2c3ec4f8fcf80aa1c2d5,7249a0166027746f,FAIR1M-v1.0,113,ad342a2d581bb47a5033ed63bc951310b591949a11c67223001d57073dd73a1e,/home/rspip/cqc/pro/study/orientbench/annotation_tools/m4_angle_annotation/annotator_B/crops/2c3ec4f8fcf80aa1c2d5.jpg
m4-071-final-v1,B,74bb808df06056976b15,faf6a81a68e4cda0,DIOR-R,114,577ac2f0e399e86fa094d44750646391e73a5c26a9f43c9beee1396a03bd0359,/home/rspip/cqc/pro/study/orientbench/annotation_tools/m4_angle_annotation/annotator_B/crops/74bb808df06056976b15.jpg
m4-071-final-v1,B,bee44fa00436b51a4ee4,2ce4d67b33c1deec,DIOR-R,115,ffef7c9250f59cee19ce82bd88e7ab1ec237e5c8211e3f7546c90074bccba158,/home/rspip/cqc/pro/study/orientbench/annotation_tools/m4_angle_annotation/annotator_B/crops/bee44fa00436b51a4ee4.jpg
m4-071-final-v1,B,a41c5559b79c220d33d5,1f45c229950a0bcd,DIOR-R,116,2c9b9e10d8b0f4057383da42b30bf1486a6575bc2d315995d0edd5627af86e83,/home/rspip/cqc/pro/study/orientbench/annotation_tools/m4_angle_annotation/annotator_B/crops/a41c5559b79c220d33d5.jpg
m4-071-final-v1,B,4a85484e879a178e1dd3,f251048ed7cbe7df,SODA-A,117,367c6929226cbe8ff160ecd28bda6f3d5520449bdd541a41e1a916a69ebcbc42,/home/rspip/cqc/pro/study/orientbench/annotation_tools/m4_angle_annotation/annotator_B/crops/4a85484e879a178e1dd3.jpg
m4-071-final-v1,B,f14d19921f6ad70fa331,29f3da55a75e96e9,DIOR-R,118,bd010f86e4dfa4d7e086919260281a0ddb860514767f66c38ed87d07ab6db17e,/home/rspip/cqc/pro/study/orientbench/annotation_tools/m4_angle_annotation/annotator_B/crops/f14d19921f6ad70fa331.jpg
m4-071-final-v1,B,b88aa79ef5a418d6c620,19b4f437bb48fb1a,SODA-A,119,e620165825543570a0f62aebe76b784075acf5457ab502f189b3de080c02b506,/home/rspip/cqc/pro/study/orientbench/annotation_tools/m4_angle_annotation/annotator_B/crops/b88aa79ef5a418d6c620.jpg
m4-071-final-v1,B,b7ab9e8457b47bdc1948,f60e8f331e3ff664,FAIR1M-v1.0,120,34705a670582cda60a9dc1c15d9c4379840ff793269d268f954f23348770abed,/home/rspip/cqc/pro/study/orientbench/annotation_tools/m4_angle_annotation/annotator_B/crops/b7ab9e8457b47bdc1948.jpg
m4-071-final-v1,B,8e7dffb1cd9ed4b6d9aa,723c03c38b33af82,FAIR1M-v1.0,121,95cb63011a3b4871d3e6375874572ba40d56432bfff0916f9908519b17989837,/home/rspip/cqc/pro/study/orientbench/annotation_tools/m4_angle_annotation/annotator_B/crops/8e7dffb1cd9ed4b6d9aa.jpg
m4-071-final-v1,B,670798e63abd86ef1ca6,6976c8b727df9844,SODA-A,122,5beabff209c91b90bc407e9002ce2f5bc91277510f9af0cb3ec1995a7c23991d,/home/rspip/cqc/pro/study/orientbench/annotation_tools/m4_angle_annotation/annotator_B/crops/670798e63abd86ef1ca6.jpg
m4-071-final-v1,B,b98c5150055153c5a48c,898ec530c9c77d7b,FAIR1M-v1.0,123,f16fb129733907b2f8bb3e2c9664ac72f24b476e0c72109a1e9f873db86788e4,/home/rspip/cqc/pro/study/orientbench/annotation_tools/m4_angle_annotation/annotator_B/crops/b98c5150055153c5a48c.jpg
m4-071-final-v1,B,ee8b8afb30ef43b0038d,c4296b3c6512a1fb,DIOR-R,124,6ad33cbd329fd38e55ca62217a0676e2a4ecd0f8fb50d2f311b7e3db95cb8f50,/home/rspip/cqc/pro/study/orientbench/annotation_tools/m4_angle_annotation/annotator_B/crops/ee8b8afb30ef43b0038d.jpg
m4-071-final-v1,B,aa4e179d241cb1390229,c0a8d349923c2e56,DIOR-R,125,93fb01bcd4c43f4f331124c38da17e94e0035e4b17a525ee79590dc144162e0b,/home/rspip/cqc/pro/study/orientbench/annotation_tools/m4_angle_annotation/annotator_B/crops/aa4e179d241cb1390229.jpg
m4-071-final-v1,B,1dd6b5543f86542cedfc,2cd92056add2c3d1,SODA-A,126,4ec049710df3cd01dade593b736b15e53d649615aaf661c4f2634dcbb7ca2837,/home/rspip/cqc/pro/study/orientbench/annotation_tools/m4_angle_annotation/annotator_B/crops/1dd6b5543f86542cedfc.jpg
m4-071-final-v1,B,fb9a9e17c9884bba028f,cc5b40a0b3f1e352,DIOR-R,127,cd51620fd514b415a7a0c656e3037b11cf60d91196805becba8b96bfba320bad,/home/rspip/cqc/pro/study/orientbench/annotation_tools/m4_angle_annotation/annotator_B/crops/fb9a9e17c9884bba028f.jpg
m4-071-final-v1,B,c79e71af15117d7e4958,4fbbfaba8296a0fd,DIOR-R,128,19660b096a648bcc2fa9d0abca254f0522d3a7fc30df306182e6f9867fd48d4b,/home/rspip/cqc/pro/study/orientbench/annotation_tools/m4_angle_annotation/annotator_B/crops/c79e71af15117d7e4958.jpg
m4-071-final-v1,B,f3a2dfe9ff0c18972ed6,fa05af3ac256e458,DIOR-R,129,30dbcd858760373934c7a77bf63840bf6e1482b6af3a06845c3cd3f30a3525c0,/home/rspip/cqc/pro/study/orientbench/annotation_tools/m4_angle_annotation/annotator_B/crops/f3a2dfe9ff0c18972ed6.jpg
m4-071-final-v1,B,326e54bfc8061a54a8b4,6356945a8ace1187,SODA-A,130,84c4260d6976dd9501bef7e41713ca6d6519f723f1f4baab10607972e0c58e21,/home/rspip/cqc/pro/study/orientbench/annotation_tools/m4_angle_annotation/annotator_B/crops/326e54bfc8061a54a8b4.jpg
m4-071-final-v1,B,3c47c37524a09eba11fb,6cfa0a01b26444ca,SODA-A,131,01a8422fc2e0c50c0a3d54b7b9d9a94619a1d1028c9529dbda5138aa0104a629,/home/rspip/cqc/pro/study/orientbench/annotation_tools/m4_angle_annotation/annotator_B/crops/3c47c37524a09eba11fb.jpg
m4-071-final-v1,B,1ee9909fb48278e7d249,6ec6e800225ef723,DIOR-R,132,908109e32d59d933794c47e2ddc16d2a15e166035c389f6b7d5e2694b87cfb0b,/home/rspip/cqc/pro/study/orientbench/annotation_tools/m4_angle_annotation/annotator_B/crops/1ee9909fb48278e7d249.jpg
m4-071-final-v1,B,c51d64b24567b6fc98f1,0c48e0eaa9b91e1c,DIOR-R,133,459912cd862f378d9050581e023ed27591bd839d4caca1a9e10f72f2fec71bea,/home/rspip/cqc/pro/study/orientbench/annotation_tools/m4_angle_annotation/annotator_B/crops/c51d64b24567b6fc98f1.jpg
m4-071-final-v1,B,3264db6fcf06bd1a59c0,52a27684299f1ad4,FAIR1M-v1.0,134,20fe60841adb97567a0a2041f98c8069cbed22fdc50c636ec0653d441e33628d,/home/rspip/cqc/pro/study/orientbench/annotation_tools/m4_angle_annotation/annotator_B/crops/3264db6fcf06bd1a59c0.jpg
m4-071-final-v1,B,297636108bab0652c5a3,a7f21ba3c3a94289,FAIR1M-v1.0,135,5a0a088f0c871cdac51a54f73395d4ee5ab9fe3513b214adb60d449002dcd2a0,/home/rspip/cqc/pro/study/orientbench/annotation_tools/m4_angle_annotation/annotator_B/crops/297636108bab0652c5a3.jpg
m4-071-final-v1,B,509a711f9af08bad8450,e7f83959071f2db2,FAIR1M-v1.0,136,956ea2a2e443e739c920e9258960cdabe108797e8964b069230de97e1a65379f,/home/rspip/cqc/pro/study/orientbench/annotation_tools/m4_angle_annotation/annotator_B/crops/509a711f9af08bad8450.jpg
m4-071-final-v1,B,0cd08fdcd7ae1b31ee6b,fb2abe5a068e921c,DIOR-R,137,eb3018d19200e5fc0f78c7698fe70c886778275faa40335490e30552b59302ba,/home/rspip/cqc/pro/study/orientbench/annotation_tools/m4_angle_annotation/annotator_B/crops/0cd08fdcd7ae1b31ee6b.jpg
m4-071-final-v1,B,601da08f2c1ab2991dd0,6ff7c1765334b161,FAIR1M-v1.0,138,7a190033e93973f266f9d48a98b12ea66b211340c43f1d1420af181d101cf5ca,/home/rspip/cqc/pro/study/orientbench/annotation_tools/m4_angle_annotation/annotator_B/crops/601da08f2c1ab2991dd0.jpg
m4-071-final-v1,B,50865841ff9abad60442,0a6ecc7cae2f27ab,SODA-A,139,648303b4098fa2ef6a9ba341f4a5d42d6b39998092293cfbe6d00c72ed2689c6,/home/rspip/cqc/pro/study/orientbench/annotation_tools/m4_angle_annotation/annotator_B/crops/50865841ff9abad60442.jpg
m4-071-final-v1,B,02a5fe1a09ab8db16c2c,600e02423333ab32,DIOR-R,140,e8608233cfe8f43b7a8f6ac2edeca0bad35b0468a00eae86530bd95281c5880e,/home/rspip/cqc/pro/study/orientbench/annotation_tools/m4_angle_annotation/annotator_B/crops/02a5fe1a09ab8db16c2c.jpg
m4-071-final-v1,B,cda720a53ef2eb4374c0,7b0cf58b1549f917,FAIR1M-v1.0,141,7f205160b9260714426dd066610694dc11849e806c712b1fb6f63dc67449d314,/home/rspip/cqc/pro/study/orientbench/annotation_tools/m4_angle_annotation/annotator_B/crops/cda720a53ef2eb4374c0.jpg
m4-071-final-v1,B,1d7477794e5f3ea67fbc,e87ca78b1e16d695,SODA-A,142,a8a9f39b2c744b05399193bb30d8a760cb4ca717cf8f9823cb60975b71bc81c2,/home/rspip/cqc/pro/study/orientbench/annotation_tools/m4_angle_annotation/annotator_B/crops/1d7477794e5f3ea67fbc.jpg
m4-071-final-v1,B,a59046c66add58cde394,b93ecee2d129c9e7,DIOR-R,143,83a9f7dfe7ac529639c2af174aae590cc970b05ac4f65a89757ec269b552405f,/home/rspip/cqc/pro/study/orientbench/annotation_tools/m4_angle_annotation/annotator_B/crops/a59046c66add58cde394.jpg
m4-071-final-v1,B,6e7a9fb3da8c8286f7a4,282ec8bbf1e46398,SODA-A,144,421572e1315988d858dbcf50c795db680edf699a1cde7e93b8a56956e0a0d983,/home/rspip/cqc/pro/study/orientbench/annotation_tools/m4_angle_annotation/annotator_B/crops/6e7a9fb3da8c8286f7a4.jpg
m4-071-final-v1,B,88af44807e513377065a,4ac81bc43e947bb9,FAIR1M-v1.0,145,eca50cb37531ca2d6e932eea457a0f13ce4c62f42aea66d2e7565344c8ada123,/home/rspip/cqc/pro/study/orientbench/annotation_tools/m4_angle_annotation/annotator_B/crops/88af44807e513377065a.jpg
m4-071-final-v1,B,1fd618a0f81bd90b4ce9,029fc64a964f87d2,SODA-A,146,bb93fb07e7267ff929cae41f13f5e28f0ad808d22564f983c73386098d613347,/home/rspip/cqc/pro/study/orientbench/annotation_tools/m4_angle_annotation/annotator_B/crops/1fd618a0f81bd90b4ce9.jpg
m4-071-final-v1,B,0e4690ce224c5dd44e1c,1378ad9cb345683d,FAIR1M-v1.0,147,d60a69965beb792d497766cf7f0e24f00107b00b1333ddf01c370dc68097e364,/home/rspip/cqc/pro/study/orientbench/annotation_tools/m4_angle_annotation/annotator_B/crops/0e4690ce224c5dd44e1c.jpg
m4-071-final-v1,B,2554645b23a5af44dc24,05082014fe972812,FAIR1M-v1.0,148,a3b7829a3df9a9eb783bdaf91605bf64f8efc39134c78f4a01d350daae45e047,/home/rspip/cqc/pro/study/orientbench/annotation_tools/m4_angle_annotation/annotator_B/crops/2554645b23a5af44dc24.jpg
m4-071-final-v1,B,654226a640d2ba738af4,4f23d6b2c9723a55,DIOR-R,149,ad895c2f5f9a82f1dde2e99d292871630ec7f202b8997f71ab8f9831ff770264,/home/rspip/cqc/pro/study/orientbench/annotation_tools/m4_angle_annotation/annotator_B/crops/654226a640d2ba738af4.jpg
m4-071-final-v1,B,1bc4919669b76c6bb996,3b1d9e4733c5807b,FAIR1M-v1.0,150,aef7555d8e46db1335205d9d0e28a5333537975f8c5dddab09adb8d3a2e694c0,/home/rspip/cqc/pro/study/orientbench/annotation_tools/m4_angle_annotation/annotator_B/crops/1bc4919669b76c6bb996.jpg
m4-071-final-v1,B,e60e89f7b2771fae3bd3,75a7cfc0f3137d03,SODA-A,151,a7bee726cd2143912ff5d8de096097871581ccae03ab5979f6cfe41eda78bbc4,/home/rspip/cqc/pro/study/orientbench/annotation_tools/m4_angle_annotation/annotator_B/crops/e60e89f7b2771fae3bd3.jpg
m4-071-final-v1,B,00be774377f7c335efe3,93e099d85d11f02a,SODA-A,152,200777a9d85815193a2cc7c5f976cf9f229c4f9b1fb713325025bfa07da0f0ad,/home/rspip/cqc/pro/study/orientbench/annotation_tools/m4_angle_annotation/annotator_B/crops/00be774377f7c335efe3.jpg
m4-071-final-v1,B,847cb0fd450d73c26adf,7ea9ba6b904bcdc4,FAIR1M-v1.0,153,b3eec6825ac58cfbd085a69352d46fb666e9ad20a255894c7d80a914b9de26fa,/home/rspip/cqc/pro/study/orientbench/annotation_tools/m4_angle_annotation/annotator_B/crops/847cb0fd450d73c26adf.jpg
m4-071-final-v1,B,ee0ac9621bcc48d7d0a0,e92888d1b960890d,SODA-A,154,24ce5bdb608df844e1bda6d33ea90b8356668b0f1718f874825a43d944fb2935,/home/rspip/cqc/pro/study/orientbench/annotation_tools/m4_angle_annotation/annotator_B/crops/ee0ac9621bcc48d7d0a0.jpg
m4-071-final-v1,B,c67f2affc3a2202079e9,7384df55300f565c,SODA-A,155,a240005feaa7c3b56748a0d0d7f725d42bfdcb6eaa15ea689459936d57653851,/home/rspip/cqc/pro/study/orientbench/annotation_tools/m4_angle_annotation/annotator_B/crops/c67f2affc3a2202079e9.jpg
m4-071-final-v1,B,b8cada50131fe85d9444,a80f6cac05b5fcea,DIOR-R,156,728431d7f96e732e408290b6c87c18c1ae580ba7cd3640e2630347274094e4b1,/home/rspip/cqc/pro/study/orientbench/annotation_tools/m4_angle_annotation/annotator_B/crops/b8cada50131fe85d9444.jpg
m4-071-final-v1,B,0d5bc699855fa97e1113,3f94ed27efd5476f,SODA-A,157,cc424fddccb84e80bae931a50c9a9d66815112a64d93ded316ba0125a6cb94fa,/home/rspip/cqc/pro/study/orientbench/annotation_tools/m4_angle_annotation/annotator_B/crops/0d5bc699855fa97e1113.jpg
m4-071-final-v1,B,267045aedf5bedda6a9e,fd360dfd44b55275,FAIR1M-v1.0,158,cd32865d080a9ec62642982a5bcf51c36c6126d196177c204104dbbdf48142e5,/home/rspip/cqc/pro/study/orientbench/annotation_tools/m4_angle_annotation/annotator_B/crops/267045aedf5bedda6a9e.jpg
m4-071-final-v1,B,e903e6de338a92362fe9,5144fdb81cf4d888,FAIR1M-v1.0,159,2117631a32970e93dc31343a03fcce747e6ec93fc96d02b15548a5a2cc36d529,/home/rspip/cqc/pro/study/orientbench/annotation_tools/m4_angle_annotation/annotator_B/crops/e903e6de338a92362fe9.jpg
m4-071-final-v1,B,4c72ad9c43b30191905c,9c1e9f6a11a5d8d2,SODA-A,160,5f93052bb05df8beb5fee2856c88b7c38c58429dff7fbf84669f79abb362544a,/home/rspip/cqc/pro/study/orientbench/annotation_tools/m4_angle_annotation/annotator_B/crops/4c72ad9c43b30191905c.jpg
m4-071-final-v1,B,56e280762844f03cccb8,dc380846a1ee5cc1,SODA-A,161,76dd87c4c7ce9ed3348b94fdcbc0e73612cc821a3be11bd1d67bc94b71596dec,/home/rspip/cqc/pro/study/orientbench/annotation_tools/m4_angle_annotation/annotator_B/crops/56e280762844f03cccb8.jpg
m4-071-final-v1,B,c15327b8bbcdca72c55f,fe116bfa154c1859,FAIR1M-v1.0,162,55760bdb97b2a451a663cfe700df9cf676600a638ae7ad1c2da39824eada17a0,/home/rspip/cqc/pro/study/orientbench/annotation_tools/m4_angle_annotation/annotator_B/crops/c15327b8bbcdca72c55f.jpg
m4-071-final-v1,B,7e05faff4cfa4915fd33,7399d5684dd06bad,FAIR1M-v1.0,163,0e2783ed24c7570d06a3aa668b11389776fa82500eee834107c57582d1739477,/home/rspip/cqc/pro/study/orientbench/annotation_tools/m4_angle_annotation/annotator_B/crops/7e05faff4cfa4915fd33.jpg
m4-071-final-v1,B,ef0dcfaddde700af3004,0477e5c99b8cd6a4,DIOR-R,164,6fc9a0e13c34e8866a574f53b6443cbc7ccaf57c86a1d84ddf4d0dce586187d0,/home/rspip/cqc/pro/study/orientbench/annotation_tools/m4_angle_annotation/annotator_B/crops/ef0dcfaddde700af3004.jpg
m4-071-final-v1,B,5c4abc386da440f5ff63,0c12a6ef791b54e9,SODA-A,165,45606d7b9b28b2a2ebad0ec9c34ef6f301dc851a20088f482610c66c09ceaba3,/home/rspip/cqc/pro/study/orientbench/annotation_tools/m4_angle_annotation/annotator_B/crops/5c4abc386da440f5ff63.jpg
m4-071-final-v1,B,dad37a272395407bc464,f11e1aab22b7188b,FAIR1M-v1.0,166,4f2f2f0f0fff0d30f58740e29f8a975828db44322fa120a993f839362b390d35,/home/rspip/cqc/pro/study/orientbench/annotation_tools/m4_angle_annotation/annotator_B/crops/dad37a272395407bc464.jpg
m4-071-final-v1,B,f9a3781fdca496e9c9fb,e56bf83024828c5e,DIOR-R,167,2b70f0660409a7c6b3404045f0f23fa171a160e3d69ff6265677268dfba73095,/home/rspip/cqc/pro/study/orientbench/annotation_tools/m4_angle_annotation/annotator_B/crops/f9a3781fdca496e9c9fb.jpg
m4-071-final-v1,B,98c7cb2015cb6bfa24cb,fee8da0ae306116b,DIOR-R,168,872370530658e37c7d0f8f9e96cb77c51b2b80fe99f2757d1b87b4b3329afbf7,/home/rspip/cqc/pro/study/orientbench/annotation_tools/m4_angle_annotation/annotator_B/crops/98c7cb2015cb6bfa24cb.jpg
m4-071-final-v1,B,bb5d88bbb657c9f71a36,be14fcdcff9d8ce1,DIOR-R,169,2cb685d36aba51da42f67058ec7c5771c175300602eba5c615718e30fca52b60,/home/rspip/cqc/pro/study/orientbench/annotation_tools/m4_angle_annotation/annotator_B/crops/bb5d88bbb657c9f71a36.jpg
m4-071-final-v1,B,057da11afc1740fe1b73,3eebad896324734f,FAIR1M-v1.0,170,f0aca8288c75725e09142b9a84c086b0a6ff7c711b985a666caf33a57bb7fe28,/home/rspip/cqc/pro/study/orientbench/annotation_tools/m4_angle_annotation/annotator_B/crops/057da11afc1740fe1b73.jpg
m4-071-final-v1,B,36654780d6eec7238013,013c2439b0ccac33,DIOR-R,171,e190abc8c0edee66e17b2de58b9c7fae63f04789814a921d9764fe407365b7e8,/home/rspip/cqc/pro/study/orientbench/annotation_tools/m4_angle_annotation/annotator_B/crops/36654780d6eec7238013.jpg
m4-071-final-v1,B,0e23ec9d8d023651cc1d,ea065be4d05ea2f7,FAIR1M-v1.0,172,a7bceb85c7d328996b09941a0cc9c958d1a286b04e97d6b77d3a109afe73596f,/home/rspip/cqc/pro/study/orientbench/annotation_tools/m4_angle_annotation/annotator_B/crops/0e23ec9d8d023651cc1d.jpg
m4-071-final-v1,B,8760ec5abf31261f6c44,d544a892c3b29d96,FAIR1M-v1.0,173,87adf848b0bf26297a41917686854abf8e5a51dc705cbb9e01cdd310978cc547,/home/rspip/cqc/pro/study/orientbench/annotation_tools/m4_angle_annotation/annotator_B/crops/8760ec5abf31261f6c44.jpg
m4-071-final-v1,B,497932473712d2b729c6,63c2a1f82a041ee0,DIOR-R,174,3108156a3ffc588827afaca4aa31e54d36443a0a3e6c4e785b3b31afa81a6c91,/home/rspip/cqc/pro/study/orientbench/annotation_tools/m4_angle_annotation/annotator_B/crops/497932473712d2b729c6.jpg
m4-071-final-v1,B,0713d5406db526e9e291,54e0499f95afd643,DIOR-R,175,f6b935510087d849dae45e0e794c1c9e25752df715c48c8de1bf51270ff9744d,/home/rspip/cqc/pro/study/orientbench/annotation_tools/m4_angle_annotation/annotator_B/crops/0713d5406db526e9e291.jpg
m4-071-final-v1,B,e41fda358087103efbe6,b690f145a939ddfe,SODA-A,176,0bc3b87a34b93363877e2aae03680e2c86d0d36a8941f2db2fd4d5ffe914fa9c,/home/rspip/cqc/pro/study/orientbench/annotation_tools/m4_angle_annotation/annotator_B/crops/e41fda358087103efbe6.jpg
m4-071-final-v1,B,016b9e2f6bf9f2f915b3,a8c0495724a23eb8,FAIR1M-v1.0,177,cdb3b6b64d7755c5c15155abb1cb15120382e56aaeae942b82ef12031e7e6c97,/home/rspip/cqc/pro/study/orientbench/annotation_tools/m4_angle_annotation/annotator_B/crops/016b9e2f6bf9f2f915b3.jpg
m4-071-final-v1,B,94c288086669b279cfcd,e40a13084507e2d1,FAIR1M-v1.0,178,b3b8d82b701080a91f68beed4f74b74d92b09c66ffba893645176d447567072f,/home/rspip/cqc/pro/study/orientbench/annotation_tools/m4_angle_annotation/annotator_B/crops/94c288086669b279cfcd.jpg
m4-071-final-v1,B,2fe480f45395c7c3f3e6,c4b4be0a023f7626,FAIR1M-v1.0,179,c2c58af3a06389ca037782dc54281f69985c229056c1b02f6c2ea35fdf346192,/home/rspip/cqc/pro/study/orientbench/annotation_tools/m4_angle_annotation/annotator_B/crops/2fe480f45395c7c3f3e6.jpg
m4-071-final-v1,B,78d5e785685c176888a4,044b80d92c00c620,DIOR-R,180,9f288c4632973f724b5dca42f6751b161a3d1879d39d9fbc0f3e03d1518d27d9,/home/rspip/cqc/pro/study/orientbench/annotation_tools/m4_angle_annotation/annotator_B/crops/78d5e785685c176888a4.jpg
m4-071-final-v1,B,7f24cf55e98699ef3b1f,d0b3692d4f9f23ad,FAIR1M-v1.0,181,9865684cf199f06990cd19706f4fa9f8004e0884f77f4ef0fb503a6ed2cb31b7,/home/rspip/cqc/pro/study/orientbench/annotation_tools/m4_angle_annotation/annotator_B/crops/7f24cf55e98699ef3b1f.jpg
m4-071-final-v1,B,fc41657e81950026c3b2,6edc2239ac2c8176,FAIR1M-v1.0,182,ec2f969d02c5742010916cfd84481bc7d072dcd2c8f87ebbaa77e4017e3068f4,/home/rspip/cqc/pro/study/orientbench/annotation_tools/m4_angle_annotation/annotator_B/crops/fc41657e81950026c3b2.jpg
m4-071-final-v1,B,e7c6f37f9f7ecc90b0a2,1748fa7e740ffec1,DIOR-R,183,f8da73b2ddbebe844284eee8bbca01ad2ed7b4a114dec0f609de27c6ee948d4b,/home/rspip/cqc/pro/study/orientbench/annotation_tools/m4_angle_annotation/annotator_B/crops/e7c6f37f9f7ecc90b0a2.jpg
m4-071-final-v1,B,4405c8396694e8b56229,cd2f0dd8e8c99bdb,DIOR-R,184,7166c3e69af5884273bf0723d3b0cfd5f41836d89a42440a379a365034716ab8,/home/rspip/cqc/pro/study/orientbench/annotation_tools/m4_angle_annotation/annotator_B/crops/4405c8396694e8b56229.jpg
m4-071-final-v1,B,c201425ae13206829bac,48d75a16f0b27bf6,SODA-A,185,8658c7c89f0b79ef5858fb95015e218d8834cae525593c02ffc9e567511c1c99,/home/rspip/cqc/pro/study/orientbench/annotation_tools/m4_angle_annotation/annotator_B/crops/c201425ae13206829bac.jpg
m4-071-final-v1,B,d9eaa4c71020e98130bf,0b76cc1135343efa,FAIR1M-v1.0,186,999a8021b9bffdda7d8d32fa2aba9e59d5ee5f6eab64d5dd7757291cf69cfe71,/home/rspip/cqc/pro/study/orientbench/annotation_tools/m4_angle_annotation/annotator_B/crops/d9eaa4c71020e98130bf.jpg
m4-071-final-v1,B,34dcb51f38ea3c718cd6,b8459ab23e2998f1,SODA-A,187,08c468be3db59d9fa18539aa84300b53bd2cef5aca4a00b2e8ef6ef77910bb5a,/home/rspip/cqc/pro/study/orientbench/annotation_tools/m4_angle_annotation/annotator_B/crops/34dcb51f38ea3c718cd6.jpg
m4-071-final-v1,B,d4042af43695c662072c,043ca8c1967538ae,SODA-A,188,dd694dfc20229c6e082caea5493172a27f054696af47e6f3c7d0446e54c132b8,/home/rspip/cqc/pro/study/orientbench/annotation_tools/m4_angle_annotation/annotator_B/crops/d4042af43695c662072c.jpg
m4-071-final-v1,B,3f250c28b2c9b0e533de,7b664ae18fd24a20,SODA-A,189,100a550837b106496f24a6a7e39ee06da38f440f33a1ce1d56a339244b7ac61a,/home/rspip/cqc/pro/study/orientbench/annotation_tools/m4_angle_annotation/annotator_B/crops/3f250c28b2c9b0e533de.jpg
m4-071-final-v1,B,ad5af95f29886ec4745e,c7b132d46ed2d687,SODA-A,190,4195ff9e5a45add1b686f79a9777fa6e72f9e1ebda3f0d77c95f984bb710f634,/home/rspip/cqc/pro/study/orientbench/annotation_tools/m4_angle_annotation/annotator_B/crops/ad5af95f29886ec4745e.jpg
m4-071-final-v1,B,1abe0778b5bca90fbef0,489f484f9e2779ce,SODA-A,191,538fb5222769c85138bcf8749a54832f704be7259f84738ecff1c8638ec638cb,/home/rspip/cqc/pro/study/orientbench/annotation_tools/m4_angle_annotation/annotator_B/crops/1abe0778b5bca90fbef0.jpg
m4-071-final-v1,B,d670aace9e0c23849203,e5fa6bca8439bcec,SODA-A,192,c36e012855b8de55e18b51f695a997a95ff05e5da8b6d6f47ecf93a7a6cd199f,/home/rspip/cqc/pro/study/orientbench/annotation_tools/m4_angle_annotation/annotator_B/crops/d670aace9e0c23849203.jpg
m4-071-final-v1,B,02a2fff204bb67f5ea99,a72f99a017cff5a5,SODA-A,193,f5a908996e87a9ff74a5ba0758ac70cc3173e7ead37e5362a02f0215f599823e,/home/rspip/cqc/pro/study/orientbench/annotation_tools/m4_angle_annotation/annotator_B/crops/02a2fff204bb67f5ea99.jpg
m4-071-final-v1,B,b355f548009d38035144,4bdcd00a5edadde9,DIOR-R,194,5acfb1b9de04465a6e2d5be82170b7deecbb535c1ae25c9807a86b7c99e5da55,/home/rspip/cqc/pro/study/orientbench/annotation_tools/m4_angle_annotation/annotator_B/crops/b355f548009d38035144.jpg
m4-071-final-v1,B,8672eea679056460739b,b39df2ee9dc5e552,FAIR1M-v1.0,195,ffc058ee9bc7494cbd5e28efba926227d1a591f1eeb30ed071c056a167f6c7aa,/home/rspip/cqc/pro/study/orientbench/annotation_tools/m4_angle_annotation/annotator_B/crops/8672eea679056460739b.jpg
m4-071-final-v1,B,cf40a0127244b92c31ae,c9e6f29e0a36851f,DIOR-R,196,e74b26f730e8fa154a280e2a4841c6056ed5fd201ff249e6aedc8f553dbf078e,/home/rspip/cqc/pro/study/orientbench/annotation_tools/m4_angle_annotation/annotator_B/crops/cf40a0127244b92c31ae.jpg
m4-071-final-v1,B,49259d1feb0a14376cef,82f48a7d34c9ee2f,DIOR-R,197,92f7cf9d50ee7c2a275266eedf3bcc38f1fd72a74060e37cefa6920418f47bd6,/home/rspip/cqc/pro/study/orientbench/annotation_tools/m4_angle_annotation/annotator_B/crops/49259d1feb0a14376cef.jpg
m4-071-final-v1,B,5bcd285a6d28fc3b908d,ace97f66d2b89049,FAIR1M-v1.0,198,d9cc8f4f7fcd8772c6bd1b8355289936e245e7ced5df042a4f4329cac61ceb58,/home/rspip/cqc/pro/study/orientbench/annotation_tools/m4_angle_annotation/annotator_B/crops/5bcd285a6d28fc3b908d.jpg
m4-071-final-v1,B,65908c550e157e6c8a84,5c2353432821dcc7,DIOR-R,199,9c9858875530ffeeae590554ff9ae47c361a727ac7985e99849bd649b73d2147,/home/rspip/cqc/pro/study/orientbench/annotation_tools/m4_angle_annotation/annotator_B/crops/65908c550e157e6c8a84.jpg
m4-071-final-v1,B,8ecf38ba9d5c12e470d0,90d4eacc916b7079,FAIR1M-v1.0,200,1ff95f4d8e9b4a33903a4436168b5cbe77932da3fb7edbae1a245b36ed7800a9,/home/rspip/cqc/pro/study/orientbench/annotation_tools/m4_angle_annotation/annotator_B/crops/8ecf38ba9d5c12e470d0.jpg
m4-071-final-v1,B,e27d63ab076ea2725911,33954392327ffbbf,DIOR-R,201,460480ba7dc22b78af3461f7e33bb59dd0e66a9f44b4109ee193e134931ad393,/home/rspip/cqc/pro/study/orientbench/annotation_tools/m4_angle_annotation/annotator_B/crops/e27d63ab076ea2725911.jpg
m4-071-final-v1,B,36fe66736691ba6125a0,0c7ee370dc8e3fa1,SODA-A,202,1cc027f1cb1b9bed5a0a6df4dfd3b361521cb298af46188052c269056775ff73,/home/rspip/cqc/pro/study/orientbench/annotation_tools/m4_angle_annotation/annotator_B/crops/36fe66736691ba6125a0.jpg
m4-071-final-v1,B,4788286fe4570870a5f4,b293c1b40edf40fc,FAIR1M-v1.0,203,09958a62052a6477ade4e85ad12f9327f2be9039a7493c7b5505bf7c92529bb7,/home/rspip/cqc/pro/study/orientbench/annotation_tools/m4_angle_annotation/annotator_B/crops/4788286fe4570870a5f4.jpg
m4-071-final-v1,B,5458a78343347cf96b4f,0c6d0d5f48380ef1,DIOR-R,204,05b40fab4152de96042279f52b92a869e185ab28abd68dcb5219be6b2163e0fe,/home/rspip/cqc/pro/study/orientbench/annotation_tools/m4_angle_annotation/annotator_B/crops/5458a78343347cf96b4f.jpg
m4-071-final-v1,B,a4bd359911136990ba9f,2f9777a906791220,SODA-A,205,b2f439432e4bc8a3180ec9ac4536a867ba0dbba8cd4df2ce010f73a5cc8e0924,/home/rspip/cqc/pro/study/orientbench/annotation_tools/m4_angle_annotation/annotator_B/crops/a4bd359911136990ba9f.jpg
m4-071-final-v1,B,b54b08815244e3c8b047,f63fee758578539b,DIOR-R,206,7abad117eaa8cc5f239e4af56b80927f53654c3f796b2664b0498842f19ddd50,/home/rspip/cqc/pro/study/orientbench/annotation_tools/m4_angle_annotation/annotator_B/crops/b54b08815244e3c8b047.jpg
m4-071-final-v1,B,45183d55321a8aa8fd20,bc1b887d7bcea65c,FAIR1M-v1.0,207,1feeef6225afaba8f2c37782cb794a41a6d1983534118604f3f9539a412ffdf9,/home/rspip/cqc/pro/study/orientbench/annotation_tools/m4_angle_annotation/annotator_B/crops/45183d55321a8aa8fd20.jpg
m4-071-final-v1,B,35600b58d800548c3857,37f8cd9bb1920132,FAIR1M-v1.0,208,ea30e6deb86b55d5288bce25287d2fa87b92dd5d93fa5c34e118e00214d82e1b,/home/rspip/cqc/pro/study/orientbench/annotation_tools/m4_angle_annotation/annotator_B/crops/35600b58d800548c3857.jpg
m4-071-final-v1,B,09c7b50ef334f5597d0e,b63fad7f520cf089,FAIR1M-v1.0,209,9bde724971ffdc83c47fd9cc65e3ea5871d91cae7cfd3f5b15728b49b04f075b,/home/rspip/cqc/pro/study/orientbench/annotation_tools/m4_angle_annotation/annotator_B/crops/09c7b50ef334f5597d0e.jpg
m4-071-final-v1,B,fb55d31eef18dc2ae778,9747ee37b2c503ec,SODA-A,210,ceaecaff71c93c03994b77b6af8648ebe52f139f7e10eb27fd69078ca0f58da2,/home/rspip/cqc/pro/study/orientbench/annotation_tools/m4_angle_annotation/annotator_B/crops/fb55d31eef18dc2ae778.jpg
m4-071-final-v1,B,e4088b7c04a591d7ec5a,48a6332f8e75c54d,FAIR1M-v1.0,211,65226409ae6f3d6bfdae747be2fbedad51d8095baf7dea15e3961c795f02ed20,/home/rspip/cqc/pro/study/orientbench/annotation_tools/m4_angle_annotation/annotator_B/crops/e4088b7c04a591d7ec5a.jpg
m4-071-final-v1,B,822fa267aba3943a7398,5086b693a70886d6,FAIR1M-v1.0,212,84f749c41e49af85f2a4c068f409b4627800024b5e98a2a8d9a30cad041b5681,/home/rspip/cqc/pro/study/orientbench/annotation_tools/m4_angle_annotation/annotator_B/crops/822fa267aba3943a7398.jpg
m4-071-final-v1,B,857be25e92e4e8e33467,ea5cf0f963a7aec8,SODA-A,213,a1583e32d68407e7f9eac5d793340eb125d780b0d9bd3d0f745d340604abf11e,/home/rspip/cqc/pro/study/orientbench/annotation_tools/m4_angle_annotation/annotator_B/crops/857be25e92e4e8e33467.jpg
m4-071-final-v1,B,a9fea23f69f0f9090a57,afe8ec504af90e32,SODA-A,214,cb53351bbeaaa16ed87fe11f820fabe50c9fda6c3abe0a3f2d1f6a5b1469e015,/home/rspip/cqc/pro/study/orientbench/annotation_tools/m4_angle_annotation/annotator_B/crops/a9fea23f69f0f9090a57.jpg
m4-071-final-v1,B,dff1409399860c497cca,d1e3423e7b1a62be,DIOR-R,215,07ad8806bc93ed831c6d8efb60c0eb73fc4fee57d252c993367de61a2a8045ee,/home/rspip/cqc/pro/study/orientbench/annotation_tools/m4_angle_annotation/annotator_B/crops/dff1409399860c497cca.jpg
m4-071-final-v1,B,2b876ac2ee076e29e1ab,56b495f36311def3,SODA-A,216,61ec939615af7070c66e46cfdb73fdf77285374c7a0d1c63f0f4ed2c9731f1a8,/home/rspip/cqc/pro/study/orientbench/annotation_tools/m4_angle_annotation/annotator_B/crops/2b876ac2ee076e29e1ab.jpg
m4-071-final-v1,B,a31906505d6dff579f57,f9c0a218de88a128,SODA-A,217,4cc79e0f2a30cdab1e54850579be273c770f6291ef4bba6578b56e27b14d36d6,/home/rspip/cqc/pro/study/orientbench/annotation_tools/m4_angle_annotation/annotator_B/crops/a31906505d6dff579f57.jpg
m4-071-final-v1,B,079f07adff03d289e1d4,3e77e42e20134cea,DIOR-R,218,e7e81fbbf94cc32ef37c86fd9acb45468b9b7305af0b8fdc0909e00040c40de5,/home/rspip/cqc/pro/study/orientbench/annotation_tools/m4_angle_annotation/annotator_B/crops/079f07adff03d289e1d4.jpg
m4-071-final-v1,B,2c6c45ebbf4f2d91a71b,3363a64bf733e5a5,FAIR1M-v1.0,219,23a03bcd5dc04365214d0d281b73c8eb3325a351190ff749be4800882f417b65,/home/rspip/cqc/pro/study/orientbench/annotation_tools/m4_angle_annotation/annotator_B/crops/2c6c45ebbf4f2d91a71b.jpg
m4-071-final-v1,B,d5fdddedb8e4189a69a8,f44d699d871b82b1,DIOR-R,220,3174a91a95479271995c1ed1108b3cebfe90a4ea1c5e0f6964da5669bae1a35f,/home/rspip/cqc/pro/study/orientbench/annotation_tools/m4_angle_annotation/annotator_B/crops/d5fdddedb8e4189a69a8.jpg
m4-071-final-v1,B,bc692bcd071a43d39846,98d253854601680e,DIOR-R,221,c2b6d55dbd3f17e5fd02018690243459dd5f514858a397b66dd9914df041fe07,/home/rspip/cqc/pro/study/orientbench/annotation_tools/m4_angle_annotation/annotator_B/crops/bc692bcd071a43d39846.jpg
m4-071-final-v1,B,ec0dd323af8b1bb52aa8,5232f5bcd9e2e836,FAIR1M-v1.0,222,a052e57e94a9e6c9210a8b3c381da07270b39121feb9a52daaad235842ccc290,/home/rspip/cqc/pro/study/orientbench/annotation_tools/m4_angle_annotation/annotator_B/crops/ec0dd323af8b1bb52aa8.jpg
m4-071-final-v1,B,79b0659d2d3426d04171,c26412cc14adf60e,DIOR-R,223,dd2f1c0d7bd46c9201707877b31470d894478dd40fa23d73fc69e0310ba79938,/home/rspip/cqc/pro/study/orientbench/annotation_tools/m4_angle_annotation/annotator_B/crops/79b0659d2d3426d04171.jpg
m4-071-final-v1,B,5e131a2dc8624e7e92eb,eb13901d7a0e7063,DIOR-R,224,4acac93e97aa943b008f416aa1c2c9724a569dc85fb2a9a5c93945a390d8451b,/home/rspip/cqc/pro/study/orientbench/annotation_tools/m4_angle_annotation/annotator_B/crops/5e131a2dc8624e7e92eb.jpg
m4-071-final-v1,B,d3ea032adedcdd9cdfa6,3db678f2b971d87a,SODA-A,225,d847b8adfc0e972c1e7d4e5a0cd3b647ea9badfb6122145f67e321235b6fdc5b,/home/rspip/cqc/pro/study/orientbench/annotation_tools/m4_angle_annotation/annotator_B/crops/d3ea032adedcdd9cdfa6.jpg
m4-071-final-v1,B,99c293cbf450b7674f0b,d7a7c6c25a4606c8,FAIR1M-v1.0,226,e20f7170c2c7fc11794152faa2f0ee45badd7a1c23a4062e89b230195ee7d750,/home/rspip/cqc/pro/study/orientbench/annotation_tools/m4_angle_annotation/annotator_B/crops/99c293cbf450b7674f0b.jpg
m4-071-final-v1,B,3ff86ae962458c8a8ca9,6a719555a3709573,SODA-A,227,2fc9aacadef08f04bab2123d27ab933eaba6a9059a3d1e024e1a5e521457a7bf,/home/rspip/cqc/pro/study/orientbench/annotation_tools/m4_angle_annotation/annotator_B/crops/3ff86ae962458c8a8ca9.jpg
m4-071-final-v1,B,58cf9ba2a037bcbff0a0,35731e043482a005,SODA-A,228,f640d44cb5d3273d0622a432d996593ebc037fc206e6ebab2afb1dfef7c91a27,/home/rspip/cqc/pro/study/orientbench/annotation_tools/m4_angle_annotation/annotator_B/crops/58cf9ba2a037bcbff0a0.jpg
m4-071-final-v1,B,d72ed6145a24353081d1,bf15f8582d5576ab,FAIR1M-v1.0,229,70555e14627ff63a21b6d509c48845a94444d9e6dfb267da482574faa094b40e,/home/rspip/cqc/pro/study/orientbench/annotation_tools/m4_angle_annotation/annotator_B/crops/d72ed6145a24353081d1.jpg
m4-071-final-v1,B,e80fd850170cf0f8d6a3,e5ea4c4cbf80cb01,SODA-A,230,8d57f343a36ca6abe4f9d5be6a8d836e0a4f9484e27f88d6aa57441bfc58099f,/home/rspip/cqc/pro/study/orientbench/annotation_tools/m4_angle_annotation/annotator_B/crops/e80fd850170cf0f8d6a3.jpg
m4-071-final-v1,B,3137c00e50f37c4b16c3,e74ebbef75369fb2,SODA-A,231,f3d73d1e81f2e8ed4310a86a482f1deea887a26ea70643f6f43f52d571168321,/home/rspip/cqc/pro/study/orientbench/annotation_tools/m4_angle_annotation/annotator_B/crops/3137c00e50f37c4b16c3.jpg
m4-071-final-v1,B,dadbcec31e914805354c,406aab3642c5c227,SODA-A,232,e984148b8f21c312c2145dd45118610f42c4ea110606460af29dd20793175489,/home/rspip/cqc/pro/study/orientbench/annotation_tools/m4_angle_annotation/annotator_B/crops/dadbcec31e914805354c.jpg
m4-071-final-v1,B,e1405c35bf89849a5311,acb73a2f5eed3eb2,SODA-A,233,c9ad2ad10e5bf031abc6939dfcd4b9f2d7ac76c58ead141aa7430a54d6b0a181,/home/rspip/cqc/pro/study/orientbench/annotation_tools/m4_angle_annotation/annotator_B/crops/e1405c35bf89849a5311.jpg
m4-071-final-v1,B,d10560bd18ed489bf4f4,391d2246e284d8f8,FAIR1M-v1.0,234,1ee785b62c2a96024a037999f14de1067cb24844e194639d37528dc48a63a032,/home/rspip/cqc/pro/study/orientbench/annotation_tools/m4_angle_annotation/annotator_B/crops/d10560bd18ed489bf4f4.jpg
m4-071-final-v1,B,d7a7770420417fa73710,5aba85149ac78918,SODA-A,235,76a051f638d50ca0fc14862c111c3bd5afa7f6217bfe4581d99efeaf4d51f2d3,/home/rspip/cqc/pro/study/orientbench/annotation_tools/m4_angle_annotation/annotator_B/crops/d7a7770420417fa73710.jpg
m4-071-final-v1,B,4c6b7ad03d34d4a55d69,e6fb0cb7a4b4661a,SODA-A,236,42baf5c8ee345bef493eb94b6a0eebf755cb5bd29d0366c0900a5a902263d913,/home/rspip/cqc/pro/study/orientbench/annotation_tools/m4_angle_annotation/annotator_B/crops/4c6b7ad03d34d4a55d69.jpg
m4-071-final-v1,B,37e8ce0518f8a8398e0e,4cc2897af21ef9d4,FAIR1M-v1.0,237,30d9e692e80492936a0d72b40aa60f2e4d002a3c5684b061deb870b3e222d549,/home/rspip/cqc/pro/study/orientbench/annotation_tools/m4_angle_annotation/annotator_B/crops/37e8ce0518f8a8398e0e.jpg
m4-071-final-v1,B,05fbbcd27f8dda7ca0d3,02818b7c3265a68e,SODA-A,238,6a71ea78e09fdff9ef741e30fd78bbfebdbd211c837b0ba819eaac7407305f7c,/home/rspip/cqc/pro/study/orientbench/annotation_tools/m4_angle_annotation/annotator_B/crops/05fbbcd27f8dda7ca0d3.jpg
m4-071-final-v1,B,9b0e1f54bb0e33efa7f5,3484ac67ffecc278,FAIR1M-v1.0,239,fdb070eefc6b7bbe10d7e96f18185db53a034ec6c28cc3cc69ca9cea98de0ae0,/home/rspip/cqc/pro/study/orientbench/annotation_tools/m4_angle_annotation/annotator_B/crops/9b0e1f54bb0e33efa7f5.jpg
m4-071-final-v1,B,6cdd7398fcec36e1e1d8,c4d20ad458504721,FAIR1M-v1.0,240,1ab86596be274aebdb7973d1a06ff9167a927bfa1a7e8143571c9d8007707465,/home/rspip/cqc/pro/study/orientbench/annotation_tools/m4_angle_annotation/annotator_B/crops/6cdd7398fcec36e1e1d8.jpg
m4-071-final-v1,B,f6efad2008a9f42ace43,bbaca06bec7736ce,FAIR1M-v1.0,241,65d0474775a24561ff88bd6fabd5fd9258b2e5b3ccb237f67a31c88eefc31896,/home/rspip/cqc/pro/study/orientbench/annotation_tools/m4_angle_annotation/annotator_B/crops/f6efad2008a9f42ace43.jpg
m4-071-final-v1,B,0a8f7fd8822fb9f8dfd6,27e6d503e8489967,DIOR-R,242,98f96c8b7f0faaeed12c1214fd48821bb6e6018da991d8aa4ef28b3494f035ac,/home/rspip/cqc/pro/study/orientbench/annotation_tools/m4_angle_annotation/annotator_B/crops/0a8f7fd8822fb9f8dfd6.jpg
m4-071-final-v1,B,c6d8d184e205dd88dc60,57072f24eaa4aad0,SODA-A,243,46b65434c93e6f98d6d67edaa5773de4312fe4caba30f743d6d429dccc2686ba,/home/rspip/cqc/pro/study/orientbench/annotation_tools/m4_angle_annotation/annotator_B/crops/c6d8d184e205dd88dc60.jpg
m4-071-final-v1,B,7e703221a360592dfbb3,82594fcfa5e3127f,SODA-A,244,2c283ee365146b9a06914abb2484a327dca43b58c87a92fde046282d8bf4c768,/home/rspip/cqc/pro/study/orientbench/annotation_tools/m4_angle_annotation/annotator_B/crops/7e703221a360592dfbb3.jpg
m4-071-final-v1,B,5949184ebbe2ce49a9cd,5fdc6b964ef92b44,DIOR-R,245,ef9b77a62f9f6c7d0e267ab1b4f703e28254b6dcd176abb21ae65035f77e6dfd,/home/rspip/cqc/pro/study/orientbench/annotation_tools/m4_angle_annotation/annotator_B/crops/5949184ebbe2ce49a9cd.jpg
m4-071-final-v1,B,c17fd41367295fe51cd4,885f088889e15db7,DIOR-R,246,d4f26df73722b673bd0208a360be7020a42d9f6a1790ed3281a49b82383be0f9,/home/rspip/cqc/pro/study/orientbench/annotation_tools/m4_angle_annotation/annotator_B/crops/c17fd41367295fe51cd4.jpg
m4-071-final-v1,B,a7248cb868a59820064c,ced35c8c2661ae2a,FAIR1M-v1.0,247,10e9b13163822866dc636cbc3e5e081ff25cd2114ba4ecda2eff455781907a92,/home/rspip/cqc/pro/study/orientbench/annotation_tools/m4_angle_annotation/annotator_B/crops/a7248cb868a59820064c.jpg
m4-071-final-v1,B,c25027687cd9e31b23c6,af7a4e6539fa0c00,SODA-A,248,6c5ac083cb333dab395500e5378ec18fd8a149d61b0af62e1bcd077132059833,/home/rspip/cqc/pro/study/orientbench/annotation_tools/m4_angle_annotation/annotator_B/crops/c25027687cd9e31b23c6.jpg
m4-071-final-v1,B,2e9e7ae6422d1dacde62,6f1a74b5be197d10,SODA-A,249,44b2ee97799f7f71564190b71df58615a29b4d33f31f5513d2369e876c8ef8b1,/home/rspip/cqc/pro/study/orientbench/annotation_tools/m4_angle_annotation/annotator_B/crops/2e9e7ae6422d1dacde62.jpg
m4-071-final-v1,B,f5d3f960bf52f369aac1,31a28905828bb130,SODA-A,250,2c4fcf638125e830f6be5d6184170b523e912078851b28d21af69b286acbc627,/home/rspip/cqc/pro/study/orientbench/annotation_tools/m4_angle_annotation/annotator_B/crops/f5d3f960bf52f369aac1.jpg
m4-071-final-v1,B,bcda598aa815460ef432,2eaedd909c995495,FAIR1M-v1.0,251,043449187938d77dd1223ecee5785137260426078fe55abe23bb730ee7cb87d9,/home/rspip/cqc/pro/study/orientbench/annotation_tools/m4_angle_annotation/annotator_B/crops/bcda598aa815460ef432.jpg
m4-071-final-v1,B,b9d18dfeaaffeec26c32,60fb0fe10aee7286,SODA-A,252,b0514eef106111cbce001dad2f05f04db7522eccc0c3996a24da089e3d8f3bc7,/home/rspip/cqc/pro/study/orientbench/annotation_tools/m4_angle_annotation/annotator_B/crops/b9d18dfeaaffeec26c32.jpg
m4-071-final-v1,B,7ceb685f4f97422eb99d,2dff38a5a209811b,DIOR-R,253,b1d2baf4562545759ac8507af485c2650e3e3660d9124ddd858a794868f72b30,/home/rspip/cqc/pro/study/orientbench/annotation_tools/m4_angle_annotation/annotator_B/crops/7ceb685f4f97422eb99d.jpg
m4-071-final-v1,B,027ac5798e639ff416a7,3f1c8f3343e07421,DIOR-R,254,cacde9d40f03a31633bb36f6c44ca7a1ad38cc160898c07d07540030a53bc15d,/home/rspip/cqc/pro/study/orientbench/annotation_tools/m4_angle_annotation/annotator_B/crops/027ac5798e639ff416a7.jpg
m4-071-final-v1,B,c2bfca146fa5bca91dab,03f01a2b2741d77a,FAIR1M-v1.0,255,eb89cabb47176ca2b8dcdd176ed6254990657451c52c9588e4cf2e6e50bd2713,/home/rspip/cqc/pro/study/orientbench/annotation_tools/m4_angle_annotation/annotator_B/crops/c2bfca146fa5bca91dab.jpg
m4-071-final-v1,B,2e65171b87e4056b3393,ed7c2d62c1a42b90,SODA-A,256,6b8f13403e14bbca03899187f444efa1a91cf73fc8b443ec24ace82605e9e03f,/home/rspip/cqc/pro/study/orientbench/annotation_tools/m4_angle_annotation/annotator_B/crops/2e65171b87e4056b3393.jpg
m4-071-final-v1,B,104a360e8ade491e5b70,d412060c57b2af55,FAIR1M-v1.0,257,6786e937df58d5a65b90e1778fff14af011c90f0950dec7fa8b5c863589cbc64,/home/rspip/cqc/pro/study/orientbench/annotation_tools/m4_angle_annotation/annotator_B/crops/104a360e8ade491e5b70.jpg
m4-071-final-v1,B,1e4701017f48d0f3b1e7,2a41ba05f9233ab3,DIOR-R,258,74d565750e6cb5bf1c28133ee1989a350539bb3a392be5d1824cd83030cce0e1,/home/rspip/cqc/pro/study/orientbench/annotation_tools/m4_angle_annotation/annotator_B/crops/1e4701017f48d0f3b1e7.jpg
m4-071-final-v1,B,22de0657a55b69cf9ff1,e977c7e5a05a147a,SODA-A,259,c9a2de7bd86aa6f150f19f6896985790a5f60fe224945f9fdc7363f7fed56652,/home/rspip/cqc/pro/study/orientbench/annotation_tools/m4_angle_annotation/annotator_B/crops/22de0657a55b69cf9ff1.jpg
m4-071-final-v1,B,ad4e2c08667ce51e3b8b,8fd073ddf9a2b6a3,SODA-A,260,e1d61eddd0a15471856a597ed424a60c004779aa0188c5bba325d1df084a4754,/home/rspip/cqc/pro/study/orientbench/annotation_tools/m4_angle_annotation/annotator_B/crops/ad4e2c08667ce51e3b8b.jpg
m4-071-final-v1,B,bae10d35341fcaf0a118,1a1715d714bacf6f,FAIR1M-v1.0,261,e4248b0819924256a84bdaab523fd7d2ab23a4fa69ad10bc935b57f8adf926c3,/home/rspip/cqc/pro/study/orientbench/annotation_tools/m4_angle_annotation/annotator_B/crops/bae10d35341fcaf0a118.jpg
m4-071-final-v1,B,5e9ae49a2fb3ad5365a5,30afd0ef2dff8a7b,SODA-A,262,d7076132c175a3f925f98c90c887e3da48a1a22db4e0d551232d7edb05f6eda8,/home/rspip/cqc/pro/study/orientbench/annotation_tools/m4_angle_annotation/annotator_B/crops/5e9ae49a2fb3ad5365a5.jpg
m4-071-final-v1,B,c0e58e5f6d9ac9a98a48,192d5af75a345333,SODA-A,263,84b06560e7b020ccb7a611c5e3bef18c7452608b6447b6948b37265809588648,/home/rspip/cqc/pro/study/orientbench/annotation_tools/m4_angle_annotation/annotator_B/crops/c0e58e5f6d9ac9a98a48.jpg
m4-071-final-v1,B,e16320bee40ae724fcae,5e80ffafc55d816f,SODA-A,264,4fde05f18db3ce1be620bfbce4ad7b89a014eb12536d96b3a17357e64fcce10b,/home/rspip/cqc/pro/study/orientbench/annotation_tools/m4_angle_annotation/annotator_B/crops/e16320bee40ae724fcae.jpg
m4-071-final-v1,B,b08b7615f1e2f47c3622,5bdc6fd3eb0f5881,SODA-A,265,426dd160db6ce3d1b3961112f4a563e08429fd7ee4ff0882a3c253792a9ccc34,/home/rspip/cqc/pro/study/orientbench/annotation_tools/m4_angle_annotation/annotator_B/crops/b08b7615f1e2f47c3622.jpg
m4-071-final-v1,B,164314e7737be1ca789b,3b1284c879ffcfcf,DIOR-R,266,729291d174889ce6816025020c87663786b2ad0d2c31f3e3181e425f9cef3cec,/home/rspip/cqc/pro/study/orientbench/annotation_tools/m4_angle_annotation/annotator_B/crops/164314e7737be1ca789b.jpg
m4-071-final-v1,B,94d73bb59cc29cc137eb,02c412af09d3f748,SODA-A,267,c09f7c305f2e1dff1218de222c9b995f7594153ad452d2a9478788c06d939c3b,/home/rspip/cqc/pro/study/orientbench/annotation_tools/m4_angle_annotation/annotator_B/crops/94d73bb59cc29cc137eb.jpg
m4-071-final-v1,B,1850ebcf73982b46501d,8f0d2b339f19c3a0,DIOR-R,268,0d4b0e45745f4ca30d149108e7ba2586c856032ab5c53c0a32e56f20e39c47a7,/home/rspip/cqc/pro/study/orientbench/annotation_tools/m4_angle_annotation/annotator_B/crops/1850ebcf73982b46501d.jpg
m4-071-final-v1,B,e6ee9e4ed2810c5563e4,de8c55c9704b5cf3,DIOR-R,269,7c5f2a07ad0f54248826b1ad027c7eb76881c0f61234c99cead506df84f9a16c,/home/rspip/cqc/pro/study/orientbench/annotation_tools/m4_angle_annotation/annotator_B/crops/e6ee9e4ed2810c5563e4.jpg
m4-071-final-v1,B,5ac73bf98869a4827bb7,f3600368a280a92e,SODA-A,270,b819b7812014de27f1c2808bf75524a3267c38d9cbc6f891b5dca8d1d9ed2301,/home/rspip/cqc/pro/study/orientbench/annotation_tools/m4_angle_annotation/annotator_B/crops/5ac73bf98869a4827bb7.jpg
m4-071-final-v1,B,643c7418bad9d4ac5eec,463c23576fdad4a1,FAIR1M-v1.0,271,0f7231dfce56c56c1ff03be516b899d395a5d4658ee3f3b5671e82d1545d165a,/home/rspip/cqc/pro/study/orientbench/annotation_tools/m4_angle_annotation/annotator_B/crops/643c7418bad9d4ac5eec.jpg
m4-071-final-v1,B,f44332e0e2a1ff535989,0cbf5c319cad0f0b,DIOR-R,272,58076f231cea1d38d32ff3cb83a2d01755addee65645be6212833c9915e65586,/home/rspip/cqc/pro/study/orientbench/annotation_tools/m4_angle_annotation/annotator_B/crops/f44332e0e2a1ff535989.jpg
m4-071-final-v1,B,f5a15231a723e16afb2d,3722c792fe87f6ec,FAIR1M-v1.0,273,db07ad90bbbc989a958b03d6e247e114d19a1cbcb6716a048378536f632ef43a,/home/rspip/cqc/pro/study/orientbench/annotation_tools/m4_angle_annotation/annotator_B/crops/f5a15231a723e16afb2d.jpg
m4-071-final-v1,B,0fbfa2c548119b51b81f,b7958e320944f72a,FAIR1M-v1.0,274,7279ea2a0ce093e587daf92fa0965da85faa4c01e52d25640ad37e358cd2cde8,/home/rspip/cqc/pro/study/orientbench/annotation_tools/m4_angle_annotation/annotator_B/crops/0fbfa2c548119b51b81f.jpg
m4-071-final-v1,B,97d4690dd890997a7c65,c73e58a8d640df1d,SODA-A,275,6638c5f0eeb88bc2c111ed72cfeb6d83812d43574f8d0f7f66bf071af5d63277,/home/rspip/cqc/pro/study/orientbench/annotation_tools/m4_angle_annotation/annotator_B/crops/97d4690dd890997a7c65.jpg
m4-071-final-v1,B,4d73313fbe2b5e1917ad,a31230622c651540,SODA-A,276,b94133755e409159ecee8aca2d5a1abb9392c12cbcebde7de9e6d211064fe91e,/home/rspip/cqc/pro/study/orientbench/annotation_tools/m4_angle_annotation/annotator_B/crops/4d73313fbe2b5e1917ad.jpg
m4-071-final-v1,B,d7cb789f3205c37d1ba9,021abe13d822d18d,DIOR-R,277,3460f26e58b2b368287179ae25aaaea17fce51688a8df412936bb3b9ba0ede76,/home/rspip/cqc/pro/study/orientbench/annotation_tools/m4_angle_annotation/annotator_B/crops/d7cb789f3205c37d1ba9.jpg
m4-071-final-v1,B,e16a1dd87fe51af5cb2b,cf0f7b50559d0136,DIOR-R,278,6ed08341f662631cbbd0aec2bc2277a73ea91a22f3fe13860f4314c26852dc0f,/home/rspip/cqc/pro/study/orientbench/annotation_tools/m4_angle_annotation/annotator_B/crops/e16a1dd87fe51af5cb2b.jpg
m4-071-final-v1,B,b2f8aec9e96565d8793a,453974b0ec7a1fb0,SODA-A,279,f4cf7630b3b44829231d586f15f8d33943a96a59a54a5869951a10943e15adc5,/home/rspip/cqc/pro/study/orientbench/annotation_tools/m4_angle_annotation/annotator_B/crops/b2f8aec9e96565d8793a.jpg
m4-071-final-v1,B,688d9c5083e618205c6c,ec1872e33b6cadc5,FAIR1M-v1.0,280,841d84a792d3d927735cdb52f8957c017bbf5cf3b51d999197dff3db77a05dc1,/home/rspip/cqc/pro/study/orientbench/annotation_tools/m4_angle_annotation/annotator_B/crops/688d9c5083e618205c6c.jpg
m4-071-final-v1,B,3ed7c1860414723990c1,d2c9b3fd6e29a254,SODA-A,281,a3d67373b886adf359c1583677a3551fd214ff4f9cd9dce94fbeaebe184c279a,/home/rspip/cqc/pro/study/orientbench/annotation_tools/m4_angle_annotation/annotator_B/crops/3ed7c1860414723990c1.jpg
m4-071-final-v1,B,189693600b1ea5d915bd,f85a7daeac39ebeb,DIOR-R,282,a62ed9fc9b9a5f1b25d6cdb4735070dcba67d54df17ea536967cac1ce06d5580,/home/rspip/cqc/pro/study/orientbench/annotation_tools/m4_angle_annotation/annotator_B/crops/189693600b1ea5d915bd.jpg
m4-071-final-v1,B,7899f21ab7e7504132cf,c8cd294802d6cde2,SODA-A,283,be7b9f8a73e6996e271b35b794993d9001789fbe949a34337159f103598bbc19,/home/rspip/cqc/pro/study/orientbench/annotation_tools/m4_angle_annotation/annotator_B/crops/7899f21ab7e7504132cf.jpg
m4-071-final-v1,B,15b0269b812aeb8ea44f,3fd2c5b8e586fe8e,DIOR-R,284,1ca9cd81fa4723b6e50d2e5893b3d3de4fe5ff2427795f4db4f5b57880d9805b,/home/rspip/cqc/pro/study/orientbench/annotation_tools/m4_angle_annotation/annotator_B/crops/15b0269b812aeb8ea44f.jpg
m4-071-final-v1,B,6ea25531dfb9b914da77,ae7b8ed1e8fb16ec,SODA-A,285,ce715a762874c4afeef2c7bec07aca181fe88b868c6473e5c205b092f10dbeb7,/home/rspip/cqc/pro/study/orientbench/annotation_tools/m4_angle_annotation/annotator_B/crops/6ea25531dfb9b914da77.jpg
m4-071-final-v1,B,4d8cf05a7aef0b1fd7ef,637de0b07f4d5aab,SODA-A,286,490aa4b0dbe0890b460cffaf8f412d6d2c35014264d4e135956af1b74ff1e6b5,/home/rspip/cqc/pro/study/orientbench/annotation_tools/m4_angle_annotation/annotator_B/crops/4d8cf05a7aef0b1fd7ef.jpg
m4-071-final-v1,B,e32c18bc93573fa73306,d9d26d289ef634f9,SODA-A,287,5f82938bf8ce16f364dc308fd11974422f6921a37c2514acf5e72cd8a63c9aaf,/home/rspip/cqc/pro/study/orientbench/annotation_tools/m4_angle_annotation/annotator_B/crops/e32c18bc93573fa73306.jpg
m4-071-final-v1,B,c835a60bb9e3ff49353e,b15d46fda24c2884,FAIR1M-v1.0,288,e32c606009d9886f2d7f5458ea640124fdcabeb3f2c03fefb37b7681cf63a862,/home/rspip/cqc/pro/study/orientbench/annotation_tools/m4_angle_annotation/annotator_B/crops/c835a60bb9e3ff49353e.jpg
m4-071-final-v1,B,8243cbd1a689be5d05de,ec0a8f5f9f069c5e,DIOR-R,289,7b09da17e938c322eead7326b9dc4f3b50d7d387c257a2017a8e1d4412db8eec,/home/rspip/cqc/pro/study/orientbench/annotation_tools/m4_angle_annotation/annotator_B/crops/8243cbd1a689be5d05de.jpg
m4-071-final-v1,B,2c77c38bf5302466508d,9a54718857c88412,FAIR1M-v1.0,290,429c2fd1945ea3f0ab0e6e6bbb01ceacd4deebb2be4f1ee4beb5ed2b14997bad,/home/rspip/cqc/pro/study/orientbench/annotation_tools/m4_angle_annotation/annotator_B/crops/2c77c38bf5302466508d.jpg
m4-071-final-v1,B,f1ea164539920342c8a3,964285d30196c488,DIOR-R,291,b458b2d61795a624dbcc44d7f013214774c64b654c4e8f4e2a2a50481f53096a,/home/rspip/cqc/pro/study/orientbench/annotation_tools/m4_angle_annotation/annotator_B/crops/f1ea164539920342c8a3.jpg
m4-071-final-v1,B,2253639205292ba5bdc7,92c4e4e838703734,SODA-A,292,2cfb8eda2ed41ab80f08ff6700a1cfc66cf71e9fa7bf25e2ca4540c86a4f6d33,/home/rspip/cqc/pro/study/orientbench/annotation_tools/m4_angle_annotation/annotator_B/crops/2253639205292ba5bdc7.jpg
m4-071-final-v1,B,04e126fb643c24154640,427e51a48409a2ef,DIOR-R,293,5997989dead741033b591967d8d9dc050d9436c1b74c72e7c133dddff2b24d5b,/home/rspip/cqc/pro/study/orientbench/annotation_tools/m4_angle_annotation/annotator_B/crops/04e126fb643c24154640.jpg
m4-071-final-v1,B,4b2fe61792d6e65d77ed,1e962fc8caf34e64,DIOR-R,294,649118de85f78e3a89b707081815f91a752dbf8ee3ebb4205b1e3155f92d1f29,/home/rspip/cqc/pro/study/orientbench/annotation_tools/m4_angle_annotation/annotator_B/crops/4b2fe61792d6e65d77ed.jpg
m4-071-final-v1,B,772d3cfb2ff773799e3e,c817241fb36bcbe7,DIOR-R,295,d8050c1e9d23e85ce07238cfed1a33d4a6b5193c57e780043e17165b064981f9,/home/rspip/cqc/pro/study/orientbench/annotation_tools/m4_angle_annotation/annotator_B/crops/772d3cfb2ff773799e3e.jpg
m4-071-final-v1,B,e13d185aa0bdac479241,384a16ef4cc8598b,DIOR-R,296,1c2b52e660dd920b596d4493e9df21f1878632c9e55e8419bdb65e24bf0bfb19,/home/rspip/cqc/pro/study/orientbench/annotation_tools/m4_angle_annotation/annotator_B/crops/e13d185aa0bdac479241.jpg
m4-071-final-v1,B,7298a8d4db65e46e0c5b,15722034b7f6eb61,SODA-A,297,2656d10ba548cd821a3e41eceb766574ff6d07bee53dda244fc4e2aaab8e2b9b,/home/rspip/cqc/pro/study/orientbench/annotation_tools/m4_angle_annotation/annotator_B/crops/7298a8d4db65e46e0c5b.jpg
m4-071-final-v1,B,6b3136ca1006c0885b7a,0f734a89cc7b0957,SODA-A,298,90f89a50fc68736960a7381364baddce2471a1693d5c07136e64c969b325ea03,/home/rspip/cqc/pro/study/orientbench/annotation_tools/m4_angle_annotation/annotator_B/crops/6b3136ca1006c0885b7a.jpg
m4-071-final-v1,B,8e0f172d8cf3ab6fa5c5,40c860f6e62928f4,FAIR1M-v1.0,299,91689040af8b0150bb8ba750b41fd2656e819d4402f4895b2e0be8fe03365936,/home/rspip/cqc/pro/study/orientbench/annotation_tools/m4_angle_annotation/annotator_B/crops/8e0f172d8cf3ab6fa5c5.jpg
m4-071-final-v1,B,ca8555f4494ca2e32b25,bad27abef2fd2f83,DIOR-R,300,94c1267031a076809ed43854e298adebdcb758677868ea77aaaa9ba1322126bf,/home/rspip/cqc/pro/study/orientbench/annotation_tools/m4_angle_annotation/annotator_B/crops/ca8555f4494ca2e32b25.jpg
m4-071-final-v1,B,226e8b141b93e754c009,0bdd81d8c33e7cb7,FAIR1M-v1.0,301,b89ee30e2cec20ea862834b4240c5997b50bffcaefdaaf9aa58ee24d8d6f8092,/home/rspip/cqc/pro/study/orientbench/annotation_tools/m4_angle_annotation/annotator_B/crops/226e8b141b93e754c009.jpg
m4-071-final-v1,B,d0d5c141fe76403552b8,e60d7dd4ac4647cb,DIOR-R,302,ba83808a2723dbe54992d5029db09c9d73dda00181f604d47733d1cadb360b50,/home/rspip/cqc/pro/study/orientbench/annotation_tools/m4_angle_annotation/annotator_B/crops/d0d5c141fe76403552b8.jpg
m4-071-final-v1,B,43c12b863defda26544b,5176caff7b23e6df,FAIR1M-v1.0,303,c96167cdd7a2c5b6fe0fbaeda661f2ef65fa0b520ccc3c3e9be4a611d20bb4fa,/home/rspip/cqc/pro/study/orientbench/annotation_tools/m4_angle_annotation/annotator_B/crops/43c12b863defda26544b.jpg
m4-071-final-v1,B,59750886e2de5a1b7af4,8178b609a423fa67,DIOR-R,304,7c1cefbacc602ab7c8b69b284696cba49479ce61c248bbf04aafc75ea49ac4ff,/home/rspip/cqc/pro/study/orientbench/annotation_tools/m4_angle_annotation/annotator_B/crops/59750886e2de5a1b7af4.jpg
m4-071-final-v1,B,3a829467582ef81316ae,5a117c1607d93a22,SODA-A,305,2b9650c269db75d4b7e734849377c7bb085f5d037e29d70c997b5058417fa653,/home/rspip/cqc/pro/study/orientbench/annotation_tools/m4_angle_annotation/annotator_B/crops/3a829467582ef81316ae.jpg
m4-071-final-v1,B,c893500053abc5d2653c,840cb4d8b0f1330f,DIOR-R,306,c33f9c1920916b0cc4d274f7ee162543ebc521192b08ef73f41d49670e666cf3,/home/rspip/cqc/pro/study/orientbench/annotation_tools/m4_angle_annotation/annotator_B/crops/c893500053abc5d2653c.jpg
m4-071-final-v1,B,559f25fdfcf948e4d3f9,9e98266c0fe707da,SODA-A,307,6aa108c448ee475ed3ed5b6fd2f9d6c0864d4ddbecdd50b265786567b36f9a85,/home/rspip/cqc/pro/study/orientbench/annotation_tools/m4_angle_annotation/annotator_B/crops/559f25fdfcf948e4d3f9.jpg
m4-071-final-v1,B,331781f25bddbac864e2,ba7cc6c4721116fe,DIOR-R,308,bb8885efbecab2568d3d1e7c54a537add93231bfe30d8b0012c481ab414a1f23,/home/rspip/cqc/pro/study/orientbench/annotation_tools/m4_angle_annotation/annotator_B/crops/331781f25bddbac864e2.jpg
m4-071-final-v1,B,1a31af4157b5ba64b15f,5cfbeaead7ea269d,FAIR1M-v1.0,309,d8b9947a5303789de608c88b700a3fd9f2d602e2ad26d96d5cc50eb84329a62f,/home/rspip/cqc/pro/study/orientbench/annotation_tools/m4_angle_annotation/annotator_B/crops/1a31af4157b5ba64b15f.jpg
m4-071-final-v1,B,63b21cd174fa6849d565,3810e5f812230674,FAIR1M-v1.0,310,ccff1889a8da753231aebfc6e31ce5740066790013d746df8fa21e5def3b12d4,/home/rspip/cqc/pro/study/orientbench/annotation_tools/m4_angle_annotation/annotator_B/crops/63b21cd174fa6849d565.jpg
m4-071-final-v1,B,6369e60ba988e4b1e504,5d5f74c1fcfdb63e,DIOR-R,311,7f44ee41abe76e7ecd9e935db3242ed5e47462a970ac7e7838f16a525322da1c,/home/rspip/cqc/pro/study/orientbench/annotation_tools/m4_angle_annotation/annotator_B/crops/6369e60ba988e4b1e504.jpg
m4-071-final-v1,B,2ce5c07022639efa989f,61e27feb758f5856,FAIR1M-v1.0,312,b7b0e3dddc15b9f7baa5f76c5a90b586c32617ab743307ae8d312e47f5206b50,/home/rspip/cqc/pro/study/orientbench/annotation_tools/m4_angle_annotation/annotator_B/crops/2ce5c07022639efa989f.jpg
m4-071-final-v1,B,b5b2eebe302dec90decd,2f209c8422019910,DIOR-R,313,cd1f7a320e0548a8c1f9feeb757353ebe83369c459b15927cea3e872aab4fe12,/home/rspip/cqc/pro/study/orientbench/annotation_tools/m4_angle_annotation/annotator_B/crops/b5b2eebe302dec90decd.jpg
m4-071-final-v1,B,d8343497e35ff9ecb789,a3313b7127b35c53,DIOR-R,314,cd3323d3c330a44ee12c9b4f2b36e986a50cfbbc2c363c09d70fb354cc2f6001,/home/rspip/cqc/pro/study/orientbench/annotation_tools/m4_angle_annotation/annotator_B/crops/d8343497e35ff9ecb789.jpg
m4-071-final-v1,B,7b9f69c52e1cb20330ec,e9c833d6c325e9e3,SODA-A,315,a25794b9f3031c7d66ece3e467afe00492a94e283108efe7007691d2f96cdcae,/home/rspip/cqc/pro/study/orientbench/annotation_tools/m4_angle_annotation/annotator_B/crops/7b9f69c52e1cb20330ec.jpg
m4-071-final-v1,B,f068c8a038bf69432cbc,a54f9141d6b30b15,FAIR1M-v1.0,316,0b300862349653538ae331f2ad7f24e03c7ee1f7613ec4bd9fbc0782ce6f0664,/home/rspip/cqc/pro/study/orientbench/annotation_tools/m4_angle_annotation/annotator_B/crops/f068c8a038bf69432cbc.jpg
m4-071-final-v1,B,0233bbf979dcaaf9a6ad,fbba7e87094fa1aa,DIOR-R,317,8971c57e4cd906cee8f894977c9a660e2411c6e3b9d54bb503e8422f4d9cee98,/home/rspip/cqc/pro/study/orientbench/annotation_tools/m4_angle_annotation/annotator_B/crops/0233bbf979dcaaf9a6ad.jpg
m4-071-final-v1,B,17a1df21a1cc3bcfd26f,6debc5abc56e8aeb,DIOR-R,318,44b7d59af6e21641bc579cffd64ebbf34f3933feed7435ac3292f83dd3fb672c,/home/rspip/cqc/pro/study/orientbench/annotation_tools/m4_angle_annotation/annotator_B/crops/17a1df21a1cc3bcfd26f.jpg
m4-071-final-v1,B,d5bb22905bd6a333c8c1,1d00217c6d070e35,FAIR1M-v1.0,319,9797998133e42fae25cdce9b771780ccba58adfc5b6ebe0eb141c3333ab585e8,/home/rspip/cqc/pro/study/orientbench/annotation_tools/m4_angle_annotation/annotator_B/crops/d5bb22905bd6a333c8c1.jpg
m4-071-final-v1,B,1e2fe22b8cf14f225ca7,e6944fa9c80fb818,FAIR1M-v1.0,320,e8cb4dec90cb47be604428d3c29ef24da56c7d03d0e7c053b6f403cd035d75da,/home/rspip/cqc/pro/study/orientbench/annotation_tools/m4_angle_annotation/annotator_B/crops/1e2fe22b8cf14f225ca7.jpg
m4-071-final-v1,B,60d45482c08fe1cf7a79,fc5045dd9772e2e2,DIOR-R,321,5e1dcb651b25140fb94fcd1bb50ba765151c841a8daf0b4f529a66ece594d9d3,/home/rspip/cqc/pro/study/orientbench/annotation_tools/m4_angle_annotation/annotator_B/crops/60d45482c08fe1cf7a79.jpg
m4-071-final-v1,B,2b2f18dbf2b8b9428b65,3b3a64136eecf34f,FAIR1M-v1.0,322,b685441d9d91db8bf0c427a04a6b1d8342db74756c62dc9e1904e4e7beb1d995,/home/rspip/cqc/pro/study/orientbench/annotation_tools/m4_angle_annotation/annotator_B/crops/2b2f18dbf2b8b9428b65.jpg
m4-071-final-v1,B,3534e52d38455c485912,d28b779edb8264bc,FAIR1M-v1.0,323,449b11e7342bd97c6db7ad187e223b5519762ad811fad32505ed800246ee891b,/home/rspip/cqc/pro/study/orientbench/annotation_tools/m4_angle_annotation/annotator_B/crops/3534e52d38455c485912.jpg
m4-071-final-v1,B,3434f9334e89ea98bd62,c97e6bac86322c6d,FAIR1M-v1.0,324,c942b3dfebc3a08f2a79823901c68a7f88d96eb4647435716c1f9289530b765a,/home/rspip/cqc/pro/study/orientbench/annotation_tools/m4_angle_annotation/annotator_B/crops/3434f9334e89ea98bd62.jpg
m4-071-final-v1,B,170ae14df20809f2b4a8,09d998563bba41ff,SODA-A,325,0b85110d4d32d94ae2bf70031d3e149b05c8adde035b540bbfb8a15a71c13a83,/home/rspip/cqc/pro/study/orientbench/annotation_tools/m4_angle_annotation/annotator_B/crops/170ae14df20809f2b4a8.jpg
m4-071-final-v1,B,039fcf3bd34581e1d205,4b6ff40080dfd29d,FAIR1M-v1.0,326,76a977434735be0cbc32ea27d9b9b6289b03c7288399834277caaa13ef91766d,/home/rspip/cqc/pro/study/orientbench/annotation_tools/m4_angle_annotation/annotator_B/crops/039fcf3bd34581e1d205.jpg
m4-071-final-v1,B,15c077bc66e34bf15da5,9563dc7b3c57aced,FAIR1M-v1.0,327,ceb695f08438e26fa2df674e31f91a3bd81a93a3abb7b6ce67d63ae3eed8e909,/home/rspip/cqc/pro/study/orientbench/annotation_tools/m4_angle_annotation/annotator_B/crops/15c077bc66e34bf15da5.jpg
m4-071-final-v1,B,347e3370339a4bf2ffc6,c74552498dff8629,FAIR1M-v1.0,328,e7a4580264f1fd56609fd69916c3c722feead50b617a187ace2dad9c3b7610f3,/home/rspip/cqc/pro/study/orientbench/annotation_tools/m4_angle_annotation/annotator_B/crops/347e3370339a4bf2ffc6.jpg
m4-071-final-v1,B,6a48a52ad4c4d14daed7,1a63ca12d514c0b9,DIOR-R,329,e800e70e478cc8eb88b4ea87083b4cd1306e1092356949983fd66a3b61ad639b,/home/rspip/cqc/pro/study/orientbench/annotation_tools/m4_angle_annotation/annotator_B/crops/6a48a52ad4c4d14daed7.jpg
m4-071-final-v1,B,849499e4b305d819c0c1,91760b4ad5c3be9e,DIOR-R,330,0b03c5bd57ff475c11c1d5d58798cf7e2735b4d587b4da4f6be82004c1747e68,/home/rspip/cqc/pro/study/orientbench/annotation_tools/m4_angle_annotation/annotator_B/crops/849499e4b305d819c0c1.jpg
m4-071-final-v1,B,7b253ef7c469d7f59a99,5f9391ec713ef1b7,DIOR-R,331,2df8f847292e3e2043d09862e0950b1049027e56d699ce16b6d7e62014b73d69,/home/rspip/cqc/pro/study/orientbench/annotation_tools/m4_angle_annotation/annotator_B/crops/7b253ef7c469d7f59a99.jpg
m4-071-final-v1,B,0d8eadbc893cbacb071d,c030bb997ec3036f,SODA-A,332,e91bbe5d4c832587b11e9c7d71926de5188ec637bba825b00d49fd646bfe5d99,/home/rspip/cqc/pro/study/orientbench/annotation_tools/m4_angle_annotation/annotator_B/crops/0d8eadbc893cbacb071d.jpg
m4-071-final-v1,B,179c0c49466dfb2ce542,5d7fc13e57c3b02e,SODA-A,333,06717275eb30dfd1ed2252fdab53cb6a8c0a92c0ad3828f65d5c89f1b7b05f68,/home/rspip/cqc/pro/study/orientbench/annotation_tools/m4_angle_annotation/annotator_B/crops/179c0c49466dfb2ce542.jpg
m4-071-final-v1,B,3de480c2c4999f2114a9,750be07b8cb2b040,FAIR1M-v1.0,334,64c02e64b87c937dd7432a47bee9d2899d1f97ce2b770795c88e22933a7ff97c,/home/rspip/cqc/pro/study/orientbench/annotation_tools/m4_angle_annotation/annotator_B/crops/3de480c2c4999f2114a9.jpg
m4-071-final-v1,B,02b3b502545c655fe528,ced37bc8cc8e1210,DIOR-R,335,5a7ea80f4dc080f0fc4af553a4d9b73313bd6ccc72b6cae1a83826fcd9b22474,/home/rspip/cqc/pro/study/orientbench/annotation_tools/m4_angle_annotation/annotator_B/crops/02b3b502545c655fe528.jpg
m4-071-final-v1,B,0c13542243fca1ee6315,6f840cbe72d23368,DIOR-R,336,d94c5551c4d42190ee467bbd7dfa44fcc487d226a65f237eaf4dd834939a6a44,/home/rspip/cqc/pro/study/orientbench/annotation_tools/m4_angle_annotation/annotator_B/crops/0c13542243fca1ee6315.jpg
m4-071-final-v1,B,78e50794cb72006e21bd,fc630ac89633a172,DIOR-R,337,2a6e690e38cb8318190c2b06f9117c9490c5cd9568283c2d070b7e6508b33b08,/home/rspip/cqc/pro/study/orientbench/annotation_tools/m4_angle_annotation/annotator_B/crops/78e50794cb72006e21bd.jpg
m4-071-final-v1,B,7bf86611814bc3fc15ec,6067370ed7f26d67,FAIR1M-v1.0,338,65dac9218766ce064d985fad44c173a99e1c3b282afc7dd5a16fa3578b9e10ef,/home/rspip/cqc/pro/study/orientbench/annotation_tools/m4_angle_annotation/annotator_B/crops/7bf86611814bc3fc15ec.jpg
m4-071-final-v1,B,fcd75cd400feec134b68,9d5018a6e8063a1c,FAIR1M-v1.0,339,246a6861ab665e5501716d49a358c3086620a35007b70eaee2853a0c611f1eb6,/home/rspip/cqc/pro/study/orientbench/annotation_tools/m4_angle_annotation/annotator_B/crops/fcd75cd400feec134b68.jpg
m4-071-final-v1,B,280493173eb6d0ad0080,287b98eb612cfb38,DIOR-R,340,83ed5813002f6fc7ff7876f32385de2991a17cda4e487560421f5eacbf97327d,/home/rspip/cqc/pro/study/orientbench/annotation_tools/m4_angle_annotation/annotator_B/crops/280493173eb6d0ad0080.jpg
m4-071-final-v1,B,2f6d59609a02839cf8b1,9d78fe0698feaf3c,DIOR-R,341,ddb572ff6c7262c77e92dc8e4ef84bf151cc553088a4599e228646e806a0dd6b,/home/rspip/cqc/pro/study/orientbench/annotation_tools/m4_angle_annotation/annotator_B/crops/2f6d59609a02839cf8b1.jpg
m4-071-final-v1,B,a397d36ef12c39710d89,2ac9b114b475cdcf,DIOR-R,342,f02e8ca9faa6cdf6a14f0f474f2ceef2dd9c2f938566ef79fbf4291f62204000,/home/rspip/cqc/pro/study/orientbench/annotation_tools/m4_angle_annotation/annotator_B/crops/a397d36ef12c39710d89.jpg
m4-071-final-v1,B,8484bd9f3fd641bc1083,45f4d5e24d33e4db,SODA-A,343,bab509c971e74eadbe8c679d2434f58e6047415750dcf97f67278bd67aa29415,/home/rspip/cqc/pro/study/orientbench/annotation_tools/m4_angle_annotation/annotator_B/crops/8484bd9f3fd641bc1083.jpg
m4-071-final-v1,B,aa716f288ef4c02ca9d1,9424c817ee5eb19c,FAIR1M-v1.0,344,18d9595c18cdd612f95f39d7d96bd30f2df32d8a5245d8f2d2ac860eff832a6f,/home/rspip/cqc/pro/study/orientbench/annotation_tools/m4_angle_annotation/annotator_B/crops/aa716f288ef4c02ca9d1.jpg
m4-071-final-v1,B,1b59fb13bb49cde524a1,b6e31a959d4585f6,FAIR1M-v1.0,345,e6cd866138d7c216cf37752b9c2bc4dbca4519e95ca8f78060addf22f8005c44,/home/rspip/cqc/pro/study/orientbench/annotation_tools/m4_angle_annotation/annotator_B/crops/1b59fb13bb49cde524a1.jpg
m4-071-final-v1,B,af3cf607df72913589d7,f37d9b925d845dd3,SODA-A,346,5c20bf748ff33923481735c30971fc3c8ce77438098975e127253171d07350a9,/home/rspip/cqc/pro/study/orientbench/annotation_tools/m4_angle_annotation/annotator_B/crops/af3cf607df72913589d7.jpg
m4-071-final-v1,B,410ce376fb98476ecb9e,64756a4061dbf308,SODA-A,347,790ca4a292704d4a5c7cd5999c04c80bbac572f021a5e83c7074d5e1aceb6a06,/home/rspip/cqc/pro/study/orientbench/annotation_tools/m4_angle_annotation/annotator_B/crops/410ce376fb98476ecb9e.jpg
m4-071-final-v1,B,0f6fa802f1cf437e6519,e2039700213f385f,DIOR-R,348,55cad66baa2945dbbd7aee68ca9f1516dcd604939b2a6114de92281b66eaebd3,/home/rspip/cqc/pro/study/orientbench/annotation_tools/m4_angle_annotation/annotator_B/crops/0f6fa802f1cf437e6519.jpg
m4-071-final-v1,B,1c9cf0be99e3b8e319c8,73218fe6b3296078,FAIR1M-v1.0,349,ae477a3cf018a5159229e68b40a1fe893d52bba8154581151025e1fe47eb4c00,/home/rspip/cqc/pro/study/orientbench/annotation_tools/m4_angle_annotation/annotator_B/crops/1c9cf0be99e3b8e319c8.jpg
m4-071-final-v1,B,3d1d1825ae82e41d6757,c83cb736f71b4123,DIOR-R,350,42ef4534b2355fdb78f11038a1ed69e0c99412e92a6ab8a5f64599a614516aa4,/home/rspip/cqc/pro/study/orientbench/annotation_tools/m4_angle_annotation/annotator_B/crops/3d1d1825ae82e41d6757.jpg
m4-071-final-v1,B,bad7ac84996aef5d1db8,8c415034cb5b4bd4,FAIR1M-v1.0,351,5c0805483418a2dfee17db2d168170cefc9c8ed9cebbdabf7a97a56476917a05,/home/rspip/cqc/pro/study/orientbench/annotation_tools/m4_angle_annotation/annotator_B/crops/bad7ac84996aef5d1db8.jpg
m4-071-final-v1,B,1a372a833cd29af48fa2,ef5d83e9cb6283ea,DIOR-R,352,d9c837e54765374098318fcaa94078caf35bdcd87887858fb278af4d2305f57b,/home/rspip/cqc/pro/study/orientbench/annotation_tools/m4_angle_annotation/annotator_B/crops/1a372a833cd29af48fa2.jpg
m4-071-final-v1,B,59eea30d26e4dec99e3d,8bccfaf24cb6bd28,DIOR-R,353,73fb8746f903cfc4217e8ecd0e4a83bd26d80b8a0bcea9e2eb223b543a29ea46,/home/rspip/cqc/pro/study/orientbench/annotation_tools/m4_angle_annotation/annotator_B/crops/59eea30d26e4dec99e3d.jpg
m4-071-final-v1,B,1850a0bf7e34087b4c1b,164f4b7bbecf4345,FAIR1M-v1.0,354,d719e9e23801fccf1c1dcdb69b89be61449c5dc9b7da99531109d27c79379b86,/home/rspip/cqc/pro/study/orientbench/annotation_tools/m4_angle_annotation/annotator_B/crops/1850a0bf7e34087b4c1b.jpg
m4-071-final-v1,B,2d5ec44a82c8f15a8c8a,197947d59206eef1,FAIR1M-v1.0,355,89dd84904b13dfe177c4f53da7262a7cfb0540a9d7f6090d37dca4d82e70509d,/home/rspip/cqc/pro/study/orientbench/annotation_tools/m4_angle_annotation/annotator_B/crops/2d5ec44a82c8f15a8c8a.jpg
m4-071-final-v1,B,b5022fa68573aa9c45b6,fab2521c6050a313,SODA-A,356,00b35c07be10ab75944c3b97d8d7d9c6db153c5386d53cc756aac95b245707ea,/home/rspip/cqc/pro/study/orientbench/annotation_tools/m4_angle_annotation/annotator_B/crops/b5022fa68573aa9c45b6.jpg
m4-071-final-v1,B,1aef61616f8650c906bc,d4271ea74de4a195,SODA-A,357,91a6936106842cd66096cc83fd8d785017af1307c1164673537a974f4eaeee24,/home/rspip/cqc/pro/study/orientbench/annotation_tools/m4_angle_annotation/annotator_B/crops/1aef61616f8650c906bc.jpg
m4-071-final-v1,B,e267970133198d668dfc,6d12a5e864a204c4,DIOR-R,358,8754595a3f9f168c541be88d12ebca234a0ab40f2e079d35e669b87eb4264db9,/home/rspip/cqc/pro/study/orientbench/annotation_tools/m4_angle_annotation/annotator_B/crops/e267970133198d668dfc.jpg
m4-071-final-v1,B,ac735c29d28e90b97bf9,99a2985a95cb2574,DIOR-R,359,d9cfe79d17c044e4530d7f3ebeae1b1c97fd37318ec63eafb969fb8954e33d0a,/home/rspip/cqc/pro/study/orientbench/annotation_tools/m4_angle_annotation/annotator_B/crops/ac735c29d28e90b97bf9.jpg
m4-071-final-v1,B,4007561e06ab5f4cda3c,640ef72c448675de,DIOR-R,360,2fa9a37224fecd05f83e102a1002bca987312236b01011dd1f10b0f8f4faf5e5,/home/rspip/cqc/pro/study/orientbench/annotation_tools/m4_angle_annotation/annotator_B/crops/4007561e06ab5f4cda3c.jpg
m4-071-final-v1,B,3cda5a09568072a1e198,5aa68cb1659e4666,DIOR-R,361,767ee7863228a204ec7c1e119cf2e826740ad907eebf13982d8f273450f177a5,/home/rspip/cqc/pro/study/orientbench/annotation_tools/m4_angle_annotation/annotator_B/crops/3cda5a09568072a1e198.jpg
m4-071-final-v1,B,7ea1834bb01f8021503a,43ec97b303629a83,FAIR1M-v1.0,362,5ce1906c091c902b4953a096f77bcd9cf8b9be5a53d702b8698ef2a6f2dbf5cd,/home/rspip/cqc/pro/study/orientbench/annotation_tools/m4_angle_annotation/annotator_B/crops/7ea1834bb01f8021503a.jpg
m4-071-final-v1,B,4306c7670fcefb5b33ed,475ee4e80ebfef80,DIOR-R,363,ef8439653ea742173d0bf9cd88a74ea063c8cb0135a03b56acc1139194316095,/home/rspip/cqc/pro/study/orientbench/annotation_tools/m4_angle_annotation/annotator_B/crops/4306c7670fcefb5b33ed.jpg
m4-071-final-v1,B,91f471f27fe8537dbe5d,f7c44f4079101d5b,DIOR-R,364,b550e042e4aa7a22c8494d428878ff7fbcf35498e9e44458e12aefe949893c43,/home/rspip/cqc/pro/study/orientbench/annotation_tools/m4_angle_annotation/annotator_B/crops/91f471f27fe8537dbe5d.jpg
m4-071-final-v1,B,34e37d0363ccf82dfe1e,a1313131cfd28701,SODA-A,365,7cdbfd4e5495c91064c34b505a70539ec4989d700e30d5833b8c2ae36f6ff8f0,/home/rspip/cqc/pro/study/orientbench/annotation_tools/m4_angle_annotation/annotator_B/crops/34e37d0363ccf82dfe1e.jpg
m4-071-final-v1,B,fb6e710348806b7c6f67,177f9b4293e25329,FAIR1M-v1.0,366,c53781c14e5b183f590c8744cc615705d6917ffebb69b754ce66a72f5dee1f63,/home/rspip/cqc/pro/study/orientbench/annotation_tools/m4_angle_annotation/annotator_B/crops/fb6e710348806b7c6f67.jpg
m4-071-final-v1,B,a231f7abcaf49755a70a,1e1b4c48a1cbc583,DIOR-R,367,2d1c6786f7bd299aa0941c916002dd614bde8f0e683efda4ac05f0eda8f60e9d,/home/rspip/cqc/pro/study/orientbench/annotation_tools/m4_angle_annotation/annotator_B/crops/a231f7abcaf49755a70a.jpg
m4-071-final-v1,B,326e251ba19116ad0f0d,2c1ca77eabe34c73,FAIR1M-v1.0,368,9b17347e7df97059272f2ed66839dd08ca06dc886355d92183d7a96c305a0a10,/home/rspip/cqc/pro/study/orientbench/annotation_tools/m4_angle_annotation/annotator_B/crops/326e251ba19116ad0f0d.jpg
m4-071-final-v1,B,0acacfe63ae3672adc9e,98be8d6b28099e69,DIOR-R,369,79e9dd3fcb94f49fceaaba556525ea18d397326815f20bfd160f43f53a1adfe9,/home/rspip/cqc/pro/study/orientbench/annotation_tools/m4_angle_annotation/annotator_B/crops/0acacfe63ae3672adc9e.jpg
m4-071-final-v1,B,e55242f99e161aa61a89,6331f79a89ed84c4,SODA-A,370,62f08a41d8e4bac797661d3e470863e7ebebb1806ca48ea8eccd521bc9dda8a8,/home/rspip/cqc/pro/study/orientbench/annotation_tools/m4_angle_annotation/annotator_B/crops/e55242f99e161aa61a89.jpg
m4-071-final-v1,B,733f9b845fe4d4903dc5,f9e9eaf13f6b1a9f,DIOR-R,371,a1a3ccd8bec2a4cdb62372b5ff1c9bff43260b941459115e97c0768d9317ccea,/home/rspip/cqc/pro/study/orientbench/annotation_tools/m4_angle_annotation/annotator_B/crops/733f9b845fe4d4903dc5.jpg
m4-071-final-v1,B,10cbe1ba8e201e6758ad,8d6624629867e278,SODA-A,372,93963a120bf65888e6fab172deee406702398eabbfc24af12d33a5b2436c8d80,/home/rspip/cqc/pro/study/orientbench/annotation_tools/m4_angle_annotation/annotator_B/crops/10cbe1ba8e201e6758ad.jpg
m4-071-final-v1,B,c8267acdbf2eb24a158e,012df6be0eb2a73f,SODA-A,373,54dfc5b685049008365be7defd7b66c1faf06ff83c894a99455016f6f1474787,/home/rspip/cqc/pro/study/orientbench/annotation_tools/m4_angle_annotation/annotator_B/crops/c8267acdbf2eb24a158e.jpg
m4-071-final-v1,B,93fd07e3b22c394dcc21,4e08546dded8431d,SODA-A,374,bd1a57b9f618fbf22ea87b5f4a871591a4f458bd9f7527c3ad51ea7d6dd23321,/home/rspip/cqc/pro/study/orientbench/annotation_tools/m4_angle_annotation/annotator_B/crops/93fd07e3b22c394dcc21.jpg
m4-071-final-v1,B,76c537c110f4fef7e746,a7f804eb2d2b50fa,DIOR-R,375,7c9d5e290922883b4cdc8090fb2d2ea8ae480183487870314e4ad57c698974fc,/home/rspip/cqc/pro/study/orientbench/annotation_tools/m4_angle_annotation/annotator_B/crops/76c537c110f4fef7e746.jpg
m4-071-final-v1,B,3c0350db00a4f60e9ebd,0d1772ab77c27577,SODA-A,376,46f240e9822a6d2779b3e737a028f0c5e6dbac2ac48e09c651dbd76619c8e4a8,/home/rspip/cqc/pro/study/orientbench/annotation_tools/m4_angle_annotation/annotator_B/crops/3c0350db00a4f60e9ebd.jpg
m4-071-final-v1,B,c452947e38176c26df87,b140426eb534bc5f,DIOR-R,377,97d309189f7aa2a763cb01dab4ba5c24fde0d5762c0454e94c86a26b2f23ac8a,/home/rspip/cqc/pro/study/orientbench/annotation_tools/m4_angle_annotation/annotator_B/crops/c452947e38176c26df87.jpg
m4-071-final-v1,B,a998c07a2127268147ce,2c49743b09b62512,DIOR-R,378,9be8dc64a8280e8d9cce5f7123de61187e7b04f488827394872f9c603727f2e5,/home/rspip/cqc/pro/study/orientbench/annotation_tools/m4_angle_annotation/annotator_B/crops/a998c07a2127268147ce.jpg
m4-071-final-v1,B,638da50ecf40974e2b65,d305a7cadaa8dcb4,SODA-A,379,1973f90ba57b8932ff09e58f39b3e3952384b472e609af8ee42ca1b57f3ff299,/home/rspip/cqc/pro/study/orientbench/annotation_tools/m4_angle_annotation/annotator_B/crops/638da50ecf40974e2b65.jpg
m4-071-final-v1,B,847d3b16f9b355f00358,b074f6874285b046,DIOR-R,380,d281028f903bf91f5878ab8efc9b01a1955c66f8467494cf194d19ee2480549b,/home/rspip/cqc/pro/study/orientbench/annotation_tools/m4_angle_annotation/annotator_B/crops/847d3b16f9b355f00358.jpg
m4-071-final-v1,B,3ff2d9ac7fd9eb9f3913,47dd8544c36dd269,DIOR-R,381,6c888f77a8108276e811d5c018ac5990b3a99da3e9376ac9af7650237c143fe7,/home/rspip/cqc/pro/study/orientbench/annotation_tools/m4_angle_annotation/annotator_B/crops/3ff2d9ac7fd9eb9f3913.jpg
m4-071-final-v1,B,ab4e95c98dca9fd207f6,ecb85e6dcef3a7d4,FAIR1M-v1.0,382,0e4e936399ff067f95cf615bc71dfeaa1769ac43be9016c89b871c73c244f32f,/home/rspip/cqc/pro/study/orientbench/annotation_tools/m4_angle_annotation/annotator_B/crops/ab4e95c98dca9fd207f6.jpg
m4-071-final-v1,B,54d68f604de9cdb79013,be55320ecb7f1414,DIOR-R,383,1608b4ed0063706db095f1cf7f7cbcaa29fd3413dab5163d638a9fa9c46a9223,/home/rspip/cqc/pro/study/orientbench/annotation_tools/m4_angle_annotation/annotator_B/crops/54d68f604de9cdb79013.jpg
m4-071-final-v1,B,13add5fac73ab8a398de,0167b03231630e2f,DIOR-R,384,28b3ca2f3c243f95ad5b0302840297f49c9b5693d812c05404044be8cdafd805,/home/rspip/cqc/pro/study/orientbench/annotation_tools/m4_angle_annotation/annotator_B/crops/13add5fac73ab8a398de.jpg
m4-071-final-v1,B,ee8005958dbd513b46bd,f5aed09ba3b21d74,SODA-A,385,bb771b60ccced348e216fe33083bd88aa9160fdd32b6f9ad1a534d758eb02032,/home/rspip/cqc/pro/study/orientbench/annotation_tools/m4_angle_annotation/annotator_B/crops/ee8005958dbd513b46bd.jpg
m4-071-final-v1,B,54e446744a53c3f6febe,1f999519f4561370,DIOR-R,386,3ee12b7f34b9cba3662a32b9f2e540b0ce9f9fb9843203700376ba796b856f89,/home/rspip/cqc/pro/study/orientbench/annotation_tools/m4_angle_annotation/annotator_B/crops/54e446744a53c3f6febe.jpg
m4-071-final-v1,B,96060618c680634b57cf,d5ed0d2ebd211bc5,FAIR1M-v1.0,387,1d20feafd840398ec67d61f27ba8e9150acb17c9cb3f7ad27bf8f5aac4b4d5fd,/home/rspip/cqc/pro/study/orientbench/annotation_tools/m4_angle_annotation/annotator_B/crops/96060618c680634b57cf.jpg
m4-071-final-v1,B,350bc12bb99507e2d417,6c42f1a8a706c762,DIOR-R,388,6acf54e2f6e949f78b3b6da33f059b4916dda5bd4af5a30a5e7ee2c938747b06,/home/rspip/cqc/pro/study/orientbench/annotation_tools/m4_angle_annotation/annotator_B/crops/350bc12bb99507e2d417.jpg
m4-071-final-v1,B,e84d26d929739bd8bf80,2effcce362d32bfb,DIOR-R,389,626635c6bacbfde148157ff01baf086ab672fd08f7270925fd5f9d7fb905b631,/home/rspip/cqc/pro/study/orientbench/annotation_tools/m4_angle_annotation/annotator_B/crops/e84d26d929739bd8bf80.jpg
m4-071-final-v1,B,98389b681444a9f37072,5d17c5ab060647d6,FAIR1M-v1.0,390,ac2f0758f4c63d3eeb5a808bdfac5ac514067725d437b82d2bb78d5f6c0b270b,/home/rspip/cqc/pro/study/orientbench/annotation_tools/m4_angle_annotation/annotator_B/crops/98389b681444a9f37072.jpg
m4-071-final-v1,B,4abfb11bfc689bf0e349,b2fc0da15109dd5b,DIOR-R,391,33dc7c964428ffb9db0e53ea76a28cabea0fa8584470f15087c68f22190d3514,/home/rspip/cqc/pro/study/orientbench/annotation_tools/m4_angle_annotation/annotator_B/crops/4abfb11bfc689bf0e349.jpg
m4-071-final-v1,B,b22e7a37caa35ef57482,bdfcc2cddf032408,FAIR1M-v1.0,392,897d34c922ec9e908f150456e1e466997b61e4d4a9dd103b6918c49093457bf9,/home/rspip/cqc/pro/study/orientbench/annotation_tools/m4_angle_annotation/annotator_B/crops/b22e7a37caa35ef57482.jpg
m4-071-final-v1,B,d723b3a895a504b6c5ce,f2d6ad4a664dc379,DIOR-R,393,8e592d1d5321d961b152ae73400aaae20bb9542f90c0cd5fcb75ff7a08aa5f5b,/home/rspip/cqc/pro/study/orientbench/annotation_tools/m4_angle_annotation/annotator_B/crops/d723b3a895a504b6c5ce.jpg
m4-071-final-v1,B,52416919399add974ffd,64429de2e93188d2,FAIR1M-v1.0,394,2b38d9d93f8ee9ab93749f468b12ecc7cbfc851a40fb1f8f0385b9a49a75da10,/home/rspip/cqc/pro/study/orientbench/annotation_tools/m4_angle_annotation/annotator_B/crops/52416919399add974ffd.jpg
m4-071-final-v1,B,5459d4f833f218e6b571,ba0795651de81c2d,SODA-A,395,9757fe617ab78b44769dd1498f0beb3b89c6c2a04e14a178857a059c1011b673,/home/rspip/cqc/pro/study/orientbench/annotation_tools/m4_angle_annotation/annotator_B/crops/5459d4f833f218e6b571.jpg
m4-071-final-v1,B,24b83d2c7bef5d24e626,494a716cd5c94c3b,SODA-A,396,501302b3d39d039fdb9a9645b3dd611f92b29c0484633d9f0145c902d1c575a8,/home/rspip/cqc/pro/study/orientbench/annotation_tools/m4_angle_annotation/annotator_B/crops/24b83d2c7bef5d24e626.jpg
m4-071-final-v1,B,59e44ae7fca90ad4b988,07162e17e6c3507f,DIOR-R,397,30bb7171488115a8e4546073f82bf8b64f4bf4db1e5ae961c8c666cbb45b9b2e,/home/rspip/cqc/pro/study/orientbench/annotation_tools/m4_angle_annotation/annotator_B/crops/59e44ae7fca90ad4b988.jpg
m4-071-final-v1,B,0589916bda1f21e87487,b7b37a468edda06d,SODA-A,398,0b54b06254c3570b4b00ffb16fb0a4ca18f609a5c9c22be195705790e7de3642,/home/rspip/cqc/pro/study/orientbench/annotation_tools/m4_angle_annotation/annotator_B/crops/0589916bda1f21e87487.jpg
m4-071-final-v1,B,41080bd1fd28d7ff1316,f1ccddd0caaa7ea8,SODA-A,399,48552aee14c2cbc96905400ca5aef373eff8086b778fb079f718e317e1be541a,/home/rspip/cqc/pro/study/orientbench/annotation_tools/m4_angle_annotation/annotator_B/crops/41080bd1fd28d7ff1316.jpg
m4-071-final-v1,B,dcba8acefa0b9f04b341,8d040f4ecf18ea90,SODA-A,400,d3608678fe05f909f71536e2f320c7b522ff4022c37075a5d9ebe1f6a3716c45,/home/rspip/cqc/pro/study/orientbench/annotation_tools/m4_angle_annotation/annotator_B/crops/dcba8acefa0b9f04b341.jpg
m4-071-final-v1,B,48d557d5b6eb0adca1d4,82266f2313b9e104,FAIR1M-v1.0,401,5e7db4b0872c1415c95da34e389044107cf3a4e16cdbf6bb927a3e09f7ce4c8d,/home/rspip/cqc/pro/study/orientbench/annotation_tools/m4_angle_annotation/annotator_B/crops/48d557d5b6eb0adca1d4.jpg
m4-071-final-v1,B,3fff713c65e89e0bac9a,766155af6b43fe77,SODA-A,402,7ddd7343c606b727eb10bb3ef23244f2105ee18a5a43b315201b252182789949,/home/rspip/cqc/pro/study/orientbench/annotation_tools/m4_angle_annotation/annotator_B/crops/3fff713c65e89e0bac9a.jpg
m4-071-final-v1,B,6e30f2840e064335d913,de506eb01b0bcfb9,DIOR-R,403,bf331ea88b09a299a7a00ff6d1d24665995f9f53b096f79a234d9427cf528afd,/home/rspip/cqc/pro/study/orientbench/annotation_tools/m4_angle_annotation/annotator_B/crops/6e30f2840e064335d913.jpg
m4-071-final-v1,B,224f78a9e15bbbf4e22d,6b885cd5147d59a3,DIOR-R,404,246f8bb6f4846e449d3aaea0bcc92d5f423845e94380ed52a4b3b440a3a47d0e,/home/rspip/cqc/pro/study/orientbench/annotation_tools/m4_angle_annotation/annotator_B/crops/224f78a9e15bbbf4e22d.jpg
m4-071-final-v1,B,09584d6a825673dbd6e4,53cdcc08b6172d63,FAIR1M-v1.0,405,af06eac55f0f2cbbdd11787633a1bc5a12ad43443f2ba1bef047e6a2726c3e77,/home/rspip/cqc/pro/study/orientbench/annotation_tools/m4_angle_annotation/annotator_B/crops/09584d6a825673dbd6e4.jpg
m4-071-final-v1,B,242a75c85f788efce5b9,968cd85c7a881d91,DIOR-R,406,c51bbe883aec8c884c878441f91b257e38d4bab8b1b10982672def73eaeb0e35,/home/rspip/cqc/pro/study/orientbench/annotation_tools/m4_angle_annotation/annotator_B/crops/242a75c85f788efce5b9.jpg
m4-071-final-v1,B,e4ca19076b7c5aa1278f,33b0698388232657,FAIR1M-v1.0,407,53735797175ab0d3f2d3e320f21914b47389a131f3ad8122c6d36024b99e00cb,/home/rspip/cqc/pro/study/orientbench/annotation_tools/m4_angle_annotation/annotator_B/crops/e4ca19076b7c5aa1278f.jpg
m4-071-final-v1,B,8f2b323cad4ba047a1e8,f2ff6e86a777089b,SODA-A,408,b713aa3ffa6e11cfe0214898cebd7b638ee855c16333d12efcf63ad66ce50de1,/home/rspip/cqc/pro/study/orientbench/annotation_tools/m4_angle_annotation/annotator_B/crops/8f2b323cad4ba047a1e8.jpg
m4-071-final-v1,B,f1882234a6d537940e24,c79c57614de8a778,DIOR-R,409,b46c87959687c19e784e1e9c91ef2d6b98750995f4d315435880a502a355490e,/home/rspip/cqc/pro/study/orientbench/annotation_tools/m4_angle_annotation/annotator_B/crops/f1882234a6d537940e24.jpg
m4-071-final-v1,B,5185e326d69c462c5332,4bcdb78ad969ed32,SODA-A,410,334308de3a5a4c0f1139150c3a6b735c97f6fbefc2f08cdc8dff407a4e234b4b,/home/rspip/cqc/pro/study/orientbench/annotation_tools/m4_angle_annotation/annotator_B/crops/5185e326d69c462c5332.jpg
m4-071-final-v1,B,31c59e27f4a2645c94ca,8f9579cf2f7c3272,DIOR-R,411,4dc84fa2243f45d0c17c28c5bcea49295dbc6f628d2d691a384ab4fee9b549ba,/home/rspip/cqc/pro/study/orientbench/annotation_tools/m4_angle_annotation/annotator_B/crops/31c59e27f4a2645c94ca.jpg
m4-071-final-v1,B,34ee47bfa83191360725,6da7643dfc9bdfc1,SODA-A,412,c82823eee43fb8a6f6ca7f9a1f992aa9f6cae717188d2bba4598fcaa7eb685e5,/home/rspip/cqc/pro/study/orientbench/annotation_tools/m4_angle_annotation/annotator_B/crops/34ee47bfa83191360725.jpg
m4-071-final-v1,B,681ed4ee0fcbcb690d40,2a11bca073321fa8,FAIR1M-v1.0,413,07931987b99cfaa35d85479a34450c8e0a29ad894cc32ae0063a0dfb71f61819,/home/rspip/cqc/pro/study/orientbench/annotation_tools/m4_angle_annotation/annotator_B/crops/681ed4ee0fcbcb690d40.jpg
m4-071-final-v1,B,f7334c5ba009e772001f,177fddbec1c4c598,SODA-A,414,ae38528ffe1128b8492c64521a7468cbdf5225850471de369f1191170f81d9de,/home/rspip/cqc/pro/study/orientbench/annotation_tools/m4_angle_annotation/annotator_B/crops/f7334c5ba009e772001f.jpg
m4-071-final-v1,B,0aa3cc71b21255742ccd,4ecacee5433c4ca9,FAIR1M-v1.0,415,5622fb4e37a281941f3f491b28220720a87b8730c5be424b8d0523c9f02fd549,/home/rspip/cqc/pro/study/orientbench/annotation_tools/m4_angle_annotation/annotator_B/crops/0aa3cc71b21255742ccd.jpg
m4-071-final-v1,B,17c83482fce75a24d9fd,245fa9f932719281,FAIR1M-v1.0,416,e0a60c3ba540d94397299e80585d020a24b264d9dff6c9241cf0104163998521,/home/rspip/cqc/pro/study/orientbench/annotation_tools/m4_angle_annotation/annotator_B/crops/17c83482fce75a24d9fd.jpg
m4-071-final-v1,B,84361791fdfa59e9d63f,46f745e76b3fdc7a,DIOR-R,417,24c76013f3ccf14e77739ec7cb8db5acc2d3f1a1cba9b56e7a3708a8581776ce,/home/rspip/cqc/pro/study/orientbench/annotation_tools/m4_angle_annotation/annotator_B/crops/84361791fdfa59e9d63f.jpg
m4-071-final-v1,B,5d84b5e6564f491590a3,c8f5424714b43ecf,DIOR-R,418,ce413dde7922bda4b7d4721e88e1a4d9639865ee4f4e6ae9b4a9406746b0fd28,/home/rspip/cqc/pro/study/orientbench/annotation_tools/m4_angle_annotation/annotator_B/crops/5d84b5e6564f491590a3.jpg
m4-071-final-v1,B,d1004222da31c7852109,0ca34d64540e9f75,SODA-A,419,2331cb5d4e925c831d09e75cd3b92645fdaefabcc64ab772869c296bc2eda23f,/home/rspip/cqc/pro/study/orientbench/annotation_tools/m4_angle_annotation/annotator_B/crops/d1004222da31c7852109.jpg
m4-071-final-v1,B,9466775ec9d34472beb1,1a37659819d0ba6a,DIOR-R,420,372f72f4c8d9a999c46c1e1dd83c38b6cac745d169a95ff1b87fca3f64c63ce1,/home/rspip/cqc/pro/study/orientbench/annotation_tools/m4_angle_annotation/annotator_B/crops/9466775ec9d34472beb1.jpg
m4-071-final-v1,B,4d7974c16a78bb86e887,95de274ceaa700f1,FAIR1M-v1.0,421,161f14ecefc54107ac331524256c24a240a70e8992c8041c2085d0455855d7fa,/home/rspip/cqc/pro/study/orientbench/annotation_tools/m4_angle_annotation/annotator_B/crops/4d7974c16a78bb86e887.jpg
m4-071-final-v1,B,40918956f3e437ede6ea,4d640a4a492e7b53,DIOR-R,422,f03b87fa2898e315f09a554f388f5d71ca14e0ced6bbdbd31b09126b6353c12f,/home/rspip/cqc/pro/study/orientbench/annotation_tools/m4_angle_annotation/annotator_B/crops/40918956f3e437ede6ea.jpg
m4-071-final-v1,B,206ecb1de6a80be1a37d,bc6b570fd9218f1b,FAIR1M-v1.0,423,b7744321d7ce1de264100efdbf67a0ed4fed5baae382eea47459781b95cca35e,/home/rspip/cqc/pro/study/orientbench/annotation_tools/m4_angle_annotation/annotator_B/crops/206ecb1de6a80be1a37d.jpg
m4-071-final-v1,B,030e7875419052e5bf97,9f2ccd644db7a1c9,FAIR1M-v1.0,424,5f5d44240d0221fd1abb2c9e62c962993232a6d13b873541fb035ae8d7a66c69,/home/rspip/cqc/pro/study/orientbench/annotation_tools/m4_angle_annotation/annotator_B/crops/030e7875419052e5bf97.jpg
m4-071-final-v1,B,0fb10b3f67951b11ab74,97ee3f8cca4894de,SODA-A,425,9db1ce1d33232fcc8425f8ed18cbce077e0edb1f1d338864a8aba2be9fe87486,/home/rspip/cqc/pro/study/orientbench/annotation_tools/m4_angle_annotation/annotator_B/crops/0fb10b3f67951b11ab74.jpg
m4-071-final-v1,B,1054ebde90c93ffd83f6,e8811505982c24e9,FAIR1M-v1.0,426,df6d0d1c3369a5b0b5d0d27d0d55a3fbad51a7135e654b8bd6f50f1961b9fc46,/home/rspip/cqc/pro/study/orientbench/annotation_tools/m4_angle_annotation/annotator_B/crops/1054ebde90c93ffd83f6.jpg
m4-071-final-v1,B,1ab82f9dbe1ac7622f67,b0d71a781fe9354f,FAIR1M-v1.0,427,b480d0e7332d628595e5928ca14e9d8f4ad568fb0ce423d295c5835e70adcd0e,/home/rspip/cqc/pro/study/orientbench/annotation_tools/m4_angle_annotation/annotator_B/crops/1ab82f9dbe1ac7622f67.jpg
m4-071-final-v1,B,bd2c1f900f9d67392a76,2abc7dccb8c41c17,SODA-A,428,cc8acb3bebb423f41b2233aa35f189bb4f17bcb8a521763bcaed520bdcf37ac7,/home/rspip/cqc/pro/study/orientbench/annotation_tools/m4_angle_annotation/annotator_B/crops/bd2c1f900f9d67392a76.jpg
m4-071-final-v1,B,52daa9621b98d3c61a05,440405a9dd50f9dc,SODA-A,429,d6ddca2fac8e118dff335bbbed9b4d09a055c6ca98155e2f9970ea622853494c,/home/rspip/cqc/pro/study/orientbench/annotation_tools/m4_angle_annotation/annotator_B/crops/52daa9621b98d3c61a05.jpg
m4-071-final-v1,B,620f724c2310b66a0847,e9aa2a06a31d5d39,DIOR-R,430,01d59e2af5d1bf8abd4f89757053cdc0ea1985593af1680e679459c487735eb1,/home/rspip/cqc/pro/study/orientbench/annotation_tools/m4_angle_annotation/annotator_B/crops/620f724c2310b66a0847.jpg
m4-071-final-v1,B,2b1ed18561d5f496430d,4e66fe3b1c1e9825,FAIR1M-v1.0,431,49c8d3b58fbe227e6d3c410cb99630ad036686d200d10725d4077a052cc7875a,/home/rspip/cqc/pro/study/orientbench/annotation_tools/m4_angle_annotation/annotator_B/crops/2b1ed18561d5f496430d.jpg
m4-071-final-v1,B,c6597d4244507a91a6e0,eb944a319b374ae1,SODA-A,432,ed87e3b25beabcb1feaa51e8527d2604d18524f42c9e8a1966cf30c02abf4316,/home/rspip/cqc/pro/study/orientbench/annotation_tools/m4_angle_annotation/annotator_B/crops/c6597d4244507a91a6e0.jpg
m4-071-final-v1,B,3f1565af220595e2afaa,7ce71cbb2dcf0a4f,DIOR-R,433,f2016e094b372c6903b847153b371bdc01ab3cddbcdc90404aba1d705c683f49,/home/rspip/cqc/pro/study/orientbench/annotation_tools/m4_angle_annotation/annotator_B/crops/3f1565af220595e2afaa.jpg
m4-071-final-v1,B,bd3e47a433210886ef7b,34a8ecd1e01b938f,DIOR-R,434,108117b82301af910409c0efedc94ae4cfd7029112bf680927a41c7b9357a343,/home/rspip/cqc/pro/study/orientbench/annotation_tools/m4_angle_annotation/annotator_B/crops/bd3e47a433210886ef7b.jpg
m4-071-final-v1,B,b8be2319c17f2d5823c2,b09f533f24b422df,DIOR-R,435,3378b77715ab18f4d9f884b5df690f02964f26300cbc873af8d2adf8cf309a18,/home/rspip/cqc/pro/study/orientbench/annotation_tools/m4_angle_annotation/annotator_B/crops/b8be2319c17f2d5823c2.jpg
m4-071-final-v1,B,4f6bbc95447589a36a85,f40dec08970cd145,SODA-A,436,dcc4ef44b5761fda1575a9450852ec891da27f44be841f13cbf4cc5d196d9508,/home/rspip/cqc/pro/study/orientbench/annotation_tools/m4_angle_annotation/annotator_B/crops/4f6bbc95447589a36a85.jpg
m4-071-final-v1,B,ecc0c4ce1f333a721681,a3c5251924922cf5,DIOR-R,437,d1a89cd0f9ac6e8498aac56f03d58012b8c404a3307a5f872e1e8aed2a8e47fe,/home/rspip/cqc/pro/study/orientbench/annotation_tools/m4_angle_annotation/annotator_B/crops/ecc0c4ce1f333a721681.jpg
m4-071-final-v1,B,8f7a1ee9857ed179a1de,35c2702cdbfcac43,DIOR-R,438,032882d62f3fcf3cfada38c9ed54de0573c596b81cbd213b2b14bbba60da33bc,/home/rspip/cqc/pro/study/orientbench/annotation_tools/m4_angle_annotation/annotator_B/crops/8f7a1ee9857ed179a1de.jpg
m4-071-final-v1,B,ae5c7f770750ea48c692,07dbc91f3360802a,FAIR1M-v1.0,439,7a9170acb4430c02b7a8bb3feafbd319fe0dda72f4913cf235f16c11a4f16d1f,/home/rspip/cqc/pro/study/orientbench/annotation_tools/m4_angle_annotation/annotator_B/crops/ae5c7f770750ea48c692.jpg
m4-071-final-v1,B,dce452051e33f8b1712d,b5741199a09a4508,DIOR-R,440,d23a10544494d8ad0d140c25220a536b5c3a6112a1cd40cd66e27457da03876e,/home/rspip/cqc/pro/study/orientbench/annotation_tools/m4_angle_annotation/annotator_B/crops/dce452051e33f8b1712d.jpg
m4-071-final-v1,B,cab3e56c89f63cc81230,04060836b392d125,SODA-A,441,6fa30259e6929815c7b7183539df0ba6d0949dc9e032724bf7deaa719e4e1f7a,/home/rspip/cqc/pro/study/orientbench/annotation_tools/m4_angle_annotation/annotator_B/crops/cab3e56c89f63cc81230.jpg
m4-071-final-v1,B,961a7afee95442f025e6,0cb48d8509fe4100,FAIR1M-v1.0,442,bf8dd432a79b4cd0c668c42977359ee36ac54cc991d43d6e007a7b79355f38e2,/home/rspip/cqc/pro/study/orientbench/annotation_tools/m4_angle_annotation/annotator_B/crops/961a7afee95442f025e6.jpg
m4-071-final-v1,B,fd5464c5f5a9ed1890be,3579202ecfa3ba24,FAIR1M-v1.0,443,e5111ef623a2e4c773ed78db91995123ea583229e431ca23f124e03195856244,/home/rspip/cqc/pro/study/orientbench/annotation_tools/m4_angle_annotation/annotator_B/crops/fd5464c5f5a9ed1890be.jpg
m4-071-final-v1,B,fd54041977032cc7e880,fc67cef57876fcb6,FAIR1M-v1.0,444,d7b0caadda3ecb97d1af4dadb71bc16b918cdeaba83907a137e1987b23f65fda,/home/rspip/cqc/pro/study/orientbench/annotation_tools/m4_angle_annotation/annotator_B/crops/fd54041977032cc7e880.jpg
m4-071-final-v1,B,afcda44ddae4e9d5c44d,43ff74693d6f96b4,DIOR-R,445,284245e2cec82719f5a0790b7f585b47be48451071845e6e57e988baac5dce28,/home/rspip/cqc/pro/study/orientbench/annotation_tools/m4_angle_annotation/annotator_B/crops/afcda44ddae4e9d5c44d.jpg
m4-071-final-v1,B,c413a05117e2d0cf2b20,ba0e65e077938454,DIOR-R,446,a7502b1a7331fbff40f167ffc06c2efc76bdc3264206ec38eda4827ed8d9e393,/home/rspip/cqc/pro/study/orientbench/annotation_tools/m4_angle_annotation/annotator_B/crops/c413a05117e2d0cf2b20.jpg
m4-071-final-v1,B,fe1f7dc343a9a2a7af46,f3a0e0fe56a3a255,SODA-A,447,94890a01c2cc02f86a0a7cfef7bd0a49b85e22fdbfcf72669ad4803a9b706ba0,/home/rspip/cqc/pro/study/orientbench/annotation_tools/m4_angle_annotation/annotator_B/crops/fe1f7dc343a9a2a7af46.jpg
m4-071-final-v1,B,e575dee8d14f1046cf6f,908617d6f1763601,DIOR-R,448,21cd8ba24bf8e8c7897630d7293831e26fdaba397468b43e462b2a90fd577e4f,/home/rspip/cqc/pro/study/orientbench/annotation_tools/m4_angle_annotation/annotator_B/crops/e575dee8d14f1046cf6f.jpg
m4-071-final-v1,B,16d7bd7ea97217ba93e9,e8a6912665dea1f6,FAIR1M-v1.0,449,0afc177b6d3e7f6b03a4369d9f5272a41980c6f69b9df152cdc2dcb9fa67d199,/home/rspip/cqc/pro/study/orientbench/annotation_tools/m4_angle_annotation/annotator_B/crops/16d7bd7ea97217ba93e9.jpg
m4-071-final-v1,B,a32897c1ba1a58f59205,333a94f428caa17a,FAIR1M-v1.0,450,7af26ff797610f57e4c30f9f072e011f90856858f159950ac8580681ff407df5,/home/rspip/cqc/pro/study/orientbench/annotation_tools/m4_angle_annotation/annotator_B/crops/a32897c1ba1a58f59205.jpg
m4-071-final-v1,B,45afc0248e384e12412a,04252c8f5d8f4fb8,SODA-A,451,2ca4f814b90bd3910bc03a56f03324bc321211bef21bbba896f544648dcfc587,/home/rspip/cqc/pro/study/orientbench/annotation_tools/m4_angle_annotation/annotator_B/crops/45afc0248e384e12412a.jpg
m4-071-final-v1,B,c2f8aff3bf884b363c3e,dfda70f171cc20b8,SODA-A,452,ef483d0f3f83e8ea54756fa9ab1a34c8f883ec99468e7df3ccc18ebc6b30b984,/home/rspip/cqc/pro/study/orientbench/annotation_tools/m4_angle_annotation/annotator_B/crops/c2f8aff3bf884b363c3e.jpg
m4-071-final-v1,B,1062647e587ff09b96c0,49672db01fb92d36,FAIR1M-v1.0,453,34be4675964545f8204d7558793950aa8193550ebaa67826cdefe67906feb58b,/home/rspip/cqc/pro/study/orientbench/annotation_tools/m4_angle_annotation/annotator_B/crops/1062647e587ff09b96c0.jpg
m4-071-final-v1,B,437463d446c9693f6615,08f410996172040d,FAIR1M-v1.0,454,c25ad3b8e961222851879bef0c83ff754ae8596a6234383d9f9efd9d6755f267,/home/rspip/cqc/pro/study/orientbench/annotation_tools/m4_angle_annotation/annotator_B/crops/437463d446c9693f6615.jpg
m4-071-final-v1,B,8be90c3e16159be1ef9e,1da32ea752c9e020,FAIR1M-v1.0,455,35eb3cff0ba9dca1c652ba701231fb901def508d457795c51428a17b6f0e170a,/home/rspip/cqc/pro/study/orientbench/annotation_tools/m4_angle_annotation/annotator_B/crops/8be90c3e16159be1ef9e.jpg
m4-071-final-v1,B,2dd6c57c3de0c9ada802,986648975f4beca5,FAIR1M-v1.0,456,64473c508d9db77a3b299ee02fcbc6c776b8a452a32c2a5f435c9f0b1fc76ea1,/home/rspip/cqc/pro/study/orientbench/annotation_tools/m4_angle_annotation/annotator_B/crops/2dd6c57c3de0c9ada802.jpg
m4-071-final-v1,B,4cca02db987ec7d88c29,eaf48c88ebfb165a,SODA-A,457,fe1dfd4e2c842e1edd4a5913eaf64020aadc20ad51710800dee916052d882320,/home/rspip/cqc/pro/study/orientbench/annotation_tools/m4_angle_annotation/annotator_B/crops/4cca02db987ec7d88c29.jpg
m4-071-final-v1,B,81a09b4bf84ccce7b4a6,3205726ad8eefa5d,FAIR1M-v1.0,458,af2366e006f6284c487f7e8f61b56f81ea8e9f89a0860eba30450768f4910373,/home/rspip/cqc/pro/study/orientbench/annotation_tools/m4_angle_annotation/annotator_B/crops/81a09b4bf84ccce7b4a6.jpg
m4-071-final-v1,B,5b97cf92a63b460b0f7c,b04e17151c2f15be,FAIR1M-v1.0,459,bb0f64e027d5ddf2d3b47ec4cc7ea301f13f7292e0d6a5116155335fe9774ff6,/home/rspip/cqc/pro/study/orientbench/annotation_tools/m4_angle_annotation/annotator_B/crops/5b97cf92a63b460b0f7c.jpg
m4-071-final-v1,B,8e1ce07e14796ea7ffe5,40d195521f35fa1f,FAIR1M-v1.0,460,e0658bb47be271d62774ea747556a55765d47db8e8e0ee784f20f0f52d693fdd,/home/rspip/cqc/pro/study/orientbench/annotation_tools/m4_angle_annotation/annotator_B/crops/8e1ce07e14796ea7ffe5.jpg
m4-071-final-v1,B,72ef29d3e7cc122a962d,05fc6ca6f2299150,FAIR1M-v1.0,461,b5394790af64dc942104d37b6078feb218df596712491606ef2ca35bbeccc295,/home/rspip/cqc/pro/study/orientbench/annotation_tools/m4_angle_annotation/annotator_B/crops/72ef29d3e7cc122a962d.jpg
m4-071-final-v1,B,e2676ceb73ff691982bb,a6c0cf2286a0ba87,FAIR1M-v1.0,462,0efbe9fbd884558ff8aca2053bbec4a6e7abac4cf445e5781e14a421349b156c,/home/rspip/cqc/pro/study/orientbench/annotation_tools/m4_angle_annotation/annotator_B/crops/e2676ceb73ff691982bb.jpg
m4-071-final-v1,B,e8cc933e81861a93ad07,c2331deb4b0d8dbe,DIOR-R,463,58de665b6a61df274cdab5249d59d95ee7913dcd6886c7c8d2ea8daf2e331ecb,/home/rspip/cqc/pro/study/orientbench/annotation_tools/m4_angle_annotation/annotator_B/crops/e8cc933e81861a93ad07.jpg
m4-071-final-v1,B,aca3fa46729bd1ab0413,416f9e496fbb2f9a,FAIR1M-v1.0,464,25bee205adda1ebe0683c2e83e05732cc20369244c10d3437002772e095b94c6,/home/rspip/cqc/pro/study/orientbench/annotation_tools/m4_angle_annotation/annotator_B/crops/aca3fa46729bd1ab0413.jpg
m4-071-final-v1,B,649547baee5bb0bcb01f,263a33f49bd21f6b,SODA-A,465,fc0978c74a934c4039ebe8c99ac6a4d0546e1ba767ffd304d8c20400f05a2cfd,/home/rspip/cqc/pro/study/orientbench/annotation_tools/m4_angle_annotation/annotator_B/crops/649547baee5bb0bcb01f.jpg
m4-071-final-v1,B,6aae93f4ad85ee1c0309,a4706db54eacceb2,DIOR-R,466,75f753b90fae10311f93ef6d1ae036e933a1427f765c2f781935d7b2ad78a6b9,/home/rspip/cqc/pro/study/orientbench/annotation_tools/m4_angle_annotation/annotator_B/crops/6aae93f4ad85ee1c0309.jpg
m4-071-final-v1,B,7fd822b5d277f270cd92,3f2bfa7d8e6debbc,DIOR-R,467,bd75996ddf6fe5c9d36f975e139ea97e74d62c8ad56fb58da8eea2e98165f334,/home/rspip/cqc/pro/study/orientbench/annotation_tools/m4_angle_annotation/annotator_B/crops/7fd822b5d277f270cd92.jpg
m4-071-final-v1,B,fe96727e65c6f919db83,3abb6b47dbc7b367,FAIR1M-v1.0,468,cc2b9c10892f4ade3984f63e13c73c64f81da1f772e6f056d486f498c7a69d87,/home/rspip/cqc/pro/study/orientbench/annotation_tools/m4_angle_annotation/annotator_B/crops/fe96727e65c6f919db83.jpg
m4-071-final-v1,B,bb44fecc57a7a5ecb86d,a7c8782b28247cf2,DIOR-R,469,5f514b29d8166c438b01b641cb6a22ab67fb4052b0cd5136f64d9ca9f7954dc0,/home/rspip/cqc/pro/study/orientbench/annotation_tools/m4_angle_annotation/annotator_B/crops/bb44fecc57a7a5ecb86d.jpg
m4-071-final-v1,B,70f88b8fd795f349bd20,742ec00e754e13b2,DIOR-R,470,b536bace414ed16228c4ce41dc1942c487434753b926d6ed2a3cf3f6fc83d813,/home/rspip/cqc/pro/study/orientbench/annotation_tools/m4_angle_annotation/annotator_B/crops/70f88b8fd795f349bd20.jpg
m4-071-final-v1,B,d5589129ee3e3b54f45c,382e18d3302881c8,FAIR1M-v1.0,471,6cba1a0e41641895673f9dcef4ce07ba85d551ebd6b5b385abaeec1309fcb5a1,/home/rspip/cqc/pro/study/orientbench/annotation_tools/m4_angle_annotation/annotator_B/crops/d5589129ee3e3b54f45c.jpg
m4-071-final-v1,B,49d5d1ae5fb5640c308b,e02781046ff3409d,DIOR-R,472,f28d3a026260dd69f3b3f4dd43d71b699542c7db2134bd15364ed9308611701d,/home/rspip/cqc/pro/study/orientbench/annotation_tools/m4_angle_annotation/annotator_B/crops/49d5d1ae5fb5640c308b.jpg
m4-071-final-v1,B,a153f2c2ff227fd811d5,49e7342278bb6819,SODA-A,473,0d4340fb2e47395bb0054e30a3d0af44339907c55b2c73c7daff2cbdb33303c4,/home/rspip/cqc/pro/study/orientbench/annotation_tools/m4_angle_annotation/annotator_B/crops/a153f2c2ff227fd811d5.jpg
m4-071-final-v1,B,921538918935a9ad8ce1,6a3a28697c1c47be,FAIR1M-v1.0,474,a55553e4230841a5ecbc4e691f9f180e06945950490a23e153494c11be8ad5c7,/home/rspip/cqc/pro/study/orientbench/annotation_tools/m4_angle_annotation/annotator_B/crops/921538918935a9ad8ce1.jpg
m4-071-final-v1,B,e1819e20c32caf186fe7,6800601003844f38,FAIR1M-v1.0,475,e77505b19f91bbfd06405b71c4fa2d17615a85e4d11832023551c64df9e47daf,/home/rspip/cqc/pro/study/orientbench/annotation_tools/m4_angle_annotation/annotator_B/crops/e1819e20c32caf186fe7.jpg
m4-071-final-v1,B,4d4327a112e2f2632970,050b298706ddbe1a,DIOR-R,476,3397c7d4ddceb83244aeb034f1f9f33cc724358a2c660a782d8533cc94577517,/home/rspip/cqc/pro/study/orientbench/annotation_tools/m4_angle_annotation/annotator_B/crops/4d4327a112e2f2632970.jpg
m4-071-final-v1,B,01a13bad55b8738448c8,35a9979a9ea0a7b9,SODA-A,477,58fa7eb97266a6b33ea8889b57b4a9fd673de500b85a28a527027588b5c84c04,/home/rspip/cqc/pro/study/orientbench/annotation_tools/m4_angle_annotation/annotator_B/crops/01a13bad55b8738448c8.jpg
m4-071-final-v1,B,4e9a68c7f466205df172,04ff9dda3c4b089d,FAIR1M-v1.0,478,f4b74b2372626b3cb6204fb8abfa4800a1a5d9e5cb588f36c50e6580b0feff12,/home/rspip/cqc/pro/study/orientbench/annotation_tools/m4_angle_annotation/annotator_B/crops/4e9a68c7f466205df172.jpg
m4-071-final-v1,B,ab6c24cce6fc5585ca97,adf21d9d5f36829e,DIOR-R,479,7d3a7c4083d5437fa25b550c26207042c66212c2689074b724be6af8f26d5256,/home/rspip/cqc/pro/study/orientbench/annotation_tools/m4_angle_annotation/annotator_B/crops/ab6c24cce6fc5585ca97.jpg
m4-071-final-v1,B,8ee93246537abc5db52b,905ea71752531836,SODA-A,480,85c8040493e3991d015d70781b583c50b50d5eccbe5449645be2ff140721a52c,/home/rspip/cqc/pro/study/orientbench/annotation_tools/m4_angle_annotation/annotator_B/crops/8ee93246537abc5db52b.jpg
m4-071-final-v1,B,0127a6320807db54cf9f,d4aa25fb7773f6f9,DIOR-R,481,90745efd53f0ccc99f477be210b318373166a07cdb654264c1edfd31a17c86a2,/home/rspip/cqc/pro/study/orientbench/annotation_tools/m4_angle_annotation/annotator_B/crops/0127a6320807db54cf9f.jpg
m4-071-final-v1,B,1efb41ae1be84d1268eb,1f8247cbbe4a1ff1,FAIR1M-v1.0,482,de3eb1b2b33c6044caf59aabe6a2e5e76b0feb886985c2aee3247fee9b75eedc,/home/rspip/cqc/pro/study/orientbench/annotation_tools/m4_angle_annotation/annotator_B/crops/1efb41ae1be84d1268eb.jpg
m4-071-final-v1,B,e26947973eff54660c45,c4a94af9179c2e29,FAIR1M-v1.0,483,43105d9ab3f85477e9d8374472aaf2cb8199c7e045ec89f606fb5a5357b6335f,/home/rspip/cqc/pro/study/orientbench/annotation_tools/m4_angle_annotation/annotator_B/crops/e26947973eff54660c45.jpg
m4-071-final-v1,B,2d6c470446fa42190618,263935fbaad96979,SODA-A,484,83181e8a4e7bd271a198a6d75c7869844add1df74ec0e20bee56a3d75a8122ce,/home/rspip/cqc/pro/study/orientbench/annotation_tools/m4_angle_annotation/annotator_B/crops/2d6c470446fa42190618.jpg
m4-071-final-v1,B,096f379cdf7970daebe5,9006bb10fade0147,DIOR-R,485,ca4a1ea5adfb5fb23db5d903c085e01f8ec6716ad2c9c137e8cf0da426d17fe4,/home/rspip/cqc/pro/study/orientbench/annotation_tools/m4_angle_annotation/annotator_B/crops/096f379cdf7970daebe5.jpg
m4-071-final-v1,B,352dd3b35bc6ffc3f875,507d391d50b4e98b,SODA-A,486,98fbe35d66f1840892bcdee179b1e38a53865d574dc46ee3222c60209c43aeb0,/home/rspip/cqc/pro/study/orientbench/annotation_tools/m4_angle_annotation/annotator_B/crops/352dd3b35bc6ffc3f875.jpg
m4-071-final-v1,B,c573cb18087eea29d269,b85a5707d27eefbc,DIOR-R,487,7f3432f6c1dfd6f0d0e348e62ba151cccd4e3fe46f5e2048b9daaa7234a98c9c,/home/rspip/cqc/pro/study/orientbench/annotation_tools/m4_angle_annotation/annotator_B/crops/c573cb18087eea29d269.jpg
m4-071-final-v1,B,2d8726f1ffad67c18fac,65a22b6403286ca1,FAIR1M-v1.0,488,73be7c4bf38c1c9816cf099824b2d203a371b8f01174d4164e8e75661e92e21f,/home/rspip/cqc/pro/study/orientbench/annotation_tools/m4_angle_annotation/annotator_B/crops/2d8726f1ffad67c18fac.jpg
m4-071-final-v1,B,9225c1845a38851ff1a0,d86f87aaf790b25f,DIOR-R,489,f0602125ca226bc9d2c3c2f772f447cf4fd5373a078b34dcb58aeba20a72ff62,/home/rspip/cqc/pro/study/orientbench/annotation_tools/m4_angle_annotation/annotator_B/crops/9225c1845a38851ff1a0.jpg
m4-071-final-v1,B,9b265a58c4aee514b289,63972182c9764635,SODA-A,490,17831f1ee0fa78a61297250e54e9b27c10b15b29d0313ac80b918aee2eab8c4f,/home/rspip/cqc/pro/study/orientbench/annotation_tools/m4_angle_annotation/annotator_B/crops/9b265a58c4aee514b289.jpg
m4-071-final-v1,B,de9c5b314c6592a53b22,634ed11dafe6881b,SODA-A,491,1743ed69b86aec2fc3b0684a22a7001fbd104b7b763a60d0dfe5891d7a08016e,/home/rspip/cqc/pro/study/orientbench/annotation_tools/m4_angle_annotation/annotator_B/crops/de9c5b314c6592a53b22.jpg
m4-071-final-v1,B,5fbd9285362ccc8bd162,9ceaae3668da2d82,SODA-A,492,7bb7ad561f5ca8b4af78bea376ad9c63bf5cc4c7f15d9c94b41aa8d3b0f5bb36,/home/rspip/cqc/pro/study/orientbench/annotation_tools/m4_angle_annotation/annotator_B/crops/5fbd9285362ccc8bd162.jpg
m4-071-final-v1,B,eb487b37b9bcb84ab271,de5758edb422a308,SODA-A,493,f6806e0130a822a09da4134f96287ee5b6e1447200e0901c4668a461e7282319,/home/rspip/cqc/pro/study/orientbench/annotation_tools/m4_angle_annotation/annotator_B/crops/eb487b37b9bcb84ab271.jpg
m4-071-final-v1,B,8bfed8d6cb7853d60d20,1a52dc59ee7b2735,FAIR1M-v1.0,494,d650beab956d1d8bffbdc52de30b8aa5c6960b67f5063220e6e34866baad4431,/home/rspip/cqc/pro/study/orientbench/annotation_tools/m4_angle_annotation/annotator_B/crops/8bfed8d6cb7853d60d20.jpg
m4-071-final-v1,B,f8bc32971c33cb5c1d0f,6e9b4f301e0adfde,SODA-A,495,7301a11df58615f6c98054995160c266e919804f71198ac3ef47a0e4b64500e9,/home/rspip/cqc/pro/study/orientbench/annotation_tools/m4_angle_annotation/annotator_B/crops/f8bc32971c33cb5c1d0f.jpg
m4-071-final-v1,B,a95783c1dcaddaef4d45,703b1287f887bb6f,DIOR-R,496,7de95892cc045dc86b4e770cbe23d2ae54773fcb292f2584e07825df79c9cb0f,/home/rspip/cqc/pro/study/orientbench/annotation_tools/m4_angle_annotation/annotator_B/crops/a95783c1dcaddaef4d45.jpg
m4-071-final-v1,B,9a52dbc0285048d50d81,a69d99b33a7bb42e,DIOR-R,497,bcbde99488205efcd6dafb005da8efa77c89d44dcbfd28cf8c7ddc022136bf64,/home/rspip/cqc/pro/study/orientbench/annotation_tools/m4_angle_annotation/annotator_B/crops/9a52dbc0285048d50d81.jpg
m4-071-final-v1,B,b48a88d0820054d299b7,64a57ac0ac7a0c14,SODA-A,498,adcb819b0e9216bda313f752e249538e87f91365d2cb5323f757609b7a0179c4,/home/rspip/cqc/pro/study/orientbench/annotation_tools/m4_angle_annotation/annotator_B/crops/b48a88d0820054d299b7.jpg
m4-071-final-v1,B,54ca2d88cb128e11ffeb,b87bd07f5473d71b,DIOR-R,499,f8bcc977a467c751a66add495664f26f215f0f1d47639fd91fb77193372f6c4a,/home/rspip/cqc/pro/study/orientbench/annotation_tools/m4_angle_annotation/annotator_B/crops/54ca2d88cb128e11ffeb.jpg
m4-071-final-v1,B,607ef9d1bf6a79fe7ebe,3a2c94dd41998825,DIOR-R,500,6d513e154bf0e766623670ff2ec74b75d0a8c710ea4e59afd7e8d50532b25cc9,/home/rspip/cqc/pro/study/orientbench/annotation_tools/m4_angle_annotation/annotator_B/crops/607ef9d1bf6a79fe7ebe.jpg
m4-071-final-v1,B,7e1cf237d0dae8c118f5,c3821b7b4946057f,SODA-A,501,37cd86ca6a5e9e1e592a77649a4a2fa6564109221250bf54ff463761de90a661,/home/rspip/cqc/pro/study/orientbench/annotation_tools/m4_angle_annotation/annotator_B/crops/7e1cf237d0dae8c118f5.jpg
m4-071-final-v1,B,ed69f65569574b6be3be,00a769dab0d42b7e,SODA-A,502,0ddfab885e0b8ddecaefadd9ba8d3058ea66d184bc892290d2ef7b6cec6cdb7c,/home/rspip/cqc/pro/study/orientbench/annotation_tools/m4_angle_annotation/annotator_B/crops/ed69f65569574b6be3be.jpg
m4-071-final-v1,B,e40d3422b59f39a0f20b,05ec5cd233287b35,FAIR1M-v1.0,503,1f2adf42e90dcd8618924733f09af1f45e9632ba237a31622a50bd46571eae40,/home/rspip/cqc/pro/study/orientbench/annotation_tools/m4_angle_annotation/annotator_B/crops/e40d3422b59f39a0f20b.jpg
m4-071-final-v1,B,a27049639fe215665c23,d76ba5eb97d962c9,FAIR1M-v1.0,504,87d2d75621ab9c6e7892bdcb1e7a0a970579749737c3fba358814c34a4e66d47,/home/rspip/cqc/pro/study/orientbench/annotation_tools/m4_angle_annotation/annotator_B/crops/a27049639fe215665c23.jpg
m4-071-final-v1,B,df8a4c48b9a5c90cd936,d0b3699883b9fa7c,SODA-A,505,1d4e74aec796157118f3ca6fc0a202011e0b0f6fc5814202e17ffed507c8e43f,/home/rspip/cqc/pro/study/orientbench/annotation_tools/m4_angle_annotation/annotator_B/crops/df8a4c48b9a5c90cd936.jpg
m4-071-final-v1,B,bcda155f1eec09a8e167,0759559b302c658d,DIOR-R,506,623d2be13a806fa91a6e4b4ba345b5dc4777a916c70db26f7e1aa78dcff43de9,/home/rspip/cqc/pro/study/orientbench/annotation_tools/m4_angle_annotation/annotator_B/crops/bcda155f1eec09a8e167.jpg
m4-071-final-v1,B,cb3dded3eefa8844a8a7,533a300d84fea9a7,DIOR-R,507,5251432e047ce6f32d4241c618ed5d0573c61868174227ff7e997ec24b3e1829,/home/rspip/cqc/pro/study/orientbench/annotation_tools/m4_angle_annotation/annotator_B/crops/cb3dded3eefa8844a8a7.jpg
m4-071-final-v1,B,dc489844f51474d9794a,d5417c111e0baf94,DIOR-R,508,2fc7737a24ac075b4274fbf4e6e4edd85f045d24746bdcad761cc839c9cd0d30,/home/rspip/cqc/pro/study/orientbench/annotation_tools/m4_angle_annotation/annotator_B/crops/dc489844f51474d9794a.jpg
m4-071-final-v1,B,ae571db80a792b34223b,1f6215386e40c89e,DIOR-R,509,8da0cbbbdd2732b1e3b5d287ecaab5534afcdfd4775e72183a41c31dc0f12632,/home/rspip/cqc/pro/study/orientbench/annotation_tools/m4_angle_annotation/annotator_B/crops/ae571db80a792b34223b.jpg
m4-071-final-v1,B,c48548553221d6bfca9d,87931d7d9c72e825,DIOR-R,510,956726678e1c0e54e031f04115cd284c49adcbec502e6003e9b8dc9402c3a339,/home/rspip/cqc/pro/study/orientbench/annotation_tools/m4_angle_annotation/annotator_B/crops/c48548553221d6bfca9d.jpg
m4-071-final-v1,B,fec5dbf2ba487e454e3f,a13f3fe8d1b6401e,SODA-A,511,8b2db254ee9a7c253c8ec69a4819304d6587f2c1ba9afaffa2ea1d9d719f7f67,/home/rspip/cqc/pro/study/orientbench/annotation_tools/m4_angle_annotation/annotator_B/crops/fec5dbf2ba487e454e3f.jpg
m4-071-final-v1,B,1f21242f4564e67dd81e,68a5b9eeb1980971,DIOR-R,512,54b2a6ce9d8f1d26d63a22fba11794035aedd39f2bfcbd8d0cf5fabc8dd40a0a,/home/rspip/cqc/pro/study/orientbench/annotation_tools/m4_angle_annotation/annotator_B/crops/1f21242f4564e67dd81e.jpg
m4-071-final-v1,B,aa2558740eba9f9b2a79,66d095beb96d7303,FAIR1M-v1.0,513,879d40974bd12c84fead3d0b516ddd88ecc129142c9297e7b47882792ff8f2b3,/home/rspip/cqc/pro/study/orientbench/annotation_tools/m4_angle_annotation/annotator_B/crops/aa2558740eba9f9b2a79.jpg
m4-071-final-v1,B,06c8582c13696cd96b6c,b4198bcda58f7f96,FAIR1M-v1.0,514,d8a01f43664a52e1dcfe9bf8f971d9771117fb0ee7e1fbb4c81c8ce7ce583e74,/home/rspip/cqc/pro/study/orientbench/annotation_tools/m4_angle_annotation/annotator_B/crops/06c8582c13696cd96b6c.jpg
m4-071-final-v1,B,827e10a4d39338fb3641,4a9947d785108f07,FAIR1M-v1.0,515,dd136465c72c63527e8fe545164368aced30d8a721b75d8be0282aadbe5e1122,/home/rspip/cqc/pro/study/orientbench/annotation_tools/m4_angle_annotation/annotator_B/crops/827e10a4d39338fb3641.jpg
m4-071-final-v1,B,76a6c0d874bbca280ded,7e0aa49c1ef008a2,SODA-A,516,271b6a9e9092315d809c6cc16d81e4f2764fa84e078812e90ae604750ea18ac7,/home/rspip/cqc/pro/study/orientbench/annotation_tools/m4_angle_annotation/annotator_B/crops/76a6c0d874bbca280ded.jpg
m4-071-final-v1,B,4822967fdce51ea62513,3eb2476395022d4c,SODA-A,517,2d3729d60ffea4380c97cf9e7aad92c52c98238e695a79ce7674fb0ab2f79c26,/home/rspip/cqc/pro/study/orientbench/annotation_tools/m4_angle_annotation/annotator_B/crops/4822967fdce51ea62513.jpg
m4-071-final-v1,B,e681c33f0960a6126295,f32d82fc6178eefd,FAIR1M-v1.0,518,5f366bcb2dd488cc4c30bac073ef2dbb393f1efa69d5ffdafb8e2fd64f686392,/home/rspip/cqc/pro/study/orientbench/annotation_tools/m4_angle_annotation/annotator_B/crops/e681c33f0960a6126295.jpg
m4-071-final-v1,B,ad543a3ac7f3a0e91dc0,9cd3e639cd7d0f96,FAIR1M-v1.0,519,b034574917f7be865aea8abc65feaad817010527f8c1edf45b419d399e6e61c3,/home/rspip/cqc/pro/study/orientbench/annotation_tools/m4_angle_annotation/annotator_B/crops/ad543a3ac7f3a0e91dc0.jpg
m4-071-final-v1,B,a9fc013f21cc30d7f554,1e02d428965a0211,SODA-A,520,9cca62a5a16086ba2cc663399f94f94c064c9f8330a545aca058c1158d08b13b,/home/rspip/cqc/pro/study/orientbench/annotation_tools/m4_angle_annotation/annotator_B/crops/a9fc013f21cc30d7f554.jpg
m4-071-final-v1,B,0b1c4555e3af1ebd532c,6a2fed6b42691429,DIOR-R,521,35e7fa5d9c12a92057a89c39e87ead54cfc2bc393a3b5639596f8dfd09d233d6,/home/rspip/cqc/pro/study/orientbench/annotation_tools/m4_angle_annotation/annotator_B/crops/0b1c4555e3af1ebd532c.jpg
m4-071-final-v1,B,9de2316af1899c829230,c4fd2576d00567e1,DIOR-R,522,b98234dbaf7a3cc983aa6d9441018003fa234dc10f9972519aec861e658b8556,/home/rspip/cqc/pro/study/orientbench/annotation_tools/m4_angle_annotation/annotator_B/crops/9de2316af1899c829230.jpg
m4-071-final-v1,B,f03e67bb085883dd6f14,ef6d9efc790c13f7,SODA-A,523,52d282c236c3aa7201fcfb9f517674334229b58047b7fe1fd991407dc230bbe6,/home/rspip/cqc/pro/study/orientbench/annotation_tools/m4_angle_annotation/annotator_B/crops/f03e67bb085883dd6f14.jpg
m4-071-final-v1,B,43d2f33ad63f08890638,3fb118cfb15b0753,FAIR1M-v1.0,524,1e1f200da197d2246e4fa1f03226c6875c343220b999ba0b1b06c8423bc583ec,/home/rspip/cqc/pro/study/orientbench/annotation_tools/m4_angle_annotation/annotator_B/crops/43d2f33ad63f08890638.jpg
m4-071-final-v1,B,5d41aeda77bd58362a27,b7b7d6aae3b313c7,SODA-A,525,65ee5d7681b4a9c6f3d8c0df5dcef346e7de765a21ef77be8e4b5801665e3429,/home/rspip/cqc/pro/study/orientbench/annotation_tools/m4_angle_annotation/annotator_B/crops/5d41aeda77bd58362a27.jpg
m4-071-final-v1,B,22634fe173af301f5a73,eab302794021e118,FAIR1M-v1.0,526,d18363f3258f87caeb880970905e6db4bc7a2554281630e44c8d9b4bba86b404,/home/rspip/cqc/pro/study/orientbench/annotation_tools/m4_angle_annotation/annotator_B/crops/22634fe173af301f5a73.jpg
m4-071-final-v1,B,f1459db6b80c71d9dcec,e4d17c76f4dae12a,FAIR1M-v1.0,527,f4c46b6bf858bfabb8ca00f63b99815f8371cb2eef646dd57cfa43487b2c29ba,/home/rspip/cqc/pro/study/orientbench/annotation_tools/m4_angle_annotation/annotator_B/crops/f1459db6b80c71d9dcec.jpg
m4-071-final-v1,B,ea277202f80644ceee60,7c3741826b06387f,SODA-A,528,2fb4ae137fc3cc6fe9b184f4e124965edfcb8f0273203be079f828e4f7b739fc,/home/rspip/cqc/pro/study/orientbench/annotation_tools/m4_angle_annotation/annotator_B/crops/ea277202f80644ceee60.jpg
m4-071-final-v1,B,5070493610957ed4c85f,b2bdca6df2887285,FAIR1M-v1.0,529,477c7377002666a3abfb5a7b0e48ff07113cc1430d282a56addc709c47b7623f,/home/rspip/cqc/pro/study/orientbench/annotation_tools/m4_angle_annotation/annotator_B/crops/5070493610957ed4c85f.jpg
m4-071-final-v1,B,35a0000dc9709c6dddd4,0aa7182270966418,SODA-A,530,85dc5f53650d85d09c83dc91324f235c84ee8e91e1b32b856bc5445291f83229,/home/rspip/cqc/pro/study/orientbench/annotation_tools/m4_angle_annotation/annotator_B/crops/35a0000dc9709c6dddd4.jpg
m4-071-final-v1,B,d30d3c6792de16df0f75,0726c25ff3e6cc24,DIOR-R,531,7a1dd5aba9877be3010c24a268c729bd89ebb6a8f946be6e532d4f7eb0fa1e84,/home/rspip/cqc/pro/study/orientbench/annotation_tools/m4_angle_annotation/annotator_B/crops/d30d3c6792de16df0f75.jpg
m4-071-final-v1,B,3b2cb2714ec33b7766df,5c5bb22611136d7c,SODA-A,532,ffca2be787348b39d74d92da20a09de49d5aa140a56d6450336ef4564d1119ae,/home/rspip/cqc/pro/study/orientbench/annotation_tools/m4_angle_annotation/annotator_B/crops/3b2cb2714ec33b7766df.jpg
m4-071-final-v1,B,5bc3053ce304232b994d,9d2b716795ebd0f7,DIOR-R,533,a252f45af30da9111cb0a8f6dfb263b647d3582b9a23a8bcc93e344204f556ab,/home/rspip/cqc/pro/study/orientbench/annotation_tools/m4_angle_annotation/annotator_B/crops/5bc3053ce304232b994d.jpg
m4-071-final-v1,B,27fe7804cb66c8c09766,d18495563d6bd8b9,DIOR-R,534,f106599fba70f9f7e5fb5b7f9d36eb35cf74a21f93b4060065cd07e309813e2b,/home/rspip/cqc/pro/study/orientbench/annotation_tools/m4_angle_annotation/annotator_B/crops/27fe7804cb66c8c09766.jpg
m4-071-final-v1,B,6de412f2197fac6e6026,7c3801a99132c6a9,DIOR-R,535,ce6a83f53afe4a97c82f04208cc3d086bfc3bcd6e84fe1d6cc1cfe3ffb3481bb,/home/rspip/cqc/pro/study/orientbench/annotation_tools/m4_angle_annotation/annotator_B/crops/6de412f2197fac6e6026.jpg
m4-071-final-v1,B,838036a078693556b04e,5069a0a031ebaee2,FAIR1M-v1.0,536,2563b9249a19dad956f49f6e4650f0addc0b5aff2ca5596fbabe6b5998acd6a5,/home/rspip/cqc/pro/study/orientbench/annotation_tools/m4_angle_annotation/annotator_B/crops/838036a078693556b04e.jpg
m4-071-final-v1,B,114753ca68b54ccca29d,10f7608a05438089,FAIR1M-v1.0,537,67c9ebabc572e71335eae7102005b879cfad7d9682f9fae135b4efed51239723,/home/rspip/cqc/pro/study/orientbench/annotation_tools/m4_angle_annotation/annotator_B/crops/114753ca68b54ccca29d.jpg
m4-071-final-v1,B,1dd127eb0ac43a11d1da,eafde83baeb02368,DIOR-R,538,5c9ee37a4e7ca4b44ecd9867820bd023559161dfe50d3f45cfa188f682ac757e,/home/rspip/cqc/pro/study/orientbench/annotation_tools/m4_angle_annotation/annotator_B/crops/1dd127eb0ac43a11d1da.jpg
m4-071-final-v1,B,3e28b3fae56b3752ef30,7f2735416a80b890,FAIR1M-v1.0,539,a0f18fae56cde6f20e74176134e247a006b310cf4f9ceccd77973c549834a291,/home/rspip/cqc/pro/study/orientbench/annotation_tools/m4_angle_annotation/annotator_B/crops/3e28b3fae56b3752ef30.jpg
m4-071-final-v1,B,959f2ec32de9a8ff0a3e,4ec7b96a1f145ae4,FAIR1M-v1.0,540,6f7476a0faeb18cca46c28eb5060def9997ee44f85d05567bb86487bd1cea856,/home/rspip/cqc/pro/study/orientbench/annotation_tools/m4_angle_annotation/annotator_B/crops/959f2ec32de9a8ff0a3e.jpg
m4-071-final-v1,B,40d8b23122c5db7d71d2,a25d8b1cd028da04,SODA-A,541,19b5f21cfdd8f5e28884bc4146907e7f92d86ccd161d8540f68407d370eeec1e,/home/rspip/cqc/pro/study/orientbench/annotation_tools/m4_angle_annotation/annotator_B/crops/40d8b23122c5db7d71d2.jpg
m4-071-final-v1,B,052636223a2bdbf3571a,bd9484995ab65676,SODA-A,542,b8b7caa936d8de119f9640e5105baa8833211b53da0e188dd1b5a5b17e07c35a,/home/rspip/cqc/pro/study/orientbench/annotation_tools/m4_angle_annotation/annotator_B/crops/052636223a2bdbf3571a.jpg
m4-071-final-v1,B,2efd7ef44fc96fc7d95d,9ade51b7a5ad348e,FAIR1M-v1.0,543,a7e6d2e37faa16213352a3d1ee3ceb2a01fe411f04d4695ca1e7a90c1bf4d06d,/home/rspip/cqc/pro/study/orientbench/annotation_tools/m4_angle_annotation/annotator_B/crops/2efd7ef44fc96fc7d95d.jpg
m4-071-final-v1,B,7e116351c1c05811b7b4,4ab07862981fc8ef,DIOR-R,544,8982e2751908f75dd988f598b8fa1f6a43505e052efbd444e04843b134d3f3b9,/home/rspip/cqc/pro/study/orientbench/annotation_tools/m4_angle_annotation/annotator_B/crops/7e116351c1c05811b7b4.jpg
m4-071-final-v1,B,54cf0d4ce102047ed529,f7f0d2e1e7957d53,FAIR1M-v1.0,545,269446da36526e580acb7f94622fef0f09ba3f7756c1fbeef1be72f03e47fd2f,/home/rspip/cqc/pro/study/orientbench/annotation_tools/m4_angle_annotation/annotator_B/crops/54cf0d4ce102047ed529.jpg
m4-071-final-v1,B,e44b422a500a0f520c30,b0174ae7b6fb6002,FAIR1M-v1.0,546,80fba44289f0924b017f00e92563f2a954ad228b13371e29913d2a312d622093,/home/rspip/cqc/pro/study/orientbench/annotation_tools/m4_angle_annotation/annotator_B/crops/e44b422a500a0f520c30.jpg
m4-071-final-v1,B,c9677f48fa0de6905836,f328707585b6ed60,DIOR-R,547,aec9e25653afe05b016cb53e3f258e99b3419c6a7106351bba4163b853379635,/home/rspip/cqc/pro/study/orientbench/annotation_tools/m4_angle_annotation/annotator_B/crops/c9677f48fa0de6905836.jpg
m4-071-final-v1,B,0970c10f62c4f144707d,37882c27aa218afa,SODA-A,548,1ae47332b4df83992a831199082b2d86ddd4c27e92ba105070b8f34c63a1fee0,/home/rspip/cqc/pro/study/orientbench/annotation_tools/m4_angle_annotation/annotator_B/crops/0970c10f62c4f144707d.jpg
m4-071-final-v1,B,cc0f00ffee072ce68f6e,2614083b95018c70,FAIR1M-v1.0,549,7bf7b35918dbcc5d5d2f5e9c3023aa8b7cf909b28b9dc50697b61d4ecfc2287b,/home/rspip/cqc/pro/study/orientbench/annotation_tools/m4_angle_annotation/annotator_B/crops/cc0f00ffee072ce68f6e.jpg
m4-071-final-v1,B,eecc43d232c52fa503aa,83cb088ff9be7d6c,SODA-A,550,d75e9c68746c8602c38c91b525e69b75310c822266ff0e4f8f4ba0d0d3bcab69,/home/rspip/cqc/pro/study/orientbench/annotation_tools/m4_angle_annotation/annotator_B/crops/eecc43d232c52fa503aa.jpg
m4-071-final-v1,B,cdc1ff1a3e58a56fa521,b9ae9a2c16c79ed4,SODA-A,551,fd305530246a6b5edfb89ad09a1cc2393c75dd7bd123cb0d9ea73d68260590be,/home/rspip/cqc/pro/study/orientbench/annotation_tools/m4_angle_annotation/annotator_B/crops/cdc1ff1a3e58a56fa521.jpg
m4-071-final-v1,B,e4255537f04d6ba542de,9ac669110c976a77,DIOR-R,552,a476bd735ef9f2fbd704f395afbf41d68b94e787afaef00416ed62960d109600,/home/rspip/cqc/pro/study/orientbench/annotation_tools/m4_angle_annotation/annotator_B/crops/e4255537f04d6ba542de.jpg
m4-071-final-v1,B,e862cca5af4e9c4a668d,1bc54f9ef5654536,SODA-A,553,c77d9e1a3703f19d0f99115b0d668020f39f541fca2cfc2310294a6a5f6352bd,/home/rspip/cqc/pro/study/orientbench/annotation_tools/m4_angle_annotation/annotator_B/crops/e862cca5af4e9c4a668d.jpg
m4-071-final-v1,B,d9a53dfb82605baf7c41,1f89a522e52cf04f,SODA-A,554,03090250cd75facd53adddeaec0954f297aa3c34ffd21d6c4672385f84b32f07,/home/rspip/cqc/pro/study/orientbench/annotation_tools/m4_angle_annotation/annotator_B/crops/d9a53dfb82605baf7c41.jpg
m4-071-final-v1,B,eb847cb592265c7ee648,d6957cbd89c45d1c,SODA-A,555,17e0338c72ae4747f79c44aea65622a9bdf13a3bde922abc2e7800a2b659eb5a,/home/rspip/cqc/pro/study/orientbench/annotation_tools/m4_angle_annotation/annotator_B/crops/eb847cb592265c7ee648.jpg
m4-071-final-v1,B,e77ee7c56e4d242197c6,aa96aea35127eb86,DIOR-R,556,e45e3adfd5bdb16be3d5c50378b48f8ef5589b96cc333fd190b1ef9cb8fd2fe4,/home/rspip/cqc/pro/study/orientbench/annotation_tools/m4_angle_annotation/annotator_B/crops/e77ee7c56e4d242197c6.jpg
m4-071-final-v1,B,049788ffe4208fb3daab,197c5c28d083a2fc,SODA-A,557,1c851acb4fc59e55b34c4304231b0d33bd5aa0c9612593ec54ed571fa9698b7c,/home/rspip/cqc/pro/study/orientbench/annotation_tools/m4_angle_annotation/annotator_B/crops/049788ffe4208fb3daab.jpg
m4-071-final-v1,B,4de392ca319f058b72d8,663f4b88e826e316,FAIR1M-v1.0,558,15f374875b71359573df00b9d339ff4d1f6bf156a1dd1f93dd9b8f06f41b32e8,/home/rspip/cqc/pro/study/orientbench/annotation_tools/m4_angle_annotation/annotator_B/crops/4de392ca319f058b72d8.jpg
m4-071-final-v1,B,fed81295660aebc18baf,83a76fbec593039c,DIOR-R,559,aeb81934c4b1ee54319187e9224f999bdbdc5b012658d9982bb54fcded414534,/home/rspip/cqc/pro/study/orientbench/annotation_tools/m4_angle_annotation/annotator_B/crops/fed81295660aebc18baf.jpg
m4-071-final-v1,B,06d21120f315e15cb645,9ff8e3cadbf384df,SODA-A,560,13d50ef723d815b018581f83cfd06299f43ef36042662d62d0808d04f092d102,/home/rspip/cqc/pro/study/orientbench/annotation_tools/m4_angle_annotation/annotator_B/crops/06d21120f315e15cb645.jpg
m4-071-final-v1,B,2d58f998d980b1c4a503,7a3ccaa4abc29b38,DIOR-R,561,ccf56f1ef6b050ba710ca82f2df16b50c6a6f98d9ba92ee4015c9d7274b6b32c,/home/rspip/cqc/pro/study/orientbench/annotation_tools/m4_angle_annotation/annotator_B/crops/2d58f998d980b1c4a503.jpg
m4-071-final-v1,B,6a6f8ae2fa801979e0bd,d1bdb04c4b9f182a,FAIR1M-v1.0,562,88e579aa11d0553f47929d6606ae56d26cd773a0c71e90efeb6a234f726b134a,/home/rspip/cqc/pro/study/orientbench/annotation_tools/m4_angle_annotation/annotator_B/crops/6a6f8ae2fa801979e0bd.jpg
m4-071-final-v1,B,83e3022d3bf92190d4c5,864163b921140ed3,FAIR1M-v1.0,563,a44f59137cd61f1c69af4153709e284dcf5204dcd6624a3958e808edadfb6099,/home/rspip/cqc/pro/study/orientbench/annotation_tools/m4_angle_annotation/annotator_B/crops/83e3022d3bf92190d4c5.jpg
m4-071-final-v1,B,92326eb7e4a2766e52ad,9cb64eb5417d0bcc,SODA-A,564,10fe7ead7b56340e246d160bcff0e7eb6da3930a9f1a1a29270e5e5e57b66ddb,/home/rspip/cqc/pro/study/orientbench/annotation_tools/m4_angle_annotation/annotator_B/crops/92326eb7e4a2766e52ad.jpg
m4-071-final-v1,B,25b09cf311bce2647bdc,7a78daae3880863a,DIOR-R,565,0eac798dfbc49c26c2000b3b3a9573873fe6e4b1651ab1355da3706e47038fb9,/home/rspip/cqc/pro/study/orientbench/annotation_tools/m4_angle_annotation/annotator_B/crops/25b09cf311bce2647bdc.jpg
m4-071-final-v1,B,56142928db362d03deb5,b51b4fc3c4c1dc02,DIOR-R,566,62eb95616cbe9b173eeb399da2a6576cf955f362b38f2f040a917bdb401a86f6,/home/rspip/cqc/pro/study/orientbench/annotation_tools/m4_angle_annotation/annotator_B/crops/56142928db362d03deb5.jpg
m4-071-final-v1,B,66d819ac56025964684e,658a85c24ec98cc3,DIOR-R,567,dd87e6ccfac2b0b734b85a292bbc0174561caf9dce5e6968085ad8d1c39984a0,/home/rspip/cqc/pro/study/orientbench/annotation_tools/m4_angle_annotation/annotator_B/crops/66d819ac56025964684e.jpg
m4-071-final-v1,B,aa652c71d321c13ce9c0,fbb315be0bf4ae22,FAIR1M-v1.0,568,85e6904da0464207951887c1cfa8ca76bf1436b3c16fbe1e93d856a523b8b8f5,/home/rspip/cqc/pro/study/orientbench/annotation_tools/m4_angle_annotation/annotator_B/crops/aa652c71d321c13ce9c0.jpg
m4-071-final-v1,B,0ac5bc55aa0dab11bee5,4fc7c252fca7ecd9,FAIR1M-v1.0,569,86181a282fa5056ea7e98720f754e6a8b8838b0d0de69b0e3e80054da354eb08,/home/rspip/cqc/pro/study/orientbench/annotation_tools/m4_angle_annotation/annotator_B/crops/0ac5bc55aa0dab11bee5.jpg
m4-071-final-v1,B,425a28d9bc75c57ae9b2,401f8a694896363b,SODA-A,570,fedef8669824d08766371eff4fc32422856cd4f58737f2e72287b61d9f0be76d,/home/rspip/cqc/pro/study/orientbench/annotation_tools/m4_angle_annotation/annotator_B/crops/425a28d9bc75c57ae9b2.jpg
m4-071-final-v1,B,57d12962073e69c6da55,f456163a40784f39,SODA-A,571,1a030554074acd75bd54d8c5d0a93faf1d186113190e87494bc9b5526a466334,/home/rspip/cqc/pro/study/orientbench/annotation_tools/m4_angle_annotation/annotator_B/crops/57d12962073e69c6da55.jpg
m4-071-final-v1,B,559a5a8fd6789c476b42,0c83b4ceead03ed5,DIOR-R,572,7bb46222fd96d01d49f5ff2fe23a1a8db6cdf4ee010f568b335d06043f7de5b4,/home/rspip/cqc/pro/study/orientbench/annotation_tools/m4_angle_annotation/annotator_B/crops/559a5a8fd6789c476b42.jpg
m4-071-final-v1,B,3401f44777db75dcac50,567d51555f2724f1,DIOR-R,573,391e906bcaae0170d3a5af26f9d7dc2e002c8fb1e6163dcd5a0634024f3959a7,/home/rspip/cqc/pro/study/orientbench/annotation_tools/m4_angle_annotation/annotator_B/crops/3401f44777db75dcac50.jpg
m4-071-final-v1,B,472d0908aae02e7ca122,f7e9e457833c795d,SODA-A,574,9109b6d535f427c0c7273fa618ca853877d9e401dd687764eabb9f9601e53b41,/home/rspip/cqc/pro/study/orientbench/annotation_tools/m4_angle_annotation/annotator_B/crops/472d0908aae02e7ca122.jpg
m4-071-final-v1,B,7d1ed1513b3bad2b931c,86db733a82358e86,DIOR-R,575,977867212be7bf89bf51f11057e77013b072c2454aecc8b3317d243aa7707b39,/home/rspip/cqc/pro/study/orientbench/annotation_tools/m4_angle_annotation/annotator_B/crops/7d1ed1513b3bad2b931c.jpg
m4-071-final-v1,B,4ad2653c484b83e8885e,182f9f6036feca90,SODA-A,576,14f207ebf97652995e07e25da1d349943ce2a9afbd75f037108c69c85242b4ba,/home/rspip/cqc/pro/study/orientbench/annotation_tools/m4_angle_annotation/annotator_B/crops/4ad2653c484b83e8885e.jpg
m4-071-final-v1,B,80b369a075167088f19d,481ddce95c3bb828,SODA-A,577,0c41ceef52a5827328055f41af4546f10e14413953a3b72aea20e89c9e08a11f,/home/rspip/cqc/pro/study/orientbench/annotation_tools/m4_angle_annotation/annotator_B/crops/80b369a075167088f19d.jpg
m4-071-final-v1,B,e3104de394b226529ad1,22890b10086ca037,FAIR1M-v1.0,578,e02b8b1890c7fb02535243ae32a0a96afbdd2682d28c772ae9081cfcbafe70de,/home/rspip/cqc/pro/study/orientbench/annotation_tools/m4_angle_annotation/annotator_B/crops/e3104de394b226529ad1.jpg
m4-071-final-v1,B,4aadb8f33b16e2c27584,0a7fe4f3b1bc58d5,DIOR-R,579,2c2a9763e7790141ce43399ce9089fa9dc303b3d1b8cc5f804164e292df8b993,/home/rspip/cqc/pro/study/orientbench/annotation_tools/m4_angle_annotation/annotator_B/crops/4aadb8f33b16e2c27584.jpg
m4-071-final-v1,B,08927b0cc688367d4ac2,b98d7746b180e9f9,DIOR-R,580,156c1fe4445ad0a9f7ae983143a23ed76c5bf01ba503b136b0c1bd36f2e7de95,/home/rspip/cqc/pro/study/orientbench/annotation_tools/m4_angle_annotation/annotator_B/crops/08927b0cc688367d4ac2.jpg
m4-071-final-v1,B,a6de4882f4641b924cd9,7ac1a68827ece81a,SODA-A,581,e457a1cc9fef75d6769d4baf9ba1159f4b536d4be899edbae9dd3d72d84d7179,/home/rspip/cqc/pro/study/orientbench/annotation_tools/m4_angle_annotation/annotator_B/crops/a6de4882f4641b924cd9.jpg
m4-071-final-v1,B,2e60de0d92be4fbcae2e,a0a828aad324829d,FAIR1M-v1.0,582,39c1b28871eadc1968276d5ba6fe1bc0f255fbbd0b2c5d0dd1300dfbb4201c95,/home/rspip/cqc/pro/study/orientbench/annotation_tools/m4_angle_annotation/annotator_B/crops/2e60de0d92be4fbcae2e.jpg
m4-071-final-v1,B,843c0a974a058fa1f407,c2a8d155b8ff511b,SODA-A,583,30b9c0b3fadb80f46d3a46f1716cd3ce65d538ba1f40f696e991986e5c60e9fc,/home/rspip/cqc/pro/study/orientbench/annotation_tools/m4_angle_annotation/annotator_B/crops/843c0a974a058fa1f407.jpg
m4-071-final-v1,B,754e92914c74c184d29f,49512572d1faaf62,DIOR-R,584,3796f445650fd75bf1c1e7aca4a1569b27a23432755d4bdbc8dd07c1708f34f0,/home/rspip/cqc/pro/study/orientbench/annotation_tools/m4_angle_annotation/annotator_B/crops/754e92914c74c184d29f.jpg
m4-071-final-v1,B,b2979986caec8457c0ac,120aec1c4c91812e,FAIR1M-v1.0,585,ed620e288661e4a0339323e8e0a9db5111e2a2a265aeaa5bd9f9de0a5e0ba803,/home/rspip/cqc/pro/study/orientbench/annotation_tools/m4_angle_annotation/annotator_B/crops/b2979986caec8457c0ac.jpg
m4-071-final-v1,B,32c7cb6222f821c4b691,0be96f00dd0f76ca,SODA-A,586,5e1d2f5049504b921d49b1af9469ee6266f3854337073ff4873d3c1bf5bf58f1,/home/rspip/cqc/pro/study/orientbench/annotation_tools/m4_angle_annotation/annotator_B/crops/32c7cb6222f821c4b691.jpg
m4-071-final-v1,B,3e33adb9cd86117a22c6,9138659658b630d4,FAIR1M-v1.0,587,838febcaf659a1ce85b4c2359884ce8db69616612adbfa6693fb7a618ce3f853,/home/rspip/cqc/pro/study/orientbench/annotation_tools/m4_angle_annotation/annotator_B/crops/3e33adb9cd86117a22c6.jpg
m4-071-final-v1,B,8c2c28f4e1e1a575145f,fb318a8ea9d116fb,SODA-A,588,f4d27bfd1473358636ab93fd0e4f22b966156cc87e9930e8f99e15c5686d6169,/home/rspip/cqc/pro/study/orientbench/annotation_tools/m4_angle_annotation/annotator_B/crops/8c2c28f4e1e1a575145f.jpg
m4-071-final-v1,B,696e8e04ef984d5a3c9e,5eb8d15117dcbcaa,FAIR1M-v1.0,589,557ecc8d974248aa9d5eb1be6a2ae8e30252bedad8459fb8d1f88fb427f7702e,/home/rspip/cqc/pro/study/orientbench/annotation_tools/m4_angle_annotation/annotator_B/crops/696e8e04ef984d5a3c9e.jpg
m4-071-final-v1,B,db6284e6671dafe152d7,3a39d551af082d5e,FAIR1M-v1.0,590,674371d719702975ce95147642cf46aee21e8c016b62041d86d4ff1239008770,/home/rspip/cqc/pro/study/orientbench/annotation_tools/m4_angle_annotation/annotator_B/crops/db6284e6671dafe152d7.jpg
m4-071-final-v1,B,7593bb0d9759133943b3,253a54b4b0e049d7,SODA-A,591,4fc3c23fe1dde04627db2b303ababc840b3aaf103c9233a6d704499c894d6a6d,/home/rspip/cqc/pro/study/orientbench/annotation_tools/m4_angle_annotation/annotator_B/crops/7593bb0d9759133943b3.jpg
m4-071-final-v1,B,17b0e8dddbdf4a1ebb1c,0ab8a7c1eb26a8c7,FAIR1M-v1.0,592,315bf3433f1d1dd18394854c09462c043958eed45d367b12cfb7dd51f43b41a6,/home/rspip/cqc/pro/study/orientbench/annotation_tools/m4_angle_annotation/annotator_B/crops/17b0e8dddbdf4a1ebb1c.jpg
m4-071-final-v1,B,28e8084dd90e05fa0c3c,c08e88ed70b0aa16,FAIR1M-v1.0,593,a8800470ecd73384c5024eb9186e952ae1df0db657d497ea488ced5705231a71,/home/rspip/cqc/pro/study/orientbench/annotation_tools/m4_angle_annotation/annotator_B/crops/28e8084dd90e05fa0c3c.jpg
m4-071-final-v1,B,49b82f14a38e7da29ad4,a3237ee069fd1c48,DIOR-R,594,233ce63586315ae6812f22bc484e18847d6d77a1fb66c8f29feb7b558de9760a,/home/rspip/cqc/pro/study/orientbench/annotation_tools/m4_angle_annotation/annotator_B/crops/49b82f14a38e7da29ad4.jpg
m4-071-final-v1,B,9ec35c00c71809e0504c,f6e707898056f88e,SODA-A,595,8f68b262b4f7d2c65a698ea376d6fb25b357ba8dcbe0df8c1804c72ee51d0bce,/home/rspip/cqc/pro/study/orientbench/annotation_tools/m4_angle_annotation/annotator_B/crops/9ec35c00c71809e0504c.jpg
m4-071-final-v1,B,75b0f4c12ae2fb9dae5b,773627e9f94208ed,SODA-A,596,cc755de7158a1dc8177662163484b5edaa24d4cc09501f0c03ec3db2de90b1f3,/home/rspip/cqc/pro/study/orientbench/annotation_tools/m4_angle_annotation/annotator_B/crops/75b0f4c12ae2fb9dae5b.jpg
m4-071-final-v1,B,5baae535a6b03f74ab3a,7b6727eb1343ba4f,FAIR1M-v1.0,597,a5406084b844fe4b3342605b221b838895ceef4f0ea044b9c568ff21f0bbfdae,/home/rspip/cqc/pro/study/orientbench/annotation_tools/m4_angle_annotation/annotator_B/crops/5baae535a6b03f74ab3a.jpg
m4-071-final-v1,B,10de22a7e941db2a1bca,b33083659cc1f98f,SODA-A,598,cbe244682e33a1cf8ddd219a06bd950dbc55be546fa8fcc2a7a6752f4e53dd00,/home/rspip/cqc/pro/study/orientbench/annotation_tools/m4_angle_annotation/annotator_B/crops/10de22a7e941db2a1bca.jpg
m4-071-final-v1,B,3391f3d5bae589d772a6,82468abcf6f750ab,DIOR-R,599,18fa794587e60526ba0536809467f0db0e89f046973d3b5fefe821c29fd65654,/home/rspip/cqc/pro/study/orientbench/annotation_tools/m4_angle_annotation/annotator_B/crops/3391f3d5bae589d772a6.jpg
m4-071-final-v1,B,e75a286885d68723f8b8,a19bdbe0b262029a,FAIR1M-v1.0,600,b451962859f1b9d456acddcf36aa8edbd94d4e33dbcf764963cd2299aa7cbf1b,/home/rspip/cqc/pro/study/orientbench/annotation_tools/m4_angle_annotation/annotator_B/crops/e75a286885d68723f8b8.jpg
m4-071-final-v1,B,4ca4e6ad2d9c4c2afecb,38a15fc145e81103,FAIR1M-v1.0,601,55f36df440a0cde2c09d606c6623ee31b3d3f618ea0a2a0f0e77041e70222699,/home/rspip/cqc/pro/study/orientbench/annotation_tools/m4_angle_annotation/annotator_B/crops/4ca4e6ad2d9c4c2afecb.jpg
m4-071-final-v1,B,9ba4fdbc9e03d210c036,15744683a748fd91,DIOR-R,602,c1b2863e6b14c851ca15b85057a3a105d36f76d363da5cf06d8827130fe21666,/home/rspip/cqc/pro/study/orientbench/annotation_tools/m4_angle_annotation/annotator_B/crops/9ba4fdbc9e03d210c036.jpg
m4-071-final-v1,B,53070a5805bd4f7ee1f3,6bb1a65609b41cad,FAIR1M-v1.0,603,36fdc0772bb70c393c9d2884e2c4a6fd4516e50fb1e4357b5a86e0ea1595eb96,/home/rspip/cqc/pro/study/orientbench/annotation_tools/m4_angle_annotation/annotator_B/crops/53070a5805bd4f7ee1f3.jpg
m4-071-final-v1,B,79dfb153847d5e8c9623,39698a6deeced908,FAIR1M-v1.0,604,c9d7cc81271a98276170f6ae7935f3e42f3703fb163c7010bd4ec3ebd1d39b2a,/home/rspip/cqc/pro/study/orientbench/annotation_tools/m4_angle_annotation/annotator_B/crops/79dfb153847d5e8c9623.jpg
m4-071-final-v1,B,b4921153faa7d179bd92,95496f30b5c0a33e,FAIR1M-v1.0,605,9e7fd1e3ac8b51ce529fb63a55de91f834145605d7da9bdd840a50c43d92d416,/home/rspip/cqc/pro/study/orientbench/annotation_tools/m4_angle_annotation/annotator_B/crops/b4921153faa7d179bd92.jpg
m4-071-final-v1,B,f3410d59b6eecf5a07dd,865b9f1cf3c1fb11,DIOR-R,606,beed6c0c40710b90d45b0e50d3f354049d059e99d7851c8790fd8476cc318f32,/home/rspip/cqc/pro/study/orientbench/annotation_tools/m4_angle_annotation/annotator_B/crops/f3410d59b6eecf5a07dd.jpg
m4-071-final-v1,B,db7b56f59b21bb165554,37b069f90cdabbf4,SODA-A,607,6340f694b59c212e7abee8c1b28fbe8b2e90a7f50cb03976649ed55d187dd444,/home/rspip/cqc/pro/study/orientbench/annotation_tools/m4_angle_annotation/annotator_B/crops/db7b56f59b21bb165554.jpg
m4-071-final-v1,B,990f15517fd389a700ee,38153dc8be349a37,FAIR1M-v1.0,608,477089c8dc9dbbe250d8eb745a5e104d9aa20414146f60970d15423ea0c8a656,/home/rspip/cqc/pro/study/orientbench/annotation_tools/m4_angle_annotation/annotator_B/crops/990f15517fd389a700ee.jpg
m4-071-final-v1,B,c9b7f1d4902b0b969101,c5d3739c5d2e3840,SODA-A,609,26538645cb59092321308a9614c0201fa0aa66ff9ab008ca7bde7fcf5216cf89,/home/rspip/cqc/pro/study/orientbench/annotation_tools/m4_angle_annotation/annotator_B/crops/c9b7f1d4902b0b969101.jpg
m4-071-final-v1,B,d4e5f577ccfc7fd32aca,4a9ceb2356189661,DIOR-R,610,cdc0e0eb523acda8370c8ebc2b73e2a2fd030bab51551060377fbe415ae6b051,/home/rspip/cqc/pro/study/orientbench/annotation_tools/m4_angle_annotation/annotator_B/crops/d4e5f577ccfc7fd32aca.jpg
m4-071-final-v1,B,2bc659f9f17a7785a3c8,ba4afb46d40d97cd,DIOR-R,611,fff72b7ce364281c1038f0c0fec8c33e171c83c43f1b5fe747c2ce0960bd9456,/home/rspip/cqc/pro/study/orientbench/annotation_tools/m4_angle_annotation/annotator_B/crops/2bc659f9f17a7785a3c8.jpg
m4-071-final-v1,B,eb7209058b13484e9f67,a1b5c18a8719cff5,DIOR-R,612,80a338f305326ab6ff387934b9b7a320195574d3594f7cfe88edf46943d49315,/home/rspip/cqc/pro/study/orientbench/annotation_tools/m4_angle_annotation/annotator_B/crops/eb7209058b13484e9f67.jpg
m4-071-final-v1,B,f76b66d31f69c5e51a0e,d3aafeb7389f655d,SODA-A,613,61b50759f434aa3ce5eaa91e6812afa36a39148a0fa2bf3d138157bd7f6ea2c6,/home/rspip/cqc/pro/study/orientbench/annotation_tools/m4_angle_annotation/annotator_B/crops/f76b66d31f69c5e51a0e.jpg
m4-071-final-v1,B,86f16a3a4724b0f24774,984012c82e935fe7,SODA-A,614,dee3712e50a058fa598c26923df7fd7011e093f92fa4daf8f0cbf8c9d016af9d,/home/rspip/cqc/pro/study/orientbench/annotation_tools/m4_angle_annotation/annotator_B/crops/86f16a3a4724b0f24774.jpg
m4-071-final-v1,B,4f606191ff1badddc70c,e9f510e96989097a,DIOR-R,615,48d5c5a728b4b1fb8a894e63f7f33995c7247d59c1cba74a223960dea2710100,/home/rspip/cqc/pro/study/orientbench/annotation_tools/m4_angle_annotation/annotator_B/crops/4f606191ff1badddc70c.jpg
m4-071-final-v1,B,961caadd493470b6f441,c9a58591d176bdef,DIOR-R,616,b80b12471d6257ab30f93b600a651d276eae78806eeb24c06846a84eab1afbcd,/home/rspip/cqc/pro/study/orientbench/annotation_tools/m4_angle_annotation/annotator_B/crops/961caadd493470b6f441.jpg
m4-071-final-v1,B,e69e6d0e0fcccf4903c3,6856a38befabfe10,FAIR1M-v1.0,617,86cc4c09167835c90e53df07df6eec08a5dab16eabdd578eee80a13fdd7e72a9,/home/rspip/cqc/pro/study/orientbench/annotation_tools/m4_angle_annotation/annotator_B/crops/e69e6d0e0fcccf4903c3.jpg
m4-071-final-v1,B,be78d1ed7b681c90e493,3fab56fa4e0c7c8f,DIOR-R,618,155baba01c45da7370eb0a944b6a420b5858f9cd3f3bba8e7258fe7dac6f1b88,/home/rspip/cqc/pro/study/orientbench/annotation_tools/m4_angle_annotation/annotator_B/crops/be78d1ed7b681c90e493.jpg
m4-071-final-v1,B,50e6e9859417e8b88bec,89467b835d3e4fde,FAIR1M-v1.0,619,7a890eab63966bac388c84c9d2b45019d8444b9c42904fae692942e7ee2ef93c,/home/rspip/cqc/pro/study/orientbench/annotation_tools/m4_angle_annotation/annotator_B/crops/50e6e9859417e8b88bec.jpg
m4-071-final-v1,B,1fc8ac12b048aca32513,dc02150225901330,FAIR1M-v1.0,620,fc96cd9df05d327f72c328c0d81745dd4cb823f22d9e4c6cc3c80db9402aa605,/home/rspip/cqc/pro/study/orientbench/annotation_tools/m4_angle_annotation/annotator_B/crops/1fc8ac12b048aca32513.jpg
m4-071-final-v1,B,f7413b031d094269db0d,9a9b369896982dc9,SODA-A,621,f6caba3d1d48b894c769eb9ae325c7bf4b006ecf831315f24720b6cbb8f4fae2,/home/rspip/cqc/pro/study/orientbench/annotation_tools/m4_angle_annotation/annotator_B/crops/f7413b031d094269db0d.jpg
m4-071-final-v1,B,810eacef4a4a31df3c9d,3c90a6fc52ec6b07,FAIR1M-v1.0,622,d7c09e012036aed3e5b5c9071864c8febad65d4f1c07c3397d7f489938ecaba2,/home/rspip/cqc/pro/study/orientbench/annotation_tools/m4_angle_annotation/annotator_B/crops/810eacef4a4a31df3c9d.jpg
m4-071-final-v1,B,b2e1dea0725b5c26ea7e,0132ee76f5bf1993,DIOR-R,623,b320590b26e45c3f1182e1e5ef8e59067f85169df03a341f835199d64d9ff00b,/home/rspip/cqc/pro/study/orientbench/annotation_tools/m4_angle_annotation/annotator_B/crops/b2e1dea0725b5c26ea7e.jpg
m4-071-final-v1,B,135fcf474087b5111a3c,345a015c596cc516,FAIR1M-v1.0,624,6428af9340066f1f9b171d7562ce0519b5bebd4780aba6b55352e6db345ea7d5,/home/rspip/cqc/pro/study/orientbench/annotation_tools/m4_angle_annotation/annotator_B/crops/135fcf474087b5111a3c.jpg
m4-071-final-v1,B,f46419725561a306406b,1d5085e897bfd35e,FAIR1M-v1.0,625,437c8a7070ead69490a4f52a3fd07cb3dc55d77f9eeb1584bf171952ac720b7d,/home/rspip/cqc/pro/study/orientbench/annotation_tools/m4_angle_annotation/annotator_B/crops/f46419725561a306406b.jpg
m4-071-final-v1,B,60594edf4346364a30d7,d0fc02091dd4e903,SODA-A,626,f936091e7708bf41677adf35b28fbc3c7c507b5c87c91e8575f983eb52445866,/home/rspip/cqc/pro/study/orientbench/annotation_tools/m4_angle_annotation/annotator_B/crops/60594edf4346364a30d7.jpg
m4-071-final-v1,B,2f3b142e70be086cbe28,40ecabc841b73bd9,FAIR1M-v1.0,627,efe521f8566b6535c9e16765d2a4a560fed5c204810d21dd5741b38e27b70751,/home/rspip/cqc/pro/study/orientbench/annotation_tools/m4_angle_annotation/annotator_B/crops/2f3b142e70be086cbe28.jpg
m4-071-final-v1,B,cb8f0177842c79c0cf17,11defb30246f889f,SODA-A,628,a0a4748c4208e819aa0581bf5a18de78df3b0eaa0d05a8adb620e8cb5270e415,/home/rspip/cqc/pro/study/orientbench/annotation_tools/m4_angle_annotation/annotator_B/crops/cb8f0177842c79c0cf17.jpg
m4-071-final-v1,B,883135978c7edb212631,5d0c9d350f83e012,FAIR1M-v1.0,629,44e11a5ee5776fa5c41141990b7f752bad3e408f5030c775e65b3742eb61c750,/home/rspip/cqc/pro/study/orientbench/annotation_tools/m4_angle_annotation/annotator_B/crops/883135978c7edb212631.jpg
m4-071-final-v1,B,fd9b1e52dd8dfc3a6dde,a76cf38f4d890393,SODA-A,630,bda651e8e44c3bafc6ad6fed5238ff09f2f55930d7fd3bb65a679712d078eb11,/home/rspip/cqc/pro/study/orientbench/annotation_tools/m4_angle_annotation/annotator_B/crops/fd9b1e52dd8dfc3a6dde.jpg
m4-071-final-v1,B,11d369514255dc87f487,d452cf2a348cbe92,DIOR-R,631,f2aa7ab0abc50c9389d0cd8ef37bae42854ed4951619cf4152e53994e154e6ba,/home/rspip/cqc/pro/study/orientbench/annotation_tools/m4_angle_annotation/annotator_B/crops/11d369514255dc87f487.jpg
m4-071-final-v1,B,e080f204a4390d760ab0,d2f352fc322cd649,FAIR1M-v1.0,632,9602ddb8d381808f32050c5242377c90ac743c31fa04e64e30af9eb5dd8d0216,/home/rspip/cqc/pro/study/orientbench/annotation_tools/m4_angle_annotation/annotator_B/crops/e080f204a4390d760ab0.jpg
m4-071-final-v1,B,dcf2228533af680fd6ad,41b62e504e8a3961,FAIR1M-v1.0,633,5e067e46285e4211b96326c2d0b5105c9a02972b1c678cab490a0fc0846fe894,/home/rspip/cqc/pro/study/orientbench/annotation_tools/m4_angle_annotation/annotator_B/crops/dcf2228533af680fd6ad.jpg
m4-071-final-v1,B,2a5daf18807a0143ef11,4aa211346a0b64c5,FAIR1M-v1.0,634,2c351e5a4e5ed0de8f2370e7e6fb25f7e49f2f3da7618ceb8ddaa32f0b5a3490,/home/rspip/cqc/pro/study/orientbench/annotation_tools/m4_angle_annotation/annotator_B/crops/2a5daf18807a0143ef11.jpg
m4-071-final-v1,B,e8a726da808c531ac694,8e07f12d0fdb2863,FAIR1M-v1.0,635,5d5e6db31d0dfcab9d097edbd32ab9218692b8db0a9416a9da2628559b80741c,/home/rspip/cqc/pro/study/orientbench/annotation_tools/m4_angle_annotation/annotator_B/crops/e8a726da808c531ac694.jpg
m4-071-final-v1,B,f17d26c94a611688294d,57ab41370f125a99,DIOR-R,636,ea50b97c643c8e457cb6e16debc0c4989585a9352c9433348a5876729dd0938e,/home/rspip/cqc/pro/study/orientbench/annotation_tools/m4_angle_annotation/annotator_B/crops/f17d26c94a611688294d.jpg
m4-071-final-v1,B,c33f86cc4264120f1d8e,543f66b9bcbee011,DIOR-R,637,34d0d2688875322b3cd8794e1bbef7506e001dd7f8fc7cd1c5e909a0ff93db38,/home/rspip/cqc/pro/study/orientbench/annotation_tools/m4_angle_annotation/annotator_B/crops/c33f86cc4264120f1d8e.jpg
m4-071-final-v1,B,e1bae5037f4459ae711a,d09241ae3035c727,SODA-A,638,68bcb41752c5683a7eb8157325a73ed5dc1843e83f925141ed841f1327a168fc,/home/rspip/cqc/pro/study/orientbench/annotation_tools/m4_angle_annotation/annotator_B/crops/e1bae5037f4459ae711a.jpg
m4-071-final-v1,B,37945d8945b7639fd422,249b60a5ece8642d,DIOR-R,639,e8c8d1fbb940b9e08ae0687e8b875308f01844e14a48f2bfea24eecb8bb9d99f,/home/rspip/cqc/pro/study/orientbench/annotation_tools/m4_angle_annotation/annotator_B/crops/37945d8945b7639fd422.jpg
m4-071-final-v1,B,c11cb43ed1677f99ff97,8e56ac53539699d1,SODA-A,640,80ebfafac0a4c6874b21852f5f246f1eba26f4b23fba6bbeda95197ac63c59ee,/home/rspip/cqc/pro/study/orientbench/annotation_tools/m4_angle_annotation/annotator_B/crops/c11cb43ed1677f99ff97.jpg
m4-071-final-v1,B,e70c12af79e625e4744d,86eefdfc61bd02b3,DIOR-R,641,c3261a46900185190ffddca0eb1c4d2f50de2aa70034e3f6a0f8b1ff36236bf8,/home/rspip/cqc/pro/study/orientbench/annotation_tools/m4_angle_annotation/annotator_B/crops/e70c12af79e625e4744d.jpg
m4-071-final-v1,B,5b2e8096909d60487cb6,54de968e6da39544,SODA-A,642,d5ee56d3dcb32af5e53288fef00d458117056607a85372072e984350f959074a,/home/rspip/cqc/pro/study/orientbench/annotation_tools/m4_angle_annotation/annotator_B/crops/5b2e8096909d60487cb6.jpg
m4-071-final-v1,B,c3d0b1f008397a07bb6e,29d9a4b01d151c51,DIOR-R,643,91aef390edf34842dc3f6cac6d0c467d58e557276111232e317938b40141e99c,/home/rspip/cqc/pro/study/orientbench/annotation_tools/m4_angle_annotation/annotator_B/crops/c3d0b1f008397a07bb6e.jpg
m4-071-final-v1,B,87c1b41402b59fd68eda,c1e89aee6315e199,FAIR1M-v1.0,644,ef4bf288cf85248d0825bdc6aa357b5564ef846a1e7e1948d2160dc8efa8bfc6,/home/rspip/cqc/pro/study/orientbench/annotation_tools/m4_angle_annotation/annotator_B/crops/87c1b41402b59fd68eda.jpg
m4-071-final-v1,B,62bb554cca06b40c2148,6c2d7e5fe97e3805,FAIR1M-v1.0,645,62d31c9c246f4de608a505fd1268d1bfcdb0dbcb54be80f94daf873daafa4f97,/home/rspip/cqc/pro/study/orientbench/annotation_tools/m4_angle_annotation/annotator_B/crops/62bb554cca06b40c2148.jpg
m4-071-final-v1,B,d0495d898b60bf814f63,b563d9f6ead4a4c7,SODA-A,646,128f133fb3a5ea194c5159475ae178fbb224f9a2d686a3f22104572cffd20a26,/home/rspip/cqc/pro/study/orientbench/annotation_tools/m4_angle_annotation/annotator_B/crops/d0495d898b60bf814f63.jpg
m4-071-final-v1,B,bf13d695abdb4752b47a,5b7baf27cd87e21d,DIOR-R,647,ef193c50b70d900b35736c4d3f944496f88cfdad2871f6545b3fcc755e46bd64,/home/rspip/cqc/pro/study/orientbench/annotation_tools/m4_angle_annotation/annotator_B/crops/bf13d695abdb4752b47a.jpg
m4-071-final-v1,B,e9247826ae6b4899c510,791f633b8f409062,DIOR-R,648,1fdf83bbc2c9a2218995c32a21e235ac6ee262781c2c7b87c26438c145e3c1d8,/home/rspip/cqc/pro/study/orientbench/annotation_tools/m4_angle_annotation/annotator_B/crops/e9247826ae6b4899c510.jpg
m4-071-final-v1,B,dca857e155b3f15618ee,15d457a387a2f61e,DIOR-R,649,22f71b7a7ba25f2c6f0756456ccb4a618a552b94d2a1f14dcc32287330e82a7c,/home/rspip/cqc/pro/study/orientbench/annotation_tools/m4_angle_annotation/annotator_B/crops/dca857e155b3f15618ee.jpg
m4-071-final-v1,B,3cf3eae8a3f4a7dc29ac,4f3c434881c5d57f,FAIR1M-v1.0,650,e88d34ae4eb98f46aacf000961f8672643eb83d9b68f7268cdf5591ef41a1b77,/home/rspip/cqc/pro/study/orientbench/annotation_tools/m4_angle_annotation/annotator_B/crops/3cf3eae8a3f4a7dc29ac.jpg
m4-071-final-v1,B,ba746ac11577563457c8,2c886f392668d0b7,DIOR-R,651,5a83c417eb2a06fee2c52dbd2f4521680928fae2729d6d4f6ea8a4f0a0a2cd90,/home/rspip/cqc/pro/study/orientbench/annotation_tools/m4_angle_annotation/annotator_B/crops/ba746ac11577563457c8.jpg
m4-071-final-v1,B,146f8f60f0d7bb20c3cc,4f626dc5e91d3ba0,SODA-A,652,5bec1715a92e0ecef25987aff43782ba3c109f2ad1f781eec5345b907b41d913,/home/rspip/cqc/pro/study/orientbench/annotation_tools/m4_angle_annotation/annotator_B/crops/146f8f60f0d7bb20c3cc.jpg
m4-071-final-v1,B,da1d41f67fb21c002171,0f5e4239d2b87646,DIOR-R,653,df818d8ea8ee2e7d8ad38070b5c22b8aff5aea297f3976c4b61389aa9faee5bb,/home/rspip/cqc/pro/study/orientbench/annotation_tools/m4_angle_annotation/annotator_B/crops/da1d41f67fb21c002171.jpg
m4-071-final-v1,B,5a72042856a71861fd9a,ffac2a7ca9776fb0,SODA-A,654,a5ab72eaa7e8738b91b2551beebc3ece4a1c246bd0720332b8a2512594d0ec2c,/home/rspip/cqc/pro/study/orientbench/annotation_tools/m4_angle_annotation/annotator_B/crops/5a72042856a71861fd9a.jpg
m4-071-final-v1,B,c4360749aa73c9540180,8781c1c5718500ed,DIOR-R,655,9538a8e2c43638726bb76b0fb4a52258bb18bc02645901c1e075a026e025d069,/home/rspip/cqc/pro/study/orientbench/annotation_tools/m4_angle_annotation/annotator_B/crops/c4360749aa73c9540180.jpg
m4-071-final-v1,B,677ef0f09e3b3ce1b800,ea203777c3f8871a,SODA-A,656,ef06e577195fb7841b0ff448fc867d516d8340fcaff97c8803dbed222fce2d23,/home/rspip/cqc/pro/study/orientbench/annotation_tools/m4_angle_annotation/annotator_B/crops/677ef0f09e3b3ce1b800.jpg
m4-071-final-v1,B,611c59b756b74dae7983,cb646e24eb5b85b4,SODA-A,657,f3b71b1c294fd5229e05546f71adc1b0b36d5ff991dacb652ac2bb87d9268979,/home/rspip/cqc/pro/study/orientbench/annotation_tools/m4_angle_annotation/annotator_B/crops/611c59b756b74dae7983.jpg
m4-071-final-v1,B,6c3514a33f22b55159a4,330a5c6bc5d7286b,DIOR-R,658,98bd49df356ce0de6378f1d2992b0b254a9a647ad7eafd0b039a90baddf1fdcf,/home/rspip/cqc/pro/study/orientbench/annotation_tools/m4_angle_annotation/annotator_B/crops/6c3514a33f22b55159a4.jpg
m4-071-final-v1,B,00b80cb6c0903d5423d1,e7724176526d2a6f,DIOR-R,659,b4451b0184bda6652384177d4c752898312c6672b84faf1fbdc050c7f7f6bc80,/home/rspip/cqc/pro/study/orientbench/annotation_tools/m4_angle_annotation/annotator_B/crops/00b80cb6c0903d5423d1.jpg
m4-071-final-v1,B,7c5e0c314a0cd1801510,76a721fd45640f0f,DIOR-R,660,7896d2f60546b6d1307a784b125e1b85ef451aeb009b0cf2dc8b05a077c46392,/home/rspip/cqc/pro/study/orientbench/annotation_tools/m4_angle_annotation/annotator_B/crops/7c5e0c314a0cd1801510.jpg
m4-071-final-v1,B,d9e8c78ce1ee1c26df7c,5a3edcb6cc00fdea,DIOR-R,661,650077fb058ca881aa9484eff86bfc834467ae26b7b1112420e5ea082d7efa5f,/home/rspip/cqc/pro/study/orientbench/annotation_tools/m4_angle_annotation/annotator_B/crops/d9e8c78ce1ee1c26df7c.jpg
m4-071-final-v1,B,7df42f45e6aa34767a66,86e4898759bfa621,SODA-A,662,03f8cb4089aa2d4498fb20324be75e5d21a444d9662914c8d49e2c4bf0942c75,/home/rspip/cqc/pro/study/orientbench/annotation_tools/m4_angle_annotation/annotator_B/crops/7df42f45e6aa34767a66.jpg
m4-071-final-v1,B,e9e15517b8aea6923bb8,a669b187737bc6d4,SODA-A,663,b66dae86d263b4f635c48f263a4083791e16110e3fb73c7ad4114c60a1ba4b0d,/home/rspip/cqc/pro/study/orientbench/annotation_tools/m4_angle_annotation/annotator_B/crops/e9e15517b8aea6923bb8.jpg
m4-071-final-v1,B,6888aaa2e6797dda7ff9,1fb12cbfe6de5a6a,SODA-A,664,099aabcad38b34545d459f99c2ba1f8cfa8b3b5cf28a0a5be96b00cb667d0c97,/home/rspip/cqc/pro/study/orientbench/annotation_tools/m4_angle_annotation/annotator_B/crops/6888aaa2e6797dda7ff9.jpg
m4-071-final-v1,B,d8ae8565f264cf64d61b,61153cb38a3fded6,FAIR1M-v1.0,665,c84f1de8a21a0afcee52f7e6ce688148bfb276c8e26f5c8cba8a09b77dab8ea8,/home/rspip/cqc/pro/study/orientbench/annotation_tools/m4_angle_annotation/annotator_B/crops/d8ae8565f264cf64d61b.jpg
m4-071-final-v1,B,ca94c90a395bc926ae09,2b87117a74226e29,FAIR1M-v1.0,666,c2a953bd15babbfda83e3786d3886005ac17d16d96994d88023c2ac6f341995c,/home/rspip/cqc/pro/study/orientbench/annotation_tools/m4_angle_annotation/annotator_B/crops/ca94c90a395bc926ae09.jpg
m4-071-final-v1,B,0053354e781989fe9ab3,4c0e015b932a7a23,SODA-A,667,7ecf05aced44508aed664a7014a29b46bf9433eaca6d9e4d3fd865b44345ab2d,/home/rspip/cqc/pro/study/orientbench/annotation_tools/m4_angle_annotation/annotator_B/crops/0053354e781989fe9ab3.jpg
m4-071-final-v1,B,ecccf59e29a88b011797,33fbcb2f82fa2958,DIOR-R,668,021a5d9c271fc1a7cf9afecc0eff5dc008991aae1186c9e907399ae1adcad664,/home/rspip/cqc/pro/study/orientbench/annotation_tools/m4_angle_annotation/annotator_B/crops/ecccf59e29a88b011797.jpg
m4-071-final-v1,B,2e416153a75cfe10e1d0,e6fa96ef1a3d90a1,SODA-A,669,77602fe6600cb20cbcfee744cb0520c90f4d863fb360ac5575f5812c71fcf1a3,/home/rspip/cqc/pro/study/orientbench/annotation_tools/m4_angle_annotation/annotator_B/crops/2e416153a75cfe10e1d0.jpg
m4-071-final-v1,B,0073d2d90111af2ad0d7,736d7373ee6c08e5,DIOR-R,670,29cc41c774104e98e5b69d4ea8975bf25504c546207c0851d67848d8b9915369,/home/rspip/cqc/pro/study/orientbench/annotation_tools/m4_angle_annotation/annotator_B/crops/0073d2d90111af2ad0d7.jpg
m4-071-final-v1,B,694d7fc538495a8a5840,e1edd084a053254a,SODA-A,671,2a9e4ed15d2df7f0550750b629f1974eb287025f1ba5e3b1d45075badd9d1c1d,/home/rspip/cqc/pro/study/orientbench/annotation_tools/m4_angle_annotation/annotator_B/crops/694d7fc538495a8a5840.jpg
m4-071-final-v1,B,69f3d9bdd0a0936ef8c7,e41fe55f4025277b,FAIR1M-v1.0,672,74f060fc6ecd4b9fcf30df4ce05a9844957d3ba5b7460a0977d566a2ef54f298,/home/rspip/cqc/pro/study/orientbench/annotation_tools/m4_angle_annotation/annotator_B/crops/69f3d9bdd0a0936ef8c7.jpg
m4-071-final-v1,B,eb49fa9887c913f7043e,352e21a5cc5c0892,SODA-A,673,1a278c98fad1e9a76c8218dde564440e291efeb622dedb992f44e91862d6aaf4,/home/rspip/cqc/pro/study/orientbench/annotation_tools/m4_angle_annotation/annotator_B/crops/eb49fa9887c913f7043e.jpg
m4-071-final-v1,B,9fdf3671718fec725ffa,0898406f9791d54f,DIOR-R,674,eac452c43bc065177b61235884345915a81267a4543b8175f275f0efd67c0806,/home/rspip/cqc/pro/study/orientbench/annotation_tools/m4_angle_annotation/annotator_B/crops/9fdf3671718fec725ffa.jpg
m4-071-final-v1,B,41db8388513f18ce232a,1b3fdc49e617b7d7,FAIR1M-v1.0,675,14a11aafdf5a5270c840744606221b8608ad034bd771752bbc7f8606f5e2e412,/home/rspip/cqc/pro/study/orientbench/annotation_tools/m4_angle_annotation/annotator_B/crops/41db8388513f18ce232a.jpg
m4-071-final-v1,B,228dafd800310a98cb73,4bb2e82e9f09a66c,SODA-A,676,3050decd8cf9435d5e5c79b78655292bcea0981179b1b3ea6d40c66afa123e83,/home/rspip/cqc/pro/study/orientbench/annotation_tools/m4_angle_annotation/annotator_B/crops/228dafd800310a98cb73.jpg
m4-071-final-v1,B,e3b0bd08f066b27aa576,4e6910295e84cdd1,FAIR1M-v1.0,677,2f8095cbf1572081c85395fcc6413beea1e633ac3045e238378736c3f7ea72ea,/home/rspip/cqc/pro/study/orientbench/annotation_tools/m4_angle_annotation/annotator_B/crops/e3b0bd08f066b27aa576.jpg
m4-071-final-v1,B,fc08b1a8d391fc9592ec,bdc8abbd6b2cc73d,SODA-A,678,821a8f315427a7418309ac4caa0d12c5b02f5f0a133c0a178947803eec4e3e31,/home/rspip/cqc/pro/study/orientbench/annotation_tools/m4_angle_annotation/annotator_B/crops/fc08b1a8d391fc9592ec.jpg
m4-071-final-v1,B,5897bf3022572e937a5e,59856cbc7da4a743,SODA-A,679,484a9b39276ed761448941cfe9bfecc2d83e6c2b218921df43f3e6dad6171b3a,/home/rspip/cqc/pro/study/orientbench/annotation_tools/m4_angle_annotation/annotator_B/crops/5897bf3022572e937a5e.jpg
m4-071-final-v1,B,6a23d1ac02ca7ef35b01,7f911210ac9fb645,DIOR-R,680,a74991be2ae3021443f8e846614f1adc2f403b9b3115e468e0c032f58b774dcf,/home/rspip/cqc/pro/study/orientbench/annotation_tools/m4_angle_annotation/annotator_B/crops/6a23d1ac02ca7ef35b01.jpg
m4-071-final-v1,B,0dd0d406de1c6b1a7ec8,bc3d945611110382,DIOR-R,681,d227f65bc7da5477fddd6782cb8dcd37234c09842e30bba13af5735e5f51e3f6,/home/rspip/cqc/pro/study/orientbench/annotation_tools/m4_angle_annotation/annotator_B/crops/0dd0d406de1c6b1a7ec8.jpg
m4-071-final-v1,B,622e09e17ae38acd679f,139ce531458c8075,DIOR-R,682,830330c226ec879c118d0a876a04863f480531be453933373cb6071e514ef925,/home/rspip/cqc/pro/study/orientbench/annotation_tools/m4_angle_annotation/annotator_B/crops/622e09e17ae38acd679f.jpg
m4-071-final-v1,B,efd68a19a9c2ea9f3c8f,9b00e65168dedd02,SODA-A,683,ce08ed832e04d8252644677e3d8d58a0f3ebe0b02ddcfec9b3edd290f0527308,/home/rspip/cqc/pro/study/orientbench/annotation_tools/m4_angle_annotation/annotator_B/crops/efd68a19a9c2ea9f3c8f.jpg
m4-071-final-v1,B,3ec66a65a7d3e6254b04,cef45ee2000957fa,SODA-A,684,3703daa61aac3a1e6786bdd85698c85dccc73511c9a8ae1bf1fe8062768b46e9,/home/rspip/cqc/pro/study/orientbench/annotation_tools/m4_angle_annotation/annotator_B/crops/3ec66a65a7d3e6254b04.jpg
m4-071-final-v1,B,e940ae7db2db577182af,6a9ccf6a87090b46,SODA-A,685,b6af0b6f7bb4619240cd008067a4c9b76ab0b2ec69067568770c80a1aa655351,/home/rspip/cqc/pro/study/orientbench/annotation_tools/m4_angle_annotation/annotator_B/crops/e940ae7db2db577182af.jpg
m4-071-final-v1,B,905742a45cac50764aa5,c5dd041d431c1f23,DIOR-R,686,654ea125b884685c98950c769044227fd87734786df775eeee0460c5efa2112e,/home/rspip/cqc/pro/study/orientbench/annotation_tools/m4_angle_annotation/annotator_B/crops/905742a45cac50764aa5.jpg
m4-071-final-v1,B,12311895ddbe76f9e34d,9404c8b80582a71c,DIOR-R,687,edc27758fe4b1b0dd8237228d0297077272ccfd72494f4197e31c23605ef0ca6,/home/rspip/cqc/pro/study/orientbench/annotation_tools/m4_angle_annotation/annotator_B/crops/12311895ddbe76f9e34d.jpg
m4-071-final-v1,B,ba6b4d2d631db678cf4c,c0a6b7d9eb44f5cf,SODA-A,688,77530039d15e35def550e3799dd237177dc99803d79a325e4d8f033b539a9759,/home/rspip/cqc/pro/study/orientbench/annotation_tools/m4_angle_annotation/annotator_B/crops/ba6b4d2d631db678cf4c.jpg
m4-071-final-v1,B,c368b3bf5b4020e1a3b0,c9233d68e261e3b4,SODA-A,689,d56967f3ca93331ec2e6b7d1eb4e965b7f5e449a6d7ce1d453d71717eb610768,/home/rspip/cqc/pro/study/orientbench/annotation_tools/m4_angle_annotation/annotator_B/crops/c368b3bf5b4020e1a3b0.jpg
m4-071-final-v1,B,2e0da6aa4e9fe8487491,62d1cbc614d2e106,SODA-A,690,ad20810e63bb5f5535433b11637f681619fb1a4b008c95745b946c3055757a55,/home/rspip/cqc/pro/study/orientbench/annotation_tools/m4_angle_annotation/annotator_B/crops/2e0da6aa4e9fe8487491.jpg
m4-071-final-v1,B,1cd03d650a2645fce300,2c8a314650656d41,FAIR1M-v1.0,691,cff33ca34657dea7781c7e0e28e81c1d0c9c3f58831e13140628a6b1a9439575,/home/rspip/cqc/pro/study/orientbench/annotation_tools/m4_angle_annotation/annotator_B/crops/1cd03d650a2645fce300.jpg
m4-071-final-v1,B,ff4cae40d47610e5fbd8,397fa883fb6fc516,DIOR-R,692,4c16f305eb48df4b4d651c5a4591eb3628e8058ad8d4ce06fee7df3e279f8222,/home/rspip/cqc/pro/study/orientbench/annotation_tools/m4_angle_annotation/annotator_B/crops/ff4cae40d47610e5fbd8.jpg
m4-071-final-v1,B,5ec62feacbb80bd5ff8a,7f21f37a6e7d6f24,FAIR1M-v1.0,693,8dfac143b13b62e5815e5402e4da831e94b5b7780b560c5afd107aa689656414,/home/rspip/cqc/pro/study/orientbench/annotation_tools/m4_angle_annotation/annotator_B/crops/5ec62feacbb80bd5ff8a.jpg
m4-071-final-v1,B,7195f23ef40a083e960d,26ad5b9bc0ac7efb,SODA-A,694,d4893b757e47a29660abe09c4e1ea0d22ebd347813399d89ceacd41f355b7812,/home/rspip/cqc/pro/study/orientbench/annotation_tools/m4_angle_annotation/annotator_B/crops/7195f23ef40a083e960d.jpg
m4-071-final-v1,B,d8c2ac83db743a8a6e8a,53e7f9cc7f484422,FAIR1M-v1.0,695,04b704c14718fba1efceb76c66ef449cadafe06b851e87448bbf6d5aa6c5f961,/home/rspip/cqc/pro/study/orientbench/annotation_tools/m4_angle_annotation/annotator_B/crops/d8c2ac83db743a8a6e8a.jpg
m4-071-final-v1,B,8dc552b4e1c26dea0eac,16232ea75bad0024,SODA-A,696,4a5cac2e4580fb862194b8c3192feef2ce0a705bd226e2f55038a6d3f567b340,/home/rspip/cqc/pro/study/orientbench/annotation_tools/m4_angle_annotation/annotator_B/crops/8dc552b4e1c26dea0eac.jpg
m4-071-final-v1,B,7b4451c6e9581d80283e,4b2a9d276b16da45,FAIR1M-v1.0,697,3488b87dca1d334ddacbc71141bd34924ba1dbc4a3ecf889c82be3df34a6882b,/home/rspip/cqc/pro/study/orientbench/annotation_tools/m4_angle_annotation/annotator_B/crops/7b4451c6e9581d80283e.jpg
m4-071-final-v1,B,040ef01f5c31df720db4,0aba074f8cf61c54,FAIR1M-v1.0,698,1af31c2d95faedb091f2b31a5f5b5e016bd40a888abe8de98df0a70afdb86f2a,/home/rspip/cqc/pro/study/orientbench/annotation_tools/m4_angle_annotation/annotator_B/crops/040ef01f5c31df720db4.jpg
m4-071-final-v1,B,47aa6b1ae070f4989506,d2d7dd9002696307,SODA-A,699,f8eec64bd9d4c327c79df735d3c81ea22c97c3e26569a93808fd4ee7f469abb2,/home/rspip/cqc/pro/study/orientbench/annotation_tools/m4_angle_annotation/annotator_B/crops/47aa6b1ae070f4989506.jpg
m4-071-final-v1,B,a9e6c578b63ff449800d,6363911f1fe3003e,SODA-A,700,fed84715adba8b365cd2db5ce4d0b29ee30a814f5e390e13dd1789be7da69418,/home/rspip/cqc/pro/study/orientbench/annotation_tools/m4_angle_annotation/annotator_B/crops/a9e6c578b63ff449800d.jpg
m4-071-final-v1,B,985dbf30c8454155c113,120f033342a21f36,FAIR1M-v1.0,701,76c12c43e08acdc1953a7d78b6a5f21e669621b763c7a36126ce18579b5f0f7d,/home/rspip/cqc/pro/study/orientbench/annotation_tools/m4_angle_annotation/annotator_B/crops/985dbf30c8454155c113.jpg
m4-071-final-v1,B,d949925e884ed26b101f,46de1178c2bc8959,SODA-A,702,4214cd1bbf5dbf9efd4bf54e754fa8f20f7fa2b3b7e89e45acab1d7f1fdce682,/home/rspip/cqc/pro/study/orientbench/annotation_tools/m4_angle_annotation/annotator_B/crops/d949925e884ed26b101f.jpg
m4-071-final-v1,B,b1543acee32dc797ab7b,c0cdb92976514558,SODA-A,703,5dcbdc3847c99d10d26c868e1f2d091afa31b66928ea4b6d6b3b14fa0eaa6d7c,/home/rspip/cqc/pro/study/orientbench/annotation_tools/m4_angle_annotation/annotator_B/crops/b1543acee32dc797ab7b.jpg
m4-071-final-v1,B,cda04ada5a742e786de9,87f463762312eaaa,DIOR-R,704,692331fbd28170466cbc52dbfe96a6d9296b0212809cdc249a24b6db83fe2fc5,/home/rspip/cqc/pro/study/orientbench/annotation_tools/m4_angle_annotation/annotator_B/crops/cda04ada5a742e786de9.jpg
m4-071-final-v1,B,09cd59396336dbacfa41,c5727805654c8db9,SODA-A,705,bd895ecddd211c4905ea1ea37c744890910e300caab9efdd8f143c342c6c8155,/home/rspip/cqc/pro/study/orientbench/annotation_tools/m4_angle_annotation/annotator_B/crops/09cd59396336dbacfa41.jpg
m4-071-final-v1,B,54643100cd9189de277f,693593e914b749ec,FAIR1M-v1.0,706,c9ded1b589fadf93d31458ec9ffed6dc6c591239e10877a2e8fb7fef76be874f,/home/rspip/cqc/pro/study/orientbench/annotation_tools/m4_angle_annotation/annotator_B/crops/54643100cd9189de277f.jpg
m4-071-final-v1,B,80cd9c982fb60c148103,362e824a6039344c,DIOR-R,707,ab3676facc6698c65af31f4ca4b67d205561a8d95595126741ab0e31d3f0692f,/home/rspip/cqc/pro/study/orientbench/annotation_tools/m4_angle_annotation/annotator_B/crops/80cd9c982fb60c148103.jpg
m4-071-final-v1,B,953448938f57a3807263,d77a1247d5dceb94,DIOR-R,708,760396ffd4b26bd7f9194d487bfab5de44d16ca3f8e87ea9451c3525c4a1b28f,/home/rspip/cqc/pro/study/orientbench/annotation_tools/m4_angle_annotation/annotator_B/crops/953448938f57a3807263.jpg
m4-071-final-v1,B,83f26322a0b26e2b1d9b,1f9ea1d4412a7a35,DIOR-R,709,352c7dea3df55d8f7fa44c623b2941417387faf514fb6a1145d22464630761c4,/home/rspip/cqc/pro/study/orientbench/annotation_tools/m4_angle_annotation/annotator_B/crops/83f26322a0b26e2b1d9b.jpg
m4-071-final-v1,B,bd4984f561bb7985f7f1,b6639428d9803c71,SODA-A,710,39637f19e86bff6a505ebd9634fec6ae2dfe7da2b439bd36ff3f86a96c9577c2,/home/rspip/cqc/pro/study/orientbench/annotation_tools/m4_angle_annotation/annotator_B/crops/bd4984f561bb7985f7f1.jpg
m4-071-final-v1,B,a401a4e0eb74f6ec7923,ab1b8ffe06f2e591,FAIR1M-v1.0,711,e78691a5f5982d9c76164f8ff670cd6317b9cd4af40b1afd2f335193856f750a,/home/rspip/cqc/pro/study/orientbench/annotation_tools/m4_angle_annotation/annotator_B/crops/a401a4e0eb74f6ec7923.jpg
m4-071-final-v1,B,ad1ad5fa113c6374f98c,a6778f7701e629c2,SODA-A,712,936c3da74d1cd79c9f2081586d0f91fd53a309637c54a9bc4733fabbca458bd3,/home/rspip/cqc/pro/study/orientbench/annotation_tools/m4_angle_annotation/annotator_B/crops/ad1ad5fa113c6374f98c.jpg
m4-071-final-v1,B,8a5049004b4faa5b6a21,2bd387d6b64035b8,FAIR1M-v1.0,713,73e76592c33f39bad6644c0e77842bed3e1fa826d8b318f73f53fb84a06dba06,/home/rspip/cqc/pro/study/orientbench/annotation_tools/m4_angle_annotation/annotator_B/crops/8a5049004b4faa5b6a21.jpg
m4-071-final-v1,B,1dc8fc03c72076911dbd,6369f42ef0062a2e,SODA-A,714,d0b3053dd551ec61899d6c685ad94408cbba3a76399f0449a1d857e4d155b4e4,/home/rspip/cqc/pro/study/orientbench/annotation_tools/m4_angle_annotation/annotator_B/crops/1dc8fc03c72076911dbd.jpg
m4-071-final-v1,B,9b4bba35644d299998c2,7aa706cbd281d413,DIOR-R,715,60d1c6113ea63d0bac72591259d5b86a9ab20e05d3cef0c7f2ddba1b1f32036d,/home/rspip/cqc/pro/study/orientbench/annotation_tools/m4_angle_annotation/annotator_B/crops/9b4bba35644d299998c2.jpg
m4-071-final-v1,B,1dbeda1842af3ee2a821,5c0dd68f281b30a3,SODA-A,716,7e8758f132ac17d55a19e767679ce4338ebc94b8e746fdff2a0e870acceaaf43,/home/rspip/cqc/pro/study/orientbench/annotation_tools/m4_angle_annotation/annotator_B/crops/1dbeda1842af3ee2a821.jpg
m4-071-final-v1,B,fb15240012b1633bb677,424f740b398677f5,DIOR-R,717,7e6e810c73ef89b447dddd347aa01153a295b07f4a399b14b5714fd1d92335ac,/home/rspip/cqc/pro/study/orientbench/annotation_tools/m4_angle_annotation/annotator_B/crops/fb15240012b1633bb677.jpg
m4-071-final-v1,B,3de3b75bd542b86199b1,1de55bc77d620236,SODA-A,718,2af272b1759c0bd3593f235117478c02f2ae426d12b2d2138489ee5f1a5341df,/home/rspip/cqc/pro/study/orientbench/annotation_tools/m4_angle_annotation/annotator_B/crops/3de3b75bd542b86199b1.jpg
m4-071-final-v1,B,b811823131c2d4e75842,0b09fa8f6f4229b2,FAIR1M-v1.0,719,021eb657fac9f0ea03c1c7033c0028f70c101e771b62f59ec452295ed8559b38,/home/rspip/cqc/pro/study/orientbench/annotation_tools/m4_angle_annotation/annotator_B/crops/b811823131c2d4e75842.jpg
m4-071-final-v1,B,c7666eed43d176fee31c,81308ed0058f5114,FAIR1M-v1.0,720,a7e2fff422f55828a60cfbf3db709a76ff55cd1b49bdcc83b7c54e82668d1bd1,/home/rspip/cqc/pro/study/orientbench/annotation_tools/m4_angle_annotation/annotator_B/crops/c7666eed43d176fee31c.jpg
m4-071-final-v1,B,075d5b3531e676ce88c2,959704fb8a4503f3,SODA-A,721,c769660cb1021fac7fa310b36547762ab1ae45933b2edabb094384bfccacaa38,/home/rspip/cqc/pro/study/orientbench/annotation_tools/m4_angle_annotation/annotator_B/crops/075d5b3531e676ce88c2.jpg
m4-071-final-v1,B,a5f3b7adb0aee99995a1,42e257a616269513,FAIR1M-v1.0,722,7b767e28fb6e3249b6e96a9595639a814d72d704b53667ca7cc523e725cb1a07,/home/rspip/cqc/pro/study/orientbench/annotation_tools/m4_angle_annotation/annotator_B/crops/a5f3b7adb0aee99995a1.jpg
m4-071-final-v1,B,b72d5361e694d0c09ac3,7ff7860a70003bfc,DIOR-R,723,9e71a79df3615079379e7d87525daa23b7e97e9888834a48700c133d398e0399,/home/rspip/cqc/pro/study/orientbench/annotation_tools/m4_angle_annotation/annotator_B/crops/b72d5361e694d0c09ac3.jpg
m4-071-final-v1,B,2766f3fbac0de8d596dc,03fadd472c1eeafd,SODA-A,724,173e0708eee3da0badb1d7d678e38a03bbdc0804cc7730dcfe8f5ddda1dd597d,/home/rspip/cqc/pro/study/orientbench/annotation_tools/m4_angle_annotation/annotator_B/crops/2766f3fbac0de8d596dc.jpg
m4-071-final-v1,B,b8dd174dfa0026a34805,c81500ff51ff1c72,SODA-A,725,6347745336ef72a85af28ef3fb80b1dfeb7c7e0407209a77a9d309e64e77f04e,/home/rspip/cqc/pro/study/orientbench/annotation_tools/m4_angle_annotation/annotator_B/crops/b8dd174dfa0026a34805.jpg
m4-071-final-v1,B,f95bb98b5a781cc21440,e1edb9b0d048ee0e,FAIR1M-v1.0,726,7c4519ea7738b806301e47dfca7358d1dc01f6995002fa58f408da9696a15c82,/home/rspip/cqc/pro/study/orientbench/annotation_tools/m4_angle_annotation/annotator_B/crops/f95bb98b5a781cc21440.jpg
m4-071-final-v1,B,c4b3cfa5d4aea18645e1,0902c22e558f2545,SODA-A,727,09019755589321fb0b242c0bdf021384d442218122378d20fd688b44a60a5b5e,/home/rspip/cqc/pro/study/orientbench/annotation_tools/m4_angle_annotation/annotator_B/crops/c4b3cfa5d4aea18645e1.jpg
m4-071-final-v1,B,b4bfdee19dfe8f92d1e4,50c2b802c8bb8b68,FAIR1M-v1.0,728,ea5e8fd6dbf973b7e0fdddbf69722d2247e2bae19533edcb82f12b682aef5991,/home/rspip/cqc/pro/study/orientbench/annotation_tools/m4_angle_annotation/annotator_B/crops/b4bfdee19dfe8f92d1e4.jpg
m4-071-final-v1,B,d602fbf0fe9c1d5b47ae,6862b2b755efa2de,SODA-A,729,9e112e2123454a7c9d0c1e606518eb2eb0a5cf1195c35ce12aa92b48ca4d7d7c,/home/rspip/cqc/pro/study/orientbench/annotation_tools/m4_angle_annotation/annotator_B/crops/d602fbf0fe9c1d5b47ae.jpg
m4-071-final-v1,B,5be52f7988d78e537dfc,3f0567f58caaa096,FAIR1M-v1.0,730,f8f2cf74296ed8917d2e785697477df877a478c49cfdc66fe00bc27db67ecc98,/home/rspip/cqc/pro/study/orientbench/annotation_tools/m4_angle_annotation/annotator_B/crops/5be52f7988d78e537dfc.jpg
m4-071-final-v1,B,08f30373089f35595e97,61678f8d054d3992,SODA-A,731,76ce308e84f1c82642db2de6512ecbe57b387a8da78c502896841fe3cd16a9ad,/home/rspip/cqc/pro/study/orientbench/annotation_tools/m4_angle_annotation/annotator_B/crops/08f30373089f35595e97.jpg
m4-071-final-v1,B,33d2df13a2253fa735f5,000473f222358086,FAIR1M-v1.0,732,d29c4c1c27ddb68a2891d0d5b6a6bc8cbfcfe3fe6a4529b1f5007026879167cf,/home/rspip/cqc/pro/study/orientbench/annotation_tools/m4_angle_annotation/annotator_B/crops/33d2df13a2253fa735f5.jpg
m4-071-final-v1,B,ba42b066c3d7f6834f8b,b5b39308581cbeea,DIOR-R,733,60ec91f7f48434c4e705180f3fab80593576725f72b7a1f03a5eb74cfec1a64a,/home/rspip/cqc/pro/study/orientbench/annotation_tools/m4_angle_annotation/annotator_B/crops/ba42b066c3d7f6834f8b.jpg
m4-071-final-v1,B,0ebdd193f4a73ad0e860,55e0b1fee6957531,SODA-A,734,39010e01b6c49a9d4e1924fb12bcd3516c3e2992f2839fef3d2b180d13323c7d,/home/rspip/cqc/pro/study/orientbench/annotation_tools/m4_angle_annotation/annotator_B/crops/0ebdd193f4a73ad0e860.jpg
m4-071-final-v1,B,f3810a7a8dcc825a7bf5,33c84656746f4079,DIOR-R,735,9af315f8058cc3493de71b44da27a205bcd9ab99be5e0aad3599c363704abeff,/home/rspip/cqc/pro/study/orientbench/annotation_tools/m4_angle_annotation/annotator_B/crops/f3810a7a8dcc825a7bf5.jpg
m4-071-final-v1,B,23e7b1c7538c46858c49,4a9dc4cd97ac88d3,SODA-A,736,67f10b0ae11578875e4b6814ffbb8b74480c12d9f83d8b03ebec3c9a8b776ae1,/home/rspip/cqc/pro/study/orientbench/annotation_tools/m4_angle_annotation/annotator_B/crops/23e7b1c7538c46858c49.jpg
m4-071-final-v1,B,426d14eb574d680a83ef,fbf2dc8064da952f,FAIR1M-v1.0,737,f84ab013338caf77f8b247ff46d2167b6e345dec897819b3252fb95f437cdd0e,/home/rspip/cqc/pro/study/orientbench/annotation_tools/m4_angle_annotation/annotator_B/crops/426d14eb574d680a83ef.jpg
m4-071-final-v1,B,b1214081586cf49b4b06,076d64869e95a5c2,SODA-A,738,72b2cc9554127d8d114cb0a539e94553c3b2cab6c1cf4983042436a62d5ae1ee,/home/rspip/cqc/pro/study/orientbench/annotation_tools/m4_angle_annotation/annotator_B/crops/b1214081586cf49b4b06.jpg
m4-071-final-v1,B,04ed42f4883ce34054c8,86078e53ed95f643,SODA-A,739,ab1de83ac797de342be9d5c350108d2c95de093d50720b59851655389e19d8a1,/home/rspip/cqc/pro/study/orientbench/annotation_tools/m4_angle_annotation/annotator_B/crops/04ed42f4883ce34054c8.jpg
m4-071-final-v1,B,3304ab39c4c81aefd84f,46c1934186e49d83,SODA-A,740,4a6e2d690f1b168b3637f8d18aaab488eb87335b70603418c5a76e8b56212f7e,/home/rspip/cqc/pro/study/orientbench/annotation_tools/m4_angle_annotation/annotator_B/crops/3304ab39c4c81aefd84f.jpg
m4-071-final-v1,B,04dd1a88260d95d82cf4,a37942e1ffc4be5c,SODA-A,741,5d0a7e595ddc7a8dd6d1baf0853aaef6d7e2b10156615bf335ecf1bd6ab1eb6b,/home/rspip/cqc/pro/study/orientbench/annotation_tools/m4_angle_annotation/annotator_B/crops/04dd1a88260d95d82cf4.jpg
m4-071-final-v1,B,3a04404f5fed880a9799,0ed23620b95ee950,DIOR-R,742,8a94e7ca143c53a763f3fc91d7985db17e73963f7937ad33c61600f9a959d264,/home/rspip/cqc/pro/study/orientbench/annotation_tools/m4_angle_annotation/annotator_B/crops/3a04404f5fed880a9799.jpg
m4-071-final-v1,B,78288fd126e2425ebc6b,ce7360419d49408a,SODA-A,743,691edd98fd05f0234c70f9cd236849e02d65d3d0c895fa1e755a80738db03a90,/home/rspip/cqc/pro/study/orientbench/annotation_tools/m4_angle_annotation/annotator_B/crops/78288fd126e2425ebc6b.jpg
m4-071-final-v1,B,b51e098758728f7006c4,e8dc2d158ad9dad4,SODA-A,744,4f7194aad0f9ec1eaae1b20ee294043f0b41060ec51c16adfb26f694443e0b61,/home/rspip/cqc/pro/study/orientbench/annotation_tools/m4_angle_annotation/annotator_B/crops/b51e098758728f7006c4.jpg
m4-071-final-v1,B,3c4ce661d3be4779cc3f,c222674b10a879d6,DIOR-R,745,d89fbb461357e4dbce2a50bbc622283aefd602b87ef59bd74c215979b95d0a5f,/home/rspip/cqc/pro/study/orientbench/annotation_tools/m4_angle_annotation/annotator_B/crops/3c4ce661d3be4779cc3f.jpg
m4-071-final-v1,B,6a707928fec1df4377fb,4ac5a835b572abd4,DIOR-R,746,00ca6f1e61bf399abfb648902c2ad745863fdff403030faf8fd5ec3dc5a8f32e,/home/rspip/cqc/pro/study/orientbench/annotation_tools/m4_angle_annotation/annotator_B/crops/6a707928fec1df4377fb.jpg
m4-071-final-v1,B,65e8aeb38afcb63de4f7,5a84551ad0737308,DIOR-R,747,9ffb5f977fdec8f8e62823941972ac2b1ada0a63fc5ddca64a718d26e32f13e3,/home/rspip/cqc/pro/study/orientbench/annotation_tools/m4_angle_annotation/annotator_B/crops/65e8aeb38afcb63de4f7.jpg
m4-071-final-v1,B,979caf904a4c21d2c10a,ccdf1d4c28376c63,FAIR1M-v1.0,748,a363a0b8c1ed36652ce97e61d104cd6054ad719b67aecaa6b843ba29972567c1,/home/rspip/cqc/pro/study/orientbench/annotation_tools/m4_angle_annotation/annotator_B/crops/979caf904a4c21d2c10a.jpg
m4-071-final-v1,B,9d3f3c7886c3ebe79233,e3dc811f747babb2,DIOR-R,749,73327e0e3a4f2ae6b061de03780cfc1e31253b95fa1c4d1fecd10034821892ca,/home/rspip/cqc/pro/study/orientbench/annotation_tools/m4_angle_annotation/annotator_B/crops/9d3f3c7886c3ebe79233.jpg
m4-071-final-v1,B,888179f540839f6aacf0,4a1617da9d5f8629,SODA-A,750,35cf82c55d6fd139cecc1f583cca4e5a847d22730834365d87431ad350117b12,/home/rspip/cqc/pro/study/orientbench/annotation_tools/m4_angle_annotation/annotator_B/crops/888179f540839f6aacf0.jpg
m4-071-final-v1,B,2d9465f0b4b137706e03,33adb03f58d0db3b,DIOR-R,751,a7bb8ac6dd4d34b329091c461e2bf13db3ba26eb5728357515f9586f37e8a2e8,/home/rspip/cqc/pro/study/orientbench/annotation_tools/m4_angle_annotation/annotator_B/crops/2d9465f0b4b137706e03.jpg
m4-071-final-v1,B,0a6bbe417dfd018ecae1,7ee19057d673f25c,SODA-A,752,759706f9ab9498393900c0aa20ee1285b46a1301185864a70d0b0911ef5eb588,/home/rspip/cqc/pro/study/orientbench/annotation_tools/m4_angle_annotation/annotator_B/crops/0a6bbe417dfd018ecae1.jpg
m4-071-final-v1,B,49eb14b3556c77ff1dd1,2589276c99328566,FAIR1M-v1.0,753,9acb2b4898ff5ae1654f96c659d2085e0032dc3e6591d6a9f5de3ae86aaaa37d,/home/rspip/cqc/pro/study/orientbench/annotation_tools/m4_angle_annotation/annotator_B/crops/49eb14b3556c77ff1dd1.jpg
m4-071-final-v1,B,3348c0ca8d5d18769d9c,b1246b0cc56b758f,FAIR1M-v1.0,754,4237600d72e716ab9a9cc737da75b8c3390228dcef29f75fabf6854b35adf501,/home/rspip/cqc/pro/study/orientbench/annotation_tools/m4_angle_annotation/annotator_B/crops/3348c0ca8d5d18769d9c.jpg
m4-071-final-v1,B,84538b8799b2dea4ff60,4259c112267072ab,SODA-A,755,6591dffc029227d9c11a037a58e8999e04a0af5b03631de8ee9bd6d5c1e9465b,/home/rspip/cqc/pro/study/orientbench/annotation_tools/m4_angle_annotation/annotator_B/crops/84538b8799b2dea4ff60.jpg
m4-071-final-v1,B,ddca019179beb529bb54,4b55706923039c89,SODA-A,756,8632a35d84117f1930db1f29d7b677dbe8a2ed9b65aa09450ca8896be6c7123c,/home/rspip/cqc/pro/study/orientbench/annotation_tools/m4_angle_annotation/annotator_B/crops/ddca019179beb529bb54.jpg
m4-071-final-v1,B,f1a1509da9255dc5fc8e,cc0a672d74d3499c,SODA-A,757,208946194a004a747dfd8049e2d529719359f701100979fd0b822389ca7a607a,/home/rspip/cqc/pro/study/orientbench/annotation_tools/m4_angle_annotation/annotator_B/crops/f1a1509da9255dc5fc8e.jpg
m4-071-final-v1,B,9b3ac21a0f6e149abb1f,14630d5ff215a244,DIOR-R,758,1c6e4b1c2f23d3fb9a05bb3447cfd641b11c6ee49cd539600895ec404d6a2d23,/home/rspip/cqc/pro/study/orientbench/annotation_tools/m4_angle_annotation/annotator_B/crops/9b3ac21a0f6e149abb1f.jpg
m4-071-final-v1,B,58a8b00a096acba8a492,c7c145daeb44fcbe,FAIR1M-v1.0,759,427d305748b8cfbf4a8cb726fd09ee49c54931a5491f2b104f66f36e24e2c7e9,/home/rspip/cqc/pro/study/orientbench/annotation_tools/m4_angle_annotation/annotator_B/crops/58a8b00a096acba8a492.jpg
m4-071-final-v1,B,0e99498bc50b65543a1a,c97d6709d7d4757a,FAIR1M-v1.0,760,f2392947ff8a7b3e5c452b76870d936f626d7267d25ef0a187706a5ad3c9b674,/home/rspip/cqc/pro/study/orientbench/annotation_tools/m4_angle_annotation/annotator_B/crops/0e99498bc50b65543a1a.jpg
m4-071-final-v1,B,98d4ea360861b09988e5,1ba4a026f42e3a3b,DIOR-R,761,d70f17d57ea9893f05caa41a8dd861f54dfab3496d8c2e936ce0612304e574c4,/home/rspip/cqc/pro/study/orientbench/annotation_tools/m4_angle_annotation/annotator_B/crops/98d4ea360861b09988e5.jpg
m4-071-final-v1,B,f10499416580dc64dae9,7082d1234e0bec21,DIOR-R,762,0426bffc6b83e4cadfb796af28f0d3780f2704a99efa0046401e0ce4fff1ad2a,/home/rspip/cqc/pro/study/orientbench/annotation_tools/m4_angle_annotation/annotator_B/crops/f10499416580dc64dae9.jpg
m4-071-final-v1,B,605353852d4596405a7a,c1d3aec5bbcdda3e,FAIR1M-v1.0,763,dacfc943cfed41001d52c9e46618db41f2562f3b228a6e977d634f0b25efb713,/home/rspip/cqc/pro/study/orientbench/annotation_tools/m4_angle_annotation/annotator_B/crops/605353852d4596405a7a.jpg
m4-071-final-v1,B,6ee14e1e863fdce3525d,b52286fa08534aa5,SODA-A,764,1126b2ea646adb8026a302bd03b06bb488952ca4ee25c685b6adca0a4361b54a,/home/rspip/cqc/pro/study/orientbench/annotation_tools/m4_angle_annotation/annotator_B/crops/6ee14e1e863fdce3525d.jpg
m4-071-final-v1,B,31891eddc6ff148640f3,21f81e7c29067745,SODA-A,765,1ad5feb60bbef569b7c1e391a564705902f1dc737bcb051551d4373918eee655,/home/rspip/cqc/pro/study/orientbench/annotation_tools/m4_angle_annotation/annotator_B/crops/31891eddc6ff148640f3.jpg
m4-071-final-v1,B,c4e38c5715774943c6b1,36a6322b1efb30c9,FAIR1M-v1.0,766,43ab465a2f278995ca3878593f902776b2d28241b6e0e620290d232858ba3d83,/home/rspip/cqc/pro/study/orientbench/annotation_tools/m4_angle_annotation/annotator_B/crops/c4e38c5715774943c6b1.jpg
m4-071-final-v1,B,dae12b40d7f18294e418,b7f7cc54ef6b8af3,SODA-A,767,4a46db65e4d1cc65bda753347f7e17aa7beb93f0d1e8c04d545b09854003afc4,/home/rspip/cqc/pro/study/orientbench/annotation_tools/m4_angle_annotation/annotator_B/crops/dae12b40d7f18294e418.jpg
m4-071-final-v1,B,4cdfb0c1825da56a52bf,01c6c91274faa66d,SODA-A,768,06b781746e1f2e59a78b1f4723a88990004dead1c0b007ab899f67fdb671d4d6,/home/rspip/cqc/pro/study/orientbench/annotation_tools/m4_angle_annotation/annotator_B/crops/4cdfb0c1825da56a52bf.jpg
m4-071-final-v1,B,6f568781d45d8b0aecdd,b63fcacbf4d7618a,SODA-A,769,695f50d096f9436689c5fcfcb134524ff0268642df8214e4c8e5465d941573c4,/home/rspip/cqc/pro/study/orientbench/annotation_tools/m4_angle_annotation/annotator_B/crops/6f568781d45d8b0aecdd.jpg
m4-071-final-v1,B,ac82f397653c75635b0c,6daa91d4860a292c,DIOR-R,770,68f3a53986e9b221fd42c3910e377b46c29468f2f34be50e03c79ac2863d191a,/home/rspip/cqc/pro/study/orientbench/annotation_tools/m4_angle_annotation/annotator_B/crops/ac82f397653c75635b0c.jpg
m4-071-final-v1,B,a38e13a3084307be52fb,73e6956b404c2492,FAIR1M-v1.0,771,56da6f4f3e0a1d0df7549ce1f8a5160d5c3077ee8d1a5e6c5338ac3fe1ae2235,/home/rspip/cqc/pro/study/orientbench/annotation_tools/m4_angle_annotation/annotator_B/crops/a38e13a3084307be52fb.jpg
m4-071-final-v1,B,9bfbe984a9a75b137e1b,4564694fafae907a,DIOR-R,772,3b65f1aeb3f544a2f1f9083c993472697890ae2d7330d34ebe62d62aa2f0f715,/home/rspip/cqc/pro/study/orientbench/annotation_tools/m4_angle_annotation/annotator_B/crops/9bfbe984a9a75b137e1b.jpg
m4-071-final-v1,B,ae7407c66e1219e4952c,c37c42a191d58252,DIOR-R,773,5ae9c1c5845beb72bb232158637e9bd44e00745f8028c21896b2e0bd5ab10dcd,/home/rspip/cqc/pro/study/orientbench/annotation_tools/m4_angle_annotation/annotator_B/crops/ae7407c66e1219e4952c.jpg
m4-071-final-v1,B,f46a5667f1c7fabf4eaa,0a71a21e78a95c5e,SODA-A,774,99b38e3c13ad314998225ff3023c6d495d85c8db45d74e6d72b247581bb04a5c,/home/rspip/cqc/pro/study/orientbench/annotation_tools/m4_angle_annotation/annotator_B/crops/f46a5667f1c7fabf4eaa.jpg
m4-071-final-v1,B,06d7698c7038fece571d,fffc94bfd07a33af,SODA-A,775,96ed92395250bc037eb6f3e7f87519821650f1ba10dab580d000ff59825b2c6c,/home/rspip/cqc/pro/study/orientbench/annotation_tools/m4_angle_annotation/annotator_B/crops/06d7698c7038fece571d.jpg
m4-071-final-v1,B,002f6aa1725ecdf5cce7,06d9a64c086ac483,DIOR-R,776,120343be4da9bfeb4264b3111f07ea68307191a0284af8a12d4e614b2858e0bf,/home/rspip/cqc/pro/study/orientbench/annotation_tools/m4_angle_annotation/annotator_B/crops/002f6aa1725ecdf5cce7.jpg
m4-071-final-v1,B,cc8e2e50c90ba6c66f44,5d2b8f07fa8a72aa,FAIR1M-v1.0,777,4455f6bd77053c1f62346fd33842863c8ea6e2c0a047c8555511352cf131f5fa,/home/rspip/cqc/pro/study/orientbench/annotation_tools/m4_angle_annotation/annotator_B/crops/cc8e2e50c90ba6c66f44.jpg
m4-071-final-v1,B,08f8445a7fbed0508ec9,e311483df06e7d2a,SODA-A,778,1373d26f23b2b083d882cbb50ac7ecc58b28c911ef4dcbd7b27a1fcd6bc6adfc,/home/rspip/cqc/pro/study/orientbench/annotation_tools/m4_angle_annotation/annotator_B/crops/08f8445a7fbed0508ec9.jpg
m4-071-final-v1,B,e3ef36576032434b0e9f,909d9f88346b24f6,SODA-A,779,efc838fe1873946ed182c957082581502df58856933014add69b4dc429b61bd9,/home/rspip/cqc/pro/study/orientbench/annotation_tools/m4_angle_annotation/annotator_B/crops/e3ef36576032434b0e9f.jpg
m4-071-final-v1,B,6d596ca98ba084707167,0c5d492125098335,FAIR1M-v1.0,780,2feb80e90cef3f31243d14c903abedeaf1dc246e6da0faaf692182f47e6eecb8,/home/rspip/cqc/pro/study/orientbench/annotation_tools/m4_angle_annotation/annotator_B/crops/6d596ca98ba084707167.jpg
m4-071-final-v1,B,2743db1e5b52c32de894,d65c1d1ef1143b0d,FAIR1M-v1.0,781,74a4b6e3ac2070f2dbf6b53ea83325ac21f091fd295a803521a6a27e10981247,/home/rspip/cqc/pro/study/orientbench/annotation_tools/m4_angle_annotation/annotator_B/crops/2743db1e5b52c32de894.jpg
m4-071-final-v1,B,b0cb31f41623b1dd989f,adf56d09e17e6a67,SODA-A,782,ec853c67a1b6b6388820a71a6b8ea09e4618fc99c310e0af248d5a29425b3295,/home/rspip/cqc/pro/study/orientbench/annotation_tools/m4_angle_annotation/annotator_B/crops/b0cb31f41623b1dd989f.jpg
m4-071-final-v1,B,24116e7b728b8f42d1bf,c0d445c729a39335,FAIR1M-v1.0,783,93354b04d8d3fa911677835f2b7c77a6ced3731c0e0e12ebef6506a79e36d8ae,/home/rspip/cqc/pro/study/orientbench/annotation_tools/m4_angle_annotation/annotator_B/crops/24116e7b728b8f42d1bf.jpg
m4-071-final-v1,B,1c80a24edc535033f135,48a7999aa027c8c2,SODA-A,784,7ab57b869c65cbfb0d48c6afc12e374151e876241cec8b143b312db8aaf7b6bf,/home/rspip/cqc/pro/study/orientbench/annotation_tools/m4_angle_annotation/annotator_B/crops/1c80a24edc535033f135.jpg
m4-071-final-v1,B,061b9968d552ae7f4256,e7fa3e69604e418d,FAIR1M-v1.0,785,680b6703adc0e8dea4663bf97cf5e04020571500e980141bca275fb0a39ea697,/home/rspip/cqc/pro/study/orientbench/annotation_tools/m4_angle_annotation/annotator_B/crops/061b9968d552ae7f4256.jpg
m4-071-final-v1,B,96827fe70006684b13fb,5ec402e4740e770a,SODA-A,786,f3473684d7f8aafed4139b43530b89374b66e3db5915c871753f3c4e8ff4c233,/home/rspip/cqc/pro/study/orientbench/annotation_tools/m4_angle_annotation/annotator_B/crops/96827fe70006684b13fb.jpg
m4-071-final-v1,B,75d1f6b821d7bfef04bf,5e34612daaf1efa6,FAIR1M-v1.0,787,3d52b54334f3fa889b46661385a905705625fa4db20242c2132b05e3ba4f6048,/home/rspip/cqc/pro/study/orientbench/annotation_tools/m4_angle_annotation/annotator_B/crops/75d1f6b821d7bfef04bf.jpg
m4-071-final-v1,B,530ee3193a349b9b3866,bb807117a5b968a7,SODA-A,788,860a49a7e11705e56e69cdbc67b3d00ff0959484d22c4e9a7b694eaf4c981e9b,/home/rspip/cqc/pro/study/orientbench/annotation_tools/m4_angle_annotation/annotator_B/crops/530ee3193a349b9b3866.jpg
m4-071-final-v1,B,25351c7aa3512ab0e11a,3cc88ca4aabe17e3,SODA-A,789,b83d068dda3d2eef030870602a07ff80800f30f832f4794792ca6a4fedbdd5d5,/home/rspip/cqc/pro/study/orientbench/annotation_tools/m4_angle_annotation/annotator_B/crops/25351c7aa3512ab0e11a.jpg
m4-071-final-v1,B,154bbd17df044a549548,b7fd776a0400be67,DIOR-R,790,1efd50ec931efb9d32912605ab13f5936a6e7adcb02a28f8d6edbcc27f1be753,/home/rspip/cqc/pro/study/orientbench/annotation_tools/m4_angle_annotation/annotator_B/crops/154bbd17df044a549548.jpg
m4-071-final-v1,B,df96449285ddd5d4b4af,aca5169325124917,FAIR1M-v1.0,791,5952f9be923764170c59d611ad381e57ae0b5c440833e14535d1f2d950b3334d,/home/rspip/cqc/pro/study/orientbench/annotation_tools/m4_angle_annotation/annotator_B/crops/df96449285ddd5d4b4af.jpg
m4-071-final-v1,B,66fc5e78d624cac2a936,ad9734e140caed42,FAIR1M-v1.0,792,e3b7fecf7cb2ff031677f485106fac5c073bec774c295de213c78259b8838c14,/home/rspip/cqc/pro/study/orientbench/annotation_tools/m4_angle_annotation/annotator_B/crops/66fc5e78d624cac2a936.jpg
m4-071-final-v1,B,423db0360fdf362a3f4f,1ade33eb8117030d,FAIR1M-v1.0,793,64c286e5390ddfc9f9a1902f1f9a30008e2f6f7cd0bf3508c6489d844ee0dea7,/home/rspip/cqc/pro/study/orientbench/annotation_tools/m4_angle_annotation/annotator_B/crops/423db0360fdf362a3f4f.jpg
m4-071-final-v1,B,e7dd1b585d6805b2c6e0,012532f6ad1c951f,SODA-A,794,13c795545e1147ed578b9a1cbd9cfce5a55fd86cd3ce837ecb4353fd74ffd617,/home/rspip/cqc/pro/study/orientbench/annotation_tools/m4_angle_annotation/annotator_B/crops/e7dd1b585d6805b2c6e0.jpg
m4-071-final-v1,B,d1fbcf786cb4b1e8747f,63934fdf7f78307c,SODA-A,795,3306510cabdc085c06db7a51e806e0fcb94ea4879d81194f72ad263dc54dd02b,/home/rspip/cqc/pro/study/orientbench/annotation_tools/m4_angle_annotation/annotator_B/crops/d1fbcf786cb4b1e8747f.jpg
m4-071-final-v1,B,fbdfcb748b0fa32d6fae,22aa49a6b77fee78,DIOR-R,796,8f5b483277e548da232d4dbf9161c8c20f9ce2ee150433ad5166b2770e69cb26,/home/rspip/cqc/pro/study/orientbench/annotation_tools/m4_angle_annotation/annotator_B/crops/fbdfcb748b0fa32d6fae.jpg
m4-071-final-v1,B,8a58ba368c494dc53875,fb611adccd38b771,SODA-A,797,4c41803ea896653123cb6d3bc7dff915045f7f2c4b30fc8fa12554f64e543aef,/home/rspip/cqc/pro/study/orientbench/annotation_tools/m4_angle_annotation/annotator_B/crops/8a58ba368c494dc53875.jpg
m4-071-final-v1,B,4e537d53dada1351c021,88ea3506d6dd588b,SODA-A,798,8d37fc8202cd4bb6f93016cc3bcc1f65377f185278514b6278ebfb4cf442d61c,/home/rspip/cqc/pro/study/orientbench/annotation_tools/m4_angle_annotation/annotator_B/crops/4e537d53dada1351c021.jpg
m4-071-final-v1,B,7ad2a2bc9527fd63e2c4,e79201f7eac485d2,FAIR1M-v1.0,799,575dc7cb292b8a01efa13f5e32e298aa0f6211ab326ae5aff28adc3b007159fd,/home/rspip/cqc/pro/study/orientbench/annotation_tools/m4_angle_annotation/annotator_B/crops/7ad2a2bc9527fd63e2c4.jpg
m4-071-final-v1,B,4d110892707027b69a0e,72c9db19d9d702dc,SODA-A,800,c9a203a2ce4fd3b9d540150ebe32c0af5a103ab5e72755161bac885e0dfd13f9,/home/rspip/cqc/pro/study/orientbench/annotation_tools/m4_angle_annotation/annotator_B/crops/4d110892707027b69a0e.jpg
m4-071-final-v1,B,d6f0e69a968f2ef063f8,89ba663026c60a7f,DIOR-R,801,e2fb87f9df52d51bd31eb1f4aacba2e321b2f0c65dd6fb555fbf3f4d6bee7a55,/home/rspip/cqc/pro/study/orientbench/annotation_tools/m4_angle_annotation/annotator_B/crops/d6f0e69a968f2ef063f8.jpg
m4-071-final-v1,B,f7976f81ba3a9b34ace1,2391c6d252f26e8a,DIOR-R,802,16da1240441c25d13efb7ea413e219eb9efde314f79c582ca276c6a3a3fa552f,/home/rspip/cqc/pro/study/orientbench/annotation_tools/m4_angle_annotation/annotator_B/crops/f7976f81ba3a9b34ace1.jpg
m4-071-final-v1,B,e496f4faaafcc4060248,83f7ba00375ad039,FAIR1M-v1.0,803,dd424cc37dc43e2ab7bb5378541218e74c732189e20ddeed6360d5ce4cae52d3,/home/rspip/cqc/pro/study/orientbench/annotation_tools/m4_angle_annotation/annotator_B/crops/e496f4faaafcc4060248.jpg
m4-071-final-v1,B,93fb27573e01ac17a2a8,409c205934284ab6,FAIR1M-v1.0,804,2d371cbb8122f0696d00be06ddb61737563d5305bff5b097de387e18aedeacb9,/home/rspip/cqc/pro/study/orientbench/annotation_tools/m4_angle_annotation/annotator_B/crops/93fb27573e01ac17a2a8.jpg
m4-071-final-v1,B,6b08fc82ad97ae4bf154,d6e9bf5419781d25,DIOR-R,805,e5204eb77741c1f0d032665d3f56cc1287999bbadac84742747fb3d8fe94e8c8,/home/rspip/cqc/pro/study/orientbench/annotation_tools/m4_angle_annotation/annotator_B/crops/6b08fc82ad97ae4bf154.jpg
m4-071-final-v1,B,4e9aba0088bbbf488899,a5fd4afe2b9b424d,DIOR-R,806,193fd52b79954c727a393e33e8dcc91928fa9dff3ad8f34ca0013ecf71246f80,/home/rspip/cqc/pro/study/orientbench/annotation_tools/m4_angle_annotation/annotator_B/crops/4e9aba0088bbbf488899.jpg
m4-071-final-v1,B,57b77ccc9ec44fbe29e6,9b9c469257106872,DIOR-R,807,66ba6e3c2c6df5fb54c807e88760a124b480c0981f1d64fcd1a3233a9ebc956d,/home/rspip/cqc/pro/study/orientbench/annotation_tools/m4_angle_annotation/annotator_B/crops/57b77ccc9ec44fbe29e6.jpg
m4-071-final-v1,B,47dfc8f9893cda5ee4de,3274399547b0268b,SODA-A,808,e5d8411c72ac312c6335b869fb16a341bc2feaf16b92ca21a83b85119dec4c6a,/home/rspip/cqc/pro/study/orientbench/annotation_tools/m4_angle_annotation/annotator_B/crops/47dfc8f9893cda5ee4de.jpg
m4-071-final-v1,B,7366059ae6b46c8eebe6,8e7b2e18a71578a0,SODA-A,809,f99a6d79e5c5a806b9081c214f5e2ec2cd043aa334012386021974d865248174,/home/rspip/cqc/pro/study/orientbench/annotation_tools/m4_angle_annotation/annotator_B/crops/7366059ae6b46c8eebe6.jpg
m4-071-final-v1,B,ab8c7c87677756aca66d,0794b11a5adfe70e,SODA-A,810,717c7a04b36ccdef1c4aaf7c81a8f741a012e7789e4c57aaa5d421543400d80d,/home/rspip/cqc/pro/study/orientbench/annotation_tools/m4_angle_annotation/annotator_B/crops/ab8c7c87677756aca66d.jpg
m4-071-final-v1,B,92199bcf75bfc4a42a97,79382b79333a4275,SODA-A,811,81ad3f03e6641222c66af5d7b0676a4fb333b23543d763992b68324e9592854c,/home/rspip/cqc/pro/study/orientbench/annotation_tools/m4_angle_annotation/annotator_B/crops/92199bcf75bfc4a42a97.jpg
m4-071-final-v1,B,52dcdc711f9b3b99e97c,093230b0618021ef,SODA-A,812,fc92c85045e5cc8780c7be86d276ab046c89e85a3fcd51de61871862d528a1e3,/home/rspip/cqc/pro/study/orientbench/annotation_tools/m4_angle_annotation/annotator_B/crops/52dcdc711f9b3b99e97c.jpg
m4-071-final-v1,B,78768bdf3f95231049f2,abfd78e2627991ae,FAIR1M-v1.0,813,6dc81dad25fdac27a7eb276265faa08b5ef8a7695de6722dd68633ffbdab2a9d,/home/rspip/cqc/pro/study/orientbench/annotation_tools/m4_angle_annotation/annotator_B/crops/78768bdf3f95231049f2.jpg
m4-071-final-v1,B,d8257f2fe1a6212bf532,7216b397a2673c2e,FAIR1M-v1.0,814,c41873189f526b061b098d583f70612c9a44f7e6301b091df1a55dcbbb8e93f8,/home/rspip/cqc/pro/study/orientbench/annotation_tools/m4_angle_annotation/annotator_B/crops/d8257f2fe1a6212bf532.jpg
m4-071-final-v1,B,a195dca8f3967dbfd5b5,ce1b6b49436cedb9,FAIR1M-v1.0,815,485e7dfa3753e17f285c8ff020b45693f03a42e3edd5c94edf60d11c1cb4dae0,/home/rspip/cqc/pro/study/orientbench/annotation_tools/m4_angle_annotation/annotator_B/crops/a195dca8f3967dbfd5b5.jpg
m4-071-final-v1,B,52bf49000e1245e6a9a6,ce4dfa0e671eb686,DIOR-R,816,39273c8fcb9b8e253e3e835fcc8e9ad7a5fd6868b93093dc292e22560834b118,/home/rspip/cqc/pro/study/orientbench/annotation_tools/m4_angle_annotation/annotator_B/crops/52bf49000e1245e6a9a6.jpg
m4-071-final-v1,B,4b4cb056281640d81778,a89cf4600ea3593a,DIOR-R,817,e2f449603b8d25d69b505b3e55b6edceb93b09b697de7f1c44d1e4f59da14d74,/home/rspip/cqc/pro/study/orientbench/annotation_tools/m4_angle_annotation/annotator_B/crops/4b4cb056281640d81778.jpg
m4-071-final-v1,B,8ac5836d605ebd3e6952,7467fc56d0b3bf45,DIOR-R,818,c8a830c6b27906e7e59dc96e819c0c959982b29a7ca245cbd88e33936ac1d4df,/home/rspip/cqc/pro/study/orientbench/annotation_tools/m4_angle_annotation/annotator_B/crops/8ac5836d605ebd3e6952.jpg
m4-071-final-v1,B,291f9ae0e2a9a706f055,4657f67ffc26d39f,FAIR1M-v1.0,819,416665b7dc3a4a0d07379f09faa90c0eb04926406d630b4b1e2a9c0b7f77cbff,/home/rspip/cqc/pro/study/orientbench/annotation_tools/m4_angle_annotation/annotator_B/crops/291f9ae0e2a9a706f055.jpg
m4-071-final-v1,B,b6aa956bd23f9c615060,06325e52e1631f0c,SODA-A,820,86ec0484071cdbf4da47d884b7720a9867192dddb5dbf33513b499c3d7c49be4,/home/rspip/cqc/pro/study/orientbench/annotation_tools/m4_angle_annotation/annotator_B/crops/b6aa956bd23f9c615060.jpg
m4-071-final-v1,B,474f3a793113ab3985ea,1fd73de8e1b87575,DIOR-R,821,fb84217768412e3edbaea7b5b328cb39ce0f97358590dae5ce8d1446522ab5a1,/home/rspip/cqc/pro/study/orientbench/annotation_tools/m4_angle_annotation/annotator_B/crops/474f3a793113ab3985ea.jpg
m4-071-final-v1,B,a7e46500df8881264565,1487b34bdae12bd9,DIOR-R,822,6e10668098c375f8fc4ed51d6e02fea04686f4543b888c1198ee52cf62f442c2,/home/rspip/cqc/pro/study/orientbench/annotation_tools/m4_angle_annotation/annotator_B/crops/a7e46500df8881264565.jpg
m4-071-final-v1,B,38594c797bdea0681e0c,77c1cdffe78f8bbc,FAIR1M-v1.0,823,af13d035548cc31e82c612fd20ed310296574d1361c25b6e4b435d8cafdc0de9,/home/rspip/cqc/pro/study/orientbench/annotation_tools/m4_angle_annotation/annotator_B/crops/38594c797bdea0681e0c.jpg
m4-071-final-v1,B,1db859f4a12a665320d3,2e75876eb7f59445,SODA-A,824,f810007596f158445c91ee7140503c738b1eb6703167e7fcccbec60bbae1a2ae,/home/rspip/cqc/pro/study/orientbench/annotation_tools/m4_angle_annotation/annotator_B/crops/1db859f4a12a665320d3.jpg
m4-071-final-v1,B,ec4fa0aac72c817e2356,e30d013a21450a38,FAIR1M-v1.0,825,6b0846b1a1b2b07d3a0d93533f398c87a64da3833466614eb236f811fd078f20,/home/rspip/cqc/pro/study/orientbench/annotation_tools/m4_angle_annotation/annotator_B/crops/ec4fa0aac72c817e2356.jpg
m4-071-final-v1,B,260a28b875d9ccbe5a16,d6565b529c7115f7,FAIR1M-v1.0,826,8b3d0038d53d8c1423ab0b329c284acf4a7e2f1a53f888dc96c652f9b305d119,/home/rspip/cqc/pro/study/orientbench/annotation_tools/m4_angle_annotation/annotator_B/crops/260a28b875d9ccbe5a16.jpg
m4-071-final-v1,B,cbecdc530c5e8d32d5af,21457adb50febb95,DIOR-R,827,8440c5ac264faa341a1893db502fcf9be7d56fffa6877f193c63d2e2b4357767,/home/rspip/cqc/pro/study/orientbench/annotation_tools/m4_angle_annotation/annotator_B/crops/cbecdc530c5e8d32d5af.jpg
m4-071-final-v1,B,98c6099b861e0f6a1c42,6085ce2fd18629ec,DIOR-R,828,dbc4d83c63579c6fdc2d5e93e810352c9b56f9ebb7781a79d831ad576b4798ba,/home/rspip/cqc/pro/study/orientbench/annotation_tools/m4_angle_annotation/annotator_B/crops/98c6099b861e0f6a1c42.jpg
m4-071-final-v1,B,1201630655cdd183dcf2,741bb436a2946761,SODA-A,829,26eb1939e63684829b6ec8c918de802c28457ba459a04290c39295e3e5b54389,/home/rspip/cqc/pro/study/orientbench/annotation_tools/m4_angle_annotation/annotator_B/crops/1201630655cdd183dcf2.jpg
m4-071-final-v1,B,aa732cc4fc5e42be7e9d,c6a28dfc5e8e1214,FAIR1M-v1.0,830,8b5520cc181c4d6b9ced80f4ed55031e0ca4e6d1c673ae9a8fe86e4e04c47661,/home/rspip/cqc/pro/study/orientbench/annotation_tools/m4_angle_annotation/annotator_B/crops/aa732cc4fc5e42be7e9d.jpg
m4-071-final-v1,B,1d51cdbcc1b0ba344225,c016d52deec0365d,FAIR1M-v1.0,831,3cdb364d02d3cc932525a7c813350f492e94e4fb490505054233800a1194000c,/home/rspip/cqc/pro/study/orientbench/annotation_tools/m4_angle_annotation/annotator_B/crops/1d51cdbcc1b0ba344225.jpg
m4-071-final-v1,B,e10954ef8ebdd5143404,5c164203da5c13c0,FAIR1M-v1.0,832,9bcff7fc0e93d04114e5ab785b0c095380ffc33bc4042a58ce84f022b7f9eb69,/home/rspip/cqc/pro/study/orientbench/annotation_tools/m4_angle_annotation/annotator_B/crops/e10954ef8ebdd5143404.jpg
m4-071-final-v1,B,671b551c47c5960d22df,c2c8b4d516f0369f,SODA-A,833,e2d8171f38ff9b2b742f5a791167e112752bcae9bb32693f25e7475ca8380b5c,/home/rspip/cqc/pro/study/orientbench/annotation_tools/m4_angle_annotation/annotator_B/crops/671b551c47c5960d22df.jpg
m4-071-final-v1,B,305786f0e4d18de8c011,6cc621299b704614,DIOR-R,834,ae9cff597c1254f5dda2c2d24fde8059c44b84ba51cfb97964206b377b307850,/home/rspip/cqc/pro/study/orientbench/annotation_tools/m4_angle_annotation/annotator_B/crops/305786f0e4d18de8c011.jpg
m4-071-final-v1,B,87c9f88b11dc8256bb43,7dd2cc7b5dd73003,SODA-A,835,c253ce8a3e148d555f496221cd750325f66ace56a550f809a4286c4a2c0668de,/home/rspip/cqc/pro/study/orientbench/annotation_tools/m4_angle_annotation/annotator_B/crops/87c9f88b11dc8256bb43.jpg
m4-071-final-v1,B,bc762810b1057841afeb,ee4f3f4475be4bb3,DIOR-R,836,ef2636e7eef36e6591699484786b2ebfdc0c0b3c0348732b69d9c135e25a4d07,/home/rspip/cqc/pro/study/orientbench/annotation_tools/m4_angle_annotation/annotator_B/crops/bc762810b1057841afeb.jpg
m4-071-final-v1,B,47af047a0b79a5c03214,02228204dc184fe1,SODA-A,837,aad290bf94ec3382715b94817f12783a00e7e73e482eabd8ad902a2490195762,/home/rspip/cqc/pro/study/orientbench/annotation_tools/m4_angle_annotation/annotator_B/crops/47af047a0b79a5c03214.jpg
m4-071-final-v1,B,11c23fc2f26d6fc9ebb3,81e0b2dcb1a2792e,SODA-A,838,602e40d14462dcb33e92f46f7a44578ab1c67a7520eb70aaf5ce8336cd21126f,/home/rspip/cqc/pro/study/orientbench/annotation_tools/m4_angle_annotation/annotator_B/crops/11c23fc2f26d6fc9ebb3.jpg
m4-071-final-v1,B,1fbefe99f392c1869510,602146743c3c34ee,DIOR-R,839,ade82f5aeb09031668be0bed5bcf2b40cb78aa6b4dbafbda9613de46577c3f5b,/home/rspip/cqc/pro/study/orientbench/annotation_tools/m4_angle_annotation/annotator_B/crops/1fbefe99f392c1869510.jpg
m4-071-final-v1,B,c8610c448ee197444bef,56a7ecde48a29745,FAIR1M-v1.0,840,41ff32052320fa1159d9731d0939a55ecf81e8ebe97a8fe938d65dd454376cc8,/home/rspip/cqc/pro/study/orientbench/annotation_tools/m4_angle_annotation/annotator_B/crops/c8610c448ee197444bef.jpg
m4-071-final-v1,B,eab5924e7d7ff12a09af,735dbdea4d1b619b,FAIR1M-v1.0,841,ff2434d4bfdabbcadb22061f0d8fe6e1b6884d933f8ec980765e71fc910f7062,/home/rspip/cqc/pro/study/orientbench/annotation_tools/m4_angle_annotation/annotator_B/crops/eab5924e7d7ff12a09af.jpg
m4-071-final-v1,B,2647e5e5385cf1e8a3f6,643528ecb8f50cd6,DIOR-R,842,80f84c5b42c848592c3800e29b925e9b7957d47659195cb652624283030c2413,/home/rspip/cqc/pro/study/orientbench/annotation_tools/m4_angle_annotation/annotator_B/crops/2647e5e5385cf1e8a3f6.jpg
m4-071-final-v1,B,d47807292b05d89f3995,99fdf359ec262dcf,DIOR-R,843,1d02fbc27fb2b21fc63b71a086e743cef73c741233b65477d0cbf0870a130b82,/home/rspip/cqc/pro/study/orientbench/annotation_tools/m4_angle_annotation/annotator_B/crops/d47807292b05d89f3995.jpg
m4-071-final-v1,B,5e6b4625689ffe598b01,dba2ca446d11f049,SODA-A,844,2107b1bfd123346dd2a7c76165fed31ebbba3ae66216050ba14c3daa788862fa,/home/rspip/cqc/pro/study/orientbench/annotation_tools/m4_angle_annotation/annotator_B/crops/5e6b4625689ffe598b01.jpg
m4-071-final-v1,B,9427df96e78ce9ad0651,4e9073d83bb188d9,DIOR-R,845,2c30a7c44c3d8c7dc82dcc406d09a8ac853f06500246f14fde92c2acc48173b9,/home/rspip/cqc/pro/study/orientbench/annotation_tools/m4_angle_annotation/annotator_B/crops/9427df96e78ce9ad0651.jpg
m4-071-final-v1,B,d922d181be29f9d32962,0c4014909d9da55a,DIOR-R,846,cba8f43086e87f3d06c02f28aa7c461d55f6e2c35cd205a9e6c3f53b9e4addb0,/home/rspip/cqc/pro/study/orientbench/annotation_tools/m4_angle_annotation/annotator_B/crops/d922d181be29f9d32962.jpg
m4-071-final-v1,B,ae79e13fe1e6d3ce6d09,db8e34f1fd97d6b8,DIOR-R,847,d4235edddf33713445bf444d4974fa890b83a363ef0fd84ea242980c44c6df35,/home/rspip/cqc/pro/study/orientbench/annotation_tools/m4_angle_annotation/annotator_B/crops/ae79e13fe1e6d3ce6d09.jpg
m4-071-final-v1,B,33137efc1cb39832c916,71fbab781a724e9d,DIOR-R,848,1711d4ef03b83588b74bab2d2aaa95f5e56662fe27b4f0444a583034f828d769,/home/rspip/cqc/pro/study/orientbench/annotation_tools/m4_angle_annotation/annotator_B/crops/33137efc1cb39832c916.jpg
m4-071-final-v1,B,06afbe77344aa468ab0d,483763f4f3bb82c0,SODA-A,849,24f764bcb92a571c194c032dc17dd890d4ff976caa1941d97035fa948fab4573,/home/rspip/cqc/pro/study/orientbench/annotation_tools/m4_angle_annotation/annotator_B/crops/06afbe77344aa468ab0d.jpg
m4-071-final-v1,B,f360d5388708fbd04d2b,8be91e8e99593b9d,DIOR-R,850,42c95a30528fd0bbc2ba84c88d318890f992748bdf3db37768be205f2c3668ae,/home/rspip/cqc/pro/study/orientbench/annotation_tools/m4_angle_annotation/annotator_B/crops/f360d5388708fbd04d2b.jpg
m4-071-final-v1,B,4650eca2f2b99e3446c6,0022a02f8b3f9bbc,SODA-A,851,0bd6b7e10895769e54e8f8427eb1f90435116c79a56e593dfae86eae599c2ee4,/home/rspip/cqc/pro/study/orientbench/annotation_tools/m4_angle_annotation/annotator_B/crops/4650eca2f2b99e3446c6.jpg
m4-071-final-v1,B,4ef85b43b9118b56b90a,3070f2ae52abf773,FAIR1M-v1.0,852,0ef5845a34ff78f5b2dff5a077762d881a93d606671a7431cda6d6950451cba6,/home/rspip/cqc/pro/study/orientbench/annotation_tools/m4_angle_annotation/annotator_B/crops/4ef85b43b9118b56b90a.jpg
m4-071-final-v1,B,b2c1557f5a99931d9f31,a8bb8cd356785bbc,SODA-A,853,28b7a25ac1952789f06bcb5782898bb503db73279559023357ab06891e34ecb2,/home/rspip/cqc/pro/study/orientbench/annotation_tools/m4_angle_annotation/annotator_B/crops/b2c1557f5a99931d9f31.jpg
m4-071-final-v1,B,342b92079b040f08ce95,bc1fd4d6d3960de3,DIOR-R,854,711156fd5fe8bee45e5b0fbeed93ce34abfaf6461f56671a73ac63db978afe89,/home/rspip/cqc/pro/study/orientbench/annotation_tools/m4_angle_annotation/annotator_B/crops/342b92079b040f08ce95.jpg
m4-071-final-v1,B,58a6071cb8de5a24ef5e,33a321411f60ec65,FAIR1M-v1.0,855,f614b4796b888b8d1b18c53a3545363349faafb905a1a5bd2cdea8a9d8830958,/home/rspip/cqc/pro/study/orientbench/annotation_tools/m4_angle_annotation/annotator_B/crops/58a6071cb8de5a24ef5e.jpg
m4-071-final-v1,B,872fcf89f03e88d6c79e,35cdd52b66bc6541,FAIR1M-v1.0,856,5ccd498539ec6be0ae66cd6c324c321d57bf399810a1c6f2036ce0a959c09b8c,/home/rspip/cqc/pro/study/orientbench/annotation_tools/m4_angle_annotation/annotator_B/crops/872fcf89f03e88d6c79e.jpg
m4-071-final-v1,B,5afe63dcaf172b735fc0,850c4b9e8579b256,FAIR1M-v1.0,857,777ccab44958ca6e8a52f03b2467bc81cb4bbeefa31a4d71dc694783c9b3f8c9,/home/rspip/cqc/pro/study/orientbench/annotation_tools/m4_angle_annotation/annotator_B/crops/5afe63dcaf172b735fc0.jpg
m4-071-final-v1,B,a96a85570a188ed2258b,434bd0b3b70f5f3a,FAIR1M-v1.0,858,febd4696ae90930fb0126547e51fa29c8e36aa77d5ad35befd9d7e6899edd748,/home/rspip/cqc/pro/study/orientbench/annotation_tools/m4_angle_annotation/annotator_B/crops/a96a85570a188ed2258b.jpg
m4-071-final-v1,B,bf554082c6f4872af728,040d5c5cdb75a8ad,DIOR-R,859,e8be31e89f734bd8d7bbd792928b2466cbca8bdc15ad01b446ba23e9d4e2a5d3,/home/rspip/cqc/pro/study/orientbench/annotation_tools/m4_angle_annotation/annotator_B/crops/bf554082c6f4872af728.jpg
m4-071-final-v1,B,502596aec11a1960b051,425950d015af9521,FAIR1M-v1.0,860,8a5d88d64589a91d24191917c5acb07f3332ce72a2ddfee9af9d2fca1abdfa11,/home/rspip/cqc/pro/study/orientbench/annotation_tools/m4_angle_annotation/annotator_B/crops/502596aec11a1960b051.jpg
m4-071-final-v1,B,38cd9edf4cf9d4121536,ad1ad7972b8d9f4d,SODA-A,861,fe73f4c2cf3211bd859d84c11486f1ac6f93f5f4bcb943a689b01ca3de6e06bd,/home/rspip/cqc/pro/study/orientbench/annotation_tools/m4_angle_annotation/annotator_B/crops/38cd9edf4cf9d4121536.jpg
m4-071-final-v1,B,b73c804f50f754e5d606,bb8ead5cd5a656ca,DIOR-R,862,54496cebb4955308137cdee27c51d3340e83ec65d42ebca5e210671b922d5899,/home/rspip/cqc/pro/study/orientbench/annotation_tools/m4_angle_annotation/annotator_B/crops/b73c804f50f754e5d606.jpg
m4-071-final-v1,B,cb67fae88aa9ac69cb4f,f6cd92b2639f66fa,SODA-A,863,f5840dc0a2f604cf4bbe1d57a9498fd082a39a6034e02d4a1563fbbce9c2d90d,/home/rspip/cqc/pro/study/orientbench/annotation_tools/m4_angle_annotation/annotator_B/crops/cb67fae88aa9ac69cb4f.jpg
m4-071-final-v1,B,2bcf775b1317182e86ce,ee33a99525dec375,FAIR1M-v1.0,864,35f12374110b3b335696b32538b5d37ec272bddf3285d8b330bb856cd7fe53d7,/home/rspip/cqc/pro/study/orientbench/annotation_tools/m4_angle_annotation/annotator_B/crops/2bcf775b1317182e86ce.jpg
m4-071-final-v1,B,067f120250e7492cc7ea,22df441a1592a226,DIOR-R,865,1ef5861adf48660575fe5db67d72cdbfa332caa94c0172cdd074d96463cdf116,/home/rspip/cqc/pro/study/orientbench/annotation_tools/m4_angle_annotation/annotator_B/crops/067f120250e7492cc7ea.jpg
m4-071-final-v1,B,e97287b8b9601ddd0d2f,39ed806efa425f58,DIOR-R,866,f265b404e0080b4f939248bf802a8014b2fdfc3c8fff2e0e837760ba34dda123,/home/rspip/cqc/pro/study/orientbench/annotation_tools/m4_angle_annotation/annotator_B/crops/e97287b8b9601ddd0d2f.jpg
m4-071-final-v1,B,25091194a9dc8184abd3,bb2d3e793ea39de0,FAIR1M-v1.0,867,cfd85dca4a028944fc265e29a7d79319327a47e96fc4b0f5bb7b6e4ac098dc9b,/home/rspip/cqc/pro/study/orientbench/annotation_tools/m4_angle_annotation/annotator_B/crops/25091194a9dc8184abd3.jpg
m4-071-final-v1,B,b84e0004a4f32ff01ba7,839007d7ae7eada7,FAIR1M-v1.0,868,e0004eca3c2e5143ea77120f49e9a74cc9be62af65960879f47a9e331765cd7d,/home/rspip/cqc/pro/study/orientbench/annotation_tools/m4_angle_annotation/annotator_B/crops/b84e0004a4f32ff01ba7.jpg
m4-071-final-v1,B,8bcee75b94d6af5214bd,572435f0f7f67ee6,SODA-A,869,793ac3377fef09a798611a8e315ba420300070f2dac4eb8d9492df3b2924e137,/home/rspip/cqc/pro/study/orientbench/annotation_tools/m4_angle_annotation/annotator_B/crops/8bcee75b94d6af5214bd.jpg
m4-071-final-v1,B,6c15f8b294fecdfdbfc9,2d21aff7bd0d84b4,FAIR1M-v1.0,870,81f459773b1479f1ce9ad5ddb670e6c007a2e6f741467e431383379e77f9b8de,/home/rspip/cqc/pro/study/orientbench/annotation_tools/m4_angle_annotation/annotator_B/crops/6c15f8b294fecdfdbfc9.jpg
m4-071-final-v1,B,6285182f110372b3f8de,28867127259fe47e,FAIR1M-v1.0,871,a11d0f9f0a4e7f79c9afac669a032977cb177ca352f84caca7d510009753814c,/home/rspip/cqc/pro/study/orientbench/annotation_tools/m4_angle_annotation/annotator_B/crops/6285182f110372b3f8de.jpg
m4-071-final-v1,B,7a85e56ac60c0a20330c,9f14b78bfb8df884,SODA-A,872,e8a3a47ae857716241e012c8355c9fa940cdb593376c52ff079363c6cec9dbce,/home/rspip/cqc/pro/study/orientbench/annotation_tools/m4_angle_annotation/annotator_B/crops/7a85e56ac60c0a20330c.jpg
m4-071-final-v1,B,b67390d8fa470d7de17a,d27b77cba8e4d021,SODA-A,873,fc3cf9661b4c30b7c77c032f202515dccd0bde67143ac08851d05927cab307bd,/home/rspip/cqc/pro/study/orientbench/annotation_tools/m4_angle_annotation/annotator_B/crops/b67390d8fa470d7de17a.jpg
m4-071-final-v1,B,6f1e743dcf33ad6ed878,2c0fa863437f56c2,FAIR1M-v1.0,874,dc077894c18e9a9dc2f89b42ae9401120437c66e501fdf59376aff72d1f0d2e1,/home/rspip/cqc/pro/study/orientbench/annotation_tools/m4_angle_annotation/annotator_B/crops/6f1e743dcf33ad6ed878.jpg
m4-071-final-v1,B,0051debe514e7f3bec03,06e785d13145782c,SODA-A,875,790153fe554c761b4a6ed0cfd41fc5a79ec5c0e7ccc795c7466c86be049db36b,/home/rspip/cqc/pro/study/orientbench/annotation_tools/m4_angle_annotation/annotator_B/crops/0051debe514e7f3bec03.jpg
m4-071-final-v1,B,7d9bd09df24b2c36995c,f9eed034096c3842,SODA-A,876,bb39f8475695bbb07bc30ca2d65f37055c075de94fa048ba6806c8f50b40e8a8,/home/rspip/cqc/pro/study/orientbench/annotation_tools/m4_angle_annotation/annotator_B/crops/7d9bd09df24b2c36995c.jpg
m4-071-final-v1,B,c90cc5f909d262b419a1,66bc13b4c3db5c9b,DIOR-R,877,97c6c6977ed07c1d11a3e191af0f15f2796a127ce6bf71eca5bc9411917f1e69,/home/rspip/cqc/pro/study/orientbench/annotation_tools/m4_angle_annotation/annotator_B/crops/c90cc5f909d262b419a1.jpg
m4-071-final-v1,B,865515f266a188ec3154,5cebbe8d0c27b121,SODA-A,878,0363b0264a99f2c836be3bbbb6e54398cd6951896cfde988624b763262a4a74d,/home/rspip/cqc/pro/study/orientbench/annotation_tools/m4_angle_annotation/annotator_B/crops/865515f266a188ec3154.jpg
m4-071-final-v1,B,f9f605a2e3aba4427864,3d353aa1438bec2d,SODA-A,879,bba4e00158b6573893dcddf8faab05d116dde19b4730b539648fd9b27a2e401a,/home/rspip/cqc/pro/study/orientbench/annotation_tools/m4_angle_annotation/annotator_B/crops/f9f605a2e3aba4427864.jpg
m4-071-final-v1,B,8eef66b3f59d90115913,0044979d6fbdffdf,DIOR-R,880,a66aeff2e8337d907b3bd994472c82afdb259192e5e9868c269d50c92a62790b,/home/rspip/cqc/pro/study/orientbench/annotation_tools/m4_angle_annotation/annotator_B/crops/8eef66b3f59d90115913.jpg
m4-071-final-v1,B,b96f08c52a6d10c5d008,e1e1a29038f708eb,FAIR1M-v1.0,881,2d796d49cff1b9db195f5a4a085da70b9cdd1eb08ead82225559a109b8a8ce99,/home/rspip/cqc/pro/study/orientbench/annotation_tools/m4_angle_annotation/annotator_B/crops/b96f08c52a6d10c5d008.jpg
m4-071-final-v1,B,85766eaf4da4e0ef07c5,c3e9e3eb38c8405d,DIOR-R,882,47ab9ead0ba1a6659520fdd8d95f0e53acc7f02ff1ef0284cd9b12235384f673,/home/rspip/cqc/pro/study/orientbench/annotation_tools/m4_angle_annotation/annotator_B/crops/85766eaf4da4e0ef07c5.jpg
m4-071-final-v1,B,90f0f0b80f3557f768eb,cd0681a602c03e8f,SODA-A,883,79455e048afb259af704ccdaff3a58679268e43f9e786bcd348de489039132a4,/home/rspip/cqc/pro/study/orientbench/annotation_tools/m4_angle_annotation/annotator_B/crops/90f0f0b80f3557f768eb.jpg
m4-071-final-v1,B,dd8d027c3b9234686118,4b8fb2ecfa5f7944,FAIR1M-v1.0,884,99395572441a4d84432ebb3826331cd9e4d4842408c2090752200edccc9ef044,/home/rspip/cqc/pro/study/orientbench/annotation_tools/m4_angle_annotation/annotator_B/crops/dd8d027c3b9234686118.jpg
m4-071-final-v1,B,a244b5eb4c83d6fcb80c,2d5f5df4f0508661,SODA-A,885,2eec54a31aa854488eee0004fef194b6acad040a675a3fed0b467970cb76278f,/home/rspip/cqc/pro/study/orientbench/annotation_tools/m4_angle_annotation/annotator_B/crops/a244b5eb4c83d6fcb80c.jpg
m4-071-final-v1,B,03b77faf8daf2093465b,bc8b12517ac68a53,FAIR1M-v1.0,886,c8bb325be7be8c154d5f21e2b6be30a97c79c027486faa5f397b49831178ae92,/home/rspip/cqc/pro/study/orientbench/annotation_tools/m4_angle_annotation/annotator_B/crops/03b77faf8daf2093465b.jpg
m4-071-final-v1,B,c11a9314f6fac8a76870,3509a50ee2248505,DIOR-R,887,f474d7473de289a34d3d5d2b6d128670cb54abee3940beb354809b51cd30c851,/home/rspip/cqc/pro/study/orientbench/annotation_tools/m4_angle_annotation/annotator_B/crops/c11a9314f6fac8a76870.jpg
m4-071-final-v1,B,a1eefedfd07fa5bad261,ae112a0d738a73a6,SODA-A,888,ccac20560d5bfdbb1aef324d89783e50176e6fbd0e257f7475916d888e6b8c66,/home/rspip/cqc/pro/study/orientbench/annotation_tools/m4_angle_annotation/annotator_B/crops/a1eefedfd07fa5bad261.jpg
m4-071-final-v1,B,c60e8828b05131f6eab3,9d041ceacbf178b1,DIOR-R,889,b0f2e2127fced106d8ab3e0cebc7e61e8c379a34bc581b1a8614df6f152f300f,/home/rspip/cqc/pro/study/orientbench/annotation_tools/m4_angle_annotation/annotator_B/crops/c60e8828b05131f6eab3.jpg
m4-071-final-v1,B,acfd67d7cc463584d2c6,3f0d8ddb0761b3fa,DIOR-R,890,eeced0f240146f80d0901ed26b2bf9e0275c9e2ad66d3bd67878244958c4b2a9,/home/rspip/cqc/pro/study/orientbench/annotation_tools/m4_angle_annotation/annotator_B/crops/acfd67d7cc463584d2c6.jpg
m4-071-final-v1,B,5f91ed58c0773515ba79,ff15527dbb7a2eef,SODA-A,891,c81c5aeeff73d4f12e1e6c5138c94bcf4ecd36d6c3c1b6e82f4f7c7621c33457,/home/rspip/cqc/pro/study/orientbench/annotation_tools/m4_angle_annotation/annotator_B/crops/5f91ed58c0773515ba79.jpg
m4-071-final-v1,B,b5592b829a78b3f7c9dc,024b59a6a515a9de,FAIR1M-v1.0,892,c0d3543b8d20fc52f1924ff3435f4f95fa28919614ad9a6ce368c83187d7c942,/home/rspip/cqc/pro/study/orientbench/annotation_tools/m4_angle_annotation/annotator_B/crops/b5592b829a78b3f7c9dc.jpg
m4-071-final-v1,B,a6e2dcaf997c3030a3c7,f366963bf9ff0228,FAIR1M-v1.0,893,e68dbfb7b78c3a6a13317712825acbf21fe7b41120854662aeefd18299f8516d,/home/rspip/cqc/pro/study/orientbench/annotation_tools/m4_angle_annotation/annotator_B/crops/a6e2dcaf997c3030a3c7.jpg
m4-071-final-v1,B,4be4007d3d0199fb1edb,e3b2552ee7c10f0d,DIOR-R,894,acf378e6d47e23ab211b37cab781ce906147a392c0fc62b549d491c8ae6311ea,/home/rspip/cqc/pro/study/orientbench/annotation_tools/m4_angle_annotation/annotator_B/crops/4be4007d3d0199fb1edb.jpg
m4-071-final-v1,B,551b8c35bc5a12c34e54,4c4bc06dbe1afc33,DIOR-R,895,f3521b4bdefe816edcc2e20592217f353ddbf6f9c5376dd6eb86c7886928cfd6,/home/rspip/cqc/pro/study/orientbench/annotation_tools/m4_angle_annotation/annotator_B/crops/551b8c35bc5a12c34e54.jpg
m4-071-final-v1,B,ca9aaf24f997f5c87c36,80b49e709ed1cc5f,FAIR1M-v1.0,896,436e8493742ea8aeaefe0cf2d5e750c40fb06e886229a597d7956c9ff12b3188,/home/rspip/cqc/pro/study/orientbench/annotation_tools/m4_angle_annotation/annotator_B/crops/ca9aaf24f997f5c87c36.jpg
m4-071-final-v1,B,9d1b5909d12290f9d48e,bc3f1cb52de6b28f,SODA-A,897,c9e0f761b381a290ad37e28d129cdd03b5f280ca44878d413638d1ce5443254a,/home/rspip/cqc/pro/study/orientbench/annotation_tools/m4_angle_annotation/annotator_B/crops/9d1b5909d12290f9d48e.jpg
m4-071-final-v1,B,5bfc125dd6bbf4558d45,e50f53018f38c184,SODA-A,898,90098f3295fc460767850a67b8096d2ef23b870479745932cde9191696e76142,/home/rspip/cqc/pro/study/orientbench/annotation_tools/m4_angle_annotation/annotator_B/crops/5bfc125dd6bbf4558d45.jpg
m4-071-final-v1,B,4e2fde11e96f20f3a74b,2b4f50e65e28be6e,FAIR1M-v1.0,899,176169d778ee47c598a62736acf3f6882acd58ec5794754cbfc7cbf363fb1d62,/home/rspip/cqc/pro/study/orientbench/annotation_tools/m4_angle_annotation/annotator_B/crops/4e2fde11e96f20f3a74b.jpg
m4-071-final-v1,B,e520e01a6fe0b8b0a5c4,9199b03ff3a3b3f4,FAIR1M-v1.0,900,8fa60800baa412a15c6387bf5ddfb804072e14984e4ef53f7e6a2e7ed452decd,/home/rspip/cqc/pro/study/orientbench/annotation_tools/m4_angle_annotation/annotator_B/crops/e520e01a6fe0b8b0a5c4.jpg
m4-071-final-v1,B,12d767162864da26e338,cd70cec0d14bc208,FAIR1M-v1.0,901,43326d6e1f3219d65e75b6201ae0c457e7dfce635232bbb5e9a30ed77b16d011,/home/rspip/cqc/pro/study/orientbench/annotation_tools/m4_angle_annotation/annotator_B/crops/12d767162864da26e338.jpg
m4-071-final-v1,B,73b9f98931a5ccf2e3bb,c6b43e9a17a75cca,DIOR-R,902,c156a6308e29adf12ee49d497f0f951ee70ae2d0c5e235e38447023a04773484,/home/rspip/cqc/pro/study/orientbench/annotation_tools/m4_angle_annotation/annotator_B/crops/73b9f98931a5ccf2e3bb.jpg
m4-071-final-v1,B,774a343c17a7ed1a7a33,88f2e1f711ff09d5,FAIR1M-v1.0,903,8263236705d1f9f926f1c0a2de73c448f07abbdf5465d2b040ac69df57cff3e4,/home/rspip/cqc/pro/study/orientbench/annotation_tools/m4_angle_annotation/annotator_B/crops/774a343c17a7ed1a7a33.jpg
m4-071-final-v1,B,a0898c029cdfac758689,4643eb8de6bbb3fd,FAIR1M-v1.0,904,6856f2315fdec8ce0a63c5f9fbaf61465476537454db51ac94f2306658f4ad5f,/home/rspip/cqc/pro/study/orientbench/annotation_tools/m4_angle_annotation/annotator_B/crops/a0898c029cdfac758689.jpg
m4-071-final-v1,B,b3c4c155642623a55cd8,2fc6c9fb23add774,SODA-A,905,a40c2b6cdaa9b7fa9ff8d5cba0a3e11257e2100f640531e9901a9bb3f4dd118f,/home/rspip/cqc/pro/study/orientbench/annotation_tools/m4_angle_annotation/annotator_B/crops/b3c4c155642623a55cd8.jpg
m4-071-final-v1,B,d2237e494627a0882540,97fe97336ae93591,DIOR-R,906,515c43add74e67d8ebe02914f59e87e52c4cbbf57f5a50bdfd32f7db31fbddc6,/home/rspip/cqc/pro/study/orientbench/annotation_tools/m4_angle_annotation/annotator_B/crops/d2237e494627a0882540.jpg
m4-071-final-v1,B,c3c17678f4196728eea6,c84fcbe787c656f3,SODA-A,907,ce7c539256de432fbe8bbd5740462d480a249d67f271d4970c465553097cd154,/home/rspip/cqc/pro/study/orientbench/annotation_tools/m4_angle_annotation/annotator_B/crops/c3c17678f4196728eea6.jpg
m4-071-final-v1,B,af7b3ec798f1264cf697,77b9703a651e2995,SODA-A,908,ef6180a70cd554c6aa224d9bc68beb5a441da5fabc21eb44ec318b7ed62681ac,/home/rspip/cqc/pro/study/orientbench/annotation_tools/m4_angle_annotation/annotator_B/crops/af7b3ec798f1264cf697.jpg
m4-071-final-v1,B,62bd9586e67eea0e325c,3879289f1e30f2ca,DIOR-R,909,bedf2ab7e94dbc086fde4c8d912f243adce3ec6d4f714fec9a2982e2113bec45,/home/rspip/cqc/pro/study/orientbench/annotation_tools/m4_angle_annotation/annotator_B/crops/62bd9586e67eea0e325c.jpg
m4-071-final-v1,B,4fc54246ae14cd0e7a90,1d8fdc604e975c83,SODA-A,910,d7aa9028c902af995863dd5eff8a627bb1667285933efaee5ef646452a2ba592,/home/rspip/cqc/pro/study/orientbench/annotation_tools/m4_angle_annotation/annotator_B/crops/4fc54246ae14cd0e7a90.jpg
m4-071-final-v1,B,e1e36759cdfd9583ef4d,1b8bf765f6bf0530,FAIR1M-v1.0,911,fb8cbad61b3f04d7317e642a41b0b1e7bfc066e6321598044a3486afc7c0ab10,/home/rspip/cqc/pro/study/orientbench/annotation_tools/m4_angle_annotation/annotator_B/crops/e1e36759cdfd9583ef4d.jpg
m4-071-final-v1,B,bc15e19f8eb484c03db9,24377be9e3022a5b,SODA-A,912,f78a5795b89cf3fea979868774fddc4d3d7dabc923b4ed30988abcc9fdbfd6c4,/home/rspip/cqc/pro/study/orientbench/annotation_tools/m4_angle_annotation/annotator_B/crops/bc15e19f8eb484c03db9.jpg
m4-071-final-v1,B,52f2087f82642fc56cb4,8184ac98eca62c90,DIOR-R,913,ef5c669031e75a8915b8840161cae22463c062094a03bbcb60f2d5ce7151d574,/home/rspip/cqc/pro/study/orientbench/annotation_tools/m4_angle_annotation/annotator_B/crops/52f2087f82642fc56cb4.jpg
m4-071-final-v1,B,1b994b78b666e1a05730,f512f545399c3e7d,FAIR1M-v1.0,914,77feff3b7d71fc4c53be858cb1aafc540c9fb0d00605c4594100085e303b8ef5,/home/rspip/cqc/pro/study/orientbench/annotation_tools/m4_angle_annotation/annotator_B/crops/1b994b78b666e1a05730.jpg
m4-071-final-v1,B,e18f4abe91b77ad51120,ca24e2bd9db17827,DIOR-R,915,9221649044fb9d04a86e6c4d05821011cf3415a0ed59e7f3da8ba52ab871cc94,/home/rspip/cqc/pro/study/orientbench/annotation_tools/m4_angle_annotation/annotator_B/crops/e18f4abe91b77ad51120.jpg
m4-071-final-v1,B,8991f093bdb0ed634b5b,80ebae1d92813900,FAIR1M-v1.0,916,322f5002bb29aa47fb4465e1d7ef8043e96178b140e70c311b2e49482ababd61,/home/rspip/cqc/pro/study/orientbench/annotation_tools/m4_angle_annotation/annotator_B/crops/8991f093bdb0ed634b5b.jpg
m4-071-final-v1,B,eee95131c184d56de1ea,abf2a9bb0b30059d,DIOR-R,917,d707d11887df28a8642457e43b083997e86efa59a0fcf6470b91a4a2742b4b49,/home/rspip/cqc/pro/study/orientbench/annotation_tools/m4_angle_annotation/annotator_B/crops/eee95131c184d56de1ea.jpg
m4-071-final-v1,B,1feaaeacab24d7ea1704,9b0c72e5d72bddcb,SODA-A,918,0b87497ed5b42a7ccffc714e529bcb91e96b4e7255dd4060c773f055746da838,/home/rspip/cqc/pro/study/orientbench/annotation_tools/m4_angle_annotation/annotator_B/crops/1feaaeacab24d7ea1704.jpg
m4-071-final-v1,B,7bf0c41f40712b04ef03,3ca91d12c058ffe5,DIOR-R,919,00f8d3588b749e31c39c95c63beb9cdd4359555f0d702637fc76b3e03f5de4e4,/home/rspip/cqc/pro/study/orientbench/annotation_tools/m4_angle_annotation/annotator_B/crops/7bf0c41f40712b04ef03.jpg
m4-071-final-v1,B,ecfd5e70e73c58c725a4,14381be7c19b225b,SODA-A,920,f1f74cd51b3882cf7c3e18ae70f7f1e8404ab7bc6af3363883aa1eefc2d39eb1,/home/rspip/cqc/pro/study/orientbench/annotation_tools/m4_angle_annotation/annotator_B/crops/ecfd5e70e73c58c725a4.jpg
m4-071-final-v1,B,c52a2683becdb84864f3,dd85b2f6f32ed1a3,FAIR1M-v1.0,921,899ce11485257d0cd6f8dfed62e05b951f6252aac1d08dd8a381afb9a802b3f0,/home/rspip/cqc/pro/study/orientbench/annotation_tools/m4_angle_annotation/annotator_B/crops/c52a2683becdb84864f3.jpg
m4-071-final-v1,B,9be5b48d48c5d54a44f2,ce1fdbc2d7401bac,DIOR-R,922,8e45d95f657e53b28b4e08618bf16d007de2344e1e5dbe01661d2f7adcc88376,/home/rspip/cqc/pro/study/orientbench/annotation_tools/m4_angle_annotation/annotator_B/crops/9be5b48d48c5d54a44f2.jpg
m4-071-final-v1,B,e40a4c5825d7e71fcc2b,ec093c884db655a2,SODA-A,923,e4a0ff8f81e6a8c1dd69d3e8fe97566584300582599a01dd47c0e0200ba5e4ec,/home/rspip/cqc/pro/study/orientbench/annotation_tools/m4_angle_annotation/annotator_B/crops/e40a4c5825d7e71fcc2b.jpg
m4-071-final-v1,B,0bbbabb841645db3894c,495ec00599149c07,DIOR-R,924,a9b3c717a4523fb375795cfb135a5bdd650de7aa8874cfc248b8622ea394c895,/home/rspip/cqc/pro/study/orientbench/annotation_tools/m4_angle_annotation/annotator_B/crops/0bbbabb841645db3894c.jpg
m4-071-final-v1,B,cbd6e8266b4f3eedc1fd,6933a5eef0b5f687,DIOR-R,925,b517ca522b994030758c20c4bb47fa15afd2dbd58ef4732c5a569970190993b3,/home/rspip/cqc/pro/study/orientbench/annotation_tools/m4_angle_annotation/annotator_B/crops/cbd6e8266b4f3eedc1fd.jpg
m4-071-final-v1,B,ff666bcb350349c4904a,fa169c4672a93488,SODA-A,926,7fca3878a60b9e20bd03b12d768af5d5fcbc28274f7fe5e4ae5d489944cfbdc7,/home/rspip/cqc/pro/study/orientbench/annotation_tools/m4_angle_annotation/annotator_B/crops/ff666bcb350349c4904a.jpg
m4-071-final-v1,B,15768eddb9e9474ce140,1bb2b2326864db99,FAIR1M-v1.0,927,99182fcd289db584f163a5fdd492c2b4a1b812085bb90e6218d56e966216a7b8,/home/rspip/cqc/pro/study/orientbench/annotation_tools/m4_angle_annotation/annotator_B/crops/15768eddb9e9474ce140.jpg
m4-071-final-v1,B,b7f674186f22233a51cf,08d2f445bf4d9385,FAIR1M-v1.0,928,7e128c46c485328d1c42b978dd0b38fdc2334a12ab84ee490f9bebdd417b478a,/home/rspip/cqc/pro/study/orientbench/annotation_tools/m4_angle_annotation/annotator_B/crops/b7f674186f22233a51cf.jpg
m4-071-final-v1,B,a5f0d9530ed57b454c70,a43ba88bf26bbf8e,FAIR1M-v1.0,929,67a0f5eb9ac56f2003fbc0fe05840216ed79aef72bd116d6f703de36f0e1ce47,/home/rspip/cqc/pro/study/orientbench/annotation_tools/m4_angle_annotation/annotator_B/crops/a5f0d9530ed57b454c70.jpg
m4-071-final-v1,B,6fb51e1c016317e0f0fc,c50f0d9eca7abd5c,FAIR1M-v1.0,930,7e9aaa8ab2bc763c4a731490c482126a85851fd6964257e17a135d1f74859e81,/home/rspip/cqc/pro/study/orientbench/annotation_tools/m4_angle_annotation/annotator_B/crops/6fb51e1c016317e0f0fc.jpg
m4-071-final-v1,B,b7efe023a5ff720badec,a4e7e04db2cda49f,FAIR1M-v1.0,931,70f2d96f9bcf5c48bbd4e0bfa6c839219b49c43c726064fd820bbd3dea8dad86,/home/rspip/cqc/pro/study/orientbench/annotation_tools/m4_angle_annotation/annotator_B/crops/b7efe023a5ff720badec.jpg
m4-071-final-v1,B,18d6c0b5c17a6d1ddfa4,298dd5f56ae1ad1f,DIOR-R,932,04d001ac59450487e5c6736232eef57318ec21d6ff4afd8ea3948ee6f4c66234,/home/rspip/cqc/pro/study/orientbench/annotation_tools/m4_angle_annotation/annotator_B/crops/18d6c0b5c17a6d1ddfa4.jpg
m4-071-final-v1,B,6d83ac00d1fca140f3b0,8c7dee6217c4134c,FAIR1M-v1.0,933,081b79c543fd9df3c8f70795c0f0d13862210f9cb8c2135afd05f9e4bc1b4bea,/home/rspip/cqc/pro/study/orientbench/annotation_tools/m4_angle_annotation/annotator_B/crops/6d83ac00d1fca140f3b0.jpg
m4-071-final-v1,B,61ca955463e4fb3c9bf6,30dabc89dfd0061c,SODA-A,934,898b34a3e88fdce50c6335ffa5adb1755cdbabff2544729f7ae19d75809cf1a1,/home/rspip/cqc/pro/study/orientbench/annotation_tools/m4_angle_annotation/annotator_B/crops/61ca955463e4fb3c9bf6.jpg
m4-071-final-v1,B,21fcb7c038071b804f16,4813b884a8e9227a,DIOR-R,935,c05c60cfd0e3549a644ca42e5908db000f6a665fc5af8c488de6cf14d380415b,/home/rspip/cqc/pro/study/orientbench/annotation_tools/m4_angle_annotation/annotator_B/crops/21fcb7c038071b804f16.jpg
m4-071-final-v1,B,eb5ad7e6f2e99282e62d,704134b6f084b1b9,DIOR-R,936,f025045f47a6e906ca05692f40762aecb1b179f90045f87c1e8a18389654cd68,/home/rspip/cqc/pro/study/orientbench/annotation_tools/m4_angle_annotation/annotator_B/crops/eb5ad7e6f2e99282e62d.jpg
m4-071-final-v1,B,f963586a8fb0fa7a8371,01715b1280e31ec1,SODA-A,937,71bf82599bd5a54e106d921091e604539eaf9221f4d3c050bf3ebed8c2fe40b7,/home/rspip/cqc/pro/study/orientbench/annotation_tools/m4_angle_annotation/annotator_B/crops/f963586a8fb0fa7a8371.jpg
m4-071-final-v1,B,a4f453197445de4500d3,fcd07e3af569b8d3,SODA-A,938,6956040c9bd4979996de1bcdf603676065bc3839db2f3bf4cfcacde8973d3a73,/home/rspip/cqc/pro/study/orientbench/annotation_tools/m4_angle_annotation/annotator_B/crops/a4f453197445de4500d3.jpg
m4-071-final-v1,B,7f148f57453e4b45d5d9,4998e491b8d4ae45,FAIR1M-v1.0,939,4269b1d5d8c8b82dbc8db5cde826819c1000d1c5333ff20831c89d809daf72a3,/home/rspip/cqc/pro/study/orientbench/annotation_tools/m4_angle_annotation/annotator_B/crops/7f148f57453e4b45d5d9.jpg
m4-071-final-v1,B,407e2ea751437356ed44,1947cec59b270032,FAIR1M-v1.0,940,67bd822bb49496df61ac00a6c43f9bda8f01afb31659dfd327b6df0e91199c57,/home/rspip/cqc/pro/study/orientbench/annotation_tools/m4_angle_annotation/annotator_B/crops/407e2ea751437356ed44.jpg
m4-071-final-v1,B,9e6135243e2456c4626b,b572312640da1b77,FAIR1M-v1.0,941,6155525f11ac71de4f50c45d4cf625a8b2a4266238b5c811b01c2f804322ec62,/home/rspip/cqc/pro/study/orientbench/annotation_tools/m4_angle_annotation/annotator_B/crops/9e6135243e2456c4626b.jpg
m4-071-final-v1,B,309993347a538a7bf365,ed39c0bea4c8e8d8,DIOR-R,942,39be6492d7c511162f30a6a2945f57df74d240f7bf7437b9a20c04644518f46b,/home/rspip/cqc/pro/study/orientbench/annotation_tools/m4_angle_annotation/annotator_B/crops/309993347a538a7bf365.jpg
m4-071-final-v1,B,0854c434098dd9245b2c,c042b760bdb6cb8a,DIOR-R,943,673b37dfc732591700b90090a5d57bd748169a5332bdddcba80440fc500d25d7,/home/rspip/cqc/pro/study/orientbench/annotation_tools/m4_angle_annotation/annotator_B/crops/0854c434098dd9245b2c.jpg
m4-071-final-v1,B,e9c2849e93df49fbd101,355fe495d26af425,FAIR1M-v1.0,944,48f235332779b9865b92d5ff1a7099e39403629ea47a195844f7ff07817d2077,/home/rspip/cqc/pro/study/orientbench/annotation_tools/m4_angle_annotation/annotator_B/crops/e9c2849e93df49fbd101.jpg
m4-071-final-v1,B,b97b90a7be675ab8b18a,b29ba09593a29867,DIOR-R,945,c72b6b2d2a1dde12065fb4fa09039cb1fc963ebf7bebbddc90bb09e5106aa02b,/home/rspip/cqc/pro/study/orientbench/annotation_tools/m4_angle_annotation/annotator_B/crops/b97b90a7be675ab8b18a.jpg
m4-071-final-v1,B,ccf8fe3468e6267ce88b,202bc18d45d9bf01,DIOR-R,946,5640eb93159cd2146dd5e337eae2e4ebc967f7d39af662f549fa9befe2b70243,/home/rspip/cqc/pro/study/orientbench/annotation_tools/m4_angle_annotation/annotator_B/crops/ccf8fe3468e6267ce88b.jpg
m4-071-final-v1,B,f5e4887ab9ee7e467ffd,239f1c7b133a86b3,DIOR-R,947,7f1b7ec396479cd37b2c91fd200b6afed3875cb07b48d4492f8eefcd4b632dc4,/home/rspip/cqc/pro/study/orientbench/annotation_tools/m4_angle_annotation/annotator_B/crops/f5e4887ab9ee7e467ffd.jpg
m4-071-final-v1,B,c6319f42e6e99fa228a7,4269431393525289,SODA-A,948,eb6a241871f3c870f7da975c7e43d6b4d8239a7597e6c472a521486ecfed7025,/home/rspip/cqc/pro/study/orientbench/annotation_tools/m4_angle_annotation/annotator_B/crops/c6319f42e6e99fa228a7.jpg
m4-071-final-v1,B,c868dd5ea4ed939a433f,66c0c480ce599e31,FAIR1M-v1.0,949,e6737b8055602430b10dfc22950b42609df40259dc5fed903e251ab14b7a442e,/home/rspip/cqc/pro/study/orientbench/annotation_tools/m4_angle_annotation/annotator_B/crops/c868dd5ea4ed939a433f.jpg
m4-071-final-v1,B,b150377dc37a749639e9,a54cb62796d7a960,SODA-A,950,0be43b754eefc40bd211b51b393a206142e14d98b89b36c2ab1e6e64f45bf04a,/home/rspip/cqc/pro/study/orientbench/annotation_tools/m4_angle_annotation/annotator_B/crops/b150377dc37a749639e9.jpg
m4-071-final-v1,B,b1f86eb4b26045730906,f61b4b52cd6acaf3,DIOR-R,951,00cf59d2c8daad85fbffff1578c48907b3a65475bf5c72ea3e7a59e75716e2d4,/home/rspip/cqc/pro/study/orientbench/annotation_tools/m4_angle_annotation/annotator_B/crops/b1f86eb4b26045730906.jpg
m4-071-final-v1,B,eead12db4d976b8a6d86,63fed272d90627cd,DIOR-R,952,d1484ddce61dd1002b57a09201ac19cd86c27b372a87b096c04040442c0aa5f0,/home/rspip/cqc/pro/study/orientbench/annotation_tools/m4_angle_annotation/annotator_B/crops/eead12db4d976b8a6d86.jpg
m4-071-final-v1,B,c0b1ddb0d1462149d9c8,82cff8822f5308a4,DIOR-R,953,0d97884dcd52c7678b3bbb3a337a07d360e7e1c3f59b38dfcc10be179c858f93,/home/rspip/cqc/pro/study/orientbench/annotation_tools/m4_angle_annotation/annotator_B/crops/c0b1ddb0d1462149d9c8.jpg
m4-071-final-v1,B,c49f3ad218d0ec3eb450,c89db780045b7d46,DIOR-R,954,c81f9747f13cd5ba61c540a41023a15ec2011e241b1decc4b7a3282bd8c921fa,/home/rspip/cqc/pro/study/orientbench/annotation_tools/m4_angle_annotation/annotator_B/crops/c49f3ad218d0ec3eb450.jpg
m4-071-final-v1,B,a8b136ee31570de821c9,c8387ccee416def5,FAIR1M-v1.0,955,74a7ec9d58594a4a61920b8abf2356c71f9b596630af2b6dc3066531019aeab0,/home/rspip/cqc/pro/study/orientbench/annotation_tools/m4_angle_annotation/annotator_B/crops/a8b136ee31570de821c9.jpg
m4-071-final-v1,B,ab708a73794176490ae4,96dca9fde4df4e3b,FAIR1M-v1.0,956,9f113ebb0c324806f8c38e3d1047ff9aa1f149ed5aae2044e31c5a961192378b,/home/rspip/cqc/pro/study/orientbench/annotation_tools/m4_angle_annotation/annotator_B/crops/ab708a73794176490ae4.jpg
m4-071-final-v1,B,730a91ccf3b9bdf38395,8e907934934d16da,DIOR-R,957,29a54b7408c19e4df29a934ae9c5c32d468d541bf9e2b789853d5edfcc897ce1,/home/rspip/cqc/pro/study/orientbench/annotation_tools/m4_angle_annotation/annotator_B/crops/730a91ccf3b9bdf38395.jpg
m4-071-final-v1,B,045448313cb7cca1eb8d,fe40095132a582a8,SODA-A,958,6365a62a271d8462f6baa69a35e8311891bdae610a7dc420349d1772ea87f993,/home/rspip/cqc/pro/study/orientbench/annotation_tools/m4_angle_annotation/annotator_B/crops/045448313cb7cca1eb8d.jpg
m4-071-final-v1,B,bd2cb1f8982e8fe3e2f3,d883bb186cbefeeb,FAIR1M-v1.0,959,3e64e1ffdafde7340837eb97ecdc2628e9e747e07c7f11cca22aced824d51270,/home/rspip/cqc/pro/study/orientbench/annotation_tools/m4_angle_annotation/annotator_B/crops/bd2cb1f8982e8fe3e2f3.jpg
m4-071-final-v1,B,d320fe21cc2e24df79ee,83f702daca41a061,FAIR1M-v1.0,960,d07df445de5092c4eeae05a22ea0c069f678f0b51c016bf1004d9c6b8b116e4d,/home/rspip/cqc/pro/study/orientbench/annotation_tools/m4_angle_annotation/annotator_B/crops/d320fe21cc2e24df79ee.jpg
m4-071-final-v1,B,771e0223186be66e440d,c3a4d71f5335a2ff,DIOR-R,961,efb4651443d8823f5e5ed4324b1bd8792913d8f754d188951a1ceb6098a22b3d,/home/rspip/cqc/pro/study/orientbench/annotation_tools/m4_angle_annotation/annotator_B/crops/771e0223186be66e440d.jpg
m4-071-final-v1,B,089960e3d1af36a0c0bd,39d3ccaa0fee9821,FAIR1M-v1.0,962,c03d288e4726070ea297d33b3925538e61825dd7eea7366b9e2c8ef09dc201b8,/home/rspip/cqc/pro/study/orientbench/annotation_tools/m4_angle_annotation/annotator_B/crops/089960e3d1af36a0c0bd.jpg
m4-071-final-v1,B,8c42028b196919c5fd14,2dae2e2343959b9b,FAIR1M-v1.0,963,c0b801a27a1c48ffc0eadef2b59b218df0b59245f0e1bead732c8aa89ef97037,/home/rspip/cqc/pro/study/orientbench/annotation_tools/m4_angle_annotation/annotator_B/crops/8c42028b196919c5fd14.jpg
m4-071-final-v1,B,efa950c104d9f92545d9,fec805ff100621b8,FAIR1M-v1.0,964,ac547540a5fcb1fb051f151f7e2452b94903fcb49f4933a60348f4c8a156f154,/home/rspip/cqc/pro/study/orientbench/annotation_tools/m4_angle_annotation/annotator_B/crops/efa950c104d9f92545d9.jpg
m4-071-final-v1,B,36d360f766d06c244e8e,138d9ece25d3a62e,FAIR1M-v1.0,965,bbf6616700ee38d22f23967661fbd29237c789e4528f37daec8bd933ef9c68d3,/home/rspip/cqc/pro/study/orientbench/annotation_tools/m4_angle_annotation/annotator_B/crops/36d360f766d06c244e8e.jpg
m4-071-final-v1,B,2e46c17166e1d3dbaf61,53116e3317e4ccbe,SODA-A,966,a6161ba1d8a4771f0e878d7a6c091e3439948168044923d42d0cb8e936907c5e,/home/rspip/cqc/pro/study/orientbench/annotation_tools/m4_angle_annotation/annotator_B/crops/2e46c17166e1d3dbaf61.jpg
m4-071-final-v1,B,1b27555e4a8374b494b8,20ea3ebadf81bc25,FAIR1M-v1.0,967,89079a9cdd488ad181a87b57f913c64d5e5484e8c191d404c6b19687eb7034d1,/home/rspip/cqc/pro/study/orientbench/annotation_tools/m4_angle_annotation/annotator_B/crops/1b27555e4a8374b494b8.jpg
m4-071-final-v1,B,87a04c044eb9d26b74f2,9cbeec419f3af8fa,FAIR1M-v1.0,968,d002440ab37b6610b305f8fef4447e9808acf466dc6f87ece13ebf6b7be178f7,/home/rspip/cqc/pro/study/orientbench/annotation_tools/m4_angle_annotation/annotator_B/crops/87a04c044eb9d26b74f2.jpg
m4-071-final-v1,B,3d83428c9897997bac68,7a9448d60f3ef3ec,FAIR1M-v1.0,969,7e6012d67f94a3a522ea113dea07eef394e881373736036dd9c1c4fb817d70f3,/home/rspip/cqc/pro/study/orientbench/annotation_tools/m4_angle_annotation/annotator_B/crops/3d83428c9897997bac68.jpg
m4-071-final-v1,B,46285d931f85ed06a452,472866c9f3eb4a8b,FAIR1M-v1.0,970,fd699c4b33ff5fb133966c2f34de0a4bd037db4bbbce1cbef20261719658a9a7,/home/rspip/cqc/pro/study/orientbench/annotation_tools/m4_angle_annotation/annotator_B/crops/46285d931f85ed06a452.jpg
m4-071-final-v1,B,75ba640ef88dbed7c06f,0c2274f02bf5ced3,DIOR-R,971,2761ee1be03c4c89cd07a22c3fa5971681d1d91b66cdd179907dfa0238043a00,/home/rspip/cqc/pro/study/orientbench/annotation_tools/m4_angle_annotation/annotator_B/crops/75ba640ef88dbed7c06f.jpg
m4-071-final-v1,B,ca51f9b5a52ab7699a67,b3a6e4b5bddce161,SODA-A,972,6242edf8664de08e25bb1eb8e636f9395bf3caa54ad1edfed79e710313dc4106,/home/rspip/cqc/pro/study/orientbench/annotation_tools/m4_angle_annotation/annotator_B/crops/ca51f9b5a52ab7699a67.jpg
m4-071-final-v1,B,9130b8c115a9b1b2d66b,814019156d099f51,SODA-A,973,ca8138d04158f21d55c38172adfa1366ff1db106776084729d57388061b400d8,/home/rspip/cqc/pro/study/orientbench/annotation_tools/m4_angle_annotation/annotator_B/crops/9130b8c115a9b1b2d66b.jpg
m4-071-final-v1,B,ade11f8c5bb4db555748,9faf399364166503,DIOR-R,974,361d2a9621fb020cacf99ea98c64c4cdf6e7537359921f0ca4bf67eee69e5e44,/home/rspip/cqc/pro/study/orientbench/annotation_tools/m4_angle_annotation/annotator_B/crops/ade11f8c5bb4db555748.jpg
m4-071-final-v1,B,31e842049055d9980a13,32222327ec5335cf,DIOR-R,975,528d60274bc71176330b3987b927cbebd69a0e96057e1f1d427046e3243c2f9e,/home/rspip/cqc/pro/study/orientbench/annotation_tools/m4_angle_annotation/annotator_B/crops/31e842049055d9980a13.jpg
m4-071-final-v1,B,c5a972a96fd9541cc833,2f169f35a356eae3,SODA-A,976,b79eaf3e0d8c1071d4f8fc19ff36fd16b2a42138a193df922846882ee8161dc8,/home/rspip/cqc/pro/study/orientbench/annotation_tools/m4_angle_annotation/annotator_B/crops/c5a972a96fd9541cc833.jpg
m4-071-final-v1,B,32baad241f3f556f43c3,83e6c09bd367c01f,SODA-A,977,7091dd2b2a0bd90de2627357c32555f20bb489bcae9a3bc03af801e115907d26,/home/rspip/cqc/pro/study/orientbench/annotation_tools/m4_angle_annotation/annotator_B/crops/32baad241f3f556f43c3.jpg
m4-071-final-v1,B,de9efa39683cb8778e85,e1e71ec7a9beb52a,SODA-A,978,b45c3f2fa373d8fcb2c8759f0e14f9e18252d7f2d8ae4586f257f351343d2de4,/home/rspip/cqc/pro/study/orientbench/annotation_tools/m4_angle_annotation/annotator_B/crops/de9efa39683cb8778e85.jpg
m4-071-final-v1,B,ffe43ac431f0249a8407,a7058ce44aab0816,DIOR-R,979,4726a6bfa6a1944efe007c7f7acae8fc7fd941f36bbe0ba6cbef0ed79762ee24,/home/rspip/cqc/pro/study/orientbench/annotation_tools/m4_angle_annotation/annotator_B/crops/ffe43ac431f0249a8407.jpg
m4-071-final-v1,B,98526e98e78a9d70037e,5963cc30df325256,DIOR-R,980,032fe89ddf84adde85343e5e0cae2f2b9ef97790021d3f788c8f72ab9c2152e5,/home/rspip/cqc/pro/study/orientbench/annotation_tools/m4_angle_annotation/annotator_B/crops/98526e98e78a9d70037e.jpg
m4-071-final-v1,B,ecc22dc3e257985e4ae9,323c850622ad711c,FAIR1M-v1.0,981,60329e4c56e6024bf5a10498bca79b6db28932da465a85e143fae295b4f16f1e,/home/rspip/cqc/pro/study/orientbench/annotation_tools/m4_angle_annotation/annotator_B/crops/ecc22dc3e257985e4ae9.jpg
m4-071-final-v1,B,ee45ecf2da83b010e47a,ece3772125109f2a,FAIR1M-v1.0,982,b8d6e25a84eb8385fa45c575f453b27ff8c2263a0cf7d14fe5827bfb4b773316,/home/rspip/cqc/pro/study/orientbench/annotation_tools/m4_angle_annotation/annotator_B/crops/ee45ecf2da83b010e47a.jpg
m4-071-final-v1,B,f749d9219ea3091afdf8,b69a8a9a02e9e529,SODA-A,983,57d376ddd3d4ed8e07a318298649fbb30efcd81a4da3620f033d432625abd203,/home/rspip/cqc/pro/study/orientbench/annotation_tools/m4_angle_annotation/annotator_B/crops/f749d9219ea3091afdf8.jpg
m4-071-final-v1,B,b9bb07bbbcd1ef2c3477,0a732cd741f35e99,FAIR1M-v1.0,984,572f01711f6b187e19df5b8c5daf142fda6685653b3b5e320a3c3691c3f5c186,/home/rspip/cqc/pro/study/orientbench/annotation_tools/m4_angle_annotation/annotator_B/crops/b9bb07bbbcd1ef2c3477.jpg
m4-071-final-v1,B,43b7ed1fb0038c43543b,38a97b6605ff1964,SODA-A,985,b22adb15ea3cd22ac87d839db82d173b34e7b7bbed65f30f2319fa8cc29ad799,/home/rspip/cqc/pro/study/orientbench/annotation_tools/m4_angle_annotation/annotator_B/crops/43b7ed1fb0038c43543b.jpg
m4-071-final-v1,B,a9f146fa2dd0ddd30701,06bd35dea8c45491,FAIR1M-v1.0,986,615d11075a687e58ab4ca80c83e7db88da95c8f21f4937ef7fa09a637a90622a,/home/rspip/cqc/pro/study/orientbench/annotation_tools/m4_angle_annotation/annotator_B/crops/a9f146fa2dd0ddd30701.jpg
m4-071-final-v1,B,f73dc93044e54fe32bed,f7f8123ff01b9164,DIOR-R,987,615eff9817aa5a7f35e23d92fabbec3f227de73e2d4afaebe01d2e1861170023,/home/rspip/cqc/pro/study/orientbench/annotation_tools/m4_angle_annotation/annotator_B/crops/f73dc93044e54fe32bed.jpg
m4-071-final-v1,B,35594771997b53dc0b58,41548f19808c51aa,DIOR-R,988,54e5170d0dc1c2041c119324a67d96e5e728cd0b84d5afc377ae587e7874459a,/home/rspip/cqc/pro/study/orientbench/annotation_tools/m4_angle_annotation/annotator_B/crops/35594771997b53dc0b58.jpg
m4-071-final-v1,B,635ddcafceee9b69d666,90d4fcf322602a0e,SODA-A,989,c586b5f83f4f89179b297ba0e3d1a894992f26e3b1e2480da2a630e8381536d9,/home/rspip/cqc/pro/study/orientbench/annotation_tools/m4_angle_annotation/annotator_B/crops/635ddcafceee9b69d666.jpg
m4-071-final-v1,B,9167e2fb6b88b2d5bdd8,3e024a0c59456289,SODA-A,990,63147498ddb0143f2aea603e3672c7202fbf44bae7609c4b0fe5dcf479e64906,/home/rspip/cqc/pro/study/orientbench/annotation_tools/m4_angle_annotation/annotator_B/crops/9167e2fb6b88b2d5bdd8.jpg
m4-071-final-v1,B,f76f96c118d044e0fa70,186ca83d8a2506fb,SODA-A,991,397b237c5de494698a2ea849011907646afcfaa487d686bf125c8a9a2ecbceb3,/home/rspip/cqc/pro/study/orientbench/annotation_tools/m4_angle_annotation/annotator_B/crops/f76f96c118d044e0fa70.jpg
m4-071-final-v1,B,cd2ab186260b4eec25a4,e81553fc128cac81,FAIR1M-v1.0,992,4d3feba02c42f1fe4745efa025048c52baee6e7b6f2909196aca0324b0ca52d4,/home/rspip/cqc/pro/study/orientbench/annotation_tools/m4_angle_annotation/annotator_B/crops/cd2ab186260b4eec25a4.jpg
m4-071-final-v1,B,14e1b64119edcc543749,f2c8a4b09c851efe,FAIR1M-v1.0,993,9426ac6a7469d008849706852ed5fc270c74b0d3d6325c8c0515394e8224b01e,/home/rspip/cqc/pro/study/orientbench/annotation_tools/m4_angle_annotation/annotator_B/crops/14e1b64119edcc543749.jpg
m4-071-final-v1,B,cac5f8b4b8cac10472d9,e5b15ffe5d55e3f4,FAIR1M-v1.0,994,02ae62becb6b6ed839d50d9969ce60f798aa2c4e266d920d3c94f7ddd4466672,/home/rspip/cqc/pro/study/orientbench/annotation_tools/m4_angle_annotation/annotator_B/crops/cac5f8b4b8cac10472d9.jpg
m4-071-final-v1,B,3fe3cfeedb35eb8b09de,92c849f42d72aaae,SODA-A,995,1b5a05188ffeecfce9ac1c79234e1ef0c58738dde7ad0aa3d1b6558b3a53f877,/home/rspip/cqc/pro/study/orientbench/annotation_tools/m4_angle_annotation/annotator_B/crops/3fe3cfeedb35eb8b09de.jpg
m4-071-final-v1,B,d094c9b6cc748e0a3f1e,606b890360c8a239,FAIR1M-v1.0,996,1cbb89d17be472576783dbd6f3b41c4375fdce7c077f8009b3a058f7a62642af,/home/rspip/cqc/pro/study/orientbench/annotation_tools/m4_angle_annotation/annotator_B/crops/d094c9b6cc748e0a3f1e.jpg
m4-071-final-v1,B,27cd5dc957d35d08804c,30989111f5664f9b,DIOR-R,997,b4c7870b7233d2e738d728c95d7566379137fd10338968e5609a063a6728fb95,/home/rspip/cqc/pro/study/orientbench/annotation_tools/m4_angle_annotation/annotator_B/crops/27cd5dc957d35d08804c.jpg
m4-071-final-v1,B,2ee283d8df515688e74b,ca6cccb5c4e33341,SODA-A,998,9b8112118da804924ff31b6b9c9d583bfd81cfc0990b17f15c4700f69f7322fd,/home/rspip/cqc/pro/study/orientbench/annotation_tools/m4_angle_annotation/annotator_B/crops/2ee283d8df515688e74b.jpg
m4-071-final-v1,B,9816adf441510771f19b,9de98133bdd152bb,DIOR-R,999,728cbc0cecd0145bb10c037b4214c381ea988ad2f5757a2f2d175cfe8811771a,/home/rspip/cqc/pro/study/orientbench/annotation_tools/m4_angle_annotation/annotator_B/crops/9816adf441510771f19b.jpg
m4-071-final-v1,B,4c4ec82ea1d0878f28a4,bf372f3cc23e5529,FAIR1M-v1.0,1000,d6dc9b9220961c04aecf1249401ad3e4407cf2ca92c0725772d847f488a8efcf,/home/rspip/cqc/pro/study/orientbench/annotation_tools/m4_angle_annotation/annotator_B/crops/4c4ec82ea1d0878f28a4.jpg
m4-071-final-v1,B,d2c768221e68bd97b882,c481f0e1959275df,SODA-A,1001,096ca006fd46555a107e398464618f055585708616598b1654e1ac5a7f6c2598,/home/rspip/cqc/pro/study/orientbench/annotation_tools/m4_angle_annotation/annotator_B/crops/d2c768221e68bd97b882.jpg
m4-071-final-v1,B,6257b920a07b8082dc3c,367f2f05f5299fbe,SODA-A,1002,e63463d0e5bc02316b8e1f6881327abaf95f1f4b1d57f857ccc9b4248a9c2ee9,/home/rspip/cqc/pro/study/orientbench/annotation_tools/m4_angle_annotation/annotator_B/crops/6257b920a07b8082dc3c.jpg
m4-071-final-v1,B,5b4cbce88605fbdfd9db,5185d95853c15334,SODA-A,1003,a4c2385a8658315aa3aaa7a96d98c623dd9377cd224b273d6b38b14e294778d7,/home/rspip/cqc/pro/study/orientbench/annotation_tools/m4_angle_annotation/annotator_B/crops/5b4cbce88605fbdfd9db.jpg
m4-071-final-v1,B,a31d0b61a6b31f49160e,63bf52e1946b6979,DIOR-R,1004,808e7767c50eaef4fca7c828810ae3bb00336e7cd1f49623bf7ba74ec371de6f,/home/rspip/cqc/pro/study/orientbench/annotation_tools/m4_angle_annotation/annotator_B/crops/a31d0b61a6b31f49160e.jpg
m4-071-final-v1,B,e68cd7b5e0fc885e549e,d0452763faf8a17d,SODA-A,1005,78f66dd672ff7ad2bc98eb39deb95c91653bb991c1745a0d63072cfed1d5f1c0,/home/rspip/cqc/pro/study/orientbench/annotation_tools/m4_angle_annotation/annotator_B/crops/e68cd7b5e0fc885e549e.jpg
m4-071-final-v1,B,fd1b058d00883b845a1e,67b62b86c2b79a95,SODA-A,1006,a9ba90e43f9490304ee5bbf0ddcf15f615e6b9047a9ab550b9605e20d9998e16,/home/rspip/cqc/pro/study/orientbench/annotation_tools/m4_angle_annotation/annotator_B/crops/fd1b058d00883b845a1e.jpg
m4-071-final-v1,B,6f143306fd4722ba5351,7ea90bf551a972f0,DIOR-R,1007,fab5e6489d693c6c134205c1bf0450b0c031db812bc4697231d7f689f736f90e,/home/rspip/cqc/pro/study/orientbench/annotation_tools/m4_angle_annotation/annotator_B/crops/6f143306fd4722ba5351.jpg
m4-071-final-v1,B,ea786651e6f5e69ef10a,665a00b3728188ec,DIOR-R,1008,3b352633c3a939b4fd0bb1f0b1dbb6e93896b68cbc726e79d4e5d358e086b582,/home/rspip/cqc/pro/study/orientbench/annotation_tools/m4_angle_annotation/annotator_B/crops/ea786651e6f5e69ef10a.jpg
m4-071-final-v1,B,aa3b443bc76b9a712052,39fa0c1b51759963,SODA-A,1009,7c3c3ce0cc9e1213e5c2fd566646a85df901d699973104519f4f928bc21833cd,/home/rspip/cqc/pro/study/orientbench/annotation_tools/m4_angle_annotation/annotator_B/crops/aa3b443bc76b9a712052.jpg
m4-071-final-v1,B,201828577f3168613870,6a11f7455484d541,DIOR-R,1010,db188c59384a1806687e706335d52b8f567a682beaa5f2c8c1870d130a8a1a7e,/home/rspip/cqc/pro/study/orientbench/annotation_tools/m4_angle_annotation/annotator_B/crops/201828577f3168613870.jpg
m4-071-final-v1,B,bd59746e0f972a9f06cc,ce742a7d89faf3d8,FAIR1M-v1.0,1011,38f978084e1afad6a1ab4d5983b5186dcf184d20f750cd0d8584a6434371d84d,/home/rspip/cqc/pro/study/orientbench/annotation_tools/m4_angle_annotation/annotator_B/crops/bd59746e0f972a9f06cc.jpg
m4-071-final-v1,B,878ae6f97506324a06dc,d277adc7c3b7ade8,FAIR1M-v1.0,1012,e55b4f7dbd2723f291d7388e6552ea997e21ff9da6fd710153ee233f20ff8ce8,/home/rspip/cqc/pro/study/orientbench/annotation_tools/m4_angle_annotation/annotator_B/crops/878ae6f97506324a06dc.jpg
m4-071-final-v1,B,c5e3c41cd84bfddc88e2,68cb6175552f8fdf,FAIR1M-v1.0,1013,8d34a9d2d599941bc708698f3f63a6593f7706048a8d51ea8a9cb6e603c6f9cc,/home/rspip/cqc/pro/study/orientbench/annotation_tools/m4_angle_annotation/annotator_B/crops/c5e3c41cd84bfddc88e2.jpg
m4-071-final-v1,B,3665b800332835a85d4c,94864eb01d9aca12,FAIR1M-v1.0,1014,c14b561016255b89fbefb87729b6659fd0021bc1747fa35134335affde61f1c6,/home/rspip/cqc/pro/study/orientbench/annotation_tools/m4_angle_annotation/annotator_B/crops/3665b800332835a85d4c.jpg
m4-071-final-v1,B,566c4fde5320b7bb34d5,fd3077c02699f26a,FAIR1M-v1.0,1015,85f04c4b6f904e411a1c2be53c551902d0d13deeb0fe320b37c4149458552b67,/home/rspip/cqc/pro/study/orientbench/annotation_tools/m4_angle_annotation/annotator_B/crops/566c4fde5320b7bb34d5.jpg
m4-071-final-v1,B,fdd80e555af35f90e602,1faf68b0490d4a69,FAIR1M-v1.0,1016,11679a673d741419c3562633bc3c7b4bf104f81bdec426f87f28cacb02a88d18,/home/rspip/cqc/pro/study/orientbench/annotation_tools/m4_angle_annotation/annotator_B/crops/fdd80e555af35f90e602.jpg
m4-071-final-v1,B,3ed2b21c38ce4485f9f4,c724e5dec82ecb7e,SODA-A,1017,1e2cfa7578f313af635aa550f040f2c2255bb0f4fa86cb4fccd50f2f3b448db5,/home/rspip/cqc/pro/study/orientbench/annotation_tools/m4_angle_annotation/annotator_B/crops/3ed2b21c38ce4485f9f4.jpg
m4-071-final-v1,B,e3d73df604308a951c33,fdcbd70cde4d6243,DIOR-R,1018,f0dc41a9775b825668171d63af148dc01fe32a48fc48338e0693b5be42d295f7,/home/rspip/cqc/pro/study/orientbench/annotation_tools/m4_angle_annotation/annotator_B/crops/e3d73df604308a951c33.jpg
m4-071-final-v1,B,f63aa30674c08d8cf249,be823328005111e7,FAIR1M-v1.0,1019,acce7c0392ebe9a4f86a50cf10f89cc1ef23392f7f6b0a71c6b8afdd05ad2a77,/home/rspip/cqc/pro/study/orientbench/annotation_tools/m4_angle_annotation/annotator_B/crops/f63aa30674c08d8cf249.jpg
m4-071-final-v1,B,63669d25926f007903a8,8f9edc772889336d,DIOR-R,1020,bfbe9165b4a990bfae4b14906956c9f3f2522d0a168237ef0fda1d51b6f8eb40,/home/rspip/cqc/pro/study/orientbench/annotation_tools/m4_angle_annotation/annotator_B/crops/63669d25926f007903a8.jpg
m4-071-final-v1,B,536dbb2296d55bb4e2f8,c3bf95ed9c518caa,FAIR1M-v1.0,1021,5f5b846482d79ad46558590aae13fb3680f7820e4146510e52b7eba8829f830f,/home/rspip/cqc/pro/study/orientbench/annotation_tools/m4_angle_annotation/annotator_B/crops/536dbb2296d55bb4e2f8.jpg
m4-071-final-v1,B,30b3b9ae529b1e218728,82c4924261548150,SODA-A,1022,101c353ffaf137e50076767d1491010a7e1cf44eae19c5085c31ac425869e19d,/home/rspip/cqc/pro/study/orientbench/annotation_tools/m4_angle_annotation/annotator_B/crops/30b3b9ae529b1e218728.jpg
m4-071-final-v1,B,cb14380615cc8e46f453,ad1ec4f8ab8e3fdc,DIOR-R,1023,c1183b65b094aad184cef619a13d5d19915ed3de89fa417b7d49067edca49cf1,/home/rspip/cqc/pro/study/orientbench/annotation_tools/m4_angle_annotation/annotator_B/crops/cb14380615cc8e46f453.jpg
m4-071-final-v1,B,03f839f7b51ab35cba27,c42c84917b2dd375,DIOR-R,1024,01559c27b34a127572668b9393f76fa7f8b9a8645af95e415a21c147ccc744d5,/home/rspip/cqc/pro/study/orientbench/annotation_tools/m4_angle_annotation/annotator_B/crops/03f839f7b51ab35cba27.jpg
m4-071-final-v1,B,07a868e20851d68b518a,429cbeb9396f43c2,DIOR-R,1025,2ef31a34726b6c65a7da470700d4287d16ffea2566f3731e5ae930929f05aee3,/home/rspip/cqc/pro/study/orientbench/annotation_tools/m4_angle_annotation/annotator_B/crops/07a868e20851d68b518a.jpg
m4-071-final-v1,B,067320f17040968b5a7f,fc2ccb14e2f3e01e,SODA-A,1026,828d85d941d1e91bff4b625f98422b5e95f49ef478ed0d66bc269ece4ee5c3e4,/home/rspip/cqc/pro/study/orientbench/annotation_tools/m4_angle_annotation/annotator_B/crops/067320f17040968b5a7f.jpg
m4-071-final-v1,B,22dedbb2ac70aaa6e429,3bc9f4b50b015bc1,SODA-A,1027,9dbb005d73ff04036a28e724cc38a81fb6e3c89e1eaa7157c544386599434d3d,/home/rspip/cqc/pro/study/orientbench/annotation_tools/m4_angle_annotation/annotator_B/crops/22dedbb2ac70aaa6e429.jpg
m4-071-final-v1,B,441a8db5b34141cda165,681d06a56e39356e,SODA-A,1028,f31c6e6abdc45744ae6c479d0364f8d3fcf79efe5bbca9a56bd4264cf68cba4e,/home/rspip/cqc/pro/study/orientbench/annotation_tools/m4_angle_annotation/annotator_B/crops/441a8db5b34141cda165.jpg
m4-071-final-v1,B,b654ec6d6b18f470413d,e9b10a3ce020be1f,FAIR1M-v1.0,1029,e1759eb6d585851cf976e0f829a097b9d33e0bbb94944135319ec6275aa33610,/home/rspip/cqc/pro/study/orientbench/annotation_tools/m4_angle_annotation/annotator_B/crops/b654ec6d6b18f470413d.jpg
m4-071-final-v1,B,e16594e1d1936be715f7,6bb98bca1424bb2d,SODA-A,1030,fb71753ada36e14be1023c51cb9af620c66c60b2f5b67b667ad8b3c58affa1ec,/home/rspip/cqc/pro/study/orientbench/annotation_tools/m4_angle_annotation/annotator_B/crops/e16594e1d1936be715f7.jpg
m4-071-final-v1,B,67bb1a00841277fce2d6,4755db58e9067c65,SODA-A,1031,d994165bc5a2e7e395e7b2feb4749fa6afb2512136eb0a342836b0a96254959c,/home/rspip/cqc/pro/study/orientbench/annotation_tools/m4_angle_annotation/annotator_B/crops/67bb1a00841277fce2d6.jpg
m4-071-final-v1,B,e694d213d3401c772809,9ba27b754331eea5,FAIR1M-v1.0,1032,4e5f6d8997d040289f25d06eaa4c319035c8c7c46612a2447bf2305a5925e9aa,/home/rspip/cqc/pro/study/orientbench/annotation_tools/m4_angle_annotation/annotator_B/crops/e694d213d3401c772809.jpg
m4-071-final-v1,B,858dd8d33fd3baa562c0,c325f2c0a3445b4e,SODA-A,1033,c9c86054c1746b3a3348438ae639572d77a62ceeda83291319da8ccfbaea6e12,/home/rspip/cqc/pro/study/orientbench/annotation_tools/m4_angle_annotation/annotator_B/crops/858dd8d33fd3baa562c0.jpg
m4-071-final-v1,B,a4b6deb4883c96573078,0e474d2393abdac0,FAIR1M-v1.0,1034,36ebf4f4fde8f464c6bba100435471e8abaa016c614ee9ed1ddccad3d18beef1,/home/rspip/cqc/pro/study/orientbench/annotation_tools/m4_angle_annotation/annotator_B/crops/a4b6deb4883c96573078.jpg
m4-071-final-v1,B,ffb8cab4aa19f877c292,e5071f1f8e6ae14d,FAIR1M-v1.0,1035,50bf0c49a9e06f35b5cb9c28bf78724a2e0db6dc618f123564d305b70253705f,/home/rspip/cqc/pro/study/orientbench/annotation_tools/m4_angle_annotation/annotator_B/crops/ffb8cab4aa19f877c292.jpg
m4-071-final-v1,B,54886851aa7bb487bd8f,770eb6dd30706c23,SODA-A,1036,c7e17d18e231a357db75b3b5947b856e0ac19ccac87e48d04c175abf79b67e2f,/home/rspip/cqc/pro/study/orientbench/annotation_tools/m4_angle_annotation/annotator_B/crops/54886851aa7bb487bd8f.jpg
m4-071-final-v1,B,835c3ceecc4d065048df,af9975e61f3b6772,DIOR-R,1037,50d07e02c76ed197fedd6bdfbf9f24d9b1b74b397860397b65ca1ec1a8042484,/home/rspip/cqc/pro/study/orientbench/annotation_tools/m4_angle_annotation/annotator_B/crops/835c3ceecc4d065048df.jpg
m4-071-final-v1,B,3b1252127cc65fa9622b,27c93151573431b5,DIOR-R,1038,4039f315029e5a11c2cc2e096a0ed8061db892390edde540af90861ca23a16c6,/home/rspip/cqc/pro/study/orientbench/annotation_tools/m4_angle_annotation/annotator_B/crops/3b1252127cc65fa9622b.jpg
m4-071-final-v1,B,4d70a13c88343b996e73,1fc3b3b40c01488a,SODA-A,1039,bc43598f302e0a227ec68aec3b7de422d856ccc4f413667c9a44ed4957879f1d,/home/rspip/cqc/pro/study/orientbench/annotation_tools/m4_angle_annotation/annotator_B/crops/4d70a13c88343b996e73.jpg
m4-071-final-v1,B,9c66089909271bf812c5,8d52e663324df8e8,FAIR1M-v1.0,1040,2cf10db09db1bd2eff944bcd34cd63b530ecc77c45916352a5ce94ba653b237f,/home/rspip/cqc/pro/study/orientbench/annotation_tools/m4_angle_annotation/annotator_B/crops/9c66089909271bf812c5.jpg
m4-071-final-v1,B,ea05f842241486689a86,27959531b13e3bc8,SODA-A,1041,39d6dfc19c53aa7b343ef67ece330982dc46bda264b86953a69ce8d006b46891,/home/rspip/cqc/pro/study/orientbench/annotation_tools/m4_angle_annotation/annotator_B/crops/ea05f842241486689a86.jpg
m4-071-final-v1,B,49e334628d5463cb7b47,dad3c7d8b2c28bee,FAIR1M-v1.0,1042,9f2e53b9fa6c8e6e99a2130d3ee4f836afc015c074b11a9a64df83d7cd13a9b6,/home/rspip/cqc/pro/study/orientbench/annotation_tools/m4_angle_annotation/annotator_B/crops/49e334628d5463cb7b47.jpg
m4-071-final-v1,B,1969e7c6f3ad1491cc79,2c8e4d0f52c26da4,DIOR-R,1043,236bdbe144f13576c234dbf0b9a3b3fa2ac96e104389c349fbc82c1ba34f5d59,/home/rspip/cqc/pro/study/orientbench/annotation_tools/m4_angle_annotation/annotator_B/crops/1969e7c6f3ad1491cc79.jpg
m4-071-final-v1,B,77a742004259c79f1dc1,d465c8e2cf1c3aae,FAIR1M-v1.0,1044,903e41b075558ab77aeb0732befb674be62a76df9cc800ecb9ff61de55e4d9b1,/home/rspip/cqc/pro/study/orientbench/annotation_tools/m4_angle_annotation/annotator_B/crops/77a742004259c79f1dc1.jpg
m4-071-final-v1,B,ec6cf92e54de5003135b,db83058746b8128c,SODA-A,1045,7c6fb5f32ec73fe4aa621de19c947eeb19e594abf47d34c744b5b79d683ecbb9,/home/rspip/cqc/pro/study/orientbench/annotation_tools/m4_angle_annotation/annotator_B/crops/ec6cf92e54de5003135b.jpg
m4-071-final-v1,B,dca149fa232f60e46ff5,b75cfdfdaaa5dd5e,SODA-A,1046,9df722304deae9f7897344d491581444131805129c6af90c56021f5ab7773c38,/home/rspip/cqc/pro/study/orientbench/annotation_tools/m4_angle_annotation/annotator_B/crops/dca149fa232f60e46ff5.jpg
m4-071-final-v1,B,d538290a1f045329db87,14c413393dd30348,SODA-A,1047,613691f064ef7b9bf3c274ece74b9ff3ae5a7e140463723f97edd82c4c3731d4,/home/rspip/cqc/pro/study/orientbench/annotation_tools/m4_angle_annotation/annotator_B/crops/d538290a1f045329db87.jpg
m4-071-final-v1,B,9ed510ad6511d35fcc67,cbe0a7a1fddb5d73,SODA-A,1048,3f330279a5ba90afb2b71ce09da1826753b3a259a43f05c64567c42b60e898b7,/home/rspip/cqc/pro/study/orientbench/annotation_tools/m4_angle_annotation/annotator_B/crops/9ed510ad6511d35fcc67.jpg
m4-071-final-v1,B,68ff5a483a46b1975633,cd1a782ff2eee199,DIOR-R,1049,76d61b896ca725d5270db31d8e86cf7ef1887e7f2dc39b6a64d8f37b48ff2adb,/home/rspip/cqc/pro/study/orientbench/annotation_tools/m4_angle_annotation/annotator_B/crops/68ff5a483a46b1975633.jpg
m4-071-final-v1,B,16c1d630921d88944b4b,151bb5ae124b28a8,FAIR1M-v1.0,1050,c54086844e52b4bc5e3106e010e1daa3c965565d8aa422cb68d0c424d16b3609,/home/rspip/cqc/pro/study/orientbench/annotation_tools/m4_angle_annotation/annotator_B/crops/16c1d630921d88944b4b.jpg
m4-071-final-v1,B,bd029feb75e0b163df82,f00f9a7b09671122,SODA-A,1051,2c93703f555029b9c183ad017666eb94b3b644299033208c400144d260a4092a,/home/rspip/cqc/pro/study/orientbench/annotation_tools/m4_angle_annotation/annotator_B/crops/bd029feb75e0b163df82.jpg
m4-071-final-v1,B,8f5d3f10576e97480a43,6516eac77d911018,FAIR1M-v1.0,1052,19efecb3ae637308e41f56cc98225f3beb65d7fa82f357f265ffc01aadaaa054,/home/rspip/cqc/pro/study/orientbench/annotation_tools/m4_angle_annotation/annotator_B/crops/8f5d3f10576e97480a43.jpg
m4-071-final-v1,B,037242dcc82cc1b3a780,53ddbd752ea652d6,DIOR-R,1053,1fc7ccfe1b70c12c5eec7a588bf7aafdb4f4b6a4ac4dc14d196e0671246145e0,/home/rspip/cqc/pro/study/orientbench/annotation_tools/m4_angle_annotation/annotator_B/crops/037242dcc82cc1b3a780.jpg
m4-071-final-v1,B,c97e9761f0f3e688c5e7,8cc47ef867cda6cc,SODA-A,1054,fd187a48d7709cfee013886753f1cb3bbc6fbcd10b9353922a004a80800ce398,/home/rspip/cqc/pro/study/orientbench/annotation_tools/m4_angle_annotation/annotator_B/crops/c97e9761f0f3e688c5e7.jpg
m4-071-final-v1,B,61c1b61da99eeed68f66,46d42c4268511d12,SODA-A,1055,4ade18a506a8621d60f689605395452925fe702e09a2a06e90f5cae98fb5702f,/home/rspip/cqc/pro/study/orientbench/annotation_tools/m4_angle_annotation/annotator_B/crops/61c1b61da99eeed68f66.jpg
m4-071-final-v1,B,6203b804956d843c4525,f485ea93e38002bb,FAIR1M-v1.0,1056,a832f7054229d2ae76a0881232b37d8c8b5f92ddce0352a4181374f05769fb7f,/home/rspip/cqc/pro/study/orientbench/annotation_tools/m4_angle_annotation/annotator_B/crops/6203b804956d843c4525.jpg
m4-071-final-v1,B,feb4089af5f4f016e15d,40fb97a15ab27e8e,SODA-A,1057,b207544042c18d9b294bc93f47836ef0135fcd4d0867b49d3c832b459953bb90,/home/rspip/cqc/pro/study/orientbench/annotation_tools/m4_angle_annotation/annotator_B/crops/feb4089af5f4f016e15d.jpg
m4-071-final-v1,B,7924ca0ccda1f6b2deed,0c38f4777b43ea8b,FAIR1M-v1.0,1058,49b90cd1861af385f2f37d9747d0ba61bb50dd17ac3d79a73f571fcf05ae0515,/home/rspip/cqc/pro/study/orientbench/annotation_tools/m4_angle_annotation/annotator_B/crops/7924ca0ccda1f6b2deed.jpg
m4-071-final-v1,B,7f340bb0cf461ae9bfb2,c41482ac1b072e7c,DIOR-R,1059,b4a34491f0cbe4bc271a618f0615a1c036906029a9d170e6475c8adc8d272e56,/home/rspip/cqc/pro/study/orientbench/annotation_tools/m4_angle_annotation/annotator_B/crops/7f340bb0cf461ae9bfb2.jpg
m4-071-final-v1,B,d5803834127312202461,1e3d8cc1e6c55d3b,DIOR-R,1060,210fb3b1e0096de84cae5df0c00e00a8813684b1eb55a3f6d497a17a838bfc79,/home/rspip/cqc/pro/study/orientbench/annotation_tools/m4_angle_annotation/annotator_B/crops/d5803834127312202461.jpg
m4-071-final-v1,B,59a4ad393fd1a2885826,df4c53aa62154ff6,FAIR1M-v1.0,1061,bec3d0ee0ef8e5f87ce06418bd4936525ef15a0534a2af1ea48e27216292c896,/home/rspip/cqc/pro/study/orientbench/annotation_tools/m4_angle_annotation/annotator_B/crops/59a4ad393fd1a2885826.jpg
m4-071-final-v1,B,7cfcc1096ae34e2c9955,83ce9fe5b4528fb6,DIOR-R,1062,2b22bcb322d749cfcb0d720b4ebe1f6901174ca494a83ce9462e246d111da584,/home/rspip/cqc/pro/study/orientbench/annotation_tools/m4_angle_annotation/annotator_B/crops/7cfcc1096ae34e2c9955.jpg
m4-071-final-v1,B,ec0104def9a871452ebb,511764e576938182,SODA-A,1063,059e3d1f11bd53c2a1e22a63e23b30edbd43f5292df2e5e6531b5aa0d95d9029,/home/rspip/cqc/pro/study/orientbench/annotation_tools/m4_angle_annotation/annotator_B/crops/ec0104def9a871452ebb.jpg
m4-071-final-v1,B,7ee6117670b521c9a1e3,591c121c230b8895,SODA-A,1064,c42e6196cb6c20be5fbb0c8bc448cf70969d1b56aaded1b819728c82fc8df1a2,/home/rspip/cqc/pro/study/orientbench/annotation_tools/m4_angle_annotation/annotator_B/crops/7ee6117670b521c9a1e3.jpg
m4-071-final-v1,B,62b6694d01e5f183a306,034faf734f0393c8,SODA-A,1065,6492009b713634cbfa1f728add7c0aa4ebc71d6f5aa6cb58afefcf78e4a45434,/home/rspip/cqc/pro/study/orientbench/annotation_tools/m4_angle_annotation/annotator_B/crops/62b6694d01e5f183a306.jpg
m4-071-final-v1,B,9c99b4d065a2cadf8bdf,5194bfa04a6202a4,SODA-A,1066,bde5e7ef9f044073c997540f2823582fdaf3f2a107f309b828eac7a89b8db68a,/home/rspip/cqc/pro/study/orientbench/annotation_tools/m4_angle_annotation/annotator_B/crops/9c99b4d065a2cadf8bdf.jpg
m4-071-final-v1,B,3afe30619d386c6339bc,d35b3e3d513f52ff,DIOR-R,1067,d0b00a86fa5a17f8b38dc92b3803d26d5d787ea2634b5dfdec121f2309dfef55,/home/rspip/cqc/pro/study/orientbench/annotation_tools/m4_angle_annotation/annotator_B/crops/3afe30619d386c6339bc.jpg
m4-071-final-v1,B,1f6df8920e9f673b5959,9b499003ab5b372d,SODA-A,1068,975a235366e6f47bf6ca4ea9cea29f4a77cae9ee1a0596db7b4845c83cf93dc9,/home/rspip/cqc/pro/study/orientbench/annotation_tools/m4_angle_annotation/annotator_B/crops/1f6df8920e9f673b5959.jpg
m4-071-final-v1,B,91117b3dd9a073f0d8ec,26e8b75d028d066b,SODA-A,1069,0d3fb59d8cf9891cdba5d3bf8140f5999a4976c994713285bcb04c5d36537b4c,/home/rspip/cqc/pro/study/orientbench/annotation_tools/m4_angle_annotation/annotator_B/crops/91117b3dd9a073f0d8ec.jpg
m4-071-final-v1,B,1ee476661b315c57aa92,805706f459321b1f,SODA-A,1070,88b374703f5055f5f596e9999d9cbac7d7e5fa58fc6d3efc5abd820f83de046c,/home/rspip/cqc/pro/study/orientbench/annotation_tools/m4_angle_annotation/annotator_B/crops/1ee476661b315c57aa92.jpg
m4-071-final-v1,B,dbcf3d5d19eddcbce6ca,7a59e74152b5f97f,DIOR-R,1071,65cd3f640605fb39318047c975c1479278b83e989519f4e2f687afd55917dac9,/home/rspip/cqc/pro/study/orientbench/annotation_tools/m4_angle_annotation/annotator_B/crops/dbcf3d5d19eddcbce6ca.jpg
m4-071-final-v1,B,6007ab4aeb293395e2e5,eeb364eb68b4f33a,SODA-A,1072,2615dcc650371163e529e52d3e0d0dc71b5a5d5f7bb0c23f3555b29d5d79b2ab,/home/rspip/cqc/pro/study/orientbench/annotation_tools/m4_angle_annotation/annotator_B/crops/6007ab4aeb293395e2e5.jpg
m4-071-final-v1,B,c928bb4da97ddc2d3634,499d9f6ccd5018e1,SODA-A,1073,4457db6d8ff6b268dd6c4be6d1ddd41318b463ffceb08f4ac9d9bfb14630b9ce,/home/rspip/cqc/pro/study/orientbench/annotation_tools/m4_angle_annotation/annotator_B/crops/c928bb4da97ddc2d3634.jpg
m4-071-final-v1,B,a180b3e68e408f8c84db,a146230998912662,SODA-A,1074,f2097aa47b91af3e3e8cabf0f983dbfb85f490d3154330d8bb689c57be356fbd,/home/rspip/cqc/pro/study/orientbench/annotation_tools/m4_angle_annotation/annotator_B/crops/a180b3e68e408f8c84db.jpg
m4-071-final-v1,B,93f9e7726d15972f4785,64becf2aa5764ac2,DIOR-R,1075,0c4e9abdb0dee0024fe3f7faf2376726c62442b8b5ebf3109b4d2414ba340bae,/home/rspip/cqc/pro/study/orientbench/annotation_tools/m4_angle_annotation/annotator_B/crops/93f9e7726d15972f4785.jpg
m4-071-final-v1,B,c1b5914434b38cc0d108,d32ded742086354f,SODA-A,1076,0e7a2553fcfe97cb81749f90f87908c8ad85b6969eb919ff944b0971b06ef84e,/home/rspip/cqc/pro/study/orientbench/annotation_tools/m4_angle_annotation/annotator_B/crops/c1b5914434b38cc0d108.jpg
m4-071-final-v1,B,3c9131876fcc0cfb54fb,aeeea065b4056f9e,FAIR1M-v1.0,1077,493eff46006610fe4e3ab4c73a2d5a93b2fe3b8beaea919d368d5c168444de1f,/home/rspip/cqc/pro/study/orientbench/annotation_tools/m4_angle_annotation/annotator_B/crops/3c9131876fcc0cfb54fb.jpg
m4-071-final-v1,B,35936cc3e79757643a41,971a2e5bec0b7071,FAIR1M-v1.0,1078,396a60694b78c6d9fbc8d5cde7bb16bedb3d756e428094a2301ef0bbde68c907,/home/rspip/cqc/pro/study/orientbench/annotation_tools/m4_angle_annotation/annotator_B/crops/35936cc3e79757643a41.jpg
m4-071-final-v1,B,175777fb3c4dab94c677,3bd67795e7909dfd,SODA-A,1079,fce9619b92d5164f7691c970837d05e8fa94c756a79f0eb1fe5c3e469e72ddc6,/home/rspip/cqc/pro/study/orientbench/annotation_tools/m4_angle_annotation/annotator_B/crops/175777fb3c4dab94c677.jpg
m4-071-final-v1,B,7f54fab9eb9a23b09187,950c338f95ebb9e7,FAIR1M-v1.0,1080,8005d48b2f39250e0b0e199935d80eb1d2d29bf0065fcd7ebb9f0307ca9fe0a7,/home/rspip/cqc/pro/study/orientbench/annotation_tools/m4_angle_annotation/annotator_B/crops/7f54fab9eb9a23b09187.jpg
m4-071-final-v1,B,7dac53d8ed345c7565d5,72535ceb0b865f98,DIOR-R,1081,af72edd353b341f585c5436cf14528a6800fbb429a36c435f606c730fee41810,/home/rspip/cqc/pro/study/orientbench/annotation_tools/m4_angle_annotation/annotator_B/crops/7dac53d8ed345c7565d5.jpg
m4-071-final-v1,B,14e78f81afd98296a059,288f51ddbddbf5a7,DIOR-R,1082,347aae210f1c0acb3240443fb8bc04d12f53ae175b2513c92bc42f5c2566d20f,/home/rspip/cqc/pro/study/orientbench/annotation_tools/m4_angle_annotation/annotator_B/crops/14e78f81afd98296a059.jpg
m4-071-final-v1,B,8f0833e50998cd703850,d5940ee9965544c8,FAIR1M-v1.0,1083,87e1012cfba0198600254221ee59df2db4e7798fc89f4f74eee6657910b6f5c8,/home/rspip/cqc/pro/study/orientbench/annotation_tools/m4_angle_annotation/annotator_B/crops/8f0833e50998cd703850.jpg
m4-071-final-v1,B,62efb51c15fea5efa813,dd3e80fe25ce4450,FAIR1M-v1.0,1084,3d4d1a6b7cb5a0dc8556658ee3d17fb7453dddf4370a0ae93c98c9cf2d75d90f,/home/rspip/cqc/pro/study/orientbench/annotation_tools/m4_angle_annotation/annotator_B/crops/62efb51c15fea5efa813.jpg
m4-071-final-v1,B,4b7ef09da59611125834,10c549b71db23a19,DIOR-R,1085,cf8c4bcf4d2ad898402bdc8ae9cfc425acecda20190fd960c8c04e5cd1a219f1,/home/rspip/cqc/pro/study/orientbench/annotation_tools/m4_angle_annotation/annotator_B/crops/4b7ef09da59611125834.jpg
m4-071-final-v1,B,b566883c858141d3eadd,979ba36f57714608,DIOR-R,1086,6aa7df2531e662ae2e625f93c90cce2bd7412d460a205f5d597a635680dd5ae0,/home/rspip/cqc/pro/study/orientbench/annotation_tools/m4_angle_annotation/annotator_B/crops/b566883c858141d3eadd.jpg
m4-071-final-v1,B,8a253497a4a43b508819,c1a38df9bd6cfb00,DIOR-R,1087,eddb23492cc3cfa96d9dd97bdba283a792062279e45964fed27a843175bcbfbc,/home/rspip/cqc/pro/study/orientbench/annotation_tools/m4_angle_annotation/annotator_B/crops/8a253497a4a43b508819.jpg
m4-071-final-v1,B,1b27a71fec8942782e20,d69040084cfc4879,FAIR1M-v1.0,1088,2c9b2a5a8c1d56f3185c1aba235315d73b0cdc1e686271376536b6f384976158,/home/rspip/cqc/pro/study/orientbench/annotation_tools/m4_angle_annotation/annotator_B/crops/1b27a71fec8942782e20.jpg
m4-071-final-v1,B,994a78bff5859e4d75b2,8e5142c19b9f51a5,DIOR-R,1089,32112fd7c00234fd64aba802ac32fce9fb2ebf4bb523ae482b513554a7d0d698,/home/rspip/cqc/pro/study/orientbench/annotation_tools/m4_angle_annotation/annotator_B/crops/994a78bff5859e4d75b2.jpg
m4-071-final-v1,B,e5601d2f9575bca26440,b1db1e4ad99fb7e8,SODA-A,1090,0cc88f7825f77cfe3432047e31bda104d23a6731cca2dd028dea30acf5a59007,/home/rspip/cqc/pro/study/orientbench/annotation_tools/m4_angle_annotation/annotator_B/crops/e5601d2f9575bca26440.jpg
m4-071-final-v1,B,ee637f5d98de38b19c58,780e1d44430b8a6f,FAIR1M-v1.0,1091,eb3b247f729f1a1d4a3a462e6ed4daec5b177d40c881eb642fc44e8441e40622,/home/rspip/cqc/pro/study/orientbench/annotation_tools/m4_angle_annotation/annotator_B/crops/ee637f5d98de38b19c58.jpg
m4-071-final-v1,B,d6fe84573c3a9e675c38,8051a5491c68bacc,FAIR1M-v1.0,1092,126ebd510aec74e49b1e53e9709e2b1b00269a8c77fb1ce2dd3ba13ff10e8003,/home/rspip/cqc/pro/study/orientbench/annotation_tools/m4_angle_annotation/annotator_B/crops/d6fe84573c3a9e675c38.jpg
m4-071-final-v1,B,6ebbd609684fb121837e,e507a9048fcfcba0,FAIR1M-v1.0,1093,8cff65a652f7129f88aadc23a8e0d5b8c4c24c23d48b0dde8cf92450f270cb66,/home/rspip/cqc/pro/study/orientbench/annotation_tools/m4_angle_annotation/annotator_B/crops/6ebbd609684fb121837e.jpg
m4-071-final-v1,B,26679e4ec09e9e8fca8f,8667fd51957e21a5,FAIR1M-v1.0,1094,7c39fc36b7a864fd814e5b68811f7a981853f64205fe4bc3cf27e9b28b348018,/home/rspip/cqc/pro/study/orientbench/annotation_tools/m4_angle_annotation/annotator_B/crops/26679e4ec09e9e8fca8f.jpg
m4-071-final-v1,B,6bef854e77ecb1cdbe3b,0844764c74994926,DIOR-R,1095,da860540d3c477abb71eedd69dae66bbd81d9237a2d480e56691638555a23799,/home/rspip/cqc/pro/study/orientbench/annotation_tools/m4_angle_annotation/annotator_B/crops/6bef854e77ecb1cdbe3b.jpg
m4-071-final-v1,B,44a3e30910b6815cb6b0,5d46f70492bad823,FAIR1M-v1.0,1096,8f2db8ddcf436c85eb711d5fc806fe2c351b319fba9a84129dcdd36bef570832,/home/rspip/cqc/pro/study/orientbench/annotation_tools/m4_angle_annotation/annotator_B/crops/44a3e30910b6815cb6b0.jpg
m4-071-final-v1,B,39b13cbaee3c264fb45b,f61c30c602c2ef1e,DIOR-R,1097,76743448f1d10488646025113e2627965ac4a34765d4c7fd14129d4621f0eb87,/home/rspip/cqc/pro/study/orientbench/annotation_tools/m4_angle_annotation/annotator_B/crops/39b13cbaee3c264fb45b.jpg
m4-071-final-v1,B,871b3c3169b019c99cf2,484298b788ad8399,FAIR1M-v1.0,1098,50560bbe13e53b27a0a49e1b0f308fb908ced14b6e80f7ce2956a907e0639641,/home/rspip/cqc/pro/study/orientbench/annotation_tools/m4_angle_annotation/annotator_B/crops/871b3c3169b019c99cf2.jpg
m4-071-final-v1,B,d13338666967e2cfc7a9,7de5cfb9881a2373,SODA-A,1099,3c967dd24e0c910b69481aeb1590b8174a9e129d1138cf3362e19c0fa09771db,/home/rspip/cqc/pro/study/orientbench/annotation_tools/m4_angle_annotation/annotator_B/crops/d13338666967e2cfc7a9.jpg
m4-071-final-v1,B,7fdf34b61949c3f08804,dc1a6bf3723d71a7,SODA-A,1100,d31a59f1041c04a635ef6a592a58c6ff9e36bc30e3cfb355058c7ca323e8cfd1,/home/rspip/cqc/pro/study/orientbench/annotation_tools/m4_angle_annotation/annotator_B/crops/7fdf34b61949c3f08804.jpg
m4-071-final-v1,B,801923e7903b65f291e4,69730ba877cf59db,FAIR1M-v1.0,1101,f6c736980782178ee3855b7fd4a86af0cf0163b03931e8e035f0f0dd3fabced4,/home/rspip/cqc/pro/study/orientbench/annotation_tools/m4_angle_annotation/annotator_B/crops/801923e7903b65f291e4.jpg
m4-071-final-v1,B,e0dcaa54ed2a07cc5459,3e63636af36baff1,FAIR1M-v1.0,1102,9a987ff2206ef3223daba43dd340d0a13f24110c19cc6faed38c6be8d2e131c0,/home/rspip/cqc/pro/study/orientbench/annotation_tools/m4_angle_annotation/annotator_B/crops/e0dcaa54ed2a07cc5459.jpg
m4-071-final-v1,B,b7accaa2230cee04ded8,ca8653f7e7ea25a4,FAIR1M-v1.0,1103,ff62cc08d02accdedf7704ea8261f80f25ba1f29128af10dd3de00ccf5f2a426,/home/rspip/cqc/pro/study/orientbench/annotation_tools/m4_angle_annotation/annotator_B/crops/b7accaa2230cee04ded8.jpg
m4-071-final-v1,B,4d31c583fa0294985e38,daf1ad6d73b80856,FAIR1M-v1.0,1104,df1e76ac65da5a75b005b75b74754dbd17e2aa3eb97589b03dd00a4a81cc34b1,/home/rspip/cqc/pro/study/orientbench/annotation_tools/m4_angle_annotation/annotator_B/crops/4d31c583fa0294985e38.jpg
m4-071-final-v1,B,f9781296a8fafae999b9,5e3efa0efb5b58a6,FAIR1M-v1.0,1105,a0cbb587c616902324e72f76c00c4358fa2a31131a14c5878ee4005973a88acd,/home/rspip/cqc/pro/study/orientbench/annotation_tools/m4_angle_annotation/annotator_B/crops/f9781296a8fafae999b9.jpg
m4-071-final-v1,B,16e8bc725062e74bc31f,b09429b2609a151b,DIOR-R,1106,c6e1ffcff72530316f70f97dd1217a5d7e5a35baa8e34e0b8dbfefd2a78755cd,/home/rspip/cqc/pro/study/orientbench/annotation_tools/m4_angle_annotation/annotator_B/crops/16e8bc725062e74bc31f.jpg
m4-071-final-v1,B,e806f0c0473ca0533097,23c8292e28977690,FAIR1M-v1.0,1107,f7bb86cb86e05cfb3ff727882787bd0a7abf1abe7b857c4533a39a1dbaa74263,/home/rspip/cqc/pro/study/orientbench/annotation_tools/m4_angle_annotation/annotator_B/crops/e806f0c0473ca0533097.jpg
m4-071-final-v1,B,92794f80cdd8883307ab,6cbbbac6eb1e3d31,DIOR-R,1108,24557773fb6e76683c2fab9192c0c5f09ce2b2da0b02343362198c82d19db5a3,/home/rspip/cqc/pro/study/orientbench/annotation_tools/m4_angle_annotation/annotator_B/crops/92794f80cdd8883307ab.jpg
m4-071-final-v1,B,73f9d7305616cf17fd00,0bdddeb1a86f41dc,FAIR1M-v1.0,1109,dd6e3a9524fbe35a9baa5b036c191d3587e7b8feff90c09ee2398158b3dd69f0,/home/rspip/cqc/pro/study/orientbench/annotation_tools/m4_angle_annotation/annotator_B/crops/73f9d7305616cf17fd00.jpg
m4-071-final-v1,B,2b1197055022445fe4a7,c73486457bd0db73,FAIR1M-v1.0,1110,8f86aa627480f2215f4877085dac7788d7b039b3187cb7d6ae954552e5b2819b,/home/rspip/cqc/pro/study/orientbench/annotation_tools/m4_angle_annotation/annotator_B/crops/2b1197055022445fe4a7.jpg
m4-071-final-v1,B,50e00d2b1a491ff2a365,6eec1a362e82a606,SODA-A,1111,11a9a827315c4d72ac5cce9729c7aafb3b8faa7b6bdcd63c5a986c421a9dd4d8,/home/rspip/cqc/pro/study/orientbench/annotation_tools/m4_angle_annotation/annotator_B/crops/50e00d2b1a491ff2a365.jpg
m4-071-final-v1,B,1f01d7d0be6d94f4e1a3,e27dfec3519adc65,SODA-A,1112,4cc50c1251dbfadc52f5d078777d99bd7055a8f4ffe71a9a8c39c1d98f0ff3a8,/home/rspip/cqc/pro/study/orientbench/annotation_tools/m4_angle_annotation/annotator_B/crops/1f01d7d0be6d94f4e1a3.jpg
m4-071-final-v1,B,f08a2ffabbab6ff00c07,288d818b5d6c0f9f,DIOR-R,1113,928367cc8960e28cdd4553ab3f241f55f51c37bbca64ce31943a2dd5721171e2,/home/rspip/cqc/pro/study/orientbench/annotation_tools/m4_angle_annotation/annotator_B/crops/f08a2ffabbab6ff00c07.jpg
m4-071-final-v1,B,e9d6e3ae6c4c45bb7438,3574195ead613b7c,FAIR1M-v1.0,1114,1cc1afa9b451abf843071f77cd1809a1818b5f62c546d7c1f67a49d56dd5264d,/home/rspip/cqc/pro/study/orientbench/annotation_tools/m4_angle_annotation/annotator_B/crops/e9d6e3ae6c4c45bb7438.jpg
m4-071-final-v1,B,7b31dde83514fcba3439,ea16914ee65b65b1,FAIR1M-v1.0,1115,2a36cfdb9f9d42950d3032ba79c0f4a68c3bc11be72898d94c8124f87bb57f4b,/home/rspip/cqc/pro/study/orientbench/annotation_tools/m4_angle_annotation/annotator_B/crops/7b31dde83514fcba3439.jpg
m4-071-final-v1,B,e411ac9802afaae7fb62,156110aeb098bfe2,SODA-A,1116,c10bfd4572833e63c55dcca9d8006460a23f6a4784d2cef84625c0f5c427aa7e,/home/rspip/cqc/pro/study/orientbench/annotation_tools/m4_angle_annotation/annotator_B/crops/e411ac9802afaae7fb62.jpg
m4-071-final-v1,B,a31ea1830b0b1a19476d,7df55110fe04fd39,SODA-A,1117,0d001d82f89f1169f489f4ab26b86645e698f2c8a5c832467f12c66ae61f3a50,/home/rspip/cqc/pro/study/orientbench/annotation_tools/m4_angle_annotation/annotator_B/crops/a31ea1830b0b1a19476d.jpg
m4-071-final-v1,B,92fdc8aae7238746cfbd,7e2c0edcd50b89d5,DIOR-R,1118,97d27d36040aedddb0949eb5c2abb977ad792dd5e2defa732c56d13985d85d30,/home/rspip/cqc/pro/study/orientbench/annotation_tools/m4_angle_annotation/annotator_B/crops/92fdc8aae7238746cfbd.jpg
m4-071-final-v1,B,e39af9726a895f1feba5,de90cb4b4416059a,DIOR-R,1119,5e6b906f8a17ef90b1854223e8a8e45837a0765853df6af44819288760f393f0,/home/rspip/cqc/pro/study/orientbench/annotation_tools/m4_angle_annotation/annotator_B/crops/e39af9726a895f1feba5.jpg
m4-071-final-v1,B,14a182dc8c16df3351c4,728b2a0572cba073,SODA-A,1120,d0b425390ac0e957283d2c3f35ca8353b2b3df8e34d31f870636ac030f53033c,/home/rspip/cqc/pro/study/orientbench/annotation_tools/m4_angle_annotation/annotator_B/crops/14a182dc8c16df3351c4.jpg
m4-071-final-v1,B,cebddfe283391c3f0adf,fa15dd12aae116d8,SODA-A,1121,d22bf794d0fee78dc6d2d4168e8f3156e2febf220e83c40d455a3e7e75b84b79,/home/rspip/cqc/pro/study/orientbench/annotation_tools/m4_angle_annotation/annotator_B/crops/cebddfe283391c3f0adf.jpg
m4-071-final-v1,B,cc6abac5962813976ac1,9e8449224e2cde99,FAIR1M-v1.0,1122,20c15b19ecccc72f2a5194e234e7af04d232ff099017857b85ea2ee3e0ca350a,/home/rspip/cqc/pro/study/orientbench/annotation_tools/m4_angle_annotation/annotator_B/crops/cc6abac5962813976ac1.jpg
m4-071-final-v1,B,65f9b21596a7933c61d2,5604abec2ee2d342,DIOR-R,1123,a223c5a79d6a298f9fa6991be3d792f90a137aa3c9480d14cd6477cae37a5061,/home/rspip/cqc/pro/study/orientbench/annotation_tools/m4_angle_annotation/annotator_B/crops/65f9b21596a7933c61d2.jpg
m4-071-final-v1,B,00741cbcd53a33089c08,e1c76dad157e0070,FAIR1M-v1.0,1124,3bdf92c3d5511fb82c09179291ec4cf7314eedce22374fcc9b071276d414c5a4,/home/rspip/cqc/pro/study/orientbench/annotation_tools/m4_angle_annotation/annotator_B/crops/00741cbcd53a33089c08.jpg
m4-071-final-v1,B,aa9157197a6e3a013c30,c9b92d1bd4661b05,SODA-A,1125,d180258648964c19fa111d1dae73791b3b0406244dfc65483c7a54b902b21168,/home/rspip/cqc/pro/study/orientbench/annotation_tools/m4_angle_annotation/annotator_B/crops/aa9157197a6e3a013c30.jpg
m4-071-final-v1,B,e71ae0cd64b5b8865c18,77f7df11ebac5a71,SODA-A,1126,60ebcb2c5ac3864efea09cd455e62e51d6982e4786754e065aaf158fe11ffb34,/home/rspip/cqc/pro/study/orientbench/annotation_tools/m4_angle_annotation/annotator_B/crops/e71ae0cd64b5b8865c18.jpg
m4-071-final-v1,B,0e0b418b96ab8a9e97e9,972d0e71c68383d5,DIOR-R,1127,e98c4776755979ae1d950da0753f0a1019933fb4d4eaa399d0218b284bd0e67a,/home/rspip/cqc/pro/study/orientbench/annotation_tools/m4_angle_annotation/annotator_B/crops/0e0b418b96ab8a9e97e9.jpg
m4-071-final-v1,B,85ce716501497bc22790,5d31a03858142835,DIOR-R,1128,2e1071dd6390cd6fc607e516098920eddd0ba997356da6f6dbb6d88d159ec2c6,/home/rspip/cqc/pro/study/orientbench/annotation_tools/m4_angle_annotation/annotator_B/crops/85ce716501497bc22790.jpg
m4-071-final-v1,B,9f47076261e02debb843,192fb754af2a0279,FAIR1M-v1.0,1129,8478970270b5bd6f3ec5ee1f31c09135656c02e82fbce9c98db4ba79fa04324b,/home/rspip/cqc/pro/study/orientbench/annotation_tools/m4_angle_annotation/annotator_B/crops/9f47076261e02debb843.jpg
m4-071-final-v1,B,3cfab9c83a3a4ae1c941,7060ce24cc77299a,FAIR1M-v1.0,1130,2889f973d107f9b772fe7b4892b5533466d62d55fbbeba42a5c2e6608fb39bca,/home/rspip/cqc/pro/study/orientbench/annotation_tools/m4_angle_annotation/annotator_B/crops/3cfab9c83a3a4ae1c941.jpg
m4-071-final-v1,B,17929872250b5e1d2f87,6f64128d947522a1,SODA-A,1131,2a582d55b222b9fdbd0e4afb43640ed744cc3c53c36e0ebd813b5dae9a948483,/home/rspip/cqc/pro/study/orientbench/annotation_tools/m4_angle_annotation/annotator_B/crops/17929872250b5e1d2f87.jpg
m4-071-final-v1,B,120536e4649126c4b34b,4839627f93c3abd9,FAIR1M-v1.0,1132,fa45a889ca50899a958a86684e0cb8e6f82e85a9d3083e122eccbfb1fb780553,/home/rspip/cqc/pro/study/orientbench/annotation_tools/m4_angle_annotation/annotator_B/crops/120536e4649126c4b34b.jpg
m4-071-final-v1,B,39091db91acde5325128,31659deca6824bb9,DIOR-R,1133,4cd72505c7ae3e7fdc77912ca9d73d6274fbd76d9b760bc6c9a92f9dae91cae8,/home/rspip/cqc/pro/study/orientbench/annotation_tools/m4_angle_annotation/annotator_B/crops/39091db91acde5325128.jpg
m4-071-final-v1,B,d6b80371a23f933a5d06,c6c873b2be3ea780,DIOR-R,1134,d7428354f372cf2e271b7eccfad148ba14a399b3254975fe5098ec58e7bdec79,/home/rspip/cqc/pro/study/orientbench/annotation_tools/m4_angle_annotation/annotator_B/crops/d6b80371a23f933a5d06.jpg
m4-071-final-v1,B,86938e7fa0d8689fd387,093456f13ad3ceab,SODA-A,1135,5ae549dc7f1157ffa6747b3357342848960f2baa4bc383b78557ca638872392f,/home/rspip/cqc/pro/study/orientbench/annotation_tools/m4_angle_annotation/annotator_B/crops/86938e7fa0d8689fd387.jpg
m4-071-final-v1,B,5099057f90fceab40012,9b151a971428a313,FAIR1M-v1.0,1136,09d18ff640dedbe9a469681d5014223c70affad6c898792a77cac7d89d51d8e6,/home/rspip/cqc/pro/study/orientbench/annotation_tools/m4_angle_annotation/annotator_B/crops/5099057f90fceab40012.jpg
m4-071-final-v1,B,c0338923bcbd5db643c6,37a83b951a9e2d45,FAIR1M-v1.0,1137,3b00926c63af52df5835fa4dfddf4424e7e21194fcea1d2b7d800e9092be02b7,/home/rspip/cqc/pro/study/orientbench/annotation_tools/m4_angle_annotation/annotator_B/crops/c0338923bcbd5db643c6.jpg
m4-071-final-v1,B,91c86ccca0f7f08a6a50,1dbdf4d480ae0708,DIOR-R,1138,1ddbc125fd8881beb81ff79de2d9c01b7c6e5fdbc42c81690e615069c9662cec,/home/rspip/cqc/pro/study/orientbench/annotation_tools/m4_angle_annotation/annotator_B/crops/91c86ccca0f7f08a6a50.jpg
m4-071-final-v1,B,e542125b8923d39704b4,aa75e7e4663473d5,FAIR1M-v1.0,1139,c5166f051402ab04858940282dbf568890fb3b40f1e0af2470a9d8d22d81c14c,/home/rspip/cqc/pro/study/orientbench/annotation_tools/m4_angle_annotation/annotator_B/crops/e542125b8923d39704b4.jpg
m4-071-final-v1,B,360390f8af64c82e647d,925056f74b1b6584,DIOR-R,1140,461c329977c8074592f6883539039bf79c251c4cf015fe4948c5a43d91077f4c,/home/rspip/cqc/pro/study/orientbench/annotation_tools/m4_angle_annotation/annotator_B/crops/360390f8af64c82e647d.jpg
m4-071-final-v1,B,49c6e466044a7c7d8fb4,e2e814745318a24a,DIOR-R,1141,ff07a2b29b4560ede9078a4f5b566a3d847b453d67deeb160f762727be2564e2,/home/rspip/cqc/pro/study/orientbench/annotation_tools/m4_angle_annotation/annotator_B/crops/49c6e466044a7c7d8fb4.jpg
m4-071-final-v1,B,9c84bdcec5aeb5a45897,3d1412f1203b32b1,DIOR-R,1142,ac4d993cff30c08f8ad12f9200d3d902027f3f4a10e3e0d38da700c19c574f25,/home/rspip/cqc/pro/study/orientbench/annotation_tools/m4_angle_annotation/annotator_B/crops/9c84bdcec5aeb5a45897.jpg
m4-071-final-v1,B,fcaf33811c19f9daba7a,146113697634782e,SODA-A,1143,d32bbadcfb31baa48a17bcc5690f9db954ff1e080592f2bb9ce52897f089800a,/home/rspip/cqc/pro/study/orientbench/annotation_tools/m4_angle_annotation/annotator_B/crops/fcaf33811c19f9daba7a.jpg
m4-071-final-v1,B,fc2cf8c46cd4431c37dd,ee6ae637898dd9ed,SODA-A,1144,e248aa7510dc5acd6eb42ad6b11f482e95b38aa790767b21cfe99e2f511c52ca,/home/rspip/cqc/pro/study/orientbench/annotation_tools/m4_angle_annotation/annotator_B/crops/fc2cf8c46cd4431c37dd.jpg
m4-071-final-v1,B,418ee35ed90b0391904a,fba241d6d35a9e6a,FAIR1M-v1.0,1145,d2552ed6bf6664d2168996cd8054bc8604aebf392a26b5bad6c12c62e147f5fd,/home/rspip/cqc/pro/study/orientbench/annotation_tools/m4_angle_annotation/annotator_B/crops/418ee35ed90b0391904a.jpg
m4-071-final-v1,B,ff9dbe4d9d260174b232,6877e232123cfba1,SODA-A,1146,6c45c97cccadbdc4130e743360e42f56a9479b0a584eab6b9e990f4fc92d8151,/home/rspip/cqc/pro/study/orientbench/annotation_tools/m4_angle_annotation/annotator_B/crops/ff9dbe4d9d260174b232.jpg
m4-071-final-v1,B,68e863aa9a307ff00991,33f63e93f4fedb23,FAIR1M-v1.0,1147,5ba2321eb52b06b8c4e33c264d3861b2fab539c2f6428ff46644f9b972dd65d1,/home/rspip/cqc/pro/study/orientbench/annotation_tools/m4_angle_annotation/annotator_B/crops/68e863aa9a307ff00991.jpg
m4-071-final-v1,B,dbe1af055b6d63a298f1,af50f47677da3447,FAIR1M-v1.0,1148,df7937cc5ae5a56113588159c99547c8e4e50a14862bfa7d075be64c312643d0,/home/rspip/cqc/pro/study/orientbench/annotation_tools/m4_angle_annotation/annotator_B/crops/dbe1af055b6d63a298f1.jpg
m4-071-final-v1,B,e0eb20bf27eb007bef7c,443ffa9d4ed478a3,FAIR1M-v1.0,1149,5a74f95af250de8fa8103e4e11daf3bb9021c08acdad8f721afbe657eab0625b,/home/rspip/cqc/pro/study/orientbench/annotation_tools/m4_angle_annotation/annotator_B/crops/e0eb20bf27eb007bef7c.jpg
m4-071-final-v1,B,9b6f6900e2fe8eb6eea4,70957c6319149032,SODA-A,1150,f222b3240b72d040e24c83c01b9f887ca20b962d461ff977b8aaa710a0acfc18,/home/rspip/cqc/pro/study/orientbench/annotation_tools/m4_angle_annotation/annotator_B/crops/9b6f6900e2fe8eb6eea4.jpg
m4-071-final-v1,B,2bea579109d8453e3574,0478833091059316,FAIR1M-v1.0,1151,d40de87315459df8b69ff5a40b1a559bb886b6e7fdf4e6afa8e09c6a29b58f3e,/home/rspip/cqc/pro/study/orientbench/annotation_tools/m4_angle_annotation/annotator_B/crops/2bea579109d8453e3574.jpg
m4-071-final-v1,B,1e50f5b28f5dafa761eb,882736286d5514b8,FAIR1M-v1.0,1152,5f23fe6d80a6970d0dd0bc7319badae426805d66647dcbf78adcb8ff288c9756,/home/rspip/cqc/pro/study/orientbench/annotation_tools/m4_angle_annotation/annotator_B/crops/1e50f5b28f5dafa761eb.jpg
m4-071-final-v1,B,5f96637823b0f55a9aee,61b0ae41a697b69d,DIOR-R,1153,5523f6c96edf40e24b84219a5d48d23c0d04cc2b8d4f85f8211da6630bf06bf1,/home/rspip/cqc/pro/study/orientbench/annotation_tools/m4_angle_annotation/annotator_B/crops/5f96637823b0f55a9aee.jpg
m4-071-final-v1,B,df02926d83f8f109836b,f882e7245f614fb1,DIOR-R,1154,f84cc674e7a3ff11da4c7aab73d661c933d76d5a373543a42798dc74d3fa5cdc,/home/rspip/cqc/pro/study/orientbench/annotation_tools/m4_angle_annotation/annotator_B/crops/df02926d83f8f109836b.jpg
m4-071-final-v1,B,e102490503cf29dd2887,3d637368610dc668,FAIR1M-v1.0,1155,b0db1588874e803ef97513858baa570ed4791c14787ec2508dbc7b25d2f8fad0,/home/rspip/cqc/pro/study/orientbench/annotation_tools/m4_angle_annotation/annotator_B/crops/e102490503cf29dd2887.jpg
m4-071-final-v1,B,adcc905b1ef06f120bae,1a3b1bd959889522,FAIR1M-v1.0,1156,68a62f09861eb3957b1b7e731f00f82d44e54e7fbfc5661c2f7c4796413756d1,/home/rspip/cqc/pro/study/orientbench/annotation_tools/m4_angle_annotation/annotator_B/crops/adcc905b1ef06f120bae.jpg
m4-071-final-v1,B,65edec6c712390eb1997,5a49d9f508208d8e,DIOR-R,1157,a47e7a9f857c9afdfaff7aa8f7430c9490cc69c5dab907ce4bf5f1719dd2186f,/home/rspip/cqc/pro/study/orientbench/annotation_tools/m4_angle_annotation/annotator_B/crops/65edec6c712390eb1997.jpg
m4-071-final-v1,B,a3f1135f160a17f3e385,8dcbee2dac69101c,FAIR1M-v1.0,1158,f107fa4c13f66145b1ad92c6c56e4d7459e0ea46431f2e0f6d10544d62030218,/home/rspip/cqc/pro/study/orientbench/annotation_tools/m4_angle_annotation/annotator_B/crops/a3f1135f160a17f3e385.jpg
m4-071-final-v1,B,9389596756bb6147d1d6,c2d0329b753acbe4,SODA-A,1159,eb1c25ea5ede1dda101c674353cbe7a9845a6c5fc3ff6d258fcff58f06d79c9e,/home/rspip/cqc/pro/study/orientbench/annotation_tools/m4_angle_annotation/annotator_B/crops/9389596756bb6147d1d6.jpg
m4-071-final-v1,B,a38cf8a41614dbc5f4cf,d4d56b48c088ca41,FAIR1M-v1.0,1160,26e1e074bf2bacd77cbaf077d48ed06b924d0c66f91b06a6b1a054d5f9156eb6,/home/rspip/cqc/pro/study/orientbench/annotation_tools/m4_angle_annotation/annotator_B/crops/a38cf8a41614dbc5f4cf.jpg
m4-071-final-v1,B,b3111db3ff8ffda647ce,ddc9c09551ed6b1a,DIOR-R,1161,7996287d9609679ab54aaa71746c031963e89801ff7646802dd359f70fb46b23,/home/rspip/cqc/pro/study/orientbench/annotation_tools/m4_angle_annotation/annotator_B/crops/b3111db3ff8ffda647ce.jpg
m4-071-final-v1,B,8f6ffcb81e2dbad52a9a,941844b05e90c396,SODA-A,1162,cee1dd84a351597045e0353526f98253494c74aa9d37afc12258b854ddc96252,/home/rspip/cqc/pro/study/orientbench/annotation_tools/m4_angle_annotation/annotator_B/crops/8f6ffcb81e2dbad52a9a.jpg
m4-071-final-v1,B,19a01d8ee74ac9fd64ec,d717fc0cf94ac3f1,FAIR1M-v1.0,1163,9776809f08d3e3784712cc3846b51439c352d8419159e6d5834bfe1968c3271a,/home/rspip/cqc/pro/study/orientbench/annotation_tools/m4_angle_annotation/annotator_B/crops/19a01d8ee74ac9fd64ec.jpg
m4-071-final-v1,B,0b707df7c07c1966c5b3,bd6497c7da4a8b90,SODA-A,1164,ec64b305e1bb5bdaeea034e8220edd6e8bd9cd7e369971c4da0c33cf6e64b55c,/home/rspip/cqc/pro/study/orientbench/annotation_tools/m4_angle_annotation/annotator_B/crops/0b707df7c07c1966c5b3.jpg
m4-071-final-v1,B,1cb087a88a466b6f060f,3606209082b72269,SODA-A,1165,0183ff4c39edfb84ea46faff161e74c75a80a8f734a3c49b5ed85986149af400,/home/rspip/cqc/pro/study/orientbench/annotation_tools/m4_angle_annotation/annotator_B/crops/1cb087a88a466b6f060f.jpg
m4-071-final-v1,B,381050751324eae4b9cf,32ca6097153f2d46,SODA-A,1166,20f0fe47f2421de9167db482151610436d31209c2dd3dd5f86ce50183263e6e7,/home/rspip/cqc/pro/study/orientbench/annotation_tools/m4_angle_annotation/annotator_B/crops/381050751324eae4b9cf.jpg
m4-071-final-v1,B,3176950744a202c6f1ed,a75741485b94d83c,DIOR-R,1167,46d0ebc8d6c88d4f8a53aee8adcc7f435528ffcf470822757ed8ccb98cb893ab,/home/rspip/cqc/pro/study/orientbench/annotation_tools/m4_angle_annotation/annotator_B/crops/3176950744a202c6f1ed.jpg
m4-071-final-v1,B,dfc411cde90eb753976f,4abd449189359816,DIOR-R,1168,15282fab941fa8db7ceeccdf56731c31f484353dbfe73beb5e0c2ebc7c18eded,/home/rspip/cqc/pro/study/orientbench/annotation_tools/m4_angle_annotation/annotator_B/crops/dfc411cde90eb753976f.jpg
m4-071-final-v1,B,4e432559b3b6e103c9fe,53dfb5ae40d4b46a,DIOR-R,1169,4b9a0e79cb3b79805b0d2e94c1e283e5ec57f0edf0a99971e31435b8365a8e05,/home/rspip/cqc/pro/study/orientbench/annotation_tools/m4_angle_annotation/annotator_B/crops/4e432559b3b6e103c9fe.jpg
m4-071-final-v1,B,d178e7d9e40469a19eb8,ae5383f9df259c3c,SODA-A,1170,08e1f654ae52e2b8bb9e490c47770585ca9b60fcb528b204efcffc05fa29fc45,/home/rspip/cqc/pro/study/orientbench/annotation_tools/m4_angle_annotation/annotator_B/crops/d178e7d9e40469a19eb8.jpg
m4-071-final-v1,B,9f66709469940e69a1b3,28b456aaf83cb4d0,SODA-A,1171,e0841b8cd0cfa80f53ee4c56a8ddf7de4114c81acab6c6f38f9c48d47c7e77de,/home/rspip/cqc/pro/study/orientbench/annotation_tools/m4_angle_annotation/annotator_B/crops/9f66709469940e69a1b3.jpg
m4-071-final-v1,B,7ebcbbbb750454d878b8,59f58ae2dc4ea731,FAIR1M-v1.0,1172,b46f6af8eb1a30ae1a91a280619407bae7fdd3a2fc1849e86fcc4e1acea47c37,/home/rspip/cqc/pro/study/orientbench/annotation_tools/m4_angle_annotation/annotator_B/crops/7ebcbbbb750454d878b8.jpg
m4-071-final-v1,B,4fcd42c365a17336d16a,6a5394b01f7f7866,SODA-A,1173,3b39bcebb2ec461d030279bd303f100b03fbb51f501527c9832723c0ddcb7821,/home/rspip/cqc/pro/study/orientbench/annotation_tools/m4_angle_annotation/annotator_B/crops/4fcd42c365a17336d16a.jpg
m4-071-final-v1,B,be84d0b3b00bb76625b2,9839e92fc04e3571,SODA-A,1174,1aa8417f6e4aa28f9bbd2ee128eff99adcb88d7b816b0d71e738f8311dd1255a,/home/rspip/cqc/pro/study/orientbench/annotation_tools/m4_angle_annotation/annotator_B/crops/be84d0b3b00bb76625b2.jpg
m4-071-final-v1,B,20b5b33a26e2143f5731,fc9299b4855ac803,DIOR-R,1175,ec04b7e70b60c36db0e1a2edd9eda61bdbffa2cf62bd7fffb8270ca0251e3a87,/home/rspip/cqc/pro/study/orientbench/annotation_tools/m4_angle_annotation/annotator_B/crops/20b5b33a26e2143f5731.jpg
m4-071-final-v1,B,97b8fec21173e2bfd6e8,59b6fa216786128c,SODA-A,1176,0da2e004a07335068e913282e112ce540da20216d929d666de74e75611b4207e,/home/rspip/cqc/pro/study/orientbench/annotation_tools/m4_angle_annotation/annotator_B/crops/97b8fec21173e2bfd6e8.jpg
m4-071-final-v1,B,a378d44456b2392c4479,ca45edf8a3784221,SODA-A,1177,244d2d982c3c5e7f218d839e9750a612449962c1f3ca54e336229979368afb0c,/home/rspip/cqc/pro/study/orientbench/annotation_tools/m4_angle_annotation/annotator_B/crops/a378d44456b2392c4479.jpg
m4-071-final-v1,B,2e2541b2d2d0b87b1d9a,a045624f9e99e5bc,DIOR-R,1178,04e18403aabaabf20c159c08e0edf8b76ac15b8f7a0e91367b96cb1e6537f1f5,/home/rspip/cqc/pro/study/orientbench/annotation_tools/m4_angle_annotation/annotator_B/crops/2e2541b2d2d0b87b1d9a.jpg
m4-071-final-v1,B,be8c6f54378c01bf6115,0f19d7c88b330f80,FAIR1M-v1.0,1179,0d481878cca85ab231d0d7d0ed9f5e434ef4715fa6b7309b74c4ca447b79cd33,/home/rspip/cqc/pro/study/orientbench/annotation_tools/m4_angle_annotation/annotator_B/crops/be8c6f54378c01bf6115.jpg
m4-071-final-v1,B,ed1c6bed058ea756478d,9c1f3a7ac31ecf3c,DIOR-R,1180,e65d09011a9594a12cc52e6f02479aadbe9cd9c9e2585aae81bf88a685939dc0,/home/rspip/cqc/pro/study/orientbench/annotation_tools/m4_angle_annotation/annotator_B/crops/ed1c6bed058ea756478d.jpg
m4-071-final-v1,B,4a8a81b6ce9350b04098,ca7bc476a29c8474,FAIR1M-v1.0,1181,e21f566cb7615f5675ddbadffffb7007f2ba7612711e8aebbdb4847dff0b9642,/home/rspip/cqc/pro/study/orientbench/annotation_tools/m4_angle_annotation/annotator_B/crops/4a8a81b6ce9350b04098.jpg
m4-071-final-v1,B,6514511710d7e72a5e47,997154036aeffaf2,FAIR1M-v1.0,1182,381727d394a9084189f2b1ea77bfbee7309a7ba2a642b9b57c19cfc03d52e655,/home/rspip/cqc/pro/study/orientbench/annotation_tools/m4_angle_annotation/annotator_B/crops/6514511710d7e72a5e47.jpg
m4-071-final-v1,B,9fafa52b8c6d8f3fb1ab,a5ecfdfe9038ed42,FAIR1M-v1.0,1183,35abc1eab81fe53a8e8000109c31cd0ddfa0b7971f292ef5f5a008d31c72ee39,/home/rspip/cqc/pro/study/orientbench/annotation_tools/m4_angle_annotation/annotator_B/crops/9fafa52b8c6d8f3fb1ab.jpg
m4-071-final-v1,B,d56dfcc0e7b8a0168f67,a4288dc0eea266df,SODA-A,1184,74be0febdebbd3a92b185780d6bbb02acb2efca68fbda17f9ed6f221432e56cc,/home/rspip/cqc/pro/study/orientbench/annotation_tools/m4_angle_annotation/annotator_B/crops/d56dfcc0e7b8a0168f67.jpg
m4-071-final-v1,B,d029f0aa91f223d321c7,91c7635cb943270c,DIOR-R,1185,331290fa9a61726471d1168172374c4798c44a290959ce9aa79a6954de13a3a2,/home/rspip/cqc/pro/study/orientbench/annotation_tools/m4_angle_annotation/annotator_B/crops/d029f0aa91f223d321c7.jpg
m4-071-final-v1,B,ddb9400fc710de50d15d,22a1247b644264a1,SODA-A,1186,eb9b4932d8db4ca28772bb99fdf41e171b613a52fa4647e09b0b520ed99b9797,/home/rspip/cqc/pro/study/orientbench/annotation_tools/m4_angle_annotation/annotator_B/crops/ddb9400fc710de50d15d.jpg
m4-071-final-v1,B,666e6b70a20933e5fa29,b7592f4c7e69a3f1,SODA-A,1187,d25dc44df6fcb903bb4de8786e5b02dfc5f2bb6d5722ea33ba0f9ce01daad8b9,/home/rspip/cqc/pro/study/orientbench/annotation_tools/m4_angle_annotation/annotator_B/crops/666e6b70a20933e5fa29.jpg
m4-071-final-v1,B,85fbc9768a496810bbcd,5e4c6d0b2e943e88,FAIR1M-v1.0,1188,0e71dcc24f93df4d615f938e24428427b94de0e8d2a231fff92cd9fc84b6417d,/home/rspip/cqc/pro/study/orientbench/annotation_tools/m4_angle_annotation/annotator_B/crops/85fbc9768a496810bbcd.jpg
m4-071-final-v1,B,d850acbe9de10eae569d,7292316abfbde484,SODA-A,1189,7ffc9e921ca5cdbb4404ff44f5602359a9fee4ad0e18c1e0dd9a7809986a962f,/home/rspip/cqc/pro/study/orientbench/annotation_tools/m4_angle_annotation/annotator_B/crops/d850acbe9de10eae569d.jpg
m4-071-final-v1,B,df10057cf44b0c438845,8558609dc1c919bd,SODA-A,1190,ca823281363686b7252fef7d89425a2806f87357230496107bc16e04f5722d29,/home/rspip/cqc/pro/study/orientbench/annotation_tools/m4_angle_annotation/annotator_B/crops/df10057cf44b0c438845.jpg
m4-071-final-v1,B,1097350b072969e85ca8,3a0b05221671ec80,FAIR1M-v1.0,1191,59accce59b990dc5d073d9847bcae86e77936f6ebf370c0b721ad2cd592fdd07,/home/rspip/cqc/pro/study/orientbench/annotation_tools/m4_angle_annotation/annotator_B/crops/1097350b072969e85ca8.jpg
m4-071-final-v1,B,065aba7fef61f744f0da,a45dbf103c61a335,DIOR-R,1192,f786777fd685a1286cca17023a25a320be05ac02851fc5a7d6a546c339fa14a6,/home/rspip/cqc/pro/study/orientbench/annotation_tools/m4_angle_annotation/annotator_B/crops/065aba7fef61f744f0da.jpg
m4-071-final-v1,B,f1633f8e9bf2c4fac76b,e9e8c814b3ebf496,FAIR1M-v1.0,1193,ea7952ac46067db5c1b45de306c84e6110bacceb414fe126fc3d216fcf81a5bc,/home/rspip/cqc/pro/study/orientbench/annotation_tools/m4_angle_annotation/annotator_B/crops/f1633f8e9bf2c4fac76b.jpg
m4-071-final-v1,B,662bdf6fb8dc9a338fd0,4d3eb1c2aa3df22d,SODA-A,1194,1ad388b47e8b20a85eea527e7168a0705dff555f0f897079741a427289a0e56d,/home/rspip/cqc/pro/study/orientbench/annotation_tools/m4_angle_annotation/annotator_B/crops/662bdf6fb8dc9a338fd0.jpg
m4-071-final-v1,B,12d369f91b25183a823a,930e88adf1f7f512,SODA-A,1195,3d80919ff6622184fb12b207c50b039216a02c3ce8469e509c89907411f28b90,/home/rspip/cqc/pro/study/orientbench/annotation_tools/m4_angle_annotation/annotator_B/crops/12d369f91b25183a823a.jpg
m4-071-final-v1,B,d1638ee08a4c81198df3,69e98f035406c4bb,SODA-A,1196,312686ea58f9e1159689892fd13264734bcc3d5b9a7fb33925dd2218a32af759,/home/rspip/cqc/pro/study/orientbench/annotation_tools/m4_angle_annotation/annotator_B/crops/d1638ee08a4c81198df3.jpg
m4-071-final-v1,B,6eede00f406c8f7025b8,b75a2a378cc1c45c,DIOR-R,1197,bddf17126f565d14161b5b342d8025579aa5d6fb9134e8f095d6b01be2ed8ba3,/home/rspip/cqc/pro/study/orientbench/annotation_tools/m4_angle_annotation/annotator_B/crops/6eede00f406c8f7025b8.jpg
m4-071-final-v1,B,8deeb6f4c5a28d81761d,f32c2edb6a22e9c3,DIOR-R,1198,af1eaa99fcf8bd17b2b99f29a844a61648c93efc490cb5961e32689d760b2f7a,/home/rspip/cqc/pro/study/orientbench/annotation_tools/m4_angle_annotation/annotator_B/crops/8deeb6f4c5a28d81761d.jpg
m4-071-final-v1,B,061a792bd2b83f45930a,fda05278eb688bf9,DIOR-R,1199,a27826f0659fedd0570b5ebdba4807d9739049b7f7e0de6a2c04eaa84cb8a608,/home/rspip/cqc/pro/study/orientbench/annotation_tools/m4_angle_annotation/annotator_B/crops/061a792bd2b83f45930a.jpg
m4-071-final-v1,B,37d774d33da44b915849,abcf432f121fc278,FAIR1M-v1.0,1200,8780546b2a8faf92a20d3cc82653deee32c9186214a5837c258b81b6a7c6ed0a,/home/rspip/cqc/pro/study/orientbench/annotation_tools/m4_angle_annotation/annotator_B/crops/37d774d33da44b915849.jpg
m4-071-final-v1,B,a3f1af9b50195c082015,a005b156d94c274a,DIOR-R,1201,dd7c2add9ef5e5b39d92d7fa61cf08b38f4b758fd1393755a35504f73663937a,/home/rspip/cqc/pro/study/orientbench/annotation_tools/m4_angle_annotation/annotator_B/crops/a3f1af9b50195c082015.jpg
m4-071-final-v1,B,4617c53b27c1533aa048,bf3f8d9e4b2ea467,DIOR-R,1202,57aaf2fd575f25ab9017501e7a64077e25bf19de8007b9736f5e0e3e16560386,/home/rspip/cqc/pro/study/orientbench/annotation_tools/m4_angle_annotation/annotator_B/crops/4617c53b27c1533aa048.jpg
m4-071-final-v1,B,a956399a9b91da26caf8,0a0c8c4af06cead9,FAIR1M-v1.0,1203,3d20c7f37e4c8cd2c06966d78e2d2a7ade0fff55bce646893232c2a029372470,/home/rspip/cqc/pro/study/orientbench/annotation_tools/m4_angle_annotation/annotator_B/crops/a956399a9b91da26caf8.jpg
m4-071-final-v1,B,0a7afa290c48af1fd74c,7c847de9cceb3e8c,FAIR1M-v1.0,1204,4336ab88344ed4de5a5752bea106e49a5619a1c9a5cc637ee1bc902fddadca0e,/home/rspip/cqc/pro/study/orientbench/annotation_tools/m4_angle_annotation/annotator_B/crops/0a7afa290c48af1fd74c.jpg
m4-071-final-v1,B,148c7fe80eb5ff79bc8c,15f6b8e062b7913f,FAIR1M-v1.0,1205,f0d8d251b88b09bd4f1b9ca526b93c7df739ea8dd3b4a79c5603530406194a1e,/home/rspip/cqc/pro/study/orientbench/annotation_tools/m4_angle_annotation/annotator_B/crops/148c7fe80eb5ff79bc8c.jpg
m4-071-final-v1,B,ab1ad77ede4c3ce70133,355f3c0ed4bd59f0,DIOR-R,1206,0f6ab7e2892646f9933522c4c2499a864afac31b9f0010ec8868c1b2a872095c,/home/rspip/cqc/pro/study/orientbench/annotation_tools/m4_angle_annotation/annotator_B/crops/ab1ad77ede4c3ce70133.jpg
m4-071-final-v1,B,78b5decd3f12d6ed2f9f,450de32ac19dd618,FAIR1M-v1.0,1207,4862d204d59f5e33fbf2df2ae0aa23607088d9e123b6044c1a215b8d6114e3f3,/home/rspip/cqc/pro/study/orientbench/annotation_tools/m4_angle_annotation/annotator_B/crops/78b5decd3f12d6ed2f9f.jpg
m4-071-final-v1,B,ca06f258e812e9201150,644a262b839f6e54,FAIR1M-v1.0,1208,2f1a5103e49be9be977dd92566558bc61a1d0e2e5393539f3845991b43f8d53a,/home/rspip/cqc/pro/study/orientbench/annotation_tools/m4_angle_annotation/annotator_B/crops/ca06f258e812e9201150.jpg
m4-071-final-v1,B,8dba87a84f9ab815bf18,956505f4439c1068,SODA-A,1209,e5bf7b6810e8318234c88a70539232f3311e4ac4fd0d26f11fc5b6ddca672cc5,/home/rspip/cqc/pro/study/orientbench/annotation_tools/m4_angle_annotation/annotator_B/crops/8dba87a84f9ab815bf18.jpg
m4-071-final-v1,B,b129b7e4b5c78d5f9cdc,ba2018c83df46d8c,DIOR-R,1210,f7fcbff2a5761e1648e49cbe641978cd718338d06266684e0f9d235fcbea6d6c,/home/rspip/cqc/pro/study/orientbench/annotation_tools/m4_angle_annotation/annotator_B/crops/b129b7e4b5c78d5f9cdc.jpg
m4-071-final-v1,B,35dd632448531cecd98c,c5903372d15b5bbe,DIOR-R,1211,c12bd49a8bfd0366502c77f4bd2b51c6c16e0f3f70285cf6da2bbea663843a8d,/home/rspip/cqc/pro/study/orientbench/annotation_tools/m4_angle_annotation/annotator_B/crops/35dd632448531cecd98c.jpg
m4-071-final-v1,B,1563f28d85710b914cfa,78116e4c02d80486,FAIR1M-v1.0,1212,8b05258e4363250cc50e879d0684d7f93cd795747ef26d6b1d663b74a8144bab,/home/rspip/cqc/pro/study/orientbench/annotation_tools/m4_angle_annotation/annotator_B/crops/1563f28d85710b914cfa.jpg
m4-071-final-v1,B,6e9d3b83605fcde34509,977e1eef37b520f3,FAIR1M-v1.0,1213,98a2cc688eca203d832cfe66f774878620e653652350dc9bb099b25ef715727d,/home/rspip/cqc/pro/study/orientbench/annotation_tools/m4_angle_annotation/annotator_B/crops/6e9d3b83605fcde34509.jpg
m4-071-final-v1,B,eca31de521d7efa76581,807b99eb9be9279b,DIOR-R,1214,7dff8673a3421f01ece3f73922843fb1f1e881dfc2c98addcec98e03ab86ff9a,/home/rspip/cqc/pro/study/orientbench/annotation_tools/m4_angle_annotation/annotator_B/crops/eca31de521d7efa76581.jpg
m4-071-final-v1,B,275d63212d4482386aa6,3a71b22383385c65,SODA-A,1215,ca3de41e397abd1a95c5e2a0ad9de46be7905ffb6054b22d2f76e23883d3c50d,/home/rspip/cqc/pro/study/orientbench/annotation_tools/m4_angle_annotation/annotator_B/crops/275d63212d4482386aa6.jpg
m4-071-final-v1,B,ef8deff3c47b29c16528,a9173c6e99395f03,SODA-A,1216,6aac3af6de784e054e8c4d6e1ef3ae04532520e8736d895a45bc26e207a3c9f7,/home/rspip/cqc/pro/study/orientbench/annotation_tools/m4_angle_annotation/annotator_B/crops/ef8deff3c47b29c16528.jpg
m4-071-final-v1,B,947fca5ffa7ae641d630,90231b4b22380c3e,SODA-A,1217,55b076b911d76bcd72b8cfa63771789318ea6cba6cce1366b7baf759686f4a4d,/home/rspip/cqc/pro/study/orientbench/annotation_tools/m4_angle_annotation/annotator_B/crops/947fca5ffa7ae641d630.jpg
m4-071-final-v1,B,80a23f14d34ba4e2e6cc,f7d7f87c6b66773c,FAIR1M-v1.0,1218,529912da108317b25e6b37086ce3560ec62072462323a225d603e2e477e7c5ef,/home/rspip/cqc/pro/study/orientbench/annotation_tools/m4_angle_annotation/annotator_B/crops/80a23f14d34ba4e2e6cc.jpg
m4-071-final-v1,B,16b2758b4be55c26af59,3f49e2a67d78bc88,SODA-A,1219,042aa273f6dd761a79ad8833bf2594b1b41d20c3bf850d5d6fa06735cbb298da,/home/rspip/cqc/pro/study/orientbench/annotation_tools/m4_angle_annotation/annotator_B/crops/16b2758b4be55c26af59.jpg
m4-071-final-v1,B,5ec064ad03f7a8e76b01,a0f842e4206d0209,SODA-A,1220,7fe38a7f1237ca4c13e2c89167a54f032f235b173300d66f5cf2926a1073d3df,/home/rspip/cqc/pro/study/orientbench/annotation_tools/m4_angle_annotation/annotator_B/crops/5ec064ad03f7a8e76b01.jpg
m4-071-final-v1,B,9b1059492d44eafcbd24,32b09df9c751109c,DIOR-R,1221,8bef928aaf28959a2f0d4e6b317ea8892393cb7d78ec998e0ddb6f76302b822b,/home/rspip/cqc/pro/study/orientbench/annotation_tools/m4_angle_annotation/annotator_B/crops/9b1059492d44eafcbd24.jpg
m4-071-final-v1,B,d5344eb73165f81418bc,6e0f0bd0ffdc8e98,FAIR1M-v1.0,1222,ff101cd83c784ca12a854afc37e8774eb8f96e6d142a01b318fad5b3cae0af0b,/home/rspip/cqc/pro/study/orientbench/annotation_tools/m4_angle_annotation/annotator_B/crops/d5344eb73165f81418bc.jpg
m4-071-final-v1,B,0012a56ba999cb573ec2,829a3afc69a9658a,DIOR-R,1223,bf5e78713caef86c75f021b09a35426e299f2e82bad91980e45c94efbac01f87,/home/rspip/cqc/pro/study/orientbench/annotation_tools/m4_angle_annotation/annotator_B/crops/0012a56ba999cb573ec2.jpg
m4-071-final-v1,B,9ebf0d5d576ada700737,0e32f801ec4375de,FAIR1M-v1.0,1224,9fbbeba74c00598a625d7e9941ecea8f2e16ad13a8f7244e203ce5188b378451,/home/rspip/cqc/pro/study/orientbench/annotation_tools/m4_angle_annotation/annotator_B/crops/9ebf0d5d576ada700737.jpg
m4-071-final-v1,B,91a11909c719017d4d2a,75bb3e526e64744e,SODA-A,1225,03dd593e1f0671509fdbdbe18c8f4c152f69e48f3f8206c722063256894acae3,/home/rspip/cqc/pro/study/orientbench/annotation_tools/m4_angle_annotation/annotator_B/crops/91a11909c719017d4d2a.jpg
m4-071-final-v1,B,0884e56841f1f8f440f6,8b99a371bfe4d287,DIOR-R,1226,79524712b7ba7c33758f1fba763b0a72de8022fe0c19dce93f9b5b8800c4df98,/home/rspip/cqc/pro/study/orientbench/annotation_tools/m4_angle_annotation/annotator_B/crops/0884e56841f1f8f440f6.jpg
m4-071-final-v1,B,1993d6b38a26b2367ec3,03e22bc8808ce90e,SODA-A,1227,163c8d81759127a59f312724e735e180fe25bebeba02fb71407e315860d42120,/home/rspip/cqc/pro/study/orientbench/annotation_tools/m4_angle_annotation/annotator_B/crops/1993d6b38a26b2367ec3.jpg
m4-071-final-v1,B,8dd86fdf121b83227dd2,f7357de27dfb5e91,DIOR-R,1228,e4ef45b709ef81ef959614bf6034004a6b81cf394c30baf86ec3e1a41f2a99f8,/home/rspip/cqc/pro/study/orientbench/annotation_tools/m4_angle_annotation/annotator_B/crops/8dd86fdf121b83227dd2.jpg
m4-071-final-v1,B,4f0bfc95b2cbbf35697d,4d4f06bc1c1298de,SODA-A,1229,4f12b37d1b955737c163a95b15a238a38b5fdce0e8c98ad9feef27da720f3dec,/home/rspip/cqc/pro/study/orientbench/annotation_tools/m4_angle_annotation/annotator_B/crops/4f0bfc95b2cbbf35697d.jpg
m4-071-final-v1,B,e469c43ff5f07ff00cd6,6df46b3c38ae2c19,FAIR1M-v1.0,1230,0fa69cec27c42a00ac2f282e4900a4ea9e5b039c0bb3c63273d6de3bdfda1006,/home/rspip/cqc/pro/study/orientbench/annotation_tools/m4_angle_annotation/annotator_B/crops/e469c43ff5f07ff00cd6.jpg
m4-071-final-v1,B,327150f6c4aed5aff2e5,574739e017a53b81,FAIR1M-v1.0,1231,84a0b54a7a31c6e7b186665fd543c0ff31621204a7bfb07b70da43aa1c46781f,/home/rspip/cqc/pro/study/orientbench/annotation_tools/m4_angle_annotation/annotator_B/crops/327150f6c4aed5aff2e5.jpg
m4-071-final-v1,B,5ec26c99e615a98aaddc,debbc7bbd4296736,FAIR1M-v1.0,1232,43dd6692abac34052f2424e1911fea898ea445f6674fd0f4aa054d79c2c9ac77,/home/rspip/cqc/pro/study/orientbench/annotation_tools/m4_angle_annotation/annotator_B/crops/5ec26c99e615a98aaddc.jpg
m4-071-final-v1,B,96a95bec7c5469a444fb,6ed09a1b432bcd37,DIOR-R,1233,4b7f4977645cd58828ab7adc304f951ebd00f8777b76d46621bdcc46ae5d3e0c,/home/rspip/cqc/pro/study/orientbench/annotation_tools/m4_angle_annotation/annotator_B/crops/96a95bec7c5469a444fb.jpg
m4-071-final-v1,B,e86f521b42f0a445dd91,7633363045d68c73,SODA-A,1234,8945d1cc8c97add938bb51239053593a7cafe7ba03f8cdbf678da30fe49badf3,/home/rspip/cqc/pro/study/orientbench/annotation_tools/m4_angle_annotation/annotator_B/crops/e86f521b42f0a445dd91.jpg
m4-071-final-v1,B,ad0eb61caf7d10568bd6,7ab093b45cccf80f,DIOR-R,1235,4e43aeb4a2a75db3ccc86aace263f74612707bce6e9b51eec0300ca5e1a93039,/home/rspip/cqc/pro/study/orientbench/annotation_tools/m4_angle_annotation/annotator_B/crops/ad0eb61caf7d10568bd6.jpg
m4-071-final-v1,B,08a371147e61b2ac1638,e4784d7ae6efa1cb,DIOR-R,1236,ebf5c81afd40efb875c91ae96ebff548b28b05d3a60c49cd771a3f5388d3f15b,/home/rspip/cqc/pro/study/orientbench/annotation_tools/m4_angle_annotation/annotator_B/crops/08a371147e61b2ac1638.jpg
m4-071-final-v1,B,6ef481af5fdd26460eb7,e19f13c47322ae0c,SODA-A,1237,1fadcf693e6abd929db9762af9208170c7aa9fe1abff96229514840e8acb19db,/home/rspip/cqc/pro/study/orientbench/annotation_tools/m4_angle_annotation/annotator_B/crops/6ef481af5fdd26460eb7.jpg
m4-071-final-v1,B,78335248dc2f032f736e,ec4e635defc85042,DIOR-R,1238,44678eb633d70236e771f68f6f14dd86f1a05096467327ee7611e2c6e14cad47,/home/rspip/cqc/pro/study/orientbench/annotation_tools/m4_angle_annotation/annotator_B/crops/78335248dc2f032f736e.jpg
m4-071-final-v1,B,5a84e7d4fc1cf49835e3,f41f4761a7f62a5f,DIOR-R,1239,b2dae87dc15f3bd40c99c3a6a40dfd3e1f67d565089eaa2d4496ea2f46d866a3,/home/rspip/cqc/pro/study/orientbench/annotation_tools/m4_angle_annotation/annotator_B/crops/5a84e7d4fc1cf49835e3.jpg
m4-071-final-v1,B,39434e2f9fb7d413562a,6099ac9fc258efd9,FAIR1M-v1.0,1240,be18a806b0d965d4190af789a6e1d30c2a4e4d3974609b508f73d8fba1bf5ad2,/home/rspip/cqc/pro/study/orientbench/annotation_tools/m4_angle_annotation/annotator_B/crops/39434e2f9fb7d413562a.jpg
m4-071-final-v1,B,d17590aeb76e8e1b5ad2,68676ad36589584c,DIOR-R,1241,8bc95451347111c474353ebe909aa4647d23a89e3ba09254f98cbf9922344dd8,/home/rspip/cqc/pro/study/orientbench/annotation_tools/m4_angle_annotation/annotator_B/crops/d17590aeb76e8e1b5ad2.jpg
m4-071-final-v1,B,7227f0c340772250e8b2,952f829ce13376ef,FAIR1M-v1.0,1242,66ffb88cd109c7567434bbb26782d681af430934e189f4470c3ff179526c6923,/home/rspip/cqc/pro/study/orientbench/annotation_tools/m4_angle_annotation/annotator_B/crops/7227f0c340772250e8b2.jpg
m4-071-final-v1,B,552bc905df2f1188901a,dc8bfc8d81ff1563,SODA-A,1243,d5109f90d466a9b70cda4a728e256dac4d082a1ca1b86df3ce62bf35c609ec21,/home/rspip/cqc/pro/study/orientbench/annotation_tools/m4_angle_annotation/annotator_B/crops/552bc905df2f1188901a.jpg
m4-071-final-v1,B,ff485c4c5884588087b3,367ca1593780999e,SODA-A,1244,bb6a7cee991e32119be5694fc1a2ccb47e1eea83f4344df1f975b531c26f6f39,/home/rspip/cqc/pro/study/orientbench/annotation_tools/m4_angle_annotation/annotator_B/crops/ff485c4c5884588087b3.jpg
m4-071-final-v1,B,20eb552d5f3c4fade907,10b16d21a8ab6ac1,SODA-A,1245,af9f20e67907157d601e300ea111af4d505d28756fd654e65796274b3c497eef,/home/rspip/cqc/pro/study/orientbench/annotation_tools/m4_angle_annotation/annotator_B/crops/20eb552d5f3c4fade907.jpg
m4-071-final-v1,B,bc51505a884f35553f18,5019bca6dbfa182a,SODA-A,1246,c00301ef3847508e155b0d62754c0e5c1ecb91a7ac2562a3da553392d19f4c49,/home/rspip/cqc/pro/study/orientbench/annotation_tools/m4_angle_annotation/annotator_B/crops/bc51505a884f35553f18.jpg
m4-071-final-v1,B,4d6b89a4b6ae883cf8a2,faee15f319b5a442,DIOR-R,1247,d4c00dbd31e36673e3a0ab76bd3500d844ec6074bdbfb9972bac3929de517ad9,/home/rspip/cqc/pro/study/orientbench/annotation_tools/m4_angle_annotation/annotator_B/crops/4d6b89a4b6ae883cf8a2.jpg
m4-071-final-v1,B,ca215b390ab143dba4b7,75cc8a15ffd51659,DIOR-R,1248,e4e27d5d338414767d1b9116ac45aebebab259e7585e39443da8ab19ad2dcf2f,/home/rspip/cqc/pro/study/orientbench/annotation_tools/m4_angle_annotation/annotator_B/crops/ca215b390ab143dba4b7.jpg
m4-071-final-v1,B,efdf4739e60f670b8591,9faeea73f4bcdb39,FAIR1M-v1.0,1249,fe95ee8b477723268b07f4b9c3a992aa05f6cfb8cd3a6ab06d0cc5e0d5368dc0,/home/rspip/cqc/pro/study/orientbench/annotation_tools/m4_angle_annotation/annotator_B/crops/efdf4739e60f670b8591.jpg
m4-071-final-v1,B,6a4016045c48fc7a0f55,a1ac92677889c2bc,SODA-A,1250,5f050164e9a74b1a97347d82b9e9cfec1ebee84a89245b29827bc82624f71072,/home/rspip/cqc/pro/study/orientbench/annotation_tools/m4_angle_annotation/annotator_B/crops/6a4016045c48fc7a0f55.jpg
m4-071-final-v1,B,bf34fd270f6b07c921b2,b7f8c5c777e76a00,DIOR-R,1251,d7e4fae8ca50ed4650193af934fe43402d056f4d30d7b0a93c30d4fa072df5ce,/home/rspip/cqc/pro/study/orientbench/annotation_tools/m4_angle_annotation/annotator_B/crops/bf34fd270f6b07c921b2.jpg
m4-071-final-v1,B,82074fb27afd90924d82,bf3e55dbd0603821,DIOR-R,1252,2e9e7b1df80b7451a2a854df6c95d324de4831650a3445e1e7b4f699c16354f6,/home/rspip/cqc/pro/study/orientbench/annotation_tools/m4_angle_annotation/annotator_B/crops/82074fb27afd90924d82.jpg
m4-071-final-v1,B,3bc2981c2f5b68ea4c76,c225d1bd0e03d32f,FAIR1M-v1.0,1253,a04b521fbc70bdf9b86e778b041b99f29d489699c0f8aa705dc3d8cebfd23fff,/home/rspip/cqc/pro/study/orientbench/annotation_tools/m4_angle_annotation/annotator_B/crops/3bc2981c2f5b68ea4c76.jpg
m4-071-final-v1,B,4b7594a40fbb16aec2d2,9aab655a9f5db6c7,DIOR-R,1254,40a28fa0eedf8f89bcd80c239d1ab0c0e6e12291174b5bc51ce8b319643ddb93,/home/rspip/cqc/pro/study/orientbench/annotation_tools/m4_angle_annotation/annotator_B/crops/4b7594a40fbb16aec2d2.jpg
m4-071-final-v1,B,4ad8407f425400c3d66b,c897d615c7113989,FAIR1M-v1.0,1255,b2ccb78379a7367816145b882f910cdf04eb0028f84144f02b9ccb12562ae07b,/home/rspip/cqc/pro/study/orientbench/annotation_tools/m4_angle_annotation/annotator_B/crops/4ad8407f425400c3d66b.jpg
m4-071-final-v1,B,bf6e96efdc8952c90bc4,f35b4cfb3d1aaf70,FAIR1M-v1.0,1256,3d6fc108746f8c79137a0500edf5e5d679fe9168023188508b26ec7e86fd3c53,/home/rspip/cqc/pro/study/orientbench/annotation_tools/m4_angle_annotation/annotator_B/crops/bf6e96efdc8952c90bc4.jpg
m4-071-final-v1,B,6933b33d8c508e03e361,64d06425df4517e8,SODA-A,1257,406a6b484e7bf6d7534bb62cba5e111add180824263325f34ea0516cc4fe0b93,/home/rspip/cqc/pro/study/orientbench/annotation_tools/m4_angle_annotation/annotator_B/crops/6933b33d8c508e03e361.jpg
m4-071-final-v1,B,f7c3609875bc2f9faa5c,8fbd073de36275fe,DIOR-R,1258,1d8a7cffdd79c8790cd720ac7c2e29ddc55e122fd49cc7010b8fcb86e7d74fd2,/home/rspip/cqc/pro/study/orientbench/annotation_tools/m4_angle_annotation/annotator_B/crops/f7c3609875bc2f9faa5c.jpg
m4-071-final-v1,B,e0aca97959b3c7718251,7336b07c471c4d11,FAIR1M-v1.0,1259,02f3de5173c80f6713082122d20f8631abf8d3340530880117c66e2daee237b8,/home/rspip/cqc/pro/study/orientbench/annotation_tools/m4_angle_annotation/annotator_B/crops/e0aca97959b3c7718251.jpg
m4-071-final-v1,B,17a1d6052a47d9142727,1fd675118651ba92,DIOR-R,1260,9e52a15f73ce88dc24f7d8005a5bfcc56ee38a9851123c6f5ed139d298eca66b,/home/rspip/cqc/pro/study/orientbench/annotation_tools/m4_angle_annotation/annotator_B/crops/17a1d6052a47d9142727.jpg
m4-071-final-v1,B,a7cd2bc84a1701378cb0,dcbaea554b738006,FAIR1M-v1.0,1261,9cf49e04da2a79a751f15c57f50c7f34f929cebec817a38be56c6e69c7560125,/home/rspip/cqc/pro/study/orientbench/annotation_tools/m4_angle_annotation/annotator_B/crops/a7cd2bc84a1701378cb0.jpg
m4-071-final-v1,B,d6eb8367a6bfc20b883c,f0471eae3cb852eb,FAIR1M-v1.0,1262,ecd2b7a80119b80e000733f9b0720c903dc14ed05dc603b090b7d761ec305afa,/home/rspip/cqc/pro/study/orientbench/annotation_tools/m4_angle_annotation/annotator_B/crops/d6eb8367a6bfc20b883c.jpg
m4-071-final-v1,B,d0da623bf05acbcbab71,828b5e5f7ed11d9b,DIOR-R,1263,44e742655eae11ee0cf050522d8b48098d587e5d74a59a66652a591f2ea537fc,/home/rspip/cqc/pro/study/orientbench/annotation_tools/m4_angle_annotation/annotator_B/crops/d0da623bf05acbcbab71.jpg
m4-071-final-v1,B,27f08bb2cb3d5dc61195,433f32d0df8935af,FAIR1M-v1.0,1264,6a043455ee327b2e8833bf6081dd665ecb0e7a8c6200eea79d9442f6ab0b00d0,/home/rspip/cqc/pro/study/orientbench/annotation_tools/m4_angle_annotation/annotator_B/crops/27f08bb2cb3d5dc61195.jpg
m4-071-final-v1,B,8c3b22fff4b42cf35c92,169b1f1342174b14,DIOR-R,1265,155e1aad05c3be05c86331ee2fb99829f8d838853ad5a982f50d33e84f4876e6,/home/rspip/cqc/pro/study/orientbench/annotation_tools/m4_angle_annotation/annotator_B/crops/8c3b22fff4b42cf35c92.jpg
m4-071-final-v1,B,05287b08f5533d6efe95,6185e5cf12343f98,SODA-A,1266,88ab431e4d6c11b71476c8f8e62b19b4c94f874104afb5e6a01acb0bf27012dd,/home/rspip/cqc/pro/study/orientbench/annotation_tools/m4_angle_annotation/annotator_B/crops/05287b08f5533d6efe95.jpg
m4-071-final-v1,B,711559321b7d5c867394,7ac9c5814a20f8fd,DIOR-R,1267,f2bbb1b0007b82297592ea6d0ec1cda72f2e13397c2eafe62e49378adfb88139,/home/rspip/cqc/pro/study/orientbench/annotation_tools/m4_angle_annotation/annotator_B/crops/711559321b7d5c867394.jpg
m4-071-final-v1,B,0267ab43eb42241d5d89,49702b2b87ef2c82,FAIR1M-v1.0,1268,ff2b8d521427e650f92853f08f4a05dbc3d5f8c7e3a0095909d9d08b652a470e,/home/rspip/cqc/pro/study/orientbench/annotation_tools/m4_angle_annotation/annotator_B/crops/0267ab43eb42241d5d89.jpg
m4-071-final-v1,B,73c452f563d20921d194,fbe650b1bdf5daa4,DIOR-R,1269,ecce360aab5979a05c4ada67f7182ca378f12187a295dbd65a497173fb199517,/home/rspip/cqc/pro/study/orientbench/annotation_tools/m4_angle_annotation/annotator_B/crops/73c452f563d20921d194.jpg
m4-071-final-v1,B,7a3e6a300ae700b0b2fc,55e9c93059cd3d13,DIOR-R,1270,00b3454e5283b4179f44acd3269577377e8ce581ef5626a92ee953b87d0904d0,/home/rspip/cqc/pro/study/orientbench/annotation_tools/m4_angle_annotation/annotator_B/crops/7a3e6a300ae700b0b2fc.jpg
m4-071-final-v1,B,c6406ecf647de3418883,bd4601fa8026bd76,DIOR-R,1271,f7347b0f739fc4f282f79af813879861ebb1f78833f3ca003f172894e0e2907f,/home/rspip/cqc/pro/study/orientbench/annotation_tools/m4_angle_annotation/annotator_B/crops/c6406ecf647de3418883.jpg
m4-071-final-v1,B,aba60f5e566e0fad18d9,603bba4b16652842,DIOR-R,1272,edcc8c55b1ec3b61e916e88506ed3e4f6135c8cc2a38ce72d7c1661ed5e816fe,/home/rspip/cqc/pro/study/orientbench/annotation_tools/m4_angle_annotation/annotator_B/crops/aba60f5e566e0fad18d9.jpg
m4-071-final-v1,B,a4ccde8f3fbf26bddc63,39d54d6d8c886867,DIOR-R,1273,499eec67ea32bf2a4a3054fa9ba9d1d2c060975f664fcbfb9d62fd845a988887,/home/rspip/cqc/pro/study/orientbench/annotation_tools/m4_angle_annotation/annotator_B/crops/a4ccde8f3fbf26bddc63.jpg
m4-071-final-v1,B,8de45fb02cb0338663fb,51615c8e3d78d499,DIOR-R,1274,8230a5ea12ac525550b41f63752cff0d61b327f291d085d039c6ebae7e842e3e,/home/rspip/cqc/pro/study/orientbench/annotation_tools/m4_angle_annotation/annotator_B/crops/8de45fb02cb0338663fb.jpg
m4-071-final-v1,B,ac627683dd0235a3317f,95dcda70875e857d,FAIR1M-v1.0,1275,8b003edaef0b0ce3106f9e8d9bbd7776d6963c181d8fd68d036c7657218a029c,/home/rspip/cqc/pro/study/orientbench/annotation_tools/m4_angle_annotation/annotator_B/crops/ac627683dd0235a3317f.jpg
m4-071-final-v1,B,64976eb1ed2b544e46c1,b2ef4eb8076edbe1,DIOR-R,1276,202c75cff1aeea4e0bdb8dd3b0b3600d742fde800e5b5eff7e04df95c4f135a3,/home/rspip/cqc/pro/study/orientbench/annotation_tools/m4_angle_annotation/annotator_B/crops/64976eb1ed2b544e46c1.jpg
m4-071-final-v1,B,0cabf81a39bb2f2f8260,7fecdd77fdb46974,FAIR1M-v1.0,1277,b4b2f21d01a7cf4947e03fb2266f7bde595a882fb0d8782636c663993ffdc0ab,/home/rspip/cqc/pro/study/orientbench/annotation_tools/m4_angle_annotation/annotator_B/crops/0cabf81a39bb2f2f8260.jpg
m4-071-final-v1,B,c45c94a115608398c17c,26dfb8d40351c324,SODA-A,1278,21fe2cc92c48a5bf2f2fb50785a9372611e8d1970fbfe17e676a6ffd29e5f118,/home/rspip/cqc/pro/study/orientbench/annotation_tools/m4_angle_annotation/annotator_B/crops/c45c94a115608398c17c.jpg
m4-071-final-v1,B,2eae1629af0fc57408a1,52fbd70960dc97eb,DIOR-R,1279,d91d9d51089a1f24a01ac1e89802e8687e3032ed9bbdc47299d39e3e0c88437a,/home/rspip/cqc/pro/study/orientbench/annotation_tools/m4_angle_annotation/annotator_B/crops/2eae1629af0fc57408a1.jpg
m4-071-final-v1,B,be7d4fb783f506c081b7,8066bc45f2949d87,DIOR-R,1280,70649b4a2b123410d49272ae5a39a502a21b5baa0750447d19ef0290724ef334,/home/rspip/cqc/pro/study/orientbench/annotation_tools/m4_angle_annotation/annotator_B/crops/be7d4fb783f506c081b7.jpg
m4-071-final-v1,B,fe6241566ca66cdfeb4a,c4228fb6718e7403,FAIR1M-v1.0,1281,b557f32c49b89431c2757505d2c2678afb034d472e3200329b7c5c6564bea43f,/home/rspip/cqc/pro/study/orientbench/annotation_tools/m4_angle_annotation/annotator_B/crops/fe6241566ca66cdfeb4a.jpg
m4-071-final-v1,B,05970bbb8b7102c96a17,4cf3038969749ecf,DIOR-R,1282,466c4248aaeac14da29b76c03de1394179c75aeb7e93dcb6dbe86b2d84f9e2e2,/home/rspip/cqc/pro/study/orientbench/annotation_tools/m4_angle_annotation/annotator_B/crops/05970bbb8b7102c96a17.jpg
m4-071-final-v1,B,6f9ee9f4455930c48c58,129446d1fb3b301d,SODA-A,1283,0c2278d0794ef4c086e00c5426a9c46444323eb5a1438a57b3a89668d04d523a,/home/rspip/cqc/pro/study/orientbench/annotation_tools/m4_angle_annotation/annotator_B/crops/6f9ee9f4455930c48c58.jpg
m4-071-final-v1,B,41fcd27b0ad4ee57cbbd,620ab5d09b775646,DIOR-R,1284,c6b89ed54be3d906548165ff8686049ab4fc14aba27da26d73a8ed7efe8b99cc,/home/rspip/cqc/pro/study/orientbench/annotation_tools/m4_angle_annotation/annotator_B/crops/41fcd27b0ad4ee57cbbd.jpg
m4-071-final-v1,B,65e35087953365788ca2,908d480cb1cfd16c,DIOR-R,1285,f1143d9048646f332ab3ea4c7b3a8830b3514011fd557d0659f6d1d520f36136,/home/rspip/cqc/pro/study/orientbench/annotation_tools/m4_angle_annotation/annotator_B/crops/65e35087953365788ca2.jpg
m4-071-final-v1,B,04ca170a316a03cec294,957b854dfcfb1140,FAIR1M-v1.0,1286,dc76098a93aec97206a14c4d29882149c8801d6ab5deb761a4591d19893ad844,/home/rspip/cqc/pro/study/orientbench/annotation_tools/m4_angle_annotation/annotator_B/crops/04ca170a316a03cec294.jpg
m4-071-final-v1,B,3faa1f7812b09d86f950,d91452505f3d6c6d,SODA-A,1287,8bb50e2c77fcc120ac5b4f030e2a710d114b8bf75d4182d05d7dbd25f3782a11,/home/rspip/cqc/pro/study/orientbench/annotation_tools/m4_angle_annotation/annotator_B/crops/3faa1f7812b09d86f950.jpg
m4-071-final-v1,B,e0eb06ac80cfee5082e3,23c974432a46c2ee,DIOR-R,1288,b631c687fc1cbef9dc644dd0915d01a7652a43fe7e58bc5ee73fbd5796112165,/home/rspip/cqc/pro/study/orientbench/annotation_tools/m4_angle_annotation/annotator_B/crops/e0eb06ac80cfee5082e3.jpg
m4-071-final-v1,B,bca11e6ae4f470c3f2a3,3e68b91321e60cd4,DIOR-R,1289,adaeec5b50a0c7ce68eac84de71692ab50768816c536b338725b47fe9178ed78,/home/rspip/cqc/pro/study/orientbench/annotation_tools/m4_angle_annotation/annotator_B/crops/bca11e6ae4f470c3f2a3.jpg
m4-071-final-v1,B,3ee4bd2aeef348d52cb2,9bab53b6320ea504,DIOR-R,1290,8405ae016a19030608189e208e51dbc90596d3bda6c0fec4091b1459d007971d,/home/rspip/cqc/pro/study/orientbench/annotation_tools/m4_angle_annotation/annotator_B/crops/3ee4bd2aeef348d52cb2.jpg
m4-071-final-v1,B,4c52e02856cfa089c814,47989c98f589c9fd,FAIR1M-v1.0,1291,645de1a1b6a3f45acc691f4eeddc4d2e01696cd3051804c1f8586bcb0f4851e5,/home/rspip/cqc/pro/study/orientbench/annotation_tools/m4_angle_annotation/annotator_B/crops/4c52e02856cfa089c814.jpg
m4-071-final-v1,B,63f4a548e60ea947beea,cfa6ce877bbe2532,SODA-A,1292,228dc8860ef0f1915a40f094d2228c5027110c487bcb7f66df140b36af02320a,/home/rspip/cqc/pro/study/orientbench/annotation_tools/m4_angle_annotation/annotator_B/crops/63f4a548e60ea947beea.jpg
m4-071-final-v1,B,fc45376a7ae71d909078,52ab0acd2f19f80a,SODA-A,1293,5870d56ac77d44fe47679331484fd8456d3e718488527d269d996605ca01e519,/home/rspip/cqc/pro/study/orientbench/annotation_tools/m4_angle_annotation/annotator_B/crops/fc45376a7ae71d909078.jpg
m4-071-final-v1,B,bdbd09efc73e0ccb0458,787c5de1fa7a24d7,FAIR1M-v1.0,1294,11b7e4640107483fbca909f8f7e43e8c8cdfa3fedf19f1a1bd960a4688178e47,/home/rspip/cqc/pro/study/orientbench/annotation_tools/m4_angle_annotation/annotator_B/crops/bdbd09efc73e0ccb0458.jpg
m4-071-final-v1,B,503a300b9c865c5915cf,5e8df7a369503313,DIOR-R,1295,5b63354010b45f7e748d7340562f8cf598ad270a64ed53f4ab5fd87db2cdcf33,/home/rspip/cqc/pro/study/orientbench/annotation_tools/m4_angle_annotation/annotator_B/crops/503a300b9c865c5915cf.jpg
m4-071-final-v1,B,7d882c68b8c731a9ea00,ec91c9a1a5a35850,DIOR-R,1296,e859c21111b6e200926389fbfd867d2ed2a1fe38d659bef3c6f39da84823b71b,/home/rspip/cqc/pro/study/orientbench/annotation_tools/m4_angle_annotation/annotator_B/crops/7d882c68b8c731a9ea00.jpg
m4-071-final-v1,B,149b9c1d07a97fec2677,1fa913c92bd61305,FAIR1M-v1.0,1297,650428a25ade3f148226630f9c973249391b7276d2e25cc373b640529e226184,/home/rspip/cqc/pro/study/orientbench/annotation_tools/m4_angle_annotation/annotator_B/crops/149b9c1d07a97fec2677.jpg
m4-071-final-v1,B,d580ac8a05f35e420dc2,daaa5a4397bc1e3e,FAIR1M-v1.0,1298,6c024f47450bd16d376983bddbf5d70dfb8584529ed09d6d257508cc69056958,/home/rspip/cqc/pro/study/orientbench/annotation_tools/m4_angle_annotation/annotator_B/crops/d580ac8a05f35e420dc2.jpg
m4-071-final-v1,B,a29eb7e9e9bcd71729bf,d08f7dafa6fe39a8,SODA-A,1299,1da6a5609b0c14ab86f656ba1deb4ca0582fdf451b4c12677d7bfa76a1704aa1,/home/rspip/cqc/pro/study/orientbench/annotation_tools/m4_angle_annotation/annotator_B/crops/a29eb7e9e9bcd71729bf.jpg
m4-071-final-v1,B,f7f838c5e5373a8e3f02,3a4a07d378b952ba,SODA-A,1300,3d080d2db5d9877ead641faf1391bf9ad73ac91d3815af6bac3df1a13f56eb2d,/home/rspip/cqc/pro/study/orientbench/annotation_tools/m4_angle_annotation/annotator_B/crops/f7f838c5e5373a8e3f02.jpg
m4-071-final-v1,B,423758561960d1de0a20,84226413851920ae,FAIR1M-v1.0,1301,490713ab81eaa6fc6afba622f89c415bb51d59d5943a71b71184f7f50cb8cecc,/home/rspip/cqc/pro/study/orientbench/annotation_tools/m4_angle_annotation/annotator_B/crops/423758561960d1de0a20.jpg
m4-071-final-v1,B,860710c4f3fb8ace86a1,0f80c3f1e239f756,DIOR-R,1302,048206fea3a33c07b3221455a51c384f65d3c053c52aa173c2fe0efc9e6617a6,/home/rspip/cqc/pro/study/orientbench/annotation_tools/m4_angle_annotation/annotator_B/crops/860710c4f3fb8ace86a1.jpg
m4-071-final-v1,B,29b3e707dc3b7523c84a,7e2bad675c7de4ed,SODA-A,1303,b4d8d93596f24cca0b3d95b883599d4e977ac2d378cfae9f9c770540f5cf6c96,/home/rspip/cqc/pro/study/orientbench/annotation_tools/m4_angle_annotation/annotator_B/crops/29b3e707dc3b7523c84a.jpg
m4-071-final-v1,B,9caae9fb85f497665795,0b9ab1127e0db226,FAIR1M-v1.0,1304,78a704751cd04a7458e636d3788c28de393241278052f9aeb0a79f2562e64fb4,/home/rspip/cqc/pro/study/orientbench/annotation_tools/m4_angle_annotation/annotator_B/crops/9caae9fb85f497665795.jpg
m4-071-final-v1,B,6df412a33f227953ca44,46e088c777bd09e6,DIOR-R,1305,7833139db27f098b3581bd450b7c7bf0078b39127feb85c482bf834146aaf59d,/home/rspip/cqc/pro/study/orientbench/annotation_tools/m4_angle_annotation/annotator_B/crops/6df412a33f227953ca44.jpg
m4-071-final-v1,B,ef83268da07f9e89f1af,5a4ef0baf0a6e28a,SODA-A,1306,732df5ce39da02586c5ebac843d7463b180913ff0d0b1f81e773f6ba59f54905,/home/rspip/cqc/pro/study/orientbench/annotation_tools/m4_angle_annotation/annotator_B/crops/ef83268da07f9e89f1af.jpg
m4-071-final-v1,B,0beb35e6e863a95a7205,cbe3bedd36b13ca5,DIOR-R,1307,bd906c4cfcdcc697ae733412ca0a7401b15487ca7c026051f351862e30d632a8,/home/rspip/cqc/pro/study/orientbench/annotation_tools/m4_angle_annotation/annotator_B/crops/0beb35e6e863a95a7205.jpg
m4-071-final-v1,B,bd1516bc53c310d489cb,87ad0492b57b9f55,FAIR1M-v1.0,1308,eb27254ea62974cc0ff8804a64e98beabb9b0b4d0982438b87a8fba45848b37a,/home/rspip/cqc/pro/study/orientbench/annotation_tools/m4_angle_annotation/annotator_B/crops/bd1516bc53c310d489cb.jpg
m4-071-final-v1,B,c5a646425ee8df5ce180,7ac14ed326acd44c,FAIR1M-v1.0,1309,81736cc9b21913f4506130806e5271cbee8103a6ea68347ebb8601e67ed6b96c,/home/rspip/cqc/pro/study/orientbench/annotation_tools/m4_angle_annotation/annotator_B/crops/c5a646425ee8df5ce180.jpg
m4-071-final-v1,B,b6c5d7cb8a89cb9d8b17,b197251750b2678a,SODA-A,1310,45dc2810bffde710e1b6320e8a286ad25d94293e41cffe75cc48a4e02ff75f4c,/home/rspip/cqc/pro/study/orientbench/annotation_tools/m4_angle_annotation/annotator_B/crops/b6c5d7cb8a89cb9d8b17.jpg
m4-071-final-v1,B,bd21269a2c694f747127,5e4be3ce68f7f9c6,SODA-A,1311,88ea5079f8bfdbc0758014a124f719c2af94bc21b9e159b7cce2b695ded6f604,/home/rspip/cqc/pro/study/orientbench/annotation_tools/m4_angle_annotation/annotator_B/crops/bd21269a2c694f747127.jpg
m4-071-final-v1,B,f390841db170611b20a1,3221770800266275,DIOR-R,1312,85e16895e916865053c707f7666e0ce1494fce21e5939154f0a8209b9deda8dc,/home/rspip/cqc/pro/study/orientbench/annotation_tools/m4_angle_annotation/annotator_B/crops/f390841db170611b20a1.jpg
m4-071-final-v1,B,8aace67cbe2f42861065,d58fdb7847bbbca7,FAIR1M-v1.0,1313,20d86bfffc75b41626dd083912c02562a181b4489bf900fcc2cbfffa07c2f8ca,/home/rspip/cqc/pro/study/orientbench/annotation_tools/m4_angle_annotation/annotator_B/crops/8aace67cbe2f42861065.jpg
m4-071-final-v1,B,f773f1cb67d924597e66,84fa0bef61b42a66,DIOR-R,1314,d95731cffecf7a53018a3f4bc83f4ac45b85576e07fe5b6f83a55b38fd85abe9,/home/rspip/cqc/pro/study/orientbench/annotation_tools/m4_angle_annotation/annotator_B/crops/f773f1cb67d924597e66.jpg
m4-071-final-v1,B,dcd763c79a53ec555d3d,0496d87726a9497a,SODA-A,1315,4ed9db5102bef5904659caee37d93116467500f76e2f2d635bcaf330405f3f8a,/home/rspip/cqc/pro/study/orientbench/annotation_tools/m4_angle_annotation/annotator_B/crops/dcd763c79a53ec555d3d.jpg
m4-071-final-v1,B,467258b188fca842874f,5b345de9fd2ecc2b,DIOR-R,1316,2947a4b9a94892e15917b45439a33a736ddafc59772fbf01f53c4832dfb1cc06,/home/rspip/cqc/pro/study/orientbench/annotation_tools/m4_angle_annotation/annotator_B/crops/467258b188fca842874f.jpg
m4-071-final-v1,B,39bc759035c8053ff4e1,81d934df4d3acf46,FAIR1M-v1.0,1317,250d4eb3a26a4b9c500e33ba03f259eb820b021a07729cd1f69104edcd72b5b5,/home/rspip/cqc/pro/study/orientbench/annotation_tools/m4_angle_annotation/annotator_B/crops/39bc759035c8053ff4e1.jpg
m4-071-final-v1,B,376d45870aceb4ae595d,13b3872566c9d84e,DIOR-R,1318,c4a2609822c20cee799da6f9158bcc81b4d56c0e4a3741e748e7e8fe1127e265,/home/rspip/cqc/pro/study/orientbench/annotation_tools/m4_angle_annotation/annotator_B/crops/376d45870aceb4ae595d.jpg
m4-071-final-v1,B,d3aa7e3e6c61d9c416bf,9d89fe5dc2ab0617,FAIR1M-v1.0,1319,b8bc87b0a34ac0dbf4a4aa3fcec2e9d18eda36c784dbdfd68a93e8a505ad9846,/home/rspip/cqc/pro/study/orientbench/annotation_tools/m4_angle_annotation/annotator_B/crops/d3aa7e3e6c61d9c416bf.jpg
m4-071-final-v1,B,3b09a07323b77466251f,50150a020723ddfe,DIOR-R,1320,286535216ebdc51ed7a52df253ee8bb2a9a0152cdb0d52f91f161eba3fe7902e,/home/rspip/cqc/pro/study/orientbench/annotation_tools/m4_angle_annotation/annotator_B/crops/3b09a07323b77466251f.jpg
m4-071-final-v1,B,0f40cb63d2558b8e2873,7d3ffb051c892632,SODA-A,1321,d8457c65f4041dd0140dc54c2ccab30790526d9894f5d548b88e7f13800a2a40,/home/rspip/cqc/pro/study/orientbench/annotation_tools/m4_angle_annotation/annotator_B/crops/0f40cb63d2558b8e2873.jpg
m4-071-final-v1,B,2226ee537d341d77062e,3c00a707c37fd583,SODA-A,1322,00533024ee19ebceb9d5b678ee7d5c71cb7f8ccdf6cedb9ddd129edfa52ce58a,/home/rspip/cqc/pro/study/orientbench/annotation_tools/m4_angle_annotation/annotator_B/crops/2226ee537d341d77062e.jpg
m4-071-final-v1,B,9b05b669c075bbcb8437,c0007d17d5b59aef,DIOR-R,1323,52c28a2a792094a0d7e34fd1ed2fd30a90cf6e7f36b4036091bc3deb854fe873,/home/rspip/cqc/pro/study/orientbench/annotation_tools/m4_angle_annotation/annotator_B/crops/9b05b669c075bbcb8437.jpg
m4-071-final-v1,B,032df01f84aa096f7624,b70ba5efff8d1d10,DIOR-R,1324,d5fb45d75782b5881dbef3f3fb441089c1a92cf1dde942ca79e9039810658eaa,/home/rspip/cqc/pro/study/orientbench/annotation_tools/m4_angle_annotation/annotator_B/crops/032df01f84aa096f7624.jpg
m4-071-final-v1,B,77dbbb728008cc083a05,fae7e864a1858715,SODA-A,1325,2966c0e4400831349ebe5135b2fe9369f8dff0570864694b902e7c321147a9ee,/home/rspip/cqc/pro/study/orientbench/annotation_tools/m4_angle_annotation/annotator_B/crops/77dbbb728008cc083a05.jpg
m4-071-final-v1,B,52492b0a9ecd94aba89d,4f447e0882d9d6ad,DIOR-R,1326,a1227419ad5f9c7da8d378e087efe544469b5ddf6ca9ea8a62522b3f6c252507,/home/rspip/cqc/pro/study/orientbench/annotation_tools/m4_angle_annotation/annotator_B/crops/52492b0a9ecd94aba89d.jpg
m4-071-final-v1,B,de57eaff186371f62288,0f0a605b3d92594b,SODA-A,1327,b90e12a78e81128935167576007500b36922c9de6c54ecd28da8ae81e1c4cb72,/home/rspip/cqc/pro/study/orientbench/annotation_tools/m4_angle_annotation/annotator_B/crops/de57eaff186371f62288.jpg
m4-071-final-v1,B,970099808482a22d0b36,80c86133e2d94948,FAIR1M-v1.0,1328,4780c146929ddcda1ac3e8222b2dfeea40732538556a99e06e7a9288f6dc7289,/home/rspip/cqc/pro/study/orientbench/annotation_tools/m4_angle_annotation/annotator_B/crops/970099808482a22d0b36.jpg
m4-071-final-v1,B,3c0587ef770963e39440,852e45a32b80e76b,FAIR1M-v1.0,1329,d03b51e65d6fd100c2e220e7216da85918a85d77494d465a8bc5dfa0d4ddf73d,/home/rspip/cqc/pro/study/orientbench/annotation_tools/m4_angle_annotation/annotator_B/crops/3c0587ef770963e39440.jpg
m4-071-final-v1,B,a1cb1581a8b8446ccb90,30446a2d271e3cbf,FAIR1M-v1.0,1330,6eefebaa7e2dbd6ed87e7229304257f48ce112057d5e456226862fff3b09896f,/home/rspip/cqc/pro/study/orientbench/annotation_tools/m4_angle_annotation/annotator_B/crops/a1cb1581a8b8446ccb90.jpg
m4-071-final-v1,B,17132ce3d119d618086b,b8d86fb8d69e813d,SODA-A,1331,7097a72b8e13419c72fef6374f80fd4777a31ef3ff5e5989aa8f6b8f6ef333a3,/home/rspip/cqc/pro/study/orientbench/annotation_tools/m4_angle_annotation/annotator_B/crops/17132ce3d119d618086b.jpg
m4-071-final-v1,B,a0a31607c7d39bb59d31,bbb6a406b7c5b703,SODA-A,1332,b02fc7334dbcf99cc71a9102a4a0100cec082f5cb031a30c2d2e0de86ff965b5,/home/rspip/cqc/pro/study/orientbench/annotation_tools/m4_angle_annotation/annotator_B/crops/a0a31607c7d39bb59d31.jpg
m4-071-final-v1,B,03b0a0e1c805bf7ac77a,ab1dee47e1d57ebe,SODA-A,1333,fd6d406145ec5dbca70a60ec415bff9f20fb69bec3bf5ce7a27da3f7f61e5f5a,/home/rspip/cqc/pro/study/orientbench/annotation_tools/m4_angle_annotation/annotator_B/crops/03b0a0e1c805bf7ac77a.jpg
m4-071-final-v1,B,869af332204332d6be27,ecd5024abf8fc6a5,SODA-A,1334,e347497898bc8af72f170fbebfdfcdab203e45fc93b703b44f8e08256fc2f244,/home/rspip/cqc/pro/study/orientbench/annotation_tools/m4_angle_annotation/annotator_B/crops/869af332204332d6be27.jpg
m4-071-final-v1,B,fb6ab42d8520f93955b4,985559391ce96b89,FAIR1M-v1.0,1335,20eb85e83d78ad0d871739df7492f3ef897cf57191ef818f963e1e8f7053c6ce,/home/rspip/cqc/pro/study/orientbench/annotation_tools/m4_angle_annotation/annotator_B/crops/fb6ab42d8520f93955b4.jpg
m4-071-final-v1,B,b77acbd418f8f2d75dba,18c30694b5d32a60,DIOR-R,1336,08920afb1ef4b5ae786715c72e4d24c7cd1e259765d060a2524bbb9906861fd2,/home/rspip/cqc/pro/study/orientbench/annotation_tools/m4_angle_annotation/annotator_B/crops/b77acbd418f8f2d75dba.jpg
m4-071-final-v1,B,b4f39aaedac20ca94dcc,dbd2bb2c41304299,DIOR-R,1337,a3352cc7ce92653505c3f16a78e38c2b7132a41333f5b1d93e06f124221df533,/home/rspip/cqc/pro/study/orientbench/annotation_tools/m4_angle_annotation/annotator_B/crops/b4f39aaedac20ca94dcc.jpg
m4-071-final-v1,B,3fa5e1d5f83efa02425d,7316ae9a6971957c,FAIR1M-v1.0,1338,2323f2c8f342ce852c0c887fbfcf1869b23c48c17302e3e577776645a2bd4672,/home/rspip/cqc/pro/study/orientbench/annotation_tools/m4_angle_annotation/annotator_B/crops/3fa5e1d5f83efa02425d.jpg
m4-071-final-v1,B,39e2d1aadb41d4a1d21b,f27640677785eff7,SODA-A,1339,0e1670c4f56ce1c894a54772e0e6679bc083c6cc22a5283c63b027ab7d49920b,/home/rspip/cqc/pro/study/orientbench/annotation_tools/m4_angle_annotation/annotator_B/crops/39e2d1aadb41d4a1d21b.jpg
m4-071-final-v1,B,ce407e08094af5ce108b,1d1eec9c52baed6c,DIOR-R,1340,addb97f1ed42e295f985e15e7fc11c3f5f3bdb7b8517690c2ac22f7779ebc7ac,/home/rspip/cqc/pro/study/orientbench/annotation_tools/m4_angle_annotation/annotator_B/crops/ce407e08094af5ce108b.jpg
m4-071-final-v1,B,112c1463649bcc07ac88,bf66cec98778f390,FAIR1M-v1.0,1341,75d00469791a94b5b156c3f03570f3b78ad220c2c8b0f6e2c4bf0f314d16fa44,/home/rspip/cqc/pro/study/orientbench/annotation_tools/m4_angle_annotation/annotator_B/crops/112c1463649bcc07ac88.jpg
m4-071-final-v1,B,a950e626dc557ec52271,f9bb8b5bb514b373,DIOR-R,1342,93525ae54096a45aed01764c32a6eec231471bcc15ce0832d0bbc778d120d4d9,/home/rspip/cqc/pro/study/orientbench/annotation_tools/m4_angle_annotation/annotator_B/crops/a950e626dc557ec52271.jpg
m4-071-final-v1,B,62e3a66f1ed75d72195b,5b7813e27240524b,DIOR-R,1343,42e570bbbb7eac25960c9b3fdfde57c5b20b14a97942dc3967fa0bb1bd9428b0,/home/rspip/cqc/pro/study/orientbench/annotation_tools/m4_angle_annotation/annotator_B/crops/62e3a66f1ed75d72195b.jpg
m4-071-final-v1,B,0f1d7f74cc33faff7bc3,a0f2fa80c930332f,DIOR-R,1344,ab8e07237f44e9d6f6c874b4bbc4c1874d90622495147e46fd3ecdf7dd24194e,/home/rspip/cqc/pro/study/orientbench/annotation_tools/m4_angle_annotation/annotator_B/crops/0f1d7f74cc33faff7bc3.jpg
m4-071-final-v1,B,65fb082bc22cc75a3f00,2966227c8a0053ea,DIOR-R,1345,03018acbbfdc90054dee6069d27f9f6517736986999f1db3170645f0af8b70a1,/home/rspip/cqc/pro/study/orientbench/annotation_tools/m4_angle_annotation/annotator_B/crops/65fb082bc22cc75a3f00.jpg
m4-071-final-v1,B,64e143aa519489a98353,87923b58d21854a0,DIOR-R,1346,6cde820c37e862056fd99f323d808f5b9df60d351c2e8482fce27ef2a454d61d,/home/rspip/cqc/pro/study/orientbench/annotation_tools/m4_angle_annotation/annotator_B/crops/64e143aa519489a98353.jpg
m4-071-final-v1,B,e592ff9674db66ab1186,accc454604ef3c90,FAIR1M-v1.0,1347,ebcc69c7a5e5a8397bfa15366d9bb3ea346d802d3413da79e559c74bf15fdadb,/home/rspip/cqc/pro/study/orientbench/annotation_tools/m4_angle_annotation/annotator_B/crops/e592ff9674db66ab1186.jpg
m4-071-final-v1,B,6bb26410fd7e7b17728e,440b29409e610f8d,DIOR-R,1348,dabf965b588b1b4ef1706f6b4743ad96f99443bdf6130220fb5d52944d30a70a,/home/rspip/cqc/pro/study/orientbench/annotation_tools/m4_angle_annotation/annotator_B/crops/6bb26410fd7e7b17728e.jpg
m4-071-final-v1,B,7d2a8deb539f0140bbc5,5b508d573b886550,SODA-A,1349,6e789f28635fe4a3ca9c9cc13d5865b781676d21802b24e104f30cc87f90d113,/home/rspip/cqc/pro/study/orientbench/annotation_tools/m4_angle_annotation/annotator_B/crops/7d2a8deb539f0140bbc5.jpg
m4-071-final-v1,B,ace61b4a83210205edbf,5f937faab70036f1,FAIR1M-v1.0,1350,351618f54b61838448ddd410106ec9b7d367197e51024252acd20490a10152ed,/home/rspip/cqc/pro/study/orientbench/annotation_tools/m4_angle_annotation/annotator_B/crops/ace61b4a83210205edbf.jpg
m4-071-final-v1,B,7b24a7c0fa122268bdc4,1573ae53686f1f51,SODA-A,1351,538385e7c9ecace493b0eceb3989053bf7b3d4ff737c518bd20db35bfc8d784c,/home/rspip/cqc/pro/study/orientbench/annotation_tools/m4_angle_annotation/annotator_B/crops/7b24a7c0fa122268bdc4.jpg
m4-071-final-v1,B,82e42e78d925d3698844,6ba97db97904c5d4,FAIR1M-v1.0,1352,fba5d53d96b006371f6fa07a61b03174d23558c0564b14225d4fb1393598da7d,/home/rspip/cqc/pro/study/orientbench/annotation_tools/m4_angle_annotation/annotator_B/crops/82e42e78d925d3698844.jpg
m4-071-final-v1,B,9898bec2e5fbaf10f62c,2f9cbf4230e1161b,SODA-A,1353,a722fbffa68ddff40857558426fe23af8f6eccff4ec49db592470f527b907b82,/home/rspip/cqc/pro/study/orientbench/annotation_tools/m4_angle_annotation/annotator_B/crops/9898bec2e5fbaf10f62c.jpg
m4-071-final-v1,B,c2babbf2037c7f061104,c588b2f3e2d1160c,DIOR-R,1354,76becde0c4815501f6639f2fa896fa0b8ed2b9ed56d6ac7118fccb35eccd8a7d,/home/rspip/cqc/pro/study/orientbench/annotation_tools/m4_angle_annotation/annotator_B/crops/c2babbf2037c7f061104.jpg
m4-071-final-v1,B,fe97631870cc7e0fec7c,8517e11f7c618062,FAIR1M-v1.0,1355,709cc5f25832035f1c5996b530e60c595a6e92fad5bf2c27a1bd15039cecda28,/home/rspip/cqc/pro/study/orientbench/annotation_tools/m4_angle_annotation/annotator_B/crops/fe97631870cc7e0fec7c.jpg
m4-071-final-v1,B,2c680fc96ee0a9a9d7b9,d3ee8808a4f5106f,DIOR-R,1356,cf16d45954789314f93275d6589645a25a1218cd755ceba459203165d5629d76,/home/rspip/cqc/pro/study/orientbench/annotation_tools/m4_angle_annotation/annotator_B/crops/2c680fc96ee0a9a9d7b9.jpg
m4-071-final-v1,B,64153148622de171f227,d2cba49c1073c1bf,SODA-A,1357,bf80c3037a091a1f4951ba6cfa451ff1d3b4ffb11366b8428c69ae9a43525abc,/home/rspip/cqc/pro/study/orientbench/annotation_tools/m4_angle_annotation/annotator_B/crops/64153148622de171f227.jpg
m4-071-final-v1,B,9736fea667ddc86e3faa,0c951c4cb67cab3c,FAIR1M-v1.0,1358,dc0f5a38505d9f86e0583631c945bc32d4a7c8a423d0a6136532c7532b3d14a4,/home/rspip/cqc/pro/study/orientbench/annotation_tools/m4_angle_annotation/annotator_B/crops/9736fea667ddc86e3faa.jpg
m4-071-final-v1,B,94223492ea1909be2245,c957686717cdbfa2,DIOR-R,1359,101a5227c1304bd45af3f4eba5f0d221c490faf10584fb8770245842f2db3094,/home/rspip/cqc/pro/study/orientbench/annotation_tools/m4_angle_annotation/annotator_B/crops/94223492ea1909be2245.jpg
m4-071-final-v1,B,8daad233840edf9ec93e,075026de07e8fce5,DIOR-R,1360,ebbe831d3c35fe81351db142507301c9a220c45b1e97529934e9c2d6c8a062e6,/home/rspip/cqc/pro/study/orientbench/annotation_tools/m4_angle_annotation/annotator_B/crops/8daad233840edf9ec93e.jpg
m4-071-final-v1,B,d12619c6aee0aa95bff0,663ddd0d2b952bfd,FAIR1M-v1.0,1361,fa84f61214da78543ebbde6cd2922152498eb3fbb169f1c1ac958511b1d34065,/home/rspip/cqc/pro/study/orientbench/annotation_tools/m4_angle_annotation/annotator_B/crops/d12619c6aee0aa95bff0.jpg
m4-071-final-v1,B,c62d2e6bdd2dd9ee7e38,2466f63aa646a99d,FAIR1M-v1.0,1362,f79a44b49c416c72f01e47c9975721f40c13505353ef7c9e6deb2dfc9cfb19e2,/home/rspip/cqc/pro/study/orientbench/annotation_tools/m4_angle_annotation/annotator_B/crops/c62d2e6bdd2dd9ee7e38.jpg
m4-071-final-v1,B,0ef939809d551fb6d195,016e94533a908b67,SODA-A,1363,18daa1a23f658cb3b0a5ea7332f01427c27afeebd85a5c9166d4eff2252fc038,/home/rspip/cqc/pro/study/orientbench/annotation_tools/m4_angle_annotation/annotator_B/crops/0ef939809d551fb6d195.jpg
m4-071-final-v1,B,d11e4b3eadf44fab2249,cc86908a59bb0fd3,FAIR1M-v1.0,1364,f055329ec1ee3fd90fb3f4167a3805bcbca0169a11883767d1c57147205a5c38,/home/rspip/cqc/pro/study/orientbench/annotation_tools/m4_angle_annotation/annotator_B/crops/d11e4b3eadf44fab2249.jpg
m4-071-final-v1,B,bfb66b27817b6c24e969,cab8f53831bd8085,SODA-A,1365,a51ba3150783fb254da6e1b4d936f6b7b3df18379bc0710d223b209d9f7361e1,/home/rspip/cqc/pro/study/orientbench/annotation_tools/m4_angle_annotation/annotator_B/crops/bfb66b27817b6c24e969.jpg
m4-071-final-v1,B,e4126eb17a1cb75e6fd1,c2c5e03b21fdeb8d,FAIR1M-v1.0,1366,2d17225582ac014cfc2abe378c387955f87a2c0c9064a0a095f6103e8c079c69,/home/rspip/cqc/pro/study/orientbench/annotation_tools/m4_angle_annotation/annotator_B/crops/e4126eb17a1cb75e6fd1.jpg
m4-071-final-v1,B,a217804f4aade24c42d1,22361f75af0459af,SODA-A,1367,9bb07bdc81927c3053a2c28f8304ce9185b102868581098e156fc737064aeab7,/home/rspip/cqc/pro/study/orientbench/annotation_tools/m4_angle_annotation/annotator_B/crops/a217804f4aade24c42d1.jpg
m4-071-final-v1,B,e53ceac5415660c95e71,e777dae3d68a8ad4,SODA-A,1368,e7b44ca3a55e437479934fc776bfcf8ba039d263a87c33c671e89775375a1b76,/home/rspip/cqc/pro/study/orientbench/annotation_tools/m4_angle_annotation/annotator_B/crops/e53ceac5415660c95e71.jpg
m4-071-final-v1,B,34b358217303a26cc1bf,f3276b3aeb3f4ce5,DIOR-R,1369,7d0fa92ded0acbd62cdd8087ec5c3631497666d922c237efe081048782d1833b,/home/rspip/cqc/pro/study/orientbench/annotation_tools/m4_angle_annotation/annotator_B/crops/34b358217303a26cc1bf.jpg
m4-071-final-v1,B,737c83ce88724efe2904,4ba5552742b38111,FAIR1M-v1.0,1370,9e6b841b3ef8ec18d1fd90424053aab122e7be255299ffe261bd25536683a2db,/home/rspip/cqc/pro/study/orientbench/annotation_tools/m4_angle_annotation/annotator_B/crops/737c83ce88724efe2904.jpg
m4-071-final-v1,B,4c58c8782499d45466ab,4ba88fe6caeea669,SODA-A,1371,6715c00abd88e8e7603b78a2960573e35e44e27a772452e5b883653212ecdfec,/home/rspip/cqc/pro/study/orientbench/annotation_tools/m4_angle_annotation/annotator_B/crops/4c58c8782499d45466ab.jpg
m4-071-final-v1,B,0b284e2e96752fddf549,e1f75a0920d39b66,DIOR-R,1372,f91298a14e3759c2796b1e064301fe497e5098af52858acd8e225ccfecdf49ab,/home/rspip/cqc/pro/study/orientbench/annotation_tools/m4_angle_annotation/annotator_B/crops/0b284e2e96752fddf549.jpg
m4-071-final-v1,B,84565862687fdc26933e,9a1a44f3c8901ab0,FAIR1M-v1.0,1373,abf3bb38f9994886023a618038657e024265d968e65a16fec4773c571954e260,/home/rspip/cqc/pro/study/orientbench/annotation_tools/m4_angle_annotation/annotator_B/crops/84565862687fdc26933e.jpg
m4-071-final-v1,B,54fc43dbf1c1db07f1d8,18cc46fbdbb2b404,SODA-A,1374,65e60ce30adc30df8ce03b62c8cb90dd9b5ff8eee971a69514f5cc38b41858f3,/home/rspip/cqc/pro/study/orientbench/annotation_tools/m4_angle_annotation/annotator_B/crops/54fc43dbf1c1db07f1d8.jpg
m4-071-final-v1,B,bfe5c6fd10734de73162,5353c97faa36ff7f,FAIR1M-v1.0,1375,cb3a18faa56ff9d30cc1b42e880d304429b535e926bdc755f8e53a1b71060cdb,/home/rspip/cqc/pro/study/orientbench/annotation_tools/m4_angle_annotation/annotator_B/crops/bfe5c6fd10734de73162.jpg
m4-071-final-v1,B,e044b65f8fc361d81957,182da0d2f4a19600,DIOR-R,1376,f170c2d2426873046b197abef6fda03c814ef30220e1aaee6c3ad13ea61c02e1,/home/rspip/cqc/pro/study/orientbench/annotation_tools/m4_angle_annotation/annotator_B/crops/e044b65f8fc361d81957.jpg
m4-071-final-v1,B,1b34db36945cdf30ce2d,150c6456a882c802,FAIR1M-v1.0,1377,82309b191b439c2fdee2dfeb27894c3168e8cebeedc29fdd70ec89e1d34bd6d4,/home/rspip/cqc/pro/study/orientbench/annotation_tools/m4_angle_annotation/annotator_B/crops/1b34db36945cdf30ce2d.jpg
m4-071-final-v1,B,9ed2086db00dc9b608b5,0172f45b55512cec,DIOR-R,1378,8b1947b4995880af8c59ef16c40eb4d3dba27e4b3018b6030e4cc9fab782c6d2,/home/rspip/cqc/pro/study/orientbench/annotation_tools/m4_angle_annotation/annotator_B/crops/9ed2086db00dc9b608b5.jpg
m4-071-final-v1,B,94954e6e49da9bfc8081,eb2b4e23b89daed5,FAIR1M-v1.0,1379,655f40f780cb967e4dcc431e161a72ed217ab1b25d14e09a19cdbcbae8c7d2ff,/home/rspip/cqc/pro/study/orientbench/annotation_tools/m4_angle_annotation/annotator_B/crops/94954e6e49da9bfc8081.jpg
m4-071-final-v1,B,e995a2f14705d91d7508,2931da09910fcd7c,SODA-A,1380,2a2a10a715d7d9bf02579e5ef967e2361e2b7974b3620e561b843e9fdc55c1a3,/home/rspip/cqc/pro/study/orientbench/annotation_tools/m4_angle_annotation/annotator_B/crops/e995a2f14705d91d7508.jpg
m4-071-final-v1,B,fad024d40c4fd85b8179,4a8f4fe58dfc838b,DIOR-R,1381,e1c796f87c34ca950e40d8b31883be4d0a4447f8732ee00f8a9a76119b0f84b6,/home/rspip/cqc/pro/study/orientbench/annotation_tools/m4_angle_annotation/annotator_B/crops/fad024d40c4fd85b8179.jpg
m4-071-final-v1,B,3000f2bdc92ff99de556,4f361d469e6c3410,DIOR-R,1382,0e26b6867fb6ece0255b984d5227a3cdd7b454aa3473e03ff70c5fa7d6de93c9,/home/rspip/cqc/pro/study/orientbench/annotation_tools/m4_angle_annotation/annotator_B/crops/3000f2bdc92ff99de556.jpg
m4-071-final-v1,B,fd840cad0b3e540c1925,fddc0a340fccefaf,FAIR1M-v1.0,1383,b42e92e00459ad9ebff11156deb43f329232a3280e96b78c2de423859dc8f8f8,/home/rspip/cqc/pro/study/orientbench/annotation_tools/m4_angle_annotation/annotator_B/crops/fd840cad0b3e540c1925.jpg
m4-071-final-v1,B,5e219213365fc7d267e5,6269b8e48ff2f681,DIOR-R,1384,5871fec8446340d896b94bd27584247a54c107d3c3b84c96668c008fd8b5fb75,/home/rspip/cqc/pro/study/orientbench/annotation_tools/m4_angle_annotation/annotator_B/crops/5e219213365fc7d267e5.jpg
m4-071-final-v1,B,2781b31f66f0ed4e8955,5aed43c860585aef,SODA-A,1385,4c494bd0e3eac40d8f4ff93151d45aa245cd4a8f578c83cf892ac5208cf78c47,/home/rspip/cqc/pro/study/orientbench/annotation_tools/m4_angle_annotation/annotator_B/crops/2781b31f66f0ed4e8955.jpg
m4-071-final-v1,B,0c784cc8a832628811c8,862386922bf44583,FAIR1M-v1.0,1386,b04ce4fb05664bb1bcc1a10e907d03932c927add934b4a39d6b7fc3aac57c968,/home/rspip/cqc/pro/study/orientbench/annotation_tools/m4_angle_annotation/annotator_B/crops/0c784cc8a832628811c8.jpg
m4-071-final-v1,B,b9f0286bfdd0004d82e2,b88c539192905b0f,SODA-A,1387,982b367a3ecaaa3305d8b48e2513f5ed454d0f5a6ac5c45cafec42144cb76690,/home/rspip/cqc/pro/study/orientbench/annotation_tools/m4_angle_annotation/annotator_B/crops/b9f0286bfdd0004d82e2.jpg
m4-071-final-v1,B,a846f5d245ce5c1361f0,f56d8df10cc7eaf7,FAIR1M-v1.0,1388,fa401aca47487ad5793958e72347d18be7723dfdfc05b0714b6d969a0db6e6d7,/home/rspip/cqc/pro/study/orientbench/annotation_tools/m4_angle_annotation/annotator_B/crops/a846f5d245ce5c1361f0.jpg
m4-071-final-v1,B,b190f939efc339d9363e,3bc7af27467b85df,DIOR-R,1389,5d65c23745cb7cd1c48efb1d2eecc3f12be88dff28ba3b678c8fc76c667db4a7,/home/rspip/cqc/pro/study/orientbench/annotation_tools/m4_angle_annotation/annotator_B/crops/b190f939efc339d9363e.jpg
m4-071-final-v1,B,fa114a4243874b8e6345,7b779393fba89458,FAIR1M-v1.0,1390,ecef8bfe913dec15eb10a20081ea2fd4e83c3ef572b1bfe2c7ec3235e613f847,/home/rspip/cqc/pro/study/orientbench/annotation_tools/m4_angle_annotation/annotator_B/crops/fa114a4243874b8e6345.jpg
m4-071-final-v1,B,cbfd4b8d51a2cc4f9f5f,a3559cc1ddd6b3bf,DIOR-R,1391,84e55aef88608bbb4e3152005778b8f51774c8a2b5aafcfc23d80bdf0d371592,/home/rspip/cqc/pro/study/orientbench/annotation_tools/m4_angle_annotation/annotator_B/crops/cbfd4b8d51a2cc4f9f5f.jpg
m4-071-final-v1,B,0cc80965f0161b68ff0f,b6f0423192726018,DIOR-R,1392,e5aafb7858db4e8f845ffb76e3a17929ec2be9d1f1ee749506e4cd802c46004f,/home/rspip/cqc/pro/study/orientbench/annotation_tools/m4_angle_annotation/annotator_B/crops/0cc80965f0161b68ff0f.jpg
m4-071-final-v1,B,c699ef9d3a7f9fa80145,d28c9b5b90141213,DIOR-R,1393,183a9266d1f6750e9ed64deb2372f03c9bc7d369448eebbb96461ae46305633d,/home/rspip/cqc/pro/study/orientbench/annotation_tools/m4_angle_annotation/annotator_B/crops/c699ef9d3a7f9fa80145.jpg
m4-071-final-v1,B,0003ebd07bd4bb7cdf70,a3952bedb7c5067f,SODA-A,1394,61d2a1e2ee742a6120af59722a9bd20ab2d8fde1c0c33cc1696860c5057e8879,/home/rspip/cqc/pro/study/orientbench/annotation_tools/m4_angle_annotation/annotator_B/crops/0003ebd07bd4bb7cdf70.jpg
m4-071-final-v1,B,1b36545a16d37dc0bc87,6c81d93188a08bdb,FAIR1M-v1.0,1395,339f21d765eed028fb495e3effbae845aa1c906f3e2d4ae59ec560f7f0b88d7a,/home/rspip/cqc/pro/study/orientbench/annotation_tools/m4_angle_annotation/annotator_B/crops/1b36545a16d37dc0bc87.jpg
m4-071-final-v1,B,8de3646c356f639b2021,29e5e3539c20f9bd,SODA-A,1396,ba7a885571bd79b8d92a3c524427e54b78fdce53868758578f524c9bbcc6f5e2,/home/rspip/cqc/pro/study/orientbench/annotation_tools/m4_angle_annotation/annotator_B/crops/8de3646c356f639b2021.jpg
m4-071-final-v1,B,b1047062222d2a3ecf4d,c150855afb212257,DIOR-R,1397,a42747d7313d887fdb8341bb83ceaba2e583a7f787511552f3969beddd2bd294,/home/rspip/cqc/pro/study/orientbench/annotation_tools/m4_angle_annotation/annotator_B/crops/b1047062222d2a3ecf4d.jpg
m4-071-final-v1,B,2ba567a12d04b0ebc278,8416fa4951187d63,DIOR-R,1398,a790237ee898dddf4b6a87cd44106782b73ef91473d3a45bd8b35caf3453995a,/home/rspip/cqc/pro/study/orientbench/annotation_tools/m4_angle_annotation/annotator_B/crops/2ba567a12d04b0ebc278.jpg
m4-071-final-v1,B,09d35b1eeece2d4d58dd,95e8ac71f659f72c,SODA-A,1399,cba24f8e987c1b0fecb118cbd08d21933e1a85502726aefbe6d632cc38214fde,/home/rspip/cqc/pro/study/orientbench/annotation_tools/m4_angle_annotation/annotator_B/crops/09d35b1eeece2d4d58dd.jpg
m4-071-final-v1,B,13898b143c959fd2fb92,ccd55711d2a41e8b,SODA-A,1400,ed51c92da2d000dddede463e082946ccb2ed35e01e098a63df1adb02ad65fed8,/home/rspip/cqc/pro/study/orientbench/annotation_tools/m4_angle_annotation/annotator_B/crops/13898b143c959fd2fb92.jpg
m4-071-final-v1,B,bfe33f3d4fa7fd97dff4,2337de2fc6f1a82d,FAIR1M-v1.0,1401,1981951c1aa2289318c49300016ba4975d330558079dd83d5a83b6ab23055959,/home/rspip/cqc/pro/study/orientbench/annotation_tools/m4_angle_annotation/annotator_B/crops/bfe33f3d4fa7fd97dff4.jpg
m4-071-final-v1,B,f8899a97f3c9bdde6455,540df4b11d59445b,SODA-A,1402,4debc4ea4219cd4db780f943cb5ab3f771b98ff965640e2c2cba480aded37c3b,/home/rspip/cqc/pro/study/orientbench/annotation_tools/m4_angle_annotation/annotator_B/crops/f8899a97f3c9bdde6455.jpg
m4-071-final-v1,B,927e6c902204260be522,a0feb11d139958ee,FAIR1M-v1.0,1403,a34cd38dc82677dcc8ec05a6e05f182baa0856e5e2b3d93aab33bbcda45260bf,/home/rspip/cqc/pro/study/orientbench/annotation_tools/m4_angle_annotation/annotator_B/crops/927e6c902204260be522.jpg
m4-071-final-v1,B,8384cbc27cc65cab53d6,4f9df17fa135e303,SODA-A,1404,60bc4b488652035f95ddda58ea07f90ce229229778cc14c1ee547a77dbd36b2b,/home/rspip/cqc/pro/study/orientbench/annotation_tools/m4_angle_annotation/annotator_B/crops/8384cbc27cc65cab53d6.jpg
m4-071-final-v1,B,20380903fd307ec8e2c1,2203f77e887352f1,SODA-A,1405,ca9b5c6a7df81e194dd6e46406de0fd70b4442ae73c20bb9e6aded1ecad00ce8,/home/rspip/cqc/pro/study/orientbench/annotation_tools/m4_angle_annotation/annotator_B/crops/20380903fd307ec8e2c1.jpg
m4-071-final-v1,B,422284324199d3d32e38,2c5d095dcf6edd0c,SODA-A,1406,fd8185dc03474b1aa6aa40bda204af510eaf4e3a125491b36f8f61422adbe258,/home/rspip/cqc/pro/study/orientbench/annotation_tools/m4_angle_annotation/annotator_B/crops/422284324199d3d32e38.jpg
m4-071-final-v1,B,c6896e0091349eda8eef,a9c210f892f500f4,DIOR-R,1407,138df3377b8f72a470ac66c868ebbf78eb87a5807ca575156c050cad3eab72b0,/home/rspip/cqc/pro/study/orientbench/annotation_tools/m4_angle_annotation/annotator_B/crops/c6896e0091349eda8eef.jpg
m4-071-final-v1,B,927b596f64e7706ef0ec,d199f0bb9fe39c22,SODA-A,1408,d5a0808c3bd729e7fea796f3f59af6bf2c7242a44fb0740e03cdb4226354764e,/home/rspip/cqc/pro/study/orientbench/annotation_tools/m4_angle_annotation/annotator_B/crops/927b596f64e7706ef0ec.jpg
m4-071-final-v1,B,c633a12f36f93ac61aaa,324b9b944b7bf7be,DIOR-R,1409,1f1a7a5d48a0a49b895bdbc23fe684128a773c53f3026790c27707978763b8da,/home/rspip/cqc/pro/study/orientbench/annotation_tools/m4_angle_annotation/annotator_B/crops/c633a12f36f93ac61aaa.jpg
m4-071-final-v1,B,2932d376133894ad7c1e,45ae7bf39c2a86c3,DIOR-R,1410,83b1480792be29dfa760c61ef4a6d3bf3040f456f8a026961194dc88e942401a,/home/rspip/cqc/pro/study/orientbench/annotation_tools/m4_angle_annotation/annotator_B/crops/2932d376133894ad7c1e.jpg
m4-071-final-v1,B,82afcfb9c49dae5e01f5,17082abec3e8bfdd,SODA-A,1411,dc39187f55fa2a7751e8c6caf0cfe88785991257fd2f6018acb40564c0fd40db,/home/rspip/cqc/pro/study/orientbench/annotation_tools/m4_angle_annotation/annotator_B/crops/82afcfb9c49dae5e01f5.jpg
m4-071-final-v1,B,6f2c1927d1b137620b3d,129f458ad04ac8a9,FAIR1M-v1.0,1412,b652a12502caff4dd92365160da5d6feb315beed7810c8cae6ddbb2e4f9b5e8c,/home/rspip/cqc/pro/study/orientbench/annotation_tools/m4_angle_annotation/annotator_B/crops/6f2c1927d1b137620b3d.jpg
m4-071-final-v1,B,02432969697ab1ea99e4,0206113e070c1b5c,DIOR-R,1413,31d3cd17be8d5efcc495481ef92a9f409c7159833e2b23e52a0c1664fce4d34f,/home/rspip/cqc/pro/study/orientbench/annotation_tools/m4_angle_annotation/annotator_B/crops/02432969697ab1ea99e4.jpg
m4-071-final-v1,B,fe6b24ebfb7dc002f21b,074dc90f2f6bff42,DIOR-R,1414,766a89a3a7fc5c3a0e5f22ded60c58b89b97446db45e147d2d295be289901fbc,/home/rspip/cqc/pro/study/orientbench/annotation_tools/m4_angle_annotation/annotator_B/crops/fe6b24ebfb7dc002f21b.jpg
m4-071-final-v1,B,9922e721a62094e101f5,5e04f2ce91d367ce,DIOR-R,1415,2e3c2b7423cd58e967689047f1d3212fc99eebf74e844eb3265b15a021af145d,/home/rspip/cqc/pro/study/orientbench/annotation_tools/m4_angle_annotation/annotator_B/crops/9922e721a62094e101f5.jpg
m4-071-final-v1,B,f8d80325cbf4971c3b5e,018c58fe959dd11e,DIOR-R,1416,51249438507ebad17ea0f09323614d3354de3a63cc6962301e451c3f95c8bc7c,/home/rspip/cqc/pro/study/orientbench/annotation_tools/m4_angle_annotation/annotator_B/crops/f8d80325cbf4971c3b5e.jpg
m4-071-final-v1,B,234bbb126645f223ace0,24a204304943515f,FAIR1M-v1.0,1417,cb18b4a6282c68fac85978b1d02d92a68b05e8675f6f1009218168c3035dba79,/home/rspip/cqc/pro/study/orientbench/annotation_tools/m4_angle_annotation/annotator_B/crops/234bbb126645f223ace0.jpg
m4-071-final-v1,B,0d25351acac81de6951a,6126ad83ebff5bce,SODA-A,1418,0e4ecc21e5fedb999ee2b49197834c59a091373c4e064c1d034f3b82ee064fee,/home/rspip/cqc/pro/study/orientbench/annotation_tools/m4_angle_annotation/annotator_B/crops/0d25351acac81de6951a.jpg
m4-071-final-v1,B,86bf26b963188c6bb019,9a3e9b8b1272ef83,SODA-A,1419,ab80388f901a018278e4c290318e8944f039498d5ffa8d445d83f2c4f8230261,/home/rspip/cqc/pro/study/orientbench/annotation_tools/m4_angle_annotation/annotator_B/crops/86bf26b963188c6bb019.jpg
m4-071-final-v1,B,699e2a59b493f8dedec4,3ed3046d6850745e,SODA-A,1420,7e371c7f8df02326a38e8b1968258389eb30440ca5ad5ed77396019f437e1ce5,/home/rspip/cqc/pro/study/orientbench/annotation_tools/m4_angle_annotation/annotator_B/crops/699e2a59b493f8dedec4.jpg
m4-071-final-v1,B,c52c2588d105f249c568,69ae5cd97a84197a,FAIR1M-v1.0,1421,90209a221d27528dee89392919d5c8e248e708f9b6269345d27a6854cdc629d1,/home/rspip/cqc/pro/study/orientbench/annotation_tools/m4_angle_annotation/annotator_B/crops/c52c2588d105f249c568.jpg
m4-071-final-v1,B,ad3aa34bcd7de6755aff,75bb9116f3c34c09,SODA-A,1422,b4fdda8db338b2f3951ed5f88e7152f69993ad3a433f905ace66be8963957478,/home/rspip/cqc/pro/study/orientbench/annotation_tools/m4_angle_annotation/annotator_B/crops/ad3aa34bcd7de6755aff.jpg
m4-071-final-v1,B,277844a17120af4ea443,5a0877d60771560e,FAIR1M-v1.0,1423,0037e81aef4dcd4e47394932974de04adc0419a08f9be7baec85057b0008484d,/home/rspip/cqc/pro/study/orientbench/annotation_tools/m4_angle_annotation/annotator_B/crops/277844a17120af4ea443.jpg
m4-071-final-v1,B,eb66f7df86bf60ce6c78,feb5caf3d3e64867,DIOR-R,1424,7f6d69a263374646b2c82c41e158cf685b1bbfff580ffac05d501859d7e02cd8,/home/rspip/cqc/pro/study/orientbench/annotation_tools/m4_angle_annotation/annotator_B/crops/eb66f7df86bf60ce6c78.jpg
m4-071-final-v1,B,9e9731393c8b29475384,672db26c5aee7c6c,SODA-A,1425,c0d94abc0807fa84f82991613cca9f1725ad840cb4b61bf51e641703bd8dd4fc,/home/rspip/cqc/pro/study/orientbench/annotation_tools/m4_angle_annotation/annotator_B/crops/9e9731393c8b29475384.jpg
m4-071-final-v1,B,e86a7a1f8b5473cfc39d,e889979e31ecc36c,FAIR1M-v1.0,1426,0f9f82677ba2dc19645f20cc7359b69f4878bb1f359cc5515776b8864975e2f7,/home/rspip/cqc/pro/study/orientbench/annotation_tools/m4_angle_annotation/annotator_B/crops/e86a7a1f8b5473cfc39d.jpg
m4-071-final-v1,B,2bd27c0d9680292363f1,8f51e14e0d6a73cb,SODA-A,1427,27057c2c49ff4ea210107fb6b8c0f2eaa1c6b6c4001a6aba400cafe2167f44e0,/home/rspip/cqc/pro/study/orientbench/annotation_tools/m4_angle_annotation/annotator_B/crops/2bd27c0d9680292363f1.jpg
m4-071-final-v1,B,52e02f7d29b627af7691,86532e3556278dea,DIOR-R,1428,0971e0f7af5dc853d28d1c671ff00e54d52be3f49a4b6e29d44d3c032b4c307c,/home/rspip/cqc/pro/study/orientbench/annotation_tools/m4_angle_annotation/annotator_B/crops/52e02f7d29b627af7691.jpg
m4-071-final-v1,B,9175bea36156f0b6ac11,f80adabc5f7a2106,SODA-A,1429,049d435ba114512c64739aea38e468e11225ef1d07fa51f12766bc90fb5eae5a,/home/rspip/cqc/pro/study/orientbench/annotation_tools/m4_angle_annotation/annotator_B/crops/9175bea36156f0b6ac11.jpg
m4-071-final-v1,B,ce8c55416c196809b496,ab6d1690b1ed918e,FAIR1M-v1.0,1430,aa8cec522d03940d111cea59e6e2b6823d50866a0a1ee30b7fbc5a952a096122,/home/rspip/cqc/pro/study/orientbench/annotation_tools/m4_angle_annotation/annotator_B/crops/ce8c55416c196809b496.jpg
m4-071-final-v1,B,e0cc8f5e70d1f8f85b44,3471ab7149919bd8,SODA-A,1431,96e2412ed4bccd4a1c09f40ccca107ff3019a918ff3cc818e3966d0f520cf8e1,/home/rspip/cqc/pro/study/orientbench/annotation_tools/m4_angle_annotation/annotator_B/crops/e0cc8f5e70d1f8f85b44.jpg
m4-071-final-v1,B,2ea27d54707bce5b3917,2fe05360b4b153fd,FAIR1M-v1.0,1432,60e1e6e69eca7e95f8c8bb003bc8501f17853c2bd1271cf33306737d946444b9,/home/rspip/cqc/pro/study/orientbench/annotation_tools/m4_angle_annotation/annotator_B/crops/2ea27d54707bce5b3917.jpg
m4-071-final-v1,B,c6bf39b757fcae381695,b90f138c4aaeadde,DIOR-R,1433,f8c0303b30939247a4714300bcff7e23195fe40f131375d81d8c9f82346b914a,/home/rspip/cqc/pro/study/orientbench/annotation_tools/m4_angle_annotation/annotator_B/crops/c6bf39b757fcae381695.jpg
m4-071-final-v1,B,e9943efff1cac92bcfa7,dd1ea20434be427d,SODA-A,1434,7e5bfd3002407740e35f884b529640a893d1e95856cd11e72a303b973935f4b0,/home/rspip/cqc/pro/study/orientbench/annotation_tools/m4_angle_annotation/annotator_B/crops/e9943efff1cac92bcfa7.jpg
m4-071-final-v1,B,2a50e4232fba5253ccce,1201f758fb410111,SODA-A,1435,fa2b1f7747c225d8599fd86cc79f20499e2dbb3c2f2bf89f1d68bdb580075281,/home/rspip/cqc/pro/study/orientbench/annotation_tools/m4_angle_annotation/annotator_B/crops/2a50e4232fba5253ccce.jpg
m4-071-final-v1,B,3936b0422fd8966cc68b,92ffefd45213e99e,FAIR1M-v1.0,1436,8843d5c19dfefe511313673991f781901dc4f849850275db48e50b2ba99ded18,/home/rspip/cqc/pro/study/orientbench/annotation_tools/m4_angle_annotation/annotator_B/crops/3936b0422fd8966cc68b.jpg
m4-071-final-v1,B,31c365a6f165487a24dd,52653c939e4c15ed,FAIR1M-v1.0,1437,263647df8dc447a0488f244cc9574eb1f2890cd7bd62ed860b12686112b0a453,/home/rspip/cqc/pro/study/orientbench/annotation_tools/m4_angle_annotation/annotator_B/crops/31c365a6f165487a24dd.jpg
m4-071-final-v1,B,df52305a616d52e526bc,91ddc48577c5ff9e,FAIR1M-v1.0,1438,2dacea5a4be0d30b2e8ea7a804b322248151e60f3d318283367a65eb90ee569b,/home/rspip/cqc/pro/study/orientbench/annotation_tools/m4_angle_annotation/annotator_B/crops/df52305a616d52e526bc.jpg
m4-071-final-v1,B,25e080a00ca7540dc727,97167e1b99bae76b,SODA-A,1439,4d5ad5f6cb786a6d98665eb572f83ab79c9ff658682e10d300fa3d972ae083ff,/home/rspip/cqc/pro/study/orientbench/annotation_tools/m4_angle_annotation/annotator_B/crops/25e080a00ca7540dc727.jpg
m4-071-final-v1,B,f45454a71b15682a27ca,ead2892285e8f6e4,SODA-A,1440,9d44d9b233b204a4f394a2056414c710e5b1d500fc9e321a5aa8fdec176716e3,/home/rspip/cqc/pro/study/orientbench/annotation_tools/m4_angle_annotation/annotator_B/crops/f45454a71b15682a27ca.jpg
m4-071-final-v1,B,77c741d002276ed55e13,8b5ff443fe9549f7,DIOR-R,1441,a4d3f303eed1efccb4817c2b3611bd38d067fd18cd6a0f27c51cba0c73c3dc4c,/home/rspip/cqc/pro/study/orientbench/annotation_tools/m4_angle_annotation/annotator_B/crops/77c741d002276ed55e13.jpg
m4-071-final-v1,B,c83b5539c887d108142b,2248426dbd1d000b,DIOR-R,1442,61d5deacd8695197df80694a4a929b36b30fd9253c9ca5155c530e02a1e26a3f,/home/rspip/cqc/pro/study/orientbench/annotation_tools/m4_angle_annotation/annotator_B/crops/c83b5539c887d108142b.jpg
m4-071-final-v1,B,8b6557554ceb42a5d533,be3077324d27eff3,SODA-A,1443,234306dbd40e32ee1745eb5430ec401e5d10c0ec36d3d2878d31958e43a559c7,/home/rspip/cqc/pro/study/orientbench/annotation_tools/m4_angle_annotation/annotator_B/crops/8b6557554ceb42a5d533.jpg
m4-071-final-v1,B,a66c2853fe88bb3e1f96,a13704c6a4202608,DIOR-R,1444,43bc9908ea1b779a7ac8483a97dd50d14052de2d38198eae97cbed8a34d6e381,/home/rspip/cqc/pro/study/orientbench/annotation_tools/m4_angle_annotation/annotator_B/crops/a66c2853fe88bb3e1f96.jpg
m4-071-final-v1,B,fa23fede9ba473fc79d4,32576cc9d7693937,FAIR1M-v1.0,1445,514840c531e63bc29174d147b053b546ef7125d8aa4fc765e17aa3773eb76f5e,/home/rspip/cqc/pro/study/orientbench/annotation_tools/m4_angle_annotation/annotator_B/crops/fa23fede9ba473fc79d4.jpg
m4-071-final-v1,B,01da6d0696d45241a11f,28bb4b8256463761,FAIR1M-v1.0,1446,7479ed4e276c04e7fa5b353efb97d424bf72c54972bf78c69238ad410015651a,/home/rspip/cqc/pro/study/orientbench/annotation_tools/m4_angle_annotation/annotator_B/crops/01da6d0696d45241a11f.jpg
m4-071-final-v1,B,1b5e0d20f0253efb2efc,c447c023a2c57d5d,DIOR-R,1447,9fc65929e11866883241b295e6342628c0f740df0c66464bbf376cd4cfb464b1,/home/rspip/cqc/pro/study/orientbench/annotation_tools/m4_angle_annotation/annotator_B/crops/1b5e0d20f0253efb2efc.jpg
m4-071-final-v1,B,577064ba9d8fd555ca13,8a38be9d0d108b48,SODA-A,1448,9d212ea7ac35fa4818511403b9b5c525cc79d99e12c058f888c195d0a43d9687,/home/rspip/cqc/pro/study/orientbench/annotation_tools/m4_angle_annotation/annotator_B/crops/577064ba9d8fd555ca13.jpg
m4-071-final-v1,B,b23f3df9c5832a8d5d46,3362ce09824fc139,FAIR1M-v1.0,1449,c61e9a6e10596b00e79b186ffefda701b6a1aa3db835f1ec79497ae51d2087c4,/home/rspip/cqc/pro/study/orientbench/annotation_tools/m4_angle_annotation/annotator_B/crops/b23f3df9c5832a8d5d46.jpg
m4-071-final-v1,B,63c5ded01925d3e962c6,d0a8ce241eb23b75,DIOR-R,1450,85604cb0f488379fd93608fff7d4c7dfe6d4ef047e8731150e3ea57d8b1a2195,/home/rspip/cqc/pro/study/orientbench/annotation_tools/m4_angle_annotation/annotator_B/crops/63c5ded01925d3e962c6.jpg
m4-071-final-v1,B,eed3e389e17e0c72774c,8b8309d280df56de,FAIR1M-v1.0,1451,538e32a40486af1caad08dded96b28b9634dbe06d852d8002e231acd617a2f16,/home/rspip/cqc/pro/study/orientbench/annotation_tools/m4_angle_annotation/annotator_B/crops/eed3e389e17e0c72774c.jpg
m4-071-final-v1,B,8e7778885289da0f6645,7bd75f237de43dca,SODA-A,1452,61483492d4724dc368102de2dbcfb20be8ea71f27451ef447d2aedf845f8532f,/home/rspip/cqc/pro/study/orientbench/annotation_tools/m4_angle_annotation/annotator_B/crops/8e7778885289da0f6645.jpg
m4-071-final-v1,B,58d8541f7cda58b04830,7e272100c70b3af2,SODA-A,1453,e5fc2bfc84b2d3a828bb2265e67e368d96eed7fbd585c5ef14ed3578d4aa223c,/home/rspip/cqc/pro/study/orientbench/annotation_tools/m4_angle_annotation/annotator_B/crops/58d8541f7cda58b04830.jpg
m4-071-final-v1,B,8505108bb843f7989f0b,0bd16e07b145d62d,DIOR-R,1454,d4bf23fdc93dab65ec138ed769894c2ad606e42b4fe19d94695fc8101108f412,/home/rspip/cqc/pro/study/orientbench/annotation_tools/m4_angle_annotation/annotator_B/crops/8505108bb843f7989f0b.jpg
m4-071-final-v1,B,11018707d0fb31db23ad,91d73e4f2d0063ed,FAIR1M-v1.0,1455,b62e8206a5e22179228996ab10889c10f8a580202108a18ede6ee633eb9be65e,/home/rspip/cqc/pro/study/orientbench/annotation_tools/m4_angle_annotation/annotator_B/crops/11018707d0fb31db23ad.jpg
m4-071-final-v1,B,14bdd76362b99f5bcb52,a1b9387304eccace,FAIR1M-v1.0,1456,845e037a7ed50dda7188fd79483ac428a9bf5925db751a8bc779d0b7996f1e86,/home/rspip/cqc/pro/study/orientbench/annotation_tools/m4_angle_annotation/annotator_B/crops/14bdd76362b99f5bcb52.jpg
m4-071-final-v1,B,177dd6f30e99622f5155,fca20281ab0b6eaa,SODA-A,1457,007970c607c45e0135c23f0e2f34cfe53be055a8f5512fc3dbeb827a4af47d13,/home/rspip/cqc/pro/study/orientbench/annotation_tools/m4_angle_annotation/annotator_B/crops/177dd6f30e99622f5155.jpg
m4-071-final-v1,B,d377623a9915833af532,b6542232d4947f44,SODA-A,1458,1daaf846d8e03e3ff95b20ff91ac8e3fd53aa9dc3da15ca9ed4824b4a9d3d486,/home/rspip/cqc/pro/study/orientbench/annotation_tools/m4_angle_annotation/annotator_B/crops/d377623a9915833af532.jpg
m4-071-final-v1,B,42e3c3caf5cca344835c,4f409942e6e78ef1,FAIR1M-v1.0,1459,49ad24aaf0f35e9aa7c920e4103975c30d099f92b1a57f555f2ebfe5d789de0a,/home/rspip/cqc/pro/study/orientbench/annotation_tools/m4_angle_annotation/annotator_B/crops/42e3c3caf5cca344835c.jpg
m4-071-final-v1,B,773083956f7ace5d891a,67d1358654249942,FAIR1M-v1.0,1460,ab09d3738c0ac75a07c1ecd0c1eb46325a0b44b487cc302052a3b95c11e9e0e8,/home/rspip/cqc/pro/study/orientbench/annotation_tools/m4_angle_annotation/annotator_B/crops/773083956f7ace5d891a.jpg
m4-071-final-v1,B,bf8ccb6d9770d510acbb,9848ffb11c07dcc6,FAIR1M-v1.0,1461,01ceb61fb2e1531872972bc58c40400779c97863e8eaebaac64d6b1010d981e3,/home/rspip/cqc/pro/study/orientbench/annotation_tools/m4_angle_annotation/annotator_B/crops/bf8ccb6d9770d510acbb.jpg
m4-071-final-v1,B,8021802f471f78a06f74,641186c01beb43af,SODA-A,1462,95082e308144bee915c6e9de9aaa09d4b1f67a4ff3360afc83d9d2afacf8f243,/home/rspip/cqc/pro/study/orientbench/annotation_tools/m4_angle_annotation/annotator_B/crops/8021802f471f78a06f74.jpg
m4-071-final-v1,B,65554cf0eaaff290dc27,8643c875c74146b7,SODA-A,1463,40fc14a05d3ddc3f677aecec1ed97f6b677db46771b566ad6a70cf61400feb9f,/home/rspip/cqc/pro/study/orientbench/annotation_tools/m4_angle_annotation/annotator_B/crops/65554cf0eaaff290dc27.jpg
m4-071-final-v1,B,e9ac66ead3895e6bedb2,584c57dd8aed72da,SODA-A,1464,c3f136e23bcf85677c598ba6d3d5beda4a32cb0fce2e6b0078331f5ba3699fb9,/home/rspip/cqc/pro/study/orientbench/annotation_tools/m4_angle_annotation/annotator_B/crops/e9ac66ead3895e6bedb2.jpg
m4-071-final-v1,B,877d6048bc682592ce96,7c74cc46443a6209,FAIR1M-v1.0,1465,2a8f82f81a73fa4359449435024dd31224c9910eb25acd83efe10af32c2c45cd,/home/rspip/cqc/pro/study/orientbench/annotation_tools/m4_angle_annotation/annotator_B/crops/877d6048bc682592ce96.jpg
m4-071-final-v1,B,a1e0d651af8d1e2bb2d6,984d5b9f6f0d5236,SODA-A,1466,63d44519551309a77cab66d1ecdd6bfa17411bc8a0cbe406fa956d3182f3c6f3,/home/rspip/cqc/pro/study/orientbench/annotation_tools/m4_angle_annotation/annotator_B/crops/a1e0d651af8d1e2bb2d6.jpg
m4-071-final-v1,B,09585a1f260d980a1be9,11439b4630100255,FAIR1M-v1.0,1467,6aacc12f4ed93457750c69459c9b7992acd4eac88c56a3d2c56a86ba8e2e3179,/home/rspip/cqc/pro/study/orientbench/annotation_tools/m4_angle_annotation/annotator_B/crops/09585a1f260d980a1be9.jpg
m4-071-final-v1,B,4b16089184c701674973,107b60235366545a,DIOR-R,1468,f0efee7455464b5ed8ae07477328a07e307165820de9467e4f69f074eb11f165,/home/rspip/cqc/pro/study/orientbench/annotation_tools/m4_angle_annotation/annotator_B/crops/4b16089184c701674973.jpg
m4-071-final-v1,B,88282d64c7291641f8df,db48608c74c6068b,SODA-A,1469,9d7530a7376c06ed48ac1a2cf1c188e9b85d36249d3943fb26dbd0e837c30f3f,/home/rspip/cqc/pro/study/orientbench/annotation_tools/m4_angle_annotation/annotator_B/crops/88282d64c7291641f8df.jpg
m4-071-final-v1,B,f45d2c4595890f7ef778,a055b177f341f161,SODA-A,1470,5fb780f3bc4853def51098e64531aada0f5c17474c682313f8ede7d535b1820b,/home/rspip/cqc/pro/study/orientbench/annotation_tools/m4_angle_annotation/annotator_B/crops/f45d2c4595890f7ef778.jpg
m4-071-final-v1,B,d7a1a5e641a5cbcf27f5,a875607650ade784,DIOR-R,1471,3441db9a26d80f39e6063924c0b12e4ed33bfaff6a26833dc6de69a5bce84c4c,/home/rspip/cqc/pro/study/orientbench/annotation_tools/m4_angle_annotation/annotator_B/crops/d7a1a5e641a5cbcf27f5.jpg
m4-071-final-v1,B,6f9bee01187da44da670,8b6930e6cbb1eb75,SODA-A,1472,0c47b0753ddc5493f2622518fbafdfc5c3f83e88ff64f797dbb6a76063ecb11c,/home/rspip/cqc/pro/study/orientbench/annotation_tools/m4_angle_annotation/annotator_B/crops/6f9bee01187da44da670.jpg
m4-071-final-v1,B,4f2e991aeb46b0668438,c51b1ee31d945f3d,FAIR1M-v1.0,1473,e50b25fe828617aacb3159bd40a87f0d806609b44f9c1e001b87deb1a860736a,/home/rspip/cqc/pro/study/orientbench/annotation_tools/m4_angle_annotation/annotator_B/crops/4f2e991aeb46b0668438.jpg
m4-071-final-v1,B,52bcc8398a9ff11a55b0,2cb37ac1a7da2eeb,FAIR1M-v1.0,1474,f44f146c0a2c622b02706b205456ebf6ebfd22b40f7f93c0230740675843fa44,/home/rspip/cqc/pro/study/orientbench/annotation_tools/m4_angle_annotation/annotator_B/crops/52bcc8398a9ff11a55b0.jpg
m4-071-final-v1,B,b00608f729416d2bdc2f,92aaacdf49c5a0df,DIOR-R,1475,cee5b67ebe367700fd56ea09c0e99cb2f1df239cb98a08b8d320c41347dbb3c4,/home/rspip/cqc/pro/study/orientbench/annotation_tools/m4_angle_annotation/annotator_B/crops/b00608f729416d2bdc2f.jpg
m4-071-final-v1,B,01031bc23e5d08297c03,bc0f408d35e2785e,DIOR-R,1476,1c9dfa00e6f8f271bc2e159d102c0096d136b88d9fc90eed972f2c687fba9ce9,/home/rspip/cqc/pro/study/orientbench/annotation_tools/m4_angle_annotation/annotator_B/crops/01031bc23e5d08297c03.jpg
m4-071-final-v1,B,b251d812bb8fc58e9d2f,64b00adeeded4280,FAIR1M-v1.0,1477,2132425e2d1722067005d7b4979af55dc5cdf12602ed6929a35d100c22c6278a,/home/rspip/cqc/pro/study/orientbench/annotation_tools/m4_angle_annotation/annotator_B/crops/b251d812bb8fc58e9d2f.jpg
m4-071-final-v1,B,6f5cf7d8d17be096d16a,95e92090019c743e,FAIR1M-v1.0,1478,a264cf218f7cfec197deaf7ee3cb3f11b25757b9eed690aeb994cfdb8302e059,/home/rspip/cqc/pro/study/orientbench/annotation_tools/m4_angle_annotation/annotator_B/crops/6f5cf7d8d17be096d16a.jpg
m4-071-final-v1,B,eb3141e986c7a246fdd9,84149baf0b692659,FAIR1M-v1.0,1479,eb52d11ca85ba94887866dfe12b9fd3813e54a09adb144b6d79b2e2f58865faf,/home/rspip/cqc/pro/study/orientbench/annotation_tools/m4_angle_annotation/annotator_B/crops/eb3141e986c7a246fdd9.jpg
m4-071-final-v1,B,41b13918a3d17f4f5015,c16bd360139c6868,FAIR1M-v1.0,1480,0578140d9c84c5d25522e96d8416cb11a6fd1f2bf5fef440068118d4ef82dc7a,/home/rspip/cqc/pro/study/orientbench/annotation_tools/m4_angle_annotation/annotator_B/crops/41b13918a3d17f4f5015.jpg
m4-071-final-v1,B,d24b773613d2db3c7118,5e0d788036453514,FAIR1M-v1.0,1481,425db972d175950c8c2da40d3907db0d3d60fcb7cc5be01990fa75f7f1a288a4,/home/rspip/cqc/pro/study/orientbench/annotation_tools/m4_angle_annotation/annotator_B/crops/d24b773613d2db3c7118.jpg
m4-071-final-v1,B,146207edd840a4d207e1,e5629ce928bbbad1,FAIR1M-v1.0,1482,9c1f589719bf3c8c3facdf2153c0bcd854a09368095433e788873394cb9d0331,/home/rspip/cqc/pro/study/orientbench/annotation_tools/m4_angle_annotation/annotator_B/crops/146207edd840a4d207e1.jpg
m4-071-final-v1,B,fc9360932cae6bea469b,315da16412c8d6c9,FAIR1M-v1.0,1483,cd7b8ab088d35b21b6c1b623bbd5daf42f889fd65e85ca28d464c00f3e53885a,/home/rspip/cqc/pro/study/orientbench/annotation_tools/m4_angle_annotation/annotator_B/crops/fc9360932cae6bea469b.jpg
m4-071-final-v1,B,f9a1b83158ea2c199f40,642bfcf6fdaa7b7d,SODA-A,1484,a80a18874ff8eb044f440c8cc31134465964c8661207fbeb5d9cf3ba3ded4eff,/home/rspip/cqc/pro/study/orientbench/annotation_tools/m4_angle_annotation/annotator_B/crops/f9a1b83158ea2c199f40.jpg
m4-071-final-v1,B,e9b1f7c1f0bef4dc5b47,14356e47d25e909a,SODA-A,1485,9491feeacf5af2a0d22afacc22b81a062091bf3b92117f28251f6da9657f80f6,/home/rspip/cqc/pro/study/orientbench/annotation_tools/m4_angle_annotation/annotator_B/crops/e9b1f7c1f0bef4dc5b47.jpg
m4-071-final-v1,B,c38475c4a8f8807a03b3,b250f2bb986091db,SODA-A,1486,0750bc5558a8fbf0a2b1850252e0d7fb57278d95883dedd731f3dac71cfe7ab0,/home/rspip/cqc/pro/study/orientbench/annotation_tools/m4_angle_annotation/annotator_B/crops/c38475c4a8f8807a03b3.jpg
m4-071-final-v1,B,f7b585f034740ec77e74,d73b6a98b1353917,FAIR1M-v1.0,1487,e70bc0f200b1672d7c9224d9e57d2954f1be1b935f52d6747b5cf3add967c3f0,/home/rspip/cqc/pro/study/orientbench/annotation_tools/m4_angle_annotation/annotator_B/crops/f7b585f034740ec77e74.jpg
m4-071-final-v1,B,b338474f4c94946365c7,2b64e0357a91791c,DIOR-R,1488,e68c3898da0a098e00acd714e00670790e60236991ca29e55ef21f012a1e8f26,/home/rspip/cqc/pro/study/orientbench/annotation_tools/m4_angle_annotation/annotator_B/crops/b338474f4c94946365c7.jpg
m4-071-final-v1,B,72891fe9b223337e47fb,39ab1ee346764d87,FAIR1M-v1.0,1489,f176c1bcfa06c48d213f57bfb247ccb065056a1399c637e39d9f6f502eb7c33d,/home/rspip/cqc/pro/study/orientbench/annotation_tools/m4_angle_annotation/annotator_B/crops/72891fe9b223337e47fb.jpg
m4-071-final-v1,B,9895d6c7333c14c5fd66,ef2c72ef25ef5764,DIOR-R,1490,7b434bb0682c4b9d131b5630ff1801a885eaac61de0dbdf247a68474f85e9f69,/home/rspip/cqc/pro/study/orientbench/annotation_tools/m4_angle_annotation/annotator_B/crops/9895d6c7333c14c5fd66.jpg
m4-071-final-v1,B,73a53239f32197016e84,b7d52cf52b84be21,DIOR-R,1491,b15764e8ba59ce6cce66415da89d0c6dad87fa5d2c71c53153a533f187693509,/home/rspip/cqc/pro/study/orientbench/annotation_tools/m4_angle_annotation/annotator_B/crops/73a53239f32197016e84.jpg
m4-071-final-v1,B,acdf6f378b19fc7ce6dd,b6b95a29c29f9472,FAIR1M-v1.0,1492,78eb9d39afe2848d0833bc3fdadee8e4733680cc68a206aa7106b3e6889c1c22,/home/rspip/cqc/pro/study/orientbench/annotation_tools/m4_angle_annotation/annotator_B/crops/acdf6f378b19fc7ce6dd.jpg
m4-071-final-v1,B,56f1f5f8de98f8aeeb9f,40f7ac85305fdf3f,FAIR1M-v1.0,1493,24b2c2c15b17968a6da31d2a217c551f3234b871a8e629e63cd7ff7fc3ba9c4c,/home/rspip/cqc/pro/study/orientbench/annotation_tools/m4_angle_annotation/annotator_B/crops/56f1f5f8de98f8aeeb9f.jpg
m4-071-final-v1,B,bddbeb15484822b46321,6db0d4d2b9482e3f,SODA-A,1494,e8d7274773aa26f757a6d1c5411e37cad4d592e37cb940c1253a84c47bf935c4,/home/rspip/cqc/pro/study/orientbench/annotation_tools/m4_angle_annotation/annotator_B/crops/bddbeb15484822b46321.jpg
m4-071-final-v1,B,3acc55b2a155ffd22517,163d43733201065c,SODA-A,1495,3a28e8fb87e1a1caf7a421f45c7df1045b5048e4a241168bddcc759af00f295f,/home/rspip/cqc/pro/study/orientbench/annotation_tools/m4_angle_annotation/annotator_B/crops/3acc55b2a155ffd22517.jpg
m4-071-final-v1,B,028a1284d807dd1c895f,3d5008c1e3f0e724,SODA-A,1496,ed2b10309f905de6f1f4a8be969adaf7576bbe0b4eb9752456c5197a22abd65b,/home/rspip/cqc/pro/study/orientbench/annotation_tools/m4_angle_annotation/annotator_B/crops/028a1284d807dd1c895f.jpg
m4-071-final-v1,B,68d81aec3b6698b68bcd,320b6a01156fb505,DIOR-R,1497,1e505fbc8071bdb096b831319b5859aa64fa19ae575039a9c2cf295d2b5a5575,/home/rspip/cqc/pro/study/orientbench/annotation_tools/m4_angle_annotation/annotator_B/crops/68d81aec3b6698b68bcd.jpg
m4-071-final-v1,B,44063e72c0f7c25942cc,699b46d5626a7feb,DIOR-R,1498,6bf7b86021c415c9b7da3201cd8c98ec3b9eb250a75ed2b90a929eda2addf675,/home/rspip/cqc/pro/study/orientbench/annotation_tools/m4_angle_annotation/annotator_B/crops/44063e72c0f7c25942cc.jpg
m4-071-final-v1,B,e8d38e84461defa14854,84715f96f90e43ca,SODA-A,1499,e93f49455c78ae9681abff531a986fe0f12a9b0495dcb772505bbaf48d66cf0f,/home/rspip/cqc/pro/study/orientbench/annotation_tools/m4_angle_annotation/annotator_B/crops/e8d38e84461defa14854.jpg
m4-071-final-v1,B,1e5cadc430302fdb4a36,37f9dc1e0cef633d,SODA-A,1500,8eb3f5078d9215847893adfd5fda067f2dec82162b3f59f7ba1885ef50d1d6f6,/home/rspip/cqc/pro/study/orientbench/annotation_tools/m4_angle_annotation/annotator_B/crops/1e5cadc430302fdb4a36.jpg
