anon_id,dataset,image_id,pred_id,matched_gt_class,matched_gt_area_px2,matched_gt_size_bin,matched_gt_aspect_ratio,matched_gt_ar_bin,formal_ar21_eligible,formal_stratum,formal_geometry_source,formal_class_source,locator_geometry_source,source_image_path,source_image_sha256,image_width,image_height,locator_cx,locator_cy,locator_box_xmin,locator_box_ymin,locator_box_xmax,locator_box_ymax,crop_xmin,crop_ymin,crop_xmax,crop_ymax,crop_relpath,crop_sha256,source_record_path,source_record_sha256,source_record_line,sampling_seed,sampling_rank
f40dec08970cd145,SODA-A,02205__800__1200___1800,15,small-vehicle,213.8253,small,2.148478,ar>=2.1,True,small-vehicle|small|ar>=2.1,matched_GT_box_nonangular,matched_GT_class_via_class_constrained_match,matched_prediction_box_nonangular,/home/rspip/cqc/data/dataset/SODA-A/dota_format_tiled_ss/val_tiled/images/02205__800__1200___1800.jpg,365681f9345b7f949aae030dad83debb709c9307cd82ec7bf525e9d88550b96b,800,800,176.36,555.98,152.36,531.98,200.36,579.98,128,507,225,604,crops/f40dec08970cd145.jpg,dcc4ef44b5761fda1575a9450852ec891da27f44be841f13cbf4cc5d196d9508,/home/rspip/cqc/pro/study/orientbench/outputs/persistent_artifacts/m069_fullval_reliability/E/matched_fullval.jsonl,337470223fae218aa2969ae8f974a447e6666d22f02830a7a933ea3dadbd72c9,146428,20460718,25
de90cb4b4416059a,DIOR-R,20145,0,windmill,838.0276,small,1.483254,ar<1.6,False,windmill|small|ar<1.6,matched_GT_box_nonangular,matched_GT_class_via_class_constrained_match,matched_prediction_box_nonangular,/home/rspip/cqc/data/dataset/DIOR/images/test/20145.jpg,f3d39f459f0936556fb5c59ee7a022da657a2fb54d3b637a979bcbe5e115d9fd,800,800,296.93,123.76,272.93,99.76,320.93,147.76,248,75,345,172,crops/de90cb4b4416059a.jpg,5e6b906f8a17ef90b1854223e8a8e45837a0765853df6af44819288760f393f0,/home/rspip/cqc/pro/study/orientbench/outputs/persistent_artifacts/m069_fullval_reliability/A/matched_fullval.jsonl,00e554fbc45dfd6ab0d964800920e101411bc2ee1e218f575a0eafcfde63761e,25266,20260712,414
c4d20ad458504721,FAIR1M-v1.0,10663__1024__0___0,22,A220,4821.7807,medium,1.229426,ar<1.6,False,A220|medium|ar<1.6,matched_GT_box_nonangular,matched_GT_class_via_class_constrained_match,matched_prediction_box_nonangular,/home/rspip/cqc/data/dataset/fair1m1.0/split/val_20/images/10663__1024__0___0.png,8368a0ac1d4f3e32dbf6e14b7636a59b29ca2cb96650121edd74cee7b32ad272,1024,1024,535.32,292.49,491.87,249.03,578.78,335.94,464,221,607,364,crops/c4d20ad458504721.jpg,1ab86596be274aebdb7973d1a06ff9167a927bfa1a7e8143571c9d8007707465,/home/rspip/cqc/pro/study/orientbench/outputs/persistent_artifacts/m069_fullval_reliability/D/matched_fullval.jsonl,fe2c0b3690e12793f898c0c7a5ce100806567e39f4b3671e9b1e2af5fb8c3bbf,40236,20360715,89
a89cf4600ea3593a,DIOR-R,21246,7,vehicle,90.0,small,2.5,ar>=2.1,True,vehicle|small|ar>=2.1,matched_GT_box_nonangular,matched_GT_class_via_class_constrained_match,matched_prediction_box_nonangular,/home/rspip/cqc/data/dataset/DIOR/images/test/21246.jpg,050423b7c2a33687e108d2b0f0faafbf0280f25e40e5fee17c4626a135014724,800,800,238.28,31.74,214.28,7.74,262.28,55.74,190,0,287,80,crops/a89cf4600ea3593a.jpg,e2f449603b8d25d69b505b3e55b6edceb93b09b697de7f1c44d1e4f59da14d74,/home/rspip/cqc/pro/study/orientbench/outputs/persistent_artifacts/m069_fullval_reliability/A/matched_fullval.jsonl,00e554fbc45dfd6ab0d964800920e101411bc2ee1e218f575a0eafcfde63761e,28132,20260712,87
c0cdb92976514558,SODA-A,02107__800__3600___600,17,small-vehicle,215.4455,small,2.108089,ar>=2.1,True,small-vehicle|small|ar>=2.1,matched_GT_box_nonangular,matched_GT_class_via_class_constrained_match,matched_prediction_box_nonangular,/home/rspip/cqc/data/dataset/SODA-A/dota_format_tiled_ss/val_tiled/images/02107__800__3600___600.jpg,ba371599ed9024b3329c7e7a0790387d61c1094cd582fe0082761d96ce68c5cd,800,800,688.05,40.54,664.05,16.54,712.05,64.54,640,0,737,89,crops/c0cdb92976514558.jpg,5dcbdc3847c99d10d26c868e1f2d091afa31b66928ea4b6d6b3b14fa0eaa6d7c,/home/rspip/cqc/pro/study/orientbench/outputs/persistent_artifacts/m069_fullval_reliability/E/matched_fullval.jsonl,337470223fae218aa2969ae8f974a447e6666d22f02830a7a933ea3dadbd72c9,242315,20460718,103
7b6727eb1343ba4f,FAIR1M-v1.0,4618__1024__0___0,254,Van,171.0,small,2.111111,ar>=2.1,True,Van|small|ar>=2.1,matched_GT_box_nonangular,matched_GT_class_via_class_constrained_match,matched_prediction_box_nonangular,/home/rspip/cqc/data/dataset/fair1m1.0/split/val_20/images/4618__1024__0___0.png,888b3c49a46ccec6a1e881376391a9c7af4245c1c11e83b8d13f546a72d8ce9a,1024,1024,366.76,41.99,342.76,17.99,390.76,65.99,318,0,415,90,crops/7b6727eb1343ba4f.jpg,a5406084b844fe4b3342605b221b838895ceef4f0ea044b9c568ff21f0bbfdae,/home/rspip/cqc/pro/study/orientbench/outputs/persistent_artifacts/m069_fullval_reliability/D/matched_fullval.jsonl,fe2c0b3690e12793f898c0c7a5ce100806567e39f4b3671e9b1e2af5fb8c3bbf,23985,20360715,49
77b9703a651e2995,SODA-A,02289__800__1800___600,473,small-vehicle,54.225,small,1.672316,1.6<=ar<2.1,False,small-vehicle|small|1.6<=ar<2.1,matched_GT_box_nonangular,matched_GT_class_via_class_constrained_match,matched_prediction_box_nonangular,/home/rspip/cqc/data/dataset/SODA-A/dota_format_tiled_ss/val_tiled/images/02289__800__1800___600.jpg,9137ea1607f218c76367c46e4f9dbb5ff669541d1ef57ebd64a275be8138833c,800,800,289.72,516.54,265.72,492.54,313.72,540.54,241,468,338,565,crops/77b9703a651e2995.jpg,ef6180a70cd554c6aa224d9bc68beb5a441da5fabc21eb44ec318b7ed62681ac,/home/rspip/cqc/pro/study/orientbench/outputs/persistent_artifacts/m069_fullval_reliability/E/matched_fullval.jsonl,337470223fae218aa2969ae8f974a447e6666d22f02830a7a933ea3dadbd72c9,306327,20460718,341
0d1772ab77c27577,SODA-A,02424__800__600___0,141,small-vehicle,50.8317,small,2.226309,ar>=2.1,True,small-vehicle|small|ar>=2.1,matched_GT_box_nonangular,matched_GT_class_via_class_constrained_match,matched_prediction_box_nonangular,/home/rspip/cqc/data/dataset/SODA-A/dota_format_tiled_ss/val_tiled/images/02424__800__600___0.jpg,110f3b469cf8689c5bd35cb19fe73d64adde0ec4cd4630ae8b781fcb6530cff9,800,800,70.07,388.78,46.07,364.78,94.07,412.78,22,340,119,437,crops/0d1772ab77c27577.jpg,46f240e9822a6d2779b3e737a028f0c5e6dbac2ac48e09c651dbd76619c8e4a8,/home/rspip/cqc/pro/study/orientbench/outputs/persistent_artifacts/m069_fullval_reliability/E/matched_fullval.jsonl,337470223fae218aa2969ae8f974a447e6666d22f02830a7a933ea3dadbd72c9,10180,20460718,293
b293c1b40edf40fc,FAIR1M-v1.0,16139__1024__0___0,41,Van,87.0,small,3.0,ar>=2.1,True,Van|small|ar>=2.1,matched_GT_box_nonangular,matched_GT_class_via_class_constrained_match,matched_prediction_box_nonangular,/home/rspip/cqc/data/dataset/fair1m1.0/split/val_20/images/16139__1024__0___0.png,e7135e573bc99c04c642d24b73d7e8c7d704f2ae7b559dd2e4d8fccaa05549ff,1024,1024,601.19,979.76,577.19,955.76,625.19,1003.76,553,931,650,1024,crops/b293c1b40edf40fc.jpg,09958a62052a6477ade4e85ad12f9327f2be9039a7493c7b5505bf7c92529bb7,/home/rspip/cqc/pro/study/orientbench/outputs/persistent_artifacts/m069_fullval_reliability/D/matched_fullval.jsonl,fe2c0b3690e12793f898c0c7a5ce100806567e39f4b3671e9b1e2af5fb8c3bbf,14185,20360715,368
d86f87aaf790b25f,DIOR-R,23300,2,overpass,17637.2678,large,4.078014,ar>=2.1,True,overpass|large|ar>=2.1,matched_GT_box_nonangular,matched_GT_class_via_class_constrained_match,matched_prediction_box_nonangular,/home/rspip/cqc/data/dataset/DIOR/images/test/23300.jpg,324f355fb51032391c0441822705dd8b3e71364855c89709b766a68310e985ff,800,800,552.87,522.8,434.48,404.4,671.27,641.19,359,329,747,717,crops/d86f87aaf790b25f.jpg,f0602125ca226bc9d2c3c2f772f447cf4fd5373a078b34dcb58aeba20a72ff62,/home/rspip/cqc/pro/study/orientbench/outputs/persistent_artifacts/m069_fullval_reliability/A/matched_fullval.jsonl,00e554fbc45dfd6ab0d964800920e101411bc2ee1e218f575a0eafcfde63761e,18890,20260712,480
e311483df06e7d2a,SODA-A,00967__800__600___600,335,small-vehicle,254.8723,small,2.418968,ar>=2.1,True,small-vehicle|small|ar>=2.1,matched_GT_box_nonangular,matched_GT_class_via_class_constrained_match,matched_prediction_box_nonangular,/home/rspip/cqc/data/dataset/SODA-A/dota_format_tiled_ss/val_tiled/images/00967__800__600___600.jpg,413c268c4f5a9372a31ededdd5f220d3dfb67b705947d2d84c2fad6623905d0e,800,800,371.0,308.09,347.0,284.09,395.0,332.09,323,260,420,357,crops/e311483df06e7d2a.jpg,1373d26f23b2b083d882cbb50ac7ecc58b28c911ef4dcbd7b27a1fcd6bc6adfc,/home/rspip/cqc/pro/study/orientbench/outputs/persistent_artifacts/m069_fullval_reliability/E/matched_fullval.jsonl,337470223fae218aa2969ae8f974a447e6666d22f02830a7a933ea3dadbd72c9,289197,20460718,352
4f409942e6e78ef1,FAIR1M-v1.0,5879__1024__2976___824,0,A330,13246.5567,large,1.066475,ar<1.6,False,A330|large|ar<1.6,matched_GT_box_nonangular,matched_GT_class_via_class_constrained_match,matched_prediction_box_nonangular,/home/rspip/cqc/data/dataset/fair1m1.0/split/val_20/images/5879__1024__2976___824.png,d2187db54471c49df73180190bb5cdca8443ad4907052fa985510a4f8c0ac008,1024,1024,728.51,83.42,665.49,20.39,791.54,146.44,625,0,832,187,crops/4f409942e6e78ef1.jpg,49ad24aaf0f35e9aa7c920e4103975c30d099f92b1a57f555f2ebfe5d789de0a,/home/rspip/cqc/pro/study/orientbench/outputs/persistent_artifacts/m069_fullval_reliability/D/matched_fullval.jsonl,fe2c0b3690e12793f898c0c7a5ce100806567e39f4b3671e9b1e2af5fb8c3bbf,38888,20360715,253
5194bfa04a6202a4,SODA-A,02090__800__3000___1800,4,airplane,433.9543,small,1.207138,ar<1.6,False,airplane|small|ar<1.6,matched_GT_box_nonangular,matched_GT_class_via_class_constrained_match,matched_prediction_box_nonangular,/home/rspip/cqc/data/dataset/SODA-A/dota_format_tiled_ss/val_tiled/images/02090__800__3000___1800.jpg,f9c536bcf801d7d866470dc4265e8e8bf97abefeaac790ae933c068970482429,800,800,436.92,106.25,412.92,82.25,460.92,130.25,388,58,485,155,crops/5194bfa04a6202a4.jpg,bde5e7ef9f044073c997540f2823582fdaf3f2a107f309b828eac7a89b8db68a,/home/rspip/cqc/pro/study/orientbench/outputs/persistent_artifacts/m069_fullval_reliability/E/matched_fullval.jsonl,337470223fae218aa2969ae8f974a447e6666d22f02830a7a933ea3dadbd72c9,285139,20460718,18
1de55bc77d620236,SODA-A,01044__800__1800___1800,66,small-vehicle,148.1836,small,2.339297,ar>=2.1,True,small-vehicle|small|ar>=2.1,matched_GT_box_nonangular,matched_GT_class_via_class_constrained_match,matched_prediction_box_nonangular,/home/rspip/cqc/data/dataset/SODA-A/dota_format_tiled_ss/val_tiled/images/01044__800__1800___1800.jpg,00142c3672ad2dfcd0b960d66d607aa711158ebe867f9d92181e7ff190d98bfa,800,800,723.88,449.52,699.88,425.52,747.88,473.52,675,401,772,498,crops/1de55bc77d620236.jpg,2af272b1759c0bd3593f235117478c02f2ae426d12b2d2138489ee5f1a5341df,/home/rspip/cqc/pro/study/orientbench/outputs/persistent_artifacts/m069_fullval_reliability/E/matched_fullval.jsonl,337470223fae218aa2969ae8f974a447e6666d22f02830a7a933ea3dadbd72c9,194364,20460718,147
723c03c38b33af82,FAIR1M-v1.0,8129__1024__0___0,8,Tennis Court,365.7825,small,2.251429,ar>=2.1,True,Tennis Court|small|ar>=2.1,matched_GT_box_nonangular,matched_GT_class_via_class_constrained_match,matched_prediction_box_nonangular,/home/rspip/cqc/data/dataset/fair1m1.0/split/val_20/images/8129__1024__0___0.png,11d9aa5fdf57be9ae54750ce585f6d2d471bf9bc9b3ac5d2c7da93a605cab277,1024,1024,457.63,125.77,433.63,101.77,481.63,149.77,409,77,506,174,crops/723c03c38b33af82.jpg,95cb63011a3b4871d3e6375874572ba40d56432bfff0916f9908519b17989837,/home/rspip/cqc/pro/study/orientbench/outputs/persistent_artifacts/m069_fullval_reliability/D/matched_fullval.jsonl,fe2c0b3690e12793f898c0c7a5ce100806567e39f4b3671e9b1e2af5fb8c3bbf,50990,20360715,79
0cace1b3fad0745d,FAIR1M-v1.0,8593__1024__0___0,101,Small Car,120.3025,small,1.771186,1.6<=ar<2.1,False,Small Car|small|1.6<=ar<2.1,matched_GT_box_nonangular,matched_GT_class_via_class_constrained_match,matched_prediction_box_nonangular,/home/rspip/cqc/data/dataset/fair1m1.0/split/val_20/images/8593__1024__0___0.png,3b33f8fb2abc5a22bb54fc5d7ac753bf034d116428a1a268a79deeb04789cde6,1024,1024,334.05,168.95,310.05,144.95,358.05,192.95,286,120,383,217,crops/0cace1b3fad0745d.jpg,2be37082b3912764ea2078d00764fe110dc7354b8ed1f55200976455497343d7,/home/rspip/cqc/pro/study/orientbench/outputs/persistent_artifacts/m069_fullval_reliability/D/matched_fullval.jsonl,fe2c0b3690e12793f898c0c7a5ce100806567e39f4b3671e9b1e2af5fb8c3bbf,37938,20360715,351
a3c5251924922cf5,DIOR-R,16742,38,ship,481.0,small,2.846154,ar>=2.1,True,ship|small|ar>=2.1,matched_GT_box_nonangular,matched_GT_class_via_class_constrained_match,matched_prediction_box_nonangular,/home/rspip/cqc/data/dataset/DIOR/images/test/16742.jpg,08634c9abe44344ea32a9e029dbff3c2cd98a7fb8e8d58306fb6105350809944,800,800,282.91,361.89,258.91,337.89,306.91,385.89,234,313,331,410,crops/a3c5251924922cf5.jpg,d1a89cd0f9ac6e8498aac56f03d58012b8c404a3307a5f872e1e8aed2a8e47fe,/home/rspip/cqc/pro/study/orientbench/outputs/persistent_artifacts/m069_fullval_reliability/A/matched_fullval.jsonl,00e554fbc45dfd6ab0d964800920e101411bc2ee1e218f575a0eafcfde63761e,34564,20260712,188
288f51ddbddbf5a7,DIOR-R,21380,7,stadium,104832.0,large,1.263889,ar<1.6,False,stadium|large|ar<1.6,matched_GT_box_nonangular,matched_GT_class_via_class_constrained_match,matched_prediction_box_nonangular,/home/rspip/cqc/data/dataset/DIOR/images/test/21380.jpg,c77262745ba3efd55aff94930584edbb68fae741c572e211acc727059400f96d,800,800,186.27,406.72,0.0,214.54,378.45,598.91,0,92,501,722,crops/288f51ddbddbf5a7.jpg,347aae210f1c0acb3240443fb8bc04d12f53ae175b2513c92bc42f5c2566d20f,/home/rspip/cqc/pro/study/orientbench/outputs/persistent_artifacts/m069_fullval_reliability/A/matched_fullval.jsonl,00e554fbc45dfd6ab0d964800920e101411bc2ee1e218f575a0eafcfde63761e,30055,20260712,437
f32d82fc6178eefd,FAIR1M-v1.0,15863__1024__0___0,13,Van,132.0,small,3.666667,ar>=2.1,True,Van|small|ar>=2.1,matched_GT_box_nonangular,matched_GT_class_via_class_constrained_match,matched_prediction_box_nonangular,/home/rspip/cqc/data/dataset/fair1m1.0/split/val_20/images/15863__1024__0___0.png,76b3210fd73a5f29c673645573d7cf52cb5fed68c5a28b41c01da2306b3c0795,1024,1024,308.43,489.2,284.43,465.2,332.43,513.2,260,441,357,538,crops/f32d82fc6178eefd.jpg,5f366bcb2dd488cc4c30bac073ef2dbb393f1efa69d5ffdafb8e2fd64f686392,/home/rspip/cqc/pro/study/orientbench/outputs/persistent_artifacts/m069_fullval_reliability/D/matched_fullval.jsonl,fe2c0b3690e12793f898c0c7a5ce100806567e39f4b3671e9b1e2af5fb8c3bbf,50515,20360715,339
eaf48c88ebfb165a,SODA-A,00226__800__3600___1200,64,container,601.0462,small,4.395289,ar>=2.1,True,container|small|ar>=2.1,matched_GT_box_nonangular,matched_GT_class_via_class_constrained_match,matched_prediction_box_nonangular,/home/rspip/cqc/data/dataset/SODA-A/dota_format_tiled_ss/val_tiled/images/00226__800__3600___1200.jpg,90ffb6a5d617b417edc821d24985de99d623cdc0397387ad4ec4fb2669e3c38d,800,800,665.82,358.77,638.22,331.16,693.43,386.37,617,310,714,407,crops/eaf48c88ebfb165a.jpg,fe1dfd4e2c842e1edd4a5913eaf64020aadc20ad51710800dee916052d882320,/home/rspip/cqc/pro/study/orientbench/outputs/persistent_artifacts/m069_fullval_reliability/E/matched_fullval.jsonl,337470223fae218aa2969ae8f974a447e6666d22f02830a7a933ea3dadbd72c9,199741,20460718,263
5fd9d7cd9c127c6d,DIOR-R,22785,8,storagetank,837.0,small,1.148148,ar<1.6,False,storagetank|small|ar<1.6,matched_GT_box_nonangular,matched_GT_class_via_class_constrained_match,matched_prediction_box_nonangular,/home/rspip/cqc/data/dataset/DIOR/images/test/22785.jpg,41d8ad89a7d5c099b53f0c73aa018c29a880b7a99d482f6707cda20b490050c5,800,800,288.83,324.29,264.83,300.29,312.83,348.29,240,276,337,373,crops/5fd9d7cd9c127c6d.jpg,3846b13137de2ed4ba247c8c0857546bda80c405289555ecbfb062967220be54,/home/rspip/cqc/pro/study/orientbench/outputs/persistent_artifacts/m069_fullval_reliability/A/matched_fullval.jsonl,00e554fbc45dfd6ab0d964800920e101411bc2ee1e218f575a0eafcfde63761e,2958,20260712,356
33a321411f60ec65,FAIR1M-v1.0,7030__1024__0___0,4,Van,122.0,small,2.0,1.6<=ar<2.1,False,Van|small|1.6<=ar<2.1,matched_GT_box_nonangular,matched_GT_class_via_class_constrained_match,matched_prediction_box_nonangular,/home/rspip/cqc/data/dataset/fair1m1.0/split/val_20/images/7030__1024__0___0.png,e86587c7c83065e6395a49ecf5c0f5846fe1ea336bd3fd3be6472ed8553b23d1,1024,1024,195.54,128.6,171.54,104.6,219.54,152.6,147,80,244,177,crops/33a321411f60ec65.jpg,f614b4796b888b8d1b18c53a3545363349faafb905a1a5bd2cdea8a9d8830958,/home/rspip/cqc/pro/study/orientbench/outputs/persistent_artifacts/m069_fullval_reliability/D/matched_fullval.jsonl,fe2c0b3690e12793f898c0c7a5ce100806567e39f4b3671e9b1e2af5fb8c3bbf,4892,20360715,65
a8bb8cd356785bbc,SODA-A,02512__800__3600___1200,52,container,228.535,small,4.631965,ar>=2.1,True,container|small|ar>=2.1,matched_GT_box_nonangular,matched_GT_class_via_class_constrained_match,matched_prediction_box_nonangular,/home/rspip/cqc/data/dataset/SODA-A/dota_format_tiled_ss/val_tiled/images/02512__800__3600___1200.jpg,628b8ba45bb3d5327c09ca90550e1f7012a70530df9f994be2934239a71b217c,800,800,62.23,156.11,38.23,132.11,86.23,180.11,14,108,111,205,crops/a8bb8cd356785bbc.jpg,28b7a25ac1952789f06bcb5782898bb503db73279559023357ab06891e34ecb2,/home/rspip/cqc/pro/study/orientbench/outputs/persistent_artifacts/m069_fullval_reliability/E/matched_fullval.jsonl,337470223fae218aa2969ae8f974a447e6666d22f02830a7a933ea3dadbd72c9,75157,20460718,92
07162e17e6c3507f,DIOR-R,18126,40,storagetank,418.0,small,1.157895,ar<1.6,False,storagetank|small|ar<1.6,matched_GT_box_nonangular,matched_GT_class_via_class_constrained_match,matched_prediction_box_nonangular,/home/rspip/cqc/data/dataset/DIOR/images/test/18126.jpg,432ac7a3ad9e924034e498b47a3723abc9ae03162326267f6cadcd06a997aafe,800,800,105.78,605.83,81.78,581.83,129.78,629.83,57,557,154,654,crops/07162e17e6c3507f.jpg,30bb7171488115a8e4546073f82bf8b64f4bf4db1e5ae961c8c666cbb45b9b2e,/home/rspip/cqc/pro/study/orientbench/outputs/persistent_artifacts/m069_fullval_reliability/A/matched_fullval.jsonl,00e554fbc45dfd6ab0d964800920e101411bc2ee1e218f575a0eafcfde63761e,23780,20260712,462
3221770800266275,DIOR-R,16638,34,ship,1044.9996,medium,2.894737,ar>=2.1,True,ship|medium|ar>=2.1,matched_GT_box_nonangular,matched_GT_class_via_class_constrained_match,matched_prediction_box_nonangular,/home/rspip/cqc/data/dataset/DIOR/images/test/16638.jpg,89e83b181d067eb1d76515f7bb35dfb3cdfa12da3ec101881cbfc3a2c05f2d32,800,800,742.92,316.05,711.26,284.39,774.59,347.72,691,264,795,368,crops/3221770800266275.jpg,85e16895e916865053c707f7666e0ce1494fce21e5939154f0a8209b9deda8dc,/home/rspip/cqc/pro/study/orientbench/outputs/persistent_artifacts/m069_fullval_reliability/A/matched_fullval.jsonl,00e554fbc45dfd6ab0d964800920e101411bc2ee1e218f575a0eafcfde63761e,57204,20260712,130
4a9947d785108f07,FAIR1M-v1.0,5920__1024__0___0,30,Engineering Ship,1128.584,medium,3.053763,ar>=2.1,True,Engineering Ship|medium|ar>=2.1,matched_GT_box_nonangular,matched_GT_class_via_class_constrained_match,matched_prediction_box_nonangular,/home/rspip/cqc/data/dataset/fair1m1.0/split/val_20/images/5920__1024__0___0.png,878bc2731d52f0d889b07c5138c5b845032ff7dbb11c64d21d341c2916fad849,1024,1024,653.29,697.18,619.17,663.06,687.41,731.3,597,641,710,754,crops/4a9947d785108f07.jpg,dd136465c72c63527e8fe545164368aced30d8a721b75d8be0282aadbe5e1122,/home/rspip/cqc/pro/study/orientbench/outputs/persistent_artifacts/m069_fullval_reliability/D/matched_fullval.jsonl,fe2c0b3690e12793f898c0c7a5ce100806567e39f4b3671e9b1e2af5fb8c3bbf,27053,20360715,321
f2c8a4b09c851efe,FAIR1M-v1.0,1831__1024__0___0,1,other-airplane,2498.2158,medium,2.328508,ar>=2.1,True,other-airplane|medium|ar>=2.1,matched_GT_box_nonangular,matched_GT_class_via_class_constrained_match,matched_prediction_box_nonangular,/home/rspip/cqc/data/dataset/fair1m1.0/split/val_20/images/1831__1024__0___0.png,0ee794b78f29f7663f4ce8297c0ecbaae27f0cdaa8dc3bbbdd099f11d48e2853,1024,1024,461.36,277.73,424.95,241.31,497.78,314.14,401,218,521,338,crops/f2c8a4b09c851efe.jpg,9426ac6a7469d008849706852ed5fc270c74b0d3d6325c8c0515394e8224b01e,/home/rspip/cqc/pro/study/orientbench/outputs/persistent_artifacts/m069_fullval_reliability/D/matched_fullval.jsonl,fe2c0b3690e12793f898c0c7a5ce100806567e39f4b3671e9b1e2af5fb8c3bbf,44397,20360715,266
feb5caf3d3e64867,DIOR-R,15607,10,airplane,9600.9988,large,1.041246,ar<1.6,False,airplane|large|ar<1.6,matched_GT_box_nonangular,matched_GT_class_via_class_constrained_match,matched_prediction_box_nonangular,/home/rspip/cqc/data/dataset/DIOR/images/test/15607.jpg,94deb882b90f4f77cfd8d241afada62a1295947455eb5b4b0c1846d6669a1c0f,800,800,691.62,105.31,636.05,49.74,747.19,160.88,600,14,783,197,crops/feb5caf3d3e64867.jpg,7f6d69a263374646b2c82c41e158cf685b1bbfff580ffac05d501859d7e02cd8,/home/rspip/cqc/pro/study/orientbench/outputs/persistent_artifacts/m069_fullval_reliability/A/matched_fullval.jsonl,00e554fbc45dfd6ab0d964800920e101411bc2ee1e218f575a0eafcfde63761e,52292,20260712,340
c9233d68e261e3b4,SODA-A,00283__800__1200___1974,384,small-vehicle,148.8315,small,2.106652,ar>=2.1,True,small-vehicle|small|ar>=2.1,matched_GT_box_nonangular,matched_GT_class_via_class_constrained_match,matched_prediction_box_nonangular,/home/rspip/cqc/data/dataset/SODA-A/dota_format_tiled_ss/val_tiled/images/00283__800__1200___1974.jpg,6282e494de138b5711ac72c71b0d3df8ef2644a5538a40ef25320e4807569395,800,800,185.18,173.84,161.18,149.84,209.18,197.84,137,125,234,222,crops/c9233d68e261e3b4.jpg,d56967f3ca93331ec2e6b7d1eb4e965b7f5e449a6d7ce1d453d71717eb610768,/home/rspip/cqc/pro/study/orientbench/outputs/persistent_artifacts/m069_fullval_reliability/E/matched_fullval.jsonl,337470223fae218aa2969ae8f974a447e6666d22f02830a7a933ea3dadbd72c9,91071,20460718,455
b63fcacbf4d7618a,SODA-A,00231__800__0___600,177,small-vehicle,66.2312,small,2.435835,ar>=2.1,True,small-vehicle|small|ar>=2.1,matched_GT_box_nonangular,matched_GT_class_via_class_constrained_match,matched_prediction_box_nonangular,/home/rspip/cqc/data/dataset/SODA-A/dota_format_tiled_ss/val_tiled/images/00231__800__0___600.jpg,d71852a36b47b92632c30f4fa02a05b4037b66d1688a6cba262dd543026cf6bc,800,800,750.96,602.53,726.96,578.53,774.96,626.53,702,554,799,651,crops/b63fcacbf4d7618a.jpg,695f50d096f9436689c5fcfcb134524ff0268642df8214e4c8e5465d941573c4,/home/rspip/cqc/pro/study/orientbench/outputs/persistent_artifacts/m069_fullval_reliability/E/matched_fullval.jsonl,337470223fae218aa2969ae8f974a447e6666d22f02830a7a933ea3dadbd72c9,26806,20460718,29
02228204dc184fe1,SODA-A,01693__800__2400___1200,64,container,555.063,small,5.18405,ar>=2.1,True,container|small|ar>=2.1,matched_GT_box_nonangular,matched_GT_class_via_class_constrained_match,matched_prediction_box_nonangular,/home/rspip/cqc/data/dataset/SODA-A/dota_format_tiled_ss/val_tiled/images/01693__800__2400___1200.jpg,553442d829f26f53b8cd8b0902596bf8e06437208b8a9927b00d2fc44b76aadc,800,800,726.76,47.88,696.07,17.18,757.46,78.57,676,0,777,99,crops/02228204dc184fe1.jpg,aad290bf94ec3382715b94817f12783a00e7e73e482eabd8ad902a2490195762,/home/rspip/cqc/pro/study/orientbench/outputs/persistent_artifacts/m069_fullval_reliability/E/matched_fullval.jsonl,337470223fae218aa2969ae8f974a447e6666d22f02830a7a933ea3dadbd72c9,133706,20460718,441
7c0ce9f37923b317,DIOR-R,17572,43,vehicle,78.0,small,2.166667,ar>=2.1,True,vehicle|small|ar>=2.1,matched_GT_box_nonangular,matched_GT_class_via_class_constrained_match,matched_prediction_box_nonangular,/home/rspip/cqc/data/dataset/DIOR/images/test/17572.jpg,b9daa490befb68be54a772cd3965efb62911080740c9080f1bd50ab6b4392121,800,800,519.16,580.88,495.16,556.88,543.16,604.88,471,532,568,629,crops/7c0ce9f37923b317.jpg,94814f5a98b9ab562662487e1ae970c57833955f29ce904756889b08978d9a41,/home/rspip/cqc/pro/study/orientbench/outputs/persistent_artifacts/m069_fullval_reliability/A/matched_fullval.jsonl,00e554fbc45dfd6ab0d964800920e101411bc2ee1e218f575a0eafcfde63761e,54830,20260712,153
a1313131cfd28701,SODA-A,01251__800__2400___0,116,ship,234.1706,small,2.65519,ar>=2.1,True,ship|small|ar>=2.1,matched_GT_box_nonangular,matched_GT_class_via_class_constrained_match,matched_prediction_box_nonangular,/home/rspip/cqc/data/dataset/SODA-A/dota_format_tiled_ss/val_tiled/images/01251__800__2400___0.jpg,5c81366b139841b0b0b7cf04e8dac81cba556f690fbccf437dc29bfb25b75b24,800,800,406.71,533.69,382.71,509.69,430.71,557.69,358,485,455,582,crops/a1313131cfd28701.jpg,7cdbfd4e5495c91064c34b505a70539ec4989d700e30d5833b8c2ae36f6ff8f0,/home/rspip/cqc/pro/study/orientbench/outputs/persistent_artifacts/m069_fullval_reliability/E/matched_fullval.jsonl,337470223fae218aa2969ae8f974a447e6666d22f02830a7a933ea3dadbd72c9,43686,20460718,396
23c974432a46c2ee,DIOR-R,15947,3,tenniscourt,4405.3065,medium,2.091797,1.6<=ar<2.1,False,tenniscourt|medium|1.6<=ar<2.1,matched_GT_box_nonangular,matched_GT_class_via_class_constrained_match,matched_prediction_box_nonangular,/home/rspip/cqc/data/dataset/DIOR/images/test/15947.jpg,abc9798be146a088684265a317a9f183e3e30a970581fce0a6c7cbf4ca4f6d1c,800,800,403.73,397.4,349.44,343.11,458.03,451.7,314,308,493,487,crops/23c974432a46c2ee.jpg,b631c687fc1cbef9dc644dd0915d01a7652a43fe7e58bc5ee73fbd5796112165,/home/rspip/cqc/pro/study/orientbench/outputs/persistent_artifacts/m069_fullval_reliability/A/matched_fullval.jsonl,00e554fbc45dfd6ab0d964800920e101411bc2ee1e218f575a0eafcfde63761e,45632,20260712,94
0e32f801ec4375de,FAIR1M-v1.0,1135__1024__0___0,91,Small Car,244.0,small,2.44,ar>=2.1,True,Small Car|small|ar>=2.1,matched_GT_box_nonangular,matched_GT_class_via_class_constrained_match,matched_prediction_box_nonangular,/home/rspip/cqc/data/dataset/fair1m1.0/split/val_20/images/1135__1024__0___0.png,faca54a9ef0a998eea82bad5d40190f814e203a127b1123bb7ed6e6d320eca6f,1024,1024,987.48,479.09,963.48,455.09,1011.48,503.09,939,431,1024,528,crops/0e32f801ec4375de.jpg,9fbbeba74c00598a625d7e9941ecea8f2e16ad13a8f7244e203ce5188b378451,/home/rspip/cqc/pro/study/orientbench/outputs/persistent_artifacts/m069_fullval_reliability/D/matched_fullval.jsonl,fe2c0b3690e12793f898c0c7a5ce100806567e39f4b3671e9b1e2af5fb8c3bbf,14680,20360715,292
2d21aff7bd0d84b4,FAIR1M-v1.0,15074__1024__0___0,84,Van,129.0,small,1.992248,1.6<=ar<2.1,False,Van|small|1.6<=ar<2.1,matched_GT_box_nonangular,matched_GT_class_via_class_constrained_match,matched_prediction_box_nonangular,/home/rspip/cqc/data/dataset/fair1m1.0/split/val_20/images/15074__1024__0___0.png,fb347e1c2a3bd01ce2b23095c0046d6872badc62e064ee0ad7f4c3f28aa3d94a,1024,1024,933.45,339.46,909.45,315.46,957.45,363.46,885,291,982,388,crops/2d21aff7bd0d84b4.jpg,81f459773b1479f1ce9ad5ddb670e6c007a2e6f741467e431383379e77f9b8de,/home/rspip/cqc/pro/study/orientbench/outputs/persistent_artifacts/m069_fullval_reliability/D/matched_fullval.jsonl,fe2c0b3690e12793f898c0c7a5ce100806567e39f4b3671e9b1e2af5fb8c3bbf,34830,20360715,413
979ba36f57714608,DIOR-R,14278,1,storagetank,650.0,small,1.04,ar<1.6,False,storagetank|small|ar<1.6,matched_GT_box_nonangular,matched_GT_class_via_class_constrained_match,matched_prediction_box_nonangular,/home/rspip/cqc/data/dataset/DIOR/images/test/14278.jpg,3b4b9c76754576585491e2017c8172a86446ad22d0713b1746963986a64331a6,800,800,167.95,708.69,143.95,684.69,191.95,732.69,119,660,216,757,crops/979ba36f57714608.jpg,6aa7df2531e662ae2e625f93c90cce2bd7412d460a205f5d597a635680dd5ae0,/home/rspip/cqc/pro/study/orientbench/outputs/persistent_artifacts/m069_fullval_reliability/A/matched_fullval.jsonl,00e554fbc45dfd6ab0d964800920e101411bc2ee1e218f575a0eafcfde63761e,69250,20260712,200
7292316abfbde484,SODA-A,02002__800__2400___1200,72,small-vehicle,57.9169,small,2.125764,ar>=2.1,True,small-vehicle|small|ar>=2.1,matched_GT_box_nonangular,matched_GT_class_via_class_constrained_match,matched_prediction_box_nonangular,/home/rspip/cqc/data/dataset/SODA-A/dota_format_tiled_ss/val_tiled/images/02002__800__2400___1200.jpg,a34e7aa29213f94358bc2e44124d5815e1c4ed2883e27957490c2b0783bb8c0d,800,800,216.22,730.46,192.22,706.46,240.22,754.46,168,682,265,779,crops/7292316abfbde484.jpg,7ffc9e921ca5cdbb4404ff44f5602359a9fee4ad0e18c1e0dd9a7809986a962f,/home/rspip/cqc/pro/study/orientbench/outputs/persistent_artifacts/m069_fullval_reliability/E/matched_fullval.jsonl,337470223fae218aa2969ae8f974a447e6666d22f02830a7a933ea3dadbd72c9,302700,20460718,159
08f410996172040d,FAIR1M-v1.0,6594__1024__0___0,80,Dump Truck,253.0,small,3.102767,ar>=2.1,True,Dump Truck|small|ar>=2.1,matched_GT_box_nonangular,matched_GT_class_via_class_constrained_match,matched_prediction_box_nonangular,/home/rspip/cqc/data/dataset/fair1m1.0/split/val_20/images/6594__1024__0___0.png,715ef214760b5d538f7e691965f3d6951ae1b97d423f1adff2640ebcb60c92d5,1024,1024,863.28,330.55,839.28,306.55,887.28,354.55,815,282,912,379,crops/08f410996172040d.jpg,c25ad3b8e961222851879bef0c83ff754ae8596a6234383d9f9efd9d6755f267,/home/rspip/cqc/pro/study/orientbench/outputs/persistent_artifacts/m069_fullval_reliability/D/matched_fullval.jsonl,fe2c0b3690e12793f898c0c7a5ce100806567e39f4b3671e9b1e2af5fb8c3bbf,3137,20360715,475
1f45c229950a0bcd,DIOR-R,13415,3,vehicle,4644.0,medium,2.511628,ar>=2.1,True,vehicle|medium|ar>=2.1,matched_GT_box_nonangular,matched_GT_class_via_class_constrained_match,matched_prediction_box_nonangular,/home/rspip/cqc/data/dataset/DIOR/images/test/13415.jpg,506eb2daf8c512af9082757500dfcdbe6b3ebf4697ea28e4c65d2cea94c19327,800,800,293.86,194.24,232.26,132.64,355.45,255.84,193,93,395,296,crops/1f45c229950a0bcd.jpg,2c9b9e10d8b0f4057383da42b30bf1486a6575bc2d315995d0edd5627af86e83,/home/rspip/cqc/pro/study/orientbench/outputs/persistent_artifacts/m069_fullval_reliability/A/matched_fullval.jsonl,00e554fbc45dfd6ab0d964800920e101411bc2ee1e218f575a0eafcfde63761e,36815,20260712,404
6bb98bca1424bb2d,SODA-A,01347__800__1200___1800,16,airplane,236.8666,small,1.122075,ar<1.6,False,airplane|small|ar<1.6,matched_GT_box_nonangular,matched_GT_class_via_class_constrained_match,matched_prediction_box_nonangular,/home/rspip/cqc/data/dataset/SODA-A/dota_format_tiled_ss/val_tiled/images/01347__800__1200___1800.jpg,d61f8e48bda18262cebe7588cffa6ae0fe5f13b2e3da79e0997a03945c80a5a3,800,800,278.66,382.18,254.66,358.18,302.66,406.18,230,334,327,431,crops/6bb98bca1424bb2d.jpg,fb71753ada36e14be1023c51cb9af620c66c60b2f5b67b667ad8b3c58affa1ec,/home/rspip/cqc/pro/study/orientbench/outputs/persistent_artifacts/m069_fullval_reliability/E/matched_fullval.jsonl,337470223fae218aa2969ae8f974a447e6666d22f02830a7a933ea3dadbd72c9,25458,20460718,265
406aab3642c5c227,SODA-A,02004__800__0___1200,46,storage-tank,836.1066,small,1.057371,ar<1.6,False,storage-tank|small|ar<1.6,matched_GT_box_nonangular,matched_GT_class_via_class_constrained_match,matched_prediction_box_nonangular,/home/rspip/cqc/data/dataset/SODA-A/dota_format_tiled_ss/val_tiled/images/02004__800__0___1200.jpg,1ff390c83ad03fbbd2a6c3a84cf21127ec5eeea3c7b9e7cb836c7b2f3fae2bbf,800,800,679.56,667.61,655.56,643.61,703.56,691.61,631,619,728,716,crops/406aab3642c5c227.jpg,e984148b8f21c312c2145dd45118610f42c4ea110606460af29dd20793175489,/home/rspip/cqc/pro/study/orientbench/outputs/persistent_artifacts/m069_fullval_reliability/E/matched_fullval.jsonl,337470223fae218aa2969ae8f974a447e6666d22f02830a7a933ea3dadbd72c9,57714,20460718,344
bdfcc2cddf032408,FAIR1M-v1.0,8963__1024__0___0,157,Van,156.2227,small,3.194805,ar>=2.1,True,Van|small|ar>=2.1,matched_GT_box_nonangular,matched_GT_class_via_class_constrained_match,matched_prediction_box_nonangular,/home/rspip/cqc/data/dataset/fair1m1.0/split/val_20/images/8963__1024__0___0.png,03bf502d571ea81728b9011cc6840388ad777cb9eba0f52a3a6c6829820de6d4,1024,1024,435.32,13.32,411.32,0.0,459.32,37.32,387,0,484,62,crops/bdfcc2cddf032408.jpg,897d34c922ec9e908f150456e1e466997b61e4d4a9dd103b6918c49093457bf9,/home/rspip/cqc/pro/study/orientbench/outputs/persistent_artifacts/m069_fullval_reliability/D/matched_fullval.jsonl,fe2c0b3690e12793f898c0c7a5ce100806567e39f4b3671e9b1e2af5fb8c3bbf,14023,20360715,370
885f088889e15db7,DIOR-R,14315,29,storagetank,182.0,small,1.076923,ar<1.6,False,storagetank|small|ar<1.6,matched_GT_box_nonangular,matched_GT_class_via_class_constrained_match,matched_prediction_box_nonangular,/home/rspip/cqc/data/dataset/DIOR/images/test/14315.jpg,b2002ac47376aa6292b20599d1cb4b28a6ae98c0676babc198978ea9c4512cab,800,800,242.77,350.96,218.77,326.96,266.77,374.96,194,302,291,399,crops/885f088889e15db7.jpg,d4f26df73722b673bd0208a360be7020a42d9f6a1790ed3281a49b82383be0f9,/home/rspip/cqc/pro/study/orientbench/outputs/persistent_artifacts/m069_fullval_reliability/A/matched_fullval.jsonl,00e554fbc45dfd6ab0d964800920e101411bc2ee1e218f575a0eafcfde63761e,47298,20260712,8
bf15f8582d5576ab,FAIR1M-v1.0,14689__1024__0___0,113,Van,102.0,small,2.078431,1.6<=ar<2.1,False,Van|small|1.6<=ar<2.1,matched_GT_box_nonangular,matched_GT_class_via_class_constrained_match,matched_prediction_box_nonangular,/home/rspip/cqc/data/dataset/fair1m1.0/split/val_20/images/14689__1024__0___0.png,7e75d15ae8e45257b06347c9130467c68eec3d59d01e532de6cc6efddf6e06a2,1024,1024,456.75,169.39,432.75,145.39,480.75,193.39,408,121,505,218,crops/bf15f8582d5576ab.jpg,70555e14627ff63a21b6d509c48845a94444d9e6dfb267da482574faa094b40e,/home/rspip/cqc/pro/study/orientbench/outputs/persistent_artifacts/m069_fullval_reliability/D/matched_fullval.jsonl,fe2c0b3690e12793f898c0c7a5ce100806567e39f4b3671e9b1e2af5fb8c3bbf,39066,20360715,153
3f0567f58caaa096,FAIR1M-v1.0,4015__1024__0___0,11,Boeing787,10807.9291,large,1.078098,ar<1.6,False,Boeing787|large|ar<1.6,matched_GT_box_nonangular,matched_GT_class_via_class_constrained_match,matched_prediction_box_nonangular,/home/rspip/cqc/data/dataset/fair1m1.0/split/val_20/images/4015__1024__0___0.png,59a31a34ea970f28dcf12f00ef9a9d83c2db51efcfebe7d633f5c9df305fd810,1024,1024,887.45,676.6,820.32,609.47,954.59,743.73,777,566,998,787,crops/3f0567f58caaa096.jpg,f8f2cf74296ed8917d2e785697477df877a478c49cfdc66fe00bc27db67ecc98,/home/rspip/cqc/pro/study/orientbench/outputs/persistent_artifacts/m069_fullval_reliability/D/matched_fullval.jsonl,fe2c0b3690e12793f898c0c7a5ce100806567e39f4b3671e9b1e2af5fb8c3bbf,14357,20360715,343
c3bf95ed9c518caa,FAIR1M-v1.0,13287__1024__0___0,63,Small Car,144.0,small,1.777778,1.6<=ar<2.1,False,Small Car|small|1.6<=ar<2.1,matched_GT_box_nonangular,matched_GT_class_via_class_constrained_match,matched_prediction_box_nonangular,/home/rspip/cqc/data/dataset/fair1m1.0/split/val_20/images/13287__1024__0___0.png,1112316b880c040019bea531352b01a5bfe042d75c682497ce69bfd1f4ec4163,1024,1024,490.26,278.64,466.26,254.64,514.26,302.64,442,230,539,327,crops/c3bf95ed9c518caa.jpg,5f5b846482d79ad46558590aae13fb3680f7820e4146510e52b7eba8829f830f,/home/rspip/cqc/pro/study/orientbench/outputs/persistent_artifacts/m069_fullval_reliability/D/matched_fullval.jsonl,fe2c0b3690e12793f898c0c7a5ce100806567e39f4b3671e9b1e2af5fb8c3bbf,9470,20360715,245
c5727805654c8db9,SODA-A,02231__800__3600___0,128,small-vehicle,211.9546,small,2.907087,ar>=2.1,True,small-vehicle|small|ar>=2.1,matched_GT_box_nonangular,matched_GT_class_via_class_constrained_match,matched_prediction_box_nonangular,/home/rspip/cqc/data/dataset/SODA-A/dota_format_tiled_ss/val_tiled/images/02231__800__3600___0.jpg,ad0fb8929bcff42319bafd7b38b60ecec593f29aef466d3ce79af206677f84fb,800,800,487.12,579.53,463.12,555.53,511.12,603.53,439,531,536,628,crops/c5727805654c8db9.jpg,bd895ecddd211c4905ea1ea37c744890910e300caab9efdd8f143c342c6c8155,/home/rspip/cqc/pro/study/orientbench/outputs/persistent_artifacts/m069_fullval_reliability/E/matched_fullval.jsonl,337470223fae218aa2969ae8f974a447e6666d22f02830a7a933ea3dadbd72c9,17638,20460718,237
daf1ad6d73b80856,FAIR1M-v1.0,978__1024__0___0,87,Motorboat,1116.7202,medium,3.021739,ar>=2.1,True,Motorboat|medium|ar>=2.1,matched_GT_box_nonangular,matched_GT_class_via_class_constrained_match,matched_prediction_box_nonangular,/home/rspip/cqc/data/dataset/fair1m1.0/split/val_20/images/978__1024__0___0.png,fbc4ef4330ed91a4ad4609af82915bfc572a87c567df05099939db4ee316ba9d,1024,1024,128.35,382.24,97.04,350.93,159.66,413.55,77,331,180,434,crops/daf1ad6d73b80856.jpg,df1e76ac65da5a75b005b75b74754dbd17e2aa3eb97589b03dd00a4a81cc34b1,/home/rspip/cqc/pro/study/orientbench/outputs/persistent_artifacts/m069_fullval_reliability/D/matched_fullval.jsonl,fe2c0b3690e12793f898c0c7a5ce100806567e39f4b3671e9b1e2af5fb8c3bbf,21318,20360715,463
362e824a6039344c,DIOR-R,12587,1,tenniscourt,1008.0,small,2.285714,ar>=2.1,True,tenniscourt|small|ar>=2.1,matched_GT_box_nonangular,matched_GT_class_via_class_constrained_match,matched_prediction_box_nonangular,/home/rspip/cqc/data/dataset/DIOR/images/test/12587.jpg,cc456ff88eb706b441047e2f0ce175ce1fce32c805c782c83e3c7b4ebc1d9413,800,800,101.74,156.39,75.16,129.81,128.32,182.98,53,108,150,205,crops/362e824a6039344c.jpg,ab3676facc6698c65af31f4ca4b67d205561a8d95595126741ab0e31d3f0692f,/home/rspip/cqc/pro/study/orientbench/outputs/persistent_artifacts/m069_fullval_reliability/A/matched_fullval.jsonl,00e554fbc45dfd6ab0d964800920e101411bc2ee1e218f575a0eafcfde63761e,82662,20260712,427
31659deca6824bb9,DIOR-R,18454,28,storagetank,783.0,small,1.074074,ar<1.6,False,storagetank|small|ar<1.6,matched_GT_box_nonangular,matched_GT_class_via_class_constrained_match,matched_prediction_box_nonangular,/home/rspip/cqc/data/dataset/DIOR/images/test/18454.jpg,c5e6ea1750032ea2c2e00394d1e351e69adf54631fdac7a988f6a08ab318f632,800,800,291.05,384.59,267.05,360.59,315.05,408.59,243,336,340,433,crops/31659deca6824bb9.jpg,4cd72505c7ae3e7fdc77912ca9d73d6274fbd76d9b760bc6c9a92f9dae91cae8,/home/rspip/cqc/pro/study/orientbench/outputs/persistent_artifacts/m069_fullval_reliability/A/matched_fullval.jsonl,00e554fbc45dfd6ab0d964800920e101411bc2ee1e218f575a0eafcfde63761e,19930,20260712,439
163d43733201065c,SODA-A,00733__800__1200___600,27,small-vehicle,141.1948,small,2.625642,ar>=2.1,True,small-vehicle|small|ar>=2.1,matched_GT_box_nonangular,matched_GT_class_via_class_constrained_match,matched_prediction_box_nonangular,/home/rspip/cqc/data/dataset/SODA-A/dota_format_tiled_ss/val_tiled/images/00733__800__1200___600.jpg,c7e2eea0d414fb8218c7821ee4dcdf6124f7fca56582c34632f95d8000c4f8b9,800,800,88.59,298.78,64.59,274.78,112.59,322.78,40,250,137,347,crops/163d43733201065c.jpg,3a28e8fb87e1a1caf7a421f45c7df1045b5048e4a241168bddcc759af00f295f,/home/rspip/cqc/pro/study/orientbench/outputs/persistent_artifacts/m069_fullval_reliability/E/matched_fullval.jsonl,337470223fae218aa2969ae8f974a447e6666d22f02830a7a933ea3dadbd72c9,127625,20460718,189
cc0a672d74d3499c,SODA-A,02030__800__600___1985,7,swimming-pool,1090.271,medium,1.628085,1.6<=ar<2.1,False,swimming-pool|medium|1.6<=ar<2.1,matched_GT_box_nonangular,matched_GT_class_via_class_constrained_match,matched_prediction_box_nonangular,/home/rspip/cqc/data/dataset/SODA-A/dota_format_tiled_ss/val_tiled/images/02030__800__600___1985.jpg,8bf62af4dc6ac83db6b700c77574854eac5cd0234335df8f63bddae4057fc243,800,800,448.64,617.84,424.64,593.84,472.64,641.84,400,569,497,666,crops/cc0a672d74d3499c.jpg,208946194a004a747dfd8049e2d529719359f701100979fd0b822389ca7a607a,/home/rspip/cqc/pro/study/orientbench/outputs/persistent_artifacts/m069_fullval_reliability/E/matched_fullval.jsonl,337470223fae218aa2969ae8f974a447e6666d22f02830a7a933ea3dadbd72c9,130226,20460718,38
6df46b3c38ae2c19,FAIR1M-v1.0,14953__1024__0___0,308,Small Car,150.0,small,1.5,ar<1.6,False,Small Car|small|ar<1.6,matched_GT_box_nonangular,matched_GT_class_via_class_constrained_match,matched_prediction_box_nonangular,/home/rspip/cqc/data/dataset/fair1m1.0/split/val_20/images/14953__1024__0___0.png,c64286c7da6f167f8799aa5458c9b4110533a016810aed7a89672d07609aaec2,1024,1024,314.13,5.64,290.13,0.0,338.13,29.64,266,0,363,54,crops/6df46b3c38ae2c19.jpg,0fa69cec27c42a00ac2f282e4900a4ea9e5b039c0bb3c63273d6de3bdfda1006,/home/rspip/cqc/pro/study/orientbench/outputs/persistent_artifacts/m069_fullval_reliability/D/matched_fullval.jsonl,fe2c0b3690e12793f898c0c7a5ce100806567e39f4b3671e9b1e2af5fb8c3bbf,47577,20360715,12
d305a7cadaa8dcb4,SODA-A,01190__800__3600___2058,78,small-vehicle,221.6394,small,2.869156,ar>=2.1,True,small-vehicle|small|ar>=2.1,matched_GT_box_nonangular,matched_GT_class_via_class_constrained_match,matched_prediction_box_nonangular,/home/rspip/cqc/data/dataset/SODA-A/dota_format_tiled_ss/val_tiled/images/01190__800__3600___2058.jpg,ecc4657b6f38a72eb8b9db0c6c32e8da84067f2daae0dedfe3c5b187a6215dbe,800,800,566.98,148.61,542.98,124.61,590.98,172.61,518,100,615,197,crops/d305a7cadaa8dcb4.jpg,1973f90ba57b8932ff09e58f39b3e3952384b472e609af8ee42ca1b57f3ff299,/home/rspip/cqc/pro/study/orientbench/outputs/persistent_artifacts/m069_fullval_reliability/E/matched_fullval.jsonl,337470223fae218aa2969ae8f974a447e6666d22f02830a7a933ea3dadbd72c9,57808,20460718,211
cf0f7b50559d0136,DIOR-R,15060,8,ship,1080.0,medium,2.7,ar>=2.1,True,ship|medium|ar>=2.1,matched_GT_box_nonangular,matched_GT_class_via_class_constrained_match,matched_prediction_box_nonangular,/home/rspip/cqc/data/dataset/DIOR/images/test/15060.jpg,5cc90fc3b32db75974fc8d974994a4052b5f02b2b4137db959589cba3ef6ca8e,800,800,236.96,320.11,208.49,291.64,265.42,348.57,188,272,285,369,crops/cf0f7b50559d0136.jpg,6ed08341f662631cbbd0aec2bc2277a73ea91a22f3fe13860f4314c26852dc0f,/home/rspip/cqc/pro/study/orientbench/outputs/persistent_artifacts/m069_fullval_reliability/A/matched_fullval.jsonl,00e554fbc45dfd6ab0d964800920e101411bc2ee1e218f575a0eafcfde63761e,85558,20260712,331
971a2e5bec0b7071,FAIR1M-v1.0,2777__1024__0___0,111,Tennis Court,4152.9451,medium,2.930131,ar>=2.1,True,Tennis Court|medium|ar>=2.1,matched_GT_box_nonangular,matched_GT_class_via_class_constrained_match,matched_prediction_box_nonangular,/home/rspip/cqc/data/dataset/fair1m1.0/split/val_20/images/2777__1024__0___0.png,6e26f1273e11500c89600503aaa4e1af2273ba2d9d46d277e002f422a9fb990b,1024,1024,555.73,307.58,507.17,259.01,604.3,356.14,476,228,636,388,crops/971a2e5bec0b7071.jpg,396a60694b78c6d9fbc8d5cde7bb16bedb3d756e428094a2301ef0bbde68c907,/home/rspip/cqc/pro/study/orientbench/outputs/persistent_artifacts/m069_fullval_reliability/D/matched_fullval.jsonl,fe2c0b3690e12793f898c0c7a5ce100806567e39f4b3671e9b1e2af5fb8c3bbf,36812,20360715,241
bf3f8d9e4b2ea467,DIOR-R,13335,8,basketballcourt,7953.0007,medium,2.535521,ar>=2.1,True,basketballcourt|medium|ar>=2.1,matched_GT_box_nonangular,matched_GT_class_via_class_constrained_match,matched_prediction_box_nonangular,/home/rspip/cqc/data/dataset/DIOR/images/test/13335.jpg,e06346d312cb7b72a6f3312f6034d84169fb4c65db288b9f0092b101f4e47ffe,800,800,578.73,200.52,503.03,124.82,654.42,276.22,454,76,703,325,crops/bf3f8d9e4b2ea467.jpg,57aaf2fd575f25ab9017501e7a64077e25bf19de8007b9736f5e0e3e16560386,/home/rspip/cqc/pro/study/orientbench/outputs/persistent_artifacts/m069_fullval_reliability/A/matched_fullval.jsonl,00e554fbc45dfd6ab0d964800920e101411bc2ee1e218f575a0eafcfde63761e,28750,20260712,228
62d1cbc614d2e106,SODA-A,02083__800__3000___0,39,small-vehicle,223.9711,small,2.239711,ar>=2.1,True,small-vehicle|small|ar>=2.1,matched_GT_box_nonangular,matched_GT_class_via_class_constrained_match,matched_prediction_box_nonangular,/home/rspip/cqc/data/dataset/SODA-A/dota_format_tiled_ss/val_tiled/images/02083__800__3000___0.jpg,2c36602b60119c17c73b76b53f94377e31e1e646791cffff63683d59b7a1a11f,800,800,596.61,210.8,572.61,186.8,620.61,234.8,548,162,645,259,crops/62d1cbc614d2e106.jpg,ad20810e63bb5f5535433b11637f681619fb1a4b008c95745b946c3055757a55,/home/rspip/cqc/pro/study/orientbench/outputs/persistent_artifacts/m069_fullval_reliability/E/matched_fullval.jsonl,337470223fae218aa2969ae8f974a447e6666d22f02830a7a933ea3dadbd72c9,188715,20460718,432
1f999519f4561370,DIOR-R,21992,10,tenniscourt,7017.171,medium,2.159133,ar>=2.1,True,tenniscourt|medium|ar>=2.1,matched_GT_box_nonangular,matched_GT_class_via_class_constrained_match,matched_prediction_box_nonangular,/home/rspip/cqc/data/dataset/DIOR/images/test/21992.jpg,d5c7bbd1e13f0b912ff24751302aaabc316e28fa3f0ddf0cdec3d2d7fbc8336b,800,800,181.02,102.15,112.39,33.52,249.65,170.78,68,0,294,215,crops/1f999519f4561370.jpg,3ee12b7f34b9cba3662a32b9f2e540b0ce9f9fb9843203700376ba796b856f89,/home/rspip/cqc/pro/study/orientbench/outputs/persistent_artifacts/m069_fullval_reliability/A/matched_fullval.jsonl,00e554fbc45dfd6ab0d964800920e101411bc2ee1e218f575a0eafcfde63761e,69489,20260712,476
c0a8d349923c2e56,DIOR-R,20275,0,windmill,10549.0,large,1.779221,1.6<=ar<2.1,False,windmill|large|1.6<=ar<2.1,matched_GT_box_nonangular,matched_GT_class_via_class_constrained_match,matched_prediction_box_nonangular,/home/rspip/cqc/data/dataset/DIOR/images/test/20275.jpg,b329595af8f42bb584ece9b74a5b140686ea795572ea774a21f81484e6e1b444,800,800,674.16,499.02,599.66,424.52,748.65,573.52,552,377,797,621,crops/c0a8d349923c2e56.jpg,93fb01bcd4c43f4f331124c38da17e94e0035e4b17a525ee79590dc144162e0b,/home/rspip/cqc/pro/study/orientbench/outputs/persistent_artifacts/m069_fullval_reliability/A/matched_fullval.jsonl,00e554fbc45dfd6ab0d964800920e101411bc2ee1e218f575a0eafcfde63761e,41010,20260712,493
a5ecfdfe9038ed42,FAIR1M-v1.0,2693__1024__0___0,1,Intersection,2725.9992,medium,1.234043,ar<1.6,False,Intersection|medium|ar<1.6,matched_GT_box_nonangular,matched_GT_class_via_class_constrained_match,matched_prediction_box_nonangular,/home/rspip/cqc/data/dataset/fair1m1.0/split/val_20/images/2693__1024__0___0.png,3c2ca0882dd01ed092466ef286989b1ca78015600bc0b3161387bea23c1cfb8d,1024,1024,897.87,265.28,865.98,233.39,929.76,297.18,845,213,951,318,crops/a5ecfdfe9038ed42.jpg,35abc1eab81fe53a8e8000109c31cd0ddfa0b7971f292ef5f5a008d31c72ee39,/home/rspip/cqc/pro/study/orientbench/outputs/persistent_artifacts/m069_fullval_reliability/D/matched_fullval.jsonl,fe2c0b3690e12793f898c0c7a5ce100806567e39f4b3671e9b1e2af5fb8c3bbf,36279,20360715,271
5086b693a70886d6,FAIR1M-v1.0,15750__1024__0___0,27,Bridge,1404.0,medium,1.925926,1.6<=ar<2.1,False,Bridge|medium|1.6<=ar<2.1,matched_GT_box_nonangular,matched_GT_class_via_class_constrained_match,matched_prediction_box_nonangular,/home/rspip/cqc/data/dataset/fair1m1.0/split/val_20/images/15750__1024__0___0.png,f3e421c2ee7dcf0b10bc1d97afe26c0cbc5759b6c55cfbe5dc882c675fa987bd,1024,1024,485.86,221.5,461.86,197.5,509.86,245.5,437,173,534,270,crops/5086b693a70886d6.jpg,84f749c41e49af85f2a4c068f409b4627800024b5e98a2a8d9a30cad041b5681,/home/rspip/cqc/pro/study/orientbench/outputs/persistent_artifacts/m069_fullval_reliability/D/matched_fullval.jsonl,fe2c0b3690e12793f898c0c7a5ce100806567e39f4b3671e9b1e2af5fb8c3bbf,37725,20360715,237
0b76cc1135343efa,FAIR1M-v1.0,10284__1024__0___0,161,Van,127.0,small,1.740157,1.6<=ar<2.1,False,Van|small|1.6<=ar<2.1,matched_GT_box_nonangular,matched_GT_class_via_class_constrained_match,matched_prediction_box_nonangular,/home/rspip/cqc/data/dataset/fair1m1.0/split/val_20/images/10284__1024__0___0.png,ec60bbc6ad678b20518d39904dab48cb3e3fe5ccc4c95412dc404844fc2cc15f,1024,1024,93.4,610.18,69.4,586.18,117.4,634.18,45,562,142,659,crops/0b76cc1135343efa.jpg,999a8021b9bffdda7d8d32fa2aba9e59d5ee5f6eab64d5dd7757291cf69cfe71,/home/rspip/cqc/pro/study/orientbench/outputs/persistent_artifacts/m069_fullval_reliability/D/matched_fullval.jsonl,fe2c0b3690e12793f898c0c7a5ce100806567e39f4b3671e9b1e2af5fb8c3bbf,48628,20360715,78
be14fcdcff9d8ce1,DIOR-R,13931,9,ship,960.0,small,3.283333,ar>=2.1,True,ship|small|ar>=2.1,matched_GT_box_nonangular,matched_GT_class_via_class_constrained_match,matched_prediction_box_nonangular,/home/rspip/cqc/data/dataset/DIOR/images/test/13931.jpg,f0bf81b8488c7ec10e97208dd48bd132641fa4b464e7188e3cbf5da78be65a93,800,800,413.86,469.17,384.17,439.48,443.55,498.86,365,420,463,518,crops/be14fcdcff9d8ce1.jpg,2cb685d36aba51da42f67058ec7c5771c175300602eba5c615718e30fca52b60,/home/rspip/cqc/pro/study/orientbench/outputs/persistent_artifacts/m069_fullval_reliability/A/matched_fullval.jsonl,00e554fbc45dfd6ab0d964800920e101411bc2ee1e218f575a0eafcfde63761e,19243,20260712,293
197947d59206eef1,FAIR1M-v1.0,5242__1024__0___0,103,Van,116.0,small,2.0,1.6<=ar<2.1,False,Van|small|1.6<=ar<2.1,matched_GT_box_nonangular,matched_GT_class_via_class_constrained_match,matched_prediction_box_nonangular,/home/rspip/cqc/data/dataset/fair1m1.0/split/val_20/images/5242__1024__0___0.png,6f4db550c59577b2206a147d0567202cf8887db2c4d92d678cc3a70988d1bf8a,1024,1024,475.17,745.99,451.17,721.99,499.17,769.99,427,697,524,794,crops/197947d59206eef1.jpg,89dd84904b13dfe177c4f53da7262a7cfb0540a9d7f6090d37dca4d82e70509d,/home/rspip/cqc/pro/study/orientbench/outputs/persistent_artifacts/m069_fullval_reliability/D/matched_fullval.jsonl,fe2c0b3690e12793f898c0c7a5ce100806567e39f4b3671e9b1e2af5fb8c3bbf,31810,20360715,28
e27dfec3519adc65,SODA-A,01567__800__3955___1200,167,ship,281.7779,small,2.181819,ar>=2.1,True,ship|small|ar>=2.1,matched_GT_box_nonangular,matched_GT_class_via_class_constrained_match,matched_prediction_box_nonangular,/home/rspip/cqc/data/dataset/SODA-A/dota_format_tiled_ss/val_tiled/images/01567__800__3955___1200.jpg,a0ec2100cfd242160a382893675a74b2c3cb4f1f8a2ed41d5385d14aa9427c31,800,800,667.59,559.38,643.59,535.38,691.59,583.38,619,511,716,608,crops/e27dfec3519adc65.jpg,4cc50c1251dbfadc52f5d078777d99bd7055a8f4ffe71a9a8c39c1d98f0ff3a8,/home/rspip/cqc/pro/study/orientbench/outputs/persistent_artifacts/m069_fullval_reliability/E/matched_fullval.jsonl,337470223fae218aa2969ae8f974a447e6666d22f02830a7a933ea3dadbd72c9,147324,20460718,219
a72f99a017cff5a5,SODA-A,00152__800__2400___1200,7,swimming-pool,1011.681,small,2.0055,1.6<=ar<2.1,False,swimming-pool|small|1.6<=ar<2.1,matched_GT_box_nonangular,matched_GT_class_via_class_constrained_match,matched_prediction_box_nonangular,/home/rspip/cqc/data/dataset/SODA-A/dota_format_tiled_ss/val_tiled/images/00152__800__2400___1200.jpg,8f3eef14d4390ec60b00726ab2e648c7b087e54d6b435b82dd691ed8fa651b45,800,800,438.14,468.27,414.14,444.27,462.14,492.27,390,420,487,517,crops/a72f99a017cff5a5.jpg,f5a908996e87a9ff74a5ba0758ac70cc3173e7ead37e5362a02f0215f599823e,/home/rspip/cqc/pro/study/orientbench/outputs/persistent_artifacts/m069_fullval_reliability/E/matched_fullval.jsonl,337470223fae218aa2969ae8f974a447e6666d22f02830a7a933ea3dadbd72c9,290191,20460718,127
367f2f05f5299fbe,SODA-A,00812__800__3600___0,24,small-vehicle,212.9532,small,2.228237,ar>=2.1,True,small-vehicle|small|ar>=2.1,matched_GT_box_nonangular,matched_GT_class_via_class_constrained_match,matched_prediction_box_nonangular,/home/rspip/cqc/data/dataset/SODA-A/dota_format_tiled_ss/val_tiled/images/00812__800__3600___0.jpg,63d66100a15bc7d332de0abf788f475813392103f0117f8914e2a22b3815b4e6,800,800,50.54,677.75,26.54,653.75,74.54,701.75,2,629,99,726,crops/367f2f05f5299fbe.jpg,e63463d0e5bc02316b8e1f6881327abaf95f1f4b1d57f857ccc9b4248a9c2ee9,/home/rspip/cqc/pro/study/orientbench/outputs/persistent_artifacts/m069_fullval_reliability/E/matched_fullval.jsonl,337470223fae218aa2969ae8f974a447e6666d22f02830a7a933ea3dadbd72c9,18979,20460718,264
e2039700213f385f,DIOR-R,17001,23,vehicle,198.0,small,2.444444,ar>=2.1,True,vehicle|small|ar>=2.1,matched_GT_box_nonangular,matched_GT_class_via_class_constrained_match,matched_prediction_box_nonangular,/home/rspip/cqc/data/dataset/DIOR/images/test/17001.jpg,6f513efd854923613fdfb3e7640a6fcd66d4b31c60aefdad7703be93f115b3f3,800,800,204.81,362.33,180.81,338.33,228.81,386.33,156,314,253,411,crops/e2039700213f385f.jpg,55cad66baa2945dbbd7aee68ca9f1516dcd604939b2a6114de92281b66eaebd3,/home/rspip/cqc/pro/study/orientbench/outputs/persistent_artifacts/m069_fullval_reliability/A/matched_fullval.jsonl,00e554fbc45dfd6ab0d964800920e101411bc2ee1e218f575a0eafcfde63761e,15580,20260712,302
5c2353432821dcc7,DIOR-R,18152,15,storagetank,924.0,small,1.178571,ar<1.6,False,storagetank|small|ar<1.6,matched_GT_box_nonangular,matched_GT_class_via_class_constrained_match,matched_prediction_box_nonangular,/home/rspip/cqc/data/dataset/DIOR/images/test/18152.jpg,7efc74c471a99ac6ccaea69a23caa47e2791a9f0da37e47147b1102e0a925526,800,800,16.02,127.85,0.0,103.85,40.02,151.85,0,79,65,176,crops/5c2353432821dcc7.jpg,9c9858875530ffeeae590554ff9ae47c361a727ac7985e99849bd649b73d2147,/home/rspip/cqc/pro/study/orientbench/outputs/persistent_artifacts/m069_fullval_reliability/A/matched_fullval.jsonl,00e554fbc45dfd6ab0d964800920e101411bc2ee1e218f575a0eafcfde63761e,28392,20260712,366
63934fdf7f78307c,SODA-A,01287__800__0___0,78,small-vehicle,119.698,small,2.381835,ar>=2.1,True,small-vehicle|small|ar>=2.1,matched_GT_box_nonangular,matched_GT_class_via_class_constrained_match,matched_prediction_box_nonangular,/home/rspip/cqc/data/dataset/SODA-A/dota_format_tiled_ss/val_tiled/images/01287__800__0___0.jpg,d566e0459aadb9a9c3188539b2296e3981efc6ae2087cba0737af0b9feac05f6,800,800,696.25,274.92,672.25,250.92,720.25,298.92,648,226,745,323,crops/63934fdf7f78307c.jpg,3306510cabdc085c06db7a51e806e0fcb94ea4879d81194f72ad263dc54dd02b,/home/rspip/cqc/pro/study/orientbench/outputs/persistent_artifacts/m069_fullval_reliability/E/matched_fullval.jsonl,337470223fae218aa2969ae8f974a447e6666d22f02830a7a933ea3dadbd72c9,207039,20460718,418
24b80c44a1ca9878,FAIR1M-v1.0,5746__1024__0___0,8,Fishing Boat,927.247,small,4.276042,ar>=2.1,True,Fishing Boat|small|ar>=2.1,matched_GT_box_nonangular,matched_GT_class_via_class_constrained_match,matched_prediction_box_nonangular,/home/rspip/cqc/data/dataset/fair1m1.0/split/val_20/images/5746__1024__0___0.png,ab8f40ba76ce796ce8a30564ba18197c69be4effc6d7b67f0bc41ca60f97a23f,1024,1024,693.32,889.32,661.25,857.25,725.39,921.39,640,836,746,942,crops/24b80c44a1ca9878.jpg,5520b388a1286a4297a2464d07fb0357721aad0877286fa0fa53ecfc258a5d03,/home/rspip/cqc/pro/study/orientbench/outputs/persistent_artifacts/m069_fullval_reliability/D/matched_fullval.jsonl,fe2c0b3690e12793f898c0c7a5ce100806567e39f4b3671e9b1e2af5fb8c3bbf,5342,20360715,215
46e088c777bd09e6,DIOR-R,12863,24,vehicle,52.4752,small,2.12,ar>=2.1,True,vehicle|small|ar>=2.1,matched_GT_box_nonangular,matched_GT_class_via_class_constrained_match,matched_prediction_box_nonangular,/home/rspip/cqc/data/dataset/DIOR/images/test/12863.jpg,292ed67b0e50d2b4d7762d1d1c48ba96f4da55d868090913bf525134dc2ffc8e,800,800,488.68,100.19,464.68,76.19,512.68,124.19,440,52,537,149,crops/46e088c777bd09e6.jpg,7833139db27f098b3581bd450b7c7bf0078b39127feb85c482bf834146aaf59d,/home/rspip/cqc/pro/study/orientbench/outputs/persistent_artifacts/m069_fullval_reliability/A/matched_fullval.jsonl,00e554fbc45dfd6ab0d964800920e101411bc2ee1e218f575a0eafcfde63761e,54237,20260712,303
703b1287f887bb6f,DIOR-R,14117,9,vehicle,1856.0,medium,2.206897,ar>=2.1,True,vehicle|medium|ar>=2.1,matched_GT_box_nonangular,matched_GT_class_via_class_constrained_match,matched_prediction_box_nonangular,/home/rspip/cqc/data/dataset/DIOR/images/test/14117.jpg,60bd4eb93d54c54a3266b435062ad3883174b8ee2899b2a925f9a496a55c90de,800,800,551.64,286.37,519.48,254.21,583.8,318.54,499,233,605,340,crops/703b1287f887bb6f.jpg,7de95892cc045dc86b4e770cbe23d2ae54773fcb292f2584e07825df79c9cb0f,/home/rspip/cqc/pro/study/orientbench/outputs/persistent_artifacts/m069_fullval_reliability/A/matched_fullval.jsonl,00e554fbc45dfd6ab0d964800920e101411bc2ee1e218f575a0eafcfde63761e,2355,20260712,115
197c5c28d083a2fc,SODA-A,00044__800__0___1200,64,small-vehicle,50.5315,small,1.940416,1.6<=ar<2.1,False,small-vehicle|small|1.6<=ar<2.1,matched_GT_box_nonangular,matched_GT_class_via_class_constrained_match,matched_prediction_box_nonangular,/home/rspip/cqc/data/dataset/SODA-A/dota_format_tiled_ss/val_tiled/images/00044__800__0___1200.jpg,afbf9cbaf0d02734c715fc2b901eb77c382fa28950ea1a4fed2d5b0518bcdd35,800,800,250.01,235.95,226.01,211.95,274.01,259.95,202,187,299,284,crops/197c5c28d083a2fc.jpg,1c851acb4fc59e55b34c4304231b0d33bd5aa0c9612593ec54ed571fa9698b7c,/home/rspip/cqc/pro/study/orientbench/outputs/persistent_artifacts/m069_fullval_reliability/E/matched_fullval.jsonl,337470223fae218aa2969ae8f974a447e6666d22f02830a7a933ea3dadbd72c9,283304,20460718,129
4aa211346a0b64c5,FAIR1M-v1.0,8983__1024__0___0,12,Boeing787,4805.9997,medium,1.141282,ar<1.6,False,Boeing787|medium|ar<1.6,matched_GT_box_nonangular,matched_GT_class_via_class_constrained_match,matched_prediction_box_nonangular,/home/rspip/cqc/data/dataset/fair1m1.0/split/val_20/images/8983__1024__0___0.png,90b81ccf023d519b902a7011fd5aee7f4bee815d8fb7c27fb0bcf58b0c4d5381,1024,1024,409.64,390.59,369.11,350.06,450.17,431.12,343,324,476,457,crops/4aa211346a0b64c5.jpg,2c351e5a4e5ed0de8f2370e7e6fb25f7e49f2f3da7618ceb8ddaa32f0b5a3490,/home/rspip/cqc/pro/study/orientbench/outputs/persistent_artifacts/m069_fullval_reliability/D/matched_fullval.jsonl,fe2c0b3690e12793f898c0c7a5ce100806567e39f4b3671e9b1e2af5fb8c3bbf,24020,20360715,231
d58fdb7847bbbca7,FAIR1M-v1.0,16114__1024__0___0,0,Bridge,1880.2159,medium,1.502443,ar<1.6,False,Bridge|medium|ar<1.6,matched_GT_box_nonangular,matched_GT_class_via_class_constrained_match,matched_prediction_box_nonangular,/home/rspip/cqc/data/dataset/fair1m1.0/split/val_20/images/16114__1024__0___0.png,929d0c9d65c966c82aa43ba1c6a5dc9e9849521259b0078fab9a9b26edb81c45,1024,1024,54.42,510.85,25.32,481.75,83.52,539.94,6,462,103,559,crops/d58fdb7847bbbca7.jpg,20d86bfffc75b41626dd083912c02562a181b4489bf900fcc2cbfffa07c2f8ca,/home/rspip/cqc/pro/study/orientbench/outputs/persistent_artifacts/m069_fullval_reliability/D/matched_fullval.jsonl,fe2c0b3690e12793f898c0c7a5ce100806567e39f4b3671e9b1e2af5fb8c3bbf,18145,20360715,442
0bd16e07b145d62d,DIOR-R,16961,18,storagetank,992.0,small,1.032258,ar<1.6,False,storagetank|small|ar<1.6,matched_GT_box_nonangular,matched_GT_class_via_class_constrained_match,matched_prediction_box_nonangular,/home/rspip/cqc/data/dataset/DIOR/images/test/16961.jpg,db90bd1be6fffe648cfd901506209358010e025255ecc8ac52699d0bf9ca0e1b,800,800,327.69,497.95,303.69,473.95,351.69,521.95,279,449,376,546,crops/0bd16e07b145d62d.jpg,d4bf23fdc93dab65ec138ed769894c2ad606e42b4fe19d94695fc8101108f412,/home/rspip/cqc/pro/study/orientbench/outputs/persistent_artifacts/m069_fullval_reliability/A/matched_fullval.jsonl,00e554fbc45dfd6ab0d964800920e101411bc2ee1e218f575a0eafcfde63761e,65818,20260712,410
f7357de27dfb5e91,DIOR-R,19061,12,vehicle,112.0,small,2.285714,ar>=2.1,True,vehicle|small|ar>=2.1,matched_GT_box_nonangular,matched_GT_class_via_class_constrained_match,matched_prediction_box_nonangular,/home/rspip/cqc/data/dataset/DIOR/images/test/19061.jpg,7209f0052817206a0dd559e7d9883fbb361402f19c316071de5a7fefe0065367,800,800,253.13,114.27,229.13,90.27,277.13,138.27,205,66,302,163,crops/f7357de27dfb5e91.jpg,e4ef45b709ef81ef959614bf6034004a6b81cf394c30baf86ec3e1a41f2a99f8,/home/rspip/cqc/pro/study/orientbench/outputs/persistent_artifacts/m069_fullval_reliability/A/matched_fullval.jsonl,00e554fbc45dfd6ab0d964800920e101411bc2ee1e218f575a0eafcfde63761e,83249,20260712,265
663f4b88e826e316,FAIR1M-v1.0,5667__1024__0___0,150,Van,162.0,small,2.0,1.6<=ar<2.1,False,Van|small|1.6<=ar<2.1,matched_GT_box_nonangular,matched_GT_class_via_class_constrained_match,matched_prediction_box_nonangular,/home/rspip/cqc/data/dataset/fair1m1.0/split/val_20/images/5667__1024__0___0.png,6a74b1de580caef7bd3d0ed533aecc3744cdab13c920ab5121a7b33cfb4b8594,1024,1024,414.51,438.97,390.51,414.97,438.51,462.97,366,390,463,487,crops/663f4b88e826e316.jpg,15f374875b71359573df00b9d339ff4d1f6bf156a1dd1f93dd9b8f06f41b32e8,/home/rspip/cqc/pro/study/orientbench/outputs/persistent_artifacts/m069_fullval_reliability/D/matched_fullval.jsonl,fe2c0b3690e12793f898c0c7a5ce100806567e39f4b3671e9b1e2af5fb8c3bbf,46628,20360715,214
2280dd7145448f5d,SODA-A,00423__800__3955___1800,35,windmill,298.8743,small,1.100006,ar<1.6,False,windmill|small|ar<1.6,matched_GT_box_nonangular,matched_GT_class_via_class_constrained_match,matched_prediction_box_nonangular,/home/rspip/cqc/data/dataset/SODA-A/dota_format_tiled_ss/val_tiled/images/00423__800__3955___1800.jpg,6c6ab9f06111a462c8dd3428da7e6cf7a499903f52e04b4cb3e498d3b906ac84,800,800,300.67,416.88,276.67,392.88,324.67,440.88,252,368,349,465,crops/2280dd7145448f5d.jpg,89742680441bf63ef06a2a177f8b43b3324eda3676b49cc2f8ed34b05ec8179e,/home/rspip/cqc/pro/study/orientbench/outputs/persistent_artifacts/m069_fullval_reliability/E/matched_fullval.jsonl,337470223fae218aa2969ae8f974a447e6666d22f02830a7a933ea3dadbd72c9,49852,20460718,169
6363911f1fe3003e,SODA-A,00849__800__2400___1200,84,small-vehicle,298.2681,small,2.23744,ar>=2.1,True,small-vehicle|small|ar>=2.1,matched_GT_box_nonangular,matched_GT_class_via_class_constrained_match,matched_prediction_box_nonangular,/home/rspip/cqc/data/dataset/SODA-A/dota_format_tiled_ss/val_tiled/images/00849__800__2400___1200.jpg,645dfea258cab356897de72150def785c536cf75bd1c49555cc6b94ab32db49c,800,800,366.54,294.83,342.54,270.83,390.54,318.83,318,246,415,343,crops/6363911f1fe3003e.jpg,fed84715adba8b365cd2db5ce4d0b29ee30a814f5e390e13dd1789be7da69418,/home/rspip/cqc/pro/study/orientbench/outputs/persistent_artifacts/m069_fullval_reliability/E/matched_fullval.jsonl,337470223fae218aa2969ae8f974a447e6666d22f02830a7a933ea3dadbd72c9,62072,20460718,144
a1b9387304eccace,FAIR1M-v1.0,3955__1024__0___0,6,Small Car,190.0,small,1.958763,1.6<=ar<2.1,False,Small Car|small|1.6<=ar<2.1,matched_GT_box_nonangular,matched_GT_class_via_class_constrained_match,matched_prediction_box_nonangular,/home/rspip/cqc/data/dataset/fair1m1.0/split/val_20/images/3955__1024__0___0.png,12c2c249bd2f84f04371541af7a10de41ffa2048327cc9c1e659ae86076ce810,1024,1024,181.94,339.17,157.94,315.17,205.94,363.17,133,291,230,388,crops/a1b9387304eccace.jpg,845e037a7ed50dda7188fd79483ac428a9bf5925db751a8bc779d0b7996f1e86,/home/rspip/cqc/pro/study/orientbench/outputs/persistent_artifacts/m069_fullval_reliability/D/matched_fullval.jsonl,fe2c0b3690e12793f898c0c7a5ce100806567e39f4b3671e9b1e2af5fb8c3bbf,4061,20360715,32
34a8ecd1e01b938f,DIOR-R,12196,20,overpass,3952.0007,medium,1.901316,1.6<=ar<2.1,False,overpass|medium|1.6<=ar<2.1,matched_GT_box_nonangular,matched_GT_class_via_class_constrained_match,matched_prediction_box_nonangular,/home/rspip/cqc/data/dataset/DIOR/images/test/12196.jpg,4fdf3c6dd19b05052f84a4c3e02d47a1119709fc11616562b22a426bbcb93f5a,800,800,632.99,754.39,578.33,699.72,687.66,800.0,543,664,723,800,crops/34a8ecd1e01b938f.jpg,108117b82301af910409c0efedc94ae4cfd7029112bf680927a41c7b9357a343,/home/rspip/cqc/pro/study/orientbench/outputs/persistent_artifacts/m069_fullval_reliability/A/matched_fullval.jsonl,00e554fbc45dfd6ab0d964800920e101411bc2ee1e218f575a0eafcfde63761e,11575,20260712,171
3e024a0c59456289,SODA-A,00199__800__0___600,21,small-vehicle,249.0565,small,2.210542,ar>=2.1,True,small-vehicle|small|ar>=2.1,matched_GT_box_nonangular,matched_GT_class_via_class_constrained_match,matched_prediction_box_nonangular,/home/rspip/cqc/data/dataset/SODA-A/dota_format_tiled_ss/val_tiled/images/00199__800__0___600.jpg,67635c618974b28a7b8e2d4f485d6de7475ec27bceef47bc1a19696362146ccc,800,800,612.48,385.18,588.48,361.18,636.48,409.18,564,337,661,434,crops/3e024a0c59456289.jpg,63147498ddb0143f2aea603e3672c7202fbf44bae7609c4b0fe5dcf479e64906,/home/rspip/cqc/pro/study/orientbench/outputs/persistent_artifacts/m069_fullval_reliability/E/matched_fullval.jsonl,337470223fae218aa2969ae8f974a447e6666d22f02830a7a933ea3dadbd72c9,185978,20460718,233
7fccbe2f74a4bada,FAIR1M-v1.0,590__1024__0___0,90,Small Car,144.0,small,1.777778,1.6<=ar<2.1,False,Small Car|small|1.6<=ar<2.1,matched_GT_box_nonangular,matched_GT_class_via_class_constrained_match,matched_prediction_box_nonangular,/home/rspip/cqc/data/dataset/fair1m1.0/split/val_20/images/590__1024__0___0.png,0bb67a796ed0ba503e3d6181d63136ee8e7edcb9309465e2eca6e92bcd247abb,1024,1024,740.54,966.53,716.54,942.53,764.54,990.53,692,918,789,1015,crops/7fccbe2f74a4bada.jpg,b7fb534ce45166a1f9a6a1bd7ee8d3c251f5c1b01ad144dac20125575fc1b1cd,/home/rspip/cqc/pro/study/orientbench/outputs/persistent_artifacts/m069_fullval_reliability/D/matched_fullval.jsonl,fe2c0b3690e12793f898c0c7a5ce100806567e39f4b3671e9b1e2af5fb8c3bbf,49656,20360715,107
fbe650b1bdf5daa4,DIOR-R,21867,6,vehicle,101.0,small,2.475248,ar>=2.1,True,vehicle|small|ar>=2.1,matched_GT_box_nonangular,matched_GT_class_via_class_constrained_match,matched_prediction_box_nonangular,/home/rspip/cqc/data/dataset/DIOR/images/test/21867.jpg,a176ea956d3a46ba4610908083436a341b4aee1b304c005c8b3354fb9f4acef1,800,800,395.71,22.52,371.71,0.0,419.71,46.52,347,0,444,71,crops/fbe650b1bdf5daa4.jpg,ecce360aab5979a05c4ada67f7182ca378f12187a295dbd65a497173fb199517,/home/rspip/cqc/pro/study/orientbench/outputs/persistent_artifacts/m069_fullval_reliability/A/matched_fullval.jsonl,00e554fbc45dfd6ab0d964800920e101411bc2ee1e218f575a0eafcfde63761e,58005,20260712,447
05082014fe972812,FAIR1M-v1.0,1197__1024__0___0,3,Small Car,168.0,small,1.904762,1.6<=ar<2.1,False,Small Car|small|1.6<=ar<2.1,matched_GT_box_nonangular,matched_GT_class_via_class_constrained_match,matched_prediction_box_nonangular,/home/rspip/cqc/data/dataset/fair1m1.0/split/val_20/images/1197__1024__0___0.png,f8e531ad5603c3704f78e3a83a5653c39e5a8155a135793b97f8ce7c533be7a1,1024,1024,407.24,761.81,383.24,737.81,431.24,785.81,359,713,456,810,crops/05082014fe972812.jpg,a3b7829a3df9a9eb783bdaf91605bf64f8efc39134c78f4a01d350daae45e047,/home/rspip/cqc/pro/study/orientbench/outputs/persistent_artifacts/m069_fullval_reliability/D/matched_fullval.jsonl,fe2c0b3690e12793f898c0c7a5ce100806567e39f4b3671e9b1e2af5fb8c3bbf,54263,20360715,489
e81553fc128cac81,FAIR1M-v1.0,15104__1024__0___0,13,Small Car,156.2227,small,3.194805,ar>=2.1,True,Small Car|small|ar>=2.1,matched_GT_box_nonangular,matched_GT_class_via_class_constrained_match,matched_prediction_box_nonangular,/home/rspip/cqc/data/dataset/fair1m1.0/split/val_20/images/15104__1024__0___0.png,26b09b8764c83d8588403cc337484ab56cf6da08507dd86a23cd8afce2e5d647,1024,1024,909.75,924.04,885.75,900.04,933.75,948.04,861,876,958,973,crops/e81553fc128cac81.jpg,4d3feba02c42f1fe4745efa025048c52baee6e7b6f2909196aca0324b0ca52d4,/home/rspip/cqc/pro/study/orientbench/outputs/persistent_artifacts/m069_fullval_reliability/D/matched_fullval.jsonl,fe2c0b3690e12793f898c0c7a5ce100806567e39f4b3671e9b1e2af5fb8c3bbf,5816,20360715,218
bc1fd4d6d3960de3,DIOR-R,17031,3,airplane,1979.9993,medium,1.527778,ar<1.6,False,airplane|medium|ar<1.6,matched_GT_box_nonangular,matched_GT_class_via_class_constrained_match,matched_prediction_box_nonangular,/home/rspip/cqc/data/dataset/DIOR/images/test/17031.jpg,7c3142a535c26aa0b48e6d643e84c6fc4361b9ad27432e698363ab026197aa2c,800,800,542.29,503.46,512.24,473.4,572.35,533.51,493,454,592,553,crops/bc1fd4d6d3960de3.jpg,711156fd5fe8bee45e5b0fbeed93ce34abfaf6461f56671a73ac63db978afe89,/home/rspip/cqc/pro/study/orientbench/outputs/persistent_artifacts/m069_fullval_reliability/A/matched_fullval.jsonl,00e554fbc45dfd6ab0d964800920e101411bc2ee1e218f575a0eafcfde63761e,377,20260712,154
4f3c434881c5d57f,FAIR1M-v1.0,5121__1024__0___0,5,Small Car,253.0,small,1.747036,1.6<=ar<2.1,False,Small Car|small|1.6<=ar<2.1,matched_GT_box_nonangular,matched_GT_class_via_class_constrained_match,matched_prediction_box_nonangular,/home/rspip/cqc/data/dataset/fair1m1.0/split/val_20/images/5121__1024__0___0.png,fb14bf34c1560723b39ab2d166fd059a5b75378982201bfe8a27d413bbade72e,1024,1024,235.81,473.49,211.81,449.49,259.81,497.49,187,425,284,522,crops/4f3c434881c5d57f.jpg,e88d34ae4eb98f46aacf000961f8672643eb83d9b68f7268cdf5591ef41a1b77,/home/rspip/cqc/pro/study/orientbench/outputs/persistent_artifacts/m069_fullval_reliability/D/matched_fullval.jsonl,fe2c0b3690e12793f898c0c7a5ce100806567e39f4b3671e9b1e2af5fb8c3bbf,32661,20360715,412
9a1a44f3c8901ab0,FAIR1M-v1.0,11017__1024__0___0,44,Van,171.0408,small,2.678572,ar>=2.1,True,Van|small|ar>=2.1,matched_GT_box_nonangular,matched_GT_class_via_class_constrained_match,matched_prediction_box_nonangular,/home/rspip/cqc/data/dataset/fair1m1.0/split/val_20/images/11017__1024__0___0.png,d7cfa7922275b6ddd8994076a6cec60f83007a06450c936ed5151956c75924ce,1024,1024,778.45,369.16,754.45,345.16,802.45,393.16,730,321,827,418,crops/9a1a44f3c8901ab0.jpg,abf3bb38f9994886023a618038657e024265d968e65a16fec4773c571954e260,/home/rspip/cqc/pro/study/orientbench/outputs/persistent_artifacts/m069_fullval_reliability/D/matched_fullval.jsonl,fe2c0b3690e12793f898c0c7a5ce100806567e39f4b3671e9b1e2af5fb8c3bbf,244,20360715,162
905ea71752531836,SODA-A,01251__800__2400___1800,104,small-vehicle,123.1979,small,1.844642,1.6<=ar<2.1,False,small-vehicle|small|1.6<=ar<2.1,matched_GT_box_nonangular,matched_GT_class_via_class_constrained_match,matched_prediction_box_nonangular,/home/rspip/cqc/data/dataset/SODA-A/dota_format_tiled_ss/val_tiled/images/01251__800__2400___1800.jpg,fd168525e6c5f206697cb68ec590bfb184ae04d136112c99966290f582127150,800,800,20.83,582.32,0.0,558.32,44.83,606.32,0,534,69,631,crops/905ea71752531836.jpg,85c8040493e3991d015d70781b583c50b50d5eccbe5449645be2ff140721a52c,/home/rspip/cqc/pro/study/orientbench/outputs/persistent_artifacts/m069_fullval_reliability/E/matched_fullval.jsonl,337470223fae218aa2969ae8f974a447e6666d22f02830a7a933ea3dadbd72c9,186635,20460718,297
3e63636af36baff1,FAIR1M-v1.0,11659__1024__0___0,20,Small Car,153.0,small,1.888889,1.6<=ar<2.1,False,Small Car|small|1.6<=ar<2.1,matched_GT_box_nonangular,matched_GT_class_via_class_constrained_match,matched_prediction_box_nonangular,/home/rspip/cqc/data/dataset/fair1m1.0/split/val_20/images/11659__1024__0___0.png,364c2fc4ce61b8496595a8e8e09c69add22dca4dd8a18fb19b99483cf1e6bda6,1024,1024,66.55,270.68,42.55,246.68,90.55,294.68,18,222,115,319,crops/3e63636af36baff1.jpg,9a987ff2206ef3223daba43dd340d0a13f24110c19cc6faed38c6be8d2e131c0,/home/rspip/cqc/pro/study/orientbench/outputs/persistent_artifacts/m069_fullval_reliability/D/matched_fullval.jsonl,fe2c0b3690e12793f898c0c7a5ce100806567e39f4b3671e9b1e2af5fb8c3bbf,19426,20360715,159
129f458ad04ac8a9,FAIR1M-v1.0,12601__1024__0___0,5,other-airplane,6151.0246,medium,1.123067,ar<1.6,False,other-airplane|medium|ar<1.6,matched_GT_box_nonangular,matched_GT_class_via_class_constrained_match,matched_prediction_box_nonangular,/home/rspip/cqc/data/dataset/fair1m1.0/split/val_20/images/12601__1024__0___0.png,a62246130e2f4427557c126b5dee950939515255395ace52ebd2b21c2948cc7f,1024,1024,160.2,488.92,115.29,444.0,205.11,533.83,86,415,234,563,crops/129f458ad04ac8a9.jpg,b652a12502caff4dd92365160da5d6feb315beed7810c8cae6ddbb2e4f9b5e8c,/home/rspip/cqc/pro/study/orientbench/outputs/persistent_artifacts/m069_fullval_reliability/D/matched_fullval.jsonl,fe2c0b3690e12793f898c0c7a5ce100806567e39f4b3671e9b1e2af5fb8c3bbf,21712,20360715,43
8e56ac53539699d1,SODA-A,00967__800__0___1800,61,small-vehicle,258.7475,small,2.464796,ar>=2.1,True,small-vehicle|small|ar>=2.1,matched_GT_box_nonangular,matched_GT_class_via_class_constrained_match,matched_prediction_box_nonangular,/home/rspip/cqc/data/dataset/SODA-A/dota_format_tiled_ss/val_tiled/images/00967__800__0___1800.jpg,5d7b425517aec939d8a4151eb6659de704bedfef6b15fa4218febb310265e72f,800,800,737.86,79.01,713.86,55.01,761.86,103.01,689,31,786,128,crops/8e56ac53539699d1.jpg,80ebfafac0a4c6874b21852f5f246f1eba26f4b23fba6bbeda95197ac63c59ee,/home/rspip/cqc/pro/study/orientbench/outputs/persistent_artifacts/m069_fullval_reliability/E/matched_fullval.jsonl,337470223fae218aa2969ae8f974a447e6666d22f02830a7a933ea3dadbd72c9,31775,20460718,416
4d640a4a492e7b53,DIOR-R,15950,0,vehicle,1025.0002,medium,2.77561,ar>=2.1,True,vehicle|medium|ar>=2.1,matched_GT_box_nonangular,matched_GT_class_via_class_constrained_match,matched_prediction_box_nonangular,/home/rspip/cqc/data/dataset/DIOR/images/test/15950.jpg,7216b73f8a0b455135a3ee9aa06772af9158c325a3c2d4f9cce2ffd607499260,800,800,600.3,631.97,569.68,601.34,630.93,662.59,550,581,651,683,crops/4d640a4a492e7b53.jpg,f03b87fa2898e315f09a554f388f5d71ca14e0ced6bbdbd31b09126b6353c12f,/home/rspip/cqc/pro/study/orientbench/outputs/persistent_artifacts/m069_fullval_reliability/A/matched_fullval.jsonl,00e554fbc45dfd6ab0d964800920e101411bc2ee1e218f575a0eafcfde63761e,5461,20260712,236
30afd0ef2dff8a7b,SODA-A,01145__800__2400___0,22,small-vehicle,87.1782,small,1.769691,1.6<=ar<2.1,False,small-vehicle|small|1.6<=ar<2.1,matched_GT_box_nonangular,matched_GT_class_via_class_constrained_match,matched_prediction_box_nonangular,/home/rspip/cqc/data/dataset/SODA-A/dota_format_tiled_ss/val_tiled/images/01145__800__2400___0.jpg,cee3e8a472899b5a0ab7a82a33a930e6f80fcd04f6822d2cb7697513a5329972,800,800,312.5,246.7,288.5,222.7,336.5,270.7,264,198,361,295,crops/30afd0ef2dff8a7b.jpg,d7076132c175a3f925f98c90c887e3da48a1a22db4e0d551232d7edb05f6eda8,/home/rspip/cqc/pro/study/orientbench/outputs/persistent_artifacts/m069_fullval_reliability/E/matched_fullval.jsonl,337470223fae218aa2969ae8f974a447e6666d22f02830a7a933ea3dadbd72c9,162071,20460718,296
3d637368610dc668,FAIR1M-v1.0,3588__1024__0___0,124,Bus,630.9999,small,3.252577,ar>=2.1,True,Bus|small|ar>=2.1,matched_GT_box_nonangular,matched_GT_class_via_class_constrained_match,matched_prediction_box_nonangular,/home/rspip/cqc/data/dataset/fair1m1.0/split/val_20/images/3588__1024__0___0.png,fc6c46a0e446c6c2660a49a50e8daf49585119df0164f5623f375ecf5a372f67,1024,1024,557.18,641.04,532.4,616.26,581.96,665.82,509,593,606,690,crops/3d637368610dc668.jpg,b0db1588874e803ef97513858baa570ed4791c14787ec2508dbc7b25d2f8fad0,/home/rspip/cqc/pro/study/orientbench/outputs/persistent_artifacts/m069_fullval_reliability/D/matched_fullval.jsonl,fe2c0b3690e12793f898c0c7a5ce100806567e39f4b3671e9b1e2af5fb8c3bbf,11979,20360715,190
47dd8544c36dd269,DIOR-R,22289,2,storagetank,891.0,small,1.222222,ar<1.6,False,storagetank|small|ar<1.6,matched_GT_box_nonangular,matched_GT_class_via_class_constrained_match,matched_prediction_box_nonangular,/home/rspip/cqc/data/dataset/DIOR/images/test/22289.jpg,1b586ac8ece42daed4b7445b101830736c5ecac467d021ebef38059274b7ffb5,800,800,584.51,237.38,560.51,213.38,608.51,261.38,536,189,633,286,crops/47dd8544c36dd269.jpg,6c888f77a8108276e811d5c018ac5990b3a99da3e9376ac9af7650237c143fe7,/home/rspip/cqc/pro/study/orientbench/outputs/persistent_artifacts/m069_fullval_reliability/A/matched_fullval.jsonl,00e554fbc45dfd6ab0d964800920e101411bc2ee1e218f575a0eafcfde63761e,67390,20260712,309
ea203777c3f8871a,SODA-A,02249__800__1800___1023,4,container,748.8554,small,4.948442,ar>=2.1,True,container|small|ar>=2.1,matched_GT_box_nonangular,matched_GT_class_via_class_constrained_match,matched_prediction_box_nonangular,/home/rspip/cqc/data/dataset/SODA-A/dota_format_tiled_ss/val_tiled/images/02249__800__1800___1023.jpg,afc8dff6c0cdec054c83148be70c6a3f09eeb97c05ca048f963f519e86df9f85,800,800,141.04,34.59,108.94,2.49,173.14,66.69,88,0,194,88,crops/ea203777c3f8871a.jpg,ef06e577195fb7841b0ff448fc867d516d8340fcaff97c8803dbed222fce2d23,/home/rspip/cqc/pro/study/orientbench/outputs/persistent_artifacts/m069_fullval_reliability/E/matched_fullval.jsonl,337470223fae218aa2969ae8f974a447e6666d22f02830a7a933ea3dadbd72c9,210957,20460718,369
ec093c884db655a2,SODA-A,01877__800__3000___1944,252,small-vehicle,127.3429,small,2.30714,ar>=2.1,True,small-vehicle|small|ar>=2.1,matched_GT_box_nonangular,matched_GT_class_via_class_constrained_match,matched_prediction_box_nonangular,/home/rspip/cqc/data/dataset/SODA-A/dota_format_tiled_ss/val_tiled/images/01877__800__3000___1944.jpg,83a1f4fec3d6ddf038b8620feb5ded64182cfd8c3f313d95277a66bbb6ee955d,800,800,740.35,763.56,716.35,739.56,764.35,787.56,692,715,789,800,crops/ec093c884db655a2.jpg,e4a0ff8f81e6a8c1dd69d3e8fe97566584300582599a01dd47c0e0200ba5e4ec,/home/rspip/cqc/pro/study/orientbench/outputs/persistent_artifacts/m069_fullval_reliability/E/matched_fullval.jsonl,337470223fae218aa2969ae8f974a447e6666d22f02830a7a933ea3dadbd72c9,288546,20460718,386
52653c939e4c15ed,FAIR1M-v1.0,3176__1024__0___0,71,Van,150.0,small,2.586667,ar>=2.1,True,Van|small|ar>=2.1,matched_GT_box_nonangular,matched_GT_class_via_class_constrained_match,matched_prediction_box_nonangular,/home/rspip/cqc/data/dataset/fair1m1.0/split/val_20/images/3176__1024__0___0.png,936ec8c4d98d6ac104e84ff382798ff22c1a7df8d30301285520f903f1741173,1024,1024,582.93,300.5,558.93,276.5,606.93,324.5,534,252,631,349,crops/52653c939e4c15ed.jpg,263647df8dc447a0488f244cc9574eb1f2890cd7bd62ed860b12686112b0a453,/home/rspip/cqc/pro/study/orientbench/outputs/persistent_artifacts/m069_fullval_reliability/D/matched_fullval.jsonl,fe2c0b3690e12793f898c0c7a5ce100806567e39f4b3671e9b1e2af5fb8c3bbf,28841,20360715,341
56a7ecde48a29745,FAIR1M-v1.0,6446__1024__0___824,1,Dry Cargo Ship,15238.7131,large,8.556433,ar>=2.1,True,Dry Cargo Ship|large|ar>=2.1,matched_GT_box_nonangular,matched_GT_class_via_class_constrained_match,matched_prediction_box_nonangular,/home/rspip/cqc/data/dataset/fair1m1.0/split/val_20/images/6446__1024__0___824.png,d5a58fa342f8996982035c9fc95e54ac7091c70b051312332e294b0d3153083a,1024,1024,743.81,847.53,553.38,657.1,934.24,1024.0,432,535,1024,1024,crops/56a7ecde48a29745.jpg,41ff32052320fa1159d9731d0939a55ecf81e8ebe97a8fe938d65dd454376cc8,/home/rspip/cqc/pro/study/orientbench/outputs/persistent_artifacts/m069_fullval_reliability/D/matched_fullval.jsonl,fe2c0b3690e12793f898c0c7a5ce100806567e39f4b3671e9b1e2af5fb8c3bbf,36643,20360715,187
fc2ccb14e2f3e01e,SODA-A,00128__800__600___1800,30,small-vehicle,88.1921,small,1.720152,1.6<=ar<2.1,False,small-vehicle|small|1.6<=ar<2.1,matched_GT_box_nonangular,matched_GT_class_via_class_constrained_match,matched_prediction_box_nonangular,/home/rspip/cqc/data/dataset/SODA-A/dota_format_tiled_ss/val_tiled/images/00128__800__600___1800.jpg,efd2538c3f02edc607f5083efaa99ba578c56cbc172c81645ad4e16ade3ae1cf,800,800,141.61,575.97,117.61,551.97,165.61,599.97,93,527,190,624,crops/fc2ccb14e2f3e01e.jpg,828d85d941d1e91bff4b625f98422b5e95f49ef478ed0d66bc269ece4ee5c3e4,/home/rspip/cqc/pro/study/orientbench/outputs/persistent_artifacts/m069_fullval_reliability/E/matched_fullval.jsonl,337470223fae218aa2969ae8f974a447e6666d22f02830a7a933ea3dadbd72c9,28066,20460718,137
b563d9f6ead4a4c7,SODA-A,01447__800__0___1800,53,large-vehicle,1000.4159,small,6.695884,ar>=2.1,True,large-vehicle|small|ar>=2.1,matched_GT_box_nonangular,matched_GT_class_via_class_constrained_match,matched_prediction_box_nonangular,/home/rspip/cqc/data/dataset/SODA-A/dota_format_tiled_ss/val_tiled/images/01447__800__0___1800.jpg,78cf8ee7b6a1471177f7891012fd36bcdb437a5c879097f21dbf6478667a5cae,800,800,150.33,167.1,109.15,125.92,191.51,208.28,82,99,218,235,crops/b563d9f6ead4a4c7.jpg,128f133fb3a5ea194c5159475ae178fbb224f9a2d686a3f22104572cffd20a26,/home/rspip/cqc/pro/study/orientbench/outputs/persistent_artifacts/m069_fullval_reliability/E/matched_fullval.jsonl,337470223fae218aa2969ae8f974a447e6666d22f02830a7a933ea3dadbd72c9,231314,20460718,14
f3276b3aeb3f4ce5,DIOR-R,12038,60,vehicle,58.0,small,1.465517,ar<1.6,False,vehicle|small|ar<1.6,matched_GT_box_nonangular,matched_GT_class_via_class_constrained_match,matched_prediction_box_nonangular,/home/rspip/cqc/data/dataset/DIOR/images/test/12038.jpg,e98b1eba09871c1417fb5e7223a076183a90e368685580aaa237a812da4ee0a0,800,800,771.96,325.0,747.96,301.0,795.96,349.0,723,277,800,374,crops/f3276b3aeb3f4ce5.jpg,7d0fa92ded0acbd62cdd8087ec5c3631497666d922c237efe081048782d1833b,/home/rspip/cqc/pro/study/orientbench/outputs/persistent_artifacts/m069_fullval_reliability/A/matched_fullval.jsonl,00e554fbc45dfd6ab0d964800920e101411bc2ee1e218f575a0eafcfde63761e,41867,20260712,55
1bb2b2326864db99,FAIR1M-v1.0,2570__1024__0___0,48,Dump Truck,175.9083,small,3.32,ar>=2.1,True,Dump Truck|small|ar>=2.1,matched_GT_box_nonangular,matched_GT_class_via_class_constrained_match,matched_prediction_box_nonangular,/home/rspip/cqc/data/dataset/fair1m1.0/split/val_20/images/2570__1024__0___0.png,2e6c5812f45404a64a75f8912b3f751f619e8bc590c11bb893156f9cbc978648,1024,1024,376.14,19.73,352.14,0.0,400.14,43.73,328,0,425,68,crops/1bb2b2326864db99.jpg,99182fcd289db584f163a5fdd492c2b4a1b812085bb90e6218d56e966216a7b8,/home/rspip/cqc/pro/study/orientbench/outputs/persistent_artifacts/m069_fullval_reliability/D/matched_fullval.jsonl,fe2c0b3690e12793f898c0c7a5ce100806567e39f4b3671e9b1e2af5fb8c3bbf,50697,20360715,163
1e02d428965a0211,SODA-A,01284__800__600___1200,17,small-vehicle,198.9599,small,3.239175,ar>=2.1,True,small-vehicle|small|ar>=2.1,matched_GT_box_nonangular,matched_GT_class_via_class_constrained_match,matched_prediction_box_nonangular,/home/rspip/cqc/data/dataset/SODA-A/dota_format_tiled_ss/val_tiled/images/01284__800__600___1200.jpg,760567e3cebb59a08fd5aaa618f5a743672186ae86882f36dbdf01d6e481ef1d,800,800,707.94,741.66,683.94,717.66,731.94,765.66,659,693,756,790,crops/1e02d428965a0211.jpg,9cca62a5a16086ba2cc663399f94f94c064c9f8330a545aca058c1158d08b13b,/home/rspip/cqc/pro/study/orientbench/outputs/persistent_artifacts/m069_fullval_reliability/E/matched_fullval.jsonl,337470223fae218aa2969ae8f974a447e6666d22f02830a7a933ea3dadbd72c9,163284,20460718,479
75bb9116f3c34c09,SODA-A,02443__800__0___1800,16,container,196.5642,small,5.640317,ar>=2.1,True,container|small|ar>=2.1,matched_GT_box_nonangular,matched_GT_class_via_class_constrained_match,matched_prediction_box_nonangular,/home/rspip/cqc/data/dataset/SODA-A/dota_format_tiled_ss/val_tiled/images/02443__800__0___1800.jpg,76376724192b17fe06d775829da310eeb9eb8ca95b0c10cb57159a391312b5d6,800,800,788.26,719.97,764.26,695.97,800.0,743.97,740,671,800,768,crops/75bb9116f3c34c09.jpg,b4fdda8db338b2f3951ed5f88e7152f69993ad3a433f905ace66be8963957478,/home/rspip/cqc/pro/study/orientbench/outputs/persistent_artifacts/m069_fullval_reliability/E/matched_fullval.jsonl,337470223fae218aa2969ae8f974a447e6666d22f02830a7a933ea3dadbd72c9,47474,20460718,239
c97d6709d7d4757a,FAIR1M-v1.0,12808__1024__824___0,1,Dry Cargo Ship,5690.0001,medium,5.695079,ar>=2.1,True,Dry Cargo Ship|medium|ar>=2.1,matched_GT_box_nonangular,matched_GT_class_via_class_constrained_match,matched_prediction_box_nonangular,/home/rspip/cqc/data/dataset/fair1m1.0/split/val_20/images/12808__1024__824___0.png,c4f51a1ad65359f1cd8e55f86e63a4636d3eb2e19b27d6062f769d82eebaeb24,1024,1024,347.45,664.18,248.87,565.6,446.02,762.75,186,502,509,826,crops/c97d6709d7d4757a.jpg,f2392947ff8a7b3e5c452b76870d936f626d7267d25ef0a187706a5ad3c9b674,/home/rspip/cqc/pro/study/orientbench/outputs/persistent_artifacts/m069_fullval_reliability/D/matched_fullval.jsonl,fe2c0b3690e12793f898c0c7a5ce100806567e39f4b3671e9b1e2af5fb8c3bbf,29161,20360715,132
c47d013701381a3d,FAIR1M-v1.0,1900__1024__0___0,221,Dump Truck,208.0,small,3.25,ar>=2.1,True,Dump Truck|small|ar>=2.1,matched_GT_box_nonangular,matched_GT_class_via_class_constrained_match,matched_prediction_box_nonangular,/home/rspip/cqc/data/dataset/fair1m1.0/split/val_20/images/1900__1024__0___0.png,1b299519038d603803fa47a7da864872d6149c0cb344d87f5f58a3a02b540081,1024,1024,180.64,982.2,156.64,958.2,204.64,1006.2,132,934,229,1024,crops/c47d013701381a3d.jpg,95e8afd1fa4ef86d548c7adb88193dc085b6f6dbd70fc3b475e1e3e9d9b61e1e,/home/rspip/cqc/pro/study/orientbench/outputs/persistent_artifacts/m069_fullval_reliability/D/matched_fullval.jsonl,fe2c0b3690e12793f898c0c7a5ce100806567e39f4b3671e9b1e2af5fb8c3bbf,24905,20360715,242
56b495f36311def3,SODA-A,01875__800__3600___1985,12,small-vehicle,222.4093,small,2.111857,ar>=2.1,True,small-vehicle|small|ar>=2.1,matched_GT_box_nonangular,matched_GT_class_via_class_constrained_match,matched_prediction_box_nonangular,/home/rspip/cqc/data/dataset/SODA-A/dota_format_tiled_ss/val_tiled/images/01875__800__3600___1985.jpg,f66a60f8a1910064c8fb1d328ccb4328ac4087f655ea02cde5e50e0927312f6b,800,800,734.25,112.72,710.25,88.72,758.25,136.72,686,64,783,161,crops/56b495f36311def3.jpg,61ec939615af7070c66e46cfdb73fdf77285374c7a0d1c63f0f4ed2c9731f1a8,/home/rspip/cqc/pro/study/orientbench/outputs/persistent_artifacts/m069_fullval_reliability/E/matched_fullval.jsonl,337470223fae218aa2969ae8f974a447e6666d22f02830a7a933ea3dadbd72c9,123744,20460718,397
c3774ced28358a16,FAIR1M-v1.0,5879__1024__2472___2976,20,A350,14372.0041,large,1.181534,ar<1.6,False,A350|large|ar<1.6,matched_GT_box_nonangular,matched_GT_class_via_class_constrained_match,matched_prediction_box_nonangular,/home/rspip/cqc/data/dataset/fair1m1.0/split/val_20/images/5879__1024__2472___2976.png,fb3d538b866d47359245bac8630b24e6b142b78ebbf6bff3f403b88e15480e76,1024,1024,282.55,81.84,207.24,6.53,357.85,157.14,159,0,406,206,crops/c3774ced28358a16.jpg,1833fb0886e75e34b0482e795338b6f51a8472206237bb5c4dbbb85c2289fac3,/home/rspip/cqc/pro/study/orientbench/outputs/persistent_artifacts/m069_fullval_reliability/D/matched_fullval.jsonl,fe2c0b3690e12793f898c0c7a5ce100806567e39f4b3671e9b1e2af5fb8c3bbf,27747,20360715,424
91760b4ad5c3be9e,DIOR-R,20444,4,ship,1667.9997,medium,2.875899,ar>=2.1,True,ship|medium|ar>=2.1,matched_GT_box_nonangular,matched_GT_class_via_class_constrained_match,matched_prediction_box_nonangular,/home/rspip/cqc/data/dataset/DIOR/images/test/20444.jpg,9f6e0c2abad9a5a666ecfc94305047bb24f2dd0d142046e45ec9fe90acd98255,800,800,271.66,328.52,235.12,291.98,308.21,365.07,211,268,332,389,crops/91760b4ad5c3be9e.jpg,0b03c5bd57ff475c11c1d5d58798cf7e2735b4d587b4da4f6be82004c1747e68,/home/rspip/cqc/pro/study/orientbench/outputs/persistent_artifacts/m069_fullval_reliability/A/matched_fullval.jsonl,00e554fbc45dfd6ab0d964800920e101411bc2ee1e218f575a0eafcfde63761e,40125,20260712,483
08d2f445bf4d9385,FAIR1M-v1.0,13687__1024__0___0,42,Van,178.9137,small,1.828571,1.6<=ar<2.1,False,Van|small|1.6<=ar<2.1,matched_GT_box_nonangular,matched_GT_class_via_class_constrained_match,matched_prediction_box_nonangular,/home/rspip/cqc/data/dataset/fair1m1.0/split/val_20/images/13687__1024__0___0.png,74e91d81999ef204805f351aa183bbd3452c0441791f20e19dcbfe937965b002,1024,1024,443.54,63.47,419.54,39.47,467.54,87.47,395,15,492,112,crops/08d2f445bf4d9385.jpg,7e128c46c485328d1c42b978dd0b38fdc2334a12ab84ee490f9bebdd417b478a,/home/rspip/cqc/pro/study/orientbench/outputs/persistent_artifacts/m069_fullval_reliability/D/matched_fullval.jsonl,fe2c0b3690e12793f898c0c7a5ce100806567e39f4b3671e9b1e2af5fb8c3bbf,12151,20360715,415
e3dc811f747babb2,DIOR-R,15060,16,harbor,37694.0002,large,1.367459,ar<1.6,False,harbor|large|ar<1.6,matched_GT_box_nonangular,matched_GT_class_via_class_constrained_match,matched_prediction_box_nonangular,/home/rspip/cqc/data/dataset/DIOR/images/test/15060.jpg,5cc90fc3b32db75974fc8d974994a4052b5f02b2b4137db959589cba3ef6ca8e,800,800,655.06,527.59,529.66,402.19,780.46,652.99,449,322,800,733,crops/e3dc811f747babb2.jpg,73327e0e3a4f2ae6b061de03780cfc1e31253b95fa1c4d1fecd10034821892ca,/home/rspip/cqc/pro/study/orientbench/outputs/persistent_artifacts/m069_fullval_reliability/A/matched_fullval.jsonl,00e554fbc45dfd6ab0d964800920e101411bc2ee1e218f575a0eafcfde63761e,85563,20260712,237
81d934df4d3acf46,FAIR1M-v1.0,8860__1024__0___0,78,Van,163.0,small,1.920245,1.6<=ar<2.1,False,Van|small|1.6<=ar<2.1,matched_GT_box_nonangular,matched_GT_class_via_class_constrained_match,matched_prediction_box_nonangular,/home/rspip/cqc/data/dataset/fair1m1.0/split/val_20/images/8860__1024__0___0.png,3298d4facfcc1790c63961ccd788cacb0ac256477ecacce046a07a76e7b352ad,1024,1024,639.38,237.33,615.38,213.33,663.38,261.33,591,189,688,286,crops/81d934df4d3acf46.jpg,250d4eb3a26a4b9c500e33ba03f259eb820b021a07729cd1f69104edcd72b5b5,/home/rspip/cqc/pro/study/orientbench/outputs/persistent_artifacts/m069_fullval_reliability/D/matched_fullval.jsonl,fe2c0b3690e12793f898c0c7a5ce100806567e39f4b3671e9b1e2af5fb8c3bbf,13562,20360715,459
14381be7c19b225b,SODA-A,00256__800__0___1944,67,small-vehicle,63.1616,small,1.890463,1.6<=ar<2.1,False,small-vehicle|small|1.6<=ar<2.1,matched_GT_box_nonangular,matched_GT_class_via_class_constrained_match,matched_prediction_box_nonangular,/home/rspip/cqc/data/dataset/SODA-A/dota_format_tiled_ss/val_tiled/images/00256__800__0___1944.jpg,efd77ea20a7b9d8e5c9552197e96260a8255b2125595bf15b1b1c1c155a1b2a6,800,800,421.46,98.69,397.46,74.69,445.46,122.69,373,50,470,147,crops/14381be7c19b225b.jpg,f1f74cd51b3882cf7c3e18ae70f7f1e8404ab7bc6af3363883aa1eefc2d39eb1,/home/rspip/cqc/pro/study/orientbench/outputs/persistent_artifacts/m069_fullval_reliability/E/matched_fullval.jsonl,337470223fae218aa2969ae8f974a447e6666d22f02830a7a933ea3dadbd72c9,263555,20460718,412
fc5045dd9772e2e2,DIOR-R,16672,26,vehicle,48.4,small,2.0,1.6<=ar<2.1,False,vehicle|small|1.6<=ar<2.1,matched_GT_box_nonangular,matched_GT_class_via_class_constrained_match,matched_prediction_box_nonangular,/home/rspip/cqc/data/dataset/DIOR/images/test/16672.jpg,98358c3394d07ea4607a4d212a12ae521a10a46584b9675ee08f98920484c4bc,800,800,117.39,188.37,93.39,164.37,141.39,212.37,69,140,166,237,crops/fc5045dd9772e2e2.jpg,5e1dcb651b25140fb94fcd1bb50ba765151c841a8daf0b4f529a66ece594d9d3,/home/rspip/cqc/pro/study/orientbench/outputs/persistent_artifacts/m069_fullval_reliability/A/matched_fullval.jsonl,00e554fbc45dfd6ab0d964800920e101411bc2ee1e218f575a0eafcfde63761e,18386,20260712,92
e1bece22e410dd0f,DIOR-R,19917,49,ship,207.0,small,2.555556,ar>=2.1,True,ship|small|ar>=2.1,matched_GT_box_nonangular,matched_GT_class_via_class_constrained_match,matched_prediction_box_nonangular,/home/rspip/cqc/data/dataset/DIOR/images/test/19917.jpg,5f06200d201f3dd9191e957eadde1d7e4b7ddd2065409e1b8744507041062054,800,800,301.66,417.78,277.66,393.78,325.66,441.78,253,369,350,466,crops/e1bece22e410dd0f.jpg,34a83c20bba205c8c680588a2a163aebaa5f071f72f42d353dc41bd92bc4170c,/home/rspip/cqc/pro/study/orientbench/outputs/persistent_artifacts/m069_fullval_reliability/A/matched_fullval.jsonl,00e554fbc45dfd6ab0d964800920e101411bc2ee1e218f575a0eafcfde63761e,55349,20260712,158
2f9777a906791220,SODA-A,01316__800__2400___1944,7,storage-tank,510.934,small,1.022278,ar<1.6,False,storage-tank|small|ar<1.6,matched_GT_box_nonangular,matched_GT_class_via_class_constrained_match,matched_prediction_box_nonangular,/home/rspip/cqc/data/dataset/SODA-A/dota_format_tiled_ss/val_tiled/images/01316__800__2400___1944.jpg,595f2a6a1182c015b99911cd3c2f5eb749e97d934a34fbdd9adb09d9b8657f81,800,800,451.34,619.62,427.34,595.62,475.34,643.62,403,571,500,668,crops/2f9777a906791220.jpg,b2f439432e4bc8a3180ec9ac4536a867ba0dbba8cd4df2ce010f73a5cc8e0924,/home/rspip/cqc/pro/study/orientbench/outputs/persistent_artifacts/m069_fullval_reliability/E/matched_fullval.jsonl,337470223fae218aa2969ae8f974a447e6666d22f02830a7a933ea3dadbd72c9,300115,20460718,163
7de5cfb9881a2373,SODA-A,01603__800__2400___600,66,small-vehicle,218.2275,small,2.232439,ar>=2.1,True,small-vehicle|small|ar>=2.1,matched_GT_box_nonangular,matched_GT_class_via_class_constrained_match,matched_prediction_box_nonangular,/home/rspip/cqc/data/dataset/SODA-A/dota_format_tiled_ss/val_tiled/images/01603__800__2400___600.jpg,15ee34831b71e10c5932edf225a475c95a187922add199c1558897b16843c9a9,800,800,686.32,15.24,662.32,0.0,710.32,39.24,638,0,735,64,crops/7de5cfb9881a2373.jpg,3c967dd24e0c910b69481aeb1590b8174a9e129d1138cf3362e19c0fa09771db,/home/rspip/cqc/pro/study/orientbench/outputs/persistent_artifacts/m069_fullval_reliability/E/matched_fullval.jsonl,337470223fae218aa2969ae8f974a447e6666d22f02830a7a933ea3dadbd72c9,27302,20460718,273
5069a0a031ebaee2,FAIR1M-v1.0,9254__1024__0___0,1,Intersection,6060.001,medium,1.136964,ar<1.6,False,Intersection|medium|ar<1.6,matched_GT_box_nonangular,matched_GT_class_via_class_constrained_match,matched_prediction_box_nonangular,/home/rspip/cqc/data/dataset/fair1m1.0/split/val_20/images/9254__1024__0___0.png,bac04bd6c61d28d43d1cc1149793d18ccc905d5cb7c238d0cff4205d0859a4e5,1024,1024,443.09,158.16,401.11,116.18,485.07,200.14,374,89,512,227,crops/5069a0a031ebaee2.jpg,2563b9249a19dad956f49f6e4650f0addc0b5aff2ca5596fbabe6b5998acd6a5,/home/rspip/cqc/pro/study/orientbench/outputs/persistent_artifacts/m069_fullval_reliability/D/matched_fullval.jsonl,fe2c0b3690e12793f898c0c7a5ce100806567e39f4b3671e9b1e2af5fb8c3bbf,477,20360715,2
0f0a605b3d92594b,SODA-A,01780__800__1200___0,0,ship,182.0705,small,2.232007,ar>=2.1,True,ship|small|ar>=2.1,matched_GT_box_nonangular,matched_GT_class_via_class_constrained_match,matched_prediction_box_nonangular,/home/rspip/cqc/data/dataset/SODA-A/dota_format_tiled_ss/val_tiled/images/01780__800__1200___0.jpg,90bef12787137e888d81df7131ca64f9ec89fe77c079c1ade1441c7463ba5384,800,800,101.75,694.03,77.75,670.03,125.75,718.03,53,646,150,743,crops/0f0a605b3d92594b.jpg,b90e12a78e81128935167576007500b36922c9de6c54ecd28da8ae81e1c4cb72,/home/rspip/cqc/pro/study/orientbench/outputs/persistent_artifacts/m069_fullval_reliability/E/matched_fullval.jsonl,337470223fae218aa2969ae8f974a447e6666d22f02830a7a933ea3dadbd72c9,68373,20460718,242
c3e9e3eb38c8405d,DIOR-R,22777,15,storagetank,156.0,small,1.083333,ar<1.6,False,storagetank|small|ar<1.6,matched_GT_box_nonangular,matched_GT_class_via_class_constrained_match,matched_prediction_box_nonangular,/home/rspip/cqc/data/dataset/DIOR/images/test/22777.jpg,bfdfd831c79398ae32a72647e81cc368a352af5f10506f15e82292c481affa18,800,800,431.32,62.53,407.32,38.53,455.32,86.53,383,14,480,111,crops/c3e9e3eb38c8405d.jpg,47ab9ead0ba1a6659520fdd8d95f0e53acc7f02ff1ef0284cd9b12235384f673,/home/rspip/cqc/pro/study/orientbench/outputs/persistent_artifacts/m069_fullval_reliability/A/matched_fullval.jsonl,00e554fbc45dfd6ab0d964800920e101411bc2ee1e218f575a0eafcfde63761e,11157,20260712,492
860667d1353a67a9,DIOR-R,19701,22,vehicle,258.8217,small,2.44186,ar>=2.1,True,vehicle|small|ar>=2.1,matched_GT_box_nonangular,matched_GT_class_via_class_constrained_match,matched_prediction_box_nonangular,/home/rspip/cqc/data/dataset/DIOR/images/test/19701.jpg,0309ae5c84347e707ca2374f791ff3d0e9bb704c06063baae489f9f0f3ce3d58,800,800,292.16,114.97,268.16,90.97,316.16,138.97,244,66,341,163,crops/860667d1353a67a9.jpg,92e25b8360e4d51db517292f3831eaec72150ee2b397cfb7ea4e2aeb684dcda6,/home/rspip/cqc/pro/study/orientbench/outputs/persistent_artifacts/m069_fullval_reliability/A/matched_fullval.jsonl,00e554fbc45dfd6ab0d964800920e101411bc2ee1e218f575a0eafcfde63761e,19037,20260712,461
ae5383f9df259c3c,SODA-A,01310__800__3000___1200,22,storage-tank,107.2862,small,1.044419,ar<1.6,False,storage-tank|small|ar<1.6,matched_GT_box_nonangular,matched_GT_class_via_class_constrained_match,matched_prediction_box_nonangular,/home/rspip/cqc/data/dataset/SODA-A/dota_format_tiled_ss/val_tiled/images/01310__800__3000___1200.jpg,91765b947f1d39bb78fc1f7dc9281509169bbe7cfcf1ae048fb601e7f409479a,800,800,431.78,632.02,407.78,608.02,455.78,656.02,383,584,480,681,crops/ae5383f9df259c3c.jpg,08e1f654ae52e2b8bb9e490c47770585ca9b60fcb528b204efcffc05fa29fc45,/home/rspip/cqc/pro/study/orientbench/outputs/persistent_artifacts/m069_fullval_reliability/E/matched_fullval.jsonl,337470223fae218aa2969ae8f974a447e6666d22f02830a7a933ea3dadbd72c9,168206,20460718,367
c73e58a8d640df1d,SODA-A,02024__800__1200___0,17,small-vehicle,363.1033,small,2.109931,ar>=2.1,True,small-vehicle|small|ar>=2.1,matched_GT_box_nonangular,matched_GT_class_via_class_constrained_match,matched_prediction_box_nonangular,/home/rspip/cqc/data/dataset/SODA-A/dota_format_tiled_ss/val_tiled/images/02024__800__1200___0.jpg,c5baf36765436896b26f75bd5050face2ba084656f5245238c7983fe9bf92513,800,800,355.56,393.43,331.56,369.43,379.56,417.43,307,345,404,442,crops/c73e58a8d640df1d.jpg,6638c5f0eeb88bc2c111ed72cfeb6d83812d43574f8d0f7f66bf071af5d63277,/home/rspip/cqc/pro/study/orientbench/outputs/persistent_artifacts/m069_fullval_reliability/E/matched_fullval.jsonl,337470223fae218aa2969ae8f974a447e6666d22f02830a7a933ea3dadbd72c9,266783,20460718,321
61678f8d054d3992,SODA-A,02186__800__600___1985,3,small-vehicle,84.5718,small,2.481748,ar>=2.1,True,small-vehicle|small|ar>=2.1,matched_GT_box_nonangular,matched_GT_class_via_class_constrained_match,matched_prediction_box_nonangular,/home/rspip/cqc/data/dataset/SODA-A/dota_format_tiled_ss/val_tiled/images/02186__800__600___1985.jpg,594e45ba1b5071118c8c3efc1fba5093b8578cd929ee3b5970df84316c0141da,800,800,695.02,604.91,671.02,580.91,719.02,628.91,647,556,744,653,crops/61678f8d054d3992.jpg,76ce308e84f1c82642db2de6512ecbe57b387a8da78c502896841fe3cd16a9ad,/home/rspip/cqc/pro/study/orientbench/outputs/persistent_artifacts/m069_fullval_reliability/E/matched_fullval.jsonl,337470223fae218aa2969ae8f974a447e6666d22f02830a7a933ea3dadbd72c9,287063,20460718,196
86e4898759bfa621,SODA-A,01430__800__600___1935,40,container,41.2715,small,2.267228,ar>=2.1,True,container|small|ar>=2.1,matched_GT_box_nonangular,matched_GT_class_via_class_constrained_match,matched_prediction_box_nonangular,/home/rspip/cqc/data/dataset/SODA-A/dota_format_tiled_ss/val_tiled/images/01430__800__600___1935.jpg,1c0374ee8cb19c6a430d19e75ff991d42ba6b351084e38c52539a7b184727101,800,800,47.29,726.08,23.29,702.08,71.29,750.08,0,678,96,775,crops/86e4898759bfa621.jpg,03f8cb4089aa2d4498fb20324be75e5d21a444d9662914c8d49e2c4bf0942c75,/home/rspip/cqc/pro/study/orientbench/outputs/persistent_artifacts/m069_fullval_reliability/E/matched_fullval.jsonl,337470223fae218aa2969ae8f974a447e6666d22f02830a7a933ea3dadbd72c9,279082,20460718,363
6cc621299b704614,DIOR-R,16892,26,vehicle,264.0,small,2.181818,ar>=2.1,True,vehicle|small|ar>=2.1,matched_GT_box_nonangular,matched_GT_class_via_class_constrained_match,matched_prediction_box_nonangular,/home/rspip/cqc/data/dataset/DIOR/images/test/16892.jpg,6bdbbb2f3c88ea2abfdf6431168b74ae552a64e3706542a6ebc3a777232905df,800,800,775.43,349.63,751.43,325.63,799.43,373.63,727,301,800,398,crops/6cc621299b704614.jpg,ae9cff597c1254f5dda2c2d24fde8059c44b84ba51cfb97964206b377b307850,/home/rspip/cqc/pro/study/orientbench/outputs/persistent_artifacts/m069_fullval_reliability/A/matched_fullval.jsonl,00e554fbc45dfd6ab0d964800920e101411bc2ee1e218f575a0eafcfde63761e,14537,20260712,377
e8a6912665dea1f6,FAIR1M-v1.0,2344__1024__0___0,15,Boeing777,4035.1052,medium,1.603937,1.6<=ar<2.1,False,Boeing777|medium|1.6<=ar<2.1,matched_GT_box_nonangular,matched_GT_class_via_class_constrained_match,matched_prediction_box_nonangular,/home/rspip/cqc/data/dataset/fair1m1.0/split/val_20/images/2344__1024__0___0.png,9317df633a7b5d089543ed1da1d09cc63b9d30e1c4f6ccd9575f6f1cc0e8c325,1024,1024,14.17,384.08,0.0,339.37,58.88,428.8,0,310,88,458,crops/e8a6912665dea1f6.jpg,0afc177b6d3e7f6b03a4369d9f5272a41980c6f69b9df152cdc2dcb9fa67d199,/home/rspip/cqc/pro/study/orientbench/outputs/persistent_artifacts/m069_fullval_reliability/D/matched_fullval.jsonl,fe2c0b3690e12793f898c0c7a5ce100806567e39f4b3671e9b1e2af5fb8c3bbf,2369,20360715,101
3c00a707c37fd583,SODA-A,00051__800__1200___1985,15,small-vehicle,271.3026,small,2.047462,1.6<=ar<2.1,False,small-vehicle|small|1.6<=ar<2.1,matched_GT_box_nonangular,matched_GT_class_via_class_constrained_match,matched_prediction_box_nonangular,/home/rspip/cqc/data/dataset/SODA-A/dota_format_tiled_ss/val_tiled/images/00051__800__1200___1985.jpg,95a62d31bee8805dcd94db14d96d316d57a69515942bc2e05c6af0c07f4373f6,800,800,388.97,245.42,364.97,221.42,412.97,269.42,340,197,437,294,crops/3c00a707c37fd583.jpg,00533024ee19ebceb9d5b678ee7d5c71cb7f8ccdf6cedb9ddd129edfa52ce58a,/home/rspip/cqc/pro/study/orientbench/outputs/persistent_artifacts/m069_fullval_reliability/E/matched_fullval.jsonl,337470223fae218aa2969ae8f974a447e6666d22f02830a7a933ea3dadbd72c9,281084,20460718,109
8f9edc772889336d,DIOR-R,14321,2,overpass,654.0002,small,1.7737,1.6<=ar<2.1,False,overpass|small|1.6<=ar<2.1,matched_GT_box_nonangular,matched_GT_class_via_class_constrained_match,matched_prediction_box_nonangular,/home/rspip/cqc/data/dataset/DIOR/images/test/14321.jpg,036bb8733eacf8a1f1e060e7dcef1282d160f65df6a4976addbf34cd7aeb380e,800,800,225.98,462.12,201.98,438.12,249.98,486.12,177,414,274,511,crops/8f9edc772889336d.jpg,bfbe9165b4a990bfae4b14906956c9f3f2522d0a168237ef0fda1d51b6f8eb40,/home/rspip/cqc/pro/study/orientbench/outputs/persistent_artifacts/m069_fullval_reliability/A/matched_fullval.jsonl,00e554fbc45dfd6ab0d964800920e101411bc2ee1e218f575a0eafcfde63761e,81159,20260712,122
572435f0f7f67ee6,SODA-A,02071__800__3000___1987,10,small-vehicle,155.1477,small,2.719038,ar>=2.1,True,small-vehicle|small|ar>=2.1,matched_GT_box_nonangular,matched_GT_class_via_class_constrained_match,matched_prediction_box_nonangular,/home/rspip/cqc/data/dataset/SODA-A/dota_format_tiled_ss/val_tiled/images/02071__800__3000___1987.jpg,cda78affebf5b3f32598ec5d6dd33c30ed528fd910d77e340650786f425d79a3,800,800,525.12,670.83,501.12,646.83,549.12,694.83,477,622,574,719,crops/572435f0f7f67ee6.jpg,793ac3377fef09a798611a8e315ba420300070f2dac4eb8d9492df3b2924e137,/home/rspip/cqc/pro/study/orientbench/outputs/persistent_artifacts/m069_fullval_reliability/E/matched_fullval.jsonl,337470223fae218aa2969ae8f974a447e6666d22f02830a7a933ea3dadbd72c9,261146,20460718,493
82266f2313b9e104,FAIR1M-v1.0,6707__1024__0___0,5,Basketball Court,5317.2138,medium,1.652389,1.6<=ar<2.1,False,Basketball Court|medium|1.6<=ar<2.1,matched_GT_box_nonangular,matched_GT_class_via_class_constrained_match,matched_prediction_box_nonangular,/home/rspip/cqc/data/dataset/fair1m1.0/split/val_20/images/6707__1024__0___0.png,6c8b3e9271bac460536b66fd095f9ecba8f351b415f3ebe65bd829236cb5ee62,1024,1024,427.35,638.15,378.97,589.77,475.73,686.53,348,558,507,718,crops/82266f2313b9e104.jpg,5e7db4b0872c1415c95da34e389044107cf3a4e16cdbf6bb927a3e09f7ce4c8d,/home/rspip/cqc/pro/study/orientbench/outputs/persistent_artifacts/m069_fullval_reliability/D/matched_fullval.jsonl,fe2c0b3690e12793f898c0c7a5ce100806567e39f4b3671e9b1e2af5fb8c3bbf,13315,20360715,123
38153dc8be349a37,FAIR1M-v1.0,4811__1024__0___0,5,Van,115.0,small,2.304348,ar>=2.1,True,Van|small|ar>=2.1,matched_GT_box_nonangular,matched_GT_class_via_class_constrained_match,matched_prediction_box_nonangular,/home/rspip/cqc/data/dataset/fair1m1.0/split/val_20/images/4811__1024__0___0.png,2bafeb718d755b46f3f9f54ed35e177fec0d3a5c4156fd846a9b441d584a4a2a,1024,1024,771.38,437.78,747.38,413.78,795.38,461.78,723,389,820,486,crops/38153dc8be349a37.jpg,477089c8dc9dbbe250d8eb745a5e104d9aa20414146f60970d15423ea0c8a656,/home/rspip/cqc/pro/study/orientbench/outputs/persistent_artifacts/m069_fullval_reliability/D/matched_fullval.jsonl,fe2c0b3690e12793f898c0c7a5ce100806567e39f4b3671e9b1e2af5fb8c3bbf,21052,20360715,235
034faf734f0393c8,SODA-A,01693__800__2400___600,45,container,558.4514,small,5.183791,ar>=2.1,True,container|small|ar>=2.1,matched_GT_box_nonangular,matched_GT_class_via_class_constrained_match,matched_prediction_box_nonangular,/home/rspip/cqc/data/dataset/SODA-A/dota_format_tiled_ss/val_tiled/images/01693__800__2400___600.jpg,c03f27240c47799937fd2a597c3b8815941d7886ec5a534b732f305412ad218e,800,800,326.38,640.17,296.35,610.14,356.42,670.21,277,591,376,690,crops/034faf734f0393c8.jpg,6492009b713634cbfa1f728add7c0aa4ebc71d6f5aa6cb58afefcf78e4a45434,/home/rspip/cqc/pro/study/orientbench/outputs/persistent_artifacts/m069_fullval_reliability/E/matched_fullval.jsonl,337470223fae218aa2969ae8f974a447e6666d22f02830a7a933ea3dadbd72c9,241052,20460718,270
f5aed09ba3b21d74,SODA-A,02402__800__2400___1800,357,ship,38.4157,small,2.925755,ar>=2.1,True,ship|small|ar>=2.1,matched_GT_box_nonangular,matched_GT_class_via_class_constrained_match,matched_prediction_box_nonangular,/home/rspip/cqc/data/dataset/SODA-A/dota_format_tiled_ss/val_tiled/images/02402__800__2400___1800.jpg,8a504e21daa06fc32258790af7d85a009b6490e1bfc7d915e5819b84d10452e5,800,800,75.91,80.75,51.91,56.75,99.91,104.75,27,32,124,129,crops/f5aed09ba3b21d74.jpg,bb771b60ccced348e216fe33083bd88aa9160fdd32b6f9ad1a534d758eb02032,/home/rspip/cqc/pro/study/orientbench/outputs/persistent_artifacts/m069_fullval_reliability/E/matched_fullval.jsonl,337470223fae218aa2969ae8f974a447e6666d22f02830a7a933ea3dadbd72c9,228489,20460718,145
9ac669110c976a77,DIOR-R,14575,68,ship,250.0,small,2.5,ar>=2.1,True,ship|small|ar>=2.1,matched_GT_box_nonangular,matched_GT_class_via_class_constrained_match,matched_prediction_box_nonangular,/home/rspip/cqc/data/dataset/DIOR/images/test/14575.jpg,c6804bb93f32ce24f00b77cea1121f98dd9474c777d943b9f3a878ccb5f3ebac,800,800,574.06,145.76,550.06,121.76,598.06,169.76,526,97,623,194,crops/9ac669110c976a77.jpg,a476bd735ef9f2fbd704f395afbf41d68b94e787afaef00416ed62960d109600,/home/rspip/cqc/pro/study/orientbench/outputs/persistent_artifacts/m069_fullval_reliability/A/matched_fullval.jsonl,00e554fbc45dfd6ab0d964800920e101411bc2ee1e218f575a0eafcfde63761e,24548,20260712,375
e5629ce928bbbad1,FAIR1M-v1.0,13822__1024__0___0,6,other-ship,2435.0639,medium,3.489426,ar>=2.1,True,other-ship|medium|ar>=2.1,matched_GT_box_nonangular,matched_GT_class_via_class_constrained_match,matched_prediction_box_nonangular,/home/rspip/cqc/data/dataset/fair1m1.0/split/val_20/images/13822__1024__0___0.png,0141a0b77db7f1f7697509ead5d48dcd87bb799045e62378376430397b46f478,1024,1024,143.22,208.83,95.25,160.86,191.19,256.8,64,130,222,288,crops/e5629ce928bbbad1.jpg,9c1f589719bf3c8c3facdf2153c0bcd854a09368095433e788873394cb9d0331,/home/rspip/cqc/pro/study/orientbench/outputs/persistent_artifacts/m069_fullval_reliability/D/matched_fullval.jsonl,fe2c0b3690e12793f898c0c7a5ce100806567e39f4b3671e9b1e2af5fb8c3bbf,5975,20360715,289
39698a6deeced908,FAIR1M-v1.0,9221__1024__0___0,39,Small Car,117.1698,small,2.347826,ar>=2.1,True,Small Car|small|ar>=2.1,matched_GT_box_nonangular,matched_GT_class_via_class_constrained_match,matched_prediction_box_nonangular,/home/rspip/cqc/data/dataset/fair1m1.0/split/val_20/images/9221__1024__0___0.png,216bb07593e2570663dfb58c8bcc6c19d47e0ec0ad6cf0a10fb4c0df26e1937c,1024,1024,628.57,113.82,604.57,89.82,652.57,137.82,580,65,677,162,crops/39698a6deeced908.jpg,c9d7cc81271a98276170f6ae7935f3e42f3703fb163c7010bd4ec3ebd1d39b2a,/home/rspip/cqc/pro/study/orientbench/outputs/persistent_artifacts/m069_fullval_reliability/D/matched_fullval.jsonl,fe2c0b3690e12793f898c0c7a5ce100806567e39f4b3671e9b1e2af5fb8c3bbf,33580,20360715,399
c9e6f29e0a36851f,DIOR-R,20332,41,vehicle,153.0,small,2.071896,1.6<=ar<2.1,False,vehicle|small|1.6<=ar<2.1,matched_GT_box_nonangular,matched_GT_class_via_class_constrained_match,matched_prediction_box_nonangular,/home/rspip/cqc/data/dataset/DIOR/images/test/20332.jpg,2f832b1151b271b9e716f348e18c8a932108c3a1d7f3ffefe8956de05986f56d,800,800,372.54,79.59,348.54,55.59,396.54,103.59,324,31,421,128,crops/c9e6f29e0a36851f.jpg,e74b26f730e8fa154a280e2a4841c6056ed5fd201ff249e6aedc8f553dbf078e,/home/rspip/cqc/pro/study/orientbench/outputs/persistent_artifacts/m069_fullval_reliability/A/matched_fullval.jsonl,00e554fbc45dfd6ab0d964800920e101411bc2ee1e218f575a0eafcfde63761e,50050,20260712,63
4ac5a835b572abd4,DIOR-R,18180,0,storagetank,7056.0,medium,1.0,ar<1.6,False,storagetank|medium|ar<1.6,matched_GT_box_nonangular,matched_GT_class_via_class_constrained_match,matched_prediction_box_nonangular,/home/rspip/cqc/data/dataset/DIOR/images/test/18180.jpg,6fabfe0ed58abf284a1cd2b03aa0ede79adc332880f3f8088c971246e679624c,800,800,310.13,555.6,263.84,509.31,356.41,601.89,234,479,386,632,crops/4ac5a835b572abd4.jpg,00ca6f1e61bf399abfb648902c2ad745863fdff403030faf8fd5ec3dc5a8f32e,/home/rspip/cqc/pro/study/orientbench/outputs/persistent_artifacts/m069_fullval_reliability/A/matched_fullval.jsonl,00e554fbc45dfd6ab0d964800920e101411bc2ee1e218f575a0eafcfde63761e,2629,20260712,466
2248426dbd1d000b,DIOR-R,17425,5,stadium,3519.0,medium,1.352941,ar<1.6,False,stadium|medium|ar<1.6,matched_GT_box_nonangular,matched_GT_class_via_class_constrained_match,matched_prediction_box_nonangular,/home/rspip/cqc/data/dataset/DIOR/images/test/17425.jpg,04f4549ef79e766a68b1e7bd77aa6211ed521180640baab25ce6e05e9a5276b0,800,800,260.67,237.5,220.48,197.3,300.87,277.7,194,171,327,304,crops/2248426dbd1d000b.jpg,61d5deacd8695197df80694a4a929b36b30fd9253c9ca5155c530e02a1e26a3f,/home/rspip/cqc/pro/study/orientbench/outputs/persistent_artifacts/m069_fullval_reliability/A/matched_fullval.jsonl,00e554fbc45dfd6ab0d964800920e101411bc2ee1e218f575a0eafcfde63761e,79554,20260712,423
86eefdfc61bd02b3,DIOR-R,22687,59,ship,429.0,small,2.538462,ar>=2.1,True,ship|small|ar>=2.1,matched_GT_box_nonangular,matched_GT_class_via_class_constrained_match,matched_prediction_box_nonangular,/home/rspip/cqc/data/dataset/DIOR/images/test/22687.jpg,243d494f877306bcb734b7a0eec23eab7f8a176ab4fe92d7267a0728d81a34db,800,800,214.15,250.94,190.15,226.94,238.15,274.94,166,202,263,299,crops/86eefdfc61bd02b3.jpg,c3261a46900185190ffddca0eb1c4d2f50de2aa70034e3f6a0f8b1ff36236bf8,/home/rspip/cqc/pro/study/orientbench/outputs/persistent_artifacts/m069_fullval_reliability/A/matched_fullval.jsonl,00e554fbc45dfd6ab0d964800920e101411bc2ee1e218f575a0eafcfde63761e,18450,20260712,351
bc3f1cb52de6b28f,SODA-A,01757__800__600___0,115,container,838.9667,small,5.273803,ar>=2.1,True,container|small|ar>=2.1,matched_GT_box_nonangular,matched_GT_class_via_class_constrained_match,matched_prediction_box_nonangular,/home/rspip/cqc/data/dataset/SODA-A/dota_format_tiled_ss/val_tiled/images/01757__800__600___0.jpg,20550df2778503e87ca5a65f38ea819d1a1109afd14952a109119afeab806a67,800,800,23.89,709.56,0.0,675.46,57.99,743.67,0,653,80,766,crops/bc3f1cb52de6b28f.jpg,c9e0f761b381a290ad37e28d129cdd03b5f280ca44878d413638d1ce5443254a,/home/rspip/cqc/pro/study/orientbench/outputs/persistent_artifacts/m069_fullval_reliability/E/matched_fullval.jsonl,337470223fae218aa2969ae8f974a447e6666d22f02830a7a933ea3dadbd72c9,256160,20460718,426
c724e5dec82ecb7e,SODA-A,01407__800__1200___1800,17,small-vehicle,179.2703,small,2.199933,ar>=2.1,True,small-vehicle|small|ar>=2.1,matched_GT_box_nonangular,matched_GT_class_via_class_constrained_match,matched_prediction_box_nonangular,/home/rspip/cqc/data/dataset/SODA-A/dota_format_tiled_ss/val_tiled/images/01407__800__1200___1800.jpg,39c4100f2bf1a6e4ec95f543b8daa6c560ea4f43619770fbd724f5a71674c18b,800,800,749.19,155.81,725.19,131.81,773.19,179.81,701,107,798,204,crops/c724e5dec82ecb7e.jpg,1e2cfa7578f313af635aa550f040f2c2255bb0f4fa86cb4fccd50f2f3b448db5,/home/rspip/cqc/pro/study/orientbench/outputs/persistent_artifacts/m069_fullval_reliability/E/matched_fullval.jsonl,337470223fae218aa2969ae8f974a447e6666d22f02830a7a933ea3dadbd72c9,202125,20460718,172
0aba074f8cf61c54,FAIR1M-v1.0,14789__1024__0___0,6,Small Car,170.2459,small,2.313433,ar>=2.1,True,Small Car|small|ar>=2.1,matched_GT_box_nonangular,matched_GT_class_via_class_constrained_match,matched_prediction_box_nonangular,/home/rspip/cqc/data/dataset/fair1m1.0/split/val_20/images/14789__1024__0___0.png,0b9aeff7b6d242e8c34bedd8f9ca6673a6798d7509a7c1dc8eab5378e370b5c5,1024,1024,26.01,563.32,2.01,539.32,50.01,587.32,0,515,75,612,crops/0aba074f8cf61c54.jpg,1af31c2d95faedb091f2b31a5f5b5e016bd40a888abe8de98df0a70afdb86f2a,/home/rspip/cqc/pro/study/orientbench/outputs/persistent_artifacts/m069_fullval_reliability/D/matched_fullval.jsonl,fe2c0b3690e12793f898c0c7a5ce100806567e39f4b3671e9b1e2af5fb8c3bbf,43153,20360715,332
fd360dfd44b55275,FAIR1M-v1.0,1197__1024__0___0,0,Football Field,70536.0067,large,2.451089,ar>=2.1,True,Football Field|large|ar>=2.1,matched_GT_box_nonangular,matched_GT_class_via_class_constrained_match,matched_prediction_box_nonangular,/home/rspip/cqc/data/dataset/fair1m1.0/split/val_20/images/1197__1024__0___0.png,f8e531ad5603c3704f78e3a83a5653c39e5a8155a135793b97f8ce7c533be7a1,1024,1024,188.8,656.64,0.0,395.57,449.87,917.71,0,229,617,1024,crops/fd360dfd44b55275.jpg,cd32865d080a9ec62642982a5bcf51c36c6126d196177c204104dbbdf48142e5,/home/rspip/cqc/pro/study/orientbench/outputs/persistent_artifacts/m069_fullval_reliability/D/matched_fullval.jsonl,fe2c0b3690e12793f898c0c7a5ce100806567e39f4b3671e9b1e2af5fb8c3bbf,54260,20360715,389
2cb37ac1a7da2eeb,FAIR1M-v1.0,5071__1024__0___0,8,Small Car,106.0,small,2.877359,ar>=2.1,True,Small Car|small|ar>=2.1,matched_GT_box_nonangular,matched_GT_class_via_class_constrained_match,matched_prediction_box_nonangular,/home/rspip/cqc/data/dataset/fair1m1.0/split/val_20/images/5071__1024__0___0.png,dc03c34e4e8540f3d62204812bce4f9f7ba62d434ad5659c2d5ba0337076e129,1024,1024,386.2,400.53,362.2,376.53,410.2,424.53,338,352,435,449,crops/2cb37ac1a7da2eeb.jpg,f44f146c0a2c622b02706b205456ebf6ebfd22b40f7f93c0230740675843fa44,/home/rspip/cqc/pro/study/orientbench/outputs/persistent_artifacts/m069_fullval_reliability/D/matched_fullval.jsonl,fe2c0b3690e12793f898c0c7a5ce100806567e39f4b3671e9b1e2af5fb8c3bbf,7892,20360715,209
d69040084cfc4879,FAIR1M-v1.0,13814__1024__0___0,17,Small Car,206.0,small,3.029412,ar>=2.1,True,Small Car|small|ar>=2.1,matched_GT_box_nonangular,matched_GT_class_via_class_constrained_match,matched_prediction_box_nonangular,/home/rspip/cqc/data/dataset/fair1m1.0/split/val_20/images/13814__1024__0___0.png,2056d0f962976c0d87e6ce4bf73a5792ae803f4a81744cdc100b35801d115f74,1024,1024,224.02,623.03,200.02,599.03,248.02,647.03,176,575,273,672,crops/d69040084cfc4879.jpg,2c9b2a5a8c1d56f3185c1aba235315d73b0cdc1e686271376536b6f384976158,/home/rspip/cqc/pro/study/orientbench/outputs/persistent_artifacts/m069_fullval_reliability/D/matched_fullval.jsonl,fe2c0b3690e12793f898c0c7a5ce100806567e39f4b3671e9b1e2af5fb8c3bbf,36090,20360715,238
39d54d6d8c886867,DIOR-R,11881,7,ship,1323.0,medium,3.0,ar>=2.1,True,ship|medium|ar>=2.1,matched_GT_box_nonangular,matched_GT_class_via_class_constrained_match,matched_prediction_box_nonangular,/home/rspip/cqc/data/dataset/DIOR/images/test/11881.jpg,a2dedf8b54c467bb15e3d023e313168c5b8d58b537321d68b391654fd6409a41,800,800,469.64,226.99,436.88,194.23,502.4,259.75,416,173,524,281,crops/39d54d6d8c886867.jpg,499eec67ea32bf2a4a3054fa9ba9d1d2c060975f664fcbfb9d62fd845a988887,/home/rspip/cqc/pro/study/orientbench/outputs/persistent_artifacts/m069_fullval_reliability/A/matched_fullval.jsonl,00e554fbc45dfd6ab0d964800920e101411bc2ee1e218f575a0eafcfde63761e,6225,20260712,360
3b1d9e4733c5807b,FAIR1M-v1.0,1385__1024__0___0,92,Dump Truck,234.0,small,2.888889,ar>=2.1,True,Dump Truck|small|ar>=2.1,matched_GT_box_nonangular,matched_GT_class_via_class_constrained_match,matched_prediction_box_nonangular,/home/rspip/cqc/data/dataset/fair1m1.0/split/val_20/images/1385__1024__0___0.png,2d92877c81b8f9cdc858019f69778a38c13bd8c5fa8bb0d437e6f7a5361ba80e,1024,1024,333.44,673.59,309.44,649.59,357.44,697.59,285,625,382,722,crops/3b1d9e4733c5807b.jpg,aef7555d8e46db1335205d9d0e28a5333537975f8c5dddab09adb8d3a2e694c0,/home/rspip/cqc/pro/study/orientbench/outputs/persistent_artifacts/m069_fullval_reliability/D/matched_fullval.jsonl,fe2c0b3690e12793f898c0c7a5ce100806567e39f4b3671e9b1e2af5fb8c3bbf,2027,20360715,251
6b885cd5147d59a3,DIOR-R,14648,39,ship,629.0,small,2.176471,ar>=2.1,True,ship|small|ar>=2.1,matched_GT_box_nonangular,matched_GT_class_via_class_constrained_match,matched_prediction_box_nonangular,/home/rspip/cqc/data/dataset/DIOR/images/test/14648.jpg,7fd376cfa00ece5d45f7d0a2a4153236f4ae0cb7ca6c6185ce053d444a4aa367,800,800,511.88,369.11,487.88,345.11,535.88,393.11,463,321,560,418,crops/6b885cd5147d59a3.jpg,246f8bb6f4846e449d3aaea0bcc92d5f423845e94380ed52a4b3b440a3a47d0e,/home/rspip/cqc/pro/study/orientbench/outputs/persistent_artifacts/m069_fullval_reliability/A/matched_fullval.jsonl,00e554fbc45dfd6ab0d964800920e101411bc2ee1e218f575a0eafcfde63761e,2408,20260712,316
0b09fa8f6f4229b2,FAIR1M-v1.0,1097__1024__0___0,1,Bridge,957.9999,small,2.055794,1.6<=ar<2.1,False,Bridge|small|1.6<=ar<2.1,matched_GT_box_nonangular,matched_GT_class_via_class_constrained_match,matched_prediction_box_nonangular,/home/rspip/cqc/data/dataset/fair1m1.0/split/val_20/images/1097__1024__0___0.png,2b626c1a0c8d629c651bb54968979c4f9bb1be47be883c6626793577e08fd7bd,1024,1024,310.51,233.66,286.33,209.48,334.69,257.84,262,185,359,282,crops/0b09fa8f6f4229b2.jpg,021eb657fac9f0ea03c1c7033c0028f70c101e771b62f59ec452295ed8559b38,/home/rspip/cqc/pro/study/orientbench/outputs/persistent_artifacts/m069_fullval_reliability/D/matched_fullval.jsonl,fe2c0b3690e12793f898c0c7a5ce100806567e39f4b3671e9b1e2af5fb8c3bbf,11633,20360715,222
013c2439b0ccac33,DIOR-R,22027,10,airplane,1753.7811,medium,1.327157,ar<1.6,False,airplane|medium|ar<1.6,matched_GT_box_nonangular,matched_GT_class_via_class_constrained_match,matched_prediction_box_nonangular,/home/rspip/cqc/data/dataset/DIOR/images/test/22027.jpg,5633c21fe82c8785a06fe4026528d172437a2fd4344a0b1e48d18045de347a69,800,800,494.53,702.41,467.5,675.38,521.56,729.44,446,654,543,751,crops/013c2439b0ccac33.jpg,e190abc8c0edee66e17b2de58b9c7fae63f04789814a921d9764fe407365b7e8,/home/rspip/cqc/pro/study/orientbench/outputs/persistent_artifacts/m069_fullval_reliability/A/matched_fullval.jsonl,00e554fbc45dfd6ab0d964800920e101411bc2ee1e218f575a0eafcfde63761e,10423,20260712,455
7c3801a99132c6a9,DIOR-R,19964,6,tenniscourt,10640.0,large,2.171429,ar>=2.1,True,tenniscourt|large|ar>=2.1,matched_GT_box_nonangular,matched_GT_class_via_class_constrained_match,matched_prediction_box_nonangular,/home/rspip/cqc/data/dataset/DIOR/images/test/19964.jpg,39bf27c2b74549a1abfe1a54af02cd43cc235021dc7a03729598a5c30b9b1f02,800,800,363.28,236.69,280.09,153.49,446.47,319.88,227,100,500,373,crops/7c3801a99132c6a9.jpg,ce6a83f53afe4a97c82f04208cc3d086bfc3bcd6e84fe1d6cc1cfe3ffb3481bb,/home/rspip/cqc/pro/study/orientbench/outputs/persistent_artifacts/m069_fullval_reliability/A/matched_fullval.jsonl,00e554fbc45dfd6ab0d964800920e101411bc2ee1e218f575a0eafcfde63761e,26838,20260712,252
1a1715d714bacf6f,FAIR1M-v1.0,8684__1024__0___0,62,Small Car,120.0,small,1.875,1.6<=ar<2.1,False,Small Car|small|1.6<=ar<2.1,matched_GT_box_nonangular,matched_GT_class_via_class_constrained_match,matched_prediction_box_nonangular,/home/rspip/cqc/data/dataset/fair1m1.0/split/val_20/images/8684__1024__0___0.png,229167a5793ec9eccd2c0ca38c479730b18c459447a3f897dae78c4dc1f7c389,1024,1024,832.01,74.23,808.01,50.23,856.01,98.23,784,26,881,123,crops/1a1715d714bacf6f.jpg,e4248b0819924256a84bdaab523fd7d2ab23a4fa69ad10bc935b57f8adf926c3,/home/rspip/cqc/pro/study/orientbench/outputs/persistent_artifacts/m069_fullval_reliability/D/matched_fullval.jsonl,fe2c0b3690e12793f898c0c7a5ce100806567e39f4b3671e9b1e2af5fb8c3bbf,28574,20360715,477
a3559cc1ddd6b3bf,DIOR-R,16204,0,Expressway-toll-station,9565.9998,large,1.657955,1.6<=ar<2.1,False,Expressway-toll-station|large|1.6<=ar<2.1,matched_GT_box_nonangular,matched_GT_class_via_class_constrained_match,matched_prediction_box_nonangular,/home/rspip/cqc/data/dataset/DIOR/images/test/16204.jpg,53c9cb0e32d8b3639456d2bd0cab9ce9efeeaab716b97075fd905d66d2540b48,800,800,450.96,456.63,383.21,388.89,518.7,524.38,340,345,562,568,crops/a3559cc1ddd6b3bf.jpg,84e55aef88608bbb4e3152005778b8f51774c8a2b5aafcfc23d80bdf0d371592,/home/rspip/cqc/pro/study/orientbench/outputs/persistent_artifacts/m069_fullval_reliability/A/matched_fullval.jsonl,00e554fbc45dfd6ab0d964800920e101411bc2ee1e218f575a0eafcfde63761e,61021,20260712,426
46c1934186e49d83,SODA-A,00201__800__3955___1200,91,ship,167.1625,small,2.342697,ar>=2.1,True,ship|small|ar>=2.1,matched_GT_box_nonangular,matched_GT_class_via_class_constrained_match,matched_prediction_box_nonangular,/home/rspip/cqc/data/dataset/SODA-A/dota_format_tiled_ss/val_tiled/images/00201__800__3955___1200.jpg,473f11ef019baf31edee67bd81a61690764f52ad24bf1ab70f7b3edd05155231,800,800,142.07,523.07,118.07,499.07,166.07,547.07,94,475,191,572,crops/46c1934186e49d83.jpg,4a6e2d690f1b168b3637f8d18aaab488eb87335b70603418c5a76e8b56212f7e,/home/rspip/cqc/pro/study/orientbench/outputs/persistent_artifacts/m069_fullval_reliability/E/matched_fullval.jsonl,337470223fae218aa2969ae8f974a447e6666d22f02830a7a933ea3dadbd72c9,279168,20460718,312
d1e3423e7b1a62be,DIOR-R,22774,11,golffield,9126.0,medium,1.5,ar<1.6,False,golffield|medium|ar<1.6,matched_GT_box_nonangular,matched_GT_class_via_class_constrained_match,matched_prediction_box_nonangular,/home/rspip/cqc/data/dataset/DIOR/images/test/22774.jpg,8990d136b2c1f2780ae2cdda8c302a53da874b5a9f8502c6a230a01be4ff09e7,800,800,642.04,174.23,589.46,121.65,694.62,226.8,556,88,729,261,crops/d1e3423e7b1a62be.jpg,07ad8806bc93ed831c6d8efb60c0eb73fc4fee57d252c993367de61a2a8045ee,/home/rspip/cqc/pro/study/orientbench/outputs/persistent_artifacts/m069_fullval_reliability/A/matched_fullval.jsonl,00e554fbc45dfd6ab0d964800920e101411bc2ee1e218f575a0eafcfde63761e,24098,20260712,479
0c951c4cb67cab3c,FAIR1M-v1.0,13104__1024__0___0,85,Van,167.0,small,1.371257,ar<1.6,False,Van|small|ar<1.6,matched_GT_box_nonangular,matched_GT_class_via_class_constrained_match,matched_prediction_box_nonangular,/home/rspip/cqc/data/dataset/fair1m1.0/split/val_20/images/13104__1024__0___0.png,6d348d007105afe1318a1ed542c70f8f81240d6365f31f7434554597470465b6,1024,1024,245.67,767.2,221.67,743.2,269.67,791.2,197,719,294,816,crops/0c951c4cb67cab3c.jpg,dc0f5a38505d9f86e0583631c945bc32d4a7c8a423d0a6136532c7532b3d14a4,/home/rspip/cqc/pro/study/orientbench/outputs/persistent_artifacts/m069_fullval_reliability/D/matched_fullval.jsonl,fe2c0b3690e12793f898c0c7a5ce100806567e39f4b3671e9b1e2af5fb8c3bbf,26091,20360715,369
40f7ac85305fdf3f,FAIR1M-v1.0,14498__1024__0___0,8,Small Car,152.6973,small,2.881579,ar>=2.1,True,Small Car|small|ar>=2.1,matched_GT_box_nonangular,matched_GT_class_via_class_constrained_match,matched_prediction_box_nonangular,/home/rspip/cqc/data/dataset/fair1m1.0/split/val_20/images/14498__1024__0___0.png,3ea98d497599dcbe1735557170763c7b0ba15e376283cac53ba7be27880416b9,1024,1024,121.55,889.67,97.55,865.67,145.55,913.67,73,841,170,938,crops/40f7ac85305fdf3f.jpg,24b2c2c15b17968a6da31d2a217c551f3234b871a8e629e63cd7ff7fc3ba9c4c,/home/rspip/cqc/pro/study/orientbench/outputs/persistent_artifacts/m069_fullval_reliability/D/matched_fullval.jsonl,fe2c0b3690e12793f898c0c7a5ce100806567e39f4b3671e9b1e2af5fb8c3bbf,39484,20360715,110
91c7635cb943270c,DIOR-R,16406,36,ship,864.0,small,2.666667,ar>=2.1,True,ship|small|ar>=2.1,matched_GT_box_nonangular,matched_GT_class_via_class_constrained_match,matched_prediction_box_nonangular,/home/rspip/cqc/data/dataset/DIOR/images/test/16406.jpg,35fc9672cc1cdd466882f58a1a50cfffff3da1f0b0aa1d747cdd93a3374376f6,800,800,54.27,199.25,28.14,173.12,80.4,225.38,6,151,103,248,crops/91c7635cb943270c.jpg,331290fa9a61726471d1168172374c4798c44a290959ce9aa79a6954de13a3a2,/home/rspip/cqc/pro/study/orientbench/outputs/persistent_artifacts/m069_fullval_reliability/A/matched_fullval.jsonl,00e554fbc45dfd6ab0d964800920e101411bc2ee1e218f575a0eafcfde63761e,68984,20260712,458
c50f0d9eca7abd5c,FAIR1M-v1.0,12768__1024__0___0,12,Van,150.0,small,3.0,ar>=2.1,True,Van|small|ar>=2.1,matched_GT_box_nonangular,matched_GT_class_via_class_constrained_match,matched_prediction_box_nonangular,/home/rspip/cqc/data/dataset/fair1m1.0/split/val_20/images/12768__1024__0___0.png,69112cf51a2ad2d56bc2d77b929289511505594b4eb9982eae730f00eb0c10d7,1024,1024,925.71,893.03,901.71,869.03,949.71,917.03,877,845,974,942,crops/c50f0d9eca7abd5c.jpg,7e9aaa8ab2bc763c4a731490c482126a85851fd6964257e17a135d1f74859e81,/home/rspip/cqc/pro/study/orientbench/outputs/persistent_artifacts/m069_fullval_reliability/D/matched_fullval.jsonl,fe2c0b3690e12793f898c0c7a5ce100806567e39f4b3671e9b1e2af5fb8c3bbf,33117,20360715,262
a0f842e4206d0209,SODA-A,00849__800__0___600,228,small-vehicle,295.2481,small,2.270964,ar>=2.1,True,small-vehicle|small|ar>=2.1,matched_GT_box_nonangular,matched_GT_class_via_class_constrained_match,matched_prediction_box_nonangular,/home/rspip/cqc/data/dataset/SODA-A/dota_format_tiled_ss/val_tiled/images/00849__800__0___600.jpg,2f192143c4e1347cafde01c93e0ec23b3307d82e8b9ddc3410b06fb144054a58,800,800,396.56,200.44,372.56,176.44,420.56,224.44,348,152,445,249,crops/a0f842e4206d0209.jpg,7fe38a7f1237ca4c13e2c89167a54f032f235b173300d66f5cf2926a1073d3df,/home/rspip/cqc/pro/study/orientbench/outputs/persistent_artifacts/m069_fullval_reliability/E/matched_fullval.jsonl,337470223fae218aa2969ae8f974a447e6666d22f02830a7a933ea3dadbd72c9,243896,20460718,240
b074f6874285b046,DIOR-R,15745,6,windmill,112.0,small,2.285714,ar>=2.1,True,windmill|small|ar>=2.1,matched_GT_box_nonangular,matched_GT_class_via_class_constrained_match,matched_prediction_box_nonangular,/home/rspip/cqc/data/dataset/DIOR/images/test/15745.jpg,ecfb72acde437606b3918bc25e45cf408722e57045f32067e5061fea65eeb57c,800,800,228.71,578.32,204.71,554.32,252.71,602.32,180,530,277,627,crops/b074f6874285b046.jpg,d281028f903bf91f5878ab8efc9b01a1955c66f8467494cf194d19ee2480549b,/home/rspip/cqc/pro/study/orientbench/outputs/persistent_artifacts/m069_fullval_reliability/A/matched_fullval.jsonl,00e554fbc45dfd6ab0d964800920e101411bc2ee1e218f575a0eafcfde63761e,76400,20260712,23
3fd2c5b8e586fe8e,DIOR-R,22469,6,ship,987.2899,small,4.657201,ar>=2.1,True,ship|small|ar>=2.1,matched_GT_box_nonangular,matched_GT_class_via_class_constrained_match,matched_prediction_box_nonangular,/home/rspip/cqc/data/dataset/DIOR/images/test/22469.jpg,809b3d662b613491cd92eb5643b73a445db8dd8b0de6d0b5070425748a1e6506,800,800,252.47,199.4,218.9,165.83,286.04,232.97,197,144,308,255,crops/3fd2c5b8e586fe8e.jpg,1ca9cd81fa4723b6e50d2e5893b3d3de4fe5ff2427795f4db4f5b57880d9805b,/home/rspip/cqc/pro/study/orientbench/outputs/persistent_artifacts/m069_fullval_reliability/A/matched_fullval.jsonl,00e554fbc45dfd6ab0d964800920e101411bc2ee1e218f575a0eafcfde63761e,16597,20260712,278
39fa0c1b51759963,SODA-A,01440__800__3000___1985,12,small-vehicle,205.6875,small,1.946083,1.6<=ar<2.1,False,small-vehicle|small|1.6<=ar<2.1,matched_GT_box_nonangular,matched_GT_class_via_class_constrained_match,matched_prediction_box_nonangular,/home/rspip/cqc/data/dataset/SODA-A/dota_format_tiled_ss/val_tiled/images/01440__800__3000___1985.jpg,79422c6d82d6e4e931609277cb77a3731263fd1522a8988a206a0d58f331254a,800,800,634.14,185.77,610.14,161.77,658.14,209.77,586,137,683,234,crops/39fa0c1b51759963.jpg,7c3c3ce0cc9e1213e5c2fd566646a85df901d699973104519f4f928bc21833cd,/home/rspip/cqc/pro/study/orientbench/outputs/persistent_artifacts/m069_fullval_reliability/E/matched_fullval.jsonl,337470223fae218aa2969ae8f974a447e6666d22f02830a7a933ea3dadbd72c9,170835,20460718,246
4ec7b96a1f145ae4,FAIR1M-v1.0,3389__1024__0___0,118,Small Car,177.1068,small,1.99422,1.6<=ar<2.1,False,Small Car|small|1.6<=ar<2.1,matched_GT_box_nonangular,matched_GT_class_via_class_constrained_match,matched_prediction_box_nonangular,/home/rspip/cqc/data/dataset/fair1m1.0/split/val_20/images/3389__1024__0___0.png,d210df764399b4c1903cd4b66edf6280a02710ae84ae879e0a0779aa68e8a1d3,1024,1024,246.72,903.19,222.72,879.19,270.72,927.19,198,855,295,952,crops/4ec7b96a1f145ae4.jpg,6f7476a0faeb18cca46c28eb5060def9997ee44f85d05567bb86487bd1cea856,/home/rspip/cqc/pro/study/orientbench/outputs/persistent_artifacts/m069_fullval_reliability/D/matched_fullval.jsonl,fe2c0b3690e12793f898c0c7a5ce100806567e39f4b3671e9b1e2af5fb8c3bbf,12499,20360715,99
cd70cec0d14bc208,FAIR1M-v1.0,13445__1024__0___0,22,Van,140.0,small,2.857143,ar>=2.1,True,Van|small|ar>=2.1,matched_GT_box_nonangular,matched_GT_class_via_class_constrained_match,matched_prediction_box_nonangular,/home/rspip/cqc/data/dataset/fair1m1.0/split/val_20/images/13445__1024__0___0.png,d6b015011b183017ccba3399837aba20fbf78a979e5a2f721ca4e003dd4e1ebb,1024,1024,400.19,546.9,376.19,522.9,424.19,570.9,352,498,449,595,crops/cd70cec0d14bc208.jpg,43326d6e1f3219d65e75b6201ae0c457e7dfce635232bbb5e9a30ed77b16d011,/home/rspip/cqc/pro/study/orientbench/outputs/persistent_artifacts/m069_fullval_reliability/D/matched_fullval.jsonl,fe2c0b3690e12793f898c0c7a5ce100806567e39f4b3671e9b1e2af5fb8c3bbf,13052,20360715,167
03f01a2b2741d77a,FAIR1M-v1.0,4637__1024__0___0,63,Liquid Cargo Ship,1093.0001,medium,2.021958,1.6<=ar<2.1,False,Liquid Cargo Ship|medium|1.6<=ar<2.1,matched_GT_box_nonangular,matched_GT_class_via_class_constrained_match,matched_prediction_box_nonangular,/home/rspip/cqc/data/dataset/fair1m1.0/split/val_20/images/4637__1024__0___0.png,0974cba32a12504e6516c0f16e1f443825e0eb5ec21ce093392ed118a18cc452,1024,1024,765.73,16.67,737.37,0.0,794.09,45.03,717,0,814,65,crops/03f01a2b2741d77a.jpg,eb89cabb47176ca2b8dcdd176ed6254990657451c52c9588e4cf2e6e50bd2713,/home/rspip/cqc/pro/study/orientbench/outputs/persistent_artifacts/m069_fullval_reliability/D/matched_fullval.jsonl,fe2c0b3690e12793f898c0c7a5ce100806567e39f4b3671e9b1e2af5fb8c3bbf,1078,20360715,337
c73486457bd0db73,FAIR1M-v1.0,2587__1024__0___0,199,Van,147.4244,small,1.417808,ar<1.6,False,Van|small|ar<1.6,matched_GT_box_nonangular,matched_GT_class_via_class_constrained_match,matched_prediction_box_nonangular,/home/rspip/cqc/data/dataset/fair1m1.0/split/val_20/images/2587__1024__0___0.png,2ea1bbf9b9e324762605a813aa545774020636d0f875a2d7d93ba05ac702db7f,1024,1024,834.78,384.45,810.78,360.45,858.78,408.45,786,336,883,433,crops/c73486457bd0db73.jpg,8f86aa627480f2215f4877085dac7788d7b039b3187cb7d6ae954552e5b2819b,/home/rspip/cqc/pro/study/orientbench/outputs/persistent_artifacts/m069_fullval_reliability/D/matched_fullval.jsonl,fe2c0b3690e12793f898c0c7a5ce100806567e39f4b3671e9b1e2af5fb8c3bbf,2453,20360715,362
71a053f7358963c2,FAIR1M-v1.0,1719__1024__0___476,0,Engineering Ship,2449.9996,medium,2.013469,1.6<=ar<2.1,False,Engineering Ship|medium|1.6<=ar<2.1,matched_GT_box_nonangular,matched_GT_class_via_class_constrained_match,matched_prediction_box_nonangular,/home/rspip/cqc/data/dataset/fair1m1.0/split/val_20/images/1719__1024__0___476.png,e57f96e26024c18a7f36d6117a0d56086e39e5632652e71e7714712f2b2ffdbc,1024,1024,348.58,352.44,310.99,314.86,386.17,390.03,287,290,411,414,crops/71a053f7358963c2.jpg,92e2b7444a89afc8698ea984fb3f5030c5bf086f0984cb1cb326e1d0098bd51a,/home/rspip/cqc/pro/study/orientbench/outputs/persistent_artifacts/m069_fullval_reliability/D/matched_fullval.jsonl,fe2c0b3690e12793f898c0c7a5ce100806567e39f4b3671e9b1e2af5fb8c3bbf,19149,20360715,85
83f7ba00375ad039,FAIR1M-v1.0,14712__1024__0___0,38,other-ship,316.0,small,1.835443,1.6<=ar<2.1,False,other-ship|small|1.6<=ar<2.1,matched_GT_box_nonangular,matched_GT_class_via_class_constrained_match,matched_prediction_box_nonangular,/home/rspip/cqc/data/dataset/fair1m1.0/split/val_20/images/14712__1024__0___0.png,240f0d6868d0d1ca49aa37a613a54d8aba4eadc87655717692631ce738aa14cb,1024,1024,234.99,430.44,210.99,406.44,258.99,454.44,186,382,283,479,crops/83f7ba00375ad039.jpg,dd424cc37dc43e2ab7bb5378541218e74c732189e20ddeed6360d5ce4cae52d3,/home/rspip/cqc/pro/study/orientbench/outputs/persistent_artifacts/m069_fullval_reliability/D/matched_fullval.jsonl,fe2c0b3690e12793f898c0c7a5ce100806567e39f4b3671e9b1e2af5fb8c3bbf,52690,20360715,195
00a769dab0d42b7e,SODA-A,01757__800__2400___1985,130,small-vehicle,239.4112,small,1.972894,1.6<=ar<2.1,False,small-vehicle|small|1.6<=ar<2.1,matched_GT_box_nonangular,matched_GT_class_via_class_constrained_match,matched_prediction_box_nonangular,/home/rspip/cqc/data/dataset/SODA-A/dota_format_tiled_ss/val_tiled/images/01757__800__2400___1985.jpg,3e912eeb89cca46af3cfefa749498adb4c489c88bf6cbfc01792eac366629076,800,800,142.98,304.85,118.98,280.85,166.98,328.85,94,256,191,353,crops/00a769dab0d42b7e.jpg,0ddfab885e0b8ddecaefadd9ba8d3058ea66d184bc892290d2ef7b6cec6cdb7c,/home/rspip/cqc/pro/study/orientbench/outputs/persistent_artifacts/m069_fullval_reliability/E/matched_fullval.jsonl,337470223fae218aa2969ae8f974a447e6666d22f02830a7a933ea3dadbd72c9,109202,20460718,10
42e257a616269513,FAIR1M-v1.0,759__1024__0___0,18,Small Car,172.9311,small,3.470588,ar>=2.1,True,Small Car|small|ar>=2.1,matched_GT_box_nonangular,matched_GT_class_via_class_constrained_match,matched_prediction_box_nonangular,/home/rspip/cqc/data/dataset/fair1m1.0/split/val_20/images/759__1024__0___0.png,41c9eea7a00f809ce0af7063981ec73778585cc3605b24c5b94446089e47a380,1024,1024,974.45,31.66,950.45,7.66,998.45,55.66,926,0,1023,80,crops/42e257a616269513.jpg,7b767e28fb6e3249b6e96a9595639a814d72d704b53667ca7cc523e725cb1a07,/home/rspip/cqc/pro/study/orientbench/outputs/persistent_artifacts/m069_fullval_reliability/D/matched_fullval.jsonl,fe2c0b3690e12793f898c0c7a5ce100806567e39f4b3671e9b1e2af5fb8c3bbf,5111,20360715,328
c3a4d71f5335a2ff,DIOR-R,16486,3,windmill,1819.9992,medium,2.339331,ar>=2.1,True,windmill|medium|ar>=2.1,matched_GT_box_nonangular,matched_GT_class_via_class_constrained_match,matched_prediction_box_nonangular,/home/rspip/cqc/data/dataset/DIOR/images/test/16486.jpg,db735fc55da959d032e67bfd191b5ff6944f987248654b20b9b4ed0740e95bae,800,800,266.86,677.22,229.95,640.31,303.77,714.13,206,616,328,738,crops/c3a4d71f5335a2ff.jpg,efb4651443d8823f5e5ed4324b1bd8792913d8f754d188951a1ceb6098a22b3d,/home/rspip/cqc/pro/study/orientbench/outputs/persistent_artifacts/m069_fullval_reliability/A/matched_fullval.jsonl,00e554fbc45dfd6ab0d964800920e101411bc2ee1e218f575a0eafcfde63761e,14369,20260712,205
129446d1fb3b301d,SODA-A,02511__800__600___1200,11,container,749.3808,small,5.167085,ar>=2.1,True,container|small|ar>=2.1,matched_GT_box_nonangular,matched_GT_class_via_class_constrained_match,matched_prediction_box_nonangular,/home/rspip/cqc/data/dataset/SODA-A/dota_format_tiled_ss/val_tiled/images/02511__800__600___1200.jpg,5e0686e2ebfad39b03332f15fe5ef6a12d2e2c2a3c9282f22cbc974d322d3497,800,800,731.3,472.82,699.06,440.57,763.54,505.06,678,420,785,526,crops/129446d1fb3b301d.jpg,0c2278d0794ef4c086e00c5426a9c46444323eb5a1438a57b3a89668d04d523a,/home/rspip/cqc/pro/study/orientbench/outputs/persistent_artifacts/m069_fullval_reliability/E/matched_fullval.jsonl,337470223fae218aa2969ae8f974a447e6666d22f02830a7a933ea3dadbd72c9,189040,20460718,464
7ac14ed326acd44c,FAIR1M-v1.0,2898__1024__0___0,40,Van,122.0,small,2.131148,ar>=2.1,True,Van|small|ar>=2.1,matched_GT_box_nonangular,matched_GT_class_via_class_constrained_match,matched_prediction_box_nonangular,/home/rspip/cqc/data/dataset/fair1m1.0/split/val_20/images/2898__1024__0___0.png,48f181b6a168c0b827486652f00a2e0b75698e419a9b407255f35fd3432eede5,1024,1024,289.82,517.25,265.82,493.25,313.82,541.25,241,469,338,566,crops/7ac14ed326acd44c.jpg,81736cc9b21913f4506130806e5271cbee8103a6ea68347ebb8601e67ed6b96c,/home/rspip/cqc/pro/study/orientbench/outputs/persistent_artifacts/m069_fullval_reliability/D/matched_fullval.jsonl,fe2c0b3690e12793f898c0c7a5ce100806567e39f4b3671e9b1e2af5fb8c3bbf,18896,20360715,390
d465c8e2cf1c3aae,FAIR1M-v1.0,9527__1024__0___0,0,other-airplane,1602.8166,medium,1.178572,ar<1.6,False,other-airplane|medium|ar<1.6,matched_GT_box_nonangular,matched_GT_class_via_class_constrained_match,matched_prediction_box_nonangular,/home/rspip/cqc/data/dataset/fair1m1.0/split/val_20/images/9527__1024__0___0.png,b13e7c33629b4f9c1d530ea83fe60cd27cad882753afbeb85192567670470a88,1024,1024,226.17,123.16,201.97,98.97,250.36,147.36,178,75,275,172,crops/d465c8e2cf1c3aae.jpg,903e41b075558ab77aeb0732befb674be62a76df9cc800ecb9ff61de55e4d9b1,/home/rspip/cqc/pro/study/orientbench/outputs/persistent_artifacts/m069_fullval_reliability/D/matched_fullval.jsonl,fe2c0b3690e12793f898c0c7a5ce100806567e39f4b3671e9b1e2af5fb8c3bbf,18954,20360715,106
67d1358654249942,FAIR1M-v1.0,4170__1024__0___0,30,Small Car,128.0,small,1.560976,ar<1.6,False,Small Car|small|ar<1.6,matched_GT_box_nonangular,matched_GT_class_via_class_constrained_match,matched_prediction_box_nonangular,/home/rspip/cqc/data/dataset/fair1m1.0/split/val_20/images/4170__1024__0___0.png,9a1d186e7692b9a935d0e2e1f0765d9ae31c19b4b1fc0c8302695233f49e4f52,1024,1024,384.08,52.93,360.08,28.93,408.08,76.93,336,4,433,101,crops/67d1358654249942.jpg,ab09d3738c0ac75a07c1ecd0c1eb46325a0b44b487cc302052a3b95c11e9e0e8,/home/rspip/cqc/pro/study/orientbench/outputs/persistent_artifacts/m069_fullval_reliability/D/matched_fullval.jsonl,fe2c0b3690e12793f898c0c7a5ce100806567e39f4b3671e9b1e2af5fb8c3bbf,50719,20360715,172
fc67cef57876fcb6,FAIR1M-v1.0,929__1024__0___0,28,Van,141.0001,small,2.843971,ar>=2.1,True,Van|small|ar>=2.1,matched_GT_box_nonangular,matched_GT_class_via_class_constrained_match,matched_prediction_box_nonangular,/home/rspip/cqc/data/dataset/fair1m1.0/split/val_20/images/929__1024__0___0.png,86e2cf9fd46765c9e3a7110c1df1923229315e6a19c9755ae7413c3f4be34108,1024,1024,322.37,23.19,298.37,0.0,346.37,47.19,274,0,371,72,crops/fc67cef57876fcb6.jpg,d7b0caadda3ecb97d1af4dadb71bc16b918cdeaba83907a137e1987b23f65fda,/home/rspip/cqc/pro/study/orientbench/outputs/persistent_artifacts/m069_fullval_reliability/D/matched_fullval.jsonl,fe2c0b3690e12793f898c0c7a5ce100806567e39f4b3671e9b1e2af5fb8c3bbf,3336,20360715,357
7fecdd77fdb46974,FAIR1M-v1.0,329__1024__0___0,106,Van,110.0,small,2.2,ar>=2.1,True,Van|small|ar>=2.1,matched_GT_box_nonangular,matched_GT_class_via_class_constrained_match,matched_prediction_box_nonangular,/home/rspip/cqc/data/dataset/fair1m1.0/split/val_20/images/329__1024__0___0.png,b287f465b379777647cfa5932db14894ead70e20b73b92bac3552b3d5b8a0c38,1024,1024,903.56,117.24,879.56,93.24,927.56,141.24,855,69,952,166,crops/7fecdd77fdb46974.jpg,b4b2f21d01a7cf4947e03fb2266f7bde595a882fb0d8782636c663993ffdc0ab,/home/rspip/cqc/pro/study/orientbench/outputs/persistent_artifacts/m069_fullval_reliability/D/matched_fullval.jsonl,fe2c0b3690e12793f898c0c7a5ce100806567e39f4b3671e9b1e2af5fb8c3bbf,12651,20360715,189
3bd67795e7909dfd,SODA-A,00205__800__2400___1200,14,storage-tank,337.6781,small,1.062496,ar<1.6,False,storage-tank|small|ar<1.6,matched_GT_box_nonangular,matched_GT_class_via_class_constrained_match,matched_prediction_box_nonangular,/home/rspip/cqc/data/dataset/SODA-A/dota_format_tiled_ss/val_tiled/images/00205__800__2400___1200.jpg,49a74d8acc805e209aa86f04462bdea49ad4f08c5ef0938a793bb32da0ec1eb7,800,800,550.25,409.91,526.25,385.91,574.25,433.91,502,361,599,458,crops/3bd67795e7909dfd.jpg,fce9619b92d5164f7691c970837d05e8fa94c756a79f0eb1fe5c3e469e72ddc6,/home/rspip/cqc/pro/study/orientbench/outputs/persistent_artifacts/m069_fullval_reliability/E/matched_fullval.jsonl,337470223fae218aa2969ae8f974a447e6666d22f02830a7a933ea3dadbd72c9,158679,20460718,139
d0d34351da77ac98,SODA-A,00202__800__3000___1985,88,container,279.5336,small,4.395907,ar>=2.1,True,container|small|ar>=2.1,matched_GT_box_nonangular,matched_GT_class_via_class_constrained_match,matched_prediction_box_nonangular,/home/rspip/cqc/data/dataset/SODA-A/dota_format_tiled_ss/val_tiled/images/00202__800__3000___1985.jpg,6ad7f3c2e582901f2b70359f542f214c8bfb96618d3987f45ad76dbc9a137439,800,800,149.92,399.7,125.92,375.7,173.92,423.7,101,351,198,448,crops/d0d34351da77ac98.jpg,3ac1cfe582db4125e94bcfdcfd038c836f4ca41a3ffac86e8172e80f07d18904,/home/rspip/cqc/pro/study/orientbench/outputs/persistent_artifacts/m069_fullval_reliability/E/matched_fullval.jsonl,337470223fae218aa2969ae8f974a447e6666d22f02830a7a933ea3dadbd72c9,43133,20460718,492
d2c9b3fd6e29a254,SODA-A,01812__800__1800___1800,4,small-vehicle,194.4821,small,2.143658,ar>=2.1,True,small-vehicle|small|ar>=2.1,matched_GT_box_nonangular,matched_GT_class_via_class_constrained_match,matched_prediction_box_nonangular,/home/rspip/cqc/data/dataset/SODA-A/dota_format_tiled_ss/val_tiled/images/01812__800__1800___1800.jpg,07c510df648a843c042480481ff420e93a5871d1ee7bc68a4eac8fd6876b468e,800,800,657.96,205.31,633.96,181.31,681.96,229.31,609,157,706,254,crops/d2c9b3fd6e29a254.jpg,a3d67373b886adf359c1583677a3551fd214ff4f9cd9dce94fbeaebe184c279a,/home/rspip/cqc/pro/study/orientbench/outputs/persistent_artifacts/m069_fullval_reliability/E/matched_fullval.jsonl,337470223fae218aa2969ae8f974a447e6666d22f02830a7a933ea3dadbd72c9,209584,20460718,243
2dff38a5a209811b,DIOR-R,16965,6,storagetank,11664.0,large,1.0,ar<1.6,False,storagetank|large|ar<1.6,matched_GT_box_nonangular,matched_GT_class_via_class_constrained_match,matched_prediction_box_nonangular,/home/rspip/cqc/data/dataset/DIOR/images/test/16965.jpg,27e1bdc16f590f8100ad278cf3c3de0a4f1aa450a037cd1f1c339088b3c376c2,800,800,164.34,506.48,97.36,439.5,231.31,573.45,54,396,274,617,crops/2dff38a5a209811b.jpg,b1d2baf4562545759ac8507af485c2650e3e3660d9124ddd858a794868f72b30,/home/rspip/cqc/pro/study/orientbench/outputs/persistent_artifacts/m069_fullval_reliability/A/matched_fullval.jsonl,00e554fbc45dfd6ab0d964800920e101411bc2ee1e218f575a0eafcfde63761e,37523,20260712,67
dbd2bb2c41304299,DIOR-R,12902,9,vehicle,823.398,small,4.84841,ar>=2.1,True,vehicle|small|ar>=2.1,matched_GT_box_nonangular,matched_GT_class_via_class_constrained_match,matched_prediction_box_nonangular,/home/rspip/cqc/data/dataset/DIOR/images/test/12902.jpg,d5b458712f66504ca94d71f8378e40a9acb7d6a8f662972e878d5c1c516a481f,800,800,229.16,449.42,184.5,404.76,273.81,494.07,156,376,303,523,crops/dbd2bb2c41304299.jpg,a3352cc7ce92653505c3f16a78e38c2b7132a41333f5b1d93e06f124221df533,/home/rspip/cqc/pro/study/orientbench/outputs/persistent_artifacts/m069_fullval_reliability/A/matched_fullval.jsonl,00e554fbc45dfd6ab0d964800920e101411bc2ee1e218f575a0eafcfde63761e,2784,20260712,211
4f9df17fa135e303,SODA-A,01677__800__0___600,122,large-vehicle,185.7047,small,1.068247,ar<1.6,False,large-vehicle|small|ar<1.6,matched_GT_box_nonangular,matched_GT_class_via_class_constrained_match,matched_prediction_box_nonangular,/home/rspip/cqc/data/dataset/SODA-A/dota_format_tiled_ss/val_tiled/images/01677__800__0___600.jpg,803497c6960cbf502abc80ce58d560ba9dacaebc4039e6f6d355c6dd0fd08b2f,800,800,239.81,418.17,215.81,394.17,263.81,442.17,191,370,288,467,crops/4f9df17fa135e303.jpg,60bc4b488652035f95ddda58ea07f90ce229229778cc14c1ee547a77dbd36b2b,/home/rspip/cqc/pro/study/orientbench/outputs/persistent_artifacts/m069_fullval_reliability/E/matched_fullval.jsonl,337470223fae218aa2969ae8f974a447e6666d22f02830a7a933ea3dadbd72c9,214336,20460718,286
2466f63aa646a99d,FAIR1M-v1.0,6523__1024__0___0,31,Van,96.0,small,2.666667,ar>=2.1,True,Van|small|ar>=2.1,matched_GT_box_nonangular,matched_GT_class_via_class_constrained_match,matched_prediction_box_nonangular,/home/rspip/cqc/data/dataset/fair1m1.0/split/val_20/images/6523__1024__0___0.png,b70ab2eb39d272e73d0bd95354193b17384266cadb190362a2543a38b6926b54,1024,1024,957.66,57.75,933.66,33.75,981.66,81.75,909,9,1006,106,crops/2466f63aa646a99d.jpg,f79a44b49c416c72f01e47c9975721f40c13505353ef7c9e6deb2dfc9cfb19e2,/home/rspip/cqc/pro/study/orientbench/outputs/persistent_artifacts/m069_fullval_reliability/D/matched_fullval.jsonl,fe2c0b3690e12793f898c0c7a5ce100806567e39f4b3671e9b1e2af5fb8c3bbf,16515,20360715,345
cc86908a59bb0fd3,FAIR1M-v1.0,9610__1024__0___0,18,Small Car,127.7104,small,3.555556,ar>=2.1,True,Small Car|small|ar>=2.1,matched_GT_box_nonangular,matched_GT_class_via_class_constrained_match,matched_prediction_box_nonangular,/home/rspip/cqc/data/dataset/fair1m1.0/split/val_20/images/9610__1024__0___0.png,eb52488ccfcaf3b425ba2027271ef7a758a047789fa5726b2dcc3c9467010655,1024,1024,26.79,762.29,2.79,738.29,50.79,786.29,0,714,75,811,crops/cc86908a59bb0fd3.jpg,f055329ec1ee3fd90fb3f4167a3805bcbca0169a11883767d1c57147205a5c38,/home/rspip/cqc/pro/study/orientbench/outputs/persistent_artifacts/m069_fullval_reliability/D/matched_fullval.jsonl,fe2c0b3690e12793f898c0c7a5ce100806567e39f4b3671e9b1e2af5fb8c3bbf,12562,20360715,446
7ea90bf551a972f0,DIOR-R,13952,4,tenniscourt,4944.9999,medium,2.145602,ar>=2.1,True,tenniscourt|medium|ar>=2.1,matched_GT_box_nonangular,matched_GT_class_via_class_constrained_match,matched_prediction_box_nonangular,/home/rspip/cqc/data/dataset/DIOR/images/test/13952.jpg,b40a2231189518a6f2536cf057b2f9431994dba5f3ea97c69eeb647c7aafdabb,800,800,281.87,504.88,225.39,448.39,338.36,561.36,189,412,375,598,crops/7ea90bf551a972f0.jpg,fab5e6489d693c6c134205c1bf0450b0c031db812bc4697231d7f689f736f90e,/home/rspip/cqc/pro/study/orientbench/outputs/persistent_artifacts/m069_fullval_reliability/A/matched_fullval.jsonl,00e554fbc45dfd6ab0d964800920e101411bc2ee1e218f575a0eafcfde63761e,78854,20260712,428
665a00b3728188ec,DIOR-R,22676,14,stadium,4277.9999,medium,1.716924,1.6<=ar<2.1,False,stadium|medium|1.6<=ar<2.1,matched_GT_box_nonangular,matched_GT_class_via_class_constrained_match,matched_prediction_box_nonangular,/home/rspip/cqc/data/dataset/DIOR/images/test/22676.jpg,18bdf5f31e1de27d695fe299f8ad54455b5a4fe8ddedd0e28318cfd28cbff0c5,800,800,197.89,113.97,154.56,70.65,241.21,157.29,126,43,269,185,crops/665a00b3728188ec.jpg,3b352633c3a939b4fd0bb1f0b1dbb6e93896b68cbc726e79d4e5d358e086b582,/home/rspip/cqc/pro/study/orientbench/outputs/persistent_artifacts/m069_fullval_reliability/A/matched_fullval.jsonl,00e554fbc45dfd6ab0d964800920e101411bc2ee1e218f575a0eafcfde63761e,14039,20260712,403
b04e17151c2f15be,FAIR1M-v1.0,1240__1024__0___0,55,Small Car,162.0,small,2.0,1.6<=ar<2.1,False,Small Car|small|1.6<=ar<2.1,matched_GT_box_nonangular,matched_GT_class_via_class_constrained_match,matched_prediction_box_nonangular,/home/rspip/cqc/data/dataset/fair1m1.0/split/val_20/images/1240__1024__0___0.png,23a3d983021191df89a6149de35312b036f2a69d736428b7cee15521f6d76326,1024,1024,956.54,32.09,932.54,8.09,980.54,56.09,908,0,1005,81,crops/b04e17151c2f15be.jpg,bb0f64e027d5ddf2d3b47ec4cc7ea301f13f7292e0d6a5116155335fe9774ff6,/home/rspip/cqc/pro/study/orientbench/outputs/persistent_artifacts/m069_fullval_reliability/D/matched_fullval.jsonl,fe2c0b3690e12793f898c0c7a5ce100806567e39f4b3671e9b1e2af5fb8c3bbf,29182,20360715,487
5353c97faa36ff7f,FAIR1M-v1.0,15711__1024__0___0,27,Van,141.0863,small,2.318841,ar>=2.1,True,Van|small|ar>=2.1,matched_GT_box_nonangular,matched_GT_class_via_class_constrained_match,matched_prediction_box_nonangular,/home/rspip/cqc/data/dataset/fair1m1.0/split/val_20/images/15711__1024__0___0.png,d35f79fb5a0a2b17658e8cfcbaa98649674330cc4a5689b0609c18790e8a6bd6,1024,1024,165.61,539.8,141.61,515.8,189.61,563.8,117,491,214,588,crops/5353c97faa36ff7f.jpg,cb3a18faa56ff9d30cc1b42e880d304429b535e926bdc755f8e53a1b71060cdb,/home/rspip/cqc/pro/study/orientbench/outputs/persistent_artifacts/m069_fullval_reliability/D/matched_fullval.jsonl,fe2c0b3690e12793f898c0c7a5ce100806567e39f4b3671e9b1e2af5fb8c3bbf,46683,20360715,295
3f2bfa7d8e6debbc,DIOR-R,22107,0,storagetank,1848.0,medium,1.047619,ar<1.6,False,storagetank|medium|ar<1.6,matched_GT_box_nonangular,matched_GT_class_via_class_constrained_match,matched_prediction_box_nonangular,/home/rspip/cqc/data/dataset/DIOR/images/test/22107.jpg,9afc8fe130c1a140afbdf2f850b27e760ad054c97c3241bf8bae4ec12f974656,800,800,283.29,50.54,259.29,26.54,307.29,74.54,235,2,332,99,crops/3f2bfa7d8e6debbc.jpg,bd75996ddf6fe5c9d36f975e139ea97e74d62c8ad56fb58da8eea2e98165f334,/home/rspip/cqc/pro/study/orientbench/outputs/persistent_artifacts/m069_fullval_reliability/A/matched_fullval.jsonl,00e554fbc45dfd6ab0d964800920e101411bc2ee1e218f575a0eafcfde63761e,74651,20260712,21
