anon_id,dataset,image_id,pred_id,matched_gt_class,matched_gt_size_bin,matched_gt_aspect_ratio,matched_gt_ar_bin,formal_ar21_eligible,formal_stratum,angleA,angleB,cannotA,cannotB,annotatorA_id_sha256,annotatorB_id_sha256,pair_status,human_usable
33954392327ffbbf,DIOR-R,11746,49,ship,small,3.15625,ar>=2.1,True,ship|small|ar>=2.1,7.001255,7.006800,0,0,8e8d4b61ea982f03a0fdefaca4068be0ac64d1f363bae1005adde8cfe8c7c0b1,e99ce31344fc741606a880e8655161cfd65454a4dc336650fcd5249bdddbbfec,COMPLETE,True
33adb03f58d0db3b,DIOR-R,21101,14,dam,small,3.791005,ar>=2.1,True,dam|small|ar>=2.1,52.057834,,0,1,8e8d4b61ea982f03a0fdefaca4068be0ac64d1f363bae1005adde8cfe8c7c0b1,e99ce31344fc741606a880e8655161cfd65454a4dc336650fcd5249bdddbbfec,LABELED|AMBIGUOUS,False
384a09b2c13beb09,DIOR-R,12460,289,ship,small,2.625,ar>=2.1,True,ship|small|ar>=2.1,3.964659,179.204320,0,0,8e8d4b61ea982f03a0fdefaca4068be0ac64d1f363bae1005adde8cfe8c7c0b1,e99ce31344fc741606a880e8655161cfd65454a4dc336650fcd5249bdddbbfec,COMPLETE,True
885f088889e15db7,DIOR-R,14315,29,storagetank,small,1.076923,ar<1.6,False,storagetank|small|ar<1.6,,,1,1,8e8d4b61ea982f03a0fdefaca4068be0ac64d1f363bae1005adde8cfe8c7c0b1,e99ce31344fc741606a880e8655161cfd65454a4dc336650fcd5249bdddbbfec,AMBIGUOUS|AMBIGUOUS,False
1ce2a518edcc66a2,DIOR-R,23245,5,vehicle,medium,2.364988,ar>=2.1,True,vehicle|medium|ar>=2.1,83.088757,87.151833,0,0,8e8d4b61ea982f03a0fdefaca4068be0ac64d1f363bae1005adde8cfe8c7c0b1,e99ce31344fc741606a880e8655161cfd65454a4dc336650fcd5249bdddbbfec,COMPLETE,True
4bdcd00a5edadde9,DIOR-R,19706,0,windmill,large,1.40625,ar<1.6,False,windmill|large|ar<1.6,,,1,1,8e8d4b61ea982f03a0fdefaca4068be0ac64d1f363bae1005adde8cfe8c7c0b1,e99ce31344fc741606a880e8655161cfd65454a4dc336650fcd5249bdddbbfec,AMBIGUOUS|AMBIGUOUS,False
3f2bfa7d8e6debbc,DIOR-R,22107,0,storagetank,medium,1.047619,ar<1.6,False,storagetank|medium|ar<1.6,,,1,1,8e8d4b61ea982f03a0fdefaca4068be0ac64d1f363bae1005adde8cfe8c7c0b1,e99ce31344fc741606a880e8655161cfd65454a4dc336650fcd5249bdddbbfec,AMBIGUOUS|AMBIGUOUS,False
b074f6874285b046,DIOR-R,15745,6,windmill,small,2.285714,ar>=2.1,True,windmill|small|ar>=2.1,,,1,1,8e8d4b61ea982f03a0fdefaca4068be0ac64d1f363bae1005adde8cfe8c7c0b1,e99ce31344fc741606a880e8655161cfd65454a4dc336650fcd5249bdddbbfec,AMBIGUOUS|AMBIGUOUS,False
7ab093b45cccf80f,DIOR-R,14322,16,ship,medium,2.867949,ar>=2.1,True,ship|medium|ar>=2.1,144.681661,147.134815,0,0,8e8d4b61ea982f03a0fdefaca4068be0ac64d1f363bae1005adde8cfe8c7c0b1,e99ce31344fc741606a880e8655161cfd65454a4dc336650fcd5249bdddbbfec,COMPLETE,True
98d253854601680e,DIOR-R,18501,4,vehicle,small,3.775811,ar>=2.1,True,vehicle|small|ar>=2.1,104.661528,103.085056,0,0,8e8d4b61ea982f03a0fdefaca4068be0ac64d1f363bae1005adde8cfe8c7c0b1,e99ce31344fc741606a880e8655161cfd65454a4dc336650fcd5249bdddbbfec,COMPLETE,True
b75a2a378cc1c45c,DIOR-R,20888,7,ship,small,2.8125,ar>=2.1,True,ship|small|ar>=2.1,0.525629,1.309388,0,0,8e8d4b61ea982f03a0fdefaca4068be0ac64d1f363bae1005adde8cfe8c7c0b1,e99ce31344fc741606a880e8655161cfd65454a4dc336650fcd5249bdddbbfec,COMPLETE,True
ed39c0bea4c8e8d8,DIOR-R,11916,0,dam,large,1.868859,1.6<=ar<2.1,False,dam|large|1.6<=ar<2.1,112.416146,,0,1,8e8d4b61ea982f03a0fdefaca4068be0ac64d1f363bae1005adde8cfe8c7c0b1,e99ce31344fc741606a880e8655161cfd65454a4dc336650fcd5249bdddbbfec,LABELED|SKIP,False
2ce4d67b33c1deec,DIOR-R,18806,27,chimney,small,1.115385,ar<1.6,False,chimney|small|ar<1.6,,,1,1,8e8d4b61ea982f03a0fdefaca4068be0ac64d1f363bae1005adde8cfe8c7c0b1,e99ce31344fc741606a880e8655161cfd65454a4dc336650fcd5249bdddbbfec,AMBIGUOUS|AMBIGUOUS,False
faf6a81a68e4cda0,DIOR-R,21577,98,storagetank,small,1.636364,1.6<=ar<2.1,False,storagetank|small|1.6<=ar<2.1,,,1,1,8e8d4b61ea982f03a0fdefaca4068be0ac64d1f363bae1005adde8cfe8c7c0b1,e99ce31344fc741606a880e8655161cfd65454a4dc336650fcd5249bdddbbfec,AMBIGUOUS|AMBIGUOUS,False
82fbc957bb245d6d,DIOR-R,13158,208,ship,small,2.3,ar>=2.1,True,ship|small|ar>=2.1,85.236364,88.069374,0,0,8e8d4b61ea982f03a0fdefaca4068be0ac64d1f363bae1005adde8cfe8c7c0b1,e99ce31344fc741606a880e8655161cfd65454a4dc336650fcd5249bdddbbfec,COMPLETE,True
600e02423333ab32,DIOR-R,17052,7,basketballcourt,medium,1.881881,1.6<=ar<2.1,False,basketballcourt|medium|1.6<=ar<2.1,79.672727,81.730040,0,0,8e8d4b61ea982f03a0fdefaca4068be0ac64d1f363bae1005adde8cfe8c7c0b1,e99ce31344fc741606a880e8655161cfd65454a4dc336650fcd5249bdddbbfec,COMPLETE,True
495ec00599149c07,DIOR-R,15124,4,windmill,small,1.733333,1.6<=ar<2.1,False,windmill|small|1.6<=ar<2.1,,,1,1,8e8d4b61ea982f03a0fdefaca4068be0ac64d1f363bae1005adde8cfe8c7c0b1,e99ce31344fc741606a880e8655161cfd65454a4dc336650fcd5249bdddbbfec,AMBIGUOUS|AMBIGUOUS,False
f3276b3aeb3f4ce5,DIOR-R,12038,60,vehicle,small,1.465517,ar<1.6,False,vehicle|small|ar<1.6,,,1,1,8e8d4b61ea982f03a0fdefaca4068be0ac64d1f363bae1005adde8cfe8c7c0b1,e99ce31344fc741606a880e8655161cfd65454a4dc336650fcd5249bdddbbfec,SKIP|AMBIGUOUS,False
ec4e635defc85042,DIOR-R,20500,14,airplane,medium,1.067049,ar<1.6,False,airplane|medium|ar<1.6,128.107574,129.421382,0,0,8e8d4b61ea982f03a0fdefaca4068be0ac64d1f363bae1005adde8cfe8c7c0b1,e99ce31344fc741606a880e8655161cfd65454a4dc336650fcd5249bdddbbfec,COMPLETE,True
6ec6e800225ef723,DIOR-R,20489,23,baseballfield,small,1.6,1.6<=ar<2.1,False,baseballfield|small|1.6<=ar<2.1,,,1,1,8e8d4b61ea982f03a0fdefaca4068be0ac64d1f363bae1005adde8cfe8c7c0b1,e99ce31344fc741606a880e8655161cfd65454a4dc336650fcd5249bdddbbfec,AMBIGUOUS|AMBIGUOUS,False
c9e6f29e0a36851f,DIOR-R,20332,41,vehicle,small,2.071896,1.6<=ar<2.1,False,vehicle|small|1.6<=ar<2.1,51.428726,55.049359,0,0,8e8d4b61ea982f03a0fdefaca4068be0ac64d1f363bae1005adde8cfe8c7c0b1,e99ce31344fc741606a880e8655161cfd65454a4dc336650fcd5249bdddbbfec,COMPLETE,True
2dff38a5a209811b,DIOR-R,16965,6,storagetank,large,1.0,ar<1.6,False,storagetank|large|ar<1.6,,,1,1,8e8d4b61ea982f03a0fdefaca4068be0ac64d1f363bae1005adde8cfe8c7c0b1,e99ce31344fc741606a880e8655161cfd65454a4dc336650fcd5249bdddbbfec,AMBIGUOUS|AMBIGUOUS,False
2a3a1df8033a8109,DIOR-R,16819,14,vehicle,small,2.5,ar>=2.1,True,vehicle|small|ar>=2.1,0.000000,176.185924,0,0,8e8d4b61ea982f03a0fdefaca4068be0ac64d1f363bae1005adde8cfe8c7c0b1,e99ce31344fc741606a880e8655161cfd65454a4dc336650fcd5249bdddbbfec,COMPLETE,True
0c48e0eaa9b91e1c,DIOR-R,16874,7,ship,small,2.7875,ar>=2.1,True,ship|small|ar>=2.1,98.560887,98.714732,0,0,8e8d4b61ea982f03a0fdefaca4068be0ac64d1f363bae1005adde8cfe8c7c0b1,e99ce31344fc741606a880e8655161cfd65454a4dc336650fcd5249bdddbbfec,COMPLETE,True
fe4ce633201f1c5b,DIOR-R,14716,3,bridge,large,1.69656,1.6<=ar<2.1,False,bridge|large|1.6<=ar<2.1,,,1,1,8e8d4b61ea982f03a0fdefaca4068be0ac64d1f363bae1005adde8cfe8c7c0b1,e99ce31344fc741606a880e8655161cfd65454a4dc336650fcd5249bdddbbfec,AMBIGUOUS|SKIP,False
6ec3a99dd53d7764,DIOR-R,16116,5,airport,medium,1.630141,1.6<=ar<2.1,False,airport|medium|1.6<=ar<2.1,,,1,1,8e8d4b61ea982f03a0fdefaca4068be0ac64d1f363bae1005adde8cfe8c7c0b1,e99ce31344fc741606a880e8655161cfd65454a4dc336650fcd5249bdddbbfec,AMBIGUOUS|AMBIGUOUS,False
8729f155cc789c31,DIOR-R,13361,0,Expressway-toll-station,large,1.324254,ar<1.6,False,Expressway-toll-station|large|ar<1.6,,,1,1,8e8d4b61ea982f03a0fdefaca4068be0ac64d1f363bae1005adde8cfe8c7c0b1,e99ce31344fc741606a880e8655161cfd65454a4dc336650fcd5249bdddbbfec,AMBIGUOUS|AMBIGUOUS,False
5287a0b309b44a52,DIOR-R,21752,0,trainstation,large,1.730159,1.6<=ar<2.1,False,trainstation|large|1.6<=ar<2.1,92.829807,94.322276,0,0,8e8d4b61ea982f03a0fdefaca4068be0ac64d1f363bae1005adde8cfe8c7c0b1,e99ce31344fc741606a880e8655161cfd65454a4dc336650fcd5249bdddbbfec,COMPLETE,True
0759559b302c658d,DIOR-R,15735,0,basketballcourt,large,1.863821,1.6<=ar<2.1,False,basketballcourt|large|1.6<=ar<2.1,31.005239,30.379116,0,0,8e8d4b61ea982f03a0fdefaca4068be0ac64d1f363bae1005adde8cfe8c7c0b1,e99ce31344fc741606a880e8655161cfd65454a4dc336650fcd5249bdddbbfec,COMPLETE,True
a89cf4600ea3593a,DIOR-R,21246,7,vehicle,small,2.5,ar>=2.1,True,vehicle|small|ar>=2.1,91.847607,89.003684,0,0,8e8d4b61ea982f03a0fdefaca4068be0ac64d1f363bae1005adde8cfe8c7c0b1,e99ce31344fc741606a880e8655161cfd65454a4dc336650fcd5249bdddbbfec,COMPLETE,True
ebf2a94d68640c0c,DIOR-R,16613,38,storagetank,small,1.083333,ar<1.6,False,storagetank|small|ar<1.6,,,1,1,8e8d4b61ea982f03a0fdefaca4068be0ac64d1f363bae1005adde8cfe8c7c0b1,e99ce31344fc741606a880e8655161cfd65454a4dc336650fcd5249bdddbbfec,AMBIGUOUS|AMBIGUOUS,False
fc5045dd9772e2e2,DIOR-R,16672,26,vehicle,small,2.0,1.6<=ar<2.1,False,vehicle|small|1.6<=ar<2.1,154.025612,156.501409,0,0,8e8d4b61ea982f03a0fdefaca4068be0ac64d1f363bae1005adde8cfe8c7c0b1,e99ce31344fc741606a880e8655161cfd65454a4dc336650fcd5249bdddbbfec,COMPLETE,True
23c974432a46c2ee,DIOR-R,15947,3,tenniscourt,medium,2.091797,1.6<=ar<2.1,False,tenniscourt|medium|1.6<=ar<2.1,99.659748,102.817335,0,0,8e8d4b61ea982f03a0fdefaca4068be0ac64d1f363bae1005adde8cfe8c7c0b1,e99ce31344fc741606a880e8655161cfd65454a4dc336650fcd5249bdddbbfec,COMPLETE,True
83a76fbec593039c,DIOR-R,21463,17,overpass,small,1.390935,ar<1.6,False,overpass|small|ar<1.6,,,1,1,8e8d4b61ea982f03a0fdefaca4068be0ac64d1f363bae1005adde8cfe8c7c0b1,e99ce31344fc741606a880e8655161cfd65454a4dc336650fcd5249bdddbbfec,AMBIGUOUS|AMBIGUOUS,False
82f48a7d34c9ee2f,DIOR-R,19310,15,ship,medium,2.730769,ar>=2.1,True,ship|medium|ar>=2.1,91.041609,92.385945,0,0,8e8d4b61ea982f03a0fdefaca4068be0ac64d1f363bae1005adde8cfe8c7c0b1,e99ce31344fc741606a880e8655161cfd65454a4dc336650fcd5249bdddbbfec,COMPLETE,True
e7724176526d2a6f,DIOR-R,12035,75,storagetank,small,1.125,ar<1.6,False,storagetank|small|ar<1.6,,,1,1,8e8d4b61ea982f03a0fdefaca4068be0ac64d1f363bae1005adde8cfe8c7c0b1,e99ce31344fc741606a880e8655161cfd65454a4dc336650fcd5249bdddbbfec,AMBIGUOUS|AMBIGUOUS,False
66bc13b4c3db5c9b,DIOR-R,14538,7,vehicle,medium,2.498959,ar>=2.1,True,vehicle|medium|ar>=2.1,93.094063,93.576351,0,0,8e8d4b61ea982f03a0fdefaca4068be0ac64d1f363bae1005adde8cfe8c7c0b1,e99ce31344fc741606a880e8655161cfd65454a4dc336650fcd5249bdddbbfec,COMPLETE,True
703b1287f887bb6f,DIOR-R,14117,9,vehicle,medium,2.206897,ar>=2.1,True,vehicle|medium|ar>=2.1,89.495205,90.000000,0,0,8e8d4b61ea982f03a0fdefaca4068be0ac64d1f363bae1005adde8cfe8c7c0b1,e99ce31344fc741606a880e8655161cfd65454a4dc336650fcd5249bdddbbfec,COMPLETE,True
8f9edc772889336d,DIOR-R,14321,2,overpass,small,1.7737,1.6<=ar<2.1,False,overpass|small|1.6<=ar<2.1,,,1,1,8e8d4b61ea982f03a0fdefaca4068be0ac64d1f363bae1005adde8cfe8c7c0b1,e99ce31344fc741606a880e8655161cfd65454a4dc336650fcd5249bdddbbfec,SKIP|AMBIGUOUS,False
a75741485b94d83c,DIOR-R,21290,0,vehicle,small,2.309859,ar>=2.1,True,vehicle|small|ar>=2.1,72.016229,74.497459,0,0,8e8d4b61ea982f03a0fdefaca4068be0ac64d1f363bae1005adde8cfe8c7c0b1,e99ce31344fc741606a880e8655161cfd65454a4dc336650fcd5249bdddbbfec,COMPLETE,True
d3ee8808a4f5106f,DIOR-R,18771,38,ship,small,2.75,ar>=2.1,True,ship|small|ar>=2.1,92.834067,93.433627,0,0,8e8d4b61ea982f03a0fdefaca4068be0ac64d1f363bae1005adde8cfe8c7c0b1,e99ce31344fc741606a880e8655161cfd65454a4dc336650fcd5249bdddbbfec,COMPLETE,True
3221770800266275,DIOR-R,16638,34,ship,medium,2.894737,ar>=2.1,True,ship|medium|ar>=2.1,2.223948,1.390399,0,0,8e8d4b61ea982f03a0fdefaca4068be0ac64d1f363bae1005adde8cfe8c7c0b1,e99ce31344fc741606a880e8655161cfd65454a4dc336650fcd5249bdddbbfec,COMPLETE,True
202bc18d45d9bf01,DIOR-R,22840,5,Expressway-Service-area,large,2.775734,ar>=2.1,True,Expressway-Service-area|large|ar>=2.1,,,1,1,8e8d4b61ea982f03a0fdefaca4068be0ac64d1f363bae1005adde8cfe8c7c0b1,e99ce31344fc741606a880e8655161cfd65454a4dc336650fcd5249bdddbbfec,AMBIGUOUS|AMBIGUOUS,False
f85a7daeac39ebeb,DIOR-R,18548,53,storagetank,small,1.2,ar<1.6,False,storagetank|small|ar<1.6,,,1,1,8e8d4b61ea982f03a0fdefaca4068be0ac64d1f363bae1005adde8cfe8c7c0b1,e99ce31344fc741606a880e8655161cfd65454a4dc336650fcd5249bdddbbfec,AMBIGUOUS|AMBIGUOUS,False
320b6a01156fb505,DIOR-R,11955,10,tenniscourt,medium,1.942119,1.6<=ar<2.1,False,tenniscourt|medium|1.6<=ar<2.1,88.218044,88.531179,0,0,8e8d4b61ea982f03a0fdefaca4068be0ac64d1f363bae1005adde8cfe8c7c0b1,e99ce31344fc741606a880e8655161cfd65454a4dc336650fcd5249bdddbbfec,COMPLETE,True
7c0ce9f37923b317,DIOR-R,17572,43,vehicle,small,2.166667,ar>=2.1,True,vehicle|small|ar>=2.1,1.974986,2.231165,0,0,8e8d4b61ea982f03a0fdefaca4068be0ac64d1f363bae1005adde8cfe8c7c0b1,e99ce31344fc741606a880e8655161cfd65454a4dc336650fcd5249bdddbbfec,COMPLETE,True
bc1fd4d6d3960de3,DIOR-R,17031,3,airplane,medium,1.527778,ar<1.6,False,airplane|medium|ar<1.6,93.782640,93.202024,0,0,8e8d4b61ea982f03a0fdefaca4068be0ac64d1f363bae1005adde8cfe8c7c0b1,e99ce31344fc741606a880e8655161cfd65454a4dc336650fcd5249bdddbbfec,COMPLETE,True
e1bece22e410dd0f,DIOR-R,19917,49,ship,small,2.555556,ar>=2.1,True,ship|small|ar>=2.1,1.548139,2.405968,0,0,8e8d4b61ea982f03a0fdefaca4068be0ac64d1f363bae1005adde8cfe8c7c0b1,e99ce31344fc741606a880e8655161cfd65454a4dc336650fcd5249bdddbbfec,COMPLETE,True
92aaacdf49c5a0df,DIOR-R,20903,27,ship,small,2.928571,ar>=2.1,True,ship|small|ar>=2.1,1.684688,1.405748,0,0,8e8d4b61ea982f03a0fdefaca4068be0ac64d1f363bae1005adde8cfe8c7c0b1,e99ce31344fc741606a880e8655161cfd65454a4dc336650fcd5249bdddbbfec,COMPLETE,True
5a49d9f508208d8e,DIOR-R,12014,9,ship,small,2.666667,ar>=2.1,True,ship|small|ar>=2.1,86.739816,90.779510,0,0,8e8d4b61ea982f03a0fdefaca4068be0ac64d1f363bae1005adde8cfe8c7c0b1,e99ce31344fc741606a880e8655161cfd65454a4dc336650fcd5249bdddbbfec,COMPLETE,True
63c1849612542404,DIOR-R,17526,10,ship,small,2.666667,ar>=2.1,True,ship|small|ar>=2.1,2.353286,1.408647,0,0,8e8d4b61ea982f03a0fdefaca4068be0ac64d1f363bae1005adde8cfe8c7c0b1,e99ce31344fc741606a880e8655161cfd65454a4dc336650fcd5249bdddbbfec,COMPLETE,True
34a8ecd1e01b938f,DIOR-R,12196,20,overpass,medium,1.901316,1.6<=ar<2.1,False,overpass|medium|1.6<=ar<2.1,,,1,1,8e8d4b61ea982f03a0fdefaca4068be0ac64d1f363bae1005adde8cfe8c7c0b1,e99ce31344fc741606a880e8655161cfd65454a4dc336650fcd5249bdddbbfec,SKIP|AMBIGUOUS,False
b7d52cf52b84be21,DIOR-R,14168,1,tenniscourt,medium,1.529412,ar<1.6,False,tenniscourt|medium|ar<1.6,91.245298,93.848962,0,0,8e8d4b61ea982f03a0fdefaca4068be0ac64d1f363bae1005adde8cfe8c7c0b1,e99ce31344fc741606a880e8655161cfd65454a4dc336650fcd5249bdddbbfec,COMPLETE,True
a80f6cac05b5fcea,DIOR-R,13605,18,storagetank,small,1.25,ar<1.6,False,storagetank|small|ar<1.6,,,1,1,8e8d4b61ea982f03a0fdefaca4068be0ac64d1f363bae1005adde8cfe8c7c0b1,e99ce31344fc741606a880e8655161cfd65454a4dc336650fcd5249bdddbbfec,AMBIGUOUS|AMBIGUOUS,False
a9dec5a374d505a8,DIOR-R,16497,46,ship,small,3.181818,ar>=2.1,True,ship|small|ar>=2.1,0.360357,1.060915,0,0,8e8d4b61ea982f03a0fdefaca4068be0ac64d1f363bae1005adde8cfe8c7c0b1,e99ce31344fc741606a880e8655161cfd65454a4dc336650fcd5249bdddbbfec,COMPLETE,True
4813b884a8e9227a,DIOR-R,19787,3,tenniscourt,medium,2.153132,ar>=2.1,True,tenniscourt|medium|ar>=2.1,107.120700,105.823918,0,0,8e8d4b61ea982f03a0fdefaca4068be0ac64d1f363bae1005adde8cfe8c7c0b1,e99ce31344fc741606a880e8655161cfd65454a4dc336650fcd5249bdddbbfec,COMPLETE,True
475ee4e80ebfef80,DIOR-R,15617,6,vehicle,large,7.091597,ar>=2.1,True,vehicle|large|ar>=2.1,147.737073,147.528799,0,0,8e8d4b61ea982f03a0fdefaca4068be0ac64d1f363bae1005adde8cfe8c7c0b1,e99ce31344fc741606a880e8655161cfd65454a4dc336650fcd5249bdddbbfec,COMPLETE,True
c4296b3c6512a1fb,DIOR-R,18910,11,storagetank,medium,1.150685,ar<1.6,False,storagetank|medium|ar<1.6,,,1,1,8e8d4b61ea982f03a0fdefaca4068be0ac64d1f363bae1005adde8cfe8c7c0b1,e99ce31344fc741606a880e8655161cfd65454a4dc336650fcd5249bdddbbfec,AMBIGUOUS|AMBIGUOUS,False
a3c5251924922cf5,DIOR-R,16742,38,ship,small,2.846154,ar>=2.1,True,ship|small|ar>=2.1,179.678113,177.939891,0,0,8e8d4b61ea982f03a0fdefaca4068be0ac64d1f363bae1005adde8cfe8c7c0b1,e99ce31344fc741606a880e8655161cfd65454a4dc336650fcd5249bdddbbfec,COMPLETE,True
87b8e2e269e87130,DIOR-R,14777,18,storagetank,medium,1.125,ar<1.6,False,storagetank|medium|ar<1.6,,,1,1,8e8d4b61ea982f03a0fdefaca4068be0ac64d1f363bae1005adde8cfe8c7c0b1,e99ce31344fc741606a880e8655161cfd65454a4dc336650fcd5249bdddbbfec,AMBIGUOUS|AMBIGUOUS,False
cf52b1272c4bbc5e,DIOR-R,23054,7,vehicle,small,4.865921,ar>=2.1,True,vehicle|small|ar>=2.1,,169.070522,1,0,8e8d4b61ea982f03a0fdefaca4068be0ac64d1f363bae1005adde8cfe8c7c0b1,e99ce31344fc741606a880e8655161cfd65454a4dc336650fcd5249bdddbbfec,AMBIGUOUS|LABELED,False
979ba36f57714608,DIOR-R,14278,1,storagetank,small,1.04,ar<1.6,False,storagetank|small|ar<1.6,,,1,1,8e8d4b61ea982f03a0fdefaca4068be0ac64d1f363bae1005adde8cfe8c7c0b1,e99ce31344fc741606a880e8655161cfd65454a4dc336650fcd5249bdddbbfec,AMBIGUOUS|AMBIGUOUS,False
0477e5c99b8cd6a4,DIOR-R,22091,13,baseballfield,large,1.00885,ar<1.6,False,baseballfield|large|ar<1.6,,,1,1,8e8d4b61ea982f03a0fdefaca4068be0ac64d1f363bae1005adde8cfe8c7c0b1,e99ce31344fc741606a880e8655161cfd65454a4dc336650fcd5249bdddbbfec,AMBIGUOUS|AMBIGUOUS,False
4f23d6b2c9723a55,DIOR-R,13584,3,groundtrackfield,medium,1.633712,1.6<=ar<2.1,False,groundtrackfield|medium|1.6<=ar<2.1,58.815043,55.359050,0,0,8e8d4b61ea982f03a0fdefaca4068be0ac64d1f363bae1005adde8cfe8c7c0b1,e99ce31344fc741606a880e8655161cfd65454a4dc336650fcd5249bdddbbfec,COMPLETE,True
6138a5987be81215,DIOR-R,14125,100,storagetank,small,1.076923,ar<1.6,False,storagetank|small|ar<1.6,,,1,1,8e8d4b61ea982f03a0fdefaca4068be0ac64d1f363bae1005adde8cfe8c7c0b1,e99ce31344fc741606a880e8655161cfd65454a4dc336650fcd5249bdddbbfec,AMBIGUOUS|AMBIGUOUS,False
c3a4d71f5335a2ff,DIOR-R,16486,3,windmill,medium,2.339331,ar>=2.1,True,windmill|medium|ar>=2.1,,,1,1,8e8d4b61ea982f03a0fdefaca4068be0ac64d1f363bae1005adde8cfe8c7c0b1,e99ce31344fc741606a880e8655161cfd65454a4dc336650fcd5249bdddbbfec,AMBIGUOUS|AMBIGUOUS,False
dbd2bb2c41304299,DIOR-R,12902,9,vehicle,small,4.84841,ar>=2.1,True,vehicle|small|ar>=2.1,149.520157,151.079947,0,0,8e8d4b61ea982f03a0fdefaca4068be0ac64d1f363bae1005adde8cfe8c7c0b1,e99ce31344fc741606a880e8655161cfd65454a4dc336650fcd5249bdddbbfec,COMPLETE,True
4fbbfaba8296a0fd,DIOR-R,22501,7,overpass,medium,1.237695,ar<1.6,False,overpass|medium|ar<1.6,,,1,1,8e8d4b61ea982f03a0fdefaca4068be0ac64d1f363bae1005adde8cfe8c7c0b1,e99ce31344fc741606a880e8655161cfd65454a4dc336650fcd5249bdddbbfec,AMBIGUOUS|AMBIGUOUS,False
5a6a7dd4e47c6ecb,DIOR-R,17273,21,ship,medium,3.04,ar>=2.1,True,ship|medium|ar>=2.1,179.595086,0.587628,0,0,8e8d4b61ea982f03a0fdefaca4068be0ac64d1f363bae1005adde8cfe8c7c0b1,e99ce31344fc741606a880e8655161cfd65454a4dc336650fcd5249bdddbbfec,COMPLETE,True
453fbda52132caef,DIOR-R,16828,10,storagetank,small,1.266667,ar<1.6,False,storagetank|small|ar<1.6,,,1,1,8e8d4b61ea982f03a0fdefaca4068be0ac64d1f363bae1005adde8cfe8c7c0b1,e99ce31344fc741606a880e8655161cfd65454a4dc336650fcd5249bdddbbfec,AMBIGUOUS|AMBIGUOUS,False
82468abcf6f750ab,DIOR-R,13568,40,ship,small,2.669405,ar>=2.1,True,ship|small|ar>=2.1,133.760032,133.958366,0,0,8e8d4b61ea982f03a0fdefaca4068be0ac64d1f363bae1005adde8cfe8c7c0b1,e99ce31344fc741606a880e8655161cfd65454a4dc336650fcd5249bdddbbfec,COMPLETE,True
c5903372d15b5bbe,DIOR-R,22398,28,harbor,small,1.052419,ar<1.6,False,harbor|small|ar<1.6,,,1,1,8e8d4b61ea982f03a0fdefaca4068be0ac64d1f363bae1005adde8cfe8c7c0b1,e99ce31344fc741606a880e8655161cfd65454a4dc336650fcd5249bdddbbfec,AMBIGUOUS|AMBIGUOUS,False
e7fb8ab4facf41ad,DIOR-R,18875,59,ship,small,3.363636,ar>=2.1,True,ship|small|ar>=2.1,178.315330,1.776042,0,0,8e8d4b61ea982f03a0fdefaca4068be0ac64d1f363bae1005adde8cfe8c7c0b1,e99ce31344fc741606a880e8655161cfd65454a4dc336650fcd5249bdddbbfec,COMPLETE,True
bf3f8d9e4b2ea467,DIOR-R,13335,8,basketballcourt,medium,2.535521,ar>=2.1,True,basketballcourt|medium|ar>=2.1,0.000000,0.000000,0,0,8e8d4b61ea982f03a0fdefaca4068be0ac64d1f363bae1005adde8cfe8c7c0b1,e99ce31344fc741606a880e8655161cfd65454a4dc336650fcd5249bdddbbfec,COMPLETE,True
24b572df6ef2d75c,DIOR-R,19870,100,ship,small,2.6,ar>=2.1,True,ship|small|ar>=2.1,93.366432,95.440333,0,0,8e8d4b61ea982f03a0fdefaca4068be0ac64d1f363bae1005adde8cfe8c7c0b1,e99ce31344fc741606a880e8655161cfd65454a4dc336650fcd5249bdddbbfec,COMPLETE,True
cc5b40a0b3f1e352,DIOR-R,15387,3,chimney,large,1.462428,ar<1.6,False,chimney|large|ar<1.6,,,1,1,8e8d4b61ea982f03a0fdefaca4068be0ac64d1f363bae1005adde8cfe8c7c0b1,e99ce31344fc741606a880e8655161cfd65454a4dc336650fcd5249bdddbbfec,AMBIGUOUS|AMBIGUOUS,False
1748fa7e740ffec1,DIOR-R,13311,8,baseballfield,medium,1.344828,ar<1.6,False,baseballfield|medium|ar<1.6,,,1,1,8e8d4b61ea982f03a0fdefaca4068be0ac64d1f363bae1005adde8cfe8c7c0b1,e99ce31344fc741606a880e8655161cfd65454a4dc336650fcd5249bdddbbfec,AMBIGUOUS|AMBIGUOUS,False
4d640a4a492e7b53,DIOR-R,15950,0,vehicle,medium,2.77561,ar>=2.1,True,vehicle|medium|ar>=2.1,6.040553,7.754291,0,0,8e8d4b61ea982f03a0fdefaca4068be0ac64d1f363bae1005adde8cfe8c7c0b1,e99ce31344fc741606a880e8655161cfd65454a4dc336650fcd5249bdddbbfec,COMPLETE,True
e3dc811f747babb2,DIOR-R,15060,16,harbor,large,1.367459,ar<1.6,False,harbor|large|ar<1.6,,,1,1,8e8d4b61ea982f03a0fdefaca4068be0ac64d1f363bae1005adde8cfe8c7c0b1,e99ce31344fc741606a880e8655161cfd65454a4dc336650fcd5249bdddbbfec,SKIP|SKIP,False
b43c806a898db6af,DIOR-R,17858,18,ship,medium,3.523973,ar>=2.1,True,ship|medium|ar>=2.1,9.387375,7.266964,0,0,8e8d4b61ea982f03a0fdefaca4068be0ac64d1f363bae1005adde8cfe8c7c0b1,e99ce31344fc741606a880e8655161cfd65454a4dc336650fcd5249bdddbbfec,COMPLETE,True
c41482ac1b072e7c,DIOR-R,15560,28,vehicle,small,2.7,ar>=2.1,True,vehicle|small|ar>=2.1,69.943906,70.463343,0,0,8e8d4b61ea982f03a0fdefaca4068be0ac64d1f363bae1005adde8cfe8c7c0b1,e99ce31344fc741606a880e8655161cfd65454a4dc336650fcd5249bdddbbfec,COMPLETE,True
8b99a371bfe4d287,DIOR-R,15694,51,storagetank,medium,1.413793,ar<1.6,False,storagetank|medium|ar<1.6,,,1,1,8e8d4b61ea982f03a0fdefaca4068be0ac64d1f363bae1005adde8cfe8c7c0b1,e99ce31344fc741606a880e8655161cfd65454a4dc336650fcd5249bdddbbfec,AMBIGUOUS|AMBIGUOUS,False
7c3801a99132c6a9,DIOR-R,19964,6,tenniscourt,large,2.171429,ar>=2.1,True,tenniscourt|large|ar>=2.1,90.219511,89.441018,0,0,8e8d4b61ea982f03a0fdefaca4068be0ac64d1f363bae1005adde8cfe8c7c0b1,e99ce31344fc741606a880e8655161cfd65454a4dc336650fcd5249bdddbbfec,COMPLETE,True
2c886f392668d0b7,DIOR-R,13889,6,storagetank,medium,1.021277,ar<1.6,False,storagetank|medium|ar<1.6,,,1,1,8e8d4b61ea982f03a0fdefaca4068be0ac64d1f363bae1005adde8cfe8c7c0b1,e99ce31344fc741606a880e8655161cfd65454a4dc336650fcd5249bdddbbfec,AMBIGUOUS|AMBIGUOUS,False
e9aa2a06a31d5d39,DIOR-R,23373,4,harbor,medium,1.709677,1.6<=ar<2.1,False,harbor|medium|1.6<=ar<2.1,,,1,1,8e8d4b61ea982f03a0fdefaca4068be0ac64d1f363bae1005adde8cfe8c7c0b1,e99ce31344fc741606a880e8655161cfd65454a4dc336650fcd5249bdddbbfec,AMBIGUOUS|AMBIGUOUS,False
fd65745558fc6ef4,DIOR-R,22170,56,ship,small,3.209184,ar>=2.1,True,ship|small|ar>=2.1,116.328270,119.502747,0,0,8e8d4b61ea982f03a0fdefaca4068be0ac64d1f363bae1005adde8cfe8c7c0b1,e99ce31344fc741606a880e8655161cfd65454a4dc336650fcd5249bdddbbfec,COMPLETE,True
f7357de27dfb5e91,DIOR-R,19061,12,vehicle,small,2.285714,ar>=2.1,True,vehicle|small|ar>=2.1,90.000000,92.526106,0,0,8e8d4b61ea982f03a0fdefaca4068be0ac64d1f363bae1005adde8cfe8c7c0b1,e99ce31344fc741606a880e8655161cfd65454a4dc336650fcd5249bdddbbfec,COMPLETE,True
3fd2c5b8e586fe8e,DIOR-R,22469,6,ship,small,4.657201,ar>=2.1,True,ship|small|ar>=2.1,13.990212,16.947090,0,0,8e8d4b61ea982f03a0fdefaca4068be0ac64d1f363bae1005adde8cfe8c7c0b1,e99ce31344fc741606a880e8655161cfd65454a4dc336650fcd5249bdddbbfec,COMPLETE,True
54e0499f95afd643,DIOR-R,20861,0,groundtrackfield,large,2.24007,ar>=2.1,True,groundtrackfield|large|ar>=2.1,73.108302,75.001310,0,0,8e8d4b61ea982f03a0fdefaca4068be0ac64d1f363bae1005adde8cfe8c7c0b1,e99ce31344fc741606a880e8655161cfd65454a4dc336650fcd5249bdddbbfec,COMPLETE,True
5356c18da4a0e56c,DIOR-R,15687,115,ship,medium,4.0,ar>=2.1,True,ship|medium|ar>=2.1,90.267755,90.734520,0,0,8e8d4b61ea982f03a0fdefaca4068be0ac64d1f363bae1005adde8cfe8c7c0b1,e99ce31344fc741606a880e8655161cfd65454a4dc336650fcd5249bdddbbfec,COMPLETE,True
6012f09e9012fae6,DIOR-R,20768,6,storagetank,medium,1.074074,ar<1.6,False,storagetank|medium|ar<1.6,,,1,1,8e8d4b61ea982f03a0fdefaca4068be0ac64d1f363bae1005adde8cfe8c7c0b1,e99ce31344fc741606a880e8655161cfd65454a4dc336650fcd5249bdddbbfec,AMBIGUOUS|AMBIGUOUS,False
be14fcdcff9d8ce1,DIOR-R,13931,9,ship,small,3.283333,ar>=2.1,True,ship|small|ar>=2.1,178.281650,177.299379,0,0,8e8d4b61ea982f03a0fdefaca4068be0ac64d1f363bae1005adde8cfe8c7c0b1,e99ce31344fc741606a880e8655161cfd65454a4dc336650fcd5249bdddbbfec,COMPLETE,True
27e6d503e8489967,DIOR-R,14298,39,ship,small,2.583333,ar>=2.1,True,ship|small|ar>=2.1,3.035562,2.815583,0,0,8e8d4b61ea982f03a0fdefaca4068be0ac64d1f363bae1005adde8cfe8c7c0b1,e99ce31344fc741606a880e8655161cfd65454a4dc336650fcd5249bdddbbfec,COMPLETE,True
ba7cc6c4721116fe,DIOR-R,16297,50,harbor,large,1.812778,1.6<=ar<2.1,False,harbor|large|1.6<=ar<2.1,93.301873,98.488900,0,0,8e8d4b61ea982f03a0fdefaca4068be0ac64d1f363bae1005adde8cfe8c7c0b1,e99ce31344fc741606a880e8655161cfd65454a4dc336650fcd5249bdddbbfec,COMPLETE,True
e2039700213f385f,DIOR-R,17001,23,vehicle,small,2.444444,ar>=2.1,True,vehicle|small|ar>=2.1,178.712632,176.790536,0,0,8e8d4b61ea982f03a0fdefaca4068be0ac64d1f363bae1005adde8cfe8c7c0b1,e99ce31344fc741606a880e8655161cfd65454a4dc336650fcd5249bdddbbfec,COMPLETE,True
46e088c777bd09e6,DIOR-R,12863,24,vehicle,small,2.12,ar>=2.1,True,vehicle|small|ar>=2.1,90.000000,98.129987,0,0,8e8d4b61ea982f03a0fdefaca4068be0ac64d1f363bae1005adde8cfe8c7c0b1,e99ce31344fc741606a880e8655161cfd65454a4dc336650fcd5249bdddbbfec,COMPLETE,True
e77724c876fc99b8,DIOR-R,14048,3,storagetank,medium,1.052632,ar<1.6,False,storagetank|medium|ar<1.6,,,1,1,8e8d4b61ea982f03a0fdefaca4068be0ac64d1f363bae1005adde8cfe8c7c0b1,e99ce31344fc741606a880e8655161cfd65454a4dc336650fcd5249bdddbbfec,AMBIGUOUS|AMBIGUOUS,False
6c42f1a8a706c762,DIOR-R,12249,7,vehicle,small,2.903226,ar>=2.1,True,vehicle|small|ar>=2.1,96.581913,98.198034,0,0,8e8d4b61ea982f03a0fdefaca4068be0ac64d1f363bae1005adde8cfe8c7c0b1,e99ce31344fc741606a880e8655161cfd65454a4dc336650fcd5249bdddbbfec,COMPLETE,True
47dd8544c36dd269,DIOR-R,22289,2,storagetank,small,1.222222,ar<1.6,False,storagetank|small|ar<1.6,,,1,1,8e8d4b61ea982f03a0fdefaca4068be0ac64d1f363bae1005adde8cfe8c7c0b1,e99ce31344fc741606a880e8655161cfd65454a4dc336650fcd5249bdddbbfec,AMBIGUOUS|AMBIGUOUS,False
6b885cd5147d59a3,DIOR-R,14648,39,ship,small,2.176471,ar>=2.1,True,ship|small|ar>=2.1,176.531774,174.485090,0,0,8e8d4b61ea982f03a0fdefaca4068be0ac64d1f363bae1005adde8cfe8c7c0b1,e99ce31344fc741606a880e8655161cfd65454a4dc336650fcd5249bdddbbfec,COMPLETE,True
fa05af3ac256e458,DIOR-R,21454,0,ship,medium,3.115782,ar>=2.1,True,ship|medium|ar>=2.1,75.420973,73.801251,0,0,8e8d4b61ea982f03a0fdefaca4068be0ac64d1f363bae1005adde8cfe8c7c0b1,e99ce31344fc741606a880e8655161cfd65454a4dc336650fcd5249bdddbbfec,COMPLETE,True
5b345de9fd2ecc2b,DIOR-R,12118,49,ship,medium,3.263158,ar>=2.1,True,ship|medium|ar>=2.1,0.000000,1.145762,0,0,8e8d4b61ea982f03a0fdefaca4068be0ac64d1f363bae1005adde8cfe8c7c0b1,e99ce31344fc741606a880e8655161cfd65454a4dc336650fcd5249bdddbbfec,COMPLETE,True
8034a8ca41f4035c,DIOR-R,18711,1,Expressway-Service-area,medium,1.959267,1.6<=ar<2.1,False,Expressway-Service-area|medium|1.6<=ar<2.1,,,1,1,8e8d4b61ea982f03a0fdefaca4068be0ac64d1f363bae1005adde8cfe8c7c0b1,e99ce31344fc741606a880e8655161cfd65454a4dc336650fcd5249bdddbbfec,AMBIGUOUS|AMBIGUOUS,False
cf0f7b50559d0136,DIOR-R,15060,8,ship,medium,2.7,ar>=2.1,True,ship|medium|ar>=2.1,89.006508,89.720525,0,0,8e8d4b61ea982f03a0fdefaca4068be0ac64d1f363bae1005adde8cfe8c7c0b1,e99ce31344fc741606a880e8655161cfd65454a4dc336650fcd5249bdddbbfec,COMPLETE,True
c42c861402c080cb,DIOR-R,23229,20,bridge,medium,2.636387,ar>=2.1,True,bridge|medium|ar>=2.1,35.537661,,0,1,8e8d4b61ea982f03a0fdefaca4068be0ac64d1f363bae1005adde8cfe8c7c0b1,e99ce31344fc741606a880e8655161cfd65454a4dc336650fcd5249bdddbbfec,LABELED|SKIP,False
feb5caf3d3e64867,DIOR-R,15607,10,airplane,large,1.041246,ar<1.6,False,airplane|large|ar<1.6,103.570353,101.709000,0,0,8e8d4b61ea982f03a0fdefaca4068be0ac64d1f363bae1005adde8cfe8c7c0b1,e99ce31344fc741606a880e8655161cfd65454a4dc336650fcd5249bdddbbfec,COMPLETE,True
0726c25ff3e6cc24,DIOR-R,13898,1,vehicle,medium,2.34375,ar>=2.1,True,vehicle|medium|ar>=2.1,89.315207,90.280856,0,0,8e8d4b61ea982f03a0fdefaca4068be0ac64d1f363bae1005adde8cfe8c7c0b1,e99ce31344fc741606a880e8655161cfd65454a4dc336650fcd5249bdddbbfec,COMPLETE,True
86eefdfc61bd02b3,DIOR-R,22687,59,ship,small,2.538462,ar>=2.1,True,ship|small|ar>=2.1,178.814753,3.366462,0,0,8e8d4b61ea982f03a0fdefaca4068be0ac64d1f363bae1005adde8cfe8c7c0b1,e99ce31344fc741606a880e8655161cfd65454a4dc336650fcd5249bdddbbfec,COMPLETE,True
f8da708b09ef1ea2,DIOR-R,20183,22,storagetank,small,1.047619,ar<1.6,False,storagetank|small|ar<1.6,,,1,1,8e8d4b61ea982f03a0fdefaca4068be0ac64d1f363bae1005adde8cfe8c7c0b1,e99ce31344fc741606a880e8655161cfd65454a4dc336650fcd5249bdddbbfec,AMBIGUOUS|AMBIGUOUS,False
5fd9d7cd9c127c6d,DIOR-R,22785,8,storagetank,small,1.148148,ar<1.6,False,storagetank|small|ar<1.6,,,1,1,8e8d4b61ea982f03a0fdefaca4068be0ac64d1f363bae1005adde8cfe8c7c0b1,e99ce31344fc741606a880e8655161cfd65454a4dc336650fcd5249bdddbbfec,AMBIGUOUS|AMBIGUOUS,False
39d54d6d8c886867,DIOR-R,11881,7,ship,medium,3.0,ar>=2.1,True,ship|medium|ar>=2.1,2.404135,2.073145,0,0,8e8d4b61ea982f03a0fdefaca4068be0ac64d1f363bae1005adde8cfe8c7c0b1,e99ce31344fc741606a880e8655161cfd65454a4dc336650fcd5249bdddbbfec,COMPLETE,True
4cf3038969749ecf,DIOR-R,16321,3,tenniscourt,medium,2.174013,ar>=2.1,True,tenniscourt|medium|ar>=2.1,91.385917,91.630767,0,0,8e8d4b61ea982f03a0fdefaca4068be0ac64d1f363bae1005adde8cfe8c7c0b1,e99ce31344fc741606a880e8655161cfd65454a4dc336650fcd5249bdddbbfec,COMPLETE,True
fb2abe5a068e921c,DIOR-R,19095,10,ship,medium,2.90732,ar>=2.1,True,ship|medium|ar>=2.1,88.837629,87.386684,0,0,8e8d4b61ea982f03a0fdefaca4068be0ac64d1f363bae1005adde8cfe8c7c0b1,e99ce31344fc741606a880e8655161cfd65454a4dc336650fcd5249bdddbbfec,COMPLETE,True
5c2353432821dcc7,DIOR-R,18152,15,storagetank,small,1.178571,ar<1.6,False,storagetank|small|ar<1.6,,,1,1,8e8d4b61ea982f03a0fdefaca4068be0ac64d1f363bae1005adde8cfe8c7c0b1,e99ce31344fc741606a880e8655161cfd65454a4dc336650fcd5249bdddbbfec,AMBIGUOUS|AMBIGUOUS,False
e56bf83024828c5e,DIOR-R,22508,26,storagetank,small,1.0625,ar<1.6,False,storagetank|small|ar<1.6,,,1,1,8e8d4b61ea982f03a0fdefaca4068be0ac64d1f363bae1005adde8cfe8c7c0b1,e99ce31344fc741606a880e8655161cfd65454a4dc336650fcd5249bdddbbfec,AMBIGUOUS|AMBIGUOUS,False
9ac669110c976a77,DIOR-R,14575,68,ship,small,2.5,ar>=2.1,True,ship|small|ar>=2.1,91.862620,91.080861,0,0,8e8d4b61ea982f03a0fdefaca4068be0ac64d1f363bae1005adde8cfe8c7c0b1,e99ce31344fc741606a880e8655161cfd65454a4dc336650fcd5249bdddbbfec,COMPLETE,True
6cc621299b704614,DIOR-R,16892,26,vehicle,small,2.181818,ar>=2.1,True,vehicle|small|ar>=2.1,179.625527,176.794781,0,0,8e8d4b61ea982f03a0fdefaca4068be0ac64d1f363bae1005adde8cfe8c7c0b1,e99ce31344fc741606a880e8655161cfd65454a4dc336650fcd5249bdddbbfec,COMPLETE,True
36398e51d6143a74,DIOR-R,21577,62,storagetank,small,1.3125,ar<1.6,False,storagetank|small|ar<1.6,,,1,1,8e8d4b61ea982f03a0fdefaca4068be0ac64d1f363bae1005adde8cfe8c7c0b1,e99ce31344fc741606a880e8655161cfd65454a4dc336650fcd5249bdddbbfec,AMBIGUOUS|AMBIGUOUS,False
ec91c9a1a5a35850,DIOR-R,23042,3,basketballcourt,large,1.252978,ar<1.6,False,basketballcourt|large|ar<1.6,164.876002,164.908427,0,0,8e8d4b61ea982f03a0fdefaca4068be0ac64d1f363bae1005adde8cfe8c7c0b1,e99ce31344fc741606a880e8655161cfd65454a4dc336650fcd5249bdddbbfec,COMPLETE,True
6debc5abc56e8aeb,DIOR-R,20545,4,baseballfield,small,1.272727,ar<1.6,False,baseballfield|small|ar<1.6,,,1,1,8e8d4b61ea982f03a0fdefaca4068be0ac64d1f363bae1005adde8cfe8c7c0b1,e99ce31344fc741606a880e8655161cfd65454a4dc336650fcd5249bdddbbfec,AMBIGUOUS|AMBIGUOUS,False
9c1f3a7ac31ecf3c,DIOR-R,18927,1,storagetank,medium,1.085714,ar<1.6,False,storagetank|medium|ar<1.6,,,1,1,8e8d4b61ea982f03a0fdefaca4068be0ac64d1f363bae1005adde8cfe8c7c0b1,e99ce31344fc741606a880e8655161cfd65454a4dc336650fcd5249bdddbbfec,AMBIGUOUS|AMBIGUOUS,False
9d041ceacbf178b1,DIOR-R,23418,2,stadium,small,1.4,ar<1.6,False,stadium|small|ar<1.6,91.808706,88.726925,0,0,8e8d4b61ea982f03a0fdefaca4068be0ac64d1f363bae1005adde8cfe8c7c0b1,e99ce31344fc741606a880e8655161cfd65454a4dc336650fcd5249bdddbbfec,COMPLETE,True
665a00b3728188ec,DIOR-R,22676,14,stadium,medium,1.716924,1.6<=ar<2.1,False,stadium|medium|1.6<=ar<2.1,56.949755,55.045324,0,0,8e8d4b61ea982f03a0fdefaca4068be0ac64d1f363bae1005adde8cfe8c7c0b1,e99ce31344fc741606a880e8655161cfd65454a4dc336650fcd5249bdddbbfec,COMPLETE,True
1f45c229950a0bcd,DIOR-R,13415,3,vehicle,medium,2.511628,ar>=2.1,True,vehicle|medium|ar>=2.1,89.488429,90.313088,0,0,8e8d4b61ea982f03a0fdefaca4068be0ac64d1f363bae1005adde8cfe8c7c0b1,e99ce31344fc741606a880e8655161cfd65454a4dc336650fcd5249bdddbbfec,COMPLETE,True
694006839393c911,DIOR-R,15670,80,storagetank,medium,1.057143,ar<1.6,False,storagetank|medium|ar<1.6,,,1,1,8e8d4b61ea982f03a0fdefaca4068be0ac64d1f363bae1005adde8cfe8c7c0b1,e99ce31344fc741606a880e8655161cfd65454a4dc336650fcd5249bdddbbfec,AMBIGUOUS|AMBIGUOUS,False
0bd16e07b145d62d,DIOR-R,16961,18,storagetank,small,1.032258,ar<1.6,False,storagetank|small|ar<1.6,,,1,1,8e8d4b61ea982f03a0fdefaca4068be0ac64d1f363bae1005adde8cfe8c7c0b1,e99ce31344fc741606a880e8655161cfd65454a4dc336650fcd5249bdddbbfec,AMBIGUOUS|AMBIGUOUS,False
b93ecee2d129c9e7,DIOR-R,22354,72,storagetank,small,1.0,ar<1.6,False,storagetank|small|ar<1.6,,,1,1,8e8d4b61ea982f03a0fdefaca4068be0ac64d1f363bae1005adde8cfe8c7c0b1,e99ce31344fc741606a880e8655161cfd65454a4dc336650fcd5249bdddbbfec,AMBIGUOUS|AMBIGUOUS,False
2826262db34abf4e,DIOR-R,17212,10,harbor,medium,1.173616,ar<1.6,False,harbor|medium|ar<1.6,,,1,1,8e8d4b61ea982f03a0fdefaca4068be0ac64d1f363bae1005adde8cfe8c7c0b1,e99ce31344fc741606a880e8655161cfd65454a4dc336650fcd5249bdddbbfec,AMBIGUOUS|SKIP,False
de90cb4b4416059a,DIOR-R,20145,0,windmill,small,1.483254,ar<1.6,False,windmill|small|ar<1.6,,,1,1,8e8d4b61ea982f03a0fdefaca4068be0ac64d1f363bae1005adde8cfe8c7c0b1,e99ce31344fc741606a880e8655161cfd65454a4dc336650fcd5249bdddbbfec,AMBIGUOUS|AMBIGUOUS,False
1bf396ab726c1694,DIOR-R,20406,13,ship,small,2.298246,ar>=2.1,True,ship|small|ar>=2.1,23.198592,23.929257,0,0,8e8d4b61ea982f03a0fdefaca4068be0ac64d1f363bae1005adde8cfe8c7c0b1,e99ce31344fc741606a880e8655161cfd65454a4dc336650fcd5249bdddbbfec,COMPLETE,True
807b99eb9be9279b,DIOR-R,19476,2,Expressway-Service-area,medium,1.537676,ar<1.6,False,Expressway-Service-area|medium|ar<1.6,,,1,1,8e8d4b61ea982f03a0fdefaca4068be0ac64d1f363bae1005adde8cfe8c7c0b1,e99ce31344fc741606a880e8655161cfd65454a4dc336650fcd5249bdddbbfec,AMBIGUOUS|AMBIGUOUS,False
2248426dbd1d000b,DIOR-R,17425,5,stadium,medium,1.352941,ar<1.6,False,stadium|medium|ar<1.6,89.522547,91.974935,0,0,8e8d4b61ea982f03a0fdefaca4068be0ac64d1f363bae1005adde8cfe8c7c0b1,e99ce31344fc741606a880e8655161cfd65454a4dc336650fcd5249bdddbbfec,COMPLETE,True
a3559cc1ddd6b3bf,DIOR-R,16204,0,Expressway-toll-station,large,1.657955,1.6<=ar<2.1,False,Expressway-toll-station|large|1.6<=ar<2.1,69.421312,70.841845,0,0,8e8d4b61ea982f03a0fdefaca4068be0ac64d1f363bae1005adde8cfe8c7c0b1,e99ce31344fc741606a880e8655161cfd65454a4dc336650fcd5249bdddbbfec,COMPLETE,True
362e824a6039344c,DIOR-R,12587,1,tenniscourt,small,2.285714,ar>=2.1,True,tenniscourt|small|ar>=2.1,90.939180,89.087013,0,0,8e8d4b61ea982f03a0fdefaca4068be0ac64d1f363bae1005adde8cfe8c7c0b1,e99ce31344fc741606a880e8655161cfd65454a4dc336650fcd5249bdddbbfec,COMPLETE,True
7ea90bf551a972f0,DIOR-R,13952,4,tenniscourt,medium,2.145602,ar>=2.1,True,tenniscourt|medium|ar>=2.1,90.218701,91.273015,0,0,8e8d4b61ea982f03a0fdefaca4068be0ac64d1f363bae1005adde8cfe8c7c0b1,e99ce31344fc741606a880e8655161cfd65454a4dc336650fcd5249bdddbbfec,COMPLETE,True
2abcdc17b44d3ea4,DIOR-R,14530,16,ship,medium,2.85,ar>=2.1,True,ship|medium|ar>=2.1,0.000000,0.498220,0,0,8e8d4b61ea982f03a0fdefaca4068be0ac64d1f363bae1005adde8cfe8c7c0b1,e99ce31344fc741606a880e8655161cfd65454a4dc336650fcd5249bdddbbfec,COMPLETE,True
22df441a1592a226,DIOR-R,21673,1,ship,medium,3.26595,ar>=2.1,True,ship|medium|ar>=2.1,174.347492,175.093941,0,0,8e8d4b61ea982f03a0fdefaca4068be0ac64d1f363bae1005adde8cfe8c7c0b1,e99ce31344fc741606a880e8655161cfd65454a4dc336650fcd5249bdddbbfec,COMPLETE,True
288f51ddbddbf5a7,DIOR-R,21380,7,stadium,large,1.263889,ar<1.6,False,stadium|large|ar<1.6,90.584622,89.590739,0,0,8e8d4b61ea982f03a0fdefaca4068be0ac64d1f363bae1005adde8cfe8c7c0b1,e99ce31344fc741606a880e8655161cfd65454a4dc336650fcd5249bdddbbfec,COMPLETE,True
31659deca6824bb9,DIOR-R,18454,28,storagetank,small,1.074074,ar<1.6,False,storagetank|small|ar<1.6,,,1,1,8e8d4b61ea982f03a0fdefaca4068be0ac64d1f363bae1005adde8cfe8c7c0b1,e99ce31344fc741606a880e8655161cfd65454a4dc336650fcd5249bdddbbfec,AMBIGUOUS|AMBIGUOUS,False
044b80d92c00c620,DIOR-R,13051,108,ship,small,2.916667,ar>=2.1,True,ship|small|ar>=2.1,50.106517,43.814727,0,0,8e8d4b61ea982f03a0fdefaca4068be0ac64d1f363bae1005adde8cfe8c7c0b1,e99ce31344fc741606a880e8655161cfd65454a4dc336650fcd5249bdddbbfec,COMPLETE,True
3f0d8ddb0761b3fa,DIOR-R,14181,7,vehicle,small,2.345238,ar>=2.1,True,vehicle|small|ar>=2.1,58.964897,51.952963,0,0,8e8d4b61ea982f03a0fdefaca4068be0ac64d1f363bae1005adde8cfe8c7c0b1,e99ce31344fc741606a880e8655161cfd65454a4dc336650fcd5249bdddbbfec,COMPLETE,True
1b50557193c77b13,DIOR-R,18735,3,groundtrackfield,large,1.382353,ar<1.6,False,groundtrackfield|large|ar<1.6,90.000000,90.648605,0,0,8e8d4b61ea982f03a0fdefaca4068be0ac64d1f363bae1005adde8cfe8c7c0b1,e99ce31344fc741606a880e8655161cfd65454a4dc336650fcd5249bdddbbfec,COMPLETE,True
643528ecb8f50cd6,DIOR-R,12588,103,ship,small,2.5,ar>=2.1,True,ship|small|ar>=2.1,57.082257,57.324710,0,0,8e8d4b61ea982f03a0fdefaca4068be0ac64d1f363bae1005adde8cfe8c7c0b1,e99ce31344fc741606a880e8655161cfd65454a4dc336650fcd5249bdddbbfec,COMPLETE,True
fbe650b1bdf5daa4,DIOR-R,21867,6,vehicle,small,2.475248,ar>=2.1,True,vehicle|small|ar>=2.1,,32.347439,1,0,8e8d4b61ea982f03a0fdefaca4068be0ac64d1f363bae1005adde8cfe8c7c0b1,e99ce31344fc741606a880e8655161cfd65454a4dc336650fcd5249bdddbbfec,SKIP|LABELED,False
0ac00a0047c542be,DIOR-R,15663,1,Expressway-Service-area,large,2.018225,1.6<=ar<2.1,False,Expressway-Service-area|large|1.6<=ar<2.1,,,1,1,8e8d4b61ea982f03a0fdefaca4068be0ac64d1f363bae1005adde8cfe8c7c0b1,e99ce31344fc741606a880e8655161cfd65454a4dc336650fcd5249bdddbbfec,AMBIGUOUS|SKIP,False
013c2439b0ccac33,DIOR-R,22027,10,airplane,medium,1.327157,ar<1.6,False,airplane|medium|ar<1.6,154.380803,156.236202,0,0,8e8d4b61ea982f03a0fdefaca4068be0ac64d1f363bae1005adde8cfe8c7c0b1,e99ce31344fc741606a880e8655161cfd65454a4dc336650fcd5249bdddbbfec,COMPLETE,True
b140426eb534bc5f,DIOR-R,12857,149,storagetank,small,1.0,ar<1.6,False,storagetank|small|ar<1.6,,,1,1,8e8d4b61ea982f03a0fdefaca4068be0ac64d1f363bae1005adde8cfe8c7c0b1,e99ce31344fc741606a880e8655161cfd65454a4dc336650fcd5249bdddbbfec,AMBIGUOUS|AMBIGUOUS,False
91c7635cb943270c,DIOR-R,16406,36,ship,small,2.666667,ar>=2.1,True,ship|small|ar>=2.1,179.506073,179.674470,0,0,8e8d4b61ea982f03a0fdefaca4068be0ac64d1f363bae1005adde8cfe8c7c0b1,e99ce31344fc741606a880e8655161cfd65454a4dc336650fcd5249bdddbbfec,COMPLETE,True
860667d1353a67a9,DIOR-R,19701,22,vehicle,small,2.44186,ar>=2.1,True,vehicle|small|ar>=2.1,122.152305,124.902490,0,0,8e8d4b61ea982f03a0fdefaca4068be0ac64d1f363bae1005adde8cfe8c7c0b1,e99ce31344fc741606a880e8655161cfd65454a4dc336650fcd5249bdddbbfec,COMPLETE,True
07162e17e6c3507f,DIOR-R,18126,40,storagetank,small,1.157895,ar<1.6,False,storagetank|small|ar<1.6,,,1,1,8e8d4b61ea982f03a0fdefaca4068be0ac64d1f363bae1005adde8cfe8c7c0b1,e99ce31344fc741606a880e8655161cfd65454a4dc336650fcd5249bdddbbfec,AMBIGUOUS|AMBIGUOUS,False
25753a73e8c52d3b,DIOR-R,13283,0,ship,small,3.4,ar>=2.1,True,ship|small|ar>=2.1,87.722369,88.990499,0,0,8e8d4b61ea982f03a0fdefaca4068be0ac64d1f363bae1005adde8cfe8c7c0b1,e99ce31344fc741606a880e8655161cfd65454a4dc336650fcd5249bdddbbfec,COMPLETE,True
4ac5a835b572abd4,DIOR-R,18180,0,storagetank,medium,1.0,ar<1.6,False,storagetank|medium|ar<1.6,,,1,1,8e8d4b61ea982f03a0fdefaca4068be0ac64d1f363bae1005adde8cfe8c7c0b1,e99ce31344fc741606a880e8655161cfd65454a4dc336650fcd5249bdddbbfec,AMBIGUOUS|AMBIGUOUS,False
63c2a1f82a041ee0,DIOR-R,21880,4,ship,small,2.669811,ar>=2.1,True,ship|small|ar>=2.1,120.183688,117.083575,0,0,8e8d4b61ea982f03a0fdefaca4068be0ac64d1f363bae1005adde8cfe8c7c0b1,e99ce31344fc741606a880e8655161cfd65454a4dc336650fcd5249bdddbbfec,COMPLETE,True
fee8da0ae306116b,DIOR-R,18658,45,ship,medium,4.094922,ar>=2.1,True,ship|medium|ar>=2.1,86.381360,87.039047,0,0,8e8d4b61ea982f03a0fdefaca4068be0ac64d1f363bae1005adde8cfe8c7c0b1,e99ce31344fc741606a880e8655161cfd65454a4dc336650fcd5249bdddbbfec,COMPLETE,True
8f9579cf2f7c3272,DIOR-R,14260,117,ship,small,3.093248,ar>=2.1,True,ship|small|ar>=2.1,7.386024,7.319008,0,0,8e8d4b61ea982f03a0fdefaca4068be0ac64d1f363bae1005adde8cfe8c7c0b1,e99ce31344fc741606a880e8655161cfd65454a4dc336650fcd5249bdddbbfec,COMPLETE,True
1f999519f4561370,DIOR-R,21992,10,tenniscourt,medium,2.159133,ar>=2.1,True,tenniscourt|medium|ar>=2.1,91.151536,91.476386,0,0,8e8d4b61ea982f03a0fdefaca4068be0ac64d1f363bae1005adde8cfe8c7c0b1,e99ce31344fc741606a880e8655161cfd65454a4dc336650fcd5249bdddbbfec,COMPLETE,True
d1e3423e7b1a62be,DIOR-R,22774,11,golffield,medium,1.5,ar<1.6,False,golffield|medium|ar<1.6,,,1,1,8e8d4b61ea982f03a0fdefaca4068be0ac64d1f363bae1005adde8cfe8c7c0b1,e99ce31344fc741606a880e8655161cfd65454a4dc336650fcd5249bdddbbfec,SKIP|SKIP,False
d86f87aaf790b25f,DIOR-R,23300,2,overpass,large,4.078014,ar>=2.1,True,overpass|large|ar>=2.1,,,1,1,8e8d4b61ea982f03a0fdefaca4068be0ac64d1f363bae1005adde8cfe8c7c0b1,e99ce31344fc741606a880e8655161cfd65454a4dc336650fcd5249bdddbbfec,SKIP|SKIP,False
91760b4ad5c3be9e,DIOR-R,20444,4,ship,medium,2.875899,ar>=2.1,True,ship|medium|ar>=2.1,86.248270,86.467705,0,0,8e8d4b61ea982f03a0fdefaca4068be0ac64d1f363bae1005adde8cfe8c7c0b1,e99ce31344fc741606a880e8655161cfd65454a4dc336650fcd5249bdddbbfec,COMPLETE,True
0c8314ed249fe29b,DIOR-R,15291,7,vehicle,small,4.272728,ar>=2.1,True,vehicle|small|ar>=2.1,70.497552,74.835540,0,0,8e8d4b61ea982f03a0fdefaca4068be0ac64d1f363bae1005adde8cfe8c7c0b1,e99ce31344fc741606a880e8655161cfd65454a4dc336650fcd5249bdddbbfec,COMPLETE,True
f328707585b6ed60,DIOR-R,18243,1,tenniscourt,medium,2.147201,ar>=2.1,True,tenniscourt|medium|ar>=2.1,87.297041,87.686262,0,0,8e8d4b61ea982f03a0fdefaca4068be0ac64d1f363bae1005adde8cfe8c7c0b1,e99ce31344fc741606a880e8655161cfd65454a4dc336650fcd5249bdddbbfec,COMPLETE,True
050b298706ddbe1a,DIOR-R,21225,5,tenniscourt,medium,2.131579,ar>=2.1,True,tenniscourt|medium|ar>=2.1,91.432096,89.797532,0,0,8e8d4b61ea982f03a0fdefaca4068be0ac64d1f363bae1005adde8cfe8c7c0b1,e99ce31344fc741606a880e8655161cfd65454a4dc336650fcd5249bdddbbfec,COMPLETE,True
30c9fbd4d800189e,DIOR-R,16740,10,storagetank,small,1.473684,ar<1.6,False,storagetank|small|ar<1.6,,,1,1,8e8d4b61ea982f03a0fdefaca4068be0ac64d1f363bae1005adde8cfe8c7c0b1,e99ce31344fc741606a880e8655161cfd65454a4dc336650fcd5249bdddbbfec,AMBIGUOUS|AMBIGUOUS,False
c3e9e3eb38c8405d,DIOR-R,22777,15,storagetank,small,1.083333,ar<1.6,False,storagetank|small|ar<1.6,,,1,1,8e8d4b61ea982f03a0fdefaca4068be0ac64d1f363bae1005adde8cfe8c7c0b1,e99ce31344fc741606a880e8655161cfd65454a4dc336650fcd5249bdddbbfec,AMBIGUOUS|AMBIGUOUS,False
c0a8d349923c2e56,DIOR-R,20275,0,windmill,large,1.779221,1.6<=ar<2.1,False,windmill|large|1.6<=ar<2.1,,,1,1,8e8d4b61ea982f03a0fdefaca4068be0ac64d1f363bae1005adde8cfe8c7c0b1,e99ce31344fc741606a880e8655161cfd65454a4dc336650fcd5249bdddbbfec,AMBIGUOUS|AMBIGUOUS,False
17e2992a05f375c3,DIOR-R,23265,35,vehicle,small,1.8,1.6<=ar<2.1,False,vehicle|small|1.6<=ar<2.1,178.549768,,0,1,8e8d4b61ea982f03a0fdefaca4068be0ac64d1f363bae1005adde8cfe8c7c0b1,e99ce31344fc741606a880e8655161cfd65454a4dc336650fcd5249bdddbbfec,LABELED|AMBIGUOUS,False
bb54e96164aa272d,DIOR-R,22978,7,bridge,small,1.647059,1.6<=ar<2.1,False,bridge|small|1.6<=ar<2.1,132.058537,,0,1,8e8d4b61ea982f03a0fdefaca4068be0ac64d1f363bae1005adde8cfe8c7c0b1,e99ce31344fc741606a880e8655161cfd65454a4dc336650fcd5249bdddbbfec,LABELED|AMBIGUOUS,False
29f3da55a75e96e9,DIOR-R,12055,4,vehicle,medium,2.347826,ar>=2.1,True,vehicle|medium|ar>=2.1,93.905712,92.290593,0,0,8e8d4b61ea982f03a0fdefaca4068be0ac64d1f363bae1005adde8cfe8c7c0b1,e99ce31344fc741606a880e8655161cfd65454a4dc336650fcd5249bdddbbfec,COMPLETE,True
30989111f5664f9b,DIOR-R,16652,3,overpass,small,6.0,ar>=2.1,True,overpass|small|ar>=2.1,,,1,1,8e8d4b61ea982f03a0fdefaca4068be0ac64d1f363bae1005adde8cfe8c7c0b1,e99ce31344fc741606a880e8655161cfd65454a4dc336650fcd5249bdddbbfec,AMBIGUOUS|AMBIGUOUS,False
cd2f0dd8e8c99bdb,DIOR-R,19601,28,ship,small,2.520618,ar>=2.1,True,ship|small|ar>=2.1,159.818199,161.101737,0,0,8e8d4b61ea982f03a0fdefaca4068be0ac64d1f363bae1005adde8cfe8c7c0b1,e99ce31344fc741606a880e8655161cfd65454a4dc336650fcd5249bdddbbfec,COMPLETE,True
54fd050f6ffc2395,FAIR1M-v1.0,9522__1024__976___0,11,Dry Cargo Ship,large,2.056035,1.6<=ar<2.1,False,Dry Cargo Ship|large|1.6<=ar<2.1,73.300727,73.060910,0,0,8e8d4b61ea982f03a0fdefaca4068be0ac64d1f363bae1005adde8cfe8c7c0b1,e99ce31344fc741606a880e8655161cfd65454a4dc336650fcd5249bdddbbfec,COMPLETE,True
5069a0a031ebaee2,FAIR1M-v1.0,9254__1024__0___0,1,Intersection,medium,1.136964,ar<1.6,False,Intersection|medium|ar<1.6,,,1,1,8e8d4b61ea982f03a0fdefaca4068be0ac64d1f363bae1005adde8cfe8c7c0b1,e99ce31344fc741606a880e8655161cfd65454a4dc336650fcd5249bdddbbfec,AMBIGUOUS|AMBIGUOUS,False
4ac81bc43e947bb9,FAIR1M-v1.0,13342__1024__0___0,1,Intersection,medium,1.608877,1.6<=ar<2.1,False,Intersection|medium|1.6<=ar<2.1,,88.667768,1,0,8e8d4b61ea982f03a0fdefaca4068be0ac64d1f363bae1005adde8cfe8c7c0b1,e99ce31344fc741606a880e8655161cfd65454a4dc336650fcd5249bdddbbfec,AMBIGUOUS|LABELED,False
6df46b3c38ae2c19,FAIR1M-v1.0,14953__1024__0___0,308,Small Car,small,1.5,ar<1.6,False,Small Car|small|ar<1.6,,,1,1,8e8d4b61ea982f03a0fdefaca4068be0ac64d1f363bae1005adde8cfe8c7c0b1,e99ce31344fc741606a880e8655161cfd65454a4dc336650fcd5249bdddbbfec,SKIP|AMBIGUOUS,False
a8c0495724a23eb8,FAIR1M-v1.0,5477__1024__0___0,53,Van,small,1.666667,1.6<=ar<2.1,False,Van|small|1.6<=ar<2.1,92.313683,88.058506,0,0,8e8d4b61ea982f03a0fdefaca4068be0ac64d1f363bae1005adde8cfe8c7c0b1,e99ce31344fc741606a880e8655161cfd65454a4dc336650fcd5249bdddbbfec,COMPLETE,True
751a55018748c305,FAIR1M-v1.0,8283__1024__0___0,29,Small Car,small,1.888889,1.6<=ar<2.1,False,Small Car|small|1.6<=ar<2.1,,,1,1,8e8d4b61ea982f03a0fdefaca4068be0ac64d1f363bae1005adde8cfe8c7c0b1,e99ce31344fc741606a880e8655161cfd65454a4dc336650fcd5249bdddbbfec,AMBIGUOUS|AMBIGUOUS,False
197947d59206eef1,FAIR1M-v1.0,5242__1024__0___0,103,Van,small,2.0,1.6<=ar<2.1,False,Van|small|1.6<=ar<2.1,56.611483,58.642880,0,0,8e8d4b61ea982f03a0fdefaca4068be0ac64d1f363bae1005adde8cfe8c7c0b1,e99ce31344fc741606a880e8655161cfd65454a4dc336650fcd5249bdddbbfec,COMPLETE,True
f56d8df10cc7eaf7,FAIR1M-v1.0,7748__1024__0___0,19,Van,small,3.375,ar>=2.1,True,Van|small|ar>=2.1,0.000000,0.861543,0,0,8e8d4b61ea982f03a0fdefaca4068be0ac64d1f363bae1005adde8cfe8c7c0b1,e99ce31344fc741606a880e8655161cfd65454a4dc336650fcd5249bdddbbfec,COMPLETE,True
a1b9387304eccace,FAIR1M-v1.0,3955__1024__0___0,6,Small Car,small,1.958763,1.6<=ar<2.1,False,Small Car|small|1.6<=ar<2.1,64.840618,64.334729,0,0,8e8d4b61ea982f03a0fdefaca4068be0ac64d1f363bae1005adde8cfe8c7c0b1,e99ce31344fc741606a880e8655161cfd65454a4dc336650fcd5249bdddbbfec,COMPLETE,True
73218fe6b3296078,FAIR1M-v1.0,11483__1024__0___0,7,Small Car,small,2.125,ar>=2.1,True,Small Car|small|ar>=2.1,178.712658,0.000000,0,0,8e8d4b61ea982f03a0fdefaca4068be0ac64d1f363bae1005adde8cfe8c7c0b1,e99ce31344fc741606a880e8655161cfd65454a4dc336650fcd5249bdddbbfec,COMPLETE,True
332d901344820ba3,FAIR1M-v1.0,6232__1024__0___0,192,Small Car,small,1.888889,1.6<=ar<2.1,False,Small Car|small|1.6<=ar<2.1,88.195950,90.000000,0,0,8e8d4b61ea982f03a0fdefaca4068be0ac64d1f363bae1005adde8cfe8c7c0b1,e99ce31344fc741606a880e8655161cfd65454a4dc336650fcd5249bdddbbfec,COMPLETE,True
129f458ad04ac8a9,FAIR1M-v1.0,12601__1024__0___0,5,other-airplane,medium,1.123067,ar<1.6,False,other-airplane|medium|ar<1.6,,,1,1,8e8d4b61ea982f03a0fdefaca4068be0ac64d1f363bae1005adde8cfe8c7c0b1,e99ce31344fc741606a880e8655161cfd65454a4dc336650fcd5249bdddbbfec,SKIP|AMBIGUOUS,False
606820ba91c3230c,FAIR1M-v1.0,14527__1024__0___0,19,Small Car,small,2.341772,ar>=2.1,True,Small Car|small|ar>=2.1,80.716447,78.870761,0,0,8e8d4b61ea982f03a0fdefaca4068be0ac64d1f363bae1005adde8cfe8c7c0b1,e99ce31344fc741606a880e8655161cfd65454a4dc336650fcd5249bdddbbfec,COMPLETE,True
7b6727eb1343ba4f,FAIR1M-v1.0,4618__1024__0___0,254,Van,small,2.111111,ar>=2.1,True,Van|small|ar>=2.1,176.698153,2.045374,0,0,8e8d4b61ea982f03a0fdefaca4068be0ac64d1f363bae1005adde8cfe8c7c0b1,e99ce31344fc741606a880e8655161cfd65454a4dc336650fcd5249bdddbbfec,COMPLETE,True
9a54718857c88412,FAIR1M-v1.0,13856__1024__0___0,80,Small Car,small,1.847222,1.6<=ar<2.1,False,Small Car|small|1.6<=ar<2.1,90.000000,93.945246,0,0,8e8d4b61ea982f03a0fdefaca4068be0ac64d1f363bae1005adde8cfe8c7c0b1,e99ce31344fc741606a880e8655161cfd65454a4dc336650fcd5249bdddbbfec,COMPLETE,True
c1e89aee6315e199,FAIR1M-v1.0,115__1024__0___0,12,Van,small,2.714286,ar>=2.1,True,Van|small|ar>=2.1,178.602798,0.842548,0,0,8e8d4b61ea982f03a0fdefaca4068be0ac64d1f363bae1005adde8cfe8c7c0b1,e99ce31344fc741606a880e8655161cfd65454a4dc336650fcd5249bdddbbfec,COMPLETE,True
7cf440dd94788b98,FAIR1M-v1.0,10222__1024__0___0,266,Van,small,2.495496,ar>=2.1,True,Van|small|ar>=2.1,23.106303,25.588520,0,0,8e8d4b61ea982f03a0fdefaca4068be0ac64d1f363bae1005adde8cfe8c7c0b1,e99ce31344fc741606a880e8655161cfd65454a4dc336650fcd5249bdddbbfec,COMPLETE,True
adf3be66a825e576,FAIR1M-v1.0,5496__1024__0___0,45,Van,small,2.739437,ar>=2.1,True,Van|small|ar>=2.1,153.434964,153.711752,0,0,8e8d4b61ea982f03a0fdefaca4068be0ac64d1f363bae1005adde8cfe8c7c0b1,e99ce31344fc741606a880e8655161cfd65454a4dc336650fcd5249bdddbbfec,COMPLETE,True
33a321411f60ec65,FAIR1M-v1.0,7030__1024__0___0,4,Van,small,2.0,1.6<=ar<2.1,False,Van|small|1.6<=ar<2.1,136.974933,142.373825,0,0,8e8d4b61ea982f03a0fdefaca4068be0ac64d1f363bae1005adde8cfe8c7c0b1,e99ce31344fc741606a880e8655161cfd65454a4dc336650fcd5249bdddbbfec,COMPLETE,True
ab6d1690b1ed918e,FAIR1M-v1.0,12297__1024__0___0,4,Small Car,small,2.424581,ar>=2.1,True,Small Car|small|ar>=2.1,144.530124,145.007939,0,0,8e8d4b61ea982f03a0fdefaca4068be0ac64d1f363bae1005adde8cfe8c7c0b1,e99ce31344fc741606a880e8655161cfd65454a4dc336650fcd5249bdddbbfec,COMPLETE,True
0b76cc1135343efa,FAIR1M-v1.0,10284__1024__0___0,161,Van,small,1.740157,1.6<=ar<2.1,False,Van|small|1.6<=ar<2.1,71.241353,67.479482,0,0,8e8d4b61ea982f03a0fdefaca4068be0ac64d1f363bae1005adde8cfe8c7c0b1,e99ce31344fc741606a880e8655161cfd65454a4dc336650fcd5249bdddbbfec,COMPLETE,True
723c03c38b33af82,FAIR1M-v1.0,8129__1024__0___0,8,Tennis Court,small,2.251429,ar>=2.1,True,Tennis Court|small|ar>=2.1,32.471144,30.827664,0,0,8e8d4b61ea982f03a0fdefaca4068be0ac64d1f363bae1005adde8cfe8c7c0b1,e99ce31344fc741606a880e8655161cfd65454a4dc336650fcd5249bdddbbfec,COMPLETE,True
71a053f7358963c2,FAIR1M-v1.0,1719__1024__0___476,0,Engineering Ship,medium,2.013469,1.6<=ar<2.1,False,Engineering Ship|medium|1.6<=ar<2.1,,,1,1,8e8d4b61ea982f03a0fdefaca4068be0ac64d1f363bae1005adde8cfe8c7c0b1,e99ce31344fc741606a880e8655161cfd65454a4dc336650fcd5249bdddbbfec,AMBIGUOUS|SKIP,False
c4d20ad458504721,FAIR1M-v1.0,10663__1024__0___0,22,A220,medium,1.229426,ar<1.6,False,A220|medium|ar<1.6,144.233327,143.249337,0,0,8e8d4b61ea982f03a0fdefaca4068be0ac64d1f363bae1005adde8cfe8c7c0b1,e99ce31344fc741606a880e8655161cfd65454a4dc336650fcd5249bdddbbfec,COMPLETE,True
f485ea93e38002bb,FAIR1M-v1.0,14521__1024__0___0,0,Small Car,small,1.727273,1.6<=ar<2.1,False,Small Car|small|1.6<=ar<2.1,88.152398,89.075965,0,0,8e8d4b61ea982f03a0fdefaca4068be0ac64d1f363bae1005adde8cfe8c7c0b1,e99ce31344fc741606a880e8655161cfd65454a4dc336650fcd5249bdddbbfec,COMPLETE,True
5144fdb81cf4d888,FAIR1M-v1.0,7405__1024__0___0,74,Cargo Truck,small,1.668342,1.6<=ar<2.1,False,Cargo Truck|small|1.6<=ar<2.1,86.423697,87.580492,0,0,8e8d4b61ea982f03a0fdefaca4068be0ac64d1f363bae1005adde8cfe8c7c0b1,e99ce31344fc741606a880e8655161cfd65454a4dc336650fcd5249bdddbbfec,COMPLETE,True
3363a64bf733e5a5,FAIR1M-v1.0,2176__1024__0___0,37,Small Car,small,2.0,1.6<=ar<2.1,False,Small Car|small|1.6<=ar<2.1,59.641849,53.325607,0,0,8e8d4b61ea982f03a0fdefaca4068be0ac64d1f363bae1005adde8cfe8c7c0b1,e99ce31344fc741606a880e8655161cfd65454a4dc336650fcd5249bdddbbfec,COMPLETE,True
4ec7b96a1f145ae4,FAIR1M-v1.0,3389__1024__0___0,118,Small Car,small,1.99422,1.6<=ar<2.1,False,Small Car|small|1.6<=ar<2.1,131.742768,124.728966,0,0,8e8d4b61ea982f03a0fdefaca4068be0ac64d1f363bae1005adde8cfe8c7c0b1,e99ce31344fc741606a880e8655161cfd65454a4dc336650fcd5249bdddbbfec,COMPLETE,True
e8a6912665dea1f6,FAIR1M-v1.0,2344__1024__0___0,15,Boeing777,medium,1.603937,1.6<=ar<2.1,False,Boeing777|medium|1.6<=ar<2.1,,94.992080,1,0,8e8d4b61ea982f03a0fdefaca4068be0ac64d1f363bae1005adde8cfe8c7c0b1,e99ce31344fc741606a880e8655161cfd65454a4dc336650fcd5249bdddbbfec,SKIP|LABELED,False
5668d64fa67d686b,FAIR1M-v1.0,1197__1024__0___0,59,Dump Truck,small,3.123153,ar>=2.1,True,Dump Truck|small|ar>=2.1,5.194442,6.556949,0,0,8e8d4b61ea982f03a0fdefaca4068be0ac64d1f363bae1005adde8cfe8c7c0b1,e99ce31344fc741606a880e8655161cfd65454a4dc336650fcd5249bdddbbfec,COMPLETE,True
da86df7d3c8d12ed,FAIR1M-v1.0,5261__1024__0___0,178,Van,small,2.113924,ar>=2.1,True,Van|small|ar>=2.1,,,1,1,8e8d4b61ea982f03a0fdefaca4068be0ac64d1f363bae1005adde8cfe8c7c0b1,e99ce31344fc741606a880e8655161cfd65454a4dc336650fcd5249bdddbbfec,AMBIGUOUS|AMBIGUOUS,False
28867127259fe47e,FAIR1M-v1.0,11455__1024__0___0,316,Van,small,1.7,1.6<=ar<2.1,False,Van|small|1.6<=ar<2.1,87.079276,91.735703,0,0,8e8d4b61ea982f03a0fdefaca4068be0ac64d1f363bae1005adde8cfe8c7c0b1,e99ce31344fc741606a880e8655161cfd65454a4dc336650fcd5249bdddbbfec,COMPLETE,True
d465c8e2cf1c3aae,FAIR1M-v1.0,9527__1024__0___0,0,other-airplane,medium,1.178572,ar<1.6,False,other-airplane|medium|ar<1.6,48.366468,47.374933,0,0,8e8d4b61ea982f03a0fdefaca4068be0ac64d1f363bae1005adde8cfe8c7c0b1,e99ce31344fc741606a880e8655161cfd65454a4dc336650fcd5249bdddbbfec,COMPLETE,True
7fccbe2f74a4bada,FAIR1M-v1.0,590__1024__0___0,90,Small Car,small,1.777778,1.6<=ar<2.1,False,Small Car|small|1.6<=ar<2.1,84.710004,89.292644,0,0,8e8d4b61ea982f03a0fdefaca4068be0ac64d1f363bae1005adde8cfe8c7c0b1,e99ce31344fc741606a880e8655161cfd65454a4dc336650fcd5249bdddbbfec,COMPLETE,True
40f7ac85305fdf3f,FAIR1M-v1.0,14498__1024__0___0,8,Small Car,small,2.881579,ar>=2.1,True,Small Car|small|ar>=2.1,16.015431,18.004160,0,0,8e8d4b61ea982f03a0fdefaca4068be0ac64d1f363bae1005adde8cfe8c7c0b1,e99ce31344fc741606a880e8655161cfd65454a4dc336650fcd5249bdddbbfec,COMPLETE,True
46b9777eacdf87a2,FAIR1M-v1.0,3576__1024__0___0,192,Small Car,small,1.586207,ar<1.6,False,Small Car|small|ar<1.6,86.423631,86.849288,0,0,8e8d4b61ea982f03a0fdefaca4068be0ac64d1f363bae1005adde8cfe8c7c0b1,e99ce31344fc741606a880e8655161cfd65454a4dc336650fcd5249bdddbbfec,COMPLETE,True
aa38db51f39057c2,FAIR1M-v1.0,4202__1024__0___0,83,Small Car,small,2.373626,ar>=2.1,True,Small Car|small|ar>=2.1,130.236344,132.510433,0,0,8e8d4b61ea982f03a0fdefaca4068be0ac64d1f363bae1005adde8cfe8c7c0b1,e99ce31344fc741606a880e8655161cfd65454a4dc336650fcd5249bdddbbfec,COMPLETE,True
a66c352023e57582,FAIR1M-v1.0,1024__1024__476___476,34,Motorboat,small,1.705882,1.6<=ar<2.1,False,Motorboat|small|1.6<=ar<2.1,109.290036,109.708004,0,0,8e8d4b61ea982f03a0fdefaca4068be0ac64d1f363bae1005adde8cfe8c7c0b1,e99ce31344fc741606a880e8655161cfd65454a4dc336650fcd5249bdddbbfec,COMPLETE,True
82266f2313b9e104,FAIR1M-v1.0,6707__1024__0___0,5,Basketball Court,medium,1.652389,1.6<=ar<2.1,False,Basketball Court|medium|1.6<=ar<2.1,128.873072,130.266564,0,0,8e8d4b61ea982f03a0fdefaca4068be0ac64d1f363bae1005adde8cfe8c7c0b1,e99ce31344fc741606a880e8655161cfd65454a4dc336650fcd5249bdddbbfec,COMPLETE,True
6ff7c1765334b161,FAIR1M-v1.0,6611__1024__0___0,116,Motorboat,small,3.884058,ar>=2.1,True,Motorboat|small|ar>=2.1,0.000000,3.366457,0,0,8e8d4b61ea982f03a0fdefaca4068be0ac64d1f363bae1005adde8cfe8c7c0b1,e99ce31344fc741606a880e8655161cfd65454a4dc336650fcd5249bdddbbfec,COMPLETE,True
c97d6709d7d4757a,FAIR1M-v1.0,12808__1024__824___0,1,Dry Cargo Ship,medium,5.695079,ar>=2.1,True,Dry Cargo Ship|medium|ar>=2.1,160.635252,159.577665,0,0,8e8d4b61ea982f03a0fdefaca4068be0ac64d1f363bae1005adde8cfe8c7c0b1,e99ce31344fc741606a880e8655161cfd65454a4dc336650fcd5249bdddbbfec,COMPLETE,True
f60e8f331e3ff664,FAIR1M-v1.0,4803__1024__0___0,15,Small Car,small,2.974026,ar>=2.1,True,Small Car|small|ar>=2.1,143.569134,147.171507,0,0,8e8d4b61ea982f03a0fdefaca4068be0ac64d1f363bae1005adde8cfe8c7c0b1,e99ce31344fc741606a880e8655161cfd65454a4dc336650fcd5249bdddbbfec,COMPLETE,True
fc9d5b1a535ea099,FAIR1M-v1.0,9771__1024__0___0,7,Van,small,2.313433,ar>=2.1,True,Van|small|ar>=2.1,146.013796,148.760790,0,0,8e8d4b61ea982f03a0fdefaca4068be0ac64d1f363bae1005adde8cfe8c7c0b1,e99ce31344fc741606a880e8655161cfd65454a4dc336650fcd5249bdddbbfec,COMPLETE,True
7ee142787138b614,FAIR1M-v1.0,8615__1024__0___0,33,Van,small,2.172414,ar>=2.1,True,Van|small|ar>=2.1,3.179849,4.573939,0,0,8e8d4b61ea982f03a0fdefaca4068be0ac64d1f363bae1005adde8cfe8c7c0b1,e99ce31344fc741606a880e8655161cfd65454a4dc336650fcd5249bdddbbfec,COMPLETE,True
4ba074107ca41eeb,FAIR1M-v1.0,962__1024__0___0,77,Van,small,2.6,ar>=2.1,True,Van|small|ar>=2.1,113.895185,114.863620,0,0,8e8d4b61ea982f03a0fdefaca4068be0ac64d1f363bae1005adde8cfe8c7c0b1,e99ce31344fc741606a880e8655161cfd65454a4dc336650fcd5249bdddbbfec,COMPLETE,True
952f829ce13376ef,FAIR1M-v1.0,13828__1024__0___0,570,Small Car,small,2.416667,ar>=2.1,True,Small Car|small|ar>=2.1,175.426095,0.545651,0,0,8e8d4b61ea982f03a0fdefaca4068be0ac64d1f363bae1005adde8cfe8c7c0b1,e99ce31344fc741606a880e8655161cfd65454a4dc336650fcd5249bdddbbfec,COMPLETE,True
bf15f8582d5576ab,FAIR1M-v1.0,14689__1024__0___0,113,Van,small,2.078431,1.6<=ar<2.1,False,Van|small|1.6<=ar<2.1,76.373018,75.963798,0,0,8e8d4b61ea982f03a0fdefaca4068be0ac64d1f363bae1005adde8cfe8c7c0b1,e99ce31344fc741606a880e8655161cfd65454a4dc336650fcd5249bdddbbfec,COMPLETE,True
787c5de1fa7a24d7,FAIR1M-v1.0,750__1024__0___0,58,Small Car,small,3.166667,ar>=2.1,True,Small Car|small|ar>=2.1,179.175658,0.000000,0,0,8e8d4b61ea982f03a0fdefaca4068be0ac64d1f363bae1005adde8cfe8c7c0b1,e99ce31344fc741606a880e8655161cfd65454a4dc336650fcd5249bdddbbfec,COMPLETE,True
05fc6ca6f2299150,FAIR1M-v1.0,13312__1024__0___0,30,Van,small,2.260869,ar>=2.1,True,Van|small|ar>=2.1,132.838958,131.455236,0,0,8e8d4b61ea982f03a0fdefaca4068be0ac64d1f363bae1005adde8cfe8c7c0b1,e99ce31344fc741606a880e8655161cfd65454a4dc336650fcd5249bdddbbfec,COMPLETE,True
3e63636af36baff1,FAIR1M-v1.0,11659__1024__0___0,20,Small Car,small,1.888889,1.6<=ar<2.1,False,Small Car|small|1.6<=ar<2.1,90.868042,91.363847,0,0,8e8d4b61ea982f03a0fdefaca4068be0ac64d1f363bae1005adde8cfe8c7c0b1,e99ce31344fc741606a880e8655161cfd65454a4dc336650fcd5249bdddbbfec,COMPLETE,True
9a1a44f3c8901ab0,FAIR1M-v1.0,11017__1024__0___0,44,Van,small,2.678572,ar>=2.1,True,Van|small|ar>=2.1,0.000000,178.768043,0,0,8e8d4b61ea982f03a0fdefaca4068be0ac64d1f363bae1005adde8cfe8c7c0b1,e99ce31344fc741606a880e8655161cfd65454a4dc336650fcd5249bdddbbfec,COMPLETE,True
1bb2b2326864db99,FAIR1M-v1.0,2570__1024__0___0,48,Dump Truck,small,3.32,ar>=2.1,True,Dump Truck|small|ar>=2.1,,166.651280,1,0,8e8d4b61ea982f03a0fdefaca4068be0ac64d1f363bae1005adde8cfe8c7c0b1,e99ce31344fc741606a880e8655161cfd65454a4dc336650fcd5249bdddbbfec,SKIP|LABELED,False
d883bb186cbefeeb,FAIR1M-v1.0,12297__1024__0___0,0,Baseball Field,medium,1.955224,1.6<=ar<2.1,False,Baseball Field|medium|1.6<=ar<2.1,,,1,1,8e8d4b61ea982f03a0fdefaca4068be0ac64d1f363bae1005adde8cfe8c7c0b1,e99ce31344fc741606a880e8655161cfd65454a4dc336650fcd5249bdddbbfec,AMBIGUOUS|AMBIGUOUS,False
a2164940df30fd37,FAIR1M-v1.0,10293__1024__0___0,106,Small Car,small,3.4,ar>=2.1,True,Small Car|small|ar>=2.1,0.850855,1.261824,0,0,8e8d4b61ea982f03a0fdefaca4068be0ac64d1f363bae1005adde8cfe8c7c0b1,e99ce31344fc741606a880e8655161cfd65454a4dc336650fcd5249bdddbbfec,COMPLETE,True
cd70cec0d14bc208,FAIR1M-v1.0,13445__1024__0___0,22,Van,small,2.857143,ar>=2.1,True,Van|small|ar>=2.1,176.955218,1.032211,0,0,8e8d4b61ea982f03a0fdefaca4068be0ac64d1f363bae1005adde8cfe8c7c0b1,e99ce31344fc741606a880e8655161cfd65454a4dc336650fcd5249bdddbbfec,COMPLETE,True
323c850622ad711c,FAIR1M-v1.0,83__1024__0___0,35,Van,small,1.727273,1.6<=ar<2.1,False,Van|small|1.6<=ar<2.1,90.996378,88.290188,0,0,8e8d4b61ea982f03a0fdefaca4068be0ac64d1f363bae1005adde8cfe8c7c0b1,e99ce31344fc741606a880e8655161cfd65454a4dc336650fcd5249bdddbbfec,COMPLETE,True
67d1358654249942,FAIR1M-v1.0,4170__1024__0___0,30,Small Car,small,1.560976,ar<1.6,False,Small Car|small|ar<1.6,82.266472,81.869910,0,0,8e8d4b61ea982f03a0fdefaca4068be0ac64d1f363bae1005adde8cfe8c7c0b1,e99ce31344fc741606a880e8655161cfd65454a4dc336650fcd5249bdddbbfec,COMPLETE,True
7249a0166027746f,FAIR1M-v1.0,4181__1024__0___0,101,Small Car,small,2.138686,ar>=2.1,True,Small Car|small|ar>=2.1,119.248802,119.148132,0,0,8e8d4b61ea982f03a0fdefaca4068be0ac64d1f363bae1005adde8cfe8c7c0b1,e99ce31344fc741606a880e8655161cfd65454a4dc336650fcd5249bdddbbfec,COMPLETE,True
c14e7257b339d0b2,FAIR1M-v1.0,12607__1024__0___0,9,Small Car,small,2.207547,ar>=2.1,True,Small Car|small|ar>=2.1,85.732104,89.236111,0,0,8e8d4b61ea982f03a0fdefaca4068be0ac64d1f363bae1005adde8cfe8c7c0b1,e99ce31344fc741606a880e8655161cfd65454a4dc336650fcd5249bdddbbfec,COMPLETE,True
ea065be4d05ea2f7,FAIR1M-v1.0,4401__1024__0___0,7,Van,small,2.0,1.6<=ar<2.1,False,Van|small|1.6<=ar<2.1,90.000000,90.818403,0,0,8e8d4b61ea982f03a0fdefaca4068be0ac64d1f363bae1005adde8cfe8c7c0b1,e99ce31344fc741606a880e8655161cfd65454a4dc336650fcd5249bdddbbfec,COMPLETE,True
56a7ecde48a29745,FAIR1M-v1.0,6446__1024__0___824,1,Dry Cargo Ship,large,8.556433,ar>=2.1,True,Dry Cargo Ship|large|ar>=2.1,103.934835,102.792286,0,0,8e8d4b61ea982f03a0fdefaca4068be0ac64d1f363bae1005adde8cfe8c7c0b1,e99ce31344fc741606a880e8655161cfd65454a4dc336650fcd5249bdddbbfec,COMPLETE,True
7fecdd77fdb46974,FAIR1M-v1.0,329__1024__0___0,106,Van,small,2.2,ar>=2.1,True,Van|small|ar>=2.1,43.667768,43.602859,0,0,8e8d4b61ea982f03a0fdefaca4068be0ac64d1f363bae1005adde8cfe8c7c0b1,e99ce31344fc741606a880e8655161cfd65454a4dc336650fcd5249bdddbbfec,COMPLETE,True
3d637368610dc668,FAIR1M-v1.0,3588__1024__0___0,124,Bus,small,3.252577,ar>=2.1,True,Bus|small|ar>=2.1,112.833646,114.285843,0,0,8e8d4b61ea982f03a0fdefaca4068be0ac64d1f363bae1005adde8cfe8c7c0b1,e99ce31344fc741606a880e8655161cfd65454a4dc336650fcd5249bdddbbfec,COMPLETE,True
0db69c7f7e725792,FAIR1M-v1.0,6048__1024__0___0,0,Football Field,medium,1.564153,ar<1.6,False,Football Field|medium|ar<1.6,117.460244,117.255311,0,0,8e8d4b61ea982f03a0fdefaca4068be0ac64d1f363bae1005adde8cfe8c7c0b1,e99ce31344fc741606a880e8655161cfd65454a4dc336650fcd5249bdddbbfec,COMPLETE,True
83f7ba00375ad039,FAIR1M-v1.0,14712__1024__0___0,38,other-ship,small,1.835443,1.6<=ar<2.1,False,other-ship|small|1.6<=ar<2.1,4.085621,5.305092,0,0,8e8d4b61ea982f03a0fdefaca4068be0ac64d1f363bae1005adde8cfe8c7c0b1,e99ce31344fc741606a880e8655161cfd65454a4dc336650fcd5249bdddbbfec,COMPLETE,True
644a262b839f6e54,FAIR1M-v1.0,16200__1024__0___0,22,Dump Truck,small,3.212928,ar>=2.1,True,Dump Truck|small|ar>=2.1,2.636735,5.624618,0,0,8e8d4b61ea982f03a0fdefaca4068be0ac64d1f363bae1005adde8cfe8c7c0b1,e99ce31344fc741606a880e8655161cfd65454a4dc336650fcd5249bdddbbfec,COMPLETE,True
adcae9c6e040301c,FAIR1M-v1.0,13743__1024__0___0,100,Van,small,3.0,ar>=2.1,True,Van|small|ar>=2.1,177.780334,177.797398,0,0,8e8d4b61ea982f03a0fdefaca4068be0ac64d1f363bae1005adde8cfe8c7c0b1,e99ce31344fc741606a880e8655161cfd65454a4dc336650fcd5249bdddbbfec,COMPLETE,True
debbc7bbd4296736,FAIR1M-v1.0,211__1024__0___0,28,Van,small,1.756757,1.6<=ar<2.1,False,Van|small|1.6<=ar<2.1,75.963763,76.944755,0,0,8e8d4b61ea982f03a0fdefaca4068be0ac64d1f363bae1005adde8cfe8c7c0b1,e99ce31344fc741606a880e8655161cfd65454a4dc336650fcd5249bdddbbfec,COMPLETE,True
61153cb38a3fded6,FAIR1M-v1.0,6054__1024__0___0,6,Van,small,2.721805,ar>=2.1,True,Van|small|ar>=2.1,133.898272,131.128776,0,0,8e8d4b61ea982f03a0fdefaca4068be0ac64d1f363bae1005adde8cfe8c7c0b1,e99ce31344fc741606a880e8655161cfd65454a4dc336650fcd5249bdddbbfec,COMPLETE,True
2cb37ac1a7da2eeb,FAIR1M-v1.0,5071__1024__0___0,8,Small Car,small,2.877359,ar>=2.1,True,Small Car|small|ar>=2.1,169.755932,169.088897,0,0,8e8d4b61ea982f03a0fdefaca4068be0ac64d1f363bae1005adde8cfe8c7c0b1,e99ce31344fc741606a880e8655161cfd65454a4dc336650fcd5249bdddbbfec,COMPLETE,True
663f4b88e826e316,FAIR1M-v1.0,5667__1024__0___0,150,Van,small,2.0,1.6<=ar<2.1,False,Van|small|1.6<=ar<2.1,88.549739,85.815090,0,0,8e8d4b61ea982f03a0fdefaca4068be0ac64d1f363bae1005adde8cfe8c7c0b1,e99ce31344fc741606a880e8655161cfd65454a4dc336650fcd5249bdddbbfec,COMPLETE,True
24b80c44a1ca9878,FAIR1M-v1.0,5746__1024__0___0,8,Fishing Boat,small,4.276042,ar>=2.1,True,Fishing Boat|small|ar>=2.1,,120.818882,1,0,8e8d4b61ea982f03a0fdefaca4068be0ac64d1f363bae1005adde8cfe8c7c0b1,e99ce31344fc741606a880e8655161cfd65454a4dc336650fcd5249bdddbbfec,SKIP|LABELED,False
501f3432d16fd78f,FAIR1M-v1.0,15493__1024__0___0,163,Small Car,small,2.27451,ar>=2.1,True,Small Car|small|ar>=2.1,27.021569,24.376446,0,0,8e8d4b61ea982f03a0fdefaca4068be0ac64d1f363bae1005adde8cfe8c7c0b1,e99ce31344fc741606a880e8655161cfd65454a4dc336650fcd5249bdddbbfec,COMPLETE,True
1d5085e897bfd35e,FAIR1M-v1.0,83__1024__0___0,101,Van,small,2.387094,ar>=2.1,True,Van|small|ar>=2.1,155.265703,155.071531,0,0,8e8d4b61ea982f03a0fdefaca4068be0ac64d1f363bae1005adde8cfe8c7c0b1,e99ce31344fc741606a880e8655161cfd65454a4dc336650fcd5249bdddbbfec,COMPLETE,True
e81553fc128cac81,FAIR1M-v1.0,15104__1024__0___0,13,Small Car,small,3.194805,ar>=2.1,True,Small Car|small|ar>=2.1,2.489559,176.917822,0,0,8e8d4b61ea982f03a0fdefaca4068be0ac64d1f363bae1005adde8cfe8c7c0b1,e99ce31344fc741606a880e8655161cfd65454a4dc336650fcd5249bdddbbfec,COMPLETE,True
0b09fa8f6f4229b2,FAIR1M-v1.0,1097__1024__0___0,1,Bridge,small,2.055794,1.6<=ar<2.1,False,Bridge|small|1.6<=ar<2.1,,,1,1,8e8d4b61ea982f03a0fdefaca4068be0ac64d1f363bae1005adde8cfe8c7c0b1,e99ce31344fc741606a880e8655161cfd65454a4dc336650fcd5249bdddbbfec,SKIP|AMBIGUOUS,False
5f937faab70036f1,FAIR1M-v1.0,8837__1024__0___0,1,Small Car,small,2.369565,ar>=2.1,True,Small Car|small|ar>=2.1,140.599322,144.865820,0,0,8e8d4b61ea982f03a0fdefaca4068be0ac64d1f363bae1005adde8cfe8c7c0b1,e99ce31344fc741606a880e8655161cfd65454a4dc336650fcd5249bdddbbfec,COMPLETE,True
e40a13084507e2d1,FAIR1M-v1.0,264__1024__0___0,35,Van,small,2.677419,ar>=2.1,True,Van|small|ar>=2.1,14.620874,16.598084,0,0,8e8d4b61ea982f03a0fdefaca4068be0ac64d1f363bae1005adde8cfe8c7c0b1,e99ce31344fc741606a880e8655161cfd65454a4dc336650fcd5249bdddbbfec,COMPLETE,True
345a015c596cc516,FAIR1M-v1.0,4626__1024__0___0,0,Small Car,small,3.008474,ar>=2.1,True,Small Car|small|ar>=2.1,163.162504,163.141582,0,0,8e8d4b61ea982f03a0fdefaca4068be0ac64d1f363bae1005adde8cfe8c7c0b1,e99ce31344fc741606a880e8655161cfd65454a4dc336650fcd5249bdddbbfec,COMPLETE,True
f11e1aab22b7188b,FAIR1M-v1.0,7864__1024__0___0,28,Boeing787,medium,1.612245,1.6<=ar<2.1,False,Boeing787|medium|1.6<=ar<2.1,0.311397,2.792692,0,0,8e8d4b61ea982f03a0fdefaca4068be0ac64d1f363bae1005adde8cfe8c7c0b1,e99ce31344fc741606a880e8655161cfd65454a4dc336650fcd5249bdddbbfec,COMPLETE,True
4aa211346a0b64c5,FAIR1M-v1.0,8983__1024__0___0,12,Boeing787,medium,1.141282,ar<1.6,False,Boeing787|medium|ar<1.6,125.160959,122.784285,0,0,8e8d4b61ea982f03a0fdefaca4068be0ac64d1f363bae1005adde8cfe8c7c0b1,e99ce31344fc741606a880e8655161cfd65454a4dc336650fcd5249bdddbbfec,COMPLETE,True
1c634a0497c6fe3f,FAIR1M-v1.0,1536__1024__0___0,207,Dump Truck,small,3.375,ar>=2.1,True,Dump Truck|small|ar>=2.1,0.358075,,0,1,8e8d4b61ea982f03a0fdefaca4068be0ac64d1f363bae1005adde8cfe8c7c0b1,e99ce31344fc741606a880e8655161cfd65454a4dc336650fcd5249bdddbbfec,LABELED|AMBIGUOUS,False
38153dc8be349a37,FAIR1M-v1.0,4811__1024__0___0,5,Van,small,2.304348,ar>=2.1,True,Van|small|ar>=2.1,41.760304,48.012805,0,0,8e8d4b61ea982f03a0fdefaca4068be0ac64d1f363bae1005adde8cfe8c7c0b1,e99ce31344fc741606a880e8655161cfd65454a4dc336650fcd5249bdddbbfec,COMPLETE,True
5086b693a70886d6,FAIR1M-v1.0,15750__1024__0___0,27,Bridge,medium,1.925926,1.6<=ar<2.1,False,Bridge|medium|1.6<=ar<2.1,,,1,1,8e8d4b61ea982f03a0fdefaca4068be0ac64d1f363bae1005adde8cfe8c7c0b1,e99ce31344fc741606a880e8655161cfd65454a4dc336650fcd5249bdddbbfec,SKIP|AMBIGUOUS,False
d69040084cfc4879,FAIR1M-v1.0,13814__1024__0___0,17,Small Car,small,3.029412,ar>=2.1,True,Small Car|small|ar>=2.1,161.565059,162.847607,0,0,8e8d4b61ea982f03a0fdefaca4068be0ac64d1f363bae1005adde8cfe8c7c0b1,e99ce31344fc741606a880e8655161cfd65454a4dc336650fcd5249bdddbbfec,COMPLETE,True
971a2e5bec0b7071,FAIR1M-v1.0,2777__1024__0___0,111,Tennis Court,medium,2.930131,ar>=2.1,True,Tennis Court|medium|ar>=2.1,7.399564,8.846648,0,0,8e8d4b61ea982f03a0fdefaca4068be0ac64d1f363bae1005adde8cfe8c7c0b1,e99ce31344fc741606a880e8655161cfd65454a4dc336650fcd5249bdddbbfec,COMPLETE,True
c47d013701381a3d,FAIR1M-v1.0,1900__1024__0___0,221,Dump Truck,small,3.25,ar>=2.1,True,Dump Truck|small|ar>=2.1,179.584817,179.599325,0,0,8e8d4b61ea982f03a0fdefaca4068be0ac64d1f363bae1005adde8cfe8c7c0b1,e99ce31344fc741606a880e8655161cfd65454a4dc336650fcd5249bdddbbfec,COMPLETE,True
3574195ead613b7c,FAIR1M-v1.0,1893__1024__0___0,43,Van,small,3.166667,ar>=2.1,True,Van|small|ar>=2.1,1.070801,178.636096,0,0,8e8d4b61ea982f03a0fdefaca4068be0ac64d1f363bae1005adde8cfe8c7c0b1,e99ce31344fc741606a880e8655161cfd65454a4dc336650fcd5249bdddbbfec,COMPLETE,True
c3bf95ed9c518caa,FAIR1M-v1.0,13287__1024__0___0,63,Small Car,small,1.777778,1.6<=ar<2.1,False,Small Car|small|1.6<=ar<2.1,89.459473,91.193526,0,0,8e8d4b61ea982f03a0fdefaca4068be0ac64d1f363bae1005adde8cfe8c7c0b1,e99ce31344fc741606a880e8655161cfd65454a4dc336650fcd5249bdddbbfec,COMPLETE,True
a7f21ba3c3a94289,FAIR1M-v1.0,8105__1024__0___0,159,Small Car,small,3.234375,ar>=2.1,True,Small Car|small|ar>=2.1,17.168157,16.504347,0,0,8e8d4b61ea982f03a0fdefaca4068be0ac64d1f363bae1005adde8cfe8c7c0b1,e99ce31344fc741606a880e8655161cfd65454a4dc336650fcd5249bdddbbfec,COMPLETE,True
318d19ba47f0bfde,FAIR1M-v1.0,7793__1024__0___0,57,Van,small,2.615385,ar>=2.1,True,Van|small|ar>=2.1,22.036249,26.200073,0,0,8e8d4b61ea982f03a0fdefaca4068be0ac64d1f363bae1005adde8cfe8c7c0b1,e99ce31344fc741606a880e8655161cfd65454a4dc336650fcd5249bdddbbfec,COMPLETE,True
3b1d9e4733c5807b,FAIR1M-v1.0,1385__1024__0___0,92,Dump Truck,small,2.888889,ar>=2.1,True,Dump Truck|small|ar>=2.1,178.625142,178.876710,0,0,8e8d4b61ea982f03a0fdefaca4068be0ac64d1f363bae1005adde8cfe8c7c0b1,e99ce31344fc741606a880e8655161cfd65454a4dc336650fcd5249bdddbbfec,COMPLETE,True
4f409942e6e78ef1,FAIR1M-v1.0,5879__1024__2976___824,0,A330,large,1.066475,ar<1.6,False,A330|large|ar<1.6,8.198078,6.812782,0,0,8e8d4b61ea982f03a0fdefaca4068be0ac64d1f363bae1005adde8cfe8c7c0b1,e99ce31344fc741606a880e8655161cfd65454a4dc336650fcd5249bdddbbfec,COMPLETE,True
e2c336fc6af34296,FAIR1M-v1.0,6113__1024__0___0,176,Small Car,small,2.333333,ar>=2.1,True,Small Car|small|ar>=2.1,5.754551,3.621463,0,0,8e8d4b61ea982f03a0fdefaca4068be0ac64d1f363bae1005adde8cfe8c7c0b1,e99ce31344fc741606a880e8655161cfd65454a4dc336650fcd5249bdddbbfec,COMPLETE,True
be7ca0d1208c4662,FAIR1M-v1.0,4336__1024__0___0,18,Small Car,small,2.314815,ar>=2.1,True,Small Car|small|ar>=2.1,57.932569,54.188834,0,0,8e8d4b61ea982f03a0fdefaca4068be0ac64d1f363bae1005adde8cfe8c7c0b1,e99ce31344fc741606a880e8655161cfd65454a4dc336650fcd5249bdddbbfec,COMPLETE,True
c50f0d9eca7abd5c,FAIR1M-v1.0,12768__1024__0___0,12,Van,small,3.0,ar>=2.1,True,Van|small|ar>=2.1,175.829561,172.266393,0,0,8e8d4b61ea982f03a0fdefaca4068be0ac64d1f363bae1005adde8cfe8c7c0b1,e99ce31344fc741606a880e8655161cfd65454a4dc336650fcd5249bdddbbfec,COMPLETE,True
89467b835d3e4fde,FAIR1M-v1.0,267__1024__0___0,29,Passenger Ship,large,7.274923,ar>=2.1,True,Passenger Ship|large|ar>=2.1,62.994227,63.241062,0,0,8e8d4b61ea982f03a0fdefaca4068be0ac64d1f363bae1005adde8cfe8c7c0b1,e99ce31344fc741606a880e8655161cfd65454a4dc336650fcd5249bdddbbfec,COMPLETE,True
f2c8a4b09c851efe,FAIR1M-v1.0,1831__1024__0___0,1,other-airplane,medium,2.328508,ar>=2.1,True,other-airplane|medium|ar>=2.1,14.931399,13.544975,0,0,8e8d4b61ea982f03a0fdefaca4068be0ac64d1f363bae1005adde8cfe8c7c0b1,e99ce31344fc741606a880e8655161cfd65454a4dc336650fcd5249bdddbbfec,COMPLETE,True
a5ecfdfe9038ed42,FAIR1M-v1.0,2693__1024__0___0,1,Intersection,medium,1.234043,ar<1.6,False,Intersection|medium|ar<1.6,,,1,1,8e8d4b61ea982f03a0fdefaca4068be0ac64d1f363bae1005adde8cfe8c7c0b1,e99ce31344fc741606a880e8655161cfd65454a4dc336650fcd5249bdddbbfec,SKIP|AMBIGUOUS,False
fe116bfa154c1859,FAIR1M-v1.0,1613__1024__0___0,129,Small Car,small,1.794521,1.6<=ar<2.1,False,Small Car|small|1.6<=ar<2.1,83.991080,84.382537,0,0,8e8d4b61ea982f03a0fdefaca4068be0ac64d1f363bae1005adde8cfe8c7c0b1,e99ce31344fc741606a880e8655161cfd65454a4dc336650fcd5249bdddbbfec,COMPLETE,True
366dcf4d3c7b260c,FAIR1M-v1.0,11506__1024__976___976,41,Fishing Boat,small,2.09434,1.6<=ar<2.1,False,Fishing Boat|small|1.6<=ar<2.1,106.914146,105.106293,0,0,8e8d4b61ea982f03a0fdefaca4068be0ac64d1f363bae1005adde8cfe8c7c0b1,e99ce31344fc741606a880e8655161cfd65454a4dc336650fcd5249bdddbbfec,COMPLETE,True
c8f1eeb1ae855f7b,FAIR1M-v1.0,9256__1024__0___0,98,Van,small,2.126667,ar>=2.1,True,Van|small|ar>=2.1,37.673604,37.839541,0,0,8e8d4b61ea982f03a0fdefaca4068be0ac64d1f363bae1005adde8cfe8c7c0b1,e99ce31344fc741606a880e8655161cfd65454a4dc336650fcd5249bdddbbfec,COMPLETE,True
1378ad9cb345683d,FAIR1M-v1.0,1876__1024__0___0,34,Small Car,small,2.6,ar>=2.1,True,Small Car|small|ar>=2.1,,,1,1,8e8d4b61ea982f03a0fdefaca4068be0ac64d1f363bae1005adde8cfe8c7c0b1,e99ce31344fc741606a880e8655161cfd65454a4dc336650fcd5249bdddbbfec,AMBIGUOUS|AMBIGUOUS,False
3810e5f812230674,FAIR1M-v1.0,10797__1024__0___0,2,Small Car,small,2.370892,ar>=2.1,True,Small Car|small|ar>=2.1,163.898699,156.217966,0,0,8e8d4b61ea982f03a0fdefaca4068be0ac64d1f363bae1005adde8cfe8c7c0b1,e99ce31344fc741606a880e8655161cfd65454a4dc336650fcd5249bdddbbfec,COMPLETE,True
d412060c57b2af55,FAIR1M-v1.0,9889__1024__0___0,142,Small Car,small,3.666667,ar>=2.1,True,Small Car|small|ar>=2.1,178.264303,179.443748,0,0,8e8d4b61ea982f03a0fdefaca4068be0ac64d1f363bae1005adde8cfe8c7c0b1,e99ce31344fc741606a880e8655161cfd65454a4dc336650fcd5249bdddbbfec,COMPLETE,True
e5629ce928bbbad1,FAIR1M-v1.0,13822__1024__0___0,6,other-ship,medium,3.489426,ar>=2.1,True,other-ship|medium|ar>=2.1,28.207494,28.540010,0,0,8e8d4b61ea982f03a0fdefaca4068be0ac64d1f363bae1005adde8cfe8c7c0b1,e99ce31344fc741606a880e8655161cfd65454a4dc336650fcd5249bdddbbfec,COMPLETE,True
0e32f801ec4375de,FAIR1M-v1.0,1135__1024__0___0,91,Small Car,small,2.44,ar>=2.1,True,Small Car|small|ar>=2.1,,30.854217,1,0,8e8d4b61ea982f03a0fdefaca4068be0ac64d1f363bae1005adde8cfe8c7c0b1,e99ce31344fc741606a880e8655161cfd65454a4dc336650fcd5249bdddbbfec,AMBIGUOUS|LABELED,False
5353c97faa36ff7f,FAIR1M-v1.0,15711__1024__0___0,27,Van,small,2.318841,ar>=2.1,True,Van|small|ar>=2.1,45.473502,45.516147,0,0,8e8d4b61ea982f03a0fdefaca4068be0ac64d1f363bae1005adde8cfe8c7c0b1,e99ce31344fc741606a880e8655161cfd65454a4dc336650fcd5249bdddbbfec,COMPLETE,True
b39df2ee9dc5e552,FAIR1M-v1.0,6643__1024__0___0,19,A220,medium,1.02269,ar<1.6,False,A220|medium|ar<1.6,90.863674,92.636737,0,0,8e8d4b61ea982f03a0fdefaca4068be0ac64d1f363bae1005adde8cfe8c7c0b1,e99ce31344fc741606a880e8655161cfd65454a4dc336650fcd5249bdddbbfec,COMPLETE,True
3a39d551af082d5e,FAIR1M-v1.0,2160__1024__0___0,284,Van,small,2.363636,ar>=2.1,True,Van|small|ar>=2.1,178.842680,0.806954,0,0,8e8d4b61ea982f03a0fdefaca4068be0ac64d1f363bae1005adde8cfe8c7c0b1,e99ce31344fc741606a880e8655161cfd65454a4dc336650fcd5249bdddbbfec,COMPLETE,True
e8811505982c24e9,FAIR1M-v1.0,6516__1024__0___0,321,Van,small,3.22807,ar>=2.1,True,Van|small|ar>=2.1,175.236349,174.472472,0,0,8e8d4b61ea982f03a0fdefaca4068be0ac64d1f363bae1005adde8cfe8c7c0b1,e99ce31344fc741606a880e8655161cfd65454a4dc336650fcd5249bdddbbfec,COMPLETE,True
9cbeec419f3af8fa,FAIR1M-v1.0,1041__1024__0___0,102,Van,small,2.625,ar>=2.1,True,Van|small|ar>=2.1,2.462813,1.013999,0,0,8e8d4b61ea982f03a0fdefaca4068be0ac64d1f363bae1005adde8cfe8c7c0b1,e99ce31344fc741606a880e8655161cfd65454a4dc336650fcd5249bdddbbfec,COMPLETE,True
d717fc0cf94ac3f1,FAIR1M-v1.0,329__1024__0___0,13,Small Car,small,3.027211,ar>=2.1,True,Small Car|small|ar>=2.1,178.652142,176.367053,0,0,8e8d4b61ea982f03a0fdefaca4068be0ac64d1f363bae1005adde8cfe8c7c0b1,e99ce31344fc741606a880e8655161cfd65454a4dc336650fcd5249bdddbbfec,COMPLETE,True
4a9947d785108f07,FAIR1M-v1.0,5920__1024__0___0,30,Engineering Ship,medium,3.053763,ar>=2.1,True,Engineering Ship|medium|ar>=2.1,14.796792,10.705668,0,0,8e8d4b61ea982f03a0fdefaca4068be0ac64d1f363bae1005adde8cfe8c7c0b1,e99ce31344fc741606a880e8655161cfd65454a4dc336650fcd5249bdddbbfec,COMPLETE,True
450de32ac19dd618,FAIR1M-v1.0,12915__1024__0___0,120,Van,small,2.307692,ar>=2.1,True,Van|small|ar>=2.1,37.673575,45.000018,0,0,8e8d4b61ea982f03a0fdefaca4068be0ac64d1f363bae1005adde8cfe8c7c0b1,e99ce31344fc741606a880e8655161cfd65454a4dc336650fcd5249bdddbbfec,COMPLETE,True
e7f83959071f2db2,FAIR1M-v1.0,10467__1024__0___0,25,Small Car,small,2.548077,ar>=2.1,True,Small Car|small|ar>=2.1,178.688090,176.775453,0,0,8e8d4b61ea982f03a0fdefaca4068be0ac64d1f363bae1005adde8cfe8c7c0b1,e99ce31344fc741606a880e8655161cfd65454a4dc336650fcd5249bdddbbfec,COMPLETE,True
42e257a616269513,FAIR1M-v1.0,759__1024__0___0,18,Small Car,small,3.470588,ar>=2.1,True,Small Car|small|ar>=2.1,172.942172,175.471192,0,0,8e8d4b61ea982f03a0fdefaca4068be0ac64d1f363bae1005adde8cfe8c7c0b1,e99ce31344fc741606a880e8655161cfd65454a4dc336650fcd5249bdddbbfec,COMPLETE,True
2b87117a74226e29,FAIR1M-v1.0,11506__1024__824___976,15,Fishing Boat,small,3.37037,ar>=2.1,True,Fishing Boat|small|ar>=2.1,109.819470,110.924526,0,0,8e8d4b61ea982f03a0fdefaca4068be0ac64d1f363bae1005adde8cfe8c7c0b1,e99ce31344fc741606a880e8655161cfd65454a4dc336650fcd5249bdddbbfec,COMPLETE,True
0aba074f8cf61c54,FAIR1M-v1.0,14789__1024__0___0,6,Small Car,small,2.313433,ar>=2.1,True,Small Car|small|ar>=2.1,,130.732148,1,0,8e8d4b61ea982f03a0fdefaca4068be0ac64d1f363bae1005adde8cfe8c7c0b1,e99ce31344fc741606a880e8655161cfd65454a4dc336650fcd5249bdddbbfec,SKIP|LABELED,False
d5ed0d2ebd211bc5,FAIR1M-v1.0,11680__1024__0___0,85,Dump Truck,small,1.729508,1.6<=ar<2.1,False,Dump Truck|small|1.6<=ar<2.1,91.408632,89.104780,0,0,8e8d4b61ea982f03a0fdefaca4068be0ac64d1f363bae1005adde8cfe8c7c0b1,e99ce31344fc741606a880e8655161cfd65454a4dc336650fcd5249bdddbbfec,COMPLETE,True
03f01a2b2741d77a,FAIR1M-v1.0,4637__1024__0___0,63,Liquid Cargo Ship,medium,2.021958,1.6<=ar<2.1,False,Liquid Cargo Ship|medium|1.6<=ar<2.1,65.462263,65.272672,0,0,8e8d4b61ea982f03a0fdefaca4068be0ac64d1f363bae1005adde8cfe8c7c0b1,e99ce31344fc741606a880e8655161cfd65454a4dc336650fcd5249bdddbbfec,COMPLETE,True
f32d82fc6178eefd,FAIR1M-v1.0,15863__1024__0___0,13,Van,small,3.666667,ar>=2.1,True,Van|small|ar>=2.1,178.567944,178.929166,0,0,8e8d4b61ea982f03a0fdefaca4068be0ac64d1f363bae1005adde8cfe8c7c0b1,e99ce31344fc741606a880e8655161cfd65454a4dc336650fcd5249bdddbbfec,COMPLETE,True
52653c939e4c15ed,FAIR1M-v1.0,3176__1024__0___0,71,Van,small,2.586667,ar>=2.1,True,Van|small|ar>=2.1,25.114835,20.185812,0,0,8e8d4b61ea982f03a0fdefaca4068be0ac64d1f363bae1005adde8cfe8c7c0b1,e99ce31344fc741606a880e8655161cfd65454a4dc336650fcd5249bdddbbfec,COMPLETE,True
3f0567f58caaa096,FAIR1M-v1.0,4015__1024__0___0,11,Boeing787,large,1.078098,ar<1.6,False,Boeing787|large|ar<1.6,47.569247,50.440325,0,0,8e8d4b61ea982f03a0fdefaca4068be0ac64d1f363bae1005adde8cfe8c7c0b1,e99ce31344fc741606a880e8655161cfd65454a4dc336650fcd5249bdddbbfec,COMPLETE,True
2466f63aa646a99d,FAIR1M-v1.0,6523__1024__0___0,31,Van,small,2.666667,ar>=2.1,True,Van|small|ar>=2.1,179.356276,1.380329,0,0,8e8d4b61ea982f03a0fdefaca4068be0ac64d1f363bae1005adde8cfe8c7c0b1,e99ce31344fc741606a880e8655161cfd65454a4dc336650fcd5249bdddbbfec,COMPLETE,True
ace97f66d2b89049,FAIR1M-v1.0,8451__1024__0___0,50,Van,small,1.454545,ar<1.6,False,Van|small|ar<1.6,83.829832,85.532843,0,0,8e8d4b61ea982f03a0fdefaca4068be0ac64d1f363bae1005adde8cfe8c7c0b1,e99ce31344fc741606a880e8655161cfd65454a4dc336650fcd5249bdddbbfec,COMPLETE,True
2c1ca77eabe34c73,FAIR1M-v1.0,100__1024__0___0,7,Van,small,1.352332,ar<1.6,False,Van|small|ar<1.6,87.018536,90.842515,0,0,8e8d4b61ea982f03a0fdefaca4068be0ac64d1f363bae1005adde8cfe8c7c0b1,e99ce31344fc741606a880e8655161cfd65454a4dc336650fcd5249bdddbbfec,COMPLETE,True
0cace1b3fad0745d,FAIR1M-v1.0,8593__1024__0___0,101,Small Car,small,1.771186,1.6<=ar<2.1,False,Small Car|small|1.6<=ar<2.1,72.315575,69.443974,0,0,8e8d4b61ea982f03a0fdefaca4068be0ac64d1f363bae1005adde8cfe8c7c0b1,e99ce31344fc741606a880e8655161cfd65454a4dc336650fcd5249bdddbbfec,COMPLETE,True
fc67cef57876fcb6,FAIR1M-v1.0,929__1024__0___0,28,Van,small,2.843971,ar>=2.1,True,Van|small|ar>=2.1,6.410857,3.814077,0,0,8e8d4b61ea982f03a0fdefaca4068be0ac64d1f363bae1005adde8cfe8c7c0b1,e99ce31344fc741606a880e8655161cfd65454a4dc336650fcd5249bdddbbfec,COMPLETE,True
6800601003844f38,FAIR1M-v1.0,13460__1024__0___0,5,other-airplane,medium,1.1875,ar<1.6,False,other-airplane|medium|ar<1.6,4.059348,2.815534,0,0,8e8d4b61ea982f03a0fdefaca4068be0ac64d1f363bae1005adde8cfe8c7c0b1,e99ce31344fc741606a880e8655161cfd65454a4dc336650fcd5249bdddbbfec,COMPLETE,True
3d45fde904e1ff9c,FAIR1M-v1.0,4529__1024__0___0,16,Small Car,small,2.888889,ar>=2.1,True,Small Car|small|ar>=2.1,141.709812,141.632521,0,0,8e8d4b61ea982f03a0fdefaca4068be0ac64d1f363bae1005adde8cfe8c7c0b1,e99ce31344fc741606a880e8655161cfd65454a4dc336650fcd5249bdddbbfec,COMPLETE,True
c73486457bd0db73,FAIR1M-v1.0,2587__1024__0___0,199,Van,small,1.417808,ar<1.6,False,Van|small|ar<1.6,74.248777,78.070718,0,0,8e8d4b61ea982f03a0fdefaca4068be0ac64d1f363bae1005adde8cfe8c7c0b1,e99ce31344fc741606a880e8655161cfd65454a4dc336650fcd5249bdddbbfec,COMPLETE,True
b293c1b40edf40fc,FAIR1M-v1.0,16139__1024__0___0,41,Van,small,3.0,ar>=2.1,True,Van|small|ar>=2.1,,,1,1,8e8d4b61ea982f03a0fdefaca4068be0ac64d1f363bae1005adde8cfe8c7c0b1,e99ce31344fc741606a880e8655161cfd65454a4dc336650fcd5249bdddbbfec,AMBIGUOUS|AMBIGUOUS,False
0c951c4cb67cab3c,FAIR1M-v1.0,13104__1024__0___0,85,Van,small,1.371257,ar<1.6,False,Van|small|ar<1.6,94.236345,96.418745,0,0,8e8d4b61ea982f03a0fdefaca4068be0ac64d1f363bae1005adde8cfe8c7c0b1,e99ce31344fc741606a880e8655161cfd65454a4dc336650fcd5249bdddbbfec,COMPLETE,True
bdfcc2cddf032408,FAIR1M-v1.0,8963__1024__0___0,157,Van,small,3.194805,ar>=2.1,True,Van|small|ar>=2.1,,1.958036,1,0,8e8d4b61ea982f03a0fdefaca4068be0ac64d1f363bae1005adde8cfe8c7c0b1,e99ce31344fc741606a880e8655161cfd65454a4dc336650fcd5249bdddbbfec,AMBIGUOUS|LABELED,False
6edc2239ac2c8176,FAIR1M-v1.0,4502__1024__0___0,2,Tugboat,medium,1.764706,1.6<=ar<2.1,False,Tugboat|medium|1.6<=ar<2.1,97.495871,98.583619,0,0,8e8d4b61ea982f03a0fdefaca4068be0ac64d1f363bae1005adde8cfe8c7c0b1,e99ce31344fc741606a880e8655161cfd65454a4dc336650fcd5249bdddbbfec,COMPLETE,True
64b00adeeded4280,FAIR1M-v1.0,1534__1024__0___0,145,Small Car,small,2.315217,ar>=2.1,True,Small Car|small|ar>=2.1,173.884467,170.980677,0,0,8e8d4b61ea982f03a0fdefaca4068be0ac64d1f363bae1005adde8cfe8c7c0b1,e99ce31344fc741606a880e8655161cfd65454a4dc336650fcd5249bdddbbfec,COMPLETE,True
7b0cf58b1549f917,FAIR1M-v1.0,7940__1024__0___0,175,Van,small,2.304348,ar>=2.1,True,Van|small|ar>=2.1,129.628996,132.207251,0,0,8e8d4b61ea982f03a0fdefaca4068be0ac64d1f363bae1005adde8cfe8c7c0b1,e99ce31344fc741606a880e8655161cfd65454a4dc336650fcd5249bdddbbfec,COMPLETE,True
fd3077c02699f26a,FAIR1M-v1.0,10099__1024__0___0,231,Small Car,small,2.658119,ar>=2.1,True,Small Car|small|ar>=2.1,155.646990,154.536654,0,0,8e8d4b61ea982f03a0fdefaca4068be0ac64d1f363bae1005adde8cfe8c7c0b1,e99ce31344fc741606a880e8655161cfd65454a4dc336650fcd5249bdddbbfec,COMPLETE,True
5d17c5ab060647d6,FAIR1M-v1.0,1486__1024__0___0,42,Small Car,small,1.666667,1.6<=ar<2.1,False,Small Car|small|1.6<=ar<2.1,105.046395,107.241452,0,0,8e8d4b61ea982f03a0fdefaca4068be0ac64d1f363bae1005adde8cfe8c7c0b1,e99ce31344fc741606a880e8655161cfd65454a4dc336650fcd5249bdddbbfec,COMPLETE,True
151bb5ae124b28a8,FAIR1M-v1.0,11329__1024__0___0,38,Van,small,2.142857,ar>=2.1,True,Van|small|ar>=2.1,121.087540,123.147025,0,0,8e8d4b61ea982f03a0fdefaca4068be0ac64d1f363bae1005adde8cfe8c7c0b1,e99ce31344fc741606a880e8655161cfd65454a4dc336650fcd5249bdddbbfec,COMPLETE,True
fd360dfd44b55275,FAIR1M-v1.0,1197__1024__0___0,0,Football Field,large,2.451089,ar>=2.1,True,Football Field|large|ar>=2.1,,,1,1,8e8d4b61ea982f03a0fdefaca4068be0ac64d1f363bae1005adde8cfe8c7c0b1,e99ce31344fc741606a880e8655161cfd65454a4dc336650fcd5249bdddbbfec,SKIP|AMBIGUOUS,False
7ac14ed326acd44c,FAIR1M-v1.0,2898__1024__0___0,40,Van,small,2.131148,ar>=2.1,True,Van|small|ar>=2.1,159.171454,159.114196,0,0,8e8d4b61ea982f03a0fdefaca4068be0ac64d1f363bae1005adde8cfe8c7c0b1,e99ce31344fc741606a880e8655161cfd65454a4dc336650fcd5249bdddbbfec,COMPLETE,True
30446a2d271e3cbf,FAIR1M-v1.0,15750__1024__0___0,3,Bridge,small,2.117146,ar>=2.1,True,Bridge|small|ar>=2.1,,,1,1,8e8d4b61ea982f03a0fdefaca4068be0ac64d1f363bae1005adde8cfe8c7c0b1,e99ce31344fc741606a880e8655161cfd65454a4dc336650fcd5249bdddbbfec,AMBIGUOUS|AMBIGUOUS,False
39698a6deeced908,FAIR1M-v1.0,9221__1024__0___0,39,Small Car,small,2.347826,ar>=2.1,True,Small Car|small|ar>=2.1,76.551310,75.379129,0,0,8e8d4b61ea982f03a0fdefaca4068be0ac64d1f363bae1005adde8cfe8c7c0b1,e99ce31344fc741606a880e8655161cfd65454a4dc336650fcd5249bdddbbfec,COMPLETE,True
90d4eacc916b7079,FAIR1M-v1.0,15574__1024__0___0,0,Basketball Court,small,1.651389,1.6<=ar<2.1,False,Basketball Court|small|1.6<=ar<2.1,108.010557,109.548544,0,0,8e8d4b61ea982f03a0fdefaca4068be0ac64d1f363bae1005adde8cfe8c7c0b1,e99ce31344fc741606a880e8655161cfd65454a4dc336650fcd5249bdddbbfec,COMPLETE,True
7a201ff10d545859,FAIR1M-v1.0,6329__1024__0___0,15,Small Car,small,2.380952,ar>=2.1,True,Small Car|small|ar>=2.1,30.197989,26.016800,0,0,8e8d4b61ea982f03a0fdefaca4068be0ac64d1f363bae1005adde8cfe8c7c0b1,e99ce31344fc741606a880e8655161cfd65454a4dc336650fcd5249bdddbbfec,COMPLETE,True
4f3c434881c5d57f,FAIR1M-v1.0,5121__1024__0___0,5,Small Car,small,1.747036,1.6<=ar<2.1,False,Small Car|small|1.6<=ar<2.1,90.000000,94.813594,0,0,8e8d4b61ea982f03a0fdefaca4068be0ac64d1f363bae1005adde8cfe8c7c0b1,e99ce31344fc741606a880e8655161cfd65454a4dc336650fcd5249bdddbbfec,COMPLETE,True
2d21aff7bd0d84b4,FAIR1M-v1.0,15074__1024__0___0,84,Van,small,1.992248,1.6<=ar<2.1,False,Van|small|1.6<=ar<2.1,83.480098,85.855320,0,0,8e8d4b61ea982f03a0fdefaca4068be0ac64d1f363bae1005adde8cfe8c7c0b1,e99ce31344fc741606a880e8655161cfd65454a4dc336650fcd5249bdddbbfec,COMPLETE,True
663ddd0d2b952bfd,FAIR1M-v1.0,16428__1024__0___0,60,Dump Truck,small,1.842105,1.6<=ar<2.1,False,Dump Truck|small|1.6<=ar<2.1,103.266537,104.172376,0,0,8e8d4b61ea982f03a0fdefaca4068be0ac64d1f363bae1005adde8cfe8c7c0b1,e99ce31344fc741606a880e8655161cfd65454a4dc336650fcd5249bdddbbfec,COMPLETE,True
08d2f445bf4d9385,FAIR1M-v1.0,13687__1024__0___0,42,Van,small,1.828571,1.6<=ar<2.1,False,Van|small|1.6<=ar<2.1,42.117035,44.999982,0,0,8e8d4b61ea982f03a0fdefaca4068be0ac64d1f363bae1005adde8cfe8c7c0b1,e99ce31344fc741606a880e8655161cfd65454a4dc336650fcd5249bdddbbfec,COMPLETE,True
7399d5684dd06bad,FAIR1M-v1.0,4979__1024__0___0,33,Van,small,1.680851,1.6<=ar<2.1,False,Van|small|1.6<=ar<2.1,102.699643,101.725049,0,0,8e8d4b61ea982f03a0fdefaca4068be0ac64d1f363bae1005adde8cfe8c7c0b1,e99ce31344fc741606a880e8655161cfd65454a4dc336650fcd5249bdddbbfec,COMPLETE,True
409c205934284ab6,FAIR1M-v1.0,14794__1024__0___0,224,Small Car,small,2.617647,ar>=2.1,True,Small Car|small|ar>=2.1,30.668928,28.355006,0,0,8e8d4b61ea982f03a0fdefaca4068be0ac64d1f363bae1005adde8cfe8c7c0b1,e99ce31344fc741606a880e8655161cfd65454a4dc336650fcd5249bdddbbfec,COMPLETE,True
c3774ced28358a16,FAIR1M-v1.0,5879__1024__2472___2976,20,A350,large,1.181534,ar<1.6,False,A350|large|ar<1.6,176.764979,175.030251,0,0,8e8d4b61ea982f03a0fdefaca4068be0ac64d1f363bae1005adde8cfe8c7c0b1,e99ce31344fc741606a880e8655161cfd65454a4dc336650fcd5249bdddbbfec,COMPLETE,True
f7f0d2e1e7957d53,FAIR1M-v1.0,2898__1024__0___0,9,Van,small,1.681818,1.6<=ar<2.1,False,Van|small|1.6<=ar<2.1,151.578801,155.820862,0,0,8e8d4b61ea982f03a0fdefaca4068be0ac64d1f363bae1005adde8cfe8c7c0b1,e99ce31344fc741606a880e8655161cfd65454a4dc336650fcd5249bdddbbfec,COMPLETE,True
d58fdb7847bbbca7,FAIR1M-v1.0,16114__1024__0___0,0,Bridge,medium,1.502443,ar<1.6,False,Bridge|medium|ar<1.6,,,1,1,8e8d4b61ea982f03a0fdefaca4068be0ac64d1f363bae1005adde8cfe8c7c0b1,e99ce31344fc741606a880e8655161cfd65454a4dc336650fcd5249bdddbbfec,AMBIGUOUS|AMBIGUOUS,False
aca5169325124917,FAIR1M-v1.0,14058__1024__0___0,7,Boeing737,medium,1.07541,ar<1.6,False,Boeing737|medium|ar<1.6,130.148894,132.170186,0,0,8e8d4b61ea982f03a0fdefaca4068be0ac64d1f363bae1005adde8cfe8c7c0b1,e99ce31344fc741606a880e8655161cfd65454a4dc336650fcd5249bdddbbfec,COMPLETE,True
cc86908a59bb0fd3,FAIR1M-v1.0,9610__1024__0___0,18,Small Car,small,3.555556,ar>=2.1,True,Small Car|small|ar>=2.1,177.197547,176.543396,0,0,8e8d4b61ea982f03a0fdefaca4068be0ac64d1f363bae1005adde8cfe8c7c0b1,e99ce31344fc741606a880e8655161cfd65454a4dc336650fcd5249bdddbbfec,COMPLETE,True
d544a892c3b29d96,FAIR1M-v1.0,344__1024__0___0,104,Van,small,2.246154,ar>=2.1,True,Van|small|ar>=2.1,11.956593,14.656779,0,0,8e8d4b61ea982f03a0fdefaca4068be0ac64d1f363bae1005adde8cfe8c7c0b1,e99ce31344fc741606a880e8655161cfd65454a4dc336650fcd5249bdddbbfec,COMPLETE,True
382125d5b7b60d84,FAIR1M-v1.0,10233__1024__0___0,19,Small Car,small,2.18797,ar>=2.1,True,Small Car|small|ar>=2.1,132.220830,133.646834,0,0,8e8d4b61ea982f03a0fdefaca4068be0ac64d1f363bae1005adde8cfe8c7c0b1,e99ce31344fc741606a880e8655161cfd65454a4dc336650fcd5249bdddbbfec,COMPLETE,True
81d934df4d3acf46,FAIR1M-v1.0,8860__1024__0___0,78,Van,small,1.920245,1.6<=ar<2.1,False,Van|small|1.6<=ar<2.1,49.184886,47.366322,0,0,8e8d4b61ea982f03a0fdefaca4068be0ac64d1f363bae1005adde8cfe8c7c0b1,e99ce31344fc741606a880e8655161cfd65454a4dc336650fcd5249bdddbbfec,COMPLETE,True
daf1ad6d73b80856,FAIR1M-v1.0,978__1024__0___0,87,Motorboat,medium,3.021739,ar>=2.1,True,Motorboat|medium|ar>=2.1,78.171826,78.211832,0,0,8e8d4b61ea982f03a0fdefaca4068be0ac64d1f363bae1005adde8cfe8c7c0b1,e99ce31344fc741606a880e8655161cfd65454a4dc336650fcd5249bdddbbfec,COMPLETE,True
aba88ff032184a4f,FAIR1M-v1.0,11512__1024__0___0,188,Small Car,small,2.246575,ar>=2.1,True,Small Car|small|ar>=2.1,95.856013,90.674001,0,0,8e8d4b61ea982f03a0fdefaca4068be0ac64d1f363bae1005adde8cfe8c7c0b1,e99ce31344fc741606a880e8655161cfd65454a4dc336650fcd5249bdddbbfec,COMPLETE,True
d0b3692d4f9f23ad,FAIR1M-v1.0,14218__1024__0___0,25,Dry Cargo Ship,small,3.551283,ar>=2.1,True,Dry Cargo Ship|small|ar>=2.1,,,1,1,8e8d4b61ea982f03a0fdefaca4068be0ac64d1f363bae1005adde8cfe8c7c0b1,e99ce31344fc741606a880e8655161cfd65454a4dc336650fcd5249bdddbbfec,AMBIGUOUS|AMBIGUOUS,False
08f410996172040d,FAIR1M-v1.0,6594__1024__0___0,80,Dump Truck,small,3.102767,ar>=2.1,True,Dump Truck|small|ar>=2.1,0.489690,179.060820,0,0,8e8d4b61ea982f03a0fdefaca4068be0ac64d1f363bae1005adde8cfe8c7c0b1,e99ce31344fc741606a880e8655161cfd65454a4dc336650fcd5249bdddbbfec,COMPLETE,True
08a7efda2a2b21b5,FAIR1M-v1.0,2392__1024__0___0,73,Excavator,small,2.076923,1.6<=ar<2.1,False,Excavator|small|1.6<=ar<2.1,89.581812,89.396916,0,0,8e8d4b61ea982f03a0fdefaca4068be0ac64d1f363bae1005adde8cfe8c7c0b1,e99ce31344fc741606a880e8655161cfd65454a4dc336650fcd5249bdddbbfec,COMPLETE,True
1a1715d714bacf6f,FAIR1M-v1.0,8684__1024__0___0,62,Small Car,small,1.875,1.6<=ar<2.1,False,Small Car|small|1.6<=ar<2.1,88.781088,90.000000,0,0,8e8d4b61ea982f03a0fdefaca4068be0ac64d1f363bae1005adde8cfe8c7c0b1,e99ce31344fc741606a880e8655161cfd65454a4dc336650fcd5249bdddbbfec,COMPLETE,True
3eebad896324734f,FAIR1M-v1.0,10886__1024__0___0,23,Tennis Court,large,1.952407,1.6<=ar<2.1,False,Tennis Court|large|1.6<=ar<2.1,86.753320,86.733230,0,0,8e8d4b61ea982f03a0fdefaca4068be0ac64d1f363bae1005adde8cfe8c7c0b1,e99ce31344fc741606a880e8655161cfd65454a4dc336650fcd5249bdddbbfec,COMPLETE,True
ec815eecd4e1239d,FAIR1M-v1.0,9256__1024__0___0,212,Small Car,small,3.411765,ar>=2.1,True,Small Car|small|ar>=2.1,5.599323,,0,1,8e8d4b61ea982f03a0fdefaca4068be0ac64d1f363bae1005adde8cfe8c7c0b1,e99ce31344fc741606a880e8655161cfd65454a4dc336650fcd5249bdddbbfec,LABELED|SKIP,False
d7a7c6c25a4606c8,FAIR1M-v1.0,4552__1024__0___0,18,Small Car,small,3.333333,ar>=2.1,True,Small Car|small|ar>=2.1,1.153470,1.827946,0,0,8e8d4b61ea982f03a0fdefaca4068be0ac64d1f363bae1005adde8cfe8c7c0b1,e99ce31344fc741606a880e8655161cfd65454a4dc336650fcd5249bdddbbfec,COMPLETE,True
7ea9ba6b904bcdc4,FAIR1M-v1.0,8106__1024__0___0,4,Van,small,3.2,ar>=2.1,True,Van|small|ar>=2.1,10.530925,14.198552,0,0,8e8d4b61ea982f03a0fdefaca4068be0ac64d1f363bae1005adde8cfe8c7c0b1,e99ce31344fc741606a880e8655161cfd65454a4dc336650fcd5249bdddbbfec,COMPLETE,True
b04e17151c2f15be,FAIR1M-v1.0,1240__1024__0___0,55,Small Car,small,2.0,1.6<=ar<2.1,False,Small Car|small|1.6<=ar<2.1,,,1,1,8e8d4b61ea982f03a0fdefaca4068be0ac64d1f363bae1005adde8cfe8c7c0b1,e99ce31344fc741606a880e8655161cfd65454a4dc336650fcd5249bdddbbfec,AMBIGUOUS|AMBIGUOUS,False
05082014fe972812,FAIR1M-v1.0,1197__1024__0___0,3,Small Car,small,1.904762,1.6<=ar<2.1,False,Small Car|small|1.6<=ar<2.1,109.334741,116.965681,0,0,8e8d4b61ea982f03a0fdefaca4068be0ac64d1f363bae1005adde8cfe8c7c0b1,e99ce31344fc741606a880e8655161cfd65454a4dc336650fcd5249bdddbbfec,COMPLETE,True
c4b4be0a023f7626,FAIR1M-v1.0,9744__1024__0___0,217,Bus,small,1.641148,1.6<=ar<2.1,False,Bus|small|1.6<=ar<2.1,97.206058,97.368050,0,0,8e8d4b61ea982f03a0fdefaca4068be0ac64d1f363bae1005adde8cfe8c7c0b1,e99ce31344fc741606a880e8655161cfd65454a4dc336650fcd5249bdddbbfec,COMPLETE,True
898ec530c9c77d7b,FAIR1M-v1.0,12331__1024__0___0,33,Small Car,small,3.719697,ar>=2.1,True,Small Car|small|ar>=2.1,178.967768,0.000000,0,0,8e8d4b61ea982f03a0fdefaca4068be0ac64d1f363bae1005adde8cfe8c7c0b1,e99ce31344fc741606a880e8655161cfd65454a4dc336650fcd5249bdddbbfec,COMPLETE,True
e5b15ffe5d55e3f4,FAIR1M-v1.0,7482__1024__0___0,34,Van,small,2.018182,1.6<=ar<2.1,False,Van|small|1.6<=ar<2.1,101.441012,98.130093,0,0,8e8d4b61ea982f03a0fdefaca4068be0ac64d1f363bae1005adde8cfe8c7c0b1,e99ce31344fc741606a880e8655161cfd65454a4dc336650fcd5249bdddbbfec,COMPLETE,True
52a27684299f1ad4,FAIR1M-v1.0,750__1024__0___0,81,Small Car,small,2.0,1.6<=ar<2.1,False,Small Car|small|1.6<=ar<2.1,91.771462,94.085664,0,0,8e8d4b61ea982f03a0fdefaca4068be0ac64d1f363bae1005adde8cfe8c7c0b1,e99ce31344fc741606a880e8655161cfd65454a4dc336650fcd5249bdddbbfec,COMPLETE,True
a31230622c651540,SODA-A,00618__800__1200___1985,0,windmill,medium,1.000681,ar<1.6,False,windmill|medium|ar<1.6,,,1,1,8e8d4b61ea982f03a0fdefaca4068be0ac64d1f363bae1005adde8cfe8c7c0b1,e99ce31344fc741606a880e8655161cfd65454a4dc336650fcd5249bdddbbfec,AMBIGUOUS|AMBIGUOUS,False
77f7df11ebac5a71,SODA-A,01780__800__2400___600,30,ship,small,2.468135,ar>=2.1,True,ship|small|ar>=2.1,154.736903,154.113005,0,0,8e8d4b61ea982f03a0fdefaca4068be0ac64d1f363bae1005adde8cfe8c7c0b1,e99ce31344fc741606a880e8655161cfd65454a4dc336650fcd5249bdddbbfec,COMPLETE,True
00a769dab0d42b7e,SODA-A,01757__800__2400___1985,130,small-vehicle,small,1.972894,1.6<=ar<2.1,False,small-vehicle|small|1.6<=ar<2.1,155.265688,158.875319,0,0,8e8d4b61ea982f03a0fdefaca4068be0ac64d1f363bae1005adde8cfe8c7c0b1,e99ce31344fc741606a880e8655161cfd65454a4dc336650fcd5249bdddbbfec,COMPLETE,True
1cd8cb77d734711e,SODA-A,01568__800__2400___1985,41,small-vehicle,small,2.285835,ar>=2.1,True,small-vehicle|small|ar>=2.1,24.444000,25.676822,0,0,8e8d4b61ea982f03a0fdefaca4068be0ac64d1f363bae1005adde8cfe8c7c0b1,e99ce31344fc741606a880e8655161cfd65454a4dc336650fcd5249bdddbbfec,COMPLETE,True
b563d9f6ead4a4c7,SODA-A,01447__800__0___1800,53,large-vehicle,small,6.695884,ar>=2.1,True,large-vehicle|small|ar>=2.1,173.023798,172.532918,0,0,8e8d4b61ea982f03a0fdefaca4068be0ac64d1f363bae1005adde8cfe8c7c0b1,e99ce31344fc741606a880e8655161cfd65454a4dc336650fcd5249bdddbbfec,COMPLETE,True
7384df55300f565c,SODA-A,01567__800__2400___1800,4,ship,small,2.615372,ar>=2.1,True,ship|small|ar>=2.1,21.801407,20.190594,0,0,8e8d4b61ea982f03a0fdefaca4068be0ac64d1f363bae1005adde8cfe8c7c0b1,e99ce31344fc741606a880e8655161cfd65454a4dc336650fcd5249bdddbbfec,COMPLETE,True
5194bfa04a6202a4,SODA-A,02090__800__3000___1800,4,airplane,small,1.207138,ar<1.6,False,airplane|small|ar<1.6,152.133023,154.155628,0,0,8e8d4b61ea982f03a0fdefaca4068be0ac64d1f363bae1005adde8cfe8c7c0b1,e99ce31344fc741606a880e8655161cfd65454a4dc336650fcd5249bdddbbfec,COMPLETE,True
f40dec08970cd145,SODA-A,02205__800__1200___1800,15,small-vehicle,small,2.148478,ar>=2.1,True,small-vehicle|small|ar>=2.1,87.838918,90.000000,0,0,8e8d4b61ea982f03a0fdefaca4068be0ac64d1f363bae1005adde8cfe8c7c0b1,e99ce31344fc741606a880e8655161cfd65454a4dc336650fcd5249bdddbbfec,COMPLETE,True
c7cef9a6183163b1,SODA-A,02024__800__600___600,109,small-vehicle,small,2.21448,ar>=2.1,True,small-vehicle|small|ar>=2.1,89.454372,90.962832,0,0,8e8d4b61ea982f03a0fdefaca4068be0ac64d1f363bae1005adde8cfe8c7c0b1,e99ce31344fc741606a880e8655161cfd65454a4dc336650fcd5249bdddbbfec,COMPLETE,True
b63fcacbf4d7618a,SODA-A,00231__800__0___600,177,small-vehicle,small,2.435835,ar>=2.1,True,small-vehicle|small|ar>=2.1,,,1,1,8e8d4b61ea982f03a0fdefaca4068be0ac64d1f363bae1005adde8cfe8c7c0b1,e99ce31344fc741606a880e8655161cfd65454a4dc336650fcd5249bdddbbfec,AMBIGUOUS|AMBIGUOUS,False
ea5cf0f963a7aec8,SODA-A,00530__800__0___600,63,small-vehicle,small,1.858733,1.6<=ar<2.1,False,small-vehicle|small|1.6<=ar<2.1,8.343891,,0,1,8e8d4b61ea982f03a0fdefaca4068be0ac64d1f363bae1005adde8cfe8c7c0b1,e99ce31344fc741606a880e8655161cfd65454a4dc336650fcd5249bdddbbfec,LABELED|AMBIGUOUS,False
49e7342278bb6819,SODA-A,02455__800__2400___1200,84,small-vehicle,small,2.371336,ar>=2.1,True,small-vehicle|small|ar>=2.1,88.939056,91.363839,0,0,8e8d4b61ea982f03a0fdefaca4068be0ac64d1f363bae1005adde8cfe8c7c0b1,e99ce31344fc741606a880e8655161cfd65454a4dc336650fcd5249bdddbbfec,COMPLETE,True
16232ea75bad0024,SODA-A,02505__800__1200___600,12,small-vehicle,small,2.495945,ar>=2.1,True,small-vehicle|small|ar>=2.1,161.565051,158.682014,0,0,8e8d4b61ea982f03a0fdefaca4068be0ac64d1f363bae1005adde8cfe8c7c0b1,e99ce31344fc741606a880e8655161cfd65454a4dc336650fcd5249bdddbbfec,COMPLETE,True
cc0a672d74d3499c,SODA-A,02030__800__600___1985,7,swimming-pool,medium,1.628085,1.6<=ar<2.1,False,swimming-pool|medium|1.6<=ar<2.1,89.104824,88.443450,0,0,8e8d4b61ea982f03a0fdefaca4068be0ac64d1f363bae1005adde8cfe8c7c0b1,e99ce31344fc741606a880e8655161cfd65454a4dc336650fcd5249bdddbbfec,COMPLETE,True
e02d6626ec129ea1,SODA-A,01885__800__3600___2045,12,ship,small,2.898212,ar>=2.1,True,ship|small|ar>=2.1,0.369664,1.921973,0,0,8e8d4b61ea982f03a0fdefaca4068be0ac64d1f363bae1005adde8cfe8c7c0b1,e99ce31344fc741606a880e8655161cfd65454a4dc336650fcd5249bdddbbfec,COMPLETE,True
45f4d5e24d33e4db,SODA-A,02061__800__3000___1200,147,small-vehicle,small,2.167895,ar>=2.1,True,small-vehicle|small|ar>=2.1,92.759148,91.123384,0,0,8e8d4b61ea982f03a0fdefaca4068be0ac64d1f363bae1005adde8cfe8c7c0b1,e99ce31344fc741606a880e8655161cfd65454a4dc336650fcd5249bdddbbfec,COMPLETE,True
6b136b5f4ab338b6,SODA-A,00658__800__1200___0,17,large-vehicle,small,5.192628,ar>=2.1,True,large-vehicle|small|ar>=2.1,9.752457,13.473153,0,0,8e8d4b61ea982f03a0fdefaca4068be0ac64d1f363bae1005adde8cfe8c7c0b1,e99ce31344fc741606a880e8655161cfd65454a4dc336650fcd5249bdddbbfec,COMPLETE,True
dc380846a1ee5cc1,SODA-A,02511__800__2400___600,42,container,small,4.800057,ar>=2.1,True,container|small|ar>=2.1,179.765180,1.005053,0,0,8e8d4b61ea982f03a0fdefaca4068be0ac64d1f363bae1005adde8cfe8c7c0b1,e99ce31344fc741606a880e8655161cfd65454a4dc336650fcd5249bdddbbfec,COMPLETE,True
b690f145a939ddfe,SODA-A,00459__800__4000___600,3,airplane,small,1.292356,ar<1.6,False,airplane|small|ar<1.6,52.236901,55.145497,0,0,8e8d4b61ea982f03a0fdefaca4068be0ac64d1f363bae1005adde8cfe8c7c0b1,e99ce31344fc741606a880e8655161cfd65454a4dc336650fcd5249bdddbbfec,COMPLETE,True
b7b7d6aae3b313c7,SODA-A,00128__800__2400___2216,100,small-vehicle,small,2.093988,1.6<=ar<2.1,False,small-vehicle|small|1.6<=ar<2.1,124.418249,129.472381,0,0,8e8d4b61ea982f03a0fdefaca4068be0ac64d1f363bae1005adde8cfe8c7c0b1,e99ce31344fc741606a880e8655161cfd65454a4dc336650fcd5249bdddbbfec,COMPLETE,True
f251048ed7cbe7df,SODA-A,00557__800__1800___600,1,swimming-pool,small,2.026692,1.6<=ar<2.1,False,swimming-pool|small|1.6<=ar<2.1,,31.464150,1,0,8e8d4b61ea982f03a0fdefaca4068be0ac64d1f363bae1005adde8cfe8c7c0b1,e99ce31344fc741606a880e8655161cfd65454a4dc336650fcd5249bdddbbfec,AMBIGUOUS|LABELED,False
c4c453504db7468b,SODA-A,01329__800__2400___1200,111,small-vehicle,small,2.095758,1.6<=ar<2.1,False,small-vehicle|small|1.6<=ar<2.1,166.399457,171.702838,0,0,8e8d4b61ea982f03a0fdefaca4068be0ac64d1f363bae1005adde8cfe8c7c0b1,e99ce31344fc741606a880e8655161cfd65454a4dc336650fcd5249bdddbbfec,COMPLETE,True
de5758edb422a308,SODA-A,01295__800__0___1200,12,swimming-pool,small,1.069991,ar<1.6,False,swimming-pool|small|ar<1.6,87.305728,,0,1,8e8d4b61ea982f03a0fdefaca4068be0ac64d1f363bae1005adde8cfe8c7c0b1,e99ce31344fc741606a880e8655161cfd65454a4dc336650fcd5249bdddbbfec,LABELED|AMBIGUOUS,False
d1b9f3c4afbd44d6,SODA-A,01587__800__600___0,26,container,small,1.887135,1.6<=ar<2.1,False,container|small|1.6<=ar<2.1,156.614753,157.166359,0,0,8e8d4b61ea982f03a0fdefaca4068be0ac64d1f363bae1005adde8cfe8c7c0b1,e99ce31344fc741606a880e8655161cfd65454a4dc336650fcd5249bdddbbfec,COMPLETE,True
84715f96f90e43ca,SODA-A,00051__800__3955___1200,122,small-vehicle,small,2.680979,ar>=2.1,True,small-vehicle|small|ar>=2.1,,,1,1,8e8d4b61ea982f03a0fdefaca4068be0ac64d1f363bae1005adde8cfe8c7c0b1,e99ce31344fc741606a880e8655161cfd65454a4dc336650fcd5249bdddbbfec,AMBIGUOUS|AMBIGUOUS,False
7d3ffb051c892632,SODA-A,00199__800__600___1200,33,small-vehicle,small,2.210519,ar>=2.1,True,small-vehicle|small|ar>=2.1,0.971042,177.754249,0,0,8e8d4b61ea982f03a0fdefaca4068be0ac64d1f363bae1005adde8cfe8c7c0b1,e99ce31344fc741606a880e8655161cfd65454a4dc336650fcd5249bdddbbfec,COMPLETE,True
9f14b78bfb8df884,SODA-A,01596__800__3000___600,64,small-vehicle,small,1.805277,1.6<=ar<2.1,False,small-vehicle|small|1.6<=ar<2.1,4.316086,0.000000,0,0,8e8d4b61ea982f03a0fdefaca4068be0ac64d1f363bae1005adde8cfe8c7c0b1,e99ce31344fc741606a880e8655161cfd65454a4dc336650fcd5249bdddbbfec,COMPLETE,True
282ec8bbf1e46398,SODA-A,02249__800__3000___1023,9,small-vehicle,small,2.424067,ar>=2.1,True,small-vehicle|small|ar>=2.1,87.273735,85.236363,0,0,8e8d4b61ea982f03a0fdefaca4068be0ac64d1f363bae1005adde8cfe8c7c0b1,e99ce31344fc741606a880e8655161cfd65454a4dc336650fcd5249bdddbbfec,COMPLETE,True
b197251750b2678a,SODA-A,02286__800__3000___1800,3,small-vehicle,small,1.814672,1.6<=ar<2.1,False,small-vehicle|small|1.6<=ar<2.1,88.122184,90.000000,0,0,8e8d4b61ea982f03a0fdefaca4068be0ac64d1f363bae1005adde8cfe8c7c0b1,e99ce31344fc741606a880e8655161cfd65454a4dc336650fcd5249bdddbbfec,COMPLETE,True
e92888d1b960890d,SODA-A,02294__800__600___1200,3,storage-tank,small,1.023817,ar<1.6,False,storage-tank|small|ar<1.6,,,1,1,8e8d4b61ea982f03a0fdefaca4068be0ac64d1f363bae1005adde8cfe8c7c0b1,e99ce31344fc741606a880e8655161cfd65454a4dc336650fcd5249bdddbbfec,AMBIGUOUS|AMBIGUOUS,False
9c1e9f6a11a5d8d2,SODA-A,02491__800__0___1985,1,windmill,small,1.130442,ar<1.6,False,windmill|small|ar<1.6,,,1,1,8e8d4b61ea982f03a0fdefaca4068be0ac64d1f363bae1005adde8cfe8c7c0b1,e99ce31344fc741606a880e8655161cfd65454a4dc336650fcd5249bdddbbfec,AMBIGUOUS|AMBIGUOUS,False
1f89a522e52cf04f,SODA-A,01909__800__2400___600,533,small-vehicle,small,2.159202,ar>=2.1,True,small-vehicle|small|ar>=2.1,52.696034,60.642229,0,0,8e8d4b61ea982f03a0fdefaca4068be0ac64d1f363bae1005adde8cfe8c7c0b1,e99ce31344fc741606a880e8655161cfd65454a4dc336650fcd5249bdddbbfec,COMPLETE,True
ecd5024abf8fc6a5,SODA-A,00797__800__1800___1200,1,windmill,small,1.875012,1.6<=ar<2.1,False,windmill|small|1.6<=ar<2.1,,,1,1,8e8d4b61ea982f03a0fdefaca4068be0ac64d1f363bae1005adde8cfe8c7c0b1,e99ce31344fc741606a880e8655161cfd65454a4dc336650fcd5249bdddbbfec,AMBIGUOUS|AMBIGUOUS,False
a8bb8cd356785bbc,SODA-A,02512__800__3600___1200,52,container,small,4.631965,ar>=2.1,True,container|small|ar>=2.1,173.480223,176.710749,0,0,8e8d4b61ea982f03a0fdefaca4068be0ac64d1f363bae1005adde8cfe8c7c0b1,e99ce31344fc741606a880e8655161cfd65454a4dc336650fcd5249bdddbbfec,COMPLETE,True
de1e73cb729ae56f,SODA-A,00249__800__2400___0,79,small-vehicle,small,2.474276,ar>=2.1,True,small-vehicle|small|ar>=2.1,91.301883,94.969790,0,0,8e8d4b61ea982f03a0fdefaca4068be0ac64d1f363bae1005adde8cfe8c7c0b1,e99ce31344fc741606a880e8655161cfd65454a4dc336650fcd5249bdddbbfec,COMPLETE,True
c0cdb92976514558,SODA-A,02107__800__3600___600,17,small-vehicle,small,2.108089,ar>=2.1,True,small-vehicle|small|ar>=2.1,91.636629,97.230270,0,0,8e8d4b61ea982f03a0fdefaca4068be0ac64d1f363bae1005adde8cfe8c7c0b1,e99ce31344fc741606a880e8655161cfd65454a4dc336650fcd5249bdddbbfec,COMPLETE,True
f7e9e457833c795d,SODA-A,01099__800__3000___0,18,small-vehicle,small,1.67852,1.6<=ar<2.1,False,small-vehicle|small|1.6<=ar<2.1,164.167567,176.633594,0,0,8e8d4b61ea982f03a0fdefaca4068be0ac64d1f363bae1005adde8cfe8c7c0b1,e99ce31344fc741606a880e8655161cfd65454a4dc336650fcd5249bdddbbfec,COMPLETE,True
3c00a707c37fd583,SODA-A,00051__800__1200___1985,15,small-vehicle,small,2.047462,1.6<=ar<2.1,False,small-vehicle|small|1.6<=ar<2.1,21.689064,21.571312,0,0,8e8d4b61ea982f03a0fdefaca4068be0ac64d1f363bae1005adde8cfe8c7c0b1,e99ce31344fc741606a880e8655161cfd65454a4dc336650fcd5249bdddbbfec,COMPLETE,True
1fc3b3b40c01488a,SODA-A,00571__800__1200___1800,41,small-vehicle,small,3.127329,ar>=2.1,True,small-vehicle|small|ar>=2.1,177.878915,1.548184,0,0,8e8d4b61ea982f03a0fdefaca4068be0ac64d1f363bae1005adde8cfe8c7c0b1,e99ce31344fc741606a880e8655161cfd65454a4dc336650fcd5249bdddbbfec,COMPLETE,True
84b5e69e679eeb27,SODA-A,01995__800__3600___0,13,small-vehicle,small,1.576948,ar<1.6,False,small-vehicle|small|ar<1.6,2.827139,0.000000,0,0,8e8d4b61ea982f03a0fdefaca4068be0ac64d1f363bae1005adde8cfe8c7c0b1,e99ce31344fc741606a880e8655161cfd65454a4dc336650fcd5249bdddbbfec,COMPLETE,True
a72f99a017cff5a5,SODA-A,00152__800__2400___1200,7,swimming-pool,small,2.0055,1.6<=ar<2.1,False,swimming-pool|small|1.6<=ar<2.1,61.699251,62.650129,0,0,8e8d4b61ea982f03a0fdefaca4068be0ac64d1f363bae1005adde8cfe8c7c0b1,e99ce31344fc741606a880e8655161cfd65454a4dc336650fcd5249bdddbbfec,COMPLETE,True
2cd92056add2c3d1,SODA-A,02407__800__3600___0,0,windmill,medium,1.152168,ar<1.6,False,windmill|medium|ar<1.6,,,1,1,8e8d4b61ea982f03a0fdefaca4068be0ac64d1f363bae1005adde8cfe8c7c0b1,e99ce31344fc741606a880e8655161cfd65454a4dc336650fcd5249bdddbbfec,AMBIGUOUS|AMBIGUOUS,False
197c5c28d083a2fc,SODA-A,00044__800__0___1200,64,small-vehicle,small,1.940416,1.6<=ar<2.1,False,small-vehicle|small|1.6<=ar<2.1,0.000000,,0,1,8e8d4b61ea982f03a0fdefaca4068be0ac64d1f363bae1005adde8cfe8c7c0b1,e99ce31344fc741606a880e8655161cfd65454a4dc336650fcd5249bdddbbfec,LABELED|AMBIGUOUS,False
26e8b75d028d066b,SODA-A,02511__800__0___1200,49,container,small,2.852552,ar>=2.1,True,container|small|ar>=2.1,1.882277,,0,1,8e8d4b61ea982f03a0fdefaca4068be0ac64d1f363bae1005adde8cfe8c7c0b1,e99ce31344fc741606a880e8655161cfd65454a4dc336650fcd5249bdddbbfec,LABELED|AMBIGUOUS,False
7bbd3cf204cf6a82,SODA-A,02114__800__2400___1985,215,ship,small,2.505937,ar>=2.1,True,ship|small|ar>=2.1,165.808915,169.540120,0,0,8e8d4b61ea982f03a0fdefaca4068be0ac64d1f363bae1005adde8cfe8c7c0b1,e99ce31344fc741606a880e8655161cfd65454a4dc336650fcd5249bdddbbfec,COMPLETE,True
fc2ccb14e2f3e01e,SODA-A,00128__800__600___1800,30,small-vehicle,small,1.720152,1.6<=ar<2.1,False,small-vehicle|small|1.6<=ar<2.1,37.056538,,0,1,8e8d4b61ea982f03a0fdefaca4068be0ac64d1f363bae1005adde8cfe8c7c0b1,e99ce31344fc741606a880e8655161cfd65454a4dc336650fcd5249bdddbbfec,LABELED|AMBIGUOUS,False
3bd67795e7909dfd,SODA-A,00205__800__2400___1200,14,storage-tank,small,1.062496,ar<1.6,False,storage-tank|small|ar<1.6,,,1,1,8e8d4b61ea982f03a0fdefaca4068be0ac64d1f363bae1005adde8cfe8c7c0b1,e99ce31344fc741606a880e8655161cfd65454a4dc336650fcd5249bdddbbfec,AMBIGUOUS|AMBIGUOUS,False
6363911f1fe3003e,SODA-A,00849__800__2400___1200,84,small-vehicle,small,2.23744,ar>=2.1,True,small-vehicle|small|ar>=2.1,91.636570,89.157503,0,0,8e8d4b61ea982f03a0fdefaca4068be0ac64d1f363bae1005adde8cfe8c7c0b1,e99ce31344fc741606a880e8655161cfd65454a4dc336650fcd5249bdddbbfec,COMPLETE,True
f5aed09ba3b21d74,SODA-A,02402__800__2400___1800,357,ship,small,2.925755,ar>=2.1,True,ship|small|ar>=2.1,101.309991,102.094703,0,0,8e8d4b61ea982f03a0fdefaca4068be0ac64d1f363bae1005adde8cfe8c7c0b1,e99ce31344fc741606a880e8655161cfd65454a4dc336650fcd5249bdddbbfec,COMPLETE,True
1de55bc77d620236,SODA-A,01044__800__1800___1800,66,small-vehicle,small,2.339297,ar>=2.1,True,small-vehicle|small|ar>=2.1,3.247373,178.908796,0,0,8e8d4b61ea982f03a0fdefaca4068be0ac64d1f363bae1005adde8cfe8c7c0b1,e99ce31344fc741606a880e8655161cfd65454a4dc336650fcd5249bdddbbfec,COMPLETE,True
7b664ae18fd24a20,SODA-A,01603__800__2400___0,96,small-vehicle,small,2.280199,ar>=2.1,True,small-vehicle|small|ar>=2.1,52.086909,49.007784,0,0,8e8d4b61ea982f03a0fdefaca4068be0ac64d1f363bae1005adde8cfe8c7c0b1,e99ce31344fc741606a880e8655161cfd65454a4dc336650fcd5249bdddbbfec,COMPLETE,True
5bdc6fd3eb0f5881,SODA-A,00825__800__2400___1800,11,small-vehicle,small,2.978547,ar>=2.1,True,small-vehicle|small|ar>=2.1,90.643779,91.709813,0,0,8e8d4b61ea982f03a0fdefaca4068be0ac64d1f363bae1005adde8cfe8c7c0b1,e99ce31344fc741606a880e8655161cfd65454a4dc336650fcd5249bdddbbfec,COMPLETE,True
d590a57d3de7dd6c,SODA-A,01387__800__3600___600,126,container,small,4.248416,ar>=2.1,True,container|small|ar>=2.1,145.175553,138.576330,0,0,8e8d4b61ea982f03a0fdefaca4068be0ac64d1f363bae1005adde8cfe8c7c0b1,e99ce31344fc741606a880e8655161cfd65454a4dc336650fcd5249bdddbbfec,COMPLETE,True
642bfcf6fdaa7b7d,SODA-A,01816__800__3600___1200,115,storage-tank,small,1.025633,ar<1.6,False,storage-tank|small|ar<1.6,,,1,1,8e8d4b61ea982f03a0fdefaca4068be0ac64d1f363bae1005adde8cfe8c7c0b1,e99ce31344fc741606a880e8655161cfd65454a4dc336650fcd5249bdddbbfec,AMBIGUOUS|AMBIGUOUS,False
7292316abfbde484,SODA-A,02002__800__2400___1200,72,small-vehicle,small,2.125764,ar>=2.1,True,small-vehicle|small|ar>=2.1,43.451860,42.797326,0,0,8e8d4b61ea982f03a0fdefaca4068be0ac64d1f363bae1005adde8cfe8c7c0b1,e99ce31344fc741606a880e8655161cfd65454a4dc336650fcd5249bdddbbfec,COMPLETE,True
4259c112267072ab,SODA-A,00530__800__4000___1944,12,small-vehicle,small,2.018324,1.6<=ar<2.1,False,small-vehicle|small|1.6<=ar<2.1,84.237369,88.002081,0,0,8e8d4b61ea982f03a0fdefaca4068be0ac64d1f363bae1005adde8cfe8c7c0b1,e99ce31344fc741606a880e8655161cfd65454a4dc336650fcd5249bdddbbfec,COMPLETE,True
64d06425df4517e8,SODA-A,00746__800__1800___0,12,small-vehicle,small,1.895332,1.6<=ar<2.1,False,small-vehicle|small|1.6<=ar<2.1,88.793953,88.331693,0,0,8e8d4b61ea982f03a0fdefaca4068be0ac64d1f363bae1005adde8cfe8c7c0b1,e99ce31344fc741606a880e8655161cfd65454a4dc336650fcd5249bdddbbfec,COMPLETE,True
2f9777a906791220,SODA-A,01316__800__2400___1944,7,storage-tank,small,1.022278,ar<1.6,False,storage-tank|small|ar<1.6,,,1,1,8e8d4b61ea982f03a0fdefaca4068be0ac64d1f363bae1005adde8cfe8c7c0b1,e99ce31344fc741606a880e8655161cfd65454a4dc336650fcd5249bdddbbfec,AMBIGUOUS|AMBIGUOUS,False
14c413393dd30348,SODA-A,00967__800__600___0,544,small-vehicle,small,2.431919,ar>=2.1,True,small-vehicle|small|ar>=2.1,67.324383,68.282380,0,0,8e8d4b61ea982f03a0fdefaca4068be0ac64d1f363bae1005adde8cfe8c7c0b1,e99ce31344fc741606a880e8655161cfd65454a4dc336650fcd5249bdddbbfec,COMPLETE,True
2763fc5bae473eda,SODA-A,01211__800__3000___0,0,container,small,2.734223,ar>=2.1,True,container|small|ar>=2.1,74.347470,,0,1,8e8d4b61ea982f03a0fdefaca4068be0ac64d1f363bae1005adde8cfe8c7c0b1,e99ce31344fc741606a880e8655161cfd65454a4dc336650fcd5249bdddbbfec,LABELED|AMBIGUOUS,False
5f10b5fbca706179,SODA-A,01044__800__3000___0,12,small-vehicle,small,3.04215,ar>=2.1,True,small-vehicle|small|ar>=2.1,68.294552,69.376483,0,0,8e8d4b61ea982f03a0fdefaca4068be0ac64d1f363bae1005adde8cfe8c7c0b1,e99ce31344fc741606a880e8655161cfd65454a4dc336650fcd5249bdddbbfec,COMPLETE,True
2280dd7145448f5d,SODA-A,00423__800__3955___1800,35,windmill,small,1.100006,ar<1.6,False,windmill|small|ar<1.6,,,1,1,8e8d4b61ea982f03a0fdefaca4068be0ac64d1f363bae1005adde8cfe8c7c0b1,e99ce31344fc741606a880e8655161cfd65454a4dc336650fcd5249bdddbbfec,AMBIGUOUS|AMBIGUOUS,False
c724e5dec82ecb7e,SODA-A,01407__800__1200___1800,17,small-vehicle,small,2.199933,ar>=2.1,True,small-vehicle|small|ar>=2.1,175.179245,171.552487,0,0,8e8d4b61ea982f03a0fdefaca4068be0ac64d1f363bae1005adde8cfe8c7c0b1,e99ce31344fc741606a880e8655161cfd65454a4dc336650fcd5249bdddbbfec,COMPLETE,True
75a7cfc0f3137d03,SODA-A,02463__800__2400___600,53,small-vehicle,small,1.757383,1.6<=ar<2.1,False,small-vehicle|small|1.6<=ar<2.1,,,1,1,8e8d4b61ea982f03a0fdefaca4068be0ac64d1f363bae1005adde8cfe8c7c0b1,e99ce31344fc741606a880e8655161cfd65454a4dc336650fcd5249bdddbbfec,AMBIGUOUS|AMBIGUOUS,False
fbbdf92bf861d664,SODA-A,02114__800__3955___1985,416,ship,small,3.319566,ar>=2.1,True,ship|small|ar>=2.1,,109.219807,1,0,8e8d4b61ea982f03a0fdefaca4068be0ac64d1f363bae1005adde8cfe8c7c0b1,e99ce31344fc741606a880e8655161cfd65454a4dc336650fcd5249bdddbbfec,AMBIGUOUS|LABELED,False
22a1247b644264a1,SODA-A,01044__800__1800___1985,8,small-vehicle,small,2.297781,ar>=2.1,True,small-vehicle|small|ar>=2.1,93.144907,90.000000,0,0,8e8d4b61ea982f03a0fdefaca4068be0ac64d1f363bae1005adde8cfe8c7c0b1,e99ce31344fc741606a880e8655161cfd65454a4dc336650fcd5249bdddbbfec,COMPLETE,True
401f8a694896363b,SODA-A,01374__800__0___600,19,small-vehicle,small,2.419744,ar>=2.1,True,small-vehicle|small|ar>=2.1,0.000000,179.193096,0,0,8e8d4b61ea982f03a0fdefaca4068be0ac64d1f363bae1005adde8cfe8c7c0b1,e99ce31344fc741606a880e8655161cfd65454a4dc336650fcd5249bdddbbfec,COMPLETE,True
cd417bd105022d05,SODA-A,00867__800__1200___2045,62,small-vehicle,small,2.103584,ar>=2.1,True,small-vehicle|small|ar>=2.1,43.408910,41.467686,0,0,8e8d4b61ea982f03a0fdefaca4068be0ac64d1f363bae1005adde8cfe8c7c0b1,e99ce31344fc741606a880e8655161cfd65454a4dc336650fcd5249bdddbbfec,COMPLETE,True
163d43733201065c,SODA-A,00733__800__1200___600,27,small-vehicle,small,2.625642,ar>=2.1,True,small-vehicle|small|ar>=2.1,70.074409,72.570171,0,0,8e8d4b61ea982f03a0fdefaca4068be0ac64d1f363bae1005adde8cfe8c7c0b1,e99ce31344fc741606a880e8655161cfd65454a4dc336650fcd5249bdddbbfec,COMPLETE,True
61678f8d054d3992,SODA-A,02186__800__600___1985,3,small-vehicle,small,2.481748,ar>=2.1,True,small-vehicle|small|ar>=2.1,110.973469,104.656800,0,0,8e8d4b61ea982f03a0fdefaca4068be0ac64d1f363bae1005adde8cfe8c7c0b1,e99ce31344fc741606a880e8655161cfd65454a4dc336650fcd5249bdddbbfec,COMPLETE,True
6976c8b727df9844,SODA-A,00685__800__1800___600,1,container,small,4.457959,ar>=2.1,True,container|small|ar>=2.1,89.565936,90.000000,0,0,8e8d4b61ea982f03a0fdefaca4068be0ac64d1f363bae1005adde8cfe8c7c0b1,e99ce31344fc741606a880e8655161cfd65454a4dc336650fcd5249bdddbbfec,COMPLETE,True
f6d4d96ed7b33cac,SODA-A,01261__800__1800___1800,1,airplane,small,1.182953,ar<1.6,False,airplane|small|ar<1.6,0.946951,0.000000,0,0,8e8d4b61ea982f03a0fdefaca4068be0ac64d1f363bae1005adde8cfe8c7c0b1,e99ce31344fc741606a880e8655161cfd65454a4dc336650fcd5249bdddbbfec,COMPLETE,True
97167e1b99bae76b,SODA-A,00190__800__4000___600,200,small-vehicle,small,1.723932,1.6<=ar<2.1,False,small-vehicle|small|1.6<=ar<2.1,98.820444,,0,1,8e8d4b61ea982f03a0fdefaca4068be0ac64d1f363bae1005adde8cfe8c7c0b1,e99ce31344fc741606a880e8655161cfd65454a4dc336650fcd5249bdddbbfec,LABELED|AMBIGUOUS,False
ae40e0c9465a7020,SODA-A,02024__800__3600___600,80,small-vehicle,small,2.110739,ar>=2.1,True,small-vehicle|small|ar>=2.1,92.815554,93.489328,0,0,8e8d4b61ea982f03a0fdefaca4068be0ac64d1f363bae1005adde8cfe8c7c0b1,e99ce31344fc741606a880e8655161cfd65454a4dc336650fcd5249bdddbbfec,COMPLETE,True
d305a7cadaa8dcb4,SODA-A,01190__800__3600___2058,78,small-vehicle,small,2.869156,ar>=2.1,True,small-vehicle|small|ar>=2.1,55.459945,50.477374,0,0,8e8d4b61ea982f03a0fdefaca4068be0ac64d1f363bae1005adde8cfe8c7c0b1,e99ce31344fc741606a880e8655161cfd65454a4dc336650fcd5249bdddbbfec,COMPLETE,True
e27dfec3519adc65,SODA-A,01567__800__3955___1200,167,ship,small,2.181819,ar>=2.1,True,ship|small|ar>=2.1,138.483263,141.267478,0,0,8e8d4b61ea982f03a0fdefaca4068be0ac64d1f363bae1005adde8cfe8c7c0b1,e99ce31344fc741606a880e8655161cfd65454a4dc336650fcd5249bdddbbfec,COMPLETE,True
3a71b22383385c65,SODA-A,02227__800__1800___1200,9,small-vehicle,small,2.282381,ar>=2.1,True,small-vehicle|small|ar>=2.1,141.340160,142.980120,0,0,8e8d4b61ea982f03a0fdefaca4068be0ac64d1f363bae1005adde8cfe8c7c0b1,e99ce31344fc741606a880e8655161cfd65454a4dc336650fcd5249bdddbbfec,COMPLETE,True
f089723f8160d109,SODA-A,00976__800__1200___0,100,small-vehicle,small,2.191814,ar>=2.1,True,small-vehicle|small|ar>=2.1,117.387396,,0,1,8e8d4b61ea982f03a0fdefaca4068be0ac64d1f363bae1005adde8cfe8c7c0b1,e99ce31344fc741606a880e8655161cfd65454a4dc336650fcd5249bdddbbfec,LABELED|AMBIGUOUS,False
19b4f437bb48fb1a,SODA-A,00266__800__3991___1200,2,small-vehicle,small,2.040438,1.6<=ar<2.1,False,small-vehicle|small|1.6<=ar<2.1,86.268608,87.904706,0,0,8e8d4b61ea982f03a0fdefaca4068be0ac64d1f363bae1005adde8cfe8c7c0b1,e99ce31344fc741606a880e8655161cfd65454a4dc336650fcd5249bdddbbfec,COMPLETE,True
9dee7bc7edd291c6,SODA-A,00855__800__3955___1200,138,small-vehicle,small,1.90246,1.6<=ar<2.1,False,small-vehicle|small|1.6<=ar<2.1,0.000000,175.236325,0,0,8e8d4b61ea982f03a0fdefaca4068be0ac64d1f363bae1005adde8cfe8c7c0b1,e99ce31344fc741606a880e8655161cfd65454a4dc336650fcd5249bdddbbfec,COMPLETE,True
0a6ecc7cae2f27ab,SODA-A,02325__800__1800___1200,3,windmill,small,1.605563,1.6<=ar<2.1,False,windmill|small|1.6<=ar<2.1,,,1,1,8e8d4b61ea982f03a0fdefaca4068be0ac64d1f363bae1005adde8cfe8c7c0b1,e99ce31344fc741606a880e8655161cfd65454a4dc336650fcd5249bdddbbfec,AMBIGUOUS|AMBIGUOUS,False
3e024a0c59456289,SODA-A,00199__800__0___600,21,small-vehicle,small,2.210542,ar>=2.1,True,small-vehicle|small|ar>=2.1,96.766158,96.952961,0,0,8e8d4b61ea982f03a0fdefaca4068be0ac64d1f363bae1005adde8cfe8c7c0b1,e99ce31344fc741606a880e8655161cfd65454a4dc336650fcd5249bdddbbfec,COMPLETE,True
c5727805654c8db9,SODA-A,02231__800__3600___0,128,small-vehicle,small,2.907087,ar>=2.1,True,small-vehicle|small|ar>=2.1,107.723267,108.911078,0,0,8e8d4b61ea982f03a0fdefaca4068be0ac64d1f363bae1005adde8cfe8c7c0b1,e99ce31344fc741606a880e8655161cfd65454a4dc336650fcd5249bdddbbfec,COMPLETE,True
75bb9116f3c34c09,SODA-A,02443__800__0___1800,16,container,small,5.640317,ar>=2.1,True,container|small|ar>=2.1,,79.135958,1,0,8e8d4b61ea982f03a0fdefaca4068be0ac64d1f363bae1005adde8cfe8c7c0b1,e99ce31344fc741606a880e8655161cfd65454a4dc336650fcd5249bdddbbfec,AMBIGUOUS|LABELED,False
a0f842e4206d0209,SODA-A,00849__800__0___600,228,small-vehicle,small,2.270964,ar>=2.1,True,small-vehicle|small|ar>=2.1,158.594836,158.416009,0,0,8e8d4b61ea982f03a0fdefaca4068be0ac64d1f363bae1005adde8cfe8c7c0b1,e99ce31344fc741606a880e8655161cfd65454a4dc336650fcd5249bdddbbfec,COMPLETE,True
0f0a605b3d92594b,SODA-A,01780__800__1200___0,0,ship,small,2.232007,ar>=2.1,True,ship|small|ar>=2.1,134.581786,136.591152,0,0,8e8d4b61ea982f03a0fdefaca4068be0ac64d1f363bae1005adde8cfe8c7c0b1,e99ce31344fc741606a880e8655161cfd65454a4dc336650fcd5249bdddbbfec,COMPLETE,True
d2c9b3fd6e29a254,SODA-A,01812__800__1800___1800,4,small-vehicle,small,2.143658,ar>=2.1,True,small-vehicle|small|ar>=2.1,70.866299,67.067901,0,0,8e8d4b61ea982f03a0fdefaca4068be0ac64d1f363bae1005adde8cfe8c7c0b1,e99ce31344fc741606a880e8655161cfd65454a4dc336650fcd5249bdddbbfec,COMPLETE,True
dfda70f171cc20b8,SODA-A,00812__800__3000___1985,49,small-vehicle,small,1.973318,1.6<=ar<2.1,False,small-vehicle|small|1.6<=ar<2.1,1.157318,1.941456,0,0,8e8d4b61ea982f03a0fdefaca4068be0ac64d1f363bae1005adde8cfe8c7c0b1,e99ce31344fc741606a880e8655161cfd65454a4dc336650fcd5249bdddbbfec,COMPLETE,True
39fa0c1b51759963,SODA-A,01440__800__3000___1985,12,small-vehicle,small,1.946083,1.6<=ar<2.1,False,small-vehicle|small|1.6<=ar<2.1,,,1,1,8e8d4b61ea982f03a0fdefaca4068be0ac64d1f363bae1005adde8cfe8c7c0b1,e99ce31344fc741606a880e8655161cfd65454a4dc336650fcd5249bdddbbfec,AMBIGUOUS|AMBIGUOUS,False
35731e043482a005,SODA-A,01355__800__0___600,202,ship,small,3.149216,ar>=2.1,True,ship|small|ar>=2.1,21.175763,20.709034,0,0,8e8d4b61ea982f03a0fdefaca4068be0ac64d1f363bae1005adde8cfe8c7c0b1,e99ce31344fc741606a880e8655161cfd65454a4dc336650fcd5249bdddbbfec,COMPLETE,True
5b508d573b886550,SODA-A,01648__800__3955___1800,1,windmill,small,1.051023,ar<1.6,False,windmill|small|ar<1.6,,,1,1,8e8d4b61ea982f03a0fdefaca4068be0ac64d1f363bae1005adde8cfe8c7c0b1,e99ce31344fc741606a880e8655161cfd65454a4dc336650fcd5249bdddbbfec,AMBIGUOUS|AMBIGUOUS,False
8d6624629867e278,SODA-A,00849__800__600___0,178,small-vehicle,small,2.271003,ar>=2.1,True,small-vehicle|small|ar>=2.1,162.072088,163.249721,0,0,8e8d4b61ea982f03a0fdefaca4068be0ac64d1f363bae1005adde8cfe8c7c0b1,e99ce31344fc741606a880e8655161cfd65454a4dc336650fcd5249bdddbbfec,COMPLETE,True
c2c8b4d516f0369f,SODA-A,01447__800__1200___1800,12,small-vehicle,small,2.048049,1.6<=ar<2.1,False,small-vehicle|small|1.6<=ar<2.1,168.070671,170.537673,0,0,8e8d4b61ea982f03a0fdefaca4068be0ac64d1f363bae1005adde8cfe8c7c0b1,e99ce31344fc741606a880e8655161cfd65454a4dc336650fcd5249bdddbbfec,COMPLETE,True
eaf48c88ebfb165a,SODA-A,00226__800__3600___1200,64,container,small,4.395289,ar>=2.1,True,container|small|ar>=2.1,0.535423,177.985406,0,0,8e8d4b61ea982f03a0fdefaca4068be0ac64d1f363bae1005adde8cfe8c7c0b1,e99ce31344fc741606a880e8655161cfd65454a4dc336650fcd5249bdddbbfec,COMPLETE,True
367f2f05f5299fbe,SODA-A,00812__800__3600___0,24,small-vehicle,small,2.228237,ar>=2.1,True,small-vehicle|small|ar>=2.1,3.094071,1.534323,0,0,8e8d4b61ea982f03a0fdefaca4068be0ac64d1f363bae1005adde8cfe8c7c0b1,e99ce31344fc741606a880e8655161cfd65454a4dc336650fcd5249bdddbbfec,COMPLETE,True
6bb98bca1424bb2d,SODA-A,01347__800__1200___1800,16,airplane,small,1.122075,ar<1.6,False,airplane|small|ar<1.6,107.216067,107.684353,0,0,8e8d4b61ea982f03a0fdefaca4068be0ac64d1f363bae1005adde8cfe8c7c0b1,e99ce31344fc741606a880e8655161cfd65454a4dc336650fcd5249bdddbbfec,COMPLETE,True
034faf734f0393c8,SODA-A,01693__800__2400___600,45,container,small,5.183791,ar>=2.1,True,container|small|ar>=2.1,87.929954,88.842650,0,0,8e8d4b61ea982f03a0fdefaca4068be0ac64d1f363bae1005adde8cfe8c7c0b1,e99ce31344fc741606a880e8655161cfd65454a4dc336650fcd5249bdddbbfec,COMPLETE,True
90231b4b22380c3e,SODA-A,00832__800__3000___1800,7,small-vehicle,small,2.358716,ar>=2.1,True,small-vehicle|small|ar>=2.1,141.613518,141.449556,0,0,8e8d4b61ea982f03a0fdefaca4068be0ac64d1f363bae1005adde8cfe8c7c0b1,e99ce31344fc741606a880e8655161cfd65454a4dc336650fcd5249bdddbbfec,COMPLETE,True
7de5cfb9881a2373,SODA-A,01603__800__2400___600,66,small-vehicle,small,2.232439,ar>=2.1,True,small-vehicle|small|ar>=2.1,137.327754,138.521467,0,0,8e8d4b61ea982f03a0fdefaca4068be0ac64d1f363bae1005adde8cfe8c7c0b1,e99ce31344fc741606a880e8655161cfd65454a4dc336650fcd5249bdddbbfec,COMPLETE,True
3804e62b5375c8b1,SODA-A,01786__800__4000___1944,0,helicopter,medium,1.640644,1.6<=ar<2.1,False,helicopter|medium|1.6<=ar<2.1,,,1,1,8e8d4b61ea982f03a0fdefaca4068be0ac64d1f363bae1005adde8cfe8c7c0b1,e99ce31344fc741606a880e8655161cfd65454a4dc336650fcd5249bdddbbfec,AMBIGUOUS|AMBIGUOUS,False
72c9db19d9d702dc,SODA-A,01795__800__1800___1200,238,container,small,5.12288,ar>=2.1,True,container|small|ar>=2.1,68.857577,71.226039,0,0,8e8d4b61ea982f03a0fdefaca4068be0ac64d1f363bae1005adde8cfe8c7c0b1,e99ce31344fc741606a880e8655161cfd65454a4dc336650fcd5249bdddbbfec,COMPLETE,True
6cfa0a01b26444ca,SODA-A,01319__800__2400___600,9,small-vehicle,small,2.228144,ar>=2.1,True,small-vehicle|small|ar>=2.1,174.114030,170.036221,0,0,8e8d4b61ea982f03a0fdefaca4068be0ac64d1f363bae1005adde8cfe8c7c0b1,e99ce31344fc741606a880e8655161cfd65454a4dc336650fcd5249bdddbbfec,COMPLETE,True
f9cff91fc38074f4,SODA-A,00849__800__2400___1203,241,small-vehicle,small,2.23744,ar>=2.1,True,small-vehicle|small|ar>=2.1,91.123297,90.763922,0,0,8e8d4b61ea982f03a0fdefaca4068be0ac64d1f363bae1005adde8cfe8c7c0b1,e99ce31344fc741606a880e8655161cfd65454a4dc336650fcd5249bdddbbfec,COMPLETE,True
4f9df17fa135e303,SODA-A,01677__800__0___600,122,large-vehicle,small,1.068247,ar<1.6,False,large-vehicle|small|ar<1.6,,,1,1,8e8d4b61ea982f03a0fdefaca4068be0ac64d1f363bae1005adde8cfe8c7c0b1,e99ce31344fc741606a880e8655161cfd65454a4dc336650fcd5249bdddbbfec,AMBIGUOUS|AMBIGUOUS,False
6da68bf34c562e90,SODA-A,01542__800__3600___1800,370,ship,small,2.026918,1.6<=ar<2.1,False,ship|small|1.6<=ar<2.1,21.974515,30.963759,0,0,8e8d4b61ea982f03a0fdefaca4068be0ac64d1f363bae1005adde8cfe8c7c0b1,e99ce31344fc741606a880e8655161cfd65454a4dc336650fcd5249bdddbbfec,COMPLETE,True
0d1772ab77c27577,SODA-A,02424__800__600___0,141,small-vehicle,small,2.226309,ar>=2.1,True,small-vehicle|small|ar>=2.1,146.888731,149.237280,0,0,8e8d4b61ea982f03a0fdefaca4068be0ac64d1f363bae1005adde8cfe8c7c0b1,e99ce31344fc741606a880e8655161cfd65454a4dc336650fcd5249bdddbbfec,COMPLETE,True
30afd0ef2dff8a7b,SODA-A,01145__800__2400___0,22,small-vehicle,small,1.769691,1.6<=ar<2.1,False,small-vehicle|small|1.6<=ar<2.1,94.289165,95.572243,0,0,8e8d4b61ea982f03a0fdefaca4068be0ac64d1f363bae1005adde8cfe8c7c0b1,e99ce31344fc741606a880e8655161cfd65454a4dc336650fcd5249bdddbbfec,COMPLETE,True
905ea71752531836,SODA-A,01251__800__2400___1800,104,small-vehicle,small,1.844642,1.6<=ar<2.1,False,small-vehicle|small|1.6<=ar<2.1,74.744840,65.714167,0,0,8e8d4b61ea982f03a0fdefaca4068be0ac64d1f363bae1005adde8cfe8c7c0b1,e99ce31344fc741606a880e8655161cfd65454a4dc336650fcd5249bdddbbfec,COMPLETE,True
3aa927689a641125,SODA-A,01593__800__3000___0,54,small-vehicle,small,2.214712,ar>=2.1,True,small-vehicle|small|ar>=2.1,88.375043,90.000000,0,0,8e8d4b61ea982f03a0fdefaca4068be0ac64d1f363bae1005adde8cfe8c7c0b1,e99ce31344fc741606a880e8655161cfd65454a4dc336650fcd5249bdddbbfec,COMPLETE,True
186ca83d8a2506fb,SODA-A,02143__800__600___1944,13,small-vehicle,small,2.609076,ar>=2.1,True,small-vehicle|small|ar>=2.1,15.422161,19.855284,0,0,8e8d4b61ea982f03a0fdefaca4068be0ac64d1f363bae1005adde8cfe8c7c0b1,e99ce31344fc741606a880e8655161cfd65454a4dc336650fcd5249bdddbbfec,COMPLETE,True
46c1934186e49d83,SODA-A,00201__800__3955___1200,91,ship,small,2.342697,ar>=2.1,True,ship|small|ar>=2.1,162.057537,164.396045,0,0,8e8d4b61ea982f03a0fdefaca4068be0ac64d1f363bae1005adde8cfe8c7c0b1,e99ce31344fc741606a880e8655161cfd65454a4dc336650fcd5249bdddbbfec,COMPLETE,True
af7a4e6539fa0c00,SODA-A,02512__800__600___1200,197,container,small,6.138348,ar>=2.1,True,container|small|ar>=2.1,89.660951,90.409274,0,0,8e8d4b61ea982f03a0fdefaca4068be0ac64d1f363bae1005adde8cfe8c7c0b1,e99ce31344fc741606a880e8655161cfd65454a4dc336650fcd5249bdddbbfec,COMPLETE,True
c7b132d46ed2d687,SODA-A,00936__800__3000___600,123,container,small,5.145677,ar>=2.1,True,container|small|ar>=2.1,70.953396,68.340501,0,0,8e8d4b61ea982f03a0fdefaca4068be0ac64d1f363bae1005adde8cfe8c7c0b1,e99ce31344fc741606a880e8655161cfd65454a4dc336650fcd5249bdddbbfec,COMPLETE,True
c73e58a8d640df1d,SODA-A,02024__800__1200___0,17,small-vehicle,small,2.109931,ar>=2.1,True,small-vehicle|small|ar>=2.1,72.824092,76.277699,0,0,8e8d4b61ea982f03a0fdefaca4068be0ac64d1f363bae1005adde8cfe8c7c0b1,e99ce31344fc741606a880e8655161cfd65454a4dc336650fcd5249bdddbbfec,COMPLETE,True
8558609dc1c919bd,SODA-A,01355__800__600___600,161,ship,small,2.154458,ar>=2.1,True,ship|small|ar>=2.1,17.560251,18.434899,0,0,8e8d4b61ea982f03a0fdefaca4068be0ac64d1f363bae1005adde8cfe8c7c0b1,e99ce31344fc741606a880e8655161cfd65454a4dc336650fcd5249bdddbbfec,COMPLETE,True
4f626dc5e91d3ba0,SODA-A,00283__800__1200___1800,666,small-vehicle,small,2.090146,1.6<=ar<2.1,False,small-vehicle|small|1.6<=ar<2.1,178.898259,174.957581,0,0,8e8d4b61ea982f03a0fdefaca4068be0ac64d1f363bae1005adde8cfe8c7c0b1,e99ce31344fc741606a880e8655161cfd65454a4dc336650fcd5249bdddbbfec,COMPLETE,True
67b62b86c2b79a95,SODA-A,01877__800__3000___1800,85,small-vehicle,small,1.836493,1.6<=ar<2.1,False,small-vehicle|small|1.6<=ar<2.1,86.729565,,0,1,8e8d4b61ea982f03a0fdefaca4068be0ac64d1f363bae1005adde8cfe8c7c0b1,e99ce31344fc741606a880e8655161cfd65454a4dc336650fcd5249bdddbbfec,LABELED|AMBIGUOUS,False
48d75a16f0b27bf6,SODA-A,00498__800__4000___2400,67,small-vehicle,small,2.150859,ar>=2.1,True,small-vehicle|small|ar>=2.1,124.286870,136.847665,0,0,8e8d4b61ea982f03a0fdefaca4068be0ac64d1f363bae1005adde8cfe8c7c0b1,e99ce31344fc741606a880e8655161cfd65454a4dc336650fcd5249bdddbbfec,COMPLETE,True
3bc2ea604e7d9e7b,SODA-A,00198__800__1200___3000,356,small-vehicle,small,3.136781,ar>=2.1,True,small-vehicle|small|ar>=2.1,54.246115,56.063527,0,0,8e8d4b61ea982f03a0fdefaca4068be0ac64d1f363bae1005adde8cfe8c7c0b1,e99ce31344fc741606a880e8655161cfd65454a4dc336650fcd5249bdddbbfec,COMPLETE,True
77b9703a651e2995,SODA-A,02289__800__1800___600,473,small-vehicle,small,1.672316,1.6<=ar<2.1,False,small-vehicle|small|1.6<=ar<2.1,86.531765,83.853326,0,0,8e8d4b61ea982f03a0fdefaca4068be0ac64d1f363bae1005adde8cfe8c7c0b1,e99ce31344fc741606a880e8655161cfd65454a4dc336650fcd5249bdddbbfec,COMPLETE,True
406aab3642c5c227,SODA-A,02004__800__0___1200,46,storage-tank,small,1.057371,ar<1.6,False,storage-tank|small|ar<1.6,,,1,1,8e8d4b61ea982f03a0fdefaca4068be0ac64d1f363bae1005adde8cfe8c7c0b1,e99ce31344fc741606a880e8655161cfd65454a4dc336650fcd5249bdddbbfec,AMBIGUOUS|AMBIGUOUS,False
5ec402e4740e770a,SODA-A,00557__800__1200___1800,50,small-vehicle,small,2.944676,ar>=2.1,True,small-vehicle|small|ar>=2.1,177.089120,0.000000,0,0,8e8d4b61ea982f03a0fdefaca4068be0ac64d1f363bae1005adde8cfe8c7c0b1,e99ce31344fc741606a880e8655161cfd65454a4dc336650fcd5249bdddbbfec,COMPLETE,True
be3077324d27eff3,SODA-A,01759__800__3000___1985,81,ship,small,2.15031,ar>=2.1,True,ship|small|ar>=2.1,28.691777,32.005382,0,0,8e8d4b61ea982f03a0fdefaca4068be0ac64d1f363bae1005adde8cfe8c7c0b1,e99ce31344fc741606a880e8655161cfd65454a4dc336650fcd5249bdddbbfec,COMPLETE,True
a04e0c7141dac610,SODA-A,00063__800__600___1944,22,small-vehicle,small,1.787686,1.6<=ar<2.1,False,small-vehicle|small|1.6<=ar<2.1,111.801343,110.376428,0,0,8e8d4b61ea982f03a0fdefaca4068be0ac64d1f363bae1005adde8cfe8c7c0b1,e99ce31344fc741606a880e8655161cfd65454a4dc336650fcd5249bdddbbfec,COMPLETE,True
dc8bfc8d81ff1563,SODA-A,00123__800__1800___1800,40,small-vehicle,small,2.017512,1.6<=ar<2.1,False,small-vehicle|small|1.6<=ar<2.1,79.579290,81.982961,0,0,8e8d4b61ea982f03a0fdefaca4068be0ac64d1f363bae1005adde8cfe8c7c0b1,e99ce31344fc741606a880e8655161cfd65454a4dc336650fcd5249bdddbbfec,COMPLETE,True
e311483df06e7d2a,SODA-A,00967__800__600___600,335,small-vehicle,small,2.418968,ar>=2.1,True,small-vehicle|small|ar>=2.1,34.875308,42.305737,0,0,8e8d4b61ea982f03a0fdefaca4068be0ac64d1f363bae1005adde8cfe8c7c0b1,e99ce31344fc741606a880e8655161cfd65454a4dc336650fcd5249bdddbbfec,COMPLETE,True
cab8f53831bd8085,SODA-A,00198__800__3000___3486,132,small-vehicle,small,2.753513,ar>=2.1,True,small-vehicle|small|ar>=2.1,115.572437,115.844411,0,0,8e8d4b61ea982f03a0fdefaca4068be0ac64d1f363bae1005adde8cfe8c7c0b1,e99ce31344fc741606a880e8655161cfd65454a4dc336650fcd5249bdddbbfec,COMPLETE,True
e87ca78b1e16d695,SODA-A,02071__800__3000___0,37,container,small,3.476878,ar>=2.1,True,container|small|ar>=2.1,87.361527,89.198709,0,0,8e8d4b61ea982f03a0fdefaca4068be0ac64d1f363bae1005adde8cfe8c7c0b1,e99ce31344fc741606a880e8655161cfd65454a4dc336650fcd5249bdddbbfec,COMPLETE,True
029fc64a964f87d2,SODA-A,01633__800__600___600,0,small-vehicle,small,2.513451,ar>=2.1,True,small-vehicle|small|ar>=2.1,94.049575,95.792797,0,0,8e8d4b61ea982f03a0fdefaca4068be0ac64d1f363bae1005adde8cfe8c7c0b1,e99ce31344fc741606a880e8655161cfd65454a4dc336650fcd5249bdddbbfec,COMPLETE,True
86e4898759bfa621,SODA-A,01430__800__600___1935,40,container,small,2.267228,ar>=2.1,True,container|small|ar>=2.1,29.876046,32.171230,0,0,8e8d4b61ea982f03a0fdefaca4068be0ac64d1f363bae1005adde8cfe8c7c0b1,e99ce31344fc741606a880e8655161cfd65454a4dc336650fcd5249bdddbbfec,COMPLETE,True
489f484f9e2779ce,SODA-A,00231__800__0___1200,99,small-vehicle,small,1.673708,1.6<=ar<2.1,False,small-vehicle|small|1.6<=ar<2.1,26.939539,37.568643,0,0,8e8d4b61ea982f03a0fdefaca4068be0ac64d1f363bae1005adde8cfe8c7c0b1,e99ce31344fc741606a880e8655161cfd65454a4dc336650fcd5249bdddbbfec,COMPLETE,True
6db0d4d2b9482e3f,SODA-A,01759__800__1200___1985,5,ship,small,3.213594,ar>=2.1,True,ship|small|ar>=2.1,177.859094,179.215179,0,0,8e8d4b61ea982f03a0fdefaca4068be0ac64d1f363bae1005adde8cfe8c7c0b1,e99ce31344fc741606a880e8655161cfd65454a4dc336650fcd5249bdddbbfec,COMPLETE,True
ccd55711d2a41e8b,SODA-A,00832__800__2400___600,165,small-vehicle,small,2.046002,1.6<=ar<2.1,False,small-vehicle|small|1.6<=ar<2.1,95.946831,91.909077,0,0,8e8d4b61ea982f03a0fdefaca4068be0ac64d1f363bae1005adde8cfe8c7c0b1,e99ce31344fc741606a880e8655161cfd65454a4dc336650fcd5249bdddbbfec,COMPLETE,True
ae5383f9df259c3c,SODA-A,01310__800__3000___1200,22,storage-tank,small,1.044419,ar<1.6,False,storage-tank|small|ar<1.6,,,1,1,8e8d4b61ea982f03a0fdefaca4068be0ac64d1f363bae1005adde8cfe8c7c0b1,e99ce31344fc741606a880e8655161cfd65454a4dc336650fcd5249bdddbbfec,AMBIGUOUS|AMBIGUOUS,False
ea203777c3f8871a,SODA-A,02249__800__1800___1023,4,container,small,4.948442,ar>=2.1,True,container|small|ar>=2.1,85.877704,85.791016,0,0,8e8d4b61ea982f03a0fdefaca4068be0ac64d1f363bae1005adde8cfe8c7c0b1,e99ce31344fc741606a880e8655161cfd65454a4dc336650fcd5249bdddbbfec,COMPLETE,True
fa15dd12aae116d8,SODA-A,01447__800__3600___1200,13,small-vehicle,small,2.371065,ar>=2.1,True,small-vehicle|small|ar>=2.1,13.495748,18.711764,0,0,8e8d4b61ea982f03a0fdefaca4068be0ac64d1f363bae1005adde8cfe8c7c0b1,e99ce31344fc741606a880e8655161cfd65454a4dc336650fcd5249bdddbbfec,COMPLETE,True
bb807117a5b968a7,SODA-A,01272__800__0___1800,24,storage-tank,small,1.142863,ar<1.6,False,storage-tank|small|ar<1.6,,,1,1,8e8d4b61ea982f03a0fdefaca4068be0ac64d1f363bae1005adde8cfe8c7c0b1,e99ce31344fc741606a880e8655161cfd65454a4dc336650fcd5249bdddbbfec,AMBIGUOUS|AMBIGUOUS,False
984d5b9f6f0d5236,SODA-A,02512__800__3000___600,181,container,small,4.631965,ar>=2.1,True,container|small|ar>=2.1,176.260508,177.013352,0,0,8e8d4b61ea982f03a0fdefaca4068be0ac64d1f363bae1005adde8cfe8c7c0b1,e99ce31344fc741606a880e8655161cfd65454a4dc336650fcd5249bdddbbfec,COMPLETE,True
9b499003ab5b372d,SODA-A,01785__800__3600___1200,136,ship,small,3.185494,ar>=2.1,True,ship|small|ar>=2.1,168.589023,177.273692,0,0,8e8d4b61ea982f03a0fdefaca4068be0ac64d1f363bae1005adde8cfe8c7c0b1,e99ce31344fc741606a880e8655161cfd65454a4dc336650fcd5249bdddbbfec,COMPLETE,True
ec093c884db655a2,SODA-A,01877__800__3000___1944,252,small-vehicle,small,2.30714,ar>=2.1,True,small-vehicle|small|ar>=2.1,140.710587,141.458798,0,0,8e8d4b61ea982f03a0fdefaca4068be0ac64d1f363bae1005adde8cfe8c7c0b1,e99ce31344fc741606a880e8655161cfd65454a4dc336650fcd5249bdddbbfec,COMPLETE,True
5fbe2cfad2a2ca97,SODA-A,01408__800__1800___0,18,small-vehicle,small,2.412032,ar>=2.1,True,small-vehicle|small|ar>=2.1,29.981625,32.905237,0,0,8e8d4b61ea982f03a0fdefaca4068be0ac64d1f363bae1005adde8cfe8c7c0b1,e99ce31344fc741606a880e8655161cfd65454a4dc336650fcd5249bdddbbfec,COMPLETE,True
d2cba49c1073c1bf,SODA-A,00557__800__3955___0,95,small-vehicle,small,2.599469,ar>=2.1,True,small-vehicle|small|ar>=2.1,90.702958,88.652065,0,0,8e8d4b61ea982f03a0fdefaca4068be0ac64d1f363bae1005adde8cfe8c7c0b1,e99ce31344fc741606a880e8655161cfd65454a4dc336650fcd5249bdddbbfec,COMPLETE,True
a1313131cfd28701,SODA-A,01251__800__2400___0,116,ship,small,2.65519,ar>=2.1,True,ship|small|ar>=2.1,36.573028,32.152291,0,0,8e8d4b61ea982f03a0fdefaca4068be0ac64d1f363bae1005adde8cfe8c7c0b1,e99ce31344fc741606a880e8655161cfd65454a4dc336650fcd5249bdddbbfec,COMPLETE,True
56b495f36311def3,SODA-A,01875__800__3600___1985,12,small-vehicle,small,2.111857,ar>=2.1,True,small-vehicle|small|ar>=2.1,3.399697,4.398689,0,0,8e8d4b61ea982f03a0fdefaca4068be0ac64d1f363bae1005adde8cfe8c7c0b1,e99ce31344fc741606a880e8655161cfd65454a4dc336650fcd5249bdddbbfec,COMPLETE,True
966e395b6091cdab,SODA-A,02287__800__1800___2045,41,small-vehicle,small,2.240017,ar>=2.1,True,small-vehicle|small|ar>=2.1,2.361358,4.969762,0,0,8e8d4b61ea982f03a0fdefaca4068be0ac64d1f363bae1005adde8cfe8c7c0b1,e99ce31344fc741606a880e8655161cfd65454a4dc336650fcd5249bdddbbfec,COMPLETE,True
0caae00f03a3d8e6,SODA-A,00936__800__600___0,6,small-vehicle,small,1.955902,1.6<=ar<2.1,False,small-vehicle|small|1.6<=ar<2.1,42.157894,40.855405,0,0,8e8d4b61ea982f03a0fdefaca4068be0ac64d1f363bae1005adde8cfe8c7c0b1,e99ce31344fc741606a880e8655161cfd65454a4dc336650fcd5249bdddbbfec,COMPLETE,True
e5fa6bca8439bcec,SODA-A,00996__800__600___1985,20,small-vehicle,small,2.104551,ar>=2.1,True,small-vehicle|small|ar>=2.1,63.083449,61.459999,0,0,8e8d4b61ea982f03a0fdefaca4068be0ac64d1f363bae1005adde8cfe8c7c0b1,e99ce31344fc741606a880e8655161cfd65454a4dc336650fcd5249bdddbbfec,COMPLETE,True
14381be7c19b225b,SODA-A,00256__800__0___1944,67,small-vehicle,small,1.890463,1.6<=ar<2.1,False,small-vehicle|small|1.6<=ar<2.1,35.095770,33.111350,0,0,8e8d4b61ea982f03a0fdefaca4068be0ac64d1f363bae1005adde8cfe8c7c0b1,e99ce31344fc741606a880e8655161cfd65454a4dc336650fcd5249bdddbbfec,COMPLETE,True
3274399547b0268b,SODA-A,00614__800__1800___0,12,storage-tank,small,1.032742,ar<1.6,False,storage-tank|small|ar<1.6,,,1,1,8e8d4b61ea982f03a0fdefaca4068be0ac64d1f363bae1005adde8cfe8c7c0b1,e99ce31344fc741606a880e8655161cfd65454a4dc336650fcd5249bdddbbfec,AMBIGUOUS|AMBIGUOUS,False
0c12a6ef791b54e9,SODA-A,00855__800__0___1985,123,small-vehicle,small,1.992882,1.6<=ar<2.1,False,small-vehicle|small|1.6<=ar<2.1,0.909371,1.363965,0,0,8e8d4b61ea982f03a0fdefaca4068be0ac64d1f363bae1005adde8cfe8c7c0b1,e99ce31344fc741606a880e8655161cfd65454a4dc336650fcd5249bdddbbfec,COMPLETE,True
8e56ac53539699d1,SODA-A,00967__800__0___1800,61,small-vehicle,small,2.464796,ar>=2.1,True,small-vehicle|small|ar>=2.1,39.957574,38.884533,0,0,8e8d4b61ea982f03a0fdefaca4068be0ac64d1f363bae1005adde8cfe8c7c0b1,e99ce31344fc741606a880e8655161cfd65454a4dc336650fcd5249bdddbbfec,COMPLETE,True
63934fdf7f78307c,SODA-A,01287__800__0___0,78,small-vehicle,small,2.381835,ar>=2.1,True,small-vehicle|small|ar>=2.1,94.159573,93.814071,0,0,8e8d4b61ea982f03a0fdefaca4068be0ac64d1f363bae1005adde8cfe8c7c0b1,e99ce31344fc741606a880e8655161cfd65454a4dc336650fcd5249bdddbbfec,COMPLETE,True
ba0795651de81c2d,SODA-A,00283__800__2400___1200,165,small-vehicle,small,2.261027,ar>=2.1,True,small-vehicle|small|ar>=2.1,85.955546,85.802356,0,0,8e8d4b61ea982f03a0fdefaca4068be0ac64d1f363bae1005adde8cfe8c7c0b1,e99ce31344fc741606a880e8655161cfd65454a4dc336650fcd5249bdddbbfec,COMPLETE,True
445b1658cfdd2e6d,SODA-A,01455__800__1800___0,12,small-vehicle,small,2.115394,ar>=2.1,True,small-vehicle|small|ar>=2.1,91.041593,91.157296,0,0,8e8d4b61ea982f03a0fdefaca4068be0ac64d1f363bae1005adde8cfe8c7c0b1,e99ce31344fc741606a880e8655161cfd65454a4dc336650fcd5249bdddbbfec,COMPLETE,True
bc3f1cb52de6b28f,SODA-A,01757__800__600___0,115,container,small,5.273803,ar>=2.1,True,container|small|ar>=2.1,172.919902,170.172274,0,0,8e8d4b61ea982f03a0fdefaca4068be0ac64d1f363bae1005adde8cfe8c7c0b1,e99ce31344fc741606a880e8655161cfd65454a4dc336650fcd5249bdddbbfec,COMPLETE,True
93e099d85d11f02a,SODA-A,02114__800__3000___600,5,ship,small,2.439297,ar>=2.1,True,ship|small|ar>=2.1,165.147416,162.474408,0,0,8e8d4b61ea982f03a0fdefaca4068be0ac64d1f363bae1005adde8cfe8c7c0b1,e99ce31344fc741606a880e8655161cfd65454a4dc336650fcd5249bdddbbfec,COMPLETE,True
3f94ed27efd5476f,SODA-A,02286__800__1800___1200,29,airplane,small,2.237367,ar>=2.1,True,airplane|small|ar>=2.1,54.323590,138.544746,0,0,8e8d4b61ea982f03a0fdefaca4068be0ac64d1f363bae1005adde8cfe8c7c0b1,e99ce31344fc741606a880e8655161cfd65454a4dc336650fcd5249bdddbbfec,COMPLETE,True
62d1cbc614d2e106,SODA-A,02083__800__3000___0,39,small-vehicle,small,2.239711,ar>=2.1,True,small-vehicle|small|ar>=2.1,89.012189,87.672188,0,0,8e8d4b61ea982f03a0fdefaca4068be0ac64d1f363bae1005adde8cfe8c7c0b1,e99ce31344fc741606a880e8655161cfd65454a4dc336650fcd5249bdddbbfec,COMPLETE,True
02228204dc184fe1,SODA-A,01693__800__2400___1200,64,container,small,5.18405,ar>=2.1,True,container|small|ar>=2.1,90.000000,89.161583,0,0,8e8d4b61ea982f03a0fdefaca4068be0ac64d1f363bae1005adde8cfe8c7c0b1,e99ce31344fc741606a880e8655161cfd65454a4dc336650fcd5249bdddbbfec,COMPLETE,True
f456163a40784f39,SODA-A,00825__800__600___0,77,small-vehicle,small,2.867206,ar>=2.1,True,small-vehicle|small|ar>=2.1,89.283879,92.045471,0,0,8e8d4b61ea982f03a0fdefaca4068be0ac64d1f363bae1005adde8cfe8c7c0b1,e99ce31344fc741606a880e8655161cfd65454a4dc336650fcd5249bdddbbfec,COMPLETE,True
043ca8c1967538ae,SODA-A,00967__800__4000___600,63,small-vehicle,small,2.633465,ar>=2.1,True,small-vehicle|small|ar>=2.1,118.967663,120.504312,0,0,8e8d4b61ea982f03a0fdefaca4068be0ac64d1f363bae1005adde8cfe8c7c0b1,e99ce31344fc741606a880e8655161cfd65454a4dc336650fcd5249bdddbbfec,COMPLETE,True
c06ebfc4e45c54c4,SODA-A,00975__800__1800___600,2,container,small,5.214593,ar>=2.1,True,container|small|ar>=2.1,60.713270,63.038918,0,0,8e8d4b61ea982f03a0fdefaca4068be0ac64d1f363bae1005adde8cfe8c7c0b1,e99ce31344fc741606a880e8655161cfd65454a4dc336650fcd5249bdddbbfec,COMPLETE,True
093230b0618021ef,SODA-A,00685__800__3600___0,1,container,small,5.734195,ar>=2.1,True,container|small|ar>=2.1,179.083342,179.421266,0,0,8e8d4b61ea982f03a0fdefaca4068be0ac64d1f363bae1005adde8cfe8c7c0b1,e99ce31344fc741606a880e8655161cfd65454a4dc336650fcd5249bdddbbfec,COMPLETE,True
c9233d68e261e3b4,SODA-A,00283__800__1200___1974,384,small-vehicle,small,2.106652,ar>=2.1,True,small-vehicle|small|ar>=2.1,0.000000,175.763573,0,0,8e8d4b61ea982f03a0fdefaca4068be0ac64d1f363bae1005adde8cfe8c7c0b1,e99ce31344fc741606a880e8655161cfd65454a4dc336650fcd5249bdddbbfec,COMPLETE,True
0bc4744d9cbd79c2,SODA-A,01419__800__3600___1944,4,storage-tank,small,1.705601,1.6<=ar<2.1,False,storage-tank|small|1.6<=ar<2.1,,,1,1,8e8d4b61ea982f03a0fdefaca4068be0ac64d1f363bae1005adde8cfe8c7c0b1,e99ce31344fc741606a880e8655161cfd65454a4dc336650fcd5249bdddbbfec,AMBIGUOUS|AMBIGUOUS,False
6356945a8ace1187,SODA-A,01449__800__0___1985,18,small-vehicle,small,2.230017,ar>=2.1,True,small-vehicle|small|ar>=2.1,87.852454,85.389355,0,0,8e8d4b61ea982f03a0fdefaca4068be0ac64d1f363bae1005adde8cfe8c7c0b1,e99ce31344fc741606a880e8655161cfd65454a4dc336650fcd5249bdddbbfec,COMPLETE,True
012532f6ad1c951f,SODA-A,01387__800__3000___0,78,container,small,3.597833,ar>=2.1,True,container|small|ar>=2.1,139.763672,141.842766,0,0,8e8d4b61ea982f03a0fdefaca4068be0ac64d1f363bae1005adde8cfe8c7c0b1,e99ce31344fc741606a880e8655161cfd65454a4dc336650fcd5249bdddbbfec,COMPLETE,True
129446d1fb3b301d,SODA-A,02511__800__600___1200,11,container,small,5.167085,ar>=2.1,True,container|small|ar>=2.1,179.338932,0.556245,0,0,8e8d4b61ea982f03a0fdefaca4068be0ac64d1f363bae1005adde8cfe8c7c0b1,e99ce31344fc741606a880e8655161cfd65454a4dc336650fcd5249bdddbbfec,COMPLETE,True
8d040f4ecf18ea90,SODA-A,02190__800__1800___600,171,small-vehicle,small,2.556845,ar>=2.1,True,small-vehicle|small|ar>=2.1,42.754214,39.936437,0,0,8e8d4b61ea982f03a0fdefaca4068be0ac64d1f363bae1005adde8cfe8c7c0b1,e99ce31344fc741606a880e8655161cfd65454a4dc336650fcd5249bdddbbfec,COMPLETE,True
9ceaae3668da2d82,SODA-A,01455__800__2400___0,5,small-vehicle,small,2.101861,ar>=2.1,True,small-vehicle|small|ar>=2.1,84.709913,85.674969,0,0,8e8d4b61ea982f03a0fdefaca4068be0ac64d1f363bae1005adde8cfe8c7c0b1,e99ce31344fc741606a880e8655161cfd65454a4dc336650fcd5249bdddbbfec,COMPLETE,True
7f1afa643650ae20,SODA-A,01570__800__1200___600,4,airplane,small,1.069345,ar<1.6,False,airplane|small|ar<1.6,16.821357,14.560248,0,0,8e8d4b61ea982f03a0fdefaca4068be0ac64d1f363bae1005adde8cfe8c7c0b1,e99ce31344fc741606a880e8655161cfd65454a4dc336650fcd5249bdddbbfec,COMPLETE,True
b8459ab23e2998f1,SODA-A,01461__800__2400___1200,24,small-vehicle,small,2.279285,ar>=2.1,True,small-vehicle|small|ar>=2.1,4.236401,3.521450,0,0,8e8d4b61ea982f03a0fdefaca4068be0ac64d1f363bae1005adde8cfe8c7c0b1,e99ce31344fc741606a880e8655161cfd65454a4dc336650fcd5249bdddbbfec,COMPLETE,True
1e02d428965a0211,SODA-A,01284__800__600___1200,17,small-vehicle,small,3.239175,ar>=2.1,True,small-vehicle|small|ar>=2.1,94.899128,94.950273,0,0,8e8d4b61ea982f03a0fdefaca4068be0ac64d1f363bae1005adde8cfe8c7c0b1,e99ce31344fc741606a880e8655161cfd65454a4dc336650fcd5249bdddbbfec,COMPLETE,True
afe8ec504af90e32,SODA-A,01509__800__0___1800,66,small-vehicle,small,2.516826,ar>=2.1,True,small-vehicle|small|ar>=2.1,,,1,1,8e8d4b61ea982f03a0fdefaca4068be0ac64d1f363bae1005adde8cfe8c7c0b1,e99ce31344fc741606a880e8655161cfd65454a4dc336650fcd5249bdddbbfec,AMBIGUOUS|AMBIGUOUS,False
04252c8f5d8f4fb8,SODA-A,01319__800__0___0,32,small-vehicle,small,2.249682,ar>=2.1,True,small-vehicle|small|ar>=2.1,46.444149,,0,1,8e8d4b61ea982f03a0fdefaca4068be0ac64d1f363bae1005adde8cfe8c7c0b1,e99ce31344fc741606a880e8655161cfd65454a4dc336650fcd5249bdddbbfec,LABELED|AMBIGUOUS,False
7ee19057d673f25c,SODA-A,00283__800__600___1974,274,small-vehicle,small,2.441593,ar>=2.1,True,small-vehicle|small|ar>=2.1,175.532842,179.541630,0,0,8e8d4b61ea982f03a0fdefaca4068be0ac64d1f363bae1005adde8cfe8c7c0b1,e99ce31344fc741606a880e8655161cfd65454a4dc336650fcd5249bdddbbfec,COMPLETE,True
d0d34351da77ac98,SODA-A,00202__800__3000___1985,88,container,small,4.395907,ar>=2.1,True,container|small|ar>=2.1,27.030875,29.707001,0,0,8e8d4b61ea982f03a0fdefaca4068be0ac64d1f363bae1005adde8cfe8c7c0b1,e99ce31344fc741606a880e8655161cfd65454a4dc336650fcd5249bdddbbfec,COMPLETE,True
572435f0f7f67ee6,SODA-A,02071__800__3000___1987,10,small-vehicle,small,2.719038,ar>=2.1,True,small-vehicle|small|ar>=2.1,179.283819,179.181520,0,0,8e8d4b61ea982f03a0fdefaca4068be0ac64d1f363bae1005adde8cfe8c7c0b1,e99ce31344fc741606a880e8655161cfd65454a4dc336650fcd5249bdddbbfec,COMPLETE,True
a6778f7701e629c2,SODA-A,01677__800__600___600,50,small-vehicle,small,2.387833,ar>=2.1,True,small-vehicle|small|ar>=2.1,0.578707,0.572956,0,0,8e8d4b61ea982f03a0fdefaca4068be0ac64d1f363bae1005adde8cfe8c7c0b1,e99ce31344fc741606a880e8655161cfd65454a4dc336650fcd5249bdddbbfec,COMPLETE,True
