image_id,pred_id,detection_score,class_id,cx,cy,w,h,angle_rad
00172,0,0.9976648092269897,4,451.7783203125,461.5242919921875,342.7823486328125,208.01954650878906,-0.025313138961791992
00172,1,0.4415968656539917,4,409.869873046875,596.50244140625,131.58009338378906,87.40911865234375,-0.02019667625427246
00172,2,0.055746596306562424,6,445.4517517089844,460.60467529296875,381.0336608886719,267.0386047363281,0.04886221885681152
00172,3,0.051671307533979416,6,408.1259460449219,599.189453125,149.01254272460938,81.63521575927734,-0.020859718322753906
00092,0,0.9485518932342529,11,483.4341735839844,341.5758972167969,308.3304443359375,128.5040740966797,-0.012938141822814941
00092,1,0.9311655759811401,11,485.70294189453125,594.9559936523438,334.4376525878906,153.13999938964844,-0.03839981555938721
00092,2,0.8895767331123352,11,574.7232055664062,73.48031616210938,173.7647247314453,92.9852066040039,0.0017970800399780273
00092,3,0.33716416358947754,11,601.0538940429688,198.1157684326172,124.84552001953125,8.254302024841309,-0.01513659954071045
00092,4,0.9997720122337341,13,341.22119140625,542.6002807617188,77.91244506835938,20.565555572509766,-1.5532211065292358
00092,5,0.9994401335716248,13,508.10986328125,381.08563232421875,76.02315521240234,20.30980682373047,1.5527340173721313
00092,6,0.9994344115257263,13,371.15069580078125,648.9005737304688,86.33319091796875,23.190549850463867,-1.5610090494155884
00092,7,0.9994215965270996,13,481.356689453125,299.1899719238281,38.978492736816406,12.500449180603027,1.5660496950149536
00092,8,0.9994149208068848,13,578.5693359375,107.6941146850586,54.45438003540039,17.3010196685791,1.536378264427185
00092,9,0.9993927478790283,13,396.2919616699219,548.9779052734375,64.47753143310547,22.489099502563477,1.5690175294876099
00092,10,0.9993810653686523,13,478.9710998535156,636.9320678710938,62.580406188964844,18.56682014465332,-1.5705037117004395
00092,11,0.9993809461593628,13,606.567138671875,372.4316101074219,68.88900756835938,19.333751678466797,1.5573469400405884
00092,12,0.9993440508842468,13,314.9006652832031,314.9238586425781,74.46128845214844,20.890594482421875,1.5177994966506958
00092,13,0.9993213415145874,13,417.6116943359375,299.42626953125,44.42057418823242,14.479215621948242,-1.566694974899292
00092,14,0.999290943145752,13,342.38519287109375,649.9448852539062,94.29778289794922,22.564939498901367,1.5589758157730103
00092,15,0.9992862343788147,13,527.71875,638.6052856445312,78.23887634277344,21.747411727905273,1.5462466478347778
00092,16,0.9992807507514954,13,393.0515441894531,299.4713134765625,40.215423583984375,13.131291389465332,-1.5666100978851318
00092,17,0.9992576241493225,13,494.78399658203125,102.82373809814453,38.728431701660156,13.772160530090332,-1.5598138570785522
00092,18,0.9992467164993286,13,580.68994140625,45.3114013671875,32.00291061401367,11.411983489990234,1.508092999458313
00092,19,0.9992324113845825,13,504.4940490722656,638.0095825195312,75.89692687988281,21.143550872802734,1.5481172800064087
00092,20,0.9991175532341003,13,517.8583374023438,37.0463752746582,60.06888198852539,18.267160415649414,-1.5626312494277954
00092,21,0.9990369081497192,13,546.1650390625,545.3438110351562,69.939453125,21.41160774230957,1.5473042726516724
00092,22,0.9990233182907104,13,617.097900390625,98.3267593383789,33.226627349853516,12.884305953979492,1.5324076414108276
00092,23,0.9989514350891113,13,456.85235595703125,377.40325927734375,76.67658233642578,18.166227340698242,1.533183217048645
00092,24,0.9989506006240845,13,378.79583740234375,381.91668701171875,78.74161529541016,25.196636199951172,1.5435978174209595
00092,25,0.9989312291145325,13,482.0119934082031,382.3626708984375,79.91801452636719,20.668121337890625,-1.5599185228347778
00092,26,0.9988813996315002,13,431.97283935546875,379.94329833984375,74.44493103027344,20.157062530517578,1.5468565225601196
00092,27,0.9988380074501038,13,594.3327026367188,543.4425659179688,68.64078521728516,19.680072784423828,-1.5623844861984253
00092,28,0.9988306164741516,13,523.1729736328125,301.9413146972656,39.21077346801758,13.086295127868652,1.5700184106826782
00092,29,0.9988247752189636,13,522.0628662109375,547.8978881835938,63.56019592285156,18.853946685791016,1.5595365762710571
00092,30,0.9988246560096741,13,533.0119018554688,373.6028137207031,60.92863082885742,18.364042282104492,-1.565082311630249
00092,31,0.998737633228302,13,551.87841796875,635.289306640625,66.62553405761719,16.724279403686523,1.5639115571975708
00092,32,0.9987151622772217,13,455.1329650878906,639.0845336914062,73.17414093017578,21.413047790527344,1.5447014570236206
00092,33,0.9985800981521606,13,581.70068359375,374.64935302734375,63.216915130615234,19.498626708984375,-1.5602017641067505
00092,34,0.9984145164489746,13,518.4857788085938,105.27849578857422,50.14131164550781,16.809173583984375,1.562158226966858
00092,35,0.998400866985321,13,634.1885986328125,47.59741973876953,36.42727279663086,12.666383743286133,1.5617533922195435
00092,36,0.99830162525177,13,407.40142822265625,384.3854675292969,79.38778686523438,21.779672622680664,1.52841317653656
00092,37,0.9982678890228271,13,553.4556274414062,100.83226013183594,28.401155471801758,10.616697311401367,-1.56986403465271
00092,38,0.9982280135154724,13,567.79541015625,299.84918212890625,44.56120681762695,15.597172737121582,-1.5412956476211548
00092,39,0.998180627822876,13,503.26019287109375,304.5274353027344,35.83556365966797,15.305954933166504,1.5705357789993286
00092,40,0.9981057643890381,13,472.25299072265625,544.1200561523438,74.28343200683594,21.530427932739258,1.5602036714553833
00092,41,0.9980788230895996,13,421.82647705078125,551.2050170898438,56.53924560546875,19.258474349975586,1.558139443397522
00092,42,0.9979140162467957,13,546.451416015625,297.9952392578125,44.180686950683594,14.60344123840332,-1.5640703439712524
00092,43,0.9977824091911316,13,629.17431640625,626.277099609375,45.74711608886719,12.852643966674805,1.491174340248108
00092,44,0.997356653213501,13,447.466064453125,548.5860595703125,61.59919738769531,19.988819122314453,1.5667754411697388
00092,45,0.997272789478302,13,600.6436767578125,764.716064453125,60.08090591430664,17.72136878967285,-1.5693333148956299
00092,46,0.9972715973854065,13,615.8671875,49.673458099365234,38.978572845458984,13.641772270202637,1.5694018602371216
00092,47,0.9970220923423767,13,628.4125366210938,300.9403381347656,37.76464080810547,11.570748329162598,-1.5586844682693481
00092,48,0.997012734413147,13,577.4954833984375,620.1909790039062,41.9871940612793,12.374110221862793,-1.5113815069198608
00092,49,0.9954478144645691,13,536.31298828125,99.4734878540039,29.88894271850586,10.154396057128906,-1.540591835975647
00092,50,0.9953307509422302,13,497.5451965332031,546.3829345703125,68.46611785888672,20.182382583618164,-1.5629206895828247
00092,51,0.9951173067092896,13,597.9954833984375,53.46574401855469,21.60678482055664,8.878410339355469,1.5622164011001587
00092,52,0.9946582913398743,13,537.1134643554688,40.394405364990234,56.401527404785156,18.319141387939453,-1.5180046558380127
00092,53,0.9939999580383301,13,587.2503662109375,303.76336669921875,28.249732971191406,11.180880546569824,-1.5449224710464478
00092,54,0.9937047362327576,13,634.9833374023438,98.04315948486328,32.239898681640625,10.285499572753906,-1.5554386377334595
00092,55,0.9934231638908386,13,597.0852661132812,618.2824096679688,26.97589111328125,9.368791580200195,-1.5581520795822144
00092,56,0.9723800420761108,13,159.52687072753906,588.8602905273438,24.867929458618164,10.931610107421875,0.5376709699630737
00092,57,0.9367768168449402,13,623.2116088867188,551.2239990234375,50.81758117675781,28.48885726928711,-1.5677882432937622
00092,58,0.6698991656303406,13,648.5759887695312,213.81971740722656,13.287371635437012,6.668277263641357,1.3070741891860962
00092,59,0.2992091774940491,13,615.369384765625,302.6376037597656,16.58682632446289,8.115938186645508,1.5374184846878052
00092,60,0.22511082887649536,13,651.322021484375,59.92884826660156,20.492094039916992,6.989528179168701,-1.5530751943588257
00092,61,0.22478559613227844,13,653.651611328125,499.2690124511719,21.267364501953125,8.672142028808594,1.5686193704605103
00092,62,0.05449233204126358,13,666.7188110351562,539.3795776367188,28.71347999572754,9.699790954589844,1.4774624109268188
00092,63,0.8408495783805847,18,682.6312866210938,616.4586181640625,22.421695709228516,7.717364311218262,-1.5676460266113281
00092,64,0.19404608011245728,18,653.651611328125,499.2690124511719,21.267364501953125,8.672142028808594,1.5686193704605103
00092,65,0.17968492209911346,18,667.2994995117188,539.5723266601562,30.65776824951172,9.050100326538086,1.568350911140442
00092,66,0.05603170394897461,18,651.699462890625,58.664085388183594,17.795238494873047,7.8364739418029785,-1.550890564918518
00095,0,0.9998416900634766,15,383.51385498046875,485.07342529296875,87.27442932128906,79.08517456054688,-0.002698063850402832
00095,1,0.9997819066047668,15,386.70123291015625,395.2727355957031,82.2847900390625,74.2204360961914,0.02315044403076172
00095,2,0.2592455744743347,15,140.60704040527344,685.8442993164062,18.17048454284668,17.125350952148438,-0.02928459644317627
00095,3,0.07206149399280548,15,75.21470642089844,701.7625122070312,31.331993103027344,25.608123779296875,0.06395936012268066
00159,0,0.9992527365684509,13,386.0832214355469,417.22064208984375,601.783935546875,131.67591857910156,0.432517409324646
00160,0,0.3073156177997589,11,340.7439270019531,433.9030456542969,650.1961059570312,354.0843200683594,0.5692137479782104
00160,1,0.9996457099914551,13,391.9299621582031,359.976318359375,701.6266479492188,126.72542572021484,0.5374542474746704
00160,2,0.9845234155654907,13,532.0911254882812,659.423583984375,263.9225158691406,61.957889556884766,0.5697420835494995
00160,3,0.3397550582885742,13,521.8698120117188,598.2244873046875,119.12919616699219,31.467763900756836,0.41491425037384033
00160,4,0.17285308241844177,13,432.3858337402344,551.7849731445312,31.579843521118164,16.447765350341797,0.5137521028518677
00050,0,0.6703301072120667,4,535.2009887695312,70.5981674194336,22.18049430847168,8.900432586669922,-1.4261263608932495
00050,1,0.1681903749704361,4,162.3341522216797,778.7415771484375,29.485204696655273,13.564188003540039,-0.38156187534332275
00050,2,0.12843361496925354,4,168.14024353027344,793.2938842773438,19.018049240112305,6.931178569793701,1.0823112726211548
00050,3,0.12832818925380707,4,53.327884674072266,182.69125366210938,35.88302993774414,7.78733491897583,1.4748493432998657
00050,4,0.12212229520082474,4,43.85404968261719,84.4014663696289,109.68263244628906,11.001157760620117,1.5077265501022339
00050,5,0.09600966423749924,4,569.3341674804688,693.2760620117188,50.89426803588867,13.676932334899902,-0.06747555732727051
00050,6,0.07132261246442795,4,567.8472290039062,721.41259765625,59.0821533203125,10.954277992248535,0.02122652530670166
00050,7,0.34445056319236755,7,639.3158569335938,689.4088134765625,48.6308479309082,43.05034255981445,-0.3213258981704712
00050,8,0.9873754978179932,8,669.8700561523438,685.6488647460938,46.12441635131836,9.91758918762207,1.4824296236038208
00050,9,0.33497747778892517,8,650.68017578125,688.396728515625,40.210411071777344,18.58232307434082,1.4872158765792847
00050,10,0.1883702278137207,8,89.4375991821289,712.6181030273438,30.48579216003418,13.08089828491211,0.13355958461761475
00050,11,0.8077396154403687,10,544.5685424804688,182.87646484375,40.38287353515625,24.12616729736328,0.22878360748291016
00050,12,0.20830002427101135,10,260.4267578125,776.3634643554688,41.65238571166992,20.72769546508789,-0.8101041316986084
00050,13,0.16861426830291748,10,332.80462646484375,667.3694458007812,43.16218185424805,26.119110107421875,-0.7195863127708435
00050,14,0.09584765136241913,10,233.73556518554688,126.33975982666016,51.37229537963867,21.829349517822266,0.24133288860321045
00050,15,0.4403303563594818,12,568.7677612304688,721.8760375976562,59.43524932861328,10.340802192687988,0.007877707481384277
00050,16,0.4137071967124939,12,569.3341674804688,693.2760620117188,50.89426803588867,13.676932334899902,-0.06747555732727051
00050,17,0.3705398738384247,12,163.37229919433594,778.6934204101562,26.79570770263672,14.073882102966309,-0.3669058084487915
00050,18,0.07920674234628677,12,43.85404968261719,84.4014663696289,109.68263244628906,11.001157760620117,1.5077265501022339
00050,19,0.07478253543376923,12,534.7932739257812,69.4813461303711,23.746868133544922,8.701040267944336,-1.4507417678833008
00050,20,0.14874516427516937,14,260.4267578125,776.3634643554688,41.65238571166992,20.72769546508789,-0.8101041316986084
00070,0,0.9999357461929321,0,470.59674072265625,677.3771362304688,233.369384765625,164.53475952148438,-1.5290526151657104
00070,1,0.9999258518218994,0,465.2440185546875,247.62008666992188,224.50955200195312,169.46705627441406,-1.5605193376541138
00070,2,0.7571390867233276,18,680.1729125976562,760.4722900390625,26.80381965637207,8.129348754882812,0.26673877239227295
00070,3,0.5728396773338318,18,676.6072387695312,776.9798583984375,21.257740020751953,9.668147087097168,0.28925442695617676
00070,4,0.07920999825000763,18,274.2142028808594,9.925597190856934,17.709941864013672,8.057373046875,0.1015164852142334
00003,0,0.9931150078773499,17,408.8077697753906,447.0176696777344,224.12786865234375,66.84394836425781,0.03751933574676514
00003,1,0.6823559999465942,18,245.32557678222656,263.1177673339844,11.475507736206055,4.380213260650635,-1.017329216003418
00003,2,0.5155076384544373,18,19.666507720947266,105.11100769042969,11.768478393554688,5.355496883392334,0.5517295598983765
00003,3,0.5003378987312317,18,144.31253051757812,524.107177734375,11.203083038330078,4.037209510803223,-0.722366213798523
00003,4,0.45121049880981445,18,365.6711120605469,334.275390625,12.607023239135742,3.676417827606201,-0.5005326271057129
00003,5,0.2352420687675476,18,585.8704223632812,420.630859375,20.900991439819336,5.9231953620910645,-0.8762915134429932
00003,6,0.22498135268688202,18,406.32562255859375,377.03997802734375,14.725984573364258,3.2946088314056396,-0.8251239061355591
00003,7,0.19263103604316711,18,610.132568359375,353.3894958496094,10.96295166015625,5.888497352600098,-0.9661111235618591
00003,8,0.18568961322307587,18,778.0994873046875,74.21223449707031,14.746709823608398,4.907718658447266,-1.0371546745300293
00003,9,0.1615535467863083,18,538.757080078125,553.9539794921875,17.515438079833984,3.8498075008392334,0.8771272897720337
00003,10,0.13899575173854828,18,351.1258239746094,647.8384399414062,8.685887336730957,5.572336196899414,-0.8704465627670288
00003,11,0.09193313121795654,18,77.22051239013672,150.84555053710938,12.826526641845703,4.709618091583252,-0.9677332639694214
00003,12,0.08897674828767776,18,118.60906219482422,196.96107482910156,13.475555419921875,4.057370662689209,-0.9995136857032776
00003,13,0.07774107903242111,18,731.8219604492188,144.2945098876953,11.591736793518066,6.256473064422607,0.3819776773452759
00003,14,0.07283284515142441,18,672.0844116210938,25.39552116394043,12.154580116271973,4.080165863037109,-0.837457537651062
00003,15,0.056671034544706345,18,443.3831787109375,677.5728759765625,11.319162368774414,4.614531517028809,-0.7846201658248901
00003,16,0.053586289286613464,18,704.3025512695312,250.2552032470703,8.611584663391113,6.805041790008545,-1.007144808769226
00003,17,0.05068691819906235,18,103.13014221191406,263.70257568359375,8.711664199829102,6.504445552825928,-1.0947530269622803
00003,18,0.05028901994228363,18,6.823226451873779,728.0936279296875,13.704477310180664,7.13632869720459,-0.8744714260101318
00074,0,0.9998306035995483,18,239.874755859375,377.353759765625,82.743408203125,32.151832580566406,1.3215218782424927
00074,1,0.9997538924217224,18,582.4909057617188,426.8165283203125,83.37760925292969,30.172130584716797,1.1980658769607544
00038,0,0.9998401403427124,18,532.6925659179688,338.42059326171875,58.47522735595703,23.18881607055664,1.4269605875015259
00038,1,0.9998051524162292,18,329.3034973144531,596.2994995117188,54.4245491027832,24.62541961669922,1.4166468381881714
00038,2,0.999591052532196,18,500.36163330078125,116.4556884765625,69.50582885742188,29.950345993041992,1.3841654062271118
00110,0,0.9997871518135071,2,395.8451843261719,599.3165893554688,134.7637176513672,132.8842010498047,-1.5599004030227661
00168,0,0.9998527765274048,18,684.5183715820312,481.8568420410156,71.06426239013672,24.89986801147461,-0.2491292953491211
00168,1,0.9997745156288147,18,680.4830322265625,185.49478149414062,69.87735748291016,25.26080894470215,-0.25533831119537354
00168,2,0.999582827091217,18,224.0886688232422,294.09625244140625,68.48155212402344,25.692609786987305,-0.23121404647827148
00168,3,0.9995077848434448,18,68.55928802490234,373.28118896484375,53.82184982299805,21.101829528808594,-0.5941178798675537
00047,0,0.9955251812934875,10,403.3199462890625,369.8127746582031,419.19586181640625,227.72064208984375,1.439881443977356
00047,1,0.9999642372131348,14,377.9745178222656,365.85028076171875,639.9286499023438,518.4253540039062,1.4722710847854614
00047,2,0.0691424012184143,18,609.2159423828125,796.321533203125,12.672845840454102,6.083392143249512,-0.8819551467895508
00085,0,0.919113278388977,6,371.2501525878906,486.4644775390625,525.563232421875,110.38985443115234,0.41118907928466797
00085,1,0.4590446352958679,18,701.0587768554688,665.4584350585938,50.74616241455078,16.041154861450195,1.5309959650039673
00085,2,0.14233608543872833,18,782.1397094726562,649.296142578125,47.483829498291016,15.728764533996582,-0.08620727062225342
00085,3,0.1323913335800171,18,778.483154296875,661.3572998046875,47.67052459716797,9.109360694885254,0.026392102241516113
00085,4,0.10411286354064941,18,705.9614868164062,689.2456665039062,20.111225128173828,10.303060531616211,-0.17794597148895264
00085,5,0.052714753895998,18,780.0711059570312,703.9168701171875,32.11904525756836,9.53489875793457,0.002482891082763672
00011,0,0.9999886751174927,0,381.4617919921875,551.9326782226562,91.5981674194336,83.14502716064453,1.124383807182312
00011,1,0.9999709129333496,0,660.49462890625,320.5837707519531,93.83075714111328,85.53578186035156,1.0869947671890259
00011,2,0.9999585151672363,0,559.238037109375,381.542236328125,84.25985717773438,81.04174041748047,-0.5346510410308838
00011,3,0.9999381303787231,0,252.38507080078125,242.84735107421875,91.23371124267578,89.23990631103516,-0.46778786182403564
00011,4,0.9999074935913086,0,575.108642578125,640.000732421875,90.81621551513672,87.06156921386719,-0.5289896726608276
00011,5,0.878693163394928,18,732.5202026367188,277.7441711425781,16.032360076904297,5.299503803253174,1.0766452550888062
00011,6,0.15016603469848633,18,275.0697326660156,311.94866943359375,12.718478202819824,6.324612617492676,-0.5482460260391235
00011,7,0.08332442492246628,18,349.82476806640625,284.19677734375,11.867781639099121,8.888171195983887,-0.5466436147689819
00024,0,0.9980338215827942,10,346.5892028808594,398.3006286621094,422.9921875,249.8663787841797,-1.5292412042617798
00024,1,0.9999898672103882,14,352.09954833984375,401.4132995605469,664.3886108398438,553.618408203125,-1.5679184198379517
00102,0,0.05621248856186867,10,476.21160888671875,650.4805908203125,127.26004028320312,88.72667694091797,-0.011890411376953125
00102,1,0.05514182150363922,14,474.39752197265625,657.6132202148438,123.35765838623047,97.28441619873047,0.006054043769836426
00102,2,0.9735743999481201,17,365.0555725097656,428.5606384277344,344.4903564453125,81.96503448486328,0.00083160400390625
00102,3,0.06772931665182114,17,357.7102355957031,75.71576690673828,359.2037658691406,74.61151885986328,0.34945809841156006
00102,4,0.8051596879959106,18,294.61724853515625,312.4538879394531,17.233196258544922,4.813473224639893,0.29322969913482666
00102,5,0.7758116126060486,18,610.5882568359375,382.522705078125,19.82813262939453,4.626884460449219,0.18979811668395996
00102,6,0.6739566326141357,18,482.7386474609375,136.0202178955078,17.50193977355957,4.005667686462402,0.44865095615386963
00102,7,0.17535319924354553,18,237.44805908203125,462.85296630859375,25.717788696289062,7.490477085113525,-0.03045940399169922
00102,8,0.07518982887268066,18,189.3538818359375,317.2663879394531,15.080702781677246,6.023228645324707,0.6007906198501587
00102,9,0.07441497594118118,18,284.3080749511719,300.27410888671875,16.003631591796875,4.480767250061035,0.38011276721954346
00102,10,0.06241512671113014,18,363.41387939453125,314.24395751953125,21.97857666015625,5.294600009918213,0.2766702175140381
00195,0,0.9998757839202881,3,454.96417236328125,415.13409423828125,91.52169799804688,73.13793182373047,-0.04137015342712402
00195,1,0.998434841632843,3,454.3973083496094,305.51470947265625,135.93667602539062,84.16838073730469,1.5586007833480835
00195,2,0.9999023675918579,16,355.55291748046875,341.62677001953125,155.6353302001953,71.09291076660156,1.5613290071487427
00195,3,0.10612805187702179,16,455.4642639160156,302.96051025390625,134.1393585205078,87.57954406738281,1.5424453020095825
00195,4,0.9995741248130798,18,299.2152404785156,701.8593139648438,29.286245346069336,12.928958892822266,-1.2585585117340088
00195,5,0.12363686412572861,18,283.53448486328125,673.8651123046875,32.42250061035156,13.072893142700195,0.3325120210647583
00114,0,0.9999604225158691,0,596.0215454101562,421.2443542480469,369.080322265625,289.5578308105469,-1.5111873149871826
00114,1,0.9998874664306641,0,251.6172637939453,413.5419006347656,343.4005126953125,330.94854736328125,-0.010810256004333496
00114,2,0.11016891151666641,0,644.7042846679688,267.5384521484375,65.48898315429688,57.673439025878906,-0.4860473871231079
00114,3,0.9986410737037659,18,326.3518371582031,197.2912139892578,29.508188247680664,13.730191230773926,-0.043073058128356934
00114,4,0.9815436601638794,18,178.87551879882812,582.2086791992188,40.37583923339844,17.019487380981445,-1.504289984703064
00114,5,0.7645034193992615,18,422.3184814453125,655.11083984375,42.33138656616211,14.794169425964355,-0.044368624687194824
00114,6,0.5850268602371216,18,777.8551635742188,511.3861999511719,31.815338134765625,15.909317016601562,0.992773175239563
00114,7,0.11588670313358307,18,135.37648010253906,178.58314514160156,39.34154510498047,14.34267520904541,-0.01759016513824463
00114,8,0.09531890600919724,18,198.5040740966797,174.03628540039062,52.399253845214844,17.319236755371094,-0.07296609878540039
00042,0,0.5980082750320435,2,716.2993774414062,359.7995300292969,20.613656997680664,19.428081512451172,-0.04111301898956299
00042,1,0.9986863732337952,9,422.67938232421875,401.2727355957031,686.4237670898438,540.7694702148438,0.03974413871765137
00150,0,0.9854708909988403,17,390.25018310546875,420.4933166503906,262.1246337890625,131.050537109375,1.4919039011001587
00150,1,0.26308995485305786,18,733.8244018554688,263.19451904296875,13.628870964050293,4.7237629890441895,0.8033145666122437
00150,2,0.13232916593551636,18,248.4873809814453,436.4061584472656,10.2595796585083,5.879304885864258,-1.0855683088302612
00150,3,0.1300971806049347,18,40.934513092041016,377.32452392578125,18.862775802612305,4.464069843292236,0.8939121961593628
00150,4,0.10675638914108276,18,78.7916030883789,723.3397216796875,12.035614967346191,4.284575462341309,0.8750859498977661
00150,5,0.09583418071269989,18,273.81011962890625,326.9858093261719,17.93242835998535,6.009756088256836,-1.5542532205581665
00150,6,0.07171094417572021,18,464.6373291015625,23.319610595703125,16.692047119140625,6.087337017059326,1.3929473161697388
00150,7,0.06716454029083252,18,676.0413208007812,59.49229049682617,11.415831565856934,6.2473344802856445,1.4073954820632935
00185,0,0.5079959034919739,10,401.9689636230469,391.14935302734375,490.4456787109375,305.9394836425781,1.5278626680374146
00185,1,0.9999676942825317,14,381.70849609375,374.9057312011719,720.8461303710938,692.2463989257812,-1.5566586256027222
00185,2,0.8634567260742188,18,737.3659057617188,778.8163452148438,16.579307556152344,7.116677761077881,0.04118013381958008
00185,3,0.7978602647781372,18,757.1215209960938,711.3706665039062,109.7945327758789,21.04981803894043,-0.7780871987342834
00185,4,0.7735742926597595,18,736.236572265625,788.1735229492188,14.464129447937012,6.909605503082275,-0.0556262731552124
00185,5,0.3962242901325226,18,615.8751831054688,796.1292724609375,22.09974479675293,9.140563011169434,-0.6312794089317322
00185,6,0.30110377073287964,18,8.385169982910156,750.9537353515625,13.577346801757812,6.03111457824707,1.4901734590530396
00185,7,0.2253309041261673,18,730.533447265625,799.21875,14.70806884765625,11.662979125976562,0.6194754838943481
00185,8,0.0616038516163826,18,98.80891418457031,746.0714111328125,11.298741340637207,8.546710968017578,0.6797391176223755
00185,9,0.05773895978927612,18,663.56201171875,781.0038452148438,15.304634094238281,7.677214622497559,1.0302363634109497
00057,0,0.10836432874202728,2,343.4409484863281,352.3695068359375,15.916245460510254,13.72986888885498,-0.1320253610610962
00057,1,0.4123711585998535,7,578.4495239257812,655.6513671875,48.22865676879883,36.52488327026367,-0.6161685585975647
00057,2,0.081243596971035,7,513.3570556640625,650.1203002929688,48.26971435546875,31.493282318115234,-0.6640326380729675
00057,3,0.9952194094657898,9,436.2102966308594,480.6653747558594,350.4331970214844,334.5333557128906,0.03449392318725586
00183,0,0.26979944109916687,4,754.9918823242188,319.14105224609375,57.03982925415039,5.7327799797058105,-1.2271671295166016
00183,1,0.8867247700691223,6,458.5424499511719,358.9106750488281,411.0211486816406,89.3193359375,-0.9843149781227112
00183,2,0.053332049399614334,18,416.72479248046875,702.361572265625,30.860755920410156,8.405817031860352,0.5499690771102905
00135,0,0.9998962879180908,18,384.7422180175781,525.0841064453125,79.07730102539062,28.641319274902344,0.4310985803604126
00135,1,0.9998530149459839,18,382.7483825683594,303.5064392089844,73.1631851196289,29.455734252929688,0.4348045587539673
00135,2,0.9997945427894592,18,447.9914855957031,405.1895751953125,75.46593475341797,30.305946350097656,0.38581621646881104
00135,3,0.2706752121448517,18,719.9149169921875,7.830783843994141,69.64180755615234,31.179597854614258,0.41733086109161377
00017,0,0.9999536275863647,10,361.3847961425781,407.4433898925781,639.0945434570312,286.19580078125,-1.3010194301605225
00013,0,0.12044983357191086,3,312.71868896484375,661.0611572265625,34.828636169433594,17.408666610717773,-0.23073554039001465
00013,1,0.9990944862365723,7,348.94146728515625,558.6967163085938,386.875244140625,228.26651000976562,-0.3018302917480469
00013,2,0.9976468682289124,7,394.4358825683594,222.9556427001953,300.3811340332031,223.24246215820312,-0.22049236297607422
00013,3,0.972870409488678,18,308.05328369140625,456.48956298828125,26.884517669677734,7.395962715148926,-0.10799252986907959
00013,4,0.9529489874839783,18,279.5418701171875,366.3076171875,19.990819931030273,6.618837356567383,-0.5573183298110962
00013,5,0.9412761926651001,18,411.971435546875,323.3387756347656,23.179779052734375,9.087884902954102,-0.28551924228668213
00013,6,0.9041716456413269,18,445.7554016113281,317.2323303222656,26.013145446777344,8.822463035583496,-0.15495288372039795
00013,7,0.6920738220214844,18,468.4734802246094,565.9963989257812,18.19727897644043,5.436288356781006,-0.7334432601928711
00013,8,0.6265001893043518,18,391.0457763671875,503.78485107421875,20.16754913330078,5.7292680740356445,1.0640593767166138
00013,9,0.40696850419044495,18,346.36920166015625,286.6701965332031,23.736820220947266,11.55134391784668,1.0670076608657837
00013,10,0.37013164162635803,18,367.9009704589844,471.1699523925781,19.574613571166992,5.891936779022217,0.5168420076370239
00013,11,0.32523733377456665,18,410.1885070800781,316.819091796875,26.11945343017578,6.633342742919922,-0.17118501663208008
00013,12,0.2525779604911804,18,238.4658660888672,589.6411743164062,46.781463623046875,10.1765775680542,1.1920088529586792
00013,13,0.20449021458625793,18,491.9115295410156,522.9019775390625,38.13528823852539,10.461209297180176,1.2207823991775513
00013,14,0.15828849375247955,18,275.6216735839844,362.0958557128906,24.621950149536133,6.403440475463867,-0.3904668092727661
00013,15,0.1568070650100708,18,392.50946044921875,636.8858642578125,17.53439712524414,9.328144073486328,-0.09379875659942627
00013,16,0.13022664189338684,18,235.76303100585938,525.9336547851562,26.740936279296875,6.40471887588501,0.911779522895813
00013,17,0.11678280681371689,18,362.4911804199219,286.8577880859375,12.323835372924805,4.863681793212891,0.9131585359573364
00013,18,0.11233746260404587,18,351.64093017578125,633.621337890625,26.565345764160156,6.609608173370361,-0.06172311305999756
00013,19,0.09194677323102951,18,222.70498657226562,494.5141296386719,16.708515167236328,5.0244460105896,0.6331065893173218
00013,20,0.06428338587284088,18,465.1025390625,195.8825225830078,53.279876708984375,14.630857467651367,1.1373082399368286
00028,0,0.999985933303833,5,342.66845703125,343.9693908691406,344.48480224609375,273.7334289550781,-1.5578643083572388
00028,1,0.9501468539237976,18,65.38949584960938,560.0966796875,17.40874671936035,8.096261978149414,1.46772038936615
00028,2,0.8538767099380493,18,658.7559814453125,627.40234375,15.832307815551758,7.917228698730469,0.33145415782928467
00028,3,0.8371948599815369,18,57.45191192626953,370.0624084472656,17.255966186523438,6.549563407897949,0.4091074466705322
00028,4,0.7749240398406982,18,692.0801391601562,643.8262939453125,13.499930381774902,6.405647277832031,0.4422518014907837
00028,5,0.7470457553863525,18,28.15761947631836,450.5956726074219,14.392480850219727,7.844592571258545,1.3698779344558716
00028,6,0.5004991888999939,18,434.32080078125,472.4102478027344,15.030932426452637,6.658542156219482,0.676979660987854
00028,7,0.16968148946762085,18,495.7719421386719,513.9493408203125,23.576534271240234,7.288193702697754,-1.198039174079895
00028,8,0.13161185383796692,18,770.0635986328125,688.9002685546875,14.689396858215332,6.425000190734863,0.40429818630218506
00028,9,0.11145329475402832,18,741.3556518554688,673.7070922851562,17.004362106323242,7.520455360412598,0.5127187967300415
00028,10,0.05630328878760338,18,19.43224334716797,451.1862487792969,11.822260856628418,7.500828266143799,1.1770573854446411
00053,0,0.9998550415039062,2,474.156005859375,319.3371276855469,145.22610473632812,141.7890167236328,1.5596147775650024
00053,1,0.9996160268783569,2,219.2383270263672,468.8201599121094,87.17839050292969,86.85653686523438,1.5261446237564087
00053,2,0.9994638562202454,2,217.00711059570312,335.85723876953125,87.06494140625,84.66548919677734,1.5616155862808228
00053,3,0.9993106126785278,2,86.31698608398438,471.8538818359375,86.82537078857422,85.86474609375,-0.01650393009185791
00053,4,0.9990742206573486,2,83.63098907470703,336.9441223144531,88.0481948852539,85.88046264648438,-0.013996362686157227
00053,5,0.42074427008628845,2,183.9085235595703,370.76446533203125,17.458805084228516,16.774145126342773,0.022505521774291992
00053,6,0.37691131234169006,2,118.6906967163086,371.0707702636719,17.007532119750977,16.14954376220703,-0.13128972053527832
00053,7,0.29081425070762634,2,184.80238342285156,435.1457824707031,17.15570068359375,16.937591552734375,-0.1407562494277954
00053,8,0.10342831164598465,2,120.41775512695312,435.7574462890625,18.148921966552734,17.37238883972168,1.5466066598892212
00093,0,0.9999804496765137,10,414.12298583984375,247.2232666015625,681.1683349609375,307.5350341796875,0.27006709575653076
00093,1,0.9996359348297119,16,317.9901123046875,573.3919677734375,91.1805191040039,45.26905059814453,-1.5692492723464966
00093,2,0.9995747208595276,16,208.51283264160156,574.2754516601562,92.01371002197266,44.1463737487793,-1.5647927522659302
00093,3,0.999257504940033,16,154.4379119873047,573.2750244140625,93.09513092041016,43.74657440185547,1.5647560358047485
00093,4,0.999226450920105,16,99.75308227539062,574.5592041015625,94.39823150634766,44.43157958984375,-1.5628019571304321
00093,5,0.9990629553794861,16,263.00335693359375,573.6194458007812,88.63116455078125,43.84787368774414,-1.5649038553237915
00018,0,0.21551179885864258,10,395.58758544921875,378.6772766113281,526.2772827148438,392.51727294921875,-1.554345726966858
00018,1,0.9999475479125977,14,395.7977294921875,375.2277526855469,671.0084838867188,466.94573974609375,-1.5256015062332153
00018,2,0.09500251710414886,18,123.3057861328125,641.9267578125,95.06178283691406,13.944404602050781,-1.4146367311477661
00018,3,0.07903873920440674,18,751.908203125,7.875093460083008,24.074247360229492,7.667248725891113,-1.0197781324386597
00099,0,0.9899104237556458,19,361.108154296875,137.2875213623047,66.80038452148438,62.776268005371094,1.513898491859436
00099,1,0.9867485761642456,19,376.5833740234375,630.468505859375,63.208648681640625,27.20332145690918,1.565416932106018
00054,0,0.9997320771217346,13,379.6004943847656,425.5096130371094,630.962158203125,107.38709259033203,-0.18915832042694092
00130,0,0.9998339414596558,8,466.64306640625,444.6893310546875,135.11622619628906,90.99784088134766,0.2571347951889038
00130,1,0.40797948837280273,16,518.0089111328125,69.6915512084961,184.8978271484375,79.98238372802734,-1.3254432678222656
00130,2,0.15447933971881866,18,614.4752807617188,487.0423889160156,20.336959838867188,12.949506759643555,-0.19012010097503662
00130,3,0.054892074316740036,18,707.5960083007812,441.4321594238281,22.324819564819336,10.712244033813477,-1.29899001121521
00033,0,0.9994768500328064,13,427.583740234375,403.523681640625,325.2089538574219,50.461971282958984,0.2521306276321411
00136,0,0.9994764924049377,7,355.59991455078125,567.9067993164062,432.7450256347656,214.4694366455078,0.3530440330505371
00136,1,0.9987642765045166,7,504.8482666015625,237.57933044433594,496.0420227050781,223.58245849609375,0.3671005964279175
00136,2,0.7585879564285278,18,358.52734375,280.1039733886719,34.75999069213867,7.39901065826416,-0.3530694246292114
00136,3,0.6346997022628784,18,528.0526733398438,351.6084899902344,53.59606170654297,7.519344329833984,0.8140336275100708
00136,4,0.6313280463218689,18,37.402061462402344,294.6996154785156,27.898733139038086,11.451539039611816,0.5908409357070923
00136,5,0.34857630729675293,18,748.6820678710938,453.1515197753906,23.905187606811523,8.209085464477539,0.638076901435852
00136,6,0.3046666383743286,18,567.3922729492188,362.848876953125,32.928932189941406,9.095492362976074,-0.6051744818687439
00136,7,0.1913425773382187,18,260.06201171875,442.3651428222656,19.44053077697754,8.317708015441895,0.14156270027160645
00136,8,0.06483613699674606,18,316.4234619140625,625.9187622070312,32.99871063232422,11.298707008361816,-1.2629996538162231
00004,0,0.07522911578416824,4,382.1560363769531,741.74169921875,374.075439453125,33.90074920654297,0.09633827209472656
00004,1,0.9998784065246582,5,336.4723815917969,383.3293151855469,218.6922607421875,210.6548614501953,-0.01934349536895752
00004,2,0.9998620748519897,5,639.8211669921875,411.2217102050781,214.6622772216797,211.49159240722656,-1.5508185625076294
00004,3,0.4693595767021179,18,364.2660827636719,199.06097412109375,14.734307289123535,5.907573699951172,0.2466679811477661
00004,4,0.24492749571800232,18,316.9941711425781,725.1754150390625,14.376302719116211,7.578640460968018,0.18608343601226807
00004,5,0.06419868022203445,18,395.9592590332031,199.42994689941406,15.312739372253418,6.40017032623291,0.21050560474395752
00121,0,0.999880313873291,2,216.04161071777344,327.5679626464844,138.3166046142578,136.93661499023438,-0.650811493396759
00121,1,0.9999569654464722,10,510.6743469238281,367.1021728515625,646.5172729492188,297.0766906738281,1.3779250383377075
00121,2,0.9935412406921387,18,125.96967315673828,463.9645690917969,24.35837173461914,9.334567070007324,-0.4300004243850708
00121,3,0.8276914358139038,18,142.12918090820312,579.7070922851562,17.196155548095703,9.618060111999512,-0.4511439800262451
00121,4,0.5058819651603699,18,780.3130493164062,657.2183227539062,20.395368576049805,8.108255386352539,0.032421231269836426
00007,0,0.9714967012405396,11,496.33734130859375,382.7619323730469,621.3173217773438,99.10331726074219,1.5509768724441528
00007,1,0.9603636860847473,11,629.84619140625,373.401123046875,581.1021728515625,73.93379974365234,1.5464802980422974
00007,2,0.8631613850593567,11,740.341552734375,368.2492980957031,607.1258544921875,61.96650314331055,1.5613898038864136
00007,3,0.2680862843990326,11,323.1341247558594,608.882080078125,252.9297637939453,17.430221557617188,-1.535589337348938
00007,4,0.061950646340847015,11,334.8763427734375,303.8095397949219,375.5259704589844,32.81428146362305,-1.5653353929519653
00007,5,0.999685525894165,13,305.3590087890625,466.9919738769531,74.9922103881836,21.413293838500977,-1.562338948249817
00007,6,0.9995416402816772,13,340.8883056640625,664.7508544921875,54.23712158203125,17.64082908630371,-1.5704013109207153
00007,7,0.9994947910308838,13,169.74977111816406,103.13960266113281,71.61231994628906,19.63007926940918,1.535807728767395
00007,8,0.9994186162948608,13,475.4139404296875,677.5933837890625,54.384822845458984,17.77185821533203,0.004068255424499512
00007,9,0.9993988275527954,13,340.698974609375,416.2996826171875,47.894012451171875,14.297935485839844,-1.5491422414779663
00007,10,0.9993608593940735,13,341.0120544433594,358.7170104980469,48.69994354248047,15.548670768737793,-1.5585132837295532
00007,11,0.9993367791175842,13,473.7762145996094,576.803955078125,41.43766403198242,12.553098678588867,-0.011964797973632812
00007,12,0.9992572665214539,13,474.4158935546875,601.2083740234375,44.54452133178711,14.764080047607422,0.016005277633666992
00007,13,0.9991556406021118,13,634.5565185546875,672.573486328125,68.40086364746094,18.411449432373047,-0.020699501037597656
00007,14,0.9991416931152344,13,529.5626831054688,601.7881469726562,40.26290512084961,12.161490440368652,-0.011873841285705566
00007,15,0.9991053938865662,13,468.457763671875,448.82666015625,55.45177459716797,16.248779296875,0.005771636962890625
00007,16,0.9990541338920593,13,523.6596069335938,88.05833435058594,35.544254302978516,11.890043258666992,0.013770222663879395
00007,17,0.9988951086997986,13,302.117919921875,182.11737060546875,73.48458099365234,18.074304580688477,-1.5664660930633545
00007,18,0.998868465423584,13,347.1805419921875,168.852294921875,60.990535736083984,20.03217124938965,1.5633846521377563
00007,19,0.9988644123077393,13,655.8322143554688,563.9264526367188,35.84293746948242,11.435951232910156,0.008350133895874023
00007,20,0.9988173842430115,13,474.39520263671875,535.4854125976562,40.047855377197266,14.34559440612793,-0.02292168140411377
00007,21,0.9987836480140686,13,607.2979736328125,350.7953186035156,35.15180587768555,11.172784805297852,-0.03433513641357422
00007,22,0.9987547397613525,13,730.8113403320312,664.24072265625,50.284629821777344,16.403337478637695,-0.02857983112335205
00007,23,0.9987008571624756,13,467.2338562011719,493.0955505371094,57.240379333496094,17.14495849609375,-0.017292261123657227
00007,24,0.9986733198165894,13,459.25042724609375,231.80299377441406,62.19395065307617,18.818300247192383,-0.056073904037475586
00007,25,0.9986715316772461,13,341.7745056152344,236.73277282714844,55.45265197753906,17.188594818115234,-1.5609694719314575
00007,26,0.9986347556114197,13,608.9451904296875,527.0172729492188,34.919517517089844,12.91161823272705,0.03860342502593994
00007,27,0.9985950589179993,13,605.6664428710938,333.2983093261719,34.372947692871094,12.50023078918457,-0.015308856964111328
00007,28,0.9985748529434204,13,726.4989624023438,525.5531616210938,33.647865295410156,10.855644226074219,0.012253403663635254
00007,29,0.9985554814338684,13,357.7306213378906,728.8234252929688,52.78832244873047,16.79106903076172,-0.0009946823120117188
00007,30,0.998542070388794,13,531.8692016601562,643.2767333984375,38.45716094970703,14.736834526062012,0.014141559600830078
00007,31,0.9985419511795044,13,468.1319274902344,643.3008422851562,55.05256271362305,17.871118545532227,-0.011436820030212402
00007,32,0.9985301494598389,13,650.29345703125,218.1101837158203,29.04754638671875,10.479273796081543,0.0006735324859619141
00007,33,0.9984937906265259,13,465.9259338378906,425.9544982910156,58.45293426513672,16.953508377075195,-0.026411890983581543
00007,34,0.9984663724899292,13,468.0448303222656,404.00238037109375,53.89169692993164,16.58660888671875,0.01427304744720459
00007,35,0.9984366297721863,13,338.8627014160156,603.8922729492188,42.856971740722656,14.540876388549805,1.5658529996871948
00007,36,0.9984184503555298,13,531.4161376953125,575.5372314453125,40.04073715209961,11.977248191833496,-0.008816242218017578
00007,37,0.9984020590782166,13,607.6436157226562,507.231689453125,37.96549987792969,12.263099670410156,-0.027565598487854004
00007,38,0.9983904361724854,13,456.8050842285156,207.4718475341797,58.18928146362305,16.55360984802246,0.003961443901062012
00007,39,0.9983624815940857,13,343.83367919921875,300.1890869140625,56.589622497558594,18.39741325378418,-1.5545293092727661
00007,40,0.9983507394790649,13,524.0703735351562,208.58840942382812,38.858375549316406,12.308570861816406,-0.03365015983581543
00007,41,0.9982095956802368,13,528.3895263671875,491.5194091796875,34.8105354309082,12.066935539245605,-0.0627671480178833
00007,42,0.9980650544166565,13,727.4429931640625,637.416748046875,41.194175720214844,12.493377685546875,-0.018607735633850098
00007,43,0.9980399012565613,13,724.7427368164062,248.9799346923828,36.63291931152344,12.672706604003906,0.004491448402404785
00007,44,0.9980219602584839,13,467.3322448730469,317.5318603515625,48.72170639038086,14.907463073730469,-0.0008878707885742188
00007,45,0.9980090260505676,13,525.364501953125,358.0956115722656,38.389408111572266,11.553753852844238,0.010851025581359863
00007,46,0.9979629516601562,13,608.0331420898438,545.1076049804688,33.75529479980469,10.816082954406738,-0.03632950782775879
00007,47,0.9978965520858765,13,606.0284423828125,312.5359802246094,35.341609954833984,10.571736335754395,-0.005788683891296387
00007,48,0.9977545142173767,13,471.8888244628906,359.5434875488281,44.4709358215332,12.419095993041992,-0.006224632263183594
00007,49,0.9977203011512756,13,650.9761962890625,126.15961456298828,38.16745376586914,11.560330390930176,0.010302543640136719
00007,50,0.9976983666419983,13,652.4359741210938,503.96673583984375,28.56139373779297,10.233705520629883,-0.04018104076385498
00007,51,0.9976804256439209,13,466.61993408203125,382.2309875488281,51.0922737121582,15.344290733337402,0.030013680458068848
00007,52,0.9976240992546082,13,605.4786376953125,274.6357116699219,32.582000732421875,10.079272270202637,-0.002220630645751953
00007,53,0.9976145029067993,13,726.7583618164062,544.2964477539062,34.5521125793457,11.441469192504883,-0.02088749408721924
00007,54,0.9975789189338684,13,528.3602905273438,182.7670440673828,37.81224060058594,12.677637100219727,-0.01708829402923584
00007,55,0.9975358247756958,13,726.5974731445312,599.5087890625,38.26665115356445,13.130912780761719,0.007232308387756348
00007,56,0.9974148273468018,13,467.0423583984375,143.8031768798828,44.56259536743164,17.467693328857422,0.03165280818939209
00007,57,0.9974138736724854,13,470.32080078125,556.9810791015625,51.0377311706543,16.061128616333008,-0.013213157653808594
00007,58,0.9974094033241272,13,526.5154418945312,164.88648986816406,35.38435363769531,11.770833969116211,-0.007774829864501953
00007,59,0.9973650574684143,13,525.2918090820312,123.43688201904297,41.3455696105957,14.473986625671387,-0.033435702323913574
00007,60,0.9973505735397339,13,523.2490844726562,105.00934600830078,38.83711242675781,14.397128105163574,0.005342960357666016
00007,61,0.9971856474876404,13,606.1450805664062,294.39398193359375,37.333518981933594,12.052565574645996,-0.01787865161895752
00007,62,0.9971063733100891,13,606.9112548828125,430.4279479980469,36.16286849975586,13.060842514038086,-0.04851126670837402
00007,63,0.9970267415046692,13,530.1575927734375,674.4628295898438,38.655303955078125,12.029462814331055,-0.02963435649871826
00007,64,0.9968974590301514,13,527.6634521484375,295.8580627441406,35.52433776855469,12.625510215759277,0.00067138671875
00007,65,0.9968597888946533,13,605.2041015625,197.63372802734375,34.05706787109375,11.420975685119629,-0.05158078670501709
00007,66,0.9967606663703918,13,466.1900634765625,123.51963806152344,42.05719757080078,11.39034652709961,0.018578648567199707
00007,67,0.9967249035835266,13,352.3165588378906,702.7310791015625,35.041603088378906,13.203695297241211,-0.058825016021728516
00007,68,0.996527373790741,13,654.201416015625,526.8515014648438,36.20845413208008,11.534754753112793,0.0031584501266479492
00007,69,0.9962577819824219,13,527.9630737304688,269.31402587890625,36.470672607421875,13.072259902954102,-0.01781940460205078
00007,70,0.9962102174758911,13,652.2211303710938,197.4486083984375,34.3939094543457,11.674327850341797,0.02732539176940918
00007,71,0.9961812496185303,13,470.3580627441406,253.48434448242188,37.900211334228516,12.6116304397583,-0.007030844688415527
00007,72,0.9960747957229614,13,726.4200439453125,425.3365478515625,32.82896423339844,9.650403022766113,0.004033684730529785
00007,73,0.9960746765136719,13,469.37847900390625,102.49116516113281,31.955738067626953,10.751540184020996,-0.00159454345703125
00007,74,0.9951059818267822,13,727.6961669921875,448.5087585449219,36.30289077758789,12.690765380859375,-0.027879834175109863
00007,75,0.9950690269470215,13,654.306396484375,428.6287536621094,40.03818893432617,13.629326820373535,0.013857603073120117
00007,76,0.9950485825538635,13,604.1090087890625,158.9166259765625,34.796775817871094,12.11498737335205,0.013904452323913574
00007,77,0.9944544434547424,13,730.9797973632812,579.747314453125,28.3985652923584,10.12332534790039,0.0052547454833984375
00007,78,0.9944412112236023,13,657.487548828125,618.8906860351562,27.816070556640625,9.778421401977539,-0.022716164588928223
00007,79,0.9941885471343994,13,727.6759033203125,464.298828125,27.541053771972656,10.598023414611816,0.006500363349914551
00007,80,0.9941591024398804,13,652.0927124023438,255.9883575439453,26.616174697875977,9.559128761291504,-0.00881052017211914
00007,81,0.9941197633743286,13,472.7367858886719,471.4140930175781,41.91252136230469,13.826509475708008,0.0879220962524414
00007,82,0.9938686490058899,13,730.7896118164062,504.1331481933594,32.49781799316406,10.391444206237793,-0.0178070068359375
00007,83,0.9936714172363281,13,725.7404174804688,266.1763916015625,25.455829620361328,10.237092971801758,-0.103035569190979
00007,84,0.9933475852012634,13,471.8146057128906,514.8076171875,34.906883239746094,12.23439884185791,-0.04952418804168701
00007,85,0.9931822419166565,13,467.2973327636719,274.0155944824219,51.78326416015625,15.004673957824707,-0.07372379302978516
00007,86,0.9924609065055847,13,608.037841796875,391.4580078125,33.125038146972656,11.122663497924805,0.003401517868041992
00007,87,0.9923674464225769,13,762.4380493164062,600.7533569335938,21.221893310546875,9.212306022644043,1.5701175928115845
00007,88,0.9914702773094177,13,469.08416748046875,164.99378967285156,39.79579162597656,13.0275297164917,-0.001970529556274414
00007,89,0.990741491317749,13,762.8560180664062,548.362548828125,20.980615615844727,10.79122543334961,1.5676246881484985
00007,90,0.9902302622795105,13,726.3556518554688,198.15013122558594,27.6732234954834,10.349259376525879,0.006772518157958984
00007,91,0.9898995757102966,13,722.4163818359375,141.70242309570312,37.307830810546875,14.31842041015625,0.011471867561340332
00007,92,0.9894146919250488,13,467.2375183105469,88.51803588867188,34.061763763427734,10.393218994140625,0.02902364730834961
00007,93,0.9893819093704224,13,657.8973999023438,488.806884765625,30.783090591430664,9.92135238647461,0.01989459991455078
00007,94,0.9893731474876404,13,528.6445922851562,534.9934692382812,42.0084114074707,13.968420028686523,0.027241945266723633
00007,95,0.9892297387123108,13,527.667236328125,142.04440307617188,27.20309829711914,10.107199668884277,-0.010020732879638672
00007,96,0.9892072677612305,13,762.70849609375,628.2291870117188,21.541677474975586,10.674993515014648,1.5619455575942993
00007,97,0.9879337549209595,13,416.31512451171875,101.31720733642578,26.291290283203125,11.174656867980957,-1.567262053489685
00007,98,0.9878706336021423,13,608.0615844726562,411.13177490234375,32.97846603393555,11.05010986328125,-0.03335559368133545
00007,99,0.9869157075881958,13,528.3237915039062,511.4927978515625,32.19515609741211,13.155202865600586,-0.0027066469192504883
00007,100,0.986879289150238,13,768.0596313476562,141.15866088867188,24.79278564453125,9.468823432922363,0.0007765293121337891
00007,101,0.9856953024864197,13,770.523681640625,214.1855010986328,24.301799774169922,9.971233367919922,0.0018957853317260742
00007,102,0.9855955839157104,13,613.5191650390625,618.7491455078125,28.141067504882812,10.338932037353516,-0.030556797981262207
00007,103,0.9854419231414795,13,770.2897338867188,265.3418884277344,21.604999542236328,9.439332008361816,0.0036786794662475586
00007,104,0.9848687648773193,13,462.95611572265625,185.480224609375,43.0292854309082,16.704315185546875,0.025886058807373047
00007,105,0.9847337603569031,13,728.6971435546875,308.2655944824219,24.43570899963379,10.121737480163574,0.021636128425598145
00007,106,0.9842627644538879,13,524.1187133789062,313.751708984375,34.95109939575195,11.409111976623535,-0.053521037101745605
00007,107,0.9841503500938416,13,726.5695190429688,87.38397216796875,26.351539611816406,9.803229331970215,0.0182420015335083
00007,108,0.9839869737625122,13,610.009521484375,141.80967712402344,25.435161590576172,10.591962814331055,-0.013985753059387207
00007,109,0.9831598401069641,13,605.9838256835938,108.91226959228516,25.85838508605957,9.49541187286377,-0.012486100196838379
00007,110,0.9815385341644287,13,771.2379760742188,70.62389373779297,21.267597198486328,8.520398139953613,0.022211074829101562
00007,111,0.9814417362213135,13,351.5404357910156,588.2222290039062,23.534265518188477,8.339659690856934,1.5684136152267456
00007,112,0.9801049828529358,13,761.2474975585938,359.1318359375,20.267915725708008,8.49163818359375,-1.559678077697754
00007,113,0.9790182113647461,13,727.365478515625,104.9709243774414,28.345386505126953,10.583327293395996,-0.010755181312561035
00007,114,0.9784785509109497,13,604.1856689453125,125.1851577758789,32.524444580078125,11.033121109008789,-0.004040718078613281
00007,115,0.9782550930976868,13,760.9486083984375,383.7955627441406,20.690637588500977,8.575889587402344,-1.5558444261550903
00007,116,0.9781161546707153,13,726.7183837890625,369.90020751953125,32.50020217895508,11.386347770690918,-0.02809000015258789
00007,117,0.9780418276786804,13,761.5906372070312,464.4657287597656,23.434385299682617,9.200453758239746,1.5684977769851685
00007,118,0.9733678698539734,13,649.603515625,296.2575988769531,24.992961883544922,9.71695327758789,0.03851628303527832
00007,119,0.9721506237983704,13,245.16566467285156,178.38555908203125,20.921310424804688,10.528935432434082,1.5533207654953003
00007,120,0.9692354798316956,13,725.8786010742188,330.6038818359375,27.07250213623047,9.381799697875977,-0.016639113426208496
00007,121,0.9689287543296814,13,654.9969482421875,542.471923828125,29.379966735839844,10.639680862426758,-0.03453660011291504
00007,122,0.9677963256835938,13,729.907958984375,564.0143432617188,25.300809860229492,10.076484680175781,0.03933060169219971
00007,123,0.9652019739151001,13,525.4307250976562,404.62591552734375,27.49918556213379,11.820830345153809,-0.025029659271240234
00007,124,0.9645088315010071,13,770.9365844726562,307.347412109375,21.2248477935791,7.456119537353516,-0.006823897361755371
00007,125,0.963247537612915,13,651.7733764648438,372.8288879394531,26.121431350708008,9.780874252319336,0.013383626937866211
00007,126,0.9621466398239136,13,609.8331298828125,471.5334167480469,26.231769561767578,10.949414253234863,-0.009486079216003418
00007,127,0.9598568081855774,13,766.7661743164062,83.42375183105469,21.13458251953125,8.707035064697266,0.009422063827514648
00007,128,0.9597221612930298,13,648.0342407226562,108.19224548339844,25.019968032836914,10.828377723693848,0.010734081268310547
00007,129,0.9575093388557434,13,761.8953247070312,490.3591613769531,21.711284637451172,9.002487182617188,-1.5442901849746704
00007,130,0.9562223553657532,13,769.980712890625,250.48504638671875,22.517364501953125,8.806159973144531,-0.014800548553466797
00007,131,0.9445592761039734,13,741.4339599609375,290.0229797363281,16.6886043548584,8.239583015441895,1.5692254304885864
00007,132,0.9430325031280518,13,601.0396728515625,86.72291564941406,25.624008178710938,9.817638397216797,0.018137812614440918
00007,133,0.9371881484985352,13,604.5195922851562,182.3311767578125,20.58205795288086,10.093785285949707,0.008526802062988281
00007,134,0.9265568852424622,13,605.1814575195312,256.8503723144531,26.922203063964844,9.938973426818848,-0.00967717170715332
00007,135,0.9217317700386047,13,761.4512939453125,436.29693603515625,21.21066665649414,8.947644233703613,-1.5611492395401
00007,136,0.9162240028381348,13,729.5878295898438,618.1365356445312,32.552391052246094,16.97902488708496,0.0323408842086792
00007,137,0.8790937662124634,13,731.817138671875,487.5273742675781,25.15849494934082,9.837336540222168,-0.007197022438049316
00007,138,0.8654332160949707,13,529.6370849609375,558.0513305664062,25.475749969482422,9.52346420288086,0.02180039882659912
00007,139,0.8485528230667114,13,613.1848754882812,604.5888671875,23.134323120117188,8.877488136291504,0.009036898612976074
00007,140,0.8469619154930115,13,766.8147583007812,99.94650268554688,23.930444717407227,10.484634399414062,-0.038307905197143555
00007,141,0.8138723373413086,13,652.9119873046875,411.21923828125,26.268693923950195,10.966196060180664,-0.009851932525634766
00007,142,0.7969340085983276,13,762.0785522460938,572.7577514648438,19.69743537902832,8.824532508850098,-1.4988943338394165
00007,143,0.7590806484222412,13,607.49951171875,220.65745544433594,23.713918685913086,8.911909103393555,0.008153080940246582
00007,144,0.729070246219635,13,532.0028686523438,658.6172485351562,39.57795715332031,11.637894630432129,-0.008020877838134766
00007,145,0.7241613268852234,13,534.7608032226562,473.9719543457031,21.988567352294922,9.810270309448242,0.056223392486572266
00007,146,0.6859254240989685,13,610.3692016601562,211.29449462890625,25.794912338256836,8.616867065429688,-0.021364569664001465
00007,147,0.4116072952747345,13,727.706787109375,347.1632080078125,24.432331085205078,12.108893394470215,-0.021169066429138184
00007,148,0.39639750123023987,13,340.710205078125,538.9971923828125,61.290122985839844,22.073490142822266,-1.5308009386062622
00007,149,0.342056542634964,13,768.1515502929688,120.7567367553711,23.487966537475586,11.184529304504395,-0.008393645286560059
00007,150,0.28410688042640686,13,656.7822265625,645.1177978515625,21.895408630371094,10.286858558654785,0.045989394187927246
00007,151,0.2685316801071167,13,672.7025146484375,30.833465576171875,23.197969436645508,9.176277160644531,-1.0063292980194092
00007,152,0.22819721698760986,13,245.7672576904297,133.3826904296875,126.71408081054688,17.787872314453125,-1.5509685277938843
00007,153,0.06110042333602905,18,672.7025146484375,30.833465576171875,23.197969436645508,9.176277160644531,-1.0063292980194092
00072,0,0.9831410646438599,19,588.2068481445312,167.91824340820312,50.50576400756836,26.396198272705078,0.00022673606872558594
00072,1,0.9822017550468445,19,723.8860473632812,481.6326599121094,58.92293167114258,32.15507888793945,0.0005832910537719727
00072,2,0.9740642309188843,19,83.97013092041016,615.0165405273438,80.53646850585938,25.876853942871094,1.5539032220840454
00064,0,0.054497621953487396,15,11.2821044921875,711.2537841796875,21.25005531311035,18.895814895629883,-0.053661227226257324
00064,1,0.999915361404419,16,590.883056640625,405.46722412109375,173.60723876953125,81.28694152832031,1.5631495714187622
00064,2,0.9999120235443115,16,710.9719848632812,404.2939758300781,168.964599609375,79.96331024169922,-1.5676170587539673
00064,3,0.9994001388549805,16,145.9713897705078,375.0789489746094,167.5229034423828,80.67464447021484,-0.12282180786132812
00066,0,0.9999295473098755,2,170.44602966308594,181.5526580810547,168.67884826660156,163.1052703857422,-0.8236597776412964
00066,1,0.9997847676277161,2,427.29327392578125,562.1014404296875,179.8611602783203,174.1559295654297,-0.880409836769104
00066,2,0.999727189540863,2,133.95773315429688,531.3382568359375,151.6203155517578,151.35604858398438,-0.1050788164138794
00066,3,0.9996675252914429,2,642.4956665039062,327.6600341796875,164.70611572265625,164.678466796875,0.7338494062423706
00066,4,0.9709008932113647,2,503.7462463378906,151.2797393798828,104.86526489257812,94.26769256591797,-0.5335561037063599
00137,0,0.9996809959411621,2,239.02407836914062,685.9594116210938,174.61727905273438,172.72972106933594,-0.05711829662322998
00137,1,0.9998838901519775,16,189.03421020507812,155.0056915283203,124.80316162109375,56.93700408935547,1.5484379529953003
00137,2,0.9998605251312256,16,567.1176147460938,150.3998565673828,125.71671295166016,58.01633071899414,1.5582653284072876
00137,3,0.9998428821563721,16,491.769287109375,150.93077087402344,125.10873413085938,58.211978912353516,1.553214192390442
00137,4,0.9998176693916321,16,415.7723083496094,152.2276611328125,124.42070770263672,58.44068145751953,1.5529309511184692
00137,5,0.9998087286949158,16,340.3360900878906,152.95164489746094,123.77052307128906,57.46230697631836,1.550763487815857
00137,6,0.9997994303703308,16,264.6222229003906,153.83047485351562,124.1212387084961,57.67927169799805,1.549972653388977
00137,7,0.9997941851615906,16,113.03943634033203,156.37353515625,125.06329345703125,60.154380798339844,1.5454195737838745
00137,8,0.1485634595155716,18,105.17566680908203,344.7419128417969,15.76689624786377,8.04444408416748,1.5429607629776
00045,0,0.9226166009902954,6,437.4258728027344,416.94580078125,340.85821533203125,95.865478515625,-1.5674270391464233
00045,1,0.052321117371320724,10,42.813663482666016,53.337486267089844,54.954769134521484,16.345731735229492,1.074792504310608
00045,2,0.0637095719575882,18,302.96160888671875,406.6484680175781,47.02463912963867,9.062057495117188,0.1466454267501831
00198,0,0.9992899894714355,7,460.61016845703125,327.326171875,505.7095031738281,152.15711975097656,0.1169213056564331
00198,1,0.9958420395851135,7,345.4325866699219,522.4962158203125,514.601318359375,120.631103515625,0.10529553890228271
00198,2,0.9127697944641113,12,403.2951965332031,425.7075500488281,46.2108268737793,12.396379470825195,-1.4389963150024414
00198,3,0.3224746584892273,18,315.73974609375,455.2384338378906,102.56385040283203,10.081920623779297,0.07158386707305908
00198,4,0.06755001842975616,18,128.1231231689453,431.1290283203125,24.332475662231445,4.786008358001709,0.07465136051177979
00128,0,0.5519163608551025,1,463.8850402832031,433.36553955078125,601.415283203125,83.78805541992188,-0.41283369064331055
00128,1,0.7084039449691772,7,41.985355377197266,442.50445556640625,66.80574798583984,38.53634262084961,0.5099040269851685
00128,2,0.0863422229886055,7,613.2435302734375,330.2455139160156,78.30486297607422,23.334667205810547,-0.405798077583313
00079,0,0.9996768236160278,15,551.07958984375,432.3953857421875,153.81190490722656,149.3599853515625,-3.361701965332031e-05
00079,1,0.8430702686309814,15,708.9959716796875,441.23431396484375,16.09305191040039,13.510710716247559,0.019981861114501953
00079,2,0.7585816383361816,15,709.414306640625,457.2705993652344,14.765166282653809,14.519813537597656,1.534610629081726
00079,3,0.6989479064941406,15,710.29833984375,472.6796875,17.943498611450195,15.663673400878906,1.5621415376663208
00079,4,0.28907373547554016,15,700.9063110351562,488.66717529296875,18.28917694091797,14.094694137573242,1.5450788736343384
00079,5,0.07732250541448593,18,273.8897399902344,241.20848083496094,22.45354652404785,6.436649799346924,1.5045405626296997
00188,0,0.16818076372146606,2,620.1019897460938,754.7499389648438,119.32876586914062,104.3676986694336,-0.48921477794647217
00188,1,0.9999293088912964,16,457.96136474609375,419.0181884765625,231.5361785888672,106.22855377197266,1.225176215171814
00188,2,0.9997559189796448,16,312.63018798828125,467.98468017578125,126.56537628173828,65.46517181396484,1.236190915107727
00164,0,0.14076580107212067,0,560.4695434570312,133.24911499023438,107.26881408691406,80.81048583984375,-1.4322203397750854
00164,1,0.9998645782470703,18,201.44439697265625,146.38943481445312,70.84156799316406,29.842439651489258,-1.005694031715393
00164,2,0.9998094439506531,18,302.4360656738281,156.6581573486328,76.06612396240234,33.41049575805664,-1.0820189714431763
00164,3,0.9997591376304626,18,250.02854919433594,157.28306579589844,78.54914855957031,34.45967102050781,-1.145796775817871
00164,4,0.9997398257255554,18,461.9024963378906,158.2296142578125,78.38090515136719,34.24407958984375,-0.8963555693626404
00164,5,0.999671220779419,18,606.7020263671875,602.3526000976562,78.83108520507812,32.7534065246582,-0.5907743573188782
00164,6,0.9994389414787292,18,594.193115234375,96.07034301757812,69.9428939819336,30.605361938476562,-1.098097562789917
00193,0,0.6800254583358765,1,401.1417541503906,479.604248046875,727.9932861328125,60.94664001464844,0.6862362623214722
00193,1,0.1013120710849762,19,338.94989013671875,332.47552490234375,45.14223861694336,27.365976333618164,-0.5032929182052612
00100,0,0.9968403577804565,4,319.36370849609375,447.206787109375,585.9598999023438,72.97996520996094,1.5500684976577759
00100,1,0.21508529782295227,4,634.1126098632812,202.46958923339844,174.71299743652344,16.459693908691406,1.3878248929977417
00100,2,0.9350646734237671,11,634.8265991210938,206.36187744140625,174.36277770996094,21.45958137512207,1.4347583055496216
00100,3,0.6901822686195374,11,109.87709045410156,516.8004150390625,179.33827209472656,92.80085754394531,-0.1949995756149292
00100,4,0.39909353852272034,11,542.5123291015625,594.7052612304688,259.1575622558594,85.78189849853516,0.13860082626342773
00100,5,0.2819100618362427,11,527.8474731445312,415.1145935058594,632.7926025390625,356.8538818359375,1.3919655084609985
00100,6,0.19481977820396423,11,32.78815460205078,523.3380126953125,72.97084045410156,22.258512496948242,1.3763588666915894
00100,7,0.1155942976474762,11,90.49518585205078,553.345947265625,80.00062561035156,12.625052452087402,-0.2744520902633667
00100,8,0.0974820926785469,11,661.8502807617188,40.1148681640625,106.31945037841797,69.41730499267578,-0.22263920307159424
00100,9,0.09067236632108688,11,616.357177734375,575.30712890625,158.2366943359375,9.727355003356934,0.07862401008605957
00100,10,0.057553213089704514,11,658.8358154296875,197.65782165527344,166.59136962890625,33.91254425048828,1.396628499031067
00100,11,0.05677923560142517,11,573.4971923828125,607.239990234375,74.8438949584961,14.537381172180176,-1.395400047302246
00100,12,0.0511157289147377,11,190.37939453125,515.5988159179688,47.95078659057617,9.97899341583252,-0.6678691506385803
00100,13,0.9990348815917969,13,202.34951782226562,523.2332153320312,38.797245025634766,12.435833930969238,-0.6192613244056702
00100,14,0.998772919178009,13,418.463134765625,566.8844604492188,30.58135223388672,12.264229774475098,0.030955076217651367
00100,15,0.9985530972480774,13,456.5352478027344,570.6742553710938,31.930959701538086,12.528776168823242,-0.03668069839477539
00100,16,0.9985401630401611,13,600.7831420898438,563.6891479492188,33.49046325683594,12.637808799743652,0.05447578430175781
00100,17,0.9978864789009094,13,132.38580322265625,556.3056030273438,36.443824768066406,12.506829261779785,-0.2229785919189453
00100,18,0.9978532195091248,13,503.635498046875,574.3875122070312,32.820247650146484,12.328936576843262,0.05249333381652832
00100,19,0.9963906407356262,13,522.78076171875,554.8281860351562,31.897062301635742,12.393054962158203,0.09713661670684814
00100,20,0.9962091445922852,13,561.9063720703125,558.9306640625,33.4309196472168,12.767094612121582,0.10560369491577148
00100,21,0.9956069588661194,13,481.8327941894531,551.3732299804688,33.3283805847168,12.626946449279785,0.05596113204956055
00100,22,0.9953957200050354,13,443.0493469238281,547.4700317382812,32.14582443237305,12.083984375,-0.01794278621673584
00100,23,0.9950876832008362,13,176.1020050048828,512.8580932617188,23.649662017822266,9.653470993041992,-0.6236681938171387
00100,24,0.9943572878837585,13,641.5557861328125,568.1331787109375,34.13014221191406,12.60960578918457,0.041391968727111816
00100,25,0.9941062927246094,13,72.3178939819336,571.0425415039062,27.053041458129883,11.401782989501953,-0.21178734302520752
00100,26,0.9886371493339539,13,412.0914001464844,546.9227905273438,22.225027084350586,9.88648509979248,0.010024428367614746
00100,27,0.9872051477432251,13,680.940673828125,571.5609741210938,31.53129005432129,13.038264274597168,0.005158662796020508
00100,28,0.9430862665176392,13,148.14337158203125,525.3624267578125,27.423242568969727,8.137362480163574,-0.25694048404693604
00100,29,0.8021767735481262,13,117.65026092529297,536.0299072265625,13.411171913146973,8.358917236328125,-0.16953396797180176
00100,30,0.9966513514518738,18,326.19989013671875,270.3865966796875,23.125139236450195,7.757251739501953,-1.5597691535949707
00100,31,0.9853618144989014,18,332.5087585449219,722.6023559570312,25.96975326538086,9.29493522644043,1.543643832206726
00100,32,0.1584726721048355,18,471.5932922363281,119.65594482421875,12.732958793640137,9.149744033813477,-1.3076339960098267
00113,0,0.5809891819953918,0,133.27313232421875,713.4168090820312,221.16404724121094,171.97024536132812,1.0367697477340698
00113,1,0.055879268795251846,11,389.2250061035156,463.1809387207031,551.9788818359375,129.4413299560547,-0.0680922269821167
00113,2,0.9804258346557617,13,411.6058349609375,461.0339660644531,603.5807495117188,125.68608856201172,-0.11154437065124512
00113,3,0.21131247282028198,18,459.8719787597656,732.0777587890625,50.5709228515625,9.256123542785645,-0.1501249074935913
00113,4,0.10442256182432175,18,338.8403625488281,746.2744750976562,54.486175537109375,9.785510063171387,-0.029593467712402344
00119,0,0.9965409636497498,12,375.5525817871094,522.982177734375,195.02769470214844,53.15956497192383,0.6603466272354126
00119,1,0.9963299632072449,12,474.3885192871094,369.7974853515625,230.16920471191406,76.61402130126953,0.7760735750198364
00119,2,0.07557729631662369,12,652.5845947265625,557.1040649414062,65.27295684814453,19.614665985107422,-0.7696251273155212
00119,3,0.999496579170227,18,105.09305572509766,317.8807067871094,22.914432525634766,10.235258102416992,0.7266820669174194
00119,4,0.9989000558853149,18,672.4786376953125,746.665283203125,22.186796188354492,9.280884742736816,0.5797778367996216
00119,5,0.9985414743423462,18,271.87799072265625,748.8131713867188,19.350311279296875,9.160844802856445,1.2857786417007446
00119,6,0.9983977675437927,18,568.3209838867188,473.6985778808594,22.011442184448242,10.404492378234863,0.7960540056228638
00119,7,0.99741530418396,18,327.7027893066406,234.50067138671875,23.781517028808594,9.366010665893555,0.7551180124282837
00119,8,0.9912567138671875,18,340.5299377441406,611.3634643554688,23.139759063720703,8.631155967712402,-1.2541217803955078
00119,9,0.9393651485443115,18,224.52476501464844,415.4943542480469,21.75827407836914,8.350359916687012,0.7417269945144653
00119,10,0.11973719298839569,18,209.26206970214844,742.7374877929688,13.064765930175781,4.569727897644043,-0.4544031620025635
00119,11,0.08366911113262177,18,242.14845275878906,631.9108276367188,13.209492683410645,5.1276469230651855,1.30848228931427
00069,0,0.8976770639419556,1,458.310791015625,472.62628173828125,586.539306640625,139.89642333984375,-0.7669795751571655
00069,1,0.09142084419727325,4,755.9744262695312,210.90472412109375,21.67091178894043,7.920585632324219,1.4716562032699585
00069,2,0.12005915492773056,15,434.7047424316406,266.1639404296875,8.820055961608887,5.952265739440918,-0.42093098163604736
00069,3,0.07024286687374115,18,397.7098693847656,462.2937316894531,22.48268699645996,10.302945137023926,-1.5395909547805786
00031,0,0.9760035276412964,6,409.24615478515625,513.1907348632812,664.3051147460938,172.46212768554688,-0.047441840171813965
00031,1,0.17796364426612854,6,765.11962890625,459.35919189453125,118.45030975341797,31.3287410736084,-0.43698394298553467
00031,2,0.15033720433712006,6,641.584228515625,758.297119140625,113.09008026123047,33.28554916381836,1.3783255815505981
00031,3,0.05444321781396866,6,28.330102920532227,483.148193359375,113.90814208984375,43.92374038696289,-0.6892005801200867
00031,4,0.06705845892429352,11,156.1607666015625,432.0081787109375,139.948974609375,18.70245933532715,1.4951530694961548
00031,5,0.07548581063747406,13,394.59979248046875,611.3101806640625,31.269393920898438,17.444683074951172,1.5493322610855103
00075,0,0.6965752840042114,11,393.2720642089844,516.1015014648438,102.14434814453125,101.06198120117188,1.401605486869812
00075,1,0.21850869059562683,11,336.0517272949219,283.852294921875,157.96759033203125,17.86474609375,1.3830209970474243
00075,2,0.15898892283439636,11,367.8672790527344,473.5106506347656,76.93888854980469,13.943048477172852,-0.32347750663757324
00075,3,0.10690386593341827,11,372.5067138671875,548.9608764648438,136.1449432373047,11.014055252075195,-0.2029048204421997
00075,4,0.9997091889381409,13,462.2205505371094,510.21954345703125,45.82118606567383,14.809613227844238,0.46231067180633545
00075,5,0.9990562796592712,13,366.9250183105469,282.4720458984375,159.44937133789062,49.112552642822266,1.2324520349502563
00075,6,0.08600953221321106,13,13.045242309570312,66.04094696044922,18.041484832763672,6.210642337799072,1.252916932106018
00075,7,0.11782780289649963,18,180.4375,388.4187316894531,85.14720153808594,17.111955642700195,-0.28163301944732666
00075,8,0.10651905834674835,18,679.982421875,328.4961242675781,10.918213844299316,4.34531307220459,0.6922405958175659
00049,0,0.4524930417537689,2,714.2651977539062,561.81494140625,171.85484313964844,160.72525024414062,0.10481607913970947
00049,1,0.5499444007873535,15,715.6577758789062,561.7426147460938,176.98904418945312,156.32241821289062,-0.18609869480133057
00049,2,0.999943733215332,16,392.5548095703125,559.86279296875,179.52670288085938,88.29634094238281,1.510541319847107
00049,3,0.9999161958694458,16,174.12606811523438,574.3471069335938,182.03628540039062,88.62650299072266,1.503146767616272
00049,4,0.999890923500061,16,501.0662536621094,555.4176635742188,183.8363494873047,86.63739776611328,1.4913450479507446
00049,5,0.9998795986175537,16,283.9764709472656,568.3026123046875,184.36679077148438,84.44176483154297,1.5024462938308716
00049,6,0.9994786381721497,18,406.5481872558594,286.0616149902344,37.57101821899414,16.62696647644043,-0.9528254270553589
00049,7,0.9990401864051819,18,464.5047912597656,281.498779296875,41.518741607666016,16.299236297607422,-0.7914778590202332
00049,8,0.9960947632789612,18,533.0327758789062,273.5040588378906,37.96708297729492,14.727472305297852,-0.8674074411392212
00049,9,0.11822904646396637,18,480.7067565917969,340.2243957519531,25.411752700805664,11.780193328857422,0.7055131196975708
00132,0,0.9592252373695374,11,251.4159698486328,192.2438201904297,368.6128845214844,82.872314453125,-0.5310901403427124
00132,1,0.8477170467376709,11,343.02813720703125,440.71337890625,382.84912109375,92.33952331542969,-0.4606882333755493
00132,2,0.5355857014656067,11,128.058349609375,403.4429626464844,269.6080017089844,67.09757232666016,1.0270406007766724
00132,3,0.36801403760910034,11,181.30430603027344,630.5116577148438,159.24462890625,118.88484954833984,1.1636453866958618
00132,4,0.2872920632362366,11,190.2379608154297,698.6932983398438,50.83536148071289,31.641868591308594,-0.5514038801193237
00132,5,0.21928660571575165,11,160.6309814453125,600.613037109375,83.4686508178711,6.150704860687256,-0.34535396099090576
00132,6,0.2070530503988266,11,175.1575927734375,632.3900146484375,68.68177795410156,21.885578155517578,-0.26993536949157715
00132,7,0.17449960112571716,11,184.68142700195312,392.29998779296875,52.065284729003906,43.99302291870117,1.0967332124710083
00132,8,0.10679202526807785,11,39.53850173950195,468.71759033203125,214.66062927246094,173.6641845703125,1.1063262224197388
00132,9,0.06943561136722565,11,117.115478515625,463.57208251953125,75.35506439208984,13.284576416015625,1.0368777513504028
00132,10,0.9996242523193359,13,240.71128845214844,223.4414825439453,41.63939666748047,13.183524131774902,1.0716568231582642
00132,11,0.9996205568313599,13,146.44757080078125,215.00205993652344,37.17401885986328,11.775412559509277,0.9887028932571411
00132,12,0.9995519518852234,13,387.8811340332031,146.9712371826172,47.114654541015625,17.38924789428711,1.120529294013977
00132,13,0.9995177984237671,13,414.5628967285156,374.4990539550781,44.921199798583984,14.231758117675781,1.093589425086975
00132,14,0.9993841648101807,13,528.5217895507812,333.3056640625,52.33219528198242,16.345325469970703,1.0249110460281372
00132,15,0.9991840720176697,13,523.1282958984375,390.04998779296875,55.01600646972656,19.970348358154297,0.995179295539856
00132,16,0.9991481304168701,13,361.3780212402344,157.97459411621094,43.17344665527344,13.83332347869873,0.9991599321365356
00132,17,0.9991410970687866,13,352.6067199707031,86.37975311279297,56.11863708496094,19.28223991394043,0.9881387948989868
00132,18,0.9989995360374451,13,206.4487762451172,170.82579040527344,53.85249328613281,18.540048599243164,1.0297857522964478
00132,19,0.9989780187606812,13,467.5981750488281,348.6343078613281,44.185359954833984,14.487507820129395,1.0114065408706665
00132,20,0.9988856911659241,13,239.4887237548828,468.822265625,54.40691375732422,18.542692184448242,0.9823654890060425
00132,21,0.9987408518791199,13,324.5118103027344,174.0410919189453,33.047080993652344,11.378914833068848,1.173890233039856
00132,22,0.9986447691917419,13,268.31622314453125,147.52806091308594,37.11817932128906,13.98410415649414,1.2624017000198364
00132,23,0.9986103773117065,13,401.1809997558594,108.099853515625,34.422080993652344,11.849793434143066,1.0429474115371704
00132,24,0.9984830021858215,13,300.0640563964844,126.9937744140625,42.42998123168945,12.776605606079102,1.1609081029891968
00132,25,0.9983435869216919,13,291.6158752441406,193.82781982421875,36.64436340332031,13.83198356628418,1.030391812324524
00132,26,0.9983112812042236,13,274.00030517578125,204.15423583984375,32.47319412231445,10.43179702758789,1.1543370485305786
00132,27,0.9975247979164124,13,494.895263671875,329.0733337402344,45.36431884765625,12.9578275680542,1.160387635231018
00132,28,0.9973902106285095,13,188.61720275878906,248.76637268066406,33.06941223144531,10.995757102966309,1.0127516984939575
00132,29,0.9954675436019897,13,330.3089599609375,426.46246337890625,36.014102935791016,12.000117301940918,1.043265700340271
00132,30,0.994739830493927,13,433.40960693359375,368.52191162109375,38.282127380371094,12.882973670959473,1.1216779947280884
00132,31,0.9922617673873901,13,60.15793228149414,363.7351379394531,42.7663459777832,13.867091178894043,1.1192115545272827
00132,32,0.9902788996696472,13,169.6586456298828,256.0842590332031,25.01851463317871,11.005949020385742,1.1118484735488892
00132,33,0.987165629863739,13,87.57707977294922,607.4209594726562,22.78497314453125,9.750422477722168,-0.7397111654281616
00132,34,0.9451091289520264,13,268.8533020019531,508.8480224609375,21.03022003173828,7.7691473960876465,1.115679383277893
00132,35,0.9305360913276672,13,99.1668930053711,614.7761840820312,22.9392147064209,9.358122825622559,-0.4982614517211914
00132,36,0.5508687496185303,13,369.6217346191406,74.99046325683594,48.500728607177734,15.055333137512207,1.1010442972183228
00132,37,0.2577638030052185,13,406.4424133300781,140.91261291503906,53.26312255859375,14.997666358947754,1.0721274614334106
00132,38,0.22260519862174988,13,192.69305419921875,632.8370971679688,18.80551528930664,12.505470275878906,-0.4950450658798218
00132,39,0.1971939504146576,13,505.2304992675781,321.28326416015625,56.1442756652832,13.842682838439941,1.0919040441513062
00132,40,0.11157109588384628,13,46.0995979309082,790.3015747070312,24.121774673461914,9.151268005371094,-0.4129253625869751
00132,41,0.056288622319698334,13,52.747562408447266,603.0767211914062,16.615158081054688,11.747123718261719,-0.9355393052101135
00132,42,0.9852971434593201,18,116.84940338134766,668.944580078125,23.964466094970703,9.045957565307617,1.0965672731399536
00132,43,0.7141927480697632,18,46.486839294433594,790.58544921875,21.9008846282959,9.087525367736816,-0.4610738754272461
00132,44,0.14505720138549805,18,127.50328826904297,666.6884765625,22.08705711364746,7.189538478851318,1.1209222078323364
00132,45,0.09947646409273148,18,48.9447021484375,757.5189819335938,17.55664825439453,6.490729808807373,1.1980127096176147
00012,0,0.9999165534973145,18,151.11585998535156,100.14781188964844,139.4447021484375,51.78477096557617,-0.020898818969726562
00012,1,0.9998883008956909,18,699.78369140625,592.1643676757812,123.60941314697266,48.65603256225586,0.08700215816497803
00012,2,0.999815046787262,18,354.1607666015625,444.4822082519531,112.31939697265625,43.77070999145508,1.525182843208313
00012,3,0.9997966885566711,18,212.838623046875,462.828125,112.64955139160156,53.63003158569336,1.5665138959884644
00012,4,0.999711811542511,18,695.0301513671875,725.5349731445312,117.1067123413086,47.819122314453125,0.05955159664154053
00012,5,0.9997063279151917,18,493.3546142578125,462.93994140625,113.68594360351562,48.04542922973633,-1.548421025276184
00012,6,0.4553895592689514,18,274.8359375,98.9782485961914,75.20911407470703,53.62706756591797,-0.007859587669372559
00012,7,0.32011115550994873,18,9.009116172790527,107.05777740478516,88.5360107421875,28.776369094848633,-1.5334933996200562
00173,0,0.9931319355964661,10,382.3166809082031,431.2960205078125,485.7848815917969,281.0582580566406,-1.5626293420791626
00173,1,0.9999841451644897,14,383.6413269042969,413.39593505859375,676.3532104492188,496.1302490234375,-1.5668071508407593
00173,2,0.0985531359910965,18,782.2764892578125,783.562255859375,15.7921724319458,8.495481491088867,-0.2394930124282837
00187,0,0.07095183432102203,0,422.8410339355469,401.7662048339844,12.54565143585205,11.635781288146973,1.3867779970169067
00187,1,0.9995471835136414,7,370.9578552246094,352.7281799316406,634.6566162109375,424.68597412109375,-0.0489116907119751
00187,2,0.1794644445180893,7,146.84481811523438,763.7116088867188,248.0055389404297,129.8437042236328,-0.1717768907546997
00187,3,0.9865235686302185,18,276.9518127441406,485.6442565917969,30.402183532714844,8.027080535888672,-0.27153682708740234
00187,4,0.3485378623008728,18,150.87583923339844,667.3374633789062,15.004210472106934,6.833406925201416,-0.37492334842681885
00187,5,0.3067651093006134,18,277.1436462402344,473.1783447265625,28.91383171081543,10.495515823364258,-0.33984673023223877
00187,6,0.27205637097358704,18,295.9911804199219,297.28448486328125,55.207969665527344,11.534347534179688,-0.1418706178665161
00187,7,0.17126673460006714,18,149.17845153808594,661.5603637695312,17.943857192993164,5.7557878494262695,-0.23005259037017822
00187,8,0.16629286110401154,18,556.3521728515625,709.1564331054688,36.55459213256836,8.774473190307617,0.2646474838256836
00187,9,0.11481593549251556,18,672.7068481445312,515.4747314453125,12.780056953430176,5.582942008972168,-0.36415302753448486
00187,10,0.11085569113492966,18,66.44574737548828,678.24072265625,12.580208778381348,6.002652645111084,-0.4221550226211548
00187,11,0.08085422962903976,18,172.04714965820312,796.0579833984375,20.16922378540039,8.885920524597168,-0.9420020580291748
00187,12,0.0643053948879242,18,200.44436645507812,794.57177734375,27.448986053466797,12.160382270812988,-0.9828814268112183
00187,13,0.050573695451021194,18,252.7937774658203,172.0661163330078,21.266345977783203,9.977263450622559,-0.13034069538116455
00149,0,0.999914288520813,2,185.98886108398438,612.41064453125,189.00010681152344,174.94314575195312,-1.5112837553024292
00149,1,0.9994489550590515,2,202.7109375,172.83534240722656,114.91128540039062,113.23776245117188,-1.4611350297927856
00149,2,0.9904348850250244,18,658.156005859375,77.01171112060547,22.866254806518555,8.239623069763184,-1.5555111169815063
00149,3,0.9748656749725342,18,764.5182495117188,77.59687042236328,17.131128311157227,8.173224449157715,-1.552780270576477
00149,4,0.8493999242782593,18,753.3638305664062,77.7442626953125,17.10216522216797,8.540534973144531,-1.5623451471328735
00149,5,0.840060293674469,18,733.4931030273438,75.63278198242188,19.302881240844727,8.042444229125977,-1.5529052019119263
00149,6,0.22217009961605072,18,667.078125,290.7315368652344,15.984410285949707,8.62360954284668,-0.03259074687957764
00149,7,0.22041438519954681,18,725.1732788085938,77.29166412353516,90.31126403808594,18.775545120239258,0.004533529281616211
00149,8,0.10081768035888672,18,658.0265502929688,57.75856018066406,18.62889289855957,7.567680835723877,1.5629898309707642
00146,0,0.998137354850769,3,309.203857421875,396.0039367675781,370.4310607910156,186.40184020996094,1.5658222436904907
00146,1,0.9999343156814575,16,501.3590393066406,398.26751708984375,291.09027099609375,138.42124938964844,1.5637379884719849
00146,2,0.12645964324474335,16,312.3952941894531,397.2402038574219,366.802490234375,191.63319396972656,1.5602601766586304
00006,0,0.2558724880218506,11,194.680419921875,521.4472045898438,203.4801025390625,71.03318786621094,0.890720009803772
00006,1,0.16367332637310028,11,300.0422058105469,513.5029296875,584.0278930664062,343.3335876464844,1.2424508333206177
00006,2,0.9997288584709167,13,317.9837951660156,234.57608032226562,114.58088684082031,38.39493179321289,1.0169528722763062
00006,3,0.9994489550590515,13,525.2064208984375,612.2157592773438,99.98103332519531,38.16366195678711,1.2447606325149536
00006,4,0.16195745766162872,13,189.53269958496094,532.9457397460938,193.2420654296875,44.25526809692383,0.8206349611282349
00126,0,0.9985297918319702,7,398.1104431152344,556.5699462890625,531.5050659179688,239.6209259033203,0.20716941356658936
00126,1,0.9966417551040649,7,462.6917419433594,231.6287841796875,628.373291015625,231.07472229003906,0.21612679958343506
00126,2,0.09909553080797195,12,555.1820068359375,410.656982421875,21.79612159729004,8.7962007522583,-1.4392225742340088
00126,3,0.07966699451208115,12,756.3582763671875,460.5830383300781,79.28360748291016,71.5838851928711,0.11025965213775635
00126,4,0.15013156831264496,18,317.55902099609375,403.9356384277344,18.622140884399414,7.891901969909668,0.42783868312835693
00126,5,0.13121844828128815,18,718.413818359375,487.03460693359375,25.240739822387695,5.338263034820557,-0.04706227779388428
00126,6,0.12931859493255615,18,155.04820251464844,272.81475830078125,54.19650650024414,7.495038986206055,0.16902172565460205
00126,7,0.08700650930404663,18,275.0954895019531,329.94091796875,14.913827896118164,8.620327949523926,-1.3207720518112183
00126,8,0.05789738893508911,18,336.9461364746094,306.25006103515625,28.370086669921875,10.436529159545898,0.004219770431518555
00016,0,0.9421998858451843,11,578.2158813476562,608.2710571289062,99.39263916015625,98.23091888427734,-0.2617732286453247
00016,1,0.8061728477478027,11,240.95883178710938,532.419189453125,415.8505859375,105.21778106689453,1.3823965787887573
00016,2,0.5672374963760376,11,465.794677734375,622.4183349609375,119.67044067382812,22.016014099121094,1.376700520515442
00016,3,0.05319354310631752,11,7.090911388397217,656.7079467773438,62.5313606262207,17.878686904907227,1.5053304433822632
00016,4,0.05080206319689751,11,161.74111938476562,711.2987060546875,241.6820068359375,101.92639923095703,1.3673144578933716
00016,5,0.9996321201324463,13,239.43154907226562,338.7660217285156,54.28856658935547,18.96929931640625,-0.05412876605987549
00016,6,0.9994974136352539,13,132.94252014160156,620.6421508789062,60.86497497558594,17.454620361328125,1.4521526098251343
00016,7,0.9994660019874573,13,471.20343017578125,551.3829956054688,36.99978256225586,13.170710563659668,1.3289238214492798
00016,8,0.9993784427642822,13,203.7239532470703,645.26953125,65.90474700927734,21.817834854125977,1.3995686769485474
00016,9,0.9993365406990051,13,198.7510223388672,462.0315246582031,42.38009262084961,14.234818458557129,-0.30374276638031006
00016,10,0.9992817044258118,13,285.5637512207031,635.28076171875,43.760231018066406,16.691730499267578,-0.18657803535461426
00016,11,0.9992406368255615,13,245.03651428222656,383.3725280761719,47.621620178222656,16.36945915222168,-0.2074366807937622
00016,12,0.999159574508667,13,247.02516174316406,406.5303955078125,48.19544982910156,17.861248016357422,-0.29437708854675293
00016,13,0.9991525411605835,13,179.35089111328125,395.12774658203125,54.891845703125,21.04220199584961,-0.1812741756439209
00016,14,0.9990494847297668,13,432.8340148925781,555.3812255859375,57.51228332519531,17.814191818237305,1.2653456926345825
00016,15,0.9989994168281555,13,273.0281982421875,550.2260131835938,47.57455825805664,15.44408130645752,-0.21647179126739502
00016,16,0.9988834261894226,13,113.49221801757812,643.4254760742188,62.967445373535156,22.038774490356445,1.3005291223526
00016,17,0.9988786578178406,13,103.30000305175781,694.0742797851562,47.39583206176758,18.53522491455078,1.1508690118789673
00016,18,0.9988576173782349,13,172.0770721435547,679.042236328125,54.541709899902344,21.34333038330078,1.5123220682144165
00016,19,0.9988521337509155,13,266.7266540527344,488.8461608886719,59.78221893310547,20.507709503173828,-0.1468755006790161
00016,20,0.9985871315002441,13,158.30001831054688,617.0737915039062,67.1297378540039,23.02698516845703,1.4539939165115356
00016,21,0.9980828762054443,13,190.24246215820312,440.03302001953125,51.81477737426758,17.37836265563965,-0.25151848793029785
00016,22,0.997853696346283,13,238.8616180419922,363.8101806640625,45.68370056152344,15.424711227416992,-0.07619118690490723
00016,23,0.9978451728820801,13,177.96661376953125,346.83331298828125,52.646785736083984,18.06182098388672,-0.2189871072769165
00016,24,0.9975985884666443,13,169.68553161621094,370.53753662109375,67.83099365234375,21.465688705444336,-0.11889052391052246
00016,25,0.9972119927406311,13,279.8388671875,614.2054443359375,40.960567474365234,16.19577407836914,-0.1255251169204712
00016,26,0.9963613152503967,13,235.0019989013672,615.9514770507812,77.99451446533203,25.439239501953125,1.3981925249099731
00016,27,0.99530029296875,13,263.80218505859375,507.38726806640625,44.563743591308594,14.355245590209961,-0.18498849868774414
00016,28,0.9938311576843262,13,268.20794677734375,527.9898071289062,34.46619415283203,12.555371284484863,-0.2549861669540405
00016,29,0.8376007080078125,13,109.45185852050781,740.7383422851562,34.6595573425293,14.880316734313965,1.3332430124282837
00016,30,0.45147114992141724,13,248.10040283203125,663.5974731445312,16.859638214111328,9.79902458190918,0.4141935110092163
00016,31,0.3565848469734192,13,547.5501098632812,635.072509765625,43.87847900390625,10.767339706420898,-1.1025384664535522
00016,32,0.3293056786060333,13,7.987753391265869,659.990478515625,53.83431625366211,17.67935562133789,1.527457594871521
00016,33,0.08779045939445496,13,564.706298828125,631.8261108398438,16.072053909301758,8.618877410888672,1.124402642250061
00016,34,0.05434112250804901,13,555.9896850585938,558.1312255859375,17.64145851135254,7.215567111968994,-0.10691404342651367
00016,35,0.050939206033945084,13,155.9781036376953,711.359130859375,15.456271171569824,8.272283554077148,1.3049927949905396
00016,36,0.05524853244423866,18,109.44857025146484,740.5840454101562,35.050838470458984,14.683907508850098,1.3020247220993042
00178,0,0.9617224931716919,10,229.27685546875,367.8659362792969,502.79901123046875,276.31396484375,-1.5500092506408691
00178,1,0.999894380569458,14,235.19129943847656,360.5396728515625,625.2574462890625,433.5005798339844,-1.5502272844314575
00178,2,0.07620593905448914,18,0.778815507888794,389.35223388671875,18.467439651489258,7.2284440994262695,1.4805794954299927
00186,0,0.5771587491035461,11,196.96327209472656,505.4339599609375,333.04534912109375,54.07184600830078,1.083067536354065
00186,1,0.5408019423484802,11,697.5244140625,290.9246826171875,336.7557067871094,189.60235595703125,-0.628092348575592
00186,2,0.4402897357940674,11,351.3996276855469,411.71551513671875,484.4574890136719,418.9259033203125,-0.5449205636978149
00186,3,0.40657150745391846,11,135.1532440185547,706.380859375,119.1978988647461,16.596405029296875,1.0904968976974487
00186,4,0.35483089089393616,11,707.9483642578125,169.44068908691406,126.390625,20.462316513061523,-0.6614083647727966
00186,5,0.3268829882144928,11,618.0479736328125,59.692138671875,166.45640563964844,16.444446563720703,-0.289528489112854
00186,6,0.2959769368171692,11,752.4821166992188,280.31787109375,130.3692169189453,23.357027053833008,-0.7134508490562439
00186,7,0.1724035143852234,11,171.83673095703125,674.09423828125,109.82723236083984,84.68343353271484,1.1972285509109497
00186,8,0.09876235574483871,11,258.08953857421875,299.9205322265625,375.0987243652344,48.58066940307617,-0.483351469039917
00186,9,0.08246460556983948,11,505.75482177734375,89.57701110839844,53.979339599609375,9.537788391113281,-0.21327650547027588
00186,10,0.05390831455588341,11,561.739013671875,328.6383361816406,85.9885025024414,14.301527976989746,1.083990216255188
00186,11,0.9992196559906006,13,116.98309326171875,673.6065063476562,41.792091369628906,14.097322463989258,1.1868091821670532
00186,12,0.9988225102424622,13,189.24124145507812,519.4276733398438,32.81712341308594,11.353081703186035,-0.5067131519317627
00186,13,0.9980650544166565,13,256.212890625,547.9723510742188,64.22860717773438,19.19255828857422,0.9998427629470825
00186,14,0.9976552724838257,13,249.12510681152344,628.68212890625,31.739656448364258,11.368355751037598,-0.5794707536697388
00186,15,0.9975577592849731,13,182.45736694335938,504.5015563964844,31.34819984436035,11.288186073303223,-0.48923707008361816
00186,16,0.9974960684776306,13,689.8129272460938,201.0121612548828,58.35818862915039,20.15141487121582,-0.5780763626098633
00186,17,0.9973081350326538,13,675.6473388671875,308.4167175292969,45.95185089111328,17.142372131347656,-0.6207062602043152
00186,18,0.9971024394035339,13,580.92333984375,311.34881591796875,61.16703796386719,20.738391876220703,0.930404782295227
00186,19,0.9964388608932495,13,200.23477172851562,539.0203857421875,35.290443420410156,11.001379013061523,-0.5170105695724487
00186,20,0.9961453676223755,13,162.66668701171875,467.4854431152344,36.61838150024414,10.655474662780762,-0.5188435316085815
00186,21,0.9958276152610779,13,244.57969665527344,612.8063354492188,31.67693328857422,11.748212814331055,-0.4885967969894409
00186,22,0.9957981705665588,13,211.5281219482422,478.25494384765625,33.87457275390625,10.928770065307617,1.0233417749404907
00186,23,0.9955611228942871,13,727.8064575195312,307.60760498046875,44.589012145996094,17.168224334716797,-0.6672276258468628
00186,24,0.9922812581062317,13,223.30992126464844,575.8162231445312,37.572532653808594,11.682390213012695,-0.4624291658401489
00186,25,0.9899482727050781,13,312.157958984375,291.302490234375,48.72164535522461,18.30937957763672,1.1028300523757935
00186,26,0.9891003966331482,13,756.75244140625,255.0579071044922,41.64303207397461,15.939395904541016,-0.5999431014060974
00186,27,0.986877977848053,13,230.72610473632812,590.1561889648438,25.66767120361328,9.909258842468262,-0.5433355569839478
00186,28,0.924604058265686,13,136.219970703125,716.6453247070312,33.92158508300781,12.99416732788086,1.15847909450531
00186,29,0.3282468616962433,13,696.2606811523438,326.1023864746094,16.159696578979492,12.66037654876709,-0.5459111928939819
00186,30,0.1496088206768036,13,449.1288146972656,562.865478515625,352.6853942871094,119.05689239501953,-0.4541674852371216
00186,31,0.373456746339798,18,185.4707489013672,794.49609375,25.44889259338379,12.846467018127441,-0.38554084300994873
00186,32,0.09607964009046555,18,797.0202026367188,533.6387939453125,19.897424697875977,8.055318832397461,-0.919364333152771
00103,0,0.2686510980129242,11,338.46258544921875,581.3732299804688,566.2098999023438,353.7739562988281,0.45472991466522217
00103,1,0.9995903372764587,13,613.2550048828125,582.2944946289062,145.88853454589844,45.240386962890625,0.43849003314971924
00103,2,0.9961097836494446,13,390.48138427734375,473.51495361328125,523.8045654296875,86.7165756225586,0.4277132749557495
00103,3,0.08906704187393188,13,370.4494323730469,570.0796508789062,36.15498352050781,14.660943031311035,1.107326865196228
00116,0,0.1981034129858017,2,726.4033203125,28.07750129699707,99.18213653564453,91.2953872680664,-0.04086148738861084
00116,1,0.9994381070137024,15,278.3224792480469,541.638671875,123.33778381347656,116.84724426269531,-0.001347184181213379
00116,2,0.9993583559989929,15,486.60614013671875,597.440185546875,125.12153625488281,114.87486267089844,0.005126237869262695
00116,3,0.9991225600242615,15,668.9157104492188,427.8108215332031,120.05029296875,114.63194274902344,-0.062331318855285645
00116,4,0.9990113973617554,15,575.4583740234375,505.5766296386719,122.6696548461914,116.26829528808594,0.0034956932067871094
00148,0,0.9999188184738159,2,605.4527587890625,693.2491455078125,171.97601318359375,168.95069885253906,-0.04141831398010254
00148,1,0.9998407363891602,2,439.4959411621094,184.04833984375,128.24880981445312,123.01061248779297,1.510093331336975
00148,2,0.22211898863315582,18,5.195159435272217,743.0930786132812,18.868959426879883,5.862138748168945,-0.17972064018249512
00154,0,0.9996275901794434,15,456.5229187011719,368.135498046875,136.48831176757812,123.76509857177734,0.007802367210388184
00020,0,0.9999731779098511,0,509.0941467285156,355.9002990722656,209.13661193847656,199.07862854003906,-0.8428855538368225
00020,1,0.9999415874481201,0,417.7625732421875,606.7559814453125,210.2323760986328,204.36705017089844,-0.6706788539886475
00020,2,0.10300692915916443,18,367.0024108886719,471.0127868652344,22.244348526000977,9.588563919067383,0.8595327138900757
00020,3,0.08149237930774689,18,442.61151123046875,229.11065673828125,17.220924377441406,8.24377155303955,0.3763054609298706
00134,0,0.9683765172958374,1,368.2625732421875,448.87158203125,791.296142578125,147.2574920654297,0.2438133955001831
00134,1,0.16477759182453156,15,156.71432495117188,544.9775390625,13.953584671020508,7.973473072052002,-1.0235466957092285
00141,0,0.9999483823776245,2,555.3544921875,617.1395263671875,144.79173278808594,140.10787963867188,-1.4800878763198853
00141,1,0.9999425411224365,2,90.47663116455078,627.7807006835938,148.3079376220703,139.96595764160156,-1.4539674520492554
00162,0,0.9999817609786987,0,275.4271545410156,189.52682495117188,293.2425231933594,244.71240234375,-0.02087223529815674
00162,1,0.9999517202377319,0,224.91917419433594,701.864501953125,132.55337524414062,127.9696273803711,-1.551343560218811
00162,2,0.05939197540283203,15,391.12677001953125,430.0111999511719,18.425212860107422,16.66302490234375,-0.009962201118469238
00162,3,0.988037109375,18,446.19427490234375,25.318416595458984,35.2908821105957,13.916986465454102,-0.005875110626220703
00167,0,0.9998846054077148,2,522.7702026367188,522.2330932617188,237.8888397216797,237.1584930419922,-0.02566659450531006
00167,1,0.1536903828382492,2,673.038330078125,173.97837829589844,205.84072875976562,169.79244995117188,-1.4816781282424927
00167,2,0.9999407529830933,16,345.85906982421875,229.2249298095703,192.44053649902344,89.31475830078125,1.5526081323623657
00167,3,0.9999326467514038,16,232.303955078125,231.119140625,187.0360870361328,87.88650512695312,1.5537956953048706
00167,4,0.9998999834060669,16,460.5850830078125,225.280029296875,189.99169921875,90.70673370361328,-1.5697343349456787
00030,0,0.9999444484710693,16,346.4920654296875,469.0366516113281,187.87184143066406,88.81571197509766,-1.5637222528457642
00030,1,0.999923586845398,16,487.8109130859375,465.9861145019531,187.81251525878906,91.20967864990234,1.565524697303772
00030,2,0.9999183416366577,16,633.12109375,466.2984924316406,188.4921112060547,91.99093627929688,1.5617021322250366
00030,3,0.9999113082885742,16,203.52349853515625,470.354248046875,184.74752807617188,87.78592681884766,-1.5681532621383667
00120,0,0.9994192123413086,15,516.843505859375,512.4114379882812,189.61752319335938,162.6107177734375,-0.004199981689453125
00120,1,0.9992658495903015,15,393.13165283203125,335.7970886230469,233.2979736328125,215.90379333496094,0.011827349662780762
00120,2,0.11292918771505356,15,715.9962768554688,470.4742431640625,29.959835052490234,24.138933181762695,0.027355194091796875
00120,3,0.9961504936218262,18,198.64678955078125,12.843993186950684,22.62023162841797,9.286334991455078,-1.5599592924118042
00120,4,0.414151132106781,18,732.4314575195312,564.1759033203125,24.159584045410156,11.444534301757812,-0.13094282150268555
00120,5,0.34543973207473755,18,49.25858688354492,343.3158874511719,14.667630195617676,6.937382698059082,-0.4737485647201538
00120,6,0.12637928128242493,18,182.22142028808594,22.61155891418457,14.041200637817383,7.482738018035889,1.1490095853805542
00120,7,0.1195395365357399,18,775.39990234375,401.2232971191406,11.209455490112305,5.053090572357178,-1.0000272989273071
00120,8,0.10327758640050888,18,765.9445190429688,23.908977508544922,15.923941612243652,8.067244529724121,-0.4096626043319702
00120,9,0.05469271168112755,18,692.5946655273438,274.48236083984375,12.124503135681152,6.493760585784912,0.662356972694397
00117,0,0.5259770750999451,2,42.83997344970703,75.52583312988281,12.845480918884277,11.699811935424805,1.251421570777893
00117,1,0.8325552940368652,4,37.05842971801758,181.45579528808594,33.348045349121094,15.910320281982422,0.8956724405288696
00117,2,0.9984593391418457,10,731.91015625,649.9463500976562,73.40657043457031,36.4512939453125,0.04296219348907471
00117,3,0.9169670343399048,10,748.4468383789062,407.326171875,46.1314697265625,31.99214744567871,-0.05248367786407471
00117,4,0.7866868376731873,12,37.19634246826172,181.460205078125,35.94007110595703,15.106657028198242,0.863958477973938
00117,5,0.34914106130599976,12,381.7627868652344,17.324861526489258,55.708763122558594,7.409526348114014,0.0017255544662475586
00117,6,0.2413926124572754,14,730.6317749023438,640.2701416015625,98.45867156982422,64.8762435913086,-0.09771740436553955
00117,7,0.10420296341180801,16,733.2285766601562,613.701171875,41.75473403930664,19.402881622314453,-0.025917530059814453
00117,8,0.9879310131072998,17,397.7384033203125,433.56304931640625,265.40032958984375,73.82329559326172,1.560721516609192
00117,9,0.23862053453922272,17,301.28216552734375,418.0999450683594,247.12095642089844,132.02890014648438,1.5408602952957153
00117,10,0.06262360513210297,17,224.0135040283203,423.5680236816406,184.4781036376953,50.11570739746094,-1.5343071222305298
00117,11,0.2584817707538605,18,340.5389404296875,597.29541015625,14.389638900756836,5.043431758880615,1.1513701677322388
00117,12,0.19554629921913147,18,88.1783676147461,329.39581298828125,11.577735900878906,5.673161029815674,1.2847620248794556
00117,13,0.08755586296319962,18,483.64105224609375,709.0743408203125,10.714543342590332,4.878084182739258,1.5149556398391724
00039,0,0.999176561832428,10,459.3372802734375,396.9228210449219,676.1044921875,354.86102294921875,0.902340292930603
00039,1,0.08826201409101486,12,570.87646484375,678.0847778320312,86.42611694335938,17.85134506225586,1.164723515510559
00039,2,0.12421189993619919,18,70.4104232788086,103.55873107910156,15.861775398254395,8.201495170593262,0.8303619623184204
00039,3,0.07364707440137863,18,1.9964942932128906,165.1197052001953,13.447952270507812,5.666836738586426,-0.3918975591659546
00062,0,0.6501232385635376,11,55.98118591308594,418.3451232910156,75.07173919677734,15.965685844421387,1.2831755876541138
00062,1,0.28942179679870605,11,152.58349609375,271.10198974609375,147.6498565673828,116.8976058959961,-0.22604238986968994
00062,2,0.2713778018951416,11,76.98573303222656,414.1221008300781,49.943565368652344,11.834245681762695,1.2528756856918335
00062,3,0.9996594190597534,15,429.11248779296875,324.06878662109375,163.7191619873047,140.5568389892578,-0.008399605751037598
00062,4,0.9994718432426453,15,520.3260498046875,529.6786499023438,156.73052978515625,152.7772216796875,-0.009016752243041992
00062,5,0.9946139454841614,18,403.30511474609375,714.3165283203125,57.88368606567383,9.658432960510254,-0.016842007637023926
00062,6,0.07428811490535736,18,81.5348892211914,167.96652221679688,16.06808853149414,5.760765075683594,-0.2911803722381592
00169,0,0.9993879795074463,12,443.2778015136719,430.02081298828125,373.9378967285156,124.85665130615234,-0.13530266284942627
00169,1,0.49284350872039795,18,62.03491973876953,41.92603302001953,28.421119689941406,15.502751350402832,1.4455996751785278
00015,0,0.9999337196350098,0,461.56622314453125,447.5506286621094,233.3374481201172,208.23309326171875,0.015229463577270508
00015,1,0.9998966455459595,0,456.4681701660156,205.90496826171875,187.2567901611328,182.3978729248047,0.005388975143432617
00015,2,0.9972585439682007,18,345.29876708984375,227.41639709472656,31.597057342529297,12.84636116027832,-1.3645446300506592
00015,3,0.8595055937767029,18,334.5788269042969,444.794677734375,32.84270477294922,13.342321395874023,1.558634877204895
00015,4,0.5778417587280273,18,470.5530700683594,765.6819458007812,19.1954402923584,9.932799339294434,-0.0014765262603759766
00015,5,0.43848592042922974,18,593.312744140625,116.71025085449219,18.81110382080078,8.193182945251465,0.044547080993652344
00015,6,0.22950494289398193,18,646.4163818359375,120.94420623779297,32.626155853271484,12.3059720993042,-0.03611648082733154
00015,7,0.09550298750400543,18,622.1210327148438,332.5888977050781,19.71535301208496,7.482642650604248,0.06714892387390137
00177,0,0.9958814382553101,4,364.8853759765625,387.5923767089844,633.51611328125,209.2335968017578,-0.669303834438324
00177,1,0.32197901606559753,12,717.699462890625,174.34890747070312,99.74900817871094,15.85517406463623,0.91496741771698
00177,2,0.19900131225585938,12,346.9905090332031,389.66278076171875,625.4398803710938,216.689208984375,-0.7502963542938232
00032,0,0.9999436140060425,13,411.010498046875,401.7679443359375,721.0403442382812,115.26224517822266,-0.4646942615509033
00157,0,0.9996358156204224,7,472.8286437988281,623.4430541992188,389.53125,209.62448120117188,-0.11485064029693604
00157,1,0.9996308088302612,7,451.1081848144531,285.23236083984375,394.294677734375,208.50938415527344,-0.06596481800079346
00157,2,0.1698388010263443,12,516.0870971679688,429.5762634277344,38.87404251098633,7.4832634925842285,1.4800623655319214
00157,3,0.7125979065895081,18,330.87548828125,297.33685302734375,39.80679702758789,8.348220825195312,-0.37786781787872314
00098,0,0.08966182172298431,4,353.88006591796875,158.51889038085938,16.99983787536621,7.262889385223389,-0.21133530139923096
00098,1,0.09726788848638535,12,365.7212219238281,354.54351806640625,88.45415496826172,10.855779647827148,-1.5699540376663208
00098,2,0.9877138137817383,17,385.2092590332031,347.5487060546875,525.0200805664062,121.32717895507812,0.01480555534362793
00098,3,0.1450546830892563,18,550.474365234375,514.3909301757812,13.126753807067871,4.561305999755859,-0.4105454683303833
00098,4,0.1154257133603096,18,98.25098419189453,249.72195434570312,11.750350952148438,6.805867671966553,-0.2823575735092163
00098,5,0.06439317762851715,18,220.54212951660156,115.26099395751953,13.533665657043457,4.459230422973633,1.3875166177749634
00025,0,0.5622389912605286,1,425.5080871582031,439.9337463378906,499.0163879394531,79.56118774414062,-0.02766239643096924
00025,1,0.21048039197921753,1,428.865966796875,502.7825927734375,496.8365173339844,74.26307678222656,-0.00982964038848877
00025,2,0.11846224218606949,19,600.396240234375,426.64080810546875,19.12857437133789,17.26280403137207,-0.22149479389190674
00191,0,0.9998424053192139,10,449.239013671875,353.83062744140625,635.404052734375,272.9960632324219,0.4762943983078003
00191,1,0.2134629487991333,18,128.32354736328125,52.72706985473633,9.188223838806152,7.422111988067627,-1.240168571472168
00191,2,0.08365160971879959,18,133.19683837890625,68.9550552368164,18.40765380859375,5.1243367195129395,0.5989428758621216
00191,3,0.08192475885152817,18,218.12994384765625,59.82973861694336,14.54934024810791,7.721275806427002,1.2726722955703735
00089,0,0.05125683918595314,2,46.74861145019531,545.7713623046875,171.5408172607422,132.22573852539062,1.5704938173294067
00089,1,0.9999687671661377,10,398.1547546386719,431.4605712890625,682.8348999023438,320.3048400878906,1.5318866968154907
00008,0,0.9999827146530151,0,395.5572204589844,40.54631423950195,61.80620193481445,54.11601257324219,-1.404964804649353
00008,1,0.9999651908874512,0,253.05213928222656,694.5665283203125,106.89447021484375,87.37670135498047,-0.14446818828582764
00008,2,0.9999587535858154,0,222.3485107421875,193.1717987060547,110.55349731445312,94.63423919677734,-0.05587589740753174
00008,3,0.9999463558197021,0,87.79203033447266,187.91262817382812,137.89613342285156,134.1266326904297,1.567825436592102
00008,4,0.9999203681945801,0,74.55443572998047,513.0521850585938,100.16667175292969,88.00684356689453,-0.13239073753356934
00008,5,0.9998941421508789,0,438.23602294921875,506.38323974609375,99.92262268066406,92.79487609863281,-0.028546929359436035
00008,6,0.9998904466629028,0,199.4335174560547,506.96240234375,104.94068908691406,89.9878158569336,-0.024453043937683105
00008,7,0.07947632670402527,11,735.3089599609375,432.3289489746094,140.4042510986328,17.615474700927734,1.539349913597107
00008,8,0.3648022413253784,13,673.936279296875,432.4623107910156,63.439125061035156,32.898250579833984,1.5357986688613892
00008,9,0.36018118262290955,13,707.3323974609375,433.00286865234375,62.15378189086914,37.19565200805664,-1.567426085472107
00008,10,0.999580442905426,18,430.92962646484375,777.1228637695312,40.50712585449219,15.420269966125488,0.7282723188400269
00008,11,0.9972957968711853,18,34.6334228515625,689.7318115234375,33.38468933105469,15.840286254882812,0.8861867189407349
00008,12,0.9960856437683105,18,437.8095397949219,435.86541748046875,66.06739044189453,19.084280014038086,-0.08762693405151367
00008,13,0.8449413180351257,18,191.9943084716797,794.689697265625,22.180274963378906,14.133330345153809,0.8890331983566284
00189,0,0.993003785610199,4,436.5223083496094,444.1168518066406,365.245361328125,39.66907501220703,-0.08844661712646484
00080,0,0.9944002032279968,19,369.5020751953125,418.639892578125,184.2973175048828,113.88445281982422,-1.5613986253738403
00139,0,0.9999587535858154,0,127.51555633544922,364.7073974609375,191.64456176757812,188.45993041992188,-1.5461236238479614
00139,1,0.9999465942382812,0,620.6389770507812,367.0170593261719,194.50779724121094,186.84657287597656,-1.5563966035842896
00139,2,0.9979217648506165,18,602.6708984375,511.154052734375,25.334901809692383,9.476541519165039,-0.0018311738967895508
00139,3,0.9803030490875244,18,115.46485900878906,486.9753112792969,29.825654983520508,10.729650497436523,0.00860285758972168
00139,4,0.9550710916519165,18,104.35108184814453,508.9537353515625,23.716367721557617,10.880888938903809,-0.0076857805252075195
00139,5,0.7216488718986511,18,654.6129150390625,473.23394775390625,16.0676212310791,7.7328877449035645,-0.12092483043670654
00139,6,0.12553280591964722,18,551.4467163085938,500.28253173828125,13.583548545837402,6.245420932769775,-0.021151065826416016
00124,0,0.9580670595169067,1,510.7394714355469,394.6040954589844,607.90087890625,101.2117919921875,-1.5085071325302124
00124,1,0.14042314887046814,4,42.66309356689453,634.3814697265625,18.32310676574707,7.568376541137695,-1.164623737335205
00124,2,0.0689677819609642,4,765.1681518554688,778.4067993164062,30.407045364379883,4.474463939666748,-0.05521845817565918
00124,3,0.7077677845954895,10,715.4719848632812,703.053466796875,43.13251495361328,23.6549129486084,-0.05923759937286377
00124,4,0.26395997405052185,10,410.0170593261719,345.3287353515625,37.93545913696289,19.134916305541992,-1.5514909029006958
00143,0,0.9995649456977844,18,433.779541015625,258.6488952636719,53.293704986572266,22.774988174438477,-1.284414529800415
00143,1,0.9995468258857727,18,593.0059814453125,315.6693420410156,60.58172607421875,25.005800247192383,-1.3116779327392578
00143,2,0.9992545247077942,18,499.97515869140625,274.8230285644531,47.893741607666016,22.4121150970459,-1.309972882270813
00143,3,0.9992522597312927,18,329.1346130371094,427.6046447753906,50.95205307006836,23.033763885498047,-1.2404605150222778
00143,4,0.9992319345474243,18,425.2166748046875,458.05230712890625,50.3504753112793,22.821334838867188,-1.218252420425415
00143,5,0.9977338314056396,18,402.2383728027344,242.70489501953125,47.00817108154297,23.039060592651367,-1.284749150276184
00143,6,0.5986779928207397,18,617.777099609375,510.0040588378906,53.606475830078125,20.322980880737305,-1.2793747186660767
00143,7,0.27444690465927124,18,562.1038818359375,699.70703125,87.47999572753906,29.25442886352539,0.3601173162460327
00143,8,0.10972463339567184,18,583.6250610351562,593.83447265625,53.53679275512695,22.272428512573242,-1.2426680326461792
00019,0,0.9999746084213257,14,362.6683349609375,400.5005798339844,325.13897705078125,280.3555603027344,-0.6809843182563782
00019,1,0.1606130748987198,18,103.01138305664062,337.9841613769531,14.754768371582031,4.774319648742676,0.8111814260482788
00019,2,0.09920405596494675,18,460.2337341308594,719.8202514648438,25.405454635620117,6.858946323394775,0.7899619340896606
00019,3,0.07223649322986603,18,85.16324615478516,740.3378295898438,15.68607234954834,5.430058479309082,-0.9728487730026245
00019,4,0.05541272461414337,18,455.8865661621094,727.6705322265625,13.724169731140137,6.1496100425720215,0.7924233675003052
00019,5,0.054378390312194824,18,127.7099609375,764.5430908203125,12.75562858581543,5.337645053863525,-0.8656644821166992
00034,0,0.9999370574951172,16,334.2247619628906,188.729248046875,144.87330627441406,67.15829467773438,0.9989486932754517
00034,1,0.9998983144760132,16,261.33349609375,238.38768005371094,148.67628479003906,67.51573181152344,0.9842151403427124
00034,2,0.987231433391571,18,7.248950004577637,55.211265563964844,29.852611541748047,11.428887367248535,1.4619003534317017
00034,3,0.20972584187984467,18,735.4149780273438,644.7213134765625,18.69342803955078,7.8679094314575195,1.481209397315979
00034,4,0.1213751956820488,18,469.9361572265625,791.4634399414062,18.226947784423828,9.040576934814453,0.7587915658950806
00034,5,0.05594943091273308,18,240.92945861816406,327.3919982910156,29.87054443359375,12.428274154663086,1.059423565864563
00122,0,0.9874460697174072,9,468.2255859375,305.1854553222656,530.3837890625,209.30548095703125,-0.01614081859588623
00041,0,0.9991925358772278,3,400.58441162109375,696.8856201171875,198.3838653564453,109.82669830322266,-0.0008718967437744141
00041,1,0.9999386072158813,16,344.9565124511719,199.65711975097656,192.085205078125,89.64555358886719,-1.5528150796890259
00041,2,0.999909520149231,16,343.58203125,492.2554016113281,190.98019409179688,94.88290405273438,1.5688644647598267
00041,3,0.9999052286148071,16,461.6680603027344,199.29098510742188,195.0322723388672,89.1446762084961,-1.5520998239517212
00041,4,0.9998881816864014,16,460.48681640625,491.2161865234375,195.12486267089844,94.05982208251953,-1.5628572702407837
00184,0,0.09058473259210587,0,419.9179382324219,604.1165771484375,36.3194580078125,21.312179565429688,-0.11951065063476562
00184,1,0.9993307590484619,15,153.57376098632812,196.06431579589844,104.96863555908203,100.48783874511719,0.028874635696411133
00184,2,0.9992188215255737,15,594.312255859375,502.3708801269531,101.06562805175781,97.81877899169922,0.0038537979125976562
00184,3,0.9991862177848816,15,582.5689086914062,176.80804443359375,101.91992950439453,101.69270324707031,-0.029796719551086426
00184,4,0.05130787193775177,15,419.14306640625,571.8988037109375,32.81510925292969,9.205934524536133,-0.039823174476623535
00184,5,0.9598467946052551,18,389.5093078613281,608.3079223632812,15.598222732543945,6.524381160736084,-1.5218178033828735
00184,6,0.7118279337882996,18,315.7851257324219,304.90228271484375,14.203688621520996,6.824627876281738,-0.020517826080322266
00184,7,0.6617984771728516,18,316.8911437988281,314.60845947265625,12.246639251708984,5.928956508636475,-0.013562679290771484
00184,8,0.27389538288116455,18,312.98297119140625,544.615966796875,17.396896362304688,7.593982696533203,-1.570611596107483
00184,9,0.1048758253455162,18,394.6057434082031,613.8756713867188,18.50543212890625,6.302947521209717,1.4977556467056274
00184,10,0.0991581380367279,18,355.2327575683594,440.35089111328125,43.70106887817383,8.478776931762695,1.5652748346328735
00184,11,0.07408666610717773,18,420.6941223144531,605.7938232421875,34.33816146850586,9.987162590026855,-0.12236034870147705
00184,12,0.0668567419052124,18,418.9182434082031,572.0849609375,36.74770736694336,8.025032997131348,-0.022422313690185547
00174,0,0.08641353249549866,4,296.7626953125,352.2500915527344,27.904531478881836,12.515631675720215,0.6828984022140503
00174,1,0.7954742312431335,6,447.21771240234375,481.7825927734375,600.8603515625,208.91134643554688,0.682022213935852
00174,2,0.10008455812931061,6,490.2147521972656,165.46429443359375,166.57861328125,48.720767974853516,-0.8416731357574463
00174,3,0.4990003705024719,8,190.2316436767578,434.8486022949219,39.77239227294922,20.040494918823242,0.6161147356033325
00029,0,0.9999741315841675,0,414.1725158691406,219.88978576660156,401.8512878417969,328.6831970214844,0.7738968133926392
00029,1,0.9999582767486572,0,367.720458984375,635.1981811523438,383.79632568359375,342.47906494140625,0.42252159118652344
00171,0,0.9330872893333435,11,577.8765258789062,272.49749755859375,339.5137634277344,150.21617126464844,-0.46176981925964355
00171,1,0.5288438200950623,11,278.42724609375,474.96234130859375,407.9608459472656,396.41351318359375,-0.4931297302246094
00171,2,0.9997499585151672,13,684.978759765625,141.12750244140625,108.72723388671875,36.52275466918945,1.298880696296692
00171,3,0.9997499585151672,13,415.3226318359375,387.06500244140625,131.25743103027344,45.36735153198242,-1.4366488456726074
00171,4,0.9996280670166016,13,255.61585998535156,390.3141174316406,120.06446075439453,34.77245330810547,-1.519134283065796
00171,5,0.9996004700660706,13,602.875244140625,185.10000610351562,109.54095458984375,32.479759216308594,1.3504549264907837
00171,6,0.9993489384651184,13,722.1036987304688,276.4305114746094,100.7314682006836,33.4003791809082,1.300554871559143
00171,7,0.9992569088935852,13,56.19945526123047,383.6627197265625,121.99486541748047,40.55125427246094,-1.4805001020431519
00171,8,0.9989036321640015,13,109.01985168457031,385.4629211425781,122.09184265136719,44.53324890136719,1.528741478919983
00171,9,0.9986280202865601,13,304.5726013183594,387.4403076171875,116.05281829833984,40.905029296875,-1.5071841478347778
00147,0,0.9998229146003723,13,412.6092529296875,422.0624084472656,738.591796875,120.7226791381836,-0.007876157760620117
00043,0,0.9998635053634644,3,454.8774719238281,433.0934753417969,215.2860870361328,135.55416870117188,-1.5107587575912476
00035,0,0.9984055161476135,5,310.5269775390625,502.2089538574219,155.32594299316406,137.77113342285156,1.5673218965530396
00035,1,0.9975740313529968,5,499.91131591796875,499.93328857421875,168.4890899658203,138.456787109375,-1.5529338121414185
00035,2,0.0897514745593071,5,119.83287811279297,686.5586547851562,131.9424591064453,48.41764831542969,-0.4409782886505127
00035,3,0.9716454744338989,15,501.5378723144531,342.8006591796875,45.79413604736328,42.89263153076172,-1.5500653982162476
00035,4,0.9502649307250977,15,545.0602416992188,712.1910400390625,23.092870712280273,21.398849487304688,1.5577737092971802
00035,5,0.9462885856628418,15,539.2075805664062,345.1689453125,45.5681266784668,39.75002670288086,1.5674036741256714
00035,6,0.9364774227142334,15,573.6303100585938,712.210693359375,22.352224349975586,21.306459426879883,0.01786208152770996
00035,7,0.9314222931861877,15,521.9044189453125,737.4112548828125,18.62523078918457,17.241464614868164,1.551216721534729
00035,8,0.9079573750495911,15,577.3045043945312,738.5133056640625,17.364885330200195,14.766420364379883,1.5675050020217896
00035,9,0.8914050459861755,15,559.16162109375,737.8939819335938,15.592714309692383,15.222222328186035,1.5215493440628052
00035,10,0.8467741012573242,15,540.9931640625,738.8240966796875,18.659997940063477,15.28272819519043,1.5328670740127563
00035,11,0.7886734008789062,15,510.0657958984375,367.49114990234375,14.575289726257324,12.603442192077637,0.03374361991882324
00035,12,0.5445729494094849,15,528.4652099609375,368.6513671875,15.597970008850098,14.431405067443848,1.5683811902999878
00035,13,0.16928991675376892,15,311.3829345703125,500.67138671875,153.4536590576172,134.6099853515625,1.5685797929763794
00035,14,0.05168340355157852,15,504.1875915527344,383.3038635253906,16.34537696838379,14.908477783203125,0.02808558940887451
00192,0,0.999954104423523,16,178.47311401367188,484.3341064453125,170.10560607910156,78.29515075683594,1.5466753244400024
00192,1,0.9999297857284546,16,306.3446350097656,481.9257507324219,172.25645446777344,80.74149322509766,1.550453782081604
00192,2,0.9999207258224487,16,562.5853271484375,475.3043212890625,168.43138122558594,79.25435638427734,1.5511122941970825
00192,3,0.9999183416366577,16,558.4216918945312,218.64923095703125,173.64968872070312,80.2454605102539,1.5490323305130005
00192,4,0.9999094009399414,16,434.9128723144531,478.47705078125,172.85140991210938,78.13652038574219,1.5482913255691528
00192,5,0.9999091625213623,16,429.13916015625,219.9676971435547,173.09075927734375,77.93701171875,1.5576764345169067
00192,6,0.9936605095863342,16,408.54058837890625,668.1832275390625,76.53968811035156,55.9205322265625,-1.5701290369033813
00192,7,0.987632155418396,16,470.9208068847656,669.775146484375,79.41937255859375,64.45023345947266,1.5581876039505005
00071,0,0.07062745839357376,4,157.4683074951172,66.8134765625,127.00740051269531,26.773876190185547,-1.0958807468414307
00071,1,0.3809250295162201,12,151.06797790527344,84.7806396484375,216.64266967773438,41.265499114990234,-1.1485692262649536
00071,2,0.13777261972427368,12,346.64849853515625,88.26683044433594,60.97283935546875,30.03672981262207,-1.1961188316345215
00071,3,0.08593915402889252,12,441.5914611816406,133.9617462158203,35.418766021728516,11.321497917175293,-1.4294288158416748
00071,4,0.9573065042495728,17,372.46337890625,370.1044616699219,233.93893432617188,160.0970001220703,0.019337773323059082
00071,5,0.06483505666255951,17,148.66708374023438,91.03170013427734,216.36126708984375,44.96308517456055,-1.1004221439361572
00071,6,0.8847491145133972,18,655.75390625,32.99769973754883,14.129558563232422,4.803779602050781,-1.1502052545547485
00071,7,0.7155975103378296,18,80.75348663330078,289.05035400390625,13.198967933654785,5.272432804107666,-1.0431761741638184
00071,8,0.6181530952453613,18,95.82320404052734,265.0782165527344,16.787151336669922,4.5774149894714355,-1.1097580194473267
00071,9,0.5012189149856567,18,165.06228637695312,208.46624755859375,13.63599967956543,4.836143970489502,-1.4321116209030151
00071,10,0.3420177400112152,18,241.96194458007812,20.956829071044922,16.658504486083984,4.610865116119385,-1.5670287609100342
00071,11,0.12139299511909485,18,2.596395969390869,17.376686096191406,16.493267059326172,6.432547569274902,0.3854084014892578
00071,12,0.10695409774780273,18,182.41195678710938,136.16241455078125,17.02357292175293,4.248412609100342,0.7993019819259644
00071,13,0.09626496583223343,18,100.60297393798828,70.87772369384766,13.7125825881958,4.568072319030762,0.5978187322616577
00071,14,0.08722635358572006,18,125.1567611694336,85.68699645996094,12.052559852600098,5.360448360443115,0.5551520586013794
00071,15,0.08427606523036957,18,1.3569152355194092,349.43170166015625,11.11482048034668,5.57681941986084,-1.045797348022461
00071,16,0.07426848262548447,18,177.94398498535156,237.4976043701172,18.538421630859375,5.9186248779296875,1.208985447883606
00071,17,0.052425529807806015,18,0.0,400.61627197265625,11.889239311218262,5.985138893127441,-1.0047332048416138
00131,0,0.1787451058626175,4,366.4913635253906,159.22335815429688,835.3258056640625,177.3701629638672,-0.26412272453308105
00131,1,0.9994224309921265,13,455.7989196777344,271.5086975097656,501.7626953125,91.96712493896484,-0.30064332485198975
00131,2,0.09745266288518906,18,33.7252311706543,158.04359436035156,60.75244140625,26.68807029724121,-0.3254207372665405
00131,3,0.05924984812736511,18,135.05194091796875,47.23744583129883,16.17115592956543,10.682927131652832,-0.259114146232605
00037,0,0.9986617565155029,4,433.2734680175781,387.2080993652344,579.038818359375,113.84569549560547,0.8583728075027466
00037,1,0.09885099530220032,11,435.1080627441406,722.2435913085938,139.84010314941406,66.68717193603516,0.856343150138855
00037,2,0.9990323781967163,13,644.0562744140625,154.415771484375,44.10708236694336,14.998848915100098,-0.09708893299102783
00037,3,0.6846565008163452,13,367.953369140625,683.6312255859375,43.59189224243164,12.834868431091309,0.18616926670074463
00037,4,0.1681242436170578,13,400.3277893066406,22.015743255615234,22.714937210083008,11.542460441589355,0.5976451635360718
00037,5,0.12439853698015213,13,799.21875,325.54644775390625,275.5713195800781,117.65558624267578,-1.0321791172027588
00037,6,0.07789412885904312,13,428.2216796875,12.455448150634766,20.337873458862305,7.966338157653809,1.0125287771224976
00037,7,0.06518667936325073,13,393.1081848144531,702.1817626953125,23.43047523498535,8.465840339660645,0.8038207292556763
00037,8,0.5177730321884155,18,790.9100952148438,787.7609252929688,32.82068634033203,9.988668441772461,0.8831688165664673
00037,9,0.23504410684108734,18,428.2216796875,12.455448150634766,20.337873458862305,7.966338157653809,1.0125287771224976
00037,10,0.11016887426376343,18,166.01275634765625,88.17584991455078,8.636113166809082,7.476587772369385,0.9837280511856079
00037,11,0.07312174141407013,18,509.14056396484375,428.69921875,13.092538833618164,7.211044788360596,-0.6396529674530029
00037,12,0.07191499322652817,18,599.1052856445312,799.1273803710938,16.813167572021484,14.192574501037598,-0.8201245069503784
00108,0,0.9198628067970276,1,427.3238220214844,352.0340576171875,788.191650390625,128.09442138671875,-0.44014453887939453
00152,0,0.9999314546585083,18,396.7268981933594,482.3612365722656,62.69915771484375,26.169092178344727,1.429482102394104
00152,1,0.9999065399169922,18,532.473388671875,215.58172607421875,65.9952621459961,27.362621307373047,1.3972095251083374
00152,2,0.9992865920066833,18,342.44873046875,174.8395233154297,57.48591995239258,31.272871017456055,1.4278651475906372
00152,3,0.9990063309669495,18,70.45745849609375,569.7459106445312,58.98660659790039,22.03940200805664,-0.3069218397140503
00152,4,0.9761969447135925,18,124.49242401123047,703.425537109375,52.04083251953125,24.872493743896484,-0.06534421443939209
00152,5,0.11338050663471222,18,323.8569030761719,176.7032470703125,46.13536071777344,6.705557823181152,1.4240080118179321
00009,0,0.999944806098938,10,234.94252014160156,344.91607666015625,565.89013671875,278.21905517578125,1.485228419303894
00009,1,0.9995723366737366,16,213.2024383544922,723.564697265625,79.22319030761719,39.1832160949707,1.4827383756637573
00009,2,0.9993921518325806,16,267.250244140625,719.40185546875,80.7676010131836,37.750362396240234,1.4971133470535278
00009,3,0.9992332458496094,16,158.72666931152344,729.264892578125,75.21815490722656,38.272029876708984,1.4680191278457642
00009,4,0.9714405536651611,18,714.9559936523438,665.0451049804688,15.498373031616211,6.504269599914551,-0.17449486255645752
00009,5,0.6627943515777588,18,716.3380126953125,682.3897705078125,15.29526138305664,5.454215049743652,-0.12288069725036621
00009,6,0.0815185010433197,18,735.0712280273438,473.4667053222656,18.8526554107666,7.524405479431152,1.3388501405715942
00140,0,0.9915487170219421,19,442.1836853027344,438.2915954589844,142.7398223876953,113.11579895019531,1.503602147102356
00133,0,0.8167111277580261,1,389.1750183105469,314.3678283691406,879.85546875,84.60273742675781,-0.33213138580322266
00133,1,0.05543976277112961,6,392.92742919921875,330.9161682128906,884.1968994140625,131.88975524902344,-0.31774985790252686
00133,2,0.0858302190899849,10,518.1928100585938,522.4332885742188,49.503639221191406,33.25922775268555,1.3303333520889282
00133,3,0.07598757743835449,18,766.5884399414062,260.41888427734375,14.55686092376709,5.968647003173828,-0.6622669100761414
00036,0,0.9981446266174316,9,371.6930847167969,414.732177734375,634.6412353515625,297.1897277832031,1.5154153108596802
00175,0,0.9134068489074707,1,293.1929626464844,382.4000549316406,531.2333374023438,525.6275024414062,1.3864046335220337
00175,1,0.24998365342617035,1,288.396240234375,423.8256530761719,493.9350280761719,39.09291076660156,-0.3993607759475708
00056,0,0.9975899457931519,7,551.2681884765625,437.944091796875,519.982177734375,209.0068817138672,-0.8723729252815247
00056,1,0.9973174929618835,7,231.71530151367188,368.03204345703125,423.9440612792969,207.80966186523438,-0.9231178760528564
00056,2,0.10735294222831726,12,423.34625244140625,420.9593505859375,32.54111862182617,8.299271583557129,0.753937840461731
00056,3,0.06521560996770859,16,397.82989501953125,166.91607666015625,209.87599182128906,168.0074920654297,-0.8525896668434143
00056,4,0.13419349491596222,18,517.8419799804688,331.80792236328125,18.825828552246094,8.872986793518066,0.8503156900405884
00056,5,0.10254734754562378,18,370.6166076660156,378.82550048828125,27.82284164428711,7.313076019287109,0.6919609308242798
00056,6,0.09431418031454086,18,629.8999633789062,70.35633087158203,17.785634994506836,4.78009033203125,-0.7890205979347229
00056,7,0.05554869771003723,18,618.3187866210938,81.13774108886719,17.498504638671875,5.70762825012207,-0.9829109907150269
00105,0,0.9999489784240723,10,333.2357482910156,390.0147399902344,725.8649291992188,332.58251953125,-1.5264862775802612
00068,0,0.2532047629356384,10,356.2555236816406,340.81494140625,202.607666015625,154.35226440429688,-1.562942624092102
00068,1,0.9999252557754517,14,356.79058837890625,339.6806640625,247.294189453125,199.63133239746094,1.5697575807571411
00068,2,0.9709222316741943,18,699.274169921875,437.1928405761719,16.670061111450195,5.57675313949585,-0.4073336124420166
00068,3,0.3964761197566986,18,792.8276977539062,58.48027038574219,12.112333297729492,4.125002861022949,-0.4151855707168579
00068,4,0.14433713257312775,18,73.76807403564453,641.1494140625,10.870745658874512,4.436185836791992,-0.46565961837768555
00123,0,0.9997606873512268,15,450.05279541015625,411.0976867675781,208.0600128173828,199.58213806152344,0.009067773818969727
00123,1,0.9932851791381836,18,298.60662841796875,274.57818603515625,36.57494354248047,11.175357818603516,-1.3717000484466553
00081,0,0.17776577174663544,4,226.8231201171875,310.9771423339844,23.69199562072754,15.932302474975586,-0.5536972284317017
00081,1,0.12964454293251038,4,86.11296844482422,643.1239013671875,30.863176345825195,6.502685070037842,-1.314090609550476
00081,2,0.12332843244075775,4,331.0073547363281,86.22872161865234,18.95562171936035,10.747328758239746,-1.182987093925476
00081,3,0.0725126788020134,4,292.1823425292969,724.2659301757812,38.54181671142578,18.230222702026367,1.556066632270813
00081,4,0.06748277693986893,4,150.8736114501953,604.7282104492188,19.99136734008789,5.287001609802246,-1.1593064069747925
00081,5,0.059184323996305466,4,293.6984558105469,765.6634521484375,47.971805572509766,13.8485689163208,1.5497292280197144
00081,6,0.05163274332880974,10,192.1580810546875,553.2041015625,123.65052032470703,72.40553283691406,1.5640860795974731
00081,7,0.9892668724060059,17,512.6064453125,267.0924377441406,132.83462524414062,56.454917907714844,-1.3833540678024292
00081,8,0.34291890263557434,17,502.742919921875,465.9464416503906,56.69517135620117,56.29845428466797,-0.14321422576904297
00166,0,0.9999790191650391,10,250.3399200439453,409.47247314453125,705.8807373046875,335.9284362792969,-1.4925756454467773
00166,1,0.8852347135543823,18,578.3610229492188,515.7600708007812,15.40683364868164,8.634662628173828,-1.212947130203247
00166,2,0.36016878485679626,18,14.857765197753906,79.21002960205078,23.928190231323242,7.766741752624512,-1.5593658685684204
00145,0,0.9314839243888855,15,482.55560302734375,428.2807922363281,108.97510528564453,99.3180923461914,1.5567876100540161
00145,1,0.06030403822660446,18,279.9418640136719,149.23716735839844,21.451622009277344,11.967530250549316,1.2758361101150513
00052,0,0.9902898669242859,19,224.0369110107422,467.2090148925781,43.891239166259766,24.760482788085938,1.548493504524231
00052,1,0.9864532351493835,19,670.440185546875,324.4548645019531,51.87516403198242,33.426124572753906,1.5177408456802368
00052,2,0.9843202829360962,19,237.23300170898438,670.6370849609375,52.97517395019531,29.50029754638672,1.5704303979873657
00052,3,0.9793781638145447,19,119.6601333618164,152.13479614257812,38.78338623046875,34.08197021484375,0.0033593177795410156
00101,0,0.09396473318338394,4,717.6881713867188,268.40997314453125,23.14313316345215,5.038225173950195,-0.8898100852966309
00101,1,0.9962288737297058,17,352.4722595214844,386.76300048828125,454.5982971191406,144.8715057373047,1.5605608224868774
00144,0,0.999904990196228,13,463.71746826171875,402.4706115722656,683.5967407226562,112.4329605102539,1.2446383237838745
00144,1,0.5075274109840393,18,111.00099182128906,595.0685424804688,26.166996002197266,9.834176063537598,1.1808217763900757
00107,0,0.984358549118042,2,719.9717407226562,574.1132202148438,162.08460998535156,156.91717529296875,-0.5226808786392212
00107,1,0.13149860501289368,2,283.5346374511719,752.9976806640625,272.77099609375,197.21434020996094,-0.43738090991973877
00107,2,0.9975205063819885,10,333.8701477050781,326.0832824707031,500.3077697753906,289.44219970703125,-0.9968549609184265
00107,3,0.7385632395744324,10,291.2640380859375,745.4048461914062,261.54571533203125,208.18959045410156,-0.24650156497955322
00107,4,0.2817671298980713,10,658.9148559570312,626.17041015625,396.05926513671875,302.5772399902344,-0.8620920777320862
00107,5,0.9621520042419434,14,346.071044921875,330.2720031738281,633.4794921875,440.24755859375,-0.9627814888954163
00107,6,0.9001681804656982,14,721.453857421875,541.4351806640625,270.63812255859375,256.0961608886719,-1.33484947681427
00107,7,0.3100014925003052,14,303.4639892578125,750.9990234375,257.7716064453125,228.47142028808594,-0.3740854263305664
00107,8,0.38723471760749817,18,10.23059368133545,8.8396577835083,14.136894226074219,5.31925630569458,-1.1041741371154785
00107,9,0.1365482062101364,18,604.78271484375,122.22120666503906,13.694307327270508,4.584445476531982,-0.5415147542953491
00084,0,0.9942863583564758,19,418.55426025390625,379.3599548339844,111.90376281738281,92.28060150146484,-1.5654479265213013
00115,0,0.9998742341995239,2,273.78997802734375,453.1344909667969,136.68630981445312,133.86349487304688,1.4507943391799927
00115,1,0.999806821346283,2,522.201416015625,421.1209411621094,139.39404296875,135.43841552734375,1.461734414100647
00115,2,0.9996849298477173,2,462.7345275878906,204.54176330566406,112.17937469482422,111.56388854980469,1.4262810945510864
00115,3,0.9996059536933899,2,274.6510925292969,230.67703247070312,106.53951263427734,106.24829864501953,-0.1267300844192505
00115,4,0.8074499368667603,18,342.4001159667969,14.089764595031738,21.566757202148438,7.886349678039551,1.3491326570510864
00115,5,0.05952869728207588,18,329.9928894042969,24.5914306640625,14.9000883102417,5.402879238128662,0.7560752630233765
00091,0,0.06573458760976791,2,127.81449890136719,476.26800537109375,94.44481658935547,77.67283630371094,0.9831441640853882
00091,1,0.9964206218719482,9,512.9524536132812,349.9038391113281,422.9007873535156,348.45013427734375,0.03658092021942139
00091,2,0.1081777811050415,10,126.75679016113281,477.37713623046875,91.23275756835938,81.83423614501953,1.1286641359329224
00091,3,0.07238785177469254,10,191.44091796875,561.4187622070312,115.63567352294922,72.65087890625,1.021842122077942
00091,4,0.12675456702709198,18,124.89085388183594,544.8228759765625,16.154460906982422,6.7201056480407715,0.6224459409713745
00180,0,0.9994567036628723,2,519.5859985351562,421.6206970214844,134.29470825195312,130.99815368652344,-0.4295567274093628
00180,1,0.9994109869003296,2,411.4649963378906,255.8649139404297,150.85105895996094,145.56619262695312,1.1181365251541138
00180,2,0.9993569254875183,2,365.6769104003906,530.6342163085938,138.35057067871094,128.60345458984375,1.1279531717300415
00180,3,0.9989444613456726,2,257.5594482421875,374.76727294921875,135.02711486816406,130.86923217773438,-0.345706582069397
00180,4,0.07810986787080765,16,764.16796875,22.077592849731445,86.96378326416016,38.3245964050293,-0.44824254512786865
00176,0,0.9991291165351868,7,482.22027587890625,245.25221252441406,554.625244140625,280.3175354003906,0.6400316953659058
00176,1,0.9982921481132507,7,250.06533813476562,569.032470703125,562.6632080078125,272.05657958984375,0.6702691316604614
00176,2,0.9980418682098389,18,285.73480224609375,496.80511474609375,56.95604705810547,11.276042938232422,0.39150500297546387
00176,3,0.9951783418655396,18,434.42041015625,348.38726806640625,38.440879821777344,9.127357482910156,0.6219402551651001
00176,4,0.988637387752533,18,132.18670654296875,386.0658874511719,52.69781494140625,11.0011625289917,-1.116654396057129
00176,5,0.9884472489356995,18,443.07293701171875,284.3658142089844,36.510231018066406,10.61856746673584,1.5245314836502075
00176,6,0.9661548137664795,18,480.4465026855469,378.4842529296875,57.740318298339844,10.506503105163574,0.63355553150177
00176,7,0.7585527896881104,18,303.19158935546875,295.6996154785156,45.524696350097656,8.275066375732422,0.7747882604598999
00176,8,0.613749086856842,18,107.94053649902344,416.6862487792969,12.096479415893555,5.709264755249023,-0.9413424730300903
00176,9,0.4035438299179077,18,356.6429138183594,223.29385375976562,45.04997253417969,8.712509155273438,0.5640374422073364
00176,10,0.38698333501815796,18,63.659584045410156,411.802978515625,20.371984481811523,6.33998441696167,-1.0467572212219238
00176,11,0.25314241647720337,18,119.21697998046875,521.9273681640625,32.453548431396484,8.284693717956543,0.6511534452438354
00176,12,0.24703289568424225,18,484.9421081542969,372.6265869140625,53.6947021484375,6.396984577178955,0.5648936033248901
00176,13,0.14757926762104034,18,359.0975036621094,703.9765625,28.421640396118164,6.848030090332031,-0.6115188002586365
00176,14,0.09535102546215057,18,319.88818359375,577.4889526367188,53.28090286254883,11.091629981994629,0.4286872148513794
00176,15,0.08552548289299011,18,544.5667724609375,373.7294006347656,42.63796615600586,7.263067722320557,0.43226349353790283
00176,16,0.08388211578130722,18,120.98416137695312,385.8930969238281,48.63555908203125,7.340577602386475,-1.269175410270691
00176,17,0.061624035239219666,18,726.9321899414062,586.96044921875,58.46409225463867,12.657655715942383,0.660112738609314
00176,18,0.05660538002848625,18,135.07115173339844,414.0663757324219,28.932405471801758,8.397311210632324,0.47750556468963623
00176,19,0.05229328200221062,18,204.16416931152344,594.3492431640625,19.306737899780273,7.168668746948242,0.6917310953140259
00176,20,0.05020548775792122,18,192.13534545898438,164.81195068359375,14.97160530090332,4.821594715118408,-0.5306481122970581
00065,0,0.9595885276794434,11,276.327392578125,445.8965759277344,366.1394348144531,79.10741424560547,-0.04709506034851074
00065,1,0.9571239948272705,11,314.1622009277344,293.55029296875,301.55499267578125,84.13957214355469,-0.03012847900390625
00065,2,0.8894633650779724,11,289.33966064453125,580.673828125,344.5011291503906,82.15455627441406,-0.03534722328186035
00065,3,0.9995512366294861,13,334.3594055175781,606.7551879882812,53.25908660888672,18.59166717529297,-1.5581403970718384
00065,4,0.9995146989822388,13,58.35529708862305,229.87306213378906,47.75251007080078,16.376209259033203,-1.5658572912216187
00065,5,0.9994342923164368,13,663.2008056640625,110.68033599853516,39.50953674316406,13.702892303466797,-1.436252474784851
00065,6,0.9993696808815002,13,403.6009521484375,612.8875122070312,59.994083404541016,19.82513427734375,-1.5582618713378906
00065,7,0.9992497563362122,13,426.7943115234375,606.8104248046875,64.99791717529297,20.993911743164062,1.563806176185608
00065,8,0.9991878867149353,13,269.1146240234375,604.7538452148438,50.16402053833008,19.65778160095215,1.468722939491272
00065,9,0.9990147352218628,13,471.7475891113281,287.898681640625,84.08526611328125,26.441696166992188,1.5139857530593872
00065,10,0.9989922642707825,13,445.58636474609375,441.44677734375,79.82345581054688,20.817880630493164,1.5435572862625122
00065,11,0.9989551305770874,13,440.3018493652344,245.0757293701172,68.75081634521484,22.247406005859375,1.510703444480896
00065,12,0.9989204406738281,13,309.0312805175781,322.44586181640625,46.2997932434082,16.18009376525879,-1.5595370531082153
00065,13,0.9989190101623535,13,372.4837951660156,423.1029052734375,34.73936080932617,14.19468879699707,1.5629116296768188
00065,14,0.9989141225814819,13,393.5656433105469,252.3408966064453,55.132144927978516,18.61461067199707,1.561486840248108
00065,15,0.9988425374031067,13,420.6513366699219,412.915283203125,55.869972229003906,17.782798767089844,-1.5656057596206665
00065,16,0.9987713694572449,13,81.73301696777344,233.48463439941406,43.132930755615234,16.970388412475586,1.5594888925552368
00065,17,0.9987189769744873,13,742.9911499023438,144.30780029296875,55.081947326660156,19.022987365722656,-1.5202468633651733
00065,18,0.9986018538475037,13,369.2064514160156,256.1595153808594,48.38201141357422,16.705371856689453,1.5510932207107544
00065,19,0.9985852241516113,13,289.58245849609375,421.63031005859375,45.02679443359375,14.54265308380127,1.5075336694717407
00065,20,0.9984990358352661,13,162.4884796142578,426.3971862792969,45.579158782958984,16.760452270507812,1.5614794492721558
00065,21,0.9984812140464783,13,406.937744140625,468.77581787109375,33.929969787597656,12.033638954162598,1.5511726140975952
00065,22,0.9984167814254761,13,312.46185302734375,608.1768798828125,62.889034271240234,19.910429000854492,1.567862629890442
00065,23,0.9984040856361389,13,206.02525329589844,611.5946044921875,54.03093338012695,17.23344612121582,1.5323487520217896
00065,24,0.9980465173721313,13,239.92947387695312,556.4862060546875,31.022024154663086,12.133419036865234,1.5442105531692505
00065,25,0.998021125793457,13,380.20391845703125,605.7444458007812,51.77726364135742,20.9500732421875,1.56779944896698
00065,26,0.99798583984375,13,270.56787109375,425.1861267089844,44.55571365356445,15.85334300994873,1.567670464515686
00065,27,0.9978848099708557,13,27.378488540649414,235.8236846923828,57.20763397216797,19.132362365722656,-1.5646369457244873
00065,28,0.9978801012039185,13,225.98634338378906,607.5055541992188,49.161415100097656,20.662029266357422,1.517724633216858
00065,29,0.9978152513504028,13,165.2923583984375,555.6045532226562,35.86920166015625,14.170656204223633,1.5099703073501587
00065,30,0.9976894855499268,13,321.0287780761719,471.5929260253906,29.357362747192383,11.241921424865723,1.5574792623519897
00065,31,0.997684121131897,13,59.41130828857422,603.7219848632812,41.82561492919922,13.591490745544434,1.5024529695510864
00065,32,0.9976806640625,13,331.177001953125,318.9710693359375,43.9712028503418,11.68526840209961,1.5013514757156372
00065,33,0.9976280331611633,13,203.71986389160156,425.17572021484375,47.988590240478516,15.389354705810547,1.5303586721420288
00065,34,0.9974095225334167,13,452.6828308105469,588.0690307617188,67.91680908203125,22.497360229492188,1.5314303636550903
00065,35,0.9970856308937073,13,373.3193664550781,551.5546264648438,26.62132453918457,11.163370132446289,1.5285207033157349
00065,36,0.9969690442085266,13,348.4441223144531,315.6737060546875,37.738643646240234,13.884613037109375,-1.558371663093567
00065,37,0.9966481328010559,13,183.98675537109375,607.9576416015625,45.19044876098633,17.850252151489258,1.5327614545822144
00065,38,0.9964830875396729,13,246.4402313232422,323.99822998046875,39.845096588134766,16.565763473510742,1.5008794069290161
00065,39,0.996181845664978,13,269.1879577636719,555.6176147460938,29.765382766723633,13.212907791137695,1.5563973188400269
00065,40,0.9960256814956665,13,195.38609313964844,555.690185546875,35.614376068115234,13.39388370513916,1.5494309663772583
00065,41,0.9959686994552612,13,388.44091796875,552.3563232421875,25.603769302368164,11.627159118652344,-1.559902548789978
00065,42,0.9958462119102478,13,391.96929931640625,311.29132080078125,31.436473846435547,11.091706275939941,1.5539642572402954
00065,43,0.9954190254211426,13,43.91069412231445,601.7445678710938,44.878875732421875,15.641500473022461,1.5306960344314575
00065,44,0.9953380823135376,13,139.241943359375,424.26873779296875,53.111690521240234,22.057809829711914,-1.5587304830551147
00065,45,0.9946421384811401,13,291.3193054199219,471.9692687988281,28.419445037841797,12.945440292358398,-1.5478509664535522
00065,46,0.9943735599517822,13,336.00286865234375,467.1346740722656,26.625106811523438,10.877880096435547,1.5655277967453003
00065,47,0.9940118193626404,13,389.17437744140625,468.7818603515625,33.53163146972656,13.673174858093262,1.5230342149734497
00065,48,0.993812084197998,13,396.6754150390625,418.3771667480469,42.87929153442383,17.189071655273438,1.514630675315857
00065,49,0.9923546314239502,13,211.91226196289062,475.9756774902344,27.53774070739746,11.179132461547852,-1.5459901094436646
00065,50,0.990829348564148,13,204.59811401367188,312.9122314453125,20.56050682067871,9.027973175048828,-1.5696547031402588
00065,51,0.9906294941902161,13,242.28964233398438,473.4219665527344,28.801441192626953,10.518641471862793,1.5581609010696411
00065,52,0.9898808002471924,13,446.6914367675781,305.3668518066406,30.198753356933594,12.02841854095459,-1.5477882623672485
00065,53,0.9898192286491394,13,353.4754943847656,424.74951171875,32.78303527832031,12.634075164794922,1.4674626588821411
00065,54,0.9892027974128723,13,376.0864562988281,310.2562561035156,34.327842712402344,12.71969985961914,1.5504430532455444
00065,55,0.9873327612876892,13,305.0126647949219,471.4592590332031,29.147497177124023,11.712652206420898,1.5584386587142944
00065,56,0.9847553372383118,13,225.7323760986328,560.470458984375,23.724380493164062,10.196645736694336,1.545552372932434
00065,57,0.976379930973053,13,217.3872833251953,325.3061828613281,28.762210845947266,10.100715637207031,-1.5348707437515259
00065,58,0.9743724465370178,13,344.95770263671875,551.3184814453125,30.394092559814453,10.613224029541016,-1.5321840047836304
00065,59,0.9741490483283997,13,172.36740112304688,234.91986083984375,39.827903747558594,13.964244842529297,-1.3789280652999878
00065,60,0.9650875926017761,13,421.7598571777344,303.583251953125,24.314828872680664,12.36949348449707,1.5525814294815063
00065,61,0.9372335076332092,13,358.4837646484375,554.9143676757812,26.784912109375,9.993193626403809,-1.56647789478302
00065,62,0.8642158508300781,13,208.20370483398438,562.4439086914062,24.701807022094727,11.093316078186035,-1.5662060976028442
00065,63,0.7125404477119446,13,136.83291625976562,474.9752197265625,23.57670783996582,10.39815616607666,1.528823971748352
00065,64,0.37581345438957214,13,298.0049743652344,318.9737243652344,42.528865814208984,8.434975624084473,1.5494743585586548
00065,65,0.3123947083950043,13,423.27825927734375,258.6310119628906,34.1018180847168,8.328259468078613,1.494533896446228
00065,66,0.16545960307121277,13,78.95401763916016,363.0364685058594,30.27829933166504,8.69132137298584,0.01364445686340332
00065,67,0.11882831156253815,13,143.57821655273438,563.5128784179688,25.687986373901367,8.227890014648438,1.5451313257217407
00065,68,0.9946451187133789,18,102.54291534423828,448.3680725097656,25.159570693969727,9.39218807220459,-0.0372844934463501
00065,69,0.989627480506897,18,103.55611419677734,409.7738952636719,25.919851303100586,10.328413963317871,-0.06662213802337646
00065,70,0.9764226675033569,18,155.89385986328125,278.3511047363281,23.852102279663086,9.672741889953613,0.008185982704162598
00065,71,0.955048143863678,18,103.93610382080078,529.7745361328125,19.469470977783203,8.226746559143066,-0.0346376895904541
00065,72,0.9032599925994873,18,22.58692741394043,490.89337158203125,22.62564468383789,9.929033279418945,-0.03278470039367676
00065,73,0.8483748435974121,18,106.0958023071289,558.6350708007812,15.271099090576172,7.349854946136475,-0.0077048540115356445
00065,74,0.06963622570037842,18,79.14616394042969,363.13092041015625,30.957210540771484,9.35996150970459,0.0009374618530273438
00200,0,0.9512850046157837,6,348.6430969238281,379.08184814453125,235.4638214111328,180.68588256835938,-0.3479815721511841
00200,1,0.43637725710868835,6,511.6588134765625,494.0481872558594,117.0104751586914,19.701160430908203,1.1702791452407837
00200,2,0.23736228048801422,6,375.109619140625,532.3594970703125,385.7752990722656,177.63580322265625,-0.1702810525894165
00021,0,0.9470080733299255,17,411.4482116699219,377.156982421875,559.9722290039062,131.773193359375,1.5267726182937622
00021,1,0.15816372632980347,18,617.9467163085938,473.673583984375,14.474820137023926,4.93351936340332,0.4854508638381958
00163,0,0.9996182918548584,13,223.9615478515625,190.98976135253906,247.4864044189453,43.89680480957031,-0.02655625343322754
00163,1,0.999245285987854,13,582.8579711914062,183.590576171875,222.546630859375,42.10149002075195,-0.03490865230560303
00163,2,0.12776905298233032,13,375.5416259765625,150.7620849609375,22.016876220703125,8.266679763793945,-0.0004417896270751953
00163,3,0.0690566748380661,13,586.0789184570312,145.51194763183594,167.4443817138672,25.488391876220703,-0.02479732036590576
00163,4,0.68880695104599,18,375.9848327636719,150.54481506347656,22.211238861083984,8.197732925415039,-0.024694442749023438
00163,5,0.5644691586494446,18,325.0997619628906,135.70790100097656,36.35826110839844,10.8516263961792,-0.08090877532958984
00163,6,0.2854406535625458,18,735.5562133789062,65.86090850830078,14.401856422424316,7.4365410804748535,1.5322498083114624
00163,7,0.22255070507526398,18,224.27993774414062,152.43289184570312,32.771766662597656,9.609071731567383,-0.000607609748840332
00163,8,0.164260134100914,18,501.8200378417969,31.5355167388916,14.711295127868652,7.816486835479736,-1.5687493085861206
00163,9,0.14484930038452148,18,382.07830810546875,138.8959503173828,29.734573364257812,9.664048194885254,-0.12552237510681152
00163,10,0.12621453404426575,18,706.9229736328125,125.83067321777344,14.555618286132812,7.7502923011779785,-0.18346118927001953
00163,11,0.10524134337902069,18,540.2048950195312,14.624378204345703,18.912723541259766,7.460553169250488,-1.5644372701644897
00163,12,0.05706523358821869,18,706.9637451171875,73.02014923095703,27.242298126220703,7.449863433837891,-1.5244766473770142
00163,13,0.05191440135240555,18,724.1879272460938,137.24957275390625,19.52836799621582,9.418025970458984,1.5557645559310913
00199,0,0.9999773502349854,0,221.02105712890625,444.905517578125,198.42234802246094,138.3016357421875,-0.8356993198394775
00199,1,0.8657630085945129,18,71.11656951904297,82.895263671875,32.413204193115234,10.258295059204102,-0.025235772132873535
00199,2,0.11632846295833588,18,417.2029724121094,306.4870910644531,37.73837661743164,12.549190521240234,1.1836811304092407
00199,3,0.10240188241004944,18,294.8003234863281,358.0054016113281,22.983871459960938,12.591208457946777,-0.9301613569259644
00199,4,0.09034398943185806,18,76.40087890625,109.27738189697266,10.8193359375,7.816253662109375,1.5176149606704712
00104,0,0.9998056292533875,2,309.28265380859375,120.94656372070312,176.92723083496094,176.6861114501953,1.5533920526504517
00104,1,0.999658465385437,2,356.61700439453125,501.6125793457031,133.38742065429688,130.20718383789062,0.01197350025177002
00104,2,0.9997040629386902,16,337.8957214355469,684.9801025390625,96.51184844970703,45.97164535522461,-1.5629433393478394
00104,3,0.9994922876358032,16,123.67259216308594,685.273681640625,96.80875396728516,46.18171310424805,-1.570592999458313
00104,4,0.9994171857833862,16,194.8214111328125,684.4955444335938,92.87185668945312,44.4013671875,1.5650283098220825
00104,5,0.9988974332809448,16,408.5337829589844,683.6334228515625,94.80970764160156,45.81563186645508,1.5648189783096313
00104,6,0.9986323714256287,16,479.23016357421875,684.417236328125,94.3011474609375,42.33625411987305,-1.5583802461624146
00104,7,0.9986261129379272,16,266.0196228027344,683.4215087890625,92.56492614746094,44.833282470703125,-1.5692414045333862
00104,8,0.9251459240913391,18,250.86990356445312,478.81585693359375,22.80426788330078,8.540244102478027,-1.5660992860794067
00078,0,0.9998067021369934,2,505.63909912109375,260.14837646484375,176.6716766357422,171.55880737304688,-1.5531082153320312
00078,1,0.9997841715812683,2,264.8943786621094,232.2650909423828,182.43548583984375,178.29286193847656,-1.5621343851089478
00196,0,0.9998806715011597,8,500.578125,393.35595703125,205.70745849609375,74.79165649414062,0.6291393041610718
00196,1,0.9806833863258362,18,558.2839965820312,302.23492431640625,17.342933654785156,8.487305641174316,-0.9438670873641968
00196,2,0.9141066074371338,18,544.8429565429688,285.7569885253906,32.18046569824219,10.130500793457031,-0.969144344329834
00196,3,0.907159686088562,18,450.6185302734375,482.427001953125,19.738021850585938,9.128103256225586,-0.9608909487724304
00196,4,0.8898516297340393,18,563.9203491210938,259.2648010253906,23.87061309814453,11.179791450500488,-0.8238794207572937
00196,5,0.8868604302406311,18,216.33990478515625,535.897705078125,14.109557151794434,7.113382339477539,0.7715944051742554
00196,6,0.7734512090682983,18,436.1602783203125,499.6346435546875,16.374164581298828,7.454264163970947,-0.9946104884147644
00196,7,0.7461357712745667,18,418.5249938964844,525.8634033203125,19.0767879486084,8.982864379882812,-0.9943069219589233
00196,8,0.6776073575019836,18,129.51739501953125,785.4285278320312,18.64320945739746,7.396956920623779,-0.8544619679450989
00196,9,0.5584441423416138,18,522.84326171875,192.88670349121094,12.749435424804688,5.763801097869873,-0.9362648129463196
00196,10,0.4715490937232971,18,462.872802734375,448.4466247558594,49.60336685180664,17.358318328857422,-0.8327139616012573
00196,11,0.33229848742485046,18,544.4371337890625,490.6628723144531,20.001827239990234,8.757037162780762,-0.9966943860054016
00196,12,0.2546851336956024,18,526.0706176757812,325.3299255371094,53.085906982421875,13.231864929199219,-1.0431082248687744
00196,13,0.23074665665626526,18,263.40081787109375,524.5545654296875,32.11859893798828,12.014137268066406,-1.0851423740386963
00196,14,0.2005297690629959,18,661.2059936523438,389.8016052246094,32.3509407043457,14.439657211303711,-0.9403525590896606
00196,15,0.20023441314697266,18,205.70835876464844,546.5054931640625,13.210344314575195,7.727127552032471,0.957969069480896
00196,16,0.17449870705604553,18,473.98187255859375,454.1682434082031,42.308712005615234,10.23049259185791,-1.0623056888580322
00196,17,0.13621942698955536,18,578.6668701171875,233.31256103515625,37.688289642333984,9.94548225402832,-1.1069315671920776
00196,18,0.12129679322242737,18,792.9375610351562,266.238037109375,104.7284164428711,28.6860408782959,-0.9628828167915344
00196,19,0.07870640605688095,18,500.19952392578125,189.7760772705078,17.371171951293945,7.298198699951172,-0.8418077826499939
00196,20,0.06588204205036163,18,535.906494140625,484.11346435546875,22.6635799407959,6.907534599304199,-1.0419325828552246
00196,21,0.06077529117465019,18,437.5115966796875,446.78961181640625,92.75538635253906,17.266504287719727,-0.9027267694473267
00027,0,0.9997275471687317,15,436.7267150878906,433.21478271484375,270.0561218261719,246.4011993408203,-0.038919925689697266
00027,1,0.7229833006858826,18,156.31906127929688,729.2418823242188,18.630937576293945,7.669150352478027,-0.20063650608062744
00027,2,0.4755594730377197,18,562.1144409179688,640.5413818359375,13.747834205627441,4.847087383270264,-0.7817938327789307
00027,3,0.22398169338703156,18,141.60731506347656,720.5029907226562,16.9815731048584,7.172659397125244,-0.18524599075317383
00027,4,0.16721539199352264,18,158.3899383544922,702.304931640625,13.408421516418457,4.2879791259765625,-0.5006145238876343
00027,5,0.13257421553134918,18,613.8074951171875,627.8280029296875,13.983484268188477,4.467219352722168,-0.5598784685134888
00027,6,0.08762014657258987,18,779.0260009765625,197.61680603027344,15.34547233581543,5.331028938293457,1.321602463722229
00027,7,0.051232144236564636,18,639.0872192382812,3.102293014526367,13.389557838439941,8.837276458740234,1.2436209917068481
00040,0,0.9319502115249634,4,355.9249267578125,355.88043212890625,458.1725158691406,20.35854148864746,-1.4650481939315796
00040,1,0.16442227363586426,6,361.4245910644531,362.3497314453125,503.6269836425781,24.009004592895508,-1.4569183588027954
00040,2,0.9431756734848022,18,338.5618896484375,726.2515258789062,19.887725830078125,8.091394424438477,0.7467042207717896
00040,3,0.685623288154602,18,345.312255859375,755.1644287109375,40.25214767456055,9.568499565124512,0.9782506227493286
00040,4,0.3727983236312866,18,304.3748474121094,709.0830688476562,11.591525077819824,6.85339879989624,-1.0288045406341553
00040,5,0.06673488765954971,18,356.957275390625,747.3283081054688,40.69032287597656,11.193941116333008,0.9713760614395142
00044,0,0.9996976852416992,2,184.81259155273438,511.5079040527344,165.8911590576172,150.9977569580078,-1.359163761138916
00044,1,0.9988447427749634,3,633.1174926757812,290.2884826660156,94.7435073852539,53.581363677978516,1.4277492761611938
00044,2,0.9998964071273804,16,539.0101318359375,253.57830810546875,131.19419860839844,62.36079025268555,1.411382794380188
00044,3,0.9998435974121094,16,459.2620544433594,266.3364562988281,134.5806121826172,62.36819076538086,1.4133871793746948
00044,4,0.9981325268745422,18,138.59982299804688,779.3455200195312,26.817697525024414,11.876498222351074,-1.4245508909225464
00044,5,0.985054075717926,18,67.26229095458984,15.579957008361816,23.5897274017334,10.6580171585083,-0.06866049766540527
00044,6,0.9003096222877502,18,423.2887268066406,796.503173828125,19.051328659057617,10.165793418884277,1.4453529119491577
00044,7,0.09774714708328247,18,3.7066569328308105,61.72170639038086,10.79677963256836,7.531933784484863,1.230310082435608
00090,0,0.8524172902107239,11,344.6266174316406,426.5484313964844,438.1147155761719,63.48029327392578,-1.2965229749679565
00090,1,0.8073969483375549,11,158.942626953125,642.658203125,163.1663055419922,17.7877140045166,-0.04068434238433838
00090,2,0.7355773448944092,11,531.70751953125,570.767822265625,252.3939666748047,106.748046875,0.4635549783706665
00090,3,0.6400843262672424,11,201.74533081054688,734.6220703125,170.56121826171875,52.74974822998047,-0.054241061210632324
00090,4,0.5918890237808228,11,181.91712951660156,457.3438720703125,504.1300354003906,286.7091979980469,1.5434633493423462
00090,5,0.5675678849220276,11,130.1668243408203,445.7364807128906,206.5218505859375,12.396000862121582,-0.059180617332458496
00090,6,0.4621177017688751,11,237.79286193847656,124.9579086303711,271.3996887207031,16.524465560913086,-0.2906074523925781
00090,7,0.18573442101478577,11,118.34236907958984,591.2869873046875,227.52137756347656,13.617637634277344,-0.013314247131347656
00090,8,0.17702007293701172,11,215.6932830810547,509.5059509277344,47.098541259765625,11.929974555969238,-1.204849123954773
00090,9,0.1706598848104477,11,295.1371765136719,38.31527328491211,172.56393432617188,11.94554328918457,-0.14048421382904053
00090,10,0.16757409274578094,11,509.68212890625,726.1624145507812,177.16908264160156,133.1198272705078,0.3895399570465088
00090,11,0.16514599323272705,11,120.33924102783203,517.2050170898438,235.31036376953125,55.45607376098633,-0.03585612773895264
00090,12,0.16083215177059174,11,220.5234832763672,170.81764221191406,252.35610961914062,34.37246322631836,-0.2262781858444214
00090,13,0.141745924949646,11,149.48199462890625,290.505615234375,257.0771179199219,22.507375717163086,-0.20012891292572021
00090,14,0.13353857398033142,11,152.30323791503906,416.8040771484375,234.90484619140625,58.06633377075195,-0.0299835205078125
00090,15,0.1069769337773323,11,134.5293426513672,369.4127502441406,252.69491577148438,25.76530647277832,-0.1859050989151001
00090,16,0.09974954277276993,11,282.7430419921875,251.9278564453125,64.8855972290039,24.0285701751709,-0.8227836489677429
00090,17,0.07985518127679825,11,232.5293426513672,572.0067138671875,54.874595642089844,22.374216079711914,-1.3486545085906982
00090,18,0.07179398089647293,11,241.292724609375,420.8109130859375,62.682003021240234,21.6153621673584,-0.8517580628395081
00090,19,0.056504007428884506,11,263.50958251953125,798.2685546875,50.092430114746094,30.980915069580078,-0.7824318408966064
00090,20,0.9991565942764282,13,486.1009826660156,581.6661987304688,53.38283920288086,17.66975975036621,-1.1724801063537598
00090,21,0.9991208910942078,13,442.4576416015625,541.1425170898438,34.36886978149414,10.508133888244629,0.5075346231460571
00090,22,0.9991084933280945,13,419.4035949707031,588.065185546875,40.8952522277832,14.813706398010254,0.5092850923538208
00090,23,0.9989622831344604,13,412.5213623046875,261.68475341796875,33.55936813354492,12.002572059631348,0.30921733379364014
00090,24,0.9989141225814819,13,462.4029846191406,497.9160461425781,41.03376770019531,13.971175193786621,0.4891546964645386
00090,25,0.9988403916358948,13,510.00677490234375,525.67919921875,37.504886627197266,14.436657905578613,-1.154322862625122
00090,26,0.9987691044807434,13,227.71392822265625,514.82080078125,34.945796966552734,11.681112289428711,-1.0711406469345093
00090,27,0.9985892176628113,13,344.8730163574219,493.8030700683594,28.876066207885742,10.17792797088623,0.30949175357818604
00090,28,0.9981537461280823,13,370.14776611328125,267.2997741699219,30.117155075073242,11.548263549804688,0.9453259706497192
00090,29,0.9980741739273071,13,475.1896057128906,478.4128723144531,42.218177795410156,13.70363712310791,0.5021268129348755
00090,30,0.9976301193237305,13,380.181884765625,231.42971801757812,31.798559188842773,11.098557472229004,0.977723240852356
00090,31,0.9970613121986389,13,330.0127868652344,545.9402465820312,29.78087043762207,12.060136795043945,0.21814274787902832
00090,32,0.9963375329971313,13,314.32171630859375,596.2532348632812,30.741352081298828,11.382944107055664,0.2786163091659546
00090,33,0.9956536293029785,13,419.8088684082031,232.9290008544922,30.982160568237305,11.523454666137695,0.19744372367858887
00090,34,0.9951477646827698,13,305.2743225097656,630.5126953125,30.015972137451172,10.802326202392578,0.3589433431625366
00090,35,0.9931491017341614,13,308.6226501464844,613.6720581054688,27.974224090576172,10.880486488342285,0.24075472354888916
00090,36,0.992590069770813,13,320.4228820800781,440.4563903808594,28.26125717163086,12.046036720275879,1.0200949907302856
00090,37,0.9900671243667603,13,455.2406921386719,512.3451538085938,25.959781646728516,11.04279613494873,0.5283187627792358
00090,38,0.9858716130256653,13,316.4575500488281,152.73095703125,66.26325988769531,22.395713806152344,-0.40319013595581055
00090,39,0.985366940498352,13,449.2239074707031,528.7145385742188,35.16094207763672,12.534131050109863,0.47982919216156006
00090,40,0.9833975434303284,13,359.9148254394531,325.73138427734375,24.068538665771484,10.274377822875977,1.078865885734558
00090,41,0.9475528001785278,13,295.5180969238281,529.0888671875,34.32149887084961,10.50486946105957,1.0619851350784302
00090,42,0.9453301429748535,13,310.4304504394531,474.07586669921875,27.23858642578125,11.234118461608887,0.8636051416397095
00090,43,0.91582190990448,13,338.04620361328125,512.1578369140625,26.563945770263672,11.707630157470703,0.2864418029785156
00090,44,0.10570135712623596,13,357.1606140136719,453.5478820800781,25.42125129699707,7.546184539794922,0.24431562423706055
00090,45,0.06589726358652115,13,284.7192077636719,252.49989318847656,64.09619903564453,21.41248321533203,-0.805181622505188
00090,46,0.05193120613694191,13,19.59819221496582,50.45695495605469,24.497093200683594,10.048104286193848,0.4389246702194214
00076,0,0.9992437362670898,2,233.24459838867188,157.65582275390625,185.42083740234375,183.7362518310547,1.4732476472854614
00076,1,0.9999219179153442,16,183.31480407714844,433.8790588378906,155.77340698242188,73.73030090332031,1.5268858671188354
00076,2,0.9998955726623535,16,404.394287109375,658.8446044921875,157.8672637939453,74.84427642822266,1.5218743085861206
00076,3,0.9998939037322998,16,488.3559265136719,418.3904113769531,158.0049285888672,73.1307601928711,1.5309849977493286
00076,4,0.999891996383667,16,501.3555603027344,654.1884155273438,157.537109375,71.99957275390625,1.5161851644515991
00076,5,0.9998910427093506,16,394.6083984375,424.0320739746094,155.624755859375,73.61251068115234,1.5150893926620483
00076,6,0.999833345413208,16,278.6017150878906,429.7312316894531,156.18687438964844,72.48685455322266,1.5293160676956177
00076,7,0.9996379613876343,18,706.167236328125,568.2272338867188,49.62882995605469,17.506498336791992,1.4724675416946411
00076,8,0.9970542192459106,18,239.75045776367188,664.0938720703125,30.826107025146484,13.791472434997559,-1.4407631158828735
00076,9,0.9580931067466736,18,699.8842163085938,467.97515869140625,30.209491729736328,13.336556434631348,1.5388528108596802
00076,10,0.0534333810210228,18,306.6621398925781,742.7092895507812,18.817832946777344,8.968663215637207,-1.1570852994918823
00106,0,0.9971246123313904,4,393.0442810058594,340.53070068359375,194.42825317382812,178.1125946044922,-0.10708487033843994
00158,0,0.999754011631012,7,427.854736328125,229.5360107421875,448.84039306640625,177.05636596679688,0.23909926414489746
00158,1,0.9994140863418579,7,388.97149658203125,570.2948608398438,481.3678283691406,190.74603271484375,0.1973329782485962
00158,2,0.8940045237541199,18,289.397216796875,512.1990356445312,58.99064636230469,9.87668514251709,0.1467190980911255
00158,3,0.27476122975349426,18,496.256591796875,572.759521484375,28.28380584716797,8.916179656982422,0.31039130687713623
00158,4,0.24285413324832916,18,390.1888122558594,198.18728637695312,14.709234237670898,5.969603061676025,-1.2404347658157349
00158,5,0.05093856900930405,18,291.2479553222656,502.65875244140625,66.17606353759766,11.937417030334473,0.19477522373199463
00165,0,0.9998167157173157,13,526.0358276367188,264.09527587890625,376.6571044921875,68.56999206542969,-1.5706301927566528
00165,1,0.9980054497718811,13,576.6188354492188,250.15003967285156,163.88255310058594,31.049434661865234,-1.5271047353744507
00067,0,0.9982002973556519,12,443.8224792480469,448.7718811035156,560.9495239257812,165.2633514404297,-0.009967327117919922
00067,1,0.9994028806686401,18,281.9537658691406,284.3436584472656,31.524110794067383,13.98887825012207,1.144806981086731
00067,2,0.9989223480224609,18,400.17486572265625,121.56129455566406,32.716827392578125,14.09622573852539,1.2272971868515015
00067,3,0.9526877403259277,18,720.9375610351562,392.75860595703125,25.493181228637695,12.16484260559082,0.0020287036895751953
00151,0,0.058338478207588196,4,331.72235107421875,165.758544921875,21.469493865966797,13.381682395935059,-0.8008028864860535
00151,1,0.8394269347190857,6,307.071044921875,456.2322692871094,420.73345947265625,78.77587127685547,-0.9056296348571777
00151,2,0.36967435479164124,13,202.02818298339844,663.8505859375,20.489103317260742,8.248918533325195,-1.183807134628296
00151,3,0.2410750687122345,13,217.7185821533203,639.06640625,24.61116600036621,7.890405654907227,-0.8022540807723999
00151,4,0.11934824287891388,13,735.5338745117188,484.74432373046875,38.11796569824219,14.003164291381836,-0.2524763345718384
00151,5,0.7012816667556763,18,217.44973754882812,638.7330932617188,23.791723251342773,7.982460021972656,-0.820686399936676
00151,6,0.08919612318277359,18,201.9470672607422,664.1030883789062,19.381587982177734,9.247254371643066,-1.1728250980377197
00194,0,0.05555348843336105,16,457.1277160644531,362.11151123046875,80.47682189941406,29.076452255249023,0.09137368202209473
00194,1,0.9998195767402649,18,240.82174682617188,491.95947265625,73.89405059814453,29.608644485473633,-0.009697794914245605
00194,2,0.9998186230659485,18,153.69898986816406,263.4316101074219,77.26490783691406,29.220806121826172,-0.00879979133605957
00194,3,0.9997853636741638,18,150.0340118408203,539.1054077148438,70.98259735107422,28.243125915527344,-0.006375908851623535
00194,4,0.9997503161430359,18,163.32679748535156,445.68115234375,74.6022720336914,28.713102340698242,0.005724549293518066
00194,5,0.9997314810752869,18,458.1692199707031,363.1324157714844,73.60856628417969,30.64240264892578,-0.01046764850616455
00194,6,0.9994086027145386,18,475.9539794921875,269.7192077636719,82.023681640625,35.51951217651367,-0.009873032569885254
00194,7,0.061122242361307144,18,201.99868774414062,768.1426391601562,117.74528503417969,28.84242820739746,0.05790412425994873
00023,0,0.9112740159034729,1,381.2064514160156,331.40765380859375,821.454833984375,150.61024475097656,-0.020856738090515137
00023,1,0.9944532513618469,10,503.3723449707031,320.54107666015625,44.824161529541016,24.735328674316406,-0.019292593002319336
00155,0,0.996615469455719,10,581.70947265625,386.6233825683594,472.8004455566406,268.2054443359375,1.562970519065857
00155,1,0.9998912811279297,14,574.4893188476562,391.86431884765625,616.9732055664062,452.02728271484375,-1.5383800268173218
00155,2,0.05769003555178642,17,147.6681671142578,625.6858520507812,436.2396240234375,82.77523040771484,-1.5561455488204956
00155,3,0.26761573553085327,18,67.76020050048828,188.52548217773438,34.14850616455078,8.011285781860352,-1.5705467462539673
00010,0,0.9504190683364868,6,368.0221252441406,437.7567443847656,516.6226196289062,110.20423126220703,-0.23162269592285156
00170,0,0.7992161512374878,4,664.1822509765625,432.444091796875,61.664730072021484,8.954926490783691,-0.36618924140930176
00170,1,0.7585180997848511,6,314.4744567871094,500.7891845703125,337.0543518066406,32.18623733520508,0.10527503490447998
00170,2,0.4024425148963928,6,663.0140380859375,434.3337707519531,60.83926010131836,9.059392929077148,-0.36002039909362793
00170,3,0.38502106070518494,6,742.0119018554688,634.6558227539062,51.349647521972656,7.86937141418457,-0.3689979314804077
00170,4,0.19882865250110626,6,701.9735717773438,514.5375366210938,215.0648193359375,79.50090026855469,1.2146209478378296
00170,5,0.19274550676345825,13,148.21182250976562,233.18553161621094,28.932113647460938,8.691737174987793,0.2075512409210205
00170,6,0.09163212031126022,13,205.89564514160156,463.450927734375,15.410401344299316,8.388083457946777,-0.6211652755737305
00005,0,0.999692440032959,15,438.25531005859375,377.9449462890625,119.65675354003906,111.02510070800781,0.021358966827392578
00005,1,0.9973806738853455,18,12.614357948303223,686.6162109375,39.24737548828125,14.724555969238281,-0.03663015365600586
00005,2,0.2901616096496582,18,196.06227111816406,254.89035034179688,18.839433670043945,7.790669918060303,-1.4914137125015259
00005,3,0.05245259404182434,18,273.6093444824219,291.1352233886719,18.708959579467773,8.917204856872559,-1.5084190368652344
00048,0,0.054302893579006195,11,449.6467590332031,392.3295593261719,78.51712036132812,36.14927291870117,0.9483615159988403
00048,1,0.9994426369667053,13,469.2001037597656,296.9955139160156,576.3713989257812,110.82401275634766,0.9099334478378296
00048,2,0.40133970975875854,13,706.5924072265625,728.7767333984375,40.67704772949219,26.04239273071289,-0.5347470045089722
00048,3,0.37128913402557373,13,353.2740783691406,257.625732421875,136.55479431152344,28.216318130493164,0.7548569440841675
00048,4,0.080312080681324,13,385.1969909667969,364.4286804199219,23.627389907836914,9.317108154296875,-0.3765980005264282
00060,0,0.19064044952392578,11,297.1097412109375,322.7797546386719,280.6240234375,112.85859680175781,-1.5130077600479126
00060,1,0.9998623132705688,13,397.42364501953125,339.7674865722656,280.9556884765625,55.77207946777344,1.5567415952682495
00060,2,0.9997326731681824,13,194.5260009765625,306.13238525390625,275.1770935058594,51.04767608642578,-1.5484715700149536
00060,3,0.9996292591094971,13,517.2656860351562,296.5978698730469,270.5223083496094,61.53392791748047,1.4294158220291138
00060,4,0.9987425208091736,13,669.8735961914062,324.27325439453125,164.45155334472656,63.689208984375,-1.5190167427062988
00060,5,0.9979088306427002,13,711.6051635742188,276.56365966796875,29.001985549926758,10.28934383392334,-1.5627957582473755
00060,6,0.5121779441833496,13,501.4344787597656,192.0145263671875,46.11924362182617,18.109039306640625,-0.14338982105255127
00138,0,0.9982650876045227,7,581.1369018554688,500.0804138183594,539.534423828125,253.10739135742188,-0.9180867671966553
00138,1,0.9977083206176758,7,277.12860107421875,325.0205383300781,582.3265991210938,264.09393310546875,-0.8986100554466248
00138,2,0.9939259886741638,18,152.38787841796875,738.508544921875,24.094327926635742,6.460087776184082,-1.0296454429626465
00138,3,0.9923533797264099,18,485.4957580566406,523.1174926757812,19.475915908813477,5.86246919631958,-0.027948617935180664
00138,4,0.9917672276496887,18,440.4787292480469,202.157958984375,27.55978775024414,6.757693290710449,-0.0470043420791626
00138,5,0.9900327920913696,18,595.2601928710938,377.24395751953125,29.68840980529785,7.01443338394165,0.046867966651916504
00138,6,0.9857953786849976,18,397.8067626953125,265.9765930175781,24.111448287963867,7.396079063415527,-0.12581658363342285
00138,7,0.9807044863700867,18,506.6168518066406,440.490966796875,25.372285842895508,6.155386924743652,-0.9658289551734924
00138,8,0.9800859093666077,18,421.42559814453125,438.3655090332031,22.592830657958984,5.500988483428955,-0.9520100355148315
00138,9,0.9764131903648376,18,644.4193725585938,261.1273193359375,16.116605758666992,6.1309332847595215,1.405924916267395
00138,10,0.9695267081260681,18,554.212646484375,434.1839294433594,31.652734756469727,7.295487403869629,-0.11574256420135498
00138,11,0.9539697766304016,18,525.868408203125,277.74383544921875,26.92452049255371,5.438172817230225,-0.958571195602417
00138,12,0.9136670231819153,18,310.2445068359375,539.8225708007812,17.85530662536621,4.967255115509033,-1.0218098163604736
00138,13,0.8994883894920349,18,486.4989929199219,270.97802734375,26.364017486572266,13.0707426071167,-0.8739038705825806
00138,14,0.6510527729988098,18,391.84210205078125,390.0395812988281,35.02653503417969,11.337786674499512,-1.0603371858596802
00138,15,0.3144645392894745,18,518.9723510742188,216.33599853515625,43.35331726074219,8.162330627441406,-1.0997601747512817
00138,16,0.23924529552459717,18,496.6490478515625,419.4202575683594,17.92455291748047,6.053229331970215,-0.9816069006919861
00138,17,0.1979922354221344,18,595.4708862304688,637.94775390625,21.3797607421875,5.411891937255859,-0.9729837775230408
00138,18,0.17421749234199524,18,630.56787109375,205.6248016357422,26.609695434570312,8.182245254516602,-1.0017013549804688
00138,19,0.14864201843738556,18,307.6242980957031,536.779541015625,20.372751235961914,4.584543704986572,-0.8715865015983582
00138,20,0.1448088139295578,18,591.689208984375,634.5731201171875,24.14037322998047,4.874398231506348,-1.0258736610412598
00138,21,0.12640893459320068,18,582.908203125,522.5798950195312,53.693660736083984,10.346112251281738,-0.9167277216911316
00138,22,0.11314240843057632,18,315.3719787597656,594.1307983398438,13.948893547058105,5.789981365203857,-0.9134352207183838
00138,23,0.11093292385339737,18,528.3967895507812,722.8175659179688,28.841032028198242,6.03095817565918,0.35740888118743896
00138,24,0.10750506818294525,18,616.50146484375,459.0665588378906,30.273035049438477,8.919771194458008,-0.9475423693656921
00138,25,0.106796994805336,18,337.0203552246094,568.135986328125,25.666706085205078,7.546440601348877,-0.8614494204521179
00138,26,0.10187423229217529,18,364.915771484375,574.7810668945312,31.85863494873047,5.514482021331787,-0.7603804469108582
00138,27,0.10116832703351974,18,500.9425354003906,250.04637145996094,32.708831787109375,7.704811096191406,-1.006948709487915
00138,28,0.09769652783870697,18,351.6531066894531,395.21527099609375,25.487659454345703,3.282874822616577,-1.2154754400253296
00138,29,0.09665100276470184,18,503.44549560546875,436.79534912109375,28.180322647094727,3.1462290287017822,-0.9139777421951294
00138,30,0.07330881059169769,18,522.6517333984375,274.0499267578125,27.280418395996094,3.5634772777557373,-0.852446436882019
00138,31,0.0723951980471611,18,424.8187255859375,505.8809814453125,20.867990493774414,5.6754326820373535,-0.7735683917999268
00138,32,0.05881863087415695,18,474.2137451171875,533.4500122070312,24.40460968017578,7.7251996994018555,0.34173643589019775
00055,0,0.9999411106109619,8,283.2557373046875,434.4388122558594,244.6411895751953,120.02598571777344,1.5283616781234741
00055,1,0.9927818775177002,18,426.9591064453125,379.9432373046875,90.19491577148438,21.919307708740234,-0.05021226406097412
00055,2,0.9765589237213135,18,559.17822265625,343.93072509765625,102.57562255859375,20.393108367919922,-0.026124954223632812
00055,3,0.8469178676605225,18,427.541748046875,365.89215087890625,83.22200775146484,9.775151252746582,-0.02058422565460205
00055,4,0.4323832392692566,18,560.914306640625,327.0037536621094,85.00997924804688,14.54762077331543,-0.04405331611633301
00055,5,0.1984710842370987,18,678.175048828125,503.4364318847656,25.623903274536133,9.642192840576172,1.5065895318984985
00055,6,0.17169657349586487,18,519.5286254882812,342.4444885253906,21.63886260986328,11.031688690185547,1.2800966501235962
00055,7,0.10620300471782684,18,427.45172119140625,395.905517578125,80.8796157836914,15.839086532592773,-0.049242258071899414
00055,8,0.09863607585430145,18,694.2704467773438,504.008544921875,21.981712341308594,10.54294490814209,-0.08000731468200684
00055,9,0.09061910957098007,18,659.3973388671875,461.1907958984375,33.5665283203125,12.385163307189941,-0.04158616065979004
00153,0,0.9998602867126465,5,504.4140930175781,425.5147399902344,341.8472595214844,245.62950134277344,-1.5680164098739624
00153,1,0.29148924350738525,18,142.95037841796875,456.8361511230469,18.447317123413086,9.074419021606445,-0.006315350532531738
00153,2,0.12384060770273209,18,152.52084350585938,398.94232177734375,17.6033935546875,11.95527172088623,-0.0830615758895874
00182,0,0.9997363686561584,2,463.3260803222656,626.30712890625,199.3060760498047,182.43460083007812,1.5359705686569214
00182,1,0.9995442032814026,2,246.28599548339844,145.19529724121094,197.89483642578125,185.69520568847656,0.0034291744232177734
00022,0,0.9998445510864258,13,589.7929077148438,395.8657531738281,557.5726928710938,106.96804809570312,1.5487383604049683
00097,0,0.5586692094802856,7,300.635498046875,391.5358581542969,176.10955810546875,87.88060760498047,0.26835882663726807
00097,1,0.9195683002471924,8,241.3270263671875,476.04046630859375,43.05205535888672,37.8719482421875,0.4185596704483032
00097,2,0.08877483755350113,8,434.20587158203125,531.9601440429688,43.03498840332031,32.110965728759766,0.3364197015762329
00097,3,0.07001791894435883,8,32.61123275756836,677.9075317382812,15.271294593811035,11.754940032958984,-0.4659217596054077
00097,4,0.05903468281030655,8,303.3270568847656,402.09381103515625,194.4160919189453,119.74468231201172,0.21133899688720703
00097,5,0.9788995385169983,18,445.1355895996094,355.6452331542969,20.557056427001953,8.990450859069824,0.5522104501724243
00097,6,0.12754181027412415,18,486.8978576660156,410.9317321777344,16.86119842529297,6.30153751373291,-1.2830644845962524
00097,7,0.10378320515155792,18,55.54142761230469,762.2804565429688,13.966787338256836,4.673094749450684,-0.6431349515914917
00097,8,0.10001510381698608,18,434.78704833984375,547.0220336914062,20.960792541503906,6.691212177276611,0.29597926139831543
00097,9,0.07229680567979813,18,46.61132049560547,753.8031005859375,17.7459716796875,5.775303840637207,-0.4500528573989868
00109,0,0.9995525479316711,15,163.88510131835938,656.8382568359375,155.49838256835938,138.0509490966797,0.024614334106445312
00109,1,0.9992445707321167,15,326.3858337402344,671.15869140625,151.51235961914062,146.17578125,-0.031188011169433594
00109,2,0.9992095232009888,15,486.4493408203125,656.7045288085938,153.3787078857422,139.6512908935547,0.009709000587463379
00109,3,0.6891961097717285,15,417.3927917480469,576.7716064453125,40.64765548706055,35.157447814941406,-0.06219220161437988
00109,4,0.6855718493461609,15,436.0299072265625,434.28607177734375,15.11676025390625,10.974051475524902,1.5459924936294556
00109,5,0.5592047572135925,15,323.3070373535156,577.9876098632812,15.726426124572754,15.536055564880371,0.007894396781921387
00109,6,0.42959997057914734,15,338.35797119140625,577.15185546875,14.76882553100586,14.09542465209961,-0.04443061351776123
00109,7,0.3691662847995758,15,424.3560791015625,435.3356018066406,14.668835639953613,12.151041030883789,1.550721287727356
00109,8,0.36104297637939453,15,357.6182556152344,575.5973510742188,15.27972412109375,13.702569007873535,-0.06402218341827393
00109,9,0.3503263294696808,15,457.566650390625,436.8460388183594,16.088098526000977,9.07271671295166,-1.5484448671340942
00109,10,0.21581782400608063,15,371.3177185058594,571.986572265625,17.52662467956543,15.856040954589844,-0.04909026622772217
00109,11,0.12086837738752365,15,314.4022216796875,570.2261352539062,13.719704627990723,11.909838676452637,0.0359346866607666
00109,12,0.11757755279541016,15,330.5844421386719,566.9945068359375,14.035724639892578,9.676393508911133,-0.04279828071594238
00109,13,0.05415146052837372,15,414.31817626953125,432.2981872558594,10.860562324523926,8.131856918334961,1.454433560371399
00109,14,0.9008569717407227,18,362.0304870605469,462.80767822265625,18.70102310180664,6.913114547729492,-0.024840712547302246
00109,15,0.757125198841095,18,360.75390625,472.9096984863281,15.756589889526367,6.246804714202881,0.05518901348114014
00109,16,0.6505374908447266,18,342.0238342285156,251.52882385253906,14.751399040222168,5.741772651672363,1.5579277276992798
00109,17,0.5690884590148926,18,326.0315856933594,251.76663208007812,15.519499778747559,6.106441497802734,-1.5629011392593384
00109,18,0.18916544318199158,18,333.83233642578125,251.4193572998047,17.168676376342773,8.752918243408203,1.5444775819778442
00109,19,0.1494394987821579,18,278.1336975097656,249.31275939941406,12.371406555175781,9.374764442443848,1.4762874841690063
00109,20,0.06309029459953308,18,270.4041748046875,248.6096649169922,14.31806755065918,5.43403959274292,-1.5605164766311646
00061,0,0.971272885799408,11,525.2015380859375,351.73760986328125,423.6643371582031,144.39955139160156,0.03522896766662598
00061,1,0.8695217967033386,11,67.2234878540039,519.6653442382812,416.33349609375,87.42733001708984,1.5132561922073364
00061,2,0.7425494194030762,11,543.0067138671875,561.6044921875,437.10418701171875,96.52149200439453,0.0488964319229126
00061,3,0.6815034747123718,11,320.0938415527344,537.0067138671875,477.7607116699219,71.49246978759766,-1.4922152757644653
00061,4,0.33198684453964233,11,190.98353576660156,566.375244140625,377.8311462402344,70.24366760253906,-1.516996145248413
00061,5,0.2742781639099121,11,220.89227294921875,652.2257690429688,159.32379150390625,20.5655460357666,-1.5109879970550537
00061,6,0.11572548747062683,11,188.54171752929688,462.58154296875,137.9063720703125,18.95039939880371,-1.52262282371521
00061,7,0.10750187188386917,11,86.77460479736328,292.3461608886719,131.8721466064453,14.946309089660645,-0.06238698959350586
00061,8,0.9996334314346313,13,715.8170776367188,319.91778564453125,59.19502639770508,18.772642135620117,1.5670217275619507
00061,9,0.9996111989021301,13,214.65054321289062,487.8997802734375,53.84407043457031,18.35154151916504,-1.4920085668563843
00061,10,0.9995051622390747,13,618.3715209960938,400.4881896972656,52.05876159667969,16.69365119934082,-1.5226246118545532
00061,11,0.9994161128997803,13,219.5295867919922,426.7255859375,48.58076477050781,17.738601684570312,-1.5089471340179443
00061,12,0.9992607235908508,13,81.50508880615234,561.4859619140625,50.22777557373047,16.124988555908203,-0.017752885818481445
00061,13,0.999187171459198,13,706.6513061523438,540.2260131835938,47.09270477294922,17.162019729614258,-1.479114294052124
00061,14,0.9991573095321655,13,312.4690856933594,383.7253112792969,58.31059265136719,20.85222816467285,-0.008575916290283203
00061,15,0.9990471005439758,13,665.6870727539062,321.2682189941406,66.42245483398438,22.437946319580078,-1.5403239727020264
00061,16,0.9990469813346863,13,173.36163330078125,550.6431884765625,56.3466682434082,21.20128631591797,-1.5191714763641357
00061,17,0.9990425705909729,13,75.20870208740234,341.50665283203125,52.17591094970703,18.22085952758789,-0.01769733428955078
00061,18,0.9988019466400146,13,611.5292358398438,536.1791381835938,45.42026901245117,14.824028968811035,1.5593453645706177
00061,19,0.9986571073532104,13,306.737548828125,554.1181030273438,47.96389389038086,17.136903762817383,0.01967024803161621
00061,20,0.9985199570655823,13,580.7744750976562,595.5709228515625,37.15770721435547,13.986130714416504,-1.4935883283615112
00061,21,0.9984316229820251,13,181.55859375,624.6688842773438,59.3231201171875,22.16969108581543,-1.4699896574020386
00061,22,0.9983710646629333,13,312.3028869628906,510.3484191894531,45.519046783447266,15.522381782531738,0.07298779487609863
00061,23,0.9983291029930115,13,518.7015380859375,529.22314453125,36.79894256591797,14.61030101776123,-1.4389318227767944
00061,24,0.9980452060699463,13,18.001068115234375,332.1527404785156,77.67431640625,21.73564910888672,1.5182193517684937
00061,25,0.9980407357215881,13,679.7930908203125,405.804931640625,52.983070373535156,16.13779067993164,-1.5521951913833618
00061,26,0.9979261159896851,13,470.0335998535156,524.5232543945312,41.56488800048828,13.950061798095703,1.5456970930099487
00061,27,0.9978054165840149,13,756.2289428710938,560.0501708984375,44.60438537597656,16.80409812927246,0.06585943698883057
00061,28,0.9975462555885315,13,711.5140380859375,408.1149597167969,62.1705322265625,21.82388687133789,-1.5132417678833008
00061,29,0.9963575005531311,13,565.3690185546875,534.9105834960938,36.333980560302734,14.905616760253906,-1.4393889904022217
00061,30,0.9947484135627747,13,538.5305786132812,534.2075805664062,37.557464599609375,13.844457626342773,-1.5416170358657837
00061,31,0.9905192852020264,13,304.5413818359375,685.7698364257812,27.18004608154297,10.164669036865234,0.0676192045211792
00061,32,0.9838691353797913,13,298.7896423339844,642.8488159179688,29.565412521362305,9.786852836608887,0.06604063510894775
00061,33,0.9610388278961182,13,423.3878173828125,527.8473510742188,33.277626037597656,15.572296142578125,-1.5323965549468994
00061,34,0.9416722059249878,13,300.00628662109375,601.1406860351562,25.12081527709961,9.88034439086914,0.027066826820373535
00061,35,0.721072793006897,13,167.4011993408203,717.660400390625,24.875503540039062,10.013336181640625,0.08254015445709229
00061,36,0.6501420736312866,13,189.40261840820312,420.164794921875,53.11476516723633,22.204877853393555,-1.4729580879211426
00061,37,0.4212399423122406,13,289.82421875,795.998046875,51.534461975097656,17.9295711517334,0.07893025875091553
00061,38,0.326561838388443,13,494.02728271484375,533.7928466796875,34.804012298583984,14.662650108337402,-1.548994541168213
00061,39,0.21549750864505768,13,168.56150817871094,667.8646240234375,44.58354187011719,16.744503021240234,0.09541130065917969
00061,40,0.12935899198055267,13,351.1512145996094,353.53436279296875,18.07758903503418,6.964766502380371,-1.4723992347717285
00061,41,0.08231744170188904,13,234.61929321289062,790.1444091796875,25.384775161743164,13.834033012390137,0.15499651432037354
00061,42,0.9570649266242981,18,21.203624725341797,743.0660400390625,22.283992767333984,10.288548469543457,1.569048523902893
00061,43,0.11900041252374649,18,0.0,759.1865844726562,17.42758560180664,9.555099487304688,-1.205162763595581
00077,0,0.9999338388442993,3,411.7380676269531,560.326904296875,220.76382446289062,128.8954620361328,0.02589094638824463
00077,1,0.9999289512634277,3,417.9757080078125,428.4371337890625,211.87998962402344,131.25820922851562,0.004799008369445801
00077,2,0.9962361454963684,18,386.3487548828125,164.37066650390625,35.944793701171875,16.41977310180664,-1.5514174699783325
00077,3,0.16099955141544342,18,552.9588012695312,124.91021728515625,18.461355209350586,15.71654224395752,1.3762108087539673
00112,0,0.9999727010726929,10,583.3199462890625,441.787353515625,596.0567626953125,296.80615234375,-1.473056435585022
00112,1,0.17482005059719086,15,80.28413391113281,201.47247314453125,25.448904037475586,23.193368911743164,1.4769285917282104
00112,2,0.5723483562469482,18,245.05191040039062,105.67124938964844,12.749833106994629,5.201882362365723,1.3440200090408325
00156,0,0.9703923463821411,6,425.854248046875,517.5225830078125,378.25909423828125,105.82118225097656,-0.009449601173400879
00111,0,0.4005430340766907,4,216.70301818847656,630.6763916015625,40.474815368652344,13.788305282592773,-0.4163721799850464
00111,1,0.259806364774704,4,431.8480529785156,101.10858917236328,53.9120979309082,11.978846549987793,0.6668025255203247
00111,2,0.185568168759346,4,184.03553771972656,644.5899047851562,27.47481918334961,6.313342094421387,-0.1313849687576294
00111,3,0.0642908588051796,4,466.2477722167969,747.6820678710938,25.245460510253906,5.452394008636475,-1.4629244804382324
00111,4,0.06044172868132591,4,488.5805358886719,81.01326751708984,43.81827926635742,13.319412231445312,0.8921433687210083
00111,5,0.8713731169700623,6,432.265869140625,509.9923095703125,413.16015625,44.595428466796875,-0.5387595891952515
00111,6,0.8377056121826172,6,83.9568862915039,451.76336669921875,291.821533203125,41.24076843261719,0.8646517992019653
00111,7,0.6475157737731934,6,430.8416442871094,99.87194061279297,52.92488479614258,12.520350456237793,0.5951200723648071
00111,8,0.20171232521533966,6,330.474365234375,386.8631286621094,560.4580688476562,502.0801086425781,-0.7064347863197327
00111,9,0.05907151848077774,7,238.85971069335938,679.2904052734375,80.07228088378906,36.131160736083984,1.0539342164993286
00111,10,0.08081665635108948,12,701.760498046875,251.54354858398438,48.62442398071289,10.020675659179688,0.16064751148223877
00111,11,0.25084778666496277,15,570.9204711914062,708.6699829101562,17.70780372619629,16.460744857788086,-0.11263740062713623
00086,0,0.9995853304862976,15,405.4969482421875,355.390380859375,167.9542999267578,145.7060546875,0.009908914566040039
00086,1,0.9991629123687744,15,367.61529541015625,496.7374572753906,119.57488250732422,105.81909942626953,0.0037152767181396484
00125,0,0.9854193925857544,19,225.14364624023438,655.996337890625,68.36351013183594,26.441110610961914,1.551277756690979
00125,1,0.9847559332847595,19,68.04397583007812,169.66017150878906,58.2129020690918,24.201400756835938,1.5538913011550903
00125,2,0.9803733825683594,19,566.3860473632812,389.23358154296875,74.71041870117188,21.57558250427246,1.567355751991272
00088,0,0.9947691559791565,4,421.46087646484375,497.70867919921875,284.4903869628906,124.12052154541016,0.013918519020080566
00088,1,0.9688346982002258,4,450.6085510253906,182.17672729492188,129.2998046875,100.33003234863281,-0.07643485069274902
00088,2,0.12121937423944473,12,447.6378479003906,180.91018676757812,127.74678802490234,105.50373840332031,-0.004543662071228027
00063,0,0.9995023012161255,15,525.032958984375,438.5506591796875,207.52613830566406,193.1450958251953,-1.5659230947494507
00127,0,0.9819802045822144,19,138.42251586914062,696.337158203125,84.61753845214844,62.13319396972656,1.5482956171035767
00127,1,0.9689937829971313,19,715.27880859375,657.0636596679688,85.68445587158203,49.10512161254883,1.5653663873672485
00127,2,0.9290940165519714,19,370.96636962890625,125.13927459716797,54.93230438232422,44.0351448059082,-0.02588057518005371
00161,0,0.9997978806495667,2,404.96282958984375,513.9209594726562,195.11155700683594,180.28607177734375,1.550618052482605
00161,1,0.9997790455818176,2,405.0464172363281,269.91546630859375,190.3362579345703,188.2351837158203,0.016730070114135742
00002,0,0.9995070695877075,8,267.3179626464844,268.8758544921875,64.39154052734375,61.26694869995117,1.422753930091858
00002,1,0.9304644465446472,18,305.73675537109375,233.011962890625,18.328598022460938,7.879512786865234,-0.14524126052856445
00002,2,0.5892083644866943,18,57.29942321777344,236.46243286132812,16.7762393951416,8.620190620422363,0.15454697608947754
00002,3,0.4267021119594574,18,61.52769470214844,255.85105895996094,16.91192626953125,6.534226417541504,0.18085932731628418
00002,4,0.10636136680841446,18,356.746826171875,367.3558349609375,13.379348754882812,8.368552207946777,1.2232006788253784
00002,5,0.09315524995326996,18,302.5947265625,227.5311737060547,21.8265323638916,6.519648551940918,-0.07968735694885254
00002,6,0.088679738342762,18,324.76336669921875,248.7592010498047,13.403989791870117,7.7381672859191895,-0.2172771692276001
00179,0,0.9999532699584961,0,739.3997802734375,533.0509033203125,97.50234985351562,94.95191192626953,-1.558997392654419
00179,1,0.9999470710754395,0,65.81737518310547,311.3575439453125,100.9657974243164,91.1866455078125,-1.5436886548995972
00179,2,0.9999345541000366,0,290.97003173828125,535.9502563476562,100.96070861816406,91.4246826171875,-1.5526195764541626
00179,3,0.9999070167541504,0,402.9117126464844,534.6199340820312,97.73329162597656,89.5416488647461,-1.5547236204147339
00179,4,0.9998921155929565,0,622.6624755859375,307.3294982910156,97.06768798828125,93.02560424804688,1.5291377305984497
00179,5,0.9998886585235596,0,737.5357055664062,306.8458251953125,96.0947265625,88.9062728881836,-1.5654245615005493
00179,6,0.9998617172241211,0,513.56982421875,305.1576232910156,93.55052185058594,89.64573669433594,1.5548683404922485
00179,7,0.9998612403869629,0,177.02267456054688,309.22064208984375,95.97599792480469,91.2226791381836,-1.5618091821670532
00179,8,0.9998160004615784,0,514.1663208007812,534.618896484375,98.32212829589844,94.11233520507812,-1.563392996788025
00179,9,0.935945987701416,18,789.3905029296875,728.3754272460938,14.826675415039062,6.018286228179932,-1.5659152269363403
00179,10,0.531014084815979,18,792.5198364257812,704.58154296875,16.480064392089844,6.5002641677856445,0.1611616611480713
00179,11,0.33601444959640503,18,748.292724609375,781.687255859375,27.76338768005371,7.243714809417725,1.557052731513977
00179,12,0.20911288261413574,18,754.9898071289062,742.6723022460938,28.533823013305664,7.926699638366699,0.10653674602508545
00179,13,0.06328807771205902,18,167.78298950195312,725.4782104492188,25.311925888061523,8.123515129089355,-0.02628326416015625
00096,0,0.08589903265237808,4,516.1937255859375,581.2824096679688,175.10299682617188,114.06404113769531,-1.105661153793335
00096,1,0.9999121427536011,18,305.27081298828125,222.5059051513672,72.53116607666016,28.02884292602539,-1.0149128437042236
00096,2,0.9998922348022461,18,181.60293579101562,158.3704071044922,96.35468292236328,39.61553955078125,-1.090824842453003
00096,3,0.999804675579071,18,723.8421020507812,146.02520751953125,79.91848754882812,29.305885314941406,0.05622363090515137
00096,4,0.9996376037597656,18,722.4736938476562,55.28144836425781,85.21358489990234,34.75505065917969,-0.022578835487365723
00096,5,0.9996225833892822,18,427.0010070800781,283.0790710449219,87.21563720703125,37.37696838378906,-1.0958279371261597
00096,6,0.7116828560829163,18,296.1033020019531,431.92864990234375,50.00737380981445,31.1115665435791,-1.0553261041641235
00096,7,0.11342605948448181,18,416.4375915527344,569.035888671875,51.36600875854492,12.78642463684082,-1.104096531867981
00058,0,0.9048393368721008,1,476.1622619628906,403.64520263671875,763.07958984375,60.74343490600586,1.0225034952163696
00118,0,0.9999240636825562,16,167.55734252929688,241.26171875,129.00680541992188,59.12718200683594,-1.568393588066101
00118,1,0.9998249411582947,16,269.4365234375,442.1479187011719,130.12278747558594,62.790096282958984,-1.55811607837677
00118,2,0.9997908473014832,16,489.3125305175781,440.0242004394531,132.9988555908203,64.45652770996094,-1.5575748682022095
00118,3,0.999788224697113,16,271.32806396484375,644.3429565429688,130.64549255371094,62.044864654541016,1.5676606893539429
00118,4,0.9997732043266296,16,489.96484375,641.945068359375,130.2603759765625,64.10794067382812,1.5676385164260864
00118,5,0.999754011631012,16,370.7982482910156,441.0931091308594,128.7433319091797,63.45819854736328,1.5694185495376587
00118,6,0.9997369647026062,16,371.3211669921875,643.6072387695312,131.8971710205078,61.897762298583984,1.5609804391860962
00118,7,0.9977370500564575,18,411.2107849121094,770.0337524414062,25.068355560302734,10.048108100891113,1.1445046663284302
00118,8,0.12674014270305634,18,791.2896728515625,484.5323791503906,22.5998592376709,9.332964897155762,1.5200172662734985
00118,9,0.06655646860599518,18,722.0940551757812,404.718017578125,12.637734413146973,8.43537425994873,1.2608600854873657
00083,0,0.9994645714759827,7,320.3573913574219,486.94244384765625,354.5848388671875,162.82911682128906,1.0928353071212769
00083,1,0.9989294409751892,7,531.23779296875,382.67413330078125,365.42730712890625,161.49114990234375,1.088715672492981
00083,2,0.8996183276176453,12,422.4638671875,423.3929138183594,124.201171875,9.413195610046387,-0.4403259754180908
00142,0,0.9999685287475586,0,84.8463363647461,589.1331787109375,72.32821655273438,49.95909881591797,1.4973210096359253
00142,1,0.9999254941940308,0,130.185791015625,83.37725830078125,106.69186401367188,98.12635040283203,-0.021522164344787598
00142,2,0.9998644590377808,0,125.86639404296875,355.4688415527344,69.02851867675781,54.22874069213867,-0.03567683696746826
00142,3,0.9996017813682556,0,698.9351196289062,598.0128173828125,81.73388671875,50.68124008178711,1.4991427659988403
00142,4,0.9993846416473389,18,365.939697265625,298.2712097167969,46.41614532470703,14.466166496276855,1.5705353021621704
00142,5,0.9992178678512573,18,441.1439514160156,295.2452697753906,56.138240814208984,17.447757720947266,1.5636407136917114
00142,6,0.9984821677207947,18,380.8726501464844,158.50244140625,36.44293212890625,15.164085388183594,0.013024568557739258
00142,7,0.9972931742668152,18,480.0831298828125,294.5108337402344,70.3937759399414,16.6368465423584,-1.5434213876724243
00142,8,0.9898498058319092,18,382.1405334472656,232.7559051513672,43.5179557800293,18.188146591186523,-0.028115034103393555
00142,9,0.9812151193618774,18,381.514404296875,120.97186279296875,46.31315231323242,16.419700622558594,-0.012018203735351562
00142,10,0.9808700680732727,18,375.9145202636719,197.2415313720703,34.12230682373047,16.19447135925293,0.007948756217956543
00142,11,0.07463455200195312,18,143.88023376464844,663.2318725585938,19.83557891845703,12.11612606048584,0.01804649829864502
00001,0,0.1600203961133957,4,84.4832534790039,582.4057006835938,22.69146728515625,4.116230010986328,-0.5449461936950684
00001,1,0.9971388578414917,9,424.4129333496094,454.8609313964844,541.3063354492188,429.7918395996094,0.01804375648498535
00001,2,0.18894176185131073,10,133.6178436279297,661.6024169921875,67.70116424560547,27.063257217407227,1.3668638467788696
00001,3,0.06013498082756996,18,330.9620361328125,797.6970825195312,10.422660827636719,8.07244873046875,0.7464815378189087
00026,0,0.9996528625488281,2,354.2859802246094,430.3854064941406,127.4515380859375,121.69161987304688,-0.008960366249084473
00026,1,0.9995526671409607,2,360.2841491699219,246.90394592285156,137.69488525390625,119.5638198852539,-0.023585915565490723
00026,2,0.9994708895683289,2,531.682861328125,243.12081909179688,123.7021255493164,121.29488372802734,0.008675575256347656
00026,3,0.9993595480918884,2,529.9342041015625,408.35028076171875,99.77245330810547,99.4681396484375,-1.5655614137649536
00026,4,0.2637450397014618,3,192.47634887695312,750.6940307617188,80.13569641113281,79.85123443603516,0.2333693504333496
00026,5,0.3589903712272644,16,312.6593017578125,109.86898040771484,60.61235046386719,32.153202056884766,0.7695609331130981
00026,6,0.10620079934597015,18,751.3905639648438,794.5984497070312,23.874374389648438,10.590487480163574,-0.48777759075164795
00026,7,0.07471304386854172,18,636.742431640625,688.8948364257812,18.388343811035156,9.076366424560547,1.4412790536880493
00190,0,0.8877742290496826,1,400.5802307128906,386.3395690917969,552.0552368164062,65.23165893554688,-0.6055813431739807
00190,1,0.12448719143867493,4,668.86962890625,414.1408996582031,32.07602310180664,6.157899379730225,-1.493627905845642
00190,2,0.053145963698625565,4,740.500244140625,713.6295776367188,18.27371597290039,6.379364490509033,-1.2962619066238403
00190,3,0.051485735923051834,10,787.58154296875,385.7315979003906,24.308372497558594,18.85300636291504,-1.5210323333740234
00190,4,0.08878578245639801,18,659.2677001953125,673.4349975585938,24.46274757385254,8.496503829956055,-1.4960267543792725
00082,0,0.9999295473098755,16,326.341552734375,397.6161193847656,219.4947509765625,101.8758544921875,-1.2281495332717896
00082,1,0.9999288320541382,16,478.5291442871094,450.5664978027344,217.54611206054688,103.63751983642578,-1.236139178276062
00082,2,0.9999042749404907,16,619.1055908203125,498.90576171875,220.2607879638672,102.14649963378906,-1.2400448322296143
00082,3,0.9998354911804199,16,202.15737915039062,354.39691162109375,219.29312133789062,105.04077911376953,-1.2351927757263184
00082,4,0.9998475313186646,18,89.79521179199219,542.6846313476562,45.607479095458984,18.763505935668945,1.4061471223831177
00082,5,0.9998050332069397,18,316.1053161621094,618.7315673828125,42.38386917114258,16.7608699798584,1.4312463998794556
00082,6,0.9997958540916443,18,191.46266174316406,575.0947265625,44.88383483886719,19.79023551940918,1.4239588975906372
00082,7,0.9952149391174316,18,143.49075317382812,563.5007934570312,39.534950256347656,16.98260498046875,1.4387518167495728
00082,8,0.6726876497268677,18,339.2482604980469,736.69580078125,30.52018928527832,14.763823509216309,-1.2179429531097412
00073,0,0.268930047750473,4,443.2773132324219,119.7723159790039,38.18538284301758,11.227872848510742,-0.5171973705291748
00073,1,0.17805863916873932,4,666.80517578125,484.8233337402344,20.041759490966797,6.096495151519775,-0.9793749451637268
00073,2,0.05565548688173294,10,571.9013061523438,763.7760009765625,30.72654151916504,16.798213958740234,-0.7981442213058472
00073,3,0.16434775292873383,12,444.3581237792969,118.75102996826172,45.343441009521484,11.573908805847168,-0.5545707941055298
00073,4,0.12787972390651703,12,665.956298828125,486.1223449707031,24.360410690307617,5.888852119445801,-1.0766650438308716
00073,5,0.5000041723251343,17,216.31124877929688,222.69264221191406,140.87692260742188,42.757938385009766,-0.7190659046173096
00073,6,0.47246116399765015,17,60.34138870239258,513.3461303710938,114.31661224365234,51.641475677490234,-0.6961913108825684
00073,7,0.08715365827083588,17,190.5235137939453,306.77313232421875,641.9921264648438,112.05432891845703,-0.8684070706367493
00046,0,0.9987865090370178,4,357.51519775390625,397.9237976074219,219.5138702392578,196.03195190429688,-1.3312324285507202
00197,0,0.999799907207489,12,394.90289306640625,408.2967834472656,615.9697875976562,124.11894989013672,-0.08612573146820068
00197,1,0.9976624250411987,18,345.80218505859375,499.5627136230469,37.66749954223633,15.271048545837402,-1.4844576120376587
00197,2,0.9975774884223938,18,401.16912841796875,104.98169708251953,34.42767333984375,15.548599243164062,-1.4283515214920044
00197,3,0.996436595916748,18,419.916259765625,721.0697631835938,31.692729949951172,13.261725425720215,-1.5190706253051758
00197,4,0.9947159886360168,18,483.1244201660156,195.5836944580078,109.1985855102539,20.81562614440918,-1.4361037015914917
00197,5,0.05355719104409218,18,341.4886169433594,98.59678649902344,12.102249145507812,6.205504417419434,1.5647352933883667
00129,0,0.2584497332572937,11,488.5908203125,451.8659362792969,782.6726684570312,145.13014221191406,1.53240168094635
00129,1,0.06171466410160065,11,399.8700866699219,437.02679443359375,584.7744750976562,68.50212860107422,-1.479569911956787
00129,2,0.9996107220649719,13,412.1159973144531,253.271728515625,200.03170776367188,66.52340698242188,-1.402803659439087
00129,3,0.9989268183708191,13,382.4952697753906,641.0009765625,223.531494140625,70.30403900146484,-1.5692745447158813
00129,4,0.998497724533081,13,453.253662109375,105.35646057128906,98.74796295166016,34.120399475097656,1.3415623903274536
00129,5,0.24908997118473053,13,112.3480453491211,209.32823181152344,16.575382232666016,7.817437648773193,0.2718721628189087
00129,6,0.9978356957435608,18,578.9403686523438,513.9646606445312,40.90310287475586,17.64520263671875,-0.7541375756263733
00129,7,0.9946919083595276,18,537.1707153320312,579.726806640625,40.26691818237305,18.874998092651367,-0.5506200790405273
00129,8,0.3044350743293762,18,696.7592163085938,396.7682800292969,48.22102737426758,17.102087020874023,-0.6919296979904175
00181,0,0.07462304085493088,3,673.4539184570312,694.6683349609375,65.72651672363281,30.078123092651367,1.5376566648483276
00181,1,0.0643761083483696,3,626.4970703125,693.6466674804688,69.95785522460938,46.53489303588867,-1.4248452186584473
00181,2,0.9973157048225403,10,294.2094421386719,358.11309814453125,583.17236328125,342.2012023925781,-1.5692580938339233
00181,3,0.999885082244873,14,290.4482116699219,359.3619689941406,700.1483154296875,526.798095703125,1.547895073890686
00181,4,0.9338622093200684,16,673.4382934570312,702.750732421875,75.74668884277344,36.211181640625,-1.5512380599975586
00181,5,0.050938885658979416,16,507.026123046875,344.3739318847656,321.2326354980469,103.52262115478516,1.5361686944961548
00181,6,0.5496554374694824,18,440.9437255859375,758.8941040039062,21.632505416870117,7.748103141784668,-0.1185910701751709
00181,7,0.14194868505001068,18,4.728677749633789,217.46731567382812,18.635028839111328,7.690415859222412,1.55276358127594
00051,0,0.9998297691345215,8,297.7861022949219,478.1623840332031,198.54986572265625,77.96534729003906,1.0852972269058228
00051,1,0.2575158178806305,18,256.2608947753906,503.2690124511719,30.354049682617188,15.528082847595215,-0.20485103130340576
00051,2,0.0735161080956459,18,44.045677185058594,480.7106628417969,49.83882141113281,18.496042251586914,-0.4744323492050171
00014,0,0.25090616941452026,4,761.1632080078125,315.5928039550781,39.36726379394531,14.822614669799805,-0.4166353940963745
00014,1,0.9997257590293884,15,181.606689453125,588.7427368164062,162.54092407226562,155.53768920898438,0.00990450382232666
00014,2,0.999451220035553,15,625.9651489257812,515.2489013671875,120.50707244873047,115.67462921142578,1.5312262773513794
00014,3,0.9992641806602478,15,385.42529296875,601.1766357421875,120.13631439208984,116.9407730102539,-1.5687917470932007
00014,4,0.9992573857307434,15,506.75604248046875,558.515380859375,120.90747833251953,114.36311340332031,1.4981757402420044
00094,0,0.9997932314872742,2,641.0765991210938,207.39109802246094,211.69187927246094,206.94256591796875,1.5144191980361938
00094,1,0.9997360110282898,18,439.32342529296875,631.9171752929688,29.13909339904785,10.689986228942871,0.4282931089401245
00094,2,0.999321460723877,18,198.7887725830078,589.098876953125,28.049488067626953,13.371389389038086,-1.5690232515335083
00094,3,0.99908447265625,18,421.079345703125,684.8231811523438,27.892576217651367,14.80843448638916,1.5592645406723022
00094,4,0.9987760186195374,18,246.01512145996094,676.3721313476562,34.962677001953125,14.229562759399414,1.5698059797286987
00094,5,0.9983121156692505,18,265.58953857421875,439.7826843261719,39.049705505371094,16.520103454589844,1.559259295463562
00094,6,0.9976409673690796,18,488.4139099121094,596.74658203125,35.10752868652344,15.009405136108398,-1.5694338083267212
00094,7,0.9971408843994141,18,102.21029663085938,434.11199951171875,37.80936813354492,15.863245010375977,-1.4561784267425537
00094,8,0.994140088558197,18,602.2403564453125,708.1425170898438,26.522178649902344,12.60506534576416,-1.3932850360870361
00094,9,0.9925468564033508,18,387.1449890136719,755.8351440429688,30.439851760864258,12.590744018554688,-1.5702544450759888
00094,10,0.990972638130188,18,570.8403930664062,696.3211059570312,34.05908966064453,15.213459968566895,-1.4821012020111084
00094,11,0.9909346699714661,18,138.142822265625,434.9176025390625,36.80366516113281,15.810120582580566,-1.5415587425231934
00094,12,0.9898366332054138,18,389.459716796875,591.3247680664062,28.3712215423584,13.532470703125,1.543441891670227
00094,13,0.982840895652771,18,653.877685546875,714.7841796875,30.376161575317383,12.757575988769531,-1.3095911741256714
00094,14,0.9426604509353638,18,47.33045959472656,586.0557861328125,28.187332153320312,15.901103973388672,-1.4618175029754639
00094,15,0.06737761199474335,18,484.5597229003906,662.64013671875,27.0111026763916,10.061601638793945,0.16688275337219238
00094,16,0.050800032913684845,18,522.981201171875,527.0609741210938,150.340576171875,24.909183502197266,0.4554387331008911
00059,0,0.9999243021011353,2,479.65765380859375,240.39016723632812,296.0513916015625,278.5294494628906,0.17844581604003906
00059,1,0.9998691082000732,2,199.19741821289062,542.4274291992188,214.37039184570312,203.697998046875,0.07512772083282471
00059,2,0.5027322173118591,16,748.0469360351562,246.60504150390625,117.70591735839844,58.887733459472656,-1.493440866470337
00087,0,0.9982561469078064,10,387.4047546386719,496.34051513671875,666.9091186523438,336.2039489746094,0.47938334941864014
