image_id,pred_id,detection_score,class_id,cx,cy,w,h,angle_rad
00172,0,0.8280311226844788,4,482.96246337890625,457.6285705566406,389.1491394042969,201.46473693847656,-0.045131925493478775
00172,1,0.3209671974182129,4,370.38702392578125,374.769775390625,124.8962173461914,33.2385368347168,-0.026317954063415527
00172,2,0.18125900626182556,4,459.089599609375,602.6441040039062,354.8056335449219,98.38640594482422,-0.008967757225036621
00172,3,0.13723409175872803,6,457.7467956542969,605.2955932617188,327.0549011230469,96.90387725830078,0.037657976150512695
00172,4,0.09309769421815872,6,367.32318115234375,375.4809875488281,123.52278137207031,35.060638427734375,-0.00986778736114502
00172,5,0.06576643139123917,4,526.4979858398438,364.5381164550781,110.54278564453125,24.803281784057617,-0.03390252962708473
00172,6,0.06426925212144852,19,482.4207458496094,455.69610595703125,363.1327209472656,205.1555633544922,-0.048318032175302505
00172,7,0.06304018199443817,11,474.63446044921875,604.4574584960938,413.0832824707031,106.04838562011719,0.03190743923187256
00172,8,0.05506230890750885,12,478.5294189453125,454.3197021484375,372.5731506347656,203.91159057617188,-0.04364299401640892
00092,0,0.8477616310119629,13,532.3930053710938,373.6725158691406,62.890411376953125,18.834836959838867,-1.5602917224776487
00092,1,0.8466429114341736,13,370.9183654785156,647.4578857421875,87.46146392822266,23.842384338378906,-1.5491883317616324
00092,2,0.8465448021888733,13,396.92730712890625,550.54248046875,63.19660949707031,21.040740966796875,-1.5694018166421468
00092,3,0.8454340696334839,13,578.7576904296875,107.98048400878906,53.833335876464844,17.859050750732422,1.5678300420430045
00092,4,0.8435375690460205,13,340.7527160644531,544.2083129882812,76.659423828125,19.518884658813477,-1.5629845420506339
00092,5,0.8397058248519897,13,582.1035766601562,373.4752502441406,62.530853271484375,19.125,-1.5558156530049185
00092,6,0.8389995694160461,13,314.92486572265625,313.74786376953125,70.42218017578125,20.91864585876465,1.5174084464695792
00092,7,0.8381494879722595,13,508.5056457519531,382.0417175292969,71.05015563964844,21.192672729492188,1.5532242796060185
00092,8,0.8342547416687012,13,417.9123229980469,300.3039245605469,44.45124816894531,14.82253360748291,1.5663989345219473
00092,9,0.8332509994506836,13,379.13128662109375,380.58013916015625,77.3590316772461,25.185863494873047,1.5437091151860098
00092,10,0.8323779702186584,13,606.9358520507812,373.8074951171875,67.9200439453125,18.46866226196289,1.5703678885791472
00092,11,0.8289362788200378,13,422.5288391113281,552.23779296875,53.18622589111328,18.622329711914062,1.5568344155934195
00092,12,0.8288027048110962,13,629.6397705078125,628.0599365234375,46.57186508178711,13.639749526977539,1.5072401324894766
00092,13,0.8254361748695374,13,495.1951599121094,104.10584259033203,34.939823150634766,13.284294128417969,-1.5332707921650748
00092,14,0.8234853148460388,13,546.4108276367188,547.4046630859375,67.0202407836914,21.445777893066406,1.5503004333612065
00092,15,0.82187819480896,13,568.0439453125,299.6316833496094,46.66336441040039,16.243383407592773,-1.537361697354589
00092,16,0.8189577460289001,13,617.6448974609375,98.87505340576172,33.85859298706055,12.777277946472168,1.5472678682443242
00092,17,0.8186672329902649,13,600.8455200195312,764.1207885742188,59.593719482421875,17.50383949279785,1.5651007453587393
00092,18,0.8173080086708069,13,594.6139526367188,545.2500610351562,66.9539794921875,19.934165954589844,1.5618924657490592
00092,19,0.8157173991203308,13,447.8077392578125,548.4910278320312,62.02641296386719,19.658435821533203,-1.5700196782734732
00092,20,0.8142231702804565,13,479.07568359375,636.692138671875,59.317901611328125,18.345157623291016,1.569075302281652
00092,21,0.8131680488586426,13,537.4688110351562,40.561519622802734,56.07939529418945,17.814727783203125,-1.5364658395436148
00092,22,0.8086441159248352,13,482.9645080566406,381.4410095214844,78.28349304199219,21.62667465209961,-1.5675962726261954
00092,23,0.8063660264015198,13,616.4746704101562,49.5941162109375,40.986846923828125,14.11689281463623,-1.5556590129297714
00092,24,0.805711567401886,13,504.0909729003906,637.3956298828125,74.4342041015625,21.61989974975586,1.558255628743444
00092,25,0.8040245175361633,13,523.534912109375,302.6645812988281,38.23847198486328,13.629683494567871,-1.5565994531523923
00092,26,0.8036150336265564,13,528.0560913085938,639.0105590820312,73.91996002197266,22.1718692779541,1.5623131553318839
00092,27,0.8001919388771057,13,407.9483337402344,384.6443786621094,74.38166046142578,21.645339965820312,1.555749968686376
00092,28,0.7994961738586426,13,518.6015014648438,105.72846221923828,49.96940994262695,16.09223747253418,1.5618003169682364
00092,29,0.7988261580467224,13,455.59130859375,638.1392822265625,70.87175750732422,21.309816360473633,1.5558349649098258
00092,30,0.796661913394928,13,481.54315185546875,299.52215576171875,37.919315338134766,12.942622184753418,-1.5606265813719968
00092,31,0.7947340607643127,13,551.7666015625,634.4741821289062,65.45598602294922,18.114103317260742,1.5625617067005972
00092,32,0.7939264178276062,13,503.3085021972656,304.9532165527344,37.000465393066406,14.674304008483887,1.5663206140187125
00092,33,0.793032705783844,13,547.0902099609375,299.5519714355469,44.721351623535156,14.978920936584473,-1.5562376538899283
00092,34,0.7904353141784668,13,522.5634765625,548.6849365234375,61.65913772583008,18.47199821472168,1.5609763423588614
00092,35,0.7895393967628479,13,577.6605224609375,620.083740234375,41.81657791137695,12.93536376953125,-1.5232740203526358
00092,36,0.7853354811668396,13,517.3334350585938,37.25151824951172,61.74667739868164,18.60144805908203,-1.5474893609669547
00092,37,0.7847861051559448,13,393.50762939453125,300.6341552734375,40.48105239868164,12.769901275634766,-1.5595712224629263
00092,38,0.7831081748008728,13,581.1920776367188,44.984405517578125,30.89398193359375,12.129755973815918,1.5617036382344107
00092,39,0.7784356474876404,13,342.5045166015625,648.7125244140625,95.24598693847656,21.04071807861328,1.5566527406361441
00092,40,0.7779993414878845,13,634.2979125976562,48.05553436279297,38.15987014770508,13.591170310974121,1.5587163726475577
00092,41,0.7702562212944031,13,623.333251953125,552.5604248046875,52.22748947143555,26.231643676757812,1.549529985585485
00092,42,0.7641445994377136,13,635.6524047851562,97.76953125,32.27455520629883,11.929525375366211,-1.5682124654438834
00092,43,0.7622813582420349,13,628.6809692382812,300.9530334472656,37.071739196777344,11.638540267944336,-1.540967539944921
00092,44,0.7588398456573486,13,497.7650451660156,548.2551879882812,66.26349639892578,19.902341842651367,1.5633203546192984
00092,45,0.7527693510055542,13,432.40655517578125,378.79974365234375,73.3990478515625,21.256092071533203,1.5518368064102273
00092,46,0.7472154498100281,13,472.78558349609375,545.3828125,73.03931427001953,21.543851852416992,1.5622454453867416
00092,47,0.7466737627983093,11,575.5511474609375,77.55908203125,175.23736572265625,100.27950286865234,0.05751454830169678
00092,48,0.7445970773696899,13,587.2131958007812,304.50341796875,27.87738800048828,10.957497596740723,-1.4832219640400748
00092,49,0.7444828152656555,13,536.7543334960938,99.03465270996094,30.553958892822266,10.293237686157227,-1.5571376840260367
00092,50,0.7319904565811157,11,478.6044921875,593.84375,319.59710693359375,162.90745544433594,-0.000616908073425293
00092,51,0.7242521047592163,13,553.3950805664062,100.6737289428711,27.547561645507812,9.91325569152832,-1.5678824941304068
00092,52,0.708882749080658,11,487.1649169921875,347.4367370605469,333.8874206542969,145.1277618408203,-0.011338471435010433
00092,53,0.7036778330802917,13,598.4021606445312,53.547760009765625,24.84291648864746,9.900162696838379,-1.5483468315240483
00092,54,0.7000451683998108,13,457.45294189453125,377.777587890625,72.61549377441406,19.852018356323242,1.5474499045547585
00092,55,0.6908908486366272,13,597.67626953125,618.2338256835938,28.11380386352539,10.267485618591309,-1.5521567622807364
00092,56,0.4659426510334015,13,160.36451721191406,589.4912719726562,25.762605667114258,10.643106460571289,0.5942708253860474
00092,57,0.43088605999946594,11,603.88818359375,196.1519012451172,123.447998046875,32.8665657043457,-0.0073010921478271484
00092,58,0.3763730227947235,18,683.2777099609375,616.2008056640625,23.49710464477539,8.954888343811035,-1.5625849525120596
00092,59,0.34979963302612305,13,652.12158203125,57.63047409057617,25.355546951293945,9.113967895507812,-1.5117102424290518
00092,60,0.34871378540992737,13,619.0851440429688,301.3740539550781,26.653520584106445,8.395733833312988,1.5641443292286734
00092,61,0.3048284351825714,13,654.2288818359375,499.1874694824219,19.769454956054688,8.829353332519531,-1.568130568661962
00092,62,0.2613728940486908,18,649.0257568359375,213.7549591064453,12.14377212524414,6.395785331726074,1.4825914661076407
00092,63,0.24485348165035248,18,666.5227661132812,537.3831176757812,24.482994079589844,10.052871704101562,1.5321961204197745
00092,64,0.22910967469215393,18,654.2288818359375,499.1874694824219,19.769454956054688,8.829353332519531,-1.568130568661962
00092,65,0.2209356129169464,18,655.194580078125,575.1527709960938,22.643932342529297,8.61948299407959,-1.5559277106684188
00092,66,0.19756776094436646,18,159.7162322998047,588.7344970703125,25.383590698242188,10.136077880859375,0.5542681813240051
00092,67,0.15096335113048553,11,605.8743286132812,767.0742797851562,93.9124755859375,63.18702697753906,-0.07228398323059082
00092,68,0.13489636778831482,13,680.6463623046875,37.64659118652344,55.270668029785156,23.735708236694336,1.5593471089985709
00092,69,0.12448980659246445,13,649.0257568359375,213.7549591064453,12.14377212524414,6.395785331726074,1.4825914661076407
00092,70,0.12284975498914719,13,657.1400756835938,547.1494750976562,38.34941101074219,13.537343978881836,-1.5634685322318713
00092,71,0.11031872034072876,13,666.2254638671875,535.2120971679688,21.029964447021484,10.23531436920166,1.4967718879368643
00092,72,0.10947947204113007,18,708.525146484375,615.8889770507812,24.022947311401367,9.510331153869629,-0.008006453514099121
00092,73,0.10920190066099167,18,751.7159423828125,201.9196319580078,11.589605331420898,6.354241371154785,1.5120467702534537
00092,74,0.1081647276878357,18,792.6420288085938,282.6456604003906,27.42844581604004,11.527257919311523,-1.542546228566442
00092,75,0.09648851305246353,18,342.33929443359375,647.3079223632812,90.63520812988281,20.399354934692383,1.559436515965734
00092,76,0.08209437876939774,13,606.8998413085938,307.49114990234375,27.81437873840332,13.792585372924805,1.541249350705419
00092,77,0.07884301245212555,13,17.93651580810547,10.84846305847168,66.93351745605469,33.626155853271484,0.19413316249847412
00092,78,0.0787682756781578,13,683.3016967773438,616.0415649414062,24.16592025756836,9.236340522766113,-1.542420701184545
00092,79,0.07177948951721191,13,559.7354736328125,43.97864532470703,36.99631881713867,13.229516983032227,-1.5263860980656485
00092,80,0.0715947151184082,13,335.0981140136719,371.7497253417969,73.04548645019531,16.01774024963379,-1.5528924028065543
00092,81,0.07034711539745331,18,628.8690185546875,628.0795288085938,46.29570388793945,13.37252140045166,1.5484131118890385
00092,82,0.06998354196548462,17,491.7401123046875,348.4916076660156,334.605224609375,133.75411987304688,-0.021197080612182617
00092,83,0.06752737611532211,11,349.4163513183594,374.362548828125,71.46888732910156,21.666484832763672,1.5209395448353629
00092,84,0.06550303101539612,18,680.2265014648438,319.3801574707031,15.893240928649902,10.490108489990234,-1.5606352855127792
00092,85,0.06444980204105377,11,608.2542114257812,162.52069091796875,69.51045989990234,37.02641296386719,0.04691600799560547
00092,86,0.06298942118883133,18,481.4122009277344,300.3063049316406,37.22911071777344,14.162181854248047,-1.53887935081986
00092,87,0.06042719632387161,18,629.2616577148438,302.216064453125,37.53467559814453,12.772821426391602,-1.5051277364280562
00092,88,0.060390405356884,11,338.5184631347656,315.8370056152344,57.83082962036133,18.888105392456055,1.5239388505604605
00092,89,0.05936950445175171,13,629.1094360351562,760.4140625,29.147066116333008,14.611358642578125,-1.5465869485077004
00092,90,0.058303333818912506,6,603.1862182617188,200.06283569335938,106.32830810546875,30.064956665039062,0.018251776695251465
00092,91,0.057749561965465546,18,796.4434814453125,642.4830932617188,23.660377502441406,14.432962417602539,-1.5197075168278555
00092,92,0.05753017216920853,18,682.1239013671875,670.061279296875,7.718751430511475,7.493598461151123,-1.4316478381541113
00092,93,0.05651035159826279,18,744.2745361328125,215.6104278564453,7.075621604919434,6.539851188659668,-1.5567454854634146
00092,94,0.05555995926260948,11,608.5597534179688,302.3796691894531,29.514394760131836,12.467897415161133,-1.549494699635778
00092,95,0.055470701307058334,16,680.6463623046875,37.64659118652344,55.270668029785156,23.735708236694336,1.5593471089985709
00092,96,0.05505359172821045,13,655.194580078125,575.1527709960938,22.643932342529297,8.61948299407959,-1.5559277106684188
00092,97,0.05345146730542183,18,658.1217041015625,547.8068237304688,37.30009841918945,9.148907661437988,1.531677440800939
00092,98,0.05293719470500946,18,577.8413696289062,619.9622192382812,42.06520462036133,13.016166687011719,-1.5164502384748797
00092,99,0.052696794271469116,13,663.5750732421875,355.2788391113281,20.024595260620117,10.83417797088623,0.06300830841064453
00092,100,0.0525660403072834,18,758.5424194335938,225.697509765625,8.69677734375,8.317767143249512,0.01374197006225586
00092,101,0.052029695361852646,18,587.1334228515625,304.39642333984375,27.684911727905273,11.05440902709961,-1.5022873441365103
00092,102,0.05174979567527771,11,556.4548950195312,105.04887390136719,44.23202896118164,14.133397102355957,1.5406362573292594
00092,103,0.051272787153720856,13,323.86529541015625,667.9927368164062,25.349515914916992,9.927852630615234,-1.550555064403687
00092,104,0.0512416698038578,11,614.951171875,98.4487533569336,35.17352294921875,13.689884185791016,1.553644492351685
00092,105,0.050634078681468964,6,489.8837585449219,348.9683837890625,330.3509521484375,141.76878356933594,-0.024475811049342155
00092,106,0.05000489205121994,13,369.70355224609375,589.8272705078125,16.009601593017578,12.457584381103516,0.03326535224914551
00095,0,0.9229109287261963,15,385.04693603515625,486.08489990234375,83.66969299316406,77.52857208251953,-0.008288979530334473
00095,1,0.9169602394104004,15,388.0533142089844,394.92279052734375,78.95475006103516,75.64022064208984,-0.009926319122314453
00095,2,0.1279316246509552,15,139.52391052246094,686.58642578125,18.36151695251465,16.0688419342041,-1.5489656488087515
00095,3,0.12486567348241806,2,139.30455017089844,686.3984375,18.223859786987305,17.423051834106445,-1.5211263495173792
00095,4,0.09670300036668777,14,139.30455017089844,686.3984375,18.223859786987305,17.423051834106445,-1.5211263495173792
00095,5,0.08273232728242874,4,14.315378189086914,75.31773376464844,37.400630950927734,9.96667766571045,-0.4065352976322174
00095,6,0.06154036894440651,6,13.80539608001709,75.96932220458984,39.2529182434082,10.020784378051758,-0.4104797840118408
00095,7,0.06089073792099953,1,753.811767578125,294.7084655761719,364.9111328125,79.84169006347656,1.4491471807148795
00095,8,0.05944889411330223,6,695.2420654296875,284.1441650390625,547.1785888671875,213.02224731445312,1.4793916578080992
00095,9,0.05756911262869835,11,645.087890625,294.2973327636719,549.6469116210938,262.0580139160156,1.261981920399938
00095,10,0.057005949318408966,15,144.05157470703125,642.1552124023438,22.294845581054688,18.37158203125,0.07561278343200684
00095,11,0.05603807047009468,19,139.30455017089844,686.3984375,18.223859786987305,17.423051834106445,-1.5211263495173792
00095,12,0.0537027046084404,11,8.40593147277832,119.91678619384766,35.018611907958984,13.812446594238281,1.3553103963520865
00095,13,0.05300799012184143,18,387.5840148925781,394.7402038574219,78.62017822265625,75.7998046875,0.0030562877655029297
00159,0,0.9211692214012146,13,386.0118408203125,422.51275634765625,640.5797119140625,146.66213989257812,0.43332087993621826
00159,1,0.05000070109963417,15,269.77490234375,603.9091796875,93.58757781982422,80.46141815185547,-1.5458820621159415
00160,0,0.9001793265342712,13,387.4027404785156,362.3914489746094,669.9094848632812,124.3452377319336,0.5431243181228638
00160,1,0.8269392848014832,13,526.772216796875,657.2721557617188,257.70672607421875,60.64228820800781,0.5238863229751587
00160,2,0.141434445977211,13,515.659423828125,590.3753051757812,140.49575805664062,41.16087341308594,0.49580660462379456
00160,3,0.1380399763584137,11,323.1023864746094,548.8263549804688,294.15740966796875,156.48497009277344,0.5527681112289429
00160,4,0.09369242191314697,11,504.3324279785156,638.8973999023438,200.84335327148438,51.510032653808594,0.4982982575893402
00160,5,0.05619630590081215,11,513.0374755859375,587.93017578125,132.26513671875,40.99644088745117,0.4779771566390991
00050,0,0.6479304432868958,8,669.6212158203125,684.4395141601562,44.60074234008789,9.609585762023926,1.501729437210832
00050,1,0.24037706851959229,10,545.0146484375,182.42425537109375,40.01509094238281,22.79519271850586,0.203011155128479
00050,2,0.20010705292224884,12,562.8001708984375,693.6796264648438,39.53053283691406,15.73972225189209,-0.14210796356201172
00050,3,0.16420096158981323,12,562.5897827148438,722.61474609375,38.955596923828125,14.019861221313477,-0.007516264915466309
00050,4,0.09162725508213043,12,563.6888427734375,710.5272216796875,38.739444732666016,13.093873977661133,-0.014600515365600586
00050,5,0.0779905617237091,8,639.5216674804688,694.7127075195312,19.45433807373047,10.07877254486084,-1.5589903155949454
00050,6,0.07647526264190674,4,562.8001708984375,693.6796264648438,39.53053283691406,15.73972225189209,-0.14210796356201172
00050,7,0.07301871478557587,4,562.9752807617188,723.6856079101562,37.481475830078125,13.25204849243164,-0.004599451553076506
00050,8,0.06663453578948975,4,537.6867065429688,69.6083984375,22.586090087890625,7.786795616149902,-1.3671750585224967
00050,9,0.06193679943680763,10,362.416015625,744.8065795898438,22.93206787109375,10.901822090148926,1.5554923564803342
00050,10,0.06076442077755928,4,41.13212203979492,48.50018310546875,10.728767395019531,10.614534378051758,-1.563420252003942
00050,11,0.05892789363861084,17,670.7119750976562,685.493896484375,47.29863357543945,11.971524238586426,1.4991836110737662
00050,12,0.058654408901929855,10,669.2431030273438,682.2036743164062,39.861820220947266,9.979302406311035,1.5323059121754508
00050,13,0.05507016181945801,8,681.7911376953125,685.42431640625,40.28925704956055,13.737874031066895,1.4865393126991133
00050,14,0.053124766796827316,4,47.80491638183594,109.53102111816406,19.684045791625977,9.053017616271973,1.4769151965763907
00050,15,0.052579160779714584,4,80.72481536865234,42.88797378540039,76.17127990722656,13.411993980407715,-0.06500828266143799
00050,16,0.0517742894589901,4,24.419845581054688,48.420082092285156,25.24370574951172,10.09486198425293,0.004373311996459961
00070,0,0.9537634253501892,0,469.11700439453125,677.1165771484375,222.55874633789062,165.97242736816406,-1.5415223418411355
00070,1,0.9484638571739197,0,464.0501708984375,247.45387268066406,221.50885009765625,165.7774658203125,1.5679630796101431
00070,2,0.12324472516775131,18,275.3977355957031,9.2689208984375,15.670098304748535,8.462472915649414,0.11635923385620117
00070,3,0.061522748321294785,18,701.5558471679688,306.0266418457031,21.416166305541992,8.743946075439453,0.2047858089208603
00003,0,0.8062829375267029,17,409.0910339355469,449.5431823730469,225.7158203125,59.3111686706543,0.02817213349044323
00003,1,0.07892118394374847,18,696.6619262695312,459.8516540527344,15.917865753173828,5.006875038146973,-0.10300362855195999
00003,2,0.0723128467798233,8,409.9342346191406,450.7889099121094,197.9033660888672,52.172916412353516,0.0038247108459472656
00003,3,0.070488341152668,18,144.19874572753906,271.8343811035156,10.12513256072998,6.393686294555664,0.2406226247549057
00003,4,0.0657145082950592,4,404.5971984863281,451.7481689453125,182.67205810546875,53.08180618286133,-0.03130829334259033
00003,5,0.06346558034420013,18,18.941226959228516,553.9430541992188,18.3475399017334,6.004154205322266,0.576762318611145
00003,6,0.06280029565095901,18,674.589111328125,25.676315307617188,11.0826416015625,6.321167945861816,-1.1280886689808707
00003,7,0.06015500798821449,18,186.29588317871094,727.9909057617188,10.994680404663086,6.085565567016602,1.1379774371769766
00003,8,0.05954485759139061,18,145.64662170410156,525.1986083984375,9.334269523620605,6.752595901489258,-0.5043085813522339
00003,9,0.05914528667926788,18,223.03323364257812,192.1004180908203,11.498080253601074,5.756129264831543,-1.2341979602959494
00003,10,0.05187355726957321,18,385.4854431152344,88.04293060302734,11.477930068969727,5.244994640350342,0.3322862386703491
00003,11,0.05115196108818054,18,502.8135070800781,230.66676330566406,8.874804496765137,7.651498794555664,1.197108463444982
00074,0,0.8289456963539124,18,240.43222045898438,377.226318359375,80.51017761230469,30.82830810546875,1.2785391668465476
00074,1,0.7783747315406799,18,581.4375,424.9627990722656,85.97168731689453,30.341440200805664,1.1803966025498251
00038,0,0.8649647235870361,18,533.1411743164062,340.04345703125,60.16874694824219,23.70408821105957,1.4507270688798766
00038,1,0.8478368520736694,18,329.39453125,595.9490356445312,52.90751266479492,24.946672439575195,1.4905777732518057
00038,2,0.810276448726654,18,500.1099853515625,115.49311065673828,69.58135986328125,29.27377700805664,1.4465312520649771
00038,3,0.05178802087903023,13,34.69801712036133,101.09646606445312,528.6473999023438,155.9114990234375,-1.2354161302235465
00038,4,0.050768546760082245,18,358.625244140625,612.9859619140625,25.6697998046875,9.90609073638916,1.5179602662709097
00110,0,0.9132044911384583,2,395.1142272949219,599.1323852539062,135.9695281982422,135.00152587890625,-1.5681834978193532
00110,1,0.08522316068410873,2,481.82501220703125,193.86767578125,248.52186584472656,238.63653564453125,-1.5461036703225712
00110,2,0.072174571454525,2,337.7752990722656,657.9320678710938,19.99660873413086,18.488800048828125,-1.4808859388020377
00168,0,0.9072991013526917,18,681.3449096679688,185.4535369873047,67.03996276855469,25.54833984375,-0.250463604927063
00168,1,0.9023823738098145,18,685.344482421875,481.98406982421875,72.15055847167969,26.086334228515625,-0.22231030464172363
00168,2,0.8779923319816589,18,225.70550537109375,293.78082275390625,70.35931396484375,25.686954498291016,-0.21755623817443848
00168,3,0.8499912619590759,18,69.39960479736328,373.5203857421875,55.51840591430664,19.417743682861328,-0.5856863260269165
00047,0,0.8908913731575012,14,375.5780029296875,368.4002990722656,615.0010375976562,504.85009765625,1.5403552810337882
00047,1,0.7134632468223572,10,404.9961242675781,361.2965087890625,396.57135009765625,240.41128540039062,1.4791610921409468
00085,0,0.5024420022964478,6,347.4061584472656,476.673828125,565.969970703125,105.57565307617188,0.44254598021507263
00085,1,0.11012635380029678,11,232.3631591796875,334.2376708984375,133.78199768066406,17.694807052612305,0.45699918270111084
00085,2,0.06996852159500122,6,341.6086730957031,388.25579833984375,292.9656677246094,62.472564697265625,0.22157645225524902
00085,3,0.05832972750067711,1,232.3631591796875,334.2376708984375,133.78199768066406,17.694807052612305,0.45699918270111084
00085,4,0.0552324503660202,18,781.9258422851562,697.5186157226562,33.45487594604492,10.545190811157227,-0.0007568598375655711
00011,0,0.8492692708969116,0,253.3878631591797,244.87936401367188,96.34873962402344,87.35956573486328,1.0361198941853385
00011,1,0.843507707118988,0,576.2477416992188,646.0156860351562,106.47218322753906,90.30492401123047,0.946013287701879
00011,2,0.8290432095527649,0,660.4025268554688,321.3345947265625,92.6087417602539,87.49249267578125,1.0215284387257437
00011,3,0.809397280216217,0,560.662109375,382.2819519042969,90.28182983398438,79.64824676513672,1.0841201106694083
00011,4,0.8080552816390991,0,381.1319885253906,551.091552734375,88.62117767333984,82.22341918945312,1.11378009716538
00011,5,0.2928323447704315,18,731.0180053710938,276.8479309082031,14.652490615844727,5.681337833404541,1.137674526372228
00011,6,0.16925272345542908,18,274.19146728515625,311.04022216796875,10.657453536987305,8.865915298461914,-0.19047927856445312
00011,7,0.12389375269412994,18,502.841064453125,337.0222473144531,10.692707061767578,7.04107141494751,-0.3591104745864868
00011,8,0.09706541895866394,18,371.5048828125,423.9474792480469,18.215900421142578,5.893415451049805,-0.5361424684524536
00011,9,0.08461321890354156,18,349.1727600097656,283.25885009765625,10.520630836486816,8.806328773498535,-0.22584831714630127
00011,10,0.0816156342625618,18,739.8693237304688,277.6571044921875,16.773296356201172,4.696524620056152,1.1117162565377097
00011,11,0.07267498224973679,9,253.71762084960938,243.6666259765625,99.53892517089844,88.87955474853516,1.4136500964548926
00011,12,0.07163382321596146,9,575.88232421875,643.9793701171875,108.02684783935547,89.11802673339844,1.2931302050736289
00011,13,0.06643248349428177,2,563.2467651367188,381.7267150878906,87.93310546875,78.0050277709961,1.0830001393940787
00011,14,0.06308682262897491,18,288.3429260253906,298.9981994628906,13.280622482299805,6.382452964782715,1.3494300554182868
00011,15,0.06091420352458954,2,658.7984619140625,321.5500793457031,91.63085174560547,86.70405578613281,1.0120948115971427
00011,16,0.05777883157134056,18,623.3497314453125,271.72967529296875,8.474557876586914,5.815090179443359,1.366124720373426
00011,17,0.05290435627102852,18,488.5592956542969,344.7235412597656,11.972010612487793,7.323465824127197,-0.32964420318603516
00011,18,0.05259516462683678,18,788.10400390625,257.7759704589844,60.28041076660156,18.43273162841797,1.070338443913732
00011,19,0.051693689078092575,16,252.68409729003906,244.0779266357422,97.6659164428711,87.81253051757812,1.4355780641224722
00011,20,0.05002380907535553,18,609.6105346679688,688.6334838867188,10.812847137451172,7.330822944641113,1.3219965110209326
00024,0,0.8811681270599365,14,356.6454772949219,401.30267333984375,640.5921630859375,542.70654296875,1.5568007985737662
00024,1,0.7134412527084351,10,348.3226318359375,401.1293640136719,451.56915283203125,261.4947204589844,-1.5582271377232413
00024,2,0.19429826736450195,12,62.46078872680664,307.1441345214844,218.66714477539062,37.03899383544922,-1.334546417990003
00024,3,0.09862543642520905,18,607.2423095703125,255.0131378173828,15.947571754455566,8.130101203918457,-0.3569880723953247
00024,4,0.06903765350580215,5,53.00952911376953,49.25973892211914,60.37931823730469,32.90806579589844,-0.5447993278503418
00024,5,0.054152194410562515,18,457.63836669921875,38.48055648803711,16.088302612304688,6.3765106201171875,0.017575858160853386
00024,6,0.05363861843943596,18,564.793701171875,118.17984008789062,9.31833553314209,8.87350845336914,-0.29442429542541504
00024,7,0.05031521990895271,0,191.3739013671875,622.1776123046875,13.575526237487793,10.266277313232422,0.17353928089141846
00102,0,0.807590901851654,17,359.2011413574219,428.3004150390625,351.4547424316406,79.6556167602539,-0.022147536277770996
00102,1,0.1413659155368805,18,612.7350463867188,383.7176818847656,13.888832092285156,4.526450157165527,0.17221295833587646
00102,2,0.12375650554895401,18,294.15093994140625,312.4410400390625,16.779850006103516,5.665644645690918,0.3148963451385498
00102,3,0.09709328413009644,8,361.7669677734375,428.2565612792969,361.83599853515625,81.7427978515625,-0.02118230052292347
00102,4,0.0864611268043518,18,726.3644409179688,545.9725952148438,7.188864707946777,5.65479040145874,1.5523854056980948
00102,5,0.07211526483297348,4,582.1803588867188,748.22998046875,19.524770736694336,18.248695373535156,1.5013030404832701
00102,6,0.06182105094194412,18,527.3024291992188,349.0893859863281,21.689167022705078,5.835927963256836,0.2317633479833603
00102,7,0.059296268969774246,18,594.73779296875,345.4835205078125,11.079850196838379,5.586845874786377,0.2920302152633667
00102,8,0.05641777440905571,18,366.3073425292969,312.34503173828125,20.02474594116211,5.174111843109131,0.25468385219573975
00102,9,0.0517708957195282,18,556.14208984375,399.28521728515625,22.329357147216797,7.0219526290893555,0.07107055187225342
00195,0,0.9512845873832703,16,355.2987976074219,341.2955017089844,155.09324645996094,72.27903747558594,1.5661462108280997
00195,1,0.8941602110862732,3,455.9355163574219,414.9661560058594,87.75826263427734,71.4674301147461,0.01015925407409668
00195,2,0.8732954263687134,16,455.0082702636719,305.0218200683594,148.46942138671875,90.15380859375,1.5480069695648293
00195,3,0.693641185760498,18,299.0289001464844,702.328125,27.3038330078125,13.117831230163574,-1.252943710484777
00195,4,0.5336359739303589,3,455.052734375,304.3452453613281,144.47613525390625,88.49588775634766,1.5597837726261954
00195,5,0.3441782295703888,18,283.5719909667969,674.363525390625,36.13662338256836,15.303925514221191,0.2976292371749878
00195,6,0.12380421161651611,18,400.7004699707031,699.2330932617188,23.018280029296875,8.729779243469238,0.4104398488998413
00195,7,0.10935148596763611,0,455.052734375,304.3452453613281,144.47613525390625,88.49588775634766,1.5597837726261954
00195,8,0.08337847143411636,18,61.63957977294922,566.780029296875,9.136885643005371,8.866475105285645,-1.5236120941725115
00195,9,0.0698864609003067,16,455.7030944824219,414.53216552734375,88.89083862304688,72.84869384765625,0.012048840522766113
00195,10,0.06934892386198044,15,455.078125,414.4320983886719,87.53113555908203,71.68412017822266,0.003679513931274414
00195,11,0.06717894971370697,18,534.0491943359375,115.61575317382812,19.60982322692871,15.090096473693848,1.5317412177708487
00195,12,0.06384528428316116,18,304.88079833984375,638.2356567382812,7.383098602294922,5.773860931396484,-1.3239186565068106
00195,13,0.05991359055042267,11,724.04833984375,666.2149658203125,334.102783203125,151.32345581054688,0.7227078676223755
00195,14,0.05986526235938072,0,455.8359680175781,415.1333923339844,87.2605209350586,71.71311950683594,0.01453864574432373
00195,15,0.058151572942733765,18,688.2910766601562,107.51995086669922,19.804912567138672,10.39920425415039,-1.352133841314588
00195,16,0.05460720136761665,6,724.04833984375,666.2149658203125,334.102783203125,151.32345581054688,0.7227078676223755
00114,0,0.9455872178077698,0,599.5368041992188,420.3439025878906,359.8001708984375,301.4959716796875,-1.5260433750834803
00114,1,0.9393907189369202,0,246.1593475341797,414.20123291015625,368.7650451660156,329.6651916503906,-1.5312916795399527
00114,2,0.7793801426887512,18,178.85997009277344,583.0143432617188,38.271087646484375,16.26000213623047,-1.5424876968052725
00114,3,0.6291307806968689,18,326.41754150390625,197.70614624023438,29.535381317138672,13.038784980773926,-0.0232546329498291
00114,4,0.11792323738336563,13,749.006103515625,115.30059814453125,87.10667419433594,32.615779876708984,-1.5485559264805655
00114,5,0.08182079344987869,0,641.5714111328125,275.88861083984375,63.35801696777344,56.98426818847656,-0.30641889572143555
00114,6,0.0650477483868599,15,326.152099609375,197.53208923339844,29.297069549560547,13.367013931274414,-0.015309691429138184
00114,7,0.06462638825178146,18,279.6789855957031,564.5333251953125,25.486974716186523,11.587447166442871,0.026709914207458496
00114,8,0.060552794486284256,13,326.0583190917969,197.80792236328125,30.011192321777344,13.609625816345215,-0.027483345940709114
00114,9,0.05609085410833359,5,641.2338256835938,274.7133483886719,63.622779846191406,52.30976104736328,-0.33413898944854736
00114,10,0.05334170535206795,13,710.746337890625,119.20936584472656,80.75430297851562,31.585002899169922,-1.4972167844560484
00042,0,0.7726598978042603,9,449.01220703125,397.6903381347656,719.7186279296875,533.5167846679688,0.022812366485595703
00042,1,0.38199135661125183,2,716.343994140625,360.0303039550781,21.26192283630371,17.149057388305664,1.5024501840260367
00042,2,0.1607140153646469,2,717.6539916992188,379.35723876953125,16.232257843017578,15.563325881958008,-0.05827653408050537
00042,3,0.12541556358337402,10,716.34423828125,360.3103332519531,21.988922119140625,17.124244689941406,1.4836452762272696
00042,4,0.10264920443296432,14,716.34423828125,360.3103332519531,21.988922119140625,17.124244689941406,1.4836452762272696
00042,5,0.05541721358895302,15,717.8125610351562,380.3853759765625,14.579275131225586,13.206323623657227,-0.10274362564086914
00150,0,0.8533129096031189,17,390.8482360839844,408.9947509765625,240.8273162841797,123.74456024169922,1.5152842561390738
00150,1,0.12038032710552216,18,584.4822387695312,758.5313720703125,8.804044723510742,4.997755527496338,1.4945711652424674
00150,2,0.10230788588523865,18,350.0815124511719,154.9713592529297,12.088272094726562,6.2566351890563965,-1.4233674565937857
00150,3,0.09386207163333893,18,173.7684326171875,295.5000915527344,10.739952087402344,7.499789237976074,-1.1946516493943076
00150,4,0.08183570951223373,18,248.85421752929688,437.3283386230469,8.583502769470215,5.640700817108154,-1.3445764342930655
00150,5,0.07881998270750046,8,393.1078796386719,409.6512756347656,246.3397216796875,121.1352310180664,1.5239232341435294
00150,6,0.07609924674034119,18,441.0466613769531,159.97955322265625,17.17644691467285,7.670042514801025,1.2967936853554587
00150,7,0.07450246065855026,18,152.09716796875,455.6115417480469,8.141332626342773,6.780917167663574,-1.2994522611286978
00150,8,0.06446272879838943,18,791.0529174804688,112.65357208251953,9.359188079833984,7.737476825714111,-0.05050814151763916
00150,9,0.06026628613471985,18,735.1702880859375,263.39129638671875,13.609586715698242,6.357696056365967,0.3389078378677368
00150,10,0.05519160255789757,18,570.2468872070312,228.32546997070312,8.601802825927734,5.508756637573242,-1.4981505359199385
00150,11,0.05459821596741676,18,455.645263671875,153.95274353027344,13.318807601928711,6.929377555847168,1.4417238990452628
00150,12,0.05330123007297516,3,393.1078796386719,409.6512756347656,246.3397216796875,121.1352310180664,1.5239232341435294
00150,13,0.05318402871489525,12,393.1078796386719,409.6512756347656,246.3397216796875,121.1352310180664,1.5239232341435294
00150,14,0.05032980069518089,18,217.0216522216797,495.0705871582031,9.468389511108398,6.796747207641602,-0.11793244630098343
00150,15,0.050020165741443634,18,238.25518798828125,224.38751220703125,10.054579734802246,8.725936889648438,0.2620725929737091
00185,0,0.8731327652931213,14,400.56304931640625,370.8949279785156,723.7886962890625,650.8846435546875,1.5655618468907218
00185,1,0.18591950833797455,18,99.70893096923828,746.6550903320312,12.895851135253906,7.36046838760376,0.4285902678966522
00185,2,0.08564159274101257,18,9.905487060546875,749.3811645507812,12.83891773223877,6.716683387756348,-1.4425161639836173
00185,3,0.0841175764799118,18,789.7598876953125,680.8156127929688,11.128349304199219,10.849461555480957,1.5141288797047476
00185,4,0.060266438871622086,0,96.46318817138672,704.315673828125,10.503440856933594,5.991908550262451,0.13989531993865967
00185,5,0.05878230184316635,18,142.27499389648438,33.94270324707031,10.693501472473145,8.339092254638672,1.388141588368688
00185,6,0.05809732899069786,18,671.6337280273438,780.9904174804688,11.852181434631348,11.789031982421875,1.2504677335408072
00185,7,0.05765961855649948,18,619.1941528320312,794.4351196289062,17.26842498779297,9.516178131103516,-0.32096827030181885
00185,8,0.05592138692736626,18,110.65605163574219,757.2119140625,17.38463592529297,5.865335464477539,0.6108288168907166
00185,9,0.0550551675260067,18,96.46318817138672,704.315673828125,10.503440856933594,5.991908550262451,0.13989531993865967
00185,10,0.05416695773601532,18,106.71873474121094,777.2734985351562,11.99334716796875,11.3192720413208,0.5193451642990112
00057,0,0.8698272705078125,9,440.484130859375,498.3930358886719,350.5779724121094,337.6736755371094,-1.5665299455311636
00057,1,0.74107426404953,7,578.5963134765625,653.2063598632812,47.14800262451172,27.97158432006836,-0.5386531949043274
00057,2,0.6795091032981873,7,512.5103149414062,649.045654296875,47.24282455444336,27.84074592590332,-0.7334461212158203
00057,3,0.220322385430336,7,555.2401733398438,604.7086181640625,54.789405822753906,21.470748901367188,1.3878555009749274
00057,4,0.13938790559768677,2,343.69415283203125,352.5867614746094,15.94827938079834,11.92856216430664,-0.24699713289737701
00057,5,0.13612507283687592,10,776.022216796875,568.3609008789062,31.11374855041504,14.53256607055664,0.993316070237432
00057,6,0.1143747940659523,7,528.192138671875,665.763671875,33.88363265991211,21.474308013916016,-0.4614774286746979
00057,7,0.1107352152466774,6,512.3305053710938,650.5247192382812,48.000431060791016,26.30413055419922,-0.7657981514930725
00057,8,0.10522669553756714,6,578.6114501953125,652.95458984375,46.85542297363281,27.702533721923828,-0.547515332698822
00057,9,0.09512114524841309,5,578.1307983398438,653.9768676757812,46.69121551513672,29.236183166503906,-0.5093756914138794
00057,10,0.08617101609706879,5,512.9111938476562,648.8584594726562,48.1888427734375,28.590843200683594,-0.6656256318092346
00057,11,0.07694684714078903,10,343.69415283203125,352.5867614746094,15.94827938079834,11.92856216430664,-0.24699713289737701
00057,12,0.07595022022724152,16,776.022216796875,568.3609008789062,31.11374855041504,14.53256607055664,0.993316070237432
00057,13,0.07524805516004562,3,776.1243896484375,568.2918090820312,31.546499252319336,16.170623779296875,1.0416382114079337
00057,14,0.07183334976434708,4,771.5345458984375,513.9102172851562,34.12693786621094,10.632680892944336,-0.5992113947868347
00057,15,0.06606866419315338,17,578.8046875,653.202880859375,49.63075256347656,27.244888305664062,-0.5474587678909302
00057,16,0.06481661647558212,17,511.9789123535156,647.5809936523438,46.18101501464844,29.4140567779541,-0.64613276720047
00057,17,0.05962703377008438,12,771.5345458984375,513.9102172851562,34.12693786621094,10.632680892944336,-0.5992113947868347
00057,18,0.05762338638305664,12,496.6537170410156,700.121337890625,38.94797897338867,12.695903778076172,-1.00469829241303
00057,19,0.057126644998788834,5,553.7471313476562,603.1046142578125,58.64141845703125,22.97057342529297,1.247422651448522
00057,20,0.0553315132856369,6,555.5333862304688,604.1989135742188,54.3671875,21.08470916748047,1.3977462808277945
00057,21,0.05459445342421532,2,439.6320495605469,501.6328125,347.0908203125,341.0934143066406,1.5437581102040152
00057,22,0.0504746213555336,14,343.69415283203125,352.5867614746094,15.94827938079834,11.92856216430664,-0.24699713289737701
00057,23,0.05047042667865753,12,502.6147155761719,460.50006103515625,347.547607421875,146.1251983642578,-1.304162130751882
00057,24,0.05018102005124092,2,345.7180480957031,366.1855163574219,13.781850814819336,10.13504695892334,0.033537983894348145
00183,0,0.47248414158821106,6,435.26361083984375,407.08587646484375,518.1668701171875,74.62525939941406,-1.0096134702351431
00183,1,0.4340340793132782,4,754.9271850585938,320.17254638671875,57.5793571472168,6.771711349487305,-1.2352152625706534
00183,2,0.16626253724098206,6,754.9271850585938,320.17254638671875,57.5793571472168,6.771711349487305,-1.2352152625706534
00183,3,0.15438517928123474,6,563.4745483398438,512.0759887695312,519.6224975585938,325.75579833984375,-1.1196305314686636
00183,4,0.10696428269147873,12,755.2945556640625,320.35662841796875,54.393959045410156,9.869784355163574,-1.2590524713185172
00183,5,0.09261209517717361,18,755.2945556640625,320.35662841796875,54.393959045410156,9.869784355163574,-1.2590524713185172
00183,6,0.07096666097640991,11,754.6900634765625,320.0078125,53.35910415649414,6.428316116333008,-1.1950735608723502
00183,7,0.06849472969770432,1,393.7817077636719,456.1609802246094,409.9344482421875,58.989479064941406,-1.1658518771317343
00183,8,0.06037428602576256,11,563.4745483398438,512.0759887695312,519.6224975585938,325.75579833984375,-1.1196305314686636
00183,9,0.05729660391807556,18,447.2483825683594,113.96620178222656,19.43331527709961,9.435094833374023,0.402316689491272
00183,10,0.05288414657115936,6,38.760257720947266,630.076171875,487.8491516113281,172.6116180419922,-1.4907820979740958
00135,0,0.8888364434242249,18,383.8457946777344,303.77862548828125,72.27913665771484,29.467357635498047,0.3992021977901459
00135,1,0.887621283531189,18,449.2837829589844,405.0584411621094,76.9038314819336,30.632347106933594,0.3647077977657318
00135,2,0.854745626449585,18,382.4576416015625,523.3821411132812,84.62153625488281,30.674558639526367,0.4114009141921997
00135,3,0.054379574954509735,18,567.8986206054688,148.44601440429688,69.43994140625,49.083282470703125,-1.4438631097462515
00017,0,0.950547456741333,10,359.1768493652344,407.51123046875,629.6295776367188,293.0849609375,-1.2924799482014517
00017,1,0.16588500142097473,18,127.42561340332031,26.80889129638672,10.29378890991211,9.385560035705566,-0.31025823950767517
00017,2,0.10601239651441574,18,657.5277709960938,150.2445831298828,9.442094802856445,7.405148506164551,1.481689647832189
00017,3,0.08347438275814056,3,664.6760864257812,381.1832580566406,60.16889190673828,29.109350204467773,-1.2037111381676535
00017,4,0.07702597975730896,13,34.61139678955078,17.218984603881836,47.6506462097168,18.52155303955078,-0.5448167324066162
00013,0,0.903517484664917,7,339.85595703125,556.1593017578125,342.4490966796875,218.8317108154297,-0.21626317501068115
00013,1,0.8706246018409729,7,381.1781311035156,225.46742248535156,282.6809387207031,226.67710876464844,-0.2224661111831665
00013,2,0.7434638142585754,3,313.59808349609375,660.9943237304688,38.379058837890625,21.796794891357422,-0.20413148403167725
00013,3,0.6483533382415771,18,308.37445068359375,456.7080078125,25.502254486083984,7.461722373962402,-0.0738232210278511
00013,4,0.5990355610847473,18,412.2469177246094,323.0196838378906,23.201473236083984,7.652315139770508,-0.19072329998016357
00013,5,0.5528562068939209,18,279.3578796386719,365.9754943847656,21.536191940307617,6.716244697570801,-0.5089133977890015
00013,6,0.4821888208389282,18,445.9123840332031,318.25103759765625,27.42258644104004,7.851345539093018,-0.10150313377380371
00013,7,0.18702960014343262,18,239.5451202392578,590.1826782226562,42.66193771362305,7.3309478759765625,1.1904053250935416
00013,8,0.13845692574977875,18,493.1406555175781,185.14874267578125,35.276126861572266,11.510444641113281,1.1651337901738028
00013,9,0.13443489372730255,18,565.3239135742188,320.9312438964844,11.569963455200195,5.031289577484131,-0.21665334701538086
00013,10,0.13129079341888428,18,491.5221252441406,523.4336547851562,36.53337097167969,9.629619598388672,1.2364301244404654
00013,11,0.12548145651817322,18,209.988525390625,606.4668579101562,42.92190933227539,7.871039867401123,1.182816700139318
00013,12,0.11971123516559601,18,346.40576171875,287.565673828125,19.188526153564453,8.267538070678711,1.1608595410969595
00013,13,0.11706183105707169,18,468.3398742675781,566.1982421875,12.72082805633545,8.278029441833496,-0.18015754222869873
00013,14,0.09073346108198166,18,392.62872314453125,638.8598022460938,15.34201431274414,6.10954475402832,-0.1112215518951416
00013,15,0.07766997069120407,16,313.8092956542969,661.5991821289062,39.10149002075195,23.232114791870117,-0.17667794227600098
00013,16,0.07238387316465378,18,309.6447448730469,318.0860595703125,20.833133697509766,7.792853832244873,1.377135352292333
00013,17,0.055608369410037994,18,361.4992370605469,284.1473388671875,12.835014343261719,6.153662204742432,1.230028466382299
00013,18,0.05260448902845383,18,293.2388610839844,636.2424926757812,10.14183521270752,6.05263090133667,1.3775182525303702
00013,19,0.0525626465678215,3,319.2815246582031,697.771484375,40.57632064819336,23.923587799072266,-0.11915349960327148
00013,20,0.05110125616192818,10,313.70172119140625,660.6434936523438,37.52793884277344,21.84777069091797,-0.24176442623138428
00028,0,0.9574127197265625,5,346.6517028808594,349.84625244140625,350.232666015625,265.3417053222656,-1.5669014016774039
00028,1,0.3626289963722229,18,496.1509704589844,511.9745788574219,20.389904022216797,7.981807708740234,-1.057713703313146
00028,2,0.22856280207633972,18,65.49427032470703,561.8461303710938,15.757010459899902,6.537834644317627,-1.5493682167169194
00028,3,0.1734038144350052,18,530.7572631835938,479.0085144042969,11.030471801757812,7.086367607116699,0.4391435384750366
00028,4,0.14172260463237762,18,435.9422607421875,472.3739318847656,10.458571434020996,8.121858596801758,0.34365662932395935
00028,5,0.1382308304309845,18,692.218017578125,644.6309204101562,15.097441673278809,6.420289039611816,0.41699159145355225
00028,6,0.13399550318717957,18,58.085113525390625,369.2159118652344,12.666932106018066,7.68769645690918,0.15287554264068604
00028,7,0.1334858238697052,18,544.0856323242188,530.2638549804688,11.395662307739258,9.775081634521484,0.317047119140625
00028,8,0.111330047249794,18,421.2648010253906,488.41827392578125,9.946767807006836,8.571464538574219,0.11439692974090576
00028,9,0.10870261490345001,18,610.9602661132812,769.1062622070312,31.534198760986328,8.354459762573242,1.4931649724629263
00028,10,0.10778077691793442,18,769.5166015625,687.9185180664062,11.680213928222656,6.71511173248291,0.206308975815773
00028,11,0.09532301872968674,18,24.803932189941406,450.2818603515625,9.532814025878906,7.753239631652832,1.4515682021763663
00028,12,0.08361543715000153,5,526.4697875976562,747.8969116210938,162.68267822265625,41.832035064697266,-0.37324559688568115
00028,13,0.08075178414583206,18,750.6480102539062,378.5797424316406,12.481801986694336,8.59494686126709,-1.3191651860859732
00028,14,0.08020633459091187,18,659.1480102539062,627.244873046875,16.607643127441406,6.984181880950928,0.26641571521759033
00028,15,0.0783967673778534,18,286.1898193359375,17.33458709716797,10.408069610595703,6.241931915283203,-1.5367508689549307
00028,16,0.07404667139053345,18,440.28912353515625,536.8465576171875,20.282596588134766,6.608893394470215,0.40522921085357666
00028,17,0.06687559187412262,18,737.3828735351562,400.41595458984375,10.834692001342773,8.28001880645752,-1.2194467345860343
00028,18,0.06662596762180328,18,641.9572143554688,176.73902893066406,10.884044647216797,5.830542087554932,0.171966552734375
00028,19,0.06650489568710327,18,771.3455200195312,378.9065246582031,15.950902938842773,8.286263465881348,-1.1892711679127554
00028,20,0.06641791015863419,18,240.70643615722656,441.2154235839844,8.543072700500488,7.646589756011963,0.0009050369262695312
00028,21,0.06641149520874023,8,775.9432983398438,130.93426513671875,100.86973571777344,29.469196319580078,-0.960620597996984
00028,22,0.06337228417396545,18,519.4795532226562,519.2531127929688,11.0278902053833,9.702532768249512,0.28965654969215393
00028,23,0.06237619370222092,18,756.377197265625,404.1610107421875,15.302860260009766,8.586938858032227,-1.1382581750538687
00028,24,0.06052439659833908,8,636.0901489257812,21.497739791870117,33.74616622924805,23.59445571899414,-0.5458210706710815
00028,25,0.05639803782105446,18,462.553955078125,55.97822952270508,14.571656227111816,5.326286792755127,-0.43943655490875244
00028,26,0.052058715373277664,18,606.2675170898438,317.01873779296875,10.607528686523438,8.660587310791016,0.23579132556915283
00028,27,0.05204220116138458,15,709.3428344726562,446.17974853515625,10.561095237731934,10.382843971252441,0.3007798194885254
00028,28,0.05174513906240463,15,421.2648010253906,488.41827392578125,9.946767807006836,8.571464538574219,0.11439692974090576
00028,29,0.05124671384692192,12,775.9432983398438,130.93426513671875,100.86973571777344,29.469196319580078,-0.960620597996984
00053,0,0.938068687915802,2,473.99871826171875,318.3786315917969,150.20050048828125,148.1047821044922,1.564018682637487
00053,1,0.8933597803115845,2,84.44103240966797,336.95416259765625,87.84432983398438,86.58096313476562,-1.5674522680372487
00053,2,0.8624963760375977,2,86.08084106445312,470.3451232910156,87.12040710449219,84.15229034423828,1.5601919452336173
00053,3,0.8459465503692627,2,218.07064819335938,336.05999755859375,87.2799072265625,85.7503890991211,1.5524100801583867
00053,4,0.8436475992202759,2,219.1917724609375,469.2605285644531,89.23221588134766,86.45008850097656,-1.5366674224522452
00053,5,0.18248538672924042,2,183.69325256347656,370.4768981933594,17.197734832763672,17.016223907470703,-1.554889635243688
00053,6,0.10301502048969269,2,118.4183120727539,370.06781005859375,18.40276527404785,16.397104263305664,1.5019155303624014
00053,7,0.07422652095556259,0,142.69961547851562,202.38607788085938,11.350725173950195,10.400093078613281,-1.4458068246629576
00053,8,0.06526917219161987,2,184.729248046875,435.7535400390625,17.32160758972168,16.602760314941406,-1.5296628038075308
00053,9,0.05682831257581711,0,159.4864044189453,205.65573120117188,8.636524200439453,8.325663566589355,0.1803814172744751
00053,10,0.05479643493890762,14,183.69325256347656,370.4768981933594,17.197734832763672,17.016223907470703,-1.554889635243688
00053,11,0.05287366360425949,18,159.4864044189453,205.65573120117188,8.636524200439453,8.325663566589355,0.1803814172744751
00053,12,0.0524890199303627,19,159.87454223632812,370.2384338378906,19.746288299560547,16.334468841552734,-1.5630600015309195
00053,13,0.0512123741209507,0,137.17274475097656,213.52011108398438,14.350982666015625,10.419918060302734,-1.2487245360997061
00093,0,0.9468939304351807,10,410.10662841796875,245.0907745361328,661.017333984375,305.110107421875,0.2838360071182251
00093,1,0.9351704716682434,16,264.1915283203125,573.9058837890625,91.17899322509766,42.20635986328125,1.5663415948536734
00093,2,0.9335958361625671,16,209.12855529785156,574.3023681640625,90.15545654296875,42.71852111816406,1.569751457371984
00093,3,0.9210473299026489,16,154.6201934814453,574.53515625,91.19204711914062,43.0827522277832,1.5643513962302844
00093,4,0.9157443046569824,16,100.28089904785156,574.8441162109375,90.82852172851562,43.579368591308594,1.5677830735829215
00093,5,0.9132831692695618,16,318.14056396484375,573.9938354492188,90.52088928222656,42.81157684326172,1.5681111377805959
00093,6,0.07089952379465103,10,154.5951690673828,574.4913940429688,91.1177749633789,42.82939910888672,1.563902691998754
00093,7,0.06738422065973282,12,411.99481201171875,248.98670959472656,653.5047607421875,308.83270263671875,0.28378474712371826
00093,8,0.06182977557182312,10,318.4388122558594,574.0355224609375,91.44116973876953,43.143211364746094,-1.5700779716160636
00093,9,0.05894622579216957,10,100.39791107177734,574.7908935546875,91.01652526855469,42.88669967651367,1.5645598932777087
00093,10,0.05885147303342819,10,209.5260467529297,574.1806640625,90.94330596923828,43.061302185058594,1.5671764175083975
00093,11,0.05498132482171059,16,160.4665069580078,437.7198791503906,35.55290985107422,20.625957489013672,-1.5047653476384024
00093,12,0.054562147706747055,18,24.92591094970703,69.66169738769531,16.646392822265625,7.680239200592041,0.0014629364013671875
00093,13,0.05375067889690399,18,303.733154296875,24.14316177368164,9.255218505859375,7.264024257659912,0.07162190228700638
00018,0,0.9020466208457947,14,391.4530029296875,378.71954345703125,592.4071044921875,456.35748291015625,-1.5703950683262686
00018,1,0.20952364802360535,18,736.4384155273438,34.2072868347168,29.081134796142578,8.568577766418457,-0.8909885446217398
00018,2,0.14961887896060944,18,752.7295532226562,8.38661003112793,31.048908233642578,8.812222480773926,-1.0150491754200797
00018,3,0.14762422442436218,9,370.4054260253906,745.1593017578125,512.7298583984375,115.26992797851562,0.058075547218322754
00018,4,0.0962391197681427,18,740.6994018554688,158.98765563964844,39.108062744140625,9.05070972442627,-0.8861267129567008
00018,5,0.07021796703338623,18,784.821533203125,22.41823959350586,20.48776626586914,11.43755054473877,0.5703834295272827
00018,6,0.06356120854616165,5,385.9157409667969,373.485595703125,587.9505004882812,459.8798522949219,-1.5682196177684258
00018,7,0.0614192821085453,15,393.14556884765625,370.54156494140625,648.0304565429688,467.107177734375,1.5536168376591544
00018,8,0.061116185039281845,18,631.8807373046875,730.72509765625,21.297760009765625,9.247030258178711,0.17896950244903564
00018,9,0.055648185312747955,2,391.00360107421875,380.2349853515625,609.0198974609375,462.5527038574219,-1.567190603413854
00018,10,0.05435052514076233,18,98.21829986572266,581.3854370117188,22.21031951904297,8.243392944335938,1.5444680033859353
00018,11,0.05142194405198097,18,727.5233764648438,15.773263931274414,37.581809997558594,14.156578063964844,-1.080056415000234
00099,0,0.6169577836990356,19,361.26568603515625,135.51036071777344,77.00591278076172,67.11489868164062,1.5665776297126452
00099,1,0.4923584461212158,19,376.65093994140625,630.5177001953125,59.25819778442383,26.394929885864258,-1.5467323819783072
00099,2,0.11026517301797867,19,326.4898376464844,637.748046875,40.738311767578125,40.3223876953125,0.009897589683532715
00099,3,0.05789165943861008,13,101.3240966796875,390.2938232421875,38.63890838623047,20.92270851135254,-1.4436814347889761
00099,4,0.056549303233623505,15,361.5819091796875,135.6150360107422,75.83712005615234,67.57957458496094,1.560260728993688
00054,0,0.8967528343200684,13,391.1643371582031,417.5017395019531,636.1048583984375,107.65694427490234,-0.16660906374454498
00054,1,0.11871141195297241,11,193.08348083496094,621.8515625,188.38424682617188,145.6092071533203,1.5462238351490836
00054,2,0.08420249819755554,18,525.7398681640625,465.7629089355469,18.607711791992188,6.194335460662842,-0.1398686170578003
00054,3,0.06436892598867416,12,414.2723388671875,761.9491577148438,148.29421997070312,46.66724395751953,0.7721393267300467
00054,4,0.05839402973651886,18,641.6492919921875,454.20501708984375,24.91338539123535,5.543230056762695,-0.14481699466705322
00054,5,0.05783713236451149,18,301.0003662109375,686.6722412109375,38.91033935546875,9.548376083374023,0.44061148166656494
00054,6,0.05493984371423721,18,531.74658203125,471.25347900390625,26.610109329223633,6.4440693855285645,-0.08593142032623291
00054,7,0.05458022654056549,18,502.2699279785156,784.6438598632812,41.25724792480469,12.543015480041504,0.7615228891372681
00054,8,0.05411331355571747,0,309.9225769042969,464.9150695800781,22.833911895751953,21.110231399536133,1.4552822868016104
00130,0,0.9261645078659058,8,466.26556396484375,443.9154357910156,138.46360778808594,92.3541488647461,0.23595964908599854
00130,1,0.1075315997004509,18,707.5993041992188,442.3388671875,26.927213668823242,10.457023620605469,-1.4115752587702612
00130,2,0.08367159217596054,18,472.77081298828125,600.1798095703125,38.095069885253906,10.182265281677246,-1.2460084716465811
00130,3,0.06717143207788467,18,486.9417419433594,593.7659301757812,51.384395599365234,11.457536697387695,-1.2511422197010855
00130,4,0.05119550973176956,3,467.94512939453125,445.1197814941406,137.89512634277344,91.89112091064453,0.19742095470428467
00130,5,0.05077371373772621,18,507.2449645996094,490.87628173828125,27.927053451538086,14.260440826416016,0.369181364774704
00033,0,0.8447072505950928,13,425.0948181152344,401.8313903808594,346.1944885253906,48.73716354370117,0.2707411050796509
00033,1,0.06483777612447739,18,429.5569763183594,403.0436096191406,351.4493408203125,47.513458251953125,0.267616868019104
00033,2,0.06307219713926315,11,432.82354736328125,368.9489440917969,355.86614990234375,79.31163024902344,0.24033629894256592
00033,3,0.053066715598106384,13,455.5644836425781,352.393310546875,286.2734680175781,74.69850158691406,0.2706657648086548
00033,4,0.05024498328566551,11,412.38775634765625,544.6566162109375,311.04534912109375,280.0448303222656,-0.050209879875183105
00136,0,0.8765082955360413,7,351.2173156738281,563.0548706054688,434.7250061035156,203.0763702392578,0.4062312841415405
00136,1,0.8753135204315186,7,521.542236328125,240.24331665039062,482.40594482421875,221.85247802734375,0.36149632930755615
00136,2,0.16801472008228302,18,748.4672241210938,453.67303466796875,24.614730834960938,9.302520751953125,0.5582622289657593
00136,3,0.15208803117275238,18,571.2457885742188,358.9893798828125,20.07284164428711,8.083029747009277,-0.15124046802520752
00136,4,0.11444380134344101,18,359.48126220703125,280.28118896484375,31.41274070739746,8.319347381591797,-0.24261224269866943
00136,5,0.11025027185678482,18,778.2073364257812,472.51495361328125,15.106040954589844,6.601015090942383,0.36868202686309814
00136,6,0.09156936407089233,18,127.2641830444336,226.89358520507812,29.667808532714844,11.206076622009277,0.27557170391082764
00136,7,0.07845673710107803,18,530.1812744140625,342.5049743652344,37.56462097167969,32.33912658691406,1.225792602696691
00136,8,0.06695222109556198,12,179.44932556152344,742.8890991210938,22.88935661315918,7.531445503234863,-0.41166678071022034
00136,9,0.06286473572254181,13,100.46829223632812,86.17034912109375,459.14215087890625,354.81854248046875,0.19573676586151123
00136,10,0.061853740364313126,18,578.037841796875,353.67169189453125,8.78342056274414,5.522853851318359,0.018646240234375
00136,11,0.06017005071043968,18,63.83207702636719,312.6693115234375,29.16965103149414,12.538745880126953,0.2731802463531494
00136,12,0.05490518733859062,18,489.7750549316406,616.6331787109375,7.562248706817627,6.160446643829346,1.5489667216923575
00136,13,0.053660497069358826,4,179.44932556152344,742.8890991210938,22.88935661315918,7.531445503234863,-0.41166678071022034
00136,14,0.05336954444646835,18,260.3668212890625,442.6724548339844,17.52849006652832,6.448156833648682,0.18378949165344238
00004,0,0.9654181599617004,5,641.4263916015625,411.52734375,212.00941467285156,211.60630798339844,0.0014525651931762695
00004,1,0.9598847031593323,5,336.7646484375,384.4131164550781,211.95069885253906,211.55010986328125,0.005285977851599455
00004,2,0.12660576403141022,18,135.11288452148438,419.5541687011719,10.747955322265625,7.34506893157959,-1.191824392476354
00004,3,0.11289762705564499,18,369.31982421875,192.8069305419922,7.102809906005859,6.958376884460449,-1.534347609677587
00004,4,0.10880133509635925,18,787.1092529296875,249.1927947998047,16.92864990234375,5.410757541656494,0.10136091709136963
00004,5,0.10387647897005081,18,364.45587158203125,197.2408447265625,11.85470962524414,5.997557163238525,0.032947659492492676
00004,6,0.0906032919883728,18,768.391845703125,424.0230407714844,7.678736686706543,5.678313255310059,-1.4834167520192008
00004,7,0.054910656064748764,14,334.89471435546875,383.645751953125,215.13650512695312,210.0864715576172,1.5669561187413077
00004,8,0.0522465780377388,18,290.564453125,208.1280975341797,15.3258695602417,5.656768798828125,-0.005530357360839844
00121,0,0.9581199884414673,10,510.1696472167969,373.95458984375,640.9032592773438,295.5244445800781,1.367178157964025
00121,1,0.8877091407775879,2,213.93670654296875,327.8038330078125,138.703369140625,135.838134765625,-0.6165345311164856
00121,2,0.5752229690551758,18,126.32120513916016,463.9466247558594,22.079750061035156,9.258729934692383,-0.46926215291023254
00121,3,0.31984296441078186,18,142.14524841308594,579.1117553710938,20.415470123291016,8.960456848144531,-0.5367745161056519
00121,4,0.21982766687870026,18,779.83056640625,656.9993286132812,20.3812255859375,8.098837852478027,0.016666650772094727
00121,5,0.12707839906215668,18,387.1202087402344,633.8887939453125,12.406686782836914,9.090167045593262,-1.4878588477757315
00121,6,0.09742120653390884,18,87.35153198242188,10.460160255432129,14.459015846252441,7.20989990234375,-0.4065408408641815
00121,7,0.09360572695732117,18,144.224365234375,586.7186889648438,21.525815963745117,8.341557502746582,-0.5432424545288086
00121,8,0.08055053651332855,18,147.9829559326172,621.9821166992188,20.88071060180664,7.348478317260742,-0.508461594581604
00121,9,0.06937184929847717,18,40.70274353027344,503.4476013183594,10.366548538208008,5.4663519859313965,-1.5125284949925284
00121,10,0.06934407353401184,13,147.9829559326172,621.9821166992188,20.88071060180664,7.348478317260742,-0.508461594581604
00121,11,0.056314922869205475,18,375.9542236328125,617.0028686523438,9.741731643676758,9.181086540222168,-0.09547483921051025
00121,12,0.05380920693278313,18,109.27239990234375,501.9600524902344,9.812386512756348,6.766899108886719,-1.5584585229542594
00007,0,0.8786156177520752,13,635.1624145507812,672.2128295898438,67.35375213623047,18.103906631469727,-0.010263205505907536
00007,1,0.8686941266059875,13,474.6202087402344,677.9293823242188,54.48284912109375,18.14130401611328,0.0077571868896484375
00007,2,0.8676278591156006,13,468.1235046386719,449.2200927734375,53.82438659667969,17.35211944580078,-0.0007801055908203125
00007,3,0.8659034967422485,13,341.3418884277344,664.4850463867188,50.855735778808594,17.026065826416016,1.5683205885023366
00007,4,0.8640156388282776,13,465.6913146972656,426.1483154296875,58.302547454833984,17.20391082763672,-0.027730107307434082
00007,5,0.848244845867157,13,467.295166015625,493.8835144042969,55.79143142700195,18.002498626708984,0.0010098220081999898
00007,6,0.8478135466575623,13,468.33856201171875,643.4639892578125,54.29355239868164,17.69302749633789,-0.004292964935302734
00007,7,0.8462551832199097,13,458.8631286621094,232.17918395996094,62.28015899658203,19.48638153076172,-0.036351919174194336
00007,8,0.8442621231079102,13,458.0398864746094,208.0129852294922,59.21532440185547,18.249120712280273,0.000248193769948557
00007,9,0.8434333801269531,13,306.5653076171875,467.6411437988281,70.80181121826172,20.948524475097656,-1.561484650769506
00007,10,0.8428088426589966,13,347.5356750488281,168.3134307861328,60.035335540771484,19.532026290893555,1.5501999436554055
00007,11,0.8427757620811462,13,731.2280883789062,664.9336547851562,51.77381896972656,16.904146194458008,-0.0025178194046020508
00007,12,0.831963300704956,13,341.4922180175781,418.1858215332031,44.828487396240234,14.085820198059082,-1.54017837631074
00007,13,0.8306601047515869,13,302.8192138671875,184.20533752441406,77.13684844970703,18.10823631286621,-1.5529501001026969
00007,14,0.8305759429931641,13,341.59912109375,359.9781799316406,48.643226623535156,15.562849998474121,-1.5476001063969473
00007,15,0.828775942325592,13,724.457763671875,248.99708557128906,37.346458435058594,12.870661735534668,0.0019408465595915914
00007,16,0.8272045254707336,13,470.7236328125,556.745849609375,50.5015754699707,16.93797492980957,-0.013177990913391113
00007,17,0.8248400688171387,13,468.26739501953125,404.92010498046875,48.24327087402344,15.707242012023926,0.001258969190530479
00007,18,0.8246011137962341,13,170.870361328125,101.27525329589844,68.50216674804688,21.341522216796875,1.530580480643783
00007,19,0.824569046497345,13,608.106689453125,507.8121643066406,38.5301513671875,13.017078399658203,-0.03453505039215088
00007,20,0.8244814872741699,13,727.6350708007812,543.8922729492188,35.09766387939453,12.866398811340332,-0.00370025634765625
00007,21,0.8223167657852173,13,474.47900390625,536.208251953125,39.17802047729492,14.101451873779297,-0.013625144958496094
00007,22,0.8196984529495239,13,606.1202392578125,312.79296875,33.767757415771484,10.829246520996094,-0.004174232482910156
00007,23,0.8196011781692505,13,607.2294311523438,351.0698547363281,34.700286865234375,11.75584888458252,-0.006479859352111816
00007,24,0.8186764717102051,13,608.4923706054688,545.1320190429688,32.33639144897461,11.18416976928711,-0.02367568202316761
00007,25,0.8177905678749084,13,467.55389404296875,274.4659118652344,52.49349594116211,16.1361083984375,-0.07110024243593216
00007,26,0.8172488212585449,13,727.7136840820312,448.748046875,35.69255447387695,12.407705307006836,-0.01045989990234375
00007,27,0.8171116709709167,13,342.3647766113281,236.92037963867188,52.58511734008789,17.289573669433594,-1.5486375848439078
00007,28,0.8170444965362549,13,357.9024963378906,728.90869140625,54.7677001953125,16.78998374938965,-0.009786843322217464
00007,29,0.8165411949157715,13,532.0650634765625,575.3760986328125,37.29226303100586,12.471994400024414,0.012835860252380371
00007,30,0.8162710666656494,13,474.84222412109375,576.993408203125,40.12706756591797,12.886096000671387,-0.019208550453186035
00007,31,0.8146469593048096,13,466.8783264160156,317.5350646972656,48.016395568847656,15.47721004486084,-0.0005012750625610352
00007,32,0.8127400875091553,13,726.7210083007812,599.3783569335938,38.92924499511719,13.487680435180664,0.007284879684448242
00007,33,0.8110959529876709,13,474.89794921875,600.8826904296875,42.544342041015625,14.601081848144531,0.013048052787780762
00007,34,0.8079964518547058,13,608.36376953125,527.1782836914062,33.34507369995117,13.381647109985352,0.026520848274230957
00007,35,0.806164562702179,13,528.8504638671875,183.10516357421875,35.82783126831055,12.819356918334961,-0.011712908744812012
00007,36,0.8029723763465881,13,471.2704162597656,360.1366882324219,42.92536926269531,13.096945762634277,-0.0031626224517822266
00007,37,0.8027450442314148,13,524.3722534179688,88.02212524414062,35.114418029785156,12.612546920776367,0.013970136642456055
00007,38,0.802631676197052,13,467.9660949707031,88.71356201171875,31.510847091674805,10.94186019897461,0.02246105670928955
00007,39,0.8013057112693787,13,604.2415771484375,159.2349853515625,35.93001937866211,12.194337844848633,0.03286779299378395
00007,40,0.8005038499832153,13,607.2387084960938,430.5542297363281,35.60305404663086,12.853529930114746,-0.04823660850524902
00007,41,0.7993419170379639,13,467.59844970703125,382.7150573730469,50.33171081542969,15.812704086303711,0.025211572647094727
00007,42,0.798409104347229,13,605.4942626953125,198.12454223632812,31.546186447143555,10.919978141784668,-0.06392073631286621
00007,43,0.7945641875267029,13,465.50408935546875,123.66438293457031,40.38273620605469,12.11738395690918,0.008082270622253418
00007,44,0.7943317294120789,13,468.3638000488281,144.01205444335938,45.325279235839844,16.803438186645508,0.017741084098815918
00007,45,0.7940765023231506,13,722.9662475585938,142.41510009765625,39.75569152832031,14.696361541748047,0.021142959594726562
00007,46,0.7922347187995911,13,650.8075561523438,217.9402313232422,27.111831665039062,9.5797119140625,-0.005346417427062988
00007,47,0.7919387221336365,13,652.3507080078125,126.20135498046875,36.659271240234375,12.062528610229492,0.005408763885498047
00007,48,0.7894698977470398,13,651.3900756835938,197.3574676513672,34.09188461303711,12.15939998626709,0.04012728109955788
00007,49,0.7892212271690369,13,473.345458984375,471.75787353515625,40.190643310546875,14.555041313171387,0.04180550575256348
00007,50,0.7879934310913086,13,530.0328369140625,674.6956176757812,37.45608139038086,12.571793556213379,-0.014387369155883789
00007,51,0.7871481776237488,13,463.61614990234375,185.74600219726562,44.99400329589844,16.886783599853516,0.04627823457121849
00007,52,0.7856450080871582,13,344.54608154296875,299.7866516113281,58.61559295654297,18.40031623840332,-1.5448652068760733
00007,53,0.785218358039856,13,608.872314453125,411.0982971191406,33.2146110534668,11.681602478027344,-0.05949759483337402
00007,54,0.7841997742652893,13,730.091552734375,504.3422546386719,30.122447967529297,10.223977088928223,-0.04820823669433594
00007,55,0.7828521132469177,13,727.036865234375,525.5892333984375,33.56224822998047,11.204538345336914,0.00010073184967041016
00007,56,0.782225489616394,13,523.0274047851562,104.81185150146484,39.11071014404297,13.294303894042969,-0.009511470794677734
00007,57,0.7821698188781738,13,605.28515625,333.2443542480469,34.054527282714844,11.802408218383789,-0.004437923431396484
00007,58,0.7819007635116577,13,727.7199096679688,369.829833984375,33.16747283935547,11.690595626831055,-0.03521919250488281
00007,59,0.7814580202102661,13,524.4230346679688,208.1393280029297,38.53831100463867,12.510793685913086,-0.0083085298538208
00007,60,0.7807608842849731,13,524.36181640625,123.84661102294922,40.80980682373047,14.386204719543457,-0.030453085899353027
00007,61,0.7806746363639832,13,527.9756469726562,296.5108947753906,35.61741638183594,12.741659164428711,0.0022141931112855673
00007,62,0.7805241346359253,13,605.6116943359375,275.0657958984375,32.34831237792969,10.88199234008789,-0.010042310692369938
00007,63,0.7766153216362,13,608.272705078125,392.5267639160156,31.67469024658203,11.080789566040039,-0.0052758450619876385
00007,64,0.7755511403083801,13,530.404296875,601.4730224609375,38.92356872558594,12.613350868225098,-0.0066149234771728516
00007,65,0.7746708989143372,13,524.9324340820312,313.8371887207031,35.34260559082031,11.970895767211914,-0.044436097145080566
00007,66,0.7741864323616028,13,529.0237426757812,491.7741394042969,34.87678146362305,11.758776664733887,-0.0687187910079956
00007,67,0.7738712430000305,13,606.22119140625,294.6411437988281,36.59955596923828,12.645360946655273,0.004688262473791838
00007,68,0.7676815390586853,13,525.3445434570312,358.3602294921875,38.91670227050781,12.384203910827637,0.010071516036987305
00007,69,0.7651109099388123,13,652.568115234375,256.4532165527344,25.216995239257812,10.036808013916016,-0.0020183324813842773
00007,70,0.7636821866035461,13,727.796630859375,637.7769165039062,40.77125930786133,12.931185722351074,-0.010223031975328922
00007,71,0.7633857727050781,13,471.2861022949219,253.80259704589844,38.05290985107422,13.022768020629883,-0.026113271713256836
00007,72,0.7605792284011841,13,731.9252319335938,580.1475219726562,28.36368179321289,10.705368041992188,-0.01111519243568182
00007,73,0.7594957947731018,13,728.205322265625,105.20516204833984,27.121824264526367,9.512499809265137,0.005660533905029297
00007,74,0.7587926387786865,13,531.525634765625,643.1625366210938,40.182491302490234,14.564538955688477,-0.012687920592725277
00007,75,0.7564506530761719,13,655.5994873046875,564.0863037109375,34.10737991333008,12.776496887207031,0.0057700867764651775
00007,76,0.7553722262382507,13,655.8672485351562,428.76171875,37.267539978027344,13.154162406921387,0.03188025951385498
00007,77,0.7533438205718994,13,614.465576171875,619.3556518554688,30.465885162353516,11.188373565673828,-0.003473997116088867
00007,78,0.7513097524642944,13,727.4423217773438,88.30892944335938,25.952272415161133,9.918383598327637,0.016579627990722656
00007,79,0.7512015700340271,13,726.8744506835938,424.84716796875,31.624099731445312,10.449274063110352,0.026009321212768555
00007,80,0.7466093301773071,13,527.5361938476562,269.5295715332031,37.188899993896484,12.96838092803955,-0.01845419406890869
00007,81,0.7443438172340393,13,527.3202514648438,165.25430297851562,34.72930145263672,11.73393440246582,0.0026350021362304688
00007,82,0.743381917476654,13,470.9267578125,165.36671447753906,35.4428825378418,13.558095932006836,-0.009979247115552425
00007,83,0.7430378198623657,13,609.5413208007812,471.6192932128906,25.382200241088867,10.319716453552246,-0.013441324234008789
00007,84,0.7386872172355652,13,352.94873046875,702.7532958984375,36.040584564208984,13.168464660644531,-0.029274703934788704
00007,85,0.7370473146438599,13,730.2333984375,564.7540283203125,26.596654891967773,10.135455131530762,0.005435348022729158
00007,86,0.7367469668388367,13,528.053466796875,511.660400390625,30.269432067871094,12.031387329101562,-0.001627802848815918
00007,87,0.736494779586792,13,339.505615234375,604.244873046875,41.45497131347656,14.16937255859375,-1.5649141832862536
00007,88,0.7362456321716309,13,658.245849609375,489.01904296875,30.92042350769043,11.093158721923828,0.0037291052285581827
00007,89,0.7361745834350586,13,471.67816162109375,514.9478759765625,34.54121780395508,13.212736129760742,-0.04221212863922119
00007,90,0.7351405024528503,13,655.4884033203125,526.5372314453125,35.57723617553711,11.168647766113281,-0.007567763328552246
00007,91,0.7337926030158997,13,529.741455078125,535.4453735351562,40.091121673583984,13.803229331970215,0.044533729553222656
00007,92,0.7291650176048279,13,604.0016479492188,125.10723114013672,32.36646270751953,12.089404106140137,-0.022424934431910515
00007,93,0.7266809940338135,13,657.5623779296875,618.760009765625,28.446918487548828,10.37940788269043,-0.04656374827027321
00007,94,0.7144479155540466,13,606.8848266601562,109.18423461914062,24.63430404663086,9.426301002502441,-0.012972354888916016
00007,95,0.7119545340538025,13,608.7310180664062,142.350341796875,27.556583404541016,10.354898452758789,-0.0064078569412231445
00007,96,0.7092505097389221,13,649.879150390625,296.87664794921875,25.470073699951172,10.567533493041992,0.02874886989593506
00007,97,0.7065757513046265,13,416.3386535644531,100.6778564453125,27.265567779541016,10.99734878540039,-1.558825091519628
00007,98,0.7063737511634827,13,729.4568481445312,308.0654296875,26.060583114624023,10.177380561828613,0.014442921616137028
00007,99,0.7047604322433472,13,724.6964111328125,266.11627197265625,24.440486907958984,9.271444320678711,-0.09982108324766159
00007,100,0.7029459476470947,11,493.5244445800781,373.9809875488281,628.373779296875,103.15586853027344,-1.5704688588473967
00007,101,0.699844241142273,13,653.0106201171875,504.07940673828125,27.653573989868164,9.390827178955078,-0.038300398737192154
00007,102,0.6955068111419678,13,725.1555786132812,331.027099609375,25.892431259155273,9.522730827331543,-0.06543111801147461
00007,103,0.693084716796875,13,727.7887573242188,464.7351989746094,28.082759857177734,9.524663925170898,-0.005102037917822599
00007,104,0.6925060153007507,13,468.9821472167969,102.62428283691406,31.266244888305664,10.315756797790527,-0.0082474946975708
00007,105,0.6917700171470642,13,613.3614501953125,605.2674560546875,24.653348922729492,9.607624053955078,-0.0106734037399292
00007,106,0.6897295117378235,13,767.2230834960938,83.74671936035156,22.201492309570312,9.144643783569336,-0.012860655784606934
00007,107,0.6885311007499695,13,770.8402099609375,264.995361328125,22.148399353027344,8.284748077392578,-0.014336228370666504
00007,108,0.6791908144950867,13,606.241455078125,256.87237548828125,30.816959381103516,11.530552864074707,-0.03692138195037842
00007,109,0.6765751242637634,13,654.6888427734375,542.3189697265625,29.177940368652344,10.812265396118164,-0.018755555152893066
00007,110,0.6637126207351685,13,527.4846801757812,142.62486267089844,28.6578311920166,10.46076488494873,-0.04723668098449707
00007,111,0.6618601083755493,13,770.5814819335938,214.44158935546875,23.341087341308594,9.582389831542969,-0.02059173583984375
00007,112,0.6598924398422241,13,651.1373901367188,373.9796142578125,25.022891998291016,10.52656364440918,0.04174184799194336
00007,113,0.659207284450531,13,767.9461669921875,100.27361297607422,24.186338424682617,10.039761543273926,0.016315817832946777
00007,114,0.6456811428070068,13,648.2858276367188,108.3393783569336,24.554729461669922,9.9370698928833,-0.040383338928222656
00007,115,0.6396247148513794,13,763.2694702148438,628.8544311523438,20.921443939208984,10.151793479919434,1.5307156602528433
00007,116,0.6386026740074158,13,731.7681884765625,488.30535888671875,24.289152145385742,10.292513847351074,-0.09023356437683105
00007,117,0.6354631781578064,13,770.4254150390625,250.82870483398438,22.550783157348633,9.024404525756836,-0.04145383834838867
00007,118,0.6195540428161621,11,629.7555541992188,373.42230224609375,607.1510620117188,76.5485610961914,-1.563644723096166
00007,119,0.6155495047569275,13,652.736572265625,411.90411376953125,25.783851623535156,10.647424697875977,0.00642549991607666
00007,120,0.6150447130203247,13,600.9244384765625,87.0762939453125,25.32964324951172,9.145118713378906,0.0035935640335083008
00007,121,0.6146595478057861,13,526.3362426757812,404.2344970703125,27.85576629638672,10.65013313293457,-0.04191088676452637
00007,122,0.6101085543632507,13,244.62850952148438,177.12046813964844,22.471118927001953,10.52315902709961,1.4532680074360709
00007,123,0.6036341190338135,13,771.2047119140625,70.87438201904297,19.831684112548828,8.963174819946289,-0.007109999656677246
00007,124,0.6025732755661011,13,727.0805053710938,198.01388549804688,26.620580673217773,10.1918363571167,0.01936054229736328
00007,125,0.5950011014938354,13,351.72784423828125,590.2496948242188,26.1827335357666,9.945380210876465,1.5306269685414176
00007,126,0.5885843634605408,11,740.4005737304688,326.9485778808594,526.69189453125,64.78994750976562,-1.5258374969151358
00007,127,0.5785301327705383,13,533.84375,658.8767700195312,35.836185455322266,11.51264762878418,0.015150667168200016
00007,128,0.5783768892288208,13,762.9567260742188,601.1578979492188,20.533002853393555,9.07259464263916,1.5703600207660369
00007,129,0.5776803493499756,13,534.6948852539062,474.23834228515625,21.440996170043945,9.13830852508545,0.023227931931614876
00007,130,0.5766302943229675,13,761.5138549804688,383.3268127441406,21.174427032470703,9.217771530151367,-1.535493449368749
00007,131,0.5712887644767761,13,728.4559326171875,348.7200927734375,25.776819229125977,12.982928276062012,0.060425642877817154
00007,132,0.5657721757888794,13,730.640625,619.0723266601562,31.866117477416992,12.262228965759277,0.02728295512497425
00007,133,0.5649407505989075,13,762.881591796875,549.4037475585938,21.18189239501953,10.068081855773926,1.547208265462194
00007,134,0.5600433945655823,13,529.4491577148438,557.8880004882812,25.95943832397461,9.48880386352539,0.054782744497060776
00007,135,0.5525051355361938,13,771.1840209960938,306.3275146484375,24.392427444458008,10.415336608886719,-0.08900463581085205
00007,136,0.5379443764686584,13,604.0057373046875,182.35235595703125,20.55156707763672,8.56612491607666,-0.016607044264674187
00007,137,0.5377450585365295,13,767.5235595703125,141.44776916503906,24.793039321899414,9.356833457946777,0.009892702102661133
00007,138,0.5305278301239014,13,762.3117065429688,464.711181640625,22.202926635742188,9.979371070861816,-1.5325604240086417
00007,139,0.5193538069725037,13,762.0277709960938,436.2740478515625,21.414472579956055,9.76362419128418,-1.4667597646501402
00007,140,0.4751838743686676,13,762.2528686523438,491.8923034667969,19.158504486083984,9.555498123168945,-1.511299685635839
00007,141,0.4440610110759735,13,762.213623046875,571.9815673828125,18.214431762695312,9.514227867126465,-1.5360171357777457
00007,142,0.4188411831855774,13,657.0277099609375,645.4241943359375,20.929323196411133,8.137114524841309,0.017223358154296875
00007,143,0.41221943497657776,13,607.8380126953125,220.73133850097656,26.251306533813477,10.542027473449707,-0.09213781356811523
00007,144,0.3754081726074219,13,761.1444091796875,362.3819580078125,24.66302490234375,9.191612243652344,-1.5634961878557245
00007,145,0.35764458775520325,13,463.7347717285156,659.9843139648438,41.944297790527344,10.937664031982422,-0.02470409870147705
00007,146,0.34739044308662415,13,341.8348693847656,552.5238037109375,19.903635025024414,18.46122932434082,1.5566557208683829
00007,147,0.3386939465999603,11,336.3539733886719,540.227783203125,177.27212524414062,21.31768226623535,-1.5606061975148062
00007,148,0.32352352142333984,13,341.4275207519531,524.7005615234375,25.699424743652344,18.352298736572266,-1.5397646008667092
00007,149,0.3232065737247467,13,535.0845947265625,615.720947265625,22.734140396118164,8.32561206817627,0.05629921332001686
00007,150,0.30958327651023865,13,609.1759033203125,211.9137420654297,27.523950576782227,9.913618087768555,-0.10397685319185257
00007,151,0.271982342004776,13,767.4341430664062,123.87286376953125,21.708942413330078,9.172407150268555,0.023174641653895378
00007,152,0.26383769512176514,18,672.613037109375,31.599998474121094,23.03145408630371,9.933616638183594,-0.9722904721882681
00007,153,0.24712800979614258,13,740.8699951171875,291.0688171386719,13.226449012756348,8.914551734924316,1.5588547755640487
00007,154,0.23959460854530334,13,727.1492919921875,360.2079772949219,29.600318908691406,11.083041191101074,0.008736252784729004
00007,155,0.21565374732017517,13,432.5834045410156,90.6888427734375,18.777727127075195,11.057534217834473,1.5684794942524771
00007,156,0.20702412724494934,13,323.8003234863281,184.43511962890625,49.311912536621094,12.682441711425781,-1.5501426021244864
00007,157,0.2001570612192154,11,291.1714172363281,410.5830993652344,650.0470581054688,140.20416259765625,-1.5360445539143424
00007,158,0.19855496287345886,13,614.7486572265625,654.49365234375,32.16988754272461,12.005677223205566,-0.0325547456741333
00007,159,0.19110102951526642,13,726.4176025390625,319.0481262207031,23.724267959594727,8.326815605163574,-0.042485591024160385
00007,160,0.18281914293766022,13,337.0627136230469,502.2657775878906,14.641758918762207,8.996125221252441,1.5027775327351431
00007,161,0.1660192757844925,13,383.7371520996094,96.67239379882812,18.83191680908203,9.961894989013672,-1.493767694630895
00007,162,0.1563025861978531,13,750.546142578125,625.6409301757812,17.477279663085938,15.392631530761719,-0.022029636427760124
00007,163,0.11346093565225601,13,631.3734130859375,255.84646606445312,25.021221160888672,11.900409698486328,0.01647365093231201
00007,164,0.1105867326259613,13,613.9332885742188,382.84893798828125,29.952545166015625,10.65179443359375,-0.06410419195890427
00007,165,0.10855261981487274,13,752.6267700195312,568.2700805664062,12.828634262084961,11.982522964477539,-1.5605818788197379
00007,166,0.10722913593053818,11,343.5269775390625,307.2803955078125,90.43045806884766,16.372108459472656,-1.4629637757923941
00007,167,0.10710488259792328,13,614.5296630859375,246.0237579345703,20.87214469909668,16.20367431640625,-0.015922190621495247
00007,168,0.10529405623674393,13,609.4765014648438,462.2159118652344,26.342737197875977,10.182929039001465,-0.011727333068847656
00007,169,0.10294046998023987,11,359.212646484375,707.4594116210938,43.59164047241211,23.82037925720215,0.018385889008641243
00007,170,0.1009136363863945,13,652.1167602539062,341.1414794921875,25.337209701538086,7.682081699371338,-0.05678701028227806
00007,171,0.10007656365633011,13,672.3175048828125,31.999399185180664,26.032304763793945,10.718783378601074,-1.0205509225514273
00007,172,0.09920818358659744,18,687.4772338867188,52.19730758666992,13.07875919342041,7.852159023284912,-1.5135209123280386
00007,173,0.09900954365730286,13,321.2963562011719,346.5718994140625,31.135883331298828,11.232645988464355,-1.4250459233906607
00007,174,0.0947997123003006,13,794.6305541992188,776.4805908203125,22.28597640991211,7.5894775390625,0.09768439084291458
00007,175,0.0917767733335495,13,320.458251953125,416.5546569824219,55.11576843261719,15.429376602172852,-1.5079395259406905
00007,176,0.09143542498350143,11,431.4521789550781,98.89352416992188,27.911598205566406,19.266550064086914,1.5651431838658194
00007,177,0.09122271090745926,13,751.7069702148438,601.37109375,17.856739044189453,17.132665634155273,-0.016199469566345215
00007,178,0.09074687957763672,13,455.556396484375,525.5196533203125,27.374425888061523,10.569580078125,-0.009267568588256836
00007,179,0.08563576638698578,11,347.15411376953125,168.34706115722656,62.611759185791016,20.80406379699707,1.5608814508330564
00007,180,0.08504927158355713,15,442.8127746582031,32.679100036621094,18.014657974243164,15.264542579650879,0.022962572053074837
00007,181,0.08412332832813263,11,457.14422607421875,97.41378021240234,39.310394287109375,34.26673889160156,-0.09864819049835205
00007,182,0.0819532573223114,11,316.8890380859375,183.2914276123047,69.22573852539062,19.107023239135742,1.5534334937718253
00007,183,0.07383548468351364,11,320.458251953125,416.5546569824219,55.11576843261719,15.429376602172852,-1.5079395259406905
00007,184,0.07286372035741806,11,415.67547607421875,100.06653594970703,29.583721160888672,13.628767013549805,-1.5389686385777335
00007,185,0.07267969846725464,11,321.11785888671875,312.5108642578125,81.46156311035156,11.37418270111084,-1.4942685003068785
00007,186,0.06948437541723251,13,321.73394775390625,246.09664916992188,52.598209381103516,13.752201080322266,-1.5484342156585793
00007,187,0.06832312047481537,11,322.9564208984375,600.01220703125,54.45513916015625,13.145196914672852,-1.5201397697117667
00007,188,0.06645532697439194,11,473.7919616699219,640.49169921875,53.43104553222656,43.62015151977539,-0.006960749626159668
00007,189,0.06429383158683777,11,306.3501892089844,470.1465148925781,75.10102081298828,20.970746994018555,-1.5018912191179137
00007,190,0.0642840638756752,11,321.73394775390625,246.09664916992188,52.598209381103516,13.752201080322266,-1.5484342156585793
00007,191,0.06042345240712166,11,366.3092346191406,166.53065490722656,48.725791931152344,15.616281509399414,1.5413623611119132
00007,192,0.06021025404334068,11,340.52459716796875,417.2514343261719,51.4376106262207,14.3638334274292,-1.53870947758225
00007,193,0.059171512722969055,11,345.83697509765625,665.2141723632812,59.65837097167969,27.968101501464844,1.5266974727299552
00007,194,0.058773867785930634,11,341.8254699707031,239.05335998535156,59.149749755859375,16.33511734008789,-1.5427136002716164
00007,195,0.05830555781722069,13,330.26251220703125,451.5920104980469,580.892578125,41.549903869628906,-1.5666827718403677
00007,196,0.05813634768128395,11,401.9677429199219,98.09313201904297,25.580718994140625,17.150094985961914,-1.5462660352375845
00007,197,0.056619688868522644,11,346.434326171875,611.7694702148438,73.04066467285156,15.290127754211426,-1.5454896251347403
00007,198,0.05589986965060234,15,415.8692932128906,99.27621459960938,27.482574462890625,13.150084495544434,-1.5523225805398564
00007,199,0.054493069648742676,0,442.1994934082031,22.15155601501465,53.153316497802734,34.21876907348633,0.09841263294219971
00007,200,0.05423460155725479,11,485.81170654296875,669.4059448242188,57.923004150390625,23.030704498291016,-0.028964877128601074
00007,201,0.05389741435647011,11,190.25808715820312,100.28733825683594,53.78900146484375,18.06283950805664,1.5219145576145987
00007,202,0.05360017344355583,11,733.3385009765625,624.463134765625,47.812278747558594,46.85641860961914,1.5046559135105948
00007,203,0.05196398124098778,13,401.9677429199219,98.09313201904297,25.580718994140625,17.150094985961914,-1.5462660352375845
00072,0,0.613835334777832,19,726.401611328125,479.7721252441406,52.36122512817383,28.026887893676758,0.02673959918320179
00072,1,0.5608237981796265,19,84.17668151855469,615.0645141601562,78.62413787841797,29.713348388671875,1.5473534623768668
00072,2,0.5577325224876404,19,588.0838012695312,169.3501434326172,49.847564697265625,29.211050033569336,0.03148698806762695
00064,0,0.9547671675682068,16,590.8206787109375,406.47454833984375,173.1726531982422,81.79973602294922,1.5626732865956168
00064,1,0.953008770942688,16,712.6298217773438,403.8691101074219,170.76239013671875,80.7240219116211,1.5658063451435904
00064,2,0.851042628288269,16,122.72237396240234,378.2232666015625,130.1568603515625,81.00640106201172,-0.0777813196182251
00064,3,0.07575371116399765,18,201.71388244628906,766.7177734375,12.595858573913574,7.95743989944458,0.15369834005832672
00064,4,0.07491211593151093,18,129.11500549316406,655.55322265625,10.589838027954102,5.523338317871094,-0.05121326074004173
00064,5,0.0666145384311676,10,120.38900756835938,378.2947998046875,146.19061279296875,74.31214141845703,-0.3245428800582886
00064,6,0.0632074773311615,18,356.30853271484375,150.38392639160156,20.761714935302734,9.191790580749512,1.0049035112049918
00064,7,0.061222076416015625,18,404.0357971191406,407.2762145996094,12.743475914001465,12.371557235717773,0.07446801662445068
00064,8,0.058025095611810684,3,123.25701141357422,377.85693359375,132.13232421875,77.26030731201172,-0.07123565673828125
00064,9,0.055399663746356964,16,210.63063049316406,358.18603515625,62.687007904052734,33.79383087158203,-1.5463060876962285
00064,10,0.05398141220211983,2,123.25701141357422,377.85693359375,132.13232421875,77.26030731201172,-0.07123565673828125
00064,11,0.05396261811256409,15,403.1202392578125,407.1351623535156,13.124529838562012,12.57806396484375,0.07481705397367477
00066,0,0.9345157742500305,2,425.3001403808594,564.5994262695312,180.83685302734375,179.88119506835938,0.5999611616134644
00066,1,0.9174496531486511,2,169.3013916015625,182.3541717529297,164.41958618164062,163.32949829101562,-0.8798539201405386
00066,2,0.9123095870018005,2,132.30210876464844,531.7276000976562,149.53628540039062,147.54672241210938,1.4644486467030386
00066,3,0.8880515694618225,2,643.6373291015625,328.2906799316406,168.04269409179688,161.60983276367188,-0.7456056038525443
00066,4,0.7837141156196594,2,503.7635803222656,157.96205139160156,100.06580352783203,87.0460205078125,-0.5505760908126831
00066,5,0.10688819736242294,18,166.18003845214844,62.13431930541992,9.807844161987305,6.755301475524902,0.09658359736204147
00066,6,0.09974050521850586,9,504.8945617675781,158.7918701171875,105.70700073242188,86.46052551269531,0.00017952919006347656
00066,7,0.07157991081476212,18,468.68670654296875,434.4393005371094,38.14994812011719,8.653018951416016,0.692139208316803
00066,8,0.06696900725364685,0,642.3128051757812,325.19378662109375,167.71217346191406,154.49679565429688,-0.8669943372395377
00137,0,0.9367682337760925,16,113.39611053466797,156.2470703125,126.37301635742188,60.287940979003906,1.5418844978001456
00137,1,0.9360781311988831,16,340.7486572265625,153.3146514892578,125.06887817382812,58.77834701538086,1.549223975339208
00137,2,0.9330155253410339,16,189.48593139648438,155.2732391357422,125.6478042602539,58.68095016479492,1.5510298768666129
00137,3,0.9329953789710999,16,492.4630126953125,151.59274291992188,125.89421081542969,59.014244079589844,1.5478019277241568
00137,4,0.9318706393241882,16,416.3731384277344,152.7388153076172,125.97301483154297,59.24751281738281,1.5513263485070805
00137,5,0.9275696873664856,16,264.98638916015625,154.18580627441406,125.73463439941406,58.92445755004883,1.548653676235352
00137,6,0.9173955321311951,2,237.2443389892578,686.4839477539062,183.4807586669922,178.5172882080078,-0.0316089391708374
00137,7,0.9148827195167542,16,567.984375,150.76901245117188,126.070068359375,59.06964111328125,1.5485349456456046
00137,8,0.11209938675165176,18,105.49919128417969,344.74676513671875,17.337610244750977,8.526426315307617,1.562118605771337
00137,9,0.10747989267110825,10,567.8265380859375,150.50482177734375,124.60221099853516,58.2547607421875,1.5506226597961525
00137,10,0.09069550782442093,18,561.7679443359375,8.497647285461426,20.898128509521484,5.298858642578125,-0.06080615147948265
00137,11,0.07505050301551819,10,264.92706298828125,153.9496307373047,125.4266128540039,58.876426696777344,1.5518806735661368
00137,12,0.0735640898346901,10,415.7164001464844,151.75790405273438,128.30690002441406,61.31850051879883,1.5555018941548209
00137,13,0.06810380518436432,10,113.3416748046875,156.17681884765625,125.83869934082031,60.08628463745117,1.5398836890843253
00137,14,0.05976513773202896,10,189.25889587402344,155.39083862304688,126.05278778076172,59.33252716064453,1.5515347282078604
00137,15,0.05767900124192238,10,341.146484375,153.4774169921875,125.69359588623047,59.82273864746094,1.5625477592137198
00137,16,0.05278371274471283,10,492.0910339355469,151.4594268798828,126.23772430419922,58.81533432006836,1.5531587163594107
00045,0,0.6945092082023621,6,436.814208984375,402.68572998046875,384.76519775390625,80.80457305908203,-1.5577692548420767
00045,1,0.07765500992536545,16,9.19152545928955,287.50677490234375,66.61212921142578,24.677776336669922,1.5454545776036124
00045,2,0.06888928264379501,7,208.83612060546875,443.37060546875,124.64027404785156,117.86511993408203,-1.4913703958180289
00045,3,0.054048944264650345,4,206.3839569091797,162.38949584960938,17.10108757019043,12.215330123901367,-1.3439837406065802
00198,0,0.8348879814147949,7,449.58807373046875,327.98883056640625,528.9456787109375,151.3468780517578,0.09714389592409134
00198,1,0.7658129930496216,7,365.8482971191406,524.2348022460938,616.7843017578125,129.7748565673828,0.08358025550842285
00198,2,0.3648015260696411,12,401.9583435058594,424.79632568359375,47.94886779785156,13.243919372558594,-1.4669895927098136
00198,3,0.31725582480430603,18,492.090576171875,399.7974853515625,47.040931701660156,10.064385414123535,0.14067089557647705
00198,4,0.2668406367301941,18,290.6128234863281,453.4459228515625,48.3631591796875,8.06371784210205,0.0777137279510498
00198,5,0.20771877467632294,8,695.5874633789062,399.031494140625,30.629924774169922,13.126134872436523,1.0818104604866843
00198,6,0.18474410474300385,18,347.3364562988281,459.0214538574219,37.70427703857422,8.339366912841797,0.06384193897247314
00198,7,0.14278753101825714,18,456.1270446777344,352.3397216796875,36.56739044189453,7.9988250732421875,0.9021716872837882
00198,8,0.13830958306789398,18,492.26837158203125,360.8214111328125,33.09283447265625,9.592447280883789,1.0563571015980582
00198,9,0.12381581962108612,18,126.66101837158203,399.1942443847656,11.862905502319336,5.815568923950195,0.017757773399353027
00198,10,0.11958201974630356,18,265.53033447265625,549.9479370117188,46.03021240234375,9.897300720214844,0.09717464447021484
00198,11,0.10665387660264969,8,402.0895690917969,425.81683349609375,46.46453094482422,13.294391632080078,-1.4939876357701163
00198,12,0.08995582908391953,18,299.3038330078125,501.1432189941406,38.533416748046875,13.017265319824219,1.0102922479298453
00198,13,0.08867374062538147,4,402.0895690917969,425.81683349609375,46.46453094482422,13.294391632080078,-1.4939876357701163
00198,14,0.08567655086517334,19,401.7068176269531,423.7060241699219,50.06901550292969,12.483424186706543,-1.5241304161634783
00198,15,0.08190122991800308,18,447.40399169921875,352.8864440917969,31.87163543701172,9.185539245605469,0.9259686628964285
00198,16,0.08036178350448608,18,418.4697265625,459.0079345703125,17.283998489379883,6.431176662445068,0.1065131425857544
00198,17,0.07979282736778259,10,401.9388122558594,422.6250305175781,50.08359146118164,13.852025032043457,-1.4734731475499014
00198,18,0.07951121032238007,5,694.5966186523438,399.4052734375,29.139354705810547,12.697994232177734,1.0756732980397086
00198,19,0.07772727310657501,17,695.5874633789062,399.031494140625,30.629924774169922,13.126134872436523,1.0818104604866843
00198,20,0.07434144616127014,18,565.8578491210938,461.2108459472656,11.661503791809082,6.208462238311768,0.18606947362422943
00198,21,0.07240471988916397,18,710.0210571289062,472.76708984375,10.030137062072754,6.455527305603027,0.18793511390686035
00198,22,0.07124073803424835,18,401.9388122558594,422.6250305175781,50.08359146118164,13.852025032043457,-1.4734731475499014
00198,23,0.06450332701206207,18,233.5679931640625,399.86627197265625,12.870354652404785,6.646284103393555,0.06503820419311523
00198,24,0.0620669387280941,18,65.95477294921875,416.1014099121094,11.227836608886719,6.388918876647949,0.044933442026376724
00198,25,0.05462150275707245,18,468.6858825683594,356.33837890625,27.98042106628418,8.373988151550293,0.9737384478237967
00128,0,0.3422156572341919,1,469.2642517089844,457.2099609375,601.4034423828125,148.01573181152344,-0.5010910034179688
00128,1,0.06580302119255066,5,611.4403686523438,332.209228515625,57.647544860839844,18.37662124633789,-0.20928740501403809
00128,2,0.05743408203125,6,468.77606201171875,470.21771240234375,533.2091064453125,149.15264892578125,-0.4234966039657593
00079,0,0.903867781162262,15,550.8300170898438,431.1910400390625,153.939208984375,151.12744140625,-0.0034073591232299805
00079,1,0.4157840609550476,15,707.8142700195312,441.14776611328125,14.089649200439453,13.44531536102295,1.5409034053471427
00079,2,0.3525875508785248,15,707.8439331054688,456.330322265625,13.695577621459961,12.701343536376953,1.5450641690429787
00079,3,0.3025140166282654,15,710.2426147460938,472.5815734863281,14.495429039001465,11.244307518005371,-1.5639192620900015
00079,4,0.1834200769662857,10,481.83648681640625,198.95675659179688,563.6544189453125,264.98370361328125,-0.028806207701563835
00079,5,0.13911931216716766,10,237.80078125,732.9978637695312,334.6542663574219,205.5703125,-0.09695030003786087
00079,6,0.11144179105758667,18,550.39208984375,431.86602783203125,153.36380004882812,152.84954833984375,-5.817413330078125e-05
00079,7,0.11126931756734848,18,750.6115112304688,397.400390625,10.671416282653809,6.460669040679932,1.526712612309728
00079,8,0.0740116760134697,15,721.1555786132812,488.1510314941406,12.985318183898926,10.736018180847168,-1.5409827987339835
00079,9,0.06043509766459465,15,678.8622436523438,441.17340087890625,25.750843048095703,11.395163536071777,0.020382044836878777
00079,10,0.05665591359138489,18,96.70240783691406,441.586181640625,11.8377103805542,8.12751293182373,1.5489084283497672
00079,11,0.056645821779966354,18,678.6328125,440.98834228515625,25.39510726928711,10.468225479125977,0.03507542237639427
00079,12,0.05259491130709648,15,495.3680114746094,198.28370666503906,486.8977355957031,225.8936767578125,-0.0346674919128418
00079,13,0.051158513873815536,15,700.8684692382812,487.6336669921875,24.094741821289062,13.375345230102539,-1.5671380321171622
00079,14,0.050096042454242706,14,707.8142700195312,441.14776611328125,14.089649200439453,13.44531536102295,1.5409034053471427
00188,0,0.9459986686706543,16,458.39044189453125,418.1857604980469,226.56851196289062,107.344970703125,1.2182696620610098
00188,1,0.8534400463104248,16,313.9206848144531,469.3631896972656,127.13250732421875,62.5079345703125,1.2337512532856802
00188,2,0.05285099521279335,13,91.8103256225586,293.9425048828125,86.415283203125,36.369300842285156,-0.16841936111450195
00164,0,0.8343534469604492,18,249.69949340820312,157.02720642089844,75.66513061523438,33.729942321777344,-1.1372768143799643
00164,1,0.825461745262146,18,302.69427490234375,156.56124877929688,79.68914794921875,33.997314453125,-1.0827424387123923
00164,2,0.8217455744743347,18,201.9866180419922,145.11521911621094,75.22660827636719,32.17591094970703,-1.0133270184185843
00164,3,0.8118340969085693,18,606.8593139648438,603.1922607421875,77.7725830078125,31.271564483642578,-0.5852140784263611
00164,4,0.8052715063095093,18,461.7471618652344,158.13131713867188,76.65838623046875,33.14101791381836,-0.9368259469654898
00164,5,0.7704601287841797,18,593.8880615234375,95.3082046508789,70.71359252929688,30.152671813964844,-1.0786764482643942
00193,0,0.5308535099029541,1,381.3064880371094,392.76971435546875,706.7861938476562,137.80093383789062,0.5964170694351196
00193,1,0.09452097862958908,8,240.64495849609375,350.3534240722656,375.46795654296875,56.29539489746094,0.6639356772091727
00193,2,0.08681663125753403,1,363.8055419921875,487.7259216308594,480.08441162109375,92.63555908203125,0.5492254495620728
00193,3,0.08162369579076767,0,339.2561950683594,336.1046447753906,38.100074768066406,26.497636795043945,-1.2543780068543295
00193,4,0.057802099734544754,7,278.05029296875,39.65472412109375,555.033203125,249.35015869140625,-0.36566826701164246
00193,5,0.053388845175504684,0,314.67254638671875,326.7124938964844,12.228754997253418,11.228877067565918,-1.4003971377995352
00100,0,0.8007093071937561,13,642.1698608398438,568.0567626953125,35.035701751708984,12.661049842834473,0.028766512870788574
00100,1,0.7785623073577881,13,601.1394653320312,563.3037109375,34.67884826660156,12.622809410095215,0.04500710964202881
00100,2,0.772541880607605,13,202.23199462890625,523.3951416015625,40.98170471191406,13.346145629882812,-0.5842432975769043
00100,3,0.7674663662910461,13,72.68026733398438,570.9566040039062,26.95526123046875,11.333999633789062,-0.22677777707576752
00100,4,0.7663733959197998,4,322.5240173339844,463.11688232421875,567.0809936523438,71.70104217529297,1.5681443969395499
00100,5,0.7660209536552429,13,680.7037353515625,571.2713012695312,32.65918731689453,12.988481521606445,0.026823757216334343
00100,6,0.7646490931510925,13,502.74163818359375,574.6864013671875,32.43238830566406,12.264386177062988,0.012637616135179996
00100,7,0.7644030451774597,13,456.5545349121094,570.3042602539062,31.904178619384766,12.329024314880371,0.0011104345321655273
00100,8,0.7576874494552612,13,524.2296142578125,555.1494140625,34.347110748291016,12.483580589294434,0.05049753189086914
00100,9,0.7564752101898193,13,133.0548095703125,555.8135986328125,35.127906799316406,13.42188549041748,-0.21101701259613037
00100,10,0.7504936456680298,13,562.3277587890625,559.146728515625,33.076419830322266,12.485634803771973,0.05528843402862549
00100,11,0.7433454990386963,13,418.4539794921875,567.4107666015625,31.315963745117188,12.144088745117188,0.023415565490722656
00100,12,0.7354273796081543,11,116.19788360595703,521.7115478515625,200.30599975585938,89.06581115722656,-0.14721715450286865
00100,13,0.731540858745575,13,443.94158935546875,548.154541015625,33.73516082763672,12.614208221435547,0.04811441898345947
00100,14,0.7129203081130981,13,482.93060302734375,551.7560424804688,35.05809020996094,13.013845443725586,0.09182608127593994
00100,15,0.7025334239006042,11,636.4625244140625,205.58897399902344,166.70870971679688,28.133243560791016,1.5071398774769644
00100,16,0.6804522275924683,13,176.23765563964844,513.3685302734375,22.985660552978516,9.64753532409668,-0.5531588792800903
00100,17,0.6528723239898682,18,332.8585205078125,722.3637084960938,24.905906677246094,9.592933654785156,-1.5358609716084342
00100,18,0.6071473956108093,18,326.3206481933594,270.4244079589844,24.86258888244629,8.699983596801758,-1.568114833268572
00100,19,0.5678311586380005,13,412.51397705078125,547.25048828125,24.50469207763672,10.260594367980957,0.08218109607696533
00100,20,0.4885996878147125,13,148.44007873535156,525.1984252929688,25.089406967163086,8.343427658081055,-0.29096901416778564
00100,21,0.37306246161460876,13,117.62272644042969,536.2821044921875,15.174179077148438,8.422773361206055,-0.19576896727085114
00100,22,0.32508423924446106,11,542.4554443359375,574.6319580078125,283.8652648925781,40.47330856323242,0.14234983921051025
00100,23,0.19681628048419952,13,450.9799499511719,560.9421997070312,30.507287979125977,10.636938095092773,0.03533196449279785
00100,24,0.17446741461753845,18,471.9232482910156,122.02763366699219,18.426128387451172,10.768787384033203,-1.5096908370640616
00100,25,0.15622380375862122,11,704.9163208007812,209.76202392578125,193.73345947265625,140.34796142578125,1.5127704898503165
00100,26,0.13233710825443268,13,127.46131134033203,547.1572265625,25.61232566833496,10.556618690490723,-0.2365410327911377
00100,27,0.11409440636634827,11,519.6404418945312,466.4913635253906,358.85601806640625,331.5900573730469,-1.554060892262731
00100,28,0.10947677493095398,11,37.75720977783203,548.9774169921875,56.69064712524414,22.078012466430664,1.384848536052976
00100,29,0.1067437082529068,11,642.5394287109375,281.00762939453125,34.52748107910156,18.631471633911133,-0.09117841720581055
00100,30,0.09162572771310806,13,151.93238830566406,536.8244018554688,29.740673065185547,7.626191139221191,-0.318301796913147
00100,31,0.09090365469455719,15,596.0330810546875,563.4740600585938,45.77876281738281,15.303887367248535,-0.019556760787963867
00100,32,0.08859119564294815,11,646.8889770507812,571.668212890625,62.375144958496094,19.731313705444336,-0.013323426246643066
00100,33,0.08056427538394928,13,643.8425903320312,282.42401123046875,33.548702239990234,15.623920440673828,-0.05133736506104469
00100,34,0.0719420462846756,11,577.8510131835938,691.5843505859375,225.133544921875,183.67324829101562,0.38977646827697754
00100,35,0.06816410273313522,13,574.8489379882812,622.8403930664062,35.89374542236328,11.162028312683105,-1.3329577008869986
00100,36,0.06751834601163864,11,576.867431640625,193.08912658691406,165.65109252929688,116.06271362304688,1.5416405974563698
00100,37,0.06660756468772888,15,560.13232421875,559.5538940429688,40.7673225402832,15.38900089263916,-0.07126128673553467
00100,38,0.06571606546640396,11,39.524261474609375,262.15557861328125,409.6964111328125,246.45162963867188,-1.3142686645176749
00100,39,0.06463871896266937,18,338.6590576171875,270.2288818359375,18.426101684570312,5.433136463165283,1.5580534497883658
00100,40,0.06293758749961853,12,322.0427551269531,463.35052490234375,565.084716796875,72.61224365234375,1.5605928460743765
00100,41,0.058474451303482056,15,412.6646728515625,547.0387573242188,23.810041427612305,10.622966766357422,0.07893478870391846
00100,42,0.0583483949303627,15,667.9542846679688,572.0546264648438,48.63561248779297,17.639381408691406,0.02617943286895752
00100,43,0.058122824877500534,11,438.8196105957031,554.341064453125,49.12372589111328,19.282123565673828,-0.021068690344691277
00100,44,0.057912640273571014,11,573.9349975585938,620.5359497070312,37.72945785522461,10.498948097229004,-1.3714749524977545
00100,45,0.05550828203558922,13,111.17064666748047,472.9349365234375,19.937118530273438,9.50936508178711,-1.2076934138920645
00100,46,0.05541398003697395,13,577.895263671875,163.41566467285156,43.02462387084961,16.806289672851562,0.05611836537718773
00100,47,0.05473700538277626,13,93.65840148925781,469.098876953125,18.846757888793945,14.140334129333496,-1.3214813033726553
00100,48,0.05387875810265541,18,466.77362060546875,646.8413696289062,14.110342979431152,8.122797966003418,-1.2746078530934195
00100,49,0.05184872820973396,6,113.58004760742188,527.375,193.83441162109375,91.23806762695312,-0.122153639793396
00100,50,0.051834624260663986,17,570.7510986328125,765.141845703125,87.80548858642578,74.28878784179688,1.1643181602146964
00100,51,0.05100555717945099,18,117.62580108642578,535.9427490234375,12.619743347167969,7.900301456451416,-0.1277252435684204
00100,52,0.05097931995987892,18,667.9542846679688,572.0546264648438,48.63561248779297,17.639381408691406,0.02617943286895752
00113,0,0.854489266872406,13,428.72698974609375,465.3671569824219,630.1126708984375,140.20892333984375,-0.16543173789978027
00113,1,0.27217423915863037,18,457.7693786621094,731.1494140625,53.788475036621094,10.208490371704102,-0.09324908256530762
00113,2,0.2667393088340759,18,558.7106323242188,561.5567626953125,18.887279510498047,8.810925483703613,1.4634220163014273
00113,3,0.1232566237449646,18,349.9947814941406,24.59558868408203,23.239450454711914,6.095476150512695,-0.01769864745438099
00113,4,0.08131502568721771,18,186.05091857910156,752.5377197265625,25.664257049560547,9.17409610748291,-0.1579829454421997
00113,5,0.06442964822053909,6,627.7778930664062,4.399360656738281,81.07505798339844,16.15153694152832,0.02079939842224121
00113,6,0.053139012306928635,1,627.7778930664062,4.399360656738281,81.07505798339844,16.15153694152832,0.02079939842224121
00119,0,0.8043088912963867,12,469.7308349609375,366.1060485839844,236.11476135253906,79.07131958007812,0.8081787387516837
00119,1,0.7119749784469604,12,373.20550537109375,518.7263793945312,198.63671875,50.54524230957031,0.7015856663372855
00119,2,0.6530839204788208,18,567.4021606445312,473.3533630371094,22.242298126220703,10.224300384521484,0.892369226613317
00119,3,0.650658369064331,18,672.5794067382812,746.2811279296875,22.332656860351562,8.925132751464844,0.6431134939193726
00119,4,0.6193035840988159,18,105.72938537597656,317.8531188964844,25.129009246826172,9.858183860778809,0.7567726373672485
00119,5,0.5670919418334961,18,271.80572509765625,749.3848266601562,19.767845153808594,7.612761497497559,1.1920087794449667
00119,6,0.5397837162017822,18,327.2768249511719,234.2673797607422,17.06210708618164,11.249176025390625,1.195687131085668
00119,7,0.49912095069885254,18,224.53013610839844,415.41448974609375,20.74646759033203,9.774763107299805,0.6652787923812866
00119,8,0.4702426493167877,18,340.65814208984375,613.9885864257812,24.865785598754883,8.017738342285156,-1.2259654561665396
00119,9,0.41192010045051575,12,661.7196655273438,547.572265625,78.46839141845703,23.694488525390625,-0.863396362462316
00119,10,0.24678456783294678,18,314.19964599609375,198.74461364746094,14.551984786987305,8.015027046203613,0.583501935005188
00119,11,0.1693670004606247,4,661.9276123046875,547.0161743164062,79.16879272460938,22.531530380249023,-0.8822405497219901
00119,12,0.15460960566997528,18,242.5387725830078,632.1819458007812,13.581399917602539,5.974986553192139,1.3346236507084708
00119,13,0.15099698305130005,18,216.81214904785156,761.1536865234375,12.382817268371582,6.714532852172852,-0.33448052406311035
00119,14,0.13960343599319458,18,330.5260009765625,214.89508056640625,17.857696533203125,9.659266471862793,0.40921318531036377
00119,15,0.1321791410446167,18,18.438547134399414,704.1691284179688,9.825756072998047,9.250511169433594,-0.2784660756587982
00119,16,0.13102175295352936,18,57.295989990234375,437.10809326171875,18.23851776123047,10.769965171813965,1.5699808160450797
00119,17,0.11020995676517487,18,265.21514892578125,624.39794921875,16.654064178466797,6.048222541809082,1.279145793118749
00119,18,0.10923870652914047,18,389.6807861328125,794.6355590820312,12.335293769836426,11.282078742980957,1.5413425705072026
00119,19,0.0888766273856163,4,374.2178649902344,520.4412841796875,190.478271484375,49.374629974365234,0.673476175465856
00119,20,0.08689509332180023,18,552.2733764648438,75.51591491699219,21.80828857421875,5.952714920043945,-0.28021323680877686
00119,21,0.07951503247022629,18,680.0187377929688,312.1551818847656,10.748376846313477,8.144695281982422,1.5479375878956656
00119,22,0.07862243056297302,18,209.6933135986328,743.3272094726562,15.439311981201172,6.111425399780273,-0.307619571685791
00119,23,0.07743392139673233,18,263.2681579589844,647.206787109375,12.704795837402344,7.726274490356445,1.3331827680256705
00119,24,0.07544030249118805,4,467.91412353515625,369.0657043457031,149.4215087890625,104.42013549804688,1.2989924708989005
00119,25,0.0746493935585022,18,351.0742492675781,232.8447723388672,14.351486206054688,10.22498607635498,0.05636942759156227
00119,26,0.07367730885744095,8,663.1412963867188,544.5725708007812,77.73130798339844,21.823997497558594,-0.8623161474850516
00119,27,0.06890877336263657,18,323.92596435546875,614.304443359375,28.473011016845703,8.892394065856934,-1.1374060670521597
00119,28,0.06627774983644485,18,110.9136734008789,359.5264587402344,23.968849182128906,10.598539352416992,0.5037471055984497
00119,29,0.06475662440061569,18,144.8623809814453,369.7265930175781,14.288450241088867,14.163200378417969,-1.3536757985737662
00119,30,0.06422969698905945,18,363.1175842285156,792.73486328125,17.561382293701172,8.522385597229004,-0.3258547782897949
00119,31,0.0592317171394825,18,785.5704956054688,600.73828125,8.525644302368164,8.117127418518066,1.3775980035450797
00119,32,0.05821485444903374,18,614.8947143554688,92.0088119506836,11.96276569366455,8.097254753112793,1.5626502792027335
00119,33,0.05789852514863014,18,71.8313217163086,434.0745849609375,23.411672592163086,13.571667671203613,1.2735997895386557
00119,34,0.05617000162601471,18,661.28759765625,547.7371215820312,78.84850311279297,22.960346221923828,-0.8759118477490286
00119,35,0.055477920919656754,19,661.28759765625,547.7371215820312,78.84850311279297,22.960346221923828,-0.8759118477490286
00119,36,0.05434253811836243,18,246.5610809326172,787.0055541992188,10.931098937988281,10.13528823852539,-0.033936381340026855
00119,37,0.053720276802778244,18,257.9364013671875,627.572021484375,16.38953399658203,7.014542579650879,1.2302722195771079
00119,38,0.05041170492768288,19,469.3382873535156,366.0561218261719,233.66720581054688,80.26322174072266,0.835862592854772
00119,39,0.050258930772542953,18,349.9533996582031,633.605224609375,23.620330810546875,9.025907516479492,-1.3192317048695426
00069,0,0.5049158930778503,1,471.59124755859375,466.0142822265625,609.095947265625,101.50025939941406,-0.8452581922200064
00069,1,0.1767505556344986,18,71.5444107055664,383.2216796875,17.290592193603516,7.703531265258789,-0.037239909172058105
00069,2,0.10928898304700851,18,119.86048889160156,466.9222106933594,14.643348693847656,6.188175678253174,0.06555139273405075
00069,3,0.09591647982597351,15,423.4276123046875,351.79742431640625,16.057228088378906,12.875730514526367,1.4797426025059561
00069,4,0.08649624139070511,18,262.9463195800781,780.1875,15.055730819702148,7.8762383460998535,-1.5392183857646327
00069,5,0.07702434808015823,19,718.5355224609375,371.3609619140625,14.767370223999023,9.397619247436523,-1.5645960132267813
00069,6,0.07476556301116943,8,422.4308166503906,534.8582763671875,480.8370361328125,66.42214965820312,-0.8095147172596793
00069,7,0.07454828917980194,0,670.3504638671875,375.3715515136719,13.758694648742676,10.588299751281738,1.4471662799504141
00069,8,0.06902553141117096,19,714.4510498046875,361.2848205566406,13.653499603271484,10.06877326965332,-1.5652182857182364
00069,9,0.057919882237911224,18,80.1865234375,593.9095458984375,14.940532684326172,8.03621768951416,-1.5220827619221549
00069,10,0.05646020546555519,18,712.8790283203125,93.50618743896484,10.15082836151123,6.842631816864014,-1.5053307572987418
00069,11,0.05644897744059563,0,506.2491149902344,368.4280700683594,9.425085067749023,9.14449691772461,-1.5621381551635007
00069,12,0.05607656389474869,18,218.2876739501953,46.3974609375,12.697469711303711,7.661922454833984,-0.013515113852918148
00069,13,0.05490022525191307,0,634.8877563476562,293.9822082519531,11.646385192871094,9.780620574951172,-1.458369211354528
00069,14,0.053630564361810684,18,274.7874755859375,312.2195739746094,18.54789924621582,9.217144012451172,-1.5659068385746817
00069,15,0.053321659564971924,18,135.20761108398438,784.5787963867188,8.098812103271484,7.316371917724609,-1.4810938398030142
00069,16,0.05276376008987427,0,715.9757690429688,369.0522766113281,14.031837463378906,9.983434677124023,-1.5579007436197738
00069,17,0.05215037614107132,0,679.6264038085938,376.0845947265625,14.393669128417969,11.412702560424805,1.4097028533604483
00069,18,0.05146355554461479,15,778.5967407226562,298.6912841796875,9.783623695373535,8.421427726745605,0.11512839049100876
00069,19,0.051092978566884995,0,482.449462890625,369.28643798828125,11.23147201538086,9.493877410888672,0.008727669715881348
00031,0,0.550146222114563,6,395.64971923828125,499.6114501953125,586.6656494140625,234.14785766601562,-0.03724348545074463
00031,1,0.08045963197946548,18,753.25341796875,521.306884765625,12.290081977844238,9.395123481750488,-0.036359552294015884
00031,2,0.07874789088964462,11,157.78196716308594,414.50250244140625,78.13899993896484,15.558018684387207,1.421748594441686
00075,0,0.8302634954452515,13,462.3291015625,510.56109619140625,45.85968017578125,15.660104751586914,0.4210120737552643
00075,1,0.7967696189880371,13,368.5625915527344,283.7561340332031,161.30679321289062,44.970703125,1.264834807315145
00075,2,0.3582524359226227,11,379.77838134765625,517.5768432617188,116.52562713623047,93.01874542236328,-0.19692528247833252
00075,3,0.3448583781719208,18,86.80655670166016,606.6041259765625,34.840576171875,12.969645500183105,-0.24960577487945557
00075,4,0.23324941098690033,18,58.34675216674805,512.3919677734375,17.68317413330078,9.095741271972656,0.07294344902038574
00075,5,0.17581132054328918,6,379.77838134765625,517.5768432617188,116.52562713623047,93.01874542236328,-0.19692528247833252
00075,6,0.15373285114765167,18,61.33295822143555,558.4883422851562,16.560436248779297,14.905564308166504,1.2727887193348746
00075,7,0.12922514975070953,11,374.8459777832031,472.9013977050781,67.51364135742188,13.498519897460938,-0.34649908542633057
00075,8,0.12543918192386627,11,423.46990966796875,491.7782287597656,58.91728591918945,17.924314498901367,1.3388410518553595
00075,9,0.10053651034832001,13,13.096850395202637,67.0333480834961,18.181184768676758,7.870206832885742,1.0869914154198508
00075,10,0.09228304028511047,18,54.558937072753906,528.9193725585938,16.804460525512695,13.551149368286133,-0.10056174546480179
00075,11,0.08847273886203766,15,410.1700439453125,769.1067504882812,11.402901649475098,6.590048313140869,0.0176315326243639
00075,12,0.08739462494850159,13,374.8459777832031,472.9013977050781,67.51364135742188,13.498519897460938,-0.34649908542633057
00075,13,0.0778491422533989,18,97.08229064941406,565.0552368164062,15.34987735748291,11.00595760345459,-0.08937287330627441
00075,14,0.0751517042517662,11,365.83660888671875,282.5343322753906,158.0973663330078,46.926307678222656,1.227644876637731
00075,15,0.07276752591133118,18,285.3666076660156,549.6626586914062,16.35714340209961,8.875856399536133,1.5701698819783072
00075,16,0.06709089875221252,13,325.5736999511719,250.06134033203125,86.34371948242188,18.291301727294922,1.4000968346979956
00075,17,0.06587892770767212,18,410.1700439453125,769.1067504882812,11.402901649475098,6.590048313140869,0.0176315326243639
00075,18,0.06475015729665756,11,35.72426223754883,32.62126159667969,75.69340515136719,30.108112335205078,1.4680100167777876
00075,19,0.06389613449573517,13,423.72674560546875,492.2390441894531,59.20650863647461,16.589580535888672,1.3608980933812003
00075,20,0.06084044277667999,4,388.6290588378906,547.4315185546875,113.65019226074219,12.138090133666992,-0.25728070735931396
00075,21,0.05811833590269089,18,13.096850395202637,67.0333480834961,18.181184768676758,7.870206832885742,1.0869914154198508
00075,22,0.05609980225563049,18,202.83334350585938,470.9952392578125,29.551897048950195,11.536808967590332,-0.0479203462600708
00075,23,0.055808037519454956,11,376.864501953125,551.2127685546875,108.08260345458984,10.380636215209961,-0.2619040310382843
00075,24,0.05557571351528168,11,395.1121826171875,563.15576171875,87.358154296875,20.21596908569336,-0.27004194259643555
00075,25,0.05086300149559975,18,56.15656280517578,586.9268188476562,15.293723106384277,13.138957977294922,-0.200234517455101
00049,0,0.9572937488555908,16,284.73297119140625,568.4093017578125,181.58724975585938,85.22358703613281,1.5098063508656363
00049,1,0.9554510712623596,16,393.5046081542969,560.5336303710938,181.32540893554688,85.80546569824219,1.5126997987416129
00049,2,0.9544437527656555,16,174.67764282226562,575.4674682617188,181.1314239501953,85.59598541259766,1.507911399998937
00049,3,0.9523140788078308,16,502.31878662109375,553.8934326171875,180.65786743164062,84.6392822265625,1.509758428731237
00049,4,0.7816610336303711,18,464.9974365234375,280.97125244140625,40.43463897705078,17.0518856048584,-0.8429310480740408
00049,5,0.7747628092765808,18,406.1110534667969,286.49237060546875,38.70084762573242,16.7485408782959,-0.9907834092762808
00049,6,0.697677493095398,18,533.4542236328125,273.5340881347656,37.13483810424805,15.023172378540039,-0.8868271867421011
00049,7,0.20922070741653442,18,474.1724548339844,336.7256164550781,15.459577560424805,10.001758575439453,-1.5289902249958853
00049,8,0.16154304146766663,18,622.8768920898438,15.92428970336914,15.532683372497559,5.676146507263184,-0.47664085030555725
00049,9,0.10988148301839828,18,632.1438598632812,30.11579704284668,15.660429954528809,4.227590084075928,-0.41632986068725586
00049,10,0.06807544082403183,18,642.7269287109375,94.94742584228516,30.251026153564453,23.973716735839844,-0.4148290157318115
00049,11,0.057733867317438126,18,31.41867446899414,668.9804077148438,25.550071716308594,9.791309356689453,1.4644933501866202
00049,12,0.0546405054628849,18,510.4650573730469,251.8748779296875,16.14726448059082,8.716361999511719,1.519586400189672
00049,13,0.0543689951300621,18,608.1925048828125,103.53815460205078,30.423463821411133,12.301920890808105,-0.33156073093414307
00049,14,0.05231320858001709,18,316.09747314453125,420.9803161621094,18.19632339477539,7.309024810791016,-0.1685488224029541
00049,15,0.05103015527129173,13,406.9317932128906,286.65087890625,40.08042526245117,15.97938060760498,-1.0275466601040701
00049,16,0.05050196871161461,18,484.8995666503906,341.3535461425781,18.99556541442871,17.152894973754883,1.5554816295069198
00132,0,0.8454376459121704,13,388.2968444824219,146.30575561523438,46.37964630126953,17.489261627197266,1.1623156825688223
00132,1,0.8444992899894714,13,240.4866180419922,223.2178192138672,40.99558639526367,14.580745697021484,1.0757167200234274
00132,2,0.8367652297019958,13,522.296875,388.71636962890625,56.005584716796875,19.616954803466797,1.0565851489689688
00132,3,0.8325872421264648,13,207.54339599609375,171.67506408691406,53.927947998046875,19.342262268066406,1.087875054278646
00132,4,0.8305115699768066,13,529.427978515625,333.248291015625,49.47534942626953,15.947813987731934,1.0776007930424552
00132,5,0.8271028995513916,13,361.8204345703125,157.03590393066406,44.08116912841797,14.625898361206055,1.0506903688099722
00132,6,0.8270670771598816,13,268.9649658203125,147.49832153320312,36.271968841552734,14.345932960510254,1.2425853768971304
00132,7,0.8226922750473022,13,353.36260986328125,87.19554901123047,54.62870788574219,19.359159469604492,1.0296232263234
00132,8,0.8219463229179382,13,239.10391235351562,467.98114013671875,54.700721740722656,18.722553253173828,0.9843033711102347
00132,9,0.8138347268104553,13,468.7071533203125,349.7705993652344,42.0805778503418,15.31689453125,1.02805490891007
00132,10,0.808246374130249,13,300.7994689941406,127.52316284179688,41.055259704589844,13.7291259765625,1.1498975614693503
00132,11,0.8031710982322693,13,495.0050964355469,330.048828125,37.546913146972656,13.033838272094727,1.1374338726189475
00132,12,0.7998818159103394,13,414.7754821777344,375.6639404296875,44.33137512207031,15.088171005249023,1.1102170507099967
00132,13,0.7947763204574585,13,146.80055236816406,215.9866180419922,36.51893615722656,12.349774360656738,1.0495192567494254
00132,14,0.7859393358230591,13,292.3773193359375,194.90040588378906,35.26152420043945,13.41047477722168,1.134516672292028
00132,15,0.7823030352592468,13,331.1440124511719,427.4541320800781,35.172027587890625,13.902111053466797,1.1091064969685416
00132,16,0.7759601473808289,13,324.7698669433594,174.2813720703125,31.97648811340332,12.500354766845703,1.1546952287342886
00132,17,0.7709240913391113,13,433.5779113769531,369.6040344238281,36.97572708129883,13.940061569213867,1.1308936635640006
00132,18,0.7365285754203796,13,188.58831787109375,248.61911010742188,30.718482971191406,11.86362361907959,1.0750145177033286
00132,19,0.7341694831848145,13,274.05731201171875,203.8712158203125,31.861309051513672,11.71505069732666,1.1666860143330435
00132,20,0.7211698889732361,13,401.4959411621094,107.73844909667969,34.558109283447266,12.079360961914062,1.031510547795568
00132,21,0.7160122394561768,13,170.54080200195312,255.92449951171875,25.624191284179688,11.45926284790039,1.1536738435414176
00132,22,0.66275554895401,13,60.6741828918457,363.88092041015625,43.30817794799805,14.049905776977539,1.155467496314321
00132,23,0.6090666055679321,11,248.36932373046875,181.9188232421875,335.0285949707031,98.652587890625,-0.49644148349761963
00132,24,0.5785570740699768,11,360.89654541015625,431.0469970703125,350.1478271484375,99.55113220214844,-0.4621638059616089
00132,25,0.4820769131183624,13,88.25616455078125,606.9729614257812,25.59207534790039,10.259627342224121,-0.611320972442627
00132,26,0.47438421845436096,18,117.38996124267578,669.2216186523438,25.426586151123047,10.650544166564941,1.1387767354634146
00132,27,0.4120483100414276,13,269.103271484375,508.5045166015625,19.761831283569336,9.394220352172852,1.164642290272985
00132,28,0.31115880608558655,13,100.56950378417969,615.1776123046875,22.700267791748047,8.387224197387695,-0.43644583225250244
00132,29,0.3058865964412689,11,184.54612731933594,390.38970947265625,64.94312286376953,38.90483474731445,1.423093513646398
00132,30,0.22111237049102783,13,411.0206604003906,149.40843200683594,30.210302352905273,12.96714973449707,1.2111644307759146
00132,31,0.21802836656570435,18,46.1325569152832,790.4202880859375,23.087400436401367,9.138567924499512,-0.42773234844207764
00132,32,0.2119390368461609,11,153.34124755859375,637.2240600585938,158.68450927734375,135.26771545410156,1.2500735084202628
00132,33,0.18358422815799713,13,186.61187744140625,411.7159423828125,21.413814544677734,11.84910774230957,-0.29855382442474365
00132,34,0.1709507405757904,13,193.38941955566406,633.8878784179688,19.323280334472656,10.90873908996582,-0.3976036310195923
00132,35,0.1346239596605301,18,100.56950378417969,615.1776123046875,22.700267791748047,8.387224197387695,-0.43644583225250244
00132,36,0.1285993903875351,13,188.25718688964844,382.48876953125,31.907068252563477,17.576862335205078,-0.46893951296806335
00132,37,0.09675555676221848,13,499.2466125488281,310.14471435546875,32.72080612182617,11.806212425231934,1.1944196979191641
00132,38,0.0937310978770256,18,60.387691497802734,363.1609191894531,43.77381134033203,13.499258041381836,1.104223326840673
00132,39,0.08852724730968475,13,260.1486511230469,205.51840209960938,34.57604217529297,14.958187103271484,1.179368213811193
00132,40,0.0872739627957344,18,146.3685302734375,215.5908966064453,34.40547180175781,13.200841903686523,1.0441758195546011
00132,41,0.08146664500236511,13,218.8950653076172,688.013671875,23.89944076538086,14.980602264404297,1.104221032061849
00132,42,0.0808551162481308,18,88.18898010253906,607.556396484375,26.6180362701416,9.839016914367676,-0.6131049394607544
00132,43,0.07753799110651016,13,397.0279541015625,399.8901062011719,15.535636901855469,8.1278657913208,1.298213199773107
00132,44,0.07634857296943665,11,149.06600952148438,215.3494873046875,42.27793884277344,17.72557830810547,1.0890173772957663
00132,45,0.07592234760522842,13,450.0003967285156,393.3498229980469,15.50623893737793,11.061683654785156,-0.312294602394104
00132,46,0.07399597764015198,18,239.54058837890625,467.9910888671875,53.503662109375,18.90877342224121,1.0075172940876822
00132,47,0.0729324221611023,11,165.8924102783203,632.2446899414062,57.65062713623047,9.627628326416016,-0.3386822044849396
00132,48,0.07153290510177612,11,399.3519287109375,106.23883819580078,41.54639434814453,12.838489532470703,1.045975045361791
00132,49,0.07094530016183853,13,265.9958801269531,483.14324951171875,15.930730819702148,14.66182804107666,1.254633859792028
00132,50,0.06894493848085403,18,240.49598693847656,222.75033569335938,41.845176696777344,14.552234649658203,1.0807937840607504
00132,51,0.06876245886087418,18,207.95884704589844,172.69949340820312,54.340362548828125,19.253976821899414,1.024640874066625
00132,52,0.06796332448720932,13,117.86890411376953,669.5297241210938,26.233226776123047,10.432663917541504,1.1279888013985495
00132,53,0.06538655608892441,11,169.54638671875,255.6591033935547,31.713314056396484,15.80523681640625,1.1195389787342886
00132,54,0.06504824757575989,0,185.33656311035156,389.1130065917969,59.72615051269531,41.014549255371094,1.4831746379521231
00132,55,0.0646694079041481,13,372.17132568359375,81.50513458251953,36.10664749145508,12.055798530578613,1.222909645238195
00132,56,0.0641762986779213,11,517.7642822265625,329.47955322265625,47.62873840332031,15.10061264038086,1.0265368978169302
00132,57,0.06233411654829979,11,495.8044128417969,329.5567626953125,47.29593276977539,12.842516899108887,1.1835859576847891
00132,58,0.06159783527255058,13,214.98416137695312,530.4677734375,19.839040756225586,6.710735321044922,-0.44885003566741943
00132,59,0.06085912883281708,4,60.387691497802734,363.1609191894531,43.77381134033203,13.499258041381836,1.104223326840673
00132,60,0.060496073216199875,11,60.9200325012207,362.5750427246094,46.82524871826172,14.2989501953125,1.1170216361668448
00132,61,0.05928434804081917,18,400.98712158203125,107.40771484375,36.449710845947266,12.048962593078613,1.0467283288624625
00132,62,0.05849185585975647,11,126.43863677978516,239.75892639160156,59.28080749511719,28.17664337158203,1.1849734048035483
00132,63,0.05812099575996399,13,196.30899047851562,192.9152374267578,16.681867599487305,13.770181655883789,1.2124941209938864
00132,64,0.05743565410375595,13,344.35357666015625,466.5377197265625,17.84803581237793,10.260709762573242,1.244502023854528
00132,65,0.05720202252268791,18,522.9620361328125,388.788330078125,56.02791976928711,20.5030574798584,1.0470984737065177
00132,66,0.057078853249549866,11,179.8090057373047,687.4270629882812,39.050079345703125,16.93810272216797,-0.5484629273414612
00132,67,0.05672900006175041,18,269.103271484375,508.5045166015625,19.761831283569336,9.394220352172852,1.164642290272985
00132,68,0.054857973009347916,13,205.671875,244.02154541015625,25.544633865356445,10.821269989013672,1.1999652246620993
00132,69,0.05403697118163109,13,333.51025390625,130.45767211914062,45.88361740112305,15.27821159362793,1.1621510545399527
00132,70,0.05320111662149429,18,300.7890319824219,127.12105560302734,41.156715393066406,13.75340747833252,1.153913484015737
00132,71,0.0522831454873085,11,238.6713104248047,466.6111755371094,58.735496520996094,20.129562377929688,1.061690286793981
00132,72,0.052054885774850845,18,273.94244384765625,203.68077087402344,32.1767578125,11.907843589782715,1.1819825927403311
00132,73,0.05062662065029144,18,170.76182556152344,255.6630401611328,25.4349365234375,11.620986938476562,1.165668205418859
00132,74,0.050412584096193314,18,188.20980834960938,248.1858367919922,31.118927001953125,12.176448822021484,1.0893718461182456
00012,0,0.8903883695602417,18,493.8725280761719,462.53656005859375,115.0138931274414,50.172672271728516,-1.5640402595188956
00012,1,0.8902149200439453,18,212.49160766601562,461.8657531738281,117.64950561523438,50.35426330566406,1.5115112821247916
00012,2,0.8760274648666382,18,355.40118408203125,445.1903076171875,112.92823791503906,46.57848358154297,1.5187917510655264
00012,3,0.8595448732376099,18,694.753173828125,724.6986694335938,116.96351623535156,45.79840850830078,0.037755608558654785
00012,4,0.8492941856384277,18,699.6044921875,590.799560546875,124.02822875976562,46.900390625,0.06127619370818138
00012,5,0.7965415716171265,18,152.21255493164062,98.90018463134766,139.7011260986328,50.33977508544922,-0.009734392166137695
00012,6,0.12106675654649734,8,152.90203857421875,98.49779510498047,144.4374542236328,51.29485321044922,-0.028087973594665527
00012,7,0.10937421768903732,8,699.4502563476562,590.9551391601562,122.57395935058594,52.805572509765625,0.028238654136657715
00012,8,0.06366991251707077,18,310.5952453613281,573.919921875,220.28475952148438,68.68573760986328,-0.0008996725082397461
00012,9,0.060788098722696304,8,213.4481658935547,462.9640808105469,118.52027893066406,50.341796875,1.5135488073017935
00173,0,0.8764920234680176,14,387.48712158203125,421.8315124511719,646.9945068359375,485.84625244140625,1.564221934476171
00173,1,0.833502471446991,10,386.6905517578125,423.32379150390625,507.28204345703125,285.0581970214844,1.5679178990565728
00173,2,0.10386617481708527,10,665.3609008789062,63.11475372314453,142.54507446289062,65.5072021484375,1.2151510278370719
00173,3,0.10092545300722122,18,781.9879150390625,783.93408203125,14.73738956451416,7.587896347045898,-0.1268237829208374
00173,4,0.09310518205165863,18,61.08784103393555,267.8014221191406,30.42300796508789,9.305742263793945,-1.5556205064666013
00173,5,0.05664108321070671,18,618.47998046875,558.4876708984375,19.98824119567871,5.558000564575195,-1.323217094936643
00173,6,0.05662541836500168,5,138.07888793945312,760.6405639648438,55.452301025390625,51.83263397216797,0.18051551282405853
00173,7,0.05427159368991852,18,64.32534790039062,223.48390197753906,41.60323715209961,7.05042839050293,-1.453893975415502
00173,8,0.05368928611278534,18,89.09530639648438,208.2215576171875,46.502845764160156,7.421547889709473,-1.2690712074425559
00173,9,0.050044551491737366,18,59.923431396484375,63.05140686035156,42.4069938659668,12.179559707641602,-0.8409695188191275
00187,0,0.8486617207527161,7,364.4196472167969,348.3653869628906,579.7152099609375,389.58795166015625,-0.1570218801498413
00187,1,0.6453040242195129,18,279.79400634765625,484.44384765625,25.009737014770508,7.497938632965088,-0.2706230878829956
00187,2,0.1722826510667801,18,331.915771484375,679.1944580078125,25.345314025878906,7.644442558288574,-0.054514288902282715
00187,3,0.14948971569538116,18,149.84170532226562,666.0531616210938,11.035511016845703,6.884499549865723,-0.19370925426483154
00187,4,0.11384458094835281,18,283.6791076660156,163.0851593017578,20.085933685302734,6.568153381347656,-1.1159939328816275
00187,5,0.10691728442907333,18,352.0379638671875,646.93359375,13.84982967376709,5.911137104034424,-0.028248071670532227
00187,6,0.10221320390701294,7,187.56112670898438,742.5322265625,104.86346435546875,103.38954162597656,0.31741130352020264
00187,7,0.09865015745162964,18,275.92376708984375,473.96966552734375,22.935569763183594,6.496744632720947,-0.19958758354187012
00187,8,0.08302025496959686,18,449.20611572265625,418.2359313964844,27.949169158935547,9.635608673095703,-1.1923754970219473
00187,9,0.0760006532073021,12,747.5039672851562,504.7674865722656,39.80323028564453,11.672210693359375,-0.032755736261606216
00187,10,0.07032167911529541,18,63.98381042480469,678.29443359375,8.494024276733398,5.578896522521973,-0.06418812274932861
00187,11,0.06483335047960281,12,678.0611572265625,514.7068481445312,16.395490646362305,9.348806381225586,-0.08227300643920898
00187,12,0.05948253720998764,18,254.197021484375,172.6422576904297,21.41545867919922,8.954614639282227,-0.10149919986724854
00187,13,0.059232197701931,8,365.6697998046875,357.3466796875,603.4937744140625,375.2696533203125,-0.13262498378753662
00187,14,0.056068047881126404,4,678.0611572265625,514.7068481445312,16.395490646362305,9.348806381225586,-0.08227300643920898
00187,15,0.055919572710990906,6,353.22705078125,350.4994201660156,553.1795654296875,406.7006530761719,-0.12818551063537598
00187,16,0.055482394993305206,18,299.11334228515625,661.939697265625,20.622465133666992,6.187267780303955,0.026933908462524414
00187,17,0.0542028471827507,9,352.8014221191406,346.50494384765625,543.4293212890625,414.34942626953125,-0.14821314811706543
00187,18,0.052588868886232376,18,292.94305419921875,656.2090454101562,16.036174774169922,6.236032485961914,-0.009108781814575195
00187,19,0.05254695191979408,18,191.38478088378906,671.3289184570312,19.232276916503906,3.843357563018799,-0.011095882393419743
00187,20,0.05083784833550453,18,176.2029571533203,671.1255493164062,17.503704071044922,4.824491500854492,-0.05290210247039795
00149,0,0.935348629951477,2,187.64480590820312,608.1492919921875,179.62252807617188,176.52926635742188,-1.5467968742039542
00149,1,0.8971633315086365,2,198.19444274902344,173.57049560546875,117.15483856201172,116.69115447998047,0.06600964069366455
00149,2,0.5333083271980286,18,658.5241088867188,77.65361022949219,22.211437225341797,9.103387832641602,-1.5453636209156851
00149,3,0.2967139482498169,18,753.552490234375,76.58924865722656,13.592533111572266,8.325145721435547,-1.521084384122167
00149,4,0.22591480612754822,18,733.8419799804688,76.87590789794922,14.790539741516113,7.489675521850586,-1.5330090085652213
00149,5,0.20919781923294067,18,766.2534790039062,76.10800170898438,13.607213973999023,6.483996868133545,-1.5543958722290139
00149,6,0.08274059742689133,18,16.311017990112305,383.9935607910156,10.165216445922852,7.71981143951416,0.04903889074921608
00149,7,0.06887225061655045,18,590.3644409179688,747.1455078125,18.602855682373047,6.79652214050293,-1.5678683082249503
00149,8,0.06490308046340942,18,605.4544067382812,66.20513916015625,12.051721572875977,7.431605339050293,-1.5271738293257098
00149,9,0.056205783039331436,18,745.8950805664062,76.5383071899414,13.687174797058105,7.811436653137207,-1.5286924364652972
00149,10,0.053326282650232315,18,790.53955078125,21.569143295288086,22.220149993896484,8.615339279174805,1.5600021640446524
00146,0,0.9585795402526855,16,501.32470703125,399.3545837402344,294.322021484375,137.77076721191406,1.5639498993430774
00146,1,0.9506341814994812,3,312.9842834472656,396.9089660644531,354.0029296875,192.77755737304688,1.5620828429844718
00146,2,0.07194685190916061,4,312.9842834472656,396.9089660644531,354.0029296875,192.77755737304688,1.5620828429844718
00146,3,0.05987468361854553,3,500.880615234375,400.15277099609375,298.995361328125,136.90234375,1.563465074696813
00146,4,0.0593474879860878,16,312.5013427734375,396.3946533203125,352.9674072265625,193.1221923828125,1.5647869865086417
00146,5,0.05318675562739372,12,500.880615234375,400.15277099609375,298.995361328125,136.90234375,1.563465074696813
00146,6,0.05069933086633682,10,501.14739990234375,399.3894348144531,297.9503173828125,139.65658569335938,-1.5700413743059638
00006,0,0.8521839380264282,13,318.0115966796875,235.45013427734375,113.38638305664062,37.418251037597656,1.0227928916600089
00006,1,0.85153728723526,13,525.5075073242188,614.394775390625,96.928466796875,40.575557708740234,1.2918302873757224
00006,2,0.5725222826004028,11,200.57485961914062,525.6912231445312,183.32846069335938,78.01040649414062,0.8550552884724478
00006,3,0.1699400246143341,15,185.09365844726562,302.470458984375,258.655517578125,190.61422729492188,-0.4669762849807739
00006,4,0.11694115400314331,13,200.31646728515625,523.5772705078125,180.13417053222656,74.19386291503906,0.8992265621807913
00006,5,0.08853157609701157,11,180.10867309570312,299.67449951171875,273.24078369140625,194.53599548339844,-0.48778995871543884
00006,6,0.08293724805116653,4,198.9458770751953,524.9664306640625,174.42526245117188,76.20481872558594,0.8515212098744254
00006,7,0.0783509761095047,3,175.07659912109375,303.9355163574219,280.22003173828125,196.47744750976562,-0.5020288228988647
00006,8,0.07442627847194672,13,180.10867309570312,299.67449951171875,273.24078369140625,194.53599548339844,-0.48778995871543884
00006,9,0.07074183970689774,13,153.2459259033203,448.59844970703125,31.34381103515625,12.327966690063477,-0.6252750754356384
00006,10,0.06895574182271957,15,199.48858642578125,522.7935791015625,182.29708862304688,70.88726806640625,0.8987125913288931
00006,11,0.05520053580403328,13,141.10543823242188,437.4893493652344,17.237974166870117,8.751819610595703,-0.3779839277267456
00006,12,0.0540386326611042,13,270.6376953125,583.121826171875,28.364919662475586,14.474154472351074,-0.5832261443138123
00126,0,0.8215494155883789,7,390.53424072265625,217.91192626953125,674.4788818359375,222.3780975341797,0.17946672439575195
00126,1,0.7344473600387573,7,349.63458251953125,541.686279296875,604.4081420898438,241.61114501953125,0.29669690132141113
00126,2,0.22187210619449615,18,577.4668579101562,504.1691589355469,20.902544021606445,6.028449535369873,-0.06245625019073486
00126,3,0.17960625886917114,18,458.4301452636719,665.109130859375,57.150672912597656,13.442825317382812,0.23722349107265472
00126,4,0.17763826251029968,12,554.2975463867188,412.4358215332031,27.38031768798828,7.708017349243164,-1.461587862172399
00126,5,0.17433349788188934,18,316.7827453613281,403.1470642089844,18.42626953125,6.195642471313477,0.41683921217918396
00126,6,0.14911410212516785,18,536.9763793945312,644.2672119140625,32.73609924316406,8.88825798034668,-1.1838793317463736
00126,7,0.1322096586227417,18,194.43531799316406,463.0116271972656,26.004528045654297,7.775509834289551,-0.9197542230275015
00126,8,0.12037576735019684,18,403.3723449707031,280.7502136230469,14.409996032714844,5.450036525726318,0.19119703769683838
00126,9,0.09974922239780426,18,205.48672485351562,423.69720458984375,32.570072174072266,8.506869316101074,0.40009641647338867
00126,10,0.09596706181764603,18,576.4761962890625,496.8882141113281,24.069355010986328,8.337557792663574,-0.004251360893249512
00126,11,0.09468097984790802,18,281.94305419921875,327.7386474609375,20.798025131225586,6.189817905426025,-0.024207472801208496
00126,12,0.08806730061769485,18,530.4656982421875,456.9598083496094,15.528053283691406,4.116293907165527,0.26443517208099365
00126,13,0.07956022769212723,18,194.81503295898438,346.11785888671875,8.226128578186035,5.88674783706665,0.24474821984767914
00126,14,0.07692541182041168,18,193.71551513671875,450.7255554199219,17.669525146484375,13.214377403259277,-0.9883105317738394
00126,15,0.07586825639009476,18,720.6231689453125,487.578857421875,17.833576202392578,5.981719017028809,-0.10880327224731445
00126,16,0.0752534493803978,18,292.2692565917969,322.57666015625,39.810264587402344,6.472745895385742,-0.05575275421142578
00126,17,0.07353299111127853,4,554.2975463867188,412.4358215332031,27.38031768798828,7.708017349243164,-1.461587862172399
00126,18,0.06933199614286423,18,501.7412109375,212.0376739501953,13.18845272064209,4.25567626953125,0.35853898525238037
00126,19,0.06911866366863251,18,394.4908447265625,660.6237182617188,18.689119338989258,6.390336036682129,0.2564812898635864
00126,20,0.06323323398828506,18,411.33978271484375,260.38739013671875,8.721171379089355,8.34970474243164,-1.225071863332067
00126,21,0.06171608343720436,5,532.50390625,23.60171127319336,73.2322006225586,27.358623504638672,0.8997237245228629
00126,22,0.05952296778559685,18,261.8404541015625,552.06640625,19.39508628845215,8.03085708618164,-0.07337629795074463
00126,23,0.058162469416856766,12,724.9674682617188,439.00079345703125,22.05907440185547,15.936589241027832,-1.511749223866735
00126,24,0.0580560564994812,18,294.7445373535156,316.075927734375,35.7227668762207,7.034536838531494,-0.007174373138695955
00126,25,0.05246257036924362,18,609.98095703125,491.72784423828125,31.001174926757812,10.386373519897461,-0.006239771842956543
00126,26,0.05197545513510704,18,265.890625,401.1788330078125,29.968109130859375,6.786985874176025,0.29679107666015625
00126,27,0.05160369724035263,18,388.6949462890625,142.2677001953125,24.453330993652344,8.189373970031738,-1.3446076522257666
00016,0,0.8829368352890015,13,238.8468475341797,338.8248596191406,54.08953094482422,19.1591739654541,-0.030990958213806152
00016,1,0.8731087446212769,13,178.0752410888672,395.6226501464844,57.143775939941406,22.066844940185547,-0.14305271208286285
00016,2,0.8699546456336975,13,158.38116455078125,615.235595703125,65.75918579101562,21.48456573486328,1.5187807800855975
00016,3,0.8555828928947449,13,267.04388427734375,488.4035339355469,61.50339126586914,20.211719512939453,-0.10675323754549026
00016,4,0.8547454476356506,13,204.2675018310547,645.4395141601562,63.554588317871094,22.723569869995117,1.4869874278691153
00016,5,0.8514164686203003,13,247.30398559570312,406.03753662109375,48.64600372314453,17.713699340820312,-0.2873118817806244
00016,6,0.8511158227920532,13,172.17123413085938,678.9949340820312,53.381874084472656,21.078216552734375,1.5176858464863638
00016,7,0.8493815660476685,13,472.0499572753906,552.51611328125,36.48891067504883,13.406882286071777,1.384125174083982
00016,8,0.840192437171936,13,133.88009643554688,621.4937133789062,59.03603744506836,18.186508178710938,1.47344966331986
00016,9,0.8387541174888611,13,236.27484130859375,617.7808227539062,70.043701171875,25.500930786132812,1.4103327701475958
00016,10,0.8309999704360962,13,175.97740173339844,347.4773254394531,49.382537841796875,16.9248104095459,-0.24199295043945312
00016,11,0.8305948972702026,13,169.00799560546875,370.90777587890625,63.5443115234375,20.314992904663086,-0.09714436531066895
00016,12,0.8272961974143982,13,434.2127990722656,557.62255859375,56.25733947753906,17.765277862548828,1.2793188850071768
00016,13,0.8239514231681824,13,191.1007080078125,440.22509765625,52.07117462158203,16.83243179321289,-0.26598307490348816
00016,14,0.8223283290863037,13,285.3724670410156,635.4200439453125,43.837646484375,16.77132225036621,-0.19076071679592133
00016,15,0.8205885291099548,13,199.66224670410156,461.5048828125,40.639259338378906,14.384321212768555,-0.33085501194000244
00016,16,0.8195208311080933,13,273.1549987792969,550.5709228515625,49.33491516113281,16.969257354736328,-0.2247992753982544
00016,17,0.8190032243728638,13,103.01564025878906,694.598876953125,46.86720275878906,18.30022621154785,1.1434802869942526
00016,18,0.8166532516479492,13,113.63650512695312,644.83642578125,61.31800842285156,22.1602725982666,1.3250594894078116
00016,19,0.8166207075119019,13,245.29611206054688,383.52728271484375,49.71529769897461,16.751121520996094,-0.2264692783355713
00016,20,0.8130384683609009,13,239.51773071289062,363.978515625,47.621734619140625,16.240230560302734,-0.07661651819944382
00016,21,0.7748299241065979,13,278.61248779296875,614.8231201171875,43.49580764770508,16.197656631469727,-0.13683532178401947
00016,22,0.7513391375541687,13,264.4613037109375,507.4551696777344,48.60539245605469,14.71857738494873,-0.1958393007516861
00016,23,0.7222722172737122,13,268.9519348144531,527.8084106445312,32.95515060424805,12.45847225189209,-0.18440069258213043
00016,24,0.4463132321834564,11,587.19677734375,609.5932006835938,99.1292724609375,89.27975463867188,1.5241645137455802
00016,25,0.43542155623435974,11,464.7646179199219,620.9066162109375,126.94857025146484,20.163555145263672,1.3792848149922232
00016,26,0.415361613035202,13,109.87232971191406,740.9451904296875,34.466854095458984,15.421725273132324,1.3414290706303458
00016,27,0.3210817575454712,11,255.50225830078125,538.0946655273438,433.67822265625,81.26859283447266,1.3855483094838004
00016,28,0.261465847492218,13,249.472900390625,664.3671264648438,15.048166275024414,9.440733909606934,0.13380217552185059
00016,29,0.2180008888244629,13,548.052490234375,635.9675903320312,40.614925384521484,11.886091232299805,-1.1703458885338645
00016,30,0.18721359968185425,11,632.38525390625,778.7511596679688,40.102149963378906,34.441158294677734,-1.5689785043385367
00016,31,0.1738758087158203,11,176.75347900390625,606.9762573242188,320.2994384765625,121.04776000976562,-1.528998808064733
00016,32,0.16100433468818665,18,229.43026733398438,703.9653930664062,13.474305152893066,8.937393188476562,-0.13113021850585938
00016,33,0.1602311134338379,13,560.7531127929688,634.37255859375,28.05177879333496,10.476409912109375,-1.3671685020115714
00016,34,0.156929150223732,11,487.6199951171875,732.0711059570312,101.42748260498047,33.075538635253906,1.3739637891438345
00016,35,0.15034590661525726,13,302.58758544921875,754.5670776367188,27.674331665039062,11.073229789733887,-0.20988081395626068
00016,36,0.14868666231632233,11,472.28594970703125,554.3958129882812,43.05744552612305,14.404894828796387,1.391950444379125
00016,37,0.14292027056217194,13,122.58304595947266,690.2029418945312,23.15509605407715,16.217681884765625,1.307315425076757
00016,38,0.1288098394870758,0,636.4846801757812,796.9019775390625,30.532730102539062,19.05500602722168,0.030196545645594597
00016,39,0.12879355251789093,11,435.01666259765625,562.7216186523438,72.1476058959961,17.261938095092773,1.2830650369313101
00016,40,0.11600498110055923,11,279.30078125,641.5250854492188,74.56474304199219,43.808746337890625,1.4822052280094962
00016,41,0.09730596840381622,11,486.2674865722656,620.3208618164062,105.86870574951172,29.573896408081055,1.4133300493147711
00016,42,0.09493866562843323,11,3.3503551483154297,660.2984619140625,63.0760498046875,24.86581039428711,1.4810648644950728
00016,43,0.09326093643903732,13,307.21923828125,770.3509521484375,18.515443801879883,12.226458549499512,-0.3026912212371826
00016,44,0.09295583516359329,11,603.6400756835938,644.1705322265625,53.23735809326172,14.560158729553223,-0.49756765365600586
00016,45,0.08579984307289124,11,564.2239990234375,587.9638061523438,76.30814361572266,12.267316818237305,1.320036725201879
00016,46,0.08472096174955368,11,252.1854248046875,681.6182250976562,101.13693237304688,36.08080291748047,1.2679378549244742
00016,47,0.08414813131093979,13,234.4078369140625,454.3304748535156,22.107872009277344,12.149130821228027,1.3711287538197379
00016,48,0.08275602757930756,11,391.9260559082031,596.48046875,237.2670440673828,146.1890106201172,1.3829632560398917
00016,49,0.08251435309648514,11,526.4742431640625,608.729248046875,74.66466522216797,23.388822555541992,-1.5424494324859719
00016,50,0.08144323527812958,18,110.2048568725586,741.646728515625,34.305110931396484,15.48354721069336,1.3997400561955313
00016,51,0.08074305951595306,18,212.99700927734375,704.5291137695312,16.782663345336914,11.549787521362305,-0.11211216449737549
00016,52,0.07449012994766235,13,6.645635604858398,659.8451538085938,55.750633239746094,21.171037673950195,1.5171734812345843
00016,53,0.07387331873178482,13,238.12098693847656,660.4161376953125,15.243277549743652,13.375561714172363,1.5622530738499503
00016,54,0.06891467422246933,11,549.5497436523438,633.07763671875,39.5598030090332,12.254398345947266,-1.195669368901525
00016,55,0.06879884749650955,11,495.03924560546875,780.6173706054688,27.007766723632812,13.029398918151855,1.5310728112843375
00016,56,0.06853000074625015,18,214.31448364257812,715.619384765625,14.754103660583496,11.879703521728516,1.4597876826908927
00016,57,0.06588619947433472,11,175.80038452148438,367.1502380371094,66.31611633300781,50.32229995727539,0.059148192405700684
00016,58,0.0655931755900383,18,103.33546447753906,694.0714721679688,47.30632400512695,17.947877883911133,1.1343570510533194
00016,59,0.05967090278863907,11,204.43971252441406,647.0471801757812,63.54397964477539,22.884593963623047,1.43002945283917
00016,60,0.05800022557377815,13,211.7606658935547,706.8392944335938,43.71883773803711,21.50756072998047,1.4391318122532706
00016,61,0.05748104304075241,11,226.46165466308594,708.3484497070312,46.45978546142578,22.45553207397461,1.4124637405064444
00016,62,0.0558980330824852,13,466.76507568359375,633.089599609375,92.7846450805664,15.694859504699707,1.3278289447214942
00016,63,0.05498895421624184,11,76.05400085449219,680.7745971679688,126.26779174804688,108.72393798828125,1.5258612195637564
00016,64,0.05388714373111725,18,204.85655212402344,644.9292602539062,62.35260772705078,21.40159797668457,1.4402484456684927
00016,65,0.05272942781448364,0,493.6699523925781,785.5831909179688,17.95812225341797,12.13391399383545,1.5374426441874842
00016,66,0.05190649256110191,18,172.3623504638672,678.2750854492188,52.19039535522461,21.029712677001953,1.5011032308128218
00016,67,0.05027037113904953,11,493.15960693359375,554.8087768554688,38.018497467041016,11.829172134399414,1.3837201158192496
00178,0,0.8992337584495544,14,226.9859619140625,366.97076416015625,584.4349975585938,406.6607666015625,-1.5654229685340564
00178,1,0.37306535243988037,10,228.6702117919922,362.8393249511719,498.7745361328125,236.24176025390625,-1.547642664113317
00178,2,0.18093779683113098,18,429.5993347167969,156.72470092773438,10.464177131652832,5.730401039123535,1.314903692403112
00178,3,0.1529444456100464,18,7.0640692710876465,711.7855834960938,11.007650375366211,5.859776973724365,1.5008677999165396
00178,4,0.1162610650062561,12,27.606460571289062,146.93405151367188,131.6234130859375,24.507829666137695,-1.092463449635778
00178,5,0.10843053460121155,18,785.560791015625,617.5020141601562,69.58767700195312,26.10744857788086,1.4726937572148184
00178,6,0.0825037956237793,5,786.6564331054688,618.7225341796875,75.46744537353516,25.509233474731445,1.4956252137806754
00178,7,0.05890375375747681,18,345.7385559082031,555.2282104492188,16.225635528564453,6.111982345581055,-0.9594857255604605
00178,8,0.057044561952352524,10,216.0044708251953,772.8408203125,229.04347229003906,79.37639617919922,-0.012854337692260742
00178,9,0.05629663169384003,5,746.4072875976562,648.24072265625,50.64641571044922,28.82685661315918,-1.5442800066110234
00178,10,0.056245554238557816,2,322.6141052246094,748.5596313476562,46.23047637939453,30.082550048828125,0.21814334392547607
00178,11,0.05553903430700302,2,301.4349670410156,779.47119140625,77.18709564208984,47.664066314697266,0.012083292007446289
00178,12,0.05371244624257088,18,693.6882934570312,598.00341796875,10.4888277053833,10.203359603881836,-0.007137656211853027
00178,13,0.051810119301080704,18,722.64794921875,314.0951232910156,14.674162864685059,7.986339569091797,0.07962774485349655
00178,14,0.05108393728733063,18,437.6407165527344,190.61605834960938,13.973791122436523,4.731204986572266,1.4271753589299063
00186,0,0.8088144659996033,13,117.10011291503906,674.666015625,41.21326446533203,14.417248725891113,1.209372923770223
00186,1,0.7923696041107178,13,188.49098205566406,519.6131591796875,32.09003448486328,11.562503814697266,-0.5200432538986206
00186,2,0.7892870306968689,13,255.94375610351562,547.737548828125,60.897560119628906,19.50977325439453,1.0324201146748404
00186,3,0.7773929834365845,13,312.22467041015625,291.4081115722656,49.38458251953125,18.970073699951172,1.123407588401113
00186,4,0.777359127998352,13,677.0508422851562,307.7497253417969,44.468894958496094,17.021751403808594,-0.6088190078735352
00186,5,0.7691125869750977,13,182.68869018554688,504.5848388671875,31.700401306152344,11.619131088256836,-0.4638180732727051
00186,6,0.7673571705818176,13,728.3711547851562,307.2790832519531,44.30583190917969,15.63849925994873,-0.6438249945640564
00186,7,0.7480157613754272,13,245.21617126464844,613.3400268554688,31.667438507080078,12.765959739685059,-0.48637399077415466
00186,8,0.7474735379219055,13,757.1338500976562,254.8521270751953,42.00444030761719,15.5381441116333,-0.6171775460243225
00186,9,0.7473633885383606,13,200.78981018066406,538.6676635742188,35.308067321777344,11.43978214263916,-0.5035206079483032
00186,10,0.7353035807609558,13,688.8666381835938,201.4942626953125,57.9310417175293,20.243911743164062,-0.5418555736541748
00186,11,0.732667863368988,13,162.15609741210938,467.7137451171875,37.19377899169922,11.967101097106934,-0.5816085934638977
00186,12,0.7078139781951904,13,223.3126983642578,576.2435913085938,35.240501403808594,11.897415161132812,-0.5285834670066833
00186,13,0.7035021781921387,13,248.743896484375,629.1659545898438,28.18627166748047,11.00406265258789,-0.5508275032043457
00186,14,0.7019123435020447,13,230.5935516357422,590.4967041015625,26.890804290771484,10.48652458190918,-0.5862150192260742
00186,15,0.684109628200531,13,211.936279296875,477.7876281738281,36.527488708496094,12.249093055725098,1.0464447299626212
00186,16,0.6663861870765686,13,581.651123046875,312.3894958496094,59.48592758178711,19.752151489257812,0.99461026588944
00186,17,0.49293336272239685,11,196.1836700439453,506.3848571777344,347.159912109375,82.8954849243164,1.0809033970024924
00186,18,0.4408600926399231,13,138.1547393798828,719.830322265625,35.90740966796875,12.50788688659668,1.103756890692983
00186,19,0.36695972084999084,11,708.687255859375,325.8852233886719,255.12432861328125,168.22100830078125,-0.5986917614936829
00186,20,0.36177560687065125,13,695.7341918945312,325.7530212402344,20.114337921142578,12.149923324584961,-0.5526295304298401
00186,21,0.3569447994232178,11,724.9964599609375,181.57656860351562,122.71768951416016,63.22891616821289,-0.357755184173584
00186,22,0.3314181864261627,11,397.5771484375,383.9310607910156,630.286865234375,334.0970153808594,-0.14353527128696442
00186,23,0.25502797961235046,11,248.39297485351562,298.99786376953125,320.12200927734375,41.854949951171875,-0.41714727878570557
00186,24,0.2403247356414795,11,387.50531005859375,595.9998779296875,150.96505737304688,89.93722534179688,-0.47622716426849365
00186,25,0.19492678344249725,11,592.8490600585938,58.524967193603516,185.28297424316406,49.84027862548828,-0.19732332229614258
00186,26,0.19384492933750153,13,504.3805847167969,539.8858032226562,335.1978454589844,122.72441101074219,-0.6258325576782227
00186,27,0.18486425280570984,11,142.9505615234375,723.3682861328125,87.73649597167969,16.11396026611328,1.0767173329975943
00186,28,0.17778319120407104,18,187.50686645507812,792.6259765625,21.87160301208496,11.696687698364258,-0.33586668968200684
00186,29,0.16303256154060364,11,253.39869689941406,546.251220703125,77.97137451171875,22.830917358398438,1.0096061388638358
00186,30,0.15169869363307953,11,581.7964477539062,312.7837829589844,64.81658172607422,21.25362777709961,0.9713324467327933
00186,31,0.13702882826328278,11,725.27734375,304.1968078613281,94.75083923339844,25.961645126342773,-0.6555222431805472
00186,32,0.11710468679666519,11,178.63742065429688,701.1051025390625,167.38601684570312,94.31048583984375,1.1106470386174063
00186,33,0.10294554382562637,6,316.97650146484375,431.52459716796875,398.69976806640625,370.21466064453125,-0.5294685363769531
00186,34,0.0983777642250061,11,37.672916412353516,721.6565551757812,267.3685302734375,221.78598022460938,-0.04393506050109863
00186,35,0.09798154979944229,13,600.3077392578125,398.5365905761719,37.01620864868164,15.533103942871094,-0.6529058814048767
00186,36,0.09684658795595169,13,588.7957763671875,376.21893310546875,20.624988555908203,14.590410232543945,-0.4973183870315552
00186,37,0.09427199512720108,11,138.56063842773438,689.4127807617188,89.70669555664062,15.452106475830078,1.0704960385945181
00186,38,0.07768654078245163,11,758.8938598632812,336.5935363769531,68.52693176269531,29.865068435668945,-1.0390830198910574
00186,39,0.07741273194551468,13,420.4411315917969,598.445068359375,19.741191864013672,10.506878852844238,-0.6702367067337036
00186,40,0.0744970366358757,11,92.00408935546875,551.1321411132812,239.48654174804688,155.10693359375,1.3239632407811026
00186,41,0.07112707942724228,18,117.49739074707031,673.755126953125,42.260902404785156,13.18292236328125,1.2113842229035239
00186,42,0.06752245873212814,13,206.0550537109375,487.86016845703125,24.595539093017578,13.157299995422363,1.1923407773163657
00186,43,0.06370116025209427,13,282.6774597167969,242.11871337890625,22.90402603149414,7.81627893447876,0.07033884525299072
00186,44,0.06252223998308182,13,413.1913757324219,235.71778869628906,33.13278579711914,12.132414817810059,1.1765936175968985
00186,45,0.06121014058589935,13,164.24996948242188,478.7599792480469,34.75576400756836,11.431118965148926,-0.5406955480575562
00186,46,0.061190925538539886,11,770.1404418945312,692.0057373046875,52.21266174316406,16.320676803588867,0.5204564332962036
00186,47,0.05960489436984062,18,796.15185546875,533.75439453125,18.603551864624023,14.03237533569336,-1.5244444171574454
00186,48,0.05844390019774437,13,265.6336669921875,359.98004150390625,19.517906188964844,8.154722213745117,1.4690655032780509
00186,49,0.05790203809738159,11,508.2822570800781,91.8735580444336,54.87984848022461,30.25914192199707,0.0391162633895874
00186,50,0.057600799947977066,13,236.37088012695312,599.3618774414062,27.852628707885742,9.33703899383545,-0.5426303148269653
00186,51,0.057236168533563614,13,770.8576049804688,691.9382934570312,52.9504280090332,14.904111862182617,0.5131362676620483
00186,52,0.056895505636930466,11,533.114990234375,-0.9728567600250244,294.2107849121094,107.13853454589844,-0.15798640251159668
00186,53,0.05587095767259598,11,116.89949035644531,675.5116577148438,48.67262649536133,15.333292007446289,1.218695000806127
00186,54,0.055534590035676956,18,312.4834289550781,291.17901611328125,50.97718048095703,19.342327117919922,1.1020900766041617
00186,55,0.05476844683289528,18,677.03857421875,307.62689208984375,44.262699127197266,17.461122512817383,-0.5901703238487244
00186,56,0.05470481514930725,18,221.5901641845703,576.6643676757812,31.95233154296875,11.637371063232422,-0.5206691026687622
00186,57,0.05405079573392868,11,763.3713989257812,244.50381469726562,88.18205261230469,31.27507972717285,-0.9818522493031363
00186,58,0.053855545818805695,18,728.40478515625,307.41815185546875,44.586753845214844,15.304425239562988,-0.6327725052833557
00186,59,0.05306734889745712,18,756.927001953125,254.78073120117188,42.85205841064453,15.862752914428711,-0.636248767375946
00186,60,0.05297674983739853,11,556.2694702148438,331.1418762207031,54.77018356323242,16.797475814819336,1.1426281491902213
00186,61,0.05244551599025726,11,688.4053344726562,376.0910339355469,91.0858154296875,31.34662628173828,0.9668849865582327
00186,62,0.051615260541439056,18,688.7628173828125,201.80438232421875,59.03773498535156,20.207460403442383,-0.5374895334243774
00186,63,0.05154137685894966,13,654.1996459960938,432.0117492675781,115.56034851074219,47.03496551513672,-0.3233531713485718
00186,64,0.05115818977355957,18,162.61795043945312,467.6073303222656,37.22938919067383,11.086729049682617,-0.49969589710235596
00186,65,0.05061950162053108,11,249.86216735839844,628.90966796875,29.871488571166992,11.340551376342773,-0.4753228724002838
00186,66,0.050127219408750534,18,245.65562438964844,613.0404663085938,29.817197799682617,11.978702545166016,-0.42249274253845215
00103,0,0.858630359172821,13,374.52764892578125,467.8462829589844,503.675048828125,90.59939575195312,0.4532844126224518
00103,1,0.7350099086761475,13,618.310791015625,586.666748046875,148.53280639648438,45.519493103027344,0.41359400749206543
00103,2,0.12934784591197968,11,320.93023681640625,578.0921630859375,467.0675048828125,211.93423461914062,0.4846082925796509
00116,0,0.9203649163246155,15,277.8428955078125,542.3994140625,121.58210754394531,116.22538757324219,-0.010460495948791504
00116,1,0.917309045791626,15,487.2386779785156,597.6760864257812,120.2578125,115.60981750488281,-0.0021344423294067383
00116,2,0.9165480732917786,15,669.2789916992188,429.02935791015625,119.84903717041016,113.81431579589844,-0.0037233829498291016
00116,3,0.9038392305374146,15,577.8992309570312,506.21392822265625,122.79014587402344,116.21974182128906,-0.011339068412780762
00116,4,0.10459467023611069,0,138.89181518554688,8.229670524597168,14.399260520935059,8.040319442749023,-0.20562875270843506
00116,5,0.09513255208730698,18,328.2149963378906,439.6192626953125,17.881776809692383,8.508023262023926,-0.037251949310302734
00116,6,0.08920387923717499,18,669.4845581054688,428.64605712890625,119.5265884399414,113.57706451416016,0.006492018699645996
00116,7,0.08069293946027756,18,300.8568420410156,427.35247802734375,41.46284484863281,8.738197326660156,-0.18120431900024414
00116,8,0.08035968244075775,18,359.4890441894531,345.45562744140625,21.890161514282227,5.744251251220703,0.05263721942901611
00116,9,0.0793837234377861,18,94.8026351928711,37.66717529296875,88.45710754394531,13.506093978881836,1.4183173785593848
00116,10,0.07676304131746292,18,577.8045043945312,506.19647216796875,121.52716827392578,116.14768981933594,-0.007031321991235018
00116,11,0.07174631953239441,18,278.02862548828125,542.043701171875,119.87382507324219,116.1923828125,-0.0005979537963867188
00116,12,0.06955911964178085,2,733.3743286132812,45.749298095703125,116.26573181152344,106.136474609375,-0.06588268280029297
00116,13,0.06687118858098984,18,486.3035583496094,597.6323852539062,119.3114013671875,115.85380554199219,0.007634520530700684
00116,14,0.06345907598733902,18,673.0722045898438,257.5335693359375,8.571812629699707,4.595690727233887,-0.020525215193629265
00116,15,0.05192900076508522,18,140.34523010253906,25.002079010009766,9.335990905761719,7.689764022827148,-0.10674941539764404
00116,16,0.050943274050951004,15,141.01699829101562,8.25462532043457,14.519286155700684,8.441381454467773,-0.20635735988616943
00148,0,0.9292043447494507,2,604.38525390625,692.4443969726562,168.2620849609375,166.83700561523438,1.5558493892338614
00148,1,0.8588888645172119,2,440.75921630859375,185.39031982421875,125.94892120361328,120.40923309326172,-1.5707114497807364
00148,2,0.11137653887271881,18,791.583251953125,278.2646789550781,15.71822452545166,7.7803425788879395,0.07061052322387695
00148,3,0.0782678872346878,18,795.2203369140625,479.4797668457031,22.538206100463867,12.389337539672852,-1.546276287236486
00154,0,0.9230185151100159,15,455.7363586425781,366.59173583984375,135.87759399414062,123.24278259277344,0.004702448844909668
00154,1,0.058755140751600266,18,455.04498291015625,366.70318603515625,135.5037078857422,123.72946166992188,0.003448009490966797
00020,0,0.8835954666137695,0,415.87982177734375,603.9786987304688,211.96957397460938,207.20703125,-0.7310858964920044
00020,1,0.8834630250930786,0,499.45068359375,353.2721252441406,208.53033447265625,193.27650451660156,0.7511168718338013
00020,2,0.17561861872673035,18,725.5740966796875,565.2747192382812,15.638155937194824,8.531620025634766,1.1762983361866812
00020,3,0.13315007090568542,18,489.9421081542969,74.71369171142578,11.133981704711914,7.578701972961426,-1.553018289678965
00020,4,0.1306869387626648,18,367.3426513671875,471.02056884765625,21.426258087158203,10.125560760498047,0.9420564929631094
00020,5,0.10391440987586975,18,512.1007080078125,76.074951171875,15.751173973083496,5.695806980133057,-1.3806280801680426
00020,6,0.09298869222402573,18,530.3626708984375,284.91754150390625,17.09758186340332,6.7411651611328125,-0.23298895359039307
00020,7,0.08482091128826141,18,369.1119689941406,448.1612243652344,16.07322120666504,9.565492630004883,0.336193323135376
00020,8,0.06834626942873001,18,442.3727722167969,229.82479858398438,17.938705444335938,6.432770729064941,0.3670285642147064
00020,9,0.06802825629711151,18,727.2666015625,4.8410797119140625,24.175214767456055,6.219383239746094,-0.48945140838623047
00020,10,0.06742510199546814,18,745.225341796875,778.184814453125,19.54668426513672,8.629006385803223,-1.3055926422264914
00020,11,0.06522201746702194,18,587.208740234375,264.00201416015625,17.0557804107666,8.81999397277832,1.099482492604528
00020,12,0.06266585737466812,2,500.3044738769531,352.9270935058594,199.35647583007812,197.68417358398438,0.7288519144058228
00020,13,0.05385487899184227,18,180.98472595214844,407.4324035644531,30.910921096801758,9.840576171875,-0.8848387757923941
00020,14,0.053762298077344894,18,506.08172607421875,75.6850814819336,14.490042686462402,6.206454753875732,-1.4034755984928946
00134,0,0.8031862378120422,1,359.1387634277344,456.97125244140625,716.2743530273438,165.93521118164062,0.19751906394958496
00134,1,0.07703560590744019,1,351.5173034667969,315.90997314453125,597.511474609375,173.0560302734375,0.10252881050109863
00134,2,0.07248873263597488,10,347.4382019042969,456.6504211425781,711.02685546875,173.94485473632812,0.23801051080226898
00141,0,0.9164220094680786,2,555.598388671875,613.4684448242188,139.15164184570312,138.91854858398438,-1.4800495664265494
00141,1,0.9094305038452148,2,92.61068725585938,625.046630859375,139.13319396972656,137.577880859375,-1.52910573879746
00141,2,0.1129930317401886,18,87.08080291748047,791.935302734375,9.21041488647461,8.320771217346191,0.05497359856963158
00141,3,0.1117558404803276,15,328.6766357421875,413.0109558105469,16.167186737060547,12.473499298095703,-1.5452041188862662
00141,4,0.058884695172309875,18,383.02362060546875,573.759033203125,7.880238056182861,5.784546375274658,-1.5549815456059317
00141,5,0.055020809173583984,18,776.0423583984375,21.664644241333008,19.350799560546875,7.341238021850586,0.40559613704681396
00141,6,0.05174911767244339,8,93.33949279785156,626.7694702148438,137.85000610351562,137.4981231689453,-1.516016916432653
00141,7,0.05008450895547867,18,352.9909973144531,629.7257690429688,10.608125686645508,5.038244247436523,-1.3266959945347647
00162,0,0.9534968733787537,0,275.4796142578125,193.9178924560547,289.83367919921875,245.50025939941406,0.013394832611083984
00162,1,0.9315136075019836,0,224.7783660888672,704.2176513671875,133.64468383789062,132.81072998046875,1.565660790601049
00162,2,0.7108249664306641,18,447.1296081542969,25.472984313964844,37.31439971923828,13.945928573608398,-0.009508966468274593
00162,3,0.0626799538731575,3,223.2822265625,168.88150024414062,237.36546325683594,136.20565795898438,-1.0556308786061148
00162,4,0.05757690221071243,2,223.54246520996094,703.555419921875,134.482666015625,128.27102661132812,1.5704524079654387
00162,5,0.05001986771821976,12,223.2822265625,168.88150024414062,237.36546325683594,136.20565795898438,-1.0556308786061148
00167,0,0.9580678343772888,16,345.93310546875,228.30018615722656,191.26715087890625,89.62126159667969,1.5641531507161002
00167,1,0.9539996981620789,16,231.86305236816406,229.20928955078125,189.57386779785156,88.80307006835938,1.5634644786503653
00167,2,0.946122944355011,16,461.22918701171875,227.526611328125,193.78253173828125,89.4249267578125,1.5620280067112784
00167,3,0.9388624429702759,2,524.0533447265625,521.8973388671875,241.54981994628906,238.95237731933594,-1.567476944127355
00167,4,0.0795523002743721,2,671.4766235351562,180.14242553710938,215.759521484375,176.7692108154297,-1.5191697599974017
00167,5,0.07640867680311203,18,181.3649444580078,487.8851013183594,17.46527099609375,7.766884803771973,1.173914031186376
00030,0,0.9560336470603943,16,204.38424682617188,470.32086181640625,189.27467346191406,88.72942352294922,1.5578788091104965
00030,1,0.9512831568717957,16,345.39776611328125,468.4873352050781,188.30087280273438,89.58424377441406,1.561530546345983
00030,2,0.9504207968711853,16,487.83575439453125,466.8977355957031,187.97601318359375,89.04647827148438,1.5644731084492545
00030,3,0.9455359578132629,16,633.1571044921875,465.64581298828125,189.3873748779297,91.23950958251953,1.5662600556996207
00120,0,0.9223880171775818,15,392.85693359375,336.1043701171875,234.14190673828125,217.4866943359375,0.005312800407409668
00120,1,0.9173625111579895,15,517.3450317382812,513.0511474609375,184.07827758789062,169.13323974609375,0.0009766817092895508
00120,2,0.49106326699256897,18,199.73780822753906,13.844465255737305,20.98880386352539,8.799928665161133,1.5608958760884146
00120,3,0.1874971091747284,18,515.6587524414062,512.2628784179688,184.28024291992188,167.34954833984375,0.015492677688598633
00120,4,0.15320314466953278,18,182.5321807861328,746.7316284179688,11.577292442321777,7.84977388381958,0.058617353439331055
00120,5,0.15079006552696228,18,24.121395111083984,693.540283203125,8.364420890808105,8.30801773071289,-0.04254304990172386
00120,6,0.13537737727165222,18,654.6693115234375,8.487029075622559,12.754570007324219,8.025025367736816,1.0750436345723013
00120,7,0.12550170719623566,18,563.5344848632812,112.89856719970703,9.228147506713867,5.356994152069092,-0.17170403897762299
00120,8,0.12317159026861191,18,418.1564025878906,336.5193786621094,220.0015869140625,184.04104614257812,-1.550465659299169
00120,9,0.11914856731891632,18,186.23416137695312,711.91650390625,9.269207000732422,7.054854393005371,0.09651351720094681
00120,10,0.09404777735471725,18,770.0313720703125,559.584716796875,14.255912780761719,7.099527359008789,-0.14848269522190094
00120,11,0.0728130042552948,18,692.0769653320312,274.38397216796875,11.92760181427002,7.2181782722473145,0.42112481594085693
00120,12,0.07109009474515915,18,160.32321166992188,213.80287170410156,10.724760055541992,7.156162261962891,1.4715685481813292
00120,13,0.0702735036611557,18,766.4159545898438,23.43531036376953,11.059854507446289,5.216390609741211,-0.2934378385543823
00120,14,0.06873103231191635,18,528.072265625,33.441917419433594,10.581087112426758,5.879324913024902,1.5276499512281756
00120,15,0.06620744615793228,18,33.156612396240234,137.7353515625,12.043967247009277,10.206766128540039,-1.4896277944233756
00120,16,0.06345271319150925,18,776.3570556640625,399.6015930175781,13.404711723327637,7.0100789070129395,-1.0906965295460562
00120,17,0.056357491761446,18,208.89602661132812,423.13397216796875,10.79014778137207,7.132018089294434,0.08967268466949463
00120,18,0.05624423921108246,18,744.9517822265625,291.0667724609375,9.702449798583984,6.986208915710449,-1.4121044437077384
00120,19,0.05559583380818367,2,720.3282470703125,480.6866760253906,36.84080505371094,30.009258270263672,1.5594440270822982
00120,20,0.053517282009124756,3,392.9883728027344,335.7279357910156,233.60133361816406,215.8743896484375,0.0013670921325683594
00120,21,0.053309157490730286,18,185.1497802734375,10.48534870147705,18.1898136138916,10.154277801513672,-1.5507012168553214
00120,22,0.05181274563074112,18,749.0951538085938,415.8152160644531,14.872380256652832,8.602304458618164,0.26092591881752014
00120,23,0.050880733877420425,18,655.4155883789062,266.4709167480469,31.766544342041016,13.44111442565918,-0.9384092847493033
00117,0,0.9300541877746582,10,732.4710693359375,650.0628662109375,76.97516632080078,39.10727310180664,0.06299734115600586
00117,1,0.7742775082588196,17,399.2794494628906,430.9817199707031,249.42251586914062,81.10380554199219,1.5617197324198226
00117,2,0.49731239676475525,4,36.6746940612793,180.63661193847656,34.52202606201172,15.275447845458984,0.9403772513058524
00117,3,0.35136160254478455,12,36.413822174072266,180.02139282226562,35.42548751831055,13.99471664428711,0.8800808946278433
00117,4,0.1830672025680542,18,315.4302062988281,222.599853515625,36.64345169067383,7.583442687988281,-1.1574550429966788
00117,5,0.17626039683818817,18,333.489013671875,209.6514892578125,17.94089126586914,5.906414985656738,-1.2256643633034567
00117,6,0.09423797577619553,18,88.97538757324219,329.6412048339844,8.550265312194824,5.105717658996582,-1.566310123601232
00117,7,0.08421257883310318,18,483.865234375,708.0477905273438,9.686691284179688,4.9622483253479,-1.469376758733068
00117,8,0.08299019187688828,14,727.03173828125,640.9976196289062,77.5758056640625,49.48091125488281,0.11436986923217773
00117,9,0.0727541446685791,3,726.3687133789062,614.128173828125,59.535377502441406,22.689851760864258,0.017820000648498535
00117,10,0.06977486610412598,18,465.0417785644531,84.12334442138672,27.461584091186523,8.218466758728027,1.5290289680149893
00117,11,0.06326518952846527,18,140.90237426757812,695.744140625,20.733898162841797,7.464977264404297,1.2484510699894766
00117,12,0.054451048374176025,10,728.1891479492188,615.1094360351562,59.41935729980469,23.19411277770996,-0.0023932454641908407
00117,13,0.05423273891210556,18,621.0650024414062,143.3361053466797,14.594400405883789,7.630700588226318,0.13543570041656494
00117,14,0.05124441906809807,19,35.37330627441406,180.75999450683594,36.32988357543945,15.15956974029541,1.0073462883618216
00117,15,0.05080191045999527,18,334.8871765136719,240.2588348388672,9.289833068847656,5.1420207023620605,-1.2967491904881339
00117,16,0.050701383501291275,16,36.44037628173828,179.809814453125,37.17206573486328,14.720853805541992,0.9562016884472708
00039,0,0.89239501953125,10,459.7362365722656,407.632080078125,646.1199951171875,336.0262451171875,0.8820505897190909
00039,1,0.1405847668647766,18,574.1934814453125,52.98818588256836,10.492853164672852,6.025858402252197,1.1809539357807974
00039,2,0.11581724882125854,18,741.8002319335938,16.528940200805664,18.759906768798828,8.59487533569336,-0.22921717166900635
00039,3,0.11209843307733536,18,70.17232513427734,102.71219635009766,11.410512924194336,7.726720333099365,1.2219478646900992
00039,4,0.08003222197294235,8,99.683837890625,126.12484741210938,31.309505462646484,11.0748929977417,-1.067481474080358
00039,5,0.07235343754291534,12,87.83026885986328,170.5482940673828,24.028074264526367,8.211371421813965,1.2961910823967795
00039,6,0.07195449620485306,18,3.6021671295166016,164.33657836914062,10.501498222351074,7.443976402282715,-0.22487151622772217
00039,7,0.06805305182933807,18,99.683837890625,126.12484741210938,31.309505462646484,11.0748929977417,-1.067481474080358
00039,8,0.06511273980140686,17,73.30751037597656,194.16539001464844,55.10591125488281,53.311798095703125,-1.2775077680733542
00039,9,0.05791182070970535,18,758.7601928710938,775.5966796875,9.836549758911133,7.343761444091797,1.0569896856930594
00039,10,0.05714298039674759,12,574.05419921875,685.080810546875,53.43122100830078,14.641436576843262,1.112268284955297
00039,11,0.056666214019060135,18,79.83844757080078,21.57117462158203,13.885459899902344,8.353074073791504,-0.20687472820281982
00039,12,0.055530987679958344,1,461.44061279296875,405.8202819824219,658.600830078125,354.2955017089844,0.8833412686970572
00039,13,0.05281456932425499,4,574.05419921875,685.080810546875,53.43122100830078,14.641436576843262,1.112268284955297
00039,14,0.05092198774218559,18,753.9697265625,623.7984008789062,72.04230499267578,13.942675590515137,-0.7701498428967337
00062,0,0.922193706035614,15,428.6576232910156,324.41400146484375,159.9259033203125,142.89413452148438,0.0018390415934845805
00062,1,0.9130128622055054,15,519.42529296875,530.3770751953125,158.8084716796875,152.18780517578125,-0.008757829666137695
00062,2,0.6634798049926758,18,402.3109130859375,714.629150390625,56.889503479003906,10.089643478393555,0.018552541732788086
00062,3,0.19071176648139954,18,80.59512329101562,167.9873046875,14.934106826782227,5.699823379516602,-0.36935389041900635
00062,4,0.17344145476818085,0,773.0925903320312,570.6315307617188,26.04007339477539,22.73889923095703,1.3440579930928092
00062,5,0.07487725466489792,18,398.1958923339844,696.82763671875,58.403297424316406,12.996201515197754,0.0929635763168335
00062,6,0.07242979854345322,18,241.2276611328125,191.40151977539062,7.8473334312438965,7.490811347961426,-0.17953455448150635
00062,7,0.07232971489429474,18,519.3492431640625,529.7095336914062,156.49462890625,150.48330688476562,-0.009489297866821289
00062,8,0.0673443078994751,18,262.060791015625,753.7755126953125,11.033689498901367,8.070999145507812,1.4286927739765982
00062,9,0.06513137370347977,18,77.39775848388672,31.553537368774414,23.315868377685547,6.1765055656433105,-0.32732903957366943
00062,10,0.05906950682401657,18,6.8506879806518555,203.01319885253906,14.1707124710083,8.113740921020508,-0.3516639173030853
00062,11,0.05389704182744026,18,427.84661865234375,324.648193359375,158.88475036621094,142.46063232421875,-0.0020940303802490234
00062,12,0.053359486162662506,18,392.4577331542969,733.7377319335938,12.034589767456055,10.539794921875,0.06647717952728271
00062,13,0.05253000557422638,0,777.387451171875,585.4622802734375,15.168757438659668,13.615962028503418,-0.2280198335647583
00062,14,0.05208537355065346,18,73.2186279296875,24.960403442382812,15.721290588378906,6.327051162719727,-0.29279792308807373
00062,15,0.05062839388847351,18,96.45223999023438,204.93014526367188,15.19705867767334,7.583718299865723,-0.3088423013687134
00062,16,0.050443559885025024,18,60.95559310913086,16.95800018310547,10.060412406921387,8.054220199584961,1.459612683453832
00169,0,0.8853031992912292,12,445.4197082519531,430.659423828125,380.9635009765625,124.31966400146484,-0.1326143741607666
00169,1,0.08569256216287613,4,446.98834228515625,430.747314453125,376.264892578125,123.50211334228516,-0.1322627067565918
00169,2,0.07684275507926941,18,562.8715209960938,554.4340209960938,16.12771987915039,7.652543067932129,1.4497968713429312
00169,3,0.05104352906346321,18,736.0149536132812,39.50886154174805,18.044395446777344,8.528013229370117,1.129441306987081
00015,0,0.9500077962875366,0,468.8521728515625,447.56689453125,227.82887268066406,207.88116455078125,-0.017826437950134277
00015,1,0.9278709888458252,0,468.2481384277344,206.822998046875,201.47842407226562,179.39463806152344,-0.0035017728805541992
00015,2,0.7436388731002808,18,346.05584716796875,227.77590942382812,29.654489517211914,12.966293334960938,-1.3352592895415167
00015,3,0.19865065813064575,18,471.1289367675781,766.20947265625,20.429962158203125,9.28587532043457,0.0704646110534668
00015,4,0.11727777123451233,18,641.732421875,212.57546997070312,18.26066780090332,8.349371910095215,-1.340831727781568
00015,5,0.114748015999794,18,602.2686157226562,690.1917114257812,27.83277130126953,12.165301322937012,0.04466688632965088
00015,6,0.11187954246997833,18,592.3330078125,117.00237274169922,19.410015106201172,8.126813888549805,0.02457868866622448
00015,7,0.06896448880434036,19,345.71356201171875,227.3826141357422,30.089752197265625,15.017809867858887,-1.411749200024877
00015,8,0.059992410242557526,18,638.0748901367188,183.91317749023438,32.46659469604492,15.136818885803223,-1.5577197829869132
00015,9,0.05964474007487297,18,573.3153076171875,480.0116882324219,12.592485427856445,8.593401908874512,-0.21095240116119385
00015,10,0.05875946208834648,5,469.5603332519531,446.9022521972656,228.54937744140625,210.33204650878906,-0.003961920738220215
00015,11,0.053529080003499985,18,437.6416015625,311.4125671386719,7.5638556480407715,5.453304290771484,-0.01892816834151745
00015,12,0.05311490595340729,18,336.3394775390625,446.6344909667969,29.23318099975586,11.318534851074219,1.5666559497502188
00015,13,0.0526248961687088,18,572.35791015625,206.40341186523438,24.750417709350586,11.240017890930176,0.06081223487854004
00015,14,0.05037873238325119,18,620.8922729492188,331.5408935546875,20.397769927978516,7.70905065536499,0.04824018478393555
00177,0,0.6964458227157593,4,365.33636474609375,385.34515380859375,736.3846435546875,211.46385192871094,-0.6785133481025696
00177,1,0.07724208384752274,12,360.5315246582031,385.876708984375,718.934814453125,204.06256103515625,-0.7080223560333252
00032,0,0.8722019195556641,13,400.0306396484375,407.46270751953125,732.3806762695312,125.5997085571289,-0.45662224292755127
00032,1,0.05631374940276146,18,485.4844665527344,557.9183349609375,10.878211975097656,7.903099060058594,1.2555346051838736
00157,0,0.8969753980636597,7,467.575927734375,619.9528198242188,376.6424560546875,227.98263549804688,-0.09211289882659912
00157,1,0.8943161964416504,7,455.5342102050781,283.1111755371094,392.0124206542969,223.66384887695312,-0.04557191953063011
00157,2,0.22596843540668488,12,514.43310546875,425.93365478515625,40.85801315307617,7.441787242889404,1.5666020671513419
00157,3,0.1132606565952301,18,514.5443115234375,419.6047058105469,54.55329132080078,7.536825180053711,1.5222136537220816
00157,4,0.10098034888505936,8,454.555908203125,284.05267333984375,375.3525695800781,221.31997680664062,-0.04068457707762718
00157,5,0.08746418356895447,18,402.14581298828125,492.53900146484375,36.79730224609375,4.69533634185791,1.4550350392845015
00157,6,0.08150285482406616,12,402.8956604003906,494.7752380371094,47.415077209472656,8.088675498962402,1.487079688408647
00157,7,0.07947811484336853,4,514.43310546875,425.93365478515625,40.85801315307617,7.441787242889404,1.5666020671513419
00157,8,0.07388699054718018,5,468.32861328125,622.1554565429688,373.5058898925781,234.8885498046875,-0.10527575016021729
00157,9,0.07198506593704224,18,401.4574890136719,500.9189758300781,16.980772018432617,0.3706631660461426,1.4960587854173522
00098,0,0.8024728298187256,17,393.6878967285156,353.3936767578125,493.70849609375,106.20568084716797,0.0065537686459720135
00098,1,0.07402899861335754,12,723.9072265625,569.1613159179688,45.006160736083984,7.675285339355469,1.0773860971119742
00098,2,0.06344156712293625,18,98.3836669921875,253.93838500976562,10.4896240234375,6.716915130615234,-0.14169536530971527
00098,3,0.05160253122448921,18,480.7248229980469,94.85074615478516,11.961616516113281,6.845486164093018,1.2313997308400015
00025,0,0.5728456377983093,1,448.48504638671875,413.3128356933594,568.731201171875,129.3348846435547,-0.033957719802856445
00025,1,0.146406888961792,0,598.9193115234375,426.2540588378906,16.651851654052734,14.843972206115723,-1.4909723560002188
00025,2,0.08355452865362167,13,676.2592163085938,104.3826904296875,40.71718215942383,16.33032989501953,-1.4131104509022574
00025,3,0.08216551691293716,14,608.68994140625,197.99632263183594,66.72210693359375,59.37373352050781,1.3155895034458975
00025,4,0.06237456947565079,19,598.9193115234375,426.2540588378906,16.651851654052734,14.843972206115723,-1.4909723560002188
00025,5,0.05613195523619652,0,364.1263732910156,385.105712890625,8.590012550354004,8.239028930664062,0.03730154037475586
00025,6,0.05383351445198059,6,442.2595520019531,389.89105224609375,596.49658203125,208.18772888183594,-0.06095767021179199
00025,7,0.050212908536195755,0,499.52874755859375,480.09600830078125,12.326681137084961,7.8339762687683105,1.507231549420629
00191,0,0.9416959881782532,10,448.10107421875,357.6089782714844,581.951416015625,280.88720703125,0.4648982286453247
00191,1,0.1818709820508957,18,294.8833312988281,790.7802124023438,18.39946746826172,8.473905563354492,-0.23033298552036285
00191,2,0.11634411662817001,18,612.3995971679688,670.8911743164062,19.522686004638672,9.855396270751953,-0.19615614414215088
00191,3,0.0993092954158783,18,511.6542053222656,654.714111328125,8.894277572631836,6.356535911560059,1.4546584720399718
00191,4,0.09532950818538666,18,629.053955078125,442.4417724609375,178.2843475341797,139.98521423339844,-1.5580628673222403
00191,5,0.08955202251672745,18,149.85586547851562,40.08381271362305,7.357508659362793,5.402101516723633,-1.3273945609715323
00191,6,0.07757429778575897,18,227.72291564941406,57.950504302978516,12.021432876586914,6.673889636993408,0.15503562986850739
00191,7,0.07615099102258682,18,202.83270263671875,74.9847183227539,11.680380821228027,7.55823278427124,1.5248571197178702
00191,8,0.06442542374134064,18,127.68630981445312,51.33396911621094,14.294784545898438,8.209062576293945,0.3574558198451996
00191,9,0.0629371628165245,18,319.2012023925781,776.0985717773438,9.072385787963867,8.462037086486816,1.4600479091194014
00191,10,0.06260227411985397,18,720.63525390625,12.95064640045166,10.200900077819824,8.062454223632812,-1.3734433213856558
00191,11,0.06200030818581581,18,261.0592346191406,714.0639038085938,17.760683059692383,3.5934486389160156,-0.3761488199234009
00191,12,0.05915500223636627,18,425.05987548828125,739.1802978515625,16.75845718383789,6.365265846252441,1.0961492816593985
00191,13,0.05670827254652977,0,403.22320556640625,355.6934509277344,12.071149826049805,8.791975021362305,-1.5081634084370474
00191,14,0.05529719963669777,1,449.70245361328125,357.27288818359375,582.4459228515625,273.97393798828125,0.47788989543914795
00191,15,0.053536929190158844,15,720.63525390625,12.95064640045166,10.200900077819824,8.062454223632812,-1.3734433213856558
00191,16,0.053441502153873444,12,141.50840759277344,479.57440185546875,27.876842498779297,10.137166023254395,-0.4723699986934662
00191,17,0.05055595934391022,18,616.2614135742188,82.24561309814453,11.975964546203613,4.976813316345215,-1.1613029996540885
00191,18,0.05012320354580879,18,131.6079559326172,67.06831359863281,14.592344284057617,6.3567023277282715,0.4517480134963989
00089,0,0.9681069254875183,10,402.8746032714844,434.803955078125,674.7545776367188,307.34478759765625,1.5234324494984488
00008,0,0.9173948168754578,0,86.36847686767578,190.28427124023438,139.18551635742188,134.64501953125,-1.5611485997822623
00008,1,0.9151393175125122,0,200.58189392089844,506.28424072265625,106.1352310180664,91.95237731933594,-0.0109328031539917
00008,2,0.9086355566978455,0,75.94758605957031,511.81988525390625,99.16840362548828,91.29499053955078,-0.04022562503814697
00008,3,0.9042723178863525,0,252.3369140625,693.6297607421875,103.5735092163086,87.65878295898438,-0.04196477308869362
00008,4,0.9038424491882324,0,438.2126770019531,507.3630065917969,105.52912902832031,88.29133605957031,-0.005020737648010254
00008,5,0.8852816224098206,0,223.4119110107422,194.322265625,106.72301483154297,98.15576934814453,-0.009528160095214844
00008,6,0.8669089674949646,18,438.12255859375,436.1527099609375,64.38890075683594,18.850004196166992,-0.022930622100830078
00008,7,0.8382840752601624,0,396.09503173828125,41.0474853515625,63.99553298950195,51.37670135498047,-1.5236968519773821
00008,8,0.7919372320175171,18,34.831764221191406,690.2017211914062,35.23062515258789,15.353767395019531,0.9203534285214285
00008,9,0.7895900011062622,18,430.62249755859375,776.8289794921875,39.21868133544922,15.737762451171875,0.7528048753738403
00008,10,0.2358248233795166,18,71.77603912353516,105.88166809082031,17.780916213989258,9.337750434875488,0.516970694065094
00008,11,0.22254934906959534,13,697.1492919921875,422.7579650878906,79.90971374511719,75.51847076416016,1.562734918729637
00008,12,0.11270282417535782,18,472.4256286621094,558.9265747070312,8.762022972106934,7.376764297485352,-1.4156790385630469
00008,13,0.10085491091012955,18,329.4793395996094,740.396484375,23.339187622070312,8.956098556518555,-0.3310650587081909
00008,14,0.07346580922603607,2,223.75405883789062,194.90933227539062,108.4720458984375,99.2345199584961,-0.00987851619720459
00008,15,0.07139257341623306,2,75.6311264038086,512.5086059570312,100.814453125,91.2173080444336,-0.0695880725979805
00008,16,0.06429467350244522,11,695.9481811523438,425.23297119140625,76.39083862304688,74.10511779785156,1.564758853581969
00008,17,0.061358511447906494,13,436.67401123046875,436.6900634765625,65.1095199584961,18.93874740600586,-0.00883936882019043
00008,18,0.05934152379631996,18,443.3815612792969,545.4951171875,31.486732482910156,10.700995445251465,0.10909378528594971
00008,19,0.05817808583378792,15,395.86181640625,40.18707275390625,62.395973205566406,49.96627426147461,-1.4968869174507002
00008,20,0.0562654584646225,2,201.30477905273438,506.24774169921875,107.68501281738281,91.6876220703125,-0.0034526586532592773
00008,21,0.05576443299651146,11,396.4015808105469,40.23478698730469,62.96349334716797,47.15397644042969,-1.4961427013066153
00008,22,0.05178593844175339,19,396.0632019042969,41.09806823730469,64.39461517333984,50.29825210571289,-1.5255326824870448
00008,23,0.051416557282209396,18,193.7688751220703,792.1631469726562,22.99932098388672,14.01893424987793,-0.28634417057037354
00189,0,0.7162846922874451,4,406.05108642578125,446.5936584472656,359.8114929199219,39.617549896240234,-0.076712965965271
00189,1,0.2015741765499115,18,560.9649047851562,736.11767578125,13.217833518981934,8.80668830871582,1.4011472026493887
00189,2,0.18234969675540924,11,378.55279541015625,591.0071411132812,442.37152099609375,103.51588439941406,-0.21426238119602203
00189,3,0.0822203978896141,12,395.333984375,447.4260559082031,359.6112365722656,38.079673767089844,-0.11858213692903519
00189,4,0.07457602769136429,16,458.2973327636719,441.4149475097656,240.6502227783203,43.47800064086914,-0.10808062553405762
00080,0,0.7388105988502502,19,365.3288879394531,417.47381591796875,185.80308532714844,109.79234313964844,-1.5499488870289664
00080,1,0.06987114995718002,0,608.4718017578125,253.92318725585938,10.60711669921875,7.613655090332031,-1.4814019883659224
00080,2,0.05620061978697777,18,608.4718017578125,253.92318725585938,10.60711669921875,7.613655090332031,-1.4814019883659224
00139,0,0.9512887597084045,0,128.69354248046875,364.8547668457031,189.99356079101562,179.45962524414062,1.557228640713964
00139,1,0.9464507699012756,0,621.2891845703125,365.6886291503906,190.48204040527344,176.8496551513672,1.558460191884313
00139,2,0.6142796874046326,18,116.12360382080078,486.9195251464844,29.660564422607422,11.496759414672852,0.0032765865325927734
00139,3,0.6017274856567383,18,602.7106323242188,511.345458984375,26.74720001220703,9.591604232788086,-0.0053809876553714275
00139,4,0.43460211157798767,18,105.45989990234375,508.8211364746094,23.639705657958984,10.598808288574219,0.057358503341674805
00139,5,0.2808871865272522,18,490.6983947753906,461.7884521484375,15.988447189331055,7.056809425354004,0.0033153295516967773
00139,6,0.21433749794960022,18,654.0089721679688,473.48931884765625,16.62832260131836,7.180914402008057,-0.13348090648651123
00139,7,0.21060395240783691,18,693.7594604492188,64.61053466796875,14.506770133972168,5.908026695251465,-0.016640067100524902
00139,8,0.19505570828914642,18,492.5427551269531,435.5650939941406,15.550865173339844,7.6389079093933105,0.14213788509368896
00139,9,0.14950533211231232,18,729.3430786132812,48.43132400512695,12.237411499023438,7.058742523193359,-0.004809736739844084
00139,10,0.13204286992549896,18,774.6171875,496.0018005371094,7.474559307098389,6.388294219970703,0.05158448591828346
00139,11,0.12620268762111664,18,551.6967163085938,501.26995849609375,14.774791717529297,5.655934810638428,0.04392445087432861
00139,12,0.1102190762758255,18,345.3636474609375,72.50614166259766,13.87696361541748,5.5159077644348145,0.07097924500703812
00139,13,0.10359843075275421,18,768.2674560546875,599.79052734375,8.411206245422363,5.673192024230957,-1.5072621862080435
00139,14,0.10125792771577835,18,776.2007446289062,223.40438842773438,8.726550102233887,5.680849075317383,-1.4710216085102896
00139,15,0.08784231543540955,18,640.9395751953125,48.57862091064453,13.16309928894043,5.153548240661621,0.004304527770727873
00139,16,0.07582759857177734,18,701.4093627929688,599.9808959960938,7.9175825119018555,7.053565979003906,0.14430226385593414
00139,17,0.07274309545755386,18,345.0572814941406,60.506595611572266,13.458337783813477,6.433959007263184,0.002346634864807129
00139,18,0.07266753911972046,18,159.26646423339844,469.8695983886719,14.204489707946777,7.643398761749268,0.01578700542449951
00139,19,0.0611552931368351,18,287.5702209472656,565.2947387695312,12.83043098449707,6.367801189422607,-1.5302741090443472
00139,20,0.06000160798430443,18,775.1115112304688,428.7012939453125,7.551835536956787,6.511975288391113,-1.4852852384236197
00139,21,0.05658245086669922,0,73.43254089355469,368.1310119628906,66.53424835205078,42.15088653564453,0.7067405581474304
00139,22,0.055355869233608246,18,775.6354370117188,360.076171875,7.7505269050598145,6.207402229309082,-1.3961395929243903
00139,23,0.05534397065639496,18,240.3699188232422,477.06097412109375,12.905598640441895,7.761002063751221,-0.005841732025146484
00139,24,0.05216146633028984,18,16.67498207092285,34.112186431884766,33.960548400878906,20.309314727783203,0.040648818016052246
00139,25,0.05140869691967964,18,95.84901428222656,41.175540924072266,12.607488632202148,4.445913314819336,0.0421907901763916
00124,0,0.700798749923706,1,511.1599426269531,407.5291748046875,583.7783203125,100.73983764648438,-1.5470742723580937
00124,1,0.05153566971421242,1,379.2796630859375,375.6056213378906,546.687744140625,191.53460693359375,1.4282230893757681
00143,0,0.8573161363601685,18,593.2327880859375,315.7319641113281,60.129302978515625,25.540687561035156,-1.3115806142475943
00143,1,0.8342664837837219,18,434.3542175292969,257.9520568847656,55.44702911376953,22.555721282958984,-1.235552148022924
00143,2,0.8249416947364807,18,330.1724853515625,425.14404296875,55.0635986328125,22.728328704833984,-1.2441609660771231
00143,3,0.82206791639328,18,500.394287109375,274.3395690917969,49.871315002441406,23.09117889404297,-1.3178545693543295
00143,4,0.8208229541778564,18,425.32366943359375,456.46307373046875,54.20882797241211,22.99342918395996,-1.244945720830236
00143,5,0.7980553507804871,18,402.8301696777344,241.9271240234375,46.845149993896484,22.7896671295166,-1.2944530705597739
00143,6,0.18121285736560822,18,520.6768798828125,285.9689636230469,37.15990447998047,16.893096923828125,-1.3339487920191626
00143,7,0.05890713632106781,18,616.5960083007812,507.97802734375,56.55614471435547,21.868175506591797,-1.2696791450169425
00019,0,0.7730199694633484,14,364.42291259765625,395.86639404296875,315.0106506347656,268.34344482421875,-0.6619378924369812
00019,1,0.15344327688217163,10,366.21240234375,395.9867858886719,328.86187744140625,273.7328186035156,-0.716075599193573
00019,2,0.07325863093137741,18,458.1444091796875,714.992431640625,15.839001655578613,11.39775276184082,1.1789765814926962
00019,3,0.0721881091594696,18,455.5096130371094,727.770263671875,10.487470626831055,8.53913688659668,-0.17780017852783203
00019,4,0.06791015714406967,17,361.6470031738281,384.91229248046875,308.4352111816406,262.9600524902344,-0.6199904680252075
00019,5,0.057181067764759064,18,495.97137451171875,751.25634765625,8.130485534667969,6.161420822143555,-0.14535915851593018
00019,6,0.05503260716795921,18,102.55557250976562,340.4385070800781,10.919862747192383,6.170400619506836,1.1806628564980368
00019,7,0.05450886860489845,3,362.51092529296875,394.2012939453125,315.5216369628906,265.6271057128906,-0.660539448261261
00034,0,0.9387842416763306,16,262.0379638671875,238.84060668945312,146.17605590820312,69.47078704833984,0.9893679181721549
00034,1,0.9382028579711914,16,335.6129455566406,190.15145874023438,144.53042602539062,67.7569580078125,1.0085573951390128
00034,2,0.4686986804008484,18,8.07441520690918,55.215187072753906,25.565126419067383,11.371757507324219,1.4317613402989249
00034,3,0.1669309437274933,18,241.94134521484375,328.18572998046875,26.409282684326172,12.003837585449219,1.002807811894689
00034,4,0.15040764212608337,10,521.0650634765625,365.6585693359375,489.7904357910156,474.465576171875,1.5098200562086443
00034,5,0.11420562863349915,18,735.9786376953125,645.4602661132812,14.468602180480957,6.970742702484131,1.3992472449925284
00034,6,0.07262542843818665,18,715.0000610351562,628.5630493164062,14.410444259643555,6.051083087921143,0.5065964460372925
00034,7,0.06654223054647446,18,10.395524978637695,128.23817443847656,13.094974517822266,8.571901321411133,0.3755987584590912
00034,8,0.06588707864284515,18,784.8976440429688,632.1881713867188,10.254497528076172,4.882089614868164,-0.21290814876556396
00034,9,0.0555238239467144,9,527.227783203125,368.1637268066406,482.89862060546875,433.4951171875,1.5167150060322623
00034,10,0.0500100813806057,18,327.73736572265625,590.2353515625,13.143824577331543,10.924647331237793,1.4019170562413077
00122,0,0.7901920080184937,9,453.24041748046875,305.102783203125,502.79193115234375,193.4422607421875,-0.0341036319732666
00122,1,0.21262070536613464,7,458.0479431152344,305.7985534667969,511.41265869140625,188.15255737304688,-0.017152905464172363
00122,2,0.09000330418348312,12,460.1628112792969,303.3978271484375,498.679931640625,186.03363037109375,-0.024173736572265625
00122,3,0.06646183133125305,1,455.5335693359375,304.07635498046875,501.2218933105469,194.7541961669922,-0.04055797681212425
00122,4,0.060588620603084564,0,146.56524658203125,35.931121826171875,37.429283142089844,20.98390769958496,0.03264939412474632
00122,5,0.05387598276138306,10,460.1628112792969,303.3978271484375,498.679931640625,186.03363037109375,-0.024173736572265625
00122,6,0.0531684085726738,15,126.34308624267578,250.9508819580078,49.72091293334961,25.419036865234375,1.2668424109604697
00041,0,0.9570928812026978,16,462.28173828125,198.62710571289062,193.28607177734375,91.92891693115234,1.570787982144628
00041,1,0.9560381770133972,16,342.86981201171875,491.7777099609375,192.08572387695312,91.143798828125,-1.56043799320725
00041,2,0.9559144377708435,16,344.8463439941406,197.93833923339844,193.317626953125,91.01911926269531,-1.5604480067875723
00041,3,0.9500880837440491,16,460.83172607421875,492.3907775878906,193.8837890625,92.10362243652344,-1.5688174525883536
00041,4,0.925134003162384,3,401.7478332519531,697.7269287109375,202.7412872314453,103.93587493896484,0.007030010223388672
00041,5,0.08158807456493378,4,402.1939697265625,697.6337890625,203.84780883789062,103.45083618164062,0.01089572999626398
00184,0,0.9232012629508972,15,595.0891723632812,502.94219970703125,102.01181030273438,97.68008422851562,-0.0059702396392822266
00184,1,0.9196387529373169,15,581.5704956054688,175.11199951171875,98.88658142089844,97.69691467285156,-0.013035893440246582
00184,2,0.9164011478424072,15,153.2384033203125,196.76531982421875,102.51590728759766,97.9518051147461,-0.003944516181945801
00184,3,0.21588779985904694,18,317.8255615234375,313.706787109375,9.738454818725586,8.208394050598145,-0.010286092758178711
00184,4,0.12263619154691696,18,313.3555908203125,544.6119384765625,18.183704376220703,6.90098762512207,1.5480620423939566
00184,5,0.11649847775697708,18,754.5061645507812,535.6852416992188,17.04377555847168,8.400733947753906,-1.5699805776265006
00184,6,0.10921003669500351,15,412.3438720703125,606.950439453125,17.38191795349121,9.636277198791504,-0.08802234381437302
00184,7,0.10210493952035904,18,315.8641662597656,306.0841369628906,12.63336181640625,8.687912940979004,-0.008447647094726562
00184,8,0.09635017812252045,18,389.9183349609375,608.0504150390625,14.50799560546875,6.775977611541748,1.5305677177992205
00184,9,0.07664420455694199,18,582.1228637695312,174.9300537109375,100.03794860839844,99.6115493774414,-0.008356094360351562
00184,10,0.07398688048124313,18,153.17813110351562,196.71327209472656,102.16451263427734,97.62908935546875,-0.0008735656156204641
00184,11,0.0663914754986763,2,312.5646057128906,193.00299072265625,10.224785804748535,6.649655342102051,1.5564070493590574
00184,12,0.06524676829576492,18,288.0898742675781,706.4061889648438,11.208709716796875,6.151618480682373,-1.369255975880895
00184,13,0.06309358775615692,18,595.2437744140625,502.6900939941406,101.90744018554688,96.90084838867188,-0.0026105642318725586
00184,14,0.06005174294114113,13,530.9322509765625,767.0507202148438,27.456764221191406,7.220968246459961,-0.20901048183441162
00184,15,0.05919092521071434,13,564.9724731445312,759.527099609375,11.425738334655762,6.371485710144043,-0.003244161605834961
00184,16,0.05746767669916153,18,795.352294921875,698.889892578125,12.979021072387695,10.563436508178711,1.5558079053324203
00184,17,0.0533231645822525,15,49.691795349121094,119.77461242675781,52.666259765625,44.81950378417969,1.5616479674961905
00184,18,0.052732713520526886,18,412.3438720703125,606.950439453125,17.38191795349121,9.636277198791504,-0.08802234381437302
00174,0,0.5598773956298828,6,475.007568359375,438.6132507324219,585.4506225585938,122.88835906982422,0.6984008550643921
00174,1,0.21331223845481873,12,299.95245361328125,354.2113342285156,52.627525329589844,10.099468231201172,0.6946502923965454
00174,2,0.1274014562368393,4,296.5479736328125,352.1248474121094,52.168033599853516,11.333087921142578,0.6732860803604126
00174,3,0.09104498475790024,6,482.2398986816406,572.9579467773438,353.042236328125,135.63815307617188,0.5569348931312561
00174,4,0.0797819197177887,4,318.6502380371094,196.9296875,34.32639694213867,7.072418689727783,0.5273159742355347
00174,5,0.07344219833612442,18,485.7524719238281,410.56085205078125,66.10606384277344,16.118824005126953,-0.9425885240223746
00174,6,0.056664884090423584,6,484.9744567871094,411.1813659667969,67.32148742675781,14.149999618530273,-0.9775096933033804
00174,7,0.05626954510807991,4,484.9744567871094,411.1813659667969,67.32148742675781,14.149999618530273,-0.9775096933033804
00174,8,0.05106257647275925,4,261.8855895996094,326.2226867675781,34.13697052001953,9.025842666625977,0.7618295550346375
00029,0,0.915745735168457,0,368.7275390625,639.2806396484375,399.51171875,335.4455871582031,0.42651474475860596
00029,1,0.8429830074310303,0,421.4854736328125,232.53268432617188,408.094970703125,358.09490966796875,0.7204757332801819
00029,2,0.0796334445476532,5,672.9163818359375,209.82034301757812,63.714202880859375,29.323225021362305,1.0531810084965567
00029,3,0.06889134645462036,5,656.3873291015625,221.34693908691406,35.14493179321289,21.434627532958984,0.9509226838734488
00171,0,0.9099124073982239,13,415.99853515625,385.767578125,135.70082092285156,45.84679412841797,-1.4663541997459273
00171,1,0.9018802046775818,13,255.3038330078125,386.42388916015625,117.33244323730469,35.7866325378418,-1.5233245650914053
00171,2,0.9003189206123352,13,304.8732604980469,388.5619201660156,119.55712890625,41.354217529296875,-1.5581007749449949
00171,3,0.893556535243988,13,109.18820190429688,383.49658203125,126.39530944824219,43.56412124633789,-1.5695087472584586
00171,4,0.8800763487815857,13,56.623046875,380.6088562011719,114.92781829833984,40.02376174926758,-1.4935626546528677
00171,5,0.8668860793113708,13,601.719482421875,185.94442749023438,106.8230209350586,32.84526443481445,1.3722259561207633
00171,6,0.8589012622833252,13,685.95654296875,143.71109008789062,116.44395446777344,36.60035705566406,1.3423207561161856
00171,7,0.8522912859916687,13,722.6099853515625,279.9541320800781,105.12409973144531,36.11711120605469,1.303431705632482
00171,8,0.6016014814376831,11,580.3735961914062,270.0762023925781,286.69415283203125,134.7061767578125,-0.4566606283187866
00171,9,0.3130148947238922,11,242.1033935546875,439.5546875,413.1585693359375,73.00579833984375,-0.00720322085544467
00171,10,0.19860830903053284,11,422.9031066894531,577.2247924804688,326.4012451171875,31.061111450195312,-1.4408655921604971
00171,11,0.12959939241409302,11,371.233154296875,538.1691284179688,501.1171875,352.73028564453125,-1.5688985150216634
00171,12,0.08282658457756042,4,420.9864807128906,599.6873168945312,342.14373779296875,25.230663299560547,-1.4233607808735709
00171,13,0.056716497987508774,13,8.028688430786133,720.7763671875,127.71282958984375,35.874244689941406,-1.4028899232533316
00171,14,0.0557931549847126,6,264.6851806640625,528.8320922851562,532.6578369140625,437.0733337402344,0.04886925220489502
00171,15,0.05519215017557144,6,422.2254333496094,590.3922119140625,340.0469970703125,25.263452529907227,-1.430232242741857
00147,0,0.8856586217880249,13,408.1597595214844,417.3232116699219,769.63232421875,134.21885681152344,0.019478440284729004
00043,0,0.9464877247810364,3,455.69256591796875,434.88299560546875,219.57147216796875,134.43283081054688,-1.5253877202656607
00043,1,0.06735074520111084,11,72.92947387695312,109.93568420410156,69.64985656738281,30.726091384887695,0.030907034873962402
00035,0,0.947243332862854,5,311.98828125,501.8164367675781,151.98484802246094,142.43069458007812,-1.5580329448592405
00035,1,0.9289504885673523,5,498.5894470214844,505.2467956542969,150.87733459472656,140.13160705566406,-1.5667415420201163
00035,2,0.8114179968833923,15,540.3931274414062,343.7662353515625,43.33021545410156,37.761253356933594,-1.5704853097293547
00035,3,0.7998740077018738,15,498.7859191894531,342.22381591796875,42.471275329589844,40.47735595703125,-1.5672773875438164
00035,4,0.7626240253448486,15,572.9432373046875,712.2691040039062,22.953271865844727,21.425128936767578,1.5703122178700308
00035,5,0.6869268417358398,15,545.8392333984375,713.33837890625,26.04943084716797,21.90640640258789,1.5511655370381217
00035,6,0.6694787740707397,15,577.75048828125,738.7139892578125,17.554157257080078,15.349098205566406,1.5707753459599356
00035,7,0.6590964794158936,15,559.4320678710938,738.1409301757812,17.421846389770508,14.60245132446289,-1.5589161674168448
00035,8,0.6162336468696594,15,522.0552368164062,737.1338500976562,18.100313186645508,15.867642402648926,-1.554358317577515
00035,9,0.5998619794845581,15,540.5723876953125,738.2173461914062,19.19733428955078,15.531176567077637,-1.5472561875965933
00035,10,0.42768052220344543,15,528.7488403320312,370.0051574707031,16.39781379699707,16.02141761779785,-1.5538651506092886
00035,11,0.372266948223114,15,509.6775817871094,367.24609375,15.713000297546387,14.037147521972656,0.04229283332824707
00035,12,0.13600018620491028,13,572.78857421875,711.9080200195312,24.541675567626953,20.482528686523438,1.5630838429231684
00035,13,0.11701522767543793,15,521.8801879882812,717.0968017578125,22.445650100708008,16.555532455444336,-0.018154025077819824
00035,14,0.110731340944767,15,548.7591552734375,167.27603149414062,92.6512680053711,50.05274200439453,-1.5092047015812735
00035,15,0.10818871855735779,15,507.3796081542969,382.1566467285156,20.100908279418945,15.665029525756836,0.03510748967528343
00035,16,0.10663309693336487,18,609.4375,169.8408203125,83.08130645751953,37.20048141479492,-1.4789076531913619
00035,17,0.09669941663742065,19,313.346435546875,503.3167724609375,140.10362243652344,137.8450469970703,-1.5657081166890006
00035,18,0.08705871552228928,18,356.4175109863281,197.75213623046875,10.436755180358887,6.70689058303833,0.12903988361358643
00035,19,0.07855216413736343,15,586.9683837890625,703.6541748046875,15.512682914733887,14.336341857910156,0.05467689037322998
00035,20,0.06311047822237015,3,548.7591552734375,167.27603149414062,92.6512680053711,50.05274200439453,-1.5092047015812735
00035,21,0.06275097280740738,0,313.1786804199219,504.4604187011719,138.90353393554688,137.58116149902344,0.0023154020309448242
00035,22,0.06077519804239273,14,498.28826904296875,342.85784912109375,43.35729217529297,40.66618347167969,-1.5671413699772696
00035,23,0.059860847890377045,15,611.7958984375,169.9331512451172,90.56211853027344,40.0471076965332,-1.4372899095204215
00035,24,0.058301739394664764,13,539.788330078125,343.5633239746094,43.66505432128906,39.117713928222656,1.5527777234700064
00035,25,0.05675296112895012,5,609.4375,169.8408203125,83.08130645751953,37.20048141479492,-1.4789076531913619
00035,26,0.05430033057928085,0,499.6711120605469,504.7339172363281,147.889892578125,134.2949981689453,-1.5534737865116934
00035,27,0.05351634696125984,18,572.78857421875,711.9080200195312,24.541675567626953,20.482528686523438,1.5630838429231684
00035,28,0.05350466072559357,15,492.6654052734375,373.8399963378906,17.192251205444336,15.755071640014648,0.017741084098815918
00035,29,0.05298401787877083,13,544.2723999023438,715.9891357421875,25.27203941345215,20.955631256103516,-1.5677779475834708
00035,30,0.0504036620259285,11,499.19464111328125,506.8230895996094,151.398193359375,139.73646545410156,1.5666932622578482
00192,0,0.9556063413619995,16,558.19482421875,218.865478515625,169.81521606445312,80.08924865722656,1.5553195039418082
00192,1,0.9542981386184692,16,430.1550598144531,221.17364501953125,170.22088623046875,80.2413330078125,1.5519104777511696
00192,2,0.9528729915618896,16,306.638671875,481.8287658691406,169.832275390625,79.86454772949219,1.5510552684452872
00192,3,0.9526155591011047,16,178.63426208496094,484.34619140625,169.99224853515625,80.13253784179688,1.5544551173832755
00192,4,0.9498258233070374,16,435.1649475097656,479.09326171875,169.9402313232422,79.3626480102539,1.5482798359033207
00192,5,0.949444591999054,16,562.9353637695312,476.4891662597656,169.80001831054688,79.43977355957031,1.5496062795307974
00192,6,0.7848213911056519,16,472.2147216796875,674.2953491210938,88.7182388305664,60.574642181396484,1.516624883809362
00192,7,0.7775130271911621,16,410.2583312988281,675.3737182617188,91.94965362548828,52.68046951293945,-1.5536161242660622
00192,8,0.2139555662870407,18,128.4940948486328,428.40228271484375,12.70488452911377,7.6289544105529785,1.5372362891819815
00192,9,0.19157956540584564,18,727.8292236328125,670.3643188476562,41.0732421875,16.490081787109375,0.3387303352355957
00192,10,0.18966688215732574,18,129.99851989746094,552.764404296875,17.790637969970703,8.508430480957031,-1.565441922811095
00192,11,0.1520208716392517,18,721.8915405273438,682.807373046875,37.07604217529297,15.655466079711914,0.37489569187164307
00192,12,0.11648576706647873,18,614.5107421875,633.3098754882812,20.9606876373291,9.840765953063965,0.004109501838684082
00192,13,0.10746295005083084,18,382.1300048828125,289.7476501464844,15.5557861328125,7.804655075073242,-1.5505573312428336
00192,14,0.10566584765911102,18,729.0651245117188,653.2144165039062,34.06437683105469,12.907541275024414,0.13624513149261475
00192,15,0.09780792891979218,3,468.8919982910156,671.0892333984375,87.44325256347656,65.35731506347656,1.4499680633333067
00192,16,0.07678649574518204,18,184.62635803222656,247.84033203125,27.511272430419922,8.234630584716797,-0.2961646318435669
00192,17,0.0694587305188179,18,654.6712646484375,541.1980590820312,15.91446590423584,7.491368770599365,-1.5437744400140385
00192,18,0.06764429807662964,18,607.7940063476562,641.5535888671875,23.617650985717773,12.099247932434082,-0.0032155513763427734
00192,19,0.062113117426633835,10,413.334716796875,672.9613647460938,85.71830749511719,50.159950256347656,1.5364726344731192
00192,20,0.06132407858967781,10,466.185302734375,674.3082275390625,89.97541046142578,72.25569915771484,1.5260202447560172
00192,21,0.05739924684166908,3,413.3724365234375,674.3241577148438,88.85423278808594,51.853904724121094,1.5153038064625601
00192,22,0.05709052085876465,18,749.7318115234375,653.6583862304688,17.826807022094727,13.710939407348633,-1.242619619765554
00071,0,0.9255683422088623,17,388.86407470703125,373.7725524902344,193.6172332763672,149.17649841308594,-0.0009611845016479492
00071,1,0.2667764723300934,18,241.744384765625,21.891206741333008,16.432939529418945,5.404073715209961,-1.5274879532542567
00071,2,0.24420739710330963,18,94.96881103515625,266.91107177734375,18.792579650878906,5.416660785675049,-1.0967449406769614
00071,3,0.22467274963855743,18,80.73726654052734,289.1773681640625,12.935942649841309,5.350063800811768,-1.0923570851471762
00071,4,0.19361770153045654,3,388.4377746582031,373.1769714355469,195.2384490966797,147.56185913085938,0.0033773183822631836
00071,5,0.17606067657470703,19,183.12217712402344,136.61399841308594,15.48902702331543,9.48360538482666,1.2305620471623282
00071,6,0.15447354316711426,12,155.4205780029297,83.26624298095703,72.4284439086914,34.63710021972656,-1.0431665937092642
00071,7,0.15384554862976074,4,155.4205780029297,83.26624298095703,72.4284439086914,34.63710021972656,-1.0431665937092642
00071,8,0.14830687642097473,18,655.3681640625,32.33134078979492,10.820527076721191,5.219044208526611,-1.2358600358155112
00071,9,0.14283086359500885,18,280.5048828125,48.02092361450195,7.309993743896484,6.7978105545043945,1.4201025674727301
00071,10,0.13807499408721924,18,495.96136474609375,491.257568359375,9.660602569580078,5.004302978515625,-1.5610912601139884
00071,11,0.1127009317278862,18,101.49073028564453,71.51380157470703,16.237255096435547,5.497682571411133,0.49711522459983826
00071,12,0.10851331800222397,14,388.4377746582031,373.1769714355469,195.2384490966797,147.56185913085938,0.0033773183822631836
00071,13,0.10627026110887527,18,671.8638916015625,430.0248718261719,22.788742065429688,7.481842994689941,-1.083550856509481
00071,14,0.10148676484823227,18,32.346435546875,344.6493835449219,10.325359344482422,7.58612060546875,-1.3173286477711539
00071,15,0.08989974856376648,18,183.12217712402344,136.61399841308594,15.48902702331543,9.48360538482666,1.2305620471623282
00071,16,0.07911425083875656,12,337.1147155761719,146.94122314453125,104.83939361572266,57.033241271972656,-1.3092071572926383
00071,17,0.07684320956468582,17,390.7377014160156,546.8063354492188,212.39427185058594,103.20184326171875,-1.5391339818623404
00071,18,0.07396063208580017,18,10.983854293823242,367.94610595703125,8.954591751098633,7.916592121124268,-1.518495992818151
00071,19,0.0724409818649292,8,389.51251220703125,373.4351806640625,197.54225158691406,150.6239776611328,0.01312339399009943
00071,20,0.06909571588039398,18,39.169471740722656,336.8093566894531,12.943603515625,8.821956634521484,-1.2716521779682974
00071,21,0.06815119832754135,18,174.50270080566406,225.0320281982422,11.015920639038086,6.1363725662231445,1.477593378224645
00071,22,0.06748838722705841,18,676.9388427734375,480.711181640625,8.36532974243164,8.296127319335938,-1.408028439679418
00071,23,0.06308520585298538,12,506.27197265625,173.09442138671875,48.15526580810547,13.628931045532227,1.5185271064427237
00071,24,0.06001691892743111,12,340.978515625,85.88927459716797,61.25090026855469,17.914127349853516,-1.2316634217884879
00071,25,0.05951825901865959,18,143.34657287597656,174.65579223632812,8.44826602935791,6.807916164398193,-1.293331072726522
00071,26,0.0587552934885025,18,473.60772705078125,669.55224609375,9.061601638793945,4.313322067260742,-1.3840603540327887
00071,27,0.05819781497120857,18,528.376708984375,85.90042877197266,9.923826217651367,6.880362510681152,-1.3280549655344824
00071,28,0.05817030370235443,18,210.22218322753906,79.10382843017578,11.905592918395996,8.313247680664062,-0.40724995732307434
00071,29,0.05805222690105438,0,164.5883331298828,208.23074340820312,11.277318954467773,5.41129207611084,-1.3963573733952384
00071,30,0.05719505250453949,18,222.9620361328125,682.0963134765625,8.301248550415039,5.8015031814575195,-1.545300799482737
00071,31,0.056376006454229355,18,573.7660522460938,304.0751647949219,16.955913543701172,6.316638946533203,0.04688870534300804
00071,32,0.05615593120455742,0,171.44444274902344,224.598876953125,11.083523750305176,6.410579204559326,1.4899402419712882
00071,33,0.056022677570581436,18,600.9074096679688,270.639404296875,12.310630798339844,7.816684722900391,0.2607138156890869
00071,34,0.053091395646333694,19,120.07659912109375,221.8232421875,18.559497833251953,12.177017211914062,0.20898306369781494
00071,35,0.05291962996125221,12,484.83489990234375,157.846923828125,91.903076171875,45.31140899658203,-1.5427214662220816
00071,36,0.051640864461660385,18,270.9917907714844,793.7470703125,11.764023780822754,11.278738975524902,-1.516618208089147
00071,37,0.051455192267894745,0,183.4276123046875,138.34312438964844,16.226764678955078,9.77706527709961,1.2619215110924582
00071,38,0.05100095272064209,18,255.42755126953125,681.1219482421875,8.131901741027832,6.0772833824157715,-1.445220903554235
00071,39,0.050958871841430664,18,278.11541748046875,623.0885620117188,10.662429809570312,4.851365566253662,1.4802888194706778
00071,40,0.05077847093343735,18,64.03157806396484,696.4938354492188,11.805217742919922,6.189418792724609,1.2124501327660422
00131,0,0.8936688899993896,13,453.0323791503906,272.90679931640625,568.5506591796875,92.94490051269531,-0.29638776183128357
00131,1,0.061995454132556915,8,518.414306640625,542.3261108398438,64.13027954101562,29.727140426635742,0.2076168656349182
00131,2,0.051545560359954834,8,450.02105712890625,273.4161376953125,580.791015625,93.90604400634766,-0.3037099540233612
00037,0,0.8412696123123169,13,644.968994140625,154.4337921142578,42.53241729736328,14.894609451293945,-0.07020425796508789
00037,1,0.7955736517906189,4,431.2242126464844,385.36260986328125,570.33251953125,113.805419921875,0.894535438218389
00037,2,0.39571613073349,18,323.7159118652344,262.6730651855469,15.127756118774414,6.1505351066589355,1.031848863759313
00037,3,0.37334832549095154,18,335.9776306152344,274.359130859375,22.26616096496582,7.670994281768799,0.8921150128033499
00037,4,0.21500137448310852,11,450.1468811035156,757.5696411132812,48.952789306640625,10.210734367370605,0.608026385307312
00037,5,0.20457640290260315,13,448.6946105957031,757.713623046875,44.09467697143555,9.831494331359863,0.6109529733657837
00037,6,0.18610860407352448,11,435.1627197265625,724.8543701171875,105.0775146484375,100.09337615966797,0.41534218192100525
00037,7,0.17194129526615143,18,428.8923034667969,12.837664604187012,20.16530418395996,8.720766067504883,1.0109645883229117
00037,8,0.1640978306531906,18,788.1719970703125,783.032958984375,22.27539825439453,9.542954444885254,0.9054598967221121
00037,9,0.15744195878505707,18,508.6033935546875,428.6488952636719,9.248771667480469,7.7936015129089355,1.0729873041298728
00037,10,0.1383577138185501,18,516.1965942382812,383.95751953125,38.57102584838867,10.228660583496094,0.9183688322689871
00037,11,0.12270165979862213,11,393.89276123046875,701.8211059570312,17.019739151000977,16.263744354248047,1.3590545217182974
00037,12,0.10746962577104568,13,391.6849365234375,699.3925170898438,16.396215438842773,14.750203132629395,-0.15481150150299072
00037,13,0.10388460755348206,12,433.74090576171875,386.8830871582031,584.3072509765625,117.33281707763672,0.8743126551297049
00037,14,0.09723886847496033,18,166.56817626953125,86.19637298583984,11.800335884094238,7.293081760406494,1.0438684980061392
00037,15,0.0934869647026062,18,398.0372619628906,21.489545822143555,19.480552673339844,11.105204582214355,-0.19299864768981934
00037,16,0.09035347402095795,18,346.2826232910156,275.836669921875,17.852962493896484,8.24613094329834,0.9788289825108389
00037,17,0.08609319478273392,13,364.7095642089844,683.3201904296875,41.34292984008789,11.148521423339844,0.2175682783126831
00037,18,0.07997456938028336,15,644.0387573242188,154.68377685546875,39.19350051879883,15.130760192871094,-0.001412510871887207
00037,19,0.07827523350715637,18,644.0387573242188,154.68377685546875,39.19350051879883,15.130760192871094,-0.001412510871887207
00037,20,0.06463771313428879,11,454.5213317871094,738.7198486328125,44.152122497558594,23.5601806640625,0.5193594694137573
00037,21,0.06136718764901161,11,500.0230407714844,731.8123168945312,45.4725456237793,12.853384017944336,-1.071119056144033
00037,22,0.058336567133665085,18,500.143310546875,416.9712219238281,22.663436889648438,17.40446662902832,1.0717190066960196
00037,23,0.05473658815026283,18,515.1367797851562,426.0980224609375,12.568283081054688,8.568581581115723,1.0520503083851676
00037,24,0.05068732425570488,11,413.248046875,721.01416015625,24.480701446533203,14.127195358276367,-0.14274466037750244
00108,0,0.7298380136489868,1,407.1634826660156,357.44049072265625,750.431884765625,123.33149719238281,-0.439851850271225
00108,1,0.08032386749982834,1,407.30340576171875,503.27105712890625,505.2152099609375,162.9259033203125,-0.31112372875213623
00108,2,0.05709211900830269,6,516.5525512695312,274.1885986328125,433.32806396484375,64.11807250976562,-0.5227545062687735
00108,3,0.05204769968986511,0,465.6533203125,376.68658447265625,9.737085342407227,8.288104057312012,1.3346593985941748
00152,0,0.8840710520744324,18,74.85407257080078,567.603759765625,67.42570495605469,25.290790557861328,-0.34168505668640137
00152,1,0.857017457485199,18,397.41229248046875,482.40582275390625,62.53278732299805,28.2210750579834,1.4396969834950308
00152,2,0.8444082140922546,18,532.60009765625,215.0702667236328,68.27708435058594,28.975093841552734,1.4040918062117438
00152,3,0.8121259212493896,18,126.79168701171875,703.1743774414062,58.07075881958008,25.64105224609375,-0.03278482332825661
00152,4,0.789084792137146,18,342.26861572265625,173.02671813964844,61.43687438964844,33.2172737121582,1.5358867208149771
00152,5,0.14493626356124878,18,337.0498962402344,524.3699340820312,36.25177001953125,19.390798568725586,-0.15039826929569244
00152,6,0.07011885195970535,18,272.16180419921875,331.2536926269531,52.590972900390625,20.73953628540039,-0.3602564334869385
00009,0,0.9576641321182251,10,232.47068786621094,343.3623962402344,571.425537109375,282.3596496582031,1.4972011605885367
00009,1,0.9108282327651978,16,267.5688781738281,719.07861328125,76.8810806274414,36.60562515258789,1.4885179559376578
00009,2,0.910699725151062,16,158.38864135742188,730.2166748046875,78.50991821289062,37.91901397705078,1.493400060632501
00009,3,0.9027450084686279,16,213.3882293701172,725.1190185546875,76.04828643798828,37.20176696777344,1.483229593434606
00009,4,0.19613225758075714,18,713.6593627929688,664.7960815429688,15.863299369812012,6.480067729949951,-0.12273669242858887
00009,5,0.08633986115455627,18,53.081634521484375,294.96990966796875,17.346342086791992,7.88995361328125,-0.002141594886779785
00009,6,0.07082336395978928,18,23.813579559326172,303.2666320800781,8.504807472229004,8.17491340637207,-0.02577543444931507
00009,7,0.07014530152082443,18,708.2957763671875,108.84866333007812,9.001096725463867,6.63217830657959,-1.5669185678150992
00009,8,0.0674922913312912,18,795.116455078125,513.1283569335938,25.34773063659668,10.99976634979248,-1.5629409114506583
00140,0,0.7585279941558838,19,442.1212158203125,437.496826171875,144.675537109375,135.6038360595703,-1.5601119558003287
00140,1,0.05551842227578163,3,441.8563232421875,437.82440185546875,144.4622802734375,136.20387268066406,-1.5576446811344962
00140,2,0.05269554629921913,1,212.17825317382812,84.70210266113281,573.8075561523438,365.8668518066406,0.004947185516357422
00133,0,0.4925026297569275,1,386.17401123046875,316.1656799316406,782.5509643554688,57.42161560058594,-0.3091280460357666
00133,1,0.1257798969745636,18,32.016754150390625,432.4637756347656,20.956411361694336,17.19245147705078,-0.35699453949928284
00133,2,0.054104872047901154,6,406.82257080078125,355.10455322265625,619.51025390625,179.98199462890625,-0.16283918917179108
00133,3,0.05013718828558922,13,546.5455322265625,637.2015991210938,44.492942810058594,19.96950340270996,-0.28700196743011475
00036,0,0.8237168192863464,9,366.6021423339844,408.8684387207031,644.2334594726562,298.36077880859375,1.553584531941686
00036,1,0.08539534360170364,19,746.3831176757812,158.10008239746094,11.092649459838867,9.120563507080078,-1.5120216133680682
00036,2,0.08203016966581345,0,746.3831176757812,158.10008239746094,11.092649459838867,9.120563507080078,-1.5120216133680682
00036,3,0.07139066606760025,18,676.947509765625,674.5313110351562,11.38577651977539,7.263688087463379,-1.4722712794926505
00036,4,0.05987649783492088,13,676.947509765625,674.5313110351562,11.38577651977539,7.263688087463379,-1.4722712794926505
00036,5,0.058648161590099335,1,365.7664794921875,411.26629638671875,622.8021240234375,285.6392517089844,1.5675785104420523
00036,6,0.056708820164203644,15,746.3831176757812,158.10008239746094,11.092649459838867,9.120563507080078,-1.5120216133680682
00036,7,0.05276912450790405,7,365.7664794921875,411.26629638671875,622.8021240234375,285.6392517089844,1.5675785104420523
00036,8,0.05216563120484352,19,751.2345581054688,166.30413818359375,15.555974960327148,8.756580352783203,-1.5272292653706412
00175,0,0.5139399766921997,1,265.961181640625,379.1194763183594,620.058349609375,610.4126586914062,1.3020637790348868
00175,1,0.1873330920934677,1,251.37962341308594,314.02203369140625,466.4729309082031,41.89656066894531,1.3187390128758292
00175,2,0.05772802606225014,6,292.26617431640625,478.1308288574219,577.1316528320312,305.62548828125,-0.31985390186309814
00056,0,0.829375147819519,7,561.3602905273438,428.5430908203125,468.1334228515625,202.25152587890625,-0.8652966181424002
00056,1,0.7897289991378784,7,233.78707885742188,367.06915283203125,452.6572265625,206.96273803710938,-0.9155117432263236
00056,2,0.25158271193504333,18,422.9186096191406,421.15069580078125,28.900108337402344,8.096625328063965,0.6767677664756775
00056,3,0.13908633589744568,16,385.7750549316406,132.1444854736328,128.58505249023438,51.82075881958008,-0.8498298684742789
00056,4,0.11677554994821548,18,369.3654479980469,378.4403381347656,26.39773178100586,7.332481384277344,0.6507235765457153
00056,5,0.10622593760490417,12,422.004150390625,420.40911865234375,28.210166931152344,7.642634868621826,0.6668975949287415
00056,6,0.09983718395233154,18,173.28512573242188,308.0506896972656,31.182846069335938,8.597463607788086,-0.9219276467945914
00056,7,0.09939049929380417,18,287.4793395996094,456.6537780761719,8.689186096191406,7.593806266784668,0.27182233333587646
00056,8,0.09369031339883804,18,284.84893798828125,413.3201904296875,22.165176391601562,6.458806037902832,0.47602951526641846
00056,9,0.08912724256515503,16,404.3582458496094,174.83692932128906,133.81973266601562,52.64031219482422,-0.8908559838917594
00056,10,0.07258086651563644,18,517.1091918945312,336.08282470703125,16.106109619140625,5.727582931518555,0.5719479322433472
00056,11,0.06715357303619385,18,742.8173828125,311.38031005859375,17.189239501953125,9.550167083740234,0.4571918249130249
00056,12,0.05836879462003708,18,631.5785522460938,524.9605102539062,10.446831703186035,6.228992462158203,-1.3059744397786002
00056,13,0.051999282091856,18,193.49351501464844,490.9874267578125,24.96610450744629,6.579471588134766,0.04073869809508324
00105,0,0.9619129300117493,10,341.2254943847656,392.14764404296875,712.2042236328125,322.27685546875,-1.5341141978886466
00105,1,0.09525669366121292,18,73.21846771240234,732.2141723632812,16.89579963684082,8.280508995056152,-1.3198920051243643
00105,2,0.0743788480758667,18,717.7341918945312,792.7225341796875,14.405349731445312,9.096529006958008,-1.3657009164479117
00105,3,0.06596881151199341,18,737.7998046875,607.4431762695312,8.664008140563965,6.854081630706787,-1.471062489846025
00105,4,0.06503047049045563,17,67.00994110107422,346.69854736328125,625.442138671875,152.43557739257812,-1.5214594165470938
00105,5,0.05763275548815727,18,4.095539093017578,735.0728149414062,13.681530952453613,8.842820167541504,0.05018019676208496
00105,6,0.052818622440099716,12,26.95442008972168,307.8177795410156,297.6261291503906,44.4962272644043,-1.5531895915654044
00068,0,0.9635472893714905,14,355.1475830078125,335.69384765625,261.6679382324219,211.3258819580078,1.557850913205419
00068,1,0.3237561285495758,18,698.7822875976562,436.8681640625,16.664777755737305,5.7039947509765625,-0.3350275754928589
00068,2,0.1500244140625,18,74.81941986083984,640.6448974609375,11.39188003540039,4.618173599243164,-0.22397352755069733
00068,3,0.14674611389636993,18,647.7262573242188,422.46124267578125,8.281523704528809,5.884946346282959,-0.22295379638671875
00068,4,0.1346091628074646,18,356.314697265625,543.7450561523438,12.460590362548828,5.38226318359375,-0.15801477432250977
00068,5,0.08817154169082642,18,730.4286499023438,207.93736267089844,8.13819408416748,5.212105751037598,1.4086125651982169
00068,6,0.07558012753725052,18,700.2445068359375,96.18414306640625,21.492145538330078,7.713135719299316,1.2200201312687735
00068,7,0.07499213516712189,18,118.09024810791016,9.107373237609863,8.507360458374023,7.219213962554932,0.19567430019378662
00068,8,0.0713045597076416,18,113.13328552246094,659.1689453125,11.161857604980469,6.882965087890625,1.4721452752735953
00068,9,0.07005733251571655,18,189.13038635253906,387.70343017578125,22.908367156982422,8.691557884216309,-0.055216193199157715
00068,10,0.06549228727817535,12,561.4801025390625,507.6917419433594,23.742481231689453,6.775579452514648,1.1940310756352286
00068,11,0.05682870000600815,18,76.26642608642578,39.94382858276367,13.284280776977539,6.732698440551758,0.20599687099456787
00068,12,0.05642775073647499,18,186.0070037841797,31.837295532226562,12.004019737243652,5.696527004241943,-0.17238594591617584
00068,13,0.05505547299981117,18,158.3265380859375,366.75567626953125,8.21675968170166,7.652670383453369,-0.003230810398235917
00068,14,0.05491945892572403,18,741.9423828125,191.683349609375,10.243036270141602,6.448949813842773,1.2305290261891226
00068,15,0.05416969954967499,4,561.4801025390625,507.6917419433594,23.742481231689453,6.775579452514648,1.1940310756352286
00068,16,0.05135660618543625,2,354.4236145019531,335.4665832519531,265.1094665527344,213.24229431152344,1.560257151783679
00123,0,0.9216389060020447,15,450.9007263183594,406.17840576171875,207.91561889648438,202.6920166015625,0.0014368296833708882
00123,1,0.6042963862419128,18,298.8083801269531,274.09796142578125,35.64860534667969,11.892642974853516,-1.385746912160192
00123,2,0.18871775269508362,18,462.6826171875,407.40234375,212.63836669921875,186.364501953125,-1.53353222186235
00123,3,0.17810718715190887,18,160.5987548828125,615.4940185546875,11.138206481933594,5.140737056732178,-1.3026826242592673
00123,4,0.1696547418832779,18,790.527099609375,624.0486450195312,8.176304817199707,7.865447998046875,-1.5386300841954093
00123,5,0.16173849999904633,18,741.8209228515625,5.256838321685791,21.092487335205078,10.651896476745605,0.03724062442779541
00123,6,0.14326201379299164,18,748.9902954101562,624.0618896484375,7.802853584289551,6.791224956512451,-1.4969042176988463
00123,7,0.1175616905093193,18,759.7910766601562,5.593501567840576,14.061735153198242,11.947354316711426,0.038913846015930176
00123,8,0.10429646074771881,18,768.1928100585938,623.7899169921875,8.959980010986328,6.849380970001221,-1.4802735606816153
00123,9,0.08733534812927246,18,680.8038940429688,50.389705657958984,25.17003059387207,12.182572364807129,0.011558771133422852
00123,10,0.07132674008607864,18,768.1865844726562,655.176513671875,13.696785926818848,7.828335762023926,-1.5590880662810545
00123,11,0.0682949423789978,18,657.1309204101562,104.19932556152344,19.637197494506836,6.497351169586182,0.16731096804141998
00123,12,0.05531507357954979,18,111.65762329101562,740.8970336914062,13.741872787475586,4.820450305938721,-1.32948333124188
00123,13,0.054035864770412445,18,378.1914978027344,115.82106018066406,9.114861488342285,9.014065742492676,-1.5050372714784483
00123,14,0.05358292907476425,18,125.72367095947266,234.611328125,14.474903106689453,10.410184860229492,-1.5403717337783913
00123,15,0.05254253372550011,18,7.852099895477295,694.7765502929688,8.722253799438477,5.373379230499268,-1.3143809596684317
00081,0,0.6164785623550415,17,510.4576110839844,268.4778137207031,134.43215942382812,59.06853103637695,-1.4264598647740225
00081,1,0.47526946663856506,17,503.80908203125,467.816650390625,60.78717803955078,59.991615295410156,1.354557947316442
00081,2,0.26021838188171387,4,294.6874694824219,764.8342895507812,42.98239517211914,15.90896224975586,1.5060647214439253
00081,3,0.11435346305370331,8,497.27008056640625,468.6695861816406,58.2972526550293,47.01113510131836,1.4725359166648726
00081,4,0.10373447835445404,12,293.8086242675781,758.0347290039062,53.87837600708008,17.0603084564209,1.4951484958317618
00081,5,0.09443634003400803,13,339.7906799316406,12.525955200195312,29.183225631713867,9.774169921875,0.43658170104026794
00081,6,0.0919540598988533,3,509.15618896484375,270.8934020996094,141.26841735839844,56.95011520385742,-1.4441532651570181
00081,7,0.08733122795820236,8,510.6095275878906,268.53729248046875,133.17520141601562,57.80705642700195,-1.4356333772328238
00081,8,0.08724594116210938,12,230.30104064941406,308.868896484375,21.885297775268555,17.18073081970215,-0.21201036870479584
00081,9,0.07129118591547012,4,230.30104064941406,308.868896484375,21.885297775268555,17.18073081970215,-0.21201036870479584
00081,10,0.06620369851589203,0,195.62905883789062,163.50930786132812,12.074546813964844,7.363985538482666,-1.1600103239205222
00081,11,0.06003308296203613,6,510.69500732421875,268.91278076171875,133.2703857421875,57.06218338012695,-1.4184779683735709
00081,12,0.058625478297472,12,492.3999938964844,382.7317810058594,106.71363830566406,46.61912536621094,-1.5013951818135123
00081,13,0.057055797427892685,2,503.6670837402344,467.760498046875,60.83439254760742,59.361961364746094,1.3979371349003653
00081,14,0.05601755902171135,4,294.02398681640625,731.0188598632812,21.556312561035156,15.711299896240234,1.5565881292012076
00081,15,0.05575971305370331,12,497.27008056640625,468.6695861816406,58.2972526550293,47.01113510131836,1.4725359166648726
00081,16,0.0544111393392086,14,504.85809326171875,468.7459411621094,62.51832580566406,59.041141510009766,1.4085255275156836
00081,17,0.053605854511260986,4,511.0425720214844,783.9935913085938,14.1715669631958,8.956594467163086,1.3008008758213858
00081,18,0.051165223121643066,18,350.5091247558594,679.5358276367188,12.414092063903809,5.646844863891602,0.06819593906402588
00166,0,0.9635825753211975,10,249.2996063232422,415.0024719238281,725.750732421875,330.93865966796875,-1.5073239366200308
00166,1,0.2278684824705124,18,15.799200057983398,79.06942749023438,23.715091705322266,8.04793643951416,-1.5704394141819815
00166,2,0.08594810962677002,2,652.810302734375,67.34078979492188,276.61138916015625,238.9656982421875,-0.33264049887657166
00145,0,0.9009141325950623,15,485.56854248046875,425.4555969238281,109.906005859375,106.81538391113281,-0.0003565549850463867
00145,1,0.06893150508403778,18,485.84710693359375,424.7418212890625,109.53607177734375,106.36808776855469,-0.00860452651977539
00052,0,0.6482160687446594,19,237.09677124023438,672.97509765625,48.423500061035156,27.26138687133789,1.557776884236608
00052,1,0.639169454574585,19,672.2348022460938,323.8612060546875,48.51121520996094,36.77289962768555,-1.5651022950795035
00052,2,0.6377906799316406,19,221.5690155029297,466.7018127441406,43.15965270996094,26.57343864440918,-1.5697056810047965
00052,3,0.5964522957801819,19,120.57530975341797,152.2028350830078,38.690269470214844,37.040283203125,0.003471851348876953
00052,4,0.06945786625146866,19,96.02397155761719,93.11344909667969,26.685775756835938,21.63406753540039,1.5284022885051112
00052,5,0.05032055824995041,4,160.1847381591797,776.8053588867188,31.011327743530273,6.202864646911621,-1.3636809001353125
00101,0,0.8817272782325745,17,353.0428771972656,386.4808044433594,471.23358154296875,148.28985595703125,-1.565890030064855
00101,1,0.07415099442005157,18,264.776611328125,414.85308837890625,27.455921173095703,8.717138290405273,-1.5224101106312613
00101,2,0.07286081463098526,18,32.38749694824219,374.8155517578125,11.91067886352539,6.8800811767578125,1.431695313253675
00101,3,0.07088573276996613,4,720.960205078125,263.3963623046875,13.079804420471191,8.30807876586914,-1.142054514088903
00101,4,0.06810896843671799,13,714.5504150390625,121.1375961303711,23.71671485900879,8.007805824279785,-0.0032972097396850586
00101,5,0.05775763466954231,18,203.15884399414062,487.8628845214844,16.256502151489258,6.648772239685059,0.12867188453674316
00101,6,0.05298297107219696,18,191.20803833007812,158.29287719726562,11.775083541870117,8.700887680053711,-0.105072021484375
00101,7,0.05171354115009308,11,757.1553955078125,222.90036010742188,159.04501342773438,93.10581970214844,1.481100515523229
00144,0,0.8775856494903564,13,469.9270324707031,400.8245849609375,654.9591674804688,121.63611602783203,1.2469615499165396
00144,1,0.3204523026943207,18,110.9699935913086,595.1400146484375,25.665563583374023,9.07448959350586,1.207487897076879
00144,2,0.1013585701584816,18,87.55146026611328,682.1055908203125,26.414966583251953,10.766616821289062,1.1027379790928702
00144,3,0.08388703316450119,18,278.9635314941406,119.9424819946289,14.436117172241211,5.846522808074951,1.2814819375660758
00144,4,0.08365005999803543,18,100.98348236083984,245.09515380859375,20.068418502807617,8.606712341308594,1.2296784381058554
00144,5,0.06652700901031494,18,71.63909912109375,650.9260864257812,13.301116943359375,5.921910762786865,1.310655222335134
00107,0,0.8458510041236877,10,337.34161376953125,313.05950927734375,491.89739990234375,269.5072021484375,-1.0052182237294058
00107,1,0.8431956768035889,14,334.5447692871094,322.91314697265625,686.8172607421875,518.8491821289062,-0.962386087575231
00107,2,0.8160339593887329,2,720.1666259765625,584.1339721679688,152.9188690185547,150.83419799804688,-0.04252505674958229
00107,3,0.7780528664588928,10,283.7968444824219,733.4237670898438,265.8160400390625,186.65492248535156,-0.013861298561096191
00107,4,0.09875580668449402,14,272.22454833984375,744.2003784179688,254.94244384765625,203.1730499267578,0.08148801326751709
00107,5,0.08723508566617966,18,605.0852661132812,121.82878112792969,11.424118041992188,5.793087005615234,-0.3625909090042114
00107,6,0.060269929468631744,2,713.194091796875,470.4393005371094,168.59165954589844,123.25798797607422,-0.04954648017883301
00107,7,0.053426593542099,18,15.943292617797852,175.90403747558594,10.595475196838379,7.835554122924805,0.20532429218292236
00107,8,0.05241869390010834,8,101.95946502685547,258.2659606933594,13.231714248657227,9.705866813659668,0.33132779598236084
00107,9,0.052259355783462524,18,617.6668701171875,103.80327606201172,10.402078628540039,4.8462395668029785,0.026800155639648438
00084,0,0.6793048977851868,19,420.2545471191406,376.4610595703125,109.22013854980469,93.50264739990234,-1.5694775144245963
00084,1,0.14924447238445282,18,558.5814208984375,663.3174438476562,43.189781188964844,15.402685165405273,-0.3276704251766205
00084,2,0.1310039460659027,18,534.69189453125,704.617431640625,31.6656551361084,11.537506103515625,0.9055757085469107
00084,3,0.09741347283124924,5,783.1845092773438,668.9205322265625,44.930931091308594,23.19680404663086,-0.4942697286605835
00084,4,0.0856323316693306,18,395.2818908691406,576.2499389648438,13.306865692138672,7.786091327667236,1.432927326360021
00115,0,0.9201415181159973,2,522.38330078125,420.0475769042969,134.37010192871094,132.94442749023438,1.503422693410192
00115,1,0.9194105267524719,2,273.3583679199219,452.7466125488281,137.96688842773438,136.93902587890625,-0.07988106459379196
00115,2,0.9066832661628723,2,275.9993591308594,228.7751007080078,107.04058074951172,106.37378692626953,-0.08878064900636673
00115,3,0.8994301557540894,2,462.93829345703125,201.0445556640625,110.33711242675781,108.1124267578125,1.39871342579392
00115,4,0.09095829725265503,18,636.83642578125,82.57417297363281,9.439934730529785,4.773418426513672,1.3883064399149756
00115,5,0.05975792929530144,4,771.8023071289062,261.3138732910156,55.66021728515625,16.106037139892578,-0.08683085441589355
00115,6,0.05213350057601929,8,277.0987548828125,228.49276733398438,106.49811553955078,106.0089340209961,-0.11547625064849854
00091,0,0.7512771487236023,9,527.90234375,341.85986328125,447.9997253417969,352.119140625,-0.026000380516052246
00091,1,0.276498407125473,14,127.57579040527344,477.1470642089844,88.51118469238281,88.48026275634766,1.5480628768589835
00091,2,0.1639019250869751,2,275.78265380859375,417.9964904785156,30.829103469848633,25.946056365966797,-1.534294561543737
00091,3,0.15466013550758362,10,127.57579040527344,477.1470642089844,88.51118469238281,88.48026275634766,1.5480628768589835
00091,4,0.15087555348873138,4,385.878662109375,749.6478881835938,21.286245346069336,10.547794342041016,1.163972453274999
00091,5,0.10341283679008484,2,127.57579040527344,477.1470642089844,88.51118469238281,88.48026275634766,1.5480628768589835
00091,6,0.09364403039216995,10,275.78265380859375,417.9964904785156,30.829103469848633,25.946056365966797,-1.534294561543737
00091,7,0.08932419866323471,18,142.66146850585938,564.893310546875,13.773405075073242,6.912092685699463,1.0871042470124106
00091,8,0.08751125633716583,18,121.63238525390625,544.977294921875,17.533893585205078,8.752998352050781,0.2836117446422577
00091,9,0.08413469791412354,18,31.41745376586914,375.5263977050781,17.637908935546875,5.902070999145508,0.5411924123764038
00091,10,0.08406481891870499,18,605.775146484375,706.6895751953125,15.89975357055664,7.186485290527344,-1.152648047604833
00091,11,0.08400975167751312,4,292.3028564453125,767.1673583984375,16.008708953857422,6.834684371948242,-0.2338487058877945
00091,12,0.08388662338256836,15,127.86459350585938,475.727294921875,86.59908294677734,84.61774444580078,-1.4526572982457022
00091,13,0.08301238715648651,14,274.97137451171875,417.39288330078125,31.444866180419922,29.61016082763672,-1.5586572448399405
00091,14,0.07817579805850983,2,270.8985595703125,498.4810791015625,37.49482727050781,37.128299713134766,0.007831215858459473
00091,15,0.06514251232147217,4,370.28411865234375,722.296875,16.673473358154297,11.487739562988281,1.4118501702931265
00091,16,0.06009082496166229,18,164.94512939453125,414.1521911621094,10.571694374084473,8.409112930297852,-0.30127406120300293
00091,17,0.059403467923402786,18,375.9781188964844,659.2754516601562,14.455141067504883,8.457467079162598,-1.3020970384266715
00091,18,0.059372469782829285,18,729.5653076171875,537.642578125,10.93024730682373,6.6445770263671875,1.3423594991352896
00091,19,0.05924293398857117,8,82.09927368164062,442.1568908691406,17.003787994384766,12.314020156860352,-1.2703992883351187
00091,20,0.05682320520281792,18,404.39434814453125,603.6251220703125,10.472155570983887,9.378482818603516,-0.5165582895278931
00091,21,0.05313757061958313,18,244.8218994140625,144.63290405273438,13.296830177307129,6.897031784057617,-0.08913291245698929
00091,22,0.05204027146100998,18,132.82424926757812,422.90277099609375,18.080074310302734,6.880735874176025,1.1361777345326285
00180,0,0.8633939623832703,2,413.2205505371094,256.26263427734375,154.99899291992188,147.868408203125,1.3224643180754523
00180,1,0.8484043478965759,2,519.0468139648438,422.05584716796875,137.6757354736328,134.84339904785156,-0.32624709606170654
00180,2,0.8340612649917603,2,258.2389221191406,374.41552734375,133.43821716308594,132.39105224609375,-0.14079761505126953
00180,3,0.802023708820343,2,368.3783264160156,531.0801391601562,137.3397216796875,135.19671630859375,1.3719299594548087
00180,4,0.13119292259216309,4,638.8932495117188,774.3445434570312,36.68928527832031,10.586947441101074,1.1187021593239646
00180,5,0.0699608102440834,0,367.3215026855469,530.814453125,134.91331481933594,133.74070739746094,1.4257070581105094
00180,6,0.0670572966337204,0,518.5994873046875,422.9147033691406,135.40577697753906,134.78823852539062,1.3357603112843375
00180,7,0.062358349561691284,4,470.3731384277344,513.25341796875,43.99974060058594,5.77353048324585,0.964355663457189
00180,8,0.06223515048623085,0,258.00494384765625,373.55023193359375,132.6857147216797,130.4427490234375,-0.14820337295532227
00180,9,0.057859886437654495,4,722.49658203125,85.06903076171875,19.041282653808594,7.067259788513184,1.4462135593083243
00180,10,0.054936543107032776,0,410.9120788574219,254.55612182617188,155.79307556152344,146.0897979736328,1.3007137338307242
00180,11,0.053876206278800964,4,626.9465942382812,744.9227905273438,43.95539093017578,6.7335100173950195,1.1527929762986044
00176,0,0.8091750741004944,7,488.23626708984375,259.4797668457031,593.4550170898438,255.60836791992188,0.6396352052688599
00176,1,0.7342714071273804,7,258.2128601074219,580.7749633789062,605.1375732421875,249.99569702148438,0.7274953126907349
00176,2,0.695107102394104,18,434.8083190917969,348.5213623046875,39.68208694458008,9.05264663696289,0.6851977109909058
00176,3,0.6638935208320618,18,285.22705078125,497.1575622558594,58.600006103515625,12.032554626464844,0.3830622434616089
00176,4,0.6519954204559326,18,443.5736389160156,283.8300476074219,37.931846618652344,9.301824569702148,1.5645067254689078
00176,5,0.5372487306594849,18,131.86448669433594,387.51971435546875,54.0131721496582,12.02220630645752,-1.1275081197407584
00176,6,0.45494621992111206,18,480.5459899902344,379.800537109375,56.45433044433594,10.864706993103027,0.579825758934021
00176,7,0.26468968391418457,18,298.50799560546875,295.40081787109375,28.13990592956543,12.297834396362305,1.1868646899845938
00176,8,0.24661365151405334,18,142.6194610595703,503.7020263671875,9.766485214233398,6.235378742218018,-0.1536245197057724
00176,9,0.23620784282684326,18,203.7749481201172,593.5445556640625,16.459529876708984,7.792655944824219,0.563930094242096
00176,10,0.18426501750946045,18,109.90489959716797,359.09124755859375,20.792463302612305,6.901025295257568,-1.0564422170307974
00176,11,0.14440196752548218,18,129.12599182128906,530.6554565429688,12.416851043701172,6.642816066741943,0.5026434659957886
00176,12,0.1336740404367447,18,486.43072509765625,269.0439453125,14.187088966369629,6.39465856552124,0.47708067297935486
00176,13,0.11357078701257706,18,107.5382080078125,416.6056213378906,11.63180923461914,5.260939598083496,-1.2110017100956778
00176,14,0.11114002019166946,18,121.2048568725586,522.8624877929688,12.67148208618164,6.7373809814453125,0.40183934569358826
00176,15,0.09729216992855072,18,632.9120483398438,445.6700439453125,25.76248550415039,8.452386856079102,-1.1836073259499411
00176,16,0.0948370173573494,18,144.67347717285156,478.4211120605469,11.484589576721191,5.91262149810791,1.4066995988276343
00176,17,0.08967239409685135,18,325.9996337890625,279.3013610839844,44.2750129699707,10.244175910949707,0.8066952983525137
00176,18,0.08840948343276978,18,662.1847534179688,427.4114685058594,23.021867752075195,6.760783672332764,-1.354135708012853
00176,19,0.08654487133026123,18,102.05123901367188,358.36468505859375,27.87956428527832,8.36459732055664,-1.082148985066686
00176,20,0.08061502873897552,18,651.369384765625,438.2843017578125,42.45520782470703,9.847027778625488,-1.2833751002934317
00176,21,0.0758804902434349,8,488.3283386230469,266.252197265625,598.2279052734375,257.05047607421875,0.6523512601852417
00176,22,0.07514836639165878,18,239.03860473632812,634.468994140625,11.683228492736816,9.138513565063477,-0.006873369216918945
00176,23,0.07253287732601166,18,310.9993896484375,299.9350280761719,33.60687255859375,7.96926736831665,0.8129956881192069
00176,24,0.06945642083883286,18,114.17332458496094,517.7529296875,9.784018516540527,6.868325233459473,0.3683372735977173
00176,25,0.06758873164653778,18,127.98690032958984,491.6453857421875,9.276762008666992,6.427024841308594,1.5563433925297598
00176,26,0.06677336990833282,18,317.99755859375,286.3254699707031,46.67811965942383,15.148133277893066,0.7967269579556326
00176,27,0.06372391432523727,18,134.0035858154297,500.4289855957031,7.508271217346191,7.251693248748779,-0.07937944680452347
00176,28,0.06042288616299629,18,430.2226257324219,355.8517761230469,35.22247314453125,8.627702713012695,0.5406724214553833
00176,29,0.059139661490917206,18,466.8219909667969,382.412353515625,49.24576187133789,9.424684524536133,0.6493943929672241
00176,30,0.05818666145205498,18,192.67071533203125,165.0413055419922,13.509676933288574,5.354488372802734,-0.3006514608860016
00176,31,0.057717349380254745,18,263.4830627441406,647.4752807617188,11.49317741394043,10.10143756866455,0.2577137053012848
00176,32,0.05581846460700035,18,506.2694091796875,461.7703857421875,15.05340576171875,4.113988399505615,0.4258940517902374
00176,33,0.05515221506357193,18,294.325439453125,276.9775085449219,12.373018264770508,10.754627227783203,0.15117299556732178
00176,34,0.05355840548872948,7,137.06040954589844,581.6351318359375,199.00283813476562,75.12696838378906,0.8905754844334464
00176,35,0.052711136639118195,18,351.5145568847656,116.38328552246094,13.02287483215332,6.283697128295898,-1.2151146690037589
00176,36,0.05135277286171913,18,330.1617431640625,188.7798309326172,10.19865608215332,7.232997417449951,1.1615895787861685
00176,37,0.050924040377140045,18,352.7806091308594,748.5178833007812,11.738807678222656,6.778316974639893,1.3488605777409415
00176,38,0.05033804848790169,13,571.23095703125,768.7735595703125,31.457534790039062,9.552334785461426,0.01995253376662731
00065,0,0.8619399070739746,13,334.6449890136719,607.5809326171875,51.30807876586914,17.54679298400879,-1.5579909841206412
00065,1,0.8596090078353882,13,270.0506286621094,605.3949584960938,50.07294464111328,19.967041015625,1.5388392964985709
00065,2,0.8591758608818054,13,743.54541015625,143.6429443359375,50.90496826171875,18.72517967224121,-1.5252962867405753
00065,3,0.8543578386306763,13,27.612274169921875,235.26974487304688,57.64433288574219,20.128610610961914,1.553594664731298
00065,4,0.8534801602363586,13,393.85784912109375,253.34620666503906,57.139747619628906,19.389066696166992,1.5594855109837393
00065,5,0.8474547266960144,13,162.71466064453125,426.182373046875,44.52336120605469,16.012216567993164,1.5697100917485098
00065,6,0.8449163436889648,13,246.85877990722656,324.4967346191406,41.98906707763672,16.262451171875,1.519267396130834
00065,7,0.843349039554596,13,663.5291748046875,110.82633209228516,39.571693420410156,13.803470611572266,-1.5080925981190543
00065,8,0.8423634171485901,13,203.99826049804688,426.65380859375,48.87676239013672,17.16089630126953,1.5252819853511195
00065,9,0.8415692448616028,13,373.1131896972656,423.663330078125,38.02862548828125,14.537749290466309,1.5551962415364127
00065,10,0.8408273458480835,13,427.9161071777344,606.8421630859375,62.94070053100586,22.08356285095215,1.568065838017736
00065,11,0.8287661075592041,13,309.3971252441406,321.8440246582031,46.07683563232422,17.76079750061035,1.541112138950501
00065,12,0.8285275101661682,13,184.35340881347656,607.7044677734375,45.848663330078125,17.419931411743164,1.5295216600087027
00065,13,0.8274763226509094,13,453.26312255859375,588.140625,69.89339447021484,20.856796264648438,1.549619392552648
00065,14,0.8272218704223633,13,421.179443359375,415.0905456542969,56.2958984375,18.141334533691406,-1.5404217979547123
00065,15,0.8263291716575623,13,446.44927978515625,440.6396789550781,76.57884216308594,20.698362350463867,1.553731040158544
00065,16,0.8241092562675476,13,407.31085205078125,469.45855712890625,34.26811599731445,12.600781440734863,1.5306258956578116
00065,17,0.8236945271492004,13,226.4246063232422,607.353759765625,50.233577728271484,18.695871353149414,1.4765538732197623
00065,18,0.822494626045227,13,472.4773864746094,286.6006164550781,83.36122131347656,26.073627471923828,1.5180320302632193
00065,19,0.8216103315353394,13,195.13710021972656,556.74169921875,35.72693634033203,13.050081253051758,-1.5579747707259397
00065,20,0.818602442741394,13,58.480281829833984,231.15206909179688,47.12997817993164,16.05801010131836,-1.5531518022206168
00065,21,0.8162423968315125,13,270.9428405761719,426.0242614746094,42.71733474731445,15.30678939819336,1.5674502412464957
00065,22,0.8160123825073242,13,166.14559936523438,556.4232788085938,37.19765853881836,14.338101387023926,1.514493660130773
00065,23,0.8140780925750732,13,81.36383056640625,232.94403076171875,40.80287170410156,16.95560646057129,-1.5532530090448002
00065,24,0.8126193881034851,13,390.03106689453125,468.8265686035156,34.60272216796875,12.997221946716309,1.550694421925817
00065,25,0.8122521638870239,13,59.99496841430664,605.0800170898438,39.78224182128906,13.64177131652832,1.5405360023167471
00065,26,0.811104953289032,13,380.32135009765625,604.776123046875,53.33634567260742,19.705400466918945,1.5547036687519888
00065,27,0.8098146319389343,13,206.3826446533203,612.70654296875,51.49052047729492,17.59588623046875,1.5349341193821768
00065,28,0.808115541934967,13,403.7136535644531,613.3004150390625,62.416351318359375,19.60548210144043,-1.5462617437031607
00065,29,0.8069456219673157,13,369.3250427246094,257.3534240722656,49.04673385620117,16.4802303314209,1.5483833095666508
00065,30,0.8042866587638855,13,269.9675598144531,556.772216796875,30.44878578186035,12.598569869995117,-1.5562997609984617
00065,31,0.8030035495758057,13,289.78729248046875,423.9674987792969,45.44705581665039,15.185099601745605,1.5226739207890372
00065,32,0.800385594367981,13,349.08953857421875,314.9768981933594,37.176170349121094,14.30839729309082,-1.570413784184728
00065,33,0.7993505001068115,13,392.3230285644531,311.1168518066406,32.25879669189453,11.95583724975586,1.5516109029438834
00065,34,0.7988208532333374,13,331.49749755859375,319.5753479003906,43.76677322387695,13.439705848693848,1.5599820176747183
00065,35,0.791440486907959,13,373.4029235839844,552.7017822265625,28.111600875854492,11.040372848510742,1.5655011693623404
00065,36,0.7909584641456604,13,441.0953674316406,246.21701049804688,71.36214447021484,22.320680618286133,1.5473842183735709
00065,37,0.7882381677627563,11,280.6294860839844,445.9366149902344,312.214599609375,80.28170776367188,-0.006319880485534668
00065,38,0.7880266308784485,13,172.50230407714844,234.36582946777344,39.49114990234375,14.871211051940918,-1.421144918599401
00065,39,0.785535454750061,13,242.61782836914062,473.7518310546875,27.795761108398438,11.298100471496582,-1.5530346194889884
00065,40,0.7848281860351562,13,240.5417938232422,555.7138671875,33.11468505859375,11.17577838897705,1.5204040567067008
00065,41,0.7808088064193726,13,139.32749938964844,425.822509765625,51.96894836425781,22.184633255004883,-1.5569254914906363
00065,42,0.7772838473320007,13,212.55540466308594,475.43951416015625,27.28980255126953,12.302824020385742,-1.5687154094364981
00065,43,0.7770195007324219,13,312.53955078125,607.7694091796875,60.53757858276367,19.157634735107422,1.5693411389973502
00065,44,0.7755637168884277,13,320.8625183105469,471.93359375,32.522491455078125,11.922618865966797,1.568877057233129
00065,45,0.7679030299186707,13,336.3743591308594,467.1874084472656,29.331226348876953,10.696121215820312,1.5100786286082606
00065,46,0.7562486529350281,13,389.07855224609375,553.6226806640625,28.101898193359375,11.418291091918945,-1.5475726882603507
00065,47,0.7508566975593567,13,291.279541015625,472.4364318847656,29.437938690185547,11.444927215576172,-1.5354365865376334
00065,48,0.7503817677497864,13,353.66131591796875,425.4158020019531,32.701019287109375,13.808877944946289,1.4632954160359244
00065,49,0.7472546696662903,13,305.5469665527344,471.0872802734375,29.521934509277344,11.12588882446289,1.566318349042211
00065,50,0.747105062007904,13,44.14859390258789,601.6936645507812,44.887325286865234,14.175569534301758,1.5362102585521082
00065,51,0.7387548089027405,13,217.38253784179688,325.5915832519531,30.832416534423828,11.393686294555664,-1.5171355764057974
00065,52,0.7362803220748901,13,397.7688293457031,418.9227294921875,43.4216423034668,17.420560836791992,1.5621884614836912
00065,53,0.7316866517066956,11,285.6279602050781,587.7373046875,315.23297119140625,90.29512786865234,0.002138376235961914
00065,54,0.7261677384376526,13,225.80230712890625,561.3123779296875,24.843412399291992,10.398959159851074,1.5528335134175162
00065,55,0.7205957770347595,13,447.3156433105469,306.4797668457031,29.983524322509766,13.445541381835938,1.5644118348744254
00065,56,0.7170896530151367,13,210.34022521972656,563.0018310546875,23.444488525390625,10.58995532989502,-1.5344874384489398
00065,57,0.7164879441261292,13,136.99142456054688,474.9811096191406,25.432281494140625,11.722217559814453,1.5255779782917838
00065,58,0.7044587135314941,13,377.0553283691406,309.8424987792969,36.11030578613281,13.279584884643555,1.5528608123448233
00065,59,0.6728261709213257,13,205.1889190673828,313.2580261230469,22.014385223388672,8.796772003173828,-1.5358048240330557
00065,60,0.6502904295921326,18,102.61763000488281,448.42279052734375,23.98894691467285,9.509736061096191,-0.036741018295288086
00065,61,0.6477357745170593,13,423.0404357910156,304.5884704589844,27.568519592285156,11.979498863220215,1.495893315472875
00065,62,0.6448215842247009,13,359.3398132324219,554.0973510742188,29.1074275970459,11.201204299926758,-1.5573689509790878
00065,63,0.6343313455581665,11,314.2135314941406,290.19415283203125,296.0596923828125,92.63533020019531,-0.08641171455383301
00065,64,0.6277205944061279,13,345.42437744140625,553.11865234375,30.78196144104004,11.26207160949707,-1.5427642623570303
00065,65,0.6182389855384827,18,102.97393035888672,409.483154296875,24.762998580932617,9.562295913696289,-0.10546361654996872
00065,66,0.554475724697113,18,104.03955841064453,529.757080078125,18.254535675048828,8.289628982543945,-0.04414498805999756
00065,67,0.5159673094749451,18,22.833524703979492,490.72125244140625,21.82181167602539,8.540534973144531,-0.08270263671875
00065,68,0.4940249025821686,18,156.659912109375,278.7151184082031,23.8946590423584,9.493669509887695,0.003733396762982011
00065,69,0.3895169794559479,18,105.4265365600586,558.59521484375,14.576505661010742,6.501401901245117,-0.08705854415893555
00065,70,0.36991414427757263,13,293.0978088378906,280.94500732421875,17.864988327026367,16.998069763183594,1.5278698998179774
00065,71,0.3629257082939148,13,423.8838195800781,256.6999206542969,41.71377944946289,11.72862434387207,1.4608634347703795
00065,72,0.2924942970275879,13,144.07623291015625,563.263427734375,25.065595626831055,8.827362060546875,-1.566945866975237
00065,73,0.2855134606361389,13,219.3643035888672,289.52215576171875,29.77196502685547,9.238686561584473,-0.06764006614685059
00065,74,0.24570997059345245,13,288.5699462890625,556.4868774414062,26.86382293701172,11.135018348693848,1.5517448941853385
00065,75,0.21089357137680054,13,173.47906494140625,476.0559997558594,25.81381607055664,8.037938117980957,1.5453568241235356
00065,76,0.209939643740654,13,157.6448974609375,278.7965393066406,23.85944938659668,9.735564231872559,0.029727816581726074
00065,77,0.19898159801959991,13,267.6290283203125,470.7861022949219,25.669572830200195,8.534143447875977,-1.5132066766407828
00065,78,0.18953706324100494,13,255.62789916992188,556.363037109375,30.662250518798828,13.325886726379395,1.5311786691334586
00065,79,0.1881525218486786,13,103.48729705810547,410.1560974121094,25.125276565551758,10.74837875366211,-0.10886168479919434
00065,80,0.1426844298839569,11,61.249000549316406,235.75030517578125,73.68331909179688,54.19135284423828,0.006900786887854338
00065,81,0.13824182748794556,13,422.78521728515625,562.0686645507812,12.473767280578613,8.576688766479492,0.01770496368408203
00065,82,0.1372774988412857,13,105.52474212646484,442.35791015625,23.637849807739258,22.188203811645508,-0.012963652610778809
00065,83,0.12403061240911484,13,154.0213623046875,619.1514892578125,23.955110549926758,8.08927059173584,1.499569491544042
00065,84,0.11976835131645203,13,350.9666748046875,466.6042785644531,26.629257202148438,10.744378089904785,-1.568536595502172
00065,85,0.11656255275011063,13,127.6863021850586,560.7006225585938,24.800296783447266,11.90478229522705,1.5366148511555533
00065,86,0.11194499582052231,13,188.57701110839844,473.15777587890625,29.17745590209961,19.649675369262695,-1.5285905125227313
00065,87,0.1097656860947609,13,434.8334655761719,469.5849609375,19.283489227294922,11.272954940795898,1.5176949063923697
00065,88,0.1075812578201294,13,389.4369812011719,577.2236328125,26.988521575927734,15.279511451721191,-1.5472290078785758
00065,89,0.10714107751846313,13,319.9460754394531,555.9232177734375,23.3380069732666,11.930622100830078,1.5672176641554127
00065,90,0.10248560458421707,18,79.81108856201172,364.1253967285156,30.763233184814453,11.592967987060547,-0.0048639774322509766
00065,91,0.09827477484941483,13,21.038572311401367,599.6184692382812,32.24235916137695,16.648386001586914,1.5605307380345206
00065,92,0.09439690411090851,11,190.33424377441406,234.92996215820312,40.27980041503906,15.362763404846191,-1.3260023007777075
00065,93,0.09172791242599487,13,160.1478271484375,472.6094970703125,29.187454223632812,19.444503784179688,-1.5582843591135482
00065,94,0.08846008777618408,13,254.9321746826172,471.8153076171875,28.884937286376953,11.14664077758789,-1.5300331870701651
00065,95,0.08627450466156006,3,289.1807556152344,589.0031127929688,313.6524658203125,91.7225341796875,-0.005556344985961914
00065,96,0.0850624218583107,13,306.148193359375,90.0177993774414,78.37532043457031,22.261165618896484,-0.5107129216194153
00065,97,0.08454105257987976,18,143.71881103515625,563.656982421875,23.57030487060547,8.678506851196289,1.562859014668737
00065,98,0.08378620445728302,13,435.789794921875,551.331787109375,21.423564910888672,9.641794204711914,-1.486584031083856
00065,99,0.08233241736888885,18,146.49298095703125,309.71917724609375,15.409252166748047,8.72414779663086,0.23522162437438965
00065,100,0.08060559630393982,13,368.26531982421875,467.6707763671875,28.426828384399414,12.931039810180664,-1.5696098367359976
00065,101,0.07799287885427475,13,79.996337890625,364.7750549316406,32.455650329589844,11.91109561920166,-0.012501239776611328
00065,102,0.0775422602891922,18,389.44293212890625,468.0346984863281,33.763633728027344,14.556396484375,-1.5680535596937428
00065,103,0.07698553055524826,15,174.54840087890625,472.9740905761719,29.083389282226562,18.222063064575195,-1.5655474230323474
00065,104,0.07556909322738647,13,16.735626220703125,11.651374816894531,64.2935791015625,32.70088195800781,0.25585493445396423
00065,105,0.07493679970502853,18,127.64765167236328,558.9490966796875,18.820327758789062,8.582170486450195,-1.5600597421315054
00065,106,0.0748434066772461,13,242.3211212158203,286.6950378417969,19.34539222717285,9.857670783996582,-0.09272730350494385
00065,107,0.07149970531463623,13,128.7928466796875,494.04986572265625,41.2949333190918,12.584123611450195,-1.5500075379994254
00065,108,0.07046618312597275,13,238.96656799316406,428.3587341308594,32.26751708984375,12.82412052154541,1.539098815121923
00065,109,0.06938447803258896,13,260.5003967285156,292.4747314453125,19.401002883911133,16.336156845092773,-0.06810855865478516
00065,110,0.06766102463006973,13,270.03717041015625,323.34857177734375,34.987831115722656,13.559268951416016,1.483970002332006
00065,111,0.06678485870361328,18,81.17829895019531,233.30982971191406,41.826995849609375,17.363191604614258,-1.5406070510533194
00065,112,0.06515603512525558,18,172.5460968017578,234.7137451171875,38.55093765258789,14.489397048950195,-1.4188373843815665
00065,113,0.06400227546691895,11,60.64036178588867,604.9578247070312,69.61410522460938,42.427833557128906,-0.02318716235458851
00065,114,0.0629354938864708,13,319.987548828125,428.3009338378906,35.479061126708984,9.790270805358887,-1.559006885686193
00065,115,0.0629354789853096,13,105.4265365600586,558.59521484375,14.576505661010742,6.501401901245117,-0.08705854415893555
00065,116,0.06281540542840958,18,269.9854431152344,605.4286499023438,49.943809509277344,18.502273559570312,1.5513642589238028
00065,117,0.060582347214221954,18,27.51500129699707,235.76931762695312,58.91025924682617,20.575075149536133,1.551044656955872
00065,118,0.05964129418134689,13,422.5715637207031,465.32647705078125,26.765626907348633,10.70195484161377,1.5173364440586905
00065,119,0.05917910113930702,13,337.92333984375,443.5538330078125,22.891765594482422,12.665696144104004,-1.564888552823339
00065,120,0.058267656713724136,13,256.7021789550781,449.47607421875,21.262489318847656,14.63040542602539,-1.5509427348759512
00065,121,0.05670264735817909,16,269.9854431152344,605.4286499023438,49.943809509277344,18.502273559570312,1.5513642589238028
00065,122,0.05523635447025299,13,190.33424377441406,234.92996215820312,40.27980041503906,15.362763404846191,-1.3260023007777075
00065,123,0.054009389132261276,17,290.07763671875,589.1768188476562,310.8154602050781,93.83232116699219,-0.031670212745666504
00065,124,0.05371744930744171,18,60.22371292114258,604.7388305664062,40.04392623901367,13.612974166870117,1.5437873164799552
00065,125,0.053512267768383026,17,296.846435546875,446.9761962890625,300.7930908203125,80.50239562988281,-0.0394061841070652
00065,126,0.05320469290018082,13,146.57272338867188,470.95037841796875,23.46135711669922,12.585051536560059,1.528914407887731
00065,127,0.05230935290455818,13,302.0588073730469,556.5646362304688,24.897666931152344,12.178726196289062,1.5333889285710196
00065,128,0.05219109728932381,10,226.7701873779297,608.1411743164062,53.1438102722168,18.50189208984375,1.5266001979496817
00065,129,0.05216316506266594,6,311.44866943359375,270.5572814941406,290.2803649902344,150.91949462890625,-0.00974798109382391
00065,130,0.051790058612823486,15,140.47772216796875,476.1241455078125,30.430971145629883,14.600685119628906,1.5543096820500235
00065,131,0.051037661731243134,13,413.1541442871094,559.9462280273438,33.49782180786133,19.664825439453125,1.5189017812397818
00065,132,0.05066271126270294,13,79.96318054199219,603.4246215820312,31.47419548034668,13.214545249938965,1.5161536457624774
00200,0,0.7929338812828064,6,340.4742736816406,388.0860595703125,235.34375,178.52664184570312,-0.34233900904655457
00200,1,0.08598173409700394,1,329.19635009765625,320.3678894042969,162.7495574951172,31.871734619140625,-0.38233840465545654
00200,2,0.08068881928920746,6,377.4449768066406,535.8807373046875,259.23956298828125,192.25857543945312,-0.13804076611995697
00200,3,0.07717905938625336,8,343.6929931640625,388.4853820800781,248.40403747558594,178.82737731933594,-0.3403586149215698
00200,4,0.06746651977300644,1,339.68194580078125,454.39202880859375,200.3097381591797,31.641618728637695,-0.33218109607696533
00200,5,0.0637269988656044,4,341.49859619140625,391.24896240234375,254.3943634033203,180.54434204101562,-0.33616137504577637
00200,6,0.05271720886230469,6,333.712890625,322.5113525390625,149.181640625,24.820369720458984,-0.36351513862609863
00200,7,0.05084017291665077,18,413.7203674316406,121.28773498535156,16.671592712402344,6.979865074157715,-1.1399192372944693
00021,0,0.6171475648880005,17,423.7678527832031,380.6032409667969,570.4461669921875,122.25175476074219,-1.5081228772786002
00021,1,0.12536555528640747,8,395.0977478027344,47.52324295043945,29.20009422302246,11.808549880981445,-1.3308984796192984
00021,2,0.10676045715808868,18,164.90992736816406,280.0865783691406,19.599559783935547,4.961947441101074,0.20116184651851654
00021,3,0.10434333235025406,4,677.8301391601562,492.20721435546875,26.530071258544922,9.406267166137695,0.3784191608428955
00021,4,0.0975014865398407,18,88.46544647216797,665.1141357421875,12.960613250732422,5.674626350402832,-1.3046768764641623
00021,5,0.06715747714042664,18,638.314208984375,168.14517211914062,9.24085521697998,6.268575668334961,0.24058473110198975
00021,6,0.06613754481077194,18,609.5101928710938,511.48394775390625,15.118237495422363,7.464343070983887,-1.2510743896153311
00021,7,0.062136370688676834,1,424.22955322265625,386.4972839355469,560.0755615234375,116.68014526367188,-1.4861394921925406
00021,8,0.061334509402513504,18,234.37509155273438,362.63348388671875,10.00399398803711,6.851680278778076,1.5483390847828726
00021,9,0.05704674497246742,18,209.18605041503906,252.524658203125,15.276491165161133,7.059484481811523,-1.17059122125176
00021,10,0.053434208035469055,18,617.1935424804688,472.9344787597656,12.576370239257812,5.126097679138184,0.3969231843948364
00021,11,0.051867902278900146,18,607.51123046875,494.1393737792969,19.703014373779297,6.850088119506836,-1.2388035813954215
00021,12,0.050143249332904816,18,583.141357421875,479.89776611328125,20.24910545349121,6.400550365447998,-1.1752954284336905
00163,0,0.826845645904541,13,219.57313537597656,190.3938446044922,229.1607208251953,47.7704963684082,-0.02357184886932373
00163,1,0.7437624335289001,13,580.2432250976562,183.44155883789062,220.48550415039062,43.0935173034668,-0.01525020506232977
00163,2,0.13820283114910126,11,592.5452270507812,147.32937622070312,156.63609313964844,27.51524543762207,-0.018154144287109375
00163,3,0.12708693742752075,18,737.0702514648438,66.16143798828125,14.540059089660645,6.806682586669922,-1.5685257474568228
00163,4,0.11730635911226273,13,325.61285400390625,135.6071319580078,35.29119873046875,10.793600082397461,-0.052278753370046616
00163,5,0.10957799851894379,11,578.9739379882812,185.54942321777344,243.39755249023438,41.90180587768555,-0.02695620059967041
00163,6,0.10444427281618118,18,753.1556396484375,69.75572204589844,27.187759399414062,9.490901947021484,1.564321116139416
00163,7,0.09352918714284897,18,324.8186340332031,136.0471649169922,34.836181640625,10.657840728759766,-0.03471517562866211
00163,8,0.07331423461437225,11,215.93179321289062,191.8543701171875,246.2860565185547,46.30473709106445,-0.012018918991088867
00163,9,0.0670817494392395,11,256.0375671386719,132.92739868164062,222.15065002441406,78.51812744140625,-0.07152711600065231
00163,10,0.06459435820579529,18,217.53713989257812,190.480712890625,233.45053100585938,46.38922882080078,-0.017849205061793327
00163,11,0.056286223232746124,15,257.08074951171875,613.5883178710938,85.93256378173828,82.16712188720703,-1.4637165750053267
00163,12,0.05420710891485214,13,210.52188110351562,254.5211181640625,188.964111328125,104.72086334228516,-0.09072793275117874
00163,13,0.05158020183444023,4,577.528564453125,185.57754516601562,219.4058074951172,40.972740173339844,0.014131307601928711
00163,14,0.051209140568971634,18,766.9199829101562,58.41767501831055,16.611289978027344,9.357994079589844,0.010362864471971989
00199,0,0.9095626473426819,0,217.57875061035156,444.72161865234375,183.61668395996094,144.22158813476562,-0.8672611872341971
00199,1,0.484205037355423,18,294.6466064453125,358.0138854980469,24.812524795532227,10.121220588684082,-0.9276354471829276
00199,2,0.19343601167201996,18,71.49610137939453,82.37567138671875,31.004575729370117,10.157240867614746,-0.011993885040283203
00199,3,0.10184464603662491,0,560.0591430664062,330.3978576660156,138.405029296875,103.9030990600586,1.0262618819859366
00199,4,0.0883428305387497,2,219.46441650390625,445.3275146484375,176.70704650878906,139.72698974609375,-0.891514734425817
00199,5,0.07007963955402374,18,189.452392578125,428.36767578125,72.45183563232422,18.383121490478516,0.46025359630584717
00199,6,0.06582074612379074,5,559.4546508789062,326.6319580078125,163.19195556640625,53.426239013671875,0.8457623283055167
00104,0,0.9410906434059143,2,308.7777404785156,121.44779205322266,180.51063537597656,180.35171508789062,-1.567243174710546
00104,1,0.9210234880447388,16,338.1445007324219,684.0169677734375,94.6487808227539,44.95766067504883,-1.5591460029270987
00104,2,0.9094451069831848,16,195.4149932861328,685.40283203125,95.04205322265625,44.63352966308594,-1.5681955377247672
00104,3,0.9051831364631653,2,356.5157470703125,500.3357238769531,133.50970458984375,129.80270385742188,0.010804414749145508
00104,4,0.880823016166687,16,480.07745361328125,684.5074462890625,96.95849609375,46.71149444580078,-1.5573491603743772
00104,5,0.8731046915054321,16,266.5914611816406,684.4647216796875,94.74215698242188,44.82200622558594,1.5591235915806632
00104,6,0.8577830791473389,16,409.2652587890625,684.621826171875,94.21990966796875,45.18964385986328,-1.5623515416544418
00104,7,0.8553004264831543,16,123.72765350341797,685.1842041015625,95.8096923828125,45.525611877441406,-1.5657952591453235
00104,8,0.20591698586940765,10,196.38754272460938,686.6614990234375,95.43367767333984,45.184226989746094,1.564130620160375
00104,9,0.1962583363056183,18,251.6088104248047,478.8600158691406,23.548551559448242,8.804325103759766,1.5680627385762076
00104,10,0.1506863683462143,10,123.9845962524414,685.0353393554688,96.84085083007812,45.351593017578125,-1.5517879287388663
00104,11,0.14510329067707062,10,409.08990478515625,684.6449584960938,96.29057312011719,46.0357551574707,-1.5684432546284537
00104,12,0.13976812362670898,10,266.14825439453125,687.4063720703125,94.28199005126953,46.9344596862793,1.535534099736486
00104,13,0.11787495762109756,10,479.953369140625,684.2325439453125,96.54224395751953,44.43666458129883,-1.545070125782166
00104,14,0.1071959063410759,10,338.15960693359375,684.3298950195312,96.37503814697266,46.659217834472656,1.564691260983471
00104,15,0.06156706437468529,18,287.9900207519531,565.189208984375,12.7800874710083,11.135811805725098,1.4167950759318213
00104,16,0.055003028362989426,16,538.2885131835938,699.7388916015625,101.27993774414062,42.66435623168945,1.5606355230000357
00078,0,0.9354843497276306,2,263.72796630859375,233.75564575195312,181.15191650390625,177.3511199951172,-1.5629827539112906
00078,1,0.9180709719657898,2,509.00494384765625,261.7878112792969,177.36489868164062,175.20370483398438,-1.5669010440495352
00078,2,0.05100605636835098,1,749.8151245117188,581.7626953125,329.90460205078125,81.3785400390625,1.3949530879643302
00196,0,0.8464434146881104,8,500.3509521484375,394.84942626953125,203.3698272705078,73.93829345703125,0.610571563243866
00196,1,0.4818708300590515,18,442.321044921875,491.59625244140625,45.242767333984375,9.91501522064209,-0.9395587007191519
00196,2,0.44867992401123047,18,545.1989135742188,284.6596984863281,39.3899040222168,12.548933029174805,-0.9557217518475394
00196,3,0.37270888686180115,18,558.6680297851562,301.0092468261719,21.80614471435547,8.161436080932617,-0.9009277383473258
00196,4,0.28626126050949097,18,419.28179931640625,526.1924438476562,21.520679473876953,9.24404525756836,-0.9163978258755545
00196,5,0.25689637660980225,18,661.15478515625,390.037841796875,31.390968322753906,11.423345565795898,-0.8848701874401907
00196,6,0.20183895528316498,18,563.1170043945312,259.86822509765625,32.188411712646484,10.829839706420898,-0.7948700944569449
00196,7,0.1746486872434616,18,215.3783721923828,536.3261108398438,12.296984672546387,9.788154602050781,-0.1208953782916069
00196,8,0.1482769250869751,18,468.8034362792969,451.3910827636719,44.550479888916016,12.699206352233887,-0.9543547193196158
00196,9,0.13914349675178528,18,597.7848510742188,302.67010498046875,63.295841217041016,17.052173614501953,-0.40347373485565186
00196,10,0.1359240859746933,18,584.0146484375,253.56024169921875,57.54732894897461,12.830804824829102,-0.944514469304357
00196,11,0.11306077986955643,18,207.76258850097656,545.669189453125,14.655488014221191,10.583864212036133,-0.19014203548431396
00196,12,0.11199353635311127,18,545.11962890625,348.4783935546875,56.51190948486328,16.642934799194336,-0.7658990184452872
00196,13,0.10521186143159866,18,581.457275390625,229.29632568359375,28.7349796295166,11.140545845031738,-1.0954746762898306
00196,14,0.10148247331380844,18,416.0299987792969,477.20965576171875,21.822887420654297,10.123636245727539,-1.029844001927648
00196,15,0.09755188971757889,3,387.5851745605469,415.22039794921875,74.56022644042969,63.42463684082031,-1.468724207082067
00196,16,0.08975242078304291,18,528.725830078125,326.22796630859375,52.79051971435547,14.190500259399414,-0.894620613255773
00196,17,0.08167773485183716,18,128.34730529785156,786.5482788085938,16.299226760864258,7.88015079498291,-0.45974862575531006
00196,18,0.07666697353124619,18,578.0623168945312,289.1712341308594,42.72310256958008,21.88983154296875,-1.1295232335713248
00196,19,0.07024955749511719,18,543.9959716796875,491.68890380859375,23.59172821044922,9.434385299682617,-1.0559904138234
00196,20,0.06655734032392502,18,262.7558898925781,522.7325439453125,27.222400665283203,11.152427673339844,-1.0635983506825308
00196,21,0.0665130615234375,5,177.7982940673828,669.0714111328125,77.6220703125,16.39788246154785,-1.0664975206044058
00196,22,0.0660892054438591,18,522.9658203125,193.5729522705078,9.44864273071289,8.560844421386719,-1.307962373891149
00196,23,0.06155574321746826,18,393.5400085449219,508.47918701171875,36.01313400268555,13.252049446105957,-1.0328170816090445
00196,24,0.05718955025076866,18,760.80810546875,268.1719055175781,15.477640151977539,8.706283569335938,-1.2789270738747458
00196,25,0.056916043162345886,18,786.015625,274.7237854003906,78.15386199951172,21.947275161743164,-1.1375924805786948
00196,26,0.05166749656200409,13,661.7450561523438,389.93817138671875,33.293243408203125,11.247855186462402,-0.9059555093434195
00196,27,0.05159607157111168,18,519.0732421875,308.17144775390625,16.675018310546875,16.372539520263672,0.17143547534942627
00027,0,0.9307821393013,15,440.0706787109375,435.69964599609375,263.58111572265625,255.80221557617188,-0.001378893735818565
00027,1,0.2841644287109375,18,155.6171417236328,729.267578125,16.532852172851562,7.600740909576416,-0.1527249813079834
00027,2,0.21078911423683167,18,175.92832946777344,555.5430908203125,13.421380996704102,7.217931747436523,1.3003484765675406
00027,3,0.16616784036159515,18,162.60464477539062,737.8567504882812,16.587610244750977,7.601032257080078,-0.08755599707365036
00027,4,0.1499941349029541,18,585.2111206054688,739.36328125,14.892739295959473,7.340232849121094,1.0897192219879965
00027,5,0.12432710081338882,18,752.7686767578125,517.052734375,9.015290260314941,5.338051795959473,1.3884793082859854
00027,6,0.1036071628332138,18,639.88818359375,5.568674087524414,13.160244941711426,9.42823600769043,1.3747891942646842
00027,7,0.09887143224477768,18,225.88772583007812,704.0239868164062,25.857866287231445,12.383147239685059,1.2032063464310507
00027,8,0.08505558222532272,18,137.60946655273438,718.0466918945312,16.4725284576416,7.846524238586426,-0.013491988182067871
00027,9,0.08217588812112808,18,89.47303771972656,324.8992919921875,13.08718490600586,9.901278495788574,-0.1452181339263916
00027,10,0.08003690838813782,18,228.85653686523438,118.83113861083984,24.234561920166016,9.655111312866211,-0.9874255220082144
00027,11,0.0704311951994896,18,246.77200317382812,551.638671875,8.551338195800781,8.283853530883789,1.3455643216755728
00027,12,0.07003755867481232,18,490.08673095703125,780.6526489257812,25.84320068359375,10.126245498657227,-1.4362459937718253
00027,13,0.06954856216907501,18,238.99789428710938,520.7019653320312,13.732338905334473,6.883511543273926,-0.23821544647216797
00027,14,0.06491357833147049,18,188.9227294921875,680.015625,10.533909797668457,6.781296253204346,-0.11148393154144287
00027,15,0.06413666158914566,18,484.83251953125,447.54425048828125,225.9405059814453,161.98727416992188,-1.5500963507827858
00027,16,0.0633096769452095,18,159.43975830078125,54.98810958862305,18.789127349853516,10.688249588012695,1.2001062194493155
00027,17,0.06075165420770645,18,561.66259765625,640.3723754882812,10.67817497253418,8.942392349243164,-0.09852802753448486
00027,18,0.05609457567334175,18,259.87713623046875,139.09764099121094,16.9957275390625,12.084332466125488,-1.498482302823339
00027,19,0.050287701189517975,18,706.8923950195312,790.4143676757812,16.35552978515625,8.158770561218262,-0.43849313259124756
00040,0,0.4757102429866791,4,358.619140625,365.999755859375,513.4855346679688,24.341989517211914,-1.4488764564183096
00040,1,0.23730048537254333,18,336.775634765625,722.1427001953125,14.079989433288574,8.121581077575684,0.25150609016418457
00040,2,0.18496079742908478,18,347.3295593261719,757.2735595703125,38.943824768066406,11.595025062561035,0.9496054212239127
00040,3,0.1372956782579422,6,356.78741455078125,373.25531005859375,473.67254638671875,25.46457290649414,-1.4400417367604117
00040,4,0.13000652194023132,18,305.0356140136719,709.0215454101562,11.591838836669922,6.9969258308410645,-1.247252539792333
00040,5,0.0874791294336319,0,84.31806945800781,688.739501953125,13.139276504516602,11.833942413330078,1.3288255492832999
00040,6,0.08420231938362122,11,297.77947998046875,370.0810241699219,476.77972412109375,89.60310363769531,-1.4432272473957877
00040,7,0.08309880644083023,0,95.4794921875,717.5723266601562,8.218301773071289,6.433558464050293,1.4175157258894782
00040,8,0.08248376101255417,0,62.88420104980469,680.3447875976562,8.77444839477539,5.591360092163086,1.333413184681211
00040,9,0.06785545498132706,4,297.77947998046875,370.0810241699219,476.77972412109375,89.60310363769531,-1.4432272473957877
00040,10,0.0660862848162651,12,351.652587890625,424.6453857421875,422.595458984375,23.656574249267578,-1.4753896752980094
00040,11,0.06064292788505554,0,79.34027099609375,705.0676879882812,15.41187572479248,12.838393211364746,1.4125178615239005
00040,12,0.060050465166568756,11,402.95037841796875,363.25341796875,457.8692321777344,117.92064666748047,-1.4520768682148795
00040,13,0.05208481475710869,15,305.0356140136719,709.0215454101562,11.591838836669922,6.9969258308410645,-1.247252539792333
00044,0,0.9468420743942261,16,460.18621826171875,266.9434509277344,132.87258911132812,62.50383758544922,1.4176078597691397
00044,1,0.9466414451599121,16,539.137451171875,254.8525390625,134.3421173095703,62.989906311035156,1.4248122731831412
00044,2,0.8531633019447327,2,184.4210968017578,510.2939758300781,157.96388244628906,157.9139862060547,0.0567328967154026
00044,3,0.8100929260253906,3,636.2263793945312,291.61181640625,99.43829345703125,56.630943298339844,1.4709021608021597
00044,4,0.7410545945167542,18,138.6206512451172,778.7766723632812,26.64840316772461,12.686297416687012,-1.4289848367359976
00044,5,0.4632890522480011,18,66.48628997802734,16.22122573852539,23.508182525634766,12.113031387329102,-0.12012159824371338
00044,6,0.2766852378845215,18,423.5893859863281,794.9412841796875,14.547496795654297,10.232697486877441,1.4638790721681456
00044,7,0.20467667281627655,18,82.04483795166016,753.6483154296875,16.264495849609375,11.493741035461426,-1.446391069391046
00044,8,0.11545015126466751,18,46.420501708984375,39.45235824584961,25.032249450683594,11.034722328186035,-0.10803091526031494
00044,9,0.10814116895198822,18,671.5571899414062,760.5254516601562,7.185722351074219,7.004549980163574,0.31194448471069336
00044,10,0.07704950869083405,18,636.280517578125,289.7801818847656,99.38444519042969,55.842525482177734,1.4686884442952017
00044,11,0.06882211565971375,16,633.404541015625,285.6141052246094,97.4149169921875,45.841468811035156,-1.5435993234303336
00044,12,0.061871856451034546,14,184.2235870361328,510.3504943847656,158.0037384033203,156.46092224121094,-1.506101326146398
00044,13,0.0607055239379406,0,183.49972534179688,510.9515075683594,157.72811889648438,156.0013885498047,-1.5187806646015982
00044,14,0.05944925919175148,18,306.9707946777344,755.7630615234375,13.369786262512207,11.396596908569336,0.09073162078857422
00090,0,0.8159873485565186,13,412.893798828125,262.0177001953125,33.66423034667969,12.33944320678711,0.3099353313446045
00090,1,0.8131301403045654,13,227.61729431152344,514.85546875,37.260684967041016,13.125652313232422,-1.1283659795906882
00090,2,0.8004970550537109,13,485.9224853515625,582.62451171875,52.782901763916016,17.835918426513672,-1.1569993356850485
00090,3,0.8000961542129517,13,420.73065185546875,588.3231811523438,41.077789306640625,14.089618682861328,0.5140477418899536
00090,4,0.7995901107788086,13,463.18994140625,497.83612060546875,38.874786376953125,13.569347381591797,0.5074118375778198
00090,5,0.7872568368911743,13,344.9830322265625,494.5443115234375,28.385799407958984,10.530500411987305,0.30291855335235596
00090,6,0.7805959582328796,13,510.09185791015625,526.1549072265625,38.3580322265625,14.663753509521484,-1.1535656313088278
00090,7,0.7732728123664856,13,314.88897705078125,596.35693359375,31.526264190673828,12.372452735900879,0.30704522132873535
00090,8,0.7677503824234009,13,329.90301513671875,545.3856811523438,30.09362030029297,10.658624649047852,0.24759387969970703
00090,9,0.7640910744667053,13,420.2562561035156,232.6256103515625,30.908763885498047,11.662612915039062,0.210829958319664
00090,10,0.7634667754173279,13,475.8241271972656,478.7246398925781,45.112483978271484,13.581847190856934,0.5145655870437622
00090,11,0.7561769485473633,13,309.4070129394531,613.7321166992188,31.05059814453125,11.476709365844727,0.24625015258789062
00090,12,0.7509764432907104,13,380.86578369140625,231.0946044921875,30.879098892211914,11.587516784667969,0.9893193999913077
00090,13,0.7506681680679321,13,370.764404296875,267.1684265136719,31.29578399658203,11.870750427246094,0.9700527350094656
00090,14,0.7414061427116394,13,321.3399353027344,440.671875,27.294540405273438,11.929704666137695,1.0639941255238394
00090,15,0.7322428226470947,13,442.54888916015625,540.3416137695312,34.40878677368164,11.659749031066895,0.46032989025115967
00090,16,0.7298348546028137,13,454.63128662109375,511.8157958984375,26.710927963256836,10.519378662109375,0.49812808632850647
00090,17,0.7228940725326538,13,305.87384033203125,630.7591552734375,30.81285858154297,11.693885803222656,0.2916750907897949
00090,18,0.6976743936538696,13,359.5588073730469,326.1686096191406,25.176624298095703,10.629219055175781,1.0073847333577017
00090,19,0.6710152626037598,13,449.3570556640625,528.0296020507812,35.82767868041992,12.980591773986816,0.5014800429344177
00090,20,0.5874040722846985,11,197.54885864257812,738.2835083007812,193.38038635253906,56.20193099975586,-0.012509703636169434
00090,21,0.5719820261001587,13,338.839599609375,511.72210693359375,23.97567367553711,11.736709594726562,0.3486841917037964
00090,22,0.4958815574645996,13,315.99530029296875,152.272705078125,67.08145141601562,22.15624237060547,-0.3915102481842041
00090,23,0.49504297971725464,11,348.415771484375,432.3050842285156,444.217041015625,76.65727996826172,-1.289032177129064
00090,24,0.4624737501144409,11,523.1428833007812,560.5877075195312,215.98138427734375,108.48974609375,0.4931565523147583
00090,25,0.4411895275115967,11,230.5786895751953,158.3535614013672,216.07032775878906,72.89624786376953,-0.1415252685546875
00090,26,0.43355128169059753,11,139.22909545898438,429.3003845214844,241.38104248046875,47.4168701171875,-0.04331541061401367
00090,27,0.4032553732395172,11,182.02203369140625,272.0446472167969,216.40061950683594,49.35171890258789,-0.1163712739944458
00090,28,0.3991272747516632,13,311.0582580566406,473.66876220703125,22.82567024230957,13.417459487915039,1.1903810958054404
00090,29,0.3573048412799835,11,558.7550048828125,734.9478759765625,293.23187255859375,120.88621520996094,0.24937449395656586
00090,30,0.3389407694339752,11,164.35496520996094,349.63812255859375,269.0354919433594,63.22449493408203,-0.13309741020202637
00090,31,0.28246334195137024,11,133.44947814941406,540.8302001953125,266.1535949707031,64.56857299804688,0.0052787065505981445
00090,32,0.2723813056945801,11,288.20989990234375,19.774667739868164,167.00869750976562,41.612831115722656,-0.03261971473693848
00090,33,0.23820896446704865,13,243.51083374023438,437.83038330078125,16.649856567382812,8.385746955871582,-1.080375419059072
00090,34,0.22420479357242584,11,412.9891357421875,788.465576171875,24.707529067993164,11.17326831817627,-1.5082038203862052
00090,35,0.22157463431358337,11,171.5992431640625,636.8411865234375,207.4756317138672,37.717796325683594,-0.0010188817977905273
00090,36,0.2181202471256256,13,295.5611572265625,526.974365234375,27.162721633911133,9.79771614074707,1.0702843825009207
00090,37,0.1925169974565506,13,325.88897705078125,98.64865112304688,33.29490661621094,11.166654586791992,-0.314233660697937
00090,38,0.18978971242904663,18,105.36946105957031,164.43458557128906,11.626517295837402,6.552994728088379,-1.3168342868473868
00090,39,0.1849333494901657,18,677.9733276367188,616.3992309570312,9.847326278686523,7.489576816558838,0.12755465507507324
00090,40,0.17756760120391846,11,245.8914794921875,421.433349609375,56.62887954711914,25.714824676513672,-0.8515827218678336
00090,41,0.15692290663719177,13,200.5658721923828,636.2374877929688,12.22219467163086,8.003910064697266,-0.01425790786743164
00090,42,0.13573585450649261,13,283.902099609375,251.7111358642578,66.63536071777344,30.553756713867188,-0.8164457837727408
00090,43,0.1299503892660141,18,50.27838134765625,318.1917724609375,9.29148006439209,6.2073974609375,-1.5047789374974112
00090,44,0.126464381814003,11,209.18040466308594,511.5547790527344,42.43484878540039,34.357749938964844,-1.2441865960743765
00090,45,0.12376678735017776,13,195.34352111816406,648.0521850585938,17.602558135986328,5.614438056945801,-0.00392305850982666
00090,46,0.11377426981925964,11,430.7413330078125,729.526611328125,68.6005630493164,29.206676483154297,-1.3155654529717307
00090,47,0.11183689534664154,13,45.520912170410156,396.8001708984375,17.62417984008789,6.9815354347229,-0.2347440868616104
00090,48,0.10575244575738907,13,147.37852478027344,443.7361145019531,72.12203216552734,17.48764991760254,0.08218419551849365
00090,49,0.10426139086484909,13,13.789970397949219,358.3750305175781,27.8660888671875,7.79374885559082,-1.2080246965077261
00090,50,0.10049613565206528,11,223.11886596679688,568.9970092773438,60.051788330078125,38.63787078857422,-1.3211805383351187
00090,51,0.09805049002170563,13,361.6397705078125,99.7920150756836,27.345855712890625,12.094015121459961,-0.3930550515651703
00090,52,0.09538469463586807,11,601.9650268554688,688.8460693359375,150.6462860107422,21.984928131103516,0.2947953939437866
00090,53,0.0948624238371849,18,33.08091735839844,177.3598175048828,8.577560424804688,5.891994476318359,-1.2182940999653677
00090,54,0.09381426125764847,18,44.86960220336914,397.8975830078125,17.262836456298828,6.860601425170898,-0.20232725143432617
00090,55,0.09194932132959366,11,511.9010314941406,776.7965087890625,113.51167297363281,25.60674476623535,0.38961732387542725
00090,56,0.09156609326601028,18,19.515789031982422,50.06693649291992,25.923954010009766,12.720327377319336,0.2862328290939331
00090,57,0.091366246342659,11,326.0460205078125,98.98855590820312,32.13240432739258,11.611720085144043,-0.33660149574279785
00090,58,0.08781179040670395,6,156.5634765625,754.99169921875,96.950439453125,16.08310317993164,-0.04335010051727295
00090,59,0.0875399187207222,13,303.1954040527344,645.4601440429688,27.86612319946289,10.966007232666016,0.23196661472320557
00090,60,0.08679351955652237,13,412.8075866699219,789.3671264648438,26.911449432373047,11.66682243347168,-1.4817637960102896
00090,61,0.08564721047878265,11,262.864013671875,791.6058959960938,59.83992385864258,26.591854095458984,-0.5658212900161743
00090,62,0.08416415005922318,13,133.93408203125,643.8203735351562,102.9886474609375,23.297706604003906,-0.006333231460303068
00090,63,0.08375909924507141,11,567.1635131835938,491.03515625,186.94064331054688,57.64295959472656,0.3385368883609772
00090,64,0.08205036073923111,13,546.0692138671875,525.340576171875,27.92504119873047,8.805411338806152,0.44607099890708923
00090,65,0.08191704005002975,11,486.3999938964844,582.5046997070312,54.89402770996094,18.292516708374023,-1.1481773416188101
00090,66,0.08183436840772629,11,155.7037811279297,444.0505676269531,72.05726623535156,9.622563362121582,-0.10129451006650925
00090,67,0.08004669845104218,11,160.143310546875,753.0848999023438,65.64543914794922,14.414773941040039,0.017873048782348633
00090,68,0.07977195829153061,13,15.66537857055664,11.828699111938477,60.80557632446289,33.40856170654297,0.28246212005615234
00090,69,0.07973985373973846,11,13.49799919128418,357.94207763671875,30.422115325927734,7.956238269805908,-1.2053923169758658
00090,70,0.07779993116855621,13,358.1396179199219,453.6246337890625,23.692794799804688,8.389785766601562,0.28229987621307373
00090,71,0.07757814973592758,13,245.51695251464844,422.5982360839844,55.42986297607422,23.10894012451172,-0.8845011750843863
00090,72,0.07547803968191147,11,387.68359375,239.69407653808594,60.038177490234375,27.234317779541016,1.1499923030522208
00090,73,0.07211820036172867,18,13.789970397949219,358.3750305175781,27.8660888671875,7.79374885559082,-1.2080246965077261
00090,74,0.06950869411230087,11,625.4994506835938,736.1382446289062,179.766357421875,3.7587318420410156,0.2812274694442749
00090,75,0.06844554841518402,13,570.8150634765625,548.8469848632812,23.7637939453125,7.831063270568848,0.5595201253890991
00090,76,0.06747494637966156,11,362.3233642578125,99.51322937011719,25.751449584960938,10.746017456054688,-0.4099656343460083
00090,77,0.0661594346165657,4,156.5634765625,754.99169921875,96.950439453125,16.08310317993164,-0.04335010051727295
00090,78,0.0651441439986229,11,521.6654663085938,761.632568359375,78.62440490722656,16.30991554260254,0.5878534913063049
00090,79,0.0632622241973877,13,310.82391357421875,524.3553466796875,18.408140182495117,17.20973777770996,1.414207057156835
00090,80,0.06318201869726181,18,315.94830322265625,152.14935302734375,69.3719253540039,22.921113967895508,-0.413186639547348
00090,81,0.06310757249593735,11,168.01251220703125,371.7621154785156,67.2054443359375,8.870397567749023,-0.15389764308929443
00090,82,0.0630652979016304,11,508.23529052734375,526.7980346679688,42.6905517578125,14.453195571899414,-1.27079172531632
00090,83,0.06292057037353516,11,418.5571594238281,745.68798828125,20.58504867553711,9.031176567077637,-1.233415083089147
00090,84,0.0627022534608841,11,230.12936401367188,346.42169189453125,42.42169952392578,40.183555603027344,0.8963900367405753
00090,85,0.062424905598163605,18,177.64137268066406,29.875961303710938,18.539081573486328,6.8290791511535645,-0.25123918056488037
00090,86,0.0622222013771534,13,594.95556640625,619.1070556640625,31.77723503112793,11.39471435546875,0.440463662147522
00090,87,0.060597240924835205,11,486.89990234375,676.3931884765625,77.21563720703125,16.782203674316406,0.4571734666824341
00090,88,0.06028274446725845,13,152.33946228027344,754.5578002929688,86.83477783203125,15.859487533569336,-0.03798520565032959
00090,89,0.05935290455818176,18,509.65728759765625,526.56103515625,38.73904037475586,14.775407791137695,-1.1599025587227683
00090,90,0.05909173563122749,11,457.6741638183594,738.389404296875,57.591346740722656,11.638524055480957,0.43416082859039307
00090,91,0.05790446698665619,11,235.31210327148438,516.5109252929688,35.57024383544922,16.047611236572266,-1.274293021359716
00090,92,0.05786833539605141,13,302.0361328125,657.3068237304688,19.702964782714844,9.2249116897583,0.25761687755584717
00090,93,0.05762110650539398,18,321.89306640625,438.98297119140625,27.882801055908203,12.857983589172363,1.1085655550148825
00090,94,0.05707896500825882,13,184.88540649414062,642.4812622070312,38.661373138427734,6.231913089752197,-0.04401063919067383
00090,95,0.05701197683811188,13,274.08758544921875,116.98285675048828,23.090593338012695,6.063541412353516,-0.36227381229400635
00090,96,0.055769842118024826,18,314.19842529296875,596.2750244140625,31.795028686523438,11.608512878417969,0.3122333288192749
00090,97,0.054958075284957886,13,50.27838134765625,318.1917724609375,9.29148006439209,6.2073974609375,-1.5047789374974112
00090,98,0.05405854806303978,18,676.4241943359375,633.9345703125,11.830453872680664,8.258355140686035,0.2482205629348755
00090,99,0.054033197462558746,11,489.94439697265625,726.97314453125,26.321922302246094,22.083967208862305,0.35758817195892334
00090,100,0.05347411334514618,11,149.29010009765625,532.4031982421875,95.0230484008789,12.122705459594727,-0.09093726426362991
00090,101,0.05291649326682091,11,305.1794128417969,107.5783462524414,139.92889404296875,29.976146697998047,-0.1535043865442276
00090,102,0.05238788574934006,18,359.7331848144531,326.14599609375,26.15692138671875,10.247503280639648,1.0917646447804312
00090,103,0.05227204039692879,13,220.5926055908203,498.21337890625,24.049358367919922,14.003386497497559,-1.3054662505772452
00090,104,0.051423557102680206,11,651.22265625,753.7403564453125,80.84314727783203,9.080076217651367,0.45860540866851807
00090,105,0.050697240978479385,13,474.2905578613281,516.2091064453125,22.85589599609375,17.941804885864258,0.37601450085639954
00090,106,0.050386473536491394,13,604.41552734375,493.6351318359375,33.687747955322266,7.145301818847656,0.3373885154724121
00076,0,0.957643985748291,16,395.4596862792969,424.9646301269531,156.91209411621094,73.87995147705078,1.5254116813328604
00076,1,0.9559724926948547,16,184.73643493652344,434.42535400390625,157.1361541748047,74.13240051269531,1.5271192351963858
00076,2,0.9555018544197083,16,489.8997802734375,420.0559387207031,156.29051208496094,73.29560089111328,1.5314608375218253
00076,3,0.9519748091697693,16,279.09454345703125,430.4111022949219,156.74510192871094,73.46233367919922,1.531102736541305
00076,4,0.9505494236946106,16,405.3883361816406,659.9191284179688,157.9418182373047,74.52392578125,1.5218852321293692
00076,5,0.949633777141571,16,502.4203796386719,655.5733032226562,157.4163055419922,73.64430236816406,1.5261570970204215
00076,6,0.9283439517021179,2,231.5873565673828,162.76112365722656,185.57289123535156,183.28021240234375,0.0012019872665405273
00076,7,0.8529618978500366,18,706.2252197265625,569.198486328125,50.02460479736328,17.929805755615234,1.511385397115026
00076,8,0.7521233558654785,18,239.5429229736328,663.2716064453125,30.42563247680664,15.14168643951416,-1.4916893924262862
00076,9,0.21039018034934998,18,700.2427368164062,466.96710205078125,27.664358139038086,12.90265941619873,1.473530606427465
00076,10,0.07372856885194778,18,512.2615356445312,296.445556640625,21.97800064086914,7.345729351043701,-0.08049905300140381
00076,11,0.06922955065965652,2,360.163330078125,682.920166015625,13.4002046585083,12.498624801635742,-1.5389716188099722
00106,0,0.8028523921966553,4,398.74658203125,358.153076171875,257.060546875,194.16610717773438,1.468518809476171
00106,1,0.5424755215644836,18,412.8985290527344,78.49209594726562,22.988920211791992,10.346620559692383,1.5452123443272452
00106,2,0.12094490230083466,18,621.705322265625,149.05215454101562,22.600982666015625,8.22358512878418,-0.27426981925964355
00106,3,0.10294467210769653,18,672.7581787109375,108.72746276855469,22.61431884765625,9.732146263122559,-0.33756983280181885
00106,4,0.07821422815322876,12,398.8323669433594,363.7702941894531,269.74609375,201.56112670898438,1.4909005920079093
00106,5,0.06808941811323166,6,398.8323669433594,363.7702941894531,269.74609375,201.56112670898438,1.4909005920079093
00106,6,0.05801732465624809,18,788.5534057617188,60.517799377441406,23.307052612304688,8.535958290100098,-0.3166745603084564
00158,0,0.810666561126709,7,427.4807434082031,229.09341430664062,495.9097595214844,191.02545166015625,0.23338139057159424
00158,1,0.7983646392822266,7,402.5206604003906,571.7125854492188,454.01507568359375,186.87962341308594,0.23167608678340912
00158,2,0.3967263698577881,18,290.25457763671875,510.8190612792969,61.981300354003906,11.19442081451416,0.17673110961914062
00158,3,0.3668539226055145,18,492.6112060546875,593.465087890625,39.30684280395508,8.052862167358398,-0.5384455919265747
00158,4,0.1824020892381668,18,493.66961669921875,571.2750244140625,29.31920623779297,7.421536922454834,0.18863297998905182
00158,5,0.1814413219690323,18,514.1953735351562,617.991455078125,20.46648406982422,6.902140140533447,-1.2804386178639273
00158,6,0.12109923362731934,8,353.2909240722656,142.6722412109375,16.05484390258789,12.318748474121094,0.17753098905086517
00158,7,0.09363625943660736,18,71.49663543701172,321.5726623535156,25.54274559020996,9.039262771606445,0.22632718086242676
00158,8,0.0832321047782898,18,490.5105895996094,556.2322998046875,18.18173599243164,8.331892967224121,-0.03136289492249489
00158,9,0.07867052406072617,18,484.41357421875,564.047607421875,15.222291946411133,8.458547592163086,-0.13068616390228271
00158,10,0.07343588769435883,11,407.6067199707031,583.9868774414062,419.2491760253906,198.2025146484375,0.19383621215820312
00158,11,0.0699654296040535,18,417.1069030761719,627.0678100585938,42.7006721496582,7.239665985107422,0.24620138108730316
00158,12,0.06499483436346054,18,437.44769287109375,568.5062866210938,14.313526153564453,5.069890022277832,-1.3418187657978873
00158,13,0.06492961943149567,18,477.68572998046875,558.41650390625,12.602692604064941,10.185115814208984,-0.2437901496887207
00158,14,0.062039852142333984,18,378.5316162109375,620.874267578125,32.06471633911133,7.210879325866699,0.19405852258205414
00158,15,0.06183262914419174,18,495.2755432128906,578.1326293945312,30.454191207885742,7.490237712860107,0.0007505417452193797
00158,16,0.05739350616931915,18,17.116600036621094,328.691162109375,32.03719711303711,9.164823532104492,0.16312897205352783
00158,17,0.056535132229328156,18,446.6382141113281,562.9546508789062,15.51803970336914,5.758810997009277,-1.4004389802601676
00158,18,0.05487826466560364,18,477.6351013183594,584.7344970703125,19.920509338378906,10.324928283691406,0.0645209550857544
00158,19,0.05274289473891258,18,418.1241455078125,593.4214477539062,12.859169960021973,6.75661563873291,0.10850274562835693
00158,20,0.05131790414452553,18,447.1713562011719,611.6412963867188,16.85643768310547,6.6525068283081055,0.18760108947753906
00165,0,0.8402548432350159,13,523.9183349609375,260.198974609375,365.8321228027344,62.49921798706055,-1.563523725667272
00165,1,0.7926569581031799,13,575.703125,248.30325317382812,159.8074951171875,34.98408126831055,-1.5280803004887442
00165,2,0.0743345096707344,11,576.521484375,247.5752716064453,163.27317810058594,33.02119445800781,-1.5107926885273795
00165,3,0.07038477808237076,11,633.4044189453125,237.5638427734375,326.5977478027344,221.19606018066406,1.5229818346586566
00165,4,0.06585989892482758,8,224.23760986328125,552.7566528320312,77.94014739990234,50.541343688964844,-0.06298625469207764
00165,5,0.06042425334453583,11,460.0790100097656,259.54840087890625,315.4762878417969,104.59053802490234,1.5007779161122183
00165,6,0.060247164219617844,5,224.23760986328125,552.7566528320312,77.94014739990234,50.541343688964844,-0.06298625469207764
00165,7,0.056243255734443665,18,575.62841796875,253.24183654785156,138.38165283203125,34.32714080810547,-1.5280741016056876
00165,8,0.053223561495542526,19,223.08990478515625,553.3834838867188,78.37594604492188,52.62120056152344,-0.08550728112459183
00067,0,0.8780307173728943,12,421.5685119628906,449.4235534667969,529.813720703125,162.6016387939453,0.023503780364990234
00067,1,0.781324028968811,18,281.956298828125,283.87091064453125,31.705055236816406,14.746390342712402,1.1713765422489981
00067,2,0.7595598101615906,18,400.1786804199219,120.79369354248047,32.830623626708984,14.716341018676758,1.1965971748020987
00067,3,0.4899342954158783,18,721.3994750976562,393.34619140625,26.989072799682617,12.766016960144043,-0.0008108615875244141
00151,0,0.38087889552116394,6,309.25616455078125,457.6632385253906,431.09527587890625,67.47489929199219,-0.8937255899098258
00151,1,0.25958776473999023,18,216.308837890625,641.11328125,24.503868103027344,9.400999069213867,-1.0041663209584097
00151,2,0.18527305126190186,18,202.7275390625,662.8821411132812,23.858734130859375,7.268128395080566,-1.1760458509114127
00151,3,0.08259224891662598,13,216.308837890625,641.11328125,24.503868103027344,9.400999069213867,-1.0041663209584097
00151,4,0.07709362357854843,1,415.4111328125,536.8670043945312,421.0843200683594,308.75,-0.9384803334858756
00151,5,0.07356740534305573,18,231.40313720703125,380.2324523925781,16.904205322265625,5.512553691864014,-1.0985667566445212
00151,6,0.05555117502808571,11,208.8966827392578,646.600830078125,82.61072540283203,18.077919006347656,-0.9587511579182486
00151,7,0.05099305137991905,13,202.7025909423828,661.6533813476562,28.586606979370117,6.809886932373047,-1.1121232072499136
00194,0,0.9149410724639893,18,458.54058837890625,363.13177490234375,73.37816619873047,32.48684310913086,0.009484291076660156
00194,1,0.9106098413467407,18,162.9024200439453,445.37738037109375,76.41667175292969,30.18022346496582,0.008405327796936035
00194,2,0.9050657153129578,18,154.6502685546875,264.5184020996094,77.02835083007812,30.617155075073242,0.0024161338806152344
00194,3,0.9036067724227905,18,477.1688537597656,269.6555480957031,82.9094467163086,34.34244155883789,0.0055963993072509766
00194,4,0.902021586894989,18,151.274169921875,539.7716064453125,71.05374908447266,29.49395751953125,-0.00610661506652832
00194,5,0.8829089403152466,18,242.46337890625,492.5379638671875,74.72782135009766,30.222082138061523,-0.01279354002326727
00194,6,0.348601758480072,18,200.9600067138672,769.44287109375,98.14939880371094,37.899253845214844,0.04755520820617676
00194,7,0.11714296787977219,18,13.537440299987793,231.19932556152344,20.1214656829834,8.964049339294434,0.08965158462524414
00194,8,0.06981406360864639,5,200.9241943359375,769.837158203125,104.04065704345703,37.050537109375,0.044800639152526855
00023,0,0.8057473301887512,10,503.8800964355469,320.0843505859375,45.25313186645508,24.809003829956055,0.013937592506408691
00023,1,0.6385692954063416,1,419.0065612792969,350.10797119140625,699.6077270507812,107.68894958496094,-0.009161114692687988
00023,2,0.2798435688018799,2,493.5900573730469,295.4672546386719,15.534295082092285,13.076436996459961,0.02957165241241455
00023,3,0.22150351107120514,14,504.4836730957031,319.2637939453125,39.346649169921875,25.87909698486328,-0.07151985168457031
00023,4,0.17624825239181519,15,505.2250061035156,320.37139892578125,38.39422607421875,25.230926513671875,-0.08248984813690186
00023,5,0.16684629023075104,4,593.3201293945312,319.7410888671875,32.32890701293945,7.808496475219727,1.48684307287005
00023,6,0.16660921275615692,15,510.068359375,291.0591735839844,12.405929565429688,11.848408699035645,0.014909983612596989
00023,7,0.11914461106061935,14,493.5900573730469,295.4672546386719,15.534295082092285,13.076436996459961,0.02957165241241455
00023,8,0.11474577337503433,2,503.5993347167969,319.8740539550781,45.580657958984375,24.98195457458496,0.0121842622756958
00023,9,0.11366264522075653,15,493.5900573730469,295.4672546386719,15.534295082092285,13.076436996459961,0.02957165241241455
00023,10,0.11121028661727905,2,509.5038146972656,292.43499755859375,15.755784034729004,13.372410774230957,0.006477713584899902
00023,11,0.1045464500784874,16,503.7068176269531,320.3612365722656,45.20146560668945,23.283849716186523,0.002507448196411133
00023,12,0.10020992159843445,2,469.9808654785156,305.1836242675781,11.976043701171875,10.411008834838867,0.050860170274972916
00023,13,0.09503324329853058,12,593.1880493164062,320.9617004394531,31.537918090820312,7.356198310852051,1.4906813661244254
00023,14,0.08152122050523758,18,544.5432739257812,539.9513549804688,14.091781616210938,6.618355751037598,1.2996682683613638
00023,15,0.07198640704154968,17,431.0961608886719,351.7072448730469,699.6270751953125,106.7200698852539,-0.017972111701965332
00023,16,0.07112100720405579,18,25.793405532836914,341.1018371582031,14.327990531921387,6.227300643920898,1.512479499974523
00023,17,0.06698298454284668,18,138.5919647216797,200.80807495117188,8.745716094970703,6.469992637634277,1.3739890615132193
00023,18,0.0638246014714241,18,503.8266296386719,320.05657958984375,46.021121978759766,24.43636703491211,0.010105729103088379
00023,19,0.06039555370807648,14,510.068359375,291.0591735839844,12.405929565429688,11.848408699035645,0.014909983612596989
00023,20,0.06014695391058922,2,480.4896545410156,276.9703674316406,12.776687622070312,7.463347434997559,-1.5336887399342398
00023,21,0.058855924755334854,10,493.5900573730469,295.4672546386719,15.534295082092285,13.076436996459961,0.02957165241241455
00023,22,0.05259205028414726,18,736.607666015625,331.8620910644531,9.035298347473145,6.6756367683410645,-1.4877073327687125
00023,23,0.050601307302713394,14,480.4896545410156,276.9703674316406,12.776687622070312,7.463347434997559,-1.5336887399342398
00155,0,0.8946335315704346,14,584.211181640625,383.0531005859375,613.8483276367188,440.1338195800781,1.565021471181188
00155,1,0.7951520085334778,10,585.1071166992188,376.0118103027344,487.220703125,271.8170471191406,1.5672226707127432
00155,2,0.05560871958732605,18,72.3743667602539,238.18077087402344,11.175539016723633,5.854684829711914,1.525874571004186
00155,3,0.05089667811989784,18,68.67910766601562,187.0867919921875,30.0107364654541,9.293294906616211,1.5578555623677115
00010,0,0.6073729991912842,6,362.22503662109375,420.95220947265625,544.8765869140625,171.6693878173828,-0.18615758419036865
00010,1,0.058959946036338806,18,687.4727783203125,720.9046630859375,8.653084754943848,6.585518836975098,0.19001269340515137
00010,2,0.0528293140232563,6,647.1968383789062,432.4478759765625,183.52484130859375,115.80685424804688,1.3791815797474722
00170,0,0.4411699175834656,4,664.7625122070312,432.2176818847656,62.20066833496094,10.477469444274902,-0.3503129482269287
00170,1,0.385254830121994,6,298.1944274902344,504.9908752441406,322.2251892089844,46.839012145996094,0.12254775315523148
00170,2,0.11148693412542343,12,664.7625122070312,432.2176818847656,62.20066833496094,10.477469444274902,-0.3503129482269287
00170,3,0.0971563532948494,6,661.5675048828125,434.3608093261719,57.52802276611328,10.456514358520508,-0.3730471134185791
00170,4,0.07269524782896042,6,70.34956359863281,273.51336669921875,138.3958740234375,133.25177001953125,-1.5319108488645892
00170,5,0.06955161690711975,6,696.7234497070312,519.1054077148438,217.8037872314453,105.53968048095703,1.2249433557179312
00170,6,0.06378823518753052,6,278.8040466308594,578.6770629882812,241.42416381835938,133.6969451904297,0.11963367462158203
00170,7,0.060943737626075745,1,358.3351135253906,500.511474609375,189.87631225585938,26.09025001525879,0.08253084868192673
00170,8,0.055458810180425644,11,286.68927001953125,535.97314453125,333.56622314453125,93.50633239746094,0.13396286964416504
00005,0,0.9219772219657898,15,440.3299255371094,378.7532958984375,118.73944854736328,111.52198791503906,-0.012902021408081055
00005,1,0.7128311991691589,18,15.648152351379395,686.9859619140625,34.32643508911133,13.962424278259277,-0.005409955978393555
00005,2,0.23228009045124054,18,170.56857299804688,593.6608276367188,18.247283935546875,7.492839813232422,-1.5620553056385855
00005,3,0.18879297375679016,18,196.35113525390625,255.54629516601562,18.38641929626465,9.465852737426758,-1.517741517224584
00005,4,0.09695512801408768,18,141.1188507080078,594.38134765625,21.348182678222656,14.115910530090332,1.552632168927465
00005,5,0.08508538454771042,18,442.47662353515625,378.8171081542969,115.20913696289062,111.78524780273438,-0.0037337541580200195
00005,6,0.08447230607271194,15,15.020289421081543,686.80615234375,35.907936096191406,14.823671340942383,-0.02602064609527588
00005,7,0.06636130064725876,18,188.1024932861328,406.7952575683594,21.296302795410156,11.805167198181152,0.45515167713165283
00005,8,0.05219460278749466,13,16.076526641845703,686.1499633789062,33.44994354248047,15.291014671325684,-0.00437319278717041
00048,0,0.8248746395111084,13,467.9277648925781,284.58251953125,560.7171630859375,119.140625,0.9134447137501578
00048,1,0.105967216193676,7,394.35516357421875,191.94140625,288.11712646484375,115.51317596435547,1.0565192262318472
00048,2,0.09751546382904053,0,476.9849548339844,313.5476989746094,15.713831901550293,14.1022310256958,-0.22251321375370026
00048,3,0.07098296284675598,0,465.6097412109375,243.2572021484375,14.896145820617676,8.696612358093262,-0.2996037006378174
00048,4,0.07017263770103455,13,706.4215087890625,732.48779296875,36.129547119140625,20.929508209228516,-0.6126464009284973
00048,5,0.06893942505121231,0,544.4822387695312,465.6227111816406,25.312713623046875,11.434662818908691,-0.2830054461956024
00048,6,0.06590597331523895,0,352.4294738769531,193.6395263671875,12.750120162963867,7.680013656616211,1.0665905038502554
00048,7,0.06325023621320724,0,366.3768005371094,210.9921417236328,10.812082290649414,9.194870948791504,1.0557093183186392
00048,8,0.05942182242870331,0,497.067138671875,291.9410705566406,17.51732635498047,13.943359375,-0.2176969051361084
00048,9,0.055808164179325104,0,463.7334289550781,317.824462890625,18.809032440185547,15.488800048828125,-0.10082745552062988
00048,10,0.05559169501066208,0,483.0016174316406,301.6971435546875,17.61734390258789,14.568624496459961,-0.1675633192062378
00048,11,0.055497534573078156,0,440.571044921875,323.0987854003906,13.538713455200195,12.054128646850586,-0.04664945602416992
00048,12,0.0551714152097702,0,459.7651062011719,230.89100646972656,22.84967613220215,21.31194496154785,-0.26838862895965576
00048,13,0.05434856563806534,0,449.77972412109375,249.9590301513672,14.670841217041016,11.034849166870117,0.02520906925201416
00048,14,0.05397675186395645,0,413.2095642089844,261.7230529785156,49.02096939086914,32.27531814575195,0.17497766017913818
00048,15,0.052262939512729645,0,351.0641174316406,180.38018798828125,21.586204528808594,9.62848949432373,-0.43458402156829834
00048,16,0.05053909122943878,11,469.07281494140625,280.6313781738281,441.279541015625,118.48234558105469,1.0655871192601065
00048,17,0.050362735986709595,1,472.9184265136719,290.23443603515625,569.26123046875,114.95048522949219,0.9421669403698782
00048,18,0.050235483795404434,0,444.3827209472656,332.7875671386719,14.824808120727539,13.665640830993652,-0.13777673244476318
00060,0,0.8857920169830322,13,671.5426635742188,325.0171813964844,162.1075439453125,60.20853042602539,-1.5008345330741744
00060,1,0.8539195656776428,13,398.00244140625,339.9017028808594,273.5364990234375,66.31326293945312,1.5380758802082877
00060,2,0.8504356741905212,13,518.7103881835938,294.2086181640625,278.620361328125,64.22389221191406,1.4437428275730948
00060,3,0.8458694219589233,13,194.72190856933594,307.3362121582031,279.61920166015625,51.588096618652344,-1.54507573048142
00060,4,0.6821213364601135,13,712.1782836914062,276.6710205078125,28.558380126953125,10.689178466796875,1.5676294128086905
00060,5,0.21085840463638306,11,296.343994140625,327.4388427734375,292.6119384765625,118.84740447998047,1.5607025186207633
00060,6,0.15844343602657318,13,459.3675537109375,317.4002380371094,226.57928466796875,41.37663269042969,1.477997020879064
00060,7,0.14897654950618744,18,712.1782836914062,276.6710205078125,28.558380126953125,10.689178466796875,1.5676294128086905
00060,8,0.0620083250105381,18,180.13909912109375,39.96494674682617,38.85480499267578,11.266738891601562,-0.28567683696746826
00060,9,0.05841704457998276,8,194.4630126953125,309.9144287109375,275.6211853027344,53.32349395751953,-1.5508492747929434
00060,10,0.05607082322239876,16,672.02685546875,322.3432312011719,164.750244140625,61.31776809692383,-1.4702621335771422
00060,11,0.054053351283073425,15,672.02685546875,322.3432312011719,164.750244140625,61.31776809692383,-1.4702621335771422
00060,12,0.05373799800872803,11,601.3441162109375,295.78985595703125,227.50250244140625,106.61311340332031,1.5294941226628165
00060,13,0.05345578119158745,11,194.37379455566406,306.29583740234375,272.61114501953125,48.63983154296875,-1.550945476689611
00060,14,0.05058903247117996,8,518.615234375,294.35980224609375,275.10015869140625,64.88922882080078,1.44159193436173
00138,0,0.8276927471160889,7,555.5126953125,527.3414306640625,577.3653564453125,237.25302124023438,-0.900438324609075
00138,1,0.8234357833862305,7,277.9258728027344,315.81915283203125,604.6901245117188,232.26251220703125,-0.9283666173603873
00138,2,0.6699946522712708,18,595.6981201171875,376.8968811035156,29.86292839050293,7.667444705963135,0.045542120933532715
00138,3,0.6500988006591797,18,440.60406494140625,202.36630249023438,25.292898178100586,6.63612699508667,-0.026614665985107422
00138,4,0.6480254530906677,18,505.7185974121094,440.7373962402344,24.99193572998047,6.087100505828857,-0.9363027969982962
00138,5,0.6030063033103943,18,485.7255554199219,523.2701416015625,17.840547561645508,5.627641677856445,0.012435436248779297
00138,6,0.5980234146118164,18,397.782958984375,265.9156188964844,26.93492317199707,6.611950397491455,-0.1862412691116333
00138,7,0.5592694878578186,18,151.51487731933594,738.3975219726562,25.483915328979492,7.254022598266602,-0.974717334904943
00138,8,0.4804072380065918,18,644.3283081054688,261.1542053222656,15.423688888549805,5.441183090209961,1.3573785434153418
00138,9,0.47403013706207275,18,554.8790283203125,435.19677734375,31.440776824951172,7.825899600982666,-0.11470699310302734
00138,10,0.4300824999809265,18,421.08355712890625,437.966796875,23.518386840820312,5.3008341789245605,-0.939424947896276
00138,11,0.29143548011779785,18,368.37603759765625,570.9678344726562,33.9417724609375,6.926565647125244,-0.7902195453643799
00138,12,0.27128562331199646,18,308.6978454589844,539.4772338867188,18.43701934814453,5.314646244049072,-0.9928149739888052
00138,13,0.2308495193719864,18,525.8433837890625,276.02105712890625,25.521347045898438,5.547971725463867,-0.905282930531774
00138,14,0.21259044110774994,18,392.1162109375,386.8414001464844,31.476938247680664,10.709272384643555,-0.9445879022267203
00138,15,0.18780821561813354,18,485.20684814453125,271.7294616699219,32.65437698364258,9.67509651184082,-0.9067544500019888
00138,16,0.13862913846969604,18,430.6338195800781,498.3760986328125,7.850727081298828,6.3629150390625,-1.3205633918431143
00138,17,0.13572430610656738,18,571.6585083007812,411.214111328125,23.832000732421875,6.357980728149414,-0.059575438499450684
00138,18,0.13430915772914886,18,246.29873657226562,544.8290405273438,25.938783645629883,6.249409198760986,-0.9634875814106802
00138,19,0.1309250444173813,18,191.4968719482422,587.4375610351562,28.534034729003906,8.422061920166016,1.1589655439045767
00138,20,0.12198078632354736,18,552.2545776367188,549.7216796875,16.568126678466797,5.74788761138916,-0.9257313768055777
00138,21,0.11394389718770981,18,495.63037109375,438.82659912109375,32.52668380737305,7.536198139190674,-1.0454318086293082
00138,22,0.11050962656736374,18,221.02996826171875,666.2437133789062,13.921506881713867,5.112061500549316,-1.1189279417183737
00138,23,0.10956120491027832,18,511.9249267578125,523.986083984375,29.31329345703125,6.114508628845215,-0.04565536975860596
00138,24,0.10291887819766998,18,136.3789825439453,586.8770751953125,11.657084465026855,6.773637294769287,1.222806409993444
00138,25,0.10231653600931168,0,255.0133819580078,201.36038208007812,10.223031044006348,7.565634250640869,1.4504977027562003
00138,26,0.09428883343935013,18,484.2804870605469,516.202392578125,17.326343536376953,7.017632007598877,0.02105426788330078
00138,27,0.08985664695501328,18,622.98974609375,131.05068969726562,12.249784469604492,7.597943305969238,-0.10874199867248535
00138,28,0.086264967918396,18,544.4945678710938,356.784912109375,25.297163009643555,5.6635332107543945,-0.9071449796345572
00138,29,0.08385022729635239,18,616.088623046875,458.8616027832031,28.40279769897461,7.229867935180664,-0.949618057408605
00138,30,0.08360624313354492,18,561.1216430664062,424.2084045410156,26.20899200439453,12.059213638305664,0.05781829357147217
00138,31,0.08319760113954544,18,151.40130615234375,580.1328125,11.202713012695312,6.657689571380615,1.223802045979772
00138,32,0.08255302160978317,18,307.1983947753906,609.4464721679688,7.369406223297119,6.123244762420654,-1.1931849280979971
00138,33,0.07662647217512131,18,631.5426025390625,203.91668701171875,23.5640811920166,6.37766695022583,-0.9805852333691458
00138,34,0.07628476619720459,18,527.3072509765625,723.5613403320312,26.354557037353516,6.983250617980957,0.36056244373321533
00138,35,0.07507627457380295,18,648.3068237304688,102.05946350097656,12.431949615478516,6.490705490112305,-0.35514891147613525
00138,36,0.07506383210420609,18,492.15179443359375,423.8753662109375,26.165996551513672,8.748071670532227,-1.0966758290913443
00138,37,0.07235423475503922,18,596.3833618164062,637.8687133789062,21.7198543548584,7.360418796539307,-0.9213571111348013
00138,38,0.07130041718482971,18,579.2164306640625,522.3821411132812,30.86780548095703,7.063401699066162,-0.9758426705983023
00138,39,0.06596000492572784,18,182.22848510742188,584.4093017578125,23.412261962890625,6.237641334533691,1.232818559804235
00138,40,0.0648396834731102,18,365.7319641113281,185.87681579589844,34.95860290527344,7.139884948730469,-0.9234509030964713
00138,41,0.06274505704641342,18,685.362060546875,317.9606628417969,16.023807525634766,6.335740089416504,1.0513617555287222
00138,42,0.06130649521946907,18,647.0267944335938,243.2395477294922,16.05725860595703,6.513418674468994,1.4216556111958365
00138,43,0.05807749927043915,18,531.9345703125,375.1156005859375,24.568511962890625,4.908215522766113,-0.8840541998532156
00138,44,0.05656316131353378,18,410.80181884765625,327.9507751464844,13.653950691223145,5.993131637573242,-0.9672920266774039
00138,45,0.0551244355738163,18,227.96861267089844,573.2081909179688,24.665924072265625,7.476862907409668,-1.0112080136921744
00138,46,0.05434408038854599,18,662.3375854492188,247.08250427246094,24.916236877441406,9.563885688781738,1.1702520410206656
00138,47,0.05270691215991974,18,475.5733642578125,266.6257019042969,36.1003303527832,9.591422080993652,-0.890521184602056
00138,48,0.05214714631438255,0,247.6373291015625,214.37615966796875,14.769363403320312,14.031599044799805,-1.4170463840153555
00138,49,0.051294468343257904,18,143.5851287841797,617.4544067382812,17.008756637573242,6.6013898849487305,-1.2599892179158072
00138,50,0.0505518764257431,18,524.7244873046875,363.4019470214844,32.06791305541992,4.499967575073242,-0.8379218141224722
00138,51,0.05006496608257294,18,444.6028137207031,209.74417114257812,20.073654174804688,11.902623176574707,0.01954829692840576
00055,0,0.9725894331932068,8,283.48095703125,435.30169677734375,248.45953369140625,119.57637023925781,1.5115453797068934
00055,1,0.5908209085464478,18,417.23211669921875,381.13232421875,99.60073852539062,26.457380294799805,-0.045992136001586914
00055,2,0.10514397919178009,18,678.1766357421875,504.1472473144531,21.748111724853516,8.360658645629883,1.51664670283464
00055,3,0.059297651052474976,6,282.751953125,434.8294982910156,250.7861328125,121.70374298095703,1.5063600177553038
00055,4,0.05409013479948044,17,283.1324768066406,433.05609130859375,251.35073852539062,118.71290588378906,1.4912893335011344
00153,0,0.9393619894981384,5,502.2466735839844,424.95574951171875,354.147216796875,250.71481323242188,1.5666361614738147
00153,1,0.1590012013912201,18,153.2476806640625,398.810546875,19.813831329345703,10.643705368041992,-0.16390085220336914
00153,2,0.08856503665447235,18,304.7618713378906,385.0460205078125,66.97633361816406,20.69873809814453,1.408820823827062
00153,3,0.07480438798666,18,32.02833938598633,550.9932250976562,23.35198402404785,9.58576774597168,1.5360270301487784
00153,4,0.058347832411527634,18,154.43643188476562,439.354736328125,17.41962242126465,9.226263046264648,-0.1389867067337036
00153,5,0.057916510850191116,18,146.3800811767578,339.29998779296875,15.88361644744873,14.867985725402832,-0.07489156723022461
00153,6,0.057513438165187836,18,151.71212768554688,411.45794677734375,23.640287399291992,17.066211700439453,-0.1407160609960556
00153,7,0.053002629429101944,18,142.4226837158203,457.3178405761719,17.673858642578125,10.040974617004395,0.05246078595519066
00182,0,0.948240339756012,2,246.25274658203125,146.03106689453125,192.0634765625,189.60855102539062,0.010473847389221191
00182,1,0.9261375069618225,2,460.29986572265625,625.8682861328125,194.97071838378906,181.90438842773438,-1.5591163198140006
00182,2,0.08326549082994461,18,611.423583984375,682.072021484375,16.05984878540039,8.360700607299805,-0.09731757640838623
00182,3,0.07860375940799713,18,350.20208740234375,386.2712097167969,30.997051239013672,8.414436340332031,-0.5300978422164917
00182,4,0.059560321271419525,18,287.8533935546875,406.29296875,27.698680877685547,7.105578899383545,-0.5816241502761841
00182,5,0.05633228272199631,13,348.50909423828125,387.6350402832031,27.694515228271484,8.29177474975586,-0.4941122531890869
00182,6,0.05157246068120003,18,543.598388671875,795.0615234375,12.348812103271484,11.423141479492188,0.07708490639925003
00022,0,0.9226153492927551,13,590.4920654296875,393.48468017578125,573.2570190429688,103.10939025878906,1.5264532128956656
00022,1,0.05624595284461975,13,651.0767822265625,636.0217895507812,33.94654083251953,12.992654800415039,-1.1521888534214835
00022,2,0.054036397486925125,13,634.1072998046875,670.7100219726562,39.156314849853516,17.112300872802734,-1.1135844747212271
00097,0,0.7888345122337341,8,241.6795196533203,476.136474609375,40.60960006713867,38.05690383911133,-1.3065712014820914
00097,1,0.34664225578308105,8,202.557373046875,448.0074157714844,56.78368377685547,28.483478546142578,-1.0451125661518912
00097,2,0.25340697169303894,7,322.9382019042969,398.0301513671875,222.38955688476562,119.89208221435547,0.31284964084625244
00097,3,0.24905988574028015,18,443.90020751953125,355.2554626464844,19.81435775756836,7.489110469818115,0.5060396790504456
00097,4,0.1444302499294281,18,486.3208312988281,411.3279113769531,16.23819351196289,7.260326862335205,-1.3259750167515616
00097,5,0.11099333316087723,18,51.89842987060547,762.5817260742188,19.641403198242188,8.96973705291748,-0.5163179636001587
00097,6,0.10641125589609146,18,77.57551574707031,746.9067993164062,28.04488182067871,8.245240211486816,-0.503394603729248
00097,7,0.10398481041193008,18,455.5362854003906,377.04913330078125,14.309858322143555,5.811257839202881,0.07412886619567871
00097,8,0.09784919023513794,18,434.3836669921875,548.3524780273438,23.75294303894043,5.670198917388916,0.19798551499843597
00097,9,0.09148353338241577,18,66.02842712402344,785.1207885742188,10.637918472290039,5.54715633392334,-0.28861141204833984
00097,10,0.0879000797867775,5,205.04681396484375,447.0832824707031,54.72472381591797,26.584152221679688,-1.2738842527058463
00097,11,0.08363217115402222,18,42.7603645324707,755.7955932617188,29.038753509521484,10.10055160522461,-0.5342714190483093
00097,12,0.08191365748643875,17,205.29556274414062,446.34033203125,54.946598052978516,28.46381187438965,-1.239226029315267
00097,13,0.07009904831647873,18,631.1007080078125,600.7725830078125,19.508464813232422,6.390754699707031,0.27903783321380615
00097,14,0.06965322047472,14,241.0215301513672,475.80181884765625,39.41234588623047,35.85967254638672,-1.3721209178355078
00097,15,0.06924498826265335,5,240.39273071289062,475.49658203125,41.842220306396484,38.07185745239258,-1.37746520439652
00097,16,0.06170259416103363,18,48.247642517089844,774.0742797851562,17.426837921142578,7.401745796203613,-0.5074092149734497
00097,17,0.05931921303272247,18,377.859619140625,312.6768798828125,11.930392265319824,6.488242149353027,-1.5249956409123282
00097,18,0.05470284819602966,12,206.183349609375,445.3915710449219,47.96639633178711,23.61880874633789,-1.3146432201054434
00109,0,0.9126779437065125,15,487.9874267578125,656.361083984375,155.66085815429688,141.76864624023438,-0.00509333610534668
00109,1,0.9090456962585449,15,327.33135986328125,672.7047729492188,155.27304077148438,141.7920379638672,0.0012705326080322266
00109,2,0.9074384570121765,15,166.20086669921875,657.2538452148438,153.5831756591797,140.75738525390625,0.0008534192456863821
00109,3,0.22343845665454865,18,365.16790771484375,464.1781311035156,12.437544822692871,8.783004760742188,0.010357856750488281
00109,4,0.2020217627286911,18,327.74249267578125,251.16128540039062,16.6353816986084,7.448132514953613,-1.5012781182911734
00109,5,0.19729840755462646,15,421.44805908203125,581.513916015625,33.077484130859375,26.644508361816406,0.00979554746299982
00109,6,0.1711350977420807,18,363.71832275390625,470.8221435546875,12.703632354736328,7.349993705749512,0.002275228500366211
00109,7,0.15911468863487244,15,423.7572937011719,436.2291259765625,14.919005393981934,9.103734970092773,-1.5543126641449074
00109,8,0.14917370676994324,18,342.8060302734375,251.19610595703125,14.560423851013184,7.230389595031738,-1.5431590835240225
00109,9,0.12664102017879486,15,435.900634765625,434.3658447265625,18.541093826293945,9.110953330993652,-1.5146090547230582
00109,10,0.1213332861661911,15,458.79937744140625,435.4534606933594,16.484859466552734,9.425860404968262,-1.542743400731359
00109,11,0.11556245386600494,15,359.95867919921875,574.590576171875,12.822998046875,8.773857116699219,-1.5403456250813345
00109,12,0.09666696190834045,15,343.3787536621094,578.0095825195312,14.11595630645752,14.058770179748535,-1.5568753043797354
00109,13,0.09351431578397751,18,423.7572937011719,436.2291259765625,14.919005393981934,9.103734970092773,-1.5543126641449074
00109,14,0.09217608720064163,18,327.0613098144531,672.5610961914062,155.69668579101562,142.6938018798828,-0.0062382216565310955
00109,15,0.08827371895313263,15,414.99481201171875,433.3837585449219,13.132345199584961,7.251222610473633,-1.56438405910996
00109,16,0.08216317743062973,18,334.28741455078125,252.09075927734375,16.390316009521484,7.995090961456299,-1.5352774458613734
00109,17,0.08187248557806015,18,414.99481201171875,433.3837585449219,13.132345199584961,7.251222610473633,-1.56438405910996
00109,18,0.07839971035718918,15,438.8088684082031,560.0738525390625,12.579681396484375,8.186994552612305,-0.04968690872192383
00109,19,0.07591301202774048,18,487.381103515625,656.4944458007812,154.95257568359375,141.49740600585938,-0.010699868202209473
00109,20,0.07145210355520248,15,326.95245361328125,252.51278686523438,16.382205963134766,7.461275577545166,-1.4803760732200484
00109,21,0.06947710365056992,18,166.25540161132812,657.7509155273438,154.3941650390625,141.77716064453125,0.005664467811584473
00109,22,0.0674465075135231,13,342.8060302734375,251.19610595703125,14.560423851013184,7.230389595031738,-1.5431590835240225
00109,23,0.06697998940944672,15,327.20733642578125,579.8628540039062,17.0555477142334,13.802364349365234,-1.5355345765736441
00109,24,0.06688766926527023,13,327.74249267578125,251.16128540039062,16.6353816986084,7.448132514953613,-1.5012781182911734
00109,25,0.06637602299451828,15,342.7865295410156,252.35745239257812,15.138063430786133,7.628364086151123,1.5685617486622672
00109,26,0.06555866450071335,18,433.7063293457031,434.11572265625,17.951025009155273,9.146906852722168,-1.5197773771968226
00109,27,0.06435214728116989,15,450.23638916015625,435.4061584472656,16.671222686767578,9.158764839172363,-1.5102463523533682
00109,28,0.05847210809588432,18,271.60211181640625,250.02264404296875,13.007349967956543,7.458528995513916,1.5556804687392454
00109,29,0.058386772871017456,18,351.5949401855469,482.143798828125,9.10381031036377,7.220571517944336,-1.4365973035481314
00109,30,0.05778982490301132,15,334.28741455078125,252.09075927734375,16.390316009521484,7.995090961456299,-1.5352774458613734
00109,31,0.057724740356206894,15,419.6955871582031,500.8983459472656,23.483673095703125,17.959877014160156,0.011063694953918457
00109,32,0.05303890258073807,15,379.6059875488281,572.834228515625,27.01120948791504,15.830365180969238,0.04163384810090065
00109,33,0.05200546607375145,18,458.79937744140625,435.4534606933594,16.484859466552734,9.425860404968262,-1.542743400731359
00109,34,0.050961337983608246,15,365.16790771484375,464.1781311035156,12.437544822692871,8.783004760742188,0.010357856750488281
00061,0,0.8816239833831787,13,313.3620910644531,383.6466979980469,60.14265060424805,21.313798904418945,0.0011997222900390625
00061,1,0.8774834275245667,13,716.6488647460938,320.27374267578125,55.76389694213867,18.97715187072754,-1.5650614062931876
00061,2,0.8740553259849548,13,219.90330505371094,425.1846008300781,47.35127258300781,17.759063720703125,-1.5427153865483145
00061,3,0.8690383434295654,13,73.43582916259766,341.7498474121094,54.59022521972656,18.471343994140625,-0.019389867782592773
00061,4,0.8668368458747864,13,173.41397094726562,551.4282836914062,55.79893112182617,21.986614227294922,-1.5475371638920645
00061,5,0.863822877407074,13,214.4801483154297,487.52850341796875,52.31041717529297,18.042346954345703,-1.523561910786901
00061,6,0.8631929755210876,13,611.7230834960938,537.3870239257812,44.20606994628906,15.34003734588623,-1.552120761075292
00061,7,0.8574499487876892,13,618.7694091796875,400.7184143066406,50.97349166870117,16.29716682434082,-1.5220213691380362
00061,8,0.8562817573547363,13,181.04795837402344,625.2295532226562,61.97856140136719,22.367534637451172,-1.4825721542027335
00061,9,0.8494797348976135,13,706.5322875976562,540.9174194335938,49.212337493896484,17.202768325805664,-1.5375799732890467
00061,10,0.84828120470047,13,17.728656768798828,332.1106872558594,73.41504669189453,22.438480377197266,1.5405102531102042
00061,11,0.8476846814155579,13,712.1725463867188,407.90240478515625,63.374847412109375,20.789520263671875,-1.53888197342423
00061,12,0.8452780842781067,13,665.9326171875,321.2351989746094,65.37640380859375,22.002605438232422,-1.5510081807759146
00061,13,0.8448393940925598,13,306.699462890625,554.6565551757812,47.135780334472656,17.155628204345703,0.005859732627868652
00061,14,0.8425933122634888,13,581.1742553710938,594.69384765625,37.00271987915039,14.243635177612305,-1.5323401252415518
00061,15,0.835140585899353,13,756.7454833984375,559.9573364257812,45.25196075439453,16.116748809814453,0.03385365009307861
00061,16,0.8329967260360718,13,565.6449584960938,535.2435913085938,35.841468811035156,14.521206855773926,-1.4878229657795767
00061,17,0.8304578065872192,13,680.113037109375,405.7461853027344,52.471405029296875,15.930378913879395,-1.5481775543328862
00061,18,0.8274132013320923,13,312.7431945800781,510.5842590332031,44.70842361450195,15.719802856445312,0.04149889945983887
00061,19,0.8154917359352112,13,518.7643432617188,529.1884155273438,38.59675979614258,14.58912181854248,-1.5076289931919913
00061,20,0.8113259673118591,13,470.2318420410156,524.8489379882812,40.0011100769043,14.155107498168945,1.567365483441625
00061,21,0.810846745967865,13,81.38491821289062,561.4569702148438,50.11934280395508,16.85916519165039,-0.0170290470123291
00061,22,0.7798455357551575,13,539.2064819335938,533.9365234375,37.86749267578125,14.235640525817871,-1.5490089199182133
00061,23,0.689725935459137,13,423.96002197265625,528.4161987304688,36.06268310546875,15.405843734741211,-1.5350441495564322
00061,24,0.682908833026886,13,297.2745056152344,642.771728515625,29.037181854248047,10.709783554077148,0.042395953088998795
00061,25,0.6639755964279175,11,509.306640625,349.36077880859375,456.1109619140625,160.98951721191406,0.046494726091623306
00061,26,0.6474860310554504,13,300.4696350097656,601.5513916015625,26.487770080566406,10.575418472290039,0.00728189991787076
00061,27,0.6282467246055603,18,21.41879653930664,742.0490112304688,26.037242889404297,10.569633483886719,-1.5517654000457863
00061,28,0.613914966583252,11,560.4278564453125,564.8189086914062,435.3576965332031,100.95512390136719,0.04141056537628174
00061,29,0.5910922288894653,13,305.11480712890625,686.01318359375,26.08419418334961,9.944731712341309,0.05569398030638695
00061,30,0.5702016353607178,11,73.7369613647461,520.0155639648438,473.97998046875,71.55516052246094,1.5383963185038905
00061,31,0.42094266414642334,13,167.55323791503906,717.5635986328125,24.651763916015625,11.095256805419922,0.08051919937133789
00061,32,0.3584177494049072,11,315.8345031738281,529.941650390625,436.2020263671875,66.45861053466797,-1.5569617311146597
00061,33,0.332103967666626,11,194.78872680664062,541.993408203125,397.1118469238281,50.40550231933594,-1.533401803174291
00061,34,0.2545469105243683,11,163.6748809814453,695.2788696289062,93.01568603515625,49.989707946777344,-1.4616580764439444
00061,35,0.218088760972023,13,189.20681762695312,423.5943298339844,53.26713562011719,15.788029670715332,-1.530109123387609
00061,36,0.21449825167655945,11,749.9458618164062,571.0501098632812,54.21924591064453,50.25358581542969,0.14068686962127686
00061,37,0.16685669124126434,13,492.6815185546875,531.2421875,32.99631881713867,14.41817855834961,-1.560533837476049
00061,38,0.16481633484363556,11,94.6866455078125,292.39337158203125,126.38577270507812,16.85167694091797,-0.08183026313781738
00061,39,0.1614523082971573,13,167.7489013671875,667.862548828125,43.347984313964844,14.30423641204834,0.08804857730865479
00061,40,0.14670036733150482,11,216.0243682861328,653.155517578125,125.29081726074219,27.16042709350586,-1.5562277595188956
00061,41,0.12465240061283112,13,249.13247680664062,736.2504272460938,42.71674728393555,18.47601890563965,0.13278961181640625
00061,42,0.11359302699565887,11,136.72804260253906,747.7418212890625,80.51763916015625,50.8585090637207,0.0949249267578125
00061,43,0.11259248107671738,13,352.7116394042969,353.6917724609375,19.103506088256836,9.47095775604248,-1.5207920829441886
00061,44,0.11065956950187683,18,611.2254028320312,536.527587890625,44.37491989135742,15.806530952453613,-1.56555469479901
00061,45,0.10803081095218658,11,189.79290771484375,426.9790954589844,60.64889144897461,18.349294662475586,-1.531570871421371
00061,46,0.10735048353672028,13,719.89599609375,606.9557495117188,18.375240325927734,9.442178726196289,-1.3767143050816397
00061,47,0.10499615222215652,13,372.5825500488281,395.6784362792969,25.131084442138672,11.874204635620117,-1.5632384583030383
00061,48,0.09962718188762665,13,505.0599060058594,530.8868408203125,34.522003173828125,13.38029670715332,-1.5299012261119227
00061,49,0.09748785197734833,13,552.7702026367188,534.513671875,37.25419616699219,14.048660278320312,-1.5370462695744376
00061,50,0.08151400834321976,13,729.6868286132812,424.9536437988281,23.837383270263672,11.284061431884766,-1.4486150304463248
00061,51,0.07879092544317245,18,470.01861572265625,525.003173828125,40.21876525878906,14.689330101013184,1.5660960237171988
00061,52,0.07726863026618958,13,17.361406326293945,11.074485778808594,66.87950134277344,34.29409408569336,0.1913757175207138
00061,53,0.07677913457155228,13,639.6060791015625,401.83477783203125,40.55463790893555,14.465368270874023,-1.5003916780140738
00061,54,0.07659802585840225,13,393.9068908691406,367.3200988769531,19.411996841430664,18.5802001953125,0.05632472410798073
00061,55,0.07507418841123581,11,364.1502685546875,443.1142272949219,248.39102172851562,29.52987289428711,1.5599998981368284
00061,56,0.07484909892082214,11,321.4129333496094,304.9721984863281,107.16056060791016,15.186454772949219,0.08081209659576416
00061,57,0.07440010458230972,13,128.8721466064453,769.1249389648438,27.704030990600586,17.805517196655273,0.11397695541381836
00061,58,0.07358565181493759,13,194.8206787109375,498.8224792480469,32.061431884765625,13.653889656066895,-1.551484660306249
00061,59,0.07295501232147217,18,580.8935546875,594.8533935546875,36.6538200378418,13.47037124633789,-1.4915384809162955
00061,60,0.0727292001247406,0,165.3070526123047,694.3185424804688,92.73519134521484,49.018489837646484,-1.4728525514390807
00061,61,0.07194636017084122,11,214.21636962890625,483.4832458496094,64.76995849609375,18.90074920654297,-1.4965470592167716
00061,62,0.07167033851146698,13,156.89596557617188,767.6426391601562,22.41130828857422,15.401285171508789,0.11674940586090088
00061,63,0.06956269592046738,13,591.1146240234375,537.2745971679688,36.011051177978516,14.189689636230469,1.569864229359899
00061,64,0.06655760854482651,18,201.8736572265625,789.7249145507812,12.54091739654541,7.909792423248291,-1.3378017703678946
00061,65,0.06221960857510567,18,31.2446231842041,747.0706787109375,25.99673843383789,11.388500213623047,1.5462638894703726
00061,66,0.0607973076403141,13,77.35693359375,655.1688842773438,31.115854263305664,9.033246040344238,0.0037126541137695312
00061,67,0.059732019901275635,13,110.63319396972656,768.2945556640625,20.04262351989746,16.614320755004883,-1.4376828233387808
00061,68,0.05970285087823868,18,706.1519165039062,540.682373046875,47.934791564941406,16.767379760742188,-1.5281614857402186
00061,69,0.058910075575113297,13,671.1138305664062,529.29296875,20.831571578979492,9.691083908081055,-1.4969446221974234
00061,70,0.058222007006406784,13,70.27603149414062,735.9490966796875,20.08523178100586,10.6155366897583,0.04899430274963379
00061,71,0.056582435965538025,18,81.43266296386719,561.6912231445312,49.561439514160156,16.87832260131836,-0.02024686150252819
00061,72,0.05608605965971947,13,289.7095947265625,692.0563354492188,25.33509063720703,8.12872314453125,0.010047435760498047
00061,73,0.055230725556612015,11,192.02505493164062,562.087890625,72.24775695800781,26.01419448852539,-1.4923243085530142
00061,74,0.05364489182829857,13,444.90191650390625,524.9579467773438,34.523189544677734,16.322057723999023,1.5506062070515494
00061,75,0.053364090621471405,18,619.0494384765625,400.808349609375,48.283241271972656,17.301427841186523,-1.529461101689611
00061,76,0.052004408091306686,18,424.15765380859375,528.5526123046875,35.44691467285156,14.988024711608887,-1.5466516754266362
00061,77,0.05179620161652565,6,61.07717514038086,526.133056640625,485.171142578125,84.70199584960938,1.5314393798497061
00061,78,0.05177118629217148,11,190.23313903808594,480.52557373046875,56.52981948852539,17.884090423583984,-1.4803337613728385
00061,79,0.050319693982601166,11,82.1990966796875,561.4606323242188,49.58549118041992,17.385986328125,-0.038175106048583984
00077,0,0.9551417827606201,3,418.0975341796875,426.7989501953125,210.4352264404297,131.9325714111328,-0.0008088349713943899
00077,1,0.9528392553329468,3,416.7751770019531,558.4033203125,215.16986083984375,129.7220001220703,0.009758353233337402
00077,2,0.6793048977851868,18,386.6866149902344,164.3484649658203,37.31671142578125,19.729936599731445,1.5494080326196293
00077,3,0.2954781651496887,18,666.7897338867188,690.223876953125,30.411203384399414,10.662989616394043,0.048498038202524185
00077,4,0.05020015314221382,15,416.4841613769531,558.84423828125,214.91717529296875,129.37237548828125,0.008951902389526367
00112,0,0.9606898427009583,10,581.720458984375,433.00634765625,618.6679077148438,286.7675476074219,-1.4830678264286856
00112,1,0.22556689381599426,18,22.81768798828125,337.10821533203125,14.228281021118164,6.342548370361328,-1.4032460014012198
00112,2,0.1998884379863739,18,246.04185485839844,105.938720703125,11.960646629333496,6.518312454223633,1.5390516082432608
00112,3,0.14933791756629944,18,186.9006805419922,234.72325134277344,25.300926208496094,7.042442798614502,0.14551697671413422
00112,4,0.11975713819265366,18,558.03466796875,6.934839725494385,11.073220252990723,6.786709785461426,-1.4772307435658316
00112,5,0.10585900396108627,18,229.73057556152344,224.0353546142578,12.558361053466797,6.904752254486084,0.07740581035614014
00112,6,0.10029730200767517,18,383.59161376953125,771.8695068359375,14.999927520751953,6.994457721710205,-1.5383808175709586
00112,7,0.08526977151632309,18,170.47300720214844,397.15966796875,10.610102653503418,9.385437965393066,-1.5138244229045252
00112,8,0.08348260819911957,18,158.2576446533203,286.8609619140625,16.45612144470215,9.605191230773926,1.5138052264836173
00112,9,0.0674545019865036,18,127.24951171875,9.079256057739258,11.271162033081055,8.589936256408691,1.473288015523229
00112,10,0.0652228370308876,18,203.21585083007812,240.509033203125,16.778709411621094,6.448272228240967,-0.029411673545837402
00112,11,0.05721917748451233,0,231.1727752685547,551.7485961914062,10.685737609863281,8.206527709960938,0.07561373710632324
00156,0,0.601885199546814,6,425.29547119140625,502.18035888671875,442.49658203125,144.92027282714844,-0.0035740137100219727
00156,1,0.05026085674762726,11,408.7135314941406,379.9190979003906,474.3834533691406,399.7195739746094,0.016082050278782845
00111,0,0.4010511338710785,6,87.90290069580078,456.4165344238281,304.26641845703125,38.638206481933594,0.8654067675259451
00111,1,0.3855486810207367,6,450.95654296875,506.55322265625,482.77520751953125,63.892433166503906,-0.5040009021759033
00111,2,0.25193479657173157,4,419.7680969238281,36.778446197509766,37.64162063598633,10.697373390197754,0.29776430130004883
00111,3,0.17995351552963257,4,431.7545471191406,101.38523864746094,54.27703857421875,12.0878324508667,0.7013055086135864
00111,4,0.16018374264240265,6,431.0428161621094,100.58921813964844,56.389644622802734,12.278799057006836,0.6763375997543335
00111,5,0.11235996335744858,1,88.93518829345703,456.1581115722656,300.10491943359375,39.08061218261719,0.8628565231945853
00111,6,0.10406629741191864,4,487.1440124511719,77.38052368164062,27.16214370727539,12.5751314163208,1.0383356372502188
00111,7,0.10379049181938171,11,432.5274658203125,100.76597595214844,52.1719856262207,12.112695693969727,0.6831532716751099
00111,8,0.09529982507228851,4,509.3958435058594,468.53753662109375,316.06048583984375,59.16135025024414,-0.7662699977543692
00111,9,0.09297461807727814,6,37.57967758178711,521.6298828125,311.38885498046875,139.31610107421875,0.9326660792019705
00111,10,0.08088039606809616,2,373.5068359375,719.1187133789062,15.25657844543457,13.123441696166992,1.433070377507482
00111,11,0.07594317942857742,4,218.36898803710938,631.0093383789062,39.8835563659668,12.699843406677246,-0.4767399728298187
00111,12,0.0732898861169815,4,88.93518829345703,456.1581115722656,300.10491943359375,39.08061218261719,0.8628565231945853
00111,13,0.07112900167703629,12,422.2170104980469,37.252159118652344,44.2735595703125,10.878236770629883,0.3113231658935547
00111,14,0.05311913043260574,4,10.770302772521973,618.2108154296875,37.14659118652344,7.377195358276367,1.1965326825764517
00111,15,0.05161690711975098,1,466.2076721191406,510.7325439453125,473.0511169433594,101.31006622314453,-0.5487421751022339
00111,16,0.05053231120109558,12,484.03125,76.93317413330078,27.142770767211914,11.421953201293945,1.0974647561695914
00111,17,0.05005071684718132,13,432.5274658203125,100.76597595214844,52.1719856262207,12.112695693969727,0.6831532716751099
00086,0,0.9232068061828613,15,366.87969970703125,495.5538330078125,119.60701751708984,108.4571533203125,-0.005031943321228027
00086,1,0.9161083102226257,15,407.1990966796875,355.02154541015625,160.7545166015625,145.63487243652344,0.0038099288940429688
00086,2,0.11574570834636688,18,366.8054504394531,495.4077453613281,119.18125915527344,106.65476989746094,0.00416219187900424
00086,3,0.0655021071434021,18,405.72772216796875,355.1483154296875,159.44618225097656,146.02261352539062,0.006107449531555176
00086,4,0.052059534937143326,13,155.21054077148438,711.2869262695312,26.275022506713867,10.004961967468262,-1.4289683858540396
00125,0,0.6378037333488464,19,67.62138366699219,171.596923828125,58.595237731933594,29.700424194335938,1.5270242253926138
00125,1,0.5864977240562439,19,226.76007080078125,655.733154296875,59.386863708496094,23.05978775024414,1.511881903806005
00125,2,0.5586502552032471,19,567.0401611328125,391.3789367675781,69.8470687866211,18.237070083618164,1.555124477544103
00125,3,0.1373535394668579,18,501.13287353515625,151.47340393066406,10.947566032409668,6.005888938903809,-0.33347856998443604
00125,4,0.10605190694332123,18,65.70750427246094,121.72283935546875,9.969427108764648,8.505191802978516,1.3758588741209845
00125,5,0.0805642232298851,12,567.0518188476562,392.43682861328125,68.27334594726562,17.046157836914062,1.5605015317585806
00125,6,0.06494153290987015,18,566.7042846679688,392.04840087890625,69.90234375,19.641904830932617,1.5686224261906485
00125,7,0.061102695763111115,18,665.3877563476562,57.17899703979492,19.67348289489746,7.588841438293457,-0.37240663170814514
00125,8,0.06084751710295677,19,227.53297424316406,612.4168090820312,13.158600807189941,12.947745323181152,1.5282898741450648
00125,9,0.05902760848402977,18,570.000244140625,338.33941650390625,12.376649856567383,9.335891723632812,1.5521589080479483
00125,10,0.05809103697538376,5,13.755393028259277,691.2957153320312,165.0797576904297,29.212383270263672,0.9960395256665091
00125,11,0.05164407193660736,19,189.2940673828125,652.8102416992188,31.61117935180664,17.51373291015625,1.5659271041539053
00088,0,0.8183280229568481,4,439.00830078125,496.655517578125,274.4590148925781,128.71347045898438,0.010943889617919922
00088,1,0.5955212712287903,4,450.0556945800781,183.03195190429688,125.56465148925781,82.46736145019531,1.5657957359824817
00088,2,0.087125264108181,6,449.8487854003906,136.9068145751953,72.41697692871094,27.64132308959961,-0.030297040939331055
00088,3,0.08538718521595001,12,435.54595947265625,496.4690246582031,271.1087951660156,135.4739990234375,0.009561896324157715
00088,4,0.06899724155664444,12,450.3652038574219,190.08456420898438,119.55345916748047,93.3768539428711,-1.4991394961860518
00088,5,0.06330011785030365,2,121.53105926513672,699.149658203125,417.2818603515625,248.7458038330078,0.20988047122955322
00088,6,0.055643998086452484,19,694.4180297851562,711.5824584960938,29.386844635009766,26.656654357910156,1.540193392955933
00088,7,0.0556337907910347,7,325.3873596191406,34.3048095703125,373.2337341308594,210.71253967285156,0.11078000068664551
00063,0,0.9246106743812561,15,529.2789916992188,438.0169372558594,202.98263549804688,201.98736572265625,-1.5650468627598624
00063,1,0.17129302024841309,18,517.8189697265625,438.07855224609375,206.20155334472656,183.63973999023438,-1.5628553191807608
00063,2,0.07564470171928406,18,702.416748046875,483.12469482421875,10.09745979309082,7.795383930206299,1.521925644078527
00063,3,0.06348896026611328,15,713.4747924804688,561.3887329101562,10.162130355834961,6.696995735168457,1.4995992938664298
00063,4,0.05249715596437454,3,528.8501586914062,437.7221984863281,201.584716796875,201.57154846191406,0.0028064248617738485
00127,0,0.6088475584983826,19,138.62062072753906,698.298095703125,74.67312622070312,62.618896484375,-1.5662921229985098
00127,1,0.5867878794670105,19,709.5030517578125,657.0064086914062,87.57025909423828,54.83376693725586,1.5467714826252799
00127,2,0.4865736663341522,19,369.39752197265625,126.06616973876953,55.53335189819336,52.42081069946289,0.0044176578521728516
00127,3,0.0639181137084961,18,646.0357666015625,443.0924987792969,19.198223114013672,8.22695255279541,0.9369042078640799
00127,4,0.05434425175189972,18,710.7852783203125,657.8677978515625,92.14619445800781,50.292388916015625,1.5021883929756026
00127,5,0.05290525406599045,0,138.0799102783203,696.9990844726562,74.03494262695312,62.600074768066406,-1.5687710801747183
00161,0,0.9521231651306152,2,405.0341491699219,272.3192138671875,192.52792358398438,192.27891540527344,-1.5606120387699942
00161,1,0.9457973837852478,2,404.3096923828125,517.1063232421875,186.8271942138672,185.15274047851562,-0.016662955284118652
00002,0,0.8935078978538513,8,268.6370544433594,269.7997131347656,63.22314453125,63.077476501464844,1.4575343886998038
00002,1,0.1972869336605072,18,60.66886901855469,255.73744201660156,18.685089111328125,6.573770523071289,0.20735909044742584
00002,2,0.1707753688097,18,57.24095153808594,237.1219940185547,17.165264129638672,8.008382797241211,0.08688795566558838
00002,3,0.12674057483673096,18,303.4399108886719,231.9335479736328,18.953449249267578,8.658853530883789,-0.21233797073364258
00002,4,0.08843177556991577,3,268.666015625,269.9143371582031,66.98905181884766,59.935428619384766,1.4183873693135123
00002,5,0.0629117339849472,14,268.86151123046875,269.1285095214844,63.20485305786133,61.05678939819336,1.4913477386024336
00002,6,0.05714774504303932,2,268.86151123046875,269.1285095214844,63.20485305786133,61.05678939819336,1.4913477386024336
00002,7,0.05623282864689827,10,268.666015625,269.9143371582031,66.98905181884766,59.935428619384766,1.4183873693135123
00179,0,0.924295961856842,0,514.6090087890625,535.1904296875,93.06587982177734,87.79261016845703,1.5532090226796011
00179,1,0.9240496754646301,0,737.4630126953125,307.19390869140625,92.02906036376953,88.51216888427734,1.5649114410069327
00179,2,0.9232041835784912,0,64.62226867675781,312.4688415527344,88.27933502197266,86.70344543457031,1.560759381451879
00179,3,0.9199673533439636,0,289.88720703125,537.547119140625,88.34443664550781,86.3414535522461,1.5593512813237052
00179,4,0.9178434014320374,0,739.1710205078125,533.2984619140625,93.71868133544922,92.5452651977539,0.002816319465637207
00179,5,0.9173057675361633,0,176.11416625976562,309.7301330566406,91.04890441894531,86.84320068359375,1.568592027821813
00179,6,0.9152975678443909,0,511.5032958984375,306.6393127441406,89.69148254394531,86.14584350585938,1.5655706683781485
00179,7,0.9138479828834534,0,401.63897705078125,536.791259765625,87.05538940429688,84.02862548828125,1.5593660632756094
00179,8,0.9086606502532959,0,621.6278076171875,309.2332458496094,90.18919372558594,87.2294921875,1.5560533563282828
00179,9,0.3343142569065094,18,790.26806640625,728.782470703125,14.737106323242188,6.525712013244629,1.5022962848332266
00179,10,0.2907260060310364,18,168.06687927246094,725.7482299804688,24.744613647460938,9.126638412475586,-0.08023131638765335
00179,11,0.2750645875930786,18,408.8014221191406,719.3215942382812,29.92697525024414,11.522480010986328,0.012373924255371094
00179,12,0.26014384627342224,18,792.1281127929688,704.8389282226562,12.984283447265625,6.950526714324951,0.09448409080505371
00179,13,0.24026168882846832,18,536.3505859375,725.1300659179688,14.897363662719727,8.505040168762207,-0.03989851474761963
00179,14,0.1792440265417099,18,536.8056030273438,714.0965576171875,11.307907104492188,8.652153968811035,-0.06151783466339111
00179,15,0.14620116353034973,18,242.8098602294922,719.3853759765625,14.183147430419922,7.152961730957031,1.563324169316564
00179,16,0.12580353021621704,18,680.7053833007812,275.46453857421875,12.575706481933594,6.657494068145752,1.5034306804325919
00179,17,0.12268183380365372,18,456.9249572753906,718.7493286132812,10.512910842895508,5.489529609680176,-0.05174613371491432
00179,18,0.11512389034032822,18,501.0414733886719,723.413818359375,15.53139591217041,11.847468376159668,-0.08686566352844238
00179,19,0.10315548628568649,18,491.0628967285156,721.1770629882812,15.009697914123535,7.135278701782227,1.4395735869791846
00179,20,0.08971510827541351,18,107.38499450683594,720.9216918945312,15.606104850769043,7.401483535766602,-0.11798382550477982
00179,21,0.08874303102493286,13,792.1281127929688,704.8389282226562,12.984283447265625,6.950526714324951,0.09448409080505371
00179,22,0.08801677078008652,18,316.9005126953125,721.0753173828125,9.995704650878906,8.603277206420898,1.5465662042286734
00179,23,0.07692944258451462,18,205.55502319335938,727.1118774414062,12.54348373413086,9.03385066986084,1.5014866153385977
00179,24,0.07424585521221161,13,754.0899658203125,743.0139770507812,28.984363555908203,11.931859970092773,0.0571439266204834
00179,25,0.07000889629125595,2,64.21492004394531,312.6029968261719,88.86475372314453,87.13175201416016,-1.5611373941090445
00179,26,0.06432253867387772,18,481.6884765625,564.8641967773438,29.119775772094727,12.123616218566895,0.429202675819397
00179,27,0.06030048057436943,18,51.517887115478516,365.05535888671875,13.232815742492676,11.711342811584473,-1.5364619056370596
00179,28,0.058528199791908264,18,374.9200744628906,721.7317504882812,16.386152267456055,8.3291015625,0.0034363269805908203
00179,29,0.053940627723932266,2,289.512451171875,537.5476684570312,89.61397552490234,86.22167205810547,-1.5502552530404667
00179,30,0.05172743275761604,2,739.1123046875,306.12042236328125,90.46712493896484,88.30231475830078,-1.5663530389454703
00179,31,0.0514141283929348,2,736.827392578125,532.8800048828125,94.40031433105469,91.98185729980469,-1.5597507516529898
00179,32,0.05075827240943909,13,790.26806640625,728.782470703125,14.737106323242188,6.525712013244629,1.5022962848332266
00096,0,0.9129009246826172,18,723.09716796875,145.96835327148438,81.05586242675781,31.842086791992188,0.02638554573059082
00096,1,0.9094838500022888,18,724.3678588867188,54.78014373779297,84.76567077636719,33.319332122802734,-0.029547452926635742
00096,2,0.8395099639892578,18,181.40721130371094,159.2510528564453,94.87384033203125,36.97039031982422,-1.0955745438721518
00096,3,0.8184401988983154,18,427.3471374511719,283.9668273925781,86.64315795898438,34.87944030761719,-1.1051242212441306
00096,4,0.8149322867393494,18,304.7490539550781,221.06886291503906,72.46043395996094,29.274763107299805,-1.0206763307240347
00096,5,0.5967854857444763,18,297.6144714355469,429.1961975097656,44.69447326660156,30.224462509155273,-1.1028852025654654
00096,6,0.05673309415578842,18,249.01145935058594,361.5927734375,26.088592529296875,14.304123878479004,0.45759713649749756
00096,7,0.05197519809007645,18,271.90618896484375,425.4117736816406,46.252838134765625,16.74694061279297,-1.1166331330921988
00058,0,0.4796741008758545,1,479.41265869140625,392.0093078613281,754.122314453125,88.97529602050781,1.0096568624165396
00058,1,0.14942143857479095,1,626.369384765625,409.9666442871094,575.8104248046875,187.51731872558594,0.9950421015408377
00058,2,0.06807491183280945,4,510.4844970703125,101.16765594482422,15.257951736450195,10.370230674743652,1.071169332661901
00058,3,0.06487981230020523,19,519.2593994140625,404.4594421386719,17.917640686035156,13.378738403320312,-0.09340392798185349
00058,4,0.05303081497550011,4,759.2372436523438,545.9472045898438,12.436375617980957,12.03677749633789,1.073915765681539
00058,5,0.05209284648299217,17,416.14581298828125,289.1554260253906,388.3735046386719,44.91208267211914,1.0653665820744376
00058,6,0.05205022171139717,6,444.041748046875,391.2735290527344,620.958740234375,126.14535522460938,1.0434369603779654
00058,7,0.05025993287563324,12,512.777099609375,107.68557739257812,20.88132667541504,7.5347747802734375,1.0495826760914664
00118,0,0.9460131525993347,16,170.0047149658203,241.39065551757812,134.27505493164062,63.961570739746094,1.5649565021183829
00118,1,0.9426952004432678,16,490.71295166015625,642.6774291992188,134.74232482910156,64.77546691894531,1.5663630520601313
00118,2,0.9413797855377197,16,489.8812255859375,440.69390869140625,134.51260375976562,64.01970672607422,-1.5677967826512198
00118,3,0.9368558526039124,16,270.74774169921875,443.0955505371094,133.29071044921875,62.300636291503906,1.568849996724401
00118,4,0.9347319602966309,16,371.7518005371094,441.8896179199219,132.51116943359375,62.22822189331055,1.5703792134907584
00118,5,0.933140754699707,16,272.21124267578125,643.7860717773438,133.81979370117188,62.22841262817383,-1.570555762448583
00118,6,0.93048095703125,16,372.7041015625,643.6567993164062,132.68978881835938,62.365455627441406,-1.5669972459462027
00118,7,0.5973467826843262,18,411.986328125,771.368896484375,26.392911911010742,10.978497505187988,1.0766089717533927
00118,8,0.06731497496366501,18,532.6464233398438,213.53314208984375,24.963146209716797,14.062458038330078,0.6653434634208679
00118,9,0.05347718298435211,18,543.7088012695312,201.5373077392578,20.346965789794922,11.359743118286133,0.5199638605117798
00118,10,0.051162634044885635,18,665.0119018554688,343.828857421875,7.612244606018066,5.402973175048828,-0.037707094103097916
00083,0,0.8116481304168701,7,535.7871704101562,385.3203430175781,376.0609436035156,171.8758544921875,1.14549778501061
00083,1,0.7941594123840332,7,323.32781982421875,491.1303405761719,394.334228515625,167.3231964111328,1.1453985730793814
00083,2,0.4841761887073517,12,416.6643981933594,426.8080749511719,101.02430725097656,10.473531723022461,-0.40672174096107483
00083,3,0.08082089573144913,12,448.1014404296875,406.5107116699219,43.33274459838867,9.782060623168945,-0.3617987632751465
00083,4,0.07983141392469406,18,461.03485107421875,374.16192626953125,17.398340225219727,5.56027889251709,1.2057240764286856
00083,5,0.077342689037323,4,416.6643981933594,426.8080749511719,101.02430725097656,10.473531723022461,-0.40672174096107483
00083,6,0.07169786840677261,5,533.4403076171875,385.5704345703125,367.7030944824219,166.1702423095703,1.1352498094227652
00083,7,0.05516825616359711,9,327.9762878417969,493.7892150878906,396.1700744628906,176.72317504882812,1.1106178323414664
00083,8,0.05200445279479027,18,452.4180603027344,411.1450500488281,51.09157180786133,10.519612312316895,-0.41072189807891846
00142,0,0.9135333895683289,0,128.4576416015625,84.62531280517578,105.10787963867188,97.3298110961914,0.005567073356360197
00142,1,0.8733766674995422,0,126.6462631225586,355.6406555175781,63.84296798706055,54.584014892578125,-0.012554287910461426
00142,2,0.8472927808761597,0,85.72195434570312,590.0409545898438,70.73898315429688,48.35453796386719,1.5210405151036124
00142,3,0.810775637626648,0,702.0392456054688,598.1610107421875,79.1172866821289,50.50651168823242,1.5548282424595694
00142,4,0.8064643144607544,18,365.5882568359375,299.80963134765625,43.32868957519531,15.544437408447266,-1.5626073638584952
00142,5,0.7996117472648621,18,382.2985534667969,232.7129364013672,42.53481674194336,15.977094650268555,0.009172916412353516
00142,6,0.7723450660705566,18,480.0968322753906,293.0663757324219,67.34974670410156,17.130281448364258,-1.5616505901005606
00142,7,0.767550528049469,18,381.0575256347656,158.7741241455078,36.83835983276367,16.14541244506836,0.005157828330993652
00142,8,0.7606403231620789,18,441.6824035644531,293.2980041503906,56.929378509521484,17.322998046875,-1.5688237704478691
00142,9,0.7310706377029419,18,383.27337646484375,120.81282806396484,46.580657958984375,17.606246948242188,0.012753724120557308
00142,10,0.6360765695571899,18,376.30908203125,197.07577514648438,32.974979400634766,15.522350311279297,0.02510261721909046
00142,11,0.17826317250728607,18,642.4823608398438,31.730571746826172,9.610941886901855,8.480470657348633,-0.12849736213684082
00142,12,0.12377312779426575,18,84.37574005126953,8.446584701538086,16.68938636779785,8.032405853271484,-0.08001184463500977
00142,13,0.12296310812234879,18,528.2879638671875,162.71168518066406,9.728479385375977,7.238516807556152,1.4316266338017325
00142,14,0.12100803107023239,15,127.13443756103516,355.7384948730469,63.367034912109375,53.01683807373047,-0.02277505397796631
00142,15,0.12085525691509247,18,639.12451171875,18.297042846679688,10.611867904663086,9.419293403625488,-0.09244394302368164
00142,16,0.07094495743513107,16,31.54328155517578,80.39471435546875,71.88939666748047,40.588871002197266,-1.5391627113011221
00142,17,0.07001310586929321,12,441.7891540527344,293.7716064453125,59.10997009277344,18.772018432617188,-1.570688442387853
00142,18,0.06760857254266739,13,381.9951171875,153.95008850097656,39.71778106689453,26.27392578125,0.011226654052734375
00142,19,0.06740368902683258,18,430.282958984375,57.556312561035156,7.5380120277404785,6.557093143463135,-0.026830077171325684
00142,20,0.06723292171955109,15,84.99563598632812,588.8121337890625,70.27130126953125,49.329498291015625,1.5351864817228655
00142,21,0.06376229971647263,11,700.9646606445312,599.369873046875,82.9314193725586,49.619503021240234,1.5293663265791277
00142,22,0.06143280863761902,19,700.9646606445312,599.369873046875,82.9314193725586,49.619503021240234,1.5293663265791277
00142,23,0.06075119227170944,2,128.82260131835938,85.58406066894531,105.53035736083984,99.73749542236328,0.010861635208129883
00142,24,0.06040864810347557,8,85.93904113769531,591.759521484375,71.84797668457031,43.32164764404297,1.5614562789585928
00142,25,0.05888739228248596,15,383.6203308105469,120.24836730957031,46.69367599487305,17.70796012878418,0.014031649567186832
00142,26,0.05627031996846199,19,441.7891540527344,293.7716064453125,59.10997009277344,18.772018432617188,-1.570688442387853
00142,27,0.05575370416045189,19,479.48736572265625,294.35498046875,67.26603698730469,17.916122436523438,1.5701146880772452
00142,28,0.05520028620958328,13,376.7882385253906,197.40635681152344,34.121437072753906,15.898297309875488,0.03145396709442139
00142,29,0.0543341338634491,18,88.67085266113281,24.22535514831543,23.892671585083008,9.736597061157227,0.03845321759581566
00142,30,0.05297503247857094,8,126.64671325683594,354.89910888671875,63.91810607910156,56.35470199584961,-0.012781978584825993
00001,0,0.8003224730491638,9,413.0464782714844,449.109375,585.80859375,393.1074523925781,-0.012310146354138851
00001,1,0.07684744894504547,18,504.5445861816406,761.0166015625,10.180990219116211,8.379613876342773,-1.3123130659249167
00001,2,0.0713965967297554,2,776.5487670898438,724.3988037109375,19.800006866455078,11.136783599853516,0.06877303123474121
00001,3,0.06755170971155167,4,98.8134994506836,574.7913818359375,27.968505859375,9.939828872680664,-0.5731174349784851
00001,4,0.06683581322431564,18,47.660213470458984,725.7863159179688,9.234247207641602,8.047566413879395,-0.2922544479370117
00001,5,0.0617707185447216,2,748.0155639648438,276.87237548828125,18.281932830810547,12.937965393066406,1.4782484332707266
00001,6,0.05974597856402397,18,143.8258819580078,791.8902587890625,9.67515754699707,8.64123249053955,-1.5235437909748892
00001,7,0.056067582219839096,10,777.0636596679688,723.6346435546875,20.374929428100586,11.734354972839355,0.0835343599319458
00001,8,0.05429920554161072,18,327.2032775878906,605.4983520507812,10.59396743774414,6.653636932373047,-1.424321130910192
00001,9,0.0537911094725132,19,146.9507293701172,700.8840942382812,15.82702922821045,13.20581340789795,1.2991724769261221
00026,0,0.908176064491272,2,534.0145263671875,242.44107055664062,126.61639404296875,125.53890228271484,-0.002409696578979492
00026,1,0.9033446311950684,2,353.0713806152344,430.71990966796875,125.99711608886719,124.39093780517578,-0.007633328903466463
00026,2,0.9016542434692383,2,360.3309631347656,248.67733764648438,138.35415649414062,124.00537109375,-0.0007243156433105469
00026,3,0.8994334936141968,2,529.880859375,407.6507568359375,103.11141967773438,102.45252227783203,-0.016819952055811882
00026,4,0.16197878122329712,2,707.128662109375,268.31744384765625,13.565868377685547,10.867422103881836,1.552946881451879
00026,5,0.14598457515239716,2,727.6582641601562,266.1374206542969,10.890958786010742,8.611056327819824,1.4209892312672476
00026,6,0.12702101469039917,18,637.243896484375,690.2840576171875,18.1354923248291,8.565059661865234,1.4722060645606856
00026,7,0.11461079865694046,16,192.2683563232422,758.1843872070312,46.44924545288086,25.10819435119629,-1.4967184821751456
00026,8,0.10606484860181808,18,127.445068359375,480.39764404296875,13.129172325134277,6.031767845153809,1.4662179509785513
00026,9,0.0980459451675415,16,313.0168151855469,113.35142517089844,79.11233520507812,44.64461898803711,0.839721874394689
00026,10,0.0967428907752037,4,486.6575012207031,556.7888793945312,25.267135620117188,6.807718276977539,1.1955759982254843
00026,11,0.0886695608496666,17,680.4803466796875,492.76806640625,330.9768981933594,209.7044677734375,-1.3996880958464484
00026,12,0.06196226552128792,8,529.2717895507812,407.4504089355469,103.30399322509766,102.31658172607422,-0.02103114128112793
00026,13,0.05855514854192734,18,235.12167358398438,61.937503814697266,12.65768051147461,5.250132083892822,-0.3875375986099243
00026,14,0.05816115811467171,10,707.128662109375,268.31744384765625,13.565868377685547,10.867422103881836,1.552946881451879
00026,15,0.05570465698838234,10,727.6582641601562,266.1374206542969,10.890958786010742,8.611056327819824,1.4209892312672476
00026,16,0.05424763634800911,2,192.4662628173828,759.7260131835938,54.343505859375,38.755340576171875,-1.5261435071614127
00026,17,0.053083550184965134,12,486.3100891113281,558.2451171875,23.704071044921875,6.438244342803955,1.2519184807923178
00026,18,0.05022674426436424,0,353.12908935546875,430.9581604003906,126.77223205566406,122.67473602294922,-0.011955141089856625
00190,0,0.6479079723358154,1,443.49200439453125,410.3553771972656,580.3355102539062,139.07919311523438,-0.5867114067077637
00190,1,0.11770334094762802,1,342.3199462890625,235.97021484375,543.6295776367188,351.1844177246094,-0.3731183707714081
00190,2,0.08063414692878723,6,371.94635009765625,402.28753662109375,492.9853210449219,51.869083404541016,-0.5556772510197501
00190,3,0.06472355872392654,4,669.2843627929688,386.15704345703125,18.43198013305664,14.115381240844727,0.053928252309560776
00190,4,0.062231726944446564,12,669.2843627929688,386.15704345703125,18.43198013305664,14.115381240844727,0.053928252309560776
00190,5,0.05985482037067413,9,373.0316467285156,37.357566833496094,416.0318908691406,208.66287231445312,0.0011569262715056539
00082,0,0.9390130043029785,16,477.6656494140625,449.7878723144531,217.59213256835938,102.1397476196289,-1.2362314025547843
00082,1,0.9385194778442383,16,326.3540954589844,396.49908447265625,220.24505615234375,103.32659912109375,-1.2328336993840079
00082,2,0.9377750754356384,16,617.733642578125,498.9376220703125,212.955322265625,100.33177185058594,-1.2454509297993521
00082,3,0.936517596244812,16,202.6531982421875,353.4991455078125,219.8152618408203,102.13424682617188,-1.2331387559559683
00082,4,0.8594317436218262,18,89.90735626220703,543.0985717773438,45.75043487548828,20.214492797851562,1.3931772271778922
00082,5,0.8493700623512268,18,191.6788787841797,575.2726440429688,45.999359130859375,20.944747924804688,1.4159504930165152
00082,6,0.816821813583374,18,144.21994018554688,562.206298828125,40.48320007324219,17.975200653076172,1.4283705512669425
00082,7,0.8078132271766663,18,317.1191711425781,619.5272827148438,41.738582611083984,18.972957611083984,1.4139712462809424
00082,8,0.10391756892204285,2,505.0832824707031,57.05231475830078,366.13824462890625,147.2277069091797,-0.018126964569091797
00082,9,0.0752187967300415,18,338.4111022949219,670.0726318359375,13.505779266357422,5.950423240661621,0.13732492923736572
00073,0,0.6067630052566528,17,196.9874267578125,247.52572631835938,214.24435424804688,55.26652526855469,-0.7264126698162894
00073,1,0.36204490065574646,12,438.23065185546875,122.16734313964844,35.91960144042969,11.597953796386719,-0.3964204490184784
00073,2,0.19932565093040466,17,65.58609008789062,520.1136474609375,84.01158142089844,33.747005462646484,-0.6435856819152832
00073,3,0.19700707495212555,4,439.778564453125,121.91276550292969,35.49005889892578,11.414348602294922,-0.3928273916244507
00073,4,0.12371842563152313,17,384.9417724609375,265.4514465332031,136.63832092285156,132.0692596435547,-0.6376029849052429
00073,5,0.10643752664327621,12,233.4697723388672,753.3219604492188,25.403289794921875,6.788485527038574,1.453604289391313
00073,6,0.10388842225074768,8,194.67503356933594,248.05746459960938,213.71517944335938,57.845184326171875,-0.717610971131597
00073,7,0.1038038358092308,8,294.150146484375,255.00595092773438,24.364776611328125,7.564101219177246,-0.6341512799263
00073,8,0.08021591603755951,14,60.33531188964844,514.5022583007812,81.63530731201172,55.76769256591797,-0.788266853490148
00073,9,0.07987628132104874,4,233.4697723388672,753.3219604492188,25.403289794921875,6.788485527038574,1.453604289391313
00073,10,0.06454192847013474,1,197.81809997558594,247.2988739013672,205.6290740966797,58.521080017089844,-0.7265101830151419
00073,11,0.062090929597616196,12,458.1600646972656,403.81195068359375,56.869319915771484,34.47342300415039,1.4748367826130728
00073,12,0.06165864318609238,17,263.37957763671875,240.46327209472656,112.59748840332031,23.48727035522461,-1.0356628457692008
00073,13,0.060641102492809296,6,197.81809997558594,247.2988739013672,205.6290740966797,58.521080017089844,-0.7265101830151419
00073,14,0.058936987072229385,4,697.0418090820312,606.3598022460938,19.647830963134766,6.510112762451172,-1.4647827903416495
00073,15,0.058596525341272354,12,450.67291259765625,362.5960998535156,39.579689025878906,17.915773391723633,1.2362923185017447
00073,16,0.05766928941011429,4,665.592529296875,488.7178039550781,16.23419952392578,8.167672157287598,-1.2343885461476187
00073,17,0.057574376463890076,4,730.4030151367188,759.4974975585938,32.47052764892578,6.662659645080566,-0.7145593762397766
00073,18,0.056728363037109375,8,64.9993667602539,523.80810546875,83.18843841552734,30.439800262451172,-0.6520424485206604
00073,19,0.0552988201379776,4,668.1903076171875,738.5484619140625,33.96379852294922,9.300078392028809,-0.6527519822120667
00073,20,0.05385558679699898,4,606.7216186523438,43.49261474609375,29.100894927978516,11.262134552001953,-0.06863200664520264
00073,21,0.05345296859741211,12,433.23388671875,408.8145446777344,20.412792205810547,7.159844875335693,-1.464077548184667
00046,0,0.9103276133537292,4,359.5945739746094,397.4586486816406,203.69805908203125,201.90740966796875,-1.3340249816563468
00046,1,0.11467678844928741,12,360.6260681152344,397.9283447265625,205.45242309570312,200.29437255859375,-1.3742988864567618
00046,2,0.0594940260052681,6,359.93865966796875,399.5740966796875,205.66494750976562,202.5400390625,-1.3772084275868277
00197,0,0.8813305497169495,12,401.6372375488281,405.391357421875,600.2982177734375,117.98318481445312,-0.0607752799987793
00197,1,0.7958444356918335,18,401.5502624511719,104.22538757324219,34.131256103515625,15.12680435180664,-1.4760480682041983
00197,2,0.769892156124115,18,345.754638671875,500.35906982421875,34.6870231628418,14.989374160766602,-1.4698210517552237
00197,3,0.7552152276039124,18,483.24920654296875,195.52476501464844,112.02220153808594,20.905914306640625,-1.478761033215795
00197,4,0.7311379909515381,18,419.7840576171875,720.8323364257812,31.38660430908203,14.183708190917969,-1.53669806296495
00197,5,0.20095308125019073,18,547.0426025390625,241.9400177001953,42.7636833190918,14.500370979309082,-1.434415073194776
00197,6,0.19189326465129852,18,338.48773193359375,99.64936828613281,16.718793869018555,6.871199607849121,1.4813271323826651
00197,7,0.13383260369300842,18,360.0031433105469,97.11528015136719,9.015472412109375,7.808161735534668,-1.4427278796818594
00197,8,0.10701476037502289,18,94.99749755859375,622.6116943359375,14.653522491455078,7.524663925170898,-1.549689726033483
00197,9,0.10336773097515106,18,301.90118408203125,512.2193603515625,7.5218071937561035,6.244519233703613,-1.4321414987233023
00197,10,0.07772170752286911,18,448.5928649902344,630.1320190429688,7.337157249450684,5.649942874908447,-1.4052292863514761
00197,11,0.06114894524216652,18,280.19091796875,687.4308471679688,6.005605697631836,5.88530158996582,-1.364689559736524
00197,12,0.05802250653505325,18,492.2820129394531,292.6557312011719,9.593942642211914,5.739831447601318,-1.4137801537897925
00197,13,0.05701662600040436,18,128.4305877685547,786.5444946289062,95.25305938720703,20.491159439086914,0.0673907995223999
00197,14,0.0530296191573143,5,483.24920654296875,195.52476501464844,112.02220153808594,20.905914306640625,-1.478761033215795
00129,0,0.8595337867736816,13,414.1352233886719,248.10386657714844,213.92611694335938,65.3182601928711,-1.4131216565754752
00129,1,0.8526294827461243,13,384.23114013671875,634.3372802734375,217.2580108642578,67.55915069580078,-1.519320567199264
00129,2,0.8005459308624268,18,537.12890625,578.6596069335938,42.3449592590332,20.465225219726562,-0.551880955696106
00129,3,0.7483633160591125,13,453.6185607910156,104.68217468261719,96.60538482666016,35.22120666503906,1.3658642480757575
00129,4,0.691593587398529,18,579.5685424804688,512.539306640625,39.2457160949707,16.96200942993164,-0.7470769882202148
00129,5,0.1915334165096283,11,437.7822265625,492.9898376464844,361.4281005859375,51.6350212097168,-1.5672567645695548
00129,6,0.11190731078386307,11,472.7419128417969,28.44370460510254,66.98469543457031,32.65045928955078,1.3611833612110953
00129,7,0.08452637493610382,18,697.0187377929688,396.88604736328125,49.858070373535156,16.184572219848633,-0.6934941411018372
00129,8,0.07815317809581757,13,579.2374267578125,512.9872436523438,41.56623840332031,19.15081024169922,-0.7945954362538199
00129,9,0.0652846097946167,11,388.120849609375,501.9989013671875,229.50863647460938,73.91223907470703,-1.5015856782582144
00129,10,0.0642194002866745,13,695.4927978515625,397.4055480957031,50.44245910644531,16.948040008544922,-0.6744652390480042
00129,11,0.06036633253097534,8,415.541015625,250.69537353515625,205.34165954589844,68.57268524169922,-1.3709123889592032
00129,12,0.05879199877381325,11,737.1432495117188,718.69140625,186.28695678710938,96.57379150390625,1.3885944644596915
00129,13,0.05748945102095604,11,455.768310546875,76.33672332763672,99.94178771972656,9.610492706298828,-1.526734904446874
00129,14,0.05419359356164932,18,534.0804443359375,519.2100219726562,25.242000579833984,16.433452606201172,1.5544781247761588
00129,15,0.0512361042201519,8,383.9414367675781,636.81103515625,200.00689697265625,68.95832061767578,-1.5437538186695914
00181,0,0.8840898871421814,10,294.102783203125,345.3041687011719,569.0048828125,322.205078125,1.5514949123051505
00181,1,0.8600496053695679,14,281.5097351074219,344.35833740234375,755.671875,611.8056640625,1.552505568661962
00181,2,0.5783392786979675,16,677.6701049804688,713.9581909179688,87.11991119384766,43.059486389160156,1.3931027064707617
00181,3,0.24030791223049164,16,623.0863037109375,713.80517578125,77.66596221923828,45.50396728515625,1.4822104732182364
00181,4,0.1864723265171051,18,440.4382629394531,759.2752685546875,20.57663345336914,8.931324005126953,-0.052354928106069565
00181,5,0.06695056706666946,18,783.2040405273438,646.3359375,38.600765228271484,27.48177146911621,0.03448784723877907
00181,6,0.05712191388010979,16,525.3395385742188,318.726318359375,25.57567596435547,23.356916427612305,-0.03740644082427025
00051,0,0.9144778847694397,8,297.9450378417969,478.60089111328125,194.34002685546875,78.13518524169922,1.1331476728108267
00051,1,0.08444930613040924,18,49.01780700683594,475.04412841796875,36.697330474853516,12.46703052520752,-0.4891538619995117
00051,2,0.05186827480792999,17,298.3180847167969,477.6641540527344,193.66830444335938,76.89678955078125,1.153201893964086
00014,0,0.9228920340538025,15,505.972900390625,557.8368530273438,119.04737091064453,116.50236511230469,-0.002389788394793868
00014,1,0.9227328896522522,15,386.2213439941406,601.0720825195312,120.60160827636719,117.57796478271484,-0.005761146545410156
00014,2,0.9178643226623535,15,624.6163940429688,514.5526733398438,120.77950286865234,118.1176986694336,-0.003806352848187089
00014,3,0.897724986076355,15,182.34385681152344,587.890869140625,163.8641815185547,157.86013793945312,-0.0030628442764282227
00014,4,0.14463679492473602,18,182.5830841064453,587.1596069335938,165.6629180908203,157.0079803466797,-0.01085042953491211
00014,5,0.1003975123167038,18,624.8925170898438,513.9226684570312,119.99969482421875,117.86546325683594,-0.030789969488978386
00014,6,0.09749183803796768,18,506.93499755859375,557.0640258789062,117.48528289794922,116.53453063964844,0.004421353340148926
00014,7,0.08300120383501053,4,757.2294311523438,311.2794189453125,26.585548400878906,9.142814636230469,-0.319934606552124
00014,8,0.07192126661539078,18,87.60633087158203,519.0925903320312,8.732254028320312,8.497058868408203,0.1806468963623047
00014,9,0.06855599582195282,18,272.6084289550781,511.77655029296875,16.654674530029297,7.09837532043457,0.04502653703093529
00014,10,0.06719232350587845,18,397.3469543457031,494.0679626464844,13.67072582244873,6.469303607940674,-0.017300963401794434
00014,11,0.06655872613191605,18,352.7969055175781,702.1302490234375,11.933113098144531,5.9924211502075195,1.5528622409936528
00014,12,0.06440243124961853,18,63.51699447631836,761.8809814453125,15.889518737792969,8.44924259185791,-1.48192044446734
00014,13,0.06117391586303711,18,263.0024108886719,698.4356079101562,8.392332077026367,7.351609706878662,1.4859053651478629
00014,14,0.05982735753059387,18,160.00473022460938,695.0819702148438,8.257951736450195,6.661801338195801,-1.557208971181188
00014,15,0.058938510715961456,18,274.2623596191406,474.34857177734375,9.333675384521484,9.163058280944824,0.04263412952423096
00014,16,0.058130230754613876,18,533.2742309570312,789.92138671875,25.751209259033203,7.544308662414551,0.1152341291308403
00014,17,0.05590515583753586,18,386.22735595703125,601.1885375976562,119.30245208740234,117.32482147216797,0.001230001449584961
00014,18,0.05503811314702034,18,237.5950164794922,697.1332397460938,19.10201644897461,7.5095696449279785,0.19953763484954834
00014,19,0.053210560232400894,18,313.18646240234375,767.969482421875,9.640729904174805,7.06201171875,-1.5226395885136466
00014,20,0.051144789904356,15,428.135498046875,533.681884765625,21.883251190185547,17.459096908569336,0.35754308104515076
00094,0,0.9432588219642639,2,636.8712158203125,205.6625518798828,217.67715454101562,192.10354614257812,1.563838438191686
00094,1,0.8063867688179016,18,102.2110366821289,433.1939392089844,37.032711029052734,16.269729614257812,-1.5451621572163443
00094,2,0.8041725754737854,18,137.42337036132812,434.1979675292969,36.98365783691406,14.368452072143555,-1.5666350885902087
00094,3,0.8002486228942871,18,488.8556213378906,596.5197143554688,36.39712905883789,14.689298629760742,1.5669775766462575
00094,4,0.7796536087989807,18,199.19664001464844,589.5582885742188,29.054576873779297,13.609952926635742,-1.5656296769764761
00094,5,0.7676512598991394,18,245.91571044921875,677.1229248046875,32.9229850769043,14.244027137756348,-1.5569177428868155
00094,6,0.7643537521362305,18,265.8300476074219,439.30291748046875,39.22950744628906,15.199308395385742,1.5337684909489493
00094,7,0.7608368396759033,18,421.3244934082031,685.2975463867188,29.142894744873047,13.984344482421875,-1.5669035472117852
00094,8,0.7333825826644897,18,439.5995788574219,632.1138916015625,28.340770721435547,10.9232816696167,0.4788886308670044
00094,9,0.7317554354667664,18,602.2166748046875,709.1314697265625,26.268890380859375,14.233499526977539,-1.4176466027882437
00094,10,0.7281079888343811,18,387.5126647949219,756.1384887695312,29.198101043701172,12.328095436096191,1.5397527991470437
00094,11,0.7199333906173706,18,571.9318237304688,696.5320434570312,32.54611587524414,16.61028480529785,-1.4657393331315856
00094,12,0.7007045745849609,18,390.0079650878906,591.9747924804688,27.46074676513672,13.44853687286377,1.5578499595311026
00094,13,0.6937476396560669,18,47.28956985473633,587.0726928710938,29.305328369140625,15.3089599609375,-1.5211096564915518
00094,14,0.6037352681159973,18,654.1141967773438,713.9877319335938,31.316741943359375,15.477171897888184,-1.4285443733122687
00094,15,0.154153510928154,18,153.61561584472656,434.49267578125,35.56612777709961,16.673322677612305,-1.4988711635258536
00094,16,0.13899244368076324,18,269.8440246582031,676.0632934570312,28.508865356445312,13.569275856018066,-1.5504793665048222
00094,17,0.1183418482542038,18,356.1226501464844,669.1990966796875,14.895975112915039,8.942325592041016,0.17965638637542725
00094,18,0.1099415123462677,18,256.9200744628906,195.31752014160156,18.571012496948242,7.334706783294678,1.2860761443760733
00094,19,0.0967390388250351,18,265.4635314941406,201.2093048095703,19.42755126953125,7.448340892791748,1.3933532992985587
00094,20,0.08108598738908768,16,687.0489501953125,16.801589965820312,136.11007690429688,46.30437469482422,-0.004983067512512207
00094,21,0.06488612294197083,18,312.9980773925781,618.276611328125,16.56243896484375,5.829793930053711,0.01895773410797119
00094,22,0.0630878135561943,18,58.02744674682617,715.1803588867188,17.91399574279785,14.63214111328125,-0.29038703441619873
00094,23,0.06124374642968178,18,623.8158569335938,711.7314453125,23.871994018554688,15.460009574890137,-1.4695089618351798
00094,24,0.0610240213572979,18,491.0230712890625,696.1782836914062,13.540815353393555,11.828561782836914,-1.4561448852207999
00094,25,0.06098702922463417,18,236.2791748046875,440.3199462890625,25.66211700439453,13.730469703674316,1.5155701237407069
00094,26,0.059055767953395844,10,387.32830810546875,755.95849609375,29.749223709106445,12.562420845031738,1.556222633519445
00094,27,0.056965090334415436,18,335.884765625,382.0983581542969,8.451353073120117,7.2801313400268555,-0.1448040008544922
00094,28,0.05377671867609024,16,654.2581787109375,714.0665893554688,29.720008850097656,16.518856048583984,-1.4975546235826354
00094,29,0.05108226090669632,19,102.18717193603516,433.61212158203125,38.25640106201172,16.306291580200195,-1.5472304402526955
00059,0,0.9340511560440063,2,202.33416748046875,543.0625,208.19805908203125,204.24676513671875,-1.4901871244099478
00059,1,0.9149758815765381,2,479.36492919921875,239.79444885253906,284.2170104980469,280.6971130371094,-1.2900162498143057
00059,2,0.07139648497104645,0,203.19615173339844,543.3309326171875,209.91709899902344,202.58377075195312,-1.5206211368229727
00059,3,0.05457351356744766,3,192.69015502929688,542.7114868164062,223.88824462890625,189.130859375,-1.4453167478230338
00087,0,0.9041440486907959,10,390.52655029296875,504.2478942871094,752.5280151367188,341.03741455078125,0.514748215675354
00087,1,0.12894798815250397,16,632.7904052734375,631.8048706054688,92.59248352050781,48.20458984375,-1.1136321584370474
00087,2,0.09198101609945297,18,280.4593811035156,653.5281982421875,18.400022506713867,7.423912525177002,0.264900803565979
00087,3,0.08088307082653046,18,268.63818359375,632.1318359375,23.382802963256836,6.820962905883789,0.5007198452949524
00087,4,0.06932816654443741,18,680.3121337890625,752.77197265625,12.20907974243164,6.655453681945801,-1.1040446321156363
00087,5,0.06478331238031387,18,784.335205078125,655.2117919921875,9.935243606567383,6.771061420440674,0.010499478317797184
