assignment_version,annotator_slot,task_order,task_id,dataset,crop_relpath,long_side_angle_deg_le90,ambiguous,skip,notes,annotator_id,annotation_timestamp_utc
m4-071-final-v1,B,1,1ed8c0ac095d514bfc8a,DIOR-R,images/1ed8c0ac095d514bfc8a.jpg,,,,,,
m4-071-final-v1,B,2,1c7e0062864398384cee,SODA-A,images/1c7e0062864398384cee.jpg,,,,,,
m4-071-final-v1,B,3,7680d28b4d19ce474c9c,FAIR1M-v1.0,images/7680d28b4d19ce474c9c.jpg,,,,,,
m4-071-final-v1,B,4,e894ae3856b8f11c4766,FAIR1M-v1.0,images/e894ae3856b8f11c4766.jpg,,,,,,
m4-071-final-v1,B,5,0f2f7427d2f77cf8e8be,SODA-A,images/0f2f7427d2f77cf8e8be.jpg,,,,,,
m4-071-final-v1,B,6,85052467a35075b04539,FAIR1M-v1.0,images/85052467a35075b04539.jpg,,,,,,
m4-071-final-v1,B,7,40dcd8ca17a71d725665,FAIR1M-v1.0,images/40dcd8ca17a71d725665.jpg,,,,,,
m4-071-final-v1,B,8,d00e307730dcbe4244c6,DIOR-R,images/d00e307730dcbe4244c6.jpg,,,,,,
m4-071-final-v1,B,9,7bb9988b275fe25d0cfa,DIOR-R,images/7bb9988b275fe25d0cfa.jpg,,,,,,
m4-071-final-v1,B,10,98a488659ebccafb9c94,SODA-A,images/98a488659ebccafb9c94.jpg,,,,,,
m4-071-final-v1,B,11,6d1c3d2832dea61be9fe,FAIR1M-v1.0,images/6d1c3d2832dea61be9fe.jpg,,,,,,
m4-071-final-v1,B,12,a0d78d740e0a7ff29cd3,DIOR-R,images/a0d78d740e0a7ff29cd3.jpg,,,,,,
m4-071-final-v1,B,13,71e33180b7c90556edb8,FAIR1M-v1.0,images/71e33180b7c90556edb8.jpg,,,,,,
m4-071-final-v1,B,14,3e1e4afab613394b0c51,SODA-A,images/3e1e4afab613394b0c51.jpg,,,,,,
m4-071-final-v1,B,15,a2a3e7b938873b67bf2d,DIOR-R,images/a2a3e7b938873b67bf2d.jpg,,,,,,
m4-071-final-v1,B,16,7e66660032d7c676a1f8,DIOR-R,images/7e66660032d7c676a1f8.jpg,,,,,,
m4-071-final-v1,B,17,ee98e0dda9979ab6d6e2,FAIR1M-v1.0,images/ee98e0dda9979ab6d6e2.jpg,,,,,,
m4-071-final-v1,B,18,ff9c350526d44369e946,SODA-A,images/ff9c350526d44369e946.jpg,,,,,,
m4-071-final-v1,B,19,31394d636eeb70eb4b8e,SODA-A,images/31394d636eeb70eb4b8e.jpg,,,,,,
m4-071-final-v1,B,20,f28e18fdffd38c9d51c5,FAIR1M-v1.0,images/f28e18fdffd38c9d51c5.jpg,,,,,,
m4-071-final-v1,B,21,1dfe64b47e7cbe17c876,DIOR-R,images/1dfe64b47e7cbe17c876.jpg,,,,,,
m4-071-final-v1,B,22,66e71631bc3d58027580,FAIR1M-v1.0,images/66e71631bc3d58027580.jpg,,,,,,
m4-071-final-v1,B,23,422bce6bf4e4b4b72545,SODA-A,images/422bce6bf4e4b4b72545.jpg,,,,,,
m4-071-final-v1,B,24,85e3a6a0e1959de09557,SODA-A,images/85e3a6a0e1959de09557.jpg,,,,,,
m4-071-final-v1,B,25,958a29813ce4657283ee,DIOR-R,images/958a29813ce4657283ee.jpg,,,,,,
m4-071-final-v1,B,26,ba62f2c8d8ff1df653af,FAIR1M-v1.0,images/ba62f2c8d8ff1df653af.jpg,,,,,,
m4-071-final-v1,B,27,0dc10b9d696c8a2081cd,FAIR1M-v1.0,images/0dc10b9d696c8a2081cd.jpg,,,,,,
m4-071-final-v1,B,28,fa4d1e6ea7bedca1d259,SODA-A,images/fa4d1e6ea7bedca1d259.jpg,,,,,,
m4-071-final-v1,B,29,57298361665133ec88eb,DIOR-R,images/57298361665133ec88eb.jpg,,,,,,
m4-071-final-v1,B,30,593940ad41531dc91af1,DIOR-R,images/593940ad41531dc91af1.jpg,,,,,,
m4-071-final-v1,B,31,da574554b333a49303b8,SODA-A,images/da574554b333a49303b8.jpg,,,,,,
m4-071-final-v1,B,32,fbff9e92513854959e85,DIOR-R,images/fbff9e92513854959e85.jpg,,,,,,
m4-071-final-v1,B,33,1b0c27e72d4e61d3cf1e,FAIR1M-v1.0,images/1b0c27e72d4e61d3cf1e.jpg,,,,,,
m4-071-final-v1,B,34,d0926aa0dadcaa97cb26,FAIR1M-v1.0,images/d0926aa0dadcaa97cb26.jpg,,,,,,
m4-071-final-v1,B,35,6d97b10491e092355eb6,FAIR1M-v1.0,images/6d97b10491e092355eb6.jpg,,,,,,
m4-071-final-v1,B,36,ede1dff1d5530a618d10,DIOR-R,images/ede1dff1d5530a618d10.jpg,,,,,,
m4-071-final-v1,B,37,b445ead32e172828eec5,FAIR1M-v1.0,images/b445ead32e172828eec5.jpg,,,,,,
m4-071-final-v1,B,38,a85ff2ace4d0fdf351a2,SODA-A,images/a85ff2ace4d0fdf351a2.jpg,,,,,,
m4-071-final-v1,B,39,5df15418999ab09d2d3b,SODA-A,images/5df15418999ab09d2d3b.jpg,,,,,,
m4-071-final-v1,B,40,bdd139c6c116d4f557ab,FAIR1M-v1.0,images/bdd139c6c116d4f557ab.jpg,,,,,,
m4-071-final-v1,B,41,de1201701cc7fc4adc45,DIOR-R,images/de1201701cc7fc4adc45.jpg,,,,,,
m4-071-final-v1,B,42,c2d6088fe171edf08f61,SODA-A,images/c2d6088fe171edf08f61.jpg,,,,,,
m4-071-final-v1,B,43,1f6579867f65e6bbfdd2,DIOR-R,images/1f6579867f65e6bbfdd2.jpg,,,,,,
m4-071-final-v1,B,44,11f7c5eeb654ed8a8033,DIOR-R,images/11f7c5eeb654ed8a8033.jpg,,,,,,
m4-071-final-v1,B,45,1df08c8bb446a1816710,FAIR1M-v1.0,images/1df08c8bb446a1816710.jpg,,,,,,
m4-071-final-v1,B,46,acb36f4a9da6533c6e3c,SODA-A,images/acb36f4a9da6533c6e3c.jpg,,,,,,
m4-071-final-v1,B,47,d1a91b59c507a5db3875,DIOR-R,images/d1a91b59c507a5db3875.jpg,,,,,,
m4-071-final-v1,B,48,70000156d1d04f91f3e2,DIOR-R,images/70000156d1d04f91f3e2.jpg,,,,,,
m4-071-final-v1,B,49,fd258a427530bf621e25,FAIR1M-v1.0,images/fd258a427530bf621e25.jpg,,,,,,
m4-071-final-v1,B,50,bf75155a3da1b5dd44dd,SODA-A,images/bf75155a3da1b5dd44dd.jpg,,,,,,
m4-071-final-v1,B,51,ce0a6e2b0f8ab5e07a1a,FAIR1M-v1.0,images/ce0a6e2b0f8ab5e07a1a.jpg,,,,,,
m4-071-final-v1,B,52,8db553739bbb4f12a4a5,FAIR1M-v1.0,images/8db553739bbb4f12a4a5.jpg,,,,,,
m4-071-final-v1,B,53,458604a8d74e6365440c,SODA-A,images/458604a8d74e6365440c.jpg,,,,,,
m4-071-final-v1,B,54,92f97a6e9cfa89971972,SODA-A,images/92f97a6e9cfa89971972.jpg,,,,,,
m4-071-final-v1,B,55,a8a9aabdfc0c015fb83d,DIOR-R,images/a8a9aabdfc0c015fb83d.jpg,,,,,,
m4-071-final-v1,B,56,654f2393c16ff6bf8fef,FAIR1M-v1.0,images/654f2393c16ff6bf8fef.jpg,,,,,,
m4-071-final-v1,B,57,0b2cac902dd0c0cfb0fb,SODA-A,images/0b2cac902dd0c0cfb0fb.jpg,,,,,,
m4-071-final-v1,B,58,41ce6686a6ec67a7c150,SODA-A,images/41ce6686a6ec67a7c150.jpg,,,,,,
m4-071-final-v1,B,59,cf5a4ff788ffc30482a3,DIOR-R,images/cf5a4ff788ffc30482a3.jpg,,,,,,
m4-071-final-v1,B,60,1662080b86c5038e7fd3,FAIR1M-v1.0,images/1662080b86c5038e7fd3.jpg,,,,,,
m4-071-final-v1,B,61,87eb8d82d8688284b9d8,FAIR1M-v1.0,images/87eb8d82d8688284b9d8.jpg,,,,,,
m4-071-final-v1,B,62,4db7c8e9740d2bea4b7f,FAIR1M-v1.0,images/4db7c8e9740d2bea4b7f.jpg,,,,,,
m4-071-final-v1,B,63,4383f23465e0c9730581,SODA-A,images/4383f23465e0c9730581.jpg,,,,,,
m4-071-final-v1,B,64,33fd888e8f444fd557ec,DIOR-R,images/33fd888e8f444fd557ec.jpg,,,,,,
m4-071-final-v1,B,65,0c62b7440c0ee058f7bd,DIOR-R,images/0c62b7440c0ee058f7bd.jpg,,,,,,
m4-071-final-v1,B,66,4bd57077f1e4dd15534d,FAIR1M-v1.0,images/4bd57077f1e4dd15534d.jpg,,,,,,
m4-071-final-v1,B,67,1c2b1fd47eb89eb2969e,SODA-A,images/1c2b1fd47eb89eb2969e.jpg,,,,,,
m4-071-final-v1,B,68,5a0ca3107e56839ad27c,FAIR1M-v1.0,images/5a0ca3107e56839ad27c.jpg,,,,,,
m4-071-final-v1,B,69,39f5185a0111867419c4,SODA-A,images/39f5185a0111867419c4.jpg,,,,,,
m4-071-final-v1,B,70,1377216a75a9397f0af9,SODA-A,images/1377216a75a9397f0af9.jpg,,,,,,
m4-071-final-v1,B,71,18a4f6e2b414c6f9fe4d,SODA-A,images/18a4f6e2b414c6f9fe4d.jpg,,,,,,
m4-071-final-v1,B,72,42a52e6f549d3bc0538e,DIOR-R,images/42a52e6f549d3bc0538e.jpg,,,,,,
m4-071-final-v1,B,73,1d80dc2a66ab2e30ca79,SODA-A,images/1d80dc2a66ab2e30ca79.jpg,,,,,,
m4-071-final-v1,B,74,a508734a25aa2857c457,FAIR1M-v1.0,images/a508734a25aa2857c457.jpg,,,,,,
m4-071-final-v1,B,75,71ee3aa40e85240cfaec,DIOR-R,images/71ee3aa40e85240cfaec.jpg,,,,,,
m4-071-final-v1,B,76,999a1984200998b6786f,FAIR1M-v1.0,images/999a1984200998b6786f.jpg,,,,,,
m4-071-final-v1,B,77,aab0af5ff06eb4ebe3f8,DIOR-R,images/aab0af5ff06eb4ebe3f8.jpg,,,,,,
m4-071-final-v1,B,78,6e1850a74cc78cfd4442,FAIR1M-v1.0,images/6e1850a74cc78cfd4442.jpg,,,,,,
m4-071-final-v1,B,79,2c9157632c1273edcce0,FAIR1M-v1.0,images/2c9157632c1273edcce0.jpg,,,,,,
m4-071-final-v1,B,80,357f16168597da9120dd,DIOR-R,images/357f16168597da9120dd.jpg,,,,,,
m4-071-final-v1,B,81,de1a676b418189e0c0f2,FAIR1M-v1.0,images/de1a676b418189e0c0f2.jpg,,,,,,
m4-071-final-v1,B,82,32be332c1e9b0cc51e2e,DIOR-R,images/32be332c1e9b0cc51e2e.jpg,,,,,,
m4-071-final-v1,B,83,47d9e4ec3a2b28dbf14e,DIOR-R,images/47d9e4ec3a2b28dbf14e.jpg,,,,,,
m4-071-final-v1,B,84,5d525336af98527da2f4,DIOR-R,images/5d525336af98527da2f4.jpg,,,,,,
m4-071-final-v1,B,85,dee78c52d1b524a873e1,SODA-A,images/dee78c52d1b524a873e1.jpg,,,,,,
m4-071-final-v1,B,86,707cf9a1d66c31059abf,DIOR-R,images/707cf9a1d66c31059abf.jpg,,,,,,
m4-071-final-v1,B,87,781222248b91f3044ea7,SODA-A,images/781222248b91f3044ea7.jpg,,,,,,
m4-071-final-v1,B,88,218cf628ff1da7f7316b,FAIR1M-v1.0,images/218cf628ff1da7f7316b.jpg,,,,,,
m4-071-final-v1,B,89,3944fe961fb8675d166a,FAIR1M-v1.0,images/3944fe961fb8675d166a.jpg,,,,,,
m4-071-final-v1,B,90,f31bce78364652d2680e,FAIR1M-v1.0,images/f31bce78364652d2680e.jpg,,,,,,
m4-071-final-v1,B,91,079059d5f0930db891c1,DIOR-R,images/079059d5f0930db891c1.jpg,,,,,,
m4-071-final-v1,B,92,4e8b6455718cbc912530,DIOR-R,images/4e8b6455718cbc912530.jpg,,,,,,
m4-071-final-v1,B,93,ec2cd1fcffd58684efc1,DIOR-R,images/ec2cd1fcffd58684efc1.jpg,,,,,,
m4-071-final-v1,B,94,d335b200cd1a39d8cbb1,DIOR-R,images/d335b200cd1a39d8cbb1.jpg,,,,,,
m4-071-final-v1,B,95,e393233098fe290b5913,SODA-A,images/e393233098fe290b5913.jpg,,,,,,
m4-071-final-v1,B,96,16ce36da79b22365cbc4,DIOR-R,images/16ce36da79b22365cbc4.jpg,,,,,,
m4-071-final-v1,B,97,47ca1996272cc1aa572b,DIOR-R,images/47ca1996272cc1aa572b.jpg,,,,,,
m4-071-final-v1,B,98,84ccc73ba96a1fd77bc9,DIOR-R,images/84ccc73ba96a1fd77bc9.jpg,,,,,,
m4-071-final-v1,B,99,065dadfff4010471d2f3,DIOR-R,images/065dadfff4010471d2f3.jpg,,,,,,
m4-071-final-v1,B,100,1443cbe749a650d72011,DIOR-R,images/1443cbe749a650d72011.jpg,,,,,,
m4-071-final-v1,B,101,bbf80764ac7774737fd0,SODA-A,images/bbf80764ac7774737fd0.jpg,,,,,,
m4-071-final-v1,B,102,42fb84e9624ad635a345,SODA-A,images/42fb84e9624ad635a345.jpg,,,,,,
m4-071-final-v1,B,103,3939015149cb8445ca13,FAIR1M-v1.0,images/3939015149cb8445ca13.jpg,,,,,,
m4-071-final-v1,B,104,ac139eab602eba58c0a9,FAIR1M-v1.0,images/ac139eab602eba58c0a9.jpg,,,,,,
m4-071-final-v1,B,105,cd0ec9548995fbfd2a87,FAIR1M-v1.0,images/cd0ec9548995fbfd2a87.jpg,,,,,,
m4-071-final-v1,B,106,fa60cb3db30eee4f6111,DIOR-R,images/fa60cb3db30eee4f6111.jpg,,,,,,
m4-071-final-v1,B,107,9cabe2e478de3608802d,SODA-A,images/9cabe2e478de3608802d.jpg,,,,,,
m4-071-final-v1,B,108,6fcfa218e623b03374e1,DIOR-R,images/6fcfa218e623b03374e1.jpg,,,,,,
m4-071-final-v1,B,109,e02b76e87b992e3b2ed0,SODA-A,images/e02b76e87b992e3b2ed0.jpg,,,,,,
m4-071-final-v1,B,110,affb8ffc3ce389724e1b,SODA-A,images/affb8ffc3ce389724e1b.jpg,,,,,,
m4-071-final-v1,B,111,c5b3eee05e0500b143db,DIOR-R,images/c5b3eee05e0500b143db.jpg,,,,,,
m4-071-final-v1,B,112,45977b7016af8db95b41,DIOR-R,images/45977b7016af8db95b41.jpg,,,,,,
m4-071-final-v1,B,113,2c3ec4f8fcf80aa1c2d5,FAIR1M-v1.0,images/2c3ec4f8fcf80aa1c2d5.jpg,,,,,,
m4-071-final-v1,B,114,74bb808df06056976b15,DIOR-R,images/74bb808df06056976b15.jpg,,,,,,
m4-071-final-v1,B,115,bee44fa00436b51a4ee4,DIOR-R,images/bee44fa00436b51a4ee4.jpg,,,,,,
m4-071-final-v1,B,116,a41c5559b79c220d33d5,DIOR-R,images/a41c5559b79c220d33d5.jpg,,,,,,
m4-071-final-v1,B,117,4a85484e879a178e1dd3,SODA-A,images/4a85484e879a178e1dd3.jpg,,,,,,
m4-071-final-v1,B,118,f14d19921f6ad70fa331,DIOR-R,images/f14d19921f6ad70fa331.jpg,,,,,,
m4-071-final-v1,B,119,b88aa79ef5a418d6c620,SODA-A,images/b88aa79ef5a418d6c620.jpg,,,,,,
m4-071-final-v1,B,120,b7ab9e8457b47bdc1948,FAIR1M-v1.0,images/b7ab9e8457b47bdc1948.jpg,,,,,,
m4-071-final-v1,B,121,8e7dffb1cd9ed4b6d9aa,FAIR1M-v1.0,images/8e7dffb1cd9ed4b6d9aa.jpg,,,,,,
m4-071-final-v1,B,122,670798e63abd86ef1ca6,SODA-A,images/670798e63abd86ef1ca6.jpg,,,,,,
m4-071-final-v1,B,123,b98c5150055153c5a48c,FAIR1M-v1.0,images/b98c5150055153c5a48c.jpg,,,,,,
m4-071-final-v1,B,124,ee8b8afb30ef43b0038d,DIOR-R,images/ee8b8afb30ef43b0038d.jpg,,,,,,
m4-071-final-v1,B,125,aa4e179d241cb1390229,DIOR-R,images/aa4e179d241cb1390229.jpg,,,,,,
m4-071-final-v1,B,126,1dd6b5543f86542cedfc,SODA-A,images/1dd6b5543f86542cedfc.jpg,,,,,,
m4-071-final-v1,B,127,fb9a9e17c9884bba028f,DIOR-R,images/fb9a9e17c9884bba028f.jpg,,,,,,
m4-071-final-v1,B,128,c79e71af15117d7e4958,DIOR-R,images/c79e71af15117d7e4958.jpg,,,,,,
m4-071-final-v1,B,129,f3a2dfe9ff0c18972ed6,DIOR-R,images/f3a2dfe9ff0c18972ed6.jpg,,,,,,
m4-071-final-v1,B,130,326e54bfc8061a54a8b4,SODA-A,images/326e54bfc8061a54a8b4.jpg,,,,,,
m4-071-final-v1,B,131,3c47c37524a09eba11fb,SODA-A,images/3c47c37524a09eba11fb.jpg,,,,,,
m4-071-final-v1,B,132,1ee9909fb48278e7d249,DIOR-R,images/1ee9909fb48278e7d249.jpg,,,,,,
m4-071-final-v1,B,133,c51d64b24567b6fc98f1,DIOR-R,images/c51d64b24567b6fc98f1.jpg,,,,,,
m4-071-final-v1,B,134,3264db6fcf06bd1a59c0,FAIR1M-v1.0,images/3264db6fcf06bd1a59c0.jpg,,,,,,
m4-071-final-v1,B,135,297636108bab0652c5a3,FAIR1M-v1.0,images/297636108bab0652c5a3.jpg,,,,,,
m4-071-final-v1,B,136,509a711f9af08bad8450,FAIR1M-v1.0,images/509a711f9af08bad8450.jpg,,,,,,
m4-071-final-v1,B,137,0cd08fdcd7ae1b31ee6b,DIOR-R,images/0cd08fdcd7ae1b31ee6b.jpg,,,,,,
m4-071-final-v1,B,138,601da08f2c1ab2991dd0,FAIR1M-v1.0,images/601da08f2c1ab2991dd0.jpg,,,,,,
m4-071-final-v1,B,139,50865841ff9abad60442,SODA-A,images/50865841ff9abad60442.jpg,,,,,,
m4-071-final-v1,B,140,02a5fe1a09ab8db16c2c,DIOR-R,images/02a5fe1a09ab8db16c2c.jpg,,,,,,
m4-071-final-v1,B,141,cda720a53ef2eb4374c0,FAIR1M-v1.0,images/cda720a53ef2eb4374c0.jpg,,,,,,
m4-071-final-v1,B,142,1d7477794e5f3ea67fbc,SODA-A,images/1d7477794e5f3ea67fbc.jpg,,,,,,
m4-071-final-v1,B,143,a59046c66add58cde394,DIOR-R,images/a59046c66add58cde394.jpg,,,,,,
m4-071-final-v1,B,144,6e7a9fb3da8c8286f7a4,SODA-A,images/6e7a9fb3da8c8286f7a4.jpg,,,,,,
m4-071-final-v1,B,145,88af44807e513377065a,FAIR1M-v1.0,images/88af44807e513377065a.jpg,,,,,,
m4-071-final-v1,B,146,1fd618a0f81bd90b4ce9,SODA-A,images/1fd618a0f81bd90b4ce9.jpg,,,,,,
m4-071-final-v1,B,147,0e4690ce224c5dd44e1c,FAIR1M-v1.0,images/0e4690ce224c5dd44e1c.jpg,,,,,,
m4-071-final-v1,B,148,2554645b23a5af44dc24,FAIR1M-v1.0,images/2554645b23a5af44dc24.jpg,,,,,,
m4-071-final-v1,B,149,654226a640d2ba738af4,DIOR-R,images/654226a640d2ba738af4.jpg,,,,,,
m4-071-final-v1,B,150,1bc4919669b76c6bb996,FAIR1M-v1.0,images/1bc4919669b76c6bb996.jpg,,,,,,
m4-071-final-v1,B,151,e60e89f7b2771fae3bd3,SODA-A,images/e60e89f7b2771fae3bd3.jpg,,,,,,
m4-071-final-v1,B,152,00be774377f7c335efe3,SODA-A,images/00be774377f7c335efe3.jpg,,,,,,
m4-071-final-v1,B,153,847cb0fd450d73c26adf,FAIR1M-v1.0,images/847cb0fd450d73c26adf.jpg,,,,,,
m4-071-final-v1,B,154,ee0ac9621bcc48d7d0a0,SODA-A,images/ee0ac9621bcc48d7d0a0.jpg,,,,,,
m4-071-final-v1,B,155,c67f2affc3a2202079e9,SODA-A,images/c67f2affc3a2202079e9.jpg,,,,,,
m4-071-final-v1,B,156,b8cada50131fe85d9444,DIOR-R,images/b8cada50131fe85d9444.jpg,,,,,,
m4-071-final-v1,B,157,0d5bc699855fa97e1113,SODA-A,images/0d5bc699855fa97e1113.jpg,,,,,,
m4-071-final-v1,B,158,267045aedf5bedda6a9e,FAIR1M-v1.0,images/267045aedf5bedda6a9e.jpg,,,,,,
m4-071-final-v1,B,159,e903e6de338a92362fe9,FAIR1M-v1.0,images/e903e6de338a92362fe9.jpg,,,,,,
m4-071-final-v1,B,160,4c72ad9c43b30191905c,SODA-A,images/4c72ad9c43b30191905c.jpg,,,,,,
m4-071-final-v1,B,161,56e280762844f03cccb8,SODA-A,images/56e280762844f03cccb8.jpg,,,,,,
m4-071-final-v1,B,162,c15327b8bbcdca72c55f,FAIR1M-v1.0,images/c15327b8bbcdca72c55f.jpg,,,,,,
m4-071-final-v1,B,163,7e05faff4cfa4915fd33,FAIR1M-v1.0,images/7e05faff4cfa4915fd33.jpg,,,,,,
m4-071-final-v1,B,164,ef0dcfaddde700af3004,DIOR-R,images/ef0dcfaddde700af3004.jpg,,,,,,
m4-071-final-v1,B,165,5c4abc386da440f5ff63,SODA-A,images/5c4abc386da440f5ff63.jpg,,,,,,
m4-071-final-v1,B,166,dad37a272395407bc464,FAIR1M-v1.0,images/dad37a272395407bc464.jpg,,,,,,
m4-071-final-v1,B,167,f9a3781fdca496e9c9fb,DIOR-R,images/f9a3781fdca496e9c9fb.jpg,,,,,,
m4-071-final-v1,B,168,98c7cb2015cb6bfa24cb,DIOR-R,images/98c7cb2015cb6bfa24cb.jpg,,,,,,
m4-071-final-v1,B,169,bb5d88bbb657c9f71a36,DIOR-R,images/bb5d88bbb657c9f71a36.jpg,,,,,,
m4-071-final-v1,B,170,057da11afc1740fe1b73,FAIR1M-v1.0,images/057da11afc1740fe1b73.jpg,,,,,,
m4-071-final-v1,B,171,36654780d6eec7238013,DIOR-R,images/36654780d6eec7238013.jpg,,,,,,
m4-071-final-v1,B,172,0e23ec9d8d023651cc1d,FAIR1M-v1.0,images/0e23ec9d8d023651cc1d.jpg,,,,,,
m4-071-final-v1,B,173,8760ec5abf31261f6c44,FAIR1M-v1.0,images/8760ec5abf31261f6c44.jpg,,,,,,
m4-071-final-v1,B,174,497932473712d2b729c6,DIOR-R,images/497932473712d2b729c6.jpg,,,,,,
m4-071-final-v1,B,175,0713d5406db526e9e291,DIOR-R,images/0713d5406db526e9e291.jpg,,,,,,
m4-071-final-v1,B,176,e41fda358087103efbe6,SODA-A,images/e41fda358087103efbe6.jpg,,,,,,
m4-071-final-v1,B,177,016b9e2f6bf9f2f915b3,FAIR1M-v1.0,images/016b9e2f6bf9f2f915b3.jpg,,,,,,
m4-071-final-v1,B,178,94c288086669b279cfcd,FAIR1M-v1.0,images/94c288086669b279cfcd.jpg,,,,,,
m4-071-final-v1,B,179,2fe480f45395c7c3f3e6,FAIR1M-v1.0,images/2fe480f45395c7c3f3e6.jpg,,,,,,
m4-071-final-v1,B,180,78d5e785685c176888a4,DIOR-R,images/78d5e785685c176888a4.jpg,,,,,,
m4-071-final-v1,B,181,7f24cf55e98699ef3b1f,FAIR1M-v1.0,images/7f24cf55e98699ef3b1f.jpg,,,,,,
m4-071-final-v1,B,182,fc41657e81950026c3b2,FAIR1M-v1.0,images/fc41657e81950026c3b2.jpg,,,,,,
m4-071-final-v1,B,183,e7c6f37f9f7ecc90b0a2,DIOR-R,images/e7c6f37f9f7ecc90b0a2.jpg,,,,,,
m4-071-final-v1,B,184,4405c8396694e8b56229,DIOR-R,images/4405c8396694e8b56229.jpg,,,,,,
m4-071-final-v1,B,185,c201425ae13206829bac,SODA-A,images/c201425ae13206829bac.jpg,,,,,,
m4-071-final-v1,B,186,d9eaa4c71020e98130bf,FAIR1M-v1.0,images/d9eaa4c71020e98130bf.jpg,,,,,,
m4-071-final-v1,B,187,34dcb51f38ea3c718cd6,SODA-A,images/34dcb51f38ea3c718cd6.jpg,,,,,,
m4-071-final-v1,B,188,d4042af43695c662072c,SODA-A,images/d4042af43695c662072c.jpg,,,,,,
m4-071-final-v1,B,189,3f250c28b2c9b0e533de,SODA-A,images/3f250c28b2c9b0e533de.jpg,,,,,,
m4-071-final-v1,B,190,ad5af95f29886ec4745e,SODA-A,images/ad5af95f29886ec4745e.jpg,,,,,,
m4-071-final-v1,B,191,1abe0778b5bca90fbef0,SODA-A,images/1abe0778b5bca90fbef0.jpg,,,,,,
m4-071-final-v1,B,192,d670aace9e0c23849203,SODA-A,images/d670aace9e0c23849203.jpg,,,,,,
m4-071-final-v1,B,193,02a2fff204bb67f5ea99,SODA-A,images/02a2fff204bb67f5ea99.jpg,,,,,,
m4-071-final-v1,B,194,b355f548009d38035144,DIOR-R,images/b355f548009d38035144.jpg,,,,,,
m4-071-final-v1,B,195,8672eea679056460739b,FAIR1M-v1.0,images/8672eea679056460739b.jpg,,,,,,
m4-071-final-v1,B,196,cf40a0127244b92c31ae,DIOR-R,images/cf40a0127244b92c31ae.jpg,,,,,,
m4-071-final-v1,B,197,49259d1feb0a14376cef,DIOR-R,images/49259d1feb0a14376cef.jpg,,,,,,
m4-071-final-v1,B,198,5bcd285a6d28fc3b908d,FAIR1M-v1.0,images/5bcd285a6d28fc3b908d.jpg,,,,,,
m4-071-final-v1,B,199,65908c550e157e6c8a84,DIOR-R,images/65908c550e157e6c8a84.jpg,,,,,,
m4-071-final-v1,B,200,8ecf38ba9d5c12e470d0,FAIR1M-v1.0,images/8ecf38ba9d5c12e470d0.jpg,,,,,,
m4-071-final-v1,B,201,e27d63ab076ea2725911,DIOR-R,images/e27d63ab076ea2725911.jpg,,,,,,
m4-071-final-v1,B,202,36fe66736691ba6125a0,SODA-A,images/36fe66736691ba6125a0.jpg,,,,,,
m4-071-final-v1,B,203,4788286fe4570870a5f4,FAIR1M-v1.0,images/4788286fe4570870a5f4.jpg,,,,,,
m4-071-final-v1,B,204,5458a78343347cf96b4f,DIOR-R,images/5458a78343347cf96b4f.jpg,,,,,,
m4-071-final-v1,B,205,a4bd359911136990ba9f,SODA-A,images/a4bd359911136990ba9f.jpg,,,,,,
m4-071-final-v1,B,206,b54b08815244e3c8b047,DIOR-R,images/b54b08815244e3c8b047.jpg,,,,,,
m4-071-final-v1,B,207,45183d55321a8aa8fd20,FAIR1M-v1.0,images/45183d55321a8aa8fd20.jpg,,,,,,
m4-071-final-v1,B,208,35600b58d800548c3857,FAIR1M-v1.0,images/35600b58d800548c3857.jpg,,,,,,
m4-071-final-v1,B,209,09c7b50ef334f5597d0e,FAIR1M-v1.0,images/09c7b50ef334f5597d0e.jpg,,,,,,
m4-071-final-v1,B,210,fb55d31eef18dc2ae778,SODA-A,images/fb55d31eef18dc2ae778.jpg,,,,,,
m4-071-final-v1,B,211,e4088b7c04a591d7ec5a,FAIR1M-v1.0,images/e4088b7c04a591d7ec5a.jpg,,,,,,
m4-071-final-v1,B,212,822fa267aba3943a7398,FAIR1M-v1.0,images/822fa267aba3943a7398.jpg,,,,,,
m4-071-final-v1,B,213,857be25e92e4e8e33467,SODA-A,images/857be25e92e4e8e33467.jpg,,,,,,
m4-071-final-v1,B,214,a9fea23f69f0f9090a57,SODA-A,images/a9fea23f69f0f9090a57.jpg,,,,,,
m4-071-final-v1,B,215,dff1409399860c497cca,DIOR-R,images/dff1409399860c497cca.jpg,,,,,,
m4-071-final-v1,B,216,2b876ac2ee076e29e1ab,SODA-A,images/2b876ac2ee076e29e1ab.jpg,,,,,,
m4-071-final-v1,B,217,a31906505d6dff579f57,SODA-A,images/a31906505d6dff579f57.jpg,,,,,,
m4-071-final-v1,B,218,079f07adff03d289e1d4,DIOR-R,images/079f07adff03d289e1d4.jpg,,,,,,
m4-071-final-v1,B,219,2c6c45ebbf4f2d91a71b,FAIR1M-v1.0,images/2c6c45ebbf4f2d91a71b.jpg,,,,,,
m4-071-final-v1,B,220,d5fdddedb8e4189a69a8,DIOR-R,images/d5fdddedb8e4189a69a8.jpg,,,,,,
m4-071-final-v1,B,221,bc692bcd071a43d39846,DIOR-R,images/bc692bcd071a43d39846.jpg,,,,,,
m4-071-final-v1,B,222,ec0dd323af8b1bb52aa8,FAIR1M-v1.0,images/ec0dd323af8b1bb52aa8.jpg,,,,,,
m4-071-final-v1,B,223,79b0659d2d3426d04171,DIOR-R,images/79b0659d2d3426d04171.jpg,,,,,,
m4-071-final-v1,B,224,5e131a2dc8624e7e92eb,DIOR-R,images/5e131a2dc8624e7e92eb.jpg,,,,,,
m4-071-final-v1,B,225,d3ea032adedcdd9cdfa6,SODA-A,images/d3ea032adedcdd9cdfa6.jpg,,,,,,
m4-071-final-v1,B,226,99c293cbf450b7674f0b,FAIR1M-v1.0,images/99c293cbf450b7674f0b.jpg,,,,,,
m4-071-final-v1,B,227,3ff86ae962458c8a8ca9,SODA-A,images/3ff86ae962458c8a8ca9.jpg,,,,,,
m4-071-final-v1,B,228,58cf9ba2a037bcbff0a0,SODA-A,images/58cf9ba2a037bcbff0a0.jpg,,,,,,
m4-071-final-v1,B,229,d72ed6145a24353081d1,FAIR1M-v1.0,images/d72ed6145a24353081d1.jpg,,,,,,
m4-071-final-v1,B,230,e80fd850170cf0f8d6a3,SODA-A,images/e80fd850170cf0f8d6a3.jpg,,,,,,
m4-071-final-v1,B,231,3137c00e50f37c4b16c3,SODA-A,images/3137c00e50f37c4b16c3.jpg,,,,,,
m4-071-final-v1,B,232,dadbcec31e914805354c,SODA-A,images/dadbcec31e914805354c.jpg,,,,,,
m4-071-final-v1,B,233,e1405c35bf89849a5311,SODA-A,images/e1405c35bf89849a5311.jpg,,,,,,
m4-071-final-v1,B,234,d10560bd18ed489bf4f4,FAIR1M-v1.0,images/d10560bd18ed489bf4f4.jpg,,,,,,
m4-071-final-v1,B,235,d7a7770420417fa73710,SODA-A,images/d7a7770420417fa73710.jpg,,,,,,
m4-071-final-v1,B,236,4c6b7ad03d34d4a55d69,SODA-A,images/4c6b7ad03d34d4a55d69.jpg,,,,,,
m4-071-final-v1,B,237,37e8ce0518f8a8398e0e,FAIR1M-v1.0,images/37e8ce0518f8a8398e0e.jpg,,,,,,
m4-071-final-v1,B,238,05fbbcd27f8dda7ca0d3,SODA-A,images/05fbbcd27f8dda7ca0d3.jpg,,,,,,
m4-071-final-v1,B,239,9b0e1f54bb0e33efa7f5,FAIR1M-v1.0,images/9b0e1f54bb0e33efa7f5.jpg,,,,,,
m4-071-final-v1,B,240,6cdd7398fcec36e1e1d8,FAIR1M-v1.0,images/6cdd7398fcec36e1e1d8.jpg,,,,,,
m4-071-final-v1,B,241,f6efad2008a9f42ace43,FAIR1M-v1.0,images/f6efad2008a9f42ace43.jpg,,,,,,
m4-071-final-v1,B,242,0a8f7fd8822fb9f8dfd6,DIOR-R,images/0a8f7fd8822fb9f8dfd6.jpg,,,,,,
m4-071-final-v1,B,243,c6d8d184e205dd88dc60,SODA-A,images/c6d8d184e205dd88dc60.jpg,,,,,,
m4-071-final-v1,B,244,7e703221a360592dfbb3,SODA-A,images/7e703221a360592dfbb3.jpg,,,,,,
m4-071-final-v1,B,245,5949184ebbe2ce49a9cd,DIOR-R,images/5949184ebbe2ce49a9cd.jpg,,,,,,
m4-071-final-v1,B,246,c17fd41367295fe51cd4,DIOR-R,images/c17fd41367295fe51cd4.jpg,,,,,,
m4-071-final-v1,B,247,a7248cb868a59820064c,FAIR1M-v1.0,images/a7248cb868a59820064c.jpg,,,,,,
m4-071-final-v1,B,248,c25027687cd9e31b23c6,SODA-A,images/c25027687cd9e31b23c6.jpg,,,,,,
m4-071-final-v1,B,249,2e9e7ae6422d1dacde62,SODA-A,images/2e9e7ae6422d1dacde62.jpg,,,,,,
m4-071-final-v1,B,250,f5d3f960bf52f369aac1,SODA-A,images/f5d3f960bf52f369aac1.jpg,,,,,,
m4-071-final-v1,B,251,bcda598aa815460ef432,FAIR1M-v1.0,images/bcda598aa815460ef432.jpg,,,,,,
m4-071-final-v1,B,252,b9d18dfeaaffeec26c32,SODA-A,images/b9d18dfeaaffeec26c32.jpg,,,,,,
m4-071-final-v1,B,253,7ceb685f4f97422eb99d,DIOR-R,images/7ceb685f4f97422eb99d.jpg,,,,,,
m4-071-final-v1,B,254,027ac5798e639ff416a7,DIOR-R,images/027ac5798e639ff416a7.jpg,,,,,,
m4-071-final-v1,B,255,c2bfca146fa5bca91dab,FAIR1M-v1.0,images/c2bfca146fa5bca91dab.jpg,,,,,,
m4-071-final-v1,B,256,2e65171b87e4056b3393,SODA-A,images/2e65171b87e4056b3393.jpg,,,,,,
m4-071-final-v1,B,257,104a360e8ade491e5b70,FAIR1M-v1.0,images/104a360e8ade491e5b70.jpg,,,,,,
m4-071-final-v1,B,258,1e4701017f48d0f3b1e7,DIOR-R,images/1e4701017f48d0f3b1e7.jpg,,,,,,
m4-071-final-v1,B,259,22de0657a55b69cf9ff1,SODA-A,images/22de0657a55b69cf9ff1.jpg,,,,,,
m4-071-final-v1,B,260,ad4e2c08667ce51e3b8b,SODA-A,images/ad4e2c08667ce51e3b8b.jpg,,,,,,
m4-071-final-v1,B,261,bae10d35341fcaf0a118,FAIR1M-v1.0,images/bae10d35341fcaf0a118.jpg,,,,,,
m4-071-final-v1,B,262,5e9ae49a2fb3ad5365a5,SODA-A,images/5e9ae49a2fb3ad5365a5.jpg,,,,,,
m4-071-final-v1,B,263,c0e58e5f6d9ac9a98a48,SODA-A,images/c0e58e5f6d9ac9a98a48.jpg,,,,,,
m4-071-final-v1,B,264,e16320bee40ae724fcae,SODA-A,images/e16320bee40ae724fcae.jpg,,,,,,
m4-071-final-v1,B,265,b08b7615f1e2f47c3622,SODA-A,images/b08b7615f1e2f47c3622.jpg,,,,,,
m4-071-final-v1,B,266,164314e7737be1ca789b,DIOR-R,images/164314e7737be1ca789b.jpg,,,,,,
m4-071-final-v1,B,267,94d73bb59cc29cc137eb,SODA-A,images/94d73bb59cc29cc137eb.jpg,,,,,,
m4-071-final-v1,B,268,1850ebcf73982b46501d,DIOR-R,images/1850ebcf73982b46501d.jpg,,,,,,
m4-071-final-v1,B,269,e6ee9e4ed2810c5563e4,DIOR-R,images/e6ee9e4ed2810c5563e4.jpg,,,,,,
m4-071-final-v1,B,270,5ac73bf98869a4827bb7,SODA-A,images/5ac73bf98869a4827bb7.jpg,,,,,,
m4-071-final-v1,B,271,643c7418bad9d4ac5eec,FAIR1M-v1.0,images/643c7418bad9d4ac5eec.jpg,,,,,,
m4-071-final-v1,B,272,f44332e0e2a1ff535989,DIOR-R,images/f44332e0e2a1ff535989.jpg,,,,,,
m4-071-final-v1,B,273,f5a15231a723e16afb2d,FAIR1M-v1.0,images/f5a15231a723e16afb2d.jpg,,,,,,
m4-071-final-v1,B,274,0fbfa2c548119b51b81f,FAIR1M-v1.0,images/0fbfa2c548119b51b81f.jpg,,,,,,
m4-071-final-v1,B,275,97d4690dd890997a7c65,SODA-A,images/97d4690dd890997a7c65.jpg,,,,,,
m4-071-final-v1,B,276,4d73313fbe2b5e1917ad,SODA-A,images/4d73313fbe2b5e1917ad.jpg,,,,,,
m4-071-final-v1,B,277,d7cb789f3205c37d1ba9,DIOR-R,images/d7cb789f3205c37d1ba9.jpg,,,,,,
m4-071-final-v1,B,278,e16a1dd87fe51af5cb2b,DIOR-R,images/e16a1dd87fe51af5cb2b.jpg,,,,,,
m4-071-final-v1,B,279,b2f8aec9e96565d8793a,SODA-A,images/b2f8aec9e96565d8793a.jpg,,,,,,
m4-071-final-v1,B,280,688d9c5083e618205c6c,FAIR1M-v1.0,images/688d9c5083e618205c6c.jpg,,,,,,
m4-071-final-v1,B,281,3ed7c1860414723990c1,SODA-A,images/3ed7c1860414723990c1.jpg,,,,,,
m4-071-final-v1,B,282,189693600b1ea5d915bd,DIOR-R,images/189693600b1ea5d915bd.jpg,,,,,,
m4-071-final-v1,B,283,7899f21ab7e7504132cf,SODA-A,images/7899f21ab7e7504132cf.jpg,,,,,,
m4-071-final-v1,B,284,15b0269b812aeb8ea44f,DIOR-R,images/15b0269b812aeb8ea44f.jpg,,,,,,
m4-071-final-v1,B,285,6ea25531dfb9b914da77,SODA-A,images/6ea25531dfb9b914da77.jpg,,,,,,
m4-071-final-v1,B,286,4d8cf05a7aef0b1fd7ef,SODA-A,images/4d8cf05a7aef0b1fd7ef.jpg,,,,,,
m4-071-final-v1,B,287,e32c18bc93573fa73306,SODA-A,images/e32c18bc93573fa73306.jpg,,,,,,
m4-071-final-v1,B,288,c835a60bb9e3ff49353e,FAIR1M-v1.0,images/c835a60bb9e3ff49353e.jpg,,,,,,
m4-071-final-v1,B,289,8243cbd1a689be5d05de,DIOR-R,images/8243cbd1a689be5d05de.jpg,,,,,,
m4-071-final-v1,B,290,2c77c38bf5302466508d,FAIR1M-v1.0,images/2c77c38bf5302466508d.jpg,,,,,,
m4-071-final-v1,B,291,f1ea164539920342c8a3,DIOR-R,images/f1ea164539920342c8a3.jpg,,,,,,
m4-071-final-v1,B,292,2253639205292ba5bdc7,SODA-A,images/2253639205292ba5bdc7.jpg,,,,,,
m4-071-final-v1,B,293,04e126fb643c24154640,DIOR-R,images/04e126fb643c24154640.jpg,,,,,,
m4-071-final-v1,B,294,4b2fe61792d6e65d77ed,DIOR-R,images/4b2fe61792d6e65d77ed.jpg,,,,,,
m4-071-final-v1,B,295,772d3cfb2ff773799e3e,DIOR-R,images/772d3cfb2ff773799e3e.jpg,,,,,,
m4-071-final-v1,B,296,e13d185aa0bdac479241,DIOR-R,images/e13d185aa0bdac479241.jpg,,,,,,
m4-071-final-v1,B,297,7298a8d4db65e46e0c5b,SODA-A,images/7298a8d4db65e46e0c5b.jpg,,,,,,
m4-071-final-v1,B,298,6b3136ca1006c0885b7a,SODA-A,images/6b3136ca1006c0885b7a.jpg,,,,,,
m4-071-final-v1,B,299,8e0f172d8cf3ab6fa5c5,FAIR1M-v1.0,images/8e0f172d8cf3ab6fa5c5.jpg,,,,,,
m4-071-final-v1,B,300,ca8555f4494ca2e32b25,DIOR-R,images/ca8555f4494ca2e32b25.jpg,,,,,,
m4-071-final-v1,B,301,226e8b141b93e754c009,FAIR1M-v1.0,images/226e8b141b93e754c009.jpg,,,,,,
m4-071-final-v1,B,302,d0d5c141fe76403552b8,DIOR-R,images/d0d5c141fe76403552b8.jpg,,,,,,
m4-071-final-v1,B,303,43c12b863defda26544b,FAIR1M-v1.0,images/43c12b863defda26544b.jpg,,,,,,
m4-071-final-v1,B,304,59750886e2de5a1b7af4,DIOR-R,images/59750886e2de5a1b7af4.jpg,,,,,,
m4-071-final-v1,B,305,3a829467582ef81316ae,SODA-A,images/3a829467582ef81316ae.jpg,,,,,,
m4-071-final-v1,B,306,c893500053abc5d2653c,DIOR-R,images/c893500053abc5d2653c.jpg,,,,,,
m4-071-final-v1,B,307,559f25fdfcf948e4d3f9,SODA-A,images/559f25fdfcf948e4d3f9.jpg,,,,,,
m4-071-final-v1,B,308,331781f25bddbac864e2,DIOR-R,images/331781f25bddbac864e2.jpg,,,,,,
m4-071-final-v1,B,309,1a31af4157b5ba64b15f,FAIR1M-v1.0,images/1a31af4157b5ba64b15f.jpg,,,,,,
m4-071-final-v1,B,310,63b21cd174fa6849d565,FAIR1M-v1.0,images/63b21cd174fa6849d565.jpg,,,,,,
m4-071-final-v1,B,311,6369e60ba988e4b1e504,DIOR-R,images/6369e60ba988e4b1e504.jpg,,,,,,
m4-071-final-v1,B,312,2ce5c07022639efa989f,FAIR1M-v1.0,images/2ce5c07022639efa989f.jpg,,,,,,
m4-071-final-v1,B,313,b5b2eebe302dec90decd,DIOR-R,images/b5b2eebe302dec90decd.jpg,,,,,,
m4-071-final-v1,B,314,d8343497e35ff9ecb789,DIOR-R,images/d8343497e35ff9ecb789.jpg,,,,,,
m4-071-final-v1,B,315,7b9f69c52e1cb20330ec,SODA-A,images/7b9f69c52e1cb20330ec.jpg,,,,,,
m4-071-final-v1,B,316,f068c8a038bf69432cbc,FAIR1M-v1.0,images/f068c8a038bf69432cbc.jpg,,,,,,
m4-071-final-v1,B,317,0233bbf979dcaaf9a6ad,DIOR-R,images/0233bbf979dcaaf9a6ad.jpg,,,,,,
m4-071-final-v1,B,318,17a1df21a1cc3bcfd26f,DIOR-R,images/17a1df21a1cc3bcfd26f.jpg,,,,,,
m4-071-final-v1,B,319,d5bb22905bd6a333c8c1,FAIR1M-v1.0,images/d5bb22905bd6a333c8c1.jpg,,,,,,
m4-071-final-v1,B,320,1e2fe22b8cf14f225ca7,FAIR1M-v1.0,images/1e2fe22b8cf14f225ca7.jpg,,,,,,
m4-071-final-v1,B,321,60d45482c08fe1cf7a79,DIOR-R,images/60d45482c08fe1cf7a79.jpg,,,,,,
m4-071-final-v1,B,322,2b2f18dbf2b8b9428b65,FAIR1M-v1.0,images/2b2f18dbf2b8b9428b65.jpg,,,,,,
m4-071-final-v1,B,323,3534e52d38455c485912,FAIR1M-v1.0,images/3534e52d38455c485912.jpg,,,,,,
m4-071-final-v1,B,324,3434f9334e89ea98bd62,FAIR1M-v1.0,images/3434f9334e89ea98bd62.jpg,,,,,,
m4-071-final-v1,B,325,170ae14df20809f2b4a8,SODA-A,images/170ae14df20809f2b4a8.jpg,,,,,,
m4-071-final-v1,B,326,039fcf3bd34581e1d205,FAIR1M-v1.0,images/039fcf3bd34581e1d205.jpg,,,,,,
m4-071-final-v1,B,327,15c077bc66e34bf15da5,FAIR1M-v1.0,images/15c077bc66e34bf15da5.jpg,,,,,,
m4-071-final-v1,B,328,347e3370339a4bf2ffc6,FAIR1M-v1.0,images/347e3370339a4bf2ffc6.jpg,,,,,,
m4-071-final-v1,B,329,6a48a52ad4c4d14daed7,DIOR-R,images/6a48a52ad4c4d14daed7.jpg,,,,,,
m4-071-final-v1,B,330,849499e4b305d819c0c1,DIOR-R,images/849499e4b305d819c0c1.jpg,,,,,,
m4-071-final-v1,B,331,7b253ef7c469d7f59a99,DIOR-R,images/7b253ef7c469d7f59a99.jpg,,,,,,
m4-071-final-v1,B,332,0d8eadbc893cbacb071d,SODA-A,images/0d8eadbc893cbacb071d.jpg,,,,,,
m4-071-final-v1,B,333,179c0c49466dfb2ce542,SODA-A,images/179c0c49466dfb2ce542.jpg,,,,,,
m4-071-final-v1,B,334,3de480c2c4999f2114a9,FAIR1M-v1.0,images/3de480c2c4999f2114a9.jpg,,,,,,
m4-071-final-v1,B,335,02b3b502545c655fe528,DIOR-R,images/02b3b502545c655fe528.jpg,,,,,,
m4-071-final-v1,B,336,0c13542243fca1ee6315,DIOR-R,images/0c13542243fca1ee6315.jpg,,,,,,
m4-071-final-v1,B,337,78e50794cb72006e21bd,DIOR-R,images/78e50794cb72006e21bd.jpg,,,,,,
m4-071-final-v1,B,338,7bf86611814bc3fc15ec,FAIR1M-v1.0,images/7bf86611814bc3fc15ec.jpg,,,,,,
m4-071-final-v1,B,339,fcd75cd400feec134b68,FAIR1M-v1.0,images/fcd75cd400feec134b68.jpg,,,,,,
m4-071-final-v1,B,340,280493173eb6d0ad0080,DIOR-R,images/280493173eb6d0ad0080.jpg,,,,,,
m4-071-final-v1,B,341,2f6d59609a02839cf8b1,DIOR-R,images/2f6d59609a02839cf8b1.jpg,,,,,,
m4-071-final-v1,B,342,a397d36ef12c39710d89,DIOR-R,images/a397d36ef12c39710d89.jpg,,,,,,
m4-071-final-v1,B,343,8484bd9f3fd641bc1083,SODA-A,images/8484bd9f3fd641bc1083.jpg,,,,,,
m4-071-final-v1,B,344,aa716f288ef4c02ca9d1,FAIR1M-v1.0,images/aa716f288ef4c02ca9d1.jpg,,,,,,
m4-071-final-v1,B,345,1b59fb13bb49cde524a1,FAIR1M-v1.0,images/1b59fb13bb49cde524a1.jpg,,,,,,
m4-071-final-v1,B,346,af3cf607df72913589d7,SODA-A,images/af3cf607df72913589d7.jpg,,,,,,
m4-071-final-v1,B,347,410ce376fb98476ecb9e,SODA-A,images/410ce376fb98476ecb9e.jpg,,,,,,
m4-071-final-v1,B,348,0f6fa802f1cf437e6519,DIOR-R,images/0f6fa802f1cf437e6519.jpg,,,,,,
m4-071-final-v1,B,349,1c9cf0be99e3b8e319c8,FAIR1M-v1.0,images/1c9cf0be99e3b8e319c8.jpg,,,,,,
m4-071-final-v1,B,350,3d1d1825ae82e41d6757,DIOR-R,images/3d1d1825ae82e41d6757.jpg,,,,,,
m4-071-final-v1,B,351,bad7ac84996aef5d1db8,FAIR1M-v1.0,images/bad7ac84996aef5d1db8.jpg,,,,,,
m4-071-final-v1,B,352,1a372a833cd29af48fa2,DIOR-R,images/1a372a833cd29af48fa2.jpg,,,,,,
m4-071-final-v1,B,353,59eea30d26e4dec99e3d,DIOR-R,images/59eea30d26e4dec99e3d.jpg,,,,,,
m4-071-final-v1,B,354,1850a0bf7e34087b4c1b,FAIR1M-v1.0,images/1850a0bf7e34087b4c1b.jpg,,,,,,
m4-071-final-v1,B,355,2d5ec44a82c8f15a8c8a,FAIR1M-v1.0,images/2d5ec44a82c8f15a8c8a.jpg,,,,,,
m4-071-final-v1,B,356,b5022fa68573aa9c45b6,SODA-A,images/b5022fa68573aa9c45b6.jpg,,,,,,
m4-071-final-v1,B,357,1aef61616f8650c906bc,SODA-A,images/1aef61616f8650c906bc.jpg,,,,,,
m4-071-final-v1,B,358,e267970133198d668dfc,DIOR-R,images/e267970133198d668dfc.jpg,,,,,,
m4-071-final-v1,B,359,ac735c29d28e90b97bf9,DIOR-R,images/ac735c29d28e90b97bf9.jpg,,,,,,
m4-071-final-v1,B,360,4007561e06ab5f4cda3c,DIOR-R,images/4007561e06ab5f4cda3c.jpg,,,,,,
m4-071-final-v1,B,361,3cda5a09568072a1e198,DIOR-R,images/3cda5a09568072a1e198.jpg,,,,,,
m4-071-final-v1,B,362,7ea1834bb01f8021503a,FAIR1M-v1.0,images/7ea1834bb01f8021503a.jpg,,,,,,
m4-071-final-v1,B,363,4306c7670fcefb5b33ed,DIOR-R,images/4306c7670fcefb5b33ed.jpg,,,,,,
m4-071-final-v1,B,364,91f471f27fe8537dbe5d,DIOR-R,images/91f471f27fe8537dbe5d.jpg,,,,,,
m4-071-final-v1,B,365,34e37d0363ccf82dfe1e,SODA-A,images/34e37d0363ccf82dfe1e.jpg,,,,,,
m4-071-final-v1,B,366,fb6e710348806b7c6f67,FAIR1M-v1.0,images/fb6e710348806b7c6f67.jpg,,,,,,
m4-071-final-v1,B,367,a231f7abcaf49755a70a,DIOR-R,images/a231f7abcaf49755a70a.jpg,,,,,,
m4-071-final-v1,B,368,326e251ba19116ad0f0d,FAIR1M-v1.0,images/326e251ba19116ad0f0d.jpg,,,,,,
m4-071-final-v1,B,369,0acacfe63ae3672adc9e,DIOR-R,images/0acacfe63ae3672adc9e.jpg,,,,,,
m4-071-final-v1,B,370,e55242f99e161aa61a89,SODA-A,images/e55242f99e161aa61a89.jpg,,,,,,
m4-071-final-v1,B,371,733f9b845fe4d4903dc5,DIOR-R,images/733f9b845fe4d4903dc5.jpg,,,,,,
m4-071-final-v1,B,372,10cbe1ba8e201e6758ad,SODA-A,images/10cbe1ba8e201e6758ad.jpg,,,,,,
m4-071-final-v1,B,373,c8267acdbf2eb24a158e,SODA-A,images/c8267acdbf2eb24a158e.jpg,,,,,,
m4-071-final-v1,B,374,93fd07e3b22c394dcc21,SODA-A,images/93fd07e3b22c394dcc21.jpg,,,,,,
m4-071-final-v1,B,375,76c537c110f4fef7e746,DIOR-R,images/76c537c110f4fef7e746.jpg,,,,,,
m4-071-final-v1,B,376,3c0350db00a4f60e9ebd,SODA-A,images/3c0350db00a4f60e9ebd.jpg,,,,,,
m4-071-final-v1,B,377,c452947e38176c26df87,DIOR-R,images/c452947e38176c26df87.jpg,,,,,,
m4-071-final-v1,B,378,a998c07a2127268147ce,DIOR-R,images/a998c07a2127268147ce.jpg,,,,,,
m4-071-final-v1,B,379,638da50ecf40974e2b65,SODA-A,images/638da50ecf40974e2b65.jpg,,,,,,
m4-071-final-v1,B,380,847d3b16f9b355f00358,DIOR-R,images/847d3b16f9b355f00358.jpg,,,,,,
m4-071-final-v1,B,381,3ff2d9ac7fd9eb9f3913,DIOR-R,images/3ff2d9ac7fd9eb9f3913.jpg,,,,,,
m4-071-final-v1,B,382,ab4e95c98dca9fd207f6,FAIR1M-v1.0,images/ab4e95c98dca9fd207f6.jpg,,,,,,
m4-071-final-v1,B,383,54d68f604de9cdb79013,DIOR-R,images/54d68f604de9cdb79013.jpg,,,,,,
m4-071-final-v1,B,384,13add5fac73ab8a398de,DIOR-R,images/13add5fac73ab8a398de.jpg,,,,,,
m4-071-final-v1,B,385,ee8005958dbd513b46bd,SODA-A,images/ee8005958dbd513b46bd.jpg,,,,,,
m4-071-final-v1,B,386,54e446744a53c3f6febe,DIOR-R,images/54e446744a53c3f6febe.jpg,,,,,,
m4-071-final-v1,B,387,96060618c680634b57cf,FAIR1M-v1.0,images/96060618c680634b57cf.jpg,,,,,,
m4-071-final-v1,B,388,350bc12bb99507e2d417,DIOR-R,images/350bc12bb99507e2d417.jpg,,,,,,
m4-071-final-v1,B,389,e84d26d929739bd8bf80,DIOR-R,images/e84d26d929739bd8bf80.jpg,,,,,,
m4-071-final-v1,B,390,98389b681444a9f37072,FAIR1M-v1.0,images/98389b681444a9f37072.jpg,,,,,,
m4-071-final-v1,B,391,4abfb11bfc689bf0e349,DIOR-R,images/4abfb11bfc689bf0e349.jpg,,,,,,
m4-071-final-v1,B,392,b22e7a37caa35ef57482,FAIR1M-v1.0,images/b22e7a37caa35ef57482.jpg,,,,,,
m4-071-final-v1,B,393,d723b3a895a504b6c5ce,DIOR-R,images/d723b3a895a504b6c5ce.jpg,,,,,,
m4-071-final-v1,B,394,52416919399add974ffd,FAIR1M-v1.0,images/52416919399add974ffd.jpg,,,,,,
m4-071-final-v1,B,395,5459d4f833f218e6b571,SODA-A,images/5459d4f833f218e6b571.jpg,,,,,,
m4-071-final-v1,B,396,24b83d2c7bef5d24e626,SODA-A,images/24b83d2c7bef5d24e626.jpg,,,,,,
m4-071-final-v1,B,397,59e44ae7fca90ad4b988,DIOR-R,images/59e44ae7fca90ad4b988.jpg,,,,,,
m4-071-final-v1,B,398,0589916bda1f21e87487,SODA-A,images/0589916bda1f21e87487.jpg,,,,,,
m4-071-final-v1,B,399,41080bd1fd28d7ff1316,SODA-A,images/41080bd1fd28d7ff1316.jpg,,,,,,
m4-071-final-v1,B,400,dcba8acefa0b9f04b341,SODA-A,images/dcba8acefa0b9f04b341.jpg,,,,,,
m4-071-final-v1,B,401,48d557d5b6eb0adca1d4,FAIR1M-v1.0,images/48d557d5b6eb0adca1d4.jpg,,,,,,
m4-071-final-v1,B,402,3fff713c65e89e0bac9a,SODA-A,images/3fff713c65e89e0bac9a.jpg,,,,,,
m4-071-final-v1,B,403,6e30f2840e064335d913,DIOR-R,images/6e30f2840e064335d913.jpg,,,,,,
m4-071-final-v1,B,404,224f78a9e15bbbf4e22d,DIOR-R,images/224f78a9e15bbbf4e22d.jpg,,,,,,
m4-071-final-v1,B,405,09584d6a825673dbd6e4,FAIR1M-v1.0,images/09584d6a825673dbd6e4.jpg,,,,,,
m4-071-final-v1,B,406,242a75c85f788efce5b9,DIOR-R,images/242a75c85f788efce5b9.jpg,,,,,,
m4-071-final-v1,B,407,e4ca19076b7c5aa1278f,FAIR1M-v1.0,images/e4ca19076b7c5aa1278f.jpg,,,,,,
m4-071-final-v1,B,408,8f2b323cad4ba047a1e8,SODA-A,images/8f2b323cad4ba047a1e8.jpg,,,,,,
m4-071-final-v1,B,409,f1882234a6d537940e24,DIOR-R,images/f1882234a6d537940e24.jpg,,,,,,
m4-071-final-v1,B,410,5185e326d69c462c5332,SODA-A,images/5185e326d69c462c5332.jpg,,,,,,
m4-071-final-v1,B,411,31c59e27f4a2645c94ca,DIOR-R,images/31c59e27f4a2645c94ca.jpg,,,,,,
m4-071-final-v1,B,412,34ee47bfa83191360725,SODA-A,images/34ee47bfa83191360725.jpg,,,,,,
m4-071-final-v1,B,413,681ed4ee0fcbcb690d40,FAIR1M-v1.0,images/681ed4ee0fcbcb690d40.jpg,,,,,,
m4-071-final-v1,B,414,f7334c5ba009e772001f,SODA-A,images/f7334c5ba009e772001f.jpg,,,,,,
m4-071-final-v1,B,415,0aa3cc71b21255742ccd,FAIR1M-v1.0,images/0aa3cc71b21255742ccd.jpg,,,,,,
m4-071-final-v1,B,416,17c83482fce75a24d9fd,FAIR1M-v1.0,images/17c83482fce75a24d9fd.jpg,,,,,,
m4-071-final-v1,B,417,84361791fdfa59e9d63f,DIOR-R,images/84361791fdfa59e9d63f.jpg,,,,,,
m4-071-final-v1,B,418,5d84b5e6564f491590a3,DIOR-R,images/5d84b5e6564f491590a3.jpg,,,,,,
m4-071-final-v1,B,419,d1004222da31c7852109,SODA-A,images/d1004222da31c7852109.jpg,,,,,,
m4-071-final-v1,B,420,9466775ec9d34472beb1,DIOR-R,images/9466775ec9d34472beb1.jpg,,,,,,
m4-071-final-v1,B,421,4d7974c16a78bb86e887,FAIR1M-v1.0,images/4d7974c16a78bb86e887.jpg,,,,,,
m4-071-final-v1,B,422,40918956f3e437ede6ea,DIOR-R,images/40918956f3e437ede6ea.jpg,,,,,,
m4-071-final-v1,B,423,206ecb1de6a80be1a37d,FAIR1M-v1.0,images/206ecb1de6a80be1a37d.jpg,,,,,,
m4-071-final-v1,B,424,030e7875419052e5bf97,FAIR1M-v1.0,images/030e7875419052e5bf97.jpg,,,,,,
m4-071-final-v1,B,425,0fb10b3f67951b11ab74,SODA-A,images/0fb10b3f67951b11ab74.jpg,,,,,,
m4-071-final-v1,B,426,1054ebde90c93ffd83f6,FAIR1M-v1.0,images/1054ebde90c93ffd83f6.jpg,,,,,,
m4-071-final-v1,B,427,1ab82f9dbe1ac7622f67,FAIR1M-v1.0,images/1ab82f9dbe1ac7622f67.jpg,,,,,,
m4-071-final-v1,B,428,bd2c1f900f9d67392a76,SODA-A,images/bd2c1f900f9d67392a76.jpg,,,,,,
m4-071-final-v1,B,429,52daa9621b98d3c61a05,SODA-A,images/52daa9621b98d3c61a05.jpg,,,,,,
m4-071-final-v1,B,430,620f724c2310b66a0847,DIOR-R,images/620f724c2310b66a0847.jpg,,,,,,
m4-071-final-v1,B,431,2b1ed18561d5f496430d,FAIR1M-v1.0,images/2b1ed18561d5f496430d.jpg,,,,,,
m4-071-final-v1,B,432,c6597d4244507a91a6e0,SODA-A,images/c6597d4244507a91a6e0.jpg,,,,,,
m4-071-final-v1,B,433,3f1565af220595e2afaa,DIOR-R,images/3f1565af220595e2afaa.jpg,,,,,,
m4-071-final-v1,B,434,bd3e47a433210886ef7b,DIOR-R,images/bd3e47a433210886ef7b.jpg,,,,,,
m4-071-final-v1,B,435,b8be2319c17f2d5823c2,DIOR-R,images/b8be2319c17f2d5823c2.jpg,,,,,,
m4-071-final-v1,B,436,4f6bbc95447589a36a85,SODA-A,images/4f6bbc95447589a36a85.jpg,,,,,,
m4-071-final-v1,B,437,ecc0c4ce1f333a721681,DIOR-R,images/ecc0c4ce1f333a721681.jpg,,,,,,
m4-071-final-v1,B,438,8f7a1ee9857ed179a1de,DIOR-R,images/8f7a1ee9857ed179a1de.jpg,,,,,,
m4-071-final-v1,B,439,ae5c7f770750ea48c692,FAIR1M-v1.0,images/ae5c7f770750ea48c692.jpg,,,,,,
m4-071-final-v1,B,440,dce452051e33f8b1712d,DIOR-R,images/dce452051e33f8b1712d.jpg,,,,,,
m4-071-final-v1,B,441,cab3e56c89f63cc81230,SODA-A,images/cab3e56c89f63cc81230.jpg,,,,,,
m4-071-final-v1,B,442,961a7afee95442f025e6,FAIR1M-v1.0,images/961a7afee95442f025e6.jpg,,,,,,
m4-071-final-v1,B,443,fd5464c5f5a9ed1890be,FAIR1M-v1.0,images/fd5464c5f5a9ed1890be.jpg,,,,,,
m4-071-final-v1,B,444,fd54041977032cc7e880,FAIR1M-v1.0,images/fd54041977032cc7e880.jpg,,,,,,
m4-071-final-v1,B,445,afcda44ddae4e9d5c44d,DIOR-R,images/afcda44ddae4e9d5c44d.jpg,,,,,,
m4-071-final-v1,B,446,c413a05117e2d0cf2b20,DIOR-R,images/c413a05117e2d0cf2b20.jpg,,,,,,
m4-071-final-v1,B,447,fe1f7dc343a9a2a7af46,SODA-A,images/fe1f7dc343a9a2a7af46.jpg,,,,,,
m4-071-final-v1,B,448,e575dee8d14f1046cf6f,DIOR-R,images/e575dee8d14f1046cf6f.jpg,,,,,,
m4-071-final-v1,B,449,16d7bd7ea97217ba93e9,FAIR1M-v1.0,images/16d7bd7ea97217ba93e9.jpg,,,,,,
m4-071-final-v1,B,450,a32897c1ba1a58f59205,FAIR1M-v1.0,images/a32897c1ba1a58f59205.jpg,,,,,,
m4-071-final-v1,B,451,45afc0248e384e12412a,SODA-A,images/45afc0248e384e12412a.jpg,,,,,,
m4-071-final-v1,B,452,c2f8aff3bf884b363c3e,SODA-A,images/c2f8aff3bf884b363c3e.jpg,,,,,,
m4-071-final-v1,B,453,1062647e587ff09b96c0,FAIR1M-v1.0,images/1062647e587ff09b96c0.jpg,,,,,,
m4-071-final-v1,B,454,437463d446c9693f6615,FAIR1M-v1.0,images/437463d446c9693f6615.jpg,,,,,,
m4-071-final-v1,B,455,8be90c3e16159be1ef9e,FAIR1M-v1.0,images/8be90c3e16159be1ef9e.jpg,,,,,,
m4-071-final-v1,B,456,2dd6c57c3de0c9ada802,FAIR1M-v1.0,images/2dd6c57c3de0c9ada802.jpg,,,,,,
m4-071-final-v1,B,457,4cca02db987ec7d88c29,SODA-A,images/4cca02db987ec7d88c29.jpg,,,,,,
m4-071-final-v1,B,458,81a09b4bf84ccce7b4a6,FAIR1M-v1.0,images/81a09b4bf84ccce7b4a6.jpg,,,,,,
m4-071-final-v1,B,459,5b97cf92a63b460b0f7c,FAIR1M-v1.0,images/5b97cf92a63b460b0f7c.jpg,,,,,,
m4-071-final-v1,B,460,8e1ce07e14796ea7ffe5,FAIR1M-v1.0,images/8e1ce07e14796ea7ffe5.jpg,,,,,,
m4-071-final-v1,B,461,72ef29d3e7cc122a962d,FAIR1M-v1.0,images/72ef29d3e7cc122a962d.jpg,,,,,,
m4-071-final-v1,B,462,e2676ceb73ff691982bb,FAIR1M-v1.0,images/e2676ceb73ff691982bb.jpg,,,,,,
m4-071-final-v1,B,463,e8cc933e81861a93ad07,DIOR-R,images/e8cc933e81861a93ad07.jpg,,,,,,
m4-071-final-v1,B,464,aca3fa46729bd1ab0413,FAIR1M-v1.0,images/aca3fa46729bd1ab0413.jpg,,,,,,
m4-071-final-v1,B,465,649547baee5bb0bcb01f,SODA-A,images/649547baee5bb0bcb01f.jpg,,,,,,
m4-071-final-v1,B,466,6aae93f4ad85ee1c0309,DIOR-R,images/6aae93f4ad85ee1c0309.jpg,,,,,,
m4-071-final-v1,B,467,7fd822b5d277f270cd92,DIOR-R,images/7fd822b5d277f270cd92.jpg,,,,,,
m4-071-final-v1,B,468,fe96727e65c6f919db83,FAIR1M-v1.0,images/fe96727e65c6f919db83.jpg,,,,,,
m4-071-final-v1,B,469,bb44fecc57a7a5ecb86d,DIOR-R,images/bb44fecc57a7a5ecb86d.jpg,,,,,,
m4-071-final-v1,B,470,70f88b8fd795f349bd20,DIOR-R,images/70f88b8fd795f349bd20.jpg,,,,,,
m4-071-final-v1,B,471,d5589129ee3e3b54f45c,FAIR1M-v1.0,images/d5589129ee3e3b54f45c.jpg,,,,,,
m4-071-final-v1,B,472,49d5d1ae5fb5640c308b,DIOR-R,images/49d5d1ae5fb5640c308b.jpg,,,,,,
m4-071-final-v1,B,473,a153f2c2ff227fd811d5,SODA-A,images/a153f2c2ff227fd811d5.jpg,,,,,,
m4-071-final-v1,B,474,921538918935a9ad8ce1,FAIR1M-v1.0,images/921538918935a9ad8ce1.jpg,,,,,,
m4-071-final-v1,B,475,e1819e20c32caf186fe7,FAIR1M-v1.0,images/e1819e20c32caf186fe7.jpg,,,,,,
m4-071-final-v1,B,476,4d4327a112e2f2632970,DIOR-R,images/4d4327a112e2f2632970.jpg,,,,,,
m4-071-final-v1,B,477,01a13bad55b8738448c8,SODA-A,images/01a13bad55b8738448c8.jpg,,,,,,
m4-071-final-v1,B,478,4e9a68c7f466205df172,FAIR1M-v1.0,images/4e9a68c7f466205df172.jpg,,,,,,
m4-071-final-v1,B,479,ab6c24cce6fc5585ca97,DIOR-R,images/ab6c24cce6fc5585ca97.jpg,,,,,,
m4-071-final-v1,B,480,8ee93246537abc5db52b,SODA-A,images/8ee93246537abc5db52b.jpg,,,,,,
m4-071-final-v1,B,481,0127a6320807db54cf9f,DIOR-R,images/0127a6320807db54cf9f.jpg,,,,,,
m4-071-final-v1,B,482,1efb41ae1be84d1268eb,FAIR1M-v1.0,images/1efb41ae1be84d1268eb.jpg,,,,,,
m4-071-final-v1,B,483,e26947973eff54660c45,FAIR1M-v1.0,images/e26947973eff54660c45.jpg,,,,,,
m4-071-final-v1,B,484,2d6c470446fa42190618,SODA-A,images/2d6c470446fa42190618.jpg,,,,,,
m4-071-final-v1,B,485,096f379cdf7970daebe5,DIOR-R,images/096f379cdf7970daebe5.jpg,,,,,,
m4-071-final-v1,B,486,352dd3b35bc6ffc3f875,SODA-A,images/352dd3b35bc6ffc3f875.jpg,,,,,,
m4-071-final-v1,B,487,c573cb18087eea29d269,DIOR-R,images/c573cb18087eea29d269.jpg,,,,,,
m4-071-final-v1,B,488,2d8726f1ffad67c18fac,FAIR1M-v1.0,images/2d8726f1ffad67c18fac.jpg,,,,,,
m4-071-final-v1,B,489,9225c1845a38851ff1a0,DIOR-R,images/9225c1845a38851ff1a0.jpg,,,,,,
m4-071-final-v1,B,490,9b265a58c4aee514b289,SODA-A,images/9b265a58c4aee514b289.jpg,,,,,,
m4-071-final-v1,B,491,de9c5b314c6592a53b22,SODA-A,images/de9c5b314c6592a53b22.jpg,,,,,,
m4-071-final-v1,B,492,5fbd9285362ccc8bd162,SODA-A,images/5fbd9285362ccc8bd162.jpg,,,,,,
m4-071-final-v1,B,493,eb487b37b9bcb84ab271,SODA-A,images/eb487b37b9bcb84ab271.jpg,,,,,,
m4-071-final-v1,B,494,8bfed8d6cb7853d60d20,FAIR1M-v1.0,images/8bfed8d6cb7853d60d20.jpg,,,,,,
m4-071-final-v1,B,495,f8bc32971c33cb5c1d0f,SODA-A,images/f8bc32971c33cb5c1d0f.jpg,,,,,,
m4-071-final-v1,B,496,a95783c1dcaddaef4d45,DIOR-R,images/a95783c1dcaddaef4d45.jpg,,,,,,
m4-071-final-v1,B,497,9a52dbc0285048d50d81,DIOR-R,images/9a52dbc0285048d50d81.jpg,,,,,,
m4-071-final-v1,B,498,b48a88d0820054d299b7,SODA-A,images/b48a88d0820054d299b7.jpg,,,,,,
m4-071-final-v1,B,499,54ca2d88cb128e11ffeb,DIOR-R,images/54ca2d88cb128e11ffeb.jpg,,,,,,
m4-071-final-v1,B,500,607ef9d1bf6a79fe7ebe,DIOR-R,images/607ef9d1bf6a79fe7ebe.jpg,,,,,,
m4-071-final-v1,B,501,7e1cf237d0dae8c118f5,SODA-A,images/7e1cf237d0dae8c118f5.jpg,,,,,,
m4-071-final-v1,B,502,ed69f65569574b6be3be,SODA-A,images/ed69f65569574b6be3be.jpg,,,,,,
m4-071-final-v1,B,503,e40d3422b59f39a0f20b,FAIR1M-v1.0,images/e40d3422b59f39a0f20b.jpg,,,,,,
m4-071-final-v1,B,504,a27049639fe215665c23,FAIR1M-v1.0,images/a27049639fe215665c23.jpg,,,,,,
m4-071-final-v1,B,505,df8a4c48b9a5c90cd936,SODA-A,images/df8a4c48b9a5c90cd936.jpg,,,,,,
m4-071-final-v1,B,506,bcda155f1eec09a8e167,DIOR-R,images/bcda155f1eec09a8e167.jpg,,,,,,
m4-071-final-v1,B,507,cb3dded3eefa8844a8a7,DIOR-R,images/cb3dded3eefa8844a8a7.jpg,,,,,,
m4-071-final-v1,B,508,dc489844f51474d9794a,DIOR-R,images/dc489844f51474d9794a.jpg,,,,,,
m4-071-final-v1,B,509,ae571db80a792b34223b,DIOR-R,images/ae571db80a792b34223b.jpg,,,,,,
m4-071-final-v1,B,510,c48548553221d6bfca9d,DIOR-R,images/c48548553221d6bfca9d.jpg,,,,,,
m4-071-final-v1,B,511,fec5dbf2ba487e454e3f,SODA-A,images/fec5dbf2ba487e454e3f.jpg,,,,,,
m4-071-final-v1,B,512,1f21242f4564e67dd81e,DIOR-R,images/1f21242f4564e67dd81e.jpg,,,,,,
m4-071-final-v1,B,513,aa2558740eba9f9b2a79,FAIR1M-v1.0,images/aa2558740eba9f9b2a79.jpg,,,,,,
m4-071-final-v1,B,514,06c8582c13696cd96b6c,FAIR1M-v1.0,images/06c8582c13696cd96b6c.jpg,,,,,,
m4-071-final-v1,B,515,827e10a4d39338fb3641,FAIR1M-v1.0,images/827e10a4d39338fb3641.jpg,,,,,,
m4-071-final-v1,B,516,76a6c0d874bbca280ded,SODA-A,images/76a6c0d874bbca280ded.jpg,,,,,,
m4-071-final-v1,B,517,4822967fdce51ea62513,SODA-A,images/4822967fdce51ea62513.jpg,,,,,,
m4-071-final-v1,B,518,e681c33f0960a6126295,FAIR1M-v1.0,images/e681c33f0960a6126295.jpg,,,,,,
m4-071-final-v1,B,519,ad543a3ac7f3a0e91dc0,FAIR1M-v1.0,images/ad543a3ac7f3a0e91dc0.jpg,,,,,,
m4-071-final-v1,B,520,a9fc013f21cc30d7f554,SODA-A,images/a9fc013f21cc30d7f554.jpg,,,,,,
m4-071-final-v1,B,521,0b1c4555e3af1ebd532c,DIOR-R,images/0b1c4555e3af1ebd532c.jpg,,,,,,
m4-071-final-v1,B,522,9de2316af1899c829230,DIOR-R,images/9de2316af1899c829230.jpg,,,,,,
m4-071-final-v1,B,523,f03e67bb085883dd6f14,SODA-A,images/f03e67bb085883dd6f14.jpg,,,,,,
m4-071-final-v1,B,524,43d2f33ad63f08890638,FAIR1M-v1.0,images/43d2f33ad63f08890638.jpg,,,,,,
m4-071-final-v1,B,525,5d41aeda77bd58362a27,SODA-A,images/5d41aeda77bd58362a27.jpg,,,,,,
m4-071-final-v1,B,526,22634fe173af301f5a73,FAIR1M-v1.0,images/22634fe173af301f5a73.jpg,,,,,,
m4-071-final-v1,B,527,f1459db6b80c71d9dcec,FAIR1M-v1.0,images/f1459db6b80c71d9dcec.jpg,,,,,,
m4-071-final-v1,B,528,ea277202f80644ceee60,SODA-A,images/ea277202f80644ceee60.jpg,,,,,,
m4-071-final-v1,B,529,5070493610957ed4c85f,FAIR1M-v1.0,images/5070493610957ed4c85f.jpg,,,,,,
m4-071-final-v1,B,530,35a0000dc9709c6dddd4,SODA-A,images/35a0000dc9709c6dddd4.jpg,,,,,,
m4-071-final-v1,B,531,d30d3c6792de16df0f75,DIOR-R,images/d30d3c6792de16df0f75.jpg,,,,,,
m4-071-final-v1,B,532,3b2cb2714ec33b7766df,SODA-A,images/3b2cb2714ec33b7766df.jpg,,,,,,
m4-071-final-v1,B,533,5bc3053ce304232b994d,DIOR-R,images/5bc3053ce304232b994d.jpg,,,,,,
m4-071-final-v1,B,534,27fe7804cb66c8c09766,DIOR-R,images/27fe7804cb66c8c09766.jpg,,,,,,
m4-071-final-v1,B,535,6de412f2197fac6e6026,DIOR-R,images/6de412f2197fac6e6026.jpg,,,,,,
m4-071-final-v1,B,536,838036a078693556b04e,FAIR1M-v1.0,images/838036a078693556b04e.jpg,,,,,,
m4-071-final-v1,B,537,114753ca68b54ccca29d,FAIR1M-v1.0,images/114753ca68b54ccca29d.jpg,,,,,,
m4-071-final-v1,B,538,1dd127eb0ac43a11d1da,DIOR-R,images/1dd127eb0ac43a11d1da.jpg,,,,,,
m4-071-final-v1,B,539,3e28b3fae56b3752ef30,FAIR1M-v1.0,images/3e28b3fae56b3752ef30.jpg,,,,,,
m4-071-final-v1,B,540,959f2ec32de9a8ff0a3e,FAIR1M-v1.0,images/959f2ec32de9a8ff0a3e.jpg,,,,,,
m4-071-final-v1,B,541,40d8b23122c5db7d71d2,SODA-A,images/40d8b23122c5db7d71d2.jpg,,,,,,
m4-071-final-v1,B,542,052636223a2bdbf3571a,SODA-A,images/052636223a2bdbf3571a.jpg,,,,,,
m4-071-final-v1,B,543,2efd7ef44fc96fc7d95d,FAIR1M-v1.0,images/2efd7ef44fc96fc7d95d.jpg,,,,,,
m4-071-final-v1,B,544,7e116351c1c05811b7b4,DIOR-R,images/7e116351c1c05811b7b4.jpg,,,,,,
m4-071-final-v1,B,545,54cf0d4ce102047ed529,FAIR1M-v1.0,images/54cf0d4ce102047ed529.jpg,,,,,,
m4-071-final-v1,B,546,e44b422a500a0f520c30,FAIR1M-v1.0,images/e44b422a500a0f520c30.jpg,,,,,,
m4-071-final-v1,B,547,c9677f48fa0de6905836,DIOR-R,images/c9677f48fa0de6905836.jpg,,,,,,
m4-071-final-v1,B,548,0970c10f62c4f144707d,SODA-A,images/0970c10f62c4f144707d.jpg,,,,,,
m4-071-final-v1,B,549,cc0f00ffee072ce68f6e,FAIR1M-v1.0,images/cc0f00ffee072ce68f6e.jpg,,,,,,
m4-071-final-v1,B,550,eecc43d232c52fa503aa,SODA-A,images/eecc43d232c52fa503aa.jpg,,,,,,
m4-071-final-v1,B,551,cdc1ff1a3e58a56fa521,SODA-A,images/cdc1ff1a3e58a56fa521.jpg,,,,,,
m4-071-final-v1,B,552,e4255537f04d6ba542de,DIOR-R,images/e4255537f04d6ba542de.jpg,,,,,,
m4-071-final-v1,B,553,e862cca5af4e9c4a668d,SODA-A,images/e862cca5af4e9c4a668d.jpg,,,,,,
m4-071-final-v1,B,554,d9a53dfb82605baf7c41,SODA-A,images/d9a53dfb82605baf7c41.jpg,,,,,,
m4-071-final-v1,B,555,eb847cb592265c7ee648,SODA-A,images/eb847cb592265c7ee648.jpg,,,,,,
m4-071-final-v1,B,556,e77ee7c56e4d242197c6,DIOR-R,images/e77ee7c56e4d242197c6.jpg,,,,,,
m4-071-final-v1,B,557,049788ffe4208fb3daab,SODA-A,images/049788ffe4208fb3daab.jpg,,,,,,
m4-071-final-v1,B,558,4de392ca319f058b72d8,FAIR1M-v1.0,images/4de392ca319f058b72d8.jpg,,,,,,
m4-071-final-v1,B,559,fed81295660aebc18baf,DIOR-R,images/fed81295660aebc18baf.jpg,,,,,,
m4-071-final-v1,B,560,06d21120f315e15cb645,SODA-A,images/06d21120f315e15cb645.jpg,,,,,,
m4-071-final-v1,B,561,2d58f998d980b1c4a503,DIOR-R,images/2d58f998d980b1c4a503.jpg,,,,,,
m4-071-final-v1,B,562,6a6f8ae2fa801979e0bd,FAIR1M-v1.0,images/6a6f8ae2fa801979e0bd.jpg,,,,,,
m4-071-final-v1,B,563,83e3022d3bf92190d4c5,FAIR1M-v1.0,images/83e3022d3bf92190d4c5.jpg,,,,,,
m4-071-final-v1,B,564,92326eb7e4a2766e52ad,SODA-A,images/92326eb7e4a2766e52ad.jpg,,,,,,
m4-071-final-v1,B,565,25b09cf311bce2647bdc,DIOR-R,images/25b09cf311bce2647bdc.jpg,,,,,,
m4-071-final-v1,B,566,56142928db362d03deb5,DIOR-R,images/56142928db362d03deb5.jpg,,,,,,
m4-071-final-v1,B,567,66d819ac56025964684e,DIOR-R,images/66d819ac56025964684e.jpg,,,,,,
m4-071-final-v1,B,568,aa652c71d321c13ce9c0,FAIR1M-v1.0,images/aa652c71d321c13ce9c0.jpg,,,,,,
m4-071-final-v1,B,569,0ac5bc55aa0dab11bee5,FAIR1M-v1.0,images/0ac5bc55aa0dab11bee5.jpg,,,,,,
m4-071-final-v1,B,570,425a28d9bc75c57ae9b2,SODA-A,images/425a28d9bc75c57ae9b2.jpg,,,,,,
m4-071-final-v1,B,571,57d12962073e69c6da55,SODA-A,images/57d12962073e69c6da55.jpg,,,,,,
m4-071-final-v1,B,572,559a5a8fd6789c476b42,DIOR-R,images/559a5a8fd6789c476b42.jpg,,,,,,
m4-071-final-v1,B,573,3401f44777db75dcac50,DIOR-R,images/3401f44777db75dcac50.jpg,,,,,,
m4-071-final-v1,B,574,472d0908aae02e7ca122,SODA-A,images/472d0908aae02e7ca122.jpg,,,,,,
m4-071-final-v1,B,575,7d1ed1513b3bad2b931c,DIOR-R,images/7d1ed1513b3bad2b931c.jpg,,,,,,
m4-071-final-v1,B,576,4ad2653c484b83e8885e,SODA-A,images/4ad2653c484b83e8885e.jpg,,,,,,
m4-071-final-v1,B,577,80b369a075167088f19d,SODA-A,images/80b369a075167088f19d.jpg,,,,,,
m4-071-final-v1,B,578,e3104de394b226529ad1,FAIR1M-v1.0,images/e3104de394b226529ad1.jpg,,,,,,
m4-071-final-v1,B,579,4aadb8f33b16e2c27584,DIOR-R,images/4aadb8f33b16e2c27584.jpg,,,,,,
m4-071-final-v1,B,580,08927b0cc688367d4ac2,DIOR-R,images/08927b0cc688367d4ac2.jpg,,,,,,
m4-071-final-v1,B,581,a6de4882f4641b924cd9,SODA-A,images/a6de4882f4641b924cd9.jpg,,,,,,
m4-071-final-v1,B,582,2e60de0d92be4fbcae2e,FAIR1M-v1.0,images/2e60de0d92be4fbcae2e.jpg,,,,,,
m4-071-final-v1,B,583,843c0a974a058fa1f407,SODA-A,images/843c0a974a058fa1f407.jpg,,,,,,
m4-071-final-v1,B,584,754e92914c74c184d29f,DIOR-R,images/754e92914c74c184d29f.jpg,,,,,,
m4-071-final-v1,B,585,b2979986caec8457c0ac,FAIR1M-v1.0,images/b2979986caec8457c0ac.jpg,,,,,,
m4-071-final-v1,B,586,32c7cb6222f821c4b691,SODA-A,images/32c7cb6222f821c4b691.jpg,,,,,,
m4-071-final-v1,B,587,3e33adb9cd86117a22c6,FAIR1M-v1.0,images/3e33adb9cd86117a22c6.jpg,,,,,,
m4-071-final-v1,B,588,8c2c28f4e1e1a575145f,SODA-A,images/8c2c28f4e1e1a575145f.jpg,,,,,,
m4-071-final-v1,B,589,696e8e04ef984d5a3c9e,FAIR1M-v1.0,images/696e8e04ef984d5a3c9e.jpg,,,,,,
m4-071-final-v1,B,590,db6284e6671dafe152d7,FAIR1M-v1.0,images/db6284e6671dafe152d7.jpg,,,,,,
m4-071-final-v1,B,591,7593bb0d9759133943b3,SODA-A,images/7593bb0d9759133943b3.jpg,,,,,,
m4-071-final-v1,B,592,17b0e8dddbdf4a1ebb1c,FAIR1M-v1.0,images/17b0e8dddbdf4a1ebb1c.jpg,,,,,,
m4-071-final-v1,B,593,28e8084dd90e05fa0c3c,FAIR1M-v1.0,images/28e8084dd90e05fa0c3c.jpg,,,,,,
m4-071-final-v1,B,594,49b82f14a38e7da29ad4,DIOR-R,images/49b82f14a38e7da29ad4.jpg,,,,,,
m4-071-final-v1,B,595,9ec35c00c71809e0504c,SODA-A,images/9ec35c00c71809e0504c.jpg,,,,,,
m4-071-final-v1,B,596,75b0f4c12ae2fb9dae5b,SODA-A,images/75b0f4c12ae2fb9dae5b.jpg,,,,,,
m4-071-final-v1,B,597,5baae535a6b03f74ab3a,FAIR1M-v1.0,images/5baae535a6b03f74ab3a.jpg,,,,,,
m4-071-final-v1,B,598,10de22a7e941db2a1bca,SODA-A,images/10de22a7e941db2a1bca.jpg,,,,,,
m4-071-final-v1,B,599,3391f3d5bae589d772a6,DIOR-R,images/3391f3d5bae589d772a6.jpg,,,,,,
m4-071-final-v1,B,600,e75a286885d68723f8b8,FAIR1M-v1.0,images/e75a286885d68723f8b8.jpg,,,,,,
m4-071-final-v1,B,601,4ca4e6ad2d9c4c2afecb,FAIR1M-v1.0,images/4ca4e6ad2d9c4c2afecb.jpg,,,,,,
m4-071-final-v1,B,602,9ba4fdbc9e03d210c036,DIOR-R,images/9ba4fdbc9e03d210c036.jpg,,,,,,
m4-071-final-v1,B,603,53070a5805bd4f7ee1f3,FAIR1M-v1.0,images/53070a5805bd4f7ee1f3.jpg,,,,,,
m4-071-final-v1,B,604,79dfb153847d5e8c9623,FAIR1M-v1.0,images/79dfb153847d5e8c9623.jpg,,,,,,
m4-071-final-v1,B,605,b4921153faa7d179bd92,FAIR1M-v1.0,images/b4921153faa7d179bd92.jpg,,,,,,
m4-071-final-v1,B,606,f3410d59b6eecf5a07dd,DIOR-R,images/f3410d59b6eecf5a07dd.jpg,,,,,,
m4-071-final-v1,B,607,db7b56f59b21bb165554,SODA-A,images/db7b56f59b21bb165554.jpg,,,,,,
m4-071-final-v1,B,608,990f15517fd389a700ee,FAIR1M-v1.0,images/990f15517fd389a700ee.jpg,,,,,,
m4-071-final-v1,B,609,c9b7f1d4902b0b969101,SODA-A,images/c9b7f1d4902b0b969101.jpg,,,,,,
m4-071-final-v1,B,610,d4e5f577ccfc7fd32aca,DIOR-R,images/d4e5f577ccfc7fd32aca.jpg,,,,,,
m4-071-final-v1,B,611,2bc659f9f17a7785a3c8,DIOR-R,images/2bc659f9f17a7785a3c8.jpg,,,,,,
m4-071-final-v1,B,612,eb7209058b13484e9f67,DIOR-R,images/eb7209058b13484e9f67.jpg,,,,,,
m4-071-final-v1,B,613,f76b66d31f69c5e51a0e,SODA-A,images/f76b66d31f69c5e51a0e.jpg,,,,,,
m4-071-final-v1,B,614,86f16a3a4724b0f24774,SODA-A,images/86f16a3a4724b0f24774.jpg,,,,,,
m4-071-final-v1,B,615,4f606191ff1badddc70c,DIOR-R,images/4f606191ff1badddc70c.jpg,,,,,,
m4-071-final-v1,B,616,961caadd493470b6f441,DIOR-R,images/961caadd493470b6f441.jpg,,,,,,
m4-071-final-v1,B,617,e69e6d0e0fcccf4903c3,FAIR1M-v1.0,images/e69e6d0e0fcccf4903c3.jpg,,,,,,
m4-071-final-v1,B,618,be78d1ed7b681c90e493,DIOR-R,images/be78d1ed7b681c90e493.jpg,,,,,,
m4-071-final-v1,B,619,50e6e9859417e8b88bec,FAIR1M-v1.0,images/50e6e9859417e8b88bec.jpg,,,,,,
m4-071-final-v1,B,620,1fc8ac12b048aca32513,FAIR1M-v1.0,images/1fc8ac12b048aca32513.jpg,,,,,,
m4-071-final-v1,B,621,f7413b031d094269db0d,SODA-A,images/f7413b031d094269db0d.jpg,,,,,,
m4-071-final-v1,B,622,810eacef4a4a31df3c9d,FAIR1M-v1.0,images/810eacef4a4a31df3c9d.jpg,,,,,,
m4-071-final-v1,B,623,b2e1dea0725b5c26ea7e,DIOR-R,images/b2e1dea0725b5c26ea7e.jpg,,,,,,
m4-071-final-v1,B,624,135fcf474087b5111a3c,FAIR1M-v1.0,images/135fcf474087b5111a3c.jpg,,,,,,
m4-071-final-v1,B,625,f46419725561a306406b,FAIR1M-v1.0,images/f46419725561a306406b.jpg,,,,,,
m4-071-final-v1,B,626,60594edf4346364a30d7,SODA-A,images/60594edf4346364a30d7.jpg,,,,,,
m4-071-final-v1,B,627,2f3b142e70be086cbe28,FAIR1M-v1.0,images/2f3b142e70be086cbe28.jpg,,,,,,
m4-071-final-v1,B,628,cb8f0177842c79c0cf17,SODA-A,images/cb8f0177842c79c0cf17.jpg,,,,,,
m4-071-final-v1,B,629,883135978c7edb212631,FAIR1M-v1.0,images/883135978c7edb212631.jpg,,,,,,
m4-071-final-v1,B,630,fd9b1e52dd8dfc3a6dde,SODA-A,images/fd9b1e52dd8dfc3a6dde.jpg,,,,,,
m4-071-final-v1,B,631,11d369514255dc87f487,DIOR-R,images/11d369514255dc87f487.jpg,,,,,,
m4-071-final-v1,B,632,e080f204a4390d760ab0,FAIR1M-v1.0,images/e080f204a4390d760ab0.jpg,,,,,,
m4-071-final-v1,B,633,dcf2228533af680fd6ad,FAIR1M-v1.0,images/dcf2228533af680fd6ad.jpg,,,,,,
m4-071-final-v1,B,634,2a5daf18807a0143ef11,FAIR1M-v1.0,images/2a5daf18807a0143ef11.jpg,,,,,,
m4-071-final-v1,B,635,e8a726da808c531ac694,FAIR1M-v1.0,images/e8a726da808c531ac694.jpg,,,,,,
m4-071-final-v1,B,636,f17d26c94a611688294d,DIOR-R,images/f17d26c94a611688294d.jpg,,,,,,
m4-071-final-v1,B,637,c33f86cc4264120f1d8e,DIOR-R,images/c33f86cc4264120f1d8e.jpg,,,,,,
m4-071-final-v1,B,638,e1bae5037f4459ae711a,SODA-A,images/e1bae5037f4459ae711a.jpg,,,,,,
m4-071-final-v1,B,639,37945d8945b7639fd422,DIOR-R,images/37945d8945b7639fd422.jpg,,,,,,
m4-071-final-v1,B,640,c11cb43ed1677f99ff97,SODA-A,images/c11cb43ed1677f99ff97.jpg,,,,,,
m4-071-final-v1,B,641,e70c12af79e625e4744d,DIOR-R,images/e70c12af79e625e4744d.jpg,,,,,,
m4-071-final-v1,B,642,5b2e8096909d60487cb6,SODA-A,images/5b2e8096909d60487cb6.jpg,,,,,,
m4-071-final-v1,B,643,c3d0b1f008397a07bb6e,DIOR-R,images/c3d0b1f008397a07bb6e.jpg,,,,,,
m4-071-final-v1,B,644,87c1b41402b59fd68eda,FAIR1M-v1.0,images/87c1b41402b59fd68eda.jpg,,,,,,
m4-071-final-v1,B,645,62bb554cca06b40c2148,FAIR1M-v1.0,images/62bb554cca06b40c2148.jpg,,,,,,
m4-071-final-v1,B,646,d0495d898b60bf814f63,SODA-A,images/d0495d898b60bf814f63.jpg,,,,,,
m4-071-final-v1,B,647,bf13d695abdb4752b47a,DIOR-R,images/bf13d695abdb4752b47a.jpg,,,,,,
m4-071-final-v1,B,648,e9247826ae6b4899c510,DIOR-R,images/e9247826ae6b4899c510.jpg,,,,,,
m4-071-final-v1,B,649,dca857e155b3f15618ee,DIOR-R,images/dca857e155b3f15618ee.jpg,,,,,,
m4-071-final-v1,B,650,3cf3eae8a3f4a7dc29ac,FAIR1M-v1.0,images/3cf3eae8a3f4a7dc29ac.jpg,,,,,,
m4-071-final-v1,B,651,ba746ac11577563457c8,DIOR-R,images/ba746ac11577563457c8.jpg,,,,,,
m4-071-final-v1,B,652,146f8f60f0d7bb20c3cc,SODA-A,images/146f8f60f0d7bb20c3cc.jpg,,,,,,
m4-071-final-v1,B,653,da1d41f67fb21c002171,DIOR-R,images/da1d41f67fb21c002171.jpg,,,,,,
m4-071-final-v1,B,654,5a72042856a71861fd9a,SODA-A,images/5a72042856a71861fd9a.jpg,,,,,,
m4-071-final-v1,B,655,c4360749aa73c9540180,DIOR-R,images/c4360749aa73c9540180.jpg,,,,,,
m4-071-final-v1,B,656,677ef0f09e3b3ce1b800,SODA-A,images/677ef0f09e3b3ce1b800.jpg,,,,,,
m4-071-final-v1,B,657,611c59b756b74dae7983,SODA-A,images/611c59b756b74dae7983.jpg,,,,,,
m4-071-final-v1,B,658,6c3514a33f22b55159a4,DIOR-R,images/6c3514a33f22b55159a4.jpg,,,,,,
m4-071-final-v1,B,659,00b80cb6c0903d5423d1,DIOR-R,images/00b80cb6c0903d5423d1.jpg,,,,,,
m4-071-final-v1,B,660,7c5e0c314a0cd1801510,DIOR-R,images/7c5e0c314a0cd1801510.jpg,,,,,,
m4-071-final-v1,B,661,d9e8c78ce1ee1c26df7c,DIOR-R,images/d9e8c78ce1ee1c26df7c.jpg,,,,,,
m4-071-final-v1,B,662,7df42f45e6aa34767a66,SODA-A,images/7df42f45e6aa34767a66.jpg,,,,,,
m4-071-final-v1,B,663,e9e15517b8aea6923bb8,SODA-A,images/e9e15517b8aea6923bb8.jpg,,,,,,
m4-071-final-v1,B,664,6888aaa2e6797dda7ff9,SODA-A,images/6888aaa2e6797dda7ff9.jpg,,,,,,
m4-071-final-v1,B,665,d8ae8565f264cf64d61b,FAIR1M-v1.0,images/d8ae8565f264cf64d61b.jpg,,,,,,
m4-071-final-v1,B,666,ca94c90a395bc926ae09,FAIR1M-v1.0,images/ca94c90a395bc926ae09.jpg,,,,,,
m4-071-final-v1,B,667,0053354e781989fe9ab3,SODA-A,images/0053354e781989fe9ab3.jpg,,,,,,
m4-071-final-v1,B,668,ecccf59e29a88b011797,DIOR-R,images/ecccf59e29a88b011797.jpg,,,,,,
m4-071-final-v1,B,669,2e416153a75cfe10e1d0,SODA-A,images/2e416153a75cfe10e1d0.jpg,,,,,,
m4-071-final-v1,B,670,0073d2d90111af2ad0d7,DIOR-R,images/0073d2d90111af2ad0d7.jpg,,,,,,
m4-071-final-v1,B,671,694d7fc538495a8a5840,SODA-A,images/694d7fc538495a8a5840.jpg,,,,,,
m4-071-final-v1,B,672,69f3d9bdd0a0936ef8c7,FAIR1M-v1.0,images/69f3d9bdd0a0936ef8c7.jpg,,,,,,
m4-071-final-v1,B,673,eb49fa9887c913f7043e,SODA-A,images/eb49fa9887c913f7043e.jpg,,,,,,
m4-071-final-v1,B,674,9fdf3671718fec725ffa,DIOR-R,images/9fdf3671718fec725ffa.jpg,,,,,,
m4-071-final-v1,B,675,41db8388513f18ce232a,FAIR1M-v1.0,images/41db8388513f18ce232a.jpg,,,,,,
m4-071-final-v1,B,676,228dafd800310a98cb73,SODA-A,images/228dafd800310a98cb73.jpg,,,,,,
m4-071-final-v1,B,677,e3b0bd08f066b27aa576,FAIR1M-v1.0,images/e3b0bd08f066b27aa576.jpg,,,,,,
m4-071-final-v1,B,678,fc08b1a8d391fc9592ec,SODA-A,images/fc08b1a8d391fc9592ec.jpg,,,,,,
m4-071-final-v1,B,679,5897bf3022572e937a5e,SODA-A,images/5897bf3022572e937a5e.jpg,,,,,,
m4-071-final-v1,B,680,6a23d1ac02ca7ef35b01,DIOR-R,images/6a23d1ac02ca7ef35b01.jpg,,,,,,
m4-071-final-v1,B,681,0dd0d406de1c6b1a7ec8,DIOR-R,images/0dd0d406de1c6b1a7ec8.jpg,,,,,,
m4-071-final-v1,B,682,622e09e17ae38acd679f,DIOR-R,images/622e09e17ae38acd679f.jpg,,,,,,
m4-071-final-v1,B,683,efd68a19a9c2ea9f3c8f,SODA-A,images/efd68a19a9c2ea9f3c8f.jpg,,,,,,
m4-071-final-v1,B,684,3ec66a65a7d3e6254b04,SODA-A,images/3ec66a65a7d3e6254b04.jpg,,,,,,
m4-071-final-v1,B,685,e940ae7db2db577182af,SODA-A,images/e940ae7db2db577182af.jpg,,,,,,
m4-071-final-v1,B,686,905742a45cac50764aa5,DIOR-R,images/905742a45cac50764aa5.jpg,,,,,,
m4-071-final-v1,B,687,12311895ddbe76f9e34d,DIOR-R,images/12311895ddbe76f9e34d.jpg,,,,,,
m4-071-final-v1,B,688,ba6b4d2d631db678cf4c,SODA-A,images/ba6b4d2d631db678cf4c.jpg,,,,,,
m4-071-final-v1,B,689,c368b3bf5b4020e1a3b0,SODA-A,images/c368b3bf5b4020e1a3b0.jpg,,,,,,
m4-071-final-v1,B,690,2e0da6aa4e9fe8487491,SODA-A,images/2e0da6aa4e9fe8487491.jpg,,,,,,
m4-071-final-v1,B,691,1cd03d650a2645fce300,FAIR1M-v1.0,images/1cd03d650a2645fce300.jpg,,,,,,
m4-071-final-v1,B,692,ff4cae40d47610e5fbd8,DIOR-R,images/ff4cae40d47610e5fbd8.jpg,,,,,,
m4-071-final-v1,B,693,5ec62feacbb80bd5ff8a,FAIR1M-v1.0,images/5ec62feacbb80bd5ff8a.jpg,,,,,,
m4-071-final-v1,B,694,7195f23ef40a083e960d,SODA-A,images/7195f23ef40a083e960d.jpg,,,,,,
m4-071-final-v1,B,695,d8c2ac83db743a8a6e8a,FAIR1M-v1.0,images/d8c2ac83db743a8a6e8a.jpg,,,,,,
m4-071-final-v1,B,696,8dc552b4e1c26dea0eac,SODA-A,images/8dc552b4e1c26dea0eac.jpg,,,,,,
m4-071-final-v1,B,697,7b4451c6e9581d80283e,FAIR1M-v1.0,images/7b4451c6e9581d80283e.jpg,,,,,,
m4-071-final-v1,B,698,040ef01f5c31df720db4,FAIR1M-v1.0,images/040ef01f5c31df720db4.jpg,,,,,,
m4-071-final-v1,B,699,47aa6b1ae070f4989506,SODA-A,images/47aa6b1ae070f4989506.jpg,,,,,,
m4-071-final-v1,B,700,a9e6c578b63ff449800d,SODA-A,images/a9e6c578b63ff449800d.jpg,,,,,,
m4-071-final-v1,B,701,985dbf30c8454155c113,FAIR1M-v1.0,images/985dbf30c8454155c113.jpg,,,,,,
m4-071-final-v1,B,702,d949925e884ed26b101f,SODA-A,images/d949925e884ed26b101f.jpg,,,,,,
m4-071-final-v1,B,703,b1543acee32dc797ab7b,SODA-A,images/b1543acee32dc797ab7b.jpg,,,,,,
m4-071-final-v1,B,704,cda04ada5a742e786de9,DIOR-R,images/cda04ada5a742e786de9.jpg,,,,,,
m4-071-final-v1,B,705,09cd59396336dbacfa41,SODA-A,images/09cd59396336dbacfa41.jpg,,,,,,
m4-071-final-v1,B,706,54643100cd9189de277f,FAIR1M-v1.0,images/54643100cd9189de277f.jpg,,,,,,
m4-071-final-v1,B,707,80cd9c982fb60c148103,DIOR-R,images/80cd9c982fb60c148103.jpg,,,,,,
m4-071-final-v1,B,708,953448938f57a3807263,DIOR-R,images/953448938f57a3807263.jpg,,,,,,
m4-071-final-v1,B,709,83f26322a0b26e2b1d9b,DIOR-R,images/83f26322a0b26e2b1d9b.jpg,,,,,,
m4-071-final-v1,B,710,bd4984f561bb7985f7f1,SODA-A,images/bd4984f561bb7985f7f1.jpg,,,,,,
m4-071-final-v1,B,711,a401a4e0eb74f6ec7923,FAIR1M-v1.0,images/a401a4e0eb74f6ec7923.jpg,,,,,,
m4-071-final-v1,B,712,ad1ad5fa113c6374f98c,SODA-A,images/ad1ad5fa113c6374f98c.jpg,,,,,,
m4-071-final-v1,B,713,8a5049004b4faa5b6a21,FAIR1M-v1.0,images/8a5049004b4faa5b6a21.jpg,,,,,,
m4-071-final-v1,B,714,1dc8fc03c72076911dbd,SODA-A,images/1dc8fc03c72076911dbd.jpg,,,,,,
m4-071-final-v1,B,715,9b4bba35644d299998c2,DIOR-R,images/9b4bba35644d299998c2.jpg,,,,,,
m4-071-final-v1,B,716,1dbeda1842af3ee2a821,SODA-A,images/1dbeda1842af3ee2a821.jpg,,,,,,
m4-071-final-v1,B,717,fb15240012b1633bb677,DIOR-R,images/fb15240012b1633bb677.jpg,,,,,,
m4-071-final-v1,B,718,3de3b75bd542b86199b1,SODA-A,images/3de3b75bd542b86199b1.jpg,,,,,,
m4-071-final-v1,B,719,b811823131c2d4e75842,FAIR1M-v1.0,images/b811823131c2d4e75842.jpg,,,,,,
m4-071-final-v1,B,720,c7666eed43d176fee31c,FAIR1M-v1.0,images/c7666eed43d176fee31c.jpg,,,,,,
m4-071-final-v1,B,721,075d5b3531e676ce88c2,SODA-A,images/075d5b3531e676ce88c2.jpg,,,,,,
m4-071-final-v1,B,722,a5f3b7adb0aee99995a1,FAIR1M-v1.0,images/a5f3b7adb0aee99995a1.jpg,,,,,,
m4-071-final-v1,B,723,b72d5361e694d0c09ac3,DIOR-R,images/b72d5361e694d0c09ac3.jpg,,,,,,
m4-071-final-v1,B,724,2766f3fbac0de8d596dc,SODA-A,images/2766f3fbac0de8d596dc.jpg,,,,,,
m4-071-final-v1,B,725,b8dd174dfa0026a34805,SODA-A,images/b8dd174dfa0026a34805.jpg,,,,,,
m4-071-final-v1,B,726,f95bb98b5a781cc21440,FAIR1M-v1.0,images/f95bb98b5a781cc21440.jpg,,,,,,
m4-071-final-v1,B,727,c4b3cfa5d4aea18645e1,SODA-A,images/c4b3cfa5d4aea18645e1.jpg,,,,,,
m4-071-final-v1,B,728,b4bfdee19dfe8f92d1e4,FAIR1M-v1.0,images/b4bfdee19dfe8f92d1e4.jpg,,,,,,
m4-071-final-v1,B,729,d602fbf0fe9c1d5b47ae,SODA-A,images/d602fbf0fe9c1d5b47ae.jpg,,,,,,
m4-071-final-v1,B,730,5be52f7988d78e537dfc,FAIR1M-v1.0,images/5be52f7988d78e537dfc.jpg,,,,,,
m4-071-final-v1,B,731,08f30373089f35595e97,SODA-A,images/08f30373089f35595e97.jpg,,,,,,
m4-071-final-v1,B,732,33d2df13a2253fa735f5,FAIR1M-v1.0,images/33d2df13a2253fa735f5.jpg,,,,,,
m4-071-final-v1,B,733,ba42b066c3d7f6834f8b,DIOR-R,images/ba42b066c3d7f6834f8b.jpg,,,,,,
m4-071-final-v1,B,734,0ebdd193f4a73ad0e860,SODA-A,images/0ebdd193f4a73ad0e860.jpg,,,,,,
m4-071-final-v1,B,735,f3810a7a8dcc825a7bf5,DIOR-R,images/f3810a7a8dcc825a7bf5.jpg,,,,,,
m4-071-final-v1,B,736,23e7b1c7538c46858c49,SODA-A,images/23e7b1c7538c46858c49.jpg,,,,,,
m4-071-final-v1,B,737,426d14eb574d680a83ef,FAIR1M-v1.0,images/426d14eb574d680a83ef.jpg,,,,,,
m4-071-final-v1,B,738,b1214081586cf49b4b06,SODA-A,images/b1214081586cf49b4b06.jpg,,,,,,
m4-071-final-v1,B,739,04ed42f4883ce34054c8,SODA-A,images/04ed42f4883ce34054c8.jpg,,,,,,
m4-071-final-v1,B,740,3304ab39c4c81aefd84f,SODA-A,images/3304ab39c4c81aefd84f.jpg,,,,,,
m4-071-final-v1,B,741,04dd1a88260d95d82cf4,SODA-A,images/04dd1a88260d95d82cf4.jpg,,,,,,
m4-071-final-v1,B,742,3a04404f5fed880a9799,DIOR-R,images/3a04404f5fed880a9799.jpg,,,,,,
m4-071-final-v1,B,743,78288fd126e2425ebc6b,SODA-A,images/78288fd126e2425ebc6b.jpg,,,,,,
m4-071-final-v1,B,744,b51e098758728f7006c4,SODA-A,images/b51e098758728f7006c4.jpg,,,,,,
m4-071-final-v1,B,745,3c4ce661d3be4779cc3f,DIOR-R,images/3c4ce661d3be4779cc3f.jpg,,,,,,
m4-071-final-v1,B,746,6a707928fec1df4377fb,DIOR-R,images/6a707928fec1df4377fb.jpg,,,,,,
m4-071-final-v1,B,747,65e8aeb38afcb63de4f7,DIOR-R,images/65e8aeb38afcb63de4f7.jpg,,,,,,
m4-071-final-v1,B,748,979caf904a4c21d2c10a,FAIR1M-v1.0,images/979caf904a4c21d2c10a.jpg,,,,,,
m4-071-final-v1,B,749,9d3f3c7886c3ebe79233,DIOR-R,images/9d3f3c7886c3ebe79233.jpg,,,,,,
m4-071-final-v1,B,750,888179f540839f6aacf0,SODA-A,images/888179f540839f6aacf0.jpg,,,,,,
m4-071-final-v1,B,751,2d9465f0b4b137706e03,DIOR-R,images/2d9465f0b4b137706e03.jpg,,,,,,
m4-071-final-v1,B,752,0a6bbe417dfd018ecae1,SODA-A,images/0a6bbe417dfd018ecae1.jpg,,,,,,
m4-071-final-v1,B,753,49eb14b3556c77ff1dd1,FAIR1M-v1.0,images/49eb14b3556c77ff1dd1.jpg,,,,,,
m4-071-final-v1,B,754,3348c0ca8d5d18769d9c,FAIR1M-v1.0,images/3348c0ca8d5d18769d9c.jpg,,,,,,
m4-071-final-v1,B,755,84538b8799b2dea4ff60,SODA-A,images/84538b8799b2dea4ff60.jpg,,,,,,
m4-071-final-v1,B,756,ddca019179beb529bb54,SODA-A,images/ddca019179beb529bb54.jpg,,,,,,
m4-071-final-v1,B,757,f1a1509da9255dc5fc8e,SODA-A,images/f1a1509da9255dc5fc8e.jpg,,,,,,
m4-071-final-v1,B,758,9b3ac21a0f6e149abb1f,DIOR-R,images/9b3ac21a0f6e149abb1f.jpg,,,,,,
m4-071-final-v1,B,759,58a8b00a096acba8a492,FAIR1M-v1.0,images/58a8b00a096acba8a492.jpg,,,,,,
m4-071-final-v1,B,760,0e99498bc50b65543a1a,FAIR1M-v1.0,images/0e99498bc50b65543a1a.jpg,,,,,,
m4-071-final-v1,B,761,98d4ea360861b09988e5,DIOR-R,images/98d4ea360861b09988e5.jpg,,,,,,
m4-071-final-v1,B,762,f10499416580dc64dae9,DIOR-R,images/f10499416580dc64dae9.jpg,,,,,,
m4-071-final-v1,B,763,605353852d4596405a7a,FAIR1M-v1.0,images/605353852d4596405a7a.jpg,,,,,,
m4-071-final-v1,B,764,6ee14e1e863fdce3525d,SODA-A,images/6ee14e1e863fdce3525d.jpg,,,,,,
m4-071-final-v1,B,765,31891eddc6ff148640f3,SODA-A,images/31891eddc6ff148640f3.jpg,,,,,,
m4-071-final-v1,B,766,c4e38c5715774943c6b1,FAIR1M-v1.0,images/c4e38c5715774943c6b1.jpg,,,,,,
m4-071-final-v1,B,767,dae12b40d7f18294e418,SODA-A,images/dae12b40d7f18294e418.jpg,,,,,,
m4-071-final-v1,B,768,4cdfb0c1825da56a52bf,SODA-A,images/4cdfb0c1825da56a52bf.jpg,,,,,,
m4-071-final-v1,B,769,6f568781d45d8b0aecdd,SODA-A,images/6f568781d45d8b0aecdd.jpg,,,,,,
m4-071-final-v1,B,770,ac82f397653c75635b0c,DIOR-R,images/ac82f397653c75635b0c.jpg,,,,,,
m4-071-final-v1,B,771,a38e13a3084307be52fb,FAIR1M-v1.0,images/a38e13a3084307be52fb.jpg,,,,,,
m4-071-final-v1,B,772,9bfbe984a9a75b137e1b,DIOR-R,images/9bfbe984a9a75b137e1b.jpg,,,,,,
m4-071-final-v1,B,773,ae7407c66e1219e4952c,DIOR-R,images/ae7407c66e1219e4952c.jpg,,,,,,
m4-071-final-v1,B,774,f46a5667f1c7fabf4eaa,SODA-A,images/f46a5667f1c7fabf4eaa.jpg,,,,,,
m4-071-final-v1,B,775,06d7698c7038fece571d,SODA-A,images/06d7698c7038fece571d.jpg,,,,,,
m4-071-final-v1,B,776,002f6aa1725ecdf5cce7,DIOR-R,images/002f6aa1725ecdf5cce7.jpg,,,,,,
m4-071-final-v1,B,777,cc8e2e50c90ba6c66f44,FAIR1M-v1.0,images/cc8e2e50c90ba6c66f44.jpg,,,,,,
m4-071-final-v1,B,778,08f8445a7fbed0508ec9,SODA-A,images/08f8445a7fbed0508ec9.jpg,,,,,,
m4-071-final-v1,B,779,e3ef36576032434b0e9f,SODA-A,images/e3ef36576032434b0e9f.jpg,,,,,,
m4-071-final-v1,B,780,6d596ca98ba084707167,FAIR1M-v1.0,images/6d596ca98ba084707167.jpg,,,,,,
m4-071-final-v1,B,781,2743db1e5b52c32de894,FAIR1M-v1.0,images/2743db1e5b52c32de894.jpg,,,,,,
m4-071-final-v1,B,782,b0cb31f41623b1dd989f,SODA-A,images/b0cb31f41623b1dd989f.jpg,,,,,,
m4-071-final-v1,B,783,24116e7b728b8f42d1bf,FAIR1M-v1.0,images/24116e7b728b8f42d1bf.jpg,,,,,,
m4-071-final-v1,B,784,1c80a24edc535033f135,SODA-A,images/1c80a24edc535033f135.jpg,,,,,,
m4-071-final-v1,B,785,061b9968d552ae7f4256,FAIR1M-v1.0,images/061b9968d552ae7f4256.jpg,,,,,,
m4-071-final-v1,B,786,96827fe70006684b13fb,SODA-A,images/96827fe70006684b13fb.jpg,,,,,,
m4-071-final-v1,B,787,75d1f6b821d7bfef04bf,FAIR1M-v1.0,images/75d1f6b821d7bfef04bf.jpg,,,,,,
m4-071-final-v1,B,788,530ee3193a349b9b3866,SODA-A,images/530ee3193a349b9b3866.jpg,,,,,,
m4-071-final-v1,B,789,25351c7aa3512ab0e11a,SODA-A,images/25351c7aa3512ab0e11a.jpg,,,,,,
m4-071-final-v1,B,790,154bbd17df044a549548,DIOR-R,images/154bbd17df044a549548.jpg,,,,,,
m4-071-final-v1,B,791,df96449285ddd5d4b4af,FAIR1M-v1.0,images/df96449285ddd5d4b4af.jpg,,,,,,
m4-071-final-v1,B,792,66fc5e78d624cac2a936,FAIR1M-v1.0,images/66fc5e78d624cac2a936.jpg,,,,,,
m4-071-final-v1,B,793,423db0360fdf362a3f4f,FAIR1M-v1.0,images/423db0360fdf362a3f4f.jpg,,,,,,
m4-071-final-v1,B,794,e7dd1b585d6805b2c6e0,SODA-A,images/e7dd1b585d6805b2c6e0.jpg,,,,,,
m4-071-final-v1,B,795,d1fbcf786cb4b1e8747f,SODA-A,images/d1fbcf786cb4b1e8747f.jpg,,,,,,
m4-071-final-v1,B,796,fbdfcb748b0fa32d6fae,DIOR-R,images/fbdfcb748b0fa32d6fae.jpg,,,,,,
m4-071-final-v1,B,797,8a58ba368c494dc53875,SODA-A,images/8a58ba368c494dc53875.jpg,,,,,,
m4-071-final-v1,B,798,4e537d53dada1351c021,SODA-A,images/4e537d53dada1351c021.jpg,,,,,,
m4-071-final-v1,B,799,7ad2a2bc9527fd63e2c4,FAIR1M-v1.0,images/7ad2a2bc9527fd63e2c4.jpg,,,,,,
m4-071-final-v1,B,800,4d110892707027b69a0e,SODA-A,images/4d110892707027b69a0e.jpg,,,,,,
m4-071-final-v1,B,801,d6f0e69a968f2ef063f8,DIOR-R,images/d6f0e69a968f2ef063f8.jpg,,,,,,
m4-071-final-v1,B,802,f7976f81ba3a9b34ace1,DIOR-R,images/f7976f81ba3a9b34ace1.jpg,,,,,,
m4-071-final-v1,B,803,e496f4faaafcc4060248,FAIR1M-v1.0,images/e496f4faaafcc4060248.jpg,,,,,,
m4-071-final-v1,B,804,93fb27573e01ac17a2a8,FAIR1M-v1.0,images/93fb27573e01ac17a2a8.jpg,,,,,,
m4-071-final-v1,B,805,6b08fc82ad97ae4bf154,DIOR-R,images/6b08fc82ad97ae4bf154.jpg,,,,,,
m4-071-final-v1,B,806,4e9aba0088bbbf488899,DIOR-R,images/4e9aba0088bbbf488899.jpg,,,,,,
m4-071-final-v1,B,807,57b77ccc9ec44fbe29e6,DIOR-R,images/57b77ccc9ec44fbe29e6.jpg,,,,,,
m4-071-final-v1,B,808,47dfc8f9893cda5ee4de,SODA-A,images/47dfc8f9893cda5ee4de.jpg,,,,,,
m4-071-final-v1,B,809,7366059ae6b46c8eebe6,SODA-A,images/7366059ae6b46c8eebe6.jpg,,,,,,
m4-071-final-v1,B,810,ab8c7c87677756aca66d,SODA-A,images/ab8c7c87677756aca66d.jpg,,,,,,
m4-071-final-v1,B,811,92199bcf75bfc4a42a97,SODA-A,images/92199bcf75bfc4a42a97.jpg,,,,,,
m4-071-final-v1,B,812,52dcdc711f9b3b99e97c,SODA-A,images/52dcdc711f9b3b99e97c.jpg,,,,,,
m4-071-final-v1,B,813,78768bdf3f95231049f2,FAIR1M-v1.0,images/78768bdf3f95231049f2.jpg,,,,,,
m4-071-final-v1,B,814,d8257f2fe1a6212bf532,FAIR1M-v1.0,images/d8257f2fe1a6212bf532.jpg,,,,,,
m4-071-final-v1,B,815,a195dca8f3967dbfd5b5,FAIR1M-v1.0,images/a195dca8f3967dbfd5b5.jpg,,,,,,
m4-071-final-v1,B,816,52bf49000e1245e6a9a6,DIOR-R,images/52bf49000e1245e6a9a6.jpg,,,,,,
m4-071-final-v1,B,817,4b4cb056281640d81778,DIOR-R,images/4b4cb056281640d81778.jpg,,,,,,
m4-071-final-v1,B,818,8ac5836d605ebd3e6952,DIOR-R,images/8ac5836d605ebd3e6952.jpg,,,,,,
m4-071-final-v1,B,819,291f9ae0e2a9a706f055,FAIR1M-v1.0,images/291f9ae0e2a9a706f055.jpg,,,,,,
m4-071-final-v1,B,820,b6aa956bd23f9c615060,SODA-A,images/b6aa956bd23f9c615060.jpg,,,,,,
m4-071-final-v1,B,821,474f3a793113ab3985ea,DIOR-R,images/474f3a793113ab3985ea.jpg,,,,,,
m4-071-final-v1,B,822,a7e46500df8881264565,DIOR-R,images/a7e46500df8881264565.jpg,,,,,,
m4-071-final-v1,B,823,38594c797bdea0681e0c,FAIR1M-v1.0,images/38594c797bdea0681e0c.jpg,,,,,,
m4-071-final-v1,B,824,1db859f4a12a665320d3,SODA-A,images/1db859f4a12a665320d3.jpg,,,,,,
m4-071-final-v1,B,825,ec4fa0aac72c817e2356,FAIR1M-v1.0,images/ec4fa0aac72c817e2356.jpg,,,,,,
m4-071-final-v1,B,826,260a28b875d9ccbe5a16,FAIR1M-v1.0,images/260a28b875d9ccbe5a16.jpg,,,,,,
m4-071-final-v1,B,827,cbecdc530c5e8d32d5af,DIOR-R,images/cbecdc530c5e8d32d5af.jpg,,,,,,
m4-071-final-v1,B,828,98c6099b861e0f6a1c42,DIOR-R,images/98c6099b861e0f6a1c42.jpg,,,,,,
m4-071-final-v1,B,829,1201630655cdd183dcf2,SODA-A,images/1201630655cdd183dcf2.jpg,,,,,,
m4-071-final-v1,B,830,aa732cc4fc5e42be7e9d,FAIR1M-v1.0,images/aa732cc4fc5e42be7e9d.jpg,,,,,,
m4-071-final-v1,B,831,1d51cdbcc1b0ba344225,FAIR1M-v1.0,images/1d51cdbcc1b0ba344225.jpg,,,,,,
m4-071-final-v1,B,832,e10954ef8ebdd5143404,FAIR1M-v1.0,images/e10954ef8ebdd5143404.jpg,,,,,,
m4-071-final-v1,B,833,671b551c47c5960d22df,SODA-A,images/671b551c47c5960d22df.jpg,,,,,,
m4-071-final-v1,B,834,305786f0e4d18de8c011,DIOR-R,images/305786f0e4d18de8c011.jpg,,,,,,
m4-071-final-v1,B,835,87c9f88b11dc8256bb43,SODA-A,images/87c9f88b11dc8256bb43.jpg,,,,,,
m4-071-final-v1,B,836,bc762810b1057841afeb,DIOR-R,images/bc762810b1057841afeb.jpg,,,,,,
m4-071-final-v1,B,837,47af047a0b79a5c03214,SODA-A,images/47af047a0b79a5c03214.jpg,,,,,,
m4-071-final-v1,B,838,11c23fc2f26d6fc9ebb3,SODA-A,images/11c23fc2f26d6fc9ebb3.jpg,,,,,,
m4-071-final-v1,B,839,1fbefe99f392c1869510,DIOR-R,images/1fbefe99f392c1869510.jpg,,,,,,
m4-071-final-v1,B,840,c8610c448ee197444bef,FAIR1M-v1.0,images/c8610c448ee197444bef.jpg,,,,,,
m4-071-final-v1,B,841,eab5924e7d7ff12a09af,FAIR1M-v1.0,images/eab5924e7d7ff12a09af.jpg,,,,,,
m4-071-final-v1,B,842,2647e5e5385cf1e8a3f6,DIOR-R,images/2647e5e5385cf1e8a3f6.jpg,,,,,,
m4-071-final-v1,B,843,d47807292b05d89f3995,DIOR-R,images/d47807292b05d89f3995.jpg,,,,,,
m4-071-final-v1,B,844,5e6b4625689ffe598b01,SODA-A,images/5e6b4625689ffe598b01.jpg,,,,,,
m4-071-final-v1,B,845,9427df96e78ce9ad0651,DIOR-R,images/9427df96e78ce9ad0651.jpg,,,,,,
m4-071-final-v1,B,846,d922d181be29f9d32962,DIOR-R,images/d922d181be29f9d32962.jpg,,,,,,
m4-071-final-v1,B,847,ae79e13fe1e6d3ce6d09,DIOR-R,images/ae79e13fe1e6d3ce6d09.jpg,,,,,,
m4-071-final-v1,B,848,33137efc1cb39832c916,DIOR-R,images/33137efc1cb39832c916.jpg,,,,,,
m4-071-final-v1,B,849,06afbe77344aa468ab0d,SODA-A,images/06afbe77344aa468ab0d.jpg,,,,,,
m4-071-final-v1,B,850,f360d5388708fbd04d2b,DIOR-R,images/f360d5388708fbd04d2b.jpg,,,,,,
m4-071-final-v1,B,851,4650eca2f2b99e3446c6,SODA-A,images/4650eca2f2b99e3446c6.jpg,,,,,,
m4-071-final-v1,B,852,4ef85b43b9118b56b90a,FAIR1M-v1.0,images/4ef85b43b9118b56b90a.jpg,,,,,,
m4-071-final-v1,B,853,b2c1557f5a99931d9f31,SODA-A,images/b2c1557f5a99931d9f31.jpg,,,,,,
m4-071-final-v1,B,854,342b92079b040f08ce95,DIOR-R,images/342b92079b040f08ce95.jpg,,,,,,
m4-071-final-v1,B,855,58a6071cb8de5a24ef5e,FAIR1M-v1.0,images/58a6071cb8de5a24ef5e.jpg,,,,,,
m4-071-final-v1,B,856,872fcf89f03e88d6c79e,FAIR1M-v1.0,images/872fcf89f03e88d6c79e.jpg,,,,,,
m4-071-final-v1,B,857,5afe63dcaf172b735fc0,FAIR1M-v1.0,images/5afe63dcaf172b735fc0.jpg,,,,,,
m4-071-final-v1,B,858,a96a85570a188ed2258b,FAIR1M-v1.0,images/a96a85570a188ed2258b.jpg,,,,,,
m4-071-final-v1,B,859,bf554082c6f4872af728,DIOR-R,images/bf554082c6f4872af728.jpg,,,,,,
m4-071-final-v1,B,860,502596aec11a1960b051,FAIR1M-v1.0,images/502596aec11a1960b051.jpg,,,,,,
m4-071-final-v1,B,861,38cd9edf4cf9d4121536,SODA-A,images/38cd9edf4cf9d4121536.jpg,,,,,,
m4-071-final-v1,B,862,b73c804f50f754e5d606,DIOR-R,images/b73c804f50f754e5d606.jpg,,,,,,
m4-071-final-v1,B,863,cb67fae88aa9ac69cb4f,SODA-A,images/cb67fae88aa9ac69cb4f.jpg,,,,,,
m4-071-final-v1,B,864,2bcf775b1317182e86ce,FAIR1M-v1.0,images/2bcf775b1317182e86ce.jpg,,,,,,
m4-071-final-v1,B,865,067f120250e7492cc7ea,DIOR-R,images/067f120250e7492cc7ea.jpg,,,,,,
m4-071-final-v1,B,866,e97287b8b9601ddd0d2f,DIOR-R,images/e97287b8b9601ddd0d2f.jpg,,,,,,
m4-071-final-v1,B,867,25091194a9dc8184abd3,FAIR1M-v1.0,images/25091194a9dc8184abd3.jpg,,,,,,
m4-071-final-v1,B,868,b84e0004a4f32ff01ba7,FAIR1M-v1.0,images/b84e0004a4f32ff01ba7.jpg,,,,,,
m4-071-final-v1,B,869,8bcee75b94d6af5214bd,SODA-A,images/8bcee75b94d6af5214bd.jpg,,,,,,
m4-071-final-v1,B,870,6c15f8b294fecdfdbfc9,FAIR1M-v1.0,images/6c15f8b294fecdfdbfc9.jpg,,,,,,
m4-071-final-v1,B,871,6285182f110372b3f8de,FAIR1M-v1.0,images/6285182f110372b3f8de.jpg,,,,,,
m4-071-final-v1,B,872,7a85e56ac60c0a20330c,SODA-A,images/7a85e56ac60c0a20330c.jpg,,,,,,
m4-071-final-v1,B,873,b67390d8fa470d7de17a,SODA-A,images/b67390d8fa470d7de17a.jpg,,,,,,
m4-071-final-v1,B,874,6f1e743dcf33ad6ed878,FAIR1M-v1.0,images/6f1e743dcf33ad6ed878.jpg,,,,,,
m4-071-final-v1,B,875,0051debe514e7f3bec03,SODA-A,images/0051debe514e7f3bec03.jpg,,,,,,
m4-071-final-v1,B,876,7d9bd09df24b2c36995c,SODA-A,images/7d9bd09df24b2c36995c.jpg,,,,,,
m4-071-final-v1,B,877,c90cc5f909d262b419a1,DIOR-R,images/c90cc5f909d262b419a1.jpg,,,,,,
m4-071-final-v1,B,878,865515f266a188ec3154,SODA-A,images/865515f266a188ec3154.jpg,,,,,,
m4-071-final-v1,B,879,f9f605a2e3aba4427864,SODA-A,images/f9f605a2e3aba4427864.jpg,,,,,,
m4-071-final-v1,B,880,8eef66b3f59d90115913,DIOR-R,images/8eef66b3f59d90115913.jpg,,,,,,
m4-071-final-v1,B,881,b96f08c52a6d10c5d008,FAIR1M-v1.0,images/b96f08c52a6d10c5d008.jpg,,,,,,
m4-071-final-v1,B,882,85766eaf4da4e0ef07c5,DIOR-R,images/85766eaf4da4e0ef07c5.jpg,,,,,,
m4-071-final-v1,B,883,90f0f0b80f3557f768eb,SODA-A,images/90f0f0b80f3557f768eb.jpg,,,,,,
m4-071-final-v1,B,884,dd8d027c3b9234686118,FAIR1M-v1.0,images/dd8d027c3b9234686118.jpg,,,,,,
m4-071-final-v1,B,885,a244b5eb4c83d6fcb80c,SODA-A,images/a244b5eb4c83d6fcb80c.jpg,,,,,,
m4-071-final-v1,B,886,03b77faf8daf2093465b,FAIR1M-v1.0,images/03b77faf8daf2093465b.jpg,,,,,,
m4-071-final-v1,B,887,c11a9314f6fac8a76870,DIOR-R,images/c11a9314f6fac8a76870.jpg,,,,,,
m4-071-final-v1,B,888,a1eefedfd07fa5bad261,SODA-A,images/a1eefedfd07fa5bad261.jpg,,,,,,
m4-071-final-v1,B,889,c60e8828b05131f6eab3,DIOR-R,images/c60e8828b05131f6eab3.jpg,,,,,,
m4-071-final-v1,B,890,acfd67d7cc463584d2c6,DIOR-R,images/acfd67d7cc463584d2c6.jpg,,,,,,
m4-071-final-v1,B,891,5f91ed58c0773515ba79,SODA-A,images/5f91ed58c0773515ba79.jpg,,,,,,
m4-071-final-v1,B,892,b5592b829a78b3f7c9dc,FAIR1M-v1.0,images/b5592b829a78b3f7c9dc.jpg,,,,,,
m4-071-final-v1,B,893,a6e2dcaf997c3030a3c7,FAIR1M-v1.0,images/a6e2dcaf997c3030a3c7.jpg,,,,,,
m4-071-final-v1,B,894,4be4007d3d0199fb1edb,DIOR-R,images/4be4007d3d0199fb1edb.jpg,,,,,,
m4-071-final-v1,B,895,551b8c35bc5a12c34e54,DIOR-R,images/551b8c35bc5a12c34e54.jpg,,,,,,
m4-071-final-v1,B,896,ca9aaf24f997f5c87c36,FAIR1M-v1.0,images/ca9aaf24f997f5c87c36.jpg,,,,,,
m4-071-final-v1,B,897,9d1b5909d12290f9d48e,SODA-A,images/9d1b5909d12290f9d48e.jpg,,,,,,
m4-071-final-v1,B,898,5bfc125dd6bbf4558d45,SODA-A,images/5bfc125dd6bbf4558d45.jpg,,,,,,
m4-071-final-v1,B,899,4e2fde11e96f20f3a74b,FAIR1M-v1.0,images/4e2fde11e96f20f3a74b.jpg,,,,,,
m4-071-final-v1,B,900,e520e01a6fe0b8b0a5c4,FAIR1M-v1.0,images/e520e01a6fe0b8b0a5c4.jpg,,,,,,
m4-071-final-v1,B,901,12d767162864da26e338,FAIR1M-v1.0,images/12d767162864da26e338.jpg,,,,,,
m4-071-final-v1,B,902,73b9f98931a5ccf2e3bb,DIOR-R,images/73b9f98931a5ccf2e3bb.jpg,,,,,,
m4-071-final-v1,B,903,774a343c17a7ed1a7a33,FAIR1M-v1.0,images/774a343c17a7ed1a7a33.jpg,,,,,,
m4-071-final-v1,B,904,a0898c029cdfac758689,FAIR1M-v1.0,images/a0898c029cdfac758689.jpg,,,,,,
m4-071-final-v1,B,905,b3c4c155642623a55cd8,SODA-A,images/b3c4c155642623a55cd8.jpg,,,,,,
m4-071-final-v1,B,906,d2237e494627a0882540,DIOR-R,images/d2237e494627a0882540.jpg,,,,,,
m4-071-final-v1,B,907,c3c17678f4196728eea6,SODA-A,images/c3c17678f4196728eea6.jpg,,,,,,
m4-071-final-v1,B,908,af7b3ec798f1264cf697,SODA-A,images/af7b3ec798f1264cf697.jpg,,,,,,
m4-071-final-v1,B,909,62bd9586e67eea0e325c,DIOR-R,images/62bd9586e67eea0e325c.jpg,,,,,,
m4-071-final-v1,B,910,4fc54246ae14cd0e7a90,SODA-A,images/4fc54246ae14cd0e7a90.jpg,,,,,,
m4-071-final-v1,B,911,e1e36759cdfd9583ef4d,FAIR1M-v1.0,images/e1e36759cdfd9583ef4d.jpg,,,,,,
m4-071-final-v1,B,912,bc15e19f8eb484c03db9,SODA-A,images/bc15e19f8eb484c03db9.jpg,,,,,,
m4-071-final-v1,B,913,52f2087f82642fc56cb4,DIOR-R,images/52f2087f82642fc56cb4.jpg,,,,,,
m4-071-final-v1,B,914,1b994b78b666e1a05730,FAIR1M-v1.0,images/1b994b78b666e1a05730.jpg,,,,,,
m4-071-final-v1,B,915,e18f4abe91b77ad51120,DIOR-R,images/e18f4abe91b77ad51120.jpg,,,,,,
m4-071-final-v1,B,916,8991f093bdb0ed634b5b,FAIR1M-v1.0,images/8991f093bdb0ed634b5b.jpg,,,,,,
m4-071-final-v1,B,917,eee95131c184d56de1ea,DIOR-R,images/eee95131c184d56de1ea.jpg,,,,,,
m4-071-final-v1,B,918,1feaaeacab24d7ea1704,SODA-A,images/1feaaeacab24d7ea1704.jpg,,,,,,
m4-071-final-v1,B,919,7bf0c41f40712b04ef03,DIOR-R,images/7bf0c41f40712b04ef03.jpg,,,,,,
m4-071-final-v1,B,920,ecfd5e70e73c58c725a4,SODA-A,images/ecfd5e70e73c58c725a4.jpg,,,,,,
m4-071-final-v1,B,921,c52a2683becdb84864f3,FAIR1M-v1.0,images/c52a2683becdb84864f3.jpg,,,,,,
m4-071-final-v1,B,922,9be5b48d48c5d54a44f2,DIOR-R,images/9be5b48d48c5d54a44f2.jpg,,,,,,
m4-071-final-v1,B,923,e40a4c5825d7e71fcc2b,SODA-A,images/e40a4c5825d7e71fcc2b.jpg,,,,,,
m4-071-final-v1,B,924,0bbbabb841645db3894c,DIOR-R,images/0bbbabb841645db3894c.jpg,,,,,,
m4-071-final-v1,B,925,cbd6e8266b4f3eedc1fd,DIOR-R,images/cbd6e8266b4f3eedc1fd.jpg,,,,,,
m4-071-final-v1,B,926,ff666bcb350349c4904a,SODA-A,images/ff666bcb350349c4904a.jpg,,,,,,
m4-071-final-v1,B,927,15768eddb9e9474ce140,FAIR1M-v1.0,images/15768eddb9e9474ce140.jpg,,,,,,
m4-071-final-v1,B,928,b7f674186f22233a51cf,FAIR1M-v1.0,images/b7f674186f22233a51cf.jpg,,,,,,
m4-071-final-v1,B,929,a5f0d9530ed57b454c70,FAIR1M-v1.0,images/a5f0d9530ed57b454c70.jpg,,,,,,
m4-071-final-v1,B,930,6fb51e1c016317e0f0fc,FAIR1M-v1.0,images/6fb51e1c016317e0f0fc.jpg,,,,,,
m4-071-final-v1,B,931,b7efe023a5ff720badec,FAIR1M-v1.0,images/b7efe023a5ff720badec.jpg,,,,,,
m4-071-final-v1,B,932,18d6c0b5c17a6d1ddfa4,DIOR-R,images/18d6c0b5c17a6d1ddfa4.jpg,,,,,,
m4-071-final-v1,B,933,6d83ac00d1fca140f3b0,FAIR1M-v1.0,images/6d83ac00d1fca140f3b0.jpg,,,,,,
m4-071-final-v1,B,934,61ca955463e4fb3c9bf6,SODA-A,images/61ca955463e4fb3c9bf6.jpg,,,,,,
m4-071-final-v1,B,935,21fcb7c038071b804f16,DIOR-R,images/21fcb7c038071b804f16.jpg,,,,,,
m4-071-final-v1,B,936,eb5ad7e6f2e99282e62d,DIOR-R,images/eb5ad7e6f2e99282e62d.jpg,,,,,,
m4-071-final-v1,B,937,f963586a8fb0fa7a8371,SODA-A,images/f963586a8fb0fa7a8371.jpg,,,,,,
m4-071-final-v1,B,938,a4f453197445de4500d3,SODA-A,images/a4f453197445de4500d3.jpg,,,,,,
m4-071-final-v1,B,939,7f148f57453e4b45d5d9,FAIR1M-v1.0,images/7f148f57453e4b45d5d9.jpg,,,,,,
m4-071-final-v1,B,940,407e2ea751437356ed44,FAIR1M-v1.0,images/407e2ea751437356ed44.jpg,,,,,,
m4-071-final-v1,B,941,9e6135243e2456c4626b,FAIR1M-v1.0,images/9e6135243e2456c4626b.jpg,,,,,,
m4-071-final-v1,B,942,309993347a538a7bf365,DIOR-R,images/309993347a538a7bf365.jpg,,,,,,
m4-071-final-v1,B,943,0854c434098dd9245b2c,DIOR-R,images/0854c434098dd9245b2c.jpg,,,,,,
m4-071-final-v1,B,944,e9c2849e93df49fbd101,FAIR1M-v1.0,images/e9c2849e93df49fbd101.jpg,,,,,,
m4-071-final-v1,B,945,b97b90a7be675ab8b18a,DIOR-R,images/b97b90a7be675ab8b18a.jpg,,,,,,
m4-071-final-v1,B,946,ccf8fe3468e6267ce88b,DIOR-R,images/ccf8fe3468e6267ce88b.jpg,,,,,,
m4-071-final-v1,B,947,f5e4887ab9ee7e467ffd,DIOR-R,images/f5e4887ab9ee7e467ffd.jpg,,,,,,
m4-071-final-v1,B,948,c6319f42e6e99fa228a7,SODA-A,images/c6319f42e6e99fa228a7.jpg,,,,,,
m4-071-final-v1,B,949,c868dd5ea4ed939a433f,FAIR1M-v1.0,images/c868dd5ea4ed939a433f.jpg,,,,,,
m4-071-final-v1,B,950,b150377dc37a749639e9,SODA-A,images/b150377dc37a749639e9.jpg,,,,,,
m4-071-final-v1,B,951,b1f86eb4b26045730906,DIOR-R,images/b1f86eb4b26045730906.jpg,,,,,,
m4-071-final-v1,B,952,eead12db4d976b8a6d86,DIOR-R,images/eead12db4d976b8a6d86.jpg,,,,,,
m4-071-final-v1,B,953,c0b1ddb0d1462149d9c8,DIOR-R,images/c0b1ddb0d1462149d9c8.jpg,,,,,,
m4-071-final-v1,B,954,c49f3ad218d0ec3eb450,DIOR-R,images/c49f3ad218d0ec3eb450.jpg,,,,,,
m4-071-final-v1,B,955,a8b136ee31570de821c9,FAIR1M-v1.0,images/a8b136ee31570de821c9.jpg,,,,,,
m4-071-final-v1,B,956,ab708a73794176490ae4,FAIR1M-v1.0,images/ab708a73794176490ae4.jpg,,,,,,
m4-071-final-v1,B,957,730a91ccf3b9bdf38395,DIOR-R,images/730a91ccf3b9bdf38395.jpg,,,,,,
m4-071-final-v1,B,958,045448313cb7cca1eb8d,SODA-A,images/045448313cb7cca1eb8d.jpg,,,,,,
m4-071-final-v1,B,959,bd2cb1f8982e8fe3e2f3,FAIR1M-v1.0,images/bd2cb1f8982e8fe3e2f3.jpg,,,,,,
m4-071-final-v1,B,960,d320fe21cc2e24df79ee,FAIR1M-v1.0,images/d320fe21cc2e24df79ee.jpg,,,,,,
m4-071-final-v1,B,961,771e0223186be66e440d,DIOR-R,images/771e0223186be66e440d.jpg,,,,,,
m4-071-final-v1,B,962,089960e3d1af36a0c0bd,FAIR1M-v1.0,images/089960e3d1af36a0c0bd.jpg,,,,,,
m4-071-final-v1,B,963,8c42028b196919c5fd14,FAIR1M-v1.0,images/8c42028b196919c5fd14.jpg,,,,,,
m4-071-final-v1,B,964,efa950c104d9f92545d9,FAIR1M-v1.0,images/efa950c104d9f92545d9.jpg,,,,,,
m4-071-final-v1,B,965,36d360f766d06c244e8e,FAIR1M-v1.0,images/36d360f766d06c244e8e.jpg,,,,,,
m4-071-final-v1,B,966,2e46c17166e1d3dbaf61,SODA-A,images/2e46c17166e1d3dbaf61.jpg,,,,,,
m4-071-final-v1,B,967,1b27555e4a8374b494b8,FAIR1M-v1.0,images/1b27555e4a8374b494b8.jpg,,,,,,
m4-071-final-v1,B,968,87a04c044eb9d26b74f2,FAIR1M-v1.0,images/87a04c044eb9d26b74f2.jpg,,,,,,
m4-071-final-v1,B,969,3d83428c9897997bac68,FAIR1M-v1.0,images/3d83428c9897997bac68.jpg,,,,,,
m4-071-final-v1,B,970,46285d931f85ed06a452,FAIR1M-v1.0,images/46285d931f85ed06a452.jpg,,,,,,
m4-071-final-v1,B,971,75ba640ef88dbed7c06f,DIOR-R,images/75ba640ef88dbed7c06f.jpg,,,,,,
m4-071-final-v1,B,972,ca51f9b5a52ab7699a67,SODA-A,images/ca51f9b5a52ab7699a67.jpg,,,,,,
m4-071-final-v1,B,973,9130b8c115a9b1b2d66b,SODA-A,images/9130b8c115a9b1b2d66b.jpg,,,,,,
m4-071-final-v1,B,974,ade11f8c5bb4db555748,DIOR-R,images/ade11f8c5bb4db555748.jpg,,,,,,
m4-071-final-v1,B,975,31e842049055d9980a13,DIOR-R,images/31e842049055d9980a13.jpg,,,,,,
m4-071-final-v1,B,976,c5a972a96fd9541cc833,SODA-A,images/c5a972a96fd9541cc833.jpg,,,,,,
m4-071-final-v1,B,977,32baad241f3f556f43c3,SODA-A,images/32baad241f3f556f43c3.jpg,,,,,,
m4-071-final-v1,B,978,de9efa39683cb8778e85,SODA-A,images/de9efa39683cb8778e85.jpg,,,,,,
m4-071-final-v1,B,979,ffe43ac431f0249a8407,DIOR-R,images/ffe43ac431f0249a8407.jpg,,,,,,
m4-071-final-v1,B,980,98526e98e78a9d70037e,DIOR-R,images/98526e98e78a9d70037e.jpg,,,,,,
m4-071-final-v1,B,981,ecc22dc3e257985e4ae9,FAIR1M-v1.0,images/ecc22dc3e257985e4ae9.jpg,,,,,,
m4-071-final-v1,B,982,ee45ecf2da83b010e47a,FAIR1M-v1.0,images/ee45ecf2da83b010e47a.jpg,,,,,,
m4-071-final-v1,B,983,f749d9219ea3091afdf8,SODA-A,images/f749d9219ea3091afdf8.jpg,,,,,,
m4-071-final-v1,B,984,b9bb07bbbcd1ef2c3477,FAIR1M-v1.0,images/b9bb07bbbcd1ef2c3477.jpg,,,,,,
m4-071-final-v1,B,985,43b7ed1fb0038c43543b,SODA-A,images/43b7ed1fb0038c43543b.jpg,,,,,,
m4-071-final-v1,B,986,a9f146fa2dd0ddd30701,FAIR1M-v1.0,images/a9f146fa2dd0ddd30701.jpg,,,,,,
m4-071-final-v1,B,987,f73dc93044e54fe32bed,DIOR-R,images/f73dc93044e54fe32bed.jpg,,,,,,
m4-071-final-v1,B,988,35594771997b53dc0b58,DIOR-R,images/35594771997b53dc0b58.jpg,,,,,,
m4-071-final-v1,B,989,635ddcafceee9b69d666,SODA-A,images/635ddcafceee9b69d666.jpg,,,,,,
m4-071-final-v1,B,990,9167e2fb6b88b2d5bdd8,SODA-A,images/9167e2fb6b88b2d5bdd8.jpg,,,,,,
m4-071-final-v1,B,991,f76f96c118d044e0fa70,SODA-A,images/f76f96c118d044e0fa70.jpg,,,,,,
m4-071-final-v1,B,992,cd2ab186260b4eec25a4,FAIR1M-v1.0,images/cd2ab186260b4eec25a4.jpg,,,,,,
m4-071-final-v1,B,993,14e1b64119edcc543749,FAIR1M-v1.0,images/14e1b64119edcc543749.jpg,,,,,,
m4-071-final-v1,B,994,cac5f8b4b8cac10472d9,FAIR1M-v1.0,images/cac5f8b4b8cac10472d9.jpg,,,,,,
m4-071-final-v1,B,995,3fe3cfeedb35eb8b09de,SODA-A,images/3fe3cfeedb35eb8b09de.jpg,,,,,,
m4-071-final-v1,B,996,d094c9b6cc748e0a3f1e,FAIR1M-v1.0,images/d094c9b6cc748e0a3f1e.jpg,,,,,,
m4-071-final-v1,B,997,27cd5dc957d35d08804c,DIOR-R,images/27cd5dc957d35d08804c.jpg,,,,,,
m4-071-final-v1,B,998,2ee283d8df515688e74b,SODA-A,images/2ee283d8df515688e74b.jpg,,,,,,
m4-071-final-v1,B,999,9816adf441510771f19b,DIOR-R,images/9816adf441510771f19b.jpg,,,,,,
m4-071-final-v1,B,1000,4c4ec82ea1d0878f28a4,FAIR1M-v1.0,images/4c4ec82ea1d0878f28a4.jpg,,,,,,
m4-071-final-v1,B,1001,d2c768221e68bd97b882,SODA-A,images/d2c768221e68bd97b882.jpg,,,,,,
m4-071-final-v1,B,1002,6257b920a07b8082dc3c,SODA-A,images/6257b920a07b8082dc3c.jpg,,,,,,
m4-071-final-v1,B,1003,5b4cbce88605fbdfd9db,SODA-A,images/5b4cbce88605fbdfd9db.jpg,,,,,,
m4-071-final-v1,B,1004,a31d0b61a6b31f49160e,DIOR-R,images/a31d0b61a6b31f49160e.jpg,,,,,,
m4-071-final-v1,B,1005,e68cd7b5e0fc885e549e,SODA-A,images/e68cd7b5e0fc885e549e.jpg,,,,,,
m4-071-final-v1,B,1006,fd1b058d00883b845a1e,SODA-A,images/fd1b058d00883b845a1e.jpg,,,,,,
m4-071-final-v1,B,1007,6f143306fd4722ba5351,DIOR-R,images/6f143306fd4722ba5351.jpg,,,,,,
m4-071-final-v1,B,1008,ea786651e6f5e69ef10a,DIOR-R,images/ea786651e6f5e69ef10a.jpg,,,,,,
m4-071-final-v1,B,1009,aa3b443bc76b9a712052,SODA-A,images/aa3b443bc76b9a712052.jpg,,,,,,
m4-071-final-v1,B,1010,201828577f3168613870,DIOR-R,images/201828577f3168613870.jpg,,,,,,
m4-071-final-v1,B,1011,bd59746e0f972a9f06cc,FAIR1M-v1.0,images/bd59746e0f972a9f06cc.jpg,,,,,,
m4-071-final-v1,B,1012,878ae6f97506324a06dc,FAIR1M-v1.0,images/878ae6f97506324a06dc.jpg,,,,,,
m4-071-final-v1,B,1013,c5e3c41cd84bfddc88e2,FAIR1M-v1.0,images/c5e3c41cd84bfddc88e2.jpg,,,,,,
m4-071-final-v1,B,1014,3665b800332835a85d4c,FAIR1M-v1.0,images/3665b800332835a85d4c.jpg,,,,,,
m4-071-final-v1,B,1015,566c4fde5320b7bb34d5,FAIR1M-v1.0,images/566c4fde5320b7bb34d5.jpg,,,,,,
m4-071-final-v1,B,1016,fdd80e555af35f90e602,FAIR1M-v1.0,images/fdd80e555af35f90e602.jpg,,,,,,
m4-071-final-v1,B,1017,3ed2b21c38ce4485f9f4,SODA-A,images/3ed2b21c38ce4485f9f4.jpg,,,,,,
m4-071-final-v1,B,1018,e3d73df604308a951c33,DIOR-R,images/e3d73df604308a951c33.jpg,,,,,,
m4-071-final-v1,B,1019,f63aa30674c08d8cf249,FAIR1M-v1.0,images/f63aa30674c08d8cf249.jpg,,,,,,
m4-071-final-v1,B,1020,63669d25926f007903a8,DIOR-R,images/63669d25926f007903a8.jpg,,,,,,
m4-071-final-v1,B,1021,536dbb2296d55bb4e2f8,FAIR1M-v1.0,images/536dbb2296d55bb4e2f8.jpg,,,,,,
m4-071-final-v1,B,1022,30b3b9ae529b1e218728,SODA-A,images/30b3b9ae529b1e218728.jpg,,,,,,
m4-071-final-v1,B,1023,cb14380615cc8e46f453,DIOR-R,images/cb14380615cc8e46f453.jpg,,,,,,
m4-071-final-v1,B,1024,03f839f7b51ab35cba27,DIOR-R,images/03f839f7b51ab35cba27.jpg,,,,,,
m4-071-final-v1,B,1025,07a868e20851d68b518a,DIOR-R,images/07a868e20851d68b518a.jpg,,,,,,
m4-071-final-v1,B,1026,067320f17040968b5a7f,SODA-A,images/067320f17040968b5a7f.jpg,,,,,,
m4-071-final-v1,B,1027,22dedbb2ac70aaa6e429,SODA-A,images/22dedbb2ac70aaa6e429.jpg,,,,,,
m4-071-final-v1,B,1028,441a8db5b34141cda165,SODA-A,images/441a8db5b34141cda165.jpg,,,,,,
m4-071-final-v1,B,1029,b654ec6d6b18f470413d,FAIR1M-v1.0,images/b654ec6d6b18f470413d.jpg,,,,,,
m4-071-final-v1,B,1030,e16594e1d1936be715f7,SODA-A,images/e16594e1d1936be715f7.jpg,,,,,,
m4-071-final-v1,B,1031,67bb1a00841277fce2d6,SODA-A,images/67bb1a00841277fce2d6.jpg,,,,,,
m4-071-final-v1,B,1032,e694d213d3401c772809,FAIR1M-v1.0,images/e694d213d3401c772809.jpg,,,,,,
m4-071-final-v1,B,1033,858dd8d33fd3baa562c0,SODA-A,images/858dd8d33fd3baa562c0.jpg,,,,,,
m4-071-final-v1,B,1034,a4b6deb4883c96573078,FAIR1M-v1.0,images/a4b6deb4883c96573078.jpg,,,,,,
m4-071-final-v1,B,1035,ffb8cab4aa19f877c292,FAIR1M-v1.0,images/ffb8cab4aa19f877c292.jpg,,,,,,
m4-071-final-v1,B,1036,54886851aa7bb487bd8f,SODA-A,images/54886851aa7bb487bd8f.jpg,,,,,,
m4-071-final-v1,B,1037,835c3ceecc4d065048df,DIOR-R,images/835c3ceecc4d065048df.jpg,,,,,,
m4-071-final-v1,B,1038,3b1252127cc65fa9622b,DIOR-R,images/3b1252127cc65fa9622b.jpg,,,,,,
m4-071-final-v1,B,1039,4d70a13c88343b996e73,SODA-A,images/4d70a13c88343b996e73.jpg,,,,,,
m4-071-final-v1,B,1040,9c66089909271bf812c5,FAIR1M-v1.0,images/9c66089909271bf812c5.jpg,,,,,,
m4-071-final-v1,B,1041,ea05f842241486689a86,SODA-A,images/ea05f842241486689a86.jpg,,,,,,
m4-071-final-v1,B,1042,49e334628d5463cb7b47,FAIR1M-v1.0,images/49e334628d5463cb7b47.jpg,,,,,,
m4-071-final-v1,B,1043,1969e7c6f3ad1491cc79,DIOR-R,images/1969e7c6f3ad1491cc79.jpg,,,,,,
m4-071-final-v1,B,1044,77a742004259c79f1dc1,FAIR1M-v1.0,images/77a742004259c79f1dc1.jpg,,,,,,
m4-071-final-v1,B,1045,ec6cf92e54de5003135b,SODA-A,images/ec6cf92e54de5003135b.jpg,,,,,,
m4-071-final-v1,B,1046,dca149fa232f60e46ff5,SODA-A,images/dca149fa232f60e46ff5.jpg,,,,,,
m4-071-final-v1,B,1047,d538290a1f045329db87,SODA-A,images/d538290a1f045329db87.jpg,,,,,,
m4-071-final-v1,B,1048,9ed510ad6511d35fcc67,SODA-A,images/9ed510ad6511d35fcc67.jpg,,,,,,
m4-071-final-v1,B,1049,68ff5a483a46b1975633,DIOR-R,images/68ff5a483a46b1975633.jpg,,,,,,
m4-071-final-v1,B,1050,16c1d630921d88944b4b,FAIR1M-v1.0,images/16c1d630921d88944b4b.jpg,,,,,,
m4-071-final-v1,B,1051,bd029feb75e0b163df82,SODA-A,images/bd029feb75e0b163df82.jpg,,,,,,
m4-071-final-v1,B,1052,8f5d3f10576e97480a43,FAIR1M-v1.0,images/8f5d3f10576e97480a43.jpg,,,,,,
m4-071-final-v1,B,1053,037242dcc82cc1b3a780,DIOR-R,images/037242dcc82cc1b3a780.jpg,,,,,,
m4-071-final-v1,B,1054,c97e9761f0f3e688c5e7,SODA-A,images/c97e9761f0f3e688c5e7.jpg,,,,,,
m4-071-final-v1,B,1055,61c1b61da99eeed68f66,SODA-A,images/61c1b61da99eeed68f66.jpg,,,,,,
m4-071-final-v1,B,1056,6203b804956d843c4525,FAIR1M-v1.0,images/6203b804956d843c4525.jpg,,,,,,
m4-071-final-v1,B,1057,feb4089af5f4f016e15d,SODA-A,images/feb4089af5f4f016e15d.jpg,,,,,,
m4-071-final-v1,B,1058,7924ca0ccda1f6b2deed,FAIR1M-v1.0,images/7924ca0ccda1f6b2deed.jpg,,,,,,
m4-071-final-v1,B,1059,7f340bb0cf461ae9bfb2,DIOR-R,images/7f340bb0cf461ae9bfb2.jpg,,,,,,
m4-071-final-v1,B,1060,d5803834127312202461,DIOR-R,images/d5803834127312202461.jpg,,,,,,
m4-071-final-v1,B,1061,59a4ad393fd1a2885826,FAIR1M-v1.0,images/59a4ad393fd1a2885826.jpg,,,,,,
m4-071-final-v1,B,1062,7cfcc1096ae34e2c9955,DIOR-R,images/7cfcc1096ae34e2c9955.jpg,,,,,,
m4-071-final-v1,B,1063,ec0104def9a871452ebb,SODA-A,images/ec0104def9a871452ebb.jpg,,,,,,
m4-071-final-v1,B,1064,7ee6117670b521c9a1e3,SODA-A,images/7ee6117670b521c9a1e3.jpg,,,,,,
m4-071-final-v1,B,1065,62b6694d01e5f183a306,SODA-A,images/62b6694d01e5f183a306.jpg,,,,,,
m4-071-final-v1,B,1066,9c99b4d065a2cadf8bdf,SODA-A,images/9c99b4d065a2cadf8bdf.jpg,,,,,,
m4-071-final-v1,B,1067,3afe30619d386c6339bc,DIOR-R,images/3afe30619d386c6339bc.jpg,,,,,,
m4-071-final-v1,B,1068,1f6df8920e9f673b5959,SODA-A,images/1f6df8920e9f673b5959.jpg,,,,,,
m4-071-final-v1,B,1069,91117b3dd9a073f0d8ec,SODA-A,images/91117b3dd9a073f0d8ec.jpg,,,,,,
m4-071-final-v1,B,1070,1ee476661b315c57aa92,SODA-A,images/1ee476661b315c57aa92.jpg,,,,,,
m4-071-final-v1,B,1071,dbcf3d5d19eddcbce6ca,DIOR-R,images/dbcf3d5d19eddcbce6ca.jpg,,,,,,
m4-071-final-v1,B,1072,6007ab4aeb293395e2e5,SODA-A,images/6007ab4aeb293395e2e5.jpg,,,,,,
m4-071-final-v1,B,1073,c928bb4da97ddc2d3634,SODA-A,images/c928bb4da97ddc2d3634.jpg,,,,,,
m4-071-final-v1,B,1074,a180b3e68e408f8c84db,SODA-A,images/a180b3e68e408f8c84db.jpg,,,,,,
m4-071-final-v1,B,1075,93f9e7726d15972f4785,DIOR-R,images/93f9e7726d15972f4785.jpg,,,,,,
m4-071-final-v1,B,1076,c1b5914434b38cc0d108,SODA-A,images/c1b5914434b38cc0d108.jpg,,,,,,
m4-071-final-v1,B,1077,3c9131876fcc0cfb54fb,FAIR1M-v1.0,images/3c9131876fcc0cfb54fb.jpg,,,,,,
m4-071-final-v1,B,1078,35936cc3e79757643a41,FAIR1M-v1.0,images/35936cc3e79757643a41.jpg,,,,,,
m4-071-final-v1,B,1079,175777fb3c4dab94c677,SODA-A,images/175777fb3c4dab94c677.jpg,,,,,,
m4-071-final-v1,B,1080,7f54fab9eb9a23b09187,FAIR1M-v1.0,images/7f54fab9eb9a23b09187.jpg,,,,,,
m4-071-final-v1,B,1081,7dac53d8ed345c7565d5,DIOR-R,images/7dac53d8ed345c7565d5.jpg,,,,,,
m4-071-final-v1,B,1082,14e78f81afd98296a059,DIOR-R,images/14e78f81afd98296a059.jpg,,,,,,
m4-071-final-v1,B,1083,8f0833e50998cd703850,FAIR1M-v1.0,images/8f0833e50998cd703850.jpg,,,,,,
m4-071-final-v1,B,1084,62efb51c15fea5efa813,FAIR1M-v1.0,images/62efb51c15fea5efa813.jpg,,,,,,
m4-071-final-v1,B,1085,4b7ef09da59611125834,DIOR-R,images/4b7ef09da59611125834.jpg,,,,,,
m4-071-final-v1,B,1086,b566883c858141d3eadd,DIOR-R,images/b566883c858141d3eadd.jpg,,,,,,
m4-071-final-v1,B,1087,8a253497a4a43b508819,DIOR-R,images/8a253497a4a43b508819.jpg,,,,,,
m4-071-final-v1,B,1088,1b27a71fec8942782e20,FAIR1M-v1.0,images/1b27a71fec8942782e20.jpg,,,,,,
m4-071-final-v1,B,1089,994a78bff5859e4d75b2,DIOR-R,images/994a78bff5859e4d75b2.jpg,,,,,,
m4-071-final-v1,B,1090,e5601d2f9575bca26440,SODA-A,images/e5601d2f9575bca26440.jpg,,,,,,
m4-071-final-v1,B,1091,ee637f5d98de38b19c58,FAIR1M-v1.0,images/ee637f5d98de38b19c58.jpg,,,,,,
m4-071-final-v1,B,1092,d6fe84573c3a9e675c38,FAIR1M-v1.0,images/d6fe84573c3a9e675c38.jpg,,,,,,
m4-071-final-v1,B,1093,6ebbd609684fb121837e,FAIR1M-v1.0,images/6ebbd609684fb121837e.jpg,,,,,,
m4-071-final-v1,B,1094,26679e4ec09e9e8fca8f,FAIR1M-v1.0,images/26679e4ec09e9e8fca8f.jpg,,,,,,
m4-071-final-v1,B,1095,6bef854e77ecb1cdbe3b,DIOR-R,images/6bef854e77ecb1cdbe3b.jpg,,,,,,
m4-071-final-v1,B,1096,44a3e30910b6815cb6b0,FAIR1M-v1.0,images/44a3e30910b6815cb6b0.jpg,,,,,,
m4-071-final-v1,B,1097,39b13cbaee3c264fb45b,DIOR-R,images/39b13cbaee3c264fb45b.jpg,,,,,,
m4-071-final-v1,B,1098,871b3c3169b019c99cf2,FAIR1M-v1.0,images/871b3c3169b019c99cf2.jpg,,,,,,
m4-071-final-v1,B,1099,d13338666967e2cfc7a9,SODA-A,images/d13338666967e2cfc7a9.jpg,,,,,,
m4-071-final-v1,B,1100,7fdf34b61949c3f08804,SODA-A,images/7fdf34b61949c3f08804.jpg,,,,,,
m4-071-final-v1,B,1101,801923e7903b65f291e4,FAIR1M-v1.0,images/801923e7903b65f291e4.jpg,,,,,,
m4-071-final-v1,B,1102,e0dcaa54ed2a07cc5459,FAIR1M-v1.0,images/e0dcaa54ed2a07cc5459.jpg,,,,,,
m4-071-final-v1,B,1103,b7accaa2230cee04ded8,FAIR1M-v1.0,images/b7accaa2230cee04ded8.jpg,,,,,,
m4-071-final-v1,B,1104,4d31c583fa0294985e38,FAIR1M-v1.0,images/4d31c583fa0294985e38.jpg,,,,,,
m4-071-final-v1,B,1105,f9781296a8fafae999b9,FAIR1M-v1.0,images/f9781296a8fafae999b9.jpg,,,,,,
m4-071-final-v1,B,1106,16e8bc725062e74bc31f,DIOR-R,images/16e8bc725062e74bc31f.jpg,,,,,,
m4-071-final-v1,B,1107,e806f0c0473ca0533097,FAIR1M-v1.0,images/e806f0c0473ca0533097.jpg,,,,,,
m4-071-final-v1,B,1108,92794f80cdd8883307ab,DIOR-R,images/92794f80cdd8883307ab.jpg,,,,,,
m4-071-final-v1,B,1109,73f9d7305616cf17fd00,FAIR1M-v1.0,images/73f9d7305616cf17fd00.jpg,,,,,,
m4-071-final-v1,B,1110,2b1197055022445fe4a7,FAIR1M-v1.0,images/2b1197055022445fe4a7.jpg,,,,,,
m4-071-final-v1,B,1111,50e00d2b1a491ff2a365,SODA-A,images/50e00d2b1a491ff2a365.jpg,,,,,,
m4-071-final-v1,B,1112,1f01d7d0be6d94f4e1a3,SODA-A,images/1f01d7d0be6d94f4e1a3.jpg,,,,,,
m4-071-final-v1,B,1113,f08a2ffabbab6ff00c07,DIOR-R,images/f08a2ffabbab6ff00c07.jpg,,,,,,
m4-071-final-v1,B,1114,e9d6e3ae6c4c45bb7438,FAIR1M-v1.0,images/e9d6e3ae6c4c45bb7438.jpg,,,,,,
m4-071-final-v1,B,1115,7b31dde83514fcba3439,FAIR1M-v1.0,images/7b31dde83514fcba3439.jpg,,,,,,
m4-071-final-v1,B,1116,e411ac9802afaae7fb62,SODA-A,images/e411ac9802afaae7fb62.jpg,,,,,,
m4-071-final-v1,B,1117,a31ea1830b0b1a19476d,SODA-A,images/a31ea1830b0b1a19476d.jpg,,,,,,
m4-071-final-v1,B,1118,92fdc8aae7238746cfbd,DIOR-R,images/92fdc8aae7238746cfbd.jpg,,,,,,
m4-071-final-v1,B,1119,e39af9726a895f1feba5,DIOR-R,images/e39af9726a895f1feba5.jpg,,,,,,
m4-071-final-v1,B,1120,14a182dc8c16df3351c4,SODA-A,images/14a182dc8c16df3351c4.jpg,,,,,,
m4-071-final-v1,B,1121,cebddfe283391c3f0adf,SODA-A,images/cebddfe283391c3f0adf.jpg,,,,,,
m4-071-final-v1,B,1122,cc6abac5962813976ac1,FAIR1M-v1.0,images/cc6abac5962813976ac1.jpg,,,,,,
m4-071-final-v1,B,1123,65f9b21596a7933c61d2,DIOR-R,images/65f9b21596a7933c61d2.jpg,,,,,,
m4-071-final-v1,B,1124,00741cbcd53a33089c08,FAIR1M-v1.0,images/00741cbcd53a33089c08.jpg,,,,,,
m4-071-final-v1,B,1125,aa9157197a6e3a013c30,SODA-A,images/aa9157197a6e3a013c30.jpg,,,,,,
m4-071-final-v1,B,1126,e71ae0cd64b5b8865c18,SODA-A,images/e71ae0cd64b5b8865c18.jpg,,,,,,
m4-071-final-v1,B,1127,0e0b418b96ab8a9e97e9,DIOR-R,images/0e0b418b96ab8a9e97e9.jpg,,,,,,
m4-071-final-v1,B,1128,85ce716501497bc22790,DIOR-R,images/85ce716501497bc22790.jpg,,,,,,
m4-071-final-v1,B,1129,9f47076261e02debb843,FAIR1M-v1.0,images/9f47076261e02debb843.jpg,,,,,,
m4-071-final-v1,B,1130,3cfab9c83a3a4ae1c941,FAIR1M-v1.0,images/3cfab9c83a3a4ae1c941.jpg,,,,,,
m4-071-final-v1,B,1131,17929872250b5e1d2f87,SODA-A,images/17929872250b5e1d2f87.jpg,,,,,,
m4-071-final-v1,B,1132,120536e4649126c4b34b,FAIR1M-v1.0,images/120536e4649126c4b34b.jpg,,,,,,
m4-071-final-v1,B,1133,39091db91acde5325128,DIOR-R,images/39091db91acde5325128.jpg,,,,,,
m4-071-final-v1,B,1134,d6b80371a23f933a5d06,DIOR-R,images/d6b80371a23f933a5d06.jpg,,,,,,
m4-071-final-v1,B,1135,86938e7fa0d8689fd387,SODA-A,images/86938e7fa0d8689fd387.jpg,,,,,,
m4-071-final-v1,B,1136,5099057f90fceab40012,FAIR1M-v1.0,images/5099057f90fceab40012.jpg,,,,,,
m4-071-final-v1,B,1137,c0338923bcbd5db643c6,FAIR1M-v1.0,images/c0338923bcbd5db643c6.jpg,,,,,,
m4-071-final-v1,B,1138,91c86ccca0f7f08a6a50,DIOR-R,images/91c86ccca0f7f08a6a50.jpg,,,,,,
m4-071-final-v1,B,1139,e542125b8923d39704b4,FAIR1M-v1.0,images/e542125b8923d39704b4.jpg,,,,,,
m4-071-final-v1,B,1140,360390f8af64c82e647d,DIOR-R,images/360390f8af64c82e647d.jpg,,,,,,
m4-071-final-v1,B,1141,49c6e466044a7c7d8fb4,DIOR-R,images/49c6e466044a7c7d8fb4.jpg,,,,,,
m4-071-final-v1,B,1142,9c84bdcec5aeb5a45897,DIOR-R,images/9c84bdcec5aeb5a45897.jpg,,,,,,
m4-071-final-v1,B,1143,fcaf33811c19f9daba7a,SODA-A,images/fcaf33811c19f9daba7a.jpg,,,,,,
m4-071-final-v1,B,1144,fc2cf8c46cd4431c37dd,SODA-A,images/fc2cf8c46cd4431c37dd.jpg,,,,,,
m4-071-final-v1,B,1145,418ee35ed90b0391904a,FAIR1M-v1.0,images/418ee35ed90b0391904a.jpg,,,,,,
m4-071-final-v1,B,1146,ff9dbe4d9d260174b232,SODA-A,images/ff9dbe4d9d260174b232.jpg,,,,,,
m4-071-final-v1,B,1147,68e863aa9a307ff00991,FAIR1M-v1.0,images/68e863aa9a307ff00991.jpg,,,,,,
m4-071-final-v1,B,1148,dbe1af055b6d63a298f1,FAIR1M-v1.0,images/dbe1af055b6d63a298f1.jpg,,,,,,
m4-071-final-v1,B,1149,e0eb20bf27eb007bef7c,FAIR1M-v1.0,images/e0eb20bf27eb007bef7c.jpg,,,,,,
m4-071-final-v1,B,1150,9b6f6900e2fe8eb6eea4,SODA-A,images/9b6f6900e2fe8eb6eea4.jpg,,,,,,
m4-071-final-v1,B,1151,2bea579109d8453e3574,FAIR1M-v1.0,images/2bea579109d8453e3574.jpg,,,,,,
m4-071-final-v1,B,1152,1e50f5b28f5dafa761eb,FAIR1M-v1.0,images/1e50f5b28f5dafa761eb.jpg,,,,,,
m4-071-final-v1,B,1153,5f96637823b0f55a9aee,DIOR-R,images/5f96637823b0f55a9aee.jpg,,,,,,
m4-071-final-v1,B,1154,df02926d83f8f109836b,DIOR-R,images/df02926d83f8f109836b.jpg,,,,,,
m4-071-final-v1,B,1155,e102490503cf29dd2887,FAIR1M-v1.0,images/e102490503cf29dd2887.jpg,,,,,,
m4-071-final-v1,B,1156,adcc905b1ef06f120bae,FAIR1M-v1.0,images/adcc905b1ef06f120bae.jpg,,,,,,
m4-071-final-v1,B,1157,65edec6c712390eb1997,DIOR-R,images/65edec6c712390eb1997.jpg,,,,,,
m4-071-final-v1,B,1158,a3f1135f160a17f3e385,FAIR1M-v1.0,images/a3f1135f160a17f3e385.jpg,,,,,,
m4-071-final-v1,B,1159,9389596756bb6147d1d6,SODA-A,images/9389596756bb6147d1d6.jpg,,,,,,
m4-071-final-v1,B,1160,a38cf8a41614dbc5f4cf,FAIR1M-v1.0,images/a38cf8a41614dbc5f4cf.jpg,,,,,,
m4-071-final-v1,B,1161,b3111db3ff8ffda647ce,DIOR-R,images/b3111db3ff8ffda647ce.jpg,,,,,,
m4-071-final-v1,B,1162,8f6ffcb81e2dbad52a9a,SODA-A,images/8f6ffcb81e2dbad52a9a.jpg,,,,,,
m4-071-final-v1,B,1163,19a01d8ee74ac9fd64ec,FAIR1M-v1.0,images/19a01d8ee74ac9fd64ec.jpg,,,,,,
m4-071-final-v1,B,1164,0b707df7c07c1966c5b3,SODA-A,images/0b707df7c07c1966c5b3.jpg,,,,,,
m4-071-final-v1,B,1165,1cb087a88a466b6f060f,SODA-A,images/1cb087a88a466b6f060f.jpg,,,,,,
m4-071-final-v1,B,1166,381050751324eae4b9cf,SODA-A,images/381050751324eae4b9cf.jpg,,,,,,
m4-071-final-v1,B,1167,3176950744a202c6f1ed,DIOR-R,images/3176950744a202c6f1ed.jpg,,,,,,
m4-071-final-v1,B,1168,dfc411cde90eb753976f,DIOR-R,images/dfc411cde90eb753976f.jpg,,,,,,
m4-071-final-v1,B,1169,4e432559b3b6e103c9fe,DIOR-R,images/4e432559b3b6e103c9fe.jpg,,,,,,
m4-071-final-v1,B,1170,d178e7d9e40469a19eb8,SODA-A,images/d178e7d9e40469a19eb8.jpg,,,,,,
m4-071-final-v1,B,1171,9f66709469940e69a1b3,SODA-A,images/9f66709469940e69a1b3.jpg,,,,,,
m4-071-final-v1,B,1172,7ebcbbbb750454d878b8,FAIR1M-v1.0,images/7ebcbbbb750454d878b8.jpg,,,,,,
m4-071-final-v1,B,1173,4fcd42c365a17336d16a,SODA-A,images/4fcd42c365a17336d16a.jpg,,,,,,
m4-071-final-v1,B,1174,be84d0b3b00bb76625b2,SODA-A,images/be84d0b3b00bb76625b2.jpg,,,,,,
m4-071-final-v1,B,1175,20b5b33a26e2143f5731,DIOR-R,images/20b5b33a26e2143f5731.jpg,,,,,,
m4-071-final-v1,B,1176,97b8fec21173e2bfd6e8,SODA-A,images/97b8fec21173e2bfd6e8.jpg,,,,,,
m4-071-final-v1,B,1177,a378d44456b2392c4479,SODA-A,images/a378d44456b2392c4479.jpg,,,,,,
m4-071-final-v1,B,1178,2e2541b2d2d0b87b1d9a,DIOR-R,images/2e2541b2d2d0b87b1d9a.jpg,,,,,,
m4-071-final-v1,B,1179,be8c6f54378c01bf6115,FAIR1M-v1.0,images/be8c6f54378c01bf6115.jpg,,,,,,
m4-071-final-v1,B,1180,ed1c6bed058ea756478d,DIOR-R,images/ed1c6bed058ea756478d.jpg,,,,,,
m4-071-final-v1,B,1181,4a8a81b6ce9350b04098,FAIR1M-v1.0,images/4a8a81b6ce9350b04098.jpg,,,,,,
m4-071-final-v1,B,1182,6514511710d7e72a5e47,FAIR1M-v1.0,images/6514511710d7e72a5e47.jpg,,,,,,
m4-071-final-v1,B,1183,9fafa52b8c6d8f3fb1ab,FAIR1M-v1.0,images/9fafa52b8c6d8f3fb1ab.jpg,,,,,,
m4-071-final-v1,B,1184,d56dfcc0e7b8a0168f67,SODA-A,images/d56dfcc0e7b8a0168f67.jpg,,,,,,
m4-071-final-v1,B,1185,d029f0aa91f223d321c7,DIOR-R,images/d029f0aa91f223d321c7.jpg,,,,,,
m4-071-final-v1,B,1186,ddb9400fc710de50d15d,SODA-A,images/ddb9400fc710de50d15d.jpg,,,,,,
m4-071-final-v1,B,1187,666e6b70a20933e5fa29,SODA-A,images/666e6b70a20933e5fa29.jpg,,,,,,
m4-071-final-v1,B,1188,85fbc9768a496810bbcd,FAIR1M-v1.0,images/85fbc9768a496810bbcd.jpg,,,,,,
m4-071-final-v1,B,1189,d850acbe9de10eae569d,SODA-A,images/d850acbe9de10eae569d.jpg,,,,,,
m4-071-final-v1,B,1190,df10057cf44b0c438845,SODA-A,images/df10057cf44b0c438845.jpg,,,,,,
m4-071-final-v1,B,1191,1097350b072969e85ca8,FAIR1M-v1.0,images/1097350b072969e85ca8.jpg,,,,,,
m4-071-final-v1,B,1192,065aba7fef61f744f0da,DIOR-R,images/065aba7fef61f744f0da.jpg,,,,,,
m4-071-final-v1,B,1193,f1633f8e9bf2c4fac76b,FAIR1M-v1.0,images/f1633f8e9bf2c4fac76b.jpg,,,,,,
m4-071-final-v1,B,1194,662bdf6fb8dc9a338fd0,SODA-A,images/662bdf6fb8dc9a338fd0.jpg,,,,,,
m4-071-final-v1,B,1195,12d369f91b25183a823a,SODA-A,images/12d369f91b25183a823a.jpg,,,,,,
m4-071-final-v1,B,1196,d1638ee08a4c81198df3,SODA-A,images/d1638ee08a4c81198df3.jpg,,,,,,
m4-071-final-v1,B,1197,6eede00f406c8f7025b8,DIOR-R,images/6eede00f406c8f7025b8.jpg,,,,,,
m4-071-final-v1,B,1198,8deeb6f4c5a28d81761d,DIOR-R,images/8deeb6f4c5a28d81761d.jpg,,,,,,
m4-071-final-v1,B,1199,061a792bd2b83f45930a,DIOR-R,images/061a792bd2b83f45930a.jpg,,,,,,
m4-071-final-v1,B,1200,37d774d33da44b915849,FAIR1M-v1.0,images/37d774d33da44b915849.jpg,,,,,,
m4-071-final-v1,B,1201,a3f1af9b50195c082015,DIOR-R,images/a3f1af9b50195c082015.jpg,,,,,,
m4-071-final-v1,B,1202,4617c53b27c1533aa048,DIOR-R,images/4617c53b27c1533aa048.jpg,,,,,,
m4-071-final-v1,B,1203,a956399a9b91da26caf8,FAIR1M-v1.0,images/a956399a9b91da26caf8.jpg,,,,,,
m4-071-final-v1,B,1204,0a7afa290c48af1fd74c,FAIR1M-v1.0,images/0a7afa290c48af1fd74c.jpg,,,,,,
m4-071-final-v1,B,1205,148c7fe80eb5ff79bc8c,FAIR1M-v1.0,images/148c7fe80eb5ff79bc8c.jpg,,,,,,
m4-071-final-v1,B,1206,ab1ad77ede4c3ce70133,DIOR-R,images/ab1ad77ede4c3ce70133.jpg,,,,,,
m4-071-final-v1,B,1207,78b5decd3f12d6ed2f9f,FAIR1M-v1.0,images/78b5decd3f12d6ed2f9f.jpg,,,,,,
m4-071-final-v1,B,1208,ca06f258e812e9201150,FAIR1M-v1.0,images/ca06f258e812e9201150.jpg,,,,,,
m4-071-final-v1,B,1209,8dba87a84f9ab815bf18,SODA-A,images/8dba87a84f9ab815bf18.jpg,,,,,,
m4-071-final-v1,B,1210,b129b7e4b5c78d5f9cdc,DIOR-R,images/b129b7e4b5c78d5f9cdc.jpg,,,,,,
m4-071-final-v1,B,1211,35dd632448531cecd98c,DIOR-R,images/35dd632448531cecd98c.jpg,,,,,,
m4-071-final-v1,B,1212,1563f28d85710b914cfa,FAIR1M-v1.0,images/1563f28d85710b914cfa.jpg,,,,,,
m4-071-final-v1,B,1213,6e9d3b83605fcde34509,FAIR1M-v1.0,images/6e9d3b83605fcde34509.jpg,,,,,,
m4-071-final-v1,B,1214,eca31de521d7efa76581,DIOR-R,images/eca31de521d7efa76581.jpg,,,,,,
m4-071-final-v1,B,1215,275d63212d4482386aa6,SODA-A,images/275d63212d4482386aa6.jpg,,,,,,
m4-071-final-v1,B,1216,ef8deff3c47b29c16528,SODA-A,images/ef8deff3c47b29c16528.jpg,,,,,,
m4-071-final-v1,B,1217,947fca5ffa7ae641d630,SODA-A,images/947fca5ffa7ae641d630.jpg,,,,,,
m4-071-final-v1,B,1218,80a23f14d34ba4e2e6cc,FAIR1M-v1.0,images/80a23f14d34ba4e2e6cc.jpg,,,,,,
m4-071-final-v1,B,1219,16b2758b4be55c26af59,SODA-A,images/16b2758b4be55c26af59.jpg,,,,,,
m4-071-final-v1,B,1220,5ec064ad03f7a8e76b01,SODA-A,images/5ec064ad03f7a8e76b01.jpg,,,,,,
m4-071-final-v1,B,1221,9b1059492d44eafcbd24,DIOR-R,images/9b1059492d44eafcbd24.jpg,,,,,,
m4-071-final-v1,B,1222,d5344eb73165f81418bc,FAIR1M-v1.0,images/d5344eb73165f81418bc.jpg,,,,,,
m4-071-final-v1,B,1223,0012a56ba999cb573ec2,DIOR-R,images/0012a56ba999cb573ec2.jpg,,,,,,
m4-071-final-v1,B,1224,9ebf0d5d576ada700737,FAIR1M-v1.0,images/9ebf0d5d576ada700737.jpg,,,,,,
m4-071-final-v1,B,1225,91a11909c719017d4d2a,SODA-A,images/91a11909c719017d4d2a.jpg,,,,,,
m4-071-final-v1,B,1226,0884e56841f1f8f440f6,DIOR-R,images/0884e56841f1f8f440f6.jpg,,,,,,
m4-071-final-v1,B,1227,1993d6b38a26b2367ec3,SODA-A,images/1993d6b38a26b2367ec3.jpg,,,,,,
m4-071-final-v1,B,1228,8dd86fdf121b83227dd2,DIOR-R,images/8dd86fdf121b83227dd2.jpg,,,,,,
m4-071-final-v1,B,1229,4f0bfc95b2cbbf35697d,SODA-A,images/4f0bfc95b2cbbf35697d.jpg,,,,,,
m4-071-final-v1,B,1230,e469c43ff5f07ff00cd6,FAIR1M-v1.0,images/e469c43ff5f07ff00cd6.jpg,,,,,,
m4-071-final-v1,B,1231,327150f6c4aed5aff2e5,FAIR1M-v1.0,images/327150f6c4aed5aff2e5.jpg,,,,,,
m4-071-final-v1,B,1232,5ec26c99e615a98aaddc,FAIR1M-v1.0,images/5ec26c99e615a98aaddc.jpg,,,,,,
m4-071-final-v1,B,1233,96a95bec7c5469a444fb,DIOR-R,images/96a95bec7c5469a444fb.jpg,,,,,,
m4-071-final-v1,B,1234,e86f521b42f0a445dd91,SODA-A,images/e86f521b42f0a445dd91.jpg,,,,,,
m4-071-final-v1,B,1235,ad0eb61caf7d10568bd6,DIOR-R,images/ad0eb61caf7d10568bd6.jpg,,,,,,
m4-071-final-v1,B,1236,08a371147e61b2ac1638,DIOR-R,images/08a371147e61b2ac1638.jpg,,,,,,
m4-071-final-v1,B,1237,6ef481af5fdd26460eb7,SODA-A,images/6ef481af5fdd26460eb7.jpg,,,,,,
m4-071-final-v1,B,1238,78335248dc2f032f736e,DIOR-R,images/78335248dc2f032f736e.jpg,,,,,,
m4-071-final-v1,B,1239,5a84e7d4fc1cf49835e3,DIOR-R,images/5a84e7d4fc1cf49835e3.jpg,,,,,,
m4-071-final-v1,B,1240,39434e2f9fb7d413562a,FAIR1M-v1.0,images/39434e2f9fb7d413562a.jpg,,,,,,
m4-071-final-v1,B,1241,d17590aeb76e8e1b5ad2,DIOR-R,images/d17590aeb76e8e1b5ad2.jpg,,,,,,
m4-071-final-v1,B,1242,7227f0c340772250e8b2,FAIR1M-v1.0,images/7227f0c340772250e8b2.jpg,,,,,,
m4-071-final-v1,B,1243,552bc905df2f1188901a,SODA-A,images/552bc905df2f1188901a.jpg,,,,,,
m4-071-final-v1,B,1244,ff485c4c5884588087b3,SODA-A,images/ff485c4c5884588087b3.jpg,,,,,,
m4-071-final-v1,B,1245,20eb552d5f3c4fade907,SODA-A,images/20eb552d5f3c4fade907.jpg,,,,,,
m4-071-final-v1,B,1246,bc51505a884f35553f18,SODA-A,images/bc51505a884f35553f18.jpg,,,,,,
m4-071-final-v1,B,1247,4d6b89a4b6ae883cf8a2,DIOR-R,images/4d6b89a4b6ae883cf8a2.jpg,,,,,,
m4-071-final-v1,B,1248,ca215b390ab143dba4b7,DIOR-R,images/ca215b390ab143dba4b7.jpg,,,,,,
m4-071-final-v1,B,1249,efdf4739e60f670b8591,FAIR1M-v1.0,images/efdf4739e60f670b8591.jpg,,,,,,
m4-071-final-v1,B,1250,6a4016045c48fc7a0f55,SODA-A,images/6a4016045c48fc7a0f55.jpg,,,,,,
m4-071-final-v1,B,1251,bf34fd270f6b07c921b2,DIOR-R,images/bf34fd270f6b07c921b2.jpg,,,,,,
m4-071-final-v1,B,1252,82074fb27afd90924d82,DIOR-R,images/82074fb27afd90924d82.jpg,,,,,,
m4-071-final-v1,B,1253,3bc2981c2f5b68ea4c76,FAIR1M-v1.0,images/3bc2981c2f5b68ea4c76.jpg,,,,,,
m4-071-final-v1,B,1254,4b7594a40fbb16aec2d2,DIOR-R,images/4b7594a40fbb16aec2d2.jpg,,,,,,
m4-071-final-v1,B,1255,4ad8407f425400c3d66b,FAIR1M-v1.0,images/4ad8407f425400c3d66b.jpg,,,,,,
m4-071-final-v1,B,1256,bf6e96efdc8952c90bc4,FAIR1M-v1.0,images/bf6e96efdc8952c90bc4.jpg,,,,,,
m4-071-final-v1,B,1257,6933b33d8c508e03e361,SODA-A,images/6933b33d8c508e03e361.jpg,,,,,,
m4-071-final-v1,B,1258,f7c3609875bc2f9faa5c,DIOR-R,images/f7c3609875bc2f9faa5c.jpg,,,,,,
m4-071-final-v1,B,1259,e0aca97959b3c7718251,FAIR1M-v1.0,images/e0aca97959b3c7718251.jpg,,,,,,
m4-071-final-v1,B,1260,17a1d6052a47d9142727,DIOR-R,images/17a1d6052a47d9142727.jpg,,,,,,
m4-071-final-v1,B,1261,a7cd2bc84a1701378cb0,FAIR1M-v1.0,images/a7cd2bc84a1701378cb0.jpg,,,,,,
m4-071-final-v1,B,1262,d6eb8367a6bfc20b883c,FAIR1M-v1.0,images/d6eb8367a6bfc20b883c.jpg,,,,,,
m4-071-final-v1,B,1263,d0da623bf05acbcbab71,DIOR-R,images/d0da623bf05acbcbab71.jpg,,,,,,
m4-071-final-v1,B,1264,27f08bb2cb3d5dc61195,FAIR1M-v1.0,images/27f08bb2cb3d5dc61195.jpg,,,,,,
m4-071-final-v1,B,1265,8c3b22fff4b42cf35c92,DIOR-R,images/8c3b22fff4b42cf35c92.jpg,,,,,,
m4-071-final-v1,B,1266,05287b08f5533d6efe95,SODA-A,images/05287b08f5533d6efe95.jpg,,,,,,
m4-071-final-v1,B,1267,711559321b7d5c867394,DIOR-R,images/711559321b7d5c867394.jpg,,,,,,
m4-071-final-v1,B,1268,0267ab43eb42241d5d89,FAIR1M-v1.0,images/0267ab43eb42241d5d89.jpg,,,,,,
m4-071-final-v1,B,1269,73c452f563d20921d194,DIOR-R,images/73c452f563d20921d194.jpg,,,,,,
m4-071-final-v1,B,1270,7a3e6a300ae700b0b2fc,DIOR-R,images/7a3e6a300ae700b0b2fc.jpg,,,,,,
m4-071-final-v1,B,1271,c6406ecf647de3418883,DIOR-R,images/c6406ecf647de3418883.jpg,,,,,,
m4-071-final-v1,B,1272,aba60f5e566e0fad18d9,DIOR-R,images/aba60f5e566e0fad18d9.jpg,,,,,,
m4-071-final-v1,B,1273,a4ccde8f3fbf26bddc63,DIOR-R,images/a4ccde8f3fbf26bddc63.jpg,,,,,,
m4-071-final-v1,B,1274,8de45fb02cb0338663fb,DIOR-R,images/8de45fb02cb0338663fb.jpg,,,,,,
m4-071-final-v1,B,1275,ac627683dd0235a3317f,FAIR1M-v1.0,images/ac627683dd0235a3317f.jpg,,,,,,
m4-071-final-v1,B,1276,64976eb1ed2b544e46c1,DIOR-R,images/64976eb1ed2b544e46c1.jpg,,,,,,
m4-071-final-v1,B,1277,0cabf81a39bb2f2f8260,FAIR1M-v1.0,images/0cabf81a39bb2f2f8260.jpg,,,,,,
m4-071-final-v1,B,1278,c45c94a115608398c17c,SODA-A,images/c45c94a115608398c17c.jpg,,,,,,
m4-071-final-v1,B,1279,2eae1629af0fc57408a1,DIOR-R,images/2eae1629af0fc57408a1.jpg,,,,,,
m4-071-final-v1,B,1280,be7d4fb783f506c081b7,DIOR-R,images/be7d4fb783f506c081b7.jpg,,,,,,
m4-071-final-v1,B,1281,fe6241566ca66cdfeb4a,FAIR1M-v1.0,images/fe6241566ca66cdfeb4a.jpg,,,,,,
m4-071-final-v1,B,1282,05970bbb8b7102c96a17,DIOR-R,images/05970bbb8b7102c96a17.jpg,,,,,,
m4-071-final-v1,B,1283,6f9ee9f4455930c48c58,SODA-A,images/6f9ee9f4455930c48c58.jpg,,,,,,
m4-071-final-v1,B,1284,41fcd27b0ad4ee57cbbd,DIOR-R,images/41fcd27b0ad4ee57cbbd.jpg,,,,,,
m4-071-final-v1,B,1285,65e35087953365788ca2,DIOR-R,images/65e35087953365788ca2.jpg,,,,,,
m4-071-final-v1,B,1286,04ca170a316a03cec294,FAIR1M-v1.0,images/04ca170a316a03cec294.jpg,,,,,,
m4-071-final-v1,B,1287,3faa1f7812b09d86f950,SODA-A,images/3faa1f7812b09d86f950.jpg,,,,,,
m4-071-final-v1,B,1288,e0eb06ac80cfee5082e3,DIOR-R,images/e0eb06ac80cfee5082e3.jpg,,,,,,
m4-071-final-v1,B,1289,bca11e6ae4f470c3f2a3,DIOR-R,images/bca11e6ae4f470c3f2a3.jpg,,,,,,
m4-071-final-v1,B,1290,3ee4bd2aeef348d52cb2,DIOR-R,images/3ee4bd2aeef348d52cb2.jpg,,,,,,
m4-071-final-v1,B,1291,4c52e02856cfa089c814,FAIR1M-v1.0,images/4c52e02856cfa089c814.jpg,,,,,,
m4-071-final-v1,B,1292,63f4a548e60ea947beea,SODA-A,images/63f4a548e60ea947beea.jpg,,,,,,
m4-071-final-v1,B,1293,fc45376a7ae71d909078,SODA-A,images/fc45376a7ae71d909078.jpg,,,,,,
m4-071-final-v1,B,1294,bdbd09efc73e0ccb0458,FAIR1M-v1.0,images/bdbd09efc73e0ccb0458.jpg,,,,,,
m4-071-final-v1,B,1295,503a300b9c865c5915cf,DIOR-R,images/503a300b9c865c5915cf.jpg,,,,,,
m4-071-final-v1,B,1296,7d882c68b8c731a9ea00,DIOR-R,images/7d882c68b8c731a9ea00.jpg,,,,,,
m4-071-final-v1,B,1297,149b9c1d07a97fec2677,FAIR1M-v1.0,images/149b9c1d07a97fec2677.jpg,,,,,,
m4-071-final-v1,B,1298,d580ac8a05f35e420dc2,FAIR1M-v1.0,images/d580ac8a05f35e420dc2.jpg,,,,,,
m4-071-final-v1,B,1299,a29eb7e9e9bcd71729bf,SODA-A,images/a29eb7e9e9bcd71729bf.jpg,,,,,,
m4-071-final-v1,B,1300,f7f838c5e5373a8e3f02,SODA-A,images/f7f838c5e5373a8e3f02.jpg,,,,,,
m4-071-final-v1,B,1301,423758561960d1de0a20,FAIR1M-v1.0,images/423758561960d1de0a20.jpg,,,,,,
m4-071-final-v1,B,1302,860710c4f3fb8ace86a1,DIOR-R,images/860710c4f3fb8ace86a1.jpg,,,,,,
m4-071-final-v1,B,1303,29b3e707dc3b7523c84a,SODA-A,images/29b3e707dc3b7523c84a.jpg,,,,,,
m4-071-final-v1,B,1304,9caae9fb85f497665795,FAIR1M-v1.0,images/9caae9fb85f497665795.jpg,,,,,,
m4-071-final-v1,B,1305,6df412a33f227953ca44,DIOR-R,images/6df412a33f227953ca44.jpg,,,,,,
m4-071-final-v1,B,1306,ef83268da07f9e89f1af,SODA-A,images/ef83268da07f9e89f1af.jpg,,,,,,
m4-071-final-v1,B,1307,0beb35e6e863a95a7205,DIOR-R,images/0beb35e6e863a95a7205.jpg,,,,,,
m4-071-final-v1,B,1308,bd1516bc53c310d489cb,FAIR1M-v1.0,images/bd1516bc53c310d489cb.jpg,,,,,,
m4-071-final-v1,B,1309,c5a646425ee8df5ce180,FAIR1M-v1.0,images/c5a646425ee8df5ce180.jpg,,,,,,
m4-071-final-v1,B,1310,b6c5d7cb8a89cb9d8b17,SODA-A,images/b6c5d7cb8a89cb9d8b17.jpg,,,,,,
m4-071-final-v1,B,1311,bd21269a2c694f747127,SODA-A,images/bd21269a2c694f747127.jpg,,,,,,
m4-071-final-v1,B,1312,f390841db170611b20a1,DIOR-R,images/f390841db170611b20a1.jpg,,,,,,
m4-071-final-v1,B,1313,8aace67cbe2f42861065,FAIR1M-v1.0,images/8aace67cbe2f42861065.jpg,,,,,,
m4-071-final-v1,B,1314,f773f1cb67d924597e66,DIOR-R,images/f773f1cb67d924597e66.jpg,,,,,,
m4-071-final-v1,B,1315,dcd763c79a53ec555d3d,SODA-A,images/dcd763c79a53ec555d3d.jpg,,,,,,
m4-071-final-v1,B,1316,467258b188fca842874f,DIOR-R,images/467258b188fca842874f.jpg,,,,,,
m4-071-final-v1,B,1317,39bc759035c8053ff4e1,FAIR1M-v1.0,images/39bc759035c8053ff4e1.jpg,,,,,,
m4-071-final-v1,B,1318,376d45870aceb4ae595d,DIOR-R,images/376d45870aceb4ae595d.jpg,,,,,,
m4-071-final-v1,B,1319,d3aa7e3e6c61d9c416bf,FAIR1M-v1.0,images/d3aa7e3e6c61d9c416bf.jpg,,,,,,
m4-071-final-v1,B,1320,3b09a07323b77466251f,DIOR-R,images/3b09a07323b77466251f.jpg,,,,,,
m4-071-final-v1,B,1321,0f40cb63d2558b8e2873,SODA-A,images/0f40cb63d2558b8e2873.jpg,,,,,,
m4-071-final-v1,B,1322,2226ee537d341d77062e,SODA-A,images/2226ee537d341d77062e.jpg,,,,,,
m4-071-final-v1,B,1323,9b05b669c075bbcb8437,DIOR-R,images/9b05b669c075bbcb8437.jpg,,,,,,
m4-071-final-v1,B,1324,032df01f84aa096f7624,DIOR-R,images/032df01f84aa096f7624.jpg,,,,,,
m4-071-final-v1,B,1325,77dbbb728008cc083a05,SODA-A,images/77dbbb728008cc083a05.jpg,,,,,,
m4-071-final-v1,B,1326,52492b0a9ecd94aba89d,DIOR-R,images/52492b0a9ecd94aba89d.jpg,,,,,,
m4-071-final-v1,B,1327,de57eaff186371f62288,SODA-A,images/de57eaff186371f62288.jpg,,,,,,
m4-071-final-v1,B,1328,970099808482a22d0b36,FAIR1M-v1.0,images/970099808482a22d0b36.jpg,,,,,,
m4-071-final-v1,B,1329,3c0587ef770963e39440,FAIR1M-v1.0,images/3c0587ef770963e39440.jpg,,,,,,
m4-071-final-v1,B,1330,a1cb1581a8b8446ccb90,FAIR1M-v1.0,images/a1cb1581a8b8446ccb90.jpg,,,,,,
m4-071-final-v1,B,1331,17132ce3d119d618086b,SODA-A,images/17132ce3d119d618086b.jpg,,,,,,
m4-071-final-v1,B,1332,a0a31607c7d39bb59d31,SODA-A,images/a0a31607c7d39bb59d31.jpg,,,,,,
m4-071-final-v1,B,1333,03b0a0e1c805bf7ac77a,SODA-A,images/03b0a0e1c805bf7ac77a.jpg,,,,,,
m4-071-final-v1,B,1334,869af332204332d6be27,SODA-A,images/869af332204332d6be27.jpg,,,,,,
m4-071-final-v1,B,1335,fb6ab42d8520f93955b4,FAIR1M-v1.0,images/fb6ab42d8520f93955b4.jpg,,,,,,
m4-071-final-v1,B,1336,b77acbd418f8f2d75dba,DIOR-R,images/b77acbd418f8f2d75dba.jpg,,,,,,
m4-071-final-v1,B,1337,b4f39aaedac20ca94dcc,DIOR-R,images/b4f39aaedac20ca94dcc.jpg,,,,,,
m4-071-final-v1,B,1338,3fa5e1d5f83efa02425d,FAIR1M-v1.0,images/3fa5e1d5f83efa02425d.jpg,,,,,,
m4-071-final-v1,B,1339,39e2d1aadb41d4a1d21b,SODA-A,images/39e2d1aadb41d4a1d21b.jpg,,,,,,
m4-071-final-v1,B,1340,ce407e08094af5ce108b,DIOR-R,images/ce407e08094af5ce108b.jpg,,,,,,
m4-071-final-v1,B,1341,112c1463649bcc07ac88,FAIR1M-v1.0,images/112c1463649bcc07ac88.jpg,,,,,,
m4-071-final-v1,B,1342,a950e626dc557ec52271,DIOR-R,images/a950e626dc557ec52271.jpg,,,,,,
m4-071-final-v1,B,1343,62e3a66f1ed75d72195b,DIOR-R,images/62e3a66f1ed75d72195b.jpg,,,,,,
m4-071-final-v1,B,1344,0f1d7f74cc33faff7bc3,DIOR-R,images/0f1d7f74cc33faff7bc3.jpg,,,,,,
m4-071-final-v1,B,1345,65fb082bc22cc75a3f00,DIOR-R,images/65fb082bc22cc75a3f00.jpg,,,,,,
m4-071-final-v1,B,1346,64e143aa519489a98353,DIOR-R,images/64e143aa519489a98353.jpg,,,,,,
m4-071-final-v1,B,1347,e592ff9674db66ab1186,FAIR1M-v1.0,images/e592ff9674db66ab1186.jpg,,,,,,
m4-071-final-v1,B,1348,6bb26410fd7e7b17728e,DIOR-R,images/6bb26410fd7e7b17728e.jpg,,,,,,
m4-071-final-v1,B,1349,7d2a8deb539f0140bbc5,SODA-A,images/7d2a8deb539f0140bbc5.jpg,,,,,,
m4-071-final-v1,B,1350,ace61b4a83210205edbf,FAIR1M-v1.0,images/ace61b4a83210205edbf.jpg,,,,,,
m4-071-final-v1,B,1351,7b24a7c0fa122268bdc4,SODA-A,images/7b24a7c0fa122268bdc4.jpg,,,,,,
m4-071-final-v1,B,1352,82e42e78d925d3698844,FAIR1M-v1.0,images/82e42e78d925d3698844.jpg,,,,,,
m4-071-final-v1,B,1353,9898bec2e5fbaf10f62c,SODA-A,images/9898bec2e5fbaf10f62c.jpg,,,,,,
m4-071-final-v1,B,1354,c2babbf2037c7f061104,DIOR-R,images/c2babbf2037c7f061104.jpg,,,,,,
m4-071-final-v1,B,1355,fe97631870cc7e0fec7c,FAIR1M-v1.0,images/fe97631870cc7e0fec7c.jpg,,,,,,
m4-071-final-v1,B,1356,2c680fc96ee0a9a9d7b9,DIOR-R,images/2c680fc96ee0a9a9d7b9.jpg,,,,,,
m4-071-final-v1,B,1357,64153148622de171f227,SODA-A,images/64153148622de171f227.jpg,,,,,,
m4-071-final-v1,B,1358,9736fea667ddc86e3faa,FAIR1M-v1.0,images/9736fea667ddc86e3faa.jpg,,,,,,
m4-071-final-v1,B,1359,94223492ea1909be2245,DIOR-R,images/94223492ea1909be2245.jpg,,,,,,
m4-071-final-v1,B,1360,8daad233840edf9ec93e,DIOR-R,images/8daad233840edf9ec93e.jpg,,,,,,
m4-071-final-v1,B,1361,d12619c6aee0aa95bff0,FAIR1M-v1.0,images/d12619c6aee0aa95bff0.jpg,,,,,,
m4-071-final-v1,B,1362,c62d2e6bdd2dd9ee7e38,FAIR1M-v1.0,images/c62d2e6bdd2dd9ee7e38.jpg,,,,,,
m4-071-final-v1,B,1363,0ef939809d551fb6d195,SODA-A,images/0ef939809d551fb6d195.jpg,,,,,,
m4-071-final-v1,B,1364,d11e4b3eadf44fab2249,FAIR1M-v1.0,images/d11e4b3eadf44fab2249.jpg,,,,,,
m4-071-final-v1,B,1365,bfb66b27817b6c24e969,SODA-A,images/bfb66b27817b6c24e969.jpg,,,,,,
m4-071-final-v1,B,1366,e4126eb17a1cb75e6fd1,FAIR1M-v1.0,images/e4126eb17a1cb75e6fd1.jpg,,,,,,
m4-071-final-v1,B,1367,a217804f4aade24c42d1,SODA-A,images/a217804f4aade24c42d1.jpg,,,,,,
m4-071-final-v1,B,1368,e53ceac5415660c95e71,SODA-A,images/e53ceac5415660c95e71.jpg,,,,,,
m4-071-final-v1,B,1369,34b358217303a26cc1bf,DIOR-R,images/34b358217303a26cc1bf.jpg,,,,,,
m4-071-final-v1,B,1370,737c83ce88724efe2904,FAIR1M-v1.0,images/737c83ce88724efe2904.jpg,,,,,,
m4-071-final-v1,B,1371,4c58c8782499d45466ab,SODA-A,images/4c58c8782499d45466ab.jpg,,,,,,
m4-071-final-v1,B,1372,0b284e2e96752fddf549,DIOR-R,images/0b284e2e96752fddf549.jpg,,,,,,
m4-071-final-v1,B,1373,84565862687fdc26933e,FAIR1M-v1.0,images/84565862687fdc26933e.jpg,,,,,,
m4-071-final-v1,B,1374,54fc43dbf1c1db07f1d8,SODA-A,images/54fc43dbf1c1db07f1d8.jpg,,,,,,
m4-071-final-v1,B,1375,bfe5c6fd10734de73162,FAIR1M-v1.0,images/bfe5c6fd10734de73162.jpg,,,,,,
m4-071-final-v1,B,1376,e044b65f8fc361d81957,DIOR-R,images/e044b65f8fc361d81957.jpg,,,,,,
m4-071-final-v1,B,1377,1b34db36945cdf30ce2d,FAIR1M-v1.0,images/1b34db36945cdf30ce2d.jpg,,,,,,
m4-071-final-v1,B,1378,9ed2086db00dc9b608b5,DIOR-R,images/9ed2086db00dc9b608b5.jpg,,,,,,
m4-071-final-v1,B,1379,94954e6e49da9bfc8081,FAIR1M-v1.0,images/94954e6e49da9bfc8081.jpg,,,,,,
m4-071-final-v1,B,1380,e995a2f14705d91d7508,SODA-A,images/e995a2f14705d91d7508.jpg,,,,,,
m4-071-final-v1,B,1381,fad024d40c4fd85b8179,DIOR-R,images/fad024d40c4fd85b8179.jpg,,,,,,
m4-071-final-v1,B,1382,3000f2bdc92ff99de556,DIOR-R,images/3000f2bdc92ff99de556.jpg,,,,,,
m4-071-final-v1,B,1383,fd840cad0b3e540c1925,FAIR1M-v1.0,images/fd840cad0b3e540c1925.jpg,,,,,,
m4-071-final-v1,B,1384,5e219213365fc7d267e5,DIOR-R,images/5e219213365fc7d267e5.jpg,,,,,,
m4-071-final-v1,B,1385,2781b31f66f0ed4e8955,SODA-A,images/2781b31f66f0ed4e8955.jpg,,,,,,
m4-071-final-v1,B,1386,0c784cc8a832628811c8,FAIR1M-v1.0,images/0c784cc8a832628811c8.jpg,,,,,,
m4-071-final-v1,B,1387,b9f0286bfdd0004d82e2,SODA-A,images/b9f0286bfdd0004d82e2.jpg,,,,,,
m4-071-final-v1,B,1388,a846f5d245ce5c1361f0,FAIR1M-v1.0,images/a846f5d245ce5c1361f0.jpg,,,,,,
m4-071-final-v1,B,1389,b190f939efc339d9363e,DIOR-R,images/b190f939efc339d9363e.jpg,,,,,,
m4-071-final-v1,B,1390,fa114a4243874b8e6345,FAIR1M-v1.0,images/fa114a4243874b8e6345.jpg,,,,,,
m4-071-final-v1,B,1391,cbfd4b8d51a2cc4f9f5f,DIOR-R,images/cbfd4b8d51a2cc4f9f5f.jpg,,,,,,
m4-071-final-v1,B,1392,0cc80965f0161b68ff0f,DIOR-R,images/0cc80965f0161b68ff0f.jpg,,,,,,
m4-071-final-v1,B,1393,c699ef9d3a7f9fa80145,DIOR-R,images/c699ef9d3a7f9fa80145.jpg,,,,,,
m4-071-final-v1,B,1394,0003ebd07bd4bb7cdf70,SODA-A,images/0003ebd07bd4bb7cdf70.jpg,,,,,,
m4-071-final-v1,B,1395,1b36545a16d37dc0bc87,FAIR1M-v1.0,images/1b36545a16d37dc0bc87.jpg,,,,,,
m4-071-final-v1,B,1396,8de3646c356f639b2021,SODA-A,images/8de3646c356f639b2021.jpg,,,,,,
m4-071-final-v1,B,1397,b1047062222d2a3ecf4d,DIOR-R,images/b1047062222d2a3ecf4d.jpg,,,,,,
m4-071-final-v1,B,1398,2ba567a12d04b0ebc278,DIOR-R,images/2ba567a12d04b0ebc278.jpg,,,,,,
m4-071-final-v1,B,1399,09d35b1eeece2d4d58dd,SODA-A,images/09d35b1eeece2d4d58dd.jpg,,,,,,
m4-071-final-v1,B,1400,13898b143c959fd2fb92,SODA-A,images/13898b143c959fd2fb92.jpg,,,,,,
m4-071-final-v1,B,1401,bfe33f3d4fa7fd97dff4,FAIR1M-v1.0,images/bfe33f3d4fa7fd97dff4.jpg,,,,,,
m4-071-final-v1,B,1402,f8899a97f3c9bdde6455,SODA-A,images/f8899a97f3c9bdde6455.jpg,,,,,,
m4-071-final-v1,B,1403,927e6c902204260be522,FAIR1M-v1.0,images/927e6c902204260be522.jpg,,,,,,
m4-071-final-v1,B,1404,8384cbc27cc65cab53d6,SODA-A,images/8384cbc27cc65cab53d6.jpg,,,,,,
m4-071-final-v1,B,1405,20380903fd307ec8e2c1,SODA-A,images/20380903fd307ec8e2c1.jpg,,,,,,
m4-071-final-v1,B,1406,422284324199d3d32e38,SODA-A,images/422284324199d3d32e38.jpg,,,,,,
m4-071-final-v1,B,1407,c6896e0091349eda8eef,DIOR-R,images/c6896e0091349eda8eef.jpg,,,,,,
m4-071-final-v1,B,1408,927b596f64e7706ef0ec,SODA-A,images/927b596f64e7706ef0ec.jpg,,,,,,
m4-071-final-v1,B,1409,c633a12f36f93ac61aaa,DIOR-R,images/c633a12f36f93ac61aaa.jpg,,,,,,
m4-071-final-v1,B,1410,2932d376133894ad7c1e,DIOR-R,images/2932d376133894ad7c1e.jpg,,,,,,
m4-071-final-v1,B,1411,82afcfb9c49dae5e01f5,SODA-A,images/82afcfb9c49dae5e01f5.jpg,,,,,,
m4-071-final-v1,B,1412,6f2c1927d1b137620b3d,FAIR1M-v1.0,images/6f2c1927d1b137620b3d.jpg,,,,,,
m4-071-final-v1,B,1413,02432969697ab1ea99e4,DIOR-R,images/02432969697ab1ea99e4.jpg,,,,,,
m4-071-final-v1,B,1414,fe6b24ebfb7dc002f21b,DIOR-R,images/fe6b24ebfb7dc002f21b.jpg,,,,,,
m4-071-final-v1,B,1415,9922e721a62094e101f5,DIOR-R,images/9922e721a62094e101f5.jpg,,,,,,
m4-071-final-v1,B,1416,f8d80325cbf4971c3b5e,DIOR-R,images/f8d80325cbf4971c3b5e.jpg,,,,,,
m4-071-final-v1,B,1417,234bbb126645f223ace0,FAIR1M-v1.0,images/234bbb126645f223ace0.jpg,,,,,,
m4-071-final-v1,B,1418,0d25351acac81de6951a,SODA-A,images/0d25351acac81de6951a.jpg,,,,,,
m4-071-final-v1,B,1419,86bf26b963188c6bb019,SODA-A,images/86bf26b963188c6bb019.jpg,,,,,,
m4-071-final-v1,B,1420,699e2a59b493f8dedec4,SODA-A,images/699e2a59b493f8dedec4.jpg,,,,,,
m4-071-final-v1,B,1421,c52c2588d105f249c568,FAIR1M-v1.0,images/c52c2588d105f249c568.jpg,,,,,,
m4-071-final-v1,B,1422,ad3aa34bcd7de6755aff,SODA-A,images/ad3aa34bcd7de6755aff.jpg,,,,,,
m4-071-final-v1,B,1423,277844a17120af4ea443,FAIR1M-v1.0,images/277844a17120af4ea443.jpg,,,,,,
m4-071-final-v1,B,1424,eb66f7df86bf60ce6c78,DIOR-R,images/eb66f7df86bf60ce6c78.jpg,,,,,,
m4-071-final-v1,B,1425,9e9731393c8b29475384,SODA-A,images/9e9731393c8b29475384.jpg,,,,,,
m4-071-final-v1,B,1426,e86a7a1f8b5473cfc39d,FAIR1M-v1.0,images/e86a7a1f8b5473cfc39d.jpg,,,,,,
m4-071-final-v1,B,1427,2bd27c0d9680292363f1,SODA-A,images/2bd27c0d9680292363f1.jpg,,,,,,
m4-071-final-v1,B,1428,52e02f7d29b627af7691,DIOR-R,images/52e02f7d29b627af7691.jpg,,,,,,
m4-071-final-v1,B,1429,9175bea36156f0b6ac11,SODA-A,images/9175bea36156f0b6ac11.jpg,,,,,,
m4-071-final-v1,B,1430,ce8c55416c196809b496,FAIR1M-v1.0,images/ce8c55416c196809b496.jpg,,,,,,
m4-071-final-v1,B,1431,e0cc8f5e70d1f8f85b44,SODA-A,images/e0cc8f5e70d1f8f85b44.jpg,,,,,,
m4-071-final-v1,B,1432,2ea27d54707bce5b3917,FAIR1M-v1.0,images/2ea27d54707bce5b3917.jpg,,,,,,
m4-071-final-v1,B,1433,c6bf39b757fcae381695,DIOR-R,images/c6bf39b757fcae381695.jpg,,,,,,
m4-071-final-v1,B,1434,e9943efff1cac92bcfa7,SODA-A,images/e9943efff1cac92bcfa7.jpg,,,,,,
m4-071-final-v1,B,1435,2a50e4232fba5253ccce,SODA-A,images/2a50e4232fba5253ccce.jpg,,,,,,
m4-071-final-v1,B,1436,3936b0422fd8966cc68b,FAIR1M-v1.0,images/3936b0422fd8966cc68b.jpg,,,,,,
m4-071-final-v1,B,1437,31c365a6f165487a24dd,FAIR1M-v1.0,images/31c365a6f165487a24dd.jpg,,,,,,
m4-071-final-v1,B,1438,df52305a616d52e526bc,FAIR1M-v1.0,images/df52305a616d52e526bc.jpg,,,,,,
m4-071-final-v1,B,1439,25e080a00ca7540dc727,SODA-A,images/25e080a00ca7540dc727.jpg,,,,,,
m4-071-final-v1,B,1440,f45454a71b15682a27ca,SODA-A,images/f45454a71b15682a27ca.jpg,,,,,,
m4-071-final-v1,B,1441,77c741d002276ed55e13,DIOR-R,images/77c741d002276ed55e13.jpg,,,,,,
m4-071-final-v1,B,1442,c83b5539c887d108142b,DIOR-R,images/c83b5539c887d108142b.jpg,,,,,,
m4-071-final-v1,B,1443,8b6557554ceb42a5d533,SODA-A,images/8b6557554ceb42a5d533.jpg,,,,,,
m4-071-final-v1,B,1444,a66c2853fe88bb3e1f96,DIOR-R,images/a66c2853fe88bb3e1f96.jpg,,,,,,
m4-071-final-v1,B,1445,fa23fede9ba473fc79d4,FAIR1M-v1.0,images/fa23fede9ba473fc79d4.jpg,,,,,,
m4-071-final-v1,B,1446,01da6d0696d45241a11f,FAIR1M-v1.0,images/01da6d0696d45241a11f.jpg,,,,,,
m4-071-final-v1,B,1447,1b5e0d20f0253efb2efc,DIOR-R,images/1b5e0d20f0253efb2efc.jpg,,,,,,
m4-071-final-v1,B,1448,577064ba9d8fd555ca13,SODA-A,images/577064ba9d8fd555ca13.jpg,,,,,,
m4-071-final-v1,B,1449,b23f3df9c5832a8d5d46,FAIR1M-v1.0,images/b23f3df9c5832a8d5d46.jpg,,,,,,
m4-071-final-v1,B,1450,63c5ded01925d3e962c6,DIOR-R,images/63c5ded01925d3e962c6.jpg,,,,,,
m4-071-final-v1,B,1451,eed3e389e17e0c72774c,FAIR1M-v1.0,images/eed3e389e17e0c72774c.jpg,,,,,,
m4-071-final-v1,B,1452,8e7778885289da0f6645,SODA-A,images/8e7778885289da0f6645.jpg,,,,,,
m4-071-final-v1,B,1453,58d8541f7cda58b04830,SODA-A,images/58d8541f7cda58b04830.jpg,,,,,,
m4-071-final-v1,B,1454,8505108bb843f7989f0b,DIOR-R,images/8505108bb843f7989f0b.jpg,,,,,,
m4-071-final-v1,B,1455,11018707d0fb31db23ad,FAIR1M-v1.0,images/11018707d0fb31db23ad.jpg,,,,,,
m4-071-final-v1,B,1456,14bdd76362b99f5bcb52,FAIR1M-v1.0,images/14bdd76362b99f5bcb52.jpg,,,,,,
m4-071-final-v1,B,1457,177dd6f30e99622f5155,SODA-A,images/177dd6f30e99622f5155.jpg,,,,,,
m4-071-final-v1,B,1458,d377623a9915833af532,SODA-A,images/d377623a9915833af532.jpg,,,,,,
m4-071-final-v1,B,1459,42e3c3caf5cca344835c,FAIR1M-v1.0,images/42e3c3caf5cca344835c.jpg,,,,,,
m4-071-final-v1,B,1460,773083956f7ace5d891a,FAIR1M-v1.0,images/773083956f7ace5d891a.jpg,,,,,,
m4-071-final-v1,B,1461,bf8ccb6d9770d510acbb,FAIR1M-v1.0,images/bf8ccb6d9770d510acbb.jpg,,,,,,
m4-071-final-v1,B,1462,8021802f471f78a06f74,SODA-A,images/8021802f471f78a06f74.jpg,,,,,,
m4-071-final-v1,B,1463,65554cf0eaaff290dc27,SODA-A,images/65554cf0eaaff290dc27.jpg,,,,,,
m4-071-final-v1,B,1464,e9ac66ead3895e6bedb2,SODA-A,images/e9ac66ead3895e6bedb2.jpg,,,,,,
m4-071-final-v1,B,1465,877d6048bc682592ce96,FAIR1M-v1.0,images/877d6048bc682592ce96.jpg,,,,,,
m4-071-final-v1,B,1466,a1e0d651af8d1e2bb2d6,SODA-A,images/a1e0d651af8d1e2bb2d6.jpg,,,,,,
m4-071-final-v1,B,1467,09585a1f260d980a1be9,FAIR1M-v1.0,images/09585a1f260d980a1be9.jpg,,,,,,
m4-071-final-v1,B,1468,4b16089184c701674973,DIOR-R,images/4b16089184c701674973.jpg,,,,,,
m4-071-final-v1,B,1469,88282d64c7291641f8df,SODA-A,images/88282d64c7291641f8df.jpg,,,,,,
m4-071-final-v1,B,1470,f45d2c4595890f7ef778,SODA-A,images/f45d2c4595890f7ef778.jpg,,,,,,
m4-071-final-v1,B,1471,d7a1a5e641a5cbcf27f5,DIOR-R,images/d7a1a5e641a5cbcf27f5.jpg,,,,,,
m4-071-final-v1,B,1472,6f9bee01187da44da670,SODA-A,images/6f9bee01187da44da670.jpg,,,,,,
m4-071-final-v1,B,1473,4f2e991aeb46b0668438,FAIR1M-v1.0,images/4f2e991aeb46b0668438.jpg,,,,,,
m4-071-final-v1,B,1474,52bcc8398a9ff11a55b0,FAIR1M-v1.0,images/52bcc8398a9ff11a55b0.jpg,,,,,,
m4-071-final-v1,B,1475,b00608f729416d2bdc2f,DIOR-R,images/b00608f729416d2bdc2f.jpg,,,,,,
m4-071-final-v1,B,1476,01031bc23e5d08297c03,DIOR-R,images/01031bc23e5d08297c03.jpg,,,,,,
m4-071-final-v1,B,1477,b251d812bb8fc58e9d2f,FAIR1M-v1.0,images/b251d812bb8fc58e9d2f.jpg,,,,,,
m4-071-final-v1,B,1478,6f5cf7d8d17be096d16a,FAIR1M-v1.0,images/6f5cf7d8d17be096d16a.jpg,,,,,,
m4-071-final-v1,B,1479,eb3141e986c7a246fdd9,FAIR1M-v1.0,images/eb3141e986c7a246fdd9.jpg,,,,,,
m4-071-final-v1,B,1480,41b13918a3d17f4f5015,FAIR1M-v1.0,images/41b13918a3d17f4f5015.jpg,,,,,,
m4-071-final-v1,B,1481,d24b773613d2db3c7118,FAIR1M-v1.0,images/d24b773613d2db3c7118.jpg,,,,,,
m4-071-final-v1,B,1482,146207edd840a4d207e1,FAIR1M-v1.0,images/146207edd840a4d207e1.jpg,,,,,,
m4-071-final-v1,B,1483,fc9360932cae6bea469b,FAIR1M-v1.0,images/fc9360932cae6bea469b.jpg,,,,,,
m4-071-final-v1,B,1484,f9a1b83158ea2c199f40,SODA-A,images/f9a1b83158ea2c199f40.jpg,,,,,,
m4-071-final-v1,B,1485,e9b1f7c1f0bef4dc5b47,SODA-A,images/e9b1f7c1f0bef4dc5b47.jpg,,,,,,
m4-071-final-v1,B,1486,c38475c4a8f8807a03b3,SODA-A,images/c38475c4a8f8807a03b3.jpg,,,,,,
m4-071-final-v1,B,1487,f7b585f034740ec77e74,FAIR1M-v1.0,images/f7b585f034740ec77e74.jpg,,,,,,
m4-071-final-v1,B,1488,b338474f4c94946365c7,DIOR-R,images/b338474f4c94946365c7.jpg,,,,,,
m4-071-final-v1,B,1489,72891fe9b223337e47fb,FAIR1M-v1.0,images/72891fe9b223337e47fb.jpg,,,,,,
m4-071-final-v1,B,1490,9895d6c7333c14c5fd66,DIOR-R,images/9895d6c7333c14c5fd66.jpg,,,,,,
m4-071-final-v1,B,1491,73a53239f32197016e84,DIOR-R,images/73a53239f32197016e84.jpg,,,,,,
m4-071-final-v1,B,1492,acdf6f378b19fc7ce6dd,FAIR1M-v1.0,images/acdf6f378b19fc7ce6dd.jpg,,,,,,
m4-071-final-v1,B,1493,56f1f5f8de98f8aeeb9f,FAIR1M-v1.0,images/56f1f5f8de98f8aeeb9f.jpg,,,,,,
m4-071-final-v1,B,1494,bddbeb15484822b46321,SODA-A,images/bddbeb15484822b46321.jpg,,,,,,
m4-071-final-v1,B,1495,3acc55b2a155ffd22517,SODA-A,images/3acc55b2a155ffd22517.jpg,,,,,,
m4-071-final-v1,B,1496,028a1284d807dd1c895f,SODA-A,images/028a1284d807dd1c895f.jpg,,,,,,
m4-071-final-v1,B,1497,68d81aec3b6698b68bcd,DIOR-R,images/68d81aec3b6698b68bcd.jpg,,,,,,
m4-071-final-v1,B,1498,44063e72c0f7c25942cc,DIOR-R,images/44063e72c0f7c25942cc.jpg,,,,,,
m4-071-final-v1,B,1499,e8d38e84461defa14854,SODA-A,images/e8d38e84461defa14854.jpg,,,,,,
m4-071-final-v1,B,1500,1e5cadc430302fdb4a36,SODA-A,images/1e5cadc430302fdb4a36.jpg,,,,,,
