assignment_version,annotator_slot,task_order,task_id,dataset,crop_relpath,long_side_angle_deg_le90,ambiguous,skip,notes,annotator_id,annotation_timestamp_utc
m4-071-final-v1,B,1,bdbd09efc73e0ccb0458,FAIR1M-v1.0,images/bdbd09efc73e0ccb0458.jpg,,,,,,
m4-071-final-v1,B,2,6933b33d8c508e03e361,SODA-A,images/6933b33d8c508e03e361.jpg,,,,,,
m4-071-final-v1,B,3,275d63212d4482386aa6,SODA-A,images/275d63212d4482386aa6.jpg,,,,,,
m4-071-final-v1,B,4,d30d3c6792de16df0f75,DIOR-R,images/d30d3c6792de16df0f75.jpg,,,,,,
m4-071-final-v1,B,5,bfb66b27817b6c24e969,SODA-A,images/bfb66b27817b6c24e969.jpg,,,,,,
m4-071-final-v1,B,6,df10057cf44b0c438845,SODA-A,images/df10057cf44b0c438845.jpg,,,,,,
m4-071-final-v1,B,7,3176950744a202c6f1ed,DIOR-R,images/3176950744a202c6f1ed.jpg,,,,,,
m4-071-final-v1,B,8,2c680fc96ee0a9a9d7b9,DIOR-R,images/2c680fc96ee0a9a9d7b9.jpg,,,,,,
m4-071-final-v1,B,9,e71ae0cd64b5b8865c18,SODA-A,images/e71ae0cd64b5b8865c18.jpg,,,,,,
m4-071-final-v1,B,10,530ee3193a349b9b3866,SODA-A,images/530ee3193a349b9b3866.jpg,,,,,,
m4-071-final-v1,B,11,c2f8aff3bf884b363c3e,SODA-A,images/c2f8aff3bf884b363c3e.jpg,,,,,,
m4-071-final-v1,B,12,eca31de521d7efa76581,DIOR-R,images/eca31de521d7efa76581.jpg,,,,,,
m4-071-final-v1,B,13,6285182f110372b3f8de,FAIR1M-v1.0,images/6285182f110372b3f8de.jpg,,,,,,
m4-071-final-v1,B,14,ecc22dc3e257985e4ae9,FAIR1M-v1.0,images/ecc22dc3e257985e4ae9.jpg,,,,,,
m4-071-final-v1,B,15,0a8f7fd8822fb9f8dfd6,DIOR-R,images/0a8f7fd8822fb9f8dfd6.jpg,,,,,,
m4-071-final-v1,B,16,a846f5d245ce5c1361f0,FAIR1M-v1.0,images/a846f5d245ce5c1361f0.jpg,,,,,,
m4-071-final-v1,B,17,8484bd9f3fd641bc1083,SODA-A,images/8484bd9f3fd641bc1083.jpg,,,,,,
m4-071-final-v1,B,18,ed1c6bed058ea756478d,DIOR-R,images/ed1c6bed058ea756478d.jpg,,,,,,
m4-071-final-v1,B,19,f76f96c118d044e0fa70,SODA-A,images/f76f96c118d044e0fa70.jpg,,,,,,
m4-071-final-v1,B,20,27cd5dc957d35d08804c,DIOR-R,images/27cd5dc957d35d08804c.jpg,,,,,,
m4-071-final-v1,B,21,db6284e6671dafe152d7,FAIR1M-v1.0,images/db6284e6671dafe152d7.jpg,,,,,,
m4-071-final-v1,B,22,2c6c45ebbf4f2d91a71b,FAIR1M-v1.0,images/2c6c45ebbf4f2d91a71b.jpg,,,,,,
m4-071-final-v1,B,23,fed81295660aebc18baf,DIOR-R,images/fed81295660aebc18baf.jpg,,,,,,
m4-071-final-v1,B,24,eb487b37b9bcb84ab271,SODA-A,images/eb487b37b9bcb84ab271.jpg,,,,,,
m4-071-final-v1,B,25,cac5f8b4b8cac10472d9,FAIR1M-v1.0,images/cac5f8b4b8cac10472d9.jpg,,,,,,
m4-071-final-v1,B,26,552bc905df2f1188901a,SODA-A,images/552bc905df2f1188901a.jpg,,,,,,
m4-071-final-v1,B,27,2647e5e5385cf1e8a3f6,DIOR-R,images/2647e5e5385cf1e8a3f6.jpg,,,,,,
m4-071-final-v1,B,28,72ef29d3e7cc122a962d,FAIR1M-v1.0,images/72ef29d3e7cc122a962d.jpg,,,,,,
m4-071-final-v1,B,29,1f6df8920e9f673b5959,SODA-A,images/1f6df8920e9f673b5959.jpg,,,,,,
m4-071-final-v1,B,30,19a01d8ee74ac9fd64ec,FAIR1M-v1.0,images/19a01d8ee74ac9fd64ec.jpg,,,,,,
m4-071-final-v1,B,31,57d12962073e69c6da55,SODA-A,images/57d12962073e69c6da55.jpg,,,,,,
m4-071-final-v1,B,32,a1cb1581a8b8446ccb90,FAIR1M-v1.0,images/a1cb1581a8b8446ccb90.jpg,,,,,,
m4-071-final-v1,B,33,947fca5ffa7ae641d630,SODA-A,images/947fca5ffa7ae641d630.jpg,,,,,,
m4-071-final-v1,B,34,25e080a00ca7540dc727,SODA-A,images/25e080a00ca7540dc727.jpg,,,,,,
m4-071-final-v1,B,35,ba746ac11577563457c8,DIOR-R,images/ba746ac11577563457c8.jpg,,,,,,
m4-071-final-v1,B,36,7d882c68b8c731a9ea00,DIOR-R,images/7d882c68b8c731a9ea00.jpg,,,,,,
m4-071-final-v1,B,37,fd1b058d00883b845a1e,SODA-A,images/fd1b058d00883b845a1e.jpg,,,,,,
m4-071-final-v1,B,38,4d4327a112e2f2632970,DIOR-R,images/4d4327a112e2f2632970.jpg,,,,,,
m4-071-final-v1,B,39,135fcf474087b5111a3c,FAIR1M-v1.0,images/135fcf474087b5111a3c.jpg,,,,,,
m4-071-final-v1,B,40,65edec6c712390eb1997,DIOR-R,images/65edec6c712390eb1997.jpg,,,,,,
m4-071-final-v1,B,41,ad1ad5fa113c6374f98c,SODA-A,images/ad1ad5fa113c6374f98c.jpg,,,,,,
m4-071-final-v1,B,42,63b21cd174fa6849d565,FAIR1M-v1.0,images/63b21cd174fa6849d565.jpg,,,,,,
m4-071-final-v1,B,43,54cf0d4ce102047ed529,FAIR1M-v1.0,images/54cf0d4ce102047ed529.jpg,,,,,,
m4-071-final-v1,B,44,857be25e92e4e8e33467,SODA-A,images/857be25e92e4e8e33467.jpg,,,,,,
m4-071-final-v1,B,45,acfd67d7cc463584d2c6,DIOR-R,images/acfd67d7cc463584d2c6.jpg,,,,,,
m4-071-final-v1,B,46,cebddfe283391c3f0adf,SODA-A,images/cebddfe283391c3f0adf.jpg,,,,,,
m4-071-final-v1,B,47,620f724c2310b66a0847,DIOR-R,images/620f724c2310b66a0847.jpg,,,,,,
m4-071-final-v1,B,48,13898b143c959fd2fb92,SODA-A,images/13898b143c959fd2fb92.jpg,,,,,,
m4-071-final-v1,B,49,a153f2c2ff227fd811d5,SODA-A,images/a153f2c2ff227fd811d5.jpg,,,,,,
m4-071-final-v1,B,50,104a360e8ade491e5b70,FAIR1M-v1.0,images/104a360e8ade491e5b70.jpg,,,,,,
m4-071-final-v1,B,51,7a85e56ac60c0a20330c,SODA-A,images/7a85e56ac60c0a20330c.jpg,,,,,,
m4-071-final-v1,B,52,ce8c55416c196809b496,FAIR1M-v1.0,images/ce8c55416c196809b496.jpg,,,,,,
m4-071-final-v1,B,53,50e6e9859417e8b88bec,FAIR1M-v1.0,images/50e6e9859417e8b88bec.jpg,,,,,,
m4-071-final-v1,B,54,6203b804956d843c4525,FAIR1M-v1.0,images/6203b804956d843c4525.jpg,,,,,,
m4-071-final-v1,B,55,869af332204332d6be27,SODA-A,images/869af332204332d6be27.jpg,,,,,,
m4-071-final-v1,B,56,5d41aeda77bd58362a27,SODA-A,images/5d41aeda77bd58362a27.jpg,,,,,,
m4-071-final-v1,B,57,c9677f48fa0de6905836,DIOR-R,images/c9677f48fa0de6905836.jpg,,,,,,
m4-071-final-v1,B,58,067f120250e7492cc7ea,DIOR-R,images/067f120250e7492cc7ea.jpg,,,,,,
m4-071-final-v1,B,59,e9d6e3ae6c4c45bb7438,FAIR1M-v1.0,images/e9d6e3ae6c4c45bb7438.jpg,,,,,,
m4-071-final-v1,B,60,b6c5d7cb8a89cb9d8b17,SODA-A,images/b6c5d7cb8a89cb9d8b17.jpg,,,,,,
m4-071-final-v1,B,61,78335248dc2f032f736e,DIOR-R,images/78335248dc2f032f736e.jpg,,,,,,
m4-071-final-v1,B,62,df96449285ddd5d4b4af,FAIR1M-v1.0,images/df96449285ddd5d4b4af.jpg,,,,,,
m4-071-final-v1,B,63,a9fea23f69f0f9090a57,SODA-A,images/a9fea23f69f0f9090a57.jpg,,,,,,
m4-071-final-v1,B,64,189693600b1ea5d915bd,DIOR-R,images/189693600b1ea5d915bd.jpg,,,,,,
m4-071-final-v1,B,65,ad0eb61caf7d10568bd6,DIOR-R,images/ad0eb61caf7d10568bd6.jpg,,,,,,
m4-071-final-v1,B,66,87c1b41402b59fd68eda,FAIR1M-v1.0,images/87c1b41402b59fd68eda.jpg,,,,,,
m4-071-final-v1,B,67,1c9cf0be99e3b8e319c8,FAIR1M-v1.0,images/1c9cf0be99e3b8e319c8.jpg,,,,,,
m4-071-final-v1,B,68,e7dd1b585d6805b2c6e0,SODA-A,images/e7dd1b585d6805b2c6e0.jpg,,,,,,
m4-071-final-v1,B,69,309993347a538a7bf365,DIOR-R,images/309993347a538a7bf365.jpg,,,,,,
m4-071-final-v1,B,70,d538290a1f045329db87,SODA-A,images/d538290a1f045329db87.jpg,,,,,,
m4-071-final-v1,B,71,425a28d9bc75c57ae9b2,SODA-A,images/425a28d9bc75c57ae9b2.jpg,,,,,,
m4-071-final-v1,B,72,93fb27573e01ac17a2a8,FAIR1M-v1.0,images/93fb27573e01ac17a2a8.jpg,,,,,,
m4-071-final-v1,B,73,c60e8828b05131f6eab3,DIOR-R,images/c60e8828b05131f6eab3.jpg,,,,,,
m4-071-final-v1,B,74,146f8f60f0d7bb20c3cc,SODA-A,images/146f8f60f0d7bb20c3cc.jpg,,,,,,
m4-071-final-v1,B,75,2c77c38bf5302466508d,FAIR1M-v1.0,images/2c77c38bf5302466508d.jpg,,,,,,
m4-071-final-v1,B,76,b08b7615f1e2f47c3622,SODA-A,images/b08b7615f1e2f47c3622.jpg,,,,,,
m4-071-final-v1,B,77,87a04c044eb9d26b74f2,FAIR1M-v1.0,images/87a04c044eb9d26b74f2.jpg,,,,,,
m4-071-final-v1,B,78,98389b681444a9f37072,FAIR1M-v1.0,images/98389b681444a9f37072.jpg,,,,,,
m4-071-final-v1,B,79,c25027687cd9e31b23c6,SODA-A,images/c25027687cd9e31b23c6.jpg,,,,,,
m4-071-final-v1,B,80,ca94c90a395bc926ae09,FAIR1M-v1.0,images/ca94c90a395bc926ae09.jpg,,,,,,
m4-071-final-v1,B,81,31c59e27f4a2645c94ca,DIOR-R,images/31c59e27f4a2645c94ca.jpg,,,,,,
m4-071-final-v1,B,82,16c1d630921d88944b4b,FAIR1M-v1.0,images/16c1d630921d88944b4b.jpg,,,,,,
m4-071-final-v1,B,83,ace61b4a83210205edbf,FAIR1M-v1.0,images/ace61b4a83210205edbf.jpg,,,,,,
m4-071-final-v1,B,84,96060618c680634b57cf,FAIR1M-v1.0,images/96060618c680634b57cf.jpg,,,,,,
m4-071-final-v1,B,85,58cf9ba2a037bcbff0a0,SODA-A,images/58cf9ba2a037bcbff0a0.jpg,,,,,,
m4-071-final-v1,B,86,5fbd9285362ccc8bd162,SODA-A,images/5fbd9285362ccc8bd162.jpg,,,,,,
m4-071-final-v1,B,87,7f340bb0cf461ae9bfb2,DIOR-R,images/7f340bb0cf461ae9bfb2.jpg,,,,,,
m4-071-final-v1,B,88,0bbbabb841645db3894c,DIOR-R,images/0bbbabb841645db3894c.jpg,,,,,,
m4-071-final-v1,B,89,64153148622de171f227,SODA-A,images/64153148622de171f227.jpg,,,,,,
m4-071-final-v1,B,90,b251d812bb8fc58e9d2f,FAIR1M-v1.0,images/b251d812bb8fc58e9d2f.jpg,,,,,,
m4-071-final-v1,B,91,10cbe1ba8e201e6758ad,SODA-A,images/10cbe1ba8e201e6758ad.jpg,,,,,,
m4-071-final-v1,B,92,c452947e38176c26df87,DIOR-R,images/c452947e38176c26df87.jpg,,,,,,
m4-071-final-v1,B,93,e1819e20c32caf186fe7,FAIR1M-v1.0,images/e1819e20c32caf186fe7.jpg,,,,,,
m4-071-final-v1,B,94,dcba8acefa0b9f04b341,SODA-A,images/dcba8acefa0b9f04b341.jpg,,,,,,
m4-071-final-v1,B,95,472d0908aae02e7ca122,SODA-A,images/472d0908aae02e7ca122.jpg,,,,,,
m4-071-final-v1,B,96,ddb9400fc710de50d15d,SODA-A,images/ddb9400fc710de50d15d.jpg,,,,,,
m4-071-final-v1,B,97,2d9465f0b4b137706e03,DIOR-R,images/2d9465f0b4b137706e03.jpg,,,,,,
m4-071-final-v1,B,98,17a1df21a1cc3bcfd26f,DIOR-R,images/17a1df21a1cc3bcfd26f.jpg,,,,,,
m4-071-final-v1,B,99,35dd632448531cecd98c,DIOR-R,images/35dd632448531cecd98c.jpg,,,,,,
m4-071-final-v1,B,100,6eede00f406c8f7025b8,DIOR-R,images/6eede00f406c8f7025b8.jpg,,,,,,
m4-071-final-v1,B,101,7d2a8deb539f0140bbc5,SODA-A,images/7d2a8deb539f0140bbc5.jpg,,,,,,
m4-071-final-v1,B,102,326e251ba19116ad0f0d,FAIR1M-v1.0,images/326e251ba19116ad0f0d.jpg,,,,,,
m4-071-final-v1,B,103,4d73313fbe2b5e1917ad,SODA-A,images/4d73313fbe2b5e1917ad.jpg,,,,,,
m4-071-final-v1,B,104,52dcdc711f9b3b99e97c,SODA-A,images/52dcdc711f9b3b99e97c.jpg,,,,,,
m4-071-final-v1,B,105,91117b3dd9a073f0d8ec,SODA-A,images/91117b3dd9a073f0d8ec.jpg,,,,,,
m4-071-final-v1,B,106,45afc0248e384e12412a,SODA-A,images/45afc0248e384e12412a.jpg,,,,,,
m4-071-final-v1,B,107,84538b8799b2dea4ff60,SODA-A,images/84538b8799b2dea4ff60.jpg,,,,,,
m4-071-final-v1,B,108,96827fe70006684b13fb,SODA-A,images/96827fe70006684b13fb.jpg,,,,,,
m4-071-final-v1,B,109,3391f3d5bae589d772a6,DIOR-R,images/3391f3d5bae589d772a6.jpg,,,,,,
m4-071-final-v1,B,110,d8ae8565f264cf64d61b,FAIR1M-v1.0,images/d8ae8565f264cf64d61b.jpg,,,,,,
m4-071-final-v1,B,111,bd2cb1f8982e8fe3e2f3,FAIR1M-v1.0,images/bd2cb1f8982e8fe3e2f3.jpg,,,,,,
m4-071-final-v1,B,112,0a6bbe417dfd018ecae1,SODA-A,images/0a6bbe417dfd018ecae1.jpg,,,,,,
m4-071-final-v1,B,113,f46419725561a306406b,FAIR1M-v1.0,images/f46419725561a306406b.jpg,,,,,,
m4-071-final-v1,B,114,c90cc5f909d262b419a1,DIOR-R,images/c90cc5f909d262b419a1.jpg,,,,,,
m4-071-final-v1,B,115,b00608f729416d2bdc2f,DIOR-R,images/b00608f729416d2bdc2f.jpg,,,,,,
m4-071-final-v1,B,116,5ec26c99e615a98aaddc,FAIR1M-v1.0,images/5ec26c99e615a98aaddc.jpg,,,,,,
m4-071-final-v1,B,117,21fcb7c038071b804f16,DIOR-R,images/21fcb7c038071b804f16.jpg,,,,,,
m4-071-final-v1,B,118,e8d38e84461defa14854,SODA-A,images/e8d38e84461defa14854.jpg,,,,,,
m4-071-final-v1,B,119,f9a1b83158ea2c199f40,SODA-A,images/f9a1b83158ea2c199f40.jpg,,,,,,
m4-071-final-v1,B,120,68d81aec3b6698b68bcd,DIOR-R,images/68d81aec3b6698b68bcd.jpg,,,,,,
m4-071-final-v1,B,121,99c293cbf450b7674f0b,FAIR1M-v1.0,images/99c293cbf450b7674f0b.jpg,,,,,,
m4-071-final-v1,B,122,ccf8fe3468e6267ce88b,DIOR-R,images/ccf8fe3468e6267ce88b.jpg,,,,,,
m4-071-final-v1,B,123,467258b188fca842874f,DIOR-R,images/467258b188fca842874f.jpg,,,,,,
m4-071-final-v1,B,124,a1e0d651af8d1e2bb2d6,SODA-A,images/a1e0d651af8d1e2bb2d6.jpg,,,,,,
m4-071-final-v1,B,125,8b6557554ceb42a5d533,SODA-A,images/8b6557554ceb42a5d533.jpg,,,,,,
m4-071-final-v1,B,126,bcda155f1eec09a8e167,DIOR-R,images/bcda155f1eec09a8e167.jpg,,,,,,
m4-071-final-v1,B,127,00b80cb6c0903d5423d1,DIOR-R,images/00b80cb6c0903d5423d1.jpg,,,,,,
m4-071-final-v1,B,128,7227f0c340772250e8b2,FAIR1M-v1.0,images/7227f0c340772250e8b2.jpg,,,,,,
m4-071-final-v1,B,129,0884e56841f1f8f440f6,DIOR-R,images/0884e56841f1f8f440f6.jpg,,,,,,
m4-071-final-v1,B,130,4d110892707027b69a0e,SODA-A,images/4d110892707027b69a0e.jpg,,,,,,
m4-071-final-v1,B,131,78b5decd3f12d6ed2f9f,FAIR1M-v1.0,images/78b5decd3f12d6ed2f9f.jpg,,,,,,
m4-071-final-v1,B,132,8dc552b4e1c26dea0eac,SODA-A,images/8dc552b4e1c26dea0eac.jpg,,,,,,
m4-071-final-v1,B,133,73a53239f32197016e84,DIOR-R,images/73a53239f32197016e84.jpg,,,,,,
m4-071-final-v1,B,134,bc692bcd071a43d39846,DIOR-R,images/bc692bcd071a43d39846.jpg,,,,,,
m4-071-final-v1,B,135,4306c7670fcefb5b33ed,DIOR-R,images/4306c7670fcefb5b33ed.jpg,,,,,,
m4-071-final-v1,B,136,0f40cb63d2558b8e2873,SODA-A,images/0f40cb63d2558b8e2873.jpg,,,,,,
m4-071-final-v1,B,137,1054ebde90c93ffd83f6,FAIR1M-v1.0,images/1054ebde90c93ffd83f6.jpg,,,,,,
m4-071-final-v1,B,138,05970bbb8b7102c96a17,DIOR-R,images/05970bbb8b7102c96a17.jpg,,,,,,
m4-071-final-v1,B,139,4d70a13c88343b996e73,SODA-A,images/4d70a13c88343b996e73.jpg,,,,,,
m4-071-final-v1,B,140,47dfc8f9893cda5ee4de,SODA-A,images/47dfc8f9893cda5ee4de.jpg,,,,,,
m4-071-final-v1,B,141,d12619c6aee0aa95bff0,FAIR1M-v1.0,images/d12619c6aee0aa95bff0.jpg,,,,,,
m4-071-final-v1,B,142,d9a53dfb82605baf7c41,SODA-A,images/d9a53dfb82605baf7c41.jpg,,,,,,
m4-071-final-v1,B,143,5459d4f833f218e6b571,SODA-A,images/5459d4f833f218e6b571.jpg,,,,,,
m4-071-final-v1,B,144,bddbeb15484822b46321,SODA-A,images/bddbeb15484822b46321.jpg,,,,,,
m4-071-final-v1,B,145,566c4fde5320b7bb34d5,FAIR1M-v1.0,images/566c4fde5320b7bb34d5.jpg,,,,,,
m4-071-final-v1,B,146,ca06f258e812e9201150,FAIR1M-v1.0,images/ca06f258e812e9201150.jpg,,,,,,
m4-071-final-v1,B,147,350bc12bb99507e2d417,DIOR-R,images/350bc12bb99507e2d417.jpg,,,,,,
m4-071-final-v1,B,148,671b551c47c5960d22df,SODA-A,images/671b551c47c5960d22df.jpg,,,,,,
m4-071-final-v1,B,149,331781f25bddbac864e2,DIOR-R,images/331781f25bddbac864e2.jpg,,,,,,
m4-071-final-v1,B,150,6f5cf7d8d17be096d16a,FAIR1M-v1.0,images/6f5cf7d8d17be096d16a.jpg,,,,,,
m4-071-final-v1,B,151,24b83d2c7bef5d24e626,SODA-A,images/24b83d2c7bef5d24e626.jpg,,,,,,
m4-071-final-v1,B,152,0ef939809d551fb6d195,SODA-A,images/0ef939809d551fb6d195.jpg,,,,,,
m4-071-final-v1,B,153,3534e52d38455c485912,FAIR1M-v1.0,images/3534e52d38455c485912.jpg,,,,,,
m4-071-final-v1,B,154,09585a1f260d980a1be9,FAIR1M-v1.0,images/09585a1f260d980a1be9.jpg,,,,,,
m4-071-final-v1,B,155,a0898c029cdfac758689,FAIR1M-v1.0,images/a0898c029cdfac758689.jpg,,,,,,
m4-071-final-v1,B,156,bd4984f561bb7985f7f1,SODA-A,images/bd4984f561bb7985f7f1.jpg,,,,,,
m4-071-final-v1,B,157,f1633f8e9bf2c4fac76b,FAIR1M-v1.0,images/f1633f8e9bf2c4fac76b.jpg,,,,,,
m4-071-final-v1,B,158,e69e6d0e0fcccf4903c3,FAIR1M-v1.0,images/e69e6d0e0fcccf4903c3.jpg,,,,,,
m4-071-final-v1,B,159,905742a45cac50764aa5,DIOR-R,images/905742a45cac50764aa5.jpg,,,,,,
m4-071-final-v1,B,160,052636223a2bdbf3571a,SODA-A,images/052636223a2bdbf3571a.jpg,,,,,,
m4-071-final-v1,B,161,061a792bd2b83f45930a,DIOR-R,images/061a792bd2b83f45930a.jpg,,,,,,
m4-071-final-v1,B,162,d8343497e35ff9ecb789,DIOR-R,images/d8343497e35ff9ecb789.jpg,,,,,,
m4-071-final-v1,B,163,985dbf30c8454155c113,FAIR1M-v1.0,images/985dbf30c8454155c113.jpg,,,,,,
m4-071-final-v1,B,164,e9ac66ead3895e6bedb2,SODA-A,images/e9ac66ead3895e6bedb2.jpg,,,,,,
m4-071-final-v1,B,165,62bb554cca06b40c2148,FAIR1M-v1.0,images/62bb554cca06b40c2148.jpg,,,,,,
m4-071-final-v1,B,166,72891fe9b223337e47fb,FAIR1M-v1.0,images/72891fe9b223337e47fb.jpg,,,,,,
m4-071-final-v1,B,167,f5a15231a723e16afb2d,FAIR1M-v1.0,images/f5a15231a723e16afb2d.jpg,,,,,,
m4-071-final-v1,B,168,6e9d3b83605fcde34509,FAIR1M-v1.0,images/6e9d3b83605fcde34509.jpg,,,,,,
m4-071-final-v1,B,169,25351c7aa3512ab0e11a,SODA-A,images/25351c7aa3512ab0e11a.jpg,,,,,,
m4-071-final-v1,B,170,1850a0bf7e34087b4c1b,FAIR1M-v1.0,images/1850a0bf7e34087b4c1b.jpg,,,,,,
m4-071-final-v1,B,171,154bbd17df044a549548,DIOR-R,images/154bbd17df044a549548.jpg,,,,,,
m4-071-final-v1,B,172,f7f838c5e5373a8e3f02,SODA-A,images/f7f838c5e5373a8e3f02.jpg,,,,,,
m4-071-final-v1,B,173,52bf49000e1245e6a9a6,DIOR-R,images/52bf49000e1245e6a9a6.jpg,,,,,,
m4-071-final-v1,B,174,228dafd800310a98cb73,SODA-A,images/228dafd800310a98cb73.jpg,,,,,,
m4-071-final-v1,B,175,662bdf6fb8dc9a338fd0,SODA-A,images/662bdf6fb8dc9a338fd0.jpg,,,,,,
m4-071-final-v1,B,176,1cd03d650a2645fce300,FAIR1M-v1.0,images/1cd03d650a2645fce300.jpg,,,,,,
m4-071-final-v1,B,177,80b369a075167088f19d,SODA-A,images/80b369a075167088f19d.jpg,,,,,,
m4-071-final-v1,B,178,f068c8a038bf69432cbc,FAIR1M-v1.0,images/f068c8a038bf69432cbc.jpg,,,,,,
m4-071-final-v1,B,179,b23f3df9c5832a8d5d46,FAIR1M-v1.0,images/b23f3df9c5832a8d5d46.jpg,,,,,,
m4-071-final-v1,B,180,b1f86eb4b26045730906,DIOR-R,images/b1f86eb4b26045730906.jpg,,,,,,
m4-071-final-v1,B,181,eab5924e7d7ff12a09af,FAIR1M-v1.0,images/eab5924e7d7ff12a09af.jpg,,,,,,
m4-071-final-v1,B,182,44063e72c0f7c25942cc,DIOR-R,images/44063e72c0f7c25942cc.jpg,,,,,,
m4-071-final-v1,B,183,91c86ccca0f7f08a6a50,DIOR-R,images/91c86ccca0f7f08a6a50.jpg,,,,,,
m4-071-final-v1,B,184,77c741d002276ed55e13,DIOR-R,images/77c741d002276ed55e13.jpg,,,,,,
m4-071-final-v1,B,185,fc08b1a8d391fc9592ec,SODA-A,images/fc08b1a8d391fc9592ec.jpg,,,,,,
m4-071-final-v1,B,186,b5022fa68573aa9c45b6,SODA-A,images/b5022fa68573aa9c45b6.jpg,,,,,,
m4-071-final-v1,B,187,cdc1ff1a3e58a56fa521,SODA-A,images/cdc1ff1a3e58a56fa521.jpg,,,,,,
m4-071-final-v1,B,188,29b3e707dc3b7523c84a,SODA-A,images/29b3e707dc3b7523c84a.jpg,,,,,,
m4-071-final-v1,B,189,eb3141e986c7a246fdd9,FAIR1M-v1.0,images/eb3141e986c7a246fdd9.jpg,,,,,,
m4-071-final-v1,B,190,e1e36759cdfd9583ef4d,FAIR1M-v1.0,images/e1e36759cdfd9583ef4d.jpg,,,,,,
m4-071-final-v1,B,191,3ec66a65a7d3e6254b04,SODA-A,images/3ec66a65a7d3e6254b04.jpg,,,,,,
m4-071-final-v1,B,192,f7b585f034740ec77e74,FAIR1M-v1.0,images/f7b585f034740ec77e74.jpg,,,,,,
m4-071-final-v1,B,193,376d45870aceb4ae595d,DIOR-R,images/376d45870aceb4ae595d.jpg,,,,,,
m4-071-final-v1,B,194,0589916bda1f21e87487,SODA-A,images/0589916bda1f21e87487.jpg,,,,,,
m4-071-final-v1,B,195,226e8b141b93e754c009,FAIR1M-v1.0,images/226e8b141b93e754c009.jpg,,,,,,
m4-071-final-v1,B,196,711559321b7d5c867394,DIOR-R,images/711559321b7d5c867394.jpg,,,,,,
m4-071-final-v1,B,197,a195dca8f3967dbfd5b5,FAIR1M-v1.0,images/a195dca8f3967dbfd5b5.jpg,,,,,,
m4-071-final-v1,B,198,6bef854e77ecb1cdbe3b,DIOR-R,images/6bef854e77ecb1cdbe3b.jpg,,,,,,
m4-071-final-v1,B,199,e520e01a6fe0b8b0a5c4,FAIR1M-v1.0,images/e520e01a6fe0b8b0a5c4.jpg,,,,,,
m4-071-final-v1,B,200,57b77ccc9ec44fbe29e6,DIOR-R,images/57b77ccc9ec44fbe29e6.jpg,,,,,,
m4-071-final-v1,B,201,1993d6b38a26b2367ec3,SODA-A,images/1993d6b38a26b2367ec3.jpg,,,,,,
m4-071-final-v1,B,202,eed3e389e17e0c72774c,FAIR1M-v1.0,images/eed3e389e17e0c72774c.jpg,,,,,,
m4-071-final-v1,B,203,36d360f766d06c244e8e,FAIR1M-v1.0,images/36d360f766d06c244e8e.jpg,,,,,,
m4-071-final-v1,B,204,6b3136ca1006c0885b7a,SODA-A,images/6b3136ca1006c0885b7a.jpg,,,,,,
m4-071-final-v1,B,205,3e28b3fae56b3752ef30,FAIR1M-v1.0,images/3e28b3fae56b3752ef30.jpg,,,,,,
m4-071-final-v1,B,206,e18f4abe91b77ad51120,DIOR-R,images/e18f4abe91b77ad51120.jpg,,,,,,
m4-071-final-v1,B,207,4e537d53dada1351c021,SODA-A,images/4e537d53dada1351c021.jpg,,,,,,
m4-071-final-v1,B,208,4650eca2f2b99e3446c6,SODA-A,images/4650eca2f2b99e3446c6.jpg,,,,,,
m4-071-final-v1,B,209,7899f21ab7e7504132cf,SODA-A,images/7899f21ab7e7504132cf.jpg,,,,,,
m4-071-final-v1,B,210,bf8ccb6d9770d510acbb,FAIR1M-v1.0,images/bf8ccb6d9770d510acbb.jpg,,,,,,
m4-071-final-v1,B,211,2d6c470446fa42190618,SODA-A,images/2d6c470446fa42190618.jpg,,,,,,
m4-071-final-v1,B,212,b2f8aec9e96565d8793a,SODA-A,images/b2f8aec9e96565d8793a.jpg,,,,,,
m4-071-final-v1,B,213,ee45ecf2da83b010e47a,FAIR1M-v1.0,images/ee45ecf2da83b010e47a.jpg,,,,,,
m4-071-final-v1,B,214,ff485c4c5884588087b3,SODA-A,images/ff485c4c5884588087b3.jpg,,,,,,
m4-071-final-v1,B,215,c8267acdbf2eb24a158e,SODA-A,images/c8267acdbf2eb24a158e.jpg,,,,,,
m4-071-final-v1,B,216,62bd9586e67eea0e325c,DIOR-R,images/62bd9586e67eea0e325c.jpg,,,,,,
m4-071-final-v1,B,217,62e3a66f1ed75d72195b,DIOR-R,images/62e3a66f1ed75d72195b.jpg,,,,,,
m4-071-final-v1,B,218,d56dfcc0e7b8a0168f67,SODA-A,images/d56dfcc0e7b8a0168f67.jpg,,,,,,
m4-071-final-v1,B,219,bd21269a2c694f747127,SODA-A,images/bd21269a2c694f747127.jpg,,,,,,
m4-071-final-v1,B,220,2e9e7ae6422d1dacde62,SODA-A,images/2e9e7ae6422d1dacde62.jpg,,,,,,
m4-071-final-v1,B,221,cc8e2e50c90ba6c66f44,FAIR1M-v1.0,images/cc8e2e50c90ba6c66f44.jpg,,,,,,
m4-071-final-v1,B,222,83e3022d3bf92190d4c5,FAIR1M-v1.0,images/83e3022d3bf92190d4c5.jpg,,,,,,
m4-071-final-v1,B,223,78288fd126e2425ebc6b,SODA-A,images/78288fd126e2425ebc6b.jpg,,,,,,
m4-071-final-v1,B,224,cc0f00ffee072ce68f6e,FAIR1M-v1.0,images/cc0f00ffee072ce68f6e.jpg,,,,,,
m4-071-final-v1,B,225,fe96727e65c6f919db83,FAIR1M-v1.0,images/fe96727e65c6f919db83.jpg,,,,,,
m4-071-final-v1,B,226,6a4016045c48fc7a0f55,SODA-A,images/6a4016045c48fc7a0f55.jpg,,,,,,
m4-071-final-v1,B,227,05fbbcd27f8dda7ca0d3,SODA-A,images/05fbbcd27f8dda7ca0d3.jpg,,,,,,
m4-071-final-v1,B,228,b654ec6d6b18f470413d,FAIR1M-v1.0,images/b654ec6d6b18f470413d.jpg,,,,,,
m4-071-final-v1,B,229,4c6b7ad03d34d4a55d69,SODA-A,images/4c6b7ad03d34d4a55d69.jpg,,,,,,
m4-071-final-v1,B,230,4fcd42c365a17336d16a,SODA-A,images/4fcd42c365a17336d16a.jpg,,,,,,
m4-071-final-v1,B,231,01da6d0696d45241a11f,FAIR1M-v1.0,images/01da6d0696d45241a11f.jpg,,,,,,
m4-071-final-v1,B,232,0267ab43eb42241d5d89,FAIR1M-v1.0,images/0267ab43eb42241d5d89.jpg,,,,,,
m4-071-final-v1,B,233,5a84e7d4fc1cf49835e3,DIOR-R,images/5a84e7d4fc1cf49835e3.jpg,,,,,,
m4-071-final-v1,B,234,e995a2f14705d91d7508,SODA-A,images/e995a2f14705d91d7508.jpg,,,,,,
m4-071-final-v1,B,235,22de0657a55b69cf9ff1,SODA-A,images/22de0657a55b69cf9ff1.jpg,,,,,,
m4-071-final-v1,B,236,774a343c17a7ed1a7a33,FAIR1M-v1.0,images/774a343c17a7ed1a7a33.jpg,,,,,,
m4-071-final-v1,B,237,6369e60ba988e4b1e504,DIOR-R,images/6369e60ba988e4b1e504.jpg,,,,,,
m4-071-final-v1,B,238,c97e9761f0f3e688c5e7,SODA-A,images/c97e9761f0f3e688c5e7.jpg,,,,,,
m4-071-final-v1,B,239,dbe1af055b6d63a298f1,FAIR1M-v1.0,images/dbe1af055b6d63a298f1.jpg,,,,,,
m4-071-final-v1,B,240,d922d181be29f9d32962,DIOR-R,images/d922d181be29f9d32962.jpg,,,,,,
m4-071-final-v1,B,241,eecc43d232c52fa503aa,SODA-A,images/eecc43d232c52fa503aa.jpg,,,,,,
m4-071-final-v1,B,242,92fdc8aae7238746cfbd,DIOR-R,images/92fdc8aae7238746cfbd.jpg,,,,,,
m4-071-final-v1,B,243,bf34fd270f6b07c921b2,DIOR-R,images/bf34fd270f6b07c921b2.jpg,,,,,,
m4-071-final-v1,B,244,49d5d1ae5fb5640c308b,DIOR-R,images/49d5d1ae5fb5640c308b.jpg,,,,,,
m4-071-final-v1,B,245,9caae9fb85f497665795,FAIR1M-v1.0,images/9caae9fb85f497665795.jpg,,,,,,
m4-071-final-v1,B,246,aa9157197a6e3a013c30,SODA-A,images/aa9157197a6e3a013c30.jpg,,,,,,
m4-071-final-v1,B,247,9fdf3671718fec725ffa,DIOR-R,images/9fdf3671718fec725ffa.jpg,,,,,,
m4-071-final-v1,B,248,c4e38c5715774943c6b1,FAIR1M-v1.0,images/c4e38c5715774943c6b1.jpg,,,,,,
m4-071-final-v1,B,249,843c0a974a058fa1f407,SODA-A,images/843c0a974a058fa1f407.jpg,,,,,,
m4-071-final-v1,B,250,16e8bc725062e74bc31f,DIOR-R,images/16e8bc725062e74bc31f.jpg,,,,,,
m4-071-final-v1,B,251,ffb8cab4aa19f877c292,FAIR1M-v1.0,images/ffb8cab4aa19f877c292.jpg,,,,,,
m4-071-final-v1,B,252,76c537c110f4fef7e746,DIOR-R,images/76c537c110f4fef7e746.jpg,,,,,,
m4-071-final-v1,B,253,a32897c1ba1a58f59205,FAIR1M-v1.0,images/a32897c1ba1a58f59205.jpg,,,,,,
m4-071-final-v1,B,254,1ee476661b315c57aa92,SODA-A,images/1ee476661b315c57aa92.jpg,,,,,,
m4-071-final-v1,B,255,1a31af4157b5ba64b15f,FAIR1M-v1.0,images/1a31af4157b5ba64b15f.jpg,,,,,,
m4-071-final-v1,B,256,1e50f5b28f5dafa761eb,FAIR1M-v1.0,images/1e50f5b28f5dafa761eb.jpg,,,,,,
m4-071-final-v1,B,257,4cdfb0c1825da56a52bf,SODA-A,images/4cdfb0c1825da56a52bf.jpg,,,,,,
m4-071-final-v1,B,258,ef83268da07f9e89f1af,SODA-A,images/ef83268da07f9e89f1af.jpg,,,,,,
m4-071-final-v1,B,259,0970c10f62c4f144707d,SODA-A,images/0970c10f62c4f144707d.jpg,,,,,,
m4-071-final-v1,B,260,2e2541b2d2d0b87b1d9a,DIOR-R,images/2e2541b2d2d0b87b1d9a.jpg,,,,,,
m4-071-final-v1,B,261,ee637f5d98de38b19c58,FAIR1M-v1.0,images/ee637f5d98de38b19c58.jpg,,,,,,
m4-071-final-v1,B,262,64e143aa519489a98353,DIOR-R,images/64e143aa519489a98353.jpg,,,,,,
m4-071-final-v1,B,263,1b36545a16d37dc0bc87,FAIR1M-v1.0,images/1b36545a16d37dc0bc87.jpg,,,,,,
m4-071-final-v1,B,264,30b3b9ae529b1e218728,SODA-A,images/30b3b9ae529b1e218728.jpg,,,,,,
m4-071-final-v1,B,265,d4e5f577ccfc7fd32aca,DIOR-R,images/d4e5f577ccfc7fd32aca.jpg,,,,,,
m4-071-final-v1,B,266,7e703221a360592dfbb3,SODA-A,images/7e703221a360592dfbb3.jpg,,,,,,
m4-071-final-v1,B,267,0c13542243fca1ee6315,DIOR-R,images/0c13542243fca1ee6315.jpg,,,,,,
m4-071-final-v1,B,268,d723b3a895a504b6c5ce,DIOR-R,images/d723b3a895a504b6c5ce.jpg,,,,,,
m4-071-final-v1,B,269,aa2558740eba9f9b2a79,FAIR1M-v1.0,images/aa2558740eba9f9b2a79.jpg,,,,,,
m4-071-final-v1,B,270,49e334628d5463cb7b47,FAIR1M-v1.0,images/49e334628d5463cb7b47.jpg,,,,,,
m4-071-final-v1,B,271,9389596756bb6147d1d6,SODA-A,images/9389596756bb6147d1d6.jpg,,,,,,
m4-071-final-v1,B,272,1d51cdbcc1b0ba344225,FAIR1M-v1.0,images/1d51cdbcc1b0ba344225.jpg,,,,,,
m4-071-final-v1,B,273,a38e13a3084307be52fb,FAIR1M-v1.0,images/a38e13a3084307be52fb.jpg,,,,,,
m4-071-final-v1,B,274,11c23fc2f26d6fc9ebb3,SODA-A,images/11c23fc2f26d6fc9ebb3.jpg,,,,,,
m4-071-final-v1,B,275,927b596f64e7706ef0ec,SODA-A,images/927b596f64e7706ef0ec.jpg,,,,,,
m4-071-final-v1,B,276,5e219213365fc7d267e5,DIOR-R,images/5e219213365fc7d267e5.jpg,,,,,,
m4-071-final-v1,B,277,277844a17120af4ea443,FAIR1M-v1.0,images/277844a17120af4ea443.jpg,,,,,,
m4-071-final-v1,B,278,9f66709469940e69a1b3,SODA-A,images/9f66709469940e69a1b3.jpg,,,,,,
m4-071-final-v1,B,279,0cc80965f0161b68ff0f,DIOR-R,images/0cc80965f0161b68ff0f.jpg,,,,,,
m4-071-final-v1,B,280,0051debe514e7f3bec03,SODA-A,images/0051debe514e7f3bec03.jpg,,,,,,
m4-071-final-v1,B,281,d7a1a5e641a5cbcf27f5,DIOR-R,images/d7a1a5e641a5cbcf27f5.jpg,,,,,,
m4-071-final-v1,B,282,d6f0e69a968f2ef063f8,DIOR-R,images/d6f0e69a968f2ef063f8.jpg,,,,,,
m4-071-final-v1,B,283,f749d9219ea3091afdf8,SODA-A,images/f749d9219ea3091afdf8.jpg,,,,,,
m4-071-final-v1,B,284,e862cca5af4e9c4a668d,SODA-A,images/e862cca5af4e9c4a668d.jpg,,,,,,
m4-071-final-v1,B,285,59750886e2de5a1b7af4,DIOR-R,images/59750886e2de5a1b7af4.jpg,,,,,,
m4-071-final-v1,B,286,91a11909c719017d4d2a,SODA-A,images/91a11909c719017d4d2a.jpg,,,,,,
m4-071-final-v1,B,287,9a52dbc0285048d50d81,DIOR-R,images/9a52dbc0285048d50d81.jpg,,,,,,
m4-071-final-v1,B,288,0ebdd193f4a73ad0e860,SODA-A,images/0ebdd193f4a73ad0e860.jpg,,,,,,
m4-071-final-v1,B,289,6e30f2840e064335d913,DIOR-R,images/6e30f2840e064335d913.jpg,,,,,,
m4-071-final-v1,B,290,eb5ad7e6f2e99282e62d,DIOR-R,images/eb5ad7e6f2e99282e62d.jpg,,,,,,
m4-071-final-v1,B,291,d5fdddedb8e4189a69a8,DIOR-R,images/d5fdddedb8e4189a69a8.jpg,,,,,,
m4-071-final-v1,B,292,c11a9314f6fac8a76870,DIOR-R,images/c11a9314f6fac8a76870.jpg,,,,,,
m4-071-final-v1,B,293,0053354e781989fe9ab3,SODA-A,images/0053354e781989fe9ab3.jpg,,,,,,
m4-071-final-v1,B,294,bad7ac84996aef5d1db8,FAIR1M-v1.0,images/bad7ac84996aef5d1db8.jpg,,,,,,
m4-071-final-v1,B,295,18d6c0b5c17a6d1ddfa4,DIOR-R,images/18d6c0b5c17a6d1ddfa4.jpg,,,,,,
m4-071-final-v1,B,296,e1bae5037f4459ae711a,SODA-A,images/e1bae5037f4459ae711a.jpg,,,,,,
m4-071-final-v1,B,297,64976eb1ed2b544e46c1,DIOR-R,images/64976eb1ed2b544e46c1.jpg,,,,,,
m4-071-final-v1,B,298,04e126fb643c24154640,DIOR-R,images/04e126fb643c24154640.jpg,,,,,,
m4-071-final-v1,B,299,c413a05117e2d0cf2b20,DIOR-R,images/c413a05117e2d0cf2b20.jpg,,,,,,
m4-071-final-v1,B,300,c33f86cc4264120f1d8e,DIOR-R,images/c33f86cc4264120f1d8e.jpg,,,,,,
m4-071-final-v1,B,301,0ac5bc55aa0dab11bee5,FAIR1M-v1.0,images/0ac5bc55aa0dab11bee5.jpg,,,,,,
m4-071-final-v1,B,302,f10499416580dc64dae9,DIOR-R,images/f10499416580dc64dae9.jpg,,,,,,
m4-071-final-v1,B,303,b8be2319c17f2d5823c2,DIOR-R,images/b8be2319c17f2d5823c2.jpg,,,,,,
m4-071-final-v1,B,304,35594771997b53dc0b58,DIOR-R,images/35594771997b53dc0b58.jpg,,,,,,
m4-071-final-v1,B,305,1b994b78b666e1a05730,FAIR1M-v1.0,images/1b994b78b666e1a05730.jpg,,,,,,
m4-071-final-v1,B,306,00741cbcd53a33089c08,FAIR1M-v1.0,images/00741cbcd53a33089c08.jpg,,,,,,
m4-071-final-v1,B,307,df52305a616d52e526bc,FAIR1M-v1.0,images/df52305a616d52e526bc.jpg,,,,,,
m4-071-final-v1,B,308,61ca955463e4fb3c9bf6,SODA-A,images/61ca955463e4fb3c9bf6.jpg,,,,,,
m4-071-final-v1,B,309,242a75c85f788efce5b9,DIOR-R,images/242a75c85f788efce5b9.jpg,,,,,,
m4-071-final-v1,B,310,16b2758b4be55c26af59,SODA-A,images/16b2758b4be55c26af59.jpg,,,,,,
m4-071-final-v1,B,311,11d369514255dc87f487,DIOR-R,images/11d369514255dc87f487.jpg,,,,,,
m4-071-final-v1,B,312,1dc8fc03c72076911dbd,SODA-A,images/1dc8fc03c72076911dbd.jpg,,,,,,
m4-071-final-v1,B,313,4e9aba0088bbbf488899,DIOR-R,images/4e9aba0088bbbf488899.jpg,,,,,,
m4-071-final-v1,B,314,559a5a8fd6789c476b42,DIOR-R,images/559a5a8fd6789c476b42.jpg,,,,,,
m4-071-final-v1,B,315,8deeb6f4c5a28d81761d,DIOR-R,images/8deeb6f4c5a28d81761d.jpg,,,,,,
m4-071-final-v1,B,316,2bc659f9f17a7785a3c8,DIOR-R,images/2bc659f9f17a7785a3c8.jpg,,,,,,
m4-071-final-v1,B,317,5f96637823b0f55a9aee,DIOR-R,images/5f96637823b0f55a9aee.jpg,,,,,,
m4-071-final-v1,B,318,53070a5805bd4f7ee1f3,FAIR1M-v1.0,images/53070a5805bd4f7ee1f3.jpg,,,,,,
m4-071-final-v1,B,319,2ea27d54707bce5b3917,FAIR1M-v1.0,images/2ea27d54707bce5b3917.jpg,,,,,,
m4-071-final-v1,B,320,6aae93f4ad85ee1c0309,DIOR-R,images/6aae93f4ad85ee1c0309.jpg,,,,,,
m4-071-final-v1,B,321,e9943efff1cac92bcfa7,SODA-A,images/e9943efff1cac92bcfa7.jpg,,,,,,
m4-071-final-v1,B,322,fb55d31eef18dc2ae778,SODA-A,images/fb55d31eef18dc2ae778.jpg,,,,,,
m4-071-final-v1,B,323,577064ba9d8fd555ca13,SODA-A,images/577064ba9d8fd555ca13.jpg,,,,,,
m4-071-final-v1,B,324,f8bc32971c33cb5c1d0f,SODA-A,images/f8bc32971c33cb5c1d0f.jpg,,,,,,
m4-071-final-v1,B,325,149b9c1d07a97fec2677,FAIR1M-v1.0,images/149b9c1d07a97fec2677.jpg,,,,,,
m4-071-final-v1,B,326,78768bdf3f95231049f2,FAIR1M-v1.0,images/78768bdf3f95231049f2.jpg,,,,,,
m4-071-final-v1,B,327,feb4089af5f4f016e15d,SODA-A,images/feb4089af5f4f016e15d.jpg,,,,,,
m4-071-final-v1,B,328,7b31dde83514fcba3439,FAIR1M-v1.0,images/7b31dde83514fcba3439.jpg,,,,,,
m4-071-final-v1,B,329,d5bb22905bd6a333c8c1,FAIR1M-v1.0,images/d5bb22905bd6a333c8c1.jpg,,,,,,
m4-071-final-v1,B,330,f3810a7a8dcc825a7bf5,DIOR-R,images/f3810a7a8dcc825a7bf5.jpg,,,,,,
m4-071-final-v1,B,331,b7efe023a5ff720badec,FAIR1M-v1.0,images/b7efe023a5ff720badec.jpg,,,,,,
m4-071-final-v1,B,332,28e8084dd90e05fa0c3c,FAIR1M-v1.0,images/28e8084dd90e05fa0c3c.jpg,,,,,,
m4-071-final-v1,B,333,eee95131c184d56de1ea,DIOR-R,images/eee95131c184d56de1ea.jpg,,,,,,
m4-071-final-v1,B,334,2eae1629af0fc57408a1,DIOR-R,images/2eae1629af0fc57408a1.jpg,,,,,,
m4-071-final-v1,B,335,38594c797bdea0681e0c,FAIR1M-v1.0,images/38594c797bdea0681e0c.jpg,,,,,,
m4-071-final-v1,B,336,8e7778885289da0f6645,SODA-A,images/8e7778885289da0f6645.jpg,,,,,,
m4-071-final-v1,B,337,699e2a59b493f8dedec4,SODA-A,images/699e2a59b493f8dedec4.jpg,,,,,,
m4-071-final-v1,B,338,877d6048bc682592ce96,FAIR1M-v1.0,images/877d6048bc682592ce96.jpg,,,,,,
m4-071-final-v1,B,339,bca11e6ae4f470c3f2a3,DIOR-R,images/bca11e6ae4f470c3f2a3.jpg,,,,,,
m4-071-final-v1,B,340,a180b3e68e408f8c84db,SODA-A,images/a180b3e68e408f8c84db.jpg,,,,,,
m4-071-final-v1,B,341,0beb35e6e863a95a7205,DIOR-R,images/0beb35e6e863a95a7205.jpg,,,,,,
m4-071-final-v1,B,342,10de22a7e941db2a1bca,SODA-A,images/10de22a7e941db2a1bca.jpg,,,,,,
m4-071-final-v1,B,343,1e5cadc430302fdb4a36,SODA-A,images/1e5cadc430302fdb4a36.jpg,,,,,,
m4-071-final-v1,B,344,b0cb31f41623b1dd989f,SODA-A,images/b0cb31f41623b1dd989f.jpg,,,,,,
m4-071-final-v1,B,345,4b2fe61792d6e65d77ed,DIOR-R,images/4b2fe61792d6e65d77ed.jpg,,,,,,
m4-071-final-v1,B,346,b7accaa2230cee04ded8,FAIR1M-v1.0,images/b7accaa2230cee04ded8.jpg,,,,,,
m4-071-final-v1,B,347,888179f540839f6aacf0,SODA-A,images/888179f540839f6aacf0.jpg,,,,,,
m4-071-final-v1,B,348,a6e2dcaf997c3030a3c7,FAIR1M-v1.0,images/a6e2dcaf997c3030a3c7.jpg,,,,,,
m4-071-final-v1,B,349,9b4bba35644d299998c2,DIOR-R,images/9b4bba35644d299998c2.jpg,,,,,,
m4-071-final-v1,B,350,860710c4f3fb8ace86a1,DIOR-R,images/860710c4f3fb8ace86a1.jpg,,,,,,
m4-071-final-v1,B,351,de9efa39683cb8778e85,SODA-A,images/de9efa39683cb8778e85.jpg,,,,,,
m4-071-final-v1,B,352,a9f146fa2dd0ddd30701,FAIR1M-v1.0,images/a9f146fa2dd0ddd30701.jpg,,,,,,
m4-071-final-v1,B,353,649547baee5bb0bcb01f,SODA-A,images/649547baee5bb0bcb01f.jpg,,,,,,
m4-071-final-v1,B,354,75b0f4c12ae2fb9dae5b,SODA-A,images/75b0f4c12ae2fb9dae5b.jpg,,,,,,
m4-071-final-v1,B,355,4abfb11bfc689bf0e349,DIOR-R,images/4abfb11bfc689bf0e349.jpg,,,,,,
m4-071-final-v1,B,356,5d84b5e6564f491590a3,DIOR-R,images/5d84b5e6564f491590a3.jpg,,,,,,
m4-071-final-v1,B,357,e86a7a1f8b5473cfc39d,FAIR1M-v1.0,images/e86a7a1f8b5473cfc39d.jpg,,,,,,
m4-071-final-v1,B,358,e8cc933e81861a93ad07,DIOR-R,images/e8cc933e81861a93ad07.jpg,,,,,,
m4-071-final-v1,B,359,9922e721a62094e101f5,DIOR-R,images/9922e721a62094e101f5.jpg,,,,,,
m4-071-final-v1,B,360,7298a8d4db65e46e0c5b,SODA-A,images/7298a8d4db65e46e0c5b.jpg,,,,,,
m4-071-final-v1,B,361,bd1516bc53c310d489cb,FAIR1M-v1.0,images/bd1516bc53c310d489cb.jpg,,,,,,
m4-071-final-v1,B,362,b5b2eebe302dec90decd,DIOR-R,images/b5b2eebe302dec90decd.jpg,,,,,,
m4-071-final-v1,B,363,a378d44456b2392c4479,SODA-A,images/a378d44456b2392c4479.jpg,,,,,,
m4-071-final-v1,B,364,bb44fecc57a7a5ecb86d,DIOR-R,images/bb44fecc57a7a5ecb86d.jpg,,,,,,
m4-071-final-v1,B,365,164314e7737be1ca789b,DIOR-R,images/164314e7737be1ca789b.jpg,,,,,,
m4-071-final-v1,B,366,86938e7fa0d8689fd387,SODA-A,images/86938e7fa0d8689fd387.jpg,,,,,,
m4-071-final-v1,B,367,75d1f6b821d7bfef04bf,FAIR1M-v1.0,images/75d1f6b821d7bfef04bf.jpg,,,,,,
m4-071-final-v1,B,368,5e6b4625689ffe598b01,SODA-A,images/5e6b4625689ffe598b01.jpg,,,,,,
m4-071-final-v1,B,369,1dbeda1842af3ee2a821,SODA-A,images/1dbeda1842af3ee2a821.jpg,,,,,,
m4-071-final-v1,B,370,6d83ac00d1fca140f3b0,FAIR1M-v1.0,images/6d83ac00d1fca140f3b0.jpg,,,,,,
m4-071-final-v1,B,371,bc51505a884f35553f18,SODA-A,images/bc51505a884f35553f18.jpg,,,,,,
m4-071-final-v1,B,372,52f2087f82642fc56cb4,DIOR-R,images/52f2087f82642fc56cb4.jpg,,,,,,
m4-071-final-v1,B,373,37945d8945b7639fd422,DIOR-R,images/37945d8945b7639fd422.jpg,,,,,,
m4-071-final-v1,B,374,b3111db3ff8ffda647ce,DIOR-R,images/b3111db3ff8ffda647ce.jpg,,,,,,
m4-071-final-v1,B,375,e77ee7c56e4d242197c6,DIOR-R,images/e77ee7c56e4d242197c6.jpg,,,,,,
m4-071-final-v1,B,376,6bb26410fd7e7b17728e,DIOR-R,images/6bb26410fd7e7b17728e.jpg,,,,,,
m4-071-final-v1,B,377,b9bb07bbbcd1ef2c3477,FAIR1M-v1.0,images/b9bb07bbbcd1ef2c3477.jpg,,,,,,
m4-071-final-v1,B,378,1ab82f9dbe1ac7622f67,FAIR1M-v1.0,images/1ab82f9dbe1ac7622f67.jpg,,,,,,
m4-071-final-v1,B,379,3fa5e1d5f83efa02425d,FAIR1M-v1.0,images/3fa5e1d5f83efa02425d.jpg,,,,,,
m4-071-final-v1,B,380,9895d6c7333c14c5fd66,DIOR-R,images/9895d6c7333c14c5fd66.jpg,,,,,,
m4-071-final-v1,B,381,c0e58e5f6d9ac9a98a48,SODA-A,images/c0e58e5f6d9ac9a98a48.jpg,,,,,,
m4-071-final-v1,B,382,04dd1a88260d95d82cf4,SODA-A,images/04dd1a88260d95d82cf4.jpg,,,,,,
m4-071-final-v1,B,383,858dd8d33fd3baa562c0,SODA-A,images/858dd8d33fd3baa562c0.jpg,,,,,,
m4-071-final-v1,B,384,037242dcc82cc1b3a780,DIOR-R,images/037242dcc82cc1b3a780.jpg,,,,,,
m4-071-final-v1,B,385,ea05f842241486689a86,SODA-A,images/ea05f842241486689a86.jpg,,,,,,
m4-071-final-v1,B,386,a3f1af9b50195c082015,DIOR-R,images/a3f1af9b50195c082015.jpg,,,,,,
m4-071-final-v1,B,387,801923e7903b65f291e4,FAIR1M-v1.0,images/801923e7903b65f291e4.jpg,,,,,,
m4-071-final-v1,B,388,e5601d2f9575bca26440,SODA-A,images/e5601d2f9575bca26440.jpg,,,,,,
m4-071-final-v1,B,389,7cfcc1096ae34e2c9955,DIOR-R,images/7cfcc1096ae34e2c9955.jpg,,,,,,
m4-071-final-v1,B,390,3348c0ca8d5d18769d9c,FAIR1M-v1.0,images/3348c0ca8d5d18769d9c.jpg,,,,,,
m4-071-final-v1,B,391,4f2e991aeb46b0668438,FAIR1M-v1.0,images/4f2e991aeb46b0668438.jpg,,,,,,
m4-071-final-v1,B,392,eb7209058b13484e9f67,DIOR-R,images/eb7209058b13484e9f67.jpg,,,,,,
m4-071-final-v1,B,393,efa950c104d9f92545d9,FAIR1M-v1.0,images/efa950c104d9f92545d9.jpg,,,,,,
m4-071-final-v1,B,394,fb6ab42d8520f93955b4,FAIR1M-v1.0,images/fb6ab42d8520f93955b4.jpg,,,,,,
m4-071-final-v1,B,395,2b1ed18561d5f496430d,FAIR1M-v1.0,images/2b1ed18561d5f496430d.jpg,,,,,,
m4-071-final-v1,B,396,f7413b031d094269db0d,SODA-A,images/f7413b031d094269db0d.jpg,,,,,,
m4-071-final-v1,B,397,4d8cf05a7aef0b1fd7ef,SODA-A,images/4d8cf05a7aef0b1fd7ef.jpg,,,,,,
m4-071-final-v1,B,398,52416919399add974ffd,FAIR1M-v1.0,images/52416919399add974ffd.jpg,,,,,,
m4-071-final-v1,B,399,953448938f57a3807263,DIOR-R,images/953448938f57a3807263.jpg,,,,,,
m4-071-final-v1,B,400,f46a5667f1c7fabf4eaa,SODA-A,images/f46a5667f1c7fabf4eaa.jpg,,,,,,
m4-071-final-v1,B,401,37d774d33da44b915849,FAIR1M-v1.0,images/37d774d33da44b915849.jpg,,,,,,
m4-071-final-v1,B,402,5ac73bf98869a4827bb7,SODA-A,images/5ac73bf98869a4827bb7.jpg,,,,,,
m4-071-final-v1,B,403,a7cd2bc84a1701378cb0,FAIR1M-v1.0,images/a7cd2bc84a1701378cb0.jpg,,,,,,
m4-071-final-v1,B,404,fbdfcb748b0fa32d6fae,DIOR-R,images/fbdfcb748b0fa32d6fae.jpg,,,,,,
m4-071-final-v1,B,405,c3d0b1f008397a07bb6e,DIOR-R,images/c3d0b1f008397a07bb6e.jpg,,,,,,
m4-071-final-v1,B,406,0dd0d406de1c6b1a7ec8,DIOR-R,images/0dd0d406de1c6b1a7ec8.jpg,,,,,,
m4-071-final-v1,B,407,d0da623bf05acbcbab71,DIOR-R,images/d0da623bf05acbcbab71.jpg,,,,,,
m4-071-final-v1,B,408,7593bb0d9759133943b3,SODA-A,images/7593bb0d9759133943b3.jpg,,,,,,
m4-071-final-v1,B,409,927e6c902204260be522,FAIR1M-v1.0,images/927e6c902204260be522.jpg,,,,,,
m4-071-final-v1,B,410,a8b136ee31570de821c9,FAIR1M-v1.0,images/a8b136ee31570de821c9.jpg,,,,,,
m4-071-final-v1,B,411,871b3c3169b019c99cf2,FAIR1M-v1.0,images/871b3c3169b019c99cf2.jpg,,,,,,
m4-071-final-v1,B,412,694d7fc538495a8a5840,SODA-A,images/694d7fc538495a8a5840.jpg,,,,,,
m4-071-final-v1,B,413,9f47076261e02debb843,FAIR1M-v1.0,images/9f47076261e02debb843.jpg,,,,,,
m4-071-final-v1,B,414,c4360749aa73c9540180,DIOR-R,images/c4360749aa73c9540180.jpg,,,,,,
m4-071-final-v1,B,415,002f6aa1725ecdf5cce7,DIOR-R,images/002f6aa1725ecdf5cce7.jpg,,,,,,
m4-071-final-v1,B,416,e1405c35bf89849a5311,SODA-A,images/e1405c35bf89849a5311.jpg,,,,,,
m4-071-final-v1,B,417,a7248cb868a59820064c,FAIR1M-v1.0,images/a7248cb868a59820064c.jpg,,,,,,
m4-071-final-v1,B,418,4f606191ff1badddc70c,DIOR-R,images/4f606191ff1badddc70c.jpg,,,,,,
m4-071-final-v1,B,419,733f9b845fe4d4903dc5,DIOR-R,images/733f9b845fe4d4903dc5.jpg,,,,,,
m4-071-final-v1,B,420,e26947973eff54660c45,FAIR1M-v1.0,images/e26947973eff54660c45.jpg,,,,,,
m4-071-final-v1,B,421,c6319f42e6e99fa228a7,SODA-A,images/c6319f42e6e99fa228a7.jpg,,,,,,
m4-071-final-v1,B,422,25b09cf311bce2647bdc,DIOR-R,images/25b09cf311bce2647bdc.jpg,,,,,,
m4-071-final-v1,B,423,09d35b1eeece2d4d58dd,SODA-A,images/09d35b1eeece2d4d58dd.jpg,,,,,,
m4-071-final-v1,B,424,54643100cd9189de277f,FAIR1M-v1.0,images/54643100cd9189de277f.jpg,,,,,,
m4-071-final-v1,B,425,ca8555f4494ca2e32b25,DIOR-R,images/ca8555f4494ca2e32b25.jpg,,,,,,
m4-071-final-v1,B,426,22dedbb2ac70aaa6e429,SODA-A,images/22dedbb2ac70aaa6e429.jpg,,,,,,
m4-071-final-v1,B,427,eead12db4d976b8a6d86,DIOR-R,images/eead12db4d976b8a6d86.jpg,,,,,,
m4-071-final-v1,B,428,9bfbe984a9a75b137e1b,DIOR-R,images/9bfbe984a9a75b137e1b.jpg,,,,,,
m4-071-final-v1,B,429,1cb087a88a466b6f060f,SODA-A,images/1cb087a88a466b6f060f.jpg,,,,,,
m4-071-final-v1,B,430,e68cd7b5e0fc885e549e,SODA-A,images/e68cd7b5e0fc885e549e.jpg,,,,,,
m4-071-final-v1,B,431,e0aca97959b3c7718251,FAIR1M-v1.0,images/e0aca97959b3c7718251.jpg,,,,,,
m4-071-final-v1,B,432,07a868e20851d68b518a,DIOR-R,images/07a868e20851d68b518a.jpg,,,,,,
m4-071-final-v1,B,433,54d68f604de9cdb79013,DIOR-R,images/54d68f604de9cdb79013.jpg,,,,,,
m4-071-final-v1,B,434,a7e46500df8881264565,DIOR-R,images/a7e46500df8881264565.jpg,,,,,,
m4-071-final-v1,B,435,9c84bdcec5aeb5a45897,DIOR-R,images/9c84bdcec5aeb5a45897.jpg,,,,,,
m4-071-final-v1,B,436,4fc54246ae14cd0e7a90,SODA-A,images/4fc54246ae14cd0e7a90.jpg,,,,,,
m4-071-final-v1,B,437,66d819ac56025964684e,DIOR-R,images/66d819ac56025964684e.jpg,,,,,,
m4-071-final-v1,B,438,8f5d3f10576e97480a43,FAIR1M-v1.0,images/8f5d3f10576e97480a43.jpg,,,,,,
m4-071-final-v1,B,439,39434e2f9fb7d413562a,FAIR1M-v1.0,images/39434e2f9fb7d413562a.jpg,,,,,,
m4-071-final-v1,B,440,8daad233840edf9ec93e,DIOR-R,images/8daad233840edf9ec93e.jpg,,,,,,
m4-071-final-v1,B,441,9130b8c115a9b1b2d66b,SODA-A,images/9130b8c115a9b1b2d66b.jpg,,,,,,
m4-071-final-v1,B,442,f45d2c4595890f7ef778,SODA-A,images/f45d2c4595890f7ef778.jpg,,,,,,
m4-071-final-v1,B,443,c48548553221d6bfca9d,DIOR-R,images/c48548553221d6bfca9d.jpg,,,,,,
m4-071-final-v1,B,444,e0eb20bf27eb007bef7c,FAIR1M-v1.0,images/e0eb20bf27eb007bef7c.jpg,,,,,,
m4-071-final-v1,B,445,7d9bd09df24b2c36995c,SODA-A,images/7d9bd09df24b2c36995c.jpg,,,,,,
m4-071-final-v1,B,446,cb3dded3eefa8844a8a7,DIOR-R,images/cb3dded3eefa8844a8a7.jpg,,,,,,
m4-071-final-v1,B,447,73f9d7305616cf17fd00,FAIR1M-v1.0,images/73f9d7305616cf17fd00.jpg,,,,,,
m4-071-final-v1,B,448,a4b6deb4883c96573078,FAIR1M-v1.0,images/a4b6deb4883c96573078.jpg,,,,,,
m4-071-final-v1,B,449,7e1cf237d0dae8c118f5,SODA-A,images/7e1cf237d0dae8c118f5.jpg,,,,,,
m4-071-final-v1,B,450,0b1c4555e3af1ebd532c,DIOR-R,images/0b1c4555e3af1ebd532c.jpg,,,,,,
m4-071-final-v1,B,451,ec0dd323af8b1bb52aa8,FAIR1M-v1.0,images/ec0dd323af8b1bb52aa8.jpg,,,,,,
m4-071-final-v1,B,452,0d8eadbc893cbacb071d,SODA-A,images/0d8eadbc893cbacb071d.jpg,,,,,,
m4-071-final-v1,B,453,7c5e0c314a0cd1801510,DIOR-R,images/7c5e0c314a0cd1801510.jpg,,,,,,
m4-071-final-v1,B,454,b73c804f50f754e5d606,DIOR-R,images/b73c804f50f754e5d606.jpg,,,,,,
m4-071-final-v1,B,455,3fff713c65e89e0bac9a,SODA-A,images/3fff713c65e89e0bac9a.jpg,,,,,,
m4-071-final-v1,B,456,1563f28d85710b914cfa,FAIR1M-v1.0,images/1563f28d85710b914cfa.jpg,,,,,,
m4-071-final-v1,B,457,4c4ec82ea1d0878f28a4,FAIR1M-v1.0,images/4c4ec82ea1d0878f28a4.jpg,,,,,,
m4-071-final-v1,B,458,fb6e710348806b7c6f67,FAIR1M-v1.0,images/fb6e710348806b7c6f67.jpg,,,,,,
m4-071-final-v1,B,459,dbcf3d5d19eddcbce6ca,DIOR-R,images/dbcf3d5d19eddcbce6ca.jpg,,,,,,
m4-071-final-v1,B,460,d1004222da31c7852109,SODA-A,images/d1004222da31c7852109.jpg,,,,,,
m4-071-final-v1,B,461,8dba87a84f9ab815bf18,SODA-A,images/8dba87a84f9ab815bf18.jpg,,,,,,
m4-071-final-v1,B,462,8f6ffcb81e2dbad52a9a,SODA-A,images/8f6ffcb81e2dbad52a9a.jpg,,,,,,
m4-071-final-v1,B,463,bc762810b1057841afeb,DIOR-R,images/bc762810b1057841afeb.jpg,,,,,,
m4-071-final-v1,B,464,a4f453197445de4500d3,SODA-A,images/a4f453197445de4500d3.jpg,,,,,,
m4-071-final-v1,B,465,b8dd174dfa0026a34805,SODA-A,images/b8dd174dfa0026a34805.jpg,,,,,,
m4-071-final-v1,B,466,76a6c0d874bbca280ded,SODA-A,images/76a6c0d874bbca280ded.jpg,,,,,,
m4-071-final-v1,B,467,2e60de0d92be4fbcae2e,FAIR1M-v1.0,images/2e60de0d92be4fbcae2e.jpg,,,,,,
m4-071-final-v1,B,468,ae5c7f770750ea48c692,FAIR1M-v1.0,images/ae5c7f770750ea48c692.jpg,,,,,,
m4-071-final-v1,B,469,0a7afa290c48af1fd74c,FAIR1M-v1.0,images/0a7afa290c48af1fd74c.jpg,,,,,,
m4-071-final-v1,B,470,ff4cae40d47610e5fbd8,DIOR-R,images/ff4cae40d47610e5fbd8.jpg,,,,,,
m4-071-final-v1,B,471,1b5e0d20f0253efb2efc,DIOR-R,images/1b5e0d20f0253efb2efc.jpg,,,,,,
m4-071-final-v1,B,472,423db0360fdf362a3f4f,FAIR1M-v1.0,images/423db0360fdf362a3f4f.jpg,,,,,,
m4-071-final-v1,B,473,eb847cb592265c7ee648,SODA-A,images/eb847cb592265c7ee648.jpg,,,,,,
m4-071-final-v1,B,474,7e116351c1c05811b7b4,DIOR-R,images/7e116351c1c05811b7b4.jpg,,,,,,
m4-071-final-v1,B,475,ce407e08094af5ce108b,DIOR-R,images/ce407e08094af5ce108b.jpg,,,,,,
m4-071-final-v1,B,476,78e50794cb72006e21bd,DIOR-R,images/78e50794cb72006e21bd.jpg,,,,,,
m4-071-final-v1,B,477,4e432559b3b6e103c9fe,DIOR-R,images/4e432559b3b6e103c9fe.jpg,,,,,,
m4-071-final-v1,B,478,e53ceac5415660c95e71,SODA-A,images/e53ceac5415660c95e71.jpg,,,,,,
m4-071-final-v1,B,479,ad4e2c08667ce51e3b8b,SODA-A,images/ad4e2c08667ce51e3b8b.jpg,,,,,,
m4-071-final-v1,B,480,f73dc93044e54fe32bed,DIOR-R,images/f73dc93044e54fe32bed.jpg,,,,,,
m4-071-final-v1,B,481,a96a85570a188ed2258b,FAIR1M-v1.0,images/a96a85570a188ed2258b.jpg,,,,,,
m4-071-final-v1,B,482,e806f0c0473ca0533097,FAIR1M-v1.0,images/e806f0c0473ca0533097.jpg,,,,,,
m4-071-final-v1,B,483,eb49fa9887c913f7043e,SODA-A,images/eb49fa9887c913f7043e.jpg,,,,,,
m4-071-final-v1,B,484,32baad241f3f556f43c3,SODA-A,images/32baad241f3f556f43c3.jpg,,,,,,
m4-071-final-v1,B,485,2dd6c57c3de0c9ada802,FAIR1M-v1.0,images/2dd6c57c3de0c9ada802.jpg,,,,,,
m4-071-final-v1,B,486,772d3cfb2ff773799e3e,DIOR-R,images/772d3cfb2ff773799e3e.jpg,,,,,,
m4-071-final-v1,B,487,120536e4649126c4b34b,FAIR1M-v1.0,images/120536e4649126c4b34b.jpg,,,,,,
m4-071-final-v1,B,488,adcc905b1ef06f120bae,FAIR1M-v1.0,images/adcc905b1ef06f120bae.jpg,,,,,,
m4-071-final-v1,B,489,2743db1e5b52c32de894,FAIR1M-v1.0,images/2743db1e5b52c32de894.jpg,,,,,,
m4-071-final-v1,B,490,94d73bb59cc29cc137eb,SODA-A,images/94d73bb59cc29cc137eb.jpg,,,,,,
m4-071-final-v1,B,491,6ebbd609684fb121837e,FAIR1M-v1.0,images/6ebbd609684fb121837e.jpg,,,,,,
m4-071-final-v1,B,492,f7c3609875bc2f9faa5c,DIOR-R,images/f7c3609875bc2f9faa5c.jpg,,,,,,
m4-071-final-v1,B,493,7ad2a2bc9527fd63e2c4,FAIR1M-v1.0,images/7ad2a2bc9527fd63e2c4.jpg,,,,,,
m4-071-final-v1,B,494,8c2c28f4e1e1a575145f,SODA-A,images/8c2c28f4e1e1a575145f.jpg,,,,,,
m4-071-final-v1,B,495,611c59b756b74dae7983,SODA-A,images/611c59b756b74dae7983.jpg,,,,,,
m4-071-final-v1,B,496,db7b56f59b21bb165554,SODA-A,images/db7b56f59b21bb165554.jpg,,,,,,
m4-071-final-v1,B,497,b129b7e4b5c78d5f9cdc,DIOR-R,images/b129b7e4b5c78d5f9cdc.jpg,,,,,,
m4-071-final-v1,B,498,ddca019179beb529bb54,SODA-A,images/ddca019179beb529bb54.jpg,,,,,,
m4-071-final-v1,B,499,c45c94a115608398c17c,SODA-A,images/c45c94a115608398c17c.jpg,,,,,,
m4-071-final-v1,B,500,9898bec2e5fbaf10f62c,SODA-A,images/9898bec2e5fbaf10f62c.jpg,,,,,,
m4-071-final-v1,B,501,15c077bc66e34bf15da5,FAIR1M-v1.0,images/15c077bc66e34bf15da5.jpg,,,,,,
m4-071-final-v1,B,502,d094c9b6cc748e0a3f1e,FAIR1M-v1.0,images/d094c9b6cc748e0a3f1e.jpg,,,,,,
m4-071-final-v1,B,503,83f26322a0b26e2b1d9b,DIOR-R,images/83f26322a0b26e2b1d9b.jpg,,,,,,
m4-071-final-v1,B,504,b54b08815244e3c8b047,DIOR-R,images/b54b08815244e3c8b047.jpg,,,,,,
m4-071-final-v1,B,505,67bb1a00841277fce2d6,SODA-A,images/67bb1a00841277fce2d6.jpg,,,,,,
m4-071-final-v1,B,506,201828577f3168613870,DIOR-R,images/201828577f3168613870.jpg,,,,,,
m4-071-final-v1,B,507,8de45fb02cb0338663fb,DIOR-R,images/8de45fb02cb0338663fb.jpg,,,,,,
m4-071-final-v1,B,508,4a8a81b6ce9350b04098,FAIR1M-v1.0,images/4a8a81b6ce9350b04098.jpg,,,,,,
m4-071-final-v1,B,509,045448313cb7cca1eb8d,SODA-A,images/045448313cb7cca1eb8d.jpg,,,,,,
m4-071-final-v1,B,510,54886851aa7bb487bd8f,SODA-A,images/54886851aa7bb487bd8f.jpg,,,,,,
m4-071-final-v1,B,511,41080bd1fd28d7ff1316,SODA-A,images/41080bd1fd28d7ff1316.jpg,,,,,,
m4-071-final-v1,B,512,ca215b390ab143dba4b7,DIOR-R,images/ca215b390ab143dba4b7.jpg,,,,,,
m4-071-final-v1,B,513,b190f939efc339d9363e,DIOR-R,images/b190f939efc339d9363e.jpg,,,,,,
m4-071-final-v1,B,514,98c6099b861e0f6a1c42,DIOR-R,images/98c6099b861e0f6a1c42.jpg,,,,,,
m4-071-final-v1,B,515,737c83ce88724efe2904,FAIR1M-v1.0,images/737c83ce88724efe2904.jpg,,,,,,
m4-071-final-v1,B,516,65e35087953365788ca2,DIOR-R,images/65e35087953365788ca2.jpg,,,,,,
m4-071-final-v1,B,517,d320fe21cc2e24df79ee,FAIR1M-v1.0,images/d320fe21cc2e24df79ee.jpg,,,,,,
m4-071-final-v1,B,518,635ddcafceee9b69d666,SODA-A,images/635ddcafceee9b69d666.jpg,,,,,,
m4-071-final-v1,B,519,92199bcf75bfc4a42a97,SODA-A,images/92199bcf75bfc4a42a97.jpg,,,,,,
m4-071-final-v1,B,520,1a372a833cd29af48fa2,DIOR-R,images/1a372a833cd29af48fa2.jpg,,,,,,
m4-071-final-v1,B,521,34ee47bfa83191360725,SODA-A,images/34ee47bfa83191360725.jpg,,,,,,
m4-071-final-v1,B,522,3c9131876fcc0cfb54fb,FAIR1M-v1.0,images/3c9131876fcc0cfb54fb.jpg,,,,,,
m4-071-final-v1,B,523,d5803834127312202461,DIOR-R,images/d5803834127312202461.jpg,,,,,,
m4-071-final-v1,B,524,9e6135243e2456c4626b,FAIR1M-v1.0,images/9e6135243e2456c4626b.jpg,,,,,,
m4-071-final-v1,B,525,e3ef36576032434b0e9f,SODA-A,images/e3ef36576032434b0e9f.jpg,,,,,,
m4-071-final-v1,B,526,1aef61616f8650c906bc,SODA-A,images/1aef61616f8650c906bc.jpg,,,,,,
m4-071-final-v1,B,527,94223492ea1909be2245,DIOR-R,images/94223492ea1909be2245.jpg,,,,,,
m4-071-final-v1,B,528,82e42e78d925d3698844,FAIR1M-v1.0,images/82e42e78d925d3698844.jpg,,,,,,
m4-071-final-v1,B,529,c5e3c41cd84bfddc88e2,FAIR1M-v1.0,images/c5e3c41cd84bfddc88e2.jpg,,,,,,
m4-071-final-v1,B,530,3000f2bdc92ff99de556,DIOR-R,images/3000f2bdc92ff99de556.jpg,,,,,,
m4-071-final-v1,B,531,33d2df13a2253fa735f5,FAIR1M-v1.0,images/33d2df13a2253fa735f5.jpg,,,,,,
m4-071-final-v1,B,532,9e9731393c8b29475384,SODA-A,images/9e9731393c8b29475384.jpg,,,,,,
m4-071-final-v1,B,533,c5a972a96fd9541cc833,SODA-A,images/c5a972a96fd9541cc833.jpg,,,,,,
m4-071-final-v1,B,534,1b59fb13bb49cde524a1,FAIR1M-v1.0,images/1b59fb13bb49cde524a1.jpg,,,,,,
m4-071-final-v1,B,535,7f148f57453e4b45d5d9,FAIR1M-v1.0,images/7f148f57453e4b45d5d9.jpg,,,,,,
m4-071-final-v1,B,536,7a3e6a300ae700b0b2fc,DIOR-R,images/7a3e6a300ae700b0b2fc.jpg,,,,,,
m4-071-final-v1,B,537,4c52e02856cfa089c814,FAIR1M-v1.0,images/4c52e02856cfa089c814.jpg,,,,,,
m4-071-final-v1,B,538,8de3646c356f639b2021,SODA-A,images/8de3646c356f639b2021.jpg,,,,,,
m4-071-final-v1,B,539,9b6f6900e2fe8eb6eea4,SODA-A,images/9b6f6900e2fe8eb6eea4.jpg,,,,,,
m4-071-final-v1,B,540,1097350b072969e85ca8,FAIR1M-v1.0,images/1097350b072969e85ca8.jpg,,,,,,
m4-071-final-v1,B,541,b96f08c52a6d10c5d008,FAIR1M-v1.0,images/b96f08c52a6d10c5d008.jpg,,,,,,
m4-071-final-v1,B,542,b51e098758728f7006c4,SODA-A,images/b51e098758728f7006c4.jpg,,,,,,
m4-071-final-v1,B,543,08927b0cc688367d4ac2,DIOR-R,images/08927b0cc688367d4ac2.jpg,,,,,,
m4-071-final-v1,B,544,8ac5836d605ebd3e6952,DIOR-R,images/8ac5836d605ebd3e6952.jpg,,,,,,
m4-071-final-v1,B,545,70f88b8fd795f349bd20,DIOR-R,images/70f88b8fd795f349bd20.jpg,,,,,,
m4-071-final-v1,B,546,8243cbd1a689be5d05de,DIOR-R,images/8243cbd1a689be5d05de.jpg,,,,,,
m4-071-final-v1,B,547,b2e1dea0725b5c26ea7e,DIOR-R,images/b2e1dea0725b5c26ea7e.jpg,,,,,,
m4-071-final-v1,B,548,ae79e13fe1e6d3ce6d09,DIOR-R,images/ae79e13fe1e6d3ce6d09.jpg,,,,,,
m4-071-final-v1,B,549,03f839f7b51ab35cba27,DIOR-R,images/03f839f7b51ab35cba27.jpg,,,,,,
m4-071-final-v1,B,550,e4ca19076b7c5aa1278f,FAIR1M-v1.0,images/e4ca19076b7c5aa1278f.jpg,,,,,,
m4-071-final-v1,B,551,fc45376a7ae71d909078,SODA-A,images/fc45376a7ae71d909078.jpg,,,,,,
m4-071-final-v1,B,552,b1214081586cf49b4b06,SODA-A,images/b1214081586cf49b4b06.jpg,,,,,,
m4-071-final-v1,B,553,d3aa7e3e6c61d9c416bf,FAIR1M-v1.0,images/d3aa7e3e6c61d9c416bf.jpg,,,,,,
m4-071-final-v1,B,554,6ee14e1e863fdce3525d,SODA-A,images/6ee14e1e863fdce3525d.jpg,,,,,,
m4-071-final-v1,B,555,f773f1cb67d924597e66,DIOR-R,images/f773f1cb67d924597e66.jpg,,,,,,
m4-071-final-v1,B,556,61c1b61da99eeed68f66,SODA-A,images/61c1b61da99eeed68f66.jpg,,,,,,
m4-071-final-v1,B,557,ffe43ac431f0249a8407,DIOR-R,images/ffe43ac431f0249a8407.jpg,,,,,,
m4-071-final-v1,B,558,f95bb98b5a781cc21440,FAIR1M-v1.0,images/f95bb98b5a781cc21440.jpg,,,,,,
m4-071-final-v1,B,559,20380903fd307ec8e2c1,SODA-A,images/20380903fd307ec8e2c1.jpg,,,,,,
m4-071-final-v1,B,560,f76b66d31f69c5e51a0e,SODA-A,images/f76b66d31f69c5e51a0e.jpg,,,,,,
m4-071-final-v1,B,561,3665b800332835a85d4c,FAIR1M-v1.0,images/3665b800332835a85d4c.jpg,,,,,,
m4-071-final-v1,B,562,f7334c5ba009e772001f,SODA-A,images/f7334c5ba009e772001f.jpg,,,,,,
m4-071-final-v1,B,563,622e09e17ae38acd679f,DIOR-R,images/622e09e17ae38acd679f.jpg,,,,,,
m4-071-final-v1,B,564,88282d64c7291641f8df,SODA-A,images/88282d64c7291641f8df.jpg,,,,,,
m4-071-final-v1,B,565,2ee283d8df515688e74b,SODA-A,images/2ee283d8df515688e74b.jpg,,,,,,
m4-071-final-v1,B,566,e411ac9802afaae7fb62,SODA-A,images/e411ac9802afaae7fb62.jpg,,,,,,
m4-071-final-v1,B,567,d5344eb73165f81418bc,FAIR1M-v1.0,images/d5344eb73165f81418bc.jpg,,,,,,
m4-071-final-v1,B,568,3faa1f7812b09d86f950,SODA-A,images/3faa1f7812b09d86f950.jpg,,,,,,
m4-071-final-v1,B,569,17132ce3d119d618086b,SODA-A,images/17132ce3d119d618086b.jpg,,,,,,
m4-071-final-v1,B,570,426d14eb574d680a83ef,FAIR1M-v1.0,images/426d14eb574d680a83ef.jpg,,,,,,
m4-071-final-v1,B,571,7ebcbbbb750454d878b8,FAIR1M-v1.0,images/7ebcbbbb750454d878b8.jpg,,,,,,
m4-071-final-v1,B,572,68ff5a483a46b1975633,DIOR-R,images/68ff5a483a46b1975633.jpg,,,,,,
m4-071-final-v1,B,573,0b284e2e96752fddf549,DIOR-R,images/0b284e2e96752fddf549.jpg,,,,,,
m4-071-final-v1,B,574,961caadd493470b6f441,DIOR-R,images/961caadd493470b6f441.jpg,,,,,,
m4-071-final-v1,B,575,c868dd5ea4ed939a433f,FAIR1M-v1.0,images/c868dd5ea4ed939a433f.jpg,,,,,,
m4-071-final-v1,B,576,09c7b50ef334f5597d0e,FAIR1M-v1.0,images/09c7b50ef334f5597d0e.jpg,,,,,,
m4-071-final-v1,B,577,cc6abac5962813976ac1,FAIR1M-v1.0,images/cc6abac5962813976ac1.jpg,,,,,,
m4-071-final-v1,B,578,a5f0d9530ed57b454c70,FAIR1M-v1.0,images/a5f0d9530ed57b454c70.jpg,,,,,,
m4-071-final-v1,B,579,6007ab4aeb293395e2e5,SODA-A,images/6007ab4aeb293395e2e5.jpg,,,,,,
m4-071-final-v1,B,580,cb14380615cc8e46f453,DIOR-R,images/cb14380615cc8e46f453.jpg,,,,,,
m4-071-final-v1,B,581,e10954ef8ebdd5143404,FAIR1M-v1.0,images/e10954ef8ebdd5143404.jpg,,,,,,
m4-071-final-v1,B,582,fec5dbf2ba487e454e3f,SODA-A,images/fec5dbf2ba487e454e3f.jpg,,,,,,
m4-071-final-v1,B,583,ef8deff3c47b29c16528,SODA-A,images/ef8deff3c47b29c16528.jpg,,,,,,
m4-071-final-v1,B,584,3d1d1825ae82e41d6757,DIOR-R,images/3d1d1825ae82e41d6757.jpg,,,,,,
m4-071-final-v1,B,585,d3ea032adedcdd9cdfa6,SODA-A,images/d3ea032adedcdd9cdfa6.jpg,,,,,,
m4-071-final-v1,B,586,fd840cad0b3e540c1925,FAIR1M-v1.0,images/fd840cad0b3e540c1925.jpg,,,,,,
m4-071-final-v1,B,587,f5d3f960bf52f369aac1,SODA-A,images/f5d3f960bf52f369aac1.jpg,,,,,,
m4-071-final-v1,B,588,6a23d1ac02ca7ef35b01,DIOR-R,images/6a23d1ac02ca7ef35b01.jpg,,,,,,
m4-071-final-v1,B,589,e2676ceb73ff691982bb,FAIR1M-v1.0,images/e2676ceb73ff691982bb.jpg,,,,,,
m4-071-final-v1,B,590,754e92914c74c184d29f,DIOR-R,images/754e92914c74c184d29f.jpg,,,,,,
m4-071-final-v1,B,591,423758561960d1de0a20,FAIR1M-v1.0,images/423758561960d1de0a20.jpg,,,,,,
m4-071-final-v1,B,592,3b2cb2714ec33b7766df,SODA-A,images/3b2cb2714ec33b7766df.jpg,,,,,,
m4-071-final-v1,B,593,503a300b9c865c5915cf,DIOR-R,images/503a300b9c865c5915cf.jpg,,,,,,
m4-071-final-v1,B,594,030e7875419052e5bf97,FAIR1M-v1.0,images/030e7875419052e5bf97.jpg,,,,,,
m4-071-final-v1,B,595,b6aa956bd23f9c615060,SODA-A,images/b6aa956bd23f9c615060.jpg,,,,,,
m4-071-final-v1,B,596,75ba640ef88dbed7c06f,DIOR-R,images/75ba640ef88dbed7c06f.jpg,,,,,,
m4-071-final-v1,B,597,06c8582c13696cd96b6c,FAIR1M-v1.0,images/06c8582c13696cd96b6c.jpg,,,,,,
m4-071-final-v1,B,598,bf554082c6f4872af728,DIOR-R,images/bf554082c6f4872af728.jpg,,,,,,
m4-071-final-v1,B,599,56142928db362d03deb5,DIOR-R,images/56142928db362d03deb5.jpg,,,,,,
m4-071-final-v1,B,600,df8a4c48b9a5c90cd936,SODA-A,images/df8a4c48b9a5c90cd936.jpg,,,,,,
m4-071-final-v1,B,601,12311895ddbe76f9e34d,DIOR-R,images/12311895ddbe76f9e34d.jpg,,,,,,
m4-071-final-v1,B,602,ea277202f80644ceee60,SODA-A,images/ea277202f80644ceee60.jpg,,,,,,
m4-071-final-v1,B,603,06d7698c7038fece571d,SODA-A,images/06d7698c7038fece571d.jpg,,,,,,
m4-071-final-v1,B,604,f5e4887ab9ee7e467ffd,DIOR-R,images/f5e4887ab9ee7e467ffd.jpg,,,,,,
m4-071-final-v1,B,605,06afbe77344aa468ab0d,SODA-A,images/06afbe77344aa468ab0d.jpg,,,,,,
m4-071-final-v1,B,606,37e8ce0518f8a8398e0e,FAIR1M-v1.0,images/37e8ce0518f8a8398e0e.jpg,,,,,,
m4-071-final-v1,B,607,3b1252127cc65fa9622b,DIOR-R,images/3b1252127cc65fa9622b.jpg,,,,,,
m4-071-final-v1,B,608,e80fd850170cf0f8d6a3,SODA-A,images/e80fd850170cf0f8d6a3.jpg,,,,,,
m4-071-final-v1,B,609,cab3e56c89f63cc81230,SODA-A,images/cab3e56c89f63cc81230.jpg,,,,,,
m4-071-final-v1,B,610,c633a12f36f93ac61aaa,DIOR-R,images/c633a12f36f93ac61aaa.jpg,,,,,,
m4-071-final-v1,B,611,31e842049055d9980a13,DIOR-R,images/31e842049055d9980a13.jpg,,,,,,
m4-071-final-v1,B,612,2e65171b87e4056b3393,SODA-A,images/2e65171b87e4056b3393.jpg,,,,,,
m4-071-final-v1,B,613,7ea1834bb01f8021503a,FAIR1M-v1.0,images/7ea1834bb01f8021503a.jpg,,,,,,
m4-071-final-v1,B,614,f03e67bb085883dd6f14,SODA-A,images/f03e67bb085883dd6f14.jpg,,,,,,
m4-071-final-v1,B,615,9b3ac21a0f6e149abb1f,DIOR-R,images/9b3ac21a0f6e149abb1f.jpg,,,,,,
m4-071-final-v1,B,616,4d7974c16a78bb86e887,FAIR1M-v1.0,images/4d7974c16a78bb86e887.jpg,,,,,,
m4-071-final-v1,B,617,43b7ed1fb0038c43543b,SODA-A,images/43b7ed1fb0038c43543b.jpg,,,,,,
m4-071-final-v1,B,618,a29eb7e9e9bcd71729bf,SODA-A,images/a29eb7e9e9bcd71729bf.jpg,,,,,,
m4-071-final-v1,B,619,a31d0b61a6b31f49160e,DIOR-R,images/a31d0b61a6b31f49160e.jpg,,,,,,
m4-071-final-v1,B,620,5458a78343347cf96b4f,DIOR-R,images/5458a78343347cf96b4f.jpg,,,,,,
m4-071-final-v1,B,621,2766f3fbac0de8d596dc,SODA-A,images/2766f3fbac0de8d596dc.jpg,,,,,,
m4-071-final-v1,B,622,352dd3b35bc6ffc3f875,SODA-A,images/352dd3b35bc6ffc3f875.jpg,,,,,,
m4-071-final-v1,B,623,c699ef9d3a7f9fa80145,DIOR-R,images/c699ef9d3a7f9fa80145.jpg,,,,,,
m4-071-final-v1,B,624,883135978c7edb212631,FAIR1M-v1.0,images/883135978c7edb212631.jpg,,,,,,
m4-071-final-v1,B,625,dd8d027c3b9234686118,FAIR1M-v1.0,images/dd8d027c3b9234686118.jpg,,,,,,
m4-071-final-v1,B,626,7ee6117670b521c9a1e3,SODA-A,images/7ee6117670b521c9a1e3.jpg,,,,,,
m4-071-final-v1,B,627,6514511710d7e72a5e47,FAIR1M-v1.0,images/6514511710d7e72a5e47.jpg,,,,,,
m4-071-final-v1,B,628,114753ca68b54ccca29d,FAIR1M-v1.0,images/114753ca68b54ccca29d.jpg,,,,,,
m4-071-final-v1,B,629,26679e4ec09e9e8fca8f,FAIR1M-v1.0,images/26679e4ec09e9e8fca8f.jpg,,,,,,
m4-071-final-v1,B,630,079f07adff03d289e1d4,DIOR-R,images/079f07adff03d289e1d4.jpg,,,,,,
m4-071-final-v1,B,631,4b7ef09da59611125834,DIOR-R,images/4b7ef09da59611125834.jpg,,,,,,
m4-071-final-v1,B,632,ac627683dd0235a3317f,FAIR1M-v1.0,images/ac627683dd0235a3317f.jpg,,,,,,
m4-071-final-v1,B,633,681ed4ee0fcbcb690d40,FAIR1M-v1.0,images/681ed4ee0fcbcb690d40.jpg,,,,,,
m4-071-final-v1,B,634,bd59746e0f972a9f06cc,FAIR1M-v1.0,images/bd59746e0f972a9f06cc.jpg,,,,,,
m4-071-final-v1,B,635,df02926d83f8f109836b,DIOR-R,images/df02926d83f8f109836b.jpg,,,,,,
m4-071-final-v1,B,636,d377623a9915833af532,SODA-A,images/d377623a9915833af532.jpg,,,,,,
m4-071-final-v1,B,637,9b265a58c4aee514b289,SODA-A,images/9b265a58c4aee514b289.jpg,,,,,,
m4-071-final-v1,B,638,ff9dbe4d9d260174b232,SODA-A,images/ff9dbe4d9d260174b232.jpg,,,,,,
m4-071-final-v1,B,639,05287b08f5533d6efe95,SODA-A,images/05287b08f5533d6efe95.jpg,,,,,,
m4-071-final-v1,B,640,fe1f7dc343a9a2a7af46,SODA-A,images/fe1f7dc343a9a2a7af46.jpg,,,,,,
m4-071-final-v1,B,641,e97287b8b9601ddd0d2f,DIOR-R,images/e97287b8b9601ddd0d2f.jpg,,,,,,
m4-071-final-v1,B,642,7f54fab9eb9a23b09187,FAIR1M-v1.0,images/7f54fab9eb9a23b09187.jpg,,,,,,
m4-071-final-v1,B,643,02b3b502545c655fe528,DIOR-R,images/02b3b502545c655fe528.jpg,,,,,,
m4-071-final-v1,B,644,291f9ae0e2a9a706f055,FAIR1M-v1.0,images/291f9ae0e2a9a706f055.jpg,,,,,,
m4-071-final-v1,B,645,3bc2981c2f5b68ea4c76,FAIR1M-v1.0,images/3bc2981c2f5b68ea4c76.jpg,,,,,,
m4-071-final-v1,B,646,e080f204a4390d760ab0,FAIR1M-v1.0,images/e080f204a4390d760ab0.jpg,,,,,,
m4-071-final-v1,B,647,5070493610957ed4c85f,FAIR1M-v1.0,images/5070493610957ed4c85f.jpg,,,,,,
m4-071-final-v1,B,648,04ed42f4883ce34054c8,SODA-A,images/04ed42f4883ce34054c8.jpg,,,,,,
m4-071-final-v1,B,649,e9247826ae6b4899c510,DIOR-R,images/e9247826ae6b4899c510.jpg,,,,,,
m4-071-final-v1,B,650,02432969697ab1ea99e4,DIOR-R,images/02432969697ab1ea99e4.jpg,,,,,,
m4-071-final-v1,B,651,06d21120f315e15cb645,SODA-A,images/06d21120f315e15cb645.jpg,,,,,,
m4-071-final-v1,B,652,fd9b1e52dd8dfc3a6dde,SODA-A,images/fd9b1e52dd8dfc3a6dde.jpg,,,,,,
m4-071-final-v1,B,653,c38475c4a8f8807a03b3,SODA-A,images/c38475c4a8f8807a03b3.jpg,,,,,,
m4-071-final-v1,B,654,aba60f5e566e0fad18d9,DIOR-R,images/aba60f5e566e0fad18d9.jpg,,,,,,
m4-071-final-v1,B,655,3f1565af220595e2afaa,DIOR-R,images/3f1565af220595e2afaa.jpg,,,,,,
m4-071-final-v1,B,656,dfc411cde90eb753976f,DIOR-R,images/dfc411cde90eb753976f.jpg,,,,,,
m4-071-final-v1,B,657,50e00d2b1a491ff2a365,SODA-A,images/50e00d2b1a491ff2a365.jpg,,,,,,
m4-071-final-v1,B,658,43d2f33ad63f08890638,FAIR1M-v1.0,images/43d2f33ad63f08890638.jpg,,,,,,
m4-071-final-v1,B,659,4f0bfc95b2cbbf35697d,SODA-A,images/4f0bfc95b2cbbf35697d.jpg,,,,,,
m4-071-final-v1,B,660,2bea579109d8453e3574,FAIR1M-v1.0,images/2bea579109d8453e3574.jpg,,,,,,
m4-071-final-v1,B,661,c0338923bcbd5db643c6,FAIR1M-v1.0,images/c0338923bcbd5db643c6.jpg,,,,,,
m4-071-final-v1,B,662,66fc5e78d624cac2a936,FAIR1M-v1.0,images/66fc5e78d624cac2a936.jpg,,,,,,
m4-071-final-v1,B,663,e9c2849e93df49fbd101,FAIR1M-v1.0,images/e9c2849e93df49fbd101.jpg,,,,,,
m4-071-final-v1,B,664,01031bc23e5d08297c03,DIOR-R,images/01031bc23e5d08297c03.jpg,,,,,,
m4-071-final-v1,B,665,e86f521b42f0a445dd91,SODA-A,images/e86f521b42f0a445dd91.jpg,,,,,,
m4-071-final-v1,B,666,2bcf775b1317182e86ce,FAIR1M-v1.0,images/2bcf775b1317182e86ce.jpg,,,,,,
m4-071-final-v1,B,667,8c3b22fff4b42cf35c92,DIOR-R,images/8c3b22fff4b42cf35c92.jpg,,,,,,
m4-071-final-v1,B,668,fc2cf8c46cd4431c37dd,SODA-A,images/fc2cf8c46cd4431c37dd.jpg,,,,,,
m4-071-final-v1,B,669,1e4701017f48d0f3b1e7,DIOR-R,images/1e4701017f48d0f3b1e7.jpg,,,,,,
m4-071-final-v1,B,670,327150f6c4aed5aff2e5,FAIR1M-v1.0,images/327150f6c4aed5aff2e5.jpg,,,,,,
m4-071-final-v1,B,671,2efd7ef44fc96fc7d95d,FAIR1M-v1.0,images/2efd7ef44fc96fc7d95d.jpg,,,,,,
m4-071-final-v1,B,672,44a3e30910b6815cb6b0,FAIR1M-v1.0,images/44a3e30910b6815cb6b0.jpg,,,,,,
m4-071-final-v1,B,673,f6efad2008a9f42ace43,FAIR1M-v1.0,images/f6efad2008a9f42ace43.jpg,,,,,,
m4-071-final-v1,B,674,3e33adb9cd86117a22c6,FAIR1M-v1.0,images/3e33adb9cd86117a22c6.jpg,,,,,,
m4-071-final-v1,B,675,f17d26c94a611688294d,DIOR-R,images/f17d26c94a611688294d.jpg,,,,,,
m4-071-final-v1,B,676,5b4cbce88605fbdfd9db,SODA-A,images/5b4cbce88605fbdfd9db.jpg,,,,,,
m4-071-final-v1,B,677,2781b31f66f0ed4e8955,SODA-A,images/2781b31f66f0ed4e8955.jpg,,,,,,
m4-071-final-v1,B,678,cda04ada5a742e786de9,DIOR-R,images/cda04ada5a742e786de9.jpg,,,,,,
m4-071-final-v1,B,679,4d6b89a4b6ae883cf8a2,DIOR-R,images/4d6b89a4b6ae883cf8a2.jpg,,,,,,
m4-071-final-v1,B,680,cbd6e8266b4f3eedc1fd,DIOR-R,images/cbd6e8266b4f3eedc1fd.jpg,,,,,,
m4-071-final-v1,B,681,170ae14df20809f2b4a8,SODA-A,images/170ae14df20809f2b4a8.jpg,,,,,,
m4-071-final-v1,B,682,4ad8407f425400c3d66b,FAIR1M-v1.0,images/4ad8407f425400c3d66b.jpg,,,,,,
m4-071-final-v1,B,683,6f1e743dcf33ad6ed878,FAIR1M-v1.0,images/6f1e743dcf33ad6ed878.jpg,,,,,,
m4-071-final-v1,B,684,0233bbf979dcaaf9a6ad,DIOR-R,images/0233bbf979dcaaf9a6ad.jpg,,,,,,
m4-071-final-v1,B,685,ff666bcb350349c4904a,SODA-A,images/ff666bcb350349c4904a.jpg,,,,,,
m4-071-final-v1,B,686,fad024d40c4fd85b8179,DIOR-R,images/fad024d40c4fd85b8179.jpg,,,,,,
m4-071-final-v1,B,687,970099808482a22d0b36,FAIR1M-v1.0,images/970099808482a22d0b36.jpg,,,,,,
m4-071-final-v1,B,688,e0cc8f5e70d1f8f85b44,SODA-A,images/e0cc8f5e70d1f8f85b44.jpg,,,,,,
m4-071-final-v1,B,689,1fbefe99f392c1869510,DIOR-R,images/1fbefe99f392c1869510.jpg,,,,,,
m4-071-final-v1,B,690,6ea25531dfb9b914da77,SODA-A,images/6ea25531dfb9b914da77.jpg,,,,,,
m4-071-final-v1,B,691,63c5ded01925d3e962c6,DIOR-R,images/63c5ded01925d3e962c6.jpg,,,,,,
m4-071-final-v1,B,692,666e6b70a20933e5fa29,SODA-A,images/666e6b70a20933e5fa29.jpg,,,,,,
m4-071-final-v1,B,693,e13d185aa0bdac479241,DIOR-R,images/e13d185aa0bdac479241.jpg,,,,,,
m4-071-final-v1,B,694,979caf904a4c21d2c10a,FAIR1M-v1.0,images/979caf904a4c21d2c10a.jpg,,,,,,
m4-071-final-v1,B,695,c49f3ad218d0ec3eb450,DIOR-R,images/c49f3ad218d0ec3eb450.jpg,,,,,,
m4-071-final-v1,B,696,bf13d695abdb4752b47a,DIOR-R,images/bf13d695abdb4752b47a.jpg,,,,,,
m4-071-final-v1,B,697,c6406ecf647de3418883,DIOR-R,images/c6406ecf647de3418883.jpg,,,,,,
m4-071-final-v1,B,698,4e9a68c7f466205df172,FAIR1M-v1.0,images/4e9a68c7f466205df172.jpg,,,,,,
m4-071-final-v1,B,699,a27049639fe215665c23,FAIR1M-v1.0,images/a27049639fe215665c23.jpg,,,,,,
m4-071-final-v1,B,700,0fbfa2c548119b51b81f,FAIR1M-v1.0,images/0fbfa2c548119b51b81f.jpg,,,,,,
m4-071-final-v1,B,701,f1459db6b80c71d9dcec,FAIR1M-v1.0,images/f1459db6b80c71d9dcec.jpg,,,,,,
m4-071-final-v1,B,702,0854c434098dd9245b2c,DIOR-R,images/0854c434098dd9245b2c.jpg,,,,,,
m4-071-final-v1,B,703,502596aec11a1960b051,FAIR1M-v1.0,images/502596aec11a1960b051.jpg,,,,,,
m4-071-final-v1,B,704,25091194a9dc8184abd3,FAIR1M-v1.0,images/25091194a9dc8184abd3.jpg,,,,,,
m4-071-final-v1,B,705,08a371147e61b2ac1638,DIOR-R,images/08a371147e61b2ac1638.jpg,,,,,,
m4-071-final-v1,B,706,01a13bad55b8738448c8,SODA-A,images/01a13bad55b8738448c8.jpg,,,,,,
m4-071-final-v1,B,707,8a253497a4a43b508819,DIOR-R,images/8a253497a4a43b508819.jpg,,,,,,
m4-071-final-v1,B,708,bfe33f3d4fa7fd97dff4,FAIR1M-v1.0,images/bfe33f3d4fa7fd97dff4.jpg,,,,,,
m4-071-final-v1,B,709,994a78bff5859e4d75b2,DIOR-R,images/994a78bff5859e4d75b2.jpg,,,,,,
m4-071-final-v1,B,710,ec0104def9a871452ebb,SODA-A,images/ec0104def9a871452ebb.jpg,,,,,,
m4-071-final-v1,B,711,ac82f397653c75635b0c,DIOR-R,images/ac82f397653c75635b0c.jpg,,,,,,
m4-071-final-v1,B,712,096f379cdf7970daebe5,DIOR-R,images/096f379cdf7970daebe5.jpg,,,,,,
m4-071-final-v1,B,713,e044b65f8fc361d81957,DIOR-R,images/e044b65f8fc361d81957.jpg,,,,,,
m4-071-final-v1,B,714,e3b0bd08f066b27aa576,FAIR1M-v1.0,images/e3b0bd08f066b27aa576.jpg,,,,,,
m4-071-final-v1,B,715,075d5b3531e676ce88c2,SODA-A,images/075d5b3531e676ce88c2.jpg,,,,,,
m4-071-final-v1,B,716,17b0e8dddbdf4a1ebb1c,FAIR1M-v1.0,images/17b0e8dddbdf4a1ebb1c.jpg,,,,,,
m4-071-final-v1,B,717,d580ac8a05f35e420dc2,FAIR1M-v1.0,images/d580ac8a05f35e420dc2.jpg,,,,,,
m4-071-final-v1,B,718,9c66089909271bf812c5,FAIR1M-v1.0,images/9c66089909271bf812c5.jpg,,,,,,
m4-071-final-v1,B,719,49b82f14a38e7da29ad4,DIOR-R,images/49b82f14a38e7da29ad4.jpg,,,,,,
m4-071-final-v1,B,720,35600b58d800548c3857,FAIR1M-v1.0,images/35600b58d800548c3857.jpg,,,,,,
m4-071-final-v1,B,721,68e863aa9a307ff00991,FAIR1M-v1.0,images/68e863aa9a307ff00991.jpg,,,,,,
m4-071-final-v1,B,722,4007561e06ab5f4cda3c,DIOR-R,images/4007561e06ab5f4cda3c.jpg,,,,,,
m4-071-final-v1,B,723,3d83428c9897997bac68,FAIR1M-v1.0,images/3d83428c9897997bac68.jpg,,,,,,
m4-071-final-v1,B,724,1f21242f4564e67dd81e,DIOR-R,images/1f21242f4564e67dd81e.jpg,,,,,,
m4-071-final-v1,B,725,6b08fc82ad97ae4bf154,DIOR-R,images/6b08fc82ad97ae4bf154.jpg,,,,,,
m4-071-final-v1,B,726,5a72042856a71861fd9a,SODA-A,images/5a72042856a71861fd9a.jpg,,,,,,
m4-071-final-v1,B,727,a38cf8a41614dbc5f4cf,FAIR1M-v1.0,images/a38cf8a41614dbc5f4cf.jpg,,,,,,
m4-071-final-v1,B,728,a217804f4aade24c42d1,SODA-A,images/a217804f4aade24c42d1.jpg,,,,,,
m4-071-final-v1,B,729,ba42b066c3d7f6834f8b,DIOR-R,images/ba42b066c3d7f6834f8b.jpg,,,,,,
m4-071-final-v1,B,730,7b4451c6e9581d80283e,FAIR1M-v1.0,images/7b4451c6e9581d80283e.jpg,,,,,,
m4-071-final-v1,B,731,a950e626dc557ec52271,DIOR-R,images/a950e626dc557ec52271.jpg,,,,,,
m4-071-final-v1,B,732,3cda5a09568072a1e198,DIOR-R,images/3cda5a09568072a1e198.jpg,,,,,,
m4-071-final-v1,B,733,d2c768221e68bd97b882,SODA-A,images/d2c768221e68bd97b882.jpg,,,,,,
m4-071-final-v1,B,734,09584d6a825673dbd6e4,FAIR1M-v1.0,images/09584d6a825673dbd6e4.jpg,,,,,,
m4-071-final-v1,B,735,2253639205292ba5bdc7,SODA-A,images/2253639205292ba5bdc7.jpg,,,,,,
m4-071-final-v1,B,736,63f4a548e60ea947beea,SODA-A,images/63f4a548e60ea947beea.jpg,,,,,,
m4-071-final-v1,B,737,e55242f99e161aa61a89,SODA-A,images/e55242f99e161aa61a89.jpg,,,,,,
m4-071-final-v1,B,738,be8c6f54378c01bf6115,FAIR1M-v1.0,images/be8c6f54378c01bf6115.jpg,,,,,,
m4-071-final-v1,B,739,04ca170a316a03cec294,FAIR1M-v1.0,images/04ca170a316a03cec294.jpg,,,,,,
m4-071-final-v1,B,740,8eef66b3f59d90115913,DIOR-R,images/8eef66b3f59d90115913.jpg,,,,,,
m4-071-final-v1,B,741,f9781296a8fafae999b9,FAIR1M-v1.0,images/f9781296a8fafae999b9.jpg,,,,,,
m4-071-final-v1,B,742,d6eb8367a6bfc20b883c,FAIR1M-v1.0,images/d6eb8367a6bfc20b883c.jpg,,,,,,
m4-071-final-v1,B,743,fc9360932cae6bea469b,FAIR1M-v1.0,images/fc9360932cae6bea469b.jpg,,,,,,
m4-071-final-v1,B,744,e267970133198d668dfc,DIOR-R,images/e267970133198d668dfc.jpg,,,,,,
m4-071-final-v1,B,745,2f6d59609a02839cf8b1,DIOR-R,images/2f6d59609a02839cf8b1.jpg,,,,,,
m4-071-final-v1,B,746,98526e98e78a9d70037e,DIOR-R,images/98526e98e78a9d70037e.jpg,,,,,,
m4-071-final-v1,B,747,d2237e494627a0882540,DIOR-R,images/d2237e494627a0882540.jpg,,,,,,
m4-071-final-v1,B,748,b2979986caec8457c0ac,FAIR1M-v1.0,images/b2979986caec8457c0ac.jpg,,,,,,
m4-071-final-v1,B,749,17929872250b5e1d2f87,SODA-A,images/17929872250b5e1d2f87.jpg,,,,,,
m4-071-final-v1,B,750,8f0833e50998cd703850,FAIR1M-v1.0,images/8f0833e50998cd703850.jpg,,,,,,
m4-071-final-v1,B,751,cbecdc530c5e8d32d5af,DIOR-R,images/cbecdc530c5e8d32d5af.jpg,,,,,,
m4-071-final-v1,B,752,92794f80cdd8883307ab,DIOR-R,images/92794f80cdd8883307ab.jpg,,,,,,
m4-071-final-v1,B,753,3a829467582ef81316ae,SODA-A,images/3a829467582ef81316ae.jpg,,,,,,
m4-071-final-v1,B,754,85ce716501497bc22790,DIOR-R,images/85ce716501497bc22790.jpg,,,,,,
m4-071-final-v1,B,755,e32c18bc93573fa73306,SODA-A,images/e32c18bc93573fa73306.jpg,,,,,,
m4-071-final-v1,B,756,a998c07a2127268147ce,DIOR-R,images/a998c07a2127268147ce.jpg,,,,,,
m4-071-final-v1,B,757,7d1ed1513b3bad2b931c,DIOR-R,images/7d1ed1513b3bad2b931c.jpg,,,,,,
m4-071-final-v1,B,758,5949184ebbe2ce49a9cd,DIOR-R,images/5949184ebbe2ce49a9cd.jpg,,,,,,
m4-071-final-v1,B,759,d17590aeb76e8e1b5ad2,DIOR-R,images/d17590aeb76e8e1b5ad2.jpg,,,,,,
m4-071-final-v1,B,760,22634fe173af301f5a73,FAIR1M-v1.0,images/22634fe173af301f5a73.jpg,,,,,,
m4-071-final-v1,B,761,98d4ea360861b09988e5,DIOR-R,images/98d4ea360861b09988e5.jpg,,,,,,
m4-071-final-v1,B,762,3c0587ef770963e39440,FAIR1M-v1.0,images/3c0587ef770963e39440.jpg,,,,,,
m4-071-final-v1,B,763,8f7a1ee9857ed179a1de,DIOR-R,images/8f7a1ee9857ed179a1de.jpg,,,,,,
m4-071-final-v1,B,764,bcda598aa815460ef432,FAIR1M-v1.0,images/bcda598aa815460ef432.jpg,,,,,,
m4-071-final-v1,B,765,11018707d0fb31db23ad,FAIR1M-v1.0,images/11018707d0fb31db23ad.jpg,,,,,,
m4-071-final-v1,B,766,33137efc1cb39832c916,DIOR-R,images/33137efc1cb39832c916.jpg,,,,,,
m4-071-final-v1,B,767,a31ea1830b0b1a19476d,SODA-A,images/a31ea1830b0b1a19476d.jpg,,,,,,
m4-071-final-v1,B,768,bc15e19f8eb484c03db9,SODA-A,images/bc15e19f8eb484c03db9.jpg,,,,,,
m4-071-final-v1,B,769,089960e3d1af36a0c0bd,FAIR1M-v1.0,images/089960e3d1af36a0c0bd.jpg,,,,,,
m4-071-final-v1,B,770,643c7418bad9d4ac5eec,FAIR1M-v1.0,images/643c7418bad9d4ac5eec.jpg,,,,,,
m4-071-final-v1,B,771,fe6241566ca66cdfeb4a,FAIR1M-v1.0,images/fe6241566ca66cdfeb4a.jpg,,,,,,
m4-071-final-v1,B,772,2d8726f1ffad67c18fac,FAIR1M-v1.0,images/2d8726f1ffad67c18fac.jpg,,,,,,
m4-071-final-v1,B,773,e9b1f7c1f0bef4dc5b47,SODA-A,images/e9b1f7c1f0bef4dc5b47.jpg,,,,,,
m4-071-final-v1,B,774,4b7594a40fbb16aec2d2,DIOR-R,images/4b7594a40fbb16aec2d2.jpg,,,,,,
m4-071-final-v1,B,775,7dac53d8ed345c7565d5,DIOR-R,images/7dac53d8ed345c7565d5.jpg,,,,,,
m4-071-final-v1,B,776,b9f0286bfdd0004d82e2,SODA-A,images/b9f0286bfdd0004d82e2.jpg,,,,,,
m4-071-final-v1,B,777,7bf0c41f40712b04ef03,DIOR-R,images/7bf0c41f40712b04ef03.jpg,,,,,,
m4-071-final-v1,B,778,97b8fec21173e2bfd6e8,SODA-A,images/97b8fec21173e2bfd6e8.jpg,,,,,,
m4-071-final-v1,B,779,5b2e8096909d60487cb6,SODA-A,images/5b2e8096909d60487cb6.jpg,,,,,,
m4-071-final-v1,B,780,e8a726da808c531ac694,FAIR1M-v1.0,images/e8a726da808c531ac694.jpg,,,,,,
m4-071-final-v1,B,781,fe6b24ebfb7dc002f21b,DIOR-R,images/fe6b24ebfb7dc002f21b.jpg,,,,,,
m4-071-final-v1,B,782,360390f8af64c82e647d,DIOR-R,images/360390f8af64c82e647d.jpg,,,,,,
m4-071-final-v1,B,783,8e1ce07e14796ea7ffe5,FAIR1M-v1.0,images/8e1ce07e14796ea7ffe5.jpg,,,,,,
m4-071-final-v1,B,784,2bd27c0d9680292363f1,SODA-A,images/2bd27c0d9680292363f1.jpg,,,,,,
m4-071-final-v1,B,785,551b8c35bc5a12c34e54,DIOR-R,images/551b8c35bc5a12c34e54.jpg,,,,,,
m4-071-final-v1,B,786,ec4fa0aac72c817e2356,FAIR1M-v1.0,images/ec4fa0aac72c817e2356.jpg,,,,,,
m4-071-final-v1,B,787,ade11f8c5bb4db555748,DIOR-R,images/ade11f8c5bb4db555748.jpg,,,,,,
m4-071-final-v1,B,788,e75a286885d68723f8b8,FAIR1M-v1.0,images/e75a286885d68723f8b8.jpg,,,,,,
m4-071-final-v1,B,789,86f16a3a4724b0f24774,SODA-A,images/86f16a3a4724b0f24774.jpg,,,,,,
m4-071-final-v1,B,790,3401f44777db75dcac50,DIOR-R,images/3401f44777db75dcac50.jpg,,,,,,
m4-071-final-v1,B,791,8be90c3e16159be1ef9e,FAIR1M-v1.0,images/8be90c3e16159be1ef9e.jpg,,,,,,
m4-071-final-v1,B,792,3ee4bd2aeef348d52cb2,DIOR-R,images/3ee4bd2aeef348d52cb2.jpg,,,,,,
m4-071-final-v1,B,793,c9b7f1d4902b0b969101,SODA-A,images/c9b7f1d4902b0b969101.jpg,,,,,,
m4-071-final-v1,B,794,1feaaeacab24d7ea1704,SODA-A,images/1feaaeacab24d7ea1704.jpg,,,,,,
m4-071-final-v1,B,795,e3d73df604308a951c33,DIOR-R,images/e3d73df604308a951c33.jpg,,,,,,
m4-071-final-v1,B,796,7195f23ef40a083e960d,SODA-A,images/7195f23ef40a083e960d.jpg,,,,,,
m4-071-final-v1,B,797,c573cb18087eea29d269,DIOR-R,images/c573cb18087eea29d269.jpg,,,,,,
m4-071-final-v1,B,798,41fcd27b0ad4ee57cbbd,DIOR-R,images/41fcd27b0ad4ee57cbbd.jpg,,,,,,
m4-071-final-v1,B,799,878ae6f97506324a06dc,FAIR1M-v1.0,images/878ae6f97506324a06dc.jpg,,,,,,
m4-071-final-v1,B,800,40d8b23122c5db7d71d2,SODA-A,images/40d8b23122c5db7d71d2.jpg,,,,,,
m4-071-final-v1,B,801,fd5464c5f5a9ed1890be,FAIR1M-v1.0,images/fd5464c5f5a9ed1890be.jpg,,,,,,
m4-071-final-v1,B,802,234bbb126645f223ace0,FAIR1M-v1.0,images/234bbb126645f223ace0.jpg,,,,,,
m4-071-final-v1,B,803,d949925e884ed26b101f,SODA-A,images/d949925e884ed26b101f.jpg,,,,,,
m4-071-final-v1,B,804,d10560bd18ed489bf4f4,FAIR1M-v1.0,images/d10560bd18ed489bf4f4.jpg,,,,,,
m4-071-final-v1,B,805,a956399a9b91da26caf8,FAIR1M-v1.0,images/a956399a9b91da26caf8.jpg,,,,,,
m4-071-final-v1,B,806,3fe3cfeedb35eb8b09de,SODA-A,images/3fe3cfeedb35eb8b09de.jpg,,,,,,
m4-071-final-v1,B,807,921538918935a9ad8ce1,FAIR1M-v1.0,images/921538918935a9ad8ce1.jpg,,,,,,
m4-071-final-v1,B,808,54fc43dbf1c1db07f1d8,SODA-A,images/54fc43dbf1c1db07f1d8.jpg,,,,,,
m4-071-final-v1,B,809,1969e7c6f3ad1491cc79,DIOR-R,images/1969e7c6f3ad1491cc79.jpg,,,,,,
m4-071-final-v1,B,810,0127a6320807db54cf9f,DIOR-R,images/0127a6320807db54cf9f.jpg,,,,,,
m4-071-final-v1,B,811,e4126eb17a1cb75e6fd1,FAIR1M-v1.0,images/e4126eb17a1cb75e6fd1.jpg,,,,,,
m4-071-final-v1,B,812,206ecb1de6a80be1a37d,FAIR1M-v1.0,images/206ecb1de6a80be1a37d.jpg,,,,,,
m4-071-final-v1,B,813,59a4ad393fd1a2885826,FAIR1M-v1.0,images/59a4ad393fd1a2885826.jpg,,,,,,
m4-071-final-v1,B,814,1fc8ac12b048aca32513,FAIR1M-v1.0,images/1fc8ac12b048aca32513.jpg,,,,,,
m4-071-final-v1,B,815,41db8388513f18ce232a,FAIR1M-v1.0,images/41db8388513f18ce232a.jpg,,,,,,
m4-071-final-v1,B,816,0073d2d90111af2ad0d7,DIOR-R,images/0073d2d90111af2ad0d7.jpg,,,,,,
m4-071-final-v1,B,817,f1ea164539920342c8a3,DIOR-R,images/f1ea164539920342c8a3.jpg,,,,,,
m4-071-final-v1,B,818,80a23f14d34ba4e2e6cc,FAIR1M-v1.0,images/80a23f14d34ba4e2e6cc.jpg,,,,,,
m4-071-final-v1,B,819,347e3370339a4bf2ffc6,FAIR1M-v1.0,images/347e3370339a4bf2ffc6.jpg,,,,,,
m4-071-final-v1,B,820,6ef481af5fdd26460eb7,SODA-A,images/6ef481af5fdd26460eb7.jpg,,,,,,
m4-071-final-v1,B,821,7bf86611814bc3fc15ec,FAIR1M-v1.0,images/7bf86611814bc3fc15ec.jpg,,,,,,
m4-071-final-v1,B,822,acdf6f378b19fc7ce6dd,FAIR1M-v1.0,images/acdf6f378b19fc7ce6dd.jpg,,,,,,
m4-071-final-v1,B,823,e694d213d3401c772809,FAIR1M-v1.0,images/e694d213d3401c772809.jpg,,,,,,
m4-071-final-v1,B,824,c2babbf2037c7f061104,DIOR-R,images/c2babbf2037c7f061104.jpg,,,,,,
m4-071-final-v1,B,825,1b34db36945cdf30ce2d,FAIR1M-v1.0,images/1b34db36945cdf30ce2d.jpg,,,,,,
m4-071-final-v1,B,826,aa652c71d321c13ce9c0,FAIR1M-v1.0,images/aa652c71d321c13ce9c0.jpg,,,,,,
m4-071-final-v1,B,827,280493173eb6d0ad0080,DIOR-R,images/280493173eb6d0ad0080.jpg,,,,,,
m4-071-final-v1,B,828,03b0a0e1c805bf7ac77a,SODA-A,images/03b0a0e1c805bf7ac77a.jpg,,,,,,
m4-071-final-v1,B,829,aa716f288ef4c02ca9d1,FAIR1M-v1.0,images/aa716f288ef4c02ca9d1.jpg,,,,,,
m4-071-final-v1,B,830,79b0659d2d3426d04171,DIOR-R,images/79b0659d2d3426d04171.jpg,,,,,,
m4-071-final-v1,B,831,54ca2d88cb128e11ffeb,DIOR-R,images/54ca2d88cb128e11ffeb.jpg,,,,,,
m4-071-final-v1,B,832,b77acbd418f8f2d75dba,DIOR-R,images/b77acbd418f8f2d75dba.jpg,,,,,,
m4-071-final-v1,B,833,36fe66736691ba6125a0,SODA-A,images/36fe66736691ba6125a0.jpg,,,,,,
m4-071-final-v1,B,834,af3cf607df72913589d7,SODA-A,images/af3cf607df72913589d7.jpg,,,,,,
m4-071-final-v1,B,835,32c7cb6222f821c4b691,SODA-A,images/32c7cb6222f821c4b691.jpg,,,,,,
m4-071-final-v1,B,836,efd68a19a9c2ea9f3c8f,SODA-A,images/efd68a19a9c2ea9f3c8f.jpg,,,,,,
m4-071-final-v1,B,837,2b2f18dbf2b8b9428b65,FAIR1M-v1.0,images/2b2f18dbf2b8b9428b65.jpg,,,,,,
m4-071-final-v1,B,838,fdd80e555af35f90e602,FAIR1M-v1.0,images/fdd80e555af35f90e602.jpg,,,,,,
m4-071-final-v1,B,839,9ec35c00c71809e0504c,SODA-A,images/9ec35c00c71809e0504c.jpg,,,,,,
m4-071-final-v1,B,840,f63aa30674c08d8cf249,FAIR1M-v1.0,images/f63aa30674c08d8cf249.jpg,,,,,,
m4-071-final-v1,B,841,da1d41f67fb21c002171,DIOR-R,images/da1d41f67fb21c002171.jpg,,,,,,
m4-071-final-v1,B,842,be84d0b3b00bb76625b2,SODA-A,images/be84d0b3b00bb76625b2.jpg,,,,,,
m4-071-final-v1,B,843,2932d376133894ad7c1e,DIOR-R,images/2932d376133894ad7c1e.jpg,,,,,,
m4-071-final-v1,B,844,1c80a24edc535033f135,SODA-A,images/1c80a24edc535033f135.jpg,,,,,,
m4-071-final-v1,B,845,c6597d4244507a91a6e0,SODA-A,images/c6597d4244507a91a6e0.jpg,,,,,,
m4-071-final-v1,B,846,58a8b00a096acba8a492,FAIR1M-v1.0,images/58a8b00a096acba8a492.jpg,,,,,,
m4-071-final-v1,B,847,39b13cbaee3c264fb45b,DIOR-R,images/39b13cbaee3c264fb45b.jpg,,,,,,
m4-071-final-v1,B,848,8c42028b196919c5fd14,FAIR1M-v1.0,images/8c42028b196919c5fd14.jpg,,,,,,
m4-071-final-v1,B,849,cb8f0177842c79c0cf17,SODA-A,images/cb8f0177842c79c0cf17.jpg,,,,,,
m4-071-final-v1,B,850,f3410d59b6eecf5a07dd,DIOR-R,images/f3410d59b6eecf5a07dd.jpg,,,,,,
m4-071-final-v1,B,851,be7d4fb783f506c081b7,DIOR-R,images/be7d4fb783f506c081b7.jpg,,,,,,
m4-071-final-v1,B,852,961a7afee95442f025e6,FAIR1M-v1.0,images/961a7afee95442f025e6.jpg,,,,,,
m4-071-final-v1,B,853,14a182dc8c16df3351c4,SODA-A,images/14a182dc8c16df3351c4.jpg,,,,,,
m4-071-final-v1,B,854,dca149fa232f60e46ff5,SODA-A,images/dca149fa232f60e46ff5.jpg,,,,,,
m4-071-final-v1,B,855,730a91ccf3b9bdf38395,DIOR-R,images/730a91ccf3b9bdf38395.jpg,,,,,,
m4-071-final-v1,B,856,1db859f4a12a665320d3,SODA-A,images/1db859f4a12a665320d3.jpg,,,,,,
m4-071-final-v1,B,857,31891eddc6ff148640f3,SODA-A,images/31891eddc6ff148640f3.jpg,,,,,,
m4-071-final-v1,B,858,ca51f9b5a52ab7699a67,SODA-A,images/ca51f9b5a52ab7699a67.jpg,,,,,,
m4-071-final-v1,B,859,f8d80325cbf4971c3b5e,DIOR-R,images/f8d80325cbf4971c3b5e.jpg,,,,,,
m4-071-final-v1,B,860,efdf4739e60f670b8591,FAIR1M-v1.0,images/efdf4739e60f670b8591.jpg,,,,,,
m4-071-final-v1,B,861,b67390d8fa470d7de17a,SODA-A,images/b67390d8fa470d7de17a.jpg,,,,,,
m4-071-final-v1,B,862,5185e326d69c462c5332,SODA-A,images/5185e326d69c462c5332.jpg,,,,,,
m4-071-final-v1,B,863,93f9e7726d15972f4785,DIOR-R,images/93f9e7726d15972f4785.jpg,,,,,,
m4-071-final-v1,B,864,a244b5eb4c83d6fcb80c,SODA-A,images/a244b5eb4c83d6fcb80c.jpg,,,,,,
m4-071-final-v1,B,865,9ba4fdbc9e03d210c036,DIOR-R,images/9ba4fdbc9e03d210c036.jpg,,,,,,
m4-071-final-v1,B,866,65fb082bc22cc75a3f00,DIOR-R,images/65fb082bc22cc75a3f00.jpg,,,,,,
m4-071-final-v1,B,867,d5589129ee3e3b54f45c,FAIR1M-v1.0,images/d5589129ee3e3b54f45c.jpg,,,,,,
m4-071-final-v1,B,868,4be4007d3d0199fb1edb,DIOR-R,images/4be4007d3d0199fb1edb.jpg,,,,,,
m4-071-final-v1,B,869,c7666eed43d176fee31c,FAIR1M-v1.0,images/c7666eed43d176fee31c.jpg,,,,,,
m4-071-final-v1,B,870,d6fe84573c3a9e675c38,FAIR1M-v1.0,images/d6fe84573c3a9e675c38.jpg,,,,,,
m4-071-final-v1,B,871,7fdf34b61949c3f08804,SODA-A,images/7fdf34b61949c3f08804.jpg,,,,,,
m4-071-final-v1,B,872,49c6e466044a7c7d8fb4,DIOR-R,images/49c6e466044a7c7d8fb4.jpg,,,,,,
m4-071-final-v1,B,873,27fe7804cb66c8c09766,DIOR-R,images/27fe7804cb66c8c09766.jpg,,,,,,
m4-071-final-v1,B,874,e4088b7c04a591d7ec5a,FAIR1M-v1.0,images/e4088b7c04a591d7ec5a.jpg,,,,,,
m4-071-final-v1,B,875,a401a4e0eb74f6ec7923,FAIR1M-v1.0,images/a401a4e0eb74f6ec7923.jpg,,,,,,
m4-071-final-v1,B,876,c6896e0091349eda8eef,DIOR-R,images/c6896e0091349eda8eef.jpg,,,,,,
m4-071-final-v1,B,877,b84e0004a4f32ff01ba7,FAIR1M-v1.0,images/b84e0004a4f32ff01ba7.jpg,,,,,,
m4-071-final-v1,B,878,d8257f2fe1a6212bf532,FAIR1M-v1.0,images/d8257f2fe1a6212bf532.jpg,,,,,,
m4-071-final-v1,B,879,3936b0422fd8966cc68b,FAIR1M-v1.0,images/3936b0422fd8966cc68b.jpg,,,,,,
m4-071-final-v1,B,880,8f2b323cad4ba047a1e8,SODA-A,images/8f2b323cad4ba047a1e8.jpg,,,,,,
m4-071-final-v1,B,881,17a1d6052a47d9142727,DIOR-R,images/17a1d6052a47d9142727.jpg,,,,,,
m4-071-final-v1,B,882,65f9b21596a7933c61d2,DIOR-R,images/65f9b21596a7933c61d2.jpg,,,,,,
m4-071-final-v1,B,883,58d8541f7cda58b04830,SODA-A,images/58d8541f7cda58b04830.jpg,,,,,,
m4-071-final-v1,B,884,a3f1135f160a17f3e385,FAIR1M-v1.0,images/a3f1135f160a17f3e385.jpg,,,,,,
m4-071-final-v1,B,885,9ed510ad6511d35fcc67,SODA-A,images/9ed510ad6511d35fcc67.jpg,,,,,,
m4-071-final-v1,B,886,8991f093bdb0ed634b5b,FAIR1M-v1.0,images/8991f093bdb0ed634b5b.jpg,,,,,,
m4-071-final-v1,B,887,dae12b40d7f18294e418,SODA-A,images/dae12b40d7f18294e418.jpg,,,,,,
m4-071-final-v1,B,888,5e131a2dc8624e7e92eb,DIOR-R,images/5e131a2dc8624e7e92eb.jpg,,,,,,
m4-071-final-v1,B,889,835c3ceecc4d065048df,DIOR-R,images/835c3ceecc4d065048df.jpg,,,,,,
m4-071-final-v1,B,890,7b9f69c52e1cb20330ec,SODA-A,images/7b9f69c52e1cb20330ec.jpg,,,,,,
m4-071-final-v1,B,891,418ee35ed90b0391904a,FAIR1M-v1.0,images/418ee35ed90b0391904a.jpg,,,,,,
m4-071-final-v1,B,892,a397d36ef12c39710d89,DIOR-R,images/a397d36ef12c39710d89.jpg,,,,,,
m4-071-final-v1,B,893,2a50e4232fba5253ccce,SODA-A,images/2a50e4232fba5253ccce.jpg,,,,,,
m4-071-final-v1,B,894,9de2316af1899c829230,DIOR-R,images/9de2316af1899c829230.jpg,,,,,,
m4-071-final-v1,B,895,65e8aeb38afcb63de4f7,DIOR-R,images/65e8aeb38afcb63de4f7.jpg,,,,,,
m4-071-final-v1,B,896,039fcf3bd34581e1d205,FAIR1M-v1.0,images/039fcf3bd34581e1d205.jpg,,,,,,
m4-071-final-v1,B,897,148c7fe80eb5ff79bc8c,FAIR1M-v1.0,images/148c7fe80eb5ff79bc8c.jpg,,,,,,
m4-071-final-v1,B,898,12d369f91b25183a823a,SODA-A,images/12d369f91b25183a823a.jpg,,,,,,
m4-071-final-v1,B,899,4ca4e6ad2d9c4c2afecb,FAIR1M-v1.0,images/4ca4e6ad2d9c4c2afecb.jpg,,,,,,
m4-071-final-v1,B,900,605353852d4596405a7a,FAIR1M-v1.0,images/605353852d4596405a7a.jpg,,,,,,
m4-071-final-v1,B,901,90f0f0b80f3557f768eb,SODA-A,images/90f0f0b80f3557f768eb.jpg,,,,,,
m4-071-final-v1,B,902,2e416153a75cfe10e1d0,SODA-A,images/2e416153a75cfe10e1d0.jpg,,,,,,
m4-071-final-v1,B,903,f44332e0e2a1ff535989,DIOR-R,images/f44332e0e2a1ff535989.jpg,,,,,,
m4-071-final-v1,B,904,dcd763c79a53ec555d3d,SODA-A,images/dcd763c79a53ec555d3d.jpg,,,,,,
m4-071-final-v1,B,905,ab8c7c87677756aca66d,SODA-A,images/ab8c7c87677756aca66d.jpg,,,,,,
m4-071-final-v1,B,906,3ff86ae962458c8a8ca9,SODA-A,images/3ff86ae962458c8a8ca9.jpg,,,,,,
m4-071-final-v1,B,907,0012a56ba999cb573ec2,DIOR-R,images/0012a56ba999cb573ec2.jpg,,,,,,
m4-071-final-v1,B,908,dce452051e33f8b1712d,DIOR-R,images/dce452051e33f8b1712d.jpg,,,,,,
m4-071-final-v1,B,909,aa732cc4fc5e42be7e9d,FAIR1M-v1.0,images/aa732cc4fc5e42be7e9d.jpg,,,,,,
m4-071-final-v1,B,910,9b05b669c075bbcb8437,DIOR-R,images/9b05b669c075bbcb8437.jpg,,,,,,
m4-071-final-v1,B,911,a231f7abcaf49755a70a,DIOR-R,images/a231f7abcaf49755a70a.jpg,,,,,,
m4-071-final-v1,B,912,9b0e1f54bb0e33efa7f5,FAIR1M-v1.0,images/9b0e1f54bb0e33efa7f5.jpg,,,,,,
m4-071-final-v1,B,913,179c0c49466dfb2ce542,SODA-A,images/179c0c49466dfb2ce542.jpg,,,,,,
m4-071-final-v1,B,914,b1047062222d2a3ecf4d,DIOR-R,images/b1047062222d2a3ecf4d.jpg,,,,,,
m4-071-final-v1,B,915,9be5b48d48c5d54a44f2,DIOR-R,images/9be5b48d48c5d54a44f2.jpg,,,,,,
m4-071-final-v1,B,916,c835a60bb9e3ff49353e,FAIR1M-v1.0,images/c835a60bb9e3ff49353e.jpg,,,,,,
m4-071-final-v1,B,917,6a6f8ae2fa801979e0bd,FAIR1M-v1.0,images/6a6f8ae2fa801979e0bd.jpg,,,,,,
m4-071-final-v1,B,918,17c83482fce75a24d9fd,FAIR1M-v1.0,images/17c83482fce75a24d9fd.jpg,,,,,,
m4-071-final-v1,B,919,c3c17678f4196728eea6,SODA-A,images/c3c17678f4196728eea6.jpg,,,,,,
m4-071-final-v1,B,920,c6bf39b757fcae381695,DIOR-R,images/c6bf39b757fcae381695.jpg,,,,,,
m4-071-final-v1,B,921,8e0f172d8cf3ab6fa5c5,FAIR1M-v1.0,images/8e0f172d8cf3ab6fa5c5.jpg,,,,,,
m4-071-final-v1,B,922,b3c4c155642623a55cd8,SODA-A,images/b3c4c155642623a55cd8.jpg,,,,,,
m4-071-final-v1,B,923,422284324199d3d32e38,SODA-A,images/422284324199d3d32e38.jpg,,,,,,
m4-071-final-v1,B,924,82afcfb9c49dae5e01f5,SODA-A,images/82afcfb9c49dae5e01f5.jpg,,,,,,
m4-071-final-v1,B,925,0fb10b3f67951b11ab74,SODA-A,images/0fb10b3f67951b11ab74.jpg,,,,,,
m4-071-final-v1,B,926,ca9aaf24f997f5c87c36,FAIR1M-v1.0,images/ca9aaf24f997f5c87c36.jpg,,,,,,
m4-071-final-v1,B,927,2d58f998d980b1c4a503,DIOR-R,images/2d58f998d980b1c4a503.jpg,,,,,,
m4-071-final-v1,B,928,e44b422a500a0f520c30,FAIR1M-v1.0,images/e44b422a500a0f520c30.jpg,,,,,,
m4-071-final-v1,B,929,20b5b33a26e2143f5731,DIOR-R,images/20b5b33a26e2143f5731.jpg,,,,,,
m4-071-final-v1,B,930,b5592b829a78b3f7c9dc,FAIR1M-v1.0,images/b5592b829a78b3f7c9dc.jpg,,,,,,
m4-071-final-v1,B,931,ad543a3ac7f3a0e91dc0,FAIR1M-v1.0,images/ad543a3ac7f3a0e91dc0.jpg,,,,,,
m4-071-final-v1,B,932,c893500053abc5d2653c,DIOR-R,images/c893500053abc5d2653c.jpg,,,,,,
m4-071-final-v1,B,933,e575dee8d14f1046cf6f,DIOR-R,images/e575dee8d14f1046cf6f.jpg,,,,,,
m4-071-final-v1,B,934,9175bea36156f0b6ac11,SODA-A,images/9175bea36156f0b6ac11.jpg,,,,,,
m4-071-final-v1,B,935,8a58ba368c494dc53875,SODA-A,images/8a58ba368c494dc53875.jpg,,,,,,
m4-071-final-v1,B,936,ec6cf92e54de5003135b,SODA-A,images/ec6cf92e54de5003135b.jpg,,,,,,
m4-071-final-v1,B,937,69f3d9bdd0a0936ef8c7,FAIR1M-v1.0,images/69f3d9bdd0a0936ef8c7.jpg,,,,,,
m4-071-final-v1,B,938,4aadb8f33b16e2c27584,DIOR-R,images/4aadb8f33b16e2c27584.jpg,,,,,,
m4-071-final-v1,B,939,ba6b4d2d631db678cf4c,SODA-A,images/ba6b4d2d631db678cf4c.jpg,,,,,,
m4-071-final-v1,B,940,559f25fdfcf948e4d3f9,SODA-A,images/559f25fdfcf948e4d3f9.jpg,,,,,,
m4-071-final-v1,B,941,1b27555e4a8374b494b8,FAIR1M-v1.0,images/1b27555e4a8374b494b8.jpg,,,,,,
m4-071-final-v1,B,942,ab4e95c98dca9fd207f6,FAIR1M-v1.0,images/ab4e95c98dca9fd207f6.jpg,,,,,,
m4-071-final-v1,B,943,9427df96e78ce9ad0651,DIOR-R,images/9427df96e78ce9ad0651.jpg,,,,,,
m4-071-final-v1,B,944,4b16089184c701674973,DIOR-R,images/4b16089184c701674973.jpg,,,,,,
m4-071-final-v1,B,945,aca3fa46729bd1ab0413,FAIR1M-v1.0,images/aca3fa46729bd1ab0413.jpg,,,,,,
m4-071-final-v1,B,946,f08a2ffabbab6ff00c07,DIOR-R,images/f08a2ffabbab6ff00c07.jpg,,,,,,
m4-071-final-v1,B,947,86bf26b963188c6bb019,SODA-A,images/86bf26b963188c6bb019.jpg,,,,,,
m4-071-final-v1,B,948,4c58c8782499d45466ab,SODA-A,images/4c58c8782499d45466ab.jpg,,,,,,
m4-071-final-v1,B,949,d6b80371a23f933a5d06,DIOR-R,images/d6b80371a23f933a5d06.jpg,,,,,,
m4-071-final-v1,B,950,2ce5c07022639efa989f,FAIR1M-v1.0,images/2ce5c07022639efa989f.jpg,,,,,,
m4-071-final-v1,B,951,6c3514a33f22b55159a4,DIOR-R,images/6c3514a33f22b55159a4.jpg,,,,,,
m4-071-final-v1,B,952,c0b1ddb0d1462149d9c8,DIOR-R,images/c0b1ddb0d1462149d9c8.jpg,,,,,,
m4-071-final-v1,B,953,c4b3cfa5d4aea18645e1,SODA-A,images/c4b3cfa5d4aea18645e1.jpg,,,,,,
m4-071-final-v1,B,954,62efb51c15fea5efa813,FAIR1M-v1.0,images/62efb51c15fea5efa813.jpg,,,,,,
m4-071-final-v1,B,955,f360d5388708fbd04d2b,DIOR-R,images/f360d5388708fbd04d2b.jpg,,,,,,
m4-071-final-v1,B,956,e84d26d929739bd8bf80,DIOR-R,images/e84d26d929739bd8bf80.jpg,,,,,,
m4-071-final-v1,B,957,52492b0a9ecd94aba89d,DIOR-R,images/52492b0a9ecd94aba89d.jpg,,,,,,
m4-071-final-v1,B,958,d602fbf0fe9c1d5b47ae,SODA-A,images/d602fbf0fe9c1d5b47ae.jpg,,,,,,
m4-071-final-v1,B,959,cb67fae88aa9ac69cb4f,SODA-A,images/cb67fae88aa9ac69cb4f.jpg,,,,,,
m4-071-final-v1,B,960,9816adf441510771f19b,DIOR-R,images/9816adf441510771f19b.jpg,,,,,,
m4-071-final-v1,B,961,065aba7fef61f744f0da,DIOR-R,images/065aba7fef61f744f0da.jpg,,,,,,
m4-071-final-v1,B,962,ae7407c66e1219e4952c,DIOR-R,images/ae7407c66e1219e4952c.jpg,,,,,,
m4-071-final-v1,B,963,028a1284d807dd1c895f,SODA-A,images/028a1284d807dd1c895f.jpg,,,,,,
m4-071-final-v1,B,964,49eb14b3556c77ff1dd1,FAIR1M-v1.0,images/49eb14b3556c77ff1dd1.jpg,,,,,,
m4-071-final-v1,B,965,5afe63dcaf172b735fc0,FAIR1M-v1.0,images/5afe63dcaf172b735fc0.jpg,,,,,,
m4-071-final-v1,B,966,84361791fdfa59e9d63f,DIOR-R,images/84361791fdfa59e9d63f.jpg,,,,,,
m4-071-final-v1,B,967,de9c5b314c6592a53b22,SODA-A,images/de9c5b314c6592a53b22.jpg,,,,,,
m4-071-final-v1,B,968,77dbbb728008cc083a05,SODA-A,images/77dbbb728008cc083a05.jpg,,,,,,
m4-071-final-v1,B,969,1850ebcf73982b46501d,DIOR-R,images/1850ebcf73982b46501d.jpg,,,,,,
m4-071-final-v1,B,970,ae571db80a792b34223b,DIOR-R,images/ae571db80a792b34223b.jpg,,,,,,
m4-071-final-v1,B,971,0f1d7f74cc33faff7bc3,DIOR-R,images/0f1d7f74cc33faff7bc3.jpg,,,,,,
m4-071-final-v1,B,972,027ac5798e639ff416a7,DIOR-R,images/027ac5798e639ff416a7.jpg,,,,,,
m4-071-final-v1,B,973,be78d1ed7b681c90e493,DIOR-R,images/be78d1ed7b681c90e493.jpg,,,,,,
m4-071-final-v1,B,974,e3104de394b226529ad1,FAIR1M-v1.0,images/e3104de394b226529ad1.jpg,,,,,,
m4-071-final-v1,B,975,ab708a73794176490ae4,FAIR1M-v1.0,images/ab708a73794176490ae4.jpg,,,,,,
m4-071-final-v1,B,976,3de480c2c4999f2114a9,FAIR1M-v1.0,images/3de480c2c4999f2114a9.jpg,,,,,,
m4-071-final-v1,B,977,4822967fdce51ea62513,SODA-A,images/4822967fdce51ea62513.jpg,,,,,,
m4-071-final-v1,B,978,73b9f98931a5ccf2e3bb,DIOR-R,images/73b9f98931a5ccf2e3bb.jpg,,,,,,
m4-071-final-v1,B,979,35a0000dc9709c6dddd4,SODA-A,images/35a0000dc9709c6dddd4.jpg,,,,,,
m4-071-final-v1,B,980,bd029feb75e0b163df82,SODA-A,images/bd029feb75e0b163df82.jpg,,,,,,
m4-071-final-v1,B,981,f963586a8fb0fa7a8371,SODA-A,images/f963586a8fb0fa7a8371.jpg,,,,,,
m4-071-final-v1,B,982,b4921153faa7d179bd92,FAIR1M-v1.0,images/b4921153faa7d179bd92.jpg,,,,,,
m4-071-final-v1,B,983,43c12b863defda26544b,FAIR1M-v1.0,images/43c12b863defda26544b.jpg,,,,,,
m4-071-final-v1,B,984,bd2c1f900f9d67392a76,SODA-A,images/bd2c1f900f9d67392a76.jpg,,,,,,
m4-071-final-v1,B,985,60594edf4346364a30d7,SODA-A,images/60594edf4346364a30d7.jpg,,,,,,
m4-071-final-v1,B,986,ab6c24cce6fc5585ca97,DIOR-R,images/ab6c24cce6fc5585ca97.jpg,,,,,,
m4-071-final-v1,B,987,94954e6e49da9bfc8081,FAIR1M-v1.0,images/94954e6e49da9bfc8081.jpg,,,,,,
m4-071-final-v1,B,988,8bfed8d6cb7853d60d20,FAIR1M-v1.0,images/8bfed8d6cb7853d60d20.jpg,,,,,,
m4-071-final-v1,B,989,3afe30619d386c6339bc,DIOR-R,images/3afe30619d386c6339bc.jpg,,,,,,
m4-071-final-v1,B,990,b4bfdee19dfe8f92d1e4,FAIR1M-v1.0,images/b4bfdee19dfe8f92d1e4.jpg,,,,,,
m4-071-final-v1,B,991,e542125b8923d39704b4,FAIR1M-v1.0,images/e542125b8923d39704b4.jpg,,,,,,
m4-071-final-v1,B,992,4ef85b43b9118b56b90a,FAIR1M-v1.0,images/4ef85b43b9118b56b90a.jpg,,,,,,
m4-071-final-v1,B,993,3cfab9c83a3a4ae1c941,FAIR1M-v1.0,images/3cfab9c83a3a4ae1c941.jpg,,,,,,
m4-071-final-v1,B,994,a31906505d6dff579f57,SODA-A,images/a31906505d6dff579f57.jpg,,,,,,
m4-071-final-v1,B,995,9ed2086db00dc9b608b5,DIOR-R,images/9ed2086db00dc9b608b5.jpg,,,,,,
m4-071-final-v1,B,996,410ce376fb98476ecb9e,SODA-A,images/410ce376fb98476ecb9e.jpg,,,,,,
m4-071-final-v1,B,997,b9d18dfeaaffeec26c32,SODA-A,images/b9d18dfeaaffeec26c32.jpg,,,,,,
m4-071-final-v1,B,998,f8899a97f3c9bdde6455,SODA-A,images/f8899a97f3c9bdde6455.jpg,,,,,,
m4-071-final-v1,B,999,c6d8d184e205dd88dc60,SODA-A,images/c6d8d184e205dd88dc60.jpg,,,,,,
m4-071-final-v1,B,1000,a1eefedfd07fa5bad261,SODA-A,images/a1eefedfd07fa5bad261.jpg,,,,,,
m4-071-final-v1,B,1001,41b13918a3d17f4f5015,FAIR1M-v1.0,images/41b13918a3d17f4f5015.jpg,,,,,,
m4-071-final-v1,B,1002,13add5fac73ab8a398de,DIOR-R,images/13add5fac73ab8a398de.jpg,,,,,,
m4-071-final-v1,B,1003,87c9f88b11dc8256bb43,SODA-A,images/87c9f88b11dc8256bb43.jpg,,,,,,
m4-071-final-v1,B,1004,e940ae7db2db577182af,SODA-A,images/e940ae7db2db577182af.jpg,,,,,,
m4-071-final-v1,B,1005,24116e7b728b8f42d1bf,FAIR1M-v1.0,images/24116e7b728b8f42d1bf.jpg,,,,,,
m4-071-final-v1,B,1006,407e2ea751437356ed44,FAIR1M-v1.0,images/407e2ea751437356ed44.jpg,,,,,,
m4-071-final-v1,B,1007,4ad2653c484b83e8885e,SODA-A,images/4ad2653c484b83e8885e.jpg,,,,,,
m4-071-final-v1,B,1008,3137c00e50f37c4b16c3,SODA-A,images/3137c00e50f37c4b16c3.jpg,,,,,,
m4-071-final-v1,B,1009,3434f9334e89ea98bd62,FAIR1M-v1.0,images/3434f9334e89ea98bd62.jpg,,,,,,
m4-071-final-v1,B,1010,a66c2853fe88bb3e1f96,DIOR-R,images/a66c2853fe88bb3e1f96.jpg,,,,,,
m4-071-final-v1,B,1011,6f9bee01187da44da670,SODA-A,images/6f9bee01187da44da670.jpg,,,,,,
m4-071-final-v1,B,1012,7924ca0ccda1f6b2deed,FAIR1M-v1.0,images/7924ca0ccda1f6b2deed.jpg,,,,,,
m4-071-final-v1,B,1013,c52c2588d105f249c568,FAIR1M-v1.0,images/c52c2588d105f249c568.jpg,,,,,,
m4-071-final-v1,B,1014,fa114a4243874b8e6345,FAIR1M-v1.0,images/fa114a4243874b8e6345.jpg,,,,,,
m4-071-final-v1,B,1015,5f91ed58c0773515ba79,SODA-A,images/5f91ed58c0773515ba79.jpg,,,,,,
m4-071-final-v1,B,1016,27f08bb2cb3d5dc61195,FAIR1M-v1.0,images/27f08bb2cb3d5dc61195.jpg,,,,,,
m4-071-final-v1,B,1017,d8c2ac83db743a8a6e8a,FAIR1M-v1.0,images/d8c2ac83db743a8a6e8a.jpg,,,,,,
m4-071-final-v1,B,1018,91f471f27fe8537dbe5d,DIOR-R,images/91f471f27fe8537dbe5d.jpg,,,,,,
m4-071-final-v1,B,1019,e40d3422b59f39a0f20b,FAIR1M-v1.0,images/e40d3422b59f39a0f20b.jpg,,,,,,
m4-071-final-v1,B,1020,5897bf3022572e937a5e,SODA-A,images/5897bf3022572e937a5e.jpg,,,,,,
m4-071-final-v1,B,1021,1efb41ae1be84d1268eb,FAIR1M-v1.0,images/1efb41ae1be84d1268eb.jpg,,,,,,
m4-071-final-v1,B,1022,d0d5c141fe76403552b8,DIOR-R,images/d0d5c141fe76403552b8.jpg,,,,,,
m4-071-final-v1,B,1023,45183d55321a8aa8fd20,FAIR1M-v1.0,images/45183d55321a8aa8fd20.jpg,,,,,,
m4-071-final-v1,B,1024,65554cf0eaaff290dc27,SODA-A,images/65554cf0eaaff290dc27.jpg,,,,,,
m4-071-final-v1,B,1025,38cd9edf4cf9d4121536,SODA-A,images/38cd9edf4cf9d4121536.jpg,,,,,,
m4-071-final-v1,B,1026,688d9c5083e618205c6c,FAIR1M-v1.0,images/688d9c5083e618205c6c.jpg,,,,,,
m4-071-final-v1,B,1027,1dd127eb0ac43a11d1da,DIOR-R,images/1dd127eb0ac43a11d1da.jpg,,,,,,
m4-071-final-v1,B,1028,a0a31607c7d39bb59d31,SODA-A,images/a0a31607c7d39bb59d31.jpg,,,,,,
m4-071-final-v1,B,1029,607ef9d1bf6a79fe7ebe,DIOR-R,images/607ef9d1bf6a79fe7ebe.jpg,,,,,,
m4-071-final-v1,B,1030,f9f605a2e3aba4427864,SODA-A,images/f9f605a2e3aba4427864.jpg,,,,,,
m4-071-final-v1,B,1031,5ec62feacbb80bd5ff8a,FAIR1M-v1.0,images/5ec62feacbb80bd5ff8a.jpg,,,,,,
m4-071-final-v1,B,1032,6d596ca98ba084707167,FAIR1M-v1.0,images/6d596ca98ba084707167.jpg,,,,,,
m4-071-final-v1,B,1033,afcda44ddae4e9d5c44d,DIOR-R,images/afcda44ddae4e9d5c44d.jpg,,,,,,
m4-071-final-v1,B,1034,d7a7770420417fa73710,SODA-A,images/d7a7770420417fa73710.jpg,,,,,,
m4-071-final-v1,B,1035,a6de4882f4641b924cd9,SODA-A,images/a6de4882f4641b924cd9.jpg,,,,,,
m4-071-final-v1,B,1036,fcaf33811c19f9daba7a,SODA-A,images/fcaf33811c19f9daba7a.jpg,,,,,,
m4-071-final-v1,B,1037,112c1463649bcc07ac88,FAIR1M-v1.0,images/112c1463649bcc07ac88.jpg,,,,,,
m4-071-final-v1,B,1038,0acacfe63ae3672adc9e,DIOR-R,images/0acacfe63ae3672adc9e.jpg,,,,,,
m4-071-final-v1,B,1039,81a09b4bf84ccce7b4a6,FAIR1M-v1.0,images/81a09b4bf84ccce7b4a6.jpg,,,,,,
m4-071-final-v1,B,1040,696e8e04ef984d5a3c9e,FAIR1M-v1.0,images/696e8e04ef984d5a3c9e.jpg,,,,,,
m4-071-final-v1,B,1041,23e7b1c7538c46858c49,SODA-A,images/23e7b1c7538c46858c49.jpg,,,,,,
m4-071-final-v1,B,1042,fb15240012b1633bb677,DIOR-R,images/fb15240012b1633bb677.jpg,,,,,,
m4-071-final-v1,B,1043,85fbc9768a496810bbcd,FAIR1M-v1.0,images/85fbc9768a496810bbcd.jpg,,,,,,
m4-071-final-v1,B,1044,9466775ec9d34472beb1,DIOR-R,images/9466775ec9d34472beb1.jpg,,,,,,
m4-071-final-v1,B,1045,5bfc125dd6bbf4558d45,SODA-A,images/5bfc125dd6bbf4558d45.jpg,,,,,,
m4-071-final-v1,B,1046,e6ee9e4ed2810c5563e4,DIOR-R,images/e6ee9e4ed2810c5563e4.jpg,,,,,,
m4-071-final-v1,B,1047,fcd75cd400feec134b68,FAIR1M-v1.0,images/fcd75cd400feec134b68.jpg,,,,,,
m4-071-final-v1,B,1048,dcf2228533af680fd6ad,FAIR1M-v1.0,images/dcf2228533af680fd6ad.jpg,,,,,,
m4-071-final-v1,B,1049,6a48a52ad4c4d14daed7,DIOR-R,images/6a48a52ad4c4d14daed7.jpg,,,,,,
m4-071-final-v1,B,1050,f7976f81ba3a9b34ace1,DIOR-R,images/f7976f81ba3a9b34ace1.jpg,,,,,,
m4-071-final-v1,B,1051,441a8db5b34141cda165,SODA-A,images/441a8db5b34141cda165.jpg,,,,,,
m4-071-final-v1,B,1052,7366059ae6b46c8eebe6,SODA-A,images/7366059ae6b46c8eebe6.jpg,,,,,,
m4-071-final-v1,B,1053,8a5049004b4faa5b6a21,FAIR1M-v1.0,images/8a5049004b4faa5b6a21.jpg,,,,,,
m4-071-final-v1,B,1054,0003ebd07bd4bb7cdf70,SODA-A,images/0003ebd07bd4bb7cdf70.jpg,,,,,,
m4-071-final-v1,B,1055,061b9968d552ae7f4256,FAIR1M-v1.0,images/061b9968d552ae7f4256.jpg,,,,,,
m4-071-final-v1,B,1056,b48a88d0820054d299b7,SODA-A,images/b48a88d0820054d299b7.jpg,,,,,,
m4-071-final-v1,B,1057,d7cb789f3205c37d1ba9,DIOR-R,images/d7cb789f3205c37d1ba9.jpg,,,,,,
m4-071-final-v1,B,1058,dc489844f51474d9794a,DIOR-R,images/dc489844f51474d9794a.jpg,,,,,,
m4-071-final-v1,B,1059,20eb552d5f3c4fade907,SODA-A,images/20eb552d5f3c4fade907.jpg,,,,,,
m4-071-final-v1,B,1060,0b707df7c07c1966c5b3,SODA-A,images/0b707df7c07c1966c5b3.jpg,,,,,,
m4-071-final-v1,B,1061,b72d5361e694d0c09ac3,DIOR-R,images/b72d5361e694d0c09ac3.jpg,,,,,,
m4-071-final-v1,B,1062,82074fb27afd90924d82,DIOR-R,images/82074fb27afd90924d82.jpg,,,,,,
m4-071-final-v1,B,1063,92326eb7e4a2766e52ad,SODA-A,images/92326eb7e4a2766e52ad.jpg,,,,,,
m4-071-final-v1,B,1064,3c4ce661d3be4779cc3f,DIOR-R,images/3c4ce661d3be4779cc3f.jpg,,,,,,
m4-071-final-v1,B,1065,1e2fe22b8cf14f225ca7,FAIR1M-v1.0,images/1e2fe22b8cf14f225ca7.jpg,,,,,,
m4-071-final-v1,B,1066,46285d931f85ed06a452,FAIR1M-v1.0,images/46285d931f85ed06a452.jpg,,,,,,
m4-071-final-v1,B,1067,b97b90a7be675ab8b18a,DIOR-R,images/b97b90a7be675ab8b18a.jpg,,,,,,
m4-071-final-v1,B,1068,93fd07e3b22c394dcc21,SODA-A,images/93fd07e3b22c394dcc21.jpg,,,,,,
m4-071-final-v1,B,1069,d1638ee08a4c81198df3,SODA-A,images/d1638ee08a4c81198df3.jpg,,,,,,
m4-071-final-v1,B,1070,7b24a7c0fa122268bdc4,SODA-A,images/7b24a7c0fa122268bdc4.jpg,,,,,,
m4-071-final-v1,B,1071,032df01f84aa096f7624,DIOR-R,images/032df01f84aa096f7624.jpg,,,,,,
m4-071-final-v1,B,1072,47aa6b1ae070f4989506,SODA-A,images/47aa6b1ae070f4989506.jpg,,,,,,
m4-071-final-v1,B,1073,52daa9621b98d3c61a05,SODA-A,images/52daa9621b98d3c61a05.jpg,,,,,,
m4-071-final-v1,B,1074,fe97631870cc7e0fec7c,FAIR1M-v1.0,images/fe97631870cc7e0fec7c.jpg,,,,,,
m4-071-final-v1,B,1075,0e0b418b96ab8a9e97e9,DIOR-R,images/0e0b418b96ab8a9e97e9.jpg,,,,,,
m4-071-final-v1,B,1076,52e02f7d29b627af7691,DIOR-R,images/52e02f7d29b627af7691.jpg,,,,,,
m4-071-final-v1,B,1077,0d25351acac81de6951a,SODA-A,images/0d25351acac81de6951a.jpg,,,,,,
m4-071-final-v1,B,1078,2f3b142e70be086cbe28,FAIR1M-v1.0,images/2f3b142e70be086cbe28.jpg,,,,,,
m4-071-final-v1,B,1079,fa23fede9ba473fc79d4,FAIR1M-v1.0,images/fa23fede9ba473fc79d4.jpg,,,,,,
m4-071-final-v1,B,1080,96a95bec7c5469a444fb,DIOR-R,images/96a95bec7c5469a444fb.jpg,,,,,,
m4-071-final-v1,B,1081,59eea30d26e4dec99e3d,DIOR-R,images/59eea30d26e4dec99e3d.jpg,,,,,,
m4-071-final-v1,B,1082,7b253ef7c469d7f59a99,DIOR-R,images/7b253ef7c469d7f59a99.jpg,,,,,,
m4-071-final-v1,B,1083,381050751324eae4b9cf,SODA-A,images/381050751324eae4b9cf.jpg,,,,,,
m4-071-final-v1,B,1084,b150377dc37a749639e9,SODA-A,images/b150377dc37a749639e9.jpg,,,,,,
m4-071-final-v1,B,1085,ecccf59e29a88b011797,DIOR-R,images/ecccf59e29a88b011797.jpg,,,,,,
m4-071-final-v1,B,1086,260a28b875d9ccbe5a16,FAIR1M-v1.0,images/260a28b875d9ccbe5a16.jpg,,,,,,
m4-071-final-v1,B,1087,d9e8c78ce1ee1c26df7c,DIOR-R,images/d9e8c78ce1ee1c26df7c.jpg,,,,,,
m4-071-final-v1,B,1088,c1b5914434b38cc0d108,SODA-A,images/c1b5914434b38cc0d108.jpg,,,,,,
m4-071-final-v1,B,1089,8021802f471f78a06f74,SODA-A,images/8021802f471f78a06f74.jpg,,,,,,
m4-071-final-v1,B,1090,2e46c17166e1d3dbaf61,SODA-A,images/2e46c17166e1d3dbaf61.jpg,,,,,,
m4-071-final-v1,B,1091,474f3a793113ab3985ea,DIOR-R,images/474f3a793113ab3985ea.jpg,,,,,,
m4-071-final-v1,B,1092,5099057f90fceab40012,FAIR1M-v1.0,images/5099057f90fceab40012.jpg,,,,,,
m4-071-final-v1,B,1093,e9e15517b8aea6923bb8,SODA-A,images/e9e15517b8aea6923bb8.jpg,,,,,,
m4-071-final-v1,B,1094,6888aaa2e6797dda7ff9,SODA-A,images/6888aaa2e6797dda7ff9.jpg,,,,,,
m4-071-final-v1,B,1095,ac735c29d28e90b97bf9,DIOR-R,images/ac735c29d28e90b97bf9.jpg,,,,,,
m4-071-final-v1,B,1096,0aa3cc71b21255742ccd,FAIR1M-v1.0,images/0aa3cc71b21255742ccd.jpg,,,,,,
m4-071-final-v1,B,1097,c52a2683becdb84864f3,FAIR1M-v1.0,images/c52a2683becdb84864f3.jpg,,,,,,
m4-071-final-v1,B,1098,810eacef4a4a31df3c9d,FAIR1M-v1.0,images/810eacef4a4a31df3c9d.jpg,,,,,,
m4-071-final-v1,B,1099,872fcf89f03e88d6c79e,FAIR1M-v1.0,images/872fcf89f03e88d6c79e.jpg,,,,,,
m4-071-final-v1,B,1100,f45454a71b15682a27ca,SODA-A,images/f45454a71b15682a27ca.jpg,,,,,,
m4-071-final-v1,B,1101,177dd6f30e99622f5155,SODA-A,images/177dd6f30e99622f5155.jpg,,,,,,
m4-071-final-v1,B,1102,e592ff9674db66ab1186,FAIR1M-v1.0,images/e592ff9674db66ab1186.jpg,,,,,,
m4-071-final-v1,B,1103,e16320bee40ae724fcae,SODA-A,images/e16320bee40ae724fcae.jpg,,,,,,
m4-071-final-v1,B,1104,03b77faf8daf2093465b,FAIR1M-v1.0,images/03b77faf8daf2093465b.jpg,,,,,,
m4-071-final-v1,B,1105,d24b773613d2db3c7118,FAIR1M-v1.0,images/d24b773613d2db3c7118.jpg,,,,,,
m4-071-final-v1,B,1106,39e2d1aadb41d4a1d21b,SODA-A,images/39e2d1aadb41d4a1d21b.jpg,,,,,,
m4-071-final-v1,B,1107,865515f266a188ec3154,SODA-A,images/865515f266a188ec3154.jpg,,,,,,
m4-071-final-v1,B,1108,b338474f4c94946365c7,DIOR-R,images/b338474f4c94946365c7.jpg,,,,,,
m4-071-final-v1,B,1109,ab1ad77ede4c3ce70133,DIOR-R,images/ab1ad77ede4c3ce70133.jpg,,,,,,
m4-071-final-v1,B,1110,dca857e155b3f15618ee,DIOR-R,images/dca857e155b3f15618ee.jpg,,,,,,
m4-071-final-v1,B,1111,bf6e96efdc8952c90bc4,FAIR1M-v1.0,images/bf6e96efdc8952c90bc4.jpg,,,,,,
m4-071-final-v1,B,1112,3a04404f5fed880a9799,DIOR-R,images/3a04404f5fed880a9799.jpg,,,,,,
m4-071-final-v1,B,1113,5bc3053ce304232b994d,DIOR-R,images/5bc3053ce304232b994d.jpg,,,,,,
m4-071-final-v1,B,1114,4e2fde11e96f20f3a74b,FAIR1M-v1.0,images/4e2fde11e96f20f3a74b.jpg,,,,,,
m4-071-final-v1,B,1115,1062647e587ff09b96c0,FAIR1M-v1.0,images/1062647e587ff09b96c0.jpg,,,,,,
m4-071-final-v1,B,1116,c928bb4da97ddc2d3634,SODA-A,images/c928bb4da97ddc2d3634.jpg,,,,,,
m4-071-final-v1,B,1117,f1882234a6d537940e24,DIOR-R,images/f1882234a6d537940e24.jpg,,,,,,
m4-071-final-v1,B,1118,2ba567a12d04b0ebc278,DIOR-R,images/2ba567a12d04b0ebc278.jpg,,,,,,
m4-071-final-v1,B,1119,d47807292b05d89f3995,DIOR-R,images/d47807292b05d89f3995.jpg,,,,,,
m4-071-final-v1,B,1120,0c784cc8a832628811c8,FAIR1M-v1.0,images/0c784cc8a832628811c8.jpg,,,,,,
m4-071-final-v1,B,1121,1201630655cdd183dcf2,SODA-A,images/1201630655cdd183dcf2.jpg,,,,,,
m4-071-final-v1,B,1122,9b1059492d44eafcbd24,DIOR-R,images/9b1059492d44eafcbd24.jpg,,,,,,
m4-071-final-v1,B,1123,3b09a07323b77466251f,DIOR-R,images/3b09a07323b77466251f.jpg,,,,,,
