assignment_version,annotator_slot,task_order,task_id,dataset,crop_relpath,long_side_angle_deg_le90,ambiguous,skip,annotator_id,annotation_timestamp_utc
m4-070-final-v1,A,1,f38247380a034dbbdef0,SODA-A,crops/f38247380a034dbbdef0.jpg,,,,,
m4-070-final-v1,A,2,cbade1b829ab4a5175d5,DIOR-R,crops/cbade1b829ab4a5175d5.jpg,,,,,
m4-070-final-v1,A,3,3222fee6b7070ae73362,FAIR1M-v1.0,crops/3222fee6b7070ae73362.jpg,,,,,
m4-070-final-v1,A,4,525ff99f0fa9de18cbba,DIOR-R,crops/525ff99f0fa9de18cbba.jpg,,,,,
m4-070-final-v1,A,5,03c17540cab099a1e4a9,SODA-A,crops/03c17540cab099a1e4a9.jpg,,,,,
m4-070-final-v1,A,6,1b9bf8628816fe451f29,FAIR1M-v1.0,crops/1b9bf8628816fe451f29.jpg,,,,,
m4-070-final-v1,A,7,4a00e2361a2eab3de3d8,SODA-A,crops/4a00e2361a2eab3de3d8.jpg,,,,,
m4-070-final-v1,A,8,80fb51dd0a374caadd55,SODA-A,crops/80fb51dd0a374caadd55.jpg,,,,,
m4-070-final-v1,A,9,a78bc0737225e6a9726c,FAIR1M-v1.0,crops/a78bc0737225e6a9726c.jpg,,,,,
m4-070-final-v1,A,10,fac1a1f1ce19817c73fd,DIOR-R,crops/fac1a1f1ce19817c73fd.jpg,,,,,
m4-070-final-v1,A,11,88382c0bc19cbd75ad24,SODA-A,crops/88382c0bc19cbd75ad24.jpg,,,,,
m4-070-final-v1,A,12,94e404b8117ecc7468c4,FAIR1M-v1.0,crops/94e404b8117ecc7468c4.jpg,,,,,
m4-070-final-v1,A,13,1540738339ff7347d62c,SODA-A,crops/1540738339ff7347d62c.jpg,,,,,
m4-070-final-v1,A,14,560eee00187c0a3654c3,SODA-A,crops/560eee00187c0a3654c3.jpg,,,,,
m4-070-final-v1,A,15,4464a57070f1a0840bbb,FAIR1M-v1.0,crops/4464a57070f1a0840bbb.jpg,,,,,
m4-070-final-v1,A,16,66771d2c9cfc5f384271,FAIR1M-v1.0,crops/66771d2c9cfc5f384271.jpg,,,,,
m4-070-final-v1,A,17,b128540b9a03de2592f8,DIOR-R,crops/b128540b9a03de2592f8.jpg,,,,,
m4-070-final-v1,A,18,52654f448e6ca4ae7572,DIOR-R,crops/52654f448e6ca4ae7572.jpg,,,,,
m4-070-final-v1,A,19,79a4314a62b255810aa6,FAIR1M-v1.0,crops/79a4314a62b255810aa6.jpg,,,,,
m4-070-final-v1,A,20,ffe7274203df409a6634,SODA-A,crops/ffe7274203df409a6634.jpg,,,,,
m4-070-final-v1,A,21,f33b7655a2949e2e9ffa,DIOR-R,crops/f33b7655a2949e2e9ffa.jpg,,,,,
m4-070-final-v1,A,22,4cac3e82cd5fa4d9f076,FAIR1M-v1.0,crops/4cac3e82cd5fa4d9f076.jpg,,,,,
m4-070-final-v1,A,23,ddb07f47ade0aef91ba7,SODA-A,crops/ddb07f47ade0aef91ba7.jpg,,,,,
m4-070-final-v1,A,24,ef3e1e83b4055e5f0e73,DIOR-R,crops/ef3e1e83b4055e5f0e73.jpg,,,,,
m4-070-final-v1,A,25,82f08f4f8f3f1af990b4,DIOR-R,crops/82f08f4f8f3f1af990b4.jpg,,,,,
m4-070-final-v1,A,26,b746e8431f0adc57dc6e,FAIR1M-v1.0,crops/b746e8431f0adc57dc6e.jpg,,,,,
m4-070-final-v1,A,27,a6af568f9d049fdeb771,FAIR1M-v1.0,crops/a6af568f9d049fdeb771.jpg,,,,,
m4-070-final-v1,A,28,1fd45b0caf5cbcec84cf,DIOR-R,crops/1fd45b0caf5cbcec84cf.jpg,,,,,
m4-070-final-v1,A,29,f18bfaf0485ae8429f2c,SODA-A,crops/f18bfaf0485ae8429f2c.jpg,,,,,
m4-070-final-v1,A,30,b77c600e7a9f51f11378,SODA-A,crops/b77c600e7a9f51f11378.jpg,,,,,
m4-070-final-v1,A,31,bc72719f60bc024a5af5,SODA-A,crops/bc72719f60bc024a5af5.jpg,,,,,
m4-070-final-v1,A,32,d5d73be1e3c488a731c5,DIOR-R,crops/d5d73be1e3c488a731c5.jpg,,,,,
m4-070-final-v1,A,33,5a1eb98c6aa409abf362,SODA-A,crops/5a1eb98c6aa409abf362.jpg,,,,,
m4-070-final-v1,A,34,c0ad33c584df4fa165af,DIOR-R,crops/c0ad33c584df4fa165af.jpg,,,,,
m4-070-final-v1,A,35,8a2a1e3fac71eb908324,FAIR1M-v1.0,crops/8a2a1e3fac71eb908324.jpg,,,,,
m4-070-final-v1,A,36,3993796a8e09c52ef689,FAIR1M-v1.0,crops/3993796a8e09c52ef689.jpg,,,,,
m4-070-final-v1,A,37,d392b3c128331bb8af2c,DIOR-R,crops/d392b3c128331bb8af2c.jpg,,,,,
m4-070-final-v1,A,38,04e582c6618b30643c09,SODA-A,crops/04e582c6618b30643c09.jpg,,,,,
m4-070-final-v1,A,39,a2518eeeb1e7f84fc44e,FAIR1M-v1.0,crops/a2518eeeb1e7f84fc44e.jpg,,,,,
m4-070-final-v1,A,40,fe192546e92cf2992213,DIOR-R,crops/fe192546e92cf2992213.jpg,,,,,
m4-070-final-v1,A,41,d623b5cc9c2036c3259b,SODA-A,crops/d623b5cc9c2036c3259b.jpg,,,,,
m4-070-final-v1,A,42,c3e641c6343b2db7e480,SODA-A,crops/c3e641c6343b2db7e480.jpg,,,,,
m4-070-final-v1,A,43,a4431f87b81b93856f70,FAIR1M-v1.0,crops/a4431f87b81b93856f70.jpg,,,,,
m4-070-final-v1,A,44,e7333db35c0d4f18d016,DIOR-R,crops/e7333db35c0d4f18d016.jpg,,,,,
m4-070-final-v1,A,45,64283f896a174d71c2f6,FAIR1M-v1.0,crops/64283f896a174d71c2f6.jpg,,,,,
m4-070-final-v1,A,46,fc8df488b95bf24ce4f6,FAIR1M-v1.0,crops/fc8df488b95bf24ce4f6.jpg,,,,,
m4-070-final-v1,A,47,d205743d85e344f051b3,FAIR1M-v1.0,crops/d205743d85e344f051b3.jpg,,,,,
m4-070-final-v1,A,48,1ca548bc402fbdd77bb4,SODA-A,crops/1ca548bc402fbdd77bb4.jpg,,,,,
m4-070-final-v1,A,49,e0941dd0de83b4bcc628,FAIR1M-v1.0,crops/e0941dd0de83b4bcc628.jpg,,,,,
m4-070-final-v1,A,50,a72e8f36016c404ce645,DIOR-R,crops/a72e8f36016c404ce645.jpg,,,,,
m4-070-final-v1,A,51,bd7939ef0b79fa384ea6,DIOR-R,crops/bd7939ef0b79fa384ea6.jpg,,,,,
m4-070-final-v1,A,52,9631106f4aedbb501ec9,SODA-A,crops/9631106f4aedbb501ec9.jpg,,,,,
m4-070-final-v1,A,53,2a2f2a0ccc503bfa6623,SODA-A,crops/2a2f2a0ccc503bfa6623.jpg,,,,,
m4-070-final-v1,A,54,62ac9b18a583e89363cd,FAIR1M-v1.0,crops/62ac9b18a583e89363cd.jpg,,,,,
m4-070-final-v1,A,55,c560c4658775a27a341a,SODA-A,crops/c560c4658775a27a341a.jpg,,,,,
m4-070-final-v1,A,56,980f55b2d6a0fdedd9b3,DIOR-R,crops/980f55b2d6a0fdedd9b3.jpg,,,,,
m4-070-final-v1,A,57,5ea53cad3e57d015d328,FAIR1M-v1.0,crops/5ea53cad3e57d015d328.jpg,,,,,
m4-070-final-v1,A,58,827088f15c243f240e7d,DIOR-R,crops/827088f15c243f240e7d.jpg,,,,,
m4-070-final-v1,A,59,2543bdaa1fd2de8f18d6,SODA-A,crops/2543bdaa1fd2de8f18d6.jpg,,,,,
m4-070-final-v1,A,60,aee12657187fad783016,DIOR-R,crops/aee12657187fad783016.jpg,,,,,
m4-070-final-v1,A,61,0f230b5696e318a4f4a0,DIOR-R,crops/0f230b5696e318a4f4a0.jpg,,,,,
m4-070-final-v1,A,62,26c783559c513c430d1c,FAIR1M-v1.0,crops/26c783559c513c430d1c.jpg,,,,,
m4-070-final-v1,A,63,06808c90de9472b23357,FAIR1M-v1.0,crops/06808c90de9472b23357.jpg,,,,,
m4-070-final-v1,A,64,abefdcf432b60b767e3f,FAIR1M-v1.0,crops/abefdcf432b60b767e3f.jpg,,,,,
m4-070-final-v1,A,65,c017c2b71daa22b56972,DIOR-R,crops/c017c2b71daa22b56972.jpg,,,,,
m4-070-final-v1,A,66,8922adfddf42b9131f1e,FAIR1M-v1.0,crops/8922adfddf42b9131f1e.jpg,,,,,
m4-070-final-v1,A,67,31ab4054b1db473cb9be,SODA-A,crops/31ab4054b1db473cb9be.jpg,,,,,
m4-070-final-v1,A,68,c78ba32d80d05cde40ac,SODA-A,crops/c78ba32d80d05cde40ac.jpg,,,,,
m4-070-final-v1,A,69,1ce7253ffe28011a14e3,SODA-A,crops/1ce7253ffe28011a14e3.jpg,,,,,
m4-070-final-v1,A,70,4abd5aa9d5e2d7c2ee74,DIOR-R,crops/4abd5aa9d5e2d7c2ee74.jpg,,,,,
m4-070-final-v1,A,71,ec7852f6dd381c98e02f,DIOR-R,crops/ec7852f6dd381c98e02f.jpg,,,,,
m4-070-final-v1,A,72,00d0ab1dc283c0deaf2f,SODA-A,crops/00d0ab1dc283c0deaf2f.jpg,,,,,
m4-070-final-v1,A,73,6244584d7f357a8d2527,FAIR1M-v1.0,crops/6244584d7f357a8d2527.jpg,,,,,
m4-070-final-v1,A,74,785c5e076ddf845a7720,DIOR-R,crops/785c5e076ddf845a7720.jpg,,,,,
m4-070-final-v1,A,75,c1476467d6c9446c1259,DIOR-R,crops/c1476467d6c9446c1259.jpg,,,,,
m4-070-final-v1,A,76,77f5e9731fd6460c4f72,SODA-A,crops/77f5e9731fd6460c4f72.jpg,,,,,
m4-070-final-v1,A,77,c5a46a59e9f7c9f5f023,FAIR1M-v1.0,crops/c5a46a59e9f7c9f5f023.jpg,,,,,
m4-070-final-v1,A,78,dc9e169490ff725c126f,FAIR1M-v1.0,crops/dc9e169490ff725c126f.jpg,,,,,
m4-070-final-v1,A,79,d09efdb8254e97a2c6a3,DIOR-R,crops/d09efdb8254e97a2c6a3.jpg,,,,,
m4-070-final-v1,A,80,787fd4d6347ad1869a9a,DIOR-R,crops/787fd4d6347ad1869a9a.jpg,,,,,
m4-070-final-v1,A,81,e4ae8e31c49166cf0ebe,FAIR1M-v1.0,crops/e4ae8e31c49166cf0ebe.jpg,,,,,
m4-070-final-v1,A,82,64c234e3a73dc4d1d090,SODA-A,crops/64c234e3a73dc4d1d090.jpg,,,,,
m4-070-final-v1,A,83,3e3ea413d2af1cb8676e,SODA-A,crops/3e3ea413d2af1cb8676e.jpg,,,,,
m4-070-final-v1,A,84,f290f561dc097a2c91c9,FAIR1M-v1.0,crops/f290f561dc097a2c91c9.jpg,,,,,
m4-070-final-v1,A,85,d16b697f28204632bd5a,DIOR-R,crops/d16b697f28204632bd5a.jpg,,,,,
m4-070-final-v1,A,86,f36ad5a8acd7d9fed316,SODA-A,crops/f36ad5a8acd7d9fed316.jpg,,,,,
m4-070-final-v1,A,87,8d13fc8ff58098c7ede7,FAIR1M-v1.0,crops/8d13fc8ff58098c7ede7.jpg,,,,,
m4-070-final-v1,A,88,bc8be805a04f845d14e9,DIOR-R,crops/bc8be805a04f845d14e9.jpg,,,,,
m4-070-final-v1,A,89,3127b4e5b40fa420fbb2,FAIR1M-v1.0,crops/3127b4e5b40fa420fbb2.jpg,,,,,
m4-070-final-v1,A,90,8473d6811795393dbc80,FAIR1M-v1.0,crops/8473d6811795393dbc80.jpg,,,,,
m4-070-final-v1,A,91,470e5427b3fde06cce4e,DIOR-R,crops/470e5427b3fde06cce4e.jpg,,,,,
m4-070-final-v1,A,92,8936370234a8a9a1611e,FAIR1M-v1.0,crops/8936370234a8a9a1611e.jpg,,,,,
m4-070-final-v1,A,93,5b21ca9b0ffbbe2b08ed,FAIR1M-v1.0,crops/5b21ca9b0ffbbe2b08ed.jpg,,,,,
m4-070-final-v1,A,94,112d9301d6c31deb785b,SODA-A,crops/112d9301d6c31deb785b.jpg,,,,,
m4-070-final-v1,A,95,fe7436f7c617d60fa5e8,FAIR1M-v1.0,crops/fe7436f7c617d60fa5e8.jpg,,,,,
m4-070-final-v1,A,96,62b037d0f5281a585b4a,FAIR1M-v1.0,crops/62b037d0f5281a585b4a.jpg,,,,,
m4-070-final-v1,A,97,b6e0551484a741c50545,SODA-A,crops/b6e0551484a741c50545.jpg,,,,,
m4-070-final-v1,A,98,a0f05ef5266e491873c2,DIOR-R,crops/a0f05ef5266e491873c2.jpg,,,,,
m4-070-final-v1,A,99,96b62f5f11118d444fc5,SODA-A,crops/96b62f5f11118d444fc5.jpg,,,,,
m4-070-final-v1,A,100,46a3562675bca3043666,FAIR1M-v1.0,crops/46a3562675bca3043666.jpg,,,,,
m4-070-final-v1,A,101,dc12d022de71dfec4eb8,DIOR-R,crops/dc12d022de71dfec4eb8.jpg,,,,,
m4-070-final-v1,A,102,21582ed77722636826e7,SODA-A,crops/21582ed77722636826e7.jpg,,,,,
m4-070-final-v1,A,103,4dd632ca0557d0fe6616,SODA-A,crops/4dd632ca0557d0fe6616.jpg,,,,,
m4-070-final-v1,A,104,2a16f396024da7794427,FAIR1M-v1.0,crops/2a16f396024da7794427.jpg,,,,,
m4-070-final-v1,A,105,4312c5f45b9ea388a93d,FAIR1M-v1.0,crops/4312c5f45b9ea388a93d.jpg,,,,,
m4-070-final-v1,A,106,33edd268cca58f79f7d4,SODA-A,crops/33edd268cca58f79f7d4.jpg,,,,,
m4-070-final-v1,A,107,69892b6bdbb8da1482ee,SODA-A,crops/69892b6bdbb8da1482ee.jpg,,,,,
m4-070-final-v1,A,108,3fd98bdfaee5bbd9eb96,DIOR-R,crops/3fd98bdfaee5bbd9eb96.jpg,,,,,
m4-070-final-v1,A,109,aded389f8c467e659503,FAIR1M-v1.0,crops/aded389f8c467e659503.jpg,,,,,
m4-070-final-v1,A,110,cfbb076261ee24969511,SODA-A,crops/cfbb076261ee24969511.jpg,,,,,
m4-070-final-v1,A,111,8835850b8538842ed455,SODA-A,crops/8835850b8538842ed455.jpg,,,,,
m4-070-final-v1,A,112,efdd91fd8d873dd3ac42,FAIR1M-v1.0,crops/efdd91fd8d873dd3ac42.jpg,,,,,
m4-070-final-v1,A,113,26899feda5f49b282fe7,FAIR1M-v1.0,crops/26899feda5f49b282fe7.jpg,,,,,
m4-070-final-v1,A,114,37ae45a541d007fa3bdf,SODA-A,crops/37ae45a541d007fa3bdf.jpg,,,,,
m4-070-final-v1,A,115,2212bf59740024a51a12,FAIR1M-v1.0,crops/2212bf59740024a51a12.jpg,,,,,
m4-070-final-v1,A,116,8867ac56cc3f9c549601,DIOR-R,crops/8867ac56cc3f9c549601.jpg,,,,,
m4-070-final-v1,A,117,3543f25666d949546492,FAIR1M-v1.0,crops/3543f25666d949546492.jpg,,,,,
m4-070-final-v1,A,118,12d07770f7bf38eaf92a,DIOR-R,crops/12d07770f7bf38eaf92a.jpg,,,,,
m4-070-final-v1,A,119,1b8058054d82d9bc5f4c,FAIR1M-v1.0,crops/1b8058054d82d9bc5f4c.jpg,,,,,
m4-070-final-v1,A,120,7aa03533c90bc9806488,SODA-A,crops/7aa03533c90bc9806488.jpg,,,,,
m4-070-final-v1,A,121,f73d869ce2813d5f5443,DIOR-R,crops/f73d869ce2813d5f5443.jpg,,,,,
m4-070-final-v1,A,122,d2dbbfa3e9285dc86aae,DIOR-R,crops/d2dbbfa3e9285dc86aae.jpg,,,,,
m4-070-final-v1,A,123,d7014780c9421d7876f9,SODA-A,crops/d7014780c9421d7876f9.jpg,,,,,
m4-070-final-v1,A,124,76846c13482f8979fa27,SODA-A,crops/76846c13482f8979fa27.jpg,,,,,
m4-070-final-v1,A,125,a7a0afdd6ee7e97946fb,FAIR1M-v1.0,crops/a7a0afdd6ee7e97946fb.jpg,,,,,
m4-070-final-v1,A,126,ffe67605b450f7e51752,SODA-A,crops/ffe67605b450f7e51752.jpg,,,,,
m4-070-final-v1,A,127,2de226d82dc4c2e528c9,DIOR-R,crops/2de226d82dc4c2e528c9.jpg,,,,,
m4-070-final-v1,A,128,efdbc43944ab4aa4cbc6,DIOR-R,crops/efdbc43944ab4aa4cbc6.jpg,,,,,
m4-070-final-v1,A,129,58823abfdfeb573584d0,SODA-A,crops/58823abfdfeb573584d0.jpg,,,,,
m4-070-final-v1,A,130,d5b2520d4055dbc6c74c,SODA-A,crops/d5b2520d4055dbc6c74c.jpg,,,,,
m4-070-final-v1,A,131,22f706246cebc5fc5691,SODA-A,crops/22f706246cebc5fc5691.jpg,,,,,
m4-070-final-v1,A,132,eae7e684a671e9ee7478,SODA-A,crops/eae7e684a671e9ee7478.jpg,,,,,
m4-070-final-v1,A,133,691c7ce14c191af5234c,DIOR-R,crops/691c7ce14c191af5234c.jpg,,,,,
m4-070-final-v1,A,134,e91779a06a71a4ccf212,FAIR1M-v1.0,crops/e91779a06a71a4ccf212.jpg,,,,,
m4-070-final-v1,A,135,d78be38013cd62f23b53,SODA-A,crops/d78be38013cd62f23b53.jpg,,,,,
m4-070-final-v1,A,136,bfa8f754d048d76ebb5d,DIOR-R,crops/bfa8f754d048d76ebb5d.jpg,,,,,
m4-070-final-v1,A,137,226c7da938f217fe15f6,SODA-A,crops/226c7da938f217fe15f6.jpg,,,,,
m4-070-final-v1,A,138,5e29d8ca7ddf6c05dada,FAIR1M-v1.0,crops/5e29d8ca7ddf6c05dada.jpg,,,,,
m4-070-final-v1,A,139,efe357a7cefa3e91db54,FAIR1M-v1.0,crops/efe357a7cefa3e91db54.jpg,,,,,
m4-070-final-v1,A,140,1c4d7252723058026bc6,SODA-A,crops/1c4d7252723058026bc6.jpg,,,,,
m4-070-final-v1,A,141,43809dd20dab5a159c44,SODA-A,crops/43809dd20dab5a159c44.jpg,,,,,
m4-070-final-v1,A,142,7d861f95db49e0f8c862,DIOR-R,crops/7d861f95db49e0f8c862.jpg,,,,,
m4-070-final-v1,A,143,ea086a9e7214080e3571,FAIR1M-v1.0,crops/ea086a9e7214080e3571.jpg,,,,,
m4-070-final-v1,A,144,2d77ffec15bd1dc4be81,FAIR1M-v1.0,crops/2d77ffec15bd1dc4be81.jpg,,,,,
m4-070-final-v1,A,145,8caa97efbf73e8dd178d,DIOR-R,crops/8caa97efbf73e8dd178d.jpg,,,,,
m4-070-final-v1,A,146,4c38e8566ea2e24fc86c,DIOR-R,crops/4c38e8566ea2e24fc86c.jpg,,,,,
m4-070-final-v1,A,147,93f99ed731b5d29f74fe,DIOR-R,crops/93f99ed731b5d29f74fe.jpg,,,,,
m4-070-final-v1,A,148,429adddc97e9caed32dc,DIOR-R,crops/429adddc97e9caed32dc.jpg,,,,,
m4-070-final-v1,A,149,5aca7b95b775fdbbe36b,SODA-A,crops/5aca7b95b775fdbbe36b.jpg,,,,,
m4-070-final-v1,A,150,3dac6eeedfda338288d1,SODA-A,crops/3dac6eeedfda338288d1.jpg,,,,,
m4-070-final-v1,A,151,76e644249b7f15f2a7dc,FAIR1M-v1.0,crops/76e644249b7f15f2a7dc.jpg,,,,,
m4-070-final-v1,A,152,ffae625f26a6203241de,FAIR1M-v1.0,crops/ffae625f26a6203241de.jpg,,,,,
m4-070-final-v1,A,153,f79659417d58c7403ddb,FAIR1M-v1.0,crops/f79659417d58c7403ddb.jpg,,,,,
m4-070-final-v1,A,154,85ae93ae869f79cc8ec1,FAIR1M-v1.0,crops/85ae93ae869f79cc8ec1.jpg,,,,,
m4-070-final-v1,A,155,8fcc6dfcb48f1670c963,DIOR-R,crops/8fcc6dfcb48f1670c963.jpg,,,,,
m4-070-final-v1,A,156,33c2993e38144bfe8264,FAIR1M-v1.0,crops/33c2993e38144bfe8264.jpg,,,,,
m4-070-final-v1,A,157,7289f142d344609a7e4f,DIOR-R,crops/7289f142d344609a7e4f.jpg,,,,,
m4-070-final-v1,A,158,8de0ce643e3aff87a241,FAIR1M-v1.0,crops/8de0ce643e3aff87a241.jpg,,,,,
m4-070-final-v1,A,159,b9140efa8102c30d0799,DIOR-R,crops/b9140efa8102c30d0799.jpg,,,,,
m4-070-final-v1,A,160,edcea1f23a8e5a7bb539,DIOR-R,crops/edcea1f23a8e5a7bb539.jpg,,,,,
m4-070-final-v1,A,161,dd8cdbfe02c8e658ddad,FAIR1M-v1.0,crops/dd8cdbfe02c8e658ddad.jpg,,,,,
m4-070-final-v1,A,162,8873673e8bd481498d34,DIOR-R,crops/8873673e8bd481498d34.jpg,,,,,
m4-070-final-v1,A,163,02c402fdf7ec2443686a,SODA-A,crops/02c402fdf7ec2443686a.jpg,,,,,
m4-070-final-v1,A,164,1f200899993408563222,DIOR-R,crops/1f200899993408563222.jpg,,,,,
m4-070-final-v1,A,165,fd2b41712e310f7026a4,FAIR1M-v1.0,crops/fd2b41712e310f7026a4.jpg,,,,,
m4-070-final-v1,A,166,6aa010e069bbba148f7b,FAIR1M-v1.0,crops/6aa010e069bbba148f7b.jpg,,,,,
m4-070-final-v1,A,167,0024d51a21e1a4c7f23b,DIOR-R,crops/0024d51a21e1a4c7f23b.jpg,,,,,
m4-070-final-v1,A,168,92fe5d8caeafc979a16b,FAIR1M-v1.0,crops/92fe5d8caeafc979a16b.jpg,,,,,
m4-070-final-v1,A,169,c1acbbe8ba3ab7dd1e8f,SODA-A,crops/c1acbbe8ba3ab7dd1e8f.jpg,,,,,
m4-070-final-v1,A,170,19bd8bd9daab17c10a4c,DIOR-R,crops/19bd8bd9daab17c10a4c.jpg,,,,,
m4-070-final-v1,A,171,85c183a3391bc46bcd9d,DIOR-R,crops/85c183a3391bc46bcd9d.jpg,,,,,
m4-070-final-v1,A,172,89f07a7525a1ac00ebd3,SODA-A,crops/89f07a7525a1ac00ebd3.jpg,,,,,
m4-070-final-v1,A,173,82d6f1865ec8096f5883,FAIR1M-v1.0,crops/82d6f1865ec8096f5883.jpg,,,,,
m4-070-final-v1,A,174,ced8afd45f2c62d84d66,FAIR1M-v1.0,crops/ced8afd45f2c62d84d66.jpg,,,,,
m4-070-final-v1,A,175,919e0b7131ee5a58726d,FAIR1M-v1.0,crops/919e0b7131ee5a58726d.jpg,,,,,
m4-070-final-v1,A,176,9b9f26bf5eb35a1815d7,FAIR1M-v1.0,crops/9b9f26bf5eb35a1815d7.jpg,,,,,
m4-070-final-v1,A,177,fe2c5714c48f8ca61dbe,FAIR1M-v1.0,crops/fe2c5714c48f8ca61dbe.jpg,,,,,
m4-070-final-v1,A,178,af0dcad8f3e350078133,FAIR1M-v1.0,crops/af0dcad8f3e350078133.jpg,,,,,
m4-070-final-v1,A,179,d92602b6a4f1dc2eaf83,SODA-A,crops/d92602b6a4f1dc2eaf83.jpg,,,,,
m4-070-final-v1,A,180,40fb6b3e7d95d62cbb37,FAIR1M-v1.0,crops/40fb6b3e7d95d62cbb37.jpg,,,,,
m4-070-final-v1,A,181,576b0ed649fa3cdfd4f5,DIOR-R,crops/576b0ed649fa3cdfd4f5.jpg,,,,,
m4-070-final-v1,A,182,4fcd0130927277a83750,SODA-A,crops/4fcd0130927277a83750.jpg,,,,,
m4-070-final-v1,A,183,33c4bc409bb51d46fe50,FAIR1M-v1.0,crops/33c4bc409bb51d46fe50.jpg,,,,,
m4-070-final-v1,A,184,54eac71ba3e778a1a443,FAIR1M-v1.0,crops/54eac71ba3e778a1a443.jpg,,,,,
m4-070-final-v1,A,185,fa5f3ce20cf75e2922b6,FAIR1M-v1.0,crops/fa5f3ce20cf75e2922b6.jpg,,,,,
m4-070-final-v1,A,186,dc159aec240f98e02654,FAIR1M-v1.0,crops/dc159aec240f98e02654.jpg,,,,,
m4-070-final-v1,A,187,f6a348e3c1498d150273,FAIR1M-v1.0,crops/f6a348e3c1498d150273.jpg,,,,,
m4-070-final-v1,A,188,d1e3b9d8711bef29242b,SODA-A,crops/d1e3b9d8711bef29242b.jpg,,,,,
m4-070-final-v1,A,189,169d6c0401378be1e327,SODA-A,crops/169d6c0401378be1e327.jpg,,,,,
m4-070-final-v1,A,190,75b7fe1ae37d802f0afe,SODA-A,crops/75b7fe1ae37d802f0afe.jpg,,,,,
m4-070-final-v1,A,191,5c2569b37171441e36e8,DIOR-R,crops/5c2569b37171441e36e8.jpg,,,,,
m4-070-final-v1,A,192,b637b24e6a775f14e5a7,DIOR-R,crops/b637b24e6a775f14e5a7.jpg,,,,,
m4-070-final-v1,A,193,0b75bb0a1f8f0b81fb52,SODA-A,crops/0b75bb0a1f8f0b81fb52.jpg,,,,,
m4-070-final-v1,A,194,726bfa09358f0564996f,FAIR1M-v1.0,crops/726bfa09358f0564996f.jpg,,,,,
m4-070-final-v1,A,195,3ede395d673d316b5c90,FAIR1M-v1.0,crops/3ede395d673d316b5c90.jpg,,,,,
m4-070-final-v1,A,196,97e1e2948d61f3716031,DIOR-R,crops/97e1e2948d61f3716031.jpg,,,,,
m4-070-final-v1,A,197,4db1eb21bd301182999e,DIOR-R,crops/4db1eb21bd301182999e.jpg,,,,,
m4-070-final-v1,A,198,1febbfbe328ce283d199,FAIR1M-v1.0,crops/1febbfbe328ce283d199.jpg,,,,,
m4-070-final-v1,A,199,45639b37f863c96aa93e,FAIR1M-v1.0,crops/45639b37f863c96aa93e.jpg,,,,,
m4-070-final-v1,A,200,f69c4aca94b2f515e2b3,DIOR-R,crops/f69c4aca94b2f515e2b3.jpg,,,,,
m4-070-final-v1,A,201,e980b1775c4ee9c95ba1,FAIR1M-v1.0,crops/e980b1775c4ee9c95ba1.jpg,,,,,
m4-070-final-v1,A,202,6af35bcb279b38f65768,DIOR-R,crops/6af35bcb279b38f65768.jpg,,,,,
m4-070-final-v1,A,203,8df18db53e41d157026f,DIOR-R,crops/8df18db53e41d157026f.jpg,,,,,
m4-070-final-v1,A,204,5533956495883626cd75,SODA-A,crops/5533956495883626cd75.jpg,,,,,
m4-070-final-v1,A,205,0bc7dbcbe88b269187d0,FAIR1M-v1.0,crops/0bc7dbcbe88b269187d0.jpg,,,,,
m4-070-final-v1,A,206,01d008b384da8377ba2c,FAIR1M-v1.0,crops/01d008b384da8377ba2c.jpg,,,,,
m4-070-final-v1,A,207,2b5a80b71507252da7e7,FAIR1M-v1.0,crops/2b5a80b71507252da7e7.jpg,,,,,
m4-070-final-v1,A,208,d3ed622f379c08f0b81c,DIOR-R,crops/d3ed622f379c08f0b81c.jpg,,,,,
m4-070-final-v1,A,209,4ffedfa4a297585735ff,DIOR-R,crops/4ffedfa4a297585735ff.jpg,,,,,
m4-070-final-v1,A,210,3d3cc7029e0709e330e1,FAIR1M-v1.0,crops/3d3cc7029e0709e330e1.jpg,,,,,
m4-070-final-v1,A,211,8b4870e4de64016e6bf4,FAIR1M-v1.0,crops/8b4870e4de64016e6bf4.jpg,,,,,
m4-070-final-v1,A,212,91758e4251bfc4c486c9,SODA-A,crops/91758e4251bfc4c486c9.jpg,,,,,
m4-070-final-v1,A,213,627e96c96d7b48990402,DIOR-R,crops/627e96c96d7b48990402.jpg,,,,,
m4-070-final-v1,A,214,2d9a4f6bbd8471e5ccae,DIOR-R,crops/2d9a4f6bbd8471e5ccae.jpg,,,,,
m4-070-final-v1,A,215,66f470dc78a276c3a500,FAIR1M-v1.0,crops/66f470dc78a276c3a500.jpg,,,,,
m4-070-final-v1,A,216,3860ce2abd650b682522,SODA-A,crops/3860ce2abd650b682522.jpg,,,,,
m4-070-final-v1,A,217,c337f841f41da40e8d7a,SODA-A,crops/c337f841f41da40e8d7a.jpg,,,,,
m4-070-final-v1,A,218,7553319eb4022b1e43e1,SODA-A,crops/7553319eb4022b1e43e1.jpg,,,,,
m4-070-final-v1,A,219,7b1c10ca91e938f920ac,SODA-A,crops/7b1c10ca91e938f920ac.jpg,,,,,
m4-070-final-v1,A,220,762d9e0817b1795c5b32,SODA-A,crops/762d9e0817b1795c5b32.jpg,,,,,
m4-070-final-v1,A,221,e1308b6a6ce80fb0afaf,DIOR-R,crops/e1308b6a6ce80fb0afaf.jpg,,,,,
m4-070-final-v1,A,222,f30c194043ad665c2db9,DIOR-R,crops/f30c194043ad665c2db9.jpg,,,,,
m4-070-final-v1,A,223,e366edc3fef26d513c7a,SODA-A,crops/e366edc3fef26d513c7a.jpg,,,,,
m4-070-final-v1,A,224,73ebfd140b362459a0ff,SODA-A,crops/73ebfd140b362459a0ff.jpg,,,,,
m4-070-final-v1,A,225,e0a66775f9b6e9e76282,SODA-A,crops/e0a66775f9b6e9e76282.jpg,,,,,
m4-070-final-v1,A,226,2ca41a2f1b0a24e120ff,FAIR1M-v1.0,crops/2ca41a2f1b0a24e120ff.jpg,,,,,
m4-070-final-v1,A,227,dcb5f6bb3446fabd336c,DIOR-R,crops/dcb5f6bb3446fabd336c.jpg,,,,,
m4-070-final-v1,A,228,111f9e9f032ee52cfea0,DIOR-R,crops/111f9e9f032ee52cfea0.jpg,,,,,
m4-070-final-v1,A,229,9b7ac94d2375ba0c566a,SODA-A,crops/9b7ac94d2375ba0c566a.jpg,,,,,
m4-070-final-v1,A,230,643d7fd6c959f74d63d4,DIOR-R,crops/643d7fd6c959f74d63d4.jpg,,,,,
m4-070-final-v1,A,231,07ead42fe8317dc2e4a0,DIOR-R,crops/07ead42fe8317dc2e4a0.jpg,,,,,
m4-070-final-v1,A,232,1f219d40c15ccc564308,SODA-A,crops/1f219d40c15ccc564308.jpg,,,,,
m4-070-final-v1,A,233,7cf192c4224c87b6221b,DIOR-R,crops/7cf192c4224c87b6221b.jpg,,,,,
m4-070-final-v1,A,234,56247c2471cf4c2dee2b,SODA-A,crops/56247c2471cf4c2dee2b.jpg,,,,,
m4-070-final-v1,A,235,34ee3213a4ba3f679f4e,FAIR1M-v1.0,crops/34ee3213a4ba3f679f4e.jpg,,,,,
m4-070-final-v1,A,236,5b251dbefd6822f9f863,DIOR-R,crops/5b251dbefd6822f9f863.jpg,,,,,
m4-070-final-v1,A,237,3fdefccab6b59029d50d,SODA-A,crops/3fdefccab6b59029d50d.jpg,,,,,
m4-070-final-v1,A,238,4f23830d2c23b4f4baa3,DIOR-R,crops/4f23830d2c23b4f4baa3.jpg,,,,,
m4-070-final-v1,A,239,d1bb4d826a13a48e4dd0,FAIR1M-v1.0,crops/d1bb4d826a13a48e4dd0.jpg,,,,,
m4-070-final-v1,A,240,0f56f03020e5dabd6a47,DIOR-R,crops/0f56f03020e5dabd6a47.jpg,,,,,
m4-070-final-v1,A,241,5ff98edf266ae069fbdf,SODA-A,crops/5ff98edf266ae069fbdf.jpg,,,,,
m4-070-final-v1,A,242,8afbe089e2b959319ba1,SODA-A,crops/8afbe089e2b959319ba1.jpg,,,,,
m4-070-final-v1,A,243,f96194ce91bd3bbdf418,FAIR1M-v1.0,crops/f96194ce91bd3bbdf418.jpg,,,,,
m4-070-final-v1,A,244,3b5909c8e665a8d47e0b,SODA-A,crops/3b5909c8e665a8d47e0b.jpg,,,,,
m4-070-final-v1,A,245,12fa37054711c4997c44,DIOR-R,crops/12fa37054711c4997c44.jpg,,,,,
m4-070-final-v1,A,246,effe50b8eb965efa9e18,DIOR-R,crops/effe50b8eb965efa9e18.jpg,,,,,
m4-070-final-v1,A,247,e30002cac6606979022a,DIOR-R,crops/e30002cac6606979022a.jpg,,,,,
m4-070-final-v1,A,248,7063fc6d325cacf93850,DIOR-R,crops/7063fc6d325cacf93850.jpg,,,,,
m4-070-final-v1,A,249,88cd6332002e1c0d1e31,DIOR-R,crops/88cd6332002e1c0d1e31.jpg,,,,,
m4-070-final-v1,A,250,e239f97e5921cb86f5ee,SODA-A,crops/e239f97e5921cb86f5ee.jpg,,,,,
m4-070-final-v1,A,251,03785ce2ff0aa13d8986,DIOR-R,crops/03785ce2ff0aa13d8986.jpg,,,,,
m4-070-final-v1,A,252,d818da4213eb7e157c00,FAIR1M-v1.0,crops/d818da4213eb7e157c00.jpg,,,,,
m4-070-final-v1,A,253,26c22cc4796c401d190e,SODA-A,crops/26c22cc4796c401d190e.jpg,,,,,
m4-070-final-v1,A,254,7b468087bfde9baf2ea8,DIOR-R,crops/7b468087bfde9baf2ea8.jpg,,,,,
m4-070-final-v1,A,255,d0128ff9cdf2768ab039,FAIR1M-v1.0,crops/d0128ff9cdf2768ab039.jpg,,,,,
m4-070-final-v1,A,256,5d2ca81f1279811bc82c,DIOR-R,crops/5d2ca81f1279811bc82c.jpg,,,,,
m4-070-final-v1,A,257,00dade83822c177efaa9,FAIR1M-v1.0,crops/00dade83822c177efaa9.jpg,,,,,
m4-070-final-v1,A,258,c84c6fd6096a35422972,SODA-A,crops/c84c6fd6096a35422972.jpg,,,,,
m4-070-final-v1,A,259,aaecab7e243289276a79,DIOR-R,crops/aaecab7e243289276a79.jpg,,,,,
m4-070-final-v1,A,260,f1a039b7bf583d325824,FAIR1M-v1.0,crops/f1a039b7bf583d325824.jpg,,,,,
m4-070-final-v1,A,261,8d7cde07595413d204d8,DIOR-R,crops/8d7cde07595413d204d8.jpg,,,,,
m4-070-final-v1,A,262,f55988d47c92a436ea49,DIOR-R,crops/f55988d47c92a436ea49.jpg,,,,,
m4-070-final-v1,A,263,545703c627b8b0ff65f4,DIOR-R,crops/545703c627b8b0ff65f4.jpg,,,,,
m4-070-final-v1,A,264,48d15a15ffaa054f2564,DIOR-R,crops/48d15a15ffaa054f2564.jpg,,,,,
m4-070-final-v1,A,265,95effffcf1a87b5e760c,FAIR1M-v1.0,crops/95effffcf1a87b5e760c.jpg,,,,,
m4-070-final-v1,A,266,93cb700e2240ad6e0bee,SODA-A,crops/93cb700e2240ad6e0bee.jpg,,,,,
m4-070-final-v1,A,267,3214411174e673424ca0,SODA-A,crops/3214411174e673424ca0.jpg,,,,,
m4-070-final-v1,A,268,93c2c59a5cf1d458a9ab,DIOR-R,crops/93c2c59a5cf1d458a9ab.jpg,,,,,
m4-070-final-v1,A,269,b77abf295af7065255ea,SODA-A,crops/b77abf295af7065255ea.jpg,,,,,
m4-070-final-v1,A,270,b47ed872de5b4b068cae,DIOR-R,crops/b47ed872de5b4b068cae.jpg,,,,,
m4-070-final-v1,A,271,c8b5f5e20a73cd41c207,DIOR-R,crops/c8b5f5e20a73cd41c207.jpg,,,,,
m4-070-final-v1,A,272,57e0c55d48d808d98c9a,SODA-A,crops/57e0c55d48d808d98c9a.jpg,,,,,
m4-070-final-v1,A,273,532d3274f9822d9da213,FAIR1M-v1.0,crops/532d3274f9822d9da213.jpg,,,,,
m4-070-final-v1,A,274,3c0bd586e29a4e635501,FAIR1M-v1.0,crops/3c0bd586e29a4e635501.jpg,,,,,
m4-070-final-v1,A,275,756346690413c8248f47,DIOR-R,crops/756346690413c8248f47.jpg,,,,,
m4-070-final-v1,A,276,a58162bbf2f94c626215,FAIR1M-v1.0,crops/a58162bbf2f94c626215.jpg,,,,,
m4-070-final-v1,A,277,56cc04ce7fc85a47fcbe,FAIR1M-v1.0,crops/56cc04ce7fc85a47fcbe.jpg,,,,,
m4-070-final-v1,A,278,f43d2f348933885199e5,SODA-A,crops/f43d2f348933885199e5.jpg,,,,,
m4-070-final-v1,A,279,c02861fcf92408545e66,FAIR1M-v1.0,crops/c02861fcf92408545e66.jpg,,,,,
m4-070-final-v1,A,280,cd4e0affadd1fe7d1a9f,DIOR-R,crops/cd4e0affadd1fe7d1a9f.jpg,,,,,
m4-070-final-v1,A,281,496042fe4b3b71afb348,DIOR-R,crops/496042fe4b3b71afb348.jpg,,,,,
m4-070-final-v1,A,282,a399412e6a4ce62d7dde,DIOR-R,crops/a399412e6a4ce62d7dde.jpg,,,,,
m4-070-final-v1,A,283,36719f38541b9f541691,DIOR-R,crops/36719f38541b9f541691.jpg,,,,,
m4-070-final-v1,A,284,645892968de68fe0f644,SODA-A,crops/645892968de68fe0f644.jpg,,,,,
m4-070-final-v1,A,285,22c76885861a7b19626c,DIOR-R,crops/22c76885861a7b19626c.jpg,,,,,
m4-070-final-v1,A,286,be51f4ee40e467c0f9a9,DIOR-R,crops/be51f4ee40e467c0f9a9.jpg,,,,,
m4-070-final-v1,A,287,c93bd1956895ae07b9a9,SODA-A,crops/c93bd1956895ae07b9a9.jpg,,,,,
m4-070-final-v1,A,288,a9ee8b8a224c912f0fd0,DIOR-R,crops/a9ee8b8a224c912f0fd0.jpg,,,,,
m4-070-final-v1,A,289,88979f35b564a539f3aa,SODA-A,crops/88979f35b564a539f3aa.jpg,,,,,
m4-070-final-v1,A,290,e29bb5156aa1a38be608,FAIR1M-v1.0,crops/e29bb5156aa1a38be608.jpg,,,,,
m4-070-final-v1,A,291,89327261fea45aa71a2c,SODA-A,crops/89327261fea45aa71a2c.jpg,,,,,
m4-070-final-v1,A,292,c3521fd7b22d4fffd385,DIOR-R,crops/c3521fd7b22d4fffd385.jpg,,,,,
m4-070-final-v1,A,293,7cb3e3f25cf4e3a280a6,FAIR1M-v1.0,crops/7cb3e3f25cf4e3a280a6.jpg,,,,,
m4-070-final-v1,A,294,663ce9a4cd0f264e0b48,FAIR1M-v1.0,crops/663ce9a4cd0f264e0b48.jpg,,,,,
m4-070-final-v1,A,295,e6d2823e78619757aa73,DIOR-R,crops/e6d2823e78619757aa73.jpg,,,,,
m4-070-final-v1,A,296,75ec5d4ec07cd7bd3d3a,FAIR1M-v1.0,crops/75ec5d4ec07cd7bd3d3a.jpg,,,,,
m4-070-final-v1,A,297,4b5c1da1d805c5eb73fb,FAIR1M-v1.0,crops/4b5c1da1d805c5eb73fb.jpg,,,,,
m4-070-final-v1,A,298,eede659405174cbc04e9,FAIR1M-v1.0,crops/eede659405174cbc04e9.jpg,,,,,
m4-070-final-v1,A,299,e7b4444d685b825ee6ca,FAIR1M-v1.0,crops/e7b4444d685b825ee6ca.jpg,,,,,
m4-070-final-v1,A,300,b480ada8a24a0b20cc96,SODA-A,crops/b480ada8a24a0b20cc96.jpg,,,,,
m4-070-final-v1,A,301,b49b4016377890a681a8,SODA-A,crops/b49b4016377890a681a8.jpg,,,,,
m4-070-final-v1,A,302,ab4dc191c5a7735eff2c,FAIR1M-v1.0,crops/ab4dc191c5a7735eff2c.jpg,,,,,
m4-070-final-v1,A,303,fed9d5b1869c4996b43b,FAIR1M-v1.0,crops/fed9d5b1869c4996b43b.jpg,,,,,
m4-070-final-v1,A,304,5ca2dd0a897bea15c41f,SODA-A,crops/5ca2dd0a897bea15c41f.jpg,,,,,
m4-070-final-v1,A,305,df2990b74556c553789c,FAIR1M-v1.0,crops/df2990b74556c553789c.jpg,,,,,
m4-070-final-v1,A,306,ff38c9fbca63efdabfea,SODA-A,crops/ff38c9fbca63efdabfea.jpg,,,,,
m4-070-final-v1,A,307,d3c1487515b70f077221,FAIR1M-v1.0,crops/d3c1487515b70f077221.jpg,,,,,
m4-070-final-v1,A,308,5cc8e2ec4d7414ee4c5e,DIOR-R,crops/5cc8e2ec4d7414ee4c5e.jpg,,,,,
m4-070-final-v1,A,309,70e8f40dd768bc2a559e,SODA-A,crops/70e8f40dd768bc2a559e.jpg,,,,,
m4-070-final-v1,A,310,874e7c79b57d6cb53d29,DIOR-R,crops/874e7c79b57d6cb53d29.jpg,,,,,
m4-070-final-v1,A,311,f159ae3f1afe35de71e8,DIOR-R,crops/f159ae3f1afe35de71e8.jpg,,,,,
m4-070-final-v1,A,312,0be0bf152ff9430d5b20,SODA-A,crops/0be0bf152ff9430d5b20.jpg,,,,,
m4-070-final-v1,A,313,31ee0329e4e7e643bba0,SODA-A,crops/31ee0329e4e7e643bba0.jpg,,,,,
m4-070-final-v1,A,314,32deb3c1ba28e7d0f071,SODA-A,crops/32deb3c1ba28e7d0f071.jpg,,,,,
m4-070-final-v1,A,315,e01fa6cb3cb2fd3b9ef2,DIOR-R,crops/e01fa6cb3cb2fd3b9ef2.jpg,,,,,
m4-070-final-v1,A,316,751e326a4dd8078bb468,SODA-A,crops/751e326a4dd8078bb468.jpg,,,,,
m4-070-final-v1,A,317,2a88deb336140bd46e1e,SODA-A,crops/2a88deb336140bd46e1e.jpg,,,,,
m4-070-final-v1,A,318,4506a92afb77c9b84fa1,FAIR1M-v1.0,crops/4506a92afb77c9b84fa1.jpg,,,,,
m4-070-final-v1,A,319,f2ad651d897c973245bd,FAIR1M-v1.0,crops/f2ad651d897c973245bd.jpg,,,,,
m4-070-final-v1,A,320,413dec50894ab0f98444,DIOR-R,crops/413dec50894ab0f98444.jpg,,,,,
m4-070-final-v1,A,321,8314fb37dce4bb7adf8f,FAIR1M-v1.0,crops/8314fb37dce4bb7adf8f.jpg,,,,,
m4-070-final-v1,A,322,e5ca13d96ec94362e430,FAIR1M-v1.0,crops/e5ca13d96ec94362e430.jpg,,,,,
m4-070-final-v1,A,323,ebe413ebdc7dd2d379dc,DIOR-R,crops/ebe413ebdc7dd2d379dc.jpg,,,,,
m4-070-final-v1,A,324,4bd4ddf3187b38bea373,DIOR-R,crops/4bd4ddf3187b38bea373.jpg,,,,,
m4-070-final-v1,A,325,08fb750466793186a35c,FAIR1M-v1.0,crops/08fb750466793186a35c.jpg,,,,,
m4-070-final-v1,A,326,1a0e79f44f37a33d8e7c,SODA-A,crops/1a0e79f44f37a33d8e7c.jpg,,,,,
m4-070-final-v1,A,327,4cfc4129e808a077ffe0,DIOR-R,crops/4cfc4129e808a077ffe0.jpg,,,,,
m4-070-final-v1,A,328,fd67190ddb0c89795f36,FAIR1M-v1.0,crops/fd67190ddb0c89795f36.jpg,,,,,
m4-070-final-v1,A,329,a177a7ab4110586e2905,FAIR1M-v1.0,crops/a177a7ab4110586e2905.jpg,,,,,
m4-070-final-v1,A,330,3d4c447b9918cf26cd62,FAIR1M-v1.0,crops/3d4c447b9918cf26cd62.jpg,,,,,
m4-070-final-v1,A,331,e4cadb69e9760d415c5e,SODA-A,crops/e4cadb69e9760d415c5e.jpg,,,,,
m4-070-final-v1,A,332,f29a5e9fe83d4df75290,FAIR1M-v1.0,crops/f29a5e9fe83d4df75290.jpg,,,,,
m4-070-final-v1,A,333,e8f8d2bc5b95bc5d4718,SODA-A,crops/e8f8d2bc5b95bc5d4718.jpg,,,,,
m4-070-final-v1,A,334,7d422933401055a8e686,SODA-A,crops/7d422933401055a8e686.jpg,,,,,
m4-070-final-v1,A,335,215a9b38071f9c64d073,DIOR-R,crops/215a9b38071f9c64d073.jpg,,,,,
m4-070-final-v1,A,336,eef4a045517efc9eaac4,DIOR-R,crops/eef4a045517efc9eaac4.jpg,,,,,
m4-070-final-v1,A,337,0c686251843ecd775af0,DIOR-R,crops/0c686251843ecd775af0.jpg,,,,,
m4-070-final-v1,A,338,5e95d7b767716bdeed07,DIOR-R,crops/5e95d7b767716bdeed07.jpg,,,,,
m4-070-final-v1,A,339,21038b9eff65bf3d92fe,FAIR1M-v1.0,crops/21038b9eff65bf3d92fe.jpg,,,,,
m4-070-final-v1,A,340,b6ba31f513096d23ceca,SODA-A,crops/b6ba31f513096d23ceca.jpg,,,,,
m4-070-final-v1,A,341,a7d4dde28d7417d03e3e,FAIR1M-v1.0,crops/a7d4dde28d7417d03e3e.jpg,,,,,
m4-070-final-v1,A,342,95d798aecd0c9aa795c6,FAIR1M-v1.0,crops/95d798aecd0c9aa795c6.jpg,,,,,
m4-070-final-v1,A,343,148f574105201bcfecfb,DIOR-R,crops/148f574105201bcfecfb.jpg,,,,,
m4-070-final-v1,A,344,ab63e23a198d1563a984,DIOR-R,crops/ab63e23a198d1563a984.jpg,,,,,
m4-070-final-v1,A,345,75d0b9080b95b235c4a0,DIOR-R,crops/75d0b9080b95b235c4a0.jpg,,,,,
m4-070-final-v1,A,346,25048c4d6cdf61ca19d8,FAIR1M-v1.0,crops/25048c4d6cdf61ca19d8.jpg,,,,,
m4-070-final-v1,A,347,0c14e8335e2a6e7063cc,SODA-A,crops/0c14e8335e2a6e7063cc.jpg,,,,,
m4-070-final-v1,A,348,57834b1f827d04c5425d,SODA-A,crops/57834b1f827d04c5425d.jpg,,,,,
m4-070-final-v1,A,349,83b37764a8946e48ad44,FAIR1M-v1.0,crops/83b37764a8946e48ad44.jpg,,,,,
m4-070-final-v1,A,350,3f8811ab4c2325bd95b5,SODA-A,crops/3f8811ab4c2325bd95b5.jpg,,,,,
m4-070-final-v1,A,351,56209d6fe67f00b1c6fa,FAIR1M-v1.0,crops/56209d6fe67f00b1c6fa.jpg,,,,,
m4-070-final-v1,A,352,75aa3a0b2b10d6fa56f1,FAIR1M-v1.0,crops/75aa3a0b2b10d6fa56f1.jpg,,,,,
m4-070-final-v1,A,353,e52bb4f9cbf6715e7584,SODA-A,crops/e52bb4f9cbf6715e7584.jpg,,,,,
m4-070-final-v1,A,354,cb269ca2ffc7dbc20029,DIOR-R,crops/cb269ca2ffc7dbc20029.jpg,,,,,
m4-070-final-v1,A,355,96a832736768a4008c11,DIOR-R,crops/96a832736768a4008c11.jpg,,,,,
m4-070-final-v1,A,356,e50644218a5efa4eba18,SODA-A,crops/e50644218a5efa4eba18.jpg,,,,,
m4-070-final-v1,A,357,da7a00b600ff252cab26,DIOR-R,crops/da7a00b600ff252cab26.jpg,,,,,
m4-070-final-v1,A,358,9b0242a9cb9cd17fc780,SODA-A,crops/9b0242a9cb9cd17fc780.jpg,,,,,
m4-070-final-v1,A,359,111b168f46ed5263e84d,FAIR1M-v1.0,crops/111b168f46ed5263e84d.jpg,,,,,
m4-070-final-v1,A,360,8306b8d0ae64620a7c23,DIOR-R,crops/8306b8d0ae64620a7c23.jpg,,,,,
m4-070-final-v1,A,361,91a2d8ef4695737d3203,FAIR1M-v1.0,crops/91a2d8ef4695737d3203.jpg,,,,,
m4-070-final-v1,A,362,d64f1e942e8f89cf6f0a,DIOR-R,crops/d64f1e942e8f89cf6f0a.jpg,,,,,
m4-070-final-v1,A,363,ba12039587ee0763db4c,DIOR-R,crops/ba12039587ee0763db4c.jpg,,,,,
m4-070-final-v1,A,364,44fc770bccaf204e8508,FAIR1M-v1.0,crops/44fc770bccaf204e8508.jpg,,,,,
m4-070-final-v1,A,365,f8f1d81045d43ddfb67e,DIOR-R,crops/f8f1d81045d43ddfb67e.jpg,,,,,
m4-070-final-v1,A,366,606e803e53b10a81710d,SODA-A,crops/606e803e53b10a81710d.jpg,,,,,
m4-070-final-v1,A,367,712736789e2ddbd39480,SODA-A,crops/712736789e2ddbd39480.jpg,,,,,
m4-070-final-v1,A,368,6dee68dbb21a461ae70c,SODA-A,crops/6dee68dbb21a461ae70c.jpg,,,,,
m4-070-final-v1,A,369,23496c32e19507620a3e,SODA-A,crops/23496c32e19507620a3e.jpg,,,,,
m4-070-final-v1,A,370,1f0e35e22101a32c78dd,SODA-A,crops/1f0e35e22101a32c78dd.jpg,,,,,
m4-070-final-v1,A,371,cae6c166361b0863efb3,FAIR1M-v1.0,crops/cae6c166361b0863efb3.jpg,,,,,
m4-070-final-v1,A,372,24917941606f4d39636e,FAIR1M-v1.0,crops/24917941606f4d39636e.jpg,,,,,
m4-070-final-v1,A,373,cdf09c8767a4bcc78a0c,FAIR1M-v1.0,crops/cdf09c8767a4bcc78a0c.jpg,,,,,
m4-070-final-v1,A,374,34f7aad9beaea32422f9,SODA-A,crops/34f7aad9beaea32422f9.jpg,,,,,
m4-070-final-v1,A,375,714c542f37a7379a475e,FAIR1M-v1.0,crops/714c542f37a7379a475e.jpg,,,,,
m4-070-final-v1,A,376,71dedbf35ceee3a78a77,FAIR1M-v1.0,crops/71dedbf35ceee3a78a77.jpg,,,,,
m4-070-final-v1,A,377,15160f2cea29c087a140,FAIR1M-v1.0,crops/15160f2cea29c087a140.jpg,,,,,
m4-070-final-v1,A,378,8e27e5fb0482f42eed7f,FAIR1M-v1.0,crops/8e27e5fb0482f42eed7f.jpg,,,,,
m4-070-final-v1,A,379,b3ee07720a06b98192df,SODA-A,crops/b3ee07720a06b98192df.jpg,,,,,
m4-070-final-v1,A,380,1aa7012fc87d4e2b0e9f,DIOR-R,crops/1aa7012fc87d4e2b0e9f.jpg,,,,,
m4-070-final-v1,A,381,897b9a80848f42732e8e,SODA-A,crops/897b9a80848f42732e8e.jpg,,,,,
m4-070-final-v1,A,382,97bca995e22a419943e6,SODA-A,crops/97bca995e22a419943e6.jpg,,,,,
m4-070-final-v1,A,383,5d13e3c15d26feb63326,DIOR-R,crops/5d13e3c15d26feb63326.jpg,,,,,
m4-070-final-v1,A,384,2d7b12c1ccab0e6943b8,DIOR-R,crops/2d7b12c1ccab0e6943b8.jpg,,,,,
m4-070-final-v1,A,385,4e8d26da9c29a4bcc114,DIOR-R,crops/4e8d26da9c29a4bcc114.jpg,,,,,
m4-070-final-v1,A,386,8c8d2db9e87fa7570b0f,SODA-A,crops/8c8d2db9e87fa7570b0f.jpg,,,,,
m4-070-final-v1,A,387,ca46d2d19a3934d44858,FAIR1M-v1.0,crops/ca46d2d19a3934d44858.jpg,,,,,
m4-070-final-v1,A,388,4888d6826dbafb8d34d0,FAIR1M-v1.0,crops/4888d6826dbafb8d34d0.jpg,,,,,
m4-070-final-v1,A,389,163eec52080ab2071846,SODA-A,crops/163eec52080ab2071846.jpg,,,,,
m4-070-final-v1,A,390,c997899215caf7e7063e,SODA-A,crops/c997899215caf7e7063e.jpg,,,,,
m4-070-final-v1,A,391,68c1cee8ff1d0ee4f0c0,DIOR-R,crops/68c1cee8ff1d0ee4f0c0.jpg,,,,,
m4-070-final-v1,A,392,7f9252d2142c1b08b688,DIOR-R,crops/7f9252d2142c1b08b688.jpg,,,,,
m4-070-final-v1,A,393,6608ae9646832134470c,DIOR-R,crops/6608ae9646832134470c.jpg,,,,,
m4-070-final-v1,A,394,db2187c88f70cf9f7d3a,FAIR1M-v1.0,crops/db2187c88f70cf9f7d3a.jpg,,,,,
m4-070-final-v1,A,395,7dcabbf69e7b2b7ac99c,DIOR-R,crops/7dcabbf69e7b2b7ac99c.jpg,,,,,
m4-070-final-v1,A,396,599f3eb9322a19ddc438,SODA-A,crops/599f3eb9322a19ddc438.jpg,,,,,
m4-070-final-v1,A,397,2ba51a2d4818eec6a61d,DIOR-R,crops/2ba51a2d4818eec6a61d.jpg,,,,,
m4-070-final-v1,A,398,5d8c7e47731e074c8b5c,FAIR1M-v1.0,crops/5d8c7e47731e074c8b5c.jpg,,,,,
m4-070-final-v1,A,399,fd172ebdba467d405c4f,DIOR-R,crops/fd172ebdba467d405c4f.jpg,,,,,
m4-070-final-v1,A,400,2a3f944cbba4b42d35c3,SODA-A,crops/2a3f944cbba4b42d35c3.jpg,,,,,
m4-070-final-v1,A,401,26da55843313c1afb7ed,SODA-A,crops/26da55843313c1afb7ed.jpg,,,,,
m4-070-final-v1,A,402,e790972003a4832bc4a0,SODA-A,crops/e790972003a4832bc4a0.jpg,,,,,
m4-070-final-v1,A,403,2bb8e973126356aca708,FAIR1M-v1.0,crops/2bb8e973126356aca708.jpg,,,,,
m4-070-final-v1,A,404,a096a954f916e48408c4,FAIR1M-v1.0,crops/a096a954f916e48408c4.jpg,,,,,
m4-070-final-v1,A,405,70908dd5bc210fd2310b,DIOR-R,crops/70908dd5bc210fd2310b.jpg,,,,,
m4-070-final-v1,A,406,f62ea75982150387cab8,SODA-A,crops/f62ea75982150387cab8.jpg,,,,,
m4-070-final-v1,A,407,ff2612371da1b4caec7c,DIOR-R,crops/ff2612371da1b4caec7c.jpg,,,,,
m4-070-final-v1,A,408,a635373b158adeefc356,FAIR1M-v1.0,crops/a635373b158adeefc356.jpg,,,,,
m4-070-final-v1,A,409,e3224b4099a806e961a5,FAIR1M-v1.0,crops/e3224b4099a806e961a5.jpg,,,,,
m4-070-final-v1,A,410,a6292c566f9c17934aaa,DIOR-R,crops/a6292c566f9c17934aaa.jpg,,,,,
m4-070-final-v1,A,411,c3f11694b2134bf6c895,FAIR1M-v1.0,crops/c3f11694b2134bf6c895.jpg,,,,,
m4-070-final-v1,A,412,26a391560db1c2d6f03e,DIOR-R,crops/26a391560db1c2d6f03e.jpg,,,,,
m4-070-final-v1,A,413,481dac2080d0b39fd63e,FAIR1M-v1.0,crops/481dac2080d0b39fd63e.jpg,,,,,
m4-070-final-v1,A,414,00648b184ced96c1ca0a,DIOR-R,crops/00648b184ced96c1ca0a.jpg,,,,,
m4-070-final-v1,A,415,c6861af9ae9b9ea0190e,DIOR-R,crops/c6861af9ae9b9ea0190e.jpg,,,,,
m4-070-final-v1,A,416,13ee8143218b5c3165ab,DIOR-R,crops/13ee8143218b5c3165ab.jpg,,,,,
m4-070-final-v1,A,417,2f2f8e98b4a6dfe91675,SODA-A,crops/2f2f8e98b4a6dfe91675.jpg,,,,,
m4-070-final-v1,A,418,ba4d66cd7f5e60c04fb0,SODA-A,crops/ba4d66cd7f5e60c04fb0.jpg,,,,,
m4-070-final-v1,A,419,dfb36c0834e02e04b8e1,SODA-A,crops/dfb36c0834e02e04b8e1.jpg,,,,,
m4-070-final-v1,A,420,3b82eb1a473ef4311ebe,FAIR1M-v1.0,crops/3b82eb1a473ef4311ebe.jpg,,,,,
m4-070-final-v1,A,421,10ac24333898cf56868a,SODA-A,crops/10ac24333898cf56868a.jpg,,,,,
m4-070-final-v1,A,422,eca842c05c5279a1b7dc,DIOR-R,crops/eca842c05c5279a1b7dc.jpg,,,,,
m4-070-final-v1,A,423,b59d365dbe6ef9f3c8e2,DIOR-R,crops/b59d365dbe6ef9f3c8e2.jpg,,,,,
m4-070-final-v1,A,424,499312a3a1deb845781e,SODA-A,crops/499312a3a1deb845781e.jpg,,,,,
m4-070-final-v1,A,425,a78a82814c1a0e442e96,SODA-A,crops/a78a82814c1a0e442e96.jpg,,,,,
m4-070-final-v1,A,426,05090a5ae146eaeebc06,DIOR-R,crops/05090a5ae146eaeebc06.jpg,,,,,
m4-070-final-v1,A,427,c2b69cf38432c915f85e,SODA-A,crops/c2b69cf38432c915f85e.jpg,,,,,
m4-070-final-v1,A,428,9a77ee5a2d965519fdaa,SODA-A,crops/9a77ee5a2d965519fdaa.jpg,,,,,
m4-070-final-v1,A,429,f10eb2c937682302b10c,DIOR-R,crops/f10eb2c937682302b10c.jpg,,,,,
m4-070-final-v1,A,430,5541ed8be61d6a0f35fb,SODA-A,crops/5541ed8be61d6a0f35fb.jpg,,,,,
m4-070-final-v1,A,431,5635082c1787ab8ceae8,FAIR1M-v1.0,crops/5635082c1787ab8ceae8.jpg,,,,,
m4-070-final-v1,A,432,b3f2ff96405946967b0c,SODA-A,crops/b3f2ff96405946967b0c.jpg,,,,,
m4-070-final-v1,A,433,25c51555734910beb625,FAIR1M-v1.0,crops/25c51555734910beb625.jpg,,,,,
m4-070-final-v1,A,434,69721122aed22ed49644,SODA-A,crops/69721122aed22ed49644.jpg,,,,,
m4-070-final-v1,A,435,46a734d6dfe23391ef48,FAIR1M-v1.0,crops/46a734d6dfe23391ef48.jpg,,,,,
m4-070-final-v1,A,436,895f8cbeb1c9b8c6f38c,FAIR1M-v1.0,crops/895f8cbeb1c9b8c6f38c.jpg,,,,,
m4-070-final-v1,A,437,a3a2bdc61decc17a2acf,DIOR-R,crops/a3a2bdc61decc17a2acf.jpg,,,,,
m4-070-final-v1,A,438,d8e13c2cee7f6539c29e,DIOR-R,crops/d8e13c2cee7f6539c29e.jpg,,,,,
m4-070-final-v1,A,439,2575c277eb76f1c726b5,SODA-A,crops/2575c277eb76f1c726b5.jpg,,,,,
m4-070-final-v1,A,440,7c6c45bbc5ccf800a060,FAIR1M-v1.0,crops/7c6c45bbc5ccf800a060.jpg,,,,,
m4-070-final-v1,A,441,49810d0636bb9cd4cf4f,SODA-A,crops/49810d0636bb9cd4cf4f.jpg,,,,,
m4-070-final-v1,A,442,e62d2e7529d4c03a714a,DIOR-R,crops/e62d2e7529d4c03a714a.jpg,,,,,
m4-070-final-v1,A,443,6f2b9bff607ed5c0a444,FAIR1M-v1.0,crops/6f2b9bff607ed5c0a444.jpg,,,,,
m4-070-final-v1,A,444,c882d5656c9b8a3b1348,SODA-A,crops/c882d5656c9b8a3b1348.jpg,,,,,
m4-070-final-v1,A,445,a5a22f92a4a579cecb0f,DIOR-R,crops/a5a22f92a4a579cecb0f.jpg,,,,,
m4-070-final-v1,A,446,6b1b1d87f67f7b6ce9f9,FAIR1M-v1.0,crops/6b1b1d87f67f7b6ce9f9.jpg,,,,,
m4-070-final-v1,A,447,3f38765a1d671987aa21,DIOR-R,crops/3f38765a1d671987aa21.jpg,,,,,
m4-070-final-v1,A,448,411afea8005cae7d7114,SODA-A,crops/411afea8005cae7d7114.jpg,,,,,
m4-070-final-v1,A,449,6c5a2b66dc0a36f18a7a,SODA-A,crops/6c5a2b66dc0a36f18a7a.jpg,,,,,
m4-070-final-v1,A,450,fba16740364c8c9a176c,FAIR1M-v1.0,crops/fba16740364c8c9a176c.jpg,,,,,
m4-070-final-v1,A,451,2260afdc092afb51c1eb,FAIR1M-v1.0,crops/2260afdc092afb51c1eb.jpg,,,,,
m4-070-final-v1,A,452,5e435c835941518110f5,FAIR1M-v1.0,crops/5e435c835941518110f5.jpg,,,,,
m4-070-final-v1,A,453,f5c65bfa776071ea8180,DIOR-R,crops/f5c65bfa776071ea8180.jpg,,,,,
m4-070-final-v1,A,454,76788c85f6f28e882b09,SODA-A,crops/76788c85f6f28e882b09.jpg,,,,,
m4-070-final-v1,A,455,ed58d3ec7c512d684aee,DIOR-R,crops/ed58d3ec7c512d684aee.jpg,,,,,
m4-070-final-v1,A,456,1370938733859a5c012c,DIOR-R,crops/1370938733859a5c012c.jpg,,,,,
m4-070-final-v1,A,457,a98843b2159e2d1719db,FAIR1M-v1.0,crops/a98843b2159e2d1719db.jpg,,,,,
m4-070-final-v1,A,458,1e8157791cd3efc02591,SODA-A,crops/1e8157791cd3efc02591.jpg,,,,,
m4-070-final-v1,A,459,3a4d510b00f24ea99ab2,DIOR-R,crops/3a4d510b00f24ea99ab2.jpg,,,,,
m4-070-final-v1,A,460,66b8c6ae3ac74d2e4487,DIOR-R,crops/66b8c6ae3ac74d2e4487.jpg,,,,,
m4-070-final-v1,A,461,ab8a96977e6a581c48f5,FAIR1M-v1.0,crops/ab8a96977e6a581c48f5.jpg,,,,,
m4-070-final-v1,A,462,a98bd66f1b38ad1ad153,SODA-A,crops/a98bd66f1b38ad1ad153.jpg,,,,,
m4-070-final-v1,A,463,cc5e010ac97ab69b97c0,FAIR1M-v1.0,crops/cc5e010ac97ab69b97c0.jpg,,,,,
m4-070-final-v1,A,464,faa9ae162bf6735421f6,FAIR1M-v1.0,crops/faa9ae162bf6735421f6.jpg,,,,,
m4-070-final-v1,A,465,8c15cd66ab8267d1b902,FAIR1M-v1.0,crops/8c15cd66ab8267d1b902.jpg,,,,,
m4-070-final-v1,A,466,581c817a9dff42f3de43,DIOR-R,crops/581c817a9dff42f3de43.jpg,,,,,
m4-070-final-v1,A,467,8c655a404c13313b7c50,SODA-A,crops/8c655a404c13313b7c50.jpg,,,,,
m4-070-final-v1,A,468,850887eb72b5cfaacb2c,FAIR1M-v1.0,crops/850887eb72b5cfaacb2c.jpg,,,,,
m4-070-final-v1,A,469,5131d355f8ff615c0aae,DIOR-R,crops/5131d355f8ff615c0aae.jpg,,,,,
m4-070-final-v1,A,470,e202da33feb7ee4aaf9b,DIOR-R,crops/e202da33feb7ee4aaf9b.jpg,,,,,
m4-070-final-v1,A,471,a8a5c7bab3211a39ca85,DIOR-R,crops/a8a5c7bab3211a39ca85.jpg,,,,,
m4-070-final-v1,A,472,84dcfa6a586eb122b425,FAIR1M-v1.0,crops/84dcfa6a586eb122b425.jpg,,,,,
m4-070-final-v1,A,473,6466c2aa7bfd85f604aa,SODA-A,crops/6466c2aa7bfd85f604aa.jpg,,,,,
m4-070-final-v1,A,474,196c44bf3207430c04e0,DIOR-R,crops/196c44bf3207430c04e0.jpg,,,,,
m4-070-final-v1,A,475,71968f92a188118d9954,SODA-A,crops/71968f92a188118d9954.jpg,,,,,
m4-070-final-v1,A,476,0f79cfb94b0d4683d54b,FAIR1M-v1.0,crops/0f79cfb94b0d4683d54b.jpg,,,,,
m4-070-final-v1,A,477,c168ed8cc87a573f8b07,DIOR-R,crops/c168ed8cc87a573f8b07.jpg,,,,,
m4-070-final-v1,A,478,a870e79f56d0c9b509d1,DIOR-R,crops/a870e79f56d0c9b509d1.jpg,,,,,
m4-070-final-v1,A,479,f4fb26d1acc18186cefb,SODA-A,crops/f4fb26d1acc18186cefb.jpg,,,,,
m4-070-final-v1,A,480,c0ac90fdb3a785ccdd67,SODA-A,crops/c0ac90fdb3a785ccdd67.jpg,,,,,
m4-070-final-v1,A,481,bb116d3993a343d2b4d9,FAIR1M-v1.0,crops/bb116d3993a343d2b4d9.jpg,,,,,
m4-070-final-v1,A,482,a0ebde863295fb32a959,DIOR-R,crops/a0ebde863295fb32a959.jpg,,,,,
m4-070-final-v1,A,483,36ebc9f4f57646b042e7,DIOR-R,crops/36ebc9f4f57646b042e7.jpg,,,,,
m4-070-final-v1,A,484,4ddce9535fcd8ebb0414,DIOR-R,crops/4ddce9535fcd8ebb0414.jpg,,,,,
m4-070-final-v1,A,485,56e698d196235f36795f,FAIR1M-v1.0,crops/56e698d196235f36795f.jpg,,,,,
m4-070-final-v1,A,486,9a941571f929610ca87a,DIOR-R,crops/9a941571f929610ca87a.jpg,,,,,
m4-070-final-v1,A,487,e0779ec85ec0d0c316ac,SODA-A,crops/e0779ec85ec0d0c316ac.jpg,,,,,
m4-070-final-v1,A,488,e38bdd478d2281789298,FAIR1M-v1.0,crops/e38bdd478d2281789298.jpg,,,,,
m4-070-final-v1,A,489,2e69115843c554d73dbb,DIOR-R,crops/2e69115843c554d73dbb.jpg,,,,,
m4-070-final-v1,A,490,5a7c45887f09a34c895c,SODA-A,crops/5a7c45887f09a34c895c.jpg,,,,,
m4-070-final-v1,A,491,a0071f79fe8c85a22d30,DIOR-R,crops/a0071f79fe8c85a22d30.jpg,,,,,
m4-070-final-v1,A,492,7b36997db309955909b0,FAIR1M-v1.0,crops/7b36997db309955909b0.jpg,,,,,
m4-070-final-v1,A,493,d887607d4fca89c75698,FAIR1M-v1.0,crops/d887607d4fca89c75698.jpg,,,,,
m4-070-final-v1,A,494,9dbcebac663ed17c4c71,FAIR1M-v1.0,crops/9dbcebac663ed17c4c71.jpg,,,,,
m4-070-final-v1,A,495,dfd8389e073db5bf2d58,FAIR1M-v1.0,crops/dfd8389e073db5bf2d58.jpg,,,,,
m4-070-final-v1,A,496,8ed65c9a665a1c278435,SODA-A,crops/8ed65c9a665a1c278435.jpg,,,,,
m4-070-final-v1,A,497,a0ad89afc15b7ce0da58,SODA-A,crops/a0ad89afc15b7ce0da58.jpg,,,,,
m4-070-final-v1,A,498,a51627216e8798668f6e,FAIR1M-v1.0,crops/a51627216e8798668f6e.jpg,,,,,
m4-070-final-v1,A,499,3742bd12d5ffa6d45f75,DIOR-R,crops/3742bd12d5ffa6d45f75.jpg,,,,,
m4-070-final-v1,A,500,f5cfcbcfcdeb2879d622,FAIR1M-v1.0,crops/f5cfcbcfcdeb2879d622.jpg,,,,,
m4-070-final-v1,A,501,12af30019c1ef51594c4,DIOR-R,crops/12af30019c1ef51594c4.jpg,,,,,
m4-070-final-v1,A,502,c04de8f4bdfcbfede7e9,FAIR1M-v1.0,crops/c04de8f4bdfcbfede7e9.jpg,,,,,
m4-070-final-v1,A,503,4a615cbdace6b8e10f6b,SODA-A,crops/4a615cbdace6b8e10f6b.jpg,,,,,
m4-070-final-v1,A,504,25fb8ab43c60d0bc3fdd,SODA-A,crops/25fb8ab43c60d0bc3fdd.jpg,,,,,
m4-070-final-v1,A,505,a1efec1874b5ba121d87,FAIR1M-v1.0,crops/a1efec1874b5ba121d87.jpg,,,,,
m4-070-final-v1,A,506,ab5993544f8d1afdad2f,FAIR1M-v1.0,crops/ab5993544f8d1afdad2f.jpg,,,,,
m4-070-final-v1,A,507,48d08f3f71f9f0c48986,FAIR1M-v1.0,crops/48d08f3f71f9f0c48986.jpg,,,,,
m4-070-final-v1,A,508,bbde7eb497f128441a84,DIOR-R,crops/bbde7eb497f128441a84.jpg,,,,,
m4-070-final-v1,A,509,0e0e9a5ba74cfcd138ce,FAIR1M-v1.0,crops/0e0e9a5ba74cfcd138ce.jpg,,,,,
m4-070-final-v1,A,510,433257b1de50027a7c17,DIOR-R,crops/433257b1de50027a7c17.jpg,,,,,
m4-070-final-v1,A,511,d3ac28700cc6906963a2,FAIR1M-v1.0,crops/d3ac28700cc6906963a2.jpg,,,,,
m4-070-final-v1,A,512,83eae171ebf56ce01f0b,SODA-A,crops/83eae171ebf56ce01f0b.jpg,,,,,
m4-070-final-v1,A,513,5376a9fff251d8518c2d,DIOR-R,crops/5376a9fff251d8518c2d.jpg,,,,,
m4-070-final-v1,A,514,45be4d2ab5569ee73ae0,SODA-A,crops/45be4d2ab5569ee73ae0.jpg,,,,,
m4-070-final-v1,A,515,d17aeb973996a06b22fb,DIOR-R,crops/d17aeb973996a06b22fb.jpg,,,,,
m4-070-final-v1,A,516,54ae78bf7a46235a6d8d,SODA-A,crops/54ae78bf7a46235a6d8d.jpg,,,,,
m4-070-final-v1,A,517,fe4c2acc4cb2b7845b47,FAIR1M-v1.0,crops/fe4c2acc4cb2b7845b47.jpg,,,,,
m4-070-final-v1,A,518,241943e61c6fce25af84,SODA-A,crops/241943e61c6fce25af84.jpg,,,,,
m4-070-final-v1,A,519,cfe3ec2409beee1bb8da,SODA-A,crops/cfe3ec2409beee1bb8da.jpg,,,,,
m4-070-final-v1,A,520,be517b84a5acca449b47,DIOR-R,crops/be517b84a5acca449b47.jpg,,,,,
m4-070-final-v1,A,521,e234f454fcb8656b0bcc,SODA-A,crops/e234f454fcb8656b0bcc.jpg,,,,,
m4-070-final-v1,A,522,30eb25c80d2971f2b51e,FAIR1M-v1.0,crops/30eb25c80d2971f2b51e.jpg,,,,,
m4-070-final-v1,A,523,b99f1aff9ec3eb774b92,DIOR-R,crops/b99f1aff9ec3eb774b92.jpg,,,,,
m4-070-final-v1,A,524,1a9f0c847de63c9d26dc,DIOR-R,crops/1a9f0c847de63c9d26dc.jpg,,,,,
m4-070-final-v1,A,525,8d7eb00028dac3dea680,SODA-A,crops/8d7eb00028dac3dea680.jpg,,,,,
m4-070-final-v1,A,526,1cd21259b28758a54189,DIOR-R,crops/1cd21259b28758a54189.jpg,,,,,
m4-070-final-v1,A,527,fc47468b42df36822541,SODA-A,crops/fc47468b42df36822541.jpg,,,,,
m4-070-final-v1,A,528,4edc4ec35b15a52b81e1,DIOR-R,crops/4edc4ec35b15a52b81e1.jpg,,,,,
m4-070-final-v1,A,529,7209dd6638532a6423fc,SODA-A,crops/7209dd6638532a6423fc.jpg,,,,,
m4-070-final-v1,A,530,9dd752932785d4bfffe2,FAIR1M-v1.0,crops/9dd752932785d4bfffe2.jpg,,,,,
m4-070-final-v1,A,531,ba042610274b186b49e4,SODA-A,crops/ba042610274b186b49e4.jpg,,,,,
m4-070-final-v1,A,532,48591c7d3dd0f759dadb,FAIR1M-v1.0,crops/48591c7d3dd0f759dadb.jpg,,,,,
m4-070-final-v1,A,533,05fa74a3e820ca395877,DIOR-R,crops/05fa74a3e820ca395877.jpg,,,,,
m4-070-final-v1,A,534,2ebbeefb495051dcd247,DIOR-R,crops/2ebbeefb495051dcd247.jpg,,,,,
m4-070-final-v1,A,535,9f48947d6bfe82a28d23,SODA-A,crops/9f48947d6bfe82a28d23.jpg,,,,,
m4-070-final-v1,A,536,dc5e1b3a33cebd403278,SODA-A,crops/dc5e1b3a33cebd403278.jpg,,,,,
m4-070-final-v1,A,537,d7894c9c43b0e79a78c0,SODA-A,crops/d7894c9c43b0e79a78c0.jpg,,,,,
m4-070-final-v1,A,538,ab36d911ccc7f918f2fb,FAIR1M-v1.0,crops/ab36d911ccc7f918f2fb.jpg,,,,,
m4-070-final-v1,A,539,ad331bfda15bc5f6df6e,FAIR1M-v1.0,crops/ad331bfda15bc5f6df6e.jpg,,,,,
m4-070-final-v1,A,540,02139c078c681c53fa7d,SODA-A,crops/02139c078c681c53fa7d.jpg,,,,,
m4-070-final-v1,A,541,8854136a2a3a565e07f6,SODA-A,crops/8854136a2a3a565e07f6.jpg,,,,,
m4-070-final-v1,A,542,21074bd5e1a0e16aff25,FAIR1M-v1.0,crops/21074bd5e1a0e16aff25.jpg,,,,,
m4-070-final-v1,A,543,aa4119da54a24a329027,DIOR-R,crops/aa4119da54a24a329027.jpg,,,,,
m4-070-final-v1,A,544,27f35a546792bd6e6e1c,SODA-A,crops/27f35a546792bd6e6e1c.jpg,,,,,
m4-070-final-v1,A,545,14ac067057d47dbfeeb9,SODA-A,crops/14ac067057d47dbfeeb9.jpg,,,,,
m4-070-final-v1,A,546,01c8620d0733f9bfd775,SODA-A,crops/01c8620d0733f9bfd775.jpg,,,,,
m4-070-final-v1,A,547,f299121a91df18b45cb5,SODA-A,crops/f299121a91df18b45cb5.jpg,,,,,
m4-070-final-v1,A,548,431514b90d02da0c5bbd,FAIR1M-v1.0,crops/431514b90d02da0c5bbd.jpg,,,,,
m4-070-final-v1,A,549,b1d16f84fb36d38b4c81,DIOR-R,crops/b1d16f84fb36d38b4c81.jpg,,,,,
m4-070-final-v1,A,550,d6286063395f7a4030fd,FAIR1M-v1.0,crops/d6286063395f7a4030fd.jpg,,,,,
m4-070-final-v1,A,551,b00f0cad75df9442cf9e,SODA-A,crops/b00f0cad75df9442cf9e.jpg,,,,,
m4-070-final-v1,A,552,122cca3c29513ee1f0e2,DIOR-R,crops/122cca3c29513ee1f0e2.jpg,,,,,
m4-070-final-v1,A,553,d7613af03779753c1c3c,DIOR-R,crops/d7613af03779753c1c3c.jpg,,,,,
m4-070-final-v1,A,554,fee75021ce06efb76b05,DIOR-R,crops/fee75021ce06efb76b05.jpg,,,,,
m4-070-final-v1,A,555,22ec343389cbf4786b20,FAIR1M-v1.0,crops/22ec343389cbf4786b20.jpg,,,,,
m4-070-final-v1,A,556,f9cdf0fb1cc63827f7a8,FAIR1M-v1.0,crops/f9cdf0fb1cc63827f7a8.jpg,,,,,
m4-070-final-v1,A,557,daf533b44d83af691bca,FAIR1M-v1.0,crops/daf533b44d83af691bca.jpg,,,,,
m4-070-final-v1,A,558,ad5e50ea72a8f66bd026,DIOR-R,crops/ad5e50ea72a8f66bd026.jpg,,,,,
m4-070-final-v1,A,559,5d0b6390ee1c6e5bdc4c,FAIR1M-v1.0,crops/5d0b6390ee1c6e5bdc4c.jpg,,,,,
m4-070-final-v1,A,560,e031101764b246f37318,FAIR1M-v1.0,crops/e031101764b246f37318.jpg,,,,,
m4-070-final-v1,A,561,dcf4641d46016c65ce3c,SODA-A,crops/dcf4641d46016c65ce3c.jpg,,,,,
m4-070-final-v1,A,562,82317fc51249669d6b75,SODA-A,crops/82317fc51249669d6b75.jpg,,,,,
m4-070-final-v1,A,563,88933f93e0348a40ca22,SODA-A,crops/88933f93e0348a40ca22.jpg,,,,,
m4-070-final-v1,A,564,501496a1c71ff6033c9f,SODA-A,crops/501496a1c71ff6033c9f.jpg,,,,,
m4-070-final-v1,A,565,7184124aa46b7a98be86,FAIR1M-v1.0,crops/7184124aa46b7a98be86.jpg,,,,,
m4-070-final-v1,A,566,cbe4ce40870309838548,SODA-A,crops/cbe4ce40870309838548.jpg,,,,,
m4-070-final-v1,A,567,cabb9fbf3a5ce989f0d8,DIOR-R,crops/cabb9fbf3a5ce989f0d8.jpg,,,,,
m4-070-final-v1,A,568,15e072929b583f5474cf,SODA-A,crops/15e072929b583f5474cf.jpg,,,,,
m4-070-final-v1,A,569,33870f9cec5c733c7196,SODA-A,crops/33870f9cec5c733c7196.jpg,,,,,
m4-070-final-v1,A,570,4c252dfad04f96e7b150,FAIR1M-v1.0,crops/4c252dfad04f96e7b150.jpg,,,,,
m4-070-final-v1,A,571,a2c0139681500a3ea715,SODA-A,crops/a2c0139681500a3ea715.jpg,,,,,
m4-070-final-v1,A,572,ff60e235e1a1e9fe54f7,DIOR-R,crops/ff60e235e1a1e9fe54f7.jpg,,,,,
m4-070-final-v1,A,573,15ef76d45aa4c5cb002b,SODA-A,crops/15ef76d45aa4c5cb002b.jpg,,,,,
m4-070-final-v1,A,574,6f728b8056387cf0466b,SODA-A,crops/6f728b8056387cf0466b.jpg,,,,,
m4-070-final-v1,A,575,ec5ce54cfdd0dd923786,FAIR1M-v1.0,crops/ec5ce54cfdd0dd923786.jpg,,,,,
m4-070-final-v1,A,576,20532de6270d0d3e3062,DIOR-R,crops/20532de6270d0d3e3062.jpg,,,,,
m4-070-final-v1,A,577,ce76d0de5f9b330823b9,FAIR1M-v1.0,crops/ce76d0de5f9b330823b9.jpg,,,,,
m4-070-final-v1,A,578,e8471c9fbd65e984733a,DIOR-R,crops/e8471c9fbd65e984733a.jpg,,,,,
m4-070-final-v1,A,579,b46fa4c76e1c2a16e029,SODA-A,crops/b46fa4c76e1c2a16e029.jpg,,,,,
m4-070-final-v1,A,580,6b3e0fc2042699f1a214,DIOR-R,crops/6b3e0fc2042699f1a214.jpg,,,,,
m4-070-final-v1,A,581,a836a39f1df3dd6d596e,FAIR1M-v1.0,crops/a836a39f1df3dd6d596e.jpg,,,,,
m4-070-final-v1,A,582,c0b4cac85714fe85cb68,FAIR1M-v1.0,crops/c0b4cac85714fe85cb68.jpg,,,,,
m4-070-final-v1,A,583,eaf2c44062d7ad1654b2,FAIR1M-v1.0,crops/eaf2c44062d7ad1654b2.jpg,,,,,
m4-070-final-v1,A,584,fc6246fb1a575f251624,DIOR-R,crops/fc6246fb1a575f251624.jpg,,,,,
m4-070-final-v1,A,585,54cfc1a0062857fa6b8b,FAIR1M-v1.0,crops/54cfc1a0062857fa6b8b.jpg,,,,,
m4-070-final-v1,A,586,1da99a1d8ac3188c783a,SODA-A,crops/1da99a1d8ac3188c783a.jpg,,,,,
m4-070-final-v1,A,587,8816a98bc79703154e72,FAIR1M-v1.0,crops/8816a98bc79703154e72.jpg,,,,,
m4-070-final-v1,A,588,26f299a771431fd2d8e1,FAIR1M-v1.0,crops/26f299a771431fd2d8e1.jpg,,,,,
m4-070-final-v1,A,589,459fd53ede93fbbd81f8,FAIR1M-v1.0,crops/459fd53ede93fbbd81f8.jpg,,,,,
m4-070-final-v1,A,590,c5e688162d92f88980ac,SODA-A,crops/c5e688162d92f88980ac.jpg,,,,,
m4-070-final-v1,A,591,7f71315c860c6fcf2c7c,FAIR1M-v1.0,crops/7f71315c860c6fcf2c7c.jpg,,,,,
m4-070-final-v1,A,592,f97b7e6eb82a658d238b,DIOR-R,crops/f97b7e6eb82a658d238b.jpg,,,,,
m4-070-final-v1,A,593,ae5924e507ee1202612b,SODA-A,crops/ae5924e507ee1202612b.jpg,,,,,
m4-070-final-v1,A,594,b417a14007fd582d89d4,FAIR1M-v1.0,crops/b417a14007fd582d89d4.jpg,,,,,
m4-070-final-v1,A,595,8958b3395547e4c2c9b3,DIOR-R,crops/8958b3395547e4c2c9b3.jpg,,,,,
m4-070-final-v1,A,596,3b44f310ca8746dd6206,FAIR1M-v1.0,crops/3b44f310ca8746dd6206.jpg,,,,,
m4-070-final-v1,A,597,e22a16bc3ddfb28e3827,DIOR-R,crops/e22a16bc3ddfb28e3827.jpg,,,,,
m4-070-final-v1,A,598,18ebe3ff432128bc7618,SODA-A,crops/18ebe3ff432128bc7618.jpg,,,,,
m4-070-final-v1,A,599,403baed7d7e8161b4fc9,DIOR-R,crops/403baed7d7e8161b4fc9.jpg,,,,,
m4-070-final-v1,A,600,ca73985f49cff4f89063,SODA-A,crops/ca73985f49cff4f89063.jpg,,,,,
m4-070-final-v1,A,601,5ed16099c2de3d53fd54,SODA-A,crops/5ed16099c2de3d53fd54.jpg,,,,,
m4-070-final-v1,A,602,b00553d6ab508f838cf4,FAIR1M-v1.0,crops/b00553d6ab508f838cf4.jpg,,,,,
m4-070-final-v1,A,603,62b89c8d56f9040e12b9,DIOR-R,crops/62b89c8d56f9040e12b9.jpg,,,,,
m4-070-final-v1,A,604,95bbeece0486e4ef119a,FAIR1M-v1.0,crops/95bbeece0486e4ef119a.jpg,,,,,
m4-070-final-v1,A,605,15eb1ef2567a9d5c98b6,FAIR1M-v1.0,crops/15eb1ef2567a9d5c98b6.jpg,,,,,
m4-070-final-v1,A,606,eb912c22f36b4187062b,SODA-A,crops/eb912c22f36b4187062b.jpg,,,,,
m4-070-final-v1,A,607,152b87546f48a0f3373a,DIOR-R,crops/152b87546f48a0f3373a.jpg,,,,,
m4-070-final-v1,A,608,0b1c691123c219c06285,SODA-A,crops/0b1c691123c219c06285.jpg,,,,,
m4-070-final-v1,A,609,c3142020da581f50fe94,SODA-A,crops/c3142020da581f50fe94.jpg,,,,,
m4-070-final-v1,A,610,6fbb1a4c587d125a8c16,FAIR1M-v1.0,crops/6fbb1a4c587d125a8c16.jpg,,,,,
m4-070-final-v1,A,611,777b1775ddf3dfdf971c,FAIR1M-v1.0,crops/777b1775ddf3dfdf971c.jpg,,,,,
m4-070-final-v1,A,612,1cd93205ac14c73640aa,DIOR-R,crops/1cd93205ac14c73640aa.jpg,,,,,
m4-070-final-v1,A,613,6b51fcb9c27e7c92ba86,DIOR-R,crops/6b51fcb9c27e7c92ba86.jpg,,,,,
m4-070-final-v1,A,614,f298c0a40a6740eeee99,SODA-A,crops/f298c0a40a6740eeee99.jpg,,,,,
m4-070-final-v1,A,615,4154d2bdadacc25fe2c9,SODA-A,crops/4154d2bdadacc25fe2c9.jpg,,,,,
m4-070-final-v1,A,616,507bde9e3a546dfb10dd,DIOR-R,crops/507bde9e3a546dfb10dd.jpg,,,,,
m4-070-final-v1,A,617,bb25495c02cfee8541bd,FAIR1M-v1.0,crops/bb25495c02cfee8541bd.jpg,,,,,
m4-070-final-v1,A,618,0404aa62581ba7e5af72,SODA-A,crops/0404aa62581ba7e5af72.jpg,,,,,
m4-070-final-v1,A,619,bad30ba07a2319bab591,SODA-A,crops/bad30ba07a2319bab591.jpg,,,,,
m4-070-final-v1,A,620,431a0360bb2d01a6ce44,DIOR-R,crops/431a0360bb2d01a6ce44.jpg,,,,,
m4-070-final-v1,A,621,c504bef8404e8e96f30a,DIOR-R,crops/c504bef8404e8e96f30a.jpg,,,,,
m4-070-final-v1,A,622,50e111c69a780e05df2b,SODA-A,crops/50e111c69a780e05df2b.jpg,,,,,
m4-070-final-v1,A,623,80dd7492004216e18642,DIOR-R,crops/80dd7492004216e18642.jpg,,,,,
m4-070-final-v1,A,624,f1754ddae877998778e3,DIOR-R,crops/f1754ddae877998778e3.jpg,,,,,
m4-070-final-v1,A,625,9691245f5a93955997b4,SODA-A,crops/9691245f5a93955997b4.jpg,,,,,
m4-070-final-v1,A,626,c0adaaffd0d04ecd3d2a,DIOR-R,crops/c0adaaffd0d04ecd3d2a.jpg,,,,,
m4-070-final-v1,A,627,b248684d4145463dbb78,FAIR1M-v1.0,crops/b248684d4145463dbb78.jpg,,,,,
m4-070-final-v1,A,628,ddadae918f54780d6715,SODA-A,crops/ddadae918f54780d6715.jpg,,,,,
m4-070-final-v1,A,629,1d859585a075e8b15d2f,DIOR-R,crops/1d859585a075e8b15d2f.jpg,,,,,
m4-070-final-v1,A,630,7de0866b3f05049f2df7,DIOR-R,crops/7de0866b3f05049f2df7.jpg,,,,,
m4-070-final-v1,A,631,91664b326a8b79d5c51b,FAIR1M-v1.0,crops/91664b326a8b79d5c51b.jpg,,,,,
m4-070-final-v1,A,632,78b351582a7402e914ac,DIOR-R,crops/78b351582a7402e914ac.jpg,,,,,
m4-070-final-v1,A,633,a7333d8f4085aab3cc09,DIOR-R,crops/a7333d8f4085aab3cc09.jpg,,,,,
m4-070-final-v1,A,634,3c0159552e4ba0c46560,FAIR1M-v1.0,crops/3c0159552e4ba0c46560.jpg,,,,,
m4-070-final-v1,A,635,c72cd78d203ec8ea3cb9,SODA-A,crops/c72cd78d203ec8ea3cb9.jpg,,,,,
m4-070-final-v1,A,636,88e59640215f824db0e3,FAIR1M-v1.0,crops/88e59640215f824db0e3.jpg,,,,,
m4-070-final-v1,A,637,fc73b1d7c44af54df0e7,SODA-A,crops/fc73b1d7c44af54df0e7.jpg,,,,,
m4-070-final-v1,A,638,c8df20a8499221a26c79,SODA-A,crops/c8df20a8499221a26c79.jpg,,,,,
m4-070-final-v1,A,639,1d0f048ac39569285dcb,SODA-A,crops/1d0f048ac39569285dcb.jpg,,,,,
m4-070-final-v1,A,640,06d27629f495dc066499,FAIR1M-v1.0,crops/06d27629f495dc066499.jpg,,,,,
m4-070-final-v1,A,641,bcae534d827235e49ceb,DIOR-R,crops/bcae534d827235e49ceb.jpg,,,,,
m4-070-final-v1,A,642,e58bbfae9b69c9a5917f,SODA-A,crops/e58bbfae9b69c9a5917f.jpg,,,,,
m4-070-final-v1,A,643,58e3f0072e38930e984f,SODA-A,crops/58e3f0072e38930e984f.jpg,,,,,
m4-070-final-v1,A,644,34d472279dc5ffdf6370,SODA-A,crops/34d472279dc5ffdf6370.jpg,,,,,
m4-070-final-v1,A,645,a216f1ef6bb4e783cb41,SODA-A,crops/a216f1ef6bb4e783cb41.jpg,,,,,
m4-070-final-v1,A,646,4f23ac4fcad0964a8b2c,SODA-A,crops/4f23ac4fcad0964a8b2c.jpg,,,,,
m4-070-final-v1,A,647,e20496d66ce4bbf45c21,DIOR-R,crops/e20496d66ce4bbf45c21.jpg,,,,,
m4-070-final-v1,A,648,42e3b67dcdbbdae68521,SODA-A,crops/42e3b67dcdbbdae68521.jpg,,,,,
m4-070-final-v1,A,649,35846741d45c9d3802ec,FAIR1M-v1.0,crops/35846741d45c9d3802ec.jpg,,,,,
m4-070-final-v1,A,650,a0c821c6f736c729fc34,FAIR1M-v1.0,crops/a0c821c6f736c729fc34.jpg,,,,,
m4-070-final-v1,A,651,e14920ca04f7e149b5bc,FAIR1M-v1.0,crops/e14920ca04f7e149b5bc.jpg,,,,,
m4-070-final-v1,A,652,dc0641f95740890c208d,SODA-A,crops/dc0641f95740890c208d.jpg,,,,,
m4-070-final-v1,A,653,abb8099fb319dd9a0232,DIOR-R,crops/abb8099fb319dd9a0232.jpg,,,,,
m4-070-final-v1,A,654,149b9f34d373fd8e2270,SODA-A,crops/149b9f34d373fd8e2270.jpg,,,,,
m4-070-final-v1,A,655,473b92ac8122c0b73e53,FAIR1M-v1.0,crops/473b92ac8122c0b73e53.jpg,,,,,
m4-070-final-v1,A,656,6e7fcdbac03bac09fec3,SODA-A,crops/6e7fcdbac03bac09fec3.jpg,,,,,
m4-070-final-v1,A,657,0e81c1b534644e6c6be5,FAIR1M-v1.0,crops/0e81c1b534644e6c6be5.jpg,,,,,
m4-070-final-v1,A,658,0644a8e312f8075b9dd2,FAIR1M-v1.0,crops/0644a8e312f8075b9dd2.jpg,,,,,
m4-070-final-v1,A,659,533eb92953de10778782,SODA-A,crops/533eb92953de10778782.jpg,,,,,
m4-070-final-v1,A,660,45ec8560a64f1d6a8d87,DIOR-R,crops/45ec8560a64f1d6a8d87.jpg,,,,,
m4-070-final-v1,A,661,3152af38bade88b2271d,DIOR-R,crops/3152af38bade88b2271d.jpg,,,,,
m4-070-final-v1,A,662,f0300e077444f6014b6c,DIOR-R,crops/f0300e077444f6014b6c.jpg,,,,,
m4-070-final-v1,A,663,fae45fdb7192de01676c,SODA-A,crops/fae45fdb7192de01676c.jpg,,,,,
m4-070-final-v1,A,664,503cba6fc06e941381e8,SODA-A,crops/503cba6fc06e941381e8.jpg,,,,,
m4-070-final-v1,A,665,a06e9d20c349b223f12d,FAIR1M-v1.0,crops/a06e9d20c349b223f12d.jpg,,,,,
m4-070-final-v1,A,666,2b75b533d290c4b83271,SODA-A,crops/2b75b533d290c4b83271.jpg,,,,,
m4-070-final-v1,A,667,5321493f0473e85b7f56,SODA-A,crops/5321493f0473e85b7f56.jpg,,,,,
m4-070-final-v1,A,668,33b38d4a8408a5af0e96,SODA-A,crops/33b38d4a8408a5af0e96.jpg,,,,,
m4-070-final-v1,A,669,0c0c2c33103001419684,FAIR1M-v1.0,crops/0c0c2c33103001419684.jpg,,,,,
m4-070-final-v1,A,670,06bb5c92df5bd6948a8e,DIOR-R,crops/06bb5c92df5bd6948a8e.jpg,,,,,
m4-070-final-v1,A,671,403dee17e13f58ea3911,DIOR-R,crops/403dee17e13f58ea3911.jpg,,,,,
m4-070-final-v1,A,672,94b2e56c2667cdd82d84,FAIR1M-v1.0,crops/94b2e56c2667cdd82d84.jpg,,,,,
m4-070-final-v1,A,673,43de046fc0fa0ca2747e,SODA-A,crops/43de046fc0fa0ca2747e.jpg,,,,,
m4-070-final-v1,A,674,b01277fb95af49dc2d65,DIOR-R,crops/b01277fb95af49dc2d65.jpg,,,,,
m4-070-final-v1,A,675,cbb4ba250c93fef0e6f1,FAIR1M-v1.0,crops/cbb4ba250c93fef0e6f1.jpg,,,,,
m4-070-final-v1,A,676,bb2b2c5d080756c8a371,SODA-A,crops/bb2b2c5d080756c8a371.jpg,,,,,
m4-070-final-v1,A,677,76a9631edc3e383e5188,FAIR1M-v1.0,crops/76a9631edc3e383e5188.jpg,,,,,
m4-070-final-v1,A,678,3ad115eb11b8ab8cbcb6,DIOR-R,crops/3ad115eb11b8ab8cbcb6.jpg,,,,,
m4-070-final-v1,A,679,c92f53e5846a2741cfc5,FAIR1M-v1.0,crops/c92f53e5846a2741cfc5.jpg,,,,,
m4-070-final-v1,A,680,a93285c06a69c94be0c4,FAIR1M-v1.0,crops/a93285c06a69c94be0c4.jpg,,,,,
m4-070-final-v1,A,681,263d63c8a3ceeec85bfb,DIOR-R,crops/263d63c8a3ceeec85bfb.jpg,,,,,
m4-070-final-v1,A,682,da2d077a676cf04e7968,FAIR1M-v1.0,crops/da2d077a676cf04e7968.jpg,,,,,
m4-070-final-v1,A,683,68051c227fce1a120470,DIOR-R,crops/68051c227fce1a120470.jpg,,,,,
m4-070-final-v1,A,684,fcda329e449d4d8644f7,DIOR-R,crops/fcda329e449d4d8644f7.jpg,,,,,
m4-070-final-v1,A,685,edbbe0db10cbe483dfe3,FAIR1M-v1.0,crops/edbbe0db10cbe483dfe3.jpg,,,,,
m4-070-final-v1,A,686,078af56eb943245708f3,FAIR1M-v1.0,crops/078af56eb943245708f3.jpg,,,,,
m4-070-final-v1,A,687,e89b20a717dad2e61bf3,FAIR1M-v1.0,crops/e89b20a717dad2e61bf3.jpg,,,,,
m4-070-final-v1,A,688,6e6adc6bacc16a21c020,FAIR1M-v1.0,crops/6e6adc6bacc16a21c020.jpg,,,,,
m4-070-final-v1,A,689,52da7d754cd65db70adf,DIOR-R,crops/52da7d754cd65db70adf.jpg,,,,,
m4-070-final-v1,A,690,d288d19e9e800b08325f,SODA-A,crops/d288d19e9e800b08325f.jpg,,,,,
m4-070-final-v1,A,691,1dfe4eb3f882ae401d01,SODA-A,crops/1dfe4eb3f882ae401d01.jpg,,,,,
m4-070-final-v1,A,692,f30008d153a849f8d2e5,SODA-A,crops/f30008d153a849f8d2e5.jpg,,,,,
m4-070-final-v1,A,693,67e8cf2f311b162408d7,FAIR1M-v1.0,crops/67e8cf2f311b162408d7.jpg,,,,,
m4-070-final-v1,A,694,ab6f270a0ccdab6ef0ec,SODA-A,crops/ab6f270a0ccdab6ef0ec.jpg,,,,,
m4-070-final-v1,A,695,d89b7cef32d28c0383ee,SODA-A,crops/d89b7cef32d28c0383ee.jpg,,,,,
m4-070-final-v1,A,696,b0bdc00d42090a9a04a5,FAIR1M-v1.0,crops/b0bdc00d42090a9a04a5.jpg,,,,,
m4-070-final-v1,A,697,cc5b7a11b6796dca4597,DIOR-R,crops/cc5b7a11b6796dca4597.jpg,,,,,
m4-070-final-v1,A,698,a3c2b31503b4347f96f9,DIOR-R,crops/a3c2b31503b4347f96f9.jpg,,,,,
m4-070-final-v1,A,699,b3aa7f2243fe4cb5e2d3,SODA-A,crops/b3aa7f2243fe4cb5e2d3.jpg,,,,,
m4-070-final-v1,A,700,429d869e9c5ade8ddf2c,DIOR-R,crops/429d869e9c5ade8ddf2c.jpg,,,,,
m4-070-final-v1,A,701,d8adcf3ce6d333e3bc07,SODA-A,crops/d8adcf3ce6d333e3bc07.jpg,,,,,
m4-070-final-v1,A,702,d2ffe111a4e889acca43,FAIR1M-v1.0,crops/d2ffe111a4e889acca43.jpg,,,,,
m4-070-final-v1,A,703,d3cb807762a5db02e456,DIOR-R,crops/d3cb807762a5db02e456.jpg,,,,,
m4-070-final-v1,A,704,29672f6edfaca20336c2,FAIR1M-v1.0,crops/29672f6edfaca20336c2.jpg,,,,,
m4-070-final-v1,A,705,20879fcab0e61a4e2e6e,SODA-A,crops/20879fcab0e61a4e2e6e.jpg,,,,,
m4-070-final-v1,A,706,e8f3df71e4a6f669b35f,SODA-A,crops/e8f3df71e4a6f669b35f.jpg,,,,,
m4-070-final-v1,A,707,1c577f39f445bddbd6cb,DIOR-R,crops/1c577f39f445bddbd6cb.jpg,,,,,
m4-070-final-v1,A,708,0b2ac3bf5cb39be21de2,SODA-A,crops/0b2ac3bf5cb39be21de2.jpg,,,,,
m4-070-final-v1,A,709,46875c1f194336fe7f22,SODA-A,crops/46875c1f194336fe7f22.jpg,,,,,
m4-070-final-v1,A,710,9878ca3da7f333ed566f,DIOR-R,crops/9878ca3da7f333ed566f.jpg,,,,,
m4-070-final-v1,A,711,226e967eca10ba7c02f8,SODA-A,crops/226e967eca10ba7c02f8.jpg,,,,,
m4-070-final-v1,A,712,687e8f34183e21df84e3,SODA-A,crops/687e8f34183e21df84e3.jpg,,,,,
m4-070-final-v1,A,713,7a4885c0b6d9082800b4,FAIR1M-v1.0,crops/7a4885c0b6d9082800b4.jpg,,,,,
m4-070-final-v1,A,714,9972422799b67f587663,FAIR1M-v1.0,crops/9972422799b67f587663.jpg,,,,,
m4-070-final-v1,A,715,f84a0b12f7b2adb90fa4,DIOR-R,crops/f84a0b12f7b2adb90fa4.jpg,,,,,
m4-070-final-v1,A,716,1e7a31a377f53f2203a4,SODA-A,crops/1e7a31a377f53f2203a4.jpg,,,,,
m4-070-final-v1,A,717,7ba0c614ba1f489738f6,SODA-A,crops/7ba0c614ba1f489738f6.jpg,,,,,
m4-070-final-v1,A,718,5c1cd67a3613e393a6ca,DIOR-R,crops/5c1cd67a3613e393a6ca.jpg,,,,,
m4-070-final-v1,A,719,49c34dc71f3bc0af692c,SODA-A,crops/49c34dc71f3bc0af692c.jpg,,,,,
m4-070-final-v1,A,720,f217a8af43512df015ee,SODA-A,crops/f217a8af43512df015ee.jpg,,,,,
m4-070-final-v1,A,721,66434873457e6c56a134,DIOR-R,crops/66434873457e6c56a134.jpg,,,,,
m4-070-final-v1,A,722,abda4295e09b67a06be2,DIOR-R,crops/abda4295e09b67a06be2.jpg,,,,,
m4-070-final-v1,A,723,0c2340fc5bfd7cb2e8bd,DIOR-R,crops/0c2340fc5bfd7cb2e8bd.jpg,,,,,
m4-070-final-v1,A,724,e4cf0ccb0bf0cfaa182c,SODA-A,crops/e4cf0ccb0bf0cfaa182c.jpg,,,,,
m4-070-final-v1,A,725,5b7b638bbeb6329a0ad5,FAIR1M-v1.0,crops/5b7b638bbeb6329a0ad5.jpg,,,,,
m4-070-final-v1,A,726,c0571bd4c04187994337,DIOR-R,crops/c0571bd4c04187994337.jpg,,,,,
m4-070-final-v1,A,727,a2c97b1572ad6dbbc776,FAIR1M-v1.0,crops/a2c97b1572ad6dbbc776.jpg,,,,,
m4-070-final-v1,A,728,4bb562bdefcb02852716,SODA-A,crops/4bb562bdefcb02852716.jpg,,,,,
m4-070-final-v1,A,729,934a2d3d7570cff623fd,SODA-A,crops/934a2d3d7570cff623fd.jpg,,,,,
m4-070-final-v1,A,730,adff5bd3eda5271cca8e,DIOR-R,crops/adff5bd3eda5271cca8e.jpg,,,,,
m4-070-final-v1,A,731,dd3c39f55683d0007f19,SODA-A,crops/dd3c39f55683d0007f19.jpg,,,,,
m4-070-final-v1,A,732,daed54bf14a677cb5c3e,SODA-A,crops/daed54bf14a677cb5c3e.jpg,,,,,
m4-070-final-v1,A,733,c5e50d6c22afd1fabf3d,DIOR-R,crops/c5e50d6c22afd1fabf3d.jpg,,,,,
m4-070-final-v1,A,734,c8ea82dac3388e921bc7,SODA-A,crops/c8ea82dac3388e921bc7.jpg,,,,,
m4-070-final-v1,A,735,f3e39c238d1268958d41,DIOR-R,crops/f3e39c238d1268958d41.jpg,,,,,
m4-070-final-v1,A,736,961a8e4519b4c1f8d4ad,FAIR1M-v1.0,crops/961a8e4519b4c1f8d4ad.jpg,,,,,
m4-070-final-v1,A,737,ce450052d1f170b834ba,FAIR1M-v1.0,crops/ce450052d1f170b834ba.jpg,,,,,
m4-070-final-v1,A,738,be6e91f228cff0aecd86,FAIR1M-v1.0,crops/be6e91f228cff0aecd86.jpg,,,,,
m4-070-final-v1,A,739,4091775f34db5cac323c,DIOR-R,crops/4091775f34db5cac323c.jpg,,,,,
m4-070-final-v1,A,740,9ebfaa768b286b8cd392,FAIR1M-v1.0,crops/9ebfaa768b286b8cd392.jpg,,,,,
m4-070-final-v1,A,741,67b85864a488023baab9,FAIR1M-v1.0,crops/67b85864a488023baab9.jpg,,,,,
m4-070-final-v1,A,742,92a8888f7fddb9d2520f,SODA-A,crops/92a8888f7fddb9d2520f.jpg,,,,,
m4-070-final-v1,A,743,32b713e12b18f72ec44f,SODA-A,crops/32b713e12b18f72ec44f.jpg,,,,,
m4-070-final-v1,A,744,e556b1399f9a989ec0e6,DIOR-R,crops/e556b1399f9a989ec0e6.jpg,,,,,
m4-070-final-v1,A,745,6cc128525b0808b8adb1,FAIR1M-v1.0,crops/6cc128525b0808b8adb1.jpg,,,,,
m4-070-final-v1,A,746,38e359a2890701281d57,SODA-A,crops/38e359a2890701281d57.jpg,,,,,
m4-070-final-v1,A,747,e296fefd33f59730c2d5,DIOR-R,crops/e296fefd33f59730c2d5.jpg,,,,,
m4-070-final-v1,A,748,dd17953d0872fbadd938,SODA-A,crops/dd17953d0872fbadd938.jpg,,,,,
m4-070-final-v1,A,749,d32cf946324db199e993,FAIR1M-v1.0,crops/d32cf946324db199e993.jpg,,,,,
m4-070-final-v1,A,750,52ac7257e09ad402385e,FAIR1M-v1.0,crops/52ac7257e09ad402385e.jpg,,,,,
m4-070-final-v1,A,751,01a033a77bc5165bf004,DIOR-R,crops/01a033a77bc5165bf004.jpg,,,,,
m4-070-final-v1,A,752,bb7d7975330bbf8e2341,SODA-A,crops/bb7d7975330bbf8e2341.jpg,,,,,
m4-070-final-v1,A,753,4d5df80737eca700f3c2,SODA-A,crops/4d5df80737eca700f3c2.jpg,,,,,
m4-070-final-v1,A,754,17d19bb2ec2294ba5a1b,FAIR1M-v1.0,crops/17d19bb2ec2294ba5a1b.jpg,,,,,
m4-070-final-v1,A,755,2f1e7522bab50e4db54c,FAIR1M-v1.0,crops/2f1e7522bab50e4db54c.jpg,,,,,
m4-070-final-v1,A,756,5e726f34950b1929d550,SODA-A,crops/5e726f34950b1929d550.jpg,,,,,
m4-070-final-v1,A,757,21a8b2939ba9796034a6,FAIR1M-v1.0,crops/21a8b2939ba9796034a6.jpg,,,,,
m4-070-final-v1,A,758,857e35041d9ab7946b05,SODA-A,crops/857e35041d9ab7946b05.jpg,,,,,
m4-070-final-v1,A,759,51360f1644102484eda3,SODA-A,crops/51360f1644102484eda3.jpg,,,,,
m4-070-final-v1,A,760,d5663e1db59f20b43752,FAIR1M-v1.0,crops/d5663e1db59f20b43752.jpg,,,,,
m4-070-final-v1,A,761,64379794515615381dcc,DIOR-R,crops/64379794515615381dcc.jpg,,,,,
m4-070-final-v1,A,762,fa2ad333550e45f0ba78,FAIR1M-v1.0,crops/fa2ad333550e45f0ba78.jpg,,,,,
m4-070-final-v1,A,763,51830ba21ccc6e705b3c,DIOR-R,crops/51830ba21ccc6e705b3c.jpg,,,,,
m4-070-final-v1,A,764,fed8c4990151efb1bd20,FAIR1M-v1.0,crops/fed8c4990151efb1bd20.jpg,,,,,
m4-070-final-v1,A,765,6bebfd066a96d64cbfd8,DIOR-R,crops/6bebfd066a96d64cbfd8.jpg,,,,,
m4-070-final-v1,A,766,24967dddab74dfa1256a,DIOR-R,crops/24967dddab74dfa1256a.jpg,,,,,
m4-070-final-v1,A,767,bee74d29fb835e2bd66d,FAIR1M-v1.0,crops/bee74d29fb835e2bd66d.jpg,,,,,
m4-070-final-v1,A,768,c790ebff7be1bc38f49d,DIOR-R,crops/c790ebff7be1bc38f49d.jpg,,,,,
m4-070-final-v1,A,769,862cd99d2e95bff53f14,DIOR-R,crops/862cd99d2e95bff53f14.jpg,,,,,
m4-070-final-v1,A,770,8ae41af6bb50693bbd2e,SODA-A,crops/8ae41af6bb50693bbd2e.jpg,,,,,
m4-070-final-v1,A,771,eb3f75c05cb62dbc42fc,FAIR1M-v1.0,crops/eb3f75c05cb62dbc42fc.jpg,,,,,
m4-070-final-v1,A,772,2e1b9f905e9c0d9baf7e,FAIR1M-v1.0,crops/2e1b9f905e9c0d9baf7e.jpg,,,,,
m4-070-final-v1,A,773,e2dce9397e5cb050a73a,SODA-A,crops/e2dce9397e5cb050a73a.jpg,,,,,
m4-070-final-v1,A,774,b8b527a7d477dccc0e28,FAIR1M-v1.0,crops/b8b527a7d477dccc0e28.jpg,,,,,
m4-070-final-v1,A,775,e9040368db4ac4327632,FAIR1M-v1.0,crops/e9040368db4ac4327632.jpg,,,,,
m4-070-final-v1,A,776,9f16098107ccd19dd591,DIOR-R,crops/9f16098107ccd19dd591.jpg,,,,,
m4-070-final-v1,A,777,fb90ee5c8d0074c04cba,DIOR-R,crops/fb90ee5c8d0074c04cba.jpg,,,,,
m4-070-final-v1,A,778,b3ab1a42deb940d52206,DIOR-R,crops/b3ab1a42deb940d52206.jpg,,,,,
m4-070-final-v1,A,779,81aa961272d617992563,DIOR-R,crops/81aa961272d617992563.jpg,,,,,
m4-070-final-v1,A,780,74ea7349d3759ba0fbca,FAIR1M-v1.0,crops/74ea7349d3759ba0fbca.jpg,,,,,
m4-070-final-v1,A,781,759f2f2b1adb1fe99dee,DIOR-R,crops/759f2f2b1adb1fe99dee.jpg,,,,,
m4-070-final-v1,A,782,898dea585364a951526d,FAIR1M-v1.0,crops/898dea585364a951526d.jpg,,,,,
m4-070-final-v1,A,783,6591281340a490b46e3e,DIOR-R,crops/6591281340a490b46e3e.jpg,,,,,
m4-070-final-v1,A,784,e747242063ad068972c2,DIOR-R,crops/e747242063ad068972c2.jpg,,,,,
m4-070-final-v1,A,785,a4dff8e5e3e3445dfb47,SODA-A,crops/a4dff8e5e3e3445dfb47.jpg,,,,,
m4-070-final-v1,A,786,80ab8b737ec8811a5cf0,DIOR-R,crops/80ab8b737ec8811a5cf0.jpg,,,,,
m4-070-final-v1,A,787,8b9809af13c63d88386e,DIOR-R,crops/8b9809af13c63d88386e.jpg,,,,,
m4-070-final-v1,A,788,fc0df53c9c6e2f078556,DIOR-R,crops/fc0df53c9c6e2f078556.jpg,,,,,
m4-070-final-v1,A,789,3823069504fec3df40b8,DIOR-R,crops/3823069504fec3df40b8.jpg,,,,,
m4-070-final-v1,A,790,8234413e5faae4be1a62,DIOR-R,crops/8234413e5faae4be1a62.jpg,,,,,
m4-070-final-v1,A,791,d9778b3f9eff0706b848,DIOR-R,crops/d9778b3f9eff0706b848.jpg,,,,,
m4-070-final-v1,A,792,ab70244153e89f1d2b70,FAIR1M-v1.0,crops/ab70244153e89f1d2b70.jpg,,,,,
m4-070-final-v1,A,793,5b2917af14ad93638c9a,FAIR1M-v1.0,crops/5b2917af14ad93638c9a.jpg,,,,,
m4-070-final-v1,A,794,a45bcf6312d831ceb009,SODA-A,crops/a45bcf6312d831ceb009.jpg,,,,,
m4-070-final-v1,A,795,e2d24e11f56a4f72490c,FAIR1M-v1.0,crops/e2d24e11f56a4f72490c.jpg,,,,,
m4-070-final-v1,A,796,e632ebb0a4aed42600dc,DIOR-R,crops/e632ebb0a4aed42600dc.jpg,,,,,
m4-070-final-v1,A,797,07c1592c53335e6b1e57,DIOR-R,crops/07c1592c53335e6b1e57.jpg,,,,,
m4-070-final-v1,A,798,ec1e7855a5446500869b,SODA-A,crops/ec1e7855a5446500869b.jpg,,,,,
m4-070-final-v1,A,799,04a3aece405f33ae246c,SODA-A,crops/04a3aece405f33ae246c.jpg,,,,,
m4-070-final-v1,A,800,c5a5f2f71264d6912e0e,FAIR1M-v1.0,crops/c5a5f2f71264d6912e0e.jpg,,,,,
m4-070-final-v1,A,801,1fdd77ff4bf986e0b45d,SODA-A,crops/1fdd77ff4bf986e0b45d.jpg,,,,,
m4-070-final-v1,A,802,9a0bfda030d49e69fed0,FAIR1M-v1.0,crops/9a0bfda030d49e69fed0.jpg,,,,,
m4-070-final-v1,A,803,82ab04763c8c96667e03,FAIR1M-v1.0,crops/82ab04763c8c96667e03.jpg,,,,,
m4-070-final-v1,A,804,e64fe43ab3a40afcce84,FAIR1M-v1.0,crops/e64fe43ab3a40afcce84.jpg,,,,,
m4-070-final-v1,A,805,30677b54bbdf0f7cd6b5,DIOR-R,crops/30677b54bbdf0f7cd6b5.jpg,,,,,
m4-070-final-v1,A,806,b3c7514e9e1f5d14ac17,DIOR-R,crops/b3c7514e9e1f5d14ac17.jpg,,,,,
m4-070-final-v1,A,807,9066d7b42d13e0543a19,SODA-A,crops/9066d7b42d13e0543a19.jpg,,,,,
m4-070-final-v1,A,808,62ce726c0376b1826a5d,DIOR-R,crops/62ce726c0376b1826a5d.jpg,,,,,
m4-070-final-v1,A,809,932734087ea2adca8373,DIOR-R,crops/932734087ea2adca8373.jpg,,,,,
m4-070-final-v1,A,810,b47c78826192a34d9186,FAIR1M-v1.0,crops/b47c78826192a34d9186.jpg,,,,,
m4-070-final-v1,A,811,99d0c831d9ab1d8d6efd,DIOR-R,crops/99d0c831d9ab1d8d6efd.jpg,,,,,
m4-070-final-v1,A,812,d35deb0117141bf801e4,SODA-A,crops/d35deb0117141bf801e4.jpg,,,,,
m4-070-final-v1,A,813,70892769439b8d20a279,DIOR-R,crops/70892769439b8d20a279.jpg,,,,,
m4-070-final-v1,A,814,bb6b41be4b052caddf04,DIOR-R,crops/bb6b41be4b052caddf04.jpg,,,,,
m4-070-final-v1,A,815,9df551fc47b5707bdf6e,FAIR1M-v1.0,crops/9df551fc47b5707bdf6e.jpg,,,,,
m4-070-final-v1,A,816,201f0ad00a06d5558211,FAIR1M-v1.0,crops/201f0ad00a06d5558211.jpg,,,,,
m4-070-final-v1,A,817,7b9e7daa2b0bf916ba98,FAIR1M-v1.0,crops/7b9e7daa2b0bf916ba98.jpg,,,,,
m4-070-final-v1,A,818,851d7664465e84222d87,DIOR-R,crops/851d7664465e84222d87.jpg,,,,,
m4-070-final-v1,A,819,0042754b42cefe5f9f23,DIOR-R,crops/0042754b42cefe5f9f23.jpg,,,,,
m4-070-final-v1,A,820,c32a2270c53bc8235ae7,DIOR-R,crops/c32a2270c53bc8235ae7.jpg,,,,,
m4-070-final-v1,A,821,166b0452957f282352de,SODA-A,crops/166b0452957f282352de.jpg,,,,,
m4-070-final-v1,A,822,20a83f3dfb15a7289ebf,SODA-A,crops/20a83f3dfb15a7289ebf.jpg,,,,,
m4-070-final-v1,A,823,d8e2b5d05b536067b4f8,DIOR-R,crops/d8e2b5d05b536067b4f8.jpg,,,,,
m4-070-final-v1,A,824,32cec1a9ba17682ed86c,DIOR-R,crops/32cec1a9ba17682ed86c.jpg,,,,,
m4-070-final-v1,A,825,654d3bdea5a6797b90ff,DIOR-R,crops/654d3bdea5a6797b90ff.jpg,,,,,
m4-070-final-v1,A,826,ab59ce2323244ab950bc,DIOR-R,crops/ab59ce2323244ab950bc.jpg,,,,,
m4-070-final-v1,A,827,05f07253ad5d6ed2c7ee,DIOR-R,crops/05f07253ad5d6ed2c7ee.jpg,,,,,
m4-070-final-v1,A,828,6f163f2527bccbdc7c3d,SODA-A,crops/6f163f2527bccbdc7c3d.jpg,,,,,
m4-070-final-v1,A,829,c457b4daadb5368bd52a,SODA-A,crops/c457b4daadb5368bd52a.jpg,,,,,
m4-070-final-v1,A,830,55f373766297e08269fb,FAIR1M-v1.0,crops/55f373766297e08269fb.jpg,,,,,
m4-070-final-v1,A,831,dbf3ed951e30166a3d04,DIOR-R,crops/dbf3ed951e30166a3d04.jpg,,,,,
m4-070-final-v1,A,832,8aa154602ff09e7f18f1,FAIR1M-v1.0,crops/8aa154602ff09e7f18f1.jpg,,,,,
m4-070-final-v1,A,833,c714bc3c9f56902c5620,FAIR1M-v1.0,crops/c714bc3c9f56902c5620.jpg,,,,,
m4-070-final-v1,A,834,b5c85a895520ad303812,FAIR1M-v1.0,crops/b5c85a895520ad303812.jpg,,,,,
m4-070-final-v1,A,835,1fdf99c751f0ccec75a2,SODA-A,crops/1fdf99c751f0ccec75a2.jpg,,,,,
m4-070-final-v1,A,836,5ee26436ca3dfe2029f7,DIOR-R,crops/5ee26436ca3dfe2029f7.jpg,,,,,
m4-070-final-v1,A,837,8c51aff281f8bbbaa2e4,FAIR1M-v1.0,crops/8c51aff281f8bbbaa2e4.jpg,,,,,
m4-070-final-v1,A,838,758cbfa35600145aa6da,FAIR1M-v1.0,crops/758cbfa35600145aa6da.jpg,,,,,
m4-070-final-v1,A,839,3c047f4d2de8b858b0d7,FAIR1M-v1.0,crops/3c047f4d2de8b858b0d7.jpg,,,,,
m4-070-final-v1,A,840,c7d2ed6808c32c121822,DIOR-R,crops/c7d2ed6808c32c121822.jpg,,,,,
m4-070-final-v1,A,841,99a4487f14ba44cf124e,SODA-A,crops/99a4487f14ba44cf124e.jpg,,,,,
m4-070-final-v1,A,842,da3ca8081e8608933f1f,SODA-A,crops/da3ca8081e8608933f1f.jpg,,,,,
m4-070-final-v1,A,843,0856cc2a4b2ede0992c8,DIOR-R,crops/0856cc2a4b2ede0992c8.jpg,,,,,
m4-070-final-v1,A,844,351c1d76806b2f24e116,SODA-A,crops/351c1d76806b2f24e116.jpg,,,,,
m4-070-final-v1,A,845,8a58e3c801f95b92d04c,DIOR-R,crops/8a58e3c801f95b92d04c.jpg,,,,,
m4-070-final-v1,A,846,ebc9ea3da7343ce66dde,FAIR1M-v1.0,crops/ebc9ea3da7343ce66dde.jpg,,,,,
m4-070-final-v1,A,847,0e2fe48a0c7947219ac3,SODA-A,crops/0e2fe48a0c7947219ac3.jpg,,,,,
m4-070-final-v1,A,848,b5a05dd6d1e7c98269dc,DIOR-R,crops/b5a05dd6d1e7c98269dc.jpg,,,,,
m4-070-final-v1,A,849,293347cad012db5fc9ff,DIOR-R,crops/293347cad012db5fc9ff.jpg,,,,,
m4-070-final-v1,A,850,f57384ba891ad5790f06,SODA-A,crops/f57384ba891ad5790f06.jpg,,,,,
m4-070-final-v1,A,851,3ffdb52f0f5def9fd0cb,FAIR1M-v1.0,crops/3ffdb52f0f5def9fd0cb.jpg,,,,,
m4-070-final-v1,A,852,a47e2911c56daf08f47b,DIOR-R,crops/a47e2911c56daf08f47b.jpg,,,,,
m4-070-final-v1,A,853,dddb7ad10ab3fb83526d,SODA-A,crops/dddb7ad10ab3fb83526d.jpg,,,,,
m4-070-final-v1,A,854,8a800ee8fccc5174bc11,SODA-A,crops/8a800ee8fccc5174bc11.jpg,,,,,
m4-070-final-v1,A,855,3d42a22094f2149f3cf9,FAIR1M-v1.0,crops/3d42a22094f2149f3cf9.jpg,,,,,
m4-070-final-v1,A,856,ed68de23b96a4bbf2234,FAIR1M-v1.0,crops/ed68de23b96a4bbf2234.jpg,,,,,
m4-070-final-v1,A,857,ded59b6eabb4f1888caf,DIOR-R,crops/ded59b6eabb4f1888caf.jpg,,,,,
m4-070-final-v1,A,858,b7c559ca13c6114de41a,SODA-A,crops/b7c559ca13c6114de41a.jpg,,,,,
m4-070-final-v1,A,859,1b0101bd1fc56f1feb36,DIOR-R,crops/1b0101bd1fc56f1feb36.jpg,,,,,
m4-070-final-v1,A,860,b75ae1f0f1f9444ad7cc,FAIR1M-v1.0,crops/b75ae1f0f1f9444ad7cc.jpg,,,,,
m4-070-final-v1,A,861,c7717e81d572018baf85,SODA-A,crops/c7717e81d572018baf85.jpg,,,,,
m4-070-final-v1,A,862,c569c76a1c675d88ce13,DIOR-R,crops/c569c76a1c675d88ce13.jpg,,,,,
m4-070-final-v1,A,863,bdd9e8c0ffdba1abf064,DIOR-R,crops/bdd9e8c0ffdba1abf064.jpg,,,,,
m4-070-final-v1,A,864,8d61ab13255e2d962644,DIOR-R,crops/8d61ab13255e2d962644.jpg,,,,,
m4-070-final-v1,A,865,777b6b2cad608950f06f,FAIR1M-v1.0,crops/777b6b2cad608950f06f.jpg,,,,,
m4-070-final-v1,A,866,b232da67d2f1cda7c695,SODA-A,crops/b232da67d2f1cda7c695.jpg,,,,,
m4-070-final-v1,A,867,2b1761e586ae9a86eb40,FAIR1M-v1.0,crops/2b1761e586ae9a86eb40.jpg,,,,,
m4-070-final-v1,A,868,4f4c8b77a6aa4ecfd2bf,DIOR-R,crops/4f4c8b77a6aa4ecfd2bf.jpg,,,,,
m4-070-final-v1,A,869,2ca1f88449e3a31f1f4b,SODA-A,crops/2ca1f88449e3a31f1f4b.jpg,,,,,
m4-070-final-v1,A,870,a9cd2a9df63ad619aa62,DIOR-R,crops/a9cd2a9df63ad619aa62.jpg,,,,,
m4-070-final-v1,A,871,ebc81102569b5e19010a,FAIR1M-v1.0,crops/ebc81102569b5e19010a.jpg,,,,,
m4-070-final-v1,A,872,88d3e5d41c5f5880c15d,SODA-A,crops/88d3e5d41c5f5880c15d.jpg,,,,,
m4-070-final-v1,A,873,3d9a55f75f4054e186b7,DIOR-R,crops/3d9a55f75f4054e186b7.jpg,,,,,
m4-070-final-v1,A,874,e9c39be3e8c8ce7b075f,DIOR-R,crops/e9c39be3e8c8ce7b075f.jpg,,,,,
m4-070-final-v1,A,875,ad6d3b08ddda6cdbad2e,SODA-A,crops/ad6d3b08ddda6cdbad2e.jpg,,,,,
m4-070-final-v1,A,876,8fd72a7bece092005637,SODA-A,crops/8fd72a7bece092005637.jpg,,,,,
m4-070-final-v1,A,877,96bdb6ce4471041fed1d,FAIR1M-v1.0,crops/96bdb6ce4471041fed1d.jpg,,,,,
m4-070-final-v1,A,878,08437122851f06bda023,SODA-A,crops/08437122851f06bda023.jpg,,,,,
m4-070-final-v1,A,879,812be749db009d32dcd4,DIOR-R,crops/812be749db009d32dcd4.jpg,,,,,
m4-070-final-v1,A,880,84cfb454ca2b2445787b,FAIR1M-v1.0,crops/84cfb454ca2b2445787b.jpg,,,,,
m4-070-final-v1,A,881,7c56e22ab8527f4414ab,SODA-A,crops/7c56e22ab8527f4414ab.jpg,,,,,
m4-070-final-v1,A,882,707abd3f622a039a6e10,FAIR1M-v1.0,crops/707abd3f622a039a6e10.jpg,,,,,
m4-070-final-v1,A,883,c5fad7706592c625d7b4,SODA-A,crops/c5fad7706592c625d7b4.jpg,,,,,
m4-070-final-v1,A,884,126e8bf3914c529f564b,DIOR-R,crops/126e8bf3914c529f564b.jpg,,,,,
m4-070-final-v1,A,885,754d80d730a6bfec26a6,DIOR-R,crops/754d80d730a6bfec26a6.jpg,,,,,
m4-070-final-v1,A,886,ecadd96f199b3f3e459e,SODA-A,crops/ecadd96f199b3f3e459e.jpg,,,,,
m4-070-final-v1,A,887,3776f43c3cdcc3fc7064,DIOR-R,crops/3776f43c3cdcc3fc7064.jpg,,,,,
m4-070-final-v1,A,888,68787aae4e0bad8dc5de,SODA-A,crops/68787aae4e0bad8dc5de.jpg,,,,,
m4-070-final-v1,A,889,5f0e7c0dda0acad35772,DIOR-R,crops/5f0e7c0dda0acad35772.jpg,,,,,
m4-070-final-v1,A,890,fd3197317085aa4da308,FAIR1M-v1.0,crops/fd3197317085aa4da308.jpg,,,,,
m4-070-final-v1,A,891,c0c8b38e1b8e253304b9,FAIR1M-v1.0,crops/c0c8b38e1b8e253304b9.jpg,,,,,
m4-070-final-v1,A,892,b4dd69b8209dc16d4fb4,SODA-A,crops/b4dd69b8209dc16d4fb4.jpg,,,,,
m4-070-final-v1,A,893,065656b44aa8dbc2a98c,FAIR1M-v1.0,crops/065656b44aa8dbc2a98c.jpg,,,,,
m4-070-final-v1,A,894,11e2e38f352fd1f7354a,FAIR1M-v1.0,crops/11e2e38f352fd1f7354a.jpg,,,,,
m4-070-final-v1,A,895,5a6434d875232b2e334e,DIOR-R,crops/5a6434d875232b2e334e.jpg,,,,,
m4-070-final-v1,A,896,f2c8f17c09d68cf31ac1,SODA-A,crops/f2c8f17c09d68cf31ac1.jpg,,,,,
m4-070-final-v1,A,897,273190ec32fe679ef1bf,DIOR-R,crops/273190ec32fe679ef1bf.jpg,,,,,
m4-070-final-v1,A,898,7199158db5e7749bbfc9,SODA-A,crops/7199158db5e7749bbfc9.jpg,,,,,
m4-070-final-v1,A,899,0ada3ab0f4835d5910a1,SODA-A,crops/0ada3ab0f4835d5910a1.jpg,,,,,
m4-070-final-v1,A,900,ffaf2c343f3d43c45753,SODA-A,crops/ffaf2c343f3d43c45753.jpg,,,,,
m4-070-final-v1,A,901,3fc5c362b09cae795894,FAIR1M-v1.0,crops/3fc5c362b09cae795894.jpg,,,,,
m4-070-final-v1,A,902,30089d3c21e1727e20bf,SODA-A,crops/30089d3c21e1727e20bf.jpg,,,,,
m4-070-final-v1,A,903,02dd929bc89dd24f1b3e,DIOR-R,crops/02dd929bc89dd24f1b3e.jpg,,,,,
m4-070-final-v1,A,904,149cf6e720a4e695a22a,DIOR-R,crops/149cf6e720a4e695a22a.jpg,,,,,
m4-070-final-v1,A,905,86236ec49f3d86050670,SODA-A,crops/86236ec49f3d86050670.jpg,,,,,
m4-070-final-v1,A,906,1e6914a71c3567bf62ba,SODA-A,crops/1e6914a71c3567bf62ba.jpg,,,,,
m4-070-final-v1,A,907,3a184eb2982e227fcc8d,DIOR-R,crops/3a184eb2982e227fcc8d.jpg,,,,,
m4-070-final-v1,A,908,d7bfd10fa770bdb08932,FAIR1M-v1.0,crops/d7bfd10fa770bdb08932.jpg,,,,,
m4-070-final-v1,A,909,49308472cadfdb377626,SODA-A,crops/49308472cadfdb377626.jpg,,,,,
m4-070-final-v1,A,910,334c88bbc41e93b678e5,SODA-A,crops/334c88bbc41e93b678e5.jpg,,,,,
m4-070-final-v1,A,911,319d37b336a6d3d98873,FAIR1M-v1.0,crops/319d37b336a6d3d98873.jpg,,,,,
m4-070-final-v1,A,912,41c1384349dfaf17bcee,FAIR1M-v1.0,crops/41c1384349dfaf17bcee.jpg,,,,,
m4-070-final-v1,A,913,c598819dc62bba34d9ed,DIOR-R,crops/c598819dc62bba34d9ed.jpg,,,,,
m4-070-final-v1,A,914,57fd65e09bfaa0a6ea71,DIOR-R,crops/57fd65e09bfaa0a6ea71.jpg,,,,,
m4-070-final-v1,A,915,02d77efb5d0f5c0e6edc,FAIR1M-v1.0,crops/02d77efb5d0f5c0e6edc.jpg,,,,,
m4-070-final-v1,A,916,d17930715d5036ba2812,SODA-A,crops/d17930715d5036ba2812.jpg,,,,,
m4-070-final-v1,A,917,d7d39426b877d5978376,FAIR1M-v1.0,crops/d7d39426b877d5978376.jpg,,,,,
m4-070-final-v1,A,918,b59b8105cc6ead6adb83,SODA-A,crops/b59b8105cc6ead6adb83.jpg,,,,,
m4-070-final-v1,A,919,811fda1572ac89ed7c6b,DIOR-R,crops/811fda1572ac89ed7c6b.jpg,,,,,
m4-070-final-v1,A,920,e583e2846d57c9cdfce1,SODA-A,crops/e583e2846d57c9cdfce1.jpg,,,,,
m4-070-final-v1,A,921,a1bb16a055ff3f0d0fa4,FAIR1M-v1.0,crops/a1bb16a055ff3f0d0fa4.jpg,,,,,
m4-070-final-v1,A,922,9d6a910c1189513ce803,DIOR-R,crops/9d6a910c1189513ce803.jpg,,,,,
m4-070-final-v1,A,923,fefa4e8df00cdc674860,SODA-A,crops/fefa4e8df00cdc674860.jpg,,,,,
m4-070-final-v1,A,924,4e2b1e593a1ea68573ff,SODA-A,crops/4e2b1e593a1ea68573ff.jpg,,,,,
m4-070-final-v1,A,925,712a1697affcc32a7223,FAIR1M-v1.0,crops/712a1697affcc32a7223.jpg,,,,,
m4-070-final-v1,A,926,59d1f9429a40f163db00,SODA-A,crops/59d1f9429a40f163db00.jpg,,,,,
m4-070-final-v1,A,927,b227f839216676bd721e,FAIR1M-v1.0,crops/b227f839216676bd721e.jpg,,,,,
m4-070-final-v1,A,928,8b558ace11d437054c08,DIOR-R,crops/8b558ace11d437054c08.jpg,,,,,
m4-070-final-v1,A,929,f3aef4b1fc7ab28fcd98,SODA-A,crops/f3aef4b1fc7ab28fcd98.jpg,,,,,
m4-070-final-v1,A,930,9c2a2a9ec3415bbb8c0e,FAIR1M-v1.0,crops/9c2a2a9ec3415bbb8c0e.jpg,,,,,
m4-070-final-v1,A,931,9a8fdddf315fe8c3a0a4,FAIR1M-v1.0,crops/9a8fdddf315fe8c3a0a4.jpg,,,,,
m4-070-final-v1,A,932,7ccbb3aa77a4070e3601,FAIR1M-v1.0,crops/7ccbb3aa77a4070e3601.jpg,,,,,
m4-070-final-v1,A,933,a6dc3f3cb7d901bd893c,SODA-A,crops/a6dc3f3cb7d901bd893c.jpg,,,,,
m4-070-final-v1,A,934,4b43b5840d5be0b46e6c,FAIR1M-v1.0,crops/4b43b5840d5be0b46e6c.jpg,,,,,
m4-070-final-v1,A,935,73c072cef121e45257a0,FAIR1M-v1.0,crops/73c072cef121e45257a0.jpg,,,,,
m4-070-final-v1,A,936,9b2173feab5953964577,SODA-A,crops/9b2173feab5953964577.jpg,,,,,
m4-070-final-v1,A,937,782289c70d51bda7ccf5,DIOR-R,crops/782289c70d51bda7ccf5.jpg,,,,,
m4-070-final-v1,A,938,2f0898a4dd4e3d4c947e,DIOR-R,crops/2f0898a4dd4e3d4c947e.jpg,,,,,
m4-070-final-v1,A,939,266c76783957490128a6,SODA-A,crops/266c76783957490128a6.jpg,,,,,
m4-070-final-v1,A,940,979d2f5b583c1bd58a9d,SODA-A,crops/979d2f5b583c1bd58a9d.jpg,,,,,
m4-070-final-v1,A,941,550265faa42a96e42108,SODA-A,crops/550265faa42a96e42108.jpg,,,,,
m4-070-final-v1,A,942,c001a87581d1bedb2531,DIOR-R,crops/c001a87581d1bedb2531.jpg,,,,,
m4-070-final-v1,A,943,67571f272397bce77d02,FAIR1M-v1.0,crops/67571f272397bce77d02.jpg,,,,,
m4-070-final-v1,A,944,a5bfb847d2149d1bd78a,SODA-A,crops/a5bfb847d2149d1bd78a.jpg,,,,,
m4-070-final-v1,A,945,4b1f5040b52e3bd202a2,FAIR1M-v1.0,crops/4b1f5040b52e3bd202a2.jpg,,,,,
m4-070-final-v1,A,946,62037428666edfa3d779,DIOR-R,crops/62037428666edfa3d779.jpg,,,,,
m4-070-final-v1,A,947,f40080dabeca3c4fee9f,FAIR1M-v1.0,crops/f40080dabeca3c4fee9f.jpg,,,,,
m4-070-final-v1,A,948,74cd7c84f4bfe05bb0ae,DIOR-R,crops/74cd7c84f4bfe05bb0ae.jpg,,,,,
m4-070-final-v1,A,949,449a15d622e432f14d56,DIOR-R,crops/449a15d622e432f14d56.jpg,,,,,
m4-070-final-v1,A,950,31bee872a355d0a273ca,FAIR1M-v1.0,crops/31bee872a355d0a273ca.jpg,,,,,
m4-070-final-v1,A,951,cf76bca2f48d6588a3e6,SODA-A,crops/cf76bca2f48d6588a3e6.jpg,,,,,
m4-070-final-v1,A,952,d9b68f4915d2f2e02f9e,FAIR1M-v1.0,crops/d9b68f4915d2f2e02f9e.jpg,,,,,
m4-070-final-v1,A,953,0c069b5c71fad08fd6e8,SODA-A,crops/0c069b5c71fad08fd6e8.jpg,,,,,
m4-070-final-v1,A,954,bc6f0bcd52d05a88e3bd,DIOR-R,crops/bc6f0bcd52d05a88e3bd.jpg,,,,,
m4-070-final-v1,A,955,cba86ad9865e584b36e9,SODA-A,crops/cba86ad9865e584b36e9.jpg,,,,,
m4-070-final-v1,A,956,ad717a72f01afc86861b,FAIR1M-v1.0,crops/ad717a72f01afc86861b.jpg,,,,,
m4-070-final-v1,A,957,ce83095587342fe0ebcb,FAIR1M-v1.0,crops/ce83095587342fe0ebcb.jpg,,,,,
m4-070-final-v1,A,958,fe4ab09933390be6a98a,FAIR1M-v1.0,crops/fe4ab09933390be6a98a.jpg,,,,,
m4-070-final-v1,A,959,38f18fab1d18871f8db9,SODA-A,crops/38f18fab1d18871f8db9.jpg,,,,,
m4-070-final-v1,A,960,7d7c671b6d3f8a0bfe4c,SODA-A,crops/7d7c671b6d3f8a0bfe4c.jpg,,,,,
m4-070-final-v1,A,961,30daec119f20c744878c,DIOR-R,crops/30daec119f20c744878c.jpg,,,,,
m4-070-final-v1,A,962,05885107b9ebb0fec758,SODA-A,crops/05885107b9ebb0fec758.jpg,,,,,
m4-070-final-v1,A,963,3d02d84500b24492591f,DIOR-R,crops/3d02d84500b24492591f.jpg,,,,,
m4-070-final-v1,A,964,c81bdcdc741c892dc5ef,DIOR-R,crops/c81bdcdc741c892dc5ef.jpg,,,,,
m4-070-final-v1,A,965,d1e4a8fc6df9ca2260fc,DIOR-R,crops/d1e4a8fc6df9ca2260fc.jpg,,,,,
m4-070-final-v1,A,966,1817f586a57572b0679b,DIOR-R,crops/1817f586a57572b0679b.jpg,,,,,
m4-070-final-v1,A,967,d8ef146d4ec6fabe8415,FAIR1M-v1.0,crops/d8ef146d4ec6fabe8415.jpg,,,,,
m4-070-final-v1,A,968,7438484cf9deeb037d93,DIOR-R,crops/7438484cf9deeb037d93.jpg,,,,,
m4-070-final-v1,A,969,aa76f043b4f27b1856e1,DIOR-R,crops/aa76f043b4f27b1856e1.jpg,,,,,
m4-070-final-v1,A,970,d067bb4883f0deb25791,SODA-A,crops/d067bb4883f0deb25791.jpg,,,,,
m4-070-final-v1,A,971,496e1befe4e47db55ac9,FAIR1M-v1.0,crops/496e1befe4e47db55ac9.jpg,,,,,
m4-070-final-v1,A,972,73a8882e5ed678c3654b,SODA-A,crops/73a8882e5ed678c3654b.jpg,,,,,
m4-070-final-v1,A,973,43b413315a343c741b1e,DIOR-R,crops/43b413315a343c741b1e.jpg,,,,,
m4-070-final-v1,A,974,62c8811cf3ed18d40235,DIOR-R,crops/62c8811cf3ed18d40235.jpg,,,,,
m4-070-final-v1,A,975,8e04eb63ac3eed9d8a87,SODA-A,crops/8e04eb63ac3eed9d8a87.jpg,,,,,
m4-070-final-v1,A,976,b4f23bf7a8c6843092ae,FAIR1M-v1.0,crops/b4f23bf7a8c6843092ae.jpg,,,,,
m4-070-final-v1,A,977,fa3f872a3e7aef3c75ed,DIOR-R,crops/fa3f872a3e7aef3c75ed.jpg,,,,,
m4-070-final-v1,A,978,80c460c152ab70178b23,SODA-A,crops/80c460c152ab70178b23.jpg,,,,,
m4-070-final-v1,A,979,34fbe2aeb14e394b7e1f,SODA-A,crops/34fbe2aeb14e394b7e1f.jpg,,,,,
m4-070-final-v1,A,980,d1f57aaaf98616dc5e5a,SODA-A,crops/d1f57aaaf98616dc5e5a.jpg,,,,,
m4-070-final-v1,A,981,850fd0a3b22ecd2333c9,SODA-A,crops/850fd0a3b22ecd2333c9.jpg,,,,,
m4-070-final-v1,A,982,da82cf5d4fe91a9df9f9,SODA-A,crops/da82cf5d4fe91a9df9f9.jpg,,,,,
m4-070-final-v1,A,983,0c4a255e6432c79ae296,SODA-A,crops/0c4a255e6432c79ae296.jpg,,,,,
m4-070-final-v1,A,984,d32e88ea331f59ae3826,DIOR-R,crops/d32e88ea331f59ae3826.jpg,,,,,
m4-070-final-v1,A,985,8864db8ce7a45151c6b1,DIOR-R,crops/8864db8ce7a45151c6b1.jpg,,,,,
m4-070-final-v1,A,986,6bf7811e88ec9ec653ab,DIOR-R,crops/6bf7811e88ec9ec653ab.jpg,,,,,
m4-070-final-v1,A,987,9eba47fc0aa6c734e643,SODA-A,crops/9eba47fc0aa6c734e643.jpg,,,,,
m4-070-final-v1,A,988,3c0c42e16108ab987481,DIOR-R,crops/3c0c42e16108ab987481.jpg,,,,,
m4-070-final-v1,A,989,27f026c28d93127f4508,FAIR1M-v1.0,crops/27f026c28d93127f4508.jpg,,,,,
m4-070-final-v1,A,990,12cf1626670fe670bbdf,FAIR1M-v1.0,crops/12cf1626670fe670bbdf.jpg,,,,,
m4-070-final-v1,A,991,35c76572f1bc248e96fb,FAIR1M-v1.0,crops/35c76572f1bc248e96fb.jpg,,,,,
m4-070-final-v1,A,992,8619259784e9ea478456,FAIR1M-v1.0,crops/8619259784e9ea478456.jpg,,,,,
m4-070-final-v1,A,993,84644452f2a12b4ad7d4,FAIR1M-v1.0,crops/84644452f2a12b4ad7d4.jpg,,,,,
m4-070-final-v1,A,994,5e9d05d79e583a282bcc,DIOR-R,crops/5e9d05d79e583a282bcc.jpg,,,,,
m4-070-final-v1,A,995,dec09832f424a3d14049,FAIR1M-v1.0,crops/dec09832f424a3d14049.jpg,,,,,
m4-070-final-v1,A,996,d7b94e93b2fdcc94c359,SODA-A,crops/d7b94e93b2fdcc94c359.jpg,,,,,
m4-070-final-v1,A,997,2f2fa13430d7e76b8238,DIOR-R,crops/2f2fa13430d7e76b8238.jpg,,,,,
m4-070-final-v1,A,998,dab5d2e8ed70fbc6f7f5,FAIR1M-v1.0,crops/dab5d2e8ed70fbc6f7f5.jpg,,,,,
m4-070-final-v1,A,999,cb522f00a6a56c07c5c2,FAIR1M-v1.0,crops/cb522f00a6a56c07c5c2.jpg,,,,,
m4-070-final-v1,A,1000,db9dec28fc0e7ac79b93,DIOR-R,crops/db9dec28fc0e7ac79b93.jpg,,,,,
m4-070-final-v1,A,1001,b9c7ca462a1b6d0d0a11,FAIR1M-v1.0,crops/b9c7ca462a1b6d0d0a11.jpg,,,,,
m4-070-final-v1,A,1002,b33f672e59bcbb1462b4,DIOR-R,crops/b33f672e59bcbb1462b4.jpg,,,,,
m4-070-final-v1,A,1003,492aa35be844a1243410,FAIR1M-v1.0,crops/492aa35be844a1243410.jpg,,,,,
m4-070-final-v1,A,1004,9fb350b98dd5cefdf69b,DIOR-R,crops/9fb350b98dd5cefdf69b.jpg,,,,,
m4-070-final-v1,A,1005,abc5c91940d6bd9db435,FAIR1M-v1.0,crops/abc5c91940d6bd9db435.jpg,,,,,
m4-070-final-v1,A,1006,61c1ec92d1849b06a6c2,DIOR-R,crops/61c1ec92d1849b06a6c2.jpg,,,,,
m4-070-final-v1,A,1007,14f7322e9aa5e24dedba,DIOR-R,crops/14f7322e9aa5e24dedba.jpg,,,,,
m4-070-final-v1,A,1008,8417495f1baa22cde9f4,DIOR-R,crops/8417495f1baa22cde9f4.jpg,,,,,
m4-070-final-v1,A,1009,7ba0e545ec4cb9b82b61,FAIR1M-v1.0,crops/7ba0e545ec4cb9b82b61.jpg,,,,,
m4-070-final-v1,A,1010,251ee9d8f13cab6a9ad0,FAIR1M-v1.0,crops/251ee9d8f13cab6a9ad0.jpg,,,,,
m4-070-final-v1,A,1011,555d594c295d5b430ebe,FAIR1M-v1.0,crops/555d594c295d5b430ebe.jpg,,,,,
m4-070-final-v1,A,1012,ca69ac6128d14d4857bb,DIOR-R,crops/ca69ac6128d14d4857bb.jpg,,,,,
m4-070-final-v1,A,1013,03998cbf839da960914e,SODA-A,crops/03998cbf839da960914e.jpg,,,,,
m4-070-final-v1,A,1014,64c11d04371b4d51c985,FAIR1M-v1.0,crops/64c11d04371b4d51c985.jpg,,,,,
m4-070-final-v1,A,1015,dac4b41b4a8e916b02d6,SODA-A,crops/dac4b41b4a8e916b02d6.jpg,,,,,
m4-070-final-v1,A,1016,f7416daaf3f55a279362,FAIR1M-v1.0,crops/f7416daaf3f55a279362.jpg,,,,,
m4-070-final-v1,A,1017,6800d75a912ba2cd6522,DIOR-R,crops/6800d75a912ba2cd6522.jpg,,,,,
m4-070-final-v1,A,1018,05f225cd9e7350010777,FAIR1M-v1.0,crops/05f225cd9e7350010777.jpg,,,,,
m4-070-final-v1,A,1019,d01e2cb977fd7733f002,SODA-A,crops/d01e2cb977fd7733f002.jpg,,,,,
m4-070-final-v1,A,1020,97b0a21e919e0b7054ed,SODA-A,crops/97b0a21e919e0b7054ed.jpg,,,,,
m4-070-final-v1,A,1021,881fc417bbc498dd003b,FAIR1M-v1.0,crops/881fc417bbc498dd003b.jpg,,,,,
m4-070-final-v1,A,1022,b133ed0509e66ef8369f,SODA-A,crops/b133ed0509e66ef8369f.jpg,,,,,
m4-070-final-v1,A,1023,614e2be8894de509fe2f,FAIR1M-v1.0,crops/614e2be8894de509fe2f.jpg,,,,,
m4-070-final-v1,A,1024,62f5bcfbe5dc5952992f,SODA-A,crops/62f5bcfbe5dc5952992f.jpg,,,,,
m4-070-final-v1,A,1025,b620fa5ac31ec0e69005,FAIR1M-v1.0,crops/b620fa5ac31ec0e69005.jpg,,,,,
m4-070-final-v1,A,1026,396fc2c5a098334c9abc,SODA-A,crops/396fc2c5a098334c9abc.jpg,,,,,
m4-070-final-v1,A,1027,3066a3d95b6bdb4d2bff,DIOR-R,crops/3066a3d95b6bdb4d2bff.jpg,,,,,
m4-070-final-v1,A,1028,8b512f1240a22b182648,SODA-A,crops/8b512f1240a22b182648.jpg,,,,,
m4-070-final-v1,A,1029,17e93a3fd7808180e98f,FAIR1M-v1.0,crops/17e93a3fd7808180e98f.jpg,,,,,
m4-070-final-v1,A,1030,97fe84d355bbc4d16945,SODA-A,crops/97fe84d355bbc4d16945.jpg,,,,,
m4-070-final-v1,A,1031,5c9633abaff0be5cebff,FAIR1M-v1.0,crops/5c9633abaff0be5cebff.jpg,,,,,
m4-070-final-v1,A,1032,048c73143e7adf883c5f,FAIR1M-v1.0,crops/048c73143e7adf883c5f.jpg,,,,,
m4-070-final-v1,A,1033,56c17e0bbbebb42620e0,DIOR-R,crops/56c17e0bbbebb42620e0.jpg,,,,,
m4-070-final-v1,A,1034,3af6113467cfbe766429,DIOR-R,crops/3af6113467cfbe766429.jpg,,,,,
m4-070-final-v1,A,1035,455829cbeec820437ba3,DIOR-R,crops/455829cbeec820437ba3.jpg,,,,,
m4-070-final-v1,A,1036,6c5d88465b38e3580f7d,DIOR-R,crops/6c5d88465b38e3580f7d.jpg,,,,,
m4-070-final-v1,A,1037,41430e4cc6371882a85e,SODA-A,crops/41430e4cc6371882a85e.jpg,,,,,
m4-070-final-v1,A,1038,6de3dd7962fa65885023,FAIR1M-v1.0,crops/6de3dd7962fa65885023.jpg,,,,,
m4-070-final-v1,A,1039,7059c78a68f91652bbfb,DIOR-R,crops/7059c78a68f91652bbfb.jpg,,,,,
m4-070-final-v1,A,1040,0b8fa8f9a704c782e622,FAIR1M-v1.0,crops/0b8fa8f9a704c782e622.jpg,,,,,
m4-070-final-v1,A,1041,2a748c4fcdafc98faeda,FAIR1M-v1.0,crops/2a748c4fcdafc98faeda.jpg,,,,,
m4-070-final-v1,A,1042,0ee02eaadf3670655c24,FAIR1M-v1.0,crops/0ee02eaadf3670655c24.jpg,,,,,
m4-070-final-v1,A,1043,9342e38db5762be6f0af,DIOR-R,crops/9342e38db5762be6f0af.jpg,,,,,
m4-070-final-v1,A,1044,c105dd3cda2dbb9d0be3,FAIR1M-v1.0,crops/c105dd3cda2dbb9d0be3.jpg,,,,,
m4-070-final-v1,A,1045,4e2ca194156a8b055e7d,DIOR-R,crops/4e2ca194156a8b055e7d.jpg,,,,,
m4-070-final-v1,A,1046,18c7818a351fa5f266ea,DIOR-R,crops/18c7818a351fa5f266ea.jpg,,,,,
m4-070-final-v1,A,1047,6b992edb5dfe22115b3b,DIOR-R,crops/6b992edb5dfe22115b3b.jpg,,,,,
m4-070-final-v1,A,1048,6a2669e5694ed4eb4fc9,FAIR1M-v1.0,crops/6a2669e5694ed4eb4fc9.jpg,,,,,
m4-070-final-v1,A,1049,8d5cebd382f89bcc3557,FAIR1M-v1.0,crops/8d5cebd382f89bcc3557.jpg,,,,,
m4-070-final-v1,A,1050,e7a0a4b095199c172b05,FAIR1M-v1.0,crops/e7a0a4b095199c172b05.jpg,,,,,
m4-070-final-v1,A,1051,5334b768a83490d40c8f,FAIR1M-v1.0,crops/5334b768a83490d40c8f.jpg,,,,,
m4-070-final-v1,A,1052,4540d0bc4a3cf7beb796,FAIR1M-v1.0,crops/4540d0bc4a3cf7beb796.jpg,,,,,
m4-070-final-v1,A,1053,5541fc0e14a9ec4755e2,SODA-A,crops/5541fc0e14a9ec4755e2.jpg,,,,,
m4-070-final-v1,A,1054,d7290a6e6886d4036607,SODA-A,crops/d7290a6e6886d4036607.jpg,,,,,
m4-070-final-v1,A,1055,4df4301841429e97adec,SODA-A,crops/4df4301841429e97adec.jpg,,,,,
m4-070-final-v1,A,1056,b770056d648d795400fe,SODA-A,crops/b770056d648d795400fe.jpg,,,,,
m4-070-final-v1,A,1057,747125bfd4b59af6fd71,FAIR1M-v1.0,crops/747125bfd4b59af6fd71.jpg,,,,,
m4-070-final-v1,A,1058,5321fc47aadc3da1486e,DIOR-R,crops/5321fc47aadc3da1486e.jpg,,,,,
m4-070-final-v1,A,1059,840bade55d0fee1488e1,SODA-A,crops/840bade55d0fee1488e1.jpg,,,,,
m4-070-final-v1,A,1060,7a2f5fc67baaf1c21ccc,FAIR1M-v1.0,crops/7a2f5fc67baaf1c21ccc.jpg,,,,,
m4-070-final-v1,A,1061,2c02decff1f69c6ed096,DIOR-R,crops/2c02decff1f69c6ed096.jpg,,,,,
m4-070-final-v1,A,1062,4c2fa30c7b613377c50d,DIOR-R,crops/4c2fa30c7b613377c50d.jpg,,,,,
m4-070-final-v1,A,1063,063b1c418ce0623a6bda,FAIR1M-v1.0,crops/063b1c418ce0623a6bda.jpg,,,,,
m4-070-final-v1,A,1064,110814b09c3a73235937,FAIR1M-v1.0,crops/110814b09c3a73235937.jpg,,,,,
m4-070-final-v1,A,1065,20f4c36ec88c4afc2fe0,FAIR1M-v1.0,crops/20f4c36ec88c4afc2fe0.jpg,,,,,
m4-070-final-v1,A,1066,b7e0c34a7d7e8807821a,SODA-A,crops/b7e0c34a7d7e8807821a.jpg,,,,,
m4-070-final-v1,A,1067,39368ee86ed06deb12e6,SODA-A,crops/39368ee86ed06deb12e6.jpg,,,,,
m4-070-final-v1,A,1068,33907126b0fb569b1c2a,DIOR-R,crops/33907126b0fb569b1c2a.jpg,,,,,
m4-070-final-v1,A,1069,952a90c89e3f75cdbee1,FAIR1M-v1.0,crops/952a90c89e3f75cdbee1.jpg,,,,,
m4-070-final-v1,A,1070,279158378404092657b0,SODA-A,crops/279158378404092657b0.jpg,,,,,
m4-070-final-v1,A,1071,95eb795396bc3e2d4d4d,DIOR-R,crops/95eb795396bc3e2d4d4d.jpg,,,,,
m4-070-final-v1,A,1072,e503eaa7ff217deabd3e,DIOR-R,crops/e503eaa7ff217deabd3e.jpg,,,,,
m4-070-final-v1,A,1073,3f00b998963d583a9b71,FAIR1M-v1.0,crops/3f00b998963d583a9b71.jpg,,,,,
m4-070-final-v1,A,1074,bd3afa86d7131546e5a8,DIOR-R,crops/bd3afa86d7131546e5a8.jpg,,,,,
m4-070-final-v1,A,1075,4d9f9f7c26b3cfd29ca9,DIOR-R,crops/4d9f9f7c26b3cfd29ca9.jpg,,,,,
m4-070-final-v1,A,1076,53581f90d369b5f712b5,SODA-A,crops/53581f90d369b5f712b5.jpg,,,,,
m4-070-final-v1,A,1077,949b63e3951630a2edd9,SODA-A,crops/949b63e3951630a2edd9.jpg,,,,,
m4-070-final-v1,A,1078,6cf619c7aa0078991752,SODA-A,crops/6cf619c7aa0078991752.jpg,,,,,
m4-070-final-v1,A,1079,8865dfa5f7483fbf8df3,FAIR1M-v1.0,crops/8865dfa5f7483fbf8df3.jpg,,,,,
m4-070-final-v1,A,1080,0c071adb1b5604ae783a,SODA-A,crops/0c071adb1b5604ae783a.jpg,,,,,
m4-070-final-v1,A,1081,6f00f7b3ebc5ec3b4652,SODA-A,crops/6f00f7b3ebc5ec3b4652.jpg,,,,,
m4-070-final-v1,A,1082,6c3b9627b58185f1be7e,SODA-A,crops/6c3b9627b58185f1be7e.jpg,,,,,
m4-070-final-v1,A,1083,34ef30d10ba7deb2cdb9,SODA-A,crops/34ef30d10ba7deb2cdb9.jpg,,,,,
m4-070-final-v1,A,1084,8a9c946acd0203f0d08b,FAIR1M-v1.0,crops/8a9c946acd0203f0d08b.jpg,,,,,
m4-070-final-v1,A,1085,c1ba37571dfe99f51efa,DIOR-R,crops/c1ba37571dfe99f51efa.jpg,,,,,
m4-070-final-v1,A,1086,f9323091f78277982e19,DIOR-R,crops/f9323091f78277982e19.jpg,,,,,
m4-070-final-v1,A,1087,01d0ad19205eeb9fb5f0,DIOR-R,crops/01d0ad19205eeb9fb5f0.jpg,,,,,
m4-070-final-v1,A,1088,c6d6020f321e26c76c22,FAIR1M-v1.0,crops/c6d6020f321e26c76c22.jpg,,,,,
m4-070-final-v1,A,1089,a3d924a42d1851ae8077,SODA-A,crops/a3d924a42d1851ae8077.jpg,,,,,
m4-070-final-v1,A,1090,72c2305469b47b2e89b4,FAIR1M-v1.0,crops/72c2305469b47b2e89b4.jpg,,,,,
m4-070-final-v1,A,1091,88cdba1eba271535f5b7,SODA-A,crops/88cdba1eba271535f5b7.jpg,,,,,
m4-070-final-v1,A,1092,926ecc25a053084c5645,SODA-A,crops/926ecc25a053084c5645.jpg,,,,,
m4-070-final-v1,A,1093,43b346a95857f218de2d,SODA-A,crops/43b346a95857f218de2d.jpg,,,,,
m4-070-final-v1,A,1094,c5620ee98f5a9625270c,FAIR1M-v1.0,crops/c5620ee98f5a9625270c.jpg,,,,,
m4-070-final-v1,A,1095,78e2dbb0eccfc4d1cf5c,DIOR-R,crops/78e2dbb0eccfc4d1cf5c.jpg,,,,,
m4-070-final-v1,A,1096,68aba806aae840e6fcfc,FAIR1M-v1.0,crops/68aba806aae840e6fcfc.jpg,,,,,
m4-070-final-v1,A,1097,b125335f051253089c4f,DIOR-R,crops/b125335f051253089c4f.jpg,,,,,
m4-070-final-v1,A,1098,c3e575821802abfc8390,DIOR-R,crops/c3e575821802abfc8390.jpg,,,,,
m4-070-final-v1,A,1099,acebfb2e63c2a365f113,SODA-A,crops/acebfb2e63c2a365f113.jpg,,,,,
m4-070-final-v1,A,1100,0400f68bdbdc1ffce587,DIOR-R,crops/0400f68bdbdc1ffce587.jpg,,,,,
m4-070-final-v1,A,1101,433a76e04f27730fc85e,SODA-A,crops/433a76e04f27730fc85e.jpg,,,,,
m4-070-final-v1,A,1102,b5eaa7ac9ec07ab6fec7,DIOR-R,crops/b5eaa7ac9ec07ab6fec7.jpg,,,,,
m4-070-final-v1,A,1103,af5c6f539173c6495d5f,FAIR1M-v1.0,crops/af5c6f539173c6495d5f.jpg,,,,,
m4-070-final-v1,A,1104,6c00424a9c2ecf4e0394,FAIR1M-v1.0,crops/6c00424a9c2ecf4e0394.jpg,,,,,
m4-070-final-v1,A,1105,08bb1f7a1528ac4f1009,DIOR-R,crops/08bb1f7a1528ac4f1009.jpg,,,,,
m4-070-final-v1,A,1106,78eab127199ab5dc2fb8,DIOR-R,crops/78eab127199ab5dc2fb8.jpg,,,,,
m4-070-final-v1,A,1107,b62552770533f21cffd9,SODA-A,crops/b62552770533f21cffd9.jpg,,,,,
m4-070-final-v1,A,1108,63783a377f2346e20695,DIOR-R,crops/63783a377f2346e20695.jpg,,,,,
m4-070-final-v1,A,1109,443abbb3cd053f4ec198,DIOR-R,crops/443abbb3cd053f4ec198.jpg,,,,,
m4-070-final-v1,A,1110,b9a0e68b0546c396ce26,DIOR-R,crops/b9a0e68b0546c396ce26.jpg,,,,,
m4-070-final-v1,A,1111,aecf0ba349f5d6279d9c,DIOR-R,crops/aecf0ba349f5d6279d9c.jpg,,,,,
m4-070-final-v1,A,1112,a158258da84388fda3cf,SODA-A,crops/a158258da84388fda3cf.jpg,,,,,
m4-070-final-v1,A,1113,f1fc1baee76e3f6bd1b3,FAIR1M-v1.0,crops/f1fc1baee76e3f6bd1b3.jpg,,,,,
m4-070-final-v1,A,1114,f16b1d79eae91c830e4b,FAIR1M-v1.0,crops/f16b1d79eae91c830e4b.jpg,,,,,
m4-070-final-v1,A,1115,02567cf454d65bbb28ba,DIOR-R,crops/02567cf454d65bbb28ba.jpg,,,,,
m4-070-final-v1,A,1116,1f85f7c66fc0794b4b18,DIOR-R,crops/1f85f7c66fc0794b4b18.jpg,,,,,
m4-070-final-v1,A,1117,a363082ce3ae00563e26,FAIR1M-v1.0,crops/a363082ce3ae00563e26.jpg,,,,,
m4-070-final-v1,A,1118,e2f7e8edfaa31a5968d4,SODA-A,crops/e2f7e8edfaa31a5968d4.jpg,,,,,
m4-070-final-v1,A,1119,1772688ff6cc56d7099e,FAIR1M-v1.0,crops/1772688ff6cc56d7099e.jpg,,,,,
m4-070-final-v1,A,1120,3cae853a54447a3346d2,FAIR1M-v1.0,crops/3cae853a54447a3346d2.jpg,,,,,
m4-070-final-v1,A,1121,d7e8537d6a4e47ec4a01,FAIR1M-v1.0,crops/d7e8537d6a4e47ec4a01.jpg,,,,,
m4-070-final-v1,A,1122,22a542d9d61970eb6ce2,FAIR1M-v1.0,crops/22a542d9d61970eb6ce2.jpg,,,,,
m4-070-final-v1,A,1123,e80f5707f50a36d20e54,DIOR-R,crops/e80f5707f50a36d20e54.jpg,,,,,
m4-070-final-v1,A,1124,b852b86775507d9546d7,SODA-A,crops/b852b86775507d9546d7.jpg,,,,,
m4-070-final-v1,A,1125,a97bb018a333cd4ba40e,SODA-A,crops/a97bb018a333cd4ba40e.jpg,,,,,
m4-070-final-v1,A,1126,9c71703c7fb113fff010,DIOR-R,crops/9c71703c7fb113fff010.jpg,,,,,
m4-070-final-v1,A,1127,d3fd6cce2e2fffdbbf54,FAIR1M-v1.0,crops/d3fd6cce2e2fffdbbf54.jpg,,,,,
m4-070-final-v1,A,1128,cf81f34c31d600ea6b77,FAIR1M-v1.0,crops/cf81f34c31d600ea6b77.jpg,,,,,
m4-070-final-v1,A,1129,d4e614207b22c8799497,FAIR1M-v1.0,crops/d4e614207b22c8799497.jpg,,,,,
m4-070-final-v1,A,1130,9742bd04573bd9659a27,FAIR1M-v1.0,crops/9742bd04573bd9659a27.jpg,,,,,
m4-070-final-v1,A,1131,bdf1a15732644d07f1bb,DIOR-R,crops/bdf1a15732644d07f1bb.jpg,,,,,
m4-070-final-v1,A,1132,b80345ce3acf5213b185,SODA-A,crops/b80345ce3acf5213b185.jpg,,,,,
m4-070-final-v1,A,1133,52ce735500830bc637aa,DIOR-R,crops/52ce735500830bc637aa.jpg,,,,,
m4-070-final-v1,A,1134,ab23cc4b6586b54c89fb,SODA-A,crops/ab23cc4b6586b54c89fb.jpg,,,,,
m4-070-final-v1,A,1135,431d3be663dd2ef69516,SODA-A,crops/431d3be663dd2ef69516.jpg,,,,,
m4-070-final-v1,A,1136,105ce35cd04f155e329f,FAIR1M-v1.0,crops/105ce35cd04f155e329f.jpg,,,,,
m4-070-final-v1,A,1137,8b39158308a93869662c,SODA-A,crops/8b39158308a93869662c.jpg,,,,,
m4-070-final-v1,A,1138,ef636471ec544bee1e0b,DIOR-R,crops/ef636471ec544bee1e0b.jpg,,,,,
m4-070-final-v1,A,1139,53b5457e812181323137,FAIR1M-v1.0,crops/53b5457e812181323137.jpg,,,,,
m4-070-final-v1,A,1140,fae822ceebf0734d479c,SODA-A,crops/fae822ceebf0734d479c.jpg,,,,,
m4-070-final-v1,A,1141,f9d2f5a0d4aead8ac597,DIOR-R,crops/f9d2f5a0d4aead8ac597.jpg,,,,,
m4-070-final-v1,A,1142,8e0bc6e0a4f078fcfc46,DIOR-R,crops/8e0bc6e0a4f078fcfc46.jpg,,,,,
m4-070-final-v1,A,1143,477a2f9ab79bcc79cf29,DIOR-R,crops/477a2f9ab79bcc79cf29.jpg,,,,,
m4-070-final-v1,A,1144,f7a3ec91f9b5ecbd7ead,DIOR-R,crops/f7a3ec91f9b5ecbd7ead.jpg,,,,,
m4-070-final-v1,A,1145,6db4aa3f72b323efcc19,SODA-A,crops/6db4aa3f72b323efcc19.jpg,,,,,
m4-070-final-v1,A,1146,28b549ca69442bf6d41a,SODA-A,crops/28b549ca69442bf6d41a.jpg,,,,,
m4-070-final-v1,A,1147,24fe7d48bf9e214862d7,FAIR1M-v1.0,crops/24fe7d48bf9e214862d7.jpg,,,,,
m4-070-final-v1,A,1148,63ad6593fdd367d91909,FAIR1M-v1.0,crops/63ad6593fdd367d91909.jpg,,,,,
m4-070-final-v1,A,1149,aa1ca4ed1df28bd3b329,SODA-A,crops/aa1ca4ed1df28bd3b329.jpg,,,,,
m4-070-final-v1,A,1150,77940e5a7553b6076b8c,FAIR1M-v1.0,crops/77940e5a7553b6076b8c.jpg,,,,,
m4-070-final-v1,A,1151,89e47a2a97e6eed7b44d,DIOR-R,crops/89e47a2a97e6eed7b44d.jpg,,,,,
m4-070-final-v1,A,1152,44d46dca7a0eb2ab422b,SODA-A,crops/44d46dca7a0eb2ab422b.jpg,,,,,
m4-070-final-v1,A,1153,e1e6729a3adc597b5271,SODA-A,crops/e1e6729a3adc597b5271.jpg,,,,,
m4-070-final-v1,A,1154,2f92017e4d422dc4bd57,SODA-A,crops/2f92017e4d422dc4bd57.jpg,,,,,
m4-070-final-v1,A,1155,1714ded0b228cf639f66,DIOR-R,crops/1714ded0b228cf639f66.jpg,,,,,
m4-070-final-v1,A,1156,c84d4bfe0e9bc0021317,DIOR-R,crops/c84d4bfe0e9bc0021317.jpg,,,,,
m4-070-final-v1,A,1157,8d13651c5bd6852d3aca,FAIR1M-v1.0,crops/8d13651c5bd6852d3aca.jpg,,,,,
m4-070-final-v1,A,1158,9956e6522870c7e67ff0,SODA-A,crops/9956e6522870c7e67ff0.jpg,,,,,
m4-070-final-v1,A,1159,dd283422e55f6c2b1f54,SODA-A,crops/dd283422e55f6c2b1f54.jpg,,,,,
m4-070-final-v1,A,1160,595f7df52edf013f5f37,DIOR-R,crops/595f7df52edf013f5f37.jpg,,,,,
m4-070-final-v1,A,1161,e26951bf06c74f21d7ba,DIOR-R,crops/e26951bf06c74f21d7ba.jpg,,,,,
m4-070-final-v1,A,1162,c259e7517976c80b231d,FAIR1M-v1.0,crops/c259e7517976c80b231d.jpg,,,,,
m4-070-final-v1,A,1163,29848736194423815f22,FAIR1M-v1.0,crops/29848736194423815f22.jpg,,,,,
m4-070-final-v1,A,1164,9b08747803e32d5d0a24,FAIR1M-v1.0,crops/9b08747803e32d5d0a24.jpg,,,,,
m4-070-final-v1,A,1165,e15674b9d2311f70fe1d,DIOR-R,crops/e15674b9d2311f70fe1d.jpg,,,,,
m4-070-final-v1,A,1166,dfce009a972c7dadf9d4,SODA-A,crops/dfce009a972c7dadf9d4.jpg,,,,,
m4-070-final-v1,A,1167,43051807f99132b24bfa,SODA-A,crops/43051807f99132b24bfa.jpg,,,,,
m4-070-final-v1,A,1168,f9478a5934001d0c910b,DIOR-R,crops/f9478a5934001d0c910b.jpg,,,,,
m4-070-final-v1,A,1169,68501568d806b3733f65,DIOR-R,crops/68501568d806b3733f65.jpg,,,,,
m4-070-final-v1,A,1170,7d17f5e287d064a52b0c,SODA-A,crops/7d17f5e287d064a52b0c.jpg,,,,,
m4-070-final-v1,A,1171,dd1811c84f8f0cf8626a,DIOR-R,crops/dd1811c84f8f0cf8626a.jpg,,,,,
m4-070-final-v1,A,1172,fd2550d4497928a14350,DIOR-R,crops/fd2550d4497928a14350.jpg,,,,,
m4-070-final-v1,A,1173,2f16f9fd21999cd98143,DIOR-R,crops/2f16f9fd21999cd98143.jpg,,,,,
m4-070-final-v1,A,1174,fecde007633b71fcce98,DIOR-R,crops/fecde007633b71fcce98.jpg,,,,,
m4-070-final-v1,A,1175,8edaed8d8a0a8eae4d6b,SODA-A,crops/8edaed8d8a0a8eae4d6b.jpg,,,,,
m4-070-final-v1,A,1176,2a362e2310370f96176d,FAIR1M-v1.0,crops/2a362e2310370f96176d.jpg,,,,,
m4-070-final-v1,A,1177,aaeab52cd260cdc865d0,SODA-A,crops/aaeab52cd260cdc865d0.jpg,,,,,
m4-070-final-v1,A,1178,531fe8d1dd774baa4918,FAIR1M-v1.0,crops/531fe8d1dd774baa4918.jpg,,,,,
m4-070-final-v1,A,1179,dc6c3b61e061fde2ea88,FAIR1M-v1.0,crops/dc6c3b61e061fde2ea88.jpg,,,,,
m4-070-final-v1,A,1180,07eacddf893a5ac04c29,FAIR1M-v1.0,crops/07eacddf893a5ac04c29.jpg,,,,,
m4-070-final-v1,A,1181,64462737db19b231df0d,DIOR-R,crops/64462737db19b231df0d.jpg,,,,,
m4-070-final-v1,A,1182,def9d168869793188d85,FAIR1M-v1.0,crops/def9d168869793188d85.jpg,,,,,
m4-070-final-v1,A,1183,c24ace6eb6795009e6cf,DIOR-R,crops/c24ace6eb6795009e6cf.jpg,,,,,
m4-070-final-v1,A,1184,6d130d4a9a4792952b9e,FAIR1M-v1.0,crops/6d130d4a9a4792952b9e.jpg,,,,,
m4-070-final-v1,A,1185,4f27722c8b896c4d38f6,SODA-A,crops/4f27722c8b896c4d38f6.jpg,,,,,
m4-070-final-v1,A,1186,b58049e051fe10b5c7d5,FAIR1M-v1.0,crops/b58049e051fe10b5c7d5.jpg,,,,,
m4-070-final-v1,A,1187,2cd2fb3a73aa6bdf7a3f,SODA-A,crops/2cd2fb3a73aa6bdf7a3f.jpg,,,,,
m4-070-final-v1,A,1188,b4ace3436e9505a4dd54,DIOR-R,crops/b4ace3436e9505a4dd54.jpg,,,,,
m4-070-final-v1,A,1189,7be81094f7af2e0cf955,SODA-A,crops/7be81094f7af2e0cf955.jpg,,,,,
m4-070-final-v1,A,1190,4e61319847711a9c76c5,DIOR-R,crops/4e61319847711a9c76c5.jpg,,,,,
m4-070-final-v1,A,1191,46d2ebb34a9aab50f6f1,SODA-A,crops/46d2ebb34a9aab50f6f1.jpg,,,,,
m4-070-final-v1,A,1192,69adfd19d1008d187609,DIOR-R,crops/69adfd19d1008d187609.jpg,,,,,
m4-070-final-v1,A,1193,e64f877a4fc1c9855b17,DIOR-R,crops/e64f877a4fc1c9855b17.jpg,,,,,
m4-070-final-v1,A,1194,b53c0ff2369c894f3e1e,FAIR1M-v1.0,crops/b53c0ff2369c894f3e1e.jpg,,,,,
m4-070-final-v1,A,1195,81e6e666bfda4324c1ff,SODA-A,crops/81e6e666bfda4324c1ff.jpg,,,,,
m4-070-final-v1,A,1196,eaadade5cc7db42da1e9,SODA-A,crops/eaadade5cc7db42da1e9.jpg,,,,,
m4-070-final-v1,A,1197,39fd7a2e2d7971b3dad4,FAIR1M-v1.0,crops/39fd7a2e2d7971b3dad4.jpg,,,,,
m4-070-final-v1,A,1198,5b3c5aad8bbf9d1f21f7,FAIR1M-v1.0,crops/5b3c5aad8bbf9d1f21f7.jpg,,,,,
m4-070-final-v1,A,1199,69ff5bac9d12d1041ddc,FAIR1M-v1.0,crops/69ff5bac9d12d1041ddc.jpg,,,,,
m4-070-final-v1,A,1200,7efa4a656b3d24e39b9d,FAIR1M-v1.0,crops/7efa4a656b3d24e39b9d.jpg,,,,,
m4-070-final-v1,A,1201,891d1441cd1055db23d6,FAIR1M-v1.0,crops/891d1441cd1055db23d6.jpg,,,,,
m4-070-final-v1,A,1202,aaff7b3bfd19696a94a6,DIOR-R,crops/aaff7b3bfd19696a94a6.jpg,,,,,
m4-070-final-v1,A,1203,81e436ccbb700ca358bf,SODA-A,crops/81e436ccbb700ca358bf.jpg,,,,,
m4-070-final-v1,A,1204,cef82fab8bab28100805,SODA-A,crops/cef82fab8bab28100805.jpg,,,,,
m4-070-final-v1,A,1205,c6d8e100556e41e1b46d,DIOR-R,crops/c6d8e100556e41e1b46d.jpg,,,,,
m4-070-final-v1,A,1206,59cd7c586e522fb84d4d,FAIR1M-v1.0,crops/59cd7c586e522fb84d4d.jpg,,,,,
m4-070-final-v1,A,1207,adc2aa44c96fa808aeb6,DIOR-R,crops/adc2aa44c96fa808aeb6.jpg,,,,,
m4-070-final-v1,A,1208,9a7a23f03323b9ea3fea,DIOR-R,crops/9a7a23f03323b9ea3fea.jpg,,,,,
m4-070-final-v1,A,1209,afd65135366c752c3cc9,FAIR1M-v1.0,crops/afd65135366c752c3cc9.jpg,,,,,
m4-070-final-v1,A,1210,5a1befcfeb3ea4e3530e,FAIR1M-v1.0,crops/5a1befcfeb3ea4e3530e.jpg,,,,,
m4-070-final-v1,A,1211,a8b096b1801d54d9886f,DIOR-R,crops/a8b096b1801d54d9886f.jpg,,,,,
m4-070-final-v1,A,1212,3ecd4579141f475003f3,DIOR-R,crops/3ecd4579141f475003f3.jpg,,,,,
m4-070-final-v1,A,1213,f29311188a2d5cb8e99f,SODA-A,crops/f29311188a2d5cb8e99f.jpg,,,,,
m4-070-final-v1,A,1214,099309cadcf19c3e70eb,SODA-A,crops/099309cadcf19c3e70eb.jpg,,,,,
m4-070-final-v1,A,1215,c3dc33065f8f7271ab10,SODA-A,crops/c3dc33065f8f7271ab10.jpg,,,,,
m4-070-final-v1,A,1216,2b97fe3c623b1fa2a2ae,FAIR1M-v1.0,crops/2b97fe3c623b1fa2a2ae.jpg,,,,,
m4-070-final-v1,A,1217,f9e8fa03c66c565e47e9,FAIR1M-v1.0,crops/f9e8fa03c66c565e47e9.jpg,,,,,
m4-070-final-v1,A,1218,9bc349daab579ec9286f,DIOR-R,crops/9bc349daab579ec9286f.jpg,,,,,
m4-070-final-v1,A,1219,4d7ff58ed778695754d5,DIOR-R,crops/4d7ff58ed778695754d5.jpg,,,,,
m4-070-final-v1,A,1220,07597e56538ddb7a5bfa,DIOR-R,crops/07597e56538ddb7a5bfa.jpg,,,,,
m4-070-final-v1,A,1221,7888bf4b0fd999193736,FAIR1M-v1.0,crops/7888bf4b0fd999193736.jpg,,,,,
m4-070-final-v1,A,1222,f5a1b49cbe25c23434e9,SODA-A,crops/f5a1b49cbe25c23434e9.jpg,,,,,
m4-070-final-v1,A,1223,98dd5d8f403264a45314,SODA-A,crops/98dd5d8f403264a45314.jpg,,,,,
m4-070-final-v1,A,1224,db526f32f8e23a9e0371,FAIR1M-v1.0,crops/db526f32f8e23a9e0371.jpg,,,,,
m4-070-final-v1,A,1225,ac135b37d5960458e041,SODA-A,crops/ac135b37d5960458e041.jpg,,,,,
m4-070-final-v1,A,1226,db2f0ad95f0db6a897c3,DIOR-R,crops/db2f0ad95f0db6a897c3.jpg,,,,,
m4-070-final-v1,A,1227,a24d9e34a149bd08476f,DIOR-R,crops/a24d9e34a149bd08476f.jpg,,,,,
m4-070-final-v1,A,1228,250b8d21953e1ad14ba8,DIOR-R,crops/250b8d21953e1ad14ba8.jpg,,,,,
m4-070-final-v1,A,1229,69c76ac30763571a110b,SODA-A,crops/69c76ac30763571a110b.jpg,,,,,
m4-070-final-v1,A,1230,e81cfc85d72f2cb56b80,SODA-A,crops/e81cfc85d72f2cb56b80.jpg,,,,,
m4-070-final-v1,A,1231,527558e30294c282801c,DIOR-R,crops/527558e30294c282801c.jpg,,,,,
m4-070-final-v1,A,1232,4cd21a79e43e4a89d036,SODA-A,crops/4cd21a79e43e4a89d036.jpg,,,,,
m4-070-final-v1,A,1233,7de6fedbea25e0e95cdf,FAIR1M-v1.0,crops/7de6fedbea25e0e95cdf.jpg,,,,,
m4-070-final-v1,A,1234,4ffc66ecf1e9601ae60f,FAIR1M-v1.0,crops/4ffc66ecf1e9601ae60f.jpg,,,,,
m4-070-final-v1,A,1235,4546256b47a49bc32b10,SODA-A,crops/4546256b47a49bc32b10.jpg,,,,,
m4-070-final-v1,A,1236,44bf54499c9c8b414360,SODA-A,crops/44bf54499c9c8b414360.jpg,,,,,
m4-070-final-v1,A,1237,baf31562c47e1414985c,FAIR1M-v1.0,crops/baf31562c47e1414985c.jpg,,,,,
m4-070-final-v1,A,1238,a97179713f761d8d2315,FAIR1M-v1.0,crops/a97179713f761d8d2315.jpg,,,,,
m4-070-final-v1,A,1239,10989a8ddbace7383263,FAIR1M-v1.0,crops/10989a8ddbace7383263.jpg,,,,,
m4-070-final-v1,A,1240,93392a1850a4a5616329,SODA-A,crops/93392a1850a4a5616329.jpg,,,,,
m4-070-final-v1,A,1241,04b2f728227f1171bda5,FAIR1M-v1.0,crops/04b2f728227f1171bda5.jpg,,,,,
m4-070-final-v1,A,1242,4afe60af0775d6673133,DIOR-R,crops/4afe60af0775d6673133.jpg,,,,,
m4-070-final-v1,A,1243,8e71a77995b255f85d22,SODA-A,crops/8e71a77995b255f85d22.jpg,,,,,
m4-070-final-v1,A,1244,dcd7d9df6a4e19788585,SODA-A,crops/dcd7d9df6a4e19788585.jpg,,,,,
m4-070-final-v1,A,1245,903344875b5fc6c9b33a,FAIR1M-v1.0,crops/903344875b5fc6c9b33a.jpg,,,,,
m4-070-final-v1,A,1246,d53b18e191867f16c992,SODA-A,crops/d53b18e191867f16c992.jpg,,,,,
m4-070-final-v1,A,1247,2772aa140c915bb1f914,FAIR1M-v1.0,crops/2772aa140c915bb1f914.jpg,,,,,
m4-070-final-v1,A,1248,8a4b284ddc8646b10868,FAIR1M-v1.0,crops/8a4b284ddc8646b10868.jpg,,,,,
m4-070-final-v1,A,1249,5e0f2e4ca2493dff5a48,SODA-A,crops/5e0f2e4ca2493dff5a48.jpg,,,,,
m4-070-final-v1,A,1250,2470c1fef6a2bb2f214a,FAIR1M-v1.0,crops/2470c1fef6a2bb2f214a.jpg,,,,,
m4-070-final-v1,A,1251,5917385bd8002ebca663,SODA-A,crops/5917385bd8002ebca663.jpg,,,,,
m4-070-final-v1,A,1252,29af2cd8b6c68ac5d23f,SODA-A,crops/29af2cd8b6c68ac5d23f.jpg,,,,,
m4-070-final-v1,A,1253,24c3766ee1138cf4bc2d,DIOR-R,crops/24c3766ee1138cf4bc2d.jpg,,,,,
m4-070-final-v1,A,1254,65239fe798a838d6cecb,DIOR-R,crops/65239fe798a838d6cecb.jpg,,,,,
m4-070-final-v1,A,1255,82b9b819e413ebcd4d06,FAIR1M-v1.0,crops/82b9b819e413ebcd4d06.jpg,,,,,
m4-070-final-v1,A,1256,9006896544a795f8a1b5,SODA-A,crops/9006896544a795f8a1b5.jpg,,,,,
m4-070-final-v1,A,1257,c76249ea64d92f3ccb7e,FAIR1M-v1.0,crops/c76249ea64d92f3ccb7e.jpg,,,,,
m4-070-final-v1,A,1258,4c74e40edc305102f235,DIOR-R,crops/4c74e40edc305102f235.jpg,,,,,
m4-070-final-v1,A,1259,0950d023522ef65f1999,DIOR-R,crops/0950d023522ef65f1999.jpg,,,,,
m4-070-final-v1,A,1260,8b9cb145ca6bb2bb4449,SODA-A,crops/8b9cb145ca6bb2bb4449.jpg,,,,,
m4-070-final-v1,A,1261,cd02af7fe37e6553f4b1,FAIR1M-v1.0,crops/cd02af7fe37e6553f4b1.jpg,,,,,
m4-070-final-v1,A,1262,41209ba20d3c8ca590a0,SODA-A,crops/41209ba20d3c8ca590a0.jpg,,,,,
m4-070-final-v1,A,1263,24ff60605b9c57fe4494,SODA-A,crops/24ff60605b9c57fe4494.jpg,,,,,
m4-070-final-v1,A,1264,b44bd46427d5b3dc5354,DIOR-R,crops/b44bd46427d5b3dc5354.jpg,,,,,
m4-070-final-v1,A,1265,cd39c409f98fc7905b4d,FAIR1M-v1.0,crops/cd39c409f98fc7905b4d.jpg,,,,,
m4-070-final-v1,A,1266,2e31f7af90261fdf5308,SODA-A,crops/2e31f7af90261fdf5308.jpg,,,,,
m4-070-final-v1,A,1267,29f600e9e891c6a7ada9,DIOR-R,crops/29f600e9e891c6a7ada9.jpg,,,,,
m4-070-final-v1,A,1268,420865fcbd5ce20b658c,SODA-A,crops/420865fcbd5ce20b658c.jpg,,,,,
m4-070-final-v1,A,1269,8081a7df318fba1d67e5,FAIR1M-v1.0,crops/8081a7df318fba1d67e5.jpg,,,,,
m4-070-final-v1,A,1270,126242e05f671cd61cdb,SODA-A,crops/126242e05f671cd61cdb.jpg,,,,,
m4-070-final-v1,A,1271,3811081ff14dafdb2a9c,FAIR1M-v1.0,crops/3811081ff14dafdb2a9c.jpg,,,,,
m4-070-final-v1,A,1272,7bc3347f727577cf969e,SODA-A,crops/7bc3347f727577cf969e.jpg,,,,,
m4-070-final-v1,A,1273,53afa34dc30fb88af773,DIOR-R,crops/53afa34dc30fb88af773.jpg,,,,,
m4-070-final-v1,A,1274,76b847f36a0767afb1fd,FAIR1M-v1.0,crops/76b847f36a0767afb1fd.jpg,,,,,
m4-070-final-v1,A,1275,02fd6c55d3f1f532b668,DIOR-R,crops/02fd6c55d3f1f532b668.jpg,,,,,
m4-070-final-v1,A,1276,14395d0c213e7b651547,DIOR-R,crops/14395d0c213e7b651547.jpg,,,,,
m4-070-final-v1,A,1277,5edd40dfeb7d7c9ce91e,SODA-A,crops/5edd40dfeb7d7c9ce91e.jpg,,,,,
m4-070-final-v1,A,1278,e97cefaa6e9908aeee45,DIOR-R,crops/e97cefaa6e9908aeee45.jpg,,,,,
m4-070-final-v1,A,1279,0693bb512cf6b00d25ca,FAIR1M-v1.0,crops/0693bb512cf6b00d25ca.jpg,,,,,
m4-070-final-v1,A,1280,e576adf0cccead3b1c44,DIOR-R,crops/e576adf0cccead3b1c44.jpg,,,,,
m4-070-final-v1,A,1281,35ccc02e510b6a8fb704,FAIR1M-v1.0,crops/35ccc02e510b6a8fb704.jpg,,,,,
m4-070-final-v1,A,1282,07d9a329880668367d9c,SODA-A,crops/07d9a329880668367d9c.jpg,,,,,
m4-070-final-v1,A,1283,6ecc49197803aa3f2f1b,SODA-A,crops/6ecc49197803aa3f2f1b.jpg,,,,,
m4-070-final-v1,A,1284,f9db0326b64be0760266,FAIR1M-v1.0,crops/f9db0326b64be0760266.jpg,,,,,
m4-070-final-v1,A,1285,b97e82f2e24fd49e3894,SODA-A,crops/b97e82f2e24fd49e3894.jpg,,,,,
m4-070-final-v1,A,1286,b2f256643c99fe2aa27d,DIOR-R,crops/b2f256643c99fe2aa27d.jpg,,,,,
m4-070-final-v1,A,1287,f782e1c14d7428567629,FAIR1M-v1.0,crops/f782e1c14d7428567629.jpg,,,,,
m4-070-final-v1,A,1288,004a92a747b7bcff76b1,SODA-A,crops/004a92a747b7bcff76b1.jpg,,,,,
m4-070-final-v1,A,1289,f156c2fd79b6e19312ea,FAIR1M-v1.0,crops/f156c2fd79b6e19312ea.jpg,,,,,
m4-070-final-v1,A,1290,a5e426802cd841d69d56,DIOR-R,crops/a5e426802cd841d69d56.jpg,,,,,
m4-070-final-v1,A,1291,1c149dea2ecc76baf6af,DIOR-R,crops/1c149dea2ecc76baf6af.jpg,,,,,
m4-070-final-v1,A,1292,248ee9c8fa51b8455a0f,FAIR1M-v1.0,crops/248ee9c8fa51b8455a0f.jpg,,,,,
m4-070-final-v1,A,1293,0a7be659b9c0d28918ab,FAIR1M-v1.0,crops/0a7be659b9c0d28918ab.jpg,,,,,
m4-070-final-v1,A,1294,173f88dabd13f908f9b2,FAIR1M-v1.0,crops/173f88dabd13f908f9b2.jpg,,,,,
m4-070-final-v1,A,1295,cbfddbbe28cfef50aad0,SODA-A,crops/cbfddbbe28cfef50aad0.jpg,,,,,
m4-070-final-v1,A,1296,281de849c58668a628b8,FAIR1M-v1.0,crops/281de849c58668a628b8.jpg,,,,,
m4-070-final-v1,A,1297,ab2b8960ed90a42b5db7,FAIR1M-v1.0,crops/ab2b8960ed90a42b5db7.jpg,,,,,
m4-070-final-v1,A,1298,c0973d11aeab8923ca54,DIOR-R,crops/c0973d11aeab8923ca54.jpg,,,,,
m4-070-final-v1,A,1299,815f44ab914fd3c6f1c6,FAIR1M-v1.0,crops/815f44ab914fd3c6f1c6.jpg,,,,,
m4-070-final-v1,A,1300,8489585ec75dc1517eeb,SODA-A,crops/8489585ec75dc1517eeb.jpg,,,,,
m4-070-final-v1,A,1301,2f5aa1bb4d98abd88956,FAIR1M-v1.0,crops/2f5aa1bb4d98abd88956.jpg,,,,,
m4-070-final-v1,A,1302,6aada59ed6d7fe288d04,SODA-A,crops/6aada59ed6d7fe288d04.jpg,,,,,
m4-070-final-v1,A,1303,cfb37efe56492da4afb0,DIOR-R,crops/cfb37efe56492da4afb0.jpg,,,,,
m4-070-final-v1,A,1304,808280ff66c1ed0ba317,FAIR1M-v1.0,crops/808280ff66c1ed0ba317.jpg,,,,,
m4-070-final-v1,A,1305,67feed6851aade3330d3,DIOR-R,crops/67feed6851aade3330d3.jpg,,,,,
m4-070-final-v1,A,1306,eefe70c61204c3517066,DIOR-R,crops/eefe70c61204c3517066.jpg,,,,,
m4-070-final-v1,A,1307,a8e1344fb3ec27bc82d2,SODA-A,crops/a8e1344fb3ec27bc82d2.jpg,,,,,
m4-070-final-v1,A,1308,682c137a3145d83bafd7,DIOR-R,crops/682c137a3145d83bafd7.jpg,,,,,
m4-070-final-v1,A,1309,a5e76604a6e147941bdc,FAIR1M-v1.0,crops/a5e76604a6e147941bdc.jpg,,,,,
m4-070-final-v1,A,1310,576734ebabe2cb57b10e,DIOR-R,crops/576734ebabe2cb57b10e.jpg,,,,,
m4-070-final-v1,A,1311,9e5d7bd48f2115b93096,SODA-A,crops/9e5d7bd48f2115b93096.jpg,,,,,
m4-070-final-v1,A,1312,7796a34cad1de43812da,DIOR-R,crops/7796a34cad1de43812da.jpg,,,,,
m4-070-final-v1,A,1313,38d9c3a2827cb266ac7c,SODA-A,crops/38d9c3a2827cb266ac7c.jpg,,,,,
m4-070-final-v1,A,1314,3e218a217f1e33faca1f,FAIR1M-v1.0,crops/3e218a217f1e33faca1f.jpg,,,,,
m4-070-final-v1,A,1315,9fcb64eb18ac03f5be63,SODA-A,crops/9fcb64eb18ac03f5be63.jpg,,,,,
m4-070-final-v1,A,1316,053513d25617a20d2d56,DIOR-R,crops/053513d25617a20d2d56.jpg,,,,,
m4-070-final-v1,A,1317,91e52546938ee7ecd290,FAIR1M-v1.0,crops/91e52546938ee7ecd290.jpg,,,,,
m4-070-final-v1,A,1318,cac5d07c12b000ef2aa1,FAIR1M-v1.0,crops/cac5d07c12b000ef2aa1.jpg,,,,,
m4-070-final-v1,A,1319,9fcfc1c7804aeaf8982f,FAIR1M-v1.0,crops/9fcfc1c7804aeaf8982f.jpg,,,,,
m4-070-final-v1,A,1320,e91363aaf8708101b91a,SODA-A,crops/e91363aaf8708101b91a.jpg,,,,,
m4-070-final-v1,A,1321,6f7a44195fdcd28c2368,FAIR1M-v1.0,crops/6f7a44195fdcd28c2368.jpg,,,,,
m4-070-final-v1,A,1322,47ae7c84f72434638e84,DIOR-R,crops/47ae7c84f72434638e84.jpg,,,,,
m4-070-final-v1,A,1323,f60c97aa6ce0fe187b1e,SODA-A,crops/f60c97aa6ce0fe187b1e.jpg,,,,,
m4-070-final-v1,A,1324,154d96dcd69b7481e826,SODA-A,crops/154d96dcd69b7481e826.jpg,,,,,
m4-070-final-v1,A,1325,2f4ebfccb733f5ca91ea,FAIR1M-v1.0,crops/2f4ebfccb733f5ca91ea.jpg,,,,,
m4-070-final-v1,A,1326,e7a5f7b5b7c5ce4d2a9b,DIOR-R,crops/e7a5f7b5b7c5ce4d2a9b.jpg,,,,,
m4-070-final-v1,A,1327,e01ec2ca8abf80f7f6c3,SODA-A,crops/e01ec2ca8abf80f7f6c3.jpg,,,,,
m4-070-final-v1,A,1328,05db8a307619d0bfb7a3,SODA-A,crops/05db8a307619d0bfb7a3.jpg,,,,,
m4-070-final-v1,A,1329,ef6827068796d06162a7,DIOR-R,crops/ef6827068796d06162a7.jpg,,,,,
m4-070-final-v1,A,1330,2f7d5b505c0681808d89,DIOR-R,crops/2f7d5b505c0681808d89.jpg,,,,,
m4-070-final-v1,A,1331,9ba4d94f1f2e297559cc,SODA-A,crops/9ba4d94f1f2e297559cc.jpg,,,,,
m4-070-final-v1,A,1332,dc4ed857bac03ceaa889,DIOR-R,crops/dc4ed857bac03ceaa889.jpg,,,,,
m4-070-final-v1,A,1333,45f0af03a029f8f65bfb,DIOR-R,crops/45f0af03a029f8f65bfb.jpg,,,,,
m4-070-final-v1,A,1334,5960cd6e1332c9ab1404,SODA-A,crops/5960cd6e1332c9ab1404.jpg,,,,,
m4-070-final-v1,A,1335,82ec3d23702ecfd630c6,SODA-A,crops/82ec3d23702ecfd630c6.jpg,,,,,
m4-070-final-v1,A,1336,655604bf1d045c247527,DIOR-R,crops/655604bf1d045c247527.jpg,,,,,
m4-070-final-v1,A,1337,e7e1b591b2cdb1daeba4,DIOR-R,crops/e7e1b591b2cdb1daeba4.jpg,,,,,
m4-070-final-v1,A,1338,9885de99418abf154895,FAIR1M-v1.0,crops/9885de99418abf154895.jpg,,,,,
m4-070-final-v1,A,1339,5bd58437e3434999464b,DIOR-R,crops/5bd58437e3434999464b.jpg,,,,,
m4-070-final-v1,A,1340,e156f5dc22a6cdb90fbc,FAIR1M-v1.0,crops/e156f5dc22a6cdb90fbc.jpg,,,,,
m4-070-final-v1,A,1341,5bb77fe8d1f3636dc3f2,SODA-A,crops/5bb77fe8d1f3636dc3f2.jpg,,,,,
m4-070-final-v1,A,1342,d6c923f1a6de20203bce,FAIR1M-v1.0,crops/d6c923f1a6de20203bce.jpg,,,,,
m4-070-final-v1,A,1343,5611f93670d825b3e509,SODA-A,crops/5611f93670d825b3e509.jpg,,,,,
m4-070-final-v1,A,1344,6c35190d802bf450bfb9,DIOR-R,crops/6c35190d802bf450bfb9.jpg,,,,,
m4-070-final-v1,A,1345,5a23fbda91525995dd81,DIOR-R,crops/5a23fbda91525995dd81.jpg,,,,,
m4-070-final-v1,A,1346,b8b49ef8c550b6bb25e9,FAIR1M-v1.0,crops/b8b49ef8c550b6bb25e9.jpg,,,,,
m4-070-final-v1,A,1347,143755c316664abb145c,FAIR1M-v1.0,crops/143755c316664abb145c.jpg,,,,,
m4-070-final-v1,A,1348,003295214cfee459c20e,SODA-A,crops/003295214cfee459c20e.jpg,,,,,
m4-070-final-v1,A,1349,80633d864aa88fee755a,SODA-A,crops/80633d864aa88fee755a.jpg,,,,,
m4-070-final-v1,A,1350,a56445463fedd222aeba,DIOR-R,crops/a56445463fedd222aeba.jpg,,,,,
m4-070-final-v1,A,1351,b55691a14adb9bd00c24,SODA-A,crops/b55691a14adb9bd00c24.jpg,,,,,
m4-070-final-v1,A,1352,329643714b6b7fbd5586,FAIR1M-v1.0,crops/329643714b6b7fbd5586.jpg,,,,,
m4-070-final-v1,A,1353,1b6590ca89e3b145b340,DIOR-R,crops/1b6590ca89e3b145b340.jpg,,,,,
m4-070-final-v1,A,1354,c9659f4e18d77713e912,SODA-A,crops/c9659f4e18d77713e912.jpg,,,,,
m4-070-final-v1,A,1355,4f05901f36d0e62a0c7c,SODA-A,crops/4f05901f36d0e62a0c7c.jpg,,,,,
m4-070-final-v1,A,1356,089215e434f35ac5637b,FAIR1M-v1.0,crops/089215e434f35ac5637b.jpg,,,,,
m4-070-final-v1,A,1357,04453301385553b4f286,FAIR1M-v1.0,crops/04453301385553b4f286.jpg,,,,,
m4-070-final-v1,A,1358,a949f5cb7c7a742ec3cf,DIOR-R,crops/a949f5cb7c7a742ec3cf.jpg,,,,,
m4-070-final-v1,A,1359,1881450be72531127434,FAIR1M-v1.0,crops/1881450be72531127434.jpg,,,,,
m4-070-final-v1,A,1360,594193f550430a9a7c6c,SODA-A,crops/594193f550430a9a7c6c.jpg,,,,,
m4-070-final-v1,A,1361,68968d58c6c4dab971bd,FAIR1M-v1.0,crops/68968d58c6c4dab971bd.jpg,,,,,
m4-070-final-v1,A,1362,4978a808758548ff08c4,SODA-A,crops/4978a808758548ff08c4.jpg,,,,,
m4-070-final-v1,A,1363,1ee4f5bcb604e3179bd7,FAIR1M-v1.0,crops/1ee4f5bcb604e3179bd7.jpg,,,,,
m4-070-final-v1,A,1364,61cb187523fed7b76cc1,FAIR1M-v1.0,crops/61cb187523fed7b76cc1.jpg,,,,,
m4-070-final-v1,A,1365,13e0621423631e3d8dd6,SODA-A,crops/13e0621423631e3d8dd6.jpg,,,,,
m4-070-final-v1,A,1366,4ea6eee175607cf08540,DIOR-R,crops/4ea6eee175607cf08540.jpg,,,,,
m4-070-final-v1,A,1367,87ed4a8adebbb3fe9c5c,FAIR1M-v1.0,crops/87ed4a8adebbb3fe9c5c.jpg,,,,,
m4-070-final-v1,A,1368,7dc750af0df45a8bb61e,FAIR1M-v1.0,crops/7dc750af0df45a8bb61e.jpg,,,,,
m4-070-final-v1,A,1369,dd427d1e9c13bda0356e,SODA-A,crops/dd427d1e9c13bda0356e.jpg,,,,,
m4-070-final-v1,A,1370,2e24d60b50290d3e49e3,DIOR-R,crops/2e24d60b50290d3e49e3.jpg,,,,,
m4-070-final-v1,A,1371,061e16f69dac5db50cba,DIOR-R,crops/061e16f69dac5db50cba.jpg,,,,,
m4-070-final-v1,A,1372,4613a4dbde281e8a3945,FAIR1M-v1.0,crops/4613a4dbde281e8a3945.jpg,,,,,
m4-070-final-v1,A,1373,7ef62e7be66ab56f8d20,DIOR-R,crops/7ef62e7be66ab56f8d20.jpg,,,,,
m4-070-final-v1,A,1374,de5dc50bda94db686273,FAIR1M-v1.0,crops/de5dc50bda94db686273.jpg,,,,,
m4-070-final-v1,A,1375,08c525d13860800dafab,SODA-A,crops/08c525d13860800dafab.jpg,,,,,
m4-070-final-v1,A,1376,e3018ddce8ed299aee56,FAIR1M-v1.0,crops/e3018ddce8ed299aee56.jpg,,,,,
m4-070-final-v1,A,1377,1039e3a22bc7e8b968c4,FAIR1M-v1.0,crops/1039e3a22bc7e8b968c4.jpg,,,,,
m4-070-final-v1,A,1378,3b38181d3d7f3642e67d,SODA-A,crops/3b38181d3d7f3642e67d.jpg,,,,,
m4-070-final-v1,A,1379,a8fc6daf82aaaabd2098,SODA-A,crops/a8fc6daf82aaaabd2098.jpg,,,,,
m4-070-final-v1,A,1380,976e29326842101a70a4,SODA-A,crops/976e29326842101a70a4.jpg,,,,,
m4-070-final-v1,A,1381,210337cee0e589cda642,DIOR-R,crops/210337cee0e589cda642.jpg,,,,,
m4-070-final-v1,A,1382,0969e249d39cbd7a2049,SODA-A,crops/0969e249d39cbd7a2049.jpg,,,,,
m4-070-final-v1,A,1383,50346ed50dd89ef99f35,DIOR-R,crops/50346ed50dd89ef99f35.jpg,,,,,
m4-070-final-v1,A,1384,7f83ce55398788f8def5,DIOR-R,crops/7f83ce55398788f8def5.jpg,,,,,
m4-070-final-v1,A,1385,d94436a10443ed32f007,DIOR-R,crops/d94436a10443ed32f007.jpg,,,,,
m4-070-final-v1,A,1386,3b48b1841ed68d75413c,SODA-A,crops/3b48b1841ed68d75413c.jpg,,,,,
m4-070-final-v1,A,1387,f9380b87a63030ca7c89,SODA-A,crops/f9380b87a63030ca7c89.jpg,,,,,
m4-070-final-v1,A,1388,5762882cba37d1fd17a5,DIOR-R,crops/5762882cba37d1fd17a5.jpg,,,,,
m4-070-final-v1,A,1389,1a72c3ed4cbf083a39a2,SODA-A,crops/1a72c3ed4cbf083a39a2.jpg,,,,,
m4-070-final-v1,A,1390,84d79c130884b494f5c8,SODA-A,crops/84d79c130884b494f5c8.jpg,,,,,
m4-070-final-v1,A,1391,513fecf69eeef1b1b12c,SODA-A,crops/513fecf69eeef1b1b12c.jpg,,,,,
m4-070-final-v1,A,1392,e240d032b375ff2507bc,DIOR-R,crops/e240d032b375ff2507bc.jpg,,,,,
m4-070-final-v1,A,1393,a5ef59fda3b52b3e2eea,FAIR1M-v1.0,crops/a5ef59fda3b52b3e2eea.jpg,,,,,
m4-070-final-v1,A,1394,52bf1f5d3be3ff2ada51,FAIR1M-v1.0,crops/52bf1f5d3be3ff2ada51.jpg,,,,,
m4-070-final-v1,A,1395,aadf704ab7f848f2aac1,FAIR1M-v1.0,crops/aadf704ab7f848f2aac1.jpg,,,,,
m4-070-final-v1,A,1396,6d96bf8cf55704771d8c,FAIR1M-v1.0,crops/6d96bf8cf55704771d8c.jpg,,,,,
m4-070-final-v1,A,1397,ddf76c8acfcbfa75dde4,SODA-A,crops/ddf76c8acfcbfa75dde4.jpg,,,,,
m4-070-final-v1,A,1398,e61a9b5fc9d1aac6e099,FAIR1M-v1.0,crops/e61a9b5fc9d1aac6e099.jpg,,,,,
m4-070-final-v1,A,1399,db312c79df395a4a3837,DIOR-R,crops/db312c79df395a4a3837.jpg,,,,,
m4-070-final-v1,A,1400,82b8a5fad839f036ed69,FAIR1M-v1.0,crops/82b8a5fad839f036ed69.jpg,,,,,
m4-070-final-v1,A,1401,995fa5a98cf3383066f6,SODA-A,crops/995fa5a98cf3383066f6.jpg,,,,,
m4-070-final-v1,A,1402,c16f807a3f963f29d662,DIOR-R,crops/c16f807a3f963f29d662.jpg,,,,,
m4-070-final-v1,A,1403,3d4cb5028cfca265f92f,DIOR-R,crops/3d4cb5028cfca265f92f.jpg,,,,,
m4-070-final-v1,A,1404,5be15d53d01e6d4fdad5,FAIR1M-v1.0,crops/5be15d53d01e6d4fdad5.jpg,,,,,
m4-070-final-v1,A,1405,d3f783a8c2aa4b11193f,SODA-A,crops/d3f783a8c2aa4b11193f.jpg,,,,,
m4-070-final-v1,A,1406,128d68e8631aae0fc6d2,SODA-A,crops/128d68e8631aae0fc6d2.jpg,,,,,
m4-070-final-v1,A,1407,ad0dc91db9273a0a6c4d,DIOR-R,crops/ad0dc91db9273a0a6c4d.jpg,,,,,
m4-070-final-v1,A,1408,56f9bf75bf7ee3550b08,DIOR-R,crops/56f9bf75bf7ee3550b08.jpg,,,,,
m4-070-final-v1,A,1409,9360840e6f1d6aa577b3,SODA-A,crops/9360840e6f1d6aa577b3.jpg,,,,,
m4-070-final-v1,A,1410,9f5514d1841918387e37,SODA-A,crops/9f5514d1841918387e37.jpg,,,,,
m4-070-final-v1,A,1411,faec4eedb0ab9fc2af90,SODA-A,crops/faec4eedb0ab9fc2af90.jpg,,,,,
m4-070-final-v1,A,1412,dad64c8e32572b579809,SODA-A,crops/dad64c8e32572b579809.jpg,,,,,
m4-070-final-v1,A,1413,7e6498eaad141a56fa10,FAIR1M-v1.0,crops/7e6498eaad141a56fa10.jpg,,,,,
m4-070-final-v1,A,1414,e44c822424a25468d81c,FAIR1M-v1.0,crops/e44c822424a25468d81c.jpg,,,,,
m4-070-final-v1,A,1415,f5070dcd3648f8c5f45a,FAIR1M-v1.0,crops/f5070dcd3648f8c5f45a.jpg,,,,,
m4-070-final-v1,A,1416,f710464d3cce8a5bc706,FAIR1M-v1.0,crops/f710464d3cce8a5bc706.jpg,,,,,
m4-070-final-v1,A,1417,71dcd8a1a3b440ea79cd,DIOR-R,crops/71dcd8a1a3b440ea79cd.jpg,,,,,
m4-070-final-v1,A,1418,b68344de8254dac11b50,FAIR1M-v1.0,crops/b68344de8254dac11b50.jpg,,,,,
m4-070-final-v1,A,1419,21c853c8f4be7a146b24,DIOR-R,crops/21c853c8f4be7a146b24.jpg,,,,,
m4-070-final-v1,A,1420,fc0907d1a943582a45a9,DIOR-R,crops/fc0907d1a943582a45a9.jpg,,,,,
m4-070-final-v1,A,1421,c7655b995318474cbe25,SODA-A,crops/c7655b995318474cbe25.jpg,,,,,
m4-070-final-v1,A,1422,c816fe911af2e44cfdf6,DIOR-R,crops/c816fe911af2e44cfdf6.jpg,,,,,
m4-070-final-v1,A,1423,703651b307b50ea70042,SODA-A,crops/703651b307b50ea70042.jpg,,,,,
m4-070-final-v1,A,1424,1fc88a79fbb27a8ba950,DIOR-R,crops/1fc88a79fbb27a8ba950.jpg,,,,,
m4-070-final-v1,A,1425,06437bbca03bb1886ba2,SODA-A,crops/06437bbca03bb1886ba2.jpg,,,,,
m4-070-final-v1,A,1426,663f7c3ccd8b0d55d38c,FAIR1M-v1.0,crops/663f7c3ccd8b0d55d38c.jpg,,,,,
m4-070-final-v1,A,1427,5de21c6e75748699f69e,SODA-A,crops/5de21c6e75748699f69e.jpg,,,,,
m4-070-final-v1,A,1428,911d4fc6f0a3fc5eb46f,FAIR1M-v1.0,crops/911d4fc6f0a3fc5eb46f.jpg,,,,,
m4-070-final-v1,A,1429,722a4a4c4d1df372c711,DIOR-R,crops/722a4a4c4d1df372c711.jpg,,,,,
m4-070-final-v1,A,1430,8c2acc692683e5f232e8,FAIR1M-v1.0,crops/8c2acc692683e5f232e8.jpg,,,,,
m4-070-final-v1,A,1431,d289a71ba2bcd7562bec,SODA-A,crops/d289a71ba2bcd7562bec.jpg,,,,,
m4-070-final-v1,A,1432,2ad39db9923762cc99ba,DIOR-R,crops/2ad39db9923762cc99ba.jpg,,,,,
m4-070-final-v1,A,1433,abdae004295833afbeef,DIOR-R,crops/abdae004295833afbeef.jpg,,,,,
m4-070-final-v1,A,1434,a51471195eb094977b58,FAIR1M-v1.0,crops/a51471195eb094977b58.jpg,,,,,
m4-070-final-v1,A,1435,308491f677d036f7f402,FAIR1M-v1.0,crops/308491f677d036f7f402.jpg,,,,,
m4-070-final-v1,A,1436,644ee3373155ef41e423,FAIR1M-v1.0,crops/644ee3373155ef41e423.jpg,,,,,
m4-070-final-v1,A,1437,f80fc7c8f0cc93da3507,DIOR-R,crops/f80fc7c8f0cc93da3507.jpg,,,,,
m4-070-final-v1,A,1438,3e05814c9e87c15ad19f,SODA-A,crops/3e05814c9e87c15ad19f.jpg,,,,,
m4-070-final-v1,A,1439,b4b5fa4a142ec51d7935,DIOR-R,crops/b4b5fa4a142ec51d7935.jpg,,,,,
m4-070-final-v1,A,1440,11099289eaf2f9a7f6e4,SODA-A,crops/11099289eaf2f9a7f6e4.jpg,,,,,
m4-070-final-v1,A,1441,3554c5a09889edaf82ad,SODA-A,crops/3554c5a09889edaf82ad.jpg,,,,,
m4-070-final-v1,A,1442,b95d1b88996936be6851,DIOR-R,crops/b95d1b88996936be6851.jpg,,,,,
m4-070-final-v1,A,1443,5ca5b1bb043c3c7f5aab,FAIR1M-v1.0,crops/5ca5b1bb043c3c7f5aab.jpg,,,,,
m4-070-final-v1,A,1444,71a51f3f032c83d509ec,FAIR1M-v1.0,crops/71a51f3f032c83d509ec.jpg,,,,,
m4-070-final-v1,A,1445,57f1297a5b3e331e1dbd,DIOR-R,crops/57f1297a5b3e331e1dbd.jpg,,,,,
m4-070-final-v1,A,1446,531a3c9598bf34cd236c,SODA-A,crops/531a3c9598bf34cd236c.jpg,,,,,
m4-070-final-v1,A,1447,0ac563fbf08eb66c300e,DIOR-R,crops/0ac563fbf08eb66c300e.jpg,,,,,
m4-070-final-v1,A,1448,7e235617450b586a6da3,FAIR1M-v1.0,crops/7e235617450b586a6da3.jpg,,,,,
m4-070-final-v1,A,1449,2fab6f44ca45253a5e41,SODA-A,crops/2fab6f44ca45253a5e41.jpg,,,,,
m4-070-final-v1,A,1450,55d50ff6189cccded22b,FAIR1M-v1.0,crops/55d50ff6189cccded22b.jpg,,,,,
m4-070-final-v1,A,1451,f3b80c640b6f5f5aa347,SODA-A,crops/f3b80c640b6f5f5aa347.jpg,,,,,
m4-070-final-v1,A,1452,c453fa492c2a3576ac4d,FAIR1M-v1.0,crops/c453fa492c2a3576ac4d.jpg,,,,,
m4-070-final-v1,A,1453,55db22e795a93a820b58,FAIR1M-v1.0,crops/55db22e795a93a820b58.jpg,,,,,
m4-070-final-v1,A,1454,6bc17f9b59efe7b8fae3,SODA-A,crops/6bc17f9b59efe7b8fae3.jpg,,,,,
m4-070-final-v1,A,1455,e924be7fd1c0b218774c,DIOR-R,crops/e924be7fd1c0b218774c.jpg,,,,,
m4-070-final-v1,A,1456,8c3841fec1e71c0ea1f2,DIOR-R,crops/8c3841fec1e71c0ea1f2.jpg,,,,,
m4-070-final-v1,A,1457,0c2c7afccd8d666b377b,FAIR1M-v1.0,crops/0c2c7afccd8d666b377b.jpg,,,,,
m4-070-final-v1,A,1458,30120fb93bb765c2e7ff,DIOR-R,crops/30120fb93bb765c2e7ff.jpg,,,,,
m4-070-final-v1,A,1459,fc2c949a9f4c051be906,DIOR-R,crops/fc2c949a9f4c051be906.jpg,,,,,
m4-070-final-v1,A,1460,63864dbe4e5c5f506108,SODA-A,crops/63864dbe4e5c5f506108.jpg,,,,,
m4-070-final-v1,A,1461,ba2426ebfd6c5d01501b,FAIR1M-v1.0,crops/ba2426ebfd6c5d01501b.jpg,,,,,
m4-070-final-v1,A,1462,8dc7e9c341d35e030b1d,FAIR1M-v1.0,crops/8dc7e9c341d35e030b1d.jpg,,,,,
m4-070-final-v1,A,1463,ceea7e8a317720b256dc,SODA-A,crops/ceea7e8a317720b256dc.jpg,,,,,
m4-070-final-v1,A,1464,98acb36df3b5242c3981,SODA-A,crops/98acb36df3b5242c3981.jpg,,,,,
m4-070-final-v1,A,1465,7d420c2a04a3339193fb,DIOR-R,crops/7d420c2a04a3339193fb.jpg,,,,,
m4-070-final-v1,A,1466,25231c41c3e7c6cde953,DIOR-R,crops/25231c41c3e7c6cde953.jpg,,,,,
m4-070-final-v1,A,1467,6cb89ff05f5f1bbe8eef,FAIR1M-v1.0,crops/6cb89ff05f5f1bbe8eef.jpg,,,,,
m4-070-final-v1,A,1468,7e2b675a07318b5ed604,SODA-A,crops/7e2b675a07318b5ed604.jpg,,,,,
m4-070-final-v1,A,1469,06364b175e9c805466b6,SODA-A,crops/06364b175e9c805466b6.jpg,,,,,
m4-070-final-v1,A,1470,af41967fc771df18bb96,DIOR-R,crops/af41967fc771df18bb96.jpg,,,,,
m4-070-final-v1,A,1471,eea9148d8e58ab0f154c,DIOR-R,crops/eea9148d8e58ab0f154c.jpg,,,,,
m4-070-final-v1,A,1472,c434f150b651bff1d293,SODA-A,crops/c434f150b651bff1d293.jpg,,,,,
m4-070-final-v1,A,1473,4f056a3915f5d5947e82,DIOR-R,crops/4f056a3915f5d5947e82.jpg,,,,,
m4-070-final-v1,A,1474,897a992989f19f5ff1d6,DIOR-R,crops/897a992989f19f5ff1d6.jpg,,,,,
m4-070-final-v1,A,1475,23498f8c5bfcff79dc31,SODA-A,crops/23498f8c5bfcff79dc31.jpg,,,,,
m4-070-final-v1,A,1476,b567d14a56af4e4616ec,SODA-A,crops/b567d14a56af4e4616ec.jpg,,,,,
m4-070-final-v1,A,1477,759d9882e7c5cb1ef1e7,SODA-A,crops/759d9882e7c5cb1ef1e7.jpg,,,,,
m4-070-final-v1,A,1478,31c4337f5d70992eba7e,FAIR1M-v1.0,crops/31c4337f5d70992eba7e.jpg,,,,,
m4-070-final-v1,A,1479,235b2af52ce118ea2ce1,FAIR1M-v1.0,crops/235b2af52ce118ea2ce1.jpg,,,,,
m4-070-final-v1,A,1480,835d4950cfebf01664f2,DIOR-R,crops/835d4950cfebf01664f2.jpg,,,,,
m4-070-final-v1,A,1481,04a146208c9b9210dae4,FAIR1M-v1.0,crops/04a146208c9b9210dae4.jpg,,,,,
m4-070-final-v1,A,1482,3163601458779eb0989d,DIOR-R,crops/3163601458779eb0989d.jpg,,,,,
m4-070-final-v1,A,1483,bd4926e5ebc5e70e896b,SODA-A,crops/bd4926e5ebc5e70e896b.jpg,,,,,
m4-070-final-v1,A,1484,db4195c9bfb45ea76344,DIOR-R,crops/db4195c9bfb45ea76344.jpg,,,,,
m4-070-final-v1,A,1485,3873c8ef868e7bb1e374,SODA-A,crops/3873c8ef868e7bb1e374.jpg,,,,,
m4-070-final-v1,A,1486,5ff83bb8be5c4eb88d47,SODA-A,crops/5ff83bb8be5c4eb88d47.jpg,,,,,
m4-070-final-v1,A,1487,ed7e04f4ae6f5da79933,DIOR-R,crops/ed7e04f4ae6f5da79933.jpg,,,,,
m4-070-final-v1,A,1488,00f5d1622b59db2ff295,FAIR1M-v1.0,crops/00f5d1622b59db2ff295.jpg,,,,,
m4-070-final-v1,A,1489,77106f593d6d71c22728,DIOR-R,crops/77106f593d6d71c22728.jpg,,,,,
m4-070-final-v1,A,1490,2c8079325d3e5fb884b0,SODA-A,crops/2c8079325d3e5fb884b0.jpg,,,,,
m4-070-final-v1,A,1491,a779147c56d5985bef1d,SODA-A,crops/a779147c56d5985bef1d.jpg,,,,,
m4-070-final-v1,A,1492,3dd662022ddc48a6ade4,SODA-A,crops/3dd662022ddc48a6ade4.jpg,,,,,
m4-070-final-v1,A,1493,d83cc5621e23ffa6561a,DIOR-R,crops/d83cc5621e23ffa6561a.jpg,,,,,
m4-070-final-v1,A,1494,3d33b4320d98cf9319e1,SODA-A,crops/3d33b4320d98cf9319e1.jpg,,,,,
m4-070-final-v1,A,1495,505723e4d30d4e3956cf,SODA-A,crops/505723e4d30d4e3956cf.jpg,,,,,
m4-070-final-v1,A,1496,25de6c0bf5fd118f8f66,FAIR1M-v1.0,crops/25de6c0bf5fd118f8f66.jpg,,,,,
m4-070-final-v1,A,1497,abd7676ed5fd77fa9823,SODA-A,crops/abd7676ed5fd77fa9823.jpg,,,,,
m4-070-final-v1,A,1498,808e9b13684fd85fb363,FAIR1M-v1.0,crops/808e9b13684fd85fb363.jpg,,,,,
m4-070-final-v1,A,1499,d7853f484cf040a8af69,SODA-A,crops/d7853f484cf040a8af69.jpg,,,,,
m4-070-final-v1,A,1500,e8a6aa02b13461b7a04b,DIOR-R,crops/e8a6aa02b13461b7a04b.jpg,,,,,
