record_type,dataset,seed,raw_path,raw_sha256,cache_path,cache_sha256,key,dtype,shape,raw_content_hash,cache_content_hash,raw_rows,eligible_rows,row_order_instance_id_hash,cache_row_order_hash,tolerance,max_abs_error,status,notes
r001_lock,,,dis/server_reports/orientbench-c-r001-20260805.md,e719c2f9ab1619fafa0f6e8faf4d3c54f30fb6e81bd89aca17b79ff6bdbf5a5e,,,,,,e719c2f9ab1619fafa0f6e8faf4d3c54f30fb6e81bd89aca17b79ff6bdbf5a5e,e719c2f9ab1619fafa0f6e8faf4d3c54f30fb6e81bd89aca17b79ff6bdbf5a5e,,,e725310b04a8b9f414d1b0faf1efdd22a8efb74e,e725310b04a8b9f414d1b0faf1efdd22a8efb74e,byte-exact,0,PASS,snapshot Git blob and raw SHA-256
r001_lock,,,top_journal_v3_reaudit_055/paper_B_psc_mechanism/reports/b3_candidate_cluster_bootstrap_reaudit_r001.csv,5565e64408c893d530c6afb3519a452c6ed9e5c6e119d0ccba05c85d7a3f55b8,,,,,,5565e64408c893d530c6afb3519a452c6ed9e5c6e119d0ccba05c85d7a3f55b8,5565e64408c893d530c6afb3519a452c6ed9e5c6e119d0ccba05c85d7a3f55b8,,,89b6075af152aa593138cc2c250940609a5a8316,89b6075af152aa593138cc2c250940609a5a8316,byte-exact,0,PASS,snapshot Git blob and raw SHA-256
r001_lock,,,top_journal_v3_reaudit_055/paper_B_psc_mechanism/reports/b4_candidate_external_bootstrap_reaudit_r001.csv,26f50915102d166a550b2a05887cddcfd3c3bc866d40ddd64e0d79147f13d30d,,,,,,26f50915102d166a550b2a05887cddcfd3c3bc866d40ddd64e0d79147f13d30d,26f50915102d166a550b2a05887cddcfd3c3bc866d40ddd64e0d79147f13d30d,,,814596ff420e9e6ba58cb8ccb4beb6a3edd2d938,814596ff420e9e6ba58cb8ccb4beb6a3edd2d938,byte-exact,0,PASS,snapshot Git blob and raw SHA-256
r001_lock,,,top_journal_v3_reaudit_055/paper_B_psc_mechanism/reports/b5_gate_reaudit_r001.csv,4f5f0d56d3038df0b373885dcd9392c279348d4812039b97949e9356c61887bd,,,,,,4f5f0d56d3038df0b373885dcd9392c279348d4812039b97949e9356c61887bd,4f5f0d56d3038df0b373885dcd9392c279348d4812039b97949e9356c61887bd,,,067a2f75cc909c29c4a3834ab415808c782e6639,067a2f75cc909c29c4a3834ab415808c782e6639,byte-exact,0,PASS,snapshot Git blob and raw SHA-256
r001_lock,,,top_journal_v3_reaudit_055/paper_B_psc_mechanism/reports/b3_b4_estimand_equivalence_tests_r001.csv,89f0675e1c2e14d2fd1779fa1aba3c1a88685dbe14aaa97c3de3f53205238e6a,,,,,,89f0675e1c2e14d2fd1779fa1aba3c1a88685dbe14aaa97c3de3f53205238e6a,89f0675e1c2e14d2fd1779fa1aba3c1a88685dbe14aaa97c3de3f53205238e6a,,,87268a8f0bf1e9c491b33487687371db99db115e,87268a8f0bf1e9c491b33487687371db99db115e,byte-exact,0,PASS,snapshot Git blob and raw SHA-256
r001_lock,,,top_journal_v3_reaudit_055/paper_B_psc_mechanism/reports/b3_b4_reaudit_manifest_r001.json,2406f27a690d054772b1d3c69fc170a3ef893de5144dbc998318047c6a32c54d,,,,,,2406f27a690d054772b1d3c69fc170a3ef893de5144dbc998318047c6a32c54d,2406f27a690d054772b1d3c69fc170a3ef893de5144dbc998318047c6a32c54d,,,025d64e0d2525f02fc14049262905e6556448725,025d64e0d2525f02fc14049262905e6556448725,byte-exact,0,PASS,snapshot Git blob and raw SHA-256
r001_lock,,,top_journal_v3_reaudit_055/paper_B_psc_mechanism/scripts/reaudit_b3_b4_r001.py,d40a9de1cab22e4300c8abbad45374e619b9926dbbea6c79b22c5d6bd4cb0266,,,,,,d40a9de1cab22e4300c8abbad45374e619b9926dbbea6c79b22c5d6bd4cb0266,d40a9de1cab22e4300c8abbad45374e619b9926dbbea6c79b22c5d6bd4cb0266,,,7aecadcaf30956627251fbfd4cb3cb93d4065dbb,7aecadcaf30956627251fbfd4cb3cb93d4065dbb,byte-exact,0,PASS,snapshot Git blob and raw SHA-256
r001_lock,,,top_journal_v3_reaudit_055/paper_B_psc_mechanism/scripts/test_b3_b4_reaudit_r001.py,8b38c858a5bf844774ead33f164782335c4c9055380e3b69f888052b4bcd7311,,,,,,8b38c858a5bf844774ead33f164782335c4c9055380e3b69f888052b4bcd7311,8b38c858a5bf844774ead33f164782335c4c9055380e3b69f888052b4bcd7311,,,af3ebd227b2eaac947a6c2b9141bd37bf75166b5,af3ebd227b2eaac947a6c2b9141bd37bf75166b5,byte-exact,0,PASS,snapshot Git blob and raw SHA-256
cache_array,DIOR-R,0,outputs/persistent_artifacts/m069_psc_phase1/DIOR-R/seed0/matched_phase.jsonl,e793354efdb9db4fbdaaebda91e5d46c47b4529a57ca88fcf7fd3ae2dba60856,top_journal_v3_reaudit_055/paper_B_psc_mechanism/artifacts/b3_cache/DIOR_R_seed0.npz,5a3f6c1f5c7529b749d5912078b2ddc9a48c2b67df211eafb5d1e2dd5d0f1545,ar,float64,[48282],82f00950d2de31df8681673b060abf97591002ce192ac5d2b4f74dfb330d7861,82f00950d2de31df8681673b060abf97591002ce192ac5d2b4f74dfb330d7861,85040,48282,90d355ef6bdfba6b9e2e404e260f82400db13ef6b5d50b0b82c5549a9cdfb607,,rtol=0;atol=0;NaN-equal,0.0,PASS,direct JSON field parse followed only by GT aspect_ratio>=2.1; no floating derivation
cache_array,DIOR-R,0,outputs/persistent_artifacts/m069_psc_phase1/DIOR-R/seed0/matched_phase.jsonl,e793354efdb9db4fbdaaebda91e5d46c47b4529a57ca88fcf7fd3ae2dba60856,top_journal_v3_reaudit_055/paper_B_psc_mechanism/artifacts/b3_cache/DIOR_R_seed0.npz,5a3f6c1f5c7529b749d5912078b2ddc9a48c2b67df211eafb5d1e2dd5d0f1545,boundary,float64,[48282],ece88328b833793a8d4c83b0d705bb85c9ad5ebd6ffac0f4b055bf3abd9bec28,ece88328b833793a8d4c83b0d705bb85c9ad5ebd6ffac0f4b055bf3abd9bec28,85040,48282,90d355ef6bdfba6b9e2e404e260f82400db13ef6b5d50b0b82c5549a9cdfb607,,rtol=0;atol=0;NaN-equal,0.0,PASS,direct JSON field parse followed only by GT aspect_ratio>=2.1; no floating derivation
cache_array,DIOR-R,0,outputs/persistent_artifacts/m069_psc_phase1/DIOR-R/seed0/matched_phase.jsonl,e793354efdb9db4fbdaaebda91e5d46c47b4529a57ca88fcf7fd3ae2dba60856,top_journal_v3_reaudit_055/paper_B_psc_mechanism/artifacts/b3_cache/DIOR_R_seed0.npz,5a3f6c1f5c7529b749d5912078b2ddc9a48c2b67df211eafb5d1e2dd5d0f1545,cls,object,[48282],0f79654ab2608f795e53b8ae484cea94fe9ed318dc8cddcecddbdde7165e2950,0f79654ab2608f795e53b8ae484cea94fe9ed318dc8cddcecddbdde7165e2950,85040,48282,90d355ef6bdfba6b9e2e404e260f82400db13ef6b5d50b0b82c5549a9cdfb607,,rtol=0;atol=0;NaN-equal,0.0,PASS,direct JSON field parse followed only by GT aspect_ratio>=2.1; no floating derivation
cache_array,DIOR-R,0,outputs/persistent_artifacts/m069_psc_phase1/DIOR-R/seed0/matched_phase.jsonl,e793354efdb9db4fbdaaebda91e5d46c47b4529a57ca88fcf7fd3ae2dba60856,top_journal_v3_reaudit_055/paper_B_psc_mechanism/artifacts/b3_cache/DIOR_R_seed0.npz,5a3f6c1f5c7529b749d5912078b2ddc9a48c2b67df211eafb5d1e2dd5d0f1545,error,float64,[48282],3d87ce7558874fb3d7619c323c307aa0efbeb76cedf3bc3d893825ed500fb1ce,3d87ce7558874fb3d7619c323c307aa0efbeb76cedf3bc3d893825ed500fb1ce,85040,48282,90d355ef6bdfba6b9e2e404e260f82400db13ef6b5d50b0b82c5549a9cdfb607,,rtol=0;atol=0;NaN-equal,0.0,PASS,direct JSON field parse followed only by GT aspect_ratio>=2.1; no floating derivation
cache_array,DIOR-R,0,outputs/persistent_artifacts/m069_psc_phase1/DIOR-R/seed0/matched_phase.jsonl,e793354efdb9db4fbdaaebda91e5d46c47b4529a57ca88fcf7fd3ae2dba60856,top_journal_v3_reaudit_055/paper_B_psc_mechanism/artifacts/b3_cache/DIOR_R_seed0.npz,5a3f6c1f5c7529b749d5912078b2ddc9a48c2b67df211eafb5d1e2dd5d0f1545,feature,float64,[48282],c23c9395f9a053855a6faa76fcf6861d089c2f90ce9c0448009134fe677e6c5f,c23c9395f9a053855a6faa76fcf6861d089c2f90ce9c0448009134fe677e6c5f,85040,48282,90d355ef6bdfba6b9e2e404e260f82400db13ef6b5d50b0b82c5549a9cdfb607,,rtol=0;atol=0;NaN-equal,0.0,PASS,direct JSON field parse followed only by GT aspect_ratio>=2.1; no floating derivation
cache_array,DIOR-R,0,outputs/persistent_artifacts/m069_psc_phase1/DIOR-R/seed0/matched_phase.jsonl,e793354efdb9db4fbdaaebda91e5d46c47b4529a57ca88fcf7fd3ae2dba60856,top_journal_v3_reaudit_055/paper_B_psc_mechanism/artifacts/b3_cache/DIOR_R_seed0.npz,5a3f6c1f5c7529b749d5912078b2ddc9a48c2b67df211eafb5d1e2dd5d0f1545,gt_box,float64,"[48282, 5]",15fd8783d56d9ea48dbc01ee31a1b498d68c145d7b5b55ee6edcea64e367cd86,15fd8783d56d9ea48dbc01ee31a1b498d68c145d7b5b55ee6edcea64e367cd86,85040,48282,90d355ef6bdfba6b9e2e404e260f82400db13ef6b5d50b0b82c5549a9cdfb607,,rtol=0;atol=0;NaN-equal,0.0,PASS,direct JSON field parse followed only by GT aspect_ratio>=2.1; no floating derivation
cache_array,DIOR-R,0,outputs/persistent_artifacts/m069_psc_phase1/DIOR-R/seed0/matched_phase.jsonl,e793354efdb9db4fbdaaebda91e5d46c47b4529a57ca88fcf7fd3ae2dba60856,top_journal_v3_reaudit_055/paper_B_psc_mechanism/artifacts/b3_cache/DIOR_R_seed0.npz,5a3f6c1f5c7529b749d5912078b2ddc9a48c2b67df211eafb5d1e2dd5d0f1545,image,object,[48282],35c65137f50d0b7b000d67afdc9f0e4272410501dbcb601451b1d5ca7256f6a2,35c65137f50d0b7b000d67afdc9f0e4272410501dbcb601451b1d5ca7256f6a2,85040,48282,90d355ef6bdfba6b9e2e404e260f82400db13ef6b5d50b0b82c5549a9cdfb607,,rtol=0;atol=0;NaN-equal,0.0,PASS,direct JSON field parse followed only by GT aspect_ratio>=2.1; no floating derivation
cache_array,DIOR-R,0,outputs/persistent_artifacts/m069_psc_phase1/DIOR-R/seed0/matched_phase.jsonl,e793354efdb9db4fbdaaebda91e5d46c47b4529a57ca88fcf7fd3ae2dba60856,top_journal_v3_reaudit_055/paper_B_psc_mechanism/artifacts/b3_cache/DIOR_R_seed0.npz,5a3f6c1f5c7529b749d5912078b2ddc9a48c2b67df211eafb5d1e2dd5d0f1545,pred_box,float64,"[48282, 5]",869e0a821f2f49693977867c3f1a51afe3b747fb06b48a6601e29b271e64ffe8,869e0a821f2f49693977867c3f1a51afe3b747fb06b48a6601e29b271e64ffe8,85040,48282,90d355ef6bdfba6b9e2e404e260f82400db13ef6b5d50b0b82c5549a9cdfb607,,rtol=0;atol=0;NaN-equal,0.0,PASS,direct JSON field parse followed only by GT aspect_ratio>=2.1; no floating derivation
cache_array,DIOR-R,0,outputs/persistent_artifacts/m069_psc_phase1/DIOR-R/seed0/matched_phase.jsonl,e793354efdb9db4fbdaaebda91e5d46c47b4529a57ca88fcf7fd3ae2dba60856,top_journal_v3_reaudit_055/paper_B_psc_mechanism/artifacts/b3_cache/DIOR_R_seed0.npz,5a3f6c1f5c7529b749d5912078b2ddc9a48c2b67df211eafb5d1e2dd5d0f1545,score,float64,[48282],24df998a73af4efb23897a6816c5a6fa86b45a1481369709621676551fb89c92,24df998a73af4efb23897a6816c5a6fa86b45a1481369709621676551fb89c92,85040,48282,90d355ef6bdfba6b9e2e404e260f82400db13ef6b5d50b0b82c5549a9cdfb607,,rtol=0;atol=0;NaN-equal,0.0,PASS,direct JSON field parse followed only by GT aspect_ratio>=2.1; no floating derivation
cache_array,DIOR-R,0,outputs/persistent_artifacts/m069_psc_phase1/DIOR-R/seed0/matched_phase.jsonl,e793354efdb9db4fbdaaebda91e5d46c47b4529a57ca88fcf7fd3ae2dba60856,top_journal_v3_reaudit_055/paper_B_psc_mechanism/artifacts/b3_cache/DIOR_R_seed0.npz,5a3f6c1f5c7529b749d5912078b2ddc9a48c2b67df211eafb5d1e2dd5d0f1545,size,float64,[48282],7d7d5320ec9c638a02d4c09ed86ef5a51f0bfb06e1e4e01495aa83a2a97f14cd,7d7d5320ec9c638a02d4c09ed86ef5a51f0bfb06e1e4e01495aa83a2a97f14cd,85040,48282,90d355ef6bdfba6b9e2e404e260f82400db13ef6b5d50b0b82c5549a9cdfb607,,rtol=0;atol=0;NaN-equal,0.0,PASS,direct JSON field parse followed only by GT aspect_ratio>=2.1; no floating derivation
cache_array,DIOR-R,0,outputs/persistent_artifacts/m069_psc_phase1/DIOR-R/seed0/matched_phase.jsonl,e793354efdb9db4fbdaaebda91e5d46c47b4529a57ca88fcf7fd3ae2dba60856,top_journal_v3_reaudit_055/paper_B_psc_mechanism/artifacts/b3_cache/DIOR_R_seed0.npz,5a3f6c1f5c7529b749d5912078b2ddc9a48c2b67df211eafb5d1e2dd5d0f1545,tta,float64,[48282],d3c8b4ad6bbb0a209ae9f9f6f15353076e507c645d2044779e089708231fa620,d3c8b4ad6bbb0a209ae9f9f6f15353076e507c645d2044779e089708231fa620,85040,48282,90d355ef6bdfba6b9e2e404e260f82400db13ef6b5d50b0b82c5549a9cdfb607,,rtol=0;atol=0;NaN-equal,0.0,PASS,direct JSON field parse followed only by GT aspect_ratio>=2.1; no floating derivation
cache_array,DIOR-R,0,outputs/persistent_artifacts/m069_psc_phase1/DIOR-R/seed0/matched_phase.jsonl,e793354efdb9db4fbdaaebda91e5d46c47b4529a57ca88fcf7fd3ae2dba60856,top_journal_v3_reaudit_055/paper_B_psc_mechanism/artifacts/b3_cache/DIOR_R_seed0.npz,5a3f6c1f5c7529b749d5912078b2ddc9a48c2b67df211eafb5d1e2dd5d0f1545,vector,float64,"[48282, 6]",3270b2e36b2534b75b4ab6c857e81ec183657fdeae97b8540762e40f78b481c1,3270b2e36b2534b75b4ab6c857e81ec183657fdeae97b8540762e40f78b481c1,85040,48282,90d355ef6bdfba6b9e2e404e260f82400db13ef6b5d50b0b82c5549a9cdfb607,,rtol=0;atol=0;NaN-equal,0.0,PASS,direct JSON field parse followed only by GT aspect_ratio>=2.1; no floating derivation
cache_unit,DIOR-R,0,outputs/persistent_artifacts/m069_psc_phase1/DIOR-R/seed0/matched_phase.jsonl,e793354efdb9db4fbdaaebda91e5d46c47b4529a57ca88fcf7fd3ae2dba60856,top_journal_v3_reaudit_055/paper_B_psc_mechanism/artifacts/b3_cache/DIOR_R_seed0.npz,5a3f6c1f5c7529b749d5912078b2ddc9a48c2b67df211eafb5d1e2dd5d0f1545,ALL,mixed,,,,85040,48282,90d355ef6bdfba6b9e2e404e260f82400db13ef6b5d50b0b82c5549a9cdfb607,28013b2a6ebae970743b5190b2de4cb2eb9f40503a7020f096ccacbeec13db3e,exact,0.0,PASS,cache omits pred_id/gt_id; exact ordered content equality proves cache row order
cache_array,DIOR-R,1,outputs/persistent_artifacts/m069_psc_phase1/DIOR-R/seed1/matched_phase.jsonl,7850258f6d9b8a833d4cc64348e72f19b5466b81a69af2124c83f9d7c637760c,top_journal_v3_reaudit_055/paper_B_psc_mechanism/artifacts/b3_cache/DIOR_R_seed1.npz,9808dbc20a36aca387db643d5e6b86e6687ebc3e264e46a26d770d3b21265a95,ar,float64,[48152],20f8b1cfecfc4f1444ae0b796da8c203230d582f772c229ad09a1660e8c6eb0f,20f8b1cfecfc4f1444ae0b796da8c203230d582f772c229ad09a1660e8c6eb0f,84552,48152,a2f0670775681ce2655b068f5412a82b189a98824eb77633a2e439cb5c3ec23f,,rtol=0;atol=0;NaN-equal,0.0,PASS,direct JSON field parse followed only by GT aspect_ratio>=2.1; no floating derivation
cache_array,DIOR-R,1,outputs/persistent_artifacts/m069_psc_phase1/DIOR-R/seed1/matched_phase.jsonl,7850258f6d9b8a833d4cc64348e72f19b5466b81a69af2124c83f9d7c637760c,top_journal_v3_reaudit_055/paper_B_psc_mechanism/artifacts/b3_cache/DIOR_R_seed1.npz,9808dbc20a36aca387db643d5e6b86e6687ebc3e264e46a26d770d3b21265a95,boundary,float64,[48152],12ec78ea772468ce93b6cfe47be6e5a20e246fd07cdabe6f2a6cb2159b439a72,12ec78ea772468ce93b6cfe47be6e5a20e246fd07cdabe6f2a6cb2159b439a72,84552,48152,a2f0670775681ce2655b068f5412a82b189a98824eb77633a2e439cb5c3ec23f,,rtol=0;atol=0;NaN-equal,0.0,PASS,direct JSON field parse followed only by GT aspect_ratio>=2.1; no floating derivation
cache_array,DIOR-R,1,outputs/persistent_artifacts/m069_psc_phase1/DIOR-R/seed1/matched_phase.jsonl,7850258f6d9b8a833d4cc64348e72f19b5466b81a69af2124c83f9d7c637760c,top_journal_v3_reaudit_055/paper_B_psc_mechanism/artifacts/b3_cache/DIOR_R_seed1.npz,9808dbc20a36aca387db643d5e6b86e6687ebc3e264e46a26d770d3b21265a95,cls,object,[48152],008b16be00455788f7445911f5f3a7d19747d0a1a84e1f4aa45383e9938b76f3,008b16be00455788f7445911f5f3a7d19747d0a1a84e1f4aa45383e9938b76f3,84552,48152,a2f0670775681ce2655b068f5412a82b189a98824eb77633a2e439cb5c3ec23f,,rtol=0;atol=0;NaN-equal,0.0,PASS,direct JSON field parse followed only by GT aspect_ratio>=2.1; no floating derivation
cache_array,DIOR-R,1,outputs/persistent_artifacts/m069_psc_phase1/DIOR-R/seed1/matched_phase.jsonl,7850258f6d9b8a833d4cc64348e72f19b5466b81a69af2124c83f9d7c637760c,top_journal_v3_reaudit_055/paper_B_psc_mechanism/artifacts/b3_cache/DIOR_R_seed1.npz,9808dbc20a36aca387db643d5e6b86e6687ebc3e264e46a26d770d3b21265a95,error,float64,[48152],d175b2948ca54885da7a7cc4e5c4ec382ba73432d7faae5367944b334e65a4fa,d175b2948ca54885da7a7cc4e5c4ec382ba73432d7faae5367944b334e65a4fa,84552,48152,a2f0670775681ce2655b068f5412a82b189a98824eb77633a2e439cb5c3ec23f,,rtol=0;atol=0;NaN-equal,0.0,PASS,direct JSON field parse followed only by GT aspect_ratio>=2.1; no floating derivation
cache_array,DIOR-R,1,outputs/persistent_artifacts/m069_psc_phase1/DIOR-R/seed1/matched_phase.jsonl,7850258f6d9b8a833d4cc64348e72f19b5466b81a69af2124c83f9d7c637760c,top_journal_v3_reaudit_055/paper_B_psc_mechanism/artifacts/b3_cache/DIOR_R_seed1.npz,9808dbc20a36aca387db643d5e6b86e6687ebc3e264e46a26d770d3b21265a95,feature,float64,[48152],570e5c3819a51a82afe2f60c63bbc34dfbc0496df4ff4028417a941cd31f89c9,570e5c3819a51a82afe2f60c63bbc34dfbc0496df4ff4028417a941cd31f89c9,84552,48152,a2f0670775681ce2655b068f5412a82b189a98824eb77633a2e439cb5c3ec23f,,rtol=0;atol=0;NaN-equal,0.0,PASS,direct JSON field parse followed only by GT aspect_ratio>=2.1; no floating derivation
cache_array,DIOR-R,1,outputs/persistent_artifacts/m069_psc_phase1/DIOR-R/seed1/matched_phase.jsonl,7850258f6d9b8a833d4cc64348e72f19b5466b81a69af2124c83f9d7c637760c,top_journal_v3_reaudit_055/paper_B_psc_mechanism/artifacts/b3_cache/DIOR_R_seed1.npz,9808dbc20a36aca387db643d5e6b86e6687ebc3e264e46a26d770d3b21265a95,gt_box,float64,"[48152, 5]",d6e3c0b6bf9953f55372a3486b0ceac744a11921b2cdff157511b514f0823689,d6e3c0b6bf9953f55372a3486b0ceac744a11921b2cdff157511b514f0823689,84552,48152,a2f0670775681ce2655b068f5412a82b189a98824eb77633a2e439cb5c3ec23f,,rtol=0;atol=0;NaN-equal,0.0,PASS,direct JSON field parse followed only by GT aspect_ratio>=2.1; no floating derivation
cache_array,DIOR-R,1,outputs/persistent_artifacts/m069_psc_phase1/DIOR-R/seed1/matched_phase.jsonl,7850258f6d9b8a833d4cc64348e72f19b5466b81a69af2124c83f9d7c637760c,top_journal_v3_reaudit_055/paper_B_psc_mechanism/artifacts/b3_cache/DIOR_R_seed1.npz,9808dbc20a36aca387db643d5e6b86e6687ebc3e264e46a26d770d3b21265a95,image,object,[48152],9e2e8860db2b3e64ed943f95b54448d144cc9ff4f28d363d2063b45b31e21ca4,9e2e8860db2b3e64ed943f95b54448d144cc9ff4f28d363d2063b45b31e21ca4,84552,48152,a2f0670775681ce2655b068f5412a82b189a98824eb77633a2e439cb5c3ec23f,,rtol=0;atol=0;NaN-equal,0.0,PASS,direct JSON field parse followed only by GT aspect_ratio>=2.1; no floating derivation
cache_array,DIOR-R,1,outputs/persistent_artifacts/m069_psc_phase1/DIOR-R/seed1/matched_phase.jsonl,7850258f6d9b8a833d4cc64348e72f19b5466b81a69af2124c83f9d7c637760c,top_journal_v3_reaudit_055/paper_B_psc_mechanism/artifacts/b3_cache/DIOR_R_seed1.npz,9808dbc20a36aca387db643d5e6b86e6687ebc3e264e46a26d770d3b21265a95,pred_box,float64,"[48152, 5]",a246ddf1f8819543223e7b8b8b9d73cd5e501dacf0f97c3cb61283e638bb310b,a246ddf1f8819543223e7b8b8b9d73cd5e501dacf0f97c3cb61283e638bb310b,84552,48152,a2f0670775681ce2655b068f5412a82b189a98824eb77633a2e439cb5c3ec23f,,rtol=0;atol=0;NaN-equal,0.0,PASS,direct JSON field parse followed only by GT aspect_ratio>=2.1; no floating derivation
cache_array,DIOR-R,1,outputs/persistent_artifacts/m069_psc_phase1/DIOR-R/seed1/matched_phase.jsonl,7850258f6d9b8a833d4cc64348e72f19b5466b81a69af2124c83f9d7c637760c,top_journal_v3_reaudit_055/paper_B_psc_mechanism/artifacts/b3_cache/DIOR_R_seed1.npz,9808dbc20a36aca387db643d5e6b86e6687ebc3e264e46a26d770d3b21265a95,score,float64,[48152],d921a886b9c513c61a5bde02d8846ba590a024f3fc63205873f3e8c55be56242,d921a886b9c513c61a5bde02d8846ba590a024f3fc63205873f3e8c55be56242,84552,48152,a2f0670775681ce2655b068f5412a82b189a98824eb77633a2e439cb5c3ec23f,,rtol=0;atol=0;NaN-equal,0.0,PASS,direct JSON field parse followed only by GT aspect_ratio>=2.1; no floating derivation
cache_array,DIOR-R,1,outputs/persistent_artifacts/m069_psc_phase1/DIOR-R/seed1/matched_phase.jsonl,7850258f6d9b8a833d4cc64348e72f19b5466b81a69af2124c83f9d7c637760c,top_journal_v3_reaudit_055/paper_B_psc_mechanism/artifacts/b3_cache/DIOR_R_seed1.npz,9808dbc20a36aca387db643d5e6b86e6687ebc3e264e46a26d770d3b21265a95,size,float64,[48152],6c2e2b691a5f5d698a6d0d5707ceaa4d0165c7622eeb8ebe3f87b5b9d10bf18b,6c2e2b691a5f5d698a6d0d5707ceaa4d0165c7622eeb8ebe3f87b5b9d10bf18b,84552,48152,a2f0670775681ce2655b068f5412a82b189a98824eb77633a2e439cb5c3ec23f,,rtol=0;atol=0;NaN-equal,0.0,PASS,direct JSON field parse followed only by GT aspect_ratio>=2.1; no floating derivation
cache_array,DIOR-R,1,outputs/persistent_artifacts/m069_psc_phase1/DIOR-R/seed1/matched_phase.jsonl,7850258f6d9b8a833d4cc64348e72f19b5466b81a69af2124c83f9d7c637760c,top_journal_v3_reaudit_055/paper_B_psc_mechanism/artifacts/b3_cache/DIOR_R_seed1.npz,9808dbc20a36aca387db643d5e6b86e6687ebc3e264e46a26d770d3b21265a95,tta,float64,[48152],f917ab7078e197c435b42e8bff029b470c61c28b32a468a717fd9fa358ca1a5b,f917ab7078e197c435b42e8bff029b470c61c28b32a468a717fd9fa358ca1a5b,84552,48152,a2f0670775681ce2655b068f5412a82b189a98824eb77633a2e439cb5c3ec23f,,rtol=0;atol=0;NaN-equal,0.0,PASS,direct JSON field parse followed only by GT aspect_ratio>=2.1; no floating derivation
cache_array,DIOR-R,1,outputs/persistent_artifacts/m069_psc_phase1/DIOR-R/seed1/matched_phase.jsonl,7850258f6d9b8a833d4cc64348e72f19b5466b81a69af2124c83f9d7c637760c,top_journal_v3_reaudit_055/paper_B_psc_mechanism/artifacts/b3_cache/DIOR_R_seed1.npz,9808dbc20a36aca387db643d5e6b86e6687ebc3e264e46a26d770d3b21265a95,vector,float64,"[48152, 6]",43b5d5e99ea271f1f24ca6cf287a0ba407982204fb9503449194c804e8e7adab,43b5d5e99ea271f1f24ca6cf287a0ba407982204fb9503449194c804e8e7adab,84552,48152,a2f0670775681ce2655b068f5412a82b189a98824eb77633a2e439cb5c3ec23f,,rtol=0;atol=0;NaN-equal,0.0,PASS,direct JSON field parse followed only by GT aspect_ratio>=2.1; no floating derivation
cache_unit,DIOR-R,1,outputs/persistent_artifacts/m069_psc_phase1/DIOR-R/seed1/matched_phase.jsonl,7850258f6d9b8a833d4cc64348e72f19b5466b81a69af2124c83f9d7c637760c,top_journal_v3_reaudit_055/paper_B_psc_mechanism/artifacts/b3_cache/DIOR_R_seed1.npz,9808dbc20a36aca387db643d5e6b86e6687ebc3e264e46a26d770d3b21265a95,ALL,mixed,,,,84552,48152,a2f0670775681ce2655b068f5412a82b189a98824eb77633a2e439cb5c3ec23f,f862fca2539326894452398cac3ddb0cc511815aa0bb9c9e4d869f678c7dccb5,exact,0.0,PASS,cache omits pred_id/gt_id; exact ordered content equality proves cache row order
cache_array,DIOR-R,2,outputs/persistent_artifacts/m069_psc_phase1/DIOR-R/seed2/matched_phase.jsonl,98cdeb2f22b0c95a29ae26fc607c10b5eb22e9fee79a704e97e1b0e68a44b2de,top_journal_v3_reaudit_055/paper_B_psc_mechanism/artifacts/b3_cache/DIOR_R_seed2.npz,be398b487a469468923b4b22575fd3039575782151ed3cb1839782e013c57a65,ar,float64,[48195],a761a541a6529eb3653fcec6df94dc297873710d6aac07e499b0c80445a3ed3f,a761a541a6529eb3653fcec6df94dc297873710d6aac07e499b0c80445a3ed3f,85383,48195,f1cfb984c300d53b36ffc9dca7ef64383373c71025f8a2074e4249b5007aa8ff,,rtol=0;atol=0;NaN-equal,0.0,PASS,direct JSON field parse followed only by GT aspect_ratio>=2.1; no floating derivation
cache_array,DIOR-R,2,outputs/persistent_artifacts/m069_psc_phase1/DIOR-R/seed2/matched_phase.jsonl,98cdeb2f22b0c95a29ae26fc607c10b5eb22e9fee79a704e97e1b0e68a44b2de,top_journal_v3_reaudit_055/paper_B_psc_mechanism/artifacts/b3_cache/DIOR_R_seed2.npz,be398b487a469468923b4b22575fd3039575782151ed3cb1839782e013c57a65,boundary,float64,[48195],e632e94cca77c7d586f9c0fa51ea94da0567a0333ace5441a0d493ae3d6cc953,e632e94cca77c7d586f9c0fa51ea94da0567a0333ace5441a0d493ae3d6cc953,85383,48195,f1cfb984c300d53b36ffc9dca7ef64383373c71025f8a2074e4249b5007aa8ff,,rtol=0;atol=0;NaN-equal,0.0,PASS,direct JSON field parse followed only by GT aspect_ratio>=2.1; no floating derivation
cache_array,DIOR-R,2,outputs/persistent_artifacts/m069_psc_phase1/DIOR-R/seed2/matched_phase.jsonl,98cdeb2f22b0c95a29ae26fc607c10b5eb22e9fee79a704e97e1b0e68a44b2de,top_journal_v3_reaudit_055/paper_B_psc_mechanism/artifacts/b3_cache/DIOR_R_seed2.npz,be398b487a469468923b4b22575fd3039575782151ed3cb1839782e013c57a65,cls,object,[48195],8aedf5ec1b0d2563552c7ecdde6fe39bdc1a2ca164c118fe067d01e87d8649ac,8aedf5ec1b0d2563552c7ecdde6fe39bdc1a2ca164c118fe067d01e87d8649ac,85383,48195,f1cfb984c300d53b36ffc9dca7ef64383373c71025f8a2074e4249b5007aa8ff,,rtol=0;atol=0;NaN-equal,0.0,PASS,direct JSON field parse followed only by GT aspect_ratio>=2.1; no floating derivation
cache_array,DIOR-R,2,outputs/persistent_artifacts/m069_psc_phase1/DIOR-R/seed2/matched_phase.jsonl,98cdeb2f22b0c95a29ae26fc607c10b5eb22e9fee79a704e97e1b0e68a44b2de,top_journal_v3_reaudit_055/paper_B_psc_mechanism/artifacts/b3_cache/DIOR_R_seed2.npz,be398b487a469468923b4b22575fd3039575782151ed3cb1839782e013c57a65,error,float64,[48195],4743748bd3f36049e17d7d6ffc54edb498400c4fc152fc201ae3cbb29c99058e,4743748bd3f36049e17d7d6ffc54edb498400c4fc152fc201ae3cbb29c99058e,85383,48195,f1cfb984c300d53b36ffc9dca7ef64383373c71025f8a2074e4249b5007aa8ff,,rtol=0;atol=0;NaN-equal,0.0,PASS,direct JSON field parse followed only by GT aspect_ratio>=2.1; no floating derivation
cache_array,DIOR-R,2,outputs/persistent_artifacts/m069_psc_phase1/DIOR-R/seed2/matched_phase.jsonl,98cdeb2f22b0c95a29ae26fc607c10b5eb22e9fee79a704e97e1b0e68a44b2de,top_journal_v3_reaudit_055/paper_B_psc_mechanism/artifacts/b3_cache/DIOR_R_seed2.npz,be398b487a469468923b4b22575fd3039575782151ed3cb1839782e013c57a65,feature,float64,[48195],d41ce8ec5dffbc4f67d841c9fa3ebdc75091d5673592e6c5ac45bcd4ee9e5bd4,d41ce8ec5dffbc4f67d841c9fa3ebdc75091d5673592e6c5ac45bcd4ee9e5bd4,85383,48195,f1cfb984c300d53b36ffc9dca7ef64383373c71025f8a2074e4249b5007aa8ff,,rtol=0;atol=0;NaN-equal,0.0,PASS,direct JSON field parse followed only by GT aspect_ratio>=2.1; no floating derivation
cache_array,DIOR-R,2,outputs/persistent_artifacts/m069_psc_phase1/DIOR-R/seed2/matched_phase.jsonl,98cdeb2f22b0c95a29ae26fc607c10b5eb22e9fee79a704e97e1b0e68a44b2de,top_journal_v3_reaudit_055/paper_B_psc_mechanism/artifacts/b3_cache/DIOR_R_seed2.npz,be398b487a469468923b4b22575fd3039575782151ed3cb1839782e013c57a65,gt_box,float64,"[48195, 5]",a59032bfc396cf1794dd0420cac2e747874e9a6ad10f3b279b9400ac47f38494,a59032bfc396cf1794dd0420cac2e747874e9a6ad10f3b279b9400ac47f38494,85383,48195,f1cfb984c300d53b36ffc9dca7ef64383373c71025f8a2074e4249b5007aa8ff,,rtol=0;atol=0;NaN-equal,0.0,PASS,direct JSON field parse followed only by GT aspect_ratio>=2.1; no floating derivation
cache_array,DIOR-R,2,outputs/persistent_artifacts/m069_psc_phase1/DIOR-R/seed2/matched_phase.jsonl,98cdeb2f22b0c95a29ae26fc607c10b5eb22e9fee79a704e97e1b0e68a44b2de,top_journal_v3_reaudit_055/paper_B_psc_mechanism/artifacts/b3_cache/DIOR_R_seed2.npz,be398b487a469468923b4b22575fd3039575782151ed3cb1839782e013c57a65,image,object,[48195],4e81dcec6df9df91389ac829ea5e23a51e70a670db3afa3420f85440d0621463,4e81dcec6df9df91389ac829ea5e23a51e70a670db3afa3420f85440d0621463,85383,48195,f1cfb984c300d53b36ffc9dca7ef64383373c71025f8a2074e4249b5007aa8ff,,rtol=0;atol=0;NaN-equal,0.0,PASS,direct JSON field parse followed only by GT aspect_ratio>=2.1; no floating derivation
cache_array,DIOR-R,2,outputs/persistent_artifacts/m069_psc_phase1/DIOR-R/seed2/matched_phase.jsonl,98cdeb2f22b0c95a29ae26fc607c10b5eb22e9fee79a704e97e1b0e68a44b2de,top_journal_v3_reaudit_055/paper_B_psc_mechanism/artifacts/b3_cache/DIOR_R_seed2.npz,be398b487a469468923b4b22575fd3039575782151ed3cb1839782e013c57a65,pred_box,float64,"[48195, 5]",f9a7e0a5fb46c1d977d24c0fc4731a01d5983fb122fe4d32d085a1cbf631af78,f9a7e0a5fb46c1d977d24c0fc4731a01d5983fb122fe4d32d085a1cbf631af78,85383,48195,f1cfb984c300d53b36ffc9dca7ef64383373c71025f8a2074e4249b5007aa8ff,,rtol=0;atol=0;NaN-equal,0.0,PASS,direct JSON field parse followed only by GT aspect_ratio>=2.1; no floating derivation
cache_array,DIOR-R,2,outputs/persistent_artifacts/m069_psc_phase1/DIOR-R/seed2/matched_phase.jsonl,98cdeb2f22b0c95a29ae26fc607c10b5eb22e9fee79a704e97e1b0e68a44b2de,top_journal_v3_reaudit_055/paper_B_psc_mechanism/artifacts/b3_cache/DIOR_R_seed2.npz,be398b487a469468923b4b22575fd3039575782151ed3cb1839782e013c57a65,score,float64,[48195],cf66eab331a33990ce87690923fd7eb918b9c960e6f62d8ce66ca374b31ef757,cf66eab331a33990ce87690923fd7eb918b9c960e6f62d8ce66ca374b31ef757,85383,48195,f1cfb984c300d53b36ffc9dca7ef64383373c71025f8a2074e4249b5007aa8ff,,rtol=0;atol=0;NaN-equal,0.0,PASS,direct JSON field parse followed only by GT aspect_ratio>=2.1; no floating derivation
cache_array,DIOR-R,2,outputs/persistent_artifacts/m069_psc_phase1/DIOR-R/seed2/matched_phase.jsonl,98cdeb2f22b0c95a29ae26fc607c10b5eb22e9fee79a704e97e1b0e68a44b2de,top_journal_v3_reaudit_055/paper_B_psc_mechanism/artifacts/b3_cache/DIOR_R_seed2.npz,be398b487a469468923b4b22575fd3039575782151ed3cb1839782e013c57a65,size,float64,[48195],2ae3f29465412d7f97a945c80ba26a8efd783a547a30cf6405ff9deb6cf29b32,2ae3f29465412d7f97a945c80ba26a8efd783a547a30cf6405ff9deb6cf29b32,85383,48195,f1cfb984c300d53b36ffc9dca7ef64383373c71025f8a2074e4249b5007aa8ff,,rtol=0;atol=0;NaN-equal,0.0,PASS,direct JSON field parse followed only by GT aspect_ratio>=2.1; no floating derivation
cache_array,DIOR-R,2,outputs/persistent_artifacts/m069_psc_phase1/DIOR-R/seed2/matched_phase.jsonl,98cdeb2f22b0c95a29ae26fc607c10b5eb22e9fee79a704e97e1b0e68a44b2de,top_journal_v3_reaudit_055/paper_B_psc_mechanism/artifacts/b3_cache/DIOR_R_seed2.npz,be398b487a469468923b4b22575fd3039575782151ed3cb1839782e013c57a65,tta,float64,[48195],18e084c38272ec1cc04b41139c27e46dff7b5c0f0b35cd0146b575ab94fcb545,18e084c38272ec1cc04b41139c27e46dff7b5c0f0b35cd0146b575ab94fcb545,85383,48195,f1cfb984c300d53b36ffc9dca7ef64383373c71025f8a2074e4249b5007aa8ff,,rtol=0;atol=0;NaN-equal,0.0,PASS,direct JSON field parse followed only by GT aspect_ratio>=2.1; no floating derivation
cache_array,DIOR-R,2,outputs/persistent_artifacts/m069_psc_phase1/DIOR-R/seed2/matched_phase.jsonl,98cdeb2f22b0c95a29ae26fc607c10b5eb22e9fee79a704e97e1b0e68a44b2de,top_journal_v3_reaudit_055/paper_B_psc_mechanism/artifacts/b3_cache/DIOR_R_seed2.npz,be398b487a469468923b4b22575fd3039575782151ed3cb1839782e013c57a65,vector,float64,"[48195, 6]",b458321bf30ed4a515b58f6747eee534598dc75d08f58c301bed024114acd1c7,b458321bf30ed4a515b58f6747eee534598dc75d08f58c301bed024114acd1c7,85383,48195,f1cfb984c300d53b36ffc9dca7ef64383373c71025f8a2074e4249b5007aa8ff,,rtol=0;atol=0;NaN-equal,0.0,PASS,direct JSON field parse followed only by GT aspect_ratio>=2.1; no floating derivation
cache_unit,DIOR-R,2,outputs/persistent_artifacts/m069_psc_phase1/DIOR-R/seed2/matched_phase.jsonl,98cdeb2f22b0c95a29ae26fc607c10b5eb22e9fee79a704e97e1b0e68a44b2de,top_journal_v3_reaudit_055/paper_B_psc_mechanism/artifacts/b3_cache/DIOR_R_seed2.npz,be398b487a469468923b4b22575fd3039575782151ed3cb1839782e013c57a65,ALL,mixed,,,,85383,48195,f1cfb984c300d53b36ffc9dca7ef64383373c71025f8a2074e4249b5007aa8ff,338022184d4ebad6444eb360c751e248571f34db7e4946e04584b8e2bcc9d10a,exact,0.0,PASS,cache omits pred_id/gt_id; exact ordered content equality proves cache row order
cache_array,SODA-A,0,outputs/persistent_artifacts/m069_psc_phase1/SODA-A/seed0/matched_phase.jsonl,09acdd753960b7d935da2f3f09b502ae9134ef16a0f19c6ffdfd547cfb40bdc8,top_journal_v3_reaudit_055/paper_B_psc_mechanism/artifacts/b3_cache/SODA_A_seed0.npz,54c183da0e75fe071e054ca8ac4c292ddc1fe5f255f918cc52f956b20daa6341,ar,float64,[193045],1fb56ff39a11b313568a4681a721a8dfd81ab19beae815548d2f524122f26ab8,1fb56ff39a11b313568a4681a721a8dfd81ab19beae815548d2f524122f26ab8,302699,193045,3ae38efdd3cf92588a8161c104694d9b9087fd299531fde491f8d67efff2ab95,,rtol=0;atol=0;NaN-equal,0.0,PASS,direct JSON field parse followed only by GT aspect_ratio>=2.1; no floating derivation
cache_array,SODA-A,0,outputs/persistent_artifacts/m069_psc_phase1/SODA-A/seed0/matched_phase.jsonl,09acdd753960b7d935da2f3f09b502ae9134ef16a0f19c6ffdfd547cfb40bdc8,top_journal_v3_reaudit_055/paper_B_psc_mechanism/artifacts/b3_cache/SODA_A_seed0.npz,54c183da0e75fe071e054ca8ac4c292ddc1fe5f255f918cc52f956b20daa6341,boundary,float64,[193045],5b6e3fa8fdd414b0ee3c62912c5d0f6feefac363c316636ef1fb80cd494ced30,5b6e3fa8fdd414b0ee3c62912c5d0f6feefac363c316636ef1fb80cd494ced30,302699,193045,3ae38efdd3cf92588a8161c104694d9b9087fd299531fde491f8d67efff2ab95,,rtol=0;atol=0;NaN-equal,0.0,PASS,direct JSON field parse followed only by GT aspect_ratio>=2.1; no floating derivation
cache_array,SODA-A,0,outputs/persistent_artifacts/m069_psc_phase1/SODA-A/seed0/matched_phase.jsonl,09acdd753960b7d935da2f3f09b502ae9134ef16a0f19c6ffdfd547cfb40bdc8,top_journal_v3_reaudit_055/paper_B_psc_mechanism/artifacts/b3_cache/SODA_A_seed0.npz,54c183da0e75fe071e054ca8ac4c292ddc1fe5f255f918cc52f956b20daa6341,cls,object,[193045],2c31fa288fe6a2eaf0cf693741a2c4ec8ff341ca9593fa1120fc41adebad1183,2c31fa288fe6a2eaf0cf693741a2c4ec8ff341ca9593fa1120fc41adebad1183,302699,193045,3ae38efdd3cf92588a8161c104694d9b9087fd299531fde491f8d67efff2ab95,,rtol=0;atol=0;NaN-equal,0.0,PASS,direct JSON field parse followed only by GT aspect_ratio>=2.1; no floating derivation
cache_array,SODA-A,0,outputs/persistent_artifacts/m069_psc_phase1/SODA-A/seed0/matched_phase.jsonl,09acdd753960b7d935da2f3f09b502ae9134ef16a0f19c6ffdfd547cfb40bdc8,top_journal_v3_reaudit_055/paper_B_psc_mechanism/artifacts/b3_cache/SODA_A_seed0.npz,54c183da0e75fe071e054ca8ac4c292ddc1fe5f255f918cc52f956b20daa6341,error,float64,[193045],42cd8a957fe5a00196282b9af386ed93ec07ec8b3e741a7c73416666d44d1cdd,42cd8a957fe5a00196282b9af386ed93ec07ec8b3e741a7c73416666d44d1cdd,302699,193045,3ae38efdd3cf92588a8161c104694d9b9087fd299531fde491f8d67efff2ab95,,rtol=0;atol=0;NaN-equal,0.0,PASS,direct JSON field parse followed only by GT aspect_ratio>=2.1; no floating derivation
cache_array,SODA-A,0,outputs/persistent_artifacts/m069_psc_phase1/SODA-A/seed0/matched_phase.jsonl,09acdd753960b7d935da2f3f09b502ae9134ef16a0f19c6ffdfd547cfb40bdc8,top_journal_v3_reaudit_055/paper_B_psc_mechanism/artifacts/b3_cache/SODA_A_seed0.npz,54c183da0e75fe071e054ca8ac4c292ddc1fe5f255f918cc52f956b20daa6341,feature,float64,[193045],48d0a80e3d57fe120816bb645d00c4863eb17cab8da09e877faecd57d30941f3,48d0a80e3d57fe120816bb645d00c4863eb17cab8da09e877faecd57d30941f3,302699,193045,3ae38efdd3cf92588a8161c104694d9b9087fd299531fde491f8d67efff2ab95,,rtol=0;atol=0;NaN-equal,0.0,PASS,direct JSON field parse followed only by GT aspect_ratio>=2.1; no floating derivation
cache_array,SODA-A,0,outputs/persistent_artifacts/m069_psc_phase1/SODA-A/seed0/matched_phase.jsonl,09acdd753960b7d935da2f3f09b502ae9134ef16a0f19c6ffdfd547cfb40bdc8,top_journal_v3_reaudit_055/paper_B_psc_mechanism/artifacts/b3_cache/SODA_A_seed0.npz,54c183da0e75fe071e054ca8ac4c292ddc1fe5f255f918cc52f956b20daa6341,gt_box,float64,"[193045, 5]",eb237683a089459f6feb6c27fa7a4ebbf5b6be6ad88bdca5ab534707ef635f33,eb237683a089459f6feb6c27fa7a4ebbf5b6be6ad88bdca5ab534707ef635f33,302699,193045,3ae38efdd3cf92588a8161c104694d9b9087fd299531fde491f8d67efff2ab95,,rtol=0;atol=0;NaN-equal,0.0,PASS,direct JSON field parse followed only by GT aspect_ratio>=2.1; no floating derivation
cache_array,SODA-A,0,outputs/persistent_artifacts/m069_psc_phase1/SODA-A/seed0/matched_phase.jsonl,09acdd753960b7d935da2f3f09b502ae9134ef16a0f19c6ffdfd547cfb40bdc8,top_journal_v3_reaudit_055/paper_B_psc_mechanism/artifacts/b3_cache/SODA_A_seed0.npz,54c183da0e75fe071e054ca8ac4c292ddc1fe5f255f918cc52f956b20daa6341,image,object,[193045],2d6111645df9b965c49c791bf43b1029ce79b809af17f18e2ecddec3e937238d,2d6111645df9b965c49c791bf43b1029ce79b809af17f18e2ecddec3e937238d,302699,193045,3ae38efdd3cf92588a8161c104694d9b9087fd299531fde491f8d67efff2ab95,,rtol=0;atol=0;NaN-equal,0.0,PASS,direct JSON field parse followed only by GT aspect_ratio>=2.1; no floating derivation
cache_array,SODA-A,0,outputs/persistent_artifacts/m069_psc_phase1/SODA-A/seed0/matched_phase.jsonl,09acdd753960b7d935da2f3f09b502ae9134ef16a0f19c6ffdfd547cfb40bdc8,top_journal_v3_reaudit_055/paper_B_psc_mechanism/artifacts/b3_cache/SODA_A_seed0.npz,54c183da0e75fe071e054ca8ac4c292ddc1fe5f255f918cc52f956b20daa6341,pred_box,float64,"[193045, 5]",b3c86c78d4a784c9ee7bbb4f203036027a8937ccffe4768199c0073d2e9c3c67,b3c86c78d4a784c9ee7bbb4f203036027a8937ccffe4768199c0073d2e9c3c67,302699,193045,3ae38efdd3cf92588a8161c104694d9b9087fd299531fde491f8d67efff2ab95,,rtol=0;atol=0;NaN-equal,0.0,PASS,direct JSON field parse followed only by GT aspect_ratio>=2.1; no floating derivation
cache_array,SODA-A,0,outputs/persistent_artifacts/m069_psc_phase1/SODA-A/seed0/matched_phase.jsonl,09acdd753960b7d935da2f3f09b502ae9134ef16a0f19c6ffdfd547cfb40bdc8,top_journal_v3_reaudit_055/paper_B_psc_mechanism/artifacts/b3_cache/SODA_A_seed0.npz,54c183da0e75fe071e054ca8ac4c292ddc1fe5f255f918cc52f956b20daa6341,score,float64,[193045],9ab270fe5ca999bc031aab9a3fc21b100fad72ad11ea7ba97f9ae974f1d31a6a,9ab270fe5ca999bc031aab9a3fc21b100fad72ad11ea7ba97f9ae974f1d31a6a,302699,193045,3ae38efdd3cf92588a8161c104694d9b9087fd299531fde491f8d67efff2ab95,,rtol=0;atol=0;NaN-equal,0.0,PASS,direct JSON field parse followed only by GT aspect_ratio>=2.1; no floating derivation
cache_array,SODA-A,0,outputs/persistent_artifacts/m069_psc_phase1/SODA-A/seed0/matched_phase.jsonl,09acdd753960b7d935da2f3f09b502ae9134ef16a0f19c6ffdfd547cfb40bdc8,top_journal_v3_reaudit_055/paper_B_psc_mechanism/artifacts/b3_cache/SODA_A_seed0.npz,54c183da0e75fe071e054ca8ac4c292ddc1fe5f255f918cc52f956b20daa6341,size,float64,[193045],f33f0a9491d44e0d02c8ec91e947f7a6831af410397b7c2fe6262f0d479e20f3,f33f0a9491d44e0d02c8ec91e947f7a6831af410397b7c2fe6262f0d479e20f3,302699,193045,3ae38efdd3cf92588a8161c104694d9b9087fd299531fde491f8d67efff2ab95,,rtol=0;atol=0;NaN-equal,0.0,PASS,direct JSON field parse followed only by GT aspect_ratio>=2.1; no floating derivation
cache_array,SODA-A,0,outputs/persistent_artifacts/m069_psc_phase1/SODA-A/seed0/matched_phase.jsonl,09acdd753960b7d935da2f3f09b502ae9134ef16a0f19c6ffdfd547cfb40bdc8,top_journal_v3_reaudit_055/paper_B_psc_mechanism/artifacts/b3_cache/SODA_A_seed0.npz,54c183da0e75fe071e054ca8ac4c292ddc1fe5f255f918cc52f956b20daa6341,tta,float64,[193045],3c5670c0e4544825a9c31344766c24116351c1fe901eec767781d8eb283a1604,3c5670c0e4544825a9c31344766c24116351c1fe901eec767781d8eb283a1604,302699,193045,3ae38efdd3cf92588a8161c104694d9b9087fd299531fde491f8d67efff2ab95,,rtol=0;atol=0;NaN-equal,0.0,PASS,direct JSON field parse followed only by GT aspect_ratio>=2.1; no floating derivation
cache_array,SODA-A,0,outputs/persistent_artifacts/m069_psc_phase1/SODA-A/seed0/matched_phase.jsonl,09acdd753960b7d935da2f3f09b502ae9134ef16a0f19c6ffdfd547cfb40bdc8,top_journal_v3_reaudit_055/paper_B_psc_mechanism/artifacts/b3_cache/SODA_A_seed0.npz,54c183da0e75fe071e054ca8ac4c292ddc1fe5f255f918cc52f956b20daa6341,vector,float64,"[193045, 6]",9365c04a37c6aae7e4d09d8868afb75a31e0226c6c07733047e6d59a52f80bcd,9365c04a37c6aae7e4d09d8868afb75a31e0226c6c07733047e6d59a52f80bcd,302699,193045,3ae38efdd3cf92588a8161c104694d9b9087fd299531fde491f8d67efff2ab95,,rtol=0;atol=0;NaN-equal,0.0,PASS,direct JSON field parse followed only by GT aspect_ratio>=2.1; no floating derivation
cache_unit,SODA-A,0,outputs/persistent_artifacts/m069_psc_phase1/SODA-A/seed0/matched_phase.jsonl,09acdd753960b7d935da2f3f09b502ae9134ef16a0f19c6ffdfd547cfb40bdc8,top_journal_v3_reaudit_055/paper_B_psc_mechanism/artifacts/b3_cache/SODA_A_seed0.npz,54c183da0e75fe071e054ca8ac4c292ddc1fe5f255f918cc52f956b20daa6341,ALL,mixed,,,,302699,193045,3ae38efdd3cf92588a8161c104694d9b9087fd299531fde491f8d67efff2ab95,4f3379396d286b12bf7651a04eaa2c8099e4826db2b582875856ebee1d6e13e9,exact,0.0,PASS,cache omits pred_id/gt_id; exact ordered content equality proves cache row order
cache_array,SODA-A,1,outputs/persistent_artifacts/m069_psc_phase1/SODA-A/seed1/matched_phase.jsonl,8aeeaf2d439098da9045644c7cf99d72bcf8b5c0d3f7144b8893ed7e4cf03b84,top_journal_v3_reaudit_055/paper_B_psc_mechanism/artifacts/b3_cache/SODA_A_seed1.npz,0c98f5655493d4728d0b46f6cc0875f8a6be9f75cf64f3caa36af3c029098881,ar,float64,[195192],97ae03f27e204fee43fc0fe2d4796c3851bfc48179c9519abe9745c1c04f4dc3,97ae03f27e204fee43fc0fe2d4796c3851bfc48179c9519abe9745c1c04f4dc3,305938,195192,4d7c25f8359c5c5056444ac0acdc4b01f340c7f10b36a9ef94df5dcb50f528e1,,rtol=0;atol=0;NaN-equal,0.0,PASS,direct JSON field parse followed only by GT aspect_ratio>=2.1; no floating derivation
cache_array,SODA-A,1,outputs/persistent_artifacts/m069_psc_phase1/SODA-A/seed1/matched_phase.jsonl,8aeeaf2d439098da9045644c7cf99d72bcf8b5c0d3f7144b8893ed7e4cf03b84,top_journal_v3_reaudit_055/paper_B_psc_mechanism/artifacts/b3_cache/SODA_A_seed1.npz,0c98f5655493d4728d0b46f6cc0875f8a6be9f75cf64f3caa36af3c029098881,boundary,float64,[195192],a3002a7ed63778e926abd4b4fa48b33343e9dcab5fc538b8d4006cb5dcd695b7,a3002a7ed63778e926abd4b4fa48b33343e9dcab5fc538b8d4006cb5dcd695b7,305938,195192,4d7c25f8359c5c5056444ac0acdc4b01f340c7f10b36a9ef94df5dcb50f528e1,,rtol=0;atol=0;NaN-equal,0.0,PASS,direct JSON field parse followed only by GT aspect_ratio>=2.1; no floating derivation
cache_array,SODA-A,1,outputs/persistent_artifacts/m069_psc_phase1/SODA-A/seed1/matched_phase.jsonl,8aeeaf2d439098da9045644c7cf99d72bcf8b5c0d3f7144b8893ed7e4cf03b84,top_journal_v3_reaudit_055/paper_B_psc_mechanism/artifacts/b3_cache/SODA_A_seed1.npz,0c98f5655493d4728d0b46f6cc0875f8a6be9f75cf64f3caa36af3c029098881,cls,object,[195192],65b2ab7a8e083899893e08da230c62991ea38eee4775c518bbf73f890ee2d78a,65b2ab7a8e083899893e08da230c62991ea38eee4775c518bbf73f890ee2d78a,305938,195192,4d7c25f8359c5c5056444ac0acdc4b01f340c7f10b36a9ef94df5dcb50f528e1,,rtol=0;atol=0;NaN-equal,0.0,PASS,direct JSON field parse followed only by GT aspect_ratio>=2.1; no floating derivation
cache_array,SODA-A,1,outputs/persistent_artifacts/m069_psc_phase1/SODA-A/seed1/matched_phase.jsonl,8aeeaf2d439098da9045644c7cf99d72bcf8b5c0d3f7144b8893ed7e4cf03b84,top_journal_v3_reaudit_055/paper_B_psc_mechanism/artifacts/b3_cache/SODA_A_seed1.npz,0c98f5655493d4728d0b46f6cc0875f8a6be9f75cf64f3caa36af3c029098881,error,float64,[195192],4be18ac54e45caa134f99e289722beb31afc0cdf5a482a4bba23239364a8d658,4be18ac54e45caa134f99e289722beb31afc0cdf5a482a4bba23239364a8d658,305938,195192,4d7c25f8359c5c5056444ac0acdc4b01f340c7f10b36a9ef94df5dcb50f528e1,,rtol=0;atol=0;NaN-equal,0.0,PASS,direct JSON field parse followed only by GT aspect_ratio>=2.1; no floating derivation
cache_array,SODA-A,1,outputs/persistent_artifacts/m069_psc_phase1/SODA-A/seed1/matched_phase.jsonl,8aeeaf2d439098da9045644c7cf99d72bcf8b5c0d3f7144b8893ed7e4cf03b84,top_journal_v3_reaudit_055/paper_B_psc_mechanism/artifacts/b3_cache/SODA_A_seed1.npz,0c98f5655493d4728d0b46f6cc0875f8a6be9f75cf64f3caa36af3c029098881,feature,float64,[195192],e55fcb4847888073b2a9224826e5c0642df34e70786368d4da996502ecbfcae6,e55fcb4847888073b2a9224826e5c0642df34e70786368d4da996502ecbfcae6,305938,195192,4d7c25f8359c5c5056444ac0acdc4b01f340c7f10b36a9ef94df5dcb50f528e1,,rtol=0;atol=0;NaN-equal,0.0,PASS,direct JSON field parse followed only by GT aspect_ratio>=2.1; no floating derivation
cache_array,SODA-A,1,outputs/persistent_artifacts/m069_psc_phase1/SODA-A/seed1/matched_phase.jsonl,8aeeaf2d439098da9045644c7cf99d72bcf8b5c0d3f7144b8893ed7e4cf03b84,top_journal_v3_reaudit_055/paper_B_psc_mechanism/artifacts/b3_cache/SODA_A_seed1.npz,0c98f5655493d4728d0b46f6cc0875f8a6be9f75cf64f3caa36af3c029098881,gt_box,float64,"[195192, 5]",0b1a6deb87f87cb9142e1c2ea826c6a85a3a5e5eecc4f7bb42b613ecc64a64d2,0b1a6deb87f87cb9142e1c2ea826c6a85a3a5e5eecc4f7bb42b613ecc64a64d2,305938,195192,4d7c25f8359c5c5056444ac0acdc4b01f340c7f10b36a9ef94df5dcb50f528e1,,rtol=0;atol=0;NaN-equal,0.0,PASS,direct JSON field parse followed only by GT aspect_ratio>=2.1; no floating derivation
cache_array,SODA-A,1,outputs/persistent_artifacts/m069_psc_phase1/SODA-A/seed1/matched_phase.jsonl,8aeeaf2d439098da9045644c7cf99d72bcf8b5c0d3f7144b8893ed7e4cf03b84,top_journal_v3_reaudit_055/paper_B_psc_mechanism/artifacts/b3_cache/SODA_A_seed1.npz,0c98f5655493d4728d0b46f6cc0875f8a6be9f75cf64f3caa36af3c029098881,image,object,[195192],7033e13bc6da6bca43b6adcca02321b45ffbb31e8109f34344cdd8e72938aa5c,7033e13bc6da6bca43b6adcca02321b45ffbb31e8109f34344cdd8e72938aa5c,305938,195192,4d7c25f8359c5c5056444ac0acdc4b01f340c7f10b36a9ef94df5dcb50f528e1,,rtol=0;atol=0;NaN-equal,0.0,PASS,direct JSON field parse followed only by GT aspect_ratio>=2.1; no floating derivation
cache_array,SODA-A,1,outputs/persistent_artifacts/m069_psc_phase1/SODA-A/seed1/matched_phase.jsonl,8aeeaf2d439098da9045644c7cf99d72bcf8b5c0d3f7144b8893ed7e4cf03b84,top_journal_v3_reaudit_055/paper_B_psc_mechanism/artifacts/b3_cache/SODA_A_seed1.npz,0c98f5655493d4728d0b46f6cc0875f8a6be9f75cf64f3caa36af3c029098881,pred_box,float64,"[195192, 5]",fd806066732c165dbf09260fb215c0a7371d25a64d2a6f71aa840191ca2f72a7,fd806066732c165dbf09260fb215c0a7371d25a64d2a6f71aa840191ca2f72a7,305938,195192,4d7c25f8359c5c5056444ac0acdc4b01f340c7f10b36a9ef94df5dcb50f528e1,,rtol=0;atol=0;NaN-equal,0.0,PASS,direct JSON field parse followed only by GT aspect_ratio>=2.1; no floating derivation
cache_array,SODA-A,1,outputs/persistent_artifacts/m069_psc_phase1/SODA-A/seed1/matched_phase.jsonl,8aeeaf2d439098da9045644c7cf99d72bcf8b5c0d3f7144b8893ed7e4cf03b84,top_journal_v3_reaudit_055/paper_B_psc_mechanism/artifacts/b3_cache/SODA_A_seed1.npz,0c98f5655493d4728d0b46f6cc0875f8a6be9f75cf64f3caa36af3c029098881,score,float64,[195192],14372ff8efb7b25b57425e7dcc60b3696f5179e37096f01f97b7b7882a0eac91,14372ff8efb7b25b57425e7dcc60b3696f5179e37096f01f97b7b7882a0eac91,305938,195192,4d7c25f8359c5c5056444ac0acdc4b01f340c7f10b36a9ef94df5dcb50f528e1,,rtol=0;atol=0;NaN-equal,0.0,PASS,direct JSON field parse followed only by GT aspect_ratio>=2.1; no floating derivation
cache_array,SODA-A,1,outputs/persistent_artifacts/m069_psc_phase1/SODA-A/seed1/matched_phase.jsonl,8aeeaf2d439098da9045644c7cf99d72bcf8b5c0d3f7144b8893ed7e4cf03b84,top_journal_v3_reaudit_055/paper_B_psc_mechanism/artifacts/b3_cache/SODA_A_seed1.npz,0c98f5655493d4728d0b46f6cc0875f8a6be9f75cf64f3caa36af3c029098881,size,float64,[195192],c84c0363b63d90bbee2a57d1b235ab11fd41e57a9ceef8be3d5753456198849d,c84c0363b63d90bbee2a57d1b235ab11fd41e57a9ceef8be3d5753456198849d,305938,195192,4d7c25f8359c5c5056444ac0acdc4b01f340c7f10b36a9ef94df5dcb50f528e1,,rtol=0;atol=0;NaN-equal,0.0,PASS,direct JSON field parse followed only by GT aspect_ratio>=2.1; no floating derivation
cache_array,SODA-A,1,outputs/persistent_artifacts/m069_psc_phase1/SODA-A/seed1/matched_phase.jsonl,8aeeaf2d439098da9045644c7cf99d72bcf8b5c0d3f7144b8893ed7e4cf03b84,top_journal_v3_reaudit_055/paper_B_psc_mechanism/artifacts/b3_cache/SODA_A_seed1.npz,0c98f5655493d4728d0b46f6cc0875f8a6be9f75cf64f3caa36af3c029098881,tta,float64,[195192],145ecb6e61f98305350a4e230efcfd67f26b0cdc83ef4eb9a702267e4e6da062,145ecb6e61f98305350a4e230efcfd67f26b0cdc83ef4eb9a702267e4e6da062,305938,195192,4d7c25f8359c5c5056444ac0acdc4b01f340c7f10b36a9ef94df5dcb50f528e1,,rtol=0;atol=0;NaN-equal,0.0,PASS,direct JSON field parse followed only by GT aspect_ratio>=2.1; no floating derivation
cache_array,SODA-A,1,outputs/persistent_artifacts/m069_psc_phase1/SODA-A/seed1/matched_phase.jsonl,8aeeaf2d439098da9045644c7cf99d72bcf8b5c0d3f7144b8893ed7e4cf03b84,top_journal_v3_reaudit_055/paper_B_psc_mechanism/artifacts/b3_cache/SODA_A_seed1.npz,0c98f5655493d4728d0b46f6cc0875f8a6be9f75cf64f3caa36af3c029098881,vector,float64,"[195192, 6]",875e619397d5ba55e67b45da9eff982b2ae12be254e5632a4f82bed9942d24be,875e619397d5ba55e67b45da9eff982b2ae12be254e5632a4f82bed9942d24be,305938,195192,4d7c25f8359c5c5056444ac0acdc4b01f340c7f10b36a9ef94df5dcb50f528e1,,rtol=0;atol=0;NaN-equal,0.0,PASS,direct JSON field parse followed only by GT aspect_ratio>=2.1; no floating derivation
cache_unit,SODA-A,1,outputs/persistent_artifacts/m069_psc_phase1/SODA-A/seed1/matched_phase.jsonl,8aeeaf2d439098da9045644c7cf99d72bcf8b5c0d3f7144b8893ed7e4cf03b84,top_journal_v3_reaudit_055/paper_B_psc_mechanism/artifacts/b3_cache/SODA_A_seed1.npz,0c98f5655493d4728d0b46f6cc0875f8a6be9f75cf64f3caa36af3c029098881,ALL,mixed,,,,305938,195192,4d7c25f8359c5c5056444ac0acdc4b01f340c7f10b36a9ef94df5dcb50f528e1,d7fa17d5fbcb82de3b191f847c013fc83228fbad4d6681dbcfadcf532f72e7d1,exact,0.0,PASS,cache omits pred_id/gt_id; exact ordered content equality proves cache row order
cache_array,SODA-A,2,outputs/persistent_artifacts/m069_psc_phase1/SODA-A/seed2/matched_phase.jsonl,01d1fe4614a19dc22bf28cd7356c2e77fae0b8f02f5249567ad2e12c0a8ab057,top_journal_v3_reaudit_055/paper_B_psc_mechanism/artifacts/b3_cache/SODA_A_seed2.npz,5628b0972351180be37619c938a658b2dff056bdc6c63c4c475fa9fa94f3f88b,ar,float64,[196374],0c26211f84c564da8ff947bfe8ed4ee387cc6f10ab2db0822c1a9dcb9c8b214b,0c26211f84c564da8ff947bfe8ed4ee387cc6f10ab2db0822c1a9dcb9c8b214b,307622,196374,38f19bd53e017416c6cf3ed924d3a5a72624c4501e4d33057243a253dea84fb0,,rtol=0;atol=0;NaN-equal,0.0,PASS,direct JSON field parse followed only by GT aspect_ratio>=2.1; no floating derivation
cache_array,SODA-A,2,outputs/persistent_artifacts/m069_psc_phase1/SODA-A/seed2/matched_phase.jsonl,01d1fe4614a19dc22bf28cd7356c2e77fae0b8f02f5249567ad2e12c0a8ab057,top_journal_v3_reaudit_055/paper_B_psc_mechanism/artifacts/b3_cache/SODA_A_seed2.npz,5628b0972351180be37619c938a658b2dff056bdc6c63c4c475fa9fa94f3f88b,boundary,float64,[196374],54b6c06329b043e9a9d28c9745770a10bd275f5e1e66af2dc4e8a3cf72046e27,54b6c06329b043e9a9d28c9745770a10bd275f5e1e66af2dc4e8a3cf72046e27,307622,196374,38f19bd53e017416c6cf3ed924d3a5a72624c4501e4d33057243a253dea84fb0,,rtol=0;atol=0;NaN-equal,0.0,PASS,direct JSON field parse followed only by GT aspect_ratio>=2.1; no floating derivation
cache_array,SODA-A,2,outputs/persistent_artifacts/m069_psc_phase1/SODA-A/seed2/matched_phase.jsonl,01d1fe4614a19dc22bf28cd7356c2e77fae0b8f02f5249567ad2e12c0a8ab057,top_journal_v3_reaudit_055/paper_B_psc_mechanism/artifacts/b3_cache/SODA_A_seed2.npz,5628b0972351180be37619c938a658b2dff056bdc6c63c4c475fa9fa94f3f88b,cls,object,[196374],b04e967c0da10a39b149eac4c92a6708aa4c2d3d50f4dd406168e1c2aa89b058,b04e967c0da10a39b149eac4c92a6708aa4c2d3d50f4dd406168e1c2aa89b058,307622,196374,38f19bd53e017416c6cf3ed924d3a5a72624c4501e4d33057243a253dea84fb0,,rtol=0;atol=0;NaN-equal,0.0,PASS,direct JSON field parse followed only by GT aspect_ratio>=2.1; no floating derivation
cache_array,SODA-A,2,outputs/persistent_artifacts/m069_psc_phase1/SODA-A/seed2/matched_phase.jsonl,01d1fe4614a19dc22bf28cd7356c2e77fae0b8f02f5249567ad2e12c0a8ab057,top_journal_v3_reaudit_055/paper_B_psc_mechanism/artifacts/b3_cache/SODA_A_seed2.npz,5628b0972351180be37619c938a658b2dff056bdc6c63c4c475fa9fa94f3f88b,error,float64,[196374],7af3b1561475a9e89ddd5baed6dec7fcad2a48bde2f57a8c449195b9f24e387f,7af3b1561475a9e89ddd5baed6dec7fcad2a48bde2f57a8c449195b9f24e387f,307622,196374,38f19bd53e017416c6cf3ed924d3a5a72624c4501e4d33057243a253dea84fb0,,rtol=0;atol=0;NaN-equal,0.0,PASS,direct JSON field parse followed only by GT aspect_ratio>=2.1; no floating derivation
cache_array,SODA-A,2,outputs/persistent_artifacts/m069_psc_phase1/SODA-A/seed2/matched_phase.jsonl,01d1fe4614a19dc22bf28cd7356c2e77fae0b8f02f5249567ad2e12c0a8ab057,top_journal_v3_reaudit_055/paper_B_psc_mechanism/artifacts/b3_cache/SODA_A_seed2.npz,5628b0972351180be37619c938a658b2dff056bdc6c63c4c475fa9fa94f3f88b,feature,float64,[196374],c9fa9a3e75070218bdbb05947ac95c59deac5cca6ca9f1a4a5baef9c2ae11a34,c9fa9a3e75070218bdbb05947ac95c59deac5cca6ca9f1a4a5baef9c2ae11a34,307622,196374,38f19bd53e017416c6cf3ed924d3a5a72624c4501e4d33057243a253dea84fb0,,rtol=0;atol=0;NaN-equal,0.0,PASS,direct JSON field parse followed only by GT aspect_ratio>=2.1; no floating derivation
cache_array,SODA-A,2,outputs/persistent_artifacts/m069_psc_phase1/SODA-A/seed2/matched_phase.jsonl,01d1fe4614a19dc22bf28cd7356c2e77fae0b8f02f5249567ad2e12c0a8ab057,top_journal_v3_reaudit_055/paper_B_psc_mechanism/artifacts/b3_cache/SODA_A_seed2.npz,5628b0972351180be37619c938a658b2dff056bdc6c63c4c475fa9fa94f3f88b,gt_box,float64,"[196374, 5]",64741760cf42911ca43aa8fda46f7741d00dd76b56b2de968e5506b597c2b0da,64741760cf42911ca43aa8fda46f7741d00dd76b56b2de968e5506b597c2b0da,307622,196374,38f19bd53e017416c6cf3ed924d3a5a72624c4501e4d33057243a253dea84fb0,,rtol=0;atol=0;NaN-equal,0.0,PASS,direct JSON field parse followed only by GT aspect_ratio>=2.1; no floating derivation
cache_array,SODA-A,2,outputs/persistent_artifacts/m069_psc_phase1/SODA-A/seed2/matched_phase.jsonl,01d1fe4614a19dc22bf28cd7356c2e77fae0b8f02f5249567ad2e12c0a8ab057,top_journal_v3_reaudit_055/paper_B_psc_mechanism/artifacts/b3_cache/SODA_A_seed2.npz,5628b0972351180be37619c938a658b2dff056bdc6c63c4c475fa9fa94f3f88b,image,object,[196374],c66ce2213cba1f74815ce5166e90e921244b385c45b8fb0507acf274ec74c217,c66ce2213cba1f74815ce5166e90e921244b385c45b8fb0507acf274ec74c217,307622,196374,38f19bd53e017416c6cf3ed924d3a5a72624c4501e4d33057243a253dea84fb0,,rtol=0;atol=0;NaN-equal,0.0,PASS,direct JSON field parse followed only by GT aspect_ratio>=2.1; no floating derivation
cache_array,SODA-A,2,outputs/persistent_artifacts/m069_psc_phase1/SODA-A/seed2/matched_phase.jsonl,01d1fe4614a19dc22bf28cd7356c2e77fae0b8f02f5249567ad2e12c0a8ab057,top_journal_v3_reaudit_055/paper_B_psc_mechanism/artifacts/b3_cache/SODA_A_seed2.npz,5628b0972351180be37619c938a658b2dff056bdc6c63c4c475fa9fa94f3f88b,pred_box,float64,"[196374, 5]",b7c8b1c2ef4431ed16e171fa525ceea37dc5eb78b1db76808168f31528cefca4,b7c8b1c2ef4431ed16e171fa525ceea37dc5eb78b1db76808168f31528cefca4,307622,196374,38f19bd53e017416c6cf3ed924d3a5a72624c4501e4d33057243a253dea84fb0,,rtol=0;atol=0;NaN-equal,0.0,PASS,direct JSON field parse followed only by GT aspect_ratio>=2.1; no floating derivation
cache_array,SODA-A,2,outputs/persistent_artifacts/m069_psc_phase1/SODA-A/seed2/matched_phase.jsonl,01d1fe4614a19dc22bf28cd7356c2e77fae0b8f02f5249567ad2e12c0a8ab057,top_journal_v3_reaudit_055/paper_B_psc_mechanism/artifacts/b3_cache/SODA_A_seed2.npz,5628b0972351180be37619c938a658b2dff056bdc6c63c4c475fa9fa94f3f88b,score,float64,[196374],f3291ab1eab4d6ec9e87ad10224b99a64312564b41b0672539e57a86af474ec1,f3291ab1eab4d6ec9e87ad10224b99a64312564b41b0672539e57a86af474ec1,307622,196374,38f19bd53e017416c6cf3ed924d3a5a72624c4501e4d33057243a253dea84fb0,,rtol=0;atol=0;NaN-equal,0.0,PASS,direct JSON field parse followed only by GT aspect_ratio>=2.1; no floating derivation
cache_array,SODA-A,2,outputs/persistent_artifacts/m069_psc_phase1/SODA-A/seed2/matched_phase.jsonl,01d1fe4614a19dc22bf28cd7356c2e77fae0b8f02f5249567ad2e12c0a8ab057,top_journal_v3_reaudit_055/paper_B_psc_mechanism/artifacts/b3_cache/SODA_A_seed2.npz,5628b0972351180be37619c938a658b2dff056bdc6c63c4c475fa9fa94f3f88b,size,float64,[196374],6e678aed8c1b5d261dbeef3deaf5278d054e7684168636099042cb0fbece4969,6e678aed8c1b5d261dbeef3deaf5278d054e7684168636099042cb0fbece4969,307622,196374,38f19bd53e017416c6cf3ed924d3a5a72624c4501e4d33057243a253dea84fb0,,rtol=0;atol=0;NaN-equal,0.0,PASS,direct JSON field parse followed only by GT aspect_ratio>=2.1; no floating derivation
cache_array,SODA-A,2,outputs/persistent_artifacts/m069_psc_phase1/SODA-A/seed2/matched_phase.jsonl,01d1fe4614a19dc22bf28cd7356c2e77fae0b8f02f5249567ad2e12c0a8ab057,top_journal_v3_reaudit_055/paper_B_psc_mechanism/artifacts/b3_cache/SODA_A_seed2.npz,5628b0972351180be37619c938a658b2dff056bdc6c63c4c475fa9fa94f3f88b,tta,float64,[196374],87b28742610eea7575b3a81adc1030bf54be7a0e45961c811038017f24e103a4,87b28742610eea7575b3a81adc1030bf54be7a0e45961c811038017f24e103a4,307622,196374,38f19bd53e017416c6cf3ed924d3a5a72624c4501e4d33057243a253dea84fb0,,rtol=0;atol=0;NaN-equal,0.0,PASS,direct JSON field parse followed only by GT aspect_ratio>=2.1; no floating derivation
cache_array,SODA-A,2,outputs/persistent_artifacts/m069_psc_phase1/SODA-A/seed2/matched_phase.jsonl,01d1fe4614a19dc22bf28cd7356c2e77fae0b8f02f5249567ad2e12c0a8ab057,top_journal_v3_reaudit_055/paper_B_psc_mechanism/artifacts/b3_cache/SODA_A_seed2.npz,5628b0972351180be37619c938a658b2dff056bdc6c63c4c475fa9fa94f3f88b,vector,float64,"[196374, 6]",6c071063dea9915391f42868db6f38fde33776303629207ee4c82cba143f0a2a,6c071063dea9915391f42868db6f38fde33776303629207ee4c82cba143f0a2a,307622,196374,38f19bd53e017416c6cf3ed924d3a5a72624c4501e4d33057243a253dea84fb0,,rtol=0;atol=0;NaN-equal,0.0,PASS,direct JSON field parse followed only by GT aspect_ratio>=2.1; no floating derivation
cache_unit,SODA-A,2,outputs/persistent_artifacts/m069_psc_phase1/SODA-A/seed2/matched_phase.jsonl,01d1fe4614a19dc22bf28cd7356c2e77fae0b8f02f5249567ad2e12c0a8ab057,top_journal_v3_reaudit_055/paper_B_psc_mechanism/artifacts/b3_cache/SODA_A_seed2.npz,5628b0972351180be37619c938a658b2dff056bdc6c63c4c475fa9fa94f3f88b,ALL,mixed,,,,307622,196374,38f19bd53e017416c6cf3ed924d3a5a72624c4501e4d33057243a253dea84fb0,0152ebfe9f12e98863ad8fa462ee34eb0f14363c0d45cfbbaa4c58cb8154f235,exact,0.0,PASS,cache omits pred_id/gt_id; exact ordered content equality proves cache row order
cache_array,FAIR1M-v1.0,0,top_journal_v3_reaudit_055/paper_B_psc_mechanism/artifacts/b3_fair1m/seed0/matched_phase.jsonl.gz,64d9f3be07631c95f187d9aeb67d394c22197fefa60acfa11c9ce25e14e68212,top_journal_v3_reaudit_055/paper_B_psc_mechanism/artifacts/b3_cache/FAIR1M_seed0.npz,c506a55359928f16e5b24d1bb2d88e2b1121d3662d4f879222826a47af4d087b,ar,float64,[31813],c51bba5a124230282ddf295f989a68ac4df096503d26041639166ac0cd8b850b,c51bba5a124230282ddf295f989a68ac4df096503d26041639166ac0cd8b850b,54639,31813,8400ba11bc22c938c11651fdabf6e909395ba5cd302e6456655532bca1312b8b,,rtol=0;atol=0;NaN-equal,0.0,PASS,direct JSON field parse followed only by GT aspect_ratio>=2.1; no floating derivation
cache_array,FAIR1M-v1.0,0,top_journal_v3_reaudit_055/paper_B_psc_mechanism/artifacts/b3_fair1m/seed0/matched_phase.jsonl.gz,64d9f3be07631c95f187d9aeb67d394c22197fefa60acfa11c9ce25e14e68212,top_journal_v3_reaudit_055/paper_B_psc_mechanism/artifacts/b3_cache/FAIR1M_seed0.npz,c506a55359928f16e5b24d1bb2d88e2b1121d3662d4f879222826a47af4d087b,boundary,float64,[31813],c4f69884f5f725def4a97a4bb258872e97fde8f62aa643d26788bedc13d2eabb,c4f69884f5f725def4a97a4bb258872e97fde8f62aa643d26788bedc13d2eabb,54639,31813,8400ba11bc22c938c11651fdabf6e909395ba5cd302e6456655532bca1312b8b,,rtol=0;atol=0;NaN-equal,0.0,PASS,direct JSON field parse followed only by GT aspect_ratio>=2.1; no floating derivation
cache_array,FAIR1M-v1.0,0,top_journal_v3_reaudit_055/paper_B_psc_mechanism/artifacts/b3_fair1m/seed0/matched_phase.jsonl.gz,64d9f3be07631c95f187d9aeb67d394c22197fefa60acfa11c9ce25e14e68212,top_journal_v3_reaudit_055/paper_B_psc_mechanism/artifacts/b3_cache/FAIR1M_seed0.npz,c506a55359928f16e5b24d1bb2d88e2b1121d3662d4f879222826a47af4d087b,cls,object,[31813],4761e7f2616f542242aedd381e62357069e4ec3bfc2403e61bc1459520ad768b,4761e7f2616f542242aedd381e62357069e4ec3bfc2403e61bc1459520ad768b,54639,31813,8400ba11bc22c938c11651fdabf6e909395ba5cd302e6456655532bca1312b8b,,rtol=0;atol=0;NaN-equal,0.0,PASS,direct JSON field parse followed only by GT aspect_ratio>=2.1; no floating derivation
cache_array,FAIR1M-v1.0,0,top_journal_v3_reaudit_055/paper_B_psc_mechanism/artifacts/b3_fair1m/seed0/matched_phase.jsonl.gz,64d9f3be07631c95f187d9aeb67d394c22197fefa60acfa11c9ce25e14e68212,top_journal_v3_reaudit_055/paper_B_psc_mechanism/artifacts/b3_cache/FAIR1M_seed0.npz,c506a55359928f16e5b24d1bb2d88e2b1121d3662d4f879222826a47af4d087b,error,float64,[31813],26df7b8ed11d63c41f8aa02feff76254f472d2c414f957aa28764b8a2994f1ea,26df7b8ed11d63c41f8aa02feff76254f472d2c414f957aa28764b8a2994f1ea,54639,31813,8400ba11bc22c938c11651fdabf6e909395ba5cd302e6456655532bca1312b8b,,rtol=0;atol=0;NaN-equal,0.0,PASS,direct JSON field parse followed only by GT aspect_ratio>=2.1; no floating derivation
cache_array,FAIR1M-v1.0,0,top_journal_v3_reaudit_055/paper_B_psc_mechanism/artifacts/b3_fair1m/seed0/matched_phase.jsonl.gz,64d9f3be07631c95f187d9aeb67d394c22197fefa60acfa11c9ce25e14e68212,top_journal_v3_reaudit_055/paper_B_psc_mechanism/artifacts/b3_cache/FAIR1M_seed0.npz,c506a55359928f16e5b24d1bb2d88e2b1121d3662d4f879222826a47af4d087b,feature,float64,[31813],084356d5b6e34c5cfe738321b8f9aea8a4c42e5911653f68e78bfc084bcb2bab,084356d5b6e34c5cfe738321b8f9aea8a4c42e5911653f68e78bfc084bcb2bab,54639,31813,8400ba11bc22c938c11651fdabf6e909395ba5cd302e6456655532bca1312b8b,,rtol=0;atol=0;NaN-equal,0.0,PASS,direct JSON field parse followed only by GT aspect_ratio>=2.1; no floating derivation
cache_array,FAIR1M-v1.0,0,top_journal_v3_reaudit_055/paper_B_psc_mechanism/artifacts/b3_fair1m/seed0/matched_phase.jsonl.gz,64d9f3be07631c95f187d9aeb67d394c22197fefa60acfa11c9ce25e14e68212,top_journal_v3_reaudit_055/paper_B_psc_mechanism/artifacts/b3_cache/FAIR1M_seed0.npz,c506a55359928f16e5b24d1bb2d88e2b1121d3662d4f879222826a47af4d087b,gt_box,float64,"[31813, 5]",9258d74fb7284431332fa2c06ede6d4e7040b6a444d7e009f9abecd20c05b172,9258d74fb7284431332fa2c06ede6d4e7040b6a444d7e009f9abecd20c05b172,54639,31813,8400ba11bc22c938c11651fdabf6e909395ba5cd302e6456655532bca1312b8b,,rtol=0;atol=0;NaN-equal,0.0,PASS,direct JSON field parse followed only by GT aspect_ratio>=2.1; no floating derivation
cache_array,FAIR1M-v1.0,0,top_journal_v3_reaudit_055/paper_B_psc_mechanism/artifacts/b3_fair1m/seed0/matched_phase.jsonl.gz,64d9f3be07631c95f187d9aeb67d394c22197fefa60acfa11c9ce25e14e68212,top_journal_v3_reaudit_055/paper_B_psc_mechanism/artifacts/b3_cache/FAIR1M_seed0.npz,c506a55359928f16e5b24d1bb2d88e2b1121d3662d4f879222826a47af4d087b,image,object,[31813],b5c360e8cd66f236f25694c7028b9a9aa1e28f71294d1b7697fae3c7a87bd68c,b5c360e8cd66f236f25694c7028b9a9aa1e28f71294d1b7697fae3c7a87bd68c,54639,31813,8400ba11bc22c938c11651fdabf6e909395ba5cd302e6456655532bca1312b8b,,rtol=0;atol=0;NaN-equal,0.0,PASS,direct JSON field parse followed only by GT aspect_ratio>=2.1; no floating derivation
cache_array,FAIR1M-v1.0,0,top_journal_v3_reaudit_055/paper_B_psc_mechanism/artifacts/b3_fair1m/seed0/matched_phase.jsonl.gz,64d9f3be07631c95f187d9aeb67d394c22197fefa60acfa11c9ce25e14e68212,top_journal_v3_reaudit_055/paper_B_psc_mechanism/artifacts/b3_cache/FAIR1M_seed0.npz,c506a55359928f16e5b24d1bb2d88e2b1121d3662d4f879222826a47af4d087b,pred_box,float64,"[31813, 5]",8e4bf65a080137ebdce1b6ce9c6a2fda3469444a533b916a08055b3aee14b88c,8e4bf65a080137ebdce1b6ce9c6a2fda3469444a533b916a08055b3aee14b88c,54639,31813,8400ba11bc22c938c11651fdabf6e909395ba5cd302e6456655532bca1312b8b,,rtol=0;atol=0;NaN-equal,0.0,PASS,direct JSON field parse followed only by GT aspect_ratio>=2.1; no floating derivation
cache_array,FAIR1M-v1.0,0,top_journal_v3_reaudit_055/paper_B_psc_mechanism/artifacts/b3_fair1m/seed0/matched_phase.jsonl.gz,64d9f3be07631c95f187d9aeb67d394c22197fefa60acfa11c9ce25e14e68212,top_journal_v3_reaudit_055/paper_B_psc_mechanism/artifacts/b3_cache/FAIR1M_seed0.npz,c506a55359928f16e5b24d1bb2d88e2b1121d3662d4f879222826a47af4d087b,score,float64,[31813],71d220454aff39644b19fd4fddb40dc9768a60bacab34c0ed650d5959934eb61,71d220454aff39644b19fd4fddb40dc9768a60bacab34c0ed650d5959934eb61,54639,31813,8400ba11bc22c938c11651fdabf6e909395ba5cd302e6456655532bca1312b8b,,rtol=0;atol=0;NaN-equal,0.0,PASS,direct JSON field parse followed only by GT aspect_ratio>=2.1; no floating derivation
cache_array,FAIR1M-v1.0,0,top_journal_v3_reaudit_055/paper_B_psc_mechanism/artifacts/b3_fair1m/seed0/matched_phase.jsonl.gz,64d9f3be07631c95f187d9aeb67d394c22197fefa60acfa11c9ce25e14e68212,top_journal_v3_reaudit_055/paper_B_psc_mechanism/artifacts/b3_cache/FAIR1M_seed0.npz,c506a55359928f16e5b24d1bb2d88e2b1121d3662d4f879222826a47af4d087b,size,float64,[31813],8015f2cf71f56ba41bd6a398c557e169e3d2c354e1f442463da4525dc50fa812,8015f2cf71f56ba41bd6a398c557e169e3d2c354e1f442463da4525dc50fa812,54639,31813,8400ba11bc22c938c11651fdabf6e909395ba5cd302e6456655532bca1312b8b,,rtol=0;atol=0;NaN-equal,0.0,PASS,direct JSON field parse followed only by GT aspect_ratio>=2.1; no floating derivation
cache_array,FAIR1M-v1.0,0,top_journal_v3_reaudit_055/paper_B_psc_mechanism/artifacts/b3_fair1m/seed0/matched_phase.jsonl.gz,64d9f3be07631c95f187d9aeb67d394c22197fefa60acfa11c9ce25e14e68212,top_journal_v3_reaudit_055/paper_B_psc_mechanism/artifacts/b3_cache/FAIR1M_seed0.npz,c506a55359928f16e5b24d1bb2d88e2b1121d3662d4f879222826a47af4d087b,tta,float64,[31813],084356d5b6e34c5cfe738321b8f9aea8a4c42e5911653f68e78bfc084bcb2bab,084356d5b6e34c5cfe738321b8f9aea8a4c42e5911653f68e78bfc084bcb2bab,54639,31813,8400ba11bc22c938c11651fdabf6e909395ba5cd302e6456655532bca1312b8b,,rtol=0;atol=0;NaN-equal,0.0,PASS,direct JSON field parse followed only by GT aspect_ratio>=2.1; no floating derivation
cache_array,FAIR1M-v1.0,0,top_journal_v3_reaudit_055/paper_B_psc_mechanism/artifacts/b3_fair1m/seed0/matched_phase.jsonl.gz,64d9f3be07631c95f187d9aeb67d394c22197fefa60acfa11c9ce25e14e68212,top_journal_v3_reaudit_055/paper_B_psc_mechanism/artifacts/b3_cache/FAIR1M_seed0.npz,c506a55359928f16e5b24d1bb2d88e2b1121d3662d4f879222826a47af4d087b,vector,float64,"[31813, 6]",9bec1eac32188f63cce839c9149502a6f82bd7c42de8a151962954a8a40417ed,9bec1eac32188f63cce839c9149502a6f82bd7c42de8a151962954a8a40417ed,54639,31813,8400ba11bc22c938c11651fdabf6e909395ba5cd302e6456655532bca1312b8b,,rtol=0;atol=0;NaN-equal,0.0,PASS,direct JSON field parse followed only by GT aspect_ratio>=2.1; no floating derivation
cache_unit,FAIR1M-v1.0,0,top_journal_v3_reaudit_055/paper_B_psc_mechanism/artifacts/b3_fair1m/seed0/matched_phase.jsonl.gz,64d9f3be07631c95f187d9aeb67d394c22197fefa60acfa11c9ce25e14e68212,top_journal_v3_reaudit_055/paper_B_psc_mechanism/artifacts/b3_cache/FAIR1M_seed0.npz,c506a55359928f16e5b24d1bb2d88e2b1121d3662d4f879222826a47af4d087b,ALL,mixed,,,,54639,31813,8400ba11bc22c938c11651fdabf6e909395ba5cd302e6456655532bca1312b8b,1de6fe7f188f5787348699cd421a8409d2aca0e1b2eaf3081e1f35ff6d852a96,exact,0.0,PASS,cache omits pred_id/gt_id; exact ordered content equality proves cache row order
cache_array,FAIR1M-v1.0,1,top_journal_v3_reaudit_055/paper_B_psc_mechanism/artifacts/b3_fair1m/seed1/matched_phase.jsonl.gz,fe8ff6ace4add0d9dd2530ea15c75686cebe423eeadf29cd86ea64bffb608971,top_journal_v3_reaudit_055/paper_B_psc_mechanism/artifacts/b3_cache/FAIR1M_seed1.npz,936310bc9ad9ecb573287211ff5a54a9aa30fa1e38423758acb57f80e8be3df5,ar,float64,[31978],629c7280337a41d4f78723c2554011c4c485d3e89e2d4ec18a84de85afe43119,629c7280337a41d4f78723c2554011c4c485d3e89e2d4ec18a84de85afe43119,54668,31978,2ef50b16d50d9855482750733673498e884d0a1f6c2c6288ac44d7651d925273,,rtol=0;atol=0;NaN-equal,0.0,PASS,direct JSON field parse followed only by GT aspect_ratio>=2.1; no floating derivation
cache_array,FAIR1M-v1.0,1,top_journal_v3_reaudit_055/paper_B_psc_mechanism/artifacts/b3_fair1m/seed1/matched_phase.jsonl.gz,fe8ff6ace4add0d9dd2530ea15c75686cebe423eeadf29cd86ea64bffb608971,top_journal_v3_reaudit_055/paper_B_psc_mechanism/artifacts/b3_cache/FAIR1M_seed1.npz,936310bc9ad9ecb573287211ff5a54a9aa30fa1e38423758acb57f80e8be3df5,boundary,float64,[31978],216559c7fa9500a10fd7a0bd5336ee50d016814ca2b6d2d9d6941f021507fb05,216559c7fa9500a10fd7a0bd5336ee50d016814ca2b6d2d9d6941f021507fb05,54668,31978,2ef50b16d50d9855482750733673498e884d0a1f6c2c6288ac44d7651d925273,,rtol=0;atol=0;NaN-equal,0.0,PASS,direct JSON field parse followed only by GT aspect_ratio>=2.1; no floating derivation
cache_array,FAIR1M-v1.0,1,top_journal_v3_reaudit_055/paper_B_psc_mechanism/artifacts/b3_fair1m/seed1/matched_phase.jsonl.gz,fe8ff6ace4add0d9dd2530ea15c75686cebe423eeadf29cd86ea64bffb608971,top_journal_v3_reaudit_055/paper_B_psc_mechanism/artifacts/b3_cache/FAIR1M_seed1.npz,936310bc9ad9ecb573287211ff5a54a9aa30fa1e38423758acb57f80e8be3df5,cls,object,[31978],e97ef6490d53fb8d8306ab530b3ae7b53eae2fcd655cd3b72c8117f54655107e,e97ef6490d53fb8d8306ab530b3ae7b53eae2fcd655cd3b72c8117f54655107e,54668,31978,2ef50b16d50d9855482750733673498e884d0a1f6c2c6288ac44d7651d925273,,rtol=0;atol=0;NaN-equal,0.0,PASS,direct JSON field parse followed only by GT aspect_ratio>=2.1; no floating derivation
cache_array,FAIR1M-v1.0,1,top_journal_v3_reaudit_055/paper_B_psc_mechanism/artifacts/b3_fair1m/seed1/matched_phase.jsonl.gz,fe8ff6ace4add0d9dd2530ea15c75686cebe423eeadf29cd86ea64bffb608971,top_journal_v3_reaudit_055/paper_B_psc_mechanism/artifacts/b3_cache/FAIR1M_seed1.npz,936310bc9ad9ecb573287211ff5a54a9aa30fa1e38423758acb57f80e8be3df5,error,float64,[31978],7160b4dcdd20fa278b557f651734bca0898b2e10639e6318726ae8f14d53139f,7160b4dcdd20fa278b557f651734bca0898b2e10639e6318726ae8f14d53139f,54668,31978,2ef50b16d50d9855482750733673498e884d0a1f6c2c6288ac44d7651d925273,,rtol=0;atol=0;NaN-equal,0.0,PASS,direct JSON field parse followed only by GT aspect_ratio>=2.1; no floating derivation
cache_array,FAIR1M-v1.0,1,top_journal_v3_reaudit_055/paper_B_psc_mechanism/artifacts/b3_fair1m/seed1/matched_phase.jsonl.gz,fe8ff6ace4add0d9dd2530ea15c75686cebe423eeadf29cd86ea64bffb608971,top_journal_v3_reaudit_055/paper_B_psc_mechanism/artifacts/b3_cache/FAIR1M_seed1.npz,936310bc9ad9ecb573287211ff5a54a9aa30fa1e38423758acb57f80e8be3df5,feature,float64,[31978],960e39a25ee8322bcc28c574bd155cdeceb0805368c3c54120f0020622c04028,960e39a25ee8322bcc28c574bd155cdeceb0805368c3c54120f0020622c04028,54668,31978,2ef50b16d50d9855482750733673498e884d0a1f6c2c6288ac44d7651d925273,,rtol=0;atol=0;NaN-equal,0.0,PASS,direct JSON field parse followed only by GT aspect_ratio>=2.1; no floating derivation
cache_array,FAIR1M-v1.0,1,top_journal_v3_reaudit_055/paper_B_psc_mechanism/artifacts/b3_fair1m/seed1/matched_phase.jsonl.gz,fe8ff6ace4add0d9dd2530ea15c75686cebe423eeadf29cd86ea64bffb608971,top_journal_v3_reaudit_055/paper_B_psc_mechanism/artifacts/b3_cache/FAIR1M_seed1.npz,936310bc9ad9ecb573287211ff5a54a9aa30fa1e38423758acb57f80e8be3df5,gt_box,float64,"[31978, 5]",1b3116796372ee546fb3f5fc7e58a63e27493d1249050b17a47584aa95b80bba,1b3116796372ee546fb3f5fc7e58a63e27493d1249050b17a47584aa95b80bba,54668,31978,2ef50b16d50d9855482750733673498e884d0a1f6c2c6288ac44d7651d925273,,rtol=0;atol=0;NaN-equal,0.0,PASS,direct JSON field parse followed only by GT aspect_ratio>=2.1; no floating derivation
cache_array,FAIR1M-v1.0,1,top_journal_v3_reaudit_055/paper_B_psc_mechanism/artifacts/b3_fair1m/seed1/matched_phase.jsonl.gz,fe8ff6ace4add0d9dd2530ea15c75686cebe423eeadf29cd86ea64bffb608971,top_journal_v3_reaudit_055/paper_B_psc_mechanism/artifacts/b3_cache/FAIR1M_seed1.npz,936310bc9ad9ecb573287211ff5a54a9aa30fa1e38423758acb57f80e8be3df5,image,object,[31978],216dcb2a261a3b4cc71a333c755e9462b9b792f8a757e428db033c32ec4f2024,216dcb2a261a3b4cc71a333c755e9462b9b792f8a757e428db033c32ec4f2024,54668,31978,2ef50b16d50d9855482750733673498e884d0a1f6c2c6288ac44d7651d925273,,rtol=0;atol=0;NaN-equal,0.0,PASS,direct JSON field parse followed only by GT aspect_ratio>=2.1; no floating derivation
cache_array,FAIR1M-v1.0,1,top_journal_v3_reaudit_055/paper_B_psc_mechanism/artifacts/b3_fair1m/seed1/matched_phase.jsonl.gz,fe8ff6ace4add0d9dd2530ea15c75686cebe423eeadf29cd86ea64bffb608971,top_journal_v3_reaudit_055/paper_B_psc_mechanism/artifacts/b3_cache/FAIR1M_seed1.npz,936310bc9ad9ecb573287211ff5a54a9aa30fa1e38423758acb57f80e8be3df5,pred_box,float64,"[31978, 5]",abbb66a2af26592c8d6aa1a2a6feb3efcd1bca854fc0a4927eed81939ee631da,abbb66a2af26592c8d6aa1a2a6feb3efcd1bca854fc0a4927eed81939ee631da,54668,31978,2ef50b16d50d9855482750733673498e884d0a1f6c2c6288ac44d7651d925273,,rtol=0;atol=0;NaN-equal,0.0,PASS,direct JSON field parse followed only by GT aspect_ratio>=2.1; no floating derivation
cache_array,FAIR1M-v1.0,1,top_journal_v3_reaudit_055/paper_B_psc_mechanism/artifacts/b3_fair1m/seed1/matched_phase.jsonl.gz,fe8ff6ace4add0d9dd2530ea15c75686cebe423eeadf29cd86ea64bffb608971,top_journal_v3_reaudit_055/paper_B_psc_mechanism/artifacts/b3_cache/FAIR1M_seed1.npz,936310bc9ad9ecb573287211ff5a54a9aa30fa1e38423758acb57f80e8be3df5,score,float64,[31978],a9a235ef43a24742b71b7979575c6dc7f3a2d3bfd6bb841c6c429ec8a6bc299a,a9a235ef43a24742b71b7979575c6dc7f3a2d3bfd6bb841c6c429ec8a6bc299a,54668,31978,2ef50b16d50d9855482750733673498e884d0a1f6c2c6288ac44d7651d925273,,rtol=0;atol=0;NaN-equal,0.0,PASS,direct JSON field parse followed only by GT aspect_ratio>=2.1; no floating derivation
cache_array,FAIR1M-v1.0,1,top_journal_v3_reaudit_055/paper_B_psc_mechanism/artifacts/b3_fair1m/seed1/matched_phase.jsonl.gz,fe8ff6ace4add0d9dd2530ea15c75686cebe423eeadf29cd86ea64bffb608971,top_journal_v3_reaudit_055/paper_B_psc_mechanism/artifacts/b3_cache/FAIR1M_seed1.npz,936310bc9ad9ecb573287211ff5a54a9aa30fa1e38423758acb57f80e8be3df5,size,float64,[31978],63567855dbb7680ff5db06b3c89a6d45bce12c217b8de69b3f416551c032f840,63567855dbb7680ff5db06b3c89a6d45bce12c217b8de69b3f416551c032f840,54668,31978,2ef50b16d50d9855482750733673498e884d0a1f6c2c6288ac44d7651d925273,,rtol=0;atol=0;NaN-equal,0.0,PASS,direct JSON field parse followed only by GT aspect_ratio>=2.1; no floating derivation
cache_array,FAIR1M-v1.0,1,top_journal_v3_reaudit_055/paper_B_psc_mechanism/artifacts/b3_fair1m/seed1/matched_phase.jsonl.gz,fe8ff6ace4add0d9dd2530ea15c75686cebe423eeadf29cd86ea64bffb608971,top_journal_v3_reaudit_055/paper_B_psc_mechanism/artifacts/b3_cache/FAIR1M_seed1.npz,936310bc9ad9ecb573287211ff5a54a9aa30fa1e38423758acb57f80e8be3df5,tta,float64,[31978],960e39a25ee8322bcc28c574bd155cdeceb0805368c3c54120f0020622c04028,960e39a25ee8322bcc28c574bd155cdeceb0805368c3c54120f0020622c04028,54668,31978,2ef50b16d50d9855482750733673498e884d0a1f6c2c6288ac44d7651d925273,,rtol=0;atol=0;NaN-equal,0.0,PASS,direct JSON field parse followed only by GT aspect_ratio>=2.1; no floating derivation
cache_array,FAIR1M-v1.0,1,top_journal_v3_reaudit_055/paper_B_psc_mechanism/artifacts/b3_fair1m/seed1/matched_phase.jsonl.gz,fe8ff6ace4add0d9dd2530ea15c75686cebe423eeadf29cd86ea64bffb608971,top_journal_v3_reaudit_055/paper_B_psc_mechanism/artifacts/b3_cache/FAIR1M_seed1.npz,936310bc9ad9ecb573287211ff5a54a9aa30fa1e38423758acb57f80e8be3df5,vector,float64,"[31978, 6]",bd1f437368e6c488a4872846a469dc2448f5b49c4e643866a03ffc28df9eb14f,bd1f437368e6c488a4872846a469dc2448f5b49c4e643866a03ffc28df9eb14f,54668,31978,2ef50b16d50d9855482750733673498e884d0a1f6c2c6288ac44d7651d925273,,rtol=0;atol=0;NaN-equal,0.0,PASS,direct JSON field parse followed only by GT aspect_ratio>=2.1; no floating derivation
cache_unit,FAIR1M-v1.0,1,top_journal_v3_reaudit_055/paper_B_psc_mechanism/artifacts/b3_fair1m/seed1/matched_phase.jsonl.gz,fe8ff6ace4add0d9dd2530ea15c75686cebe423eeadf29cd86ea64bffb608971,top_journal_v3_reaudit_055/paper_B_psc_mechanism/artifacts/b3_cache/FAIR1M_seed1.npz,936310bc9ad9ecb573287211ff5a54a9aa30fa1e38423758acb57f80e8be3df5,ALL,mixed,,,,54668,31978,2ef50b16d50d9855482750733673498e884d0a1f6c2c6288ac44d7651d925273,4bea5390f6c23a70acc29a90dc45d5c16a287291f6dc79eaf723d75ca3751f27,exact,0.0,PASS,cache omits pred_id/gt_id; exact ordered content equality proves cache row order
cache_array,FAIR1M-v1.0,2,top_journal_v3_reaudit_055/paper_B_psc_mechanism/artifacts/b3_fair1m/seed2/matched_phase.jsonl.gz,ae4345388c7d409d60495a778cec5d5a6ae2cac5b758a57342b5676028ffc7d2,top_journal_v3_reaudit_055/paper_B_psc_mechanism/artifacts/b3_cache/FAIR1M_seed2.npz,3befa1abc86cb2c95804b1c41f26741441a7469b984d9d89bbdf6e9eadf05bff,ar,float64,[31658],76d1530ed35e6650e6ec03482bbbdcd641b467def03f8190547ea63647a5c300,76d1530ed35e6650e6ec03482bbbdcd641b467def03f8190547ea63647a5c300,54415,31658,ed3af8981ec18a4f4485c9286f6d8f666154949df20ba92b4dea27a3db383d3e,,rtol=0;atol=0;NaN-equal,0.0,PASS,direct JSON field parse followed only by GT aspect_ratio>=2.1; no floating derivation
cache_array,FAIR1M-v1.0,2,top_journal_v3_reaudit_055/paper_B_psc_mechanism/artifacts/b3_fair1m/seed2/matched_phase.jsonl.gz,ae4345388c7d409d60495a778cec5d5a6ae2cac5b758a57342b5676028ffc7d2,top_journal_v3_reaudit_055/paper_B_psc_mechanism/artifacts/b3_cache/FAIR1M_seed2.npz,3befa1abc86cb2c95804b1c41f26741441a7469b984d9d89bbdf6e9eadf05bff,boundary,float64,[31658],7930e0bd452aa7814921117d180e3ab81b63f8c255bc58156bf678b3106b461e,7930e0bd452aa7814921117d180e3ab81b63f8c255bc58156bf678b3106b461e,54415,31658,ed3af8981ec18a4f4485c9286f6d8f666154949df20ba92b4dea27a3db383d3e,,rtol=0;atol=0;NaN-equal,0.0,PASS,direct JSON field parse followed only by GT aspect_ratio>=2.1; no floating derivation
cache_array,FAIR1M-v1.0,2,top_journal_v3_reaudit_055/paper_B_psc_mechanism/artifacts/b3_fair1m/seed2/matched_phase.jsonl.gz,ae4345388c7d409d60495a778cec5d5a6ae2cac5b758a57342b5676028ffc7d2,top_journal_v3_reaudit_055/paper_B_psc_mechanism/artifacts/b3_cache/FAIR1M_seed2.npz,3befa1abc86cb2c95804b1c41f26741441a7469b984d9d89bbdf6e9eadf05bff,cls,object,[31658],92fa942bf3ee74d315d50a4c828976e9199f2a86d26e62df785d989dace50912,92fa942bf3ee74d315d50a4c828976e9199f2a86d26e62df785d989dace50912,54415,31658,ed3af8981ec18a4f4485c9286f6d8f666154949df20ba92b4dea27a3db383d3e,,rtol=0;atol=0;NaN-equal,0.0,PASS,direct JSON field parse followed only by GT aspect_ratio>=2.1; no floating derivation
cache_array,FAIR1M-v1.0,2,top_journal_v3_reaudit_055/paper_B_psc_mechanism/artifacts/b3_fair1m/seed2/matched_phase.jsonl.gz,ae4345388c7d409d60495a778cec5d5a6ae2cac5b758a57342b5676028ffc7d2,top_journal_v3_reaudit_055/paper_B_psc_mechanism/artifacts/b3_cache/FAIR1M_seed2.npz,3befa1abc86cb2c95804b1c41f26741441a7469b984d9d89bbdf6e9eadf05bff,error,float64,[31658],deed81661472e9d9ca8d49cb17e4675593a9a0f871d14b4b10a070ddedfb75fd,deed81661472e9d9ca8d49cb17e4675593a9a0f871d14b4b10a070ddedfb75fd,54415,31658,ed3af8981ec18a4f4485c9286f6d8f666154949df20ba92b4dea27a3db383d3e,,rtol=0;atol=0;NaN-equal,0.0,PASS,direct JSON field parse followed only by GT aspect_ratio>=2.1; no floating derivation
cache_array,FAIR1M-v1.0,2,top_journal_v3_reaudit_055/paper_B_psc_mechanism/artifacts/b3_fair1m/seed2/matched_phase.jsonl.gz,ae4345388c7d409d60495a778cec5d5a6ae2cac5b758a57342b5676028ffc7d2,top_journal_v3_reaudit_055/paper_B_psc_mechanism/artifacts/b3_cache/FAIR1M_seed2.npz,3befa1abc86cb2c95804b1c41f26741441a7469b984d9d89bbdf6e9eadf05bff,feature,float64,[31658],d781acea4b40b4cfd3612c32de1d77ce5a9fd73bbf97b3368a0a16c841e4cd77,d781acea4b40b4cfd3612c32de1d77ce5a9fd73bbf97b3368a0a16c841e4cd77,54415,31658,ed3af8981ec18a4f4485c9286f6d8f666154949df20ba92b4dea27a3db383d3e,,rtol=0;atol=0;NaN-equal,0.0,PASS,direct JSON field parse followed only by GT aspect_ratio>=2.1; no floating derivation
cache_array,FAIR1M-v1.0,2,top_journal_v3_reaudit_055/paper_B_psc_mechanism/artifacts/b3_fair1m/seed2/matched_phase.jsonl.gz,ae4345388c7d409d60495a778cec5d5a6ae2cac5b758a57342b5676028ffc7d2,top_journal_v3_reaudit_055/paper_B_psc_mechanism/artifacts/b3_cache/FAIR1M_seed2.npz,3befa1abc86cb2c95804b1c41f26741441a7469b984d9d89bbdf6e9eadf05bff,gt_box,float64,"[31658, 5]",be44076291f157770e68d4e7ddc8ec3a87fa972e8c93f57f3ab508d75a2cda66,be44076291f157770e68d4e7ddc8ec3a87fa972e8c93f57f3ab508d75a2cda66,54415,31658,ed3af8981ec18a4f4485c9286f6d8f666154949df20ba92b4dea27a3db383d3e,,rtol=0;atol=0;NaN-equal,0.0,PASS,direct JSON field parse followed only by GT aspect_ratio>=2.1; no floating derivation
cache_array,FAIR1M-v1.0,2,top_journal_v3_reaudit_055/paper_B_psc_mechanism/artifacts/b3_fair1m/seed2/matched_phase.jsonl.gz,ae4345388c7d409d60495a778cec5d5a6ae2cac5b758a57342b5676028ffc7d2,top_journal_v3_reaudit_055/paper_B_psc_mechanism/artifacts/b3_cache/FAIR1M_seed2.npz,3befa1abc86cb2c95804b1c41f26741441a7469b984d9d89bbdf6e9eadf05bff,image,object,[31658],4f2de71b4a4c6c68a85604e97ae5e1faf2c60b3266bc41fe5733812f17700c97,4f2de71b4a4c6c68a85604e97ae5e1faf2c60b3266bc41fe5733812f17700c97,54415,31658,ed3af8981ec18a4f4485c9286f6d8f666154949df20ba92b4dea27a3db383d3e,,rtol=0;atol=0;NaN-equal,0.0,PASS,direct JSON field parse followed only by GT aspect_ratio>=2.1; no floating derivation
cache_array,FAIR1M-v1.0,2,top_journal_v3_reaudit_055/paper_B_psc_mechanism/artifacts/b3_fair1m/seed2/matched_phase.jsonl.gz,ae4345388c7d409d60495a778cec5d5a6ae2cac5b758a57342b5676028ffc7d2,top_journal_v3_reaudit_055/paper_B_psc_mechanism/artifacts/b3_cache/FAIR1M_seed2.npz,3befa1abc86cb2c95804b1c41f26741441a7469b984d9d89bbdf6e9eadf05bff,pred_box,float64,"[31658, 5]",33a557a010b2fd47193309fc8ff97316a63fb44b4b59e4876c7574b37984f45a,33a557a010b2fd47193309fc8ff97316a63fb44b4b59e4876c7574b37984f45a,54415,31658,ed3af8981ec18a4f4485c9286f6d8f666154949df20ba92b4dea27a3db383d3e,,rtol=0;atol=0;NaN-equal,0.0,PASS,direct JSON field parse followed only by GT aspect_ratio>=2.1; no floating derivation
cache_array,FAIR1M-v1.0,2,top_journal_v3_reaudit_055/paper_B_psc_mechanism/artifacts/b3_fair1m/seed2/matched_phase.jsonl.gz,ae4345388c7d409d60495a778cec5d5a6ae2cac5b758a57342b5676028ffc7d2,top_journal_v3_reaudit_055/paper_B_psc_mechanism/artifacts/b3_cache/FAIR1M_seed2.npz,3befa1abc86cb2c95804b1c41f26741441a7469b984d9d89bbdf6e9eadf05bff,score,float64,[31658],f81afd922deeab747f1f61e967a0470fdc4694b4e49ce4c56552a2f56251fc5a,f81afd922deeab747f1f61e967a0470fdc4694b4e49ce4c56552a2f56251fc5a,54415,31658,ed3af8981ec18a4f4485c9286f6d8f666154949df20ba92b4dea27a3db383d3e,,rtol=0;atol=0;NaN-equal,0.0,PASS,direct JSON field parse followed only by GT aspect_ratio>=2.1; no floating derivation
cache_array,FAIR1M-v1.0,2,top_journal_v3_reaudit_055/paper_B_psc_mechanism/artifacts/b3_fair1m/seed2/matched_phase.jsonl.gz,ae4345388c7d409d60495a778cec5d5a6ae2cac5b758a57342b5676028ffc7d2,top_journal_v3_reaudit_055/paper_B_psc_mechanism/artifacts/b3_cache/FAIR1M_seed2.npz,3befa1abc86cb2c95804b1c41f26741441a7469b984d9d89bbdf6e9eadf05bff,size,float64,[31658],427cc8748d9dc50aea9d04b6cc69c46d44038a491e87a65762e08783407880dd,427cc8748d9dc50aea9d04b6cc69c46d44038a491e87a65762e08783407880dd,54415,31658,ed3af8981ec18a4f4485c9286f6d8f666154949df20ba92b4dea27a3db383d3e,,rtol=0;atol=0;NaN-equal,0.0,PASS,direct JSON field parse followed only by GT aspect_ratio>=2.1; no floating derivation
cache_array,FAIR1M-v1.0,2,top_journal_v3_reaudit_055/paper_B_psc_mechanism/artifacts/b3_fair1m/seed2/matched_phase.jsonl.gz,ae4345388c7d409d60495a778cec5d5a6ae2cac5b758a57342b5676028ffc7d2,top_journal_v3_reaudit_055/paper_B_psc_mechanism/artifacts/b3_cache/FAIR1M_seed2.npz,3befa1abc86cb2c95804b1c41f26741441a7469b984d9d89bbdf6e9eadf05bff,tta,float64,[31658],d781acea4b40b4cfd3612c32de1d77ce5a9fd73bbf97b3368a0a16c841e4cd77,d781acea4b40b4cfd3612c32de1d77ce5a9fd73bbf97b3368a0a16c841e4cd77,54415,31658,ed3af8981ec18a4f4485c9286f6d8f666154949df20ba92b4dea27a3db383d3e,,rtol=0;atol=0;NaN-equal,0.0,PASS,direct JSON field parse followed only by GT aspect_ratio>=2.1; no floating derivation
cache_array,FAIR1M-v1.0,2,top_journal_v3_reaudit_055/paper_B_psc_mechanism/artifacts/b3_fair1m/seed2/matched_phase.jsonl.gz,ae4345388c7d409d60495a778cec5d5a6ae2cac5b758a57342b5676028ffc7d2,top_journal_v3_reaudit_055/paper_B_psc_mechanism/artifacts/b3_cache/FAIR1M_seed2.npz,3befa1abc86cb2c95804b1c41f26741441a7469b984d9d89bbdf6e9eadf05bff,vector,float64,"[31658, 6]",5a05cb26578f99d0c830f2b7f438c57f12ae43c6b86acdbe27a661e095086fbb,5a05cb26578f99d0c830f2b7f438c57f12ae43c6b86acdbe27a661e095086fbb,54415,31658,ed3af8981ec18a4f4485c9286f6d8f666154949df20ba92b4dea27a3db383d3e,,rtol=0;atol=0;NaN-equal,0.0,PASS,direct JSON field parse followed only by GT aspect_ratio>=2.1; no floating derivation
cache_unit,FAIR1M-v1.0,2,top_journal_v3_reaudit_055/paper_B_psc_mechanism/artifacts/b3_fair1m/seed2/matched_phase.jsonl.gz,ae4345388c7d409d60495a778cec5d5a6ae2cac5b758a57342b5676028ffc7d2,top_journal_v3_reaudit_055/paper_B_psc_mechanism/artifacts/b3_cache/FAIR1M_seed2.npz,3befa1abc86cb2c95804b1c41f26741441a7469b984d9d89bbdf6e9eadf05bff,ALL,mixed,,,,54415,31658,ed3af8981ec18a4f4485c9286f6d8f666154949df20ba92b4dea27a3db383d3e,61bf17378ddf757719b83efe1775a188e8f090d40fe008f8f66eceedd1db20cb,exact,0.0,PASS,cache omits pred_id/gt_id; exact ordered content equality proves cache row order
common_finite_mask,DIOR-R,0,top_journal_v3_reaudit_055/paper_B_psc_mechanism/artifacts/b3_cache/DIOR_R_seed0.npz,5a3f6c1f5c7529b749d5912078b2ddc9a48c2b67df211eafb5d1e2dd5d0f1545,,,B3:multi_frequency_consistency:endpoint_continuous,bool,[48282],bd315eedca51f65d7eeb751d35d4a493c51bc1ee6d6c97fa47d0026457a58a50,fe5f7d0ef6f9a98a37fdf082d04caeabb90e64b25cd69c17fdf058b1d18a55f3,48282,48282,,0a9a1fe34b38db51f5b75f47a94f37520174613860c1347468170f27e76db1a4,finite common mask,0,PASS,{}
common_finite_mask,DIOR-R,0,top_journal_v3_reaudit_055/paper_B_psc_mechanism/artifacts/b3_cache/DIOR_R_seed0.npz,5a3f6c1f5c7529b749d5912078b2ddc9a48c2b67df211eafb5d1e2dd5d0f1545,,,B3:unwrap_candidate_energy_gap:endpoint_continuous,bool,[48282],bd315eedca51f65d7eeb751d35d4a493c51bc1ee6d6c97fa47d0026457a58a50,e2f1aff5930361a5cc3391da559ef02c06f116cca20672e5d9f573cbd5989893,48282,48282,,0a9a1fe34b38db51f5b75f47a94f37520174613860c1347468170f27e76db1a4,finite common mask,0,PASS,{}
common_finite_mask,DIOR-R,0,top_journal_v3_reaudit_055/paper_B_psc_mechanism/artifacts/b3_cache/DIOR_R_seed0.npz,5a3f6c1f5c7529b749d5912078b2ddc9a48c2b67df211eafb5d1e2dd5d0f1545,,,B3:phase_direction_margin:endpoint_continuous,bool,[48282],bd315eedca51f65d7eeb751d35d4a493c51bc1ee6d6c97fa47d0026457a58a50,b3807b2a6d3aa116f8af061839fbe6505d26d561e91ce20cb7b6bb88c877dee2,48282,48282,,0a9a1fe34b38db51f5b75f47a94f37520174613860c1347468170f27e76db1a4,finite common mask,0,PASS,{}
common_finite_mask,DIOR-R,0,top_journal_v3_reaudit_055/paper_B_psc_mechanism/artifacts/b3_cache/DIOR_R_seed0.npz,5a3f6c1f5c7529b749d5912078b2ddc9a48c2b67df211eafb5d1e2dd5d0f1545,,,B3:tta_phase_direction_consistency:endpoint_continuous,bool,[48282],48c375e6fe620f6bac5777e42977865bd377a5aba0d495f9d3f4d4fa2245b8c9,a8c86c52814e387ff127d8a485baeec3e6374cb43f11211146a739b6c96d8909,48282,47984,,2461b6091c0162a6b44ffa17fe10f40312e48ea4f77cf93e40ac145527b4411e,finite common mask,0,PASS,"{""tta_phase_direction_consistency_nonfinite"":298}"
common_finite_mask,DIOR-R,0,top_journal_v3_reaudit_055/paper_B_psc_mechanism/artifacts/b3_cache/DIOR_R_seed0.npz,5a3f6c1f5c7529b749d5912078b2ddc9a48c2b67df211eafb5d1e2dd5d0f1545,,,B3:multi_frequency_consistency:endpoint_severe_event,bool,[48282],bd315eedca51f65d7eeb751d35d4a493c51bc1ee6d6c97fa47d0026457a58a50,20ab361230f0026146d54cb081203fc3e22350e9ecd0cbd3a208c0af2f6fbb27,48282,48282,,0a9a1fe34b38db51f5b75f47a94f37520174613860c1347468170f27e76db1a4,finite common mask,0,PASS,{}
common_finite_mask,DIOR-R,0,top_journal_v3_reaudit_055/paper_B_psc_mechanism/artifacts/b3_cache/DIOR_R_seed0.npz,5a3f6c1f5c7529b749d5912078b2ddc9a48c2b67df211eafb5d1e2dd5d0f1545,,,B3:unwrap_candidate_energy_gap:endpoint_severe_event,bool,[48282],bd315eedca51f65d7eeb751d35d4a493c51bc1ee6d6c97fa47d0026457a58a50,6d0d3d2278e23e9624c13cce6b30f0d20ba5bf92ea2cb009341da51f9a7f9cbf,48282,48282,,0a9a1fe34b38db51f5b75f47a94f37520174613860c1347468170f27e76db1a4,finite common mask,0,PASS,{}
common_finite_mask,DIOR-R,0,top_journal_v3_reaudit_055/paper_B_psc_mechanism/artifacts/b3_cache/DIOR_R_seed0.npz,5a3f6c1f5c7529b749d5912078b2ddc9a48c2b67df211eafb5d1e2dd5d0f1545,,,B3:phase_direction_margin:endpoint_severe_event,bool,[48282],bd315eedca51f65d7eeb751d35d4a493c51bc1ee6d6c97fa47d0026457a58a50,e00825a4feba78d3a91c4b6b5c9eddd4941d15ba61be34b1fda3e45aad26e430,48282,48282,,0a9a1fe34b38db51f5b75f47a94f37520174613860c1347468170f27e76db1a4,finite common mask,0,PASS,{}
common_finite_mask,DIOR-R,0,top_journal_v3_reaudit_055/paper_B_psc_mechanism/artifacts/b3_cache/DIOR_R_seed0.npz,5a3f6c1f5c7529b749d5912078b2ddc9a48c2b67df211eafb5d1e2dd5d0f1545,,,B3:tta_phase_direction_consistency:endpoint_severe_event,bool,[48282],48c375e6fe620f6bac5777e42977865bd377a5aba0d495f9d3f4d4fa2245b8c9,1d668fb683725d8cdb914af1ad9a157e7e7aa30c6343b5caf883b2a155505cd9,48282,47984,,2461b6091c0162a6b44ffa17fe10f40312e48ea4f77cf93e40ac145527b4411e,finite common mask,0,PASS,"{""tta_phase_direction_consistency_nonfinite"":298}"
common_finite_mask,DIOR-R,1,top_journal_v3_reaudit_055/paper_B_psc_mechanism/artifacts/b3_cache/DIOR_R_seed1.npz,9808dbc20a36aca387db643d5e6b86e6687ebc3e264e46a26d770d3b21265a95,,,B3:multi_frequency_consistency:endpoint_continuous,bool,[48152],09353a08a378815365a0a1b961165ec88dbf6b49f2b5cff0e226e56128295fa5,1acb0ecc57f739c4af2b53ac2226fdc0800c2e522933464433a426745001275a,48152,48152,,696e7dfdf295e705034f495aea45755cafc98e642fbbd2faf54719fd09225fed,finite common mask,0,PASS,{}
common_finite_mask,DIOR-R,1,top_journal_v3_reaudit_055/paper_B_psc_mechanism/artifacts/b3_cache/DIOR_R_seed1.npz,9808dbc20a36aca387db643d5e6b86e6687ebc3e264e46a26d770d3b21265a95,,,B3:unwrap_candidate_energy_gap:endpoint_continuous,bool,[48152],09353a08a378815365a0a1b961165ec88dbf6b49f2b5cff0e226e56128295fa5,db9d89af3e102a60a0a62dcde26caee70fd7d4fe767c5b8af0a9aec6ff66f7d4,48152,48152,,696e7dfdf295e705034f495aea45755cafc98e642fbbd2faf54719fd09225fed,finite common mask,0,PASS,{}
common_finite_mask,DIOR-R,1,top_journal_v3_reaudit_055/paper_B_psc_mechanism/artifacts/b3_cache/DIOR_R_seed1.npz,9808dbc20a36aca387db643d5e6b86e6687ebc3e264e46a26d770d3b21265a95,,,B3:phase_direction_margin:endpoint_continuous,bool,[48152],09353a08a378815365a0a1b961165ec88dbf6b49f2b5cff0e226e56128295fa5,598f11fb57600445a1325536c31034fc7b5de2e379ce9dd948c1722eb585a293,48152,48152,,696e7dfdf295e705034f495aea45755cafc98e642fbbd2faf54719fd09225fed,finite common mask,0,PASS,{}
common_finite_mask,DIOR-R,1,top_journal_v3_reaudit_055/paper_B_psc_mechanism/artifacts/b3_cache/DIOR_R_seed1.npz,9808dbc20a36aca387db643d5e6b86e6687ebc3e264e46a26d770d3b21265a95,,,B3:multi_frequency_consistency:endpoint_severe_event,bool,[48152],09353a08a378815365a0a1b961165ec88dbf6b49f2b5cff0e226e56128295fa5,c6d7e7b0db5e8091d772fc3804933acc6468b4ef37dfaae339607e1dda286f33,48152,48152,,696e7dfdf295e705034f495aea45755cafc98e642fbbd2faf54719fd09225fed,finite common mask,0,PASS,{}
common_finite_mask,DIOR-R,1,top_journal_v3_reaudit_055/paper_B_psc_mechanism/artifacts/b3_cache/DIOR_R_seed1.npz,9808dbc20a36aca387db643d5e6b86e6687ebc3e264e46a26d770d3b21265a95,,,B3:unwrap_candidate_energy_gap:endpoint_severe_event,bool,[48152],09353a08a378815365a0a1b961165ec88dbf6b49f2b5cff0e226e56128295fa5,e1c982e0a94ba9fe18b591038b99ec69d1fe4775c8a1d89bb61a7eff39e0220a,48152,48152,,696e7dfdf295e705034f495aea45755cafc98e642fbbd2faf54719fd09225fed,finite common mask,0,PASS,{}
common_finite_mask,DIOR-R,1,top_journal_v3_reaudit_055/paper_B_psc_mechanism/artifacts/b3_cache/DIOR_R_seed1.npz,9808dbc20a36aca387db643d5e6b86e6687ebc3e264e46a26d770d3b21265a95,,,B3:phase_direction_margin:endpoint_severe_event,bool,[48152],09353a08a378815365a0a1b961165ec88dbf6b49f2b5cff0e226e56128295fa5,18a1fad43feba0109d107a521a14275b988256e39c712f161ae821a2b8aeb7f7,48152,48152,,696e7dfdf295e705034f495aea45755cafc98e642fbbd2faf54719fd09225fed,finite common mask,0,PASS,{}
common_finite_mask,DIOR-R,2,top_journal_v3_reaudit_055/paper_B_psc_mechanism/artifacts/b3_cache/DIOR_R_seed2.npz,be398b487a469468923b4b22575fd3039575782151ed3cb1839782e013c57a65,,,B3:multi_frequency_consistency:endpoint_continuous,bool,[48195],0f6a11fe681719d785ec532f3daf6b4985e73fa003fdb43053481b940cb74454,bd7f5f0b2ba0fbbda4a50d836ff759909efcf62e60a8ac1dee4351abe832f6e3,48195,48195,,99aff44ac0003100931f8fc0f699f8551a597d0cbc9d99e9622a2d076a2e67b9,finite common mask,0,PASS,{}
common_finite_mask,DIOR-R,2,top_journal_v3_reaudit_055/paper_B_psc_mechanism/artifacts/b3_cache/DIOR_R_seed2.npz,be398b487a469468923b4b22575fd3039575782151ed3cb1839782e013c57a65,,,B3:unwrap_candidate_energy_gap:endpoint_continuous,bool,[48195],0f6a11fe681719d785ec532f3daf6b4985e73fa003fdb43053481b940cb74454,0ab200a2171209895b567a571556ca1c8d7e497b16350cc8f770aba66fb05f7e,48195,48195,,99aff44ac0003100931f8fc0f699f8551a597d0cbc9d99e9622a2d076a2e67b9,finite common mask,0,PASS,{}
common_finite_mask,DIOR-R,2,top_journal_v3_reaudit_055/paper_B_psc_mechanism/artifacts/b3_cache/DIOR_R_seed2.npz,be398b487a469468923b4b22575fd3039575782151ed3cb1839782e013c57a65,,,B3:phase_direction_margin:endpoint_continuous,bool,[48195],0f6a11fe681719d785ec532f3daf6b4985e73fa003fdb43053481b940cb74454,b424c4515045b14ddf1191bf600e4f70cc994d6079f1845cce6cc317711bb1d3,48195,48195,,99aff44ac0003100931f8fc0f699f8551a597d0cbc9d99e9622a2d076a2e67b9,finite common mask,0,PASS,{}
common_finite_mask,DIOR-R,2,top_journal_v3_reaudit_055/paper_B_psc_mechanism/artifacts/b3_cache/DIOR_R_seed2.npz,be398b487a469468923b4b22575fd3039575782151ed3cb1839782e013c57a65,,,B3:multi_frequency_consistency:endpoint_severe_event,bool,[48195],0f6a11fe681719d785ec532f3daf6b4985e73fa003fdb43053481b940cb74454,6bc8d7dae002d837e7b447ecf558d0a8eec81a649d6144ae36b7297bb1cb9194,48195,48195,,99aff44ac0003100931f8fc0f699f8551a597d0cbc9d99e9622a2d076a2e67b9,finite common mask,0,PASS,{}
common_finite_mask,DIOR-R,2,top_journal_v3_reaudit_055/paper_B_psc_mechanism/artifacts/b3_cache/DIOR_R_seed2.npz,be398b487a469468923b4b22575fd3039575782151ed3cb1839782e013c57a65,,,B3:unwrap_candidate_energy_gap:endpoint_severe_event,bool,[48195],0f6a11fe681719d785ec532f3daf6b4985e73fa003fdb43053481b940cb74454,606b12ccae4bbc3636988b49315f7ef2bcf24f9ece0cbd0d2b1ed2050b2f3373,48195,48195,,99aff44ac0003100931f8fc0f699f8551a597d0cbc9d99e9622a2d076a2e67b9,finite common mask,0,PASS,{}
common_finite_mask,DIOR-R,2,top_journal_v3_reaudit_055/paper_B_psc_mechanism/artifacts/b3_cache/DIOR_R_seed2.npz,be398b487a469468923b4b22575fd3039575782151ed3cb1839782e013c57a65,,,B3:phase_direction_margin:endpoint_severe_event,bool,[48195],0f6a11fe681719d785ec532f3daf6b4985e73fa003fdb43053481b940cb74454,ba3ec470c88e09ba8c6b22a5bdcdbd50bd80cc728f3392eecb38abd161efed5b,48195,48195,,99aff44ac0003100931f8fc0f699f8551a597d0cbc9d99e9622a2d076a2e67b9,finite common mask,0,PASS,{}
common_finite_mask,SODA-A,0,top_journal_v3_reaudit_055/paper_B_psc_mechanism/artifacts/b3_cache/SODA_A_seed0.npz,54c183da0e75fe071e054ca8ac4c292ddc1fe5f255f918cc52f956b20daa6341,,,B3:multi_frequency_consistency:endpoint_continuous,bool,[193045],af6bb554ca242a4cf64f0107c9d9d27ff42c35424cf15527fb5b13ba6e3a3d7d,1be3f690b4da7c7d962ec2a244da58c025718789081a6d818167bfc741a099a1,193045,193045,,0d260a1c27f6c6f4f6ec4803906b592ffc0ca97c5be5ee5149692ee408872b1b,finite common mask,0,PASS,{}
common_finite_mask,SODA-A,0,top_journal_v3_reaudit_055/paper_B_psc_mechanism/artifacts/b3_cache/SODA_A_seed0.npz,54c183da0e75fe071e054ca8ac4c292ddc1fe5f255f918cc52f956b20daa6341,,,B3:unwrap_candidate_energy_gap:endpoint_continuous,bool,[193045],af6bb554ca242a4cf64f0107c9d9d27ff42c35424cf15527fb5b13ba6e3a3d7d,8883d3233a0caffbf3a58a221aff4c7f08854bb5161ec13cddc7ea1f12761e76,193045,193045,,0d260a1c27f6c6f4f6ec4803906b592ffc0ca97c5be5ee5149692ee408872b1b,finite common mask,0,PASS,{}
common_finite_mask,SODA-A,0,top_journal_v3_reaudit_055/paper_B_psc_mechanism/artifacts/b3_cache/SODA_A_seed0.npz,54c183da0e75fe071e054ca8ac4c292ddc1fe5f255f918cc52f956b20daa6341,,,B3:phase_direction_margin:endpoint_continuous,bool,[193045],af6bb554ca242a4cf64f0107c9d9d27ff42c35424cf15527fb5b13ba6e3a3d7d,631fcf4284c291d0a9772561c0a50814cab6823e0238b40af0d707be9077252f,193045,193045,,0d260a1c27f6c6f4f6ec4803906b592ffc0ca97c5be5ee5149692ee408872b1b,finite common mask,0,PASS,{}
common_finite_mask,SODA-A,0,top_journal_v3_reaudit_055/paper_B_psc_mechanism/artifacts/b3_cache/SODA_A_seed0.npz,54c183da0e75fe071e054ca8ac4c292ddc1fe5f255f918cc52f956b20daa6341,,,B3:tta_phase_direction_consistency:endpoint_continuous,bool,[193045],bdb5d262a335151945c0d3742028198022f8ee4ded2a28ce11bf1da1bb264cb8,702652b3c7e98d9351c028a4f8a255474c3d6a60f11c048ea393935e6fe5ecd6,193045,190941,,aa73edb9837d06f46db88414984fc40973f28e365991b5276230a389f355212e,finite common mask,0,PASS,"{""tta_phase_direction_consistency_nonfinite"":2104}"
common_finite_mask,SODA-A,0,top_journal_v3_reaudit_055/paper_B_psc_mechanism/artifacts/b3_cache/SODA_A_seed0.npz,54c183da0e75fe071e054ca8ac4c292ddc1fe5f255f918cc52f956b20daa6341,,,B3:multi_frequency_consistency:endpoint_severe_event,bool,[193045],af6bb554ca242a4cf64f0107c9d9d27ff42c35424cf15527fb5b13ba6e3a3d7d,cbbdb9fc0dfc351e1bdc85bef5c843e5353b0f7b5eaf8ccabfde9df6806f7e77,193045,193045,,0d260a1c27f6c6f4f6ec4803906b592ffc0ca97c5be5ee5149692ee408872b1b,finite common mask,0,PASS,{}
common_finite_mask,SODA-A,0,top_journal_v3_reaudit_055/paper_B_psc_mechanism/artifacts/b3_cache/SODA_A_seed0.npz,54c183da0e75fe071e054ca8ac4c292ddc1fe5f255f918cc52f956b20daa6341,,,B3:unwrap_candidate_energy_gap:endpoint_severe_event,bool,[193045],af6bb554ca242a4cf64f0107c9d9d27ff42c35424cf15527fb5b13ba6e3a3d7d,a0666b8bc0445b24919786708b551f9104c3afd49fb910a9b98c38666c1d1703,193045,193045,,0d260a1c27f6c6f4f6ec4803906b592ffc0ca97c5be5ee5149692ee408872b1b,finite common mask,0,PASS,{}
common_finite_mask,SODA-A,0,top_journal_v3_reaudit_055/paper_B_psc_mechanism/artifacts/b3_cache/SODA_A_seed0.npz,54c183da0e75fe071e054ca8ac4c292ddc1fe5f255f918cc52f956b20daa6341,,,B3:phase_direction_margin:endpoint_severe_event,bool,[193045],af6bb554ca242a4cf64f0107c9d9d27ff42c35424cf15527fb5b13ba6e3a3d7d,a2094b759f7e3767fa8e0f1cc877b609a1593a72a734e13c487e9b15a0d2b53c,193045,193045,,0d260a1c27f6c6f4f6ec4803906b592ffc0ca97c5be5ee5149692ee408872b1b,finite common mask,0,PASS,{}
common_finite_mask,SODA-A,0,top_journal_v3_reaudit_055/paper_B_psc_mechanism/artifacts/b3_cache/SODA_A_seed0.npz,54c183da0e75fe071e054ca8ac4c292ddc1fe5f255f918cc52f956b20daa6341,,,B3:tta_phase_direction_consistency:endpoint_severe_event,bool,[193045],bdb5d262a335151945c0d3742028198022f8ee4ded2a28ce11bf1da1bb264cb8,a2fc15c90ec6b6352c04a8ef4e37bda0ecfcad39225bd4cee87334fc65a16254,193045,190941,,aa73edb9837d06f46db88414984fc40973f28e365991b5276230a389f355212e,finite common mask,0,PASS,"{""tta_phase_direction_consistency_nonfinite"":2104}"
common_finite_mask,SODA-A,1,top_journal_v3_reaudit_055/paper_B_psc_mechanism/artifacts/b3_cache/SODA_A_seed1.npz,0c98f5655493d4728d0b46f6cc0875f8a6be9f75cf64f3caa36af3c029098881,,,B3:multi_frequency_consistency:endpoint_continuous,bool,[195192],c7cf5ecebe5c088bbc7545d661d04e19744ce7ea678be1f667d2e678a903b123,0fb8fc5ed3074ca8e2f0d98cddc6ebb642edfc3a22c0c71e3b0a344126a4c4a2,195192,195192,,93bde545c77f0a9cf2a3f8572c14c594d1828d6995d79017c6515a8e54c1baf4,finite common mask,0,PASS,{}
common_finite_mask,SODA-A,1,top_journal_v3_reaudit_055/paper_B_psc_mechanism/artifacts/b3_cache/SODA_A_seed1.npz,0c98f5655493d4728d0b46f6cc0875f8a6be9f75cf64f3caa36af3c029098881,,,B3:unwrap_candidate_energy_gap:endpoint_continuous,bool,[195192],c7cf5ecebe5c088bbc7545d661d04e19744ce7ea678be1f667d2e678a903b123,b1b07f665e5f4b94c1e0e1502ea4635e34ec151370c5fe526faa8ce7a6099abd,195192,195192,,93bde545c77f0a9cf2a3f8572c14c594d1828d6995d79017c6515a8e54c1baf4,finite common mask,0,PASS,{}
common_finite_mask,SODA-A,1,top_journal_v3_reaudit_055/paper_B_psc_mechanism/artifacts/b3_cache/SODA_A_seed1.npz,0c98f5655493d4728d0b46f6cc0875f8a6be9f75cf64f3caa36af3c029098881,,,B3:phase_direction_margin:endpoint_continuous,bool,[195192],c7cf5ecebe5c088bbc7545d661d04e19744ce7ea678be1f667d2e678a903b123,af50bc746207ea5e3a079a2817830f25c22b6bac123bdb685d9366f60b817b7a,195192,195192,,93bde545c77f0a9cf2a3f8572c14c594d1828d6995d79017c6515a8e54c1baf4,finite common mask,0,PASS,{}
common_finite_mask,SODA-A,1,top_journal_v3_reaudit_055/paper_B_psc_mechanism/artifacts/b3_cache/SODA_A_seed1.npz,0c98f5655493d4728d0b46f6cc0875f8a6be9f75cf64f3caa36af3c029098881,,,B3:multi_frequency_consistency:endpoint_severe_event,bool,[195192],c7cf5ecebe5c088bbc7545d661d04e19744ce7ea678be1f667d2e678a903b123,44cf54c6ee3f3871b85f059f037cee062a738c62c7f1a26ab231955577d016c3,195192,195192,,93bde545c77f0a9cf2a3f8572c14c594d1828d6995d79017c6515a8e54c1baf4,finite common mask,0,PASS,{}
common_finite_mask,SODA-A,1,top_journal_v3_reaudit_055/paper_B_psc_mechanism/artifacts/b3_cache/SODA_A_seed1.npz,0c98f5655493d4728d0b46f6cc0875f8a6be9f75cf64f3caa36af3c029098881,,,B3:unwrap_candidate_energy_gap:endpoint_severe_event,bool,[195192],c7cf5ecebe5c088bbc7545d661d04e19744ce7ea678be1f667d2e678a903b123,ec77155b6c89cb727df1d96c0032e4654a8e8fb1d65bec65c25328b3c9effb8a,195192,195192,,93bde545c77f0a9cf2a3f8572c14c594d1828d6995d79017c6515a8e54c1baf4,finite common mask,0,PASS,{}
common_finite_mask,SODA-A,1,top_journal_v3_reaudit_055/paper_B_psc_mechanism/artifacts/b3_cache/SODA_A_seed1.npz,0c98f5655493d4728d0b46f6cc0875f8a6be9f75cf64f3caa36af3c029098881,,,B3:phase_direction_margin:endpoint_severe_event,bool,[195192],c7cf5ecebe5c088bbc7545d661d04e19744ce7ea678be1f667d2e678a903b123,37ec09c62e81b956dc62a6e363833c083b775d0d7b4a191f8c1be82c7417263a,195192,195192,,93bde545c77f0a9cf2a3f8572c14c594d1828d6995d79017c6515a8e54c1baf4,finite common mask,0,PASS,{}
common_finite_mask,SODA-A,2,top_journal_v3_reaudit_055/paper_B_psc_mechanism/artifacts/b3_cache/SODA_A_seed2.npz,5628b0972351180be37619c938a658b2dff056bdc6c63c4c475fa9fa94f3f88b,,,B3:multi_frequency_consistency:endpoint_continuous,bool,[196374],e7555cca8375605ed448086486def6d0b5551b2185318b66354bb9630d41d70e,0fd915e82d76cb721d8a799066492b0e1a2711850a48a40de06c3f9a9337d6a3,196374,196374,,4e7bf8c6900728bcd2f5c022b1c2d0d9cf72bbf99695a7102c5b6a81147af33e,finite common mask,0,PASS,{}
common_finite_mask,SODA-A,2,top_journal_v3_reaudit_055/paper_B_psc_mechanism/artifacts/b3_cache/SODA_A_seed2.npz,5628b0972351180be37619c938a658b2dff056bdc6c63c4c475fa9fa94f3f88b,,,B3:unwrap_candidate_energy_gap:endpoint_continuous,bool,[196374],e7555cca8375605ed448086486def6d0b5551b2185318b66354bb9630d41d70e,3cace59bf7159ecc712239c2ff1179f0ff5ad90f69019a5190867892eee8667d,196374,196374,,4e7bf8c6900728bcd2f5c022b1c2d0d9cf72bbf99695a7102c5b6a81147af33e,finite common mask,0,PASS,{}
common_finite_mask,SODA-A,2,top_journal_v3_reaudit_055/paper_B_psc_mechanism/artifacts/b3_cache/SODA_A_seed2.npz,5628b0972351180be37619c938a658b2dff056bdc6c63c4c475fa9fa94f3f88b,,,B3:phase_direction_margin:endpoint_continuous,bool,[196374],e7555cca8375605ed448086486def6d0b5551b2185318b66354bb9630d41d70e,bea29570906cdc92a435e48e5312d454b97e9bf4f6d44d19ed4da5cd6d7e2114,196374,196374,,4e7bf8c6900728bcd2f5c022b1c2d0d9cf72bbf99695a7102c5b6a81147af33e,finite common mask,0,PASS,{}
common_finite_mask,SODA-A,2,top_journal_v3_reaudit_055/paper_B_psc_mechanism/artifacts/b3_cache/SODA_A_seed2.npz,5628b0972351180be37619c938a658b2dff056bdc6c63c4c475fa9fa94f3f88b,,,B3:multi_frequency_consistency:endpoint_severe_event,bool,[196374],e7555cca8375605ed448086486def6d0b5551b2185318b66354bb9630d41d70e,1d4b3fcffdd33b2a6b22521f148773d65fe46e94fa9d199b8ac03aad18f2231d,196374,196374,,4e7bf8c6900728bcd2f5c022b1c2d0d9cf72bbf99695a7102c5b6a81147af33e,finite common mask,0,PASS,{}
common_finite_mask,SODA-A,2,top_journal_v3_reaudit_055/paper_B_psc_mechanism/artifacts/b3_cache/SODA_A_seed2.npz,5628b0972351180be37619c938a658b2dff056bdc6c63c4c475fa9fa94f3f88b,,,B3:unwrap_candidate_energy_gap:endpoint_severe_event,bool,[196374],e7555cca8375605ed448086486def6d0b5551b2185318b66354bb9630d41d70e,30e5c20e949640a8d0dc3e5bcb0c9531d1854613079942af9dafe5f3ede28e01,196374,196374,,4e7bf8c6900728bcd2f5c022b1c2d0d9cf72bbf99695a7102c5b6a81147af33e,finite common mask,0,PASS,{}
common_finite_mask,SODA-A,2,top_journal_v3_reaudit_055/paper_B_psc_mechanism/artifacts/b3_cache/SODA_A_seed2.npz,5628b0972351180be37619c938a658b2dff056bdc6c63c4c475fa9fa94f3f88b,,,B3:phase_direction_margin:endpoint_severe_event,bool,[196374],e7555cca8375605ed448086486def6d0b5551b2185318b66354bb9630d41d70e,164742a0778a029f8d1d78607017f83ed1448b6cf3704e2d63e2b5cb2453e7fe,196374,196374,,4e7bf8c6900728bcd2f5c022b1c2d0d9cf72bbf99695a7102c5b6a81147af33e,finite common mask,0,PASS,{}
common_finite_mask,FAIR1M-v1.0,0,top_journal_v3_reaudit_055/paper_B_psc_mechanism/artifacts/b3_cache/FAIR1M_seed0.npz,c506a55359928f16e5b24d1bb2d88e2b1121d3662d4f879222826a47af4d087b,,,B3:multi_frequency_consistency:endpoint_continuous,bool,[31813],6f6eccde86fb740f035adcb31d39f9b1d6291cc031363ba30ac1a2feb4711c8d,b8d42f6e51fc9251331deacbc758c7d9b5e16b6c383be9d02cb3b44a94123405,31813,31813,,ffa518886c1ef60552cd822e2ae453872b852da6bc98767b5054b9cac8484e67,finite common mask,0,PASS,{}
common_finite_mask,FAIR1M-v1.0,0,top_journal_v3_reaudit_055/paper_B_psc_mechanism/artifacts/b3_cache/FAIR1M_seed0.npz,c506a55359928f16e5b24d1bb2d88e2b1121d3662d4f879222826a47af4d087b,,,B3:unwrap_candidate_energy_gap:endpoint_continuous,bool,[31813],6f6eccde86fb740f035adcb31d39f9b1d6291cc031363ba30ac1a2feb4711c8d,b3ceb7071c7a54aeb933a8fed4cced4cd19faf81509b236588a693cf0a57169d,31813,31813,,ffa518886c1ef60552cd822e2ae453872b852da6bc98767b5054b9cac8484e67,finite common mask,0,PASS,{}
common_finite_mask,FAIR1M-v1.0,0,top_journal_v3_reaudit_055/paper_B_psc_mechanism/artifacts/b3_cache/FAIR1M_seed0.npz,c506a55359928f16e5b24d1bb2d88e2b1121d3662d4f879222826a47af4d087b,,,B3:phase_direction_margin:endpoint_continuous,bool,[31813],6f6eccde86fb740f035adcb31d39f9b1d6291cc031363ba30ac1a2feb4711c8d,acf6e75e01e4d4afaba8e4f2739bc99aa5ea0b2fc5bbb7dad500b86b66f891e9,31813,31813,,ffa518886c1ef60552cd822e2ae453872b852da6bc98767b5054b9cac8484e67,finite common mask,0,PASS,{}
common_finite_mask,FAIR1M-v1.0,0,top_journal_v3_reaudit_055/paper_B_psc_mechanism/artifacts/b3_cache/FAIR1M_seed0.npz,c506a55359928f16e5b24d1bb2d88e2b1121d3662d4f879222826a47af4d087b,,,B3:multi_frequency_consistency:endpoint_severe_event,bool,[31813],6f6eccde86fb740f035adcb31d39f9b1d6291cc031363ba30ac1a2feb4711c8d,5070ee32966e9bf3e4ce7d855a1b911f43588fc0b854a0a5b32130a8e90518fc,31813,31813,,ffa518886c1ef60552cd822e2ae453872b852da6bc98767b5054b9cac8484e67,finite common mask,0,PASS,{}
common_finite_mask,FAIR1M-v1.0,0,top_journal_v3_reaudit_055/paper_B_psc_mechanism/artifacts/b3_cache/FAIR1M_seed0.npz,c506a55359928f16e5b24d1bb2d88e2b1121d3662d4f879222826a47af4d087b,,,B3:unwrap_candidate_energy_gap:endpoint_severe_event,bool,[31813],6f6eccde86fb740f035adcb31d39f9b1d6291cc031363ba30ac1a2feb4711c8d,e380fc81e8ed0ab99c8a7e5f3ca5a7744f4a354f2e205b6fa02821312736c69b,31813,31813,,ffa518886c1ef60552cd822e2ae453872b852da6bc98767b5054b9cac8484e67,finite common mask,0,PASS,{}
common_finite_mask,FAIR1M-v1.0,0,top_journal_v3_reaudit_055/paper_B_psc_mechanism/artifacts/b3_cache/FAIR1M_seed0.npz,c506a55359928f16e5b24d1bb2d88e2b1121d3662d4f879222826a47af4d087b,,,B3:phase_direction_margin:endpoint_severe_event,bool,[31813],6f6eccde86fb740f035adcb31d39f9b1d6291cc031363ba30ac1a2feb4711c8d,ad6178a5b8937599d284808ce0137be65f084d592413b30a1eb8b2f68182110a,31813,31813,,ffa518886c1ef60552cd822e2ae453872b852da6bc98767b5054b9cac8484e67,finite common mask,0,PASS,{}
common_finite_mask,FAIR1M-v1.0,1,top_journal_v3_reaudit_055/paper_B_psc_mechanism/artifacts/b3_cache/FAIR1M_seed1.npz,936310bc9ad9ecb573287211ff5a54a9aa30fa1e38423758acb57f80e8be3df5,,,B3:multi_frequency_consistency:endpoint_continuous,bool,[31978],bdfa14b0d80b0a10bb225ac1ec79e1ff92cf91d66e8a9153f54ae14607f22ce5,37e76cb52c208998c43f75a29539d5ed4a1993bb6a658c640a0c5b2c0286d94c,31978,31978,,e9404510c66ddea7e1fce6502b03012035a20c6522529ca2720cd85bb9bb49c4,finite common mask,0,PASS,{}
common_finite_mask,FAIR1M-v1.0,1,top_journal_v3_reaudit_055/paper_B_psc_mechanism/artifacts/b3_cache/FAIR1M_seed1.npz,936310bc9ad9ecb573287211ff5a54a9aa30fa1e38423758acb57f80e8be3df5,,,B3:unwrap_candidate_energy_gap:endpoint_continuous,bool,[31978],bdfa14b0d80b0a10bb225ac1ec79e1ff92cf91d66e8a9153f54ae14607f22ce5,40f4429fa837fe06c155c5d62c92b29a248a0437ef0071dfd88cc2db5fe9e324,31978,31978,,e9404510c66ddea7e1fce6502b03012035a20c6522529ca2720cd85bb9bb49c4,finite common mask,0,PASS,{}
common_finite_mask,FAIR1M-v1.0,1,top_journal_v3_reaudit_055/paper_B_psc_mechanism/artifacts/b3_cache/FAIR1M_seed1.npz,936310bc9ad9ecb573287211ff5a54a9aa30fa1e38423758acb57f80e8be3df5,,,B3:phase_direction_margin:endpoint_continuous,bool,[31978],bdfa14b0d80b0a10bb225ac1ec79e1ff92cf91d66e8a9153f54ae14607f22ce5,052e00d9d40886c2a55174e80f559964d7f021119f590e2d0000cfe148247c74,31978,31978,,e9404510c66ddea7e1fce6502b03012035a20c6522529ca2720cd85bb9bb49c4,finite common mask,0,PASS,{}
common_finite_mask,FAIR1M-v1.0,1,top_journal_v3_reaudit_055/paper_B_psc_mechanism/artifacts/b3_cache/FAIR1M_seed1.npz,936310bc9ad9ecb573287211ff5a54a9aa30fa1e38423758acb57f80e8be3df5,,,B3:multi_frequency_consistency:endpoint_severe_event,bool,[31978],bdfa14b0d80b0a10bb225ac1ec79e1ff92cf91d66e8a9153f54ae14607f22ce5,7c19ad363d77cdc58c7991c37e8409083b184ab7536a267e800a2b6ab02ea82e,31978,31978,,e9404510c66ddea7e1fce6502b03012035a20c6522529ca2720cd85bb9bb49c4,finite common mask,0,PASS,{}
common_finite_mask,FAIR1M-v1.0,1,top_journal_v3_reaudit_055/paper_B_psc_mechanism/artifacts/b3_cache/FAIR1M_seed1.npz,936310bc9ad9ecb573287211ff5a54a9aa30fa1e38423758acb57f80e8be3df5,,,B3:unwrap_candidate_energy_gap:endpoint_severe_event,bool,[31978],bdfa14b0d80b0a10bb225ac1ec79e1ff92cf91d66e8a9153f54ae14607f22ce5,4d87dfba0531bb9008686ead96c96423cb6556557929912ef293eb02060baecc,31978,31978,,e9404510c66ddea7e1fce6502b03012035a20c6522529ca2720cd85bb9bb49c4,finite common mask,0,PASS,{}
common_finite_mask,FAIR1M-v1.0,1,top_journal_v3_reaudit_055/paper_B_psc_mechanism/artifacts/b3_cache/FAIR1M_seed1.npz,936310bc9ad9ecb573287211ff5a54a9aa30fa1e38423758acb57f80e8be3df5,,,B3:phase_direction_margin:endpoint_severe_event,bool,[31978],bdfa14b0d80b0a10bb225ac1ec79e1ff92cf91d66e8a9153f54ae14607f22ce5,03b1ac2686d2b017deb80b68d0fd0e1703eee4d97f5b4f00f8691eccc6f7b614,31978,31978,,e9404510c66ddea7e1fce6502b03012035a20c6522529ca2720cd85bb9bb49c4,finite common mask,0,PASS,{}
common_finite_mask,FAIR1M-v1.0,2,top_journal_v3_reaudit_055/paper_B_psc_mechanism/artifacts/b3_cache/FAIR1M_seed2.npz,3befa1abc86cb2c95804b1c41f26741441a7469b984d9d89bbdf6e9eadf05bff,,,B3:multi_frequency_consistency:endpoint_continuous,bool,[31658],5c56aeb63be871d9ec59c474bac480987295a59c6a5246113c62809a01fd91b6,a9a103b58a02216acdb550c5717c12f0a67a048d89e3849029f423e305f31edb,31658,31658,,5280017a6d6c1b44685c30512024b513f4a3d817cbaafc18b7147467d3b890b8,finite common mask,0,PASS,{}
common_finite_mask,FAIR1M-v1.0,2,top_journal_v3_reaudit_055/paper_B_psc_mechanism/artifacts/b3_cache/FAIR1M_seed2.npz,3befa1abc86cb2c95804b1c41f26741441a7469b984d9d89bbdf6e9eadf05bff,,,B3:unwrap_candidate_energy_gap:endpoint_continuous,bool,[31658],5c56aeb63be871d9ec59c474bac480987295a59c6a5246113c62809a01fd91b6,922f4d8a472aa27eab2cdccaf4dc95b7a4564c269c1be43909bd013b19f193bf,31658,31658,,5280017a6d6c1b44685c30512024b513f4a3d817cbaafc18b7147467d3b890b8,finite common mask,0,PASS,{}
common_finite_mask,FAIR1M-v1.0,2,top_journal_v3_reaudit_055/paper_B_psc_mechanism/artifacts/b3_cache/FAIR1M_seed2.npz,3befa1abc86cb2c95804b1c41f26741441a7469b984d9d89bbdf6e9eadf05bff,,,B3:phase_direction_margin:endpoint_continuous,bool,[31658],5c56aeb63be871d9ec59c474bac480987295a59c6a5246113c62809a01fd91b6,21c48e9e14e0f95f0ae0fb0b9b7571db763d8bfbb7abf68fe58d03c7441906d6,31658,31658,,5280017a6d6c1b44685c30512024b513f4a3d817cbaafc18b7147467d3b890b8,finite common mask,0,PASS,{}
common_finite_mask,FAIR1M-v1.0,2,top_journal_v3_reaudit_055/paper_B_psc_mechanism/artifacts/b3_cache/FAIR1M_seed2.npz,3befa1abc86cb2c95804b1c41f26741441a7469b984d9d89bbdf6e9eadf05bff,,,B3:multi_frequency_consistency:endpoint_severe_event,bool,[31658],5c56aeb63be871d9ec59c474bac480987295a59c6a5246113c62809a01fd91b6,ac836aa032e52e2c9576b7f9766521aa478508f05cdbf462eb9c9f2b9f6421e8,31658,31658,,5280017a6d6c1b44685c30512024b513f4a3d817cbaafc18b7147467d3b890b8,finite common mask,0,PASS,{}
common_finite_mask,FAIR1M-v1.0,2,top_journal_v3_reaudit_055/paper_B_psc_mechanism/artifacts/b3_cache/FAIR1M_seed2.npz,3befa1abc86cb2c95804b1c41f26741441a7469b984d9d89bbdf6e9eadf05bff,,,B3:unwrap_candidate_energy_gap:endpoint_severe_event,bool,[31658],5c56aeb63be871d9ec59c474bac480987295a59c6a5246113c62809a01fd91b6,f5fdd1708910dfbccad67865f4723ca942964d949b29da2299c7d7ceb7fa0378,31658,31658,,5280017a6d6c1b44685c30512024b513f4a3d817cbaafc18b7147467d3b890b8,finite common mask,0,PASS,{}
common_finite_mask,FAIR1M-v1.0,2,top_journal_v3_reaudit_055/paper_B_psc_mechanism/artifacts/b3_cache/FAIR1M_seed2.npz,3befa1abc86cb2c95804b1c41f26741441a7469b984d9d89bbdf6e9eadf05bff,,,B3:phase_direction_margin:endpoint_severe_event,bool,[31658],5c56aeb63be871d9ec59c474bac480987295a59c6a5246113c62809a01fd91b6,60090ad654feacdff97b39463b65b8d95f5d332b6986cd9d3eca3b59818c0656,31658,31658,,5280017a6d6c1b44685c30512024b513f4a3d817cbaafc18b7147467d3b890b8,finite common mask,0,PASS,{}
common_finite_mask,DOTA-v1.0,0,top_journal_v3_reaudit_055/paper_B_psc_mechanism/artifacts/b4_external/seed0/matched_phase.jsonl.gz,d1aa97639c99b20e076f7543299ffdb6e0ef62ec7dbcbce3e85db06c1f5f2abf,,,B4:detection_score:endpoint_continuous,bool,[33363],272fd06a8e2fb79942dac8c08e97fd20b9d4dcb6aeefbd9ea53589015c15ef96,36d5dc3ea5696596ae07920421ec45beeb397e6b5d9f4854a4d6315cfe6c6fa1,33363,33363,,94920aec50c017f8909e034c9df5d69319ea053ffc583627a001e449f22c5e8a,finite common mask,0,PASS,{}
common_finite_mask,DOTA-v1.0,0,top_journal_v3_reaudit_055/paper_B_psc_mechanism/artifacts/b4_external/seed0/matched_phase.jsonl.gz,d1aa97639c99b20e076f7543299ffdb6e0ef62ec7dbcbce3e85db06c1f5f2abf,,,B4:multi_frequency_consistency:endpoint_continuous,bool,[33363],272fd06a8e2fb79942dac8c08e97fd20b9d4dcb6aeefbd9ea53589015c15ef96,4d32cda26149927beef88a1cfd94d11841385d68118de97f3298fcd49eaa6a60,33363,33363,,94920aec50c017f8909e034c9df5d69319ea053ffc583627a001e449f22c5e8a,finite common mask,0,PASS,{}
common_finite_mask,DOTA-v1.0,0,top_journal_v3_reaudit_055/paper_B_psc_mechanism/artifacts/b4_external/seed0/matched_phase.jsonl.gz,d1aa97639c99b20e076f7543299ffdb6e0ef62ec7dbcbce3e85db06c1f5f2abf,,,B4:unwrap_candidate_energy_gap:endpoint_continuous,bool,[33363],272fd06a8e2fb79942dac8c08e97fd20b9d4dcb6aeefbd9ea53589015c15ef96,6c62393bd1499112f7ddc0244087091d24399b9a4a02721c376db9e5f8bb4a86,33363,33363,,94920aec50c017f8909e034c9df5d69319ea053ffc583627a001e449f22c5e8a,finite common mask,0,PASS,{}
common_finite_mask,DOTA-v1.0,0,top_journal_v3_reaudit_055/paper_B_psc_mechanism/artifacts/b4_external/seed0/matched_phase.jsonl.gz,d1aa97639c99b20e076f7543299ffdb6e0ef62ec7dbcbce3e85db06c1f5f2abf,,,B4:phase_direction_margin:endpoint_continuous,bool,[33363],272fd06a8e2fb79942dac8c08e97fd20b9d4dcb6aeefbd9ea53589015c15ef96,d39847364245526e4e358661107f2fcb17174c90e630c301f3ba30f923bb5cb2,33363,33363,,94920aec50c017f8909e034c9df5d69319ea053ffc583627a001e449f22c5e8a,finite common mask,0,PASS,{}
common_finite_mask,DOTA-v1.0,0,top_journal_v3_reaudit_055/paper_B_psc_mechanism/artifacts/b4_external/seed0/matched_phase.jsonl.gz,d1aa97639c99b20e076f7543299ffdb6e0ef62ec7dbcbce3e85db06c1f5f2abf,,,B4:detection_score:endpoint_severe_event,bool,[33363],272fd06a8e2fb79942dac8c08e97fd20b9d4dcb6aeefbd9ea53589015c15ef96,a26fdd6e0de0a4c9d4b33c5bc8751dea05169a6d463876866b94ed06c5af34ed,33363,33363,,94920aec50c017f8909e034c9df5d69319ea053ffc583627a001e449f22c5e8a,finite common mask,0,PASS,{}
common_finite_mask,DOTA-v1.0,0,top_journal_v3_reaudit_055/paper_B_psc_mechanism/artifacts/b4_external/seed0/matched_phase.jsonl.gz,d1aa97639c99b20e076f7543299ffdb6e0ef62ec7dbcbce3e85db06c1f5f2abf,,,B4:multi_frequency_consistency:endpoint_severe_event,bool,[33363],272fd06a8e2fb79942dac8c08e97fd20b9d4dcb6aeefbd9ea53589015c15ef96,c595fa5e6fa03cf9870dfcef42eecf1b210468b9aeb225365b799076b8477630,33363,33363,,94920aec50c017f8909e034c9df5d69319ea053ffc583627a001e449f22c5e8a,finite common mask,0,PASS,{}
common_finite_mask,DOTA-v1.0,0,top_journal_v3_reaudit_055/paper_B_psc_mechanism/artifacts/b4_external/seed0/matched_phase.jsonl.gz,d1aa97639c99b20e076f7543299ffdb6e0ef62ec7dbcbce3e85db06c1f5f2abf,,,B4:unwrap_candidate_energy_gap:endpoint_severe_event,bool,[33363],272fd06a8e2fb79942dac8c08e97fd20b9d4dcb6aeefbd9ea53589015c15ef96,e515aefa28464271f0827e8fd3d56355d9da483595d871a26549faf4a33d8017,33363,33363,,94920aec50c017f8909e034c9df5d69319ea053ffc583627a001e449f22c5e8a,finite common mask,0,PASS,{}
common_finite_mask,DOTA-v1.0,0,top_journal_v3_reaudit_055/paper_B_psc_mechanism/artifacts/b4_external/seed0/matched_phase.jsonl.gz,d1aa97639c99b20e076f7543299ffdb6e0ef62ec7dbcbce3e85db06c1f5f2abf,,,B4:phase_direction_margin:endpoint_severe_event,bool,[33363],272fd06a8e2fb79942dac8c08e97fd20b9d4dcb6aeefbd9ea53589015c15ef96,1dbdce0ae342af1eb806ee064b478d86b9c5be0cd1a7ba396c90bcb7533ad7dd,33363,33363,,94920aec50c017f8909e034c9df5d69319ea053ffc583627a001e449f22c5e8a,finite common mask,0,PASS,{}
common_finite_mask,DOTA-v1.0,1,top_journal_v3_reaudit_055/paper_B_psc_mechanism/artifacts/b4_external/seed1/matched_phase.jsonl.gz,3efd88a236cecc5d1d5928892c187ff83b565c774bb8d6983c056e0f6e17456c,,,B4:detection_score:endpoint_continuous,bool,[33182],66e81744b8f3d8c3d855dbfd7814fdfd9097a9dc9e2c603492e904ed539f2ca1,0e22c509e55c908c417d84b69b075a673d33c46aa6dbbd8abbbdc79b598c5b47,33182,33182,,3e0879f2e0df75e0fd318f2ee45310ba1583f80fac7785c4676739bc83190498,finite common mask,0,PASS,{}
common_finite_mask,DOTA-v1.0,1,top_journal_v3_reaudit_055/paper_B_psc_mechanism/artifacts/b4_external/seed1/matched_phase.jsonl.gz,3efd88a236cecc5d1d5928892c187ff83b565c774bb8d6983c056e0f6e17456c,,,B4:multi_frequency_consistency:endpoint_continuous,bool,[33182],66e81744b8f3d8c3d855dbfd7814fdfd9097a9dc9e2c603492e904ed539f2ca1,2e6425aebbbf54d17c2b554c1a85610573e9e3f35671c12081c13e0878343e68,33182,33182,,3e0879f2e0df75e0fd318f2ee45310ba1583f80fac7785c4676739bc83190498,finite common mask,0,PASS,{}
common_finite_mask,DOTA-v1.0,1,top_journal_v3_reaudit_055/paper_B_psc_mechanism/artifacts/b4_external/seed1/matched_phase.jsonl.gz,3efd88a236cecc5d1d5928892c187ff83b565c774bb8d6983c056e0f6e17456c,,,B4:unwrap_candidate_energy_gap:endpoint_continuous,bool,[33182],66e81744b8f3d8c3d855dbfd7814fdfd9097a9dc9e2c603492e904ed539f2ca1,f891e2f85e9570bab001e7ce2f55c490e0bb98bd11541abc6cc693af12f55608,33182,33182,,3e0879f2e0df75e0fd318f2ee45310ba1583f80fac7785c4676739bc83190498,finite common mask,0,PASS,{}
common_finite_mask,DOTA-v1.0,1,top_journal_v3_reaudit_055/paper_B_psc_mechanism/artifacts/b4_external/seed1/matched_phase.jsonl.gz,3efd88a236cecc5d1d5928892c187ff83b565c774bb8d6983c056e0f6e17456c,,,B4:phase_direction_margin:endpoint_continuous,bool,[33182],66e81744b8f3d8c3d855dbfd7814fdfd9097a9dc9e2c603492e904ed539f2ca1,db078dabfc1ce776bcf8798f96d87b9bd4171e485066b8aabbe2033908aa9276,33182,33182,,3e0879f2e0df75e0fd318f2ee45310ba1583f80fac7785c4676739bc83190498,finite common mask,0,PASS,{}
common_finite_mask,DOTA-v1.0,1,top_journal_v3_reaudit_055/paper_B_psc_mechanism/artifacts/b4_external/seed1/matched_phase.jsonl.gz,3efd88a236cecc5d1d5928892c187ff83b565c774bb8d6983c056e0f6e17456c,,,B4:detection_score:endpoint_severe_event,bool,[33182],66e81744b8f3d8c3d855dbfd7814fdfd9097a9dc9e2c603492e904ed539f2ca1,c11c349358639d9303b57ac12188bb3a4d98b5bb0e3d0aa9a39e709ede7d12fa,33182,33182,,3e0879f2e0df75e0fd318f2ee45310ba1583f80fac7785c4676739bc83190498,finite common mask,0,PASS,{}
common_finite_mask,DOTA-v1.0,1,top_journal_v3_reaudit_055/paper_B_psc_mechanism/artifacts/b4_external/seed1/matched_phase.jsonl.gz,3efd88a236cecc5d1d5928892c187ff83b565c774bb8d6983c056e0f6e17456c,,,B4:multi_frequency_consistency:endpoint_severe_event,bool,[33182],66e81744b8f3d8c3d855dbfd7814fdfd9097a9dc9e2c603492e904ed539f2ca1,68cd98c00b386c31102ababa4e23730e1f8d548395482ea682f949799eb7bca4,33182,33182,,3e0879f2e0df75e0fd318f2ee45310ba1583f80fac7785c4676739bc83190498,finite common mask,0,PASS,{}
common_finite_mask,DOTA-v1.0,1,top_journal_v3_reaudit_055/paper_B_psc_mechanism/artifacts/b4_external/seed1/matched_phase.jsonl.gz,3efd88a236cecc5d1d5928892c187ff83b565c774bb8d6983c056e0f6e17456c,,,B4:unwrap_candidate_energy_gap:endpoint_severe_event,bool,[33182],66e81744b8f3d8c3d855dbfd7814fdfd9097a9dc9e2c603492e904ed539f2ca1,b366528f5bf8d7f058cc4a8f8003c1180d4846501d2ee43e8b7c43cf6229535f,33182,33182,,3e0879f2e0df75e0fd318f2ee45310ba1583f80fac7785c4676739bc83190498,finite common mask,0,PASS,{}
common_finite_mask,DOTA-v1.0,1,top_journal_v3_reaudit_055/paper_B_psc_mechanism/artifacts/b4_external/seed1/matched_phase.jsonl.gz,3efd88a236cecc5d1d5928892c187ff83b565c774bb8d6983c056e0f6e17456c,,,B4:phase_direction_margin:endpoint_severe_event,bool,[33182],66e81744b8f3d8c3d855dbfd7814fdfd9097a9dc9e2c603492e904ed539f2ca1,177c84957a6ad564fa778a02ff52d1f7f84c7b0b761f0cdb4608f2d2d66df4f4,33182,33182,,3e0879f2e0df75e0fd318f2ee45310ba1583f80fac7785c4676739bc83190498,finite common mask,0,PASS,{}
common_finite_mask,DOTA-v1.0,2,top_journal_v3_reaudit_055/paper_B_psc_mechanism/artifacts/b4_external/seed2/matched_phase.jsonl.gz,b2b92045665d0cae050fed39ed02584fe345f8c59c7337df136bc70154437e65,,,B4:detection_score:endpoint_continuous,bool,[33218],52fd7e3bd01fe0e46b66e053299db89c915bc78efdab03f821186e7422fd38a1,2d5cc4bd43435d5551f87d4ce98c89d72ef9387d1e19cb795635e9d927ec62c1,33218,33218,,2f319b008db8098cc750269dbf59f81d333c8269669a85a1c01980aab8e0f342,finite common mask,0,PASS,{}
common_finite_mask,DOTA-v1.0,2,top_journal_v3_reaudit_055/paper_B_psc_mechanism/artifacts/b4_external/seed2/matched_phase.jsonl.gz,b2b92045665d0cae050fed39ed02584fe345f8c59c7337df136bc70154437e65,,,B4:multi_frequency_consistency:endpoint_continuous,bool,[33218],52fd7e3bd01fe0e46b66e053299db89c915bc78efdab03f821186e7422fd38a1,e53073663ad8e5c09c345a46dc992d325ea2574cd9198c0beb1a3fe68834dde1,33218,33218,,2f319b008db8098cc750269dbf59f81d333c8269669a85a1c01980aab8e0f342,finite common mask,0,PASS,{}
common_finite_mask,DOTA-v1.0,2,top_journal_v3_reaudit_055/paper_B_psc_mechanism/artifacts/b4_external/seed2/matched_phase.jsonl.gz,b2b92045665d0cae050fed39ed02584fe345f8c59c7337df136bc70154437e65,,,B4:unwrap_candidate_energy_gap:endpoint_continuous,bool,[33218],52fd7e3bd01fe0e46b66e053299db89c915bc78efdab03f821186e7422fd38a1,b3b5c8f7a26dd8271904769cb6106cf86c7d04635172b14578706a7da5e36966,33218,33218,,2f319b008db8098cc750269dbf59f81d333c8269669a85a1c01980aab8e0f342,finite common mask,0,PASS,{}
common_finite_mask,DOTA-v1.0,2,top_journal_v3_reaudit_055/paper_B_psc_mechanism/artifacts/b4_external/seed2/matched_phase.jsonl.gz,b2b92045665d0cae050fed39ed02584fe345f8c59c7337df136bc70154437e65,,,B4:phase_direction_margin:endpoint_continuous,bool,[33218],52fd7e3bd01fe0e46b66e053299db89c915bc78efdab03f821186e7422fd38a1,522e1011a98140fe0e61fe0306cf0664ac0330d740bfed513a29ea0f865cbd7c,33218,33218,,2f319b008db8098cc750269dbf59f81d333c8269669a85a1c01980aab8e0f342,finite common mask,0,PASS,{}
common_finite_mask,DOTA-v1.0,2,top_journal_v3_reaudit_055/paper_B_psc_mechanism/artifacts/b4_external/seed2/matched_phase.jsonl.gz,b2b92045665d0cae050fed39ed02584fe345f8c59c7337df136bc70154437e65,,,B4:detection_score:endpoint_severe_event,bool,[33218],52fd7e3bd01fe0e46b66e053299db89c915bc78efdab03f821186e7422fd38a1,b4e8839bf69f1018ae8081095fdc667635846cde4f6c6900ccbf3efa7a6e0b27,33218,33218,,2f319b008db8098cc750269dbf59f81d333c8269669a85a1c01980aab8e0f342,finite common mask,0,PASS,{}
common_finite_mask,DOTA-v1.0,2,top_journal_v3_reaudit_055/paper_B_psc_mechanism/artifacts/b4_external/seed2/matched_phase.jsonl.gz,b2b92045665d0cae050fed39ed02584fe345f8c59c7337df136bc70154437e65,,,B4:multi_frequency_consistency:endpoint_severe_event,bool,[33218],52fd7e3bd01fe0e46b66e053299db89c915bc78efdab03f821186e7422fd38a1,0bdccf61a94cf8c5cf94aee2679585770b83325c4ae6a22f74785294782f6558,33218,33218,,2f319b008db8098cc750269dbf59f81d333c8269669a85a1c01980aab8e0f342,finite common mask,0,PASS,{}
common_finite_mask,DOTA-v1.0,2,top_journal_v3_reaudit_055/paper_B_psc_mechanism/artifacts/b4_external/seed2/matched_phase.jsonl.gz,b2b92045665d0cae050fed39ed02584fe345f8c59c7337df136bc70154437e65,,,B4:unwrap_candidate_energy_gap:endpoint_severe_event,bool,[33218],52fd7e3bd01fe0e46b66e053299db89c915bc78efdab03f821186e7422fd38a1,758cf8e4ca56bfde0434faca80a3b7aeb2c7ae4579217bfefaf833d10fd72d47,33218,33218,,2f319b008db8098cc750269dbf59f81d333c8269669a85a1c01980aab8e0f342,finite common mask,0,PASS,{}
common_finite_mask,DOTA-v1.0,2,top_journal_v3_reaudit_055/paper_B_psc_mechanism/artifacts/b4_external/seed2/matched_phase.jsonl.gz,b2b92045665d0cae050fed39ed02584fe345f8c59c7337df136bc70154437e65,,,B4:phase_direction_margin:endpoint_severe_event,bool,[33218],52fd7e3bd01fe0e46b66e053299db89c915bc78efdab03f821186e7422fd38a1,9aa5438e75b8832f5d51d7fa6b4098794582c984b7c23dd236ab88210850bd93,33218,33218,,2f319b008db8098cc750269dbf59f81d333c8269669a85a1c01980aab8e0f342,finite common mask,0,PASS,{}
r001_numeric_diff,B3,,top_journal_v3_reaudit_055/paper_B_psc_mechanism/reports/b3_candidate_cluster_bootstrap_reaudit_r001.csv,5565e64408c893d530c6afb3519a452c6ed9e5c6e119d0ccba05c85d7a3f55b8,,,candidate_nrc,float,58,,,58,58,,,1e-12,0.0,PASS,changed_rows=0; first=
r001_numeric_diff,B3,,top_journal_v3_reaudit_055/paper_B_psc_mechanism/reports/b3_candidate_cluster_bootstrap_reaudit_r001.csv,5565e64408c893d530c6afb3519a452c6ed9e5c6e119d0ccba05c85d7a3f55b8,,,phase_mod_nrc,float,58,,,58,58,,,1e-12,0.006213685825162241,DRIFT,"changed_rows=4; first=(('DIOR-R', 0, 'tta_phase_direction_consistency', 'endpoint_continuous'), 0.0028881989464062396)"
r001_numeric_diff,B3,,top_journal_v3_reaudit_055/paper_B_psc_mechanism/reports/b3_candidate_cluster_bootstrap_reaudit_r001.csv,5565e64408c893d530c6afb3519a452c6ed9e5c6e119d0ccba05c85d7a3f55b8,,,detection_score_nrc,float,58,,,58,58,,,1e-12,0.021033853100902777,DRIFT,"changed_rows=4; first=(('DIOR-R', 0, 'tta_phase_direction_consistency', 'endpoint_continuous'), 0.0006536019992753328)"
r001_numeric_diff,B3,,top_journal_v3_reaudit_055/paper_B_psc_mechanism/reports/b3_candidate_cluster_bootstrap_reaudit_r001.csv,5565e64408c893d530c6afb3519a452c6ed9e5c6e119d0ccba05c85d7a3f55b8,,,delta_nrc_vs_phase_mod,float,58,,,58,58,,,1e-12,0.006213685825162241,DRIFT,"changed_rows=4; first=(('DIOR-R', 0, 'tta_phase_direction_consistency', 'endpoint_continuous'), 0.0028881989464062396)"
r001_numeric_diff,B3,,top_journal_v3_reaudit_055/paper_B_psc_mechanism/reports/b3_candidate_cluster_bootstrap_reaudit_r001.csv,5565e64408c893d530c6afb3519a452c6ed9e5c6e119d0ccba05c85d7a3f55b8,,,delta_vs_phase_ci_lo,float,58,,,58,58,,,1e-12,0.014411577689742994,DRIFT,"changed_rows=4; first=(('DIOR-R', 0, 'tta_phase_direction_consistency', 'endpoint_continuous'), 0.003998518317427147)"
r001_numeric_diff,B3,,top_journal_v3_reaudit_055/paper_B_psc_mechanism/reports/b3_candidate_cluster_bootstrap_reaudit_r001.csv,5565e64408c893d530c6afb3519a452c6ed9e5c6e119d0ccba05c85d7a3f55b8,,,delta_vs_phase_ci_hi,float,58,,,58,58,,,1e-12,0.024593006944616247,DRIFT,"changed_rows=4; first=(('DIOR-R', 0, 'tta_phase_direction_consistency', 'endpoint_continuous'), 0.004353473612235814)"
r001_numeric_diff,B3,,top_journal_v3_reaudit_055/paper_B_psc_mechanism/reports/b3_candidate_cluster_bootstrap_reaudit_r001.csv,5565e64408c893d530c6afb3519a452c6ed9e5c6e119d0ccba05c85d7a3f55b8,,,delta_nrc_vs_detection_score,float,58,,,58,58,,,1e-12,0.021033853100902777,DRIFT,"changed_rows=4; first=(('DIOR-R', 0, 'tta_phase_direction_consistency', 'endpoint_continuous'), 0.0006536019992753328)"
r001_numeric_diff,B3,,top_journal_v3_reaudit_055/paper_B_psc_mechanism/reports/b3_candidate_cluster_bootstrap_reaudit_r001.csv,5565e64408c893d530c6afb3519a452c6ed9e5c6e119d0ccba05c85d7a3f55b8,,,delta_vs_detection_ci_lo,float,58,,,58,58,,,1e-12,0.01859571245209768,DRIFT,"changed_rows=4; first=(('DIOR-R', 0, 'tta_phase_direction_consistency', 'endpoint_continuous'), 0.004664618564853465)"
r001_numeric_diff,B3,,top_journal_v3_reaudit_055/paper_B_psc_mechanism/reports/b3_candidate_cluster_bootstrap_reaudit_r001.csv,5565e64408c893d530c6afb3519a452c6ed9e5c6e119d0ccba05c85d7a3f55b8,,,delta_vs_detection_ci_hi,float,58,,,58,58,,,1e-12,0.0044032642975850855,DRIFT,"changed_rows=4; first=(('DIOR-R', 0, 'tta_phase_direction_consistency', 'endpoint_continuous'), 0.0012229674145470965)"
r001_numeric_diff,B3,,top_journal_v3_reaudit_055/paper_B_psc_mechanism/reports/b3_candidate_cluster_bootstrap_reaudit_r001.csv,5565e64408c893d530c6afb3519a452c6ed9e5c6e119d0ccba05c85d7a3f55b8,,,legacy_point_delta,float,58,,,58,58,,,1e-12,0.0,PASS,changed_rows=0; first=
r001_numeric_diff,B3,,top_journal_v3_reaudit_055/paper_B_psc_mechanism/reports/b3_candidate_cluster_bootstrap_reaudit_r001.csv,5565e64408c893d530c6afb3519a452c6ed9e5c6e119d0ccba05c85d7a3f55b8,,,legacy_ci_lo,float,58,,,58,58,,,1e-12,0.0,PASS,changed_rows=0; first=
r001_numeric_diff,B3,,top_journal_v3_reaudit_055/paper_B_psc_mechanism/reports/b3_candidate_cluster_bootstrap_reaudit_r001.csv,5565e64408c893d530c6afb3519a452c6ed9e5c6e119d0ccba05c85d7a3f55b8,,,legacy_ci_hi,float,58,,,58,58,,,1e-12,0.0,PASS,changed_rows=0; first=
r001_exact_diff,B3,,top_journal_v3_reaudit_055/paper_B_psc_mechanism/reports/b3_candidate_cluster_bootstrap_reaudit_r001.csv,5565e64408c893d530c6afb3519a452c6ed9e5c6e119d0ccba05c85d7a3f55b8,,,resample_id_hash,string,58,,,58,58,,,exact,,DRIFT,"changed_rows=4; first=('DIOR-R', 0, 'tta_phase_direction_consistency', 'endpoint_continuous')"
r001_exact_diff,B3,,top_journal_v3_reaudit_055/paper_B_psc_mechanism/reports/b3_candidate_cluster_bootstrap_reaudit_r001.csv,5565e64408c893d530c6afb3519a452c6ed9e5c6e119d0ccba05c85d7a3f55b8,,,instance_universe_hash,string,58,,,58,58,,,exact,,DRIFT,"changed_rows=4; first=('DIOR-R', 0, 'tta_phase_direction_consistency', 'endpoint_continuous')"
r001_numeric_diff,B4,,top_journal_v3_reaudit_055/paper_B_psc_mechanism/reports/b4_candidate_external_bootstrap_reaudit_r001.csv,26f50915102d166a550b2a05887cddcfd3c3bc866d40ddd64e0d79147f13d30d,,,candidate_nrc,float,24,,,24,24,,,1e-12,0.0,PASS,changed_rows=0; first=
r001_numeric_diff,B4,,top_journal_v3_reaudit_055/paper_B_psc_mechanism/reports/b4_candidate_external_bootstrap_reaudit_r001.csv,26f50915102d166a550b2a05887cddcfd3c3bc866d40ddd64e0d79147f13d30d,,,phase_mod_nrc,float,24,,,24,24,,,1e-12,0.0,PASS,changed_rows=0; first=
r001_numeric_diff,B4,,top_journal_v3_reaudit_055/paper_B_psc_mechanism/reports/b4_candidate_external_bootstrap_reaudit_r001.csv,26f50915102d166a550b2a05887cddcfd3c3bc866d40ddd64e0d79147f13d30d,,,detection_score_nrc,float,24,,,24,24,,,1e-12,0.0,PASS,changed_rows=0; first=
r001_numeric_diff,B4,,top_journal_v3_reaudit_055/paper_B_psc_mechanism/reports/b4_candidate_external_bootstrap_reaudit_r001.csv,26f50915102d166a550b2a05887cddcfd3c3bc866d40ddd64e0d79147f13d30d,,,delta_nrc_vs_phase_mod,float,24,,,24,24,,,1e-12,0.0,PASS,changed_rows=0; first=
r001_numeric_diff,B4,,top_journal_v3_reaudit_055/paper_B_psc_mechanism/reports/b4_candidate_external_bootstrap_reaudit_r001.csv,26f50915102d166a550b2a05887cddcfd3c3bc866d40ddd64e0d79147f13d30d,,,delta_vs_phase_ci_lo,float,24,,,24,24,,,1e-12,0.0,PASS,changed_rows=0; first=
r001_numeric_diff,B4,,top_journal_v3_reaudit_055/paper_B_psc_mechanism/reports/b4_candidate_external_bootstrap_reaudit_r001.csv,26f50915102d166a550b2a05887cddcfd3c3bc866d40ddd64e0d79147f13d30d,,,delta_vs_phase_ci_hi,float,24,,,24,24,,,1e-12,0.0,PASS,changed_rows=0; first=
r001_numeric_diff,B4,,top_journal_v3_reaudit_055/paper_B_psc_mechanism/reports/b4_candidate_external_bootstrap_reaudit_r001.csv,26f50915102d166a550b2a05887cddcfd3c3bc866d40ddd64e0d79147f13d30d,,,delta_nrc_vs_detection_score,float,24,,,24,24,,,1e-12,0.0,PASS,changed_rows=0; first=
r001_numeric_diff,B4,,top_journal_v3_reaudit_055/paper_B_psc_mechanism/reports/b4_candidate_external_bootstrap_reaudit_r001.csv,26f50915102d166a550b2a05887cddcfd3c3bc866d40ddd64e0d79147f13d30d,,,delta_vs_detection_ci_lo,float,24,,,24,24,,,1e-12,0.0,PASS,changed_rows=0; first=
r001_numeric_diff,B4,,top_journal_v3_reaudit_055/paper_B_psc_mechanism/reports/b4_candidate_external_bootstrap_reaudit_r001.csv,26f50915102d166a550b2a05887cddcfd3c3bc866d40ddd64e0d79147f13d30d,,,delta_vs_detection_ci_hi,float,24,,,24,24,,,1e-12,0.0,PASS,changed_rows=0; first=
r001_numeric_diff,B4,,top_journal_v3_reaudit_055/paper_B_psc_mechanism/reports/b4_candidate_external_bootstrap_reaudit_r001.csv,26f50915102d166a550b2a05887cddcfd3c3bc866d40ddd64e0d79147f13d30d,,,legacy_point_delta,float,24,,,24,24,,,1e-12,0.0,PASS,changed_rows=0; first=
r001_numeric_diff,B4,,top_journal_v3_reaudit_055/paper_B_psc_mechanism/reports/b4_candidate_external_bootstrap_reaudit_r001.csv,26f50915102d166a550b2a05887cddcfd3c3bc866d40ddd64e0d79147f13d30d,,,legacy_ci_lo,float,24,,,24,24,,,1e-12,0.0,PASS,changed_rows=0; first=
r001_numeric_diff,B4,,top_journal_v3_reaudit_055/paper_B_psc_mechanism/reports/b4_candidate_external_bootstrap_reaudit_r001.csv,26f50915102d166a550b2a05887cddcfd3c3bc866d40ddd64e0d79147f13d30d,,,legacy_ci_hi,float,24,,,24,24,,,1e-12,0.0,PASS,changed_rows=0; first=
r001_exact_diff,B4,,top_journal_v3_reaudit_055/paper_B_psc_mechanism/reports/b4_candidate_external_bootstrap_reaudit_r001.csv,26f50915102d166a550b2a05887cddcfd3c3bc866d40ddd64e0d79147f13d30d,,,resample_id_hash,string,24,,,24,24,,,exact,,PASS,changed_rows=0; first=
r001_exact_diff,B4,,top_journal_v3_reaudit_055/paper_B_psc_mechanism/reports/b4_candidate_external_bootstrap_reaudit_r001.csv,26f50915102d166a550b2a05887cddcfd3c3bc866d40ddd64e0d79147f13d30d,,,instance_universe_hash,string,24,,,24,24,,,exact,,PASS,changed_rows=0; first=
