analysis,dataset,seed,intervention,parameter,endpoint,n,mean_angle_error,severe_rate,nrc,paired_delta_nrc_vs_phase_mod_ci_lo,paired_delta_nrc_vs_phase_mod_ci_hi,decoded_angle_change_median_deg,decoded_angle_change_p95_deg,candidate_switch_rate,evidence_role,mean_phase_mod,actual_head_mean_angle_loss,actual_head_mean_abs_radial_gradient,actual_head_mean_tangential_gradient_norm,actual_head_mean_abs_dloss_dk,AP50,AP75,full_evaluator_available
BASELINE_SCORE,DIOR-R,0,phase_mod,base,endpoint_continuous,48282,1.7445479759745401,,1.199835894155785,nan,nan,0.0,0.0,0.00012426991425375916,RANKING_ONLY,,,,,,,,
BASELINE_SCORE,DIOR-R,0,phase_mod,base,endpoint_severe_event,48282,1.7445479759745401,,0.9519935580487355,nan,nan,0.0,0.0,0.00012426991425375916,RANKING_ONLY,,,,,,,,
BASELINE_SCORE,DIOR-R,0,negative_phase_mod,base,endpoint_continuous,48282,1.7445479759745401,,1.1484067074340645,nan,nan,0.0,0.0,0.00012426991425375916,RANKING_ONLY,,,,,,,,
BASELINE_SCORE,DIOR-R,0,negative_phase_mod,base,endpoint_severe_event,48282,1.7445479759745401,,1.5086361557988122,nan,nan,0.0,0.0,0.00012426991425375916,RANKING_ONLY,,,,,,,,
BASELINE_SCORE,DIOR-R,0,detection_score,base,endpoint_continuous,48282,1.7445479759745401,,0.5871237292254151,nan,nan,0.0,0.0,0.00012426991425375916,RANKING_ONLY,,,,,,,,
BASELINE_SCORE,DIOR-R,0,detection_score,base,endpoint_severe_event,48282,1.7445479759745401,,0.23314242396280985,nan,nan,0.0,0.0,0.00012426991425375916,RANKING_ONLY,,,,,,,,
BASELINE_SCORE,DIOR-R,0,multi_frequency_consistency,base,endpoint_continuous,48282,1.7445479759745401,,0.47411029998001514,-0.4089141263132807,-0.13879615410670595,0.0,0.0,0.00012426991425375916,RANKING_ONLY,,,,,,,,
BASELINE_SCORE,DIOR-R,0,multi_frequency_consistency,base,endpoint_severe_event,48282,1.7445479759745401,,0.6441554677827023,0.1487769271076427,0.6500468260887883,0.0,0.0,0.00012426991425375916,RANKING_ONLY,,,,,,,,
BASELINE_SCORE,DIOR-R,0,unwrap_candidate_energy_gap,base,endpoint_continuous,48282,1.7445479759745401,,0.47411029998001514,-0.37429213399849004,-0.11830376830105296,0.0,0.0,0.00012426991425375916,RANKING_ONLY,,,,,,,,
BASELINE_SCORE,DIOR-R,0,unwrap_candidate_energy_gap,base,endpoint_severe_event,48282,1.7445479759745401,,0.6441554677827023,0.1675124358432813,0.7121095553154744,0.0,0.0,0.00012426991425375916,RANKING_ONLY,,,,,,,,
BASELINE_SCORE,DIOR-R,0,phase_direction_margin,base,endpoint_continuous,48282,1.7445479759745401,,1.049997731305616,-0.09806632575599142,-0.001627200170390689,0.0,0.0,0.00012426991425375916,RANKING_ONLY,,,,,,,,
BASELINE_SCORE,DIOR-R,0,phase_direction_margin,base,endpoint_severe_event,48282,1.7445479759745401,,0.7193487896105635,-0.3498864520447659,-0.027031931045090725,0.0,0.0,0.00012426991425375916,RANKING_ONLY,,,,,,,,
BASELINE_SCORE,DIOR-R,0,tta_phase_direction_consistency,base,endpoint_continuous,48282,1.7445479759745401,,0.5079726804918467,-0.34607548744789124,-0.05265172319020901,0.0,0.0,0.00012426991425375916,RANKING_ONLY,,,,,,,,
BASELINE_SCORE,DIOR-R,0,tta_phase_direction_consistency,base,endpoint_severe_event,48282,1.7445479759745401,,0.7526397370521581,0.20820716654445015,0.808160394535389,0.0,0.0,0.00012426991425375916,RANKING_ONLY,,,,,,,,
RADIAL,DIOR-R,0,z_prime=k*z,0.25,endpoint_continuous,48282,9.362224773347494,,1.0320720754434127,,,1.515735200203011,36.30519814941148,0.00012426991425375916,MECHANISM_ONLY_NOT_RANKING_ONLY,0.14074555097934766,0.5984602065,0.0895322861,0.0476695245,0.7266959539,0.50108,0.262996,True
RADIAL,DIOR-R,0,z_prime=k*z,0.25,endpoint_severe_event,48282,,0.30686384159728264,0.989830754861585,,,1.515735200203011,36.30519814941148,0.00012426991425375916,MECHANISM_ONLY_NOT_RANKING_ONLY,0.14074555097934766,0.5984602065,0.0895322861,0.0476695245,0.7266959539,0.50108,0.262996,True
RADIAL,DIOR-R,0,z_prime=k*z,0.5,endpoint_continuous,48282,2.358659338869672,,0.9802938363159125,,,0.0,0.0,0.00012426991425375916,MECHANISM_ONLY_NOT_RANKING_ONLY,0.5629822039173906,0.4201723039,0.0871410261,0.0510417296,0.709233037,0.532198,0.336366,True
RADIAL,DIOR-R,0,z_prime=k*z,0.5,endpoint_severe_event,48282,,0.04055341535147674,0.6319396917828751,,,0.0,0.0,0.00012426991425375916,MECHANISM_ONLY_NOT_RANKING_ONLY,0.5629822039173906,0.4201723039,0.0871410261,0.0510417296,0.709233037,0.532198,0.336366,True
RADIAL,DIOR-R,0,z_prime=k*z,0.75,endpoint_continuous,48282,1.750174553004575,,1.194612951785256,,,0.0,0.0,0.00012426991425375916,MECHANISM_ONLY_NOT_RANKING_ONLY,1.266709958814129,0.252286831,0.0775918926,0.0617304196,0.6469024334,0.533939,0.34018,True
RADIAL,DIOR-R,0,z_prime=k*z,0.75,endpoint_severe_event,48282,,0.009278820264280684,0.930882273094287,,,0.0,0.0,0.00012426991425375916,MECHANISM_ONLY_NOT_RANKING_ONLY,1.266709958814129,0.252286831,0.0775918926,0.0617304196,0.6469024334,0.533939,0.34018,True
RADIAL,DIOR-R,0,z_prime=k*z,0.9,endpoint_continuous,48282,1.7459633865500042,,1.1985403393769336,,,0.0,0.0,0.00012426991425375916,MECHANISM_ONLY_NOT_RANKING_ONLY,1.8240623406923457,0.1642899558,0.060852321,0.0764028456,0.5387384105,0.533896,0.340229,True
RADIAL,DIOR-R,0,z_prime=k*z,0.9,endpoint_severe_event,48282,,0.009092415392900045,0.9497962441511258,,,0.0,0.0,0.00012426991425375916,MECHANISM_ONLY_NOT_RANKING_ONLY,1.8240623406923457,0.1642899558,0.060852321,0.0764028456,0.5387384105,0.533896,0.340229,True
RADIAL,DIOR-R,0,z_prime=k*z,1.0,endpoint_continuous,48282,1.7445479759745401,,1.199835894155785,,,0.0,0.0,0.00012426991425375916,MECHANISM_ONLY_NOT_RANKING_ONLY,2.2519288156695625,0.1235350502,0.0306515127,0.0970429019,0.256192088,0.533908,0.34024,True
RADIAL,DIOR-R,0,z_prime=k*z,1.0,endpoint_severe_event,48282,,0.009071703740524418,0.9519935580487355,,,0.0,0.0,0.00012426991425375916,MECHANISM_ONLY_NOT_RANKING_ONLY,2.2519288156695625,0.1235350502,0.0306515127,0.0970429019,0.256192088,0.533908,0.34024,True
RADIAL,DIOR-R,0,z_prime=k*z,1.1,endpoint_continuous,48282,1.7456222656631595,,1.19884420470356,,,0.0,0.0,0.00012426991425375916,MECHANISM_ONLY_NOT_RANKING_ONLY,2.7248338669601715,0.1665815541,0.0708177878,0.0683801159,0.5908264445,0.533908,0.340279,True
RADIAL,DIOR-R,0,z_prime=k*z,1.1,endpoint_severe_event,48282,,0.009113127045275672,0.9477774577186427,,,0.0,0.0,0.00012426991425375916,MECHANISM_ONLY_NOT_RANKING_ONLY,2.7248338669601715,0.1665815541,0.0708177878,0.0683801159,0.5908264445,0.533908,0.340279,True
RADIAL,DIOR-R,0,z_prime=k*z,1.25,endpoint_continuous,48282,1.744795689659818,,1.1996119106263927,,,0.0,0.0,0.00012426991425375916,MECHANISM_ONLY_NOT_RANKING_ONLY,3.5186387744836924,0.2649247702,0.0854807113,0.0542890902,0.6960345524,0.533901,0.340285,True
RADIAL,DIOR-R,0,z_prime=k*z,1.25,endpoint_severe_event,48282,,0.009092415392900045,0.9499197549816831,,,0.0,0.0,0.00012426991425375916,MECHANISM_ONLY_NOT_RANKING_ONLY,3.5186387744836924,0.2649247702,0.0854807113,0.0542890902,0.6960345524,0.533901,0.340285,True
RADIAL,DIOR-R,0,z_prime=k*z,1.5,endpoint_continuous,48282,1.744508444974644,,1.199879770924155,,,0.0,0.0,0.00012426991425375916,MECHANISM_ONLY_NOT_RANKING_ONLY,5.066839835256516,0.445576305,0.0910349238,0.0472626752,0.7392463766,0.533902,0.340337,True
RADIAL,DIOR-R,0,z_prime=k*z,1.5,endpoint_severe_event,48282,,0.009071703740524418,0.9519986902441484,,,0.0,0.0,0.00012426991425375916,MECHANISM_ONLY_NOT_RANKING_ONLY,5.066839835256516,0.445576305,0.0910349238,0.0472626752,0.7392463766,0.533902,0.340337,True
RADIAL,DIOR-R,0,z_prime=k*z,2.0,endpoint_continuous,48282,1.7451312790189526,,1.1993201688939237,,,0.0,0.0,0.00012426991425375916,MECHANISM_ONLY_NOT_RANKING_ONLY,9.00771526267825,0.8220595088,0.0941666412,0.0427290137,0.7628629612,0.533902,0.340346,True
RADIAL,DIOR-R,0,z_prime=k*z,2.0,endpoint_severe_event,48282,,0.009092415392900045,0.9498810078495025,,,0.0,0.0,0.00012426991425375916,MECHANISM_ONLY_NOT_RANKING_ONLY,9.00771526267825,0.8220595088,0.0941666412,0.0427290137,0.7628629612,0.533902,0.340346,True
RADIAL,DIOR-R,0,z_prime=k*z,4.0,endpoint_continuous,48282,1.747695559010577,,1.196955624589889,,,0.0,0.0,0.00012426991425375916,MECHANISM_ONLY_NOT_RANKING_ONLY,36.030861050713,2.3598860694,0.0952548165,0.0408620716,0.7710560514,0.533824,0.340372,True
RADIAL,DIOR-R,0,z_prime=k*z,4.0,endpoint_severe_event,48282,,0.009113127045275672,0.9477394205476581,,,0.0,0.0,0.00012426991425375916,MECHANISM_ONLY_NOT_RANKING_ONLY,36.030861050713,2.3598860694,0.0952548165,0.0408620716,0.7710560514,0.533824,0.340372,True
TANGENTIAL_SYNC,DIOR-R,0,fixed_norm_phase_direction,-15.0,endpoint_continuous,48282,14.982154620483966,,0.9731807023089986,,,14.999999999999996,15.000000000000009,0.00012426991425375916,MECHANISM_ONLY_NOT_RANKING_ONLY,,,,,,,,
TANGENTIAL_SYNC,DIOR-R,0,fixed_norm_phase_direction,-15.0,endpoint_severe_event,48282,,0.8428192701213703,0.9558118257914844,,,14.999999999999996,15.000000000000009,0.00012426991425375916,MECHANISM_ONLY_NOT_RANKING_ONLY,,,,,,,,
PRIMARY_ONLY,DIOR-R,0,single_or_conflicting_frequency,-15.0,endpoint_continuous,48282,1.7750338703966462,,1.1720602947098715,,,0.0,0.0,0.0005385029617662897,MECHANISM_ONLY_NOT_RANKING_ONLY,,,,,,,,
PRIMARY_ONLY,DIOR-R,0,single_or_conflicting_frequency,-15.0,endpoint_severe_event,48282,,0.00942380183091007,0.916291143783293,,,0.0,0.0,0.0005385029617662897,MECHANISM_ONLY_NOT_RANKING_ONLY,,,,,,,,
SECONDARY_ONLY,DIOR-R,0,single_or_conflicting_frequency,-15.0,endpoint_continuous,48282,14.996050540543225,,0.9675531337808875,,,14.999999999999996,15.000000000000009,0.00033138643801002444,MECHANISM_ONLY_NOT_RANKING_ONLY,,,,,,,,
SECONDARY_ONLY,DIOR-R,0,single_or_conflicting_frequency,-15.0,endpoint_severe_event,48282,,0.8428399817737459,0.9557381633847067,,,14.999999999999996,15.000000000000009,0.00033138643801002444,MECHANISM_ONLY_NOT_RANKING_ONLY,,,,,,,,
FREQUENCY_CONFLICT,DIOR-R,0,single_or_conflicting_frequency,-15.0,endpoint_continuous,48282,15.17565013574311,,0.983970281519233,,,14.999999999999996,15.000000000000009,0.0014083923615426039,MECHANISM_ONLY_NOT_RANKING_ONLY,,,,,,,,
FREQUENCY_CONFLICT,DIOR-R,0,single_or_conflicting_frequency,-15.0,endpoint_severe_event,48282,,0.8624332049210887,0.9598369051618517,,,14.999999999999996,15.000000000000009,0.0014083923615426039,MECHANISM_ONLY_NOT_RANKING_ONLY,,,,,,,,
TANGENTIAL_SYNC,DIOR-R,0,fixed_norm_phase_direction,-7.5,endpoint_continuous,48282,7.556531745245437,,0.9698635054311424,,,7.500000000000004,7.500000000000004,0.00012426991425375916,MECHANISM_ONLY_NOT_RANKING_ONLY,,,,,,,,
TANGENTIAL_SYNC,DIOR-R,0,fixed_norm_phase_direction,-7.5,endpoint_severe_event,48282,,0.12085249161178079,1.1825903164558471,,,7.500000000000004,7.500000000000004,0.00012426991425375916,MECHANISM_ONLY_NOT_RANKING_ONLY,,,,,,,,
PRIMARY_ONLY,DIOR-R,0,single_or_conflicting_frequency,-7.5,endpoint_continuous,48282,1.757224165617419,,1.188134148010697,,,0.0,0.0,0.00026925148088314486,MECHANISM_ONLY_NOT_RANKING_ONLY,,,,,,,,
PRIMARY_ONLY,DIOR-R,0,single_or_conflicting_frequency,-7.5,endpoint_severe_event,48282,,0.009216685307153805,0.9369767005141434,,,0.0,0.0,0.00026925148088314486,MECHANISM_ONLY_NOT_RANKING_ONLY,,,,,,,,
SECONDARY_ONLY,DIOR-R,0,single_or_conflicting_frequency,-7.5,endpoint_continuous,48282,7.562961722201238,,0.967027695565334,,,7.500000000000004,7.500000000000004,0.00010355826187813264,MECHANISM_ONLY_NOT_RANKING_ONLY,,,,,,,,
SECONDARY_ONLY,DIOR-R,0,single_or_conflicting_frequency,-7.5,endpoint_severe_event,48282,,0.12089391491653204,1.1821670568268514,,,7.500000000000004,7.500000000000004,0.00010355826187813264,MECHANISM_ONLY_NOT_RANKING_ONLY,,,,,,,,
FREQUENCY_CONFLICT,DIOR-R,0,single_or_conflicting_frequency,-7.5,endpoint_continuous,48282,7.706024401533016,,0.9961109544154657,,,7.500000000000004,7.500000000000004,0.0005385029617662897,MECHANISM_ONLY_NOT_RANKING_ONLY,,,,,,,,
FREQUENCY_CONFLICT,DIOR-R,0,single_or_conflicting_frequency,-7.5,endpoint_severe_event,48282,,0.130711238142579,1.1968372438482346,,,7.500000000000004,7.500000000000004,0.0005385029617662897,MECHANISM_ONLY_NOT_RANKING_ONLY,,,,,,,,
TANGENTIAL_SYNC,DIOR-R,0,fixed_norm_phase_direction,-2.0,endpoint_continuous,48282,2.6922535646320553,,1.037321504021421,,,2.0000000000000027,2.0000000000000027,0.00012426991425375916,MECHANISM_ONLY_NOT_RANKING_ONLY,,,,,,,,
TANGENTIAL_SYNC,DIOR-R,0,fixed_norm_phase_direction,-2.0,endpoint_severe_event,48282,,0.013503997348908496,1.0324762080262335,,,2.0000000000000027,2.0000000000000027,0.00012426991425375916,MECHANISM_ONLY_NOT_RANKING_ONLY,,,,,,,,
PRIMARY_ONLY,DIOR-R,0,single_or_conflicting_frequency,-2.0,endpoint_continuous,48282,1.7491427631301184,,1.195569835153986,,,0.0,0.0,0.00016569321900501222,MECHANISM_ONLY_NOT_RANKING_ONLY,,,,,,,,
PRIMARY_ONLY,DIOR-R,0,single_or_conflicting_frequency,-2.0,endpoint_severe_event,48282,,0.009113127045275672,0.9476556753519131,,,0.0,0.0,0.00016569321900501222,MECHANISM_ONLY_NOT_RANKING_ONLY,,,,,,,,
SECONDARY_ONLY,DIOR-R,0,single_or_conflicting_frequency,-2.0,endpoint_continuous,48282,2.6948567850036897,,1.0353784026733501,,,2.0000000000000027,2.0000000000000027,8.284660950250611e-05,MECHANISM_ONLY_NOT_RANKING_ONLY,,,,,,,,
SECONDARY_ONLY,DIOR-R,0,single_or_conflicting_frequency,-2.0,endpoint_severe_event,48282,,0.013524709001284123,1.0308849955952972,,,2.0000000000000027,2.0000000000000027,8.284660950250611e-05,MECHANISM_ONLY_NOT_RANKING_ONLY,,,,,,,,
FREQUENCY_CONFLICT,DIOR-R,0,single_or_conflicting_frequency,-2.0,endpoint_continuous,48282,2.7457727774331113,,1.0674631804441805,,,2.0000000000000027,2.0000000000000027,0.00016569321900501222,MECHANISM_ONLY_NOT_RANKING_ONLY,,,,,,,,
FREQUENCY_CONFLICT,DIOR-R,0,single_or_conflicting_frequency,-2.0,endpoint_severe_event,48282,,0.012799801168137195,1.056236078247236,,,2.0000000000000027,2.0000000000000027,0.00016569321900501222,MECHANISM_ONLY_NOT_RANKING_ONLY,,,,,,,,
TANGENTIAL_SYNC,DIOR-R,0,fixed_norm_phase_direction,0.0,endpoint_continuous,48282,1.7445479759745401,,1.199835894155785,,,0.0,0.0,0.00012426991425375916,MECHANISM_ONLY_NOT_RANKING_ONLY,,,,,,,,
TANGENTIAL_SYNC,DIOR-R,0,fixed_norm_phase_direction,0.0,endpoint_severe_event,48282,,0.009071703740524418,0.9519935580487355,,,0.0,0.0,0.00012426991425375916,MECHANISM_ONLY_NOT_RANKING_ONLY,,,,,,,,
PRIMARY_ONLY,DIOR-R,0,single_or_conflicting_frequency,0.0,endpoint_continuous,48282,1.7445479759745401,,1.199835894155785,,,0.0,0.0,0.00012426991425375916,MECHANISM_ONLY_NOT_RANKING_ONLY,,,,,,,,
PRIMARY_ONLY,DIOR-R,0,single_or_conflicting_frequency,0.0,endpoint_severe_event,48282,,0.009071703740524418,0.9519935580487355,,,0.0,0.0,0.00012426991425375916,MECHANISM_ONLY_NOT_RANKING_ONLY,,,,,,,,
SECONDARY_ONLY,DIOR-R,0,single_or_conflicting_frequency,0.0,endpoint_continuous,48282,1.7445479759745401,,1.199835894155785,,,0.0,0.0,0.00012426991425375916,MECHANISM_ONLY_NOT_RANKING_ONLY,,,,,,,,
SECONDARY_ONLY,DIOR-R,0,single_or_conflicting_frequency,0.0,endpoint_severe_event,48282,,0.009071703740524418,0.9519935580487355,,,0.0,0.0,0.00012426991425375916,MECHANISM_ONLY_NOT_RANKING_ONLY,,,,,,,,
FREQUENCY_CONFLICT,DIOR-R,0,single_or_conflicting_frequency,0.0,endpoint_continuous,48282,1.7445479759745401,,1.199835894155785,,,0.0,0.0,0.00012426991425375916,MECHANISM_ONLY_NOT_RANKING_ONLY,,,,,,,,
FREQUENCY_CONFLICT,DIOR-R,0,single_or_conflicting_frequency,0.0,endpoint_severe_event,48282,,0.009071703740524418,0.9519935580487355,,,0.0,0.0,0.00012426991425375916,MECHANISM_ONLY_NOT_RANKING_ONLY,,,,,,,,
TANGENTIAL_SYNC,DIOR-R,0,fixed_norm_phase_direction,2.0,endpoint_continuous,48282,2.741095143668031,,1.070954816562732,,,2.0000000000000027,2.0000000000000027,0.00012426991425375916,MECHANISM_ONLY_NOT_RANKING_ONLY,,,,,,,,
TANGENTIAL_SYNC,DIOR-R,0,fixed_norm_phase_direction,2.0,endpoint_severe_event,48282,,0.01275837786338594,1.059677127211613,,,2.0000000000000027,2.0000000000000027,0.00012426991425375916,MECHANISM_ONLY_NOT_RANKING_ONLY,,,,,,,,
PRIMARY_ONLY,DIOR-R,0,single_or_conflicting_frequency,2.0,endpoint_continuous,48282,1.7473168895651794,,1.197254761418053,,,0.0,0.0,8.284660950250611e-05,MECHANISM_ONLY_NOT_RANKING_ONLY,,,,,,,,
PRIMARY_ONLY,DIOR-R,0,single_or_conflicting_frequency,2.0,endpoint_severe_event,48282,,0.009092415392900045,0.9498141425198585,,,0.0,0.0,8.284660950250611e-05,MECHANISM_ONLY_NOT_RANKING_ONLY,,,,,,,,
SECONDARY_ONLY,DIOR-R,0,single_or_conflicting_frequency,2.0,endpoint_continuous,48282,2.7457727774331113,,1.0674631804441805,,,2.0000000000000027,2.0000000000000027,0.00016569321900501222,MECHANISM_ONLY_NOT_RANKING_ONLY,,,,,,,,
SECONDARY_ONLY,DIOR-R,0,single_or_conflicting_frequency,2.0,endpoint_severe_event,48282,,0.012799801168137195,1.056236078247236,,,2.0000000000000027,2.0000000000000027,0.00016569321900501222,MECHANISM_ONLY_NOT_RANKING_ONLY,,,,,,,,
FREQUENCY_CONFLICT,DIOR-R,0,single_or_conflicting_frequency,2.0,endpoint_continuous,48282,2.6963961835293095,,1.0342330731545597,,,2.0000000000000027,2.0000000000000027,6.213495712687958e-05,MECHANISM_ONLY_NOT_RANKING_ONLY,,,,,,,,
FREQUENCY_CONFLICT,DIOR-R,0,single_or_conflicting_frequency,2.0,endpoint_severe_event,48282,,0.013545420653659749,1.029300243992809,,,2.0000000000000027,2.0000000000000027,6.213495712687958e-05,MECHANISM_ONLY_NOT_RANKING_ONLY,,,,,,,,
TANGENTIAL_SYNC,DIOR-R,0,fixed_norm_phase_direction,7.5,endpoint_continuous,48282,7.6782683210814,,1.0088705970002436,,,7.500000000000004,7.500000000000004,0.00012426991425375916,MECHANISM_ONLY_NOT_RANKING_ONLY,,,,,,,,
TANGENTIAL_SYNC,DIOR-R,0,fixed_norm_phase_direction,7.5,endpoint_severe_event,48282,,0.13044198666169587,1.1994244946755646,,,7.500000000000004,7.500000000000004,0.00012426991425375916,MECHANISM_ONLY_NOT_RANKING_ONLY,,,,,,,,
PRIMARY_ONLY,DIOR-R,0,single_or_conflicting_frequency,7.5,endpoint_continuous,48282,1.7524758142067387,,1.1924829527591163,,,0.0,0.0,0.00010355826187813264,MECHANISM_ONLY_NOT_RANKING_ONLY,,,,,,,,
PRIMARY_ONLY,DIOR-R,0,single_or_conflicting_frequency,7.5,endpoint_severe_event,48282,,0.009154550350026925,0.9433445851874062,,,0.0,0.0,0.00010355826187813264,MECHANISM_ONLY_NOT_RANKING_ONLY,,,,,,,,
SECONDARY_ONLY,DIOR-R,0,single_or_conflicting_frequency,7.5,endpoint_continuous,48282,7.690411772930607,,1.003256310348967,,,7.500000000000004,7.500000000000004,0.00026925148088314486,MECHANISM_ONLY_NOT_RANKING_ONLY,,,,,,,,
SECONDARY_ONLY,DIOR-R,0,single_or_conflicting_frequency,7.5,endpoint_severe_event,48282,,0.13056625657594964,1.1982298106672216,,,7.500000000000004,7.500000000000004,0.00026925148088314486,MECHANISM_ONLY_NOT_RANKING_ONLY,,,,,,,,
FREQUENCY_CONFLICT,DIOR-R,0,single_or_conflicting_frequency,7.5,endpoint_continuous,48282,7.5753984618748476,,0.9615900131063154,,,7.500000000000004,7.500000000000004,0.00033138643801002444,MECHANISM_ONLY_NOT_RANKING_ONLY,,,,,,,,
FREQUENCY_CONFLICT,DIOR-R,0,single_or_conflicting_frequency,7.5,endpoint_severe_event,48282,,0.1210181848307858,1.1808981201140365,,,7.500000000000004,7.500000000000004,0.00033138643801002444,MECHANISM_ONLY_NOT_RANKING_ONLY,,,,,,,,
TANGENTIAL_SYNC,DIOR-R,0,fixed_norm_phase_direction,15.0,endpoint_continuous,48282,15.10137401805667,,1.0147203820370077,,,14.999999999999996,15.000000000000009,0.00012426991425375916,MECHANISM_ONLY_NOT_RANKING_ONLY,,,,,,,,
TANGENTIAL_SYNC,DIOR-R,0,fixed_norm_phase_direction,15.0,endpoint_severe_event,48282,,0.8619775485688248,0.9615645774810949,,,14.999999999999996,15.000000000000009,0.00012426991425375916,MECHANISM_ONLY_NOT_RANKING_ONLY,,,,,,,,
PRIMARY_ONLY,DIOR-R,0,single_or_conflicting_frequency,15.0,endpoint_continuous,48282,1.76816327171433,,1.1782126062259437,,,0.0,0.0,0.00033138643801002444,MECHANISM_ONLY_NOT_RANKING_ONLY,,,,,,,,
PRIMARY_ONLY,DIOR-R,0,single_or_conflicting_frequency,15.0,endpoint_severe_event,48282,,0.009320243569031937,0.9265190839796316,,,0.0,0.0,0.00033138643801002444,MECHANISM_ONLY_NOT_RANKING_ONLY,,,,,,,,
SECONDARY_ONLY,DIOR-R,0,single_or_conflicting_frequency,15.0,endpoint_continuous,48282,15.123585827446753,,1.0053377058424533,,,14.999999999999996,15.000000000000009,0.0005385029617662897,MECHANISM_ONLY_NOT_RANKING_ONLY,,,,,,,,
SECONDARY_ONLY,DIOR-R,0,single_or_conflicting_frequency,15.0,endpoint_severe_event,48282,,0.8621225301354543,0.9610148489968532,,,14.999999999999996,15.000000000000009,0.0005385029617662897,MECHANISM_ONLY_NOT_RANKING_ONLY,,,,,,,,
FREQUENCY_CONFLICT,DIOR-R,0,single_or_conflicting_frequency,15.0,endpoint_continuous,48282,15.061589196709393,,0.9418449103750616,,,14.999999999999996,15.000000000000009,0.0015326622757963631,MECHANISM_ONLY_NOT_RANKING_ONLY,,,,,,,,
FREQUENCY_CONFLICT,DIOR-R,0,single_or_conflicting_frequency,15.0,endpoint_severe_event,48282,,0.8432127915165072,0.954409280811979,,,14.999999999999996,15.000000000000009,0.0015326622757963631,MECHANISM_ONLY_NOT_RANKING_ONLY,,,,,,,,
BOUNDARY_CROSS,DIOR-R,0,candidate_switch_surface,-10.0,endpoint_continuous,48282,39.52315665425546,,0.9657303762532993,,,39.67022126647413,39.98077032049839,0.0,MECHANISM_ONLY_NOT_RANKING_ONLY,,,,,,,,
BOUNDARY_CROSS,DIOR-R,0,candidate_switch_surface,-10.0,endpoint_severe_event,48282,,0.9984880493765793,1.1285512856514857,,,39.67022126647413,39.98077032049839,0.0,MECHANISM_ONLY_NOT_RANKING_ONLY,,,,,,,,
BOUNDARY_CROSS,DIOR-R,0,candidate_switch_surface,-5.0,endpoint_continuous,48282,42.020513798566505,,0.9666300367261276,,,42.17022126647413,42.480770320498394,0.0,MECHANISM_ONLY_NOT_RANKING_ONLY,,,,,,,,
BOUNDARY_CROSS,DIOR-R,0,candidate_switch_surface,-5.0,endpoint_severe_event,48282,,0.9987573008574624,1.1230677644655012,,,42.17022126647413,42.480770320498394,0.0,MECHANISM_ONLY_NOT_RANKING_ONLY,,,,,,,,
BOUNDARY_CROSS,DIOR-R,0,candidate_switch_surface,-1.0,endpoint_continuous,48282,44.01868597658245,,0.967257581118257,,,44.17022126647413,44.48077032049839,0.0,MECHANISM_ONLY_NOT_RANKING_ONLY,,,,,,,,
BOUNDARY_CROSS,DIOR-R,0,candidate_switch_surface,-1.0,endpoint_severe_event,48282,,0.9989229940764675,1.1209006649733337,,,44.17022126647413,44.48077032049839,0.0,MECHANISM_ONLY_NOT_RANKING_ONLY,,,,,,,,
BOUNDARY_CROSS,DIOR-R,0,candidate_switch_surface,1.0,endpoint_continuous,48282,44.955086430425766,,1.0441227525861714,,,44.82871180325972,46.881005089800624,1.0,MECHANISM_ONLY_NOT_RANKING_ONLY,,,,,,,,
BOUNDARY_CROSS,DIOR-R,0,candidate_switch_surface,1.0,endpoint_severe_event,48282,,0.9992958038192287,1.072135851989726,,,44.82871180325972,46.881005089800624,1.0,MECHANISM_ONLY_NOT_RANKING_ONLY,,,,,,,,
BOUNDARY_CROSS,DIOR-R,0,candidate_switch_surface,5.0,endpoint_continuous,48282,42.95713509607159,,1.0436391532020168,,,42.828711803259736,44.881005089800624,1.0,MECHANISM_ONLY_NOT_RANKING_ONLY,,,,,,,,
BOUNDARY_CROSS,DIOR-R,0,candidate_switch_surface,5.0,endpoint_severe_event,48282,,0.9992336688621019,1.07034021857839,,,42.828711803259736,44.881005089800624,1.0,MECHANISM_ONLY_NOT_RANKING_ONLY,,,,,,,,
BOUNDARY_CROSS,DIOR-R,0,candidate_switch_surface,10.0,endpoint_continuous,48282,40.45971013417577,,1.043046193911697,,,40.32871180325972,42.381005089800624,1.0,MECHANISM_ONLY_NOT_RANKING_ONLY,,,,,,,,
BOUNDARY_CROSS,DIOR-R,0,candidate_switch_surface,10.0,endpoint_severe_event,48282,,0.9990886872954724,1.0505106494455825,,,40.32871180325972,42.381005089800624,1.0,MECHANISM_ONLY_NOT_RANKING_ONLY,,,,,,,,
BASELINE_SCORE,DIOR-R,1,phase_mod,base,endpoint_continuous,48152,1.7175747781638155,,1.1931306292345514,nan,nan,0.0,0.0,6.230270809104503e-05,RANKING_ONLY,,,,,,,,
BASELINE_SCORE,DIOR-R,1,phase_mod,base,endpoint_severe_event,48152,1.7175747781638155,,0.953401984628159,nan,nan,0.0,0.0,6.230270809104503e-05,RANKING_ONLY,,,,,,,,
BASELINE_SCORE,DIOR-R,1,negative_phase_mod,base,endpoint_continuous,48152,1.7175747781638155,,1.1666799002583719,nan,nan,0.0,0.0,6.230270809104503e-05,RANKING_ONLY,,,,,,,,
BASELINE_SCORE,DIOR-R,1,negative_phase_mod,base,endpoint_severe_event,48152,1.7175747781638155,,1.5098414422621942,nan,nan,0.0,0.0,6.230270809104503e-05,RANKING_ONLY,,,,,,,,
BASELINE_SCORE,DIOR-R,1,detection_score,base,endpoint_continuous,48152,1.7175747781638155,,0.5934586273450069,nan,nan,0.0,0.0,6.230270809104503e-05,RANKING_ONLY,,,,,,,,
BASELINE_SCORE,DIOR-R,1,detection_score,base,endpoint_severe_event,48152,1.7175747781638155,,0.239366710055834,nan,nan,0.0,0.0,6.230270809104503e-05,RANKING_ONLY,,,,,,,,
BASELINE_SCORE,DIOR-R,1,multi_frequency_consistency,base,endpoint_continuous,48152,1.7175747781638155,,0.461052665020738,-0.4470214455555714,-0.22787149446697685,0.0,0.0,6.230270809104503e-05,RANKING_ONLY,,,,,,,,
BASELINE_SCORE,DIOR-R,1,multi_frequency_consistency,base,endpoint_severe_event,48152,1.7175747781638155,,0.6455025468236251,0.09312133365935109,0.6257059342381145,0.0,0.0,6.230270809104503e-05,RANKING_ONLY,,,,,,,,
BASELINE_SCORE,DIOR-R,1,unwrap_candidate_energy_gap,base,endpoint_continuous,48152,1.7175747781638155,,0.461052665020738,-0.4363648817301172,-0.22394172180936797,0.0,0.0,6.230270809104503e-05,RANKING_ONLY,,,,,,,,
BASELINE_SCORE,DIOR-R,1,unwrap_candidate_energy_gap,base,endpoint_severe_event,48152,1.7175747781638155,,0.6455025468236251,0.13656016838138282,0.6352395261895638,0.0,0.0,6.230270809104503e-05,RANKING_ONLY,,,,,,,,
BASELINE_SCORE,DIOR-R,1,phase_direction_margin,base,endpoint_continuous,48152,1.7175747781638155,,1.0437453156616001,-0.07169555214200098,0.03424453456558926,0.0,0.0,6.230270809104503e-05,RANKING_ONLY,,,,,,,,
BASELINE_SCORE,DIOR-R,1,phase_direction_margin,base,endpoint_severe_event,48152,1.7175747781638155,,0.7354514873646146,-0.35559909629379016,-0.029713766113945817,0.0,0.0,6.230270809104503e-05,RANKING_ONLY,,,,,,,,
RADIAL,DIOR-R,1,z_prime=k*z,0.25,endpoint_continuous,48152,9.420165896557672,,0.9653981226946486,,,1.5772679185303486,36.29774870333651,6.230270809104503e-05,MECHANISM_ONLY_NOT_RANKING_ONLY,0.14058013134701486,0.5978556468,0.089819963,0.0473120491,0.7293690685,0.502538,0.265973,True
RADIAL,DIOR-R,1,z_prime=k*z,0.25,endpoint_severe_event,48152,,0.3096029240737664,0.9273831243931646,,,1.5772679185303486,36.29774870333651,6.230270809104503e-05,MECHANISM_ONLY_NOT_RANKING_ONLY,0.14058013134701486,0.5978556468,0.089819963,0.0473120491,0.7293690685,0.502538,0.265973,True
RADIAL,DIOR-R,1,z_prime=k*z,0.5,endpoint_continuous,48152,2.337171494017281,,0.9683133499421149,,,0.0,0.0,6.230270809104503e-05,MECHANISM_ONLY_NOT_RANKING_ONLY,0.5623205253880594,0.4188342192,0.0874693088,0.0505716407,0.7125991666,0.536402,0.337622,True
RADIAL,DIOR-R,1,z_prime=k*z,0.5,endpoint_severe_event,48152,,0.041597441435454394,0.6281668924002135,,,0.0,0.0,6.230270809104503e-05,MECHANISM_ONLY_NOT_RANKING_ONLY,0.5623205253880594,0.4188342192,0.0874693088,0.0505716407,0.7125991666,0.536402,0.337622,True
RADIAL,DIOR-R,1,z_prime=k*z,0.75,endpoint_continuous,48152,1.7210380728072514,,1.1899126886278002,,,0.0,0.0,6.230270809104503e-05,MECHANISM_ONLY_NOT_RANKING_ONLY,1.2652211821231336,0.250105801,0.0778513974,0.0615091186,0.6506377097,0.537324,0.34138,True
RADIAL,DIOR-R,1,z_prime=k*z,0.75,endpoint_severe_event,48152,,0.008867752118292075,0.9338923275050729,,,0.0,0.0,6.230270809104503e-05,MECHANISM_ONLY_NOT_RANKING_ONLY,1.2652211821231336,0.250105801,0.0778513974,0.0615091186,0.6506377097,0.537324,0.34138,True
RADIAL,DIOR-R,1,z_prime=k*z,0.9,endpoint_continuous,48152,1.719962144069733,,1.1908827807043183,,,0.0,0.0,6.230270809104503e-05,MECHANISM_ONLY_NOT_RANKING_ONLY,1.8219185022573128,0.1615075224,0.0616336942,0.0759563082,0.5434934057,0.537328,0.341503,True
RADIAL,DIOR-R,1,z_prime=k*z,0.9,endpoint_severe_event,48152,,0.008743146702109985,0.9464889497425745,,,0.0,0.0,6.230270809104503e-05,MECHANISM_ONLY_NOT_RANKING_ONLY,1.8219185022573128,0.1615075224,0.0616336942,0.0759563082,0.5434934057,0.537328,0.341503,True
RADIAL,DIOR-R,1,z_prime=k*z,1.0,endpoint_continuous,48152,1.7175747781638155,,1.1931306292345514,,,0.0,0.0,6.230270809104503e-05,MECHANISM_ONLY_NOT_RANKING_ONLY,2.2492821015522377,0.1202976043,0.0301583386,0.097296603,0.2553363382,0.537332,0.341478,True
RADIAL,DIOR-R,1,z_prime=k*z,1.0,endpoint_severe_event,48152,,0.00868084399401894,0.953401984628159,,,0.0,0.0,6.230270809104503e-05,MECHANISM_ONLY_NOT_RANKING_ONLY,2.2492821015522377,0.1202976043,0.0301583386,0.097296603,0.2553363382,0.537332,0.341478,True
RADIAL,DIOR-R,1,z_prime=k*z,1.1,endpoint_continuous,48152,1.718270938077998,,1.1924818286017878,,,0.0,0.0,6.230270809104503e-05,MECHANISM_ONLY_NOT_RANKING_ONLY,2.721631342878208,0.1633753912,0.0712852153,0.0679424971,0.5932134581,0.537332,0.341485,True
RADIAL,DIOR-R,1,z_prime=k*z,1.1,endpoint_severe_event,48152,,0.00868084399401894,0.953401984628159,,,0.0,0.0,6.230270809104503e-05,MECHANISM_ONLY_NOT_RANKING_ONLY,2.721631342878208,0.1633753912,0.0712852153,0.0679424971,0.5932134581,0.537332,0.341485,True
RADIAL,DIOR-R,1,z_prime=k*z,1.25,endpoint_continuous,48152,1.7176167782790812,,1.193097755614699,,,0.0,0.0,6.230270809104503e-05,MECHANISM_ONLY_NOT_RANKING_ONLY,3.5145032836753716,0.2621173854,0.0860702735,0.0535902641,0.6992183635,0.537336,0.341492,True
RADIAL,DIOR-R,1,z_prime=k*z,1.25,endpoint_severe_event,48152,,0.008660076424655258,0.9556501272727849,,,0.0,0.0,6.230270809104503e-05,MECHANISM_ONLY_NOT_RANKING_ONLY,3.5145032836753716,0.2621173854,0.0860702735,0.0535902641,0.6992183635,0.537336,0.341492,True
RADIAL,DIOR-R,1,z_prime=k*z,1.5,endpoint_continuous,48152,1.718961558529489,,1.1918533291302607,,,0.0,0.0,6.230270809104503e-05,MECHANISM_ONLY_NOT_RANKING_ONLY,5.0608847284925345,0.443565913,0.0913481122,0.0468124253,0.7424666505,0.537336,0.341475,True
RADIAL,DIOR-R,1,z_prime=k*z,1.5,endpoint_severe_event,48152,,0.00868084399401894,0.9533701441745941,,,0.0,0.0,6.230270809104503e-05,MECHANISM_ONLY_NOT_RANKING_ONLY,5.0608847284925345,0.443565913,0.0913481122,0.0468124253,0.7424666505,0.537336,0.341475,True
RADIAL,DIOR-R,1,z_prime=k*z,2.0,endpoint_continuous,48152,1.71895764218759,,1.1918715850409258,,,0.0,0.0,6.230270809104503e-05,MECHANISM_ONLY_NOT_RANKING_ONLY,8.997128406208951,0.8212996742,0.0942698893,0.042539085,0.7647547902,0.537337,0.341475,True
RADIAL,DIOR-R,1,z_prime=k*z,2.0,endpoint_severe_event,48152,,0.008722379132746304,0.9489330377944692,,,0.0,0.0,6.230270809104503e-05,MECHANISM_ONLY_NOT_RANKING_ONLY,8.997128406208951,0.8212996742,0.0942698893,0.042539085,0.7647547902,0.537337,0.341475,True
RADIAL,DIOR-R,1,z_prime=k*z,4.0,endpoint_continuous,48152,1.71895764218759,,1.1918715850409258,,,0.0,0.0,6.230270809104503e-05,MECHANISM_ONLY_NOT_RANKING_ONLY,35.988513624835804,2.3619439365,0.0952921139,0.0407746287,0.772272391,0.537336,0.341448,True
RADIAL,DIOR-R,1,z_prime=k*z,4.0,endpoint_severe_event,48152,,0.008722379132746304,0.9489330377944692,,,0.0,0.0,6.230270809104503e-05,MECHANISM_ONLY_NOT_RANKING_ONLY,35.988513624835804,2.3619439365,0.0952921139,0.0407746287,0.772272391,0.537336,0.341448,True
TANGENTIAL_SYNC,DIOR-R,1,fixed_norm_phase_direction,-15.0,endpoint_continuous,48152,15.027324964760451,,0.9859357853655861,,,14.999999999999996,15.000000000000009,6.230270809104503e-05,MECHANISM_ONLY_NOT_RANKING_ONLY,,,,,,,,
TANGENTIAL_SYNC,DIOR-R,1,fixed_norm_phase_direction,-15.0,endpoint_severe_event,48152,,0.8532355873068616,0.9500639148446642,,,14.999999999999996,15.000000000000009,6.230270809104503e-05,MECHANISM_ONLY_NOT_RANKING_ONLY,,,,,,,,
PRIMARY_ONLY,DIOR-R,1,single_or_conflicting_frequency,-15.0,endpoint_continuous,48152,1.7594551264583884,,1.1551436074058155,,,0.0,0.0,0.0005399568034557236,MECHANISM_ONLY_NOT_RANKING_ONLY,,,,,,,,
PRIMARY_ONLY,DIOR-R,1,single_or_conflicting_frequency,-15.0,endpoint_severe_event,48152,,0.0091792656587473,0.9014787947562899,,,0.0,0.0,0.0005399568034557236,MECHANISM_ONLY_NOT_RANKING_ONLY,,,,,,,,
SECONDARY_ONLY,DIOR-R,1,single_or_conflicting_frequency,-15.0,endpoint_continuous,48152,15.045720472950011,,0.9782940674298392,,,14.999999999999996,15.000000000000009,0.0004776540953646785,MECHANISM_ONLY_NOT_RANKING_ONLY,,,,,,,,
SECONDARY_ONLY,DIOR-R,1,single_or_conflicting_frequency,-15.0,endpoint_severe_event,48152,,0.8533186575843164,0.9497556784482306,,,14.999999999999996,15.000000000000009,0.0004776540953646785,MECHANISM_ONLY_NOT_RANKING_ONLY,,,,,,,,
FREQUENCY_CONFLICT,DIOR-R,1,single_or_conflicting_frequency,-15.0,endpoint_continuous,48152,15.121927546941134,,0.979230121515519,,,14.999999999999996,15.000000000000009,0.0011837514537298554,MECHANISM_ONLY_NOT_RANKING_ONLY,,,,,,,,
FREQUENCY_CONFLICT,DIOR-R,1,single_or_conflicting_frequency,-15.0,endpoint_severe_event,48152,,0.8564545605582322,0.9352344541111649,,,14.999999999999996,15.000000000000009,0.0011837514537298554,MECHANISM_ONLY_NOT_RANKING_ONLY,,,,,,,,
TANGENTIAL_SYNC,DIOR-R,1,fixed_norm_phase_direction,-7.5,endpoint_continuous,48152,7.598347656795356,,0.9858708310250466,,,7.500000000000004,7.500000000000004,6.230270809104503e-05,MECHANISM_ONLY_NOT_RANKING_ONLY,,,,,,,,
TANGENTIAL_SYNC,DIOR-R,1,fixed_norm_phase_direction,-7.5,endpoint_severe_event,48152,,0.12074264828044526,1.1285472324308907,,,7.500000000000004,7.500000000000004,6.230270809104503e-05,MECHANISM_ONLY_NOT_RANKING_ONLY,,,,,,,,
PRIMARY_ONLY,DIOR-R,1,single_or_conflicting_frequency,-7.5,endpoint_continuous,48152,1.7360104331476893,,1.176117996440695,,,0.0,0.0,0.0002699784017278618,MECHANISM_ONLY_NOT_RANKING_ONLY,,,,,,,,
PRIMARY_ONLY,DIOR-R,1,single_or_conflicting_frequency,-7.5,endpoint_severe_event,48152,,0.008909287257019439,0.9289069503766453,,,0.0,0.0,0.0002699784017278618,MECHANISM_ONLY_NOT_RANKING_ONLY,,,,,,,,
SECONDARY_ONLY,DIOR-R,1,single_or_conflicting_frequency,-7.5,endpoint_continuous,48152,7.611359756555048,,0.9799805674729231,,,7.500000000000004,7.500000000000004,0.00029074597109154346,MECHANISM_ONLY_NOT_RANKING_ONLY,,,,,,,,
SECONDARY_ONLY,DIOR-R,1,single_or_conflicting_frequency,-7.5,endpoint_severe_event,48152,,0.1209087888353547,1.1269184936023744,,,7.500000000000004,7.500000000000004,0.00029074597109154346,MECHANISM_ONLY_NOT_RANKING_ONLY,,,,,,,,
FREQUENCY_CONFLICT,DIOR-R,1,single_or_conflicting_frequency,-7.5,endpoint_continuous,48152,7.668292250142445,,0.9877910745535459,,,7.500000000000004,7.500000000000004,0.0005399568034557236,MECHANISM_ONLY_NOT_RANKING_ONLY,,,,,,,,
FREQUENCY_CONFLICT,DIOR-R,1,single_or_conflicting_frequency,-7.5,endpoint_severe_event,48152,,0.1288420003322811,1.1533196072871363,,,7.500000000000004,7.500000000000004,0.0005399568034557236,MECHANISM_ONLY_NOT_RANKING_ONLY,,,,,,,,
TANGENTIAL_SYNC,DIOR-R,1,fixed_norm_phase_direction,-2.0,endpoint_continuous,48152,2.6991662705506663,,1.048679907542974,,,2.0000000000000027,2.0000000000000027,6.230270809104503e-05,MECHANISM_ONLY_NOT_RANKING_ONLY,,,,,,,,
TANGENTIAL_SYNC,DIOR-R,1,fixed_norm_phase_direction,-2.0,endpoint_severe_event,48152,,0.013353547100847317,0.9956616398232367,,,2.0000000000000027,2.0000000000000027,6.230270809104503e-05,MECHANISM_ONLY_NOT_RANKING_ONLY,,,,,,,,
PRIMARY_ONLY,DIOR-R,1,single_or_conflicting_frequency,-2.0,endpoint_continuous,48152,1.7259688509618274,,1.1853211529256127,,,0.0,0.0,0.00014537298554577173,MECHANISM_ONLY_NOT_RANKING_ONLY,,,,,,,,
PRIMARY_ONLY,DIOR-R,1,single_or_conflicting_frequency,-2.0,endpoint_severe_event,48152,,0.008784681840837348,0.9421018125051298,,,0.0,0.0,0.00014537298554577173,MECHANISM_ONLY_NOT_RANKING_ONLY,,,,,,,,
SECONDARY_ONLY,DIOR-R,1,single_or_conflicting_frequency,-2.0,endpoint_continuous,48152,2.700680028807386,,1.0475361830102676,,,2.0000000000000027,2.0000000000000027,8.30702774547267e-05,MECHANISM_ONLY_NOT_RANKING_ONLY,,,,,,,,
SECONDARY_ONLY,DIOR-R,1,single_or_conflicting_frequency,-2.0,endpoint_severe_event,48152,,0.013374314670210998,0.9941085612074693,,,2.0000000000000027,2.0000000000000027,8.30702774547267e-05,MECHANISM_ONLY_NOT_RANKING_ONLY,,,,,,,,
FREQUENCY_CONFLICT,DIOR-R,1,single_or_conflicting_frequency,-2.0,endpoint_continuous,48152,2.7154922663853367,,1.0467645928253664,,,2.0000000000000027,2.0000000000000027,0.0002284432630004984,MECHANISM_ONLY_NOT_RANKING_ONLY,,,,,,,,
FREQUENCY_CONFLICT,DIOR-R,1,single_or_conflicting_frequency,-2.0,endpoint_severe_event,48152,,0.012958963282937365,1.079905281153051,,,2.0000000000000027,2.0000000000000027,0.0002284432630004984,MECHANISM_ONLY_NOT_RANKING_ONLY,,,,,,,,
TANGENTIAL_SYNC,DIOR-R,1,fixed_norm_phase_direction,0.0,endpoint_continuous,48152,1.7175747781638155,,1.1931306292345514,,,0.0,0.0,6.230270809104503e-05,MECHANISM_ONLY_NOT_RANKING_ONLY,,,,,,,,
TANGENTIAL_SYNC,DIOR-R,1,fixed_norm_phase_direction,0.0,endpoint_severe_event,48152,,0.00868084399401894,0.953401984628159,,,0.0,0.0,6.230270809104503e-05,MECHANISM_ONLY_NOT_RANKING_ONLY,,,,,,,,
PRIMARY_ONLY,DIOR-R,1,single_or_conflicting_frequency,0.0,endpoint_continuous,48152,1.7175747781638155,,1.1931306292345514,,,0.0,0.0,6.230270809104503e-05,MECHANISM_ONLY_NOT_RANKING_ONLY,,,,,,,,
PRIMARY_ONLY,DIOR-R,1,single_or_conflicting_frequency,0.0,endpoint_severe_event,48152,,0.00868084399401894,0.953401984628159,,,0.0,0.0,6.230270809104503e-05,MECHANISM_ONLY_NOT_RANKING_ONLY,,,,,,,,
SECONDARY_ONLY,DIOR-R,1,single_or_conflicting_frequency,0.0,endpoint_continuous,48152,1.7175747781638155,,1.1931306292345514,,,0.0,0.0,6.230270809104503e-05,MECHANISM_ONLY_NOT_RANKING_ONLY,,,,,,,,
SECONDARY_ONLY,DIOR-R,1,single_or_conflicting_frequency,0.0,endpoint_severe_event,48152,,0.00868084399401894,0.953401984628159,,,0.0,0.0,6.230270809104503e-05,MECHANISM_ONLY_NOT_RANKING_ONLY,,,,,,,,
FREQUENCY_CONFLICT,DIOR-R,1,single_or_conflicting_frequency,0.0,endpoint_continuous,48152,1.7175747781638155,,1.1931306292345514,,,0.0,0.0,6.230270809104503e-05,MECHANISM_ONLY_NOT_RANKING_ONLY,,,,,,,,
FREQUENCY_CONFLICT,DIOR-R,1,single_or_conflicting_frequency,0.0,endpoint_severe_event,48152,,0.00868084399401894,0.953401984628159,,,0.0,0.0,6.230270809104503e-05,MECHANISM_ONLY_NOT_RANKING_ONLY,,,,,,,,
TANGENTIAL_SYNC,DIOR-R,1,fixed_norm_phase_direction,2.0,endpoint_continuous,48152,2.700705258779648,,1.057792337020643,,,2.0000000000000027,2.0000000000000027,6.230270809104503e-05,MECHANISM_ONLY_NOT_RANKING_ONLY,,,,,,,,
TANGENTIAL_SYNC,DIOR-R,1,fixed_norm_phase_direction,2.0,endpoint_severe_event,48152,,0.012792822728027911,1.0939707246300836,,,2.0000000000000027,2.0000000000000027,6.230270809104503e-05,MECHANISM_ONLY_NOT_RANKING_ONLY,,,,,,,,
PRIMARY_ONLY,DIOR-R,1,single_or_conflicting_frequency,2.0,endpoint_continuous,48152,1.7190054661430805,,1.1917906249692598,,,0.0,0.0,8.30702774547267e-05,MECHANISM_ONLY_NOT_RANKING_ONLY,,,,,,,,
PRIMARY_ONLY,DIOR-R,1,single_or_conflicting_frequency,2.0,endpoint_severe_event,48152,,0.008701611563382622,0.9511210222678417,,,0.0,0.0,8.30702774547267e-05,MECHANISM_ONLY_NOT_RANKING_ONLY,,,,,,,,
SECONDARY_ONLY,DIOR-R,1,single_or_conflicting_frequency,2.0,endpoint_continuous,48152,2.708722372136366,,1.051779856595424,,,2.0000000000000027,2.0000000000000027,0.00014537298554577173,MECHANISM_ONLY_NOT_RANKING_ONLY,,,,,,,,
SECONDARY_ONLY,DIOR-R,1,single_or_conflicting_frequency,2.0,endpoint_severe_event,48152,,0.012875893005482638,1.086887122101221,,,2.0000000000000027,2.0000000000000027,0.00014537298554577173,MECHANISM_ONLY_NOT_RANKING_ONLY,,,,,,,,
FREQUENCY_CONFLICT,DIOR-R,1,single_or_conflicting_frequency,2.0,endpoint_continuous,48152,2.70571940922209,,1.043745869646648,,,2.0000000000000027,2.0000000000000027,0.00014537298554577173,MECHANISM_ONLY_NOT_RANKING_ONLY,,,,,,,,
FREQUENCY_CONFLICT,DIOR-R,1,single_or_conflicting_frequency,2.0,endpoint_severe_event,48152,,0.013436617378302044,0.9894763490259554,,,2.0000000000000027,2.0000000000000027,0.00014537298554577173,MECHANISM_ONLY_NOT_RANKING_ONLY,,,,,,,,
TANGENTIAL_SYNC,DIOR-R,1,fixed_norm_phase_direction,7.5,endpoint_continuous,48152,7.631030687469672,,1.0049432185197036,,,7.500000000000004,7.500000000000004,6.230270809104503e-05,MECHANISM_ONLY_NOT_RANKING_ONLY,,,,,,,,
TANGENTIAL_SYNC,DIOR-R,1,fixed_norm_phase_direction,7.5,endpoint_severe_event,48152,,0.1285097192224622,1.1564536814134327,,,7.500000000000004,7.500000000000004,6.230270809104503e-05,MECHANISM_ONLY_NOT_RANKING_ONLY,,,,,,,,
PRIMARY_ONLY,DIOR-R,1,single_or_conflicting_frequency,7.5,endpoint_continuous,48152,1.731897909088877,,1.1798608802567898,,,0.0,0.0,0.00029074597109154346,MECHANISM_ONLY_NOT_RANKING_ONLY,,,,,,,,
PRIMARY_ONLY,DIOR-R,1,single_or_conflicting_frequency,7.5,endpoint_severe_event,48152,,0.008846984548928393,0.9354368628791357,,,0.0,0.0,0.00029074597109154346,MECHANISM_ONLY_NOT_RANKING_ONLY,,,,,,,,
SECONDARY_ONLY,DIOR-R,1,single_or_conflicting_frequency,7.5,endpoint_continuous,48152,7.647159192549482,,0.9974572915972816,,,7.500000000000004,7.500000000000004,0.0002699784017278618,MECHANISM_ONLY_NOT_RANKING_ONLY,,,,,,,,
SECONDARY_ONLY,DIOR-R,1,single_or_conflicting_frequency,7.5,endpoint_severe_event,48152,,0.1286343246386443,1.155278210590005,,,7.500000000000004,7.500000000000004,0.0002699784017278618,MECHANISM_ONLY_NOT_RANKING_ONLY,,,,,,,,
FREQUENCY_CONFLICT,DIOR-R,1,single_or_conflicting_frequency,7.5,endpoint_continuous,48152,7.62103466976015,,0.9756440064556328,,,7.500000000000004,7.500000000000004,0.0004776540953646785,MECHANISM_ONLY_NOT_RANKING_ONLY,,,,,,,,
FREQUENCY_CONFLICT,DIOR-R,1,single_or_conflicting_frequency,7.5,endpoint_severe_event,48152,,0.12101262668217312,1.1259021030679832,,,7.500000000000004,7.500000000000004,0.0004776540953646785,MECHANISM_ONLY_NOT_RANKING_ONLY,,,,,,,,
TANGENTIAL_SYNC,DIOR-R,1,fixed_norm_phase_direction,15.0,endpoint_continuous,48152,15.056087418276645,,1.0066469470901187,,,14.999999999999996,15.000000000000009,6.230270809104503e-05,MECHANISM_ONLY_NOT_RANKING_ONLY,,,,,,,,
TANGENTIAL_SYNC,DIOR-R,1,fixed_norm_phase_direction,15.0,endpoint_severe_event,48152,,0.8561222794484133,0.9364949135640684,,,14.999999999999996,15.000000000000009,6.230270809104503e-05,MECHANISM_ONLY_NOT_RANKING_ONLY,,,,,,,,
PRIMARY_ONLY,DIOR-R,1,single_or_conflicting_frequency,15.0,endpoint_continuous,48152,1.7430938668864004,,1.1696792850190516,,,0.0,0.0,0.0004776540953646785,MECHANISM_ONLY_NOT_RANKING_ONLY,,,,,,,,
PRIMARY_ONLY,DIOR-R,1,single_or_conflicting_frequency,15.0,endpoint_severe_event,48152,,0.008950822395746802,0.9245379595931915,,,0.0,0.0,0.0004776540953646785,MECHANISM_ONLY_NOT_RANKING_ONLY,,,,,,,,
SECONDARY_ONLY,DIOR-R,1,single_or_conflicting_frequency,15.0,endpoint_continuous,48152,15.08562223025527,,0.9941750781765326,,,14.999999999999996,15.000000000000009,0.0005399568034557236,MECHANISM_ONLY_NOT_RANKING_ONLY,,,,,,,,
SECONDARY_ONLY,DIOR-R,1,single_or_conflicting_frequency,15.0,endpoint_severe_event,48152,,0.8562884200033228,0.9358644532117358,,,14.999999999999996,15.000000000000009,0.0005399568034557236,MECHANISM_ONLY_NOT_RANKING_ONLY,,,,,,,,
FREQUENCY_CONFLICT,DIOR-R,1,single_or_conflicting_frequency,15.0,endpoint_continuous,48152,15.086319063994257,,0.9618420463651166,,,14.999999999999996,15.000000000000009,0.0012252865924572188,MECHANISM_ONLY_NOT_RANKING_ONLY,,,,,,,,
FREQUENCY_CONFLICT,DIOR-R,1,single_or_conflicting_frequency,15.0,endpoint_severe_event,48152,,0.8535886359860442,0.9487549149318646,,,14.999999999999996,15.000000000000009,0.0012252865924572188,MECHANISM_ONLY_NOT_RANKING_ONLY,,,,,,,,
BOUNDARY_CROSS,DIOR-R,1,candidate_switch_surface,-10.0,endpoint_continuous,48152,39.51886274113058,,0.9487682628813209,,,39.666357139001526,39.98320586063051,0.0,MECHANISM_ONLY_NOT_RANKING_ONLY,,,,,,,,
BOUNDARY_CROSS,DIOR-R,1,candidate_switch_surface,-10.0,endpoint_severe_event,48152,,0.9983178268815418,1.1284493192579703,,,39.666357139001526,39.98320586063051,0.0,MECHANISM_ONLY_NOT_RANKING_ONLY,,,,,,,,
BOUNDARY_CROSS,DIOR-R,1,candidate_switch_surface,-5.0,endpoint_continuous,48152,42.0158134713939,,0.9498559983369097,,,42.166357139001526,42.48320586063052,0.0,MECHANISM_ONLY_NOT_RANKING_ONLY,,,,,,,,
BOUNDARY_CROSS,DIOR-R,1,candidate_switch_surface,-5.0,endpoint_severe_event,48152,,0.9984839674364513,1.124237232192455,,,42.166357139001526,42.48320586063052,0.0,MECHANISM_ONLY_NOT_RANKING_ONLY,,,,,,,,
BOUNDARY_CROSS,DIOR-R,1,candidate_switch_surface,-1.0,endpoint_continuous,48152,44.01393007250504,,0.9505044668718847,,,44.166357139001526,44.48320586063051,0.0,MECHANISM_ONLY_NOT_RANKING_ONLY,,,,,,,,
BOUNDARY_CROSS,DIOR-R,1,candidate_switch_surface,-1.0,endpoint_severe_event,48152,,0.9985878052832696,1.1234056633692555,,,44.166357139001526,44.48320586063051,0.0,MECHANISM_ONLY_NOT_RANKING_ONLY,,,,,,,,
BOUNDARY_CROSS,DIOR-R,1,candidate_switch_surface,1.0,endpoint_continuous,48152,44.97290797571717,,1.0585638146824297,,,44.83317378676448,46.60689779318428,1.0,MECHANISM_ONLY_NOT_RANKING_ONLY,,,,,,,,
BOUNDARY_CROSS,DIOR-R,1,candidate_switch_surface,1.0,endpoint_severe_event,48152,,0.9996261837514537,1.039398559834155,,,44.83317378676448,46.60689779318428,1.0,MECHANISM_ONLY_NOT_RANKING_ONLY,,,,,,,,
BOUNDARY_CROSS,DIOR-R,1,candidate_switch_surface,5.0,endpoint_continuous,48152,42.97439257488349,,1.0581872125550176,,,42.83317378676449,44.60689779318429,1.0,MECHANISM_ONLY_NOT_RANKING_ONLY,,,,,,,,
BOUNDARY_CROSS,DIOR-R,1,candidate_switch_surface,5.0,endpoint_severe_event,48152,,0.999543113473999,1.015380260359734,,,42.83317378676449,44.60689779318429,1.0,MECHANISM_ONLY_NOT_RANKING_ONLY,,,,,,,,
BOUNDARY_CROSS,DIOR-R,1,candidate_switch_surface,10.0,endpoint_continuous,48152,40.476387642814366,,1.0578121003453513,,,40.33317378676448,42.10689779318428,1.0,MECHANISM_ONLY_NOT_RANKING_ONLY,,,,,,,,
BOUNDARY_CROSS,DIOR-R,1,candidate_switch_surface,10.0,endpoint_severe_event,48152,,0.9993769729190896,1.011104464479947,,,40.33317378676448,42.10689779318428,1.0,MECHANISM_ONLY_NOT_RANKING_ONLY,,,,,,,,
BASELINE_SCORE,DIOR-R,2,phase_mod,base,endpoint_continuous,48195,1.6972488346943233,,1.2031616855286675,nan,nan,0.0,0.0,0.00016599232285506796,RANKING_ONLY,,,,,,,,
BASELINE_SCORE,DIOR-R,2,phase_mod,base,endpoint_severe_event,48195,1.6972488346943233,,0.9295139700831351,nan,nan,0.0,0.0,0.00016599232285506796,RANKING_ONLY,,,,,,,,
BASELINE_SCORE,DIOR-R,2,negative_phase_mod,base,endpoint_continuous,48195,1.6972488346943233,,1.1779775017390899,nan,nan,0.0,0.0,0.00016599232285506796,RANKING_ONLY,,,,,,,,
BASELINE_SCORE,DIOR-R,2,negative_phase_mod,base,endpoint_severe_event,48195,1.6972488346943233,,1.5586749904634642,nan,nan,0.0,0.0,0.00016599232285506796,RANKING_ONLY,,,,,,,,
BASELINE_SCORE,DIOR-R,2,detection_score,base,endpoint_continuous,48195,1.6972488346943233,,0.6014638694509965,nan,nan,0.0,0.0,0.00016599232285506796,RANKING_ONLY,,,,,,,,
BASELINE_SCORE,DIOR-R,2,detection_score,base,endpoint_severe_event,48195,1.6972488346943233,,0.24459576099406694,nan,nan,0.0,0.0,0.00016599232285506796,RANKING_ONLY,,,,,,,,
BASELINE_SCORE,DIOR-R,2,multi_frequency_consistency,base,endpoint_continuous,48195,1.6972488346943233,,0.49904100855833383,-0.35106210673635135,-0.0706453338904582,0.0,0.0,0.00016599232285506796,RANKING_ONLY,,,,,,,,
BASELINE_SCORE,DIOR-R,2,multi_frequency_consistency,base,endpoint_severe_event,48195,1.6972488346943233,,0.7331923780154551,0.3018474652335111,0.8971122115787643,0.0,0.0,0.00016599232285506796,RANKING_ONLY,,,,,,,,
BASELINE_SCORE,DIOR-R,2,unwrap_candidate_energy_gap,base,endpoint_continuous,48195,1.6972488346943233,,0.49904100855833383,-0.3476009747478398,-0.05963813543363697,0.0,0.0,0.00016599232285506796,RANKING_ONLY,,,,,,,,
BASELINE_SCORE,DIOR-R,2,unwrap_candidate_energy_gap,base,endpoint_severe_event,48195,1.6972488346943233,,0.7331923780154551,0.32465443795620663,0.9039225643333565,0.0,0.0,0.00016599232285506796,RANKING_ONLY,,,,,,,,
BASELINE_SCORE,DIOR-R,2,phase_direction_margin,base,endpoint_continuous,48195,1.6972488346943233,,1.0662564818658082,-0.05553250804776075,0.049526857861604504,0.0,0.0,0.00016599232285506796,RANKING_ONLY,,,,,,,,
BASELINE_SCORE,DIOR-R,2,phase_direction_margin,base,endpoint_severe_event,48195,1.6972488346943233,,0.7684265284402068,-0.1573773871490017,0.13354770789042497,0.0,0.0,0.00016599232285506796,RANKING_ONLY,,,,,,,,
RADIAL,DIOR-R,2,z_prime=k*z,0.25,endpoint_continuous,48195,9.463594638984077,,0.9709685361050132,,,1.704495646881474,36.486306183248075,0.00016599232285506796,MECHANISM_ONLY_NOT_RANKING_ONLY,0.1407101617956067,0.5981960853,0.089737741,0.0474442825,0.7280494986,0.506076,0.263208,True
RADIAL,DIOR-R,2,z_prime=k*z,0.25,endpoint_severe_event,48195,,0.31040564373897706,0.9348203923110733,,,1.704495646881474,36.486306183248075,0.00016599232285506796,MECHANISM_ONLY_NOT_RANKING_ONLY,0.1407101617956067,0.5981960853,0.089737741,0.0474442825,0.7280494986,0.506076,0.263208,True
RADIAL,DIOR-R,2,z_prime=k*z,0.5,endpoint_continuous,48195,2.264605061521497,,0.980862917682566,,,0.0,0.0,0.00016599232285506796,MECHANISM_ONLY_NOT_RANKING_ONLY,0.5628406471824268,0.4194712969,0.0875587106,0.0505125032,0.7119865525,0.540117,0.335385,True
RADIAL,DIOR-R,2,z_prime=k*z,0.5,endpoint_severe_event,48195,,0.03772175536881419,0.6194610417624368,,,0.0,0.0,0.00016599232285506796,MECHANISM_ONLY_NOT_RANKING_ONLY,0.5628406471824268,0.4194712969,0.0875587106,0.0505125032,0.7119865525,0.540117,0.335385,True
RADIAL,DIOR-R,2,z_prime=k*z,0.75,endpoint_continuous,48195,1.702909846606267,,1.1979217381011193,,,0.0,0.0,0.00016599232285506796,MECHANISM_ONLY_NOT_RANKING_ONLY,1.2663914561604601,0.2507713044,0.0784163156,0.0607680895,0.6521412669,0.541296,0.338083,True
RADIAL,DIOR-R,2,z_prime=k*z,0.75,endpoint_severe_event,48195,,0.008839091192032368,0.9043415782557465,,,0.0,0.0,0.00016599232285506796,MECHANISM_ONLY_NOT_RANKING_ONLY,1.2663914561604601,0.2507713044,0.0784163156,0.0607680895,0.6521412669,0.541296,0.338083,True
RADIAL,DIOR-R,2,z_prime=k*z,0.9,endpoint_continuous,48195,1.6989216975479684,,1.2016064719637327,,,0.0,0.0,0.00016599232285506796,MECHANISM_ONLY_NOT_RANKING_ONLY,1.8236036968710627,0.1621073503,0.0619130149,0.0757563979,0.5449722144,0.541288,0.338026,True
RADIAL,DIOR-R,2,z_prime=k*z,0.9,endpoint_severe_event,48195,,0.0086730988691773,0.9208027890769555,,,0.0,0.0,0.00016599232285506796,MECHANISM_ONLY_NOT_RANKING_ONLY,1.8236036968710627,0.1621073503,0.0619130149,0.0757563979,0.5449722144,0.541288,0.338026,True
RADIAL,DIOR-R,2,z_prime=k*z,1.0,endpoint_continuous,48195,1.6972488346943233,,1.2031616855286675,,,0.0,0.0,0.00016599232285506796,MECHANISM_ONLY_NOT_RANKING_ONLY,2.251362588729707,0.1207697191,0.0302565269,0.0971967572,0.2568057722,0.541289,0.338358,True
RADIAL,DIOR-R,2,z_prime=k*z,1.0,endpoint_severe_event,48195,,0.008590102707749767,0.9295139700831351,,,0.0,0.0,0.00016599232285506796,MECHANISM_ONLY_NOT_RANKING_ONLY,2.251362588729707,0.1207697191,0.0302565269,0.0971967572,0.2568057722,0.541289,0.338358,True
RADIAL,DIOR-R,2,z_prime=k*z,1.1,endpoint_continuous,48195,1.697349794191443,,1.2030650683000528,,,0.0,0.0,0.00016599232285506796,MECHANISM_ONLY_NOT_RANKING_ONLY,2.724148732362946,0.1642744494,0.0715519069,0.0677131385,0.596410915,0.541289,0.338385,True
RADIAL,DIOR-R,2,z_prime=k*z,1.1,endpoint_severe_event,48195,,0.008548604627035999,0.9339443182086888,,,0.0,0.0,0.00016599232285506796,MECHANISM_ONLY_NOT_RANKING_ONLY,2.724148732362946,0.1642744494,0.0715519069,0.0677131385,0.596410915,0.541289,0.338385,True
RADIAL,DIOR-R,2,z_prime=k*z,1.25,endpoint_continuous,48195,1.69759556069714,,1.2028348299327711,,,0.0,0.0,0.00016599232285506796,MECHANISM_ONLY_NOT_RANKING_ONLY,3.517754044890167,0.2633437464,0.0860547476,0.0537161832,0.7004551676,0.541289,0.338383,True
RADIAL,DIOR-R,2,z_prime=k*z,1.25,endpoint_severe_event,48195,,0.008527855586679116,0.9362124970600696,,,0.0,0.0,0.00016599232285506796,MECHANISM_ONLY_NOT_RANKING_ONLY,3.517754044890167,0.2633437464,0.0860547476,0.0537161832,0.7004551676,0.541289,0.338383,True
RADIAL,DIOR-R,2,z_prime=k*z,1.5,endpoint_continuous,48195,1.6966531122009478,,1.2037233353002808,,,0.0,0.0,0.00016599232285506796,MECHANISM_ONLY_NOT_RANKING_ONLY,5.0655658246418405,0.4449253692,0.0911981515,0.0470892278,0.7424342996,0.541287,0.338381,True
RADIAL,DIOR-R,2,z_prime=k*z,1.5,endpoint_severe_event,48195,,0.008527855586679116,0.9362124970600696,,,0.0,0.0,0.00016599232285506796,MECHANISM_ONLY_NOT_RANKING_ONLY,5.0655658246418405,0.4449253692,0.0911981515,0.0470892278,0.7424342996,0.541287,0.338381,True
RADIAL,DIOR-R,2,z_prime=k*z,2.0,endpoint_continuous,48195,1.69690778867592,,1.2034886858278793,,,0.0,0.0,0.00016599232285506796,MECHANISM_ONLY_NOT_RANKING_ONLY,9.005450354918828,0.8225179626,0.0940957118,0.0428223487,0.7646454503,0.541287,0.338358,True
RADIAL,DIOR-R,2,z_prime=k*z,2.0,endpoint_severe_event,48195,,0.008527855586679116,0.9362131625048213,,,0.0,0.0,0.00016599232285506796,MECHANISM_ONLY_NOT_RANKING_ONLY,9.005450354918828,0.8225179626,0.0940957118,0.0428223487,0.7646454503,0.541287,0.338358,True
RADIAL,DIOR-R,2,z_prime=k*z,4.0,endpoint_continuous,48195,1.6957428776144168,,1.2045856408684867,,,0.0,0.0,0.00016599232285506796,MECHANISM_ONLY_NOT_RANKING_ONLY,36.02180141967531,2.3630599133,0.0952333503,0.0409171946,0.7722645171,0.541283,0.338476,True
RADIAL,DIOR-R,2,z_prime=k*z,4.0,endpoint_severe_event,48195,,0.008507106546322233,0.9384749565179722,,,0.0,0.0,0.00016599232285506796,MECHANISM_ONLY_NOT_RANKING_ONLY,36.02180141967531,2.3630599133,0.0952333503,0.0409171946,0.7722645171,0.541283,0.338476,True
TANGENTIAL_SYNC,DIOR-R,2,fixed_norm_phase_direction,-15.0,endpoint_continuous,48195,15.076899444746356,,0.9870604136360669,,,14.999999999999996,15.000000000000009,0.00016599232285506796,MECHANISM_ONLY_NOT_RANKING_ONLY,,,,,,,,
TANGENTIAL_SYNC,DIOR-R,2,fixed_norm_phase_direction,-15.0,endpoint_severe_event,48195,,0.8568523705778608,0.9494458482591093,,,14.999999999999996,15.000000000000009,0.00016599232285506796,MECHANISM_ONLY_NOT_RANKING_ONLY,,,,,,,,
PRIMARY_ONLY,DIOR-R,2,single_or_conflicting_frequency,-15.0,endpoint_continuous,48195,1.7133486514640779,,1.1880052905431766,,,0.0,0.0,0.00043572984749455336,MECHANISM_ONLY_NOT_RANKING_ONLY,,,,,,,,
PRIMARY_ONLY,DIOR-R,2,single_or_conflicting_frequency,-15.0,endpoint_severe_event,48195,,0.008756095030604835,0.9118230672413936,,,0.0,0.0,0.00043572984749455336,MECHANISM_ONLY_NOT_RANKING_ONLY,,,,,,,,
SECONDARY_ONLY,DIOR-R,2,single_or_conflicting_frequency,-15.0,endpoint_continuous,48195,15.097654932432523,,0.9783462928018654,,,14.999999999999996,15.000000000000009,0.0003527336860670194,MECHANISM_ONLY_NOT_RANKING_ONLY,,,,,,,,
SECONDARY_ONLY,DIOR-R,2,single_or_conflicting_frequency,-15.0,endpoint_severe_event,48195,,0.8569768648200021,0.9489770561736057,,,14.999999999999996,15.000000000000009,0.0003527336860670194,MECHANISM_ONLY_NOT_RANKING_ONLY,,,,,,,,
FREQUENCY_CONFLICT,DIOR-R,2,single_or_conflicting_frequency,-15.0,endpoint_continuous,48195,15.055882461916145,,0.9752875837973258,,,14.999999999999996,15.000000000000009,0.00130718954248366,MECHANISM_ONLY_NOT_RANKING_ONLY,,,,,,,,
FREQUENCY_CONFLICT,DIOR-R,2,single_or_conflicting_frequency,-15.0,endpoint_severe_event,48195,,0.8533457827575475,0.9583229805143791,,,14.999999999999996,15.000000000000009,0.00130718954248366,MECHANISM_ONLY_NOT_RANKING_ONLY,,,,,,,,
TANGENTIAL_SYNC,DIOR-R,2,fixed_norm_phase_direction,-7.5,endpoint_continuous,48195,7.641523687911554,,0.9855713099174177,,,7.500000000000004,7.500000000000004,0.00016599232285506796,MECHANISM_ONLY_NOT_RANKING_ONLY,,,,,,,,
TANGENTIAL_SYNC,DIOR-R,2,fixed_norm_phase_direction,-7.5,endpoint_severe_event,48195,,0.12403776325344953,1.155868148110379,,,7.500000000000004,7.500000000000004,0.00016599232285506796,MECHANISM_ONLY_NOT_RANKING_ONLY,,,,,,,,
PRIMARY_ONLY,DIOR-R,2,single_or_conflicting_frequency,-7.5,endpoint_continuous,48195,1.7007063846222343,,1.1998747450609812,,,0.0,0.0,0.00022823944392571843,MECHANISM_ONLY_NOT_RANKING_ONLY,,,,,,,,
PRIMARY_ONLY,DIOR-R,2,single_or_conflicting_frequency,-7.5,endpoint_severe_event,48195,,0.008631600788463534,0.9250278470391079,,,0.0,0.0,0.00022823944392571843,MECHANISM_ONLY_NOT_RANKING_ONLY,,,,,,,,
SECONDARY_ONLY,DIOR-R,2,single_or_conflicting_frequency,-7.5,endpoint_continuous,48195,7.651185468134949,,0.9811654305429203,,,7.500000000000004,7.500000000000004,0.00020749040356883493,MECHANISM_ONLY_NOT_RANKING_ONLY,,,,,,,,
SECONDARY_ONLY,DIOR-R,2,single_or_conflicting_frequency,-7.5,endpoint_severe_event,48195,,0.12412075941487706,1.155056749664845,,,7.500000000000004,7.500000000000004,0.00020749040356883493,MECHANISM_ONLY_NOT_RANKING_ONLY,,,,,,,,
FREQUENCY_CONFLICT,DIOR-R,2,single_or_conflicting_frequency,-7.5,endpoint_continuous,48195,7.591465726179377,,0.9867815720819832,,,7.500000000000004,7.500000000000004,0.00043572984749455336,MECHANISM_ONLY_NOT_RANKING_ONLY,,,,,,,,
FREQUENCY_CONFLICT,DIOR-R,2,single_or_conflicting_frequency,-7.5,endpoint_severe_event,48195,,0.12306255835667601,1.1677530636993114,,,7.500000000000004,7.500000000000004,0.00043572984749455336,MECHANISM_ONLY_NOT_RANKING_ONLY,,,,,,,,
TANGENTIAL_SYNC,DIOR-R,2,fixed_norm_phase_direction,-2.0,endpoint_continuous,48195,2.7165178720024183,,1.0507925559409435,,,2.0000000000000027,2.0000000000000027,0.00016599232285506796,MECHANISM_ONLY_NOT_RANKING_ONLY,,,,,,,,
TANGENTIAL_SYNC,DIOR-R,2,fixed_norm_phase_direction,-2.0,endpoint_severe_event,48195,,0.012615416536985164,1.0086557547837247,,,2.0000000000000027,2.0000000000000027,0.00016599232285506796,MECHANISM_ONLY_NOT_RANKING_ONLY,,,,,,,,
PRIMARY_ONLY,DIOR-R,2,single_or_conflicting_frequency,-2.0,endpoint_continuous,48195,1.698896698208009,,1.201590476493,,,0.0,0.0,0.00018674136321195143,MECHANISM_ONLY_NOT_RANKING_ONLY,,,,,,,,
PRIMARY_ONLY,DIOR-R,2,single_or_conflicting_frequency,-2.0,endpoint_severe_event,48195,,0.00861085174810665,0.9272634176984264,,,0.0,0.0,0.00018674136321195143,MECHANISM_ONLY_NOT_RANKING_ONLY,,,,,,,,
SECONDARY_ONLY,DIOR-R,2,single_or_conflicting_frequency,-2.0,endpoint_continuous,48195,2.7213162285324612,,1.0471508746487248,,,2.0000000000000027,2.0000000000000027,0.00014524328249818446,MECHANISM_ONLY_NOT_RANKING_ONLY,,,,,,,,
SECONDARY_ONLY,DIOR-R,2,single_or_conflicting_frequency,-2.0,endpoint_severe_event,48195,,0.012656914617698932,1.005329061951421,,,2.0000000000000027,2.0000000000000027,0.00014524328249818446,MECHANISM_ONLY_NOT_RANKING_ONLY,,,,,,,,
FREQUENCY_CONFLICT,DIOR-R,2,single_or_conflicting_frequency,-2.0,endpoint_continuous,48195,2.664761780143894,,1.055790379243878,,,2.0000000000000027,2.0000000000000027,0.00018674136321195143,MECHANISM_ONLY_NOT_RANKING_ONLY,,,,,,,,
FREQUENCY_CONFLICT,DIOR-R,2,single_or_conflicting_frequency,-2.0,endpoint_severe_event,48195,,0.012117439568419961,1.0569219293398984,,,2.0000000000000027,2.0000000000000027,0.00018674136321195143,MECHANISM_ONLY_NOT_RANKING_ONLY,,,,,,,,
TANGENTIAL_SYNC,DIOR-R,2,fixed_norm_phase_direction,0.0,endpoint_continuous,48195,1.6972488346943233,,1.2031616855286675,,,0.0,0.0,0.00016599232285506796,MECHANISM_ONLY_NOT_RANKING_ONLY,,,,,,,,
TANGENTIAL_SYNC,DIOR-R,2,fixed_norm_phase_direction,0.0,endpoint_severe_event,48195,,0.008590102707749767,0.9295139700831351,,,0.0,0.0,0.00016599232285506796,MECHANISM_ONLY_NOT_RANKING_ONLY,,,,,,,,
PRIMARY_ONLY,DIOR-R,2,single_or_conflicting_frequency,0.0,endpoint_continuous,48195,1.6972488346943233,,1.2031616855286675,,,0.0,0.0,0.00016599232285506796,MECHANISM_ONLY_NOT_RANKING_ONLY,,,,,,,,
PRIMARY_ONLY,DIOR-R,2,single_or_conflicting_frequency,0.0,endpoint_severe_event,48195,,0.008590102707749767,0.9295139700831351,,,0.0,0.0,0.00016599232285506796,MECHANISM_ONLY_NOT_RANKING_ONLY,,,,,,,,
SECONDARY_ONLY,DIOR-R,2,single_or_conflicting_frequency,0.0,endpoint_continuous,48195,1.6972488346943233,,1.2031616855286675,,,0.0,0.0,0.00016599232285506796,MECHANISM_ONLY_NOT_RANKING_ONLY,,,,,,,,
SECONDARY_ONLY,DIOR-R,2,single_or_conflicting_frequency,0.0,endpoint_severe_event,48195,,0.008590102707749767,0.9295139700831351,,,0.0,0.0,0.00016599232285506796,MECHANISM_ONLY_NOT_RANKING_ONLY,,,,,,,,
FREQUENCY_CONFLICT,DIOR-R,2,single_or_conflicting_frequency,0.0,endpoint_continuous,48195,1.6972488346943233,,1.2031616855286675,,,0.0,0.0,0.00016599232285506796,MECHANISM_ONLY_NOT_RANKING_ONLY,,,,,,,,
FREQUENCY_CONFLICT,DIOR-R,2,single_or_conflicting_frequency,0.0,endpoint_severe_event,48195,,0.008590102707749767,0.9295139700831351,,,0.0,0.0,0.00016599232285506796,MECHANISM_ONLY_NOT_RANKING_ONLY,,,,,,,,
TANGENTIAL_SYNC,DIOR-R,2,fixed_norm_phase_direction,2.0,endpoint_continuous,48195,2.6631969127916357,,1.0569910921284955,,,2.0000000000000027,2.0000000000000027,0.00016599232285506796,MECHANISM_ONLY_NOT_RANKING_ONLY,,,,,,,,
TANGENTIAL_SYNC,DIOR-R,2,fixed_norm_phase_direction,2.0,endpoint_severe_event,48195,,0.012096690528063078,1.0587444073972183,,,2.0000000000000027,2.0000000000000027,0.00016599232285506796,MECHANISM_ONLY_NOT_RANKING_ONLY,,,,,,,,
PRIMARY_ONLY,DIOR-R,2,single_or_conflicting_frequency,2.0,endpoint_continuous,48195,1.7021301873857935,,1.1985247358977065,,,0.0,0.0,0.00014524328249818446,MECHANISM_ONLY_NOT_RANKING_ONLY,,,,,,,,
PRIMARY_ONLY,DIOR-R,2,single_or_conflicting_frequency,2.0,endpoint_severe_event,48195,,0.008652349828820417,0.9227973935342653,,,0.0,0.0,0.00014524328249818446,MECHANISM_ONLY_NOT_RANKING_ONLY,,,,,,,,
SECONDARY_ONLY,DIOR-R,2,single_or_conflicting_frequency,2.0,endpoint_continuous,48195,2.664761780143894,,1.055790379243878,,,2.0000000000000027,2.0000000000000027,0.00018674136321195143,MECHANISM_ONLY_NOT_RANKING_ONLY,,,,,,,,
SECONDARY_ONLY,DIOR-R,2,single_or_conflicting_frequency,2.0,endpoint_severe_event,48195,,0.012117439568419961,1.0569219293398984,,,2.0000000000000027,2.0000000000000027,0.00018674136321195143,MECHANISM_ONLY_NOT_RANKING_ONLY,,,,,,,,
FREQUENCY_CONFLICT,DIOR-R,2,single_or_conflicting_frequency,2.0,endpoint_continuous,48195,2.7244730781267568,,1.044770979879654,,,2.0000000000000027,2.0000000000000027,0.00014524328249818446,MECHANISM_ONLY_NOT_RANKING_ONLY,,,,,,,,
FREQUENCY_CONFLICT,DIOR-R,2,single_or_conflicting_frequency,2.0,endpoint_severe_event,48195,,0.012677663658055815,1.003673300662482,,,2.0000000000000027,2.0000000000000027,0.00014524328249818446,MECHANISM_ONLY_NOT_RANKING_ONLY,,,,,,,,
TANGENTIAL_SYNC,DIOR-R,2,fixed_norm_phase_direction,7.5,endpoint_continuous,48195,7.577595051847419,,0.9932060747070733,,,7.500000000000004,7.500000000000004,0.00016599232285506796,MECHANISM_ONLY_NOT_RANKING_ONLY,,,,,,,,
TANGENTIAL_SYNC,DIOR-R,2,fixed_norm_phase_direction,7.5,endpoint_severe_event,48195,,0.1229380641145347,1.1689915567132048,,,7.500000000000004,7.500000000000004,0.00016599232285506796,MECHANISM_ONLY_NOT_RANKING_ONLY,,,,,,,,
PRIMARY_ONLY,DIOR-R,2,single_or_conflicting_frequency,7.5,endpoint_continuous,48195,1.7084707885110586,,1.192559533402165,,,0.0,0.0,0.00020749040356883493,MECHANISM_ONLY_NOT_RANKING_ONLY,,,,,,,,
PRIMARY_ONLY,DIOR-R,2,single_or_conflicting_frequency,7.5,endpoint_severe_event,48195,,0.008735345990247952,0.9140077846492715,,,0.0,0.0,0.00020749040356883493,MECHANISM_ONLY_NOT_RANKING_ONLY,,,,,,,,
SECONDARY_ONLY,DIOR-R,2,single_or_conflicting_frequency,7.5,endpoint_continuous,48195,7.580545585000413,,0.991832761593486,,,7.500000000000004,7.500000000000004,0.00022823944392571843,MECHANISM_ONLY_NOT_RANKING_ONLY,,,,,,,,
SECONDARY_ONLY,DIOR-R,2,single_or_conflicting_frequency,7.5,endpoint_severe_event,48195,,0.12295881315489159,1.1687851100963307,,,7.500000000000004,7.500000000000004,0.00022823944392571843,MECHANISM_ONLY_NOT_RANKING_ONLY,,,,,,,,
FREQUENCY_CONFLICT,DIOR-R,2,single_or_conflicting_frequency,7.5,endpoint_continuous,48195,7.6677960775229375,,0.9736746325308283,,,7.500000000000004,7.500000000000004,0.0003527336860670194,MECHANISM_ONLY_NOT_RANKING_ONLY,,,,,,,,
FREQUENCY_CONFLICT,DIOR-R,2,single_or_conflicting_frequency,7.5,endpoint_severe_event,48195,,0.1243282498184459,1.1530336932357184,,,7.500000000000004,7.500000000000004,0.0003527336860670194,MECHANISM_ONLY_NOT_RANKING_ONLY,,,,,,,,
TANGENTIAL_SYNC,DIOR-R,2,fixed_norm_phase_direction,15.0,endpoint_continuous,48195,15.001363842960767,,0.9979878273700598,,,14.999999999999996,15.000000000000009,0.00016599232285506796,MECHANISM_ONLY_NOT_RANKING_ONLY,,,,,,,,
TANGENTIAL_SYNC,DIOR-R,2,fixed_norm_phase_direction,15.0,endpoint_severe_event,48195,,0.853076045232908,0.9593137300359745,,,14.999999999999996,15.000000000000009,0.00016599232285506796,MECHANISM_ONLY_NOT_RANKING_ONLY,,,,,,,,
PRIMARY_ONLY,DIOR-R,2,single_or_conflicting_frequency,15.0,endpoint_continuous,48195,1.7274603675234559,,1.1750424274320113,,,0.0,0.0,0.0003527336860670194,MECHANISM_ONLY_NOT_RANKING_ONLY,,,,,,,,
PRIMARY_ONLY,DIOR-R,2,single_or_conflicting_frequency,15.0,endpoint_severe_event,48195,,0.008963585434173669,0.8906354589056551,,,0.0,0.0,0.0003527336860670194,MECHANISM_ONLY_NOT_RANKING_ONLY,,,,,,,,
SECONDARY_ONLY,DIOR-R,2,single_or_conflicting_frequency,15.0,endpoint_continuous,48195,15.012122161239192,,0.9934266881668441,,,14.999999999999996,15.000000000000009,0.00043572984749455336,MECHANISM_ONLY_NOT_RANKING_ONLY,,,,,,,,
SECONDARY_ONLY,DIOR-R,2,single_or_conflicting_frequency,15.0,endpoint_severe_event,48195,,0.8530967942732649,0.9592374322497315,,,14.999999999999996,15.000000000000009,0.00043572984749455336,MECHANISM_ONLY_NOT_RANKING_ONLY,,,,,,,,
FREQUENCY_CONFLICT,DIOR-R,2,single_or_conflicting_frequency,15.0,endpoint_continuous,48195,15.152053125809658,,0.9561717763398563,,,14.999999999999996,15.000000000000009,0.0012864405021267766,MECHANISM_ONLY_NOT_RANKING_ONLY,,,,,,,,
FREQUENCY_CONFLICT,DIOR-R,2,single_or_conflicting_frequency,15.0,endpoint_severe_event,48195,,0.8572466023446416,0.9479637428451103,,,14.999999999999996,15.000000000000009,0.0012864405021267766,MECHANISM_ONLY_NOT_RANKING_ONLY,,,,,,,,
BOUNDARY_CROSS,DIOR-R,2,candidate_switch_surface,-10.0,endpoint_continuous,48195,39.49188809843689,,0.9360800268619893,,,39.678816980325294,39.98165228792046,0.0,MECHANISM_ONLY_NOT_RANKING_ONLY,,,,,,,,
BOUNDARY_CROSS,DIOR-R,2,candidate_switch_surface,-10.0,endpoint_severe_event,48195,,0.9986928104575163,1.127317783097895,,,39.678816980325294,39.98165228792046,0.0,MECHANISM_ONLY_NOT_RANKING_ONLY,,,,,,,,
BOUNDARY_CROSS,DIOR-R,2,candidate_switch_surface,-5.0,endpoint_continuous,48195,41.989568902730134,,0.9370308027577098,,,42.17881698032532,42.481652287920454,0.0,MECHANISM_ONLY_NOT_RANKING_ONLY,,,,,,,,
BOUNDARY_CROSS,DIOR-R,2,candidate_switch_surface,-5.0,endpoint_severe_event,48195,,0.9989832970225128,1.1254215089568764,,,42.17881698032532,42.481652287920454,0.0,MECHANISM_ONLY_NOT_RANKING_ONLY,,,,,,,,
BOUNDARY_CROSS,DIOR-R,2,candidate_switch_surface,-1.0,endpoint_continuous,48195,43.988149149895264,,0.937597508496171,,,44.17881698032532,44.48165228792046,0.0,MECHANISM_ONLY_NOT_RANKING_ONLY,,,,,,,,
BOUNDARY_CROSS,DIOR-R,2,candidate_switch_surface,-1.0,endpoint_severe_event,48195,,0.9992530345471522,1.1263863056505377,,,44.17881698032532,44.48165228792046,0.0,MECHANISM_ONLY_NOT_RANKING_ONLY,,,,,,,,
BOUNDARY_CROSS,DIOR-R,2,candidate_switch_surface,1.0,endpoint_continuous,48195,44.99882842503766,,1.0716149710234422,,,44.820309908174664,46.568223153011445,1.0,MECHANISM_ONLY_NOT_RANKING_ONLY,,,,,,,,
BOUNDARY_CROSS,DIOR-R,2,candidate_switch_surface,1.0,endpoint_severe_event,48195,,0.9994812739910779,1.0760168784264004,,,44.820309908174664,46.568223153011445,1.0,MECHANISM_ONLY_NOT_RANKING_ONLY,,,,,,,,
BOUNDARY_CROSS,DIOR-R,2,candidate_switch_surface,5.0,endpoint_continuous,48195,43.00044217090633,,1.0713364375610845,,,42.82030990817467,44.56822315301142,1.0,MECHANISM_ONLY_NOT_RANKING_ONLY,,,,,,,,
BOUNDARY_CROSS,DIOR-R,2,candidate_switch_surface,5.0,endpoint_severe_event,48195,,0.9993982778296504,1.06519726811998,,,42.82030990817467,44.56822315301142,1.0,MECHANISM_ONLY_NOT_RANKING_ONLY,,,,,,,,
BOUNDARY_CROSS,DIOR-R,2,candidate_switch_surface,10.0,endpoint_continuous,48195,40.50245472891968,,1.0709929594447651,,,40.320309908174664,42.068223153011424,1.0,MECHANISM_ONLY_NOT_RANKING_ONLY,,,,,,,,
BOUNDARY_CROSS,DIOR-R,2,candidate_switch_surface,10.0,endpoint_severe_event,48195,,0.9993567797489367,1.0615370884486388,,,40.320309908174664,42.068223153011424,1.0,MECHANISM_ONLY_NOT_RANKING_ONLY,,,,,,,,
BASELINE_SCORE,SODA-A,0,phase_mod,base,endpoint_continuous,193045,2.0470160104573183,,1.1267116655321816,nan,nan,0.0,0.0,7.770209018622601e-05,RANKING_ONLY,,,,,,,,
BASELINE_SCORE,SODA-A,0,phase_mod,base,endpoint_severe_event,193045,2.0470160104573183,,1.0019595566622699,nan,nan,0.0,0.0,7.770209018622601e-05,RANKING_ONLY,,,,,,,,
BASELINE_SCORE,SODA-A,0,negative_phase_mod,base,endpoint_continuous,193045,2.0470160104573183,,1.0933323176256098,nan,nan,0.0,0.0,7.770209018622601e-05,RANKING_ONLY,,,,,,,,
BASELINE_SCORE,SODA-A,0,negative_phase_mod,base,endpoint_severe_event,193045,2.0470160104573183,,1.7129900098661766,nan,nan,0.0,0.0,7.770209018622601e-05,RANKING_ONLY,,,,,,,,
BASELINE_SCORE,SODA-A,0,detection_score,base,endpoint_continuous,193045,2.0470160104573183,,0.8038437976085984,nan,nan,0.0,0.0,7.770209018622601e-05,RANKING_ONLY,,,,,,,,
BASELINE_SCORE,SODA-A,0,detection_score,base,endpoint_severe_event,193045,2.0470160104573183,,0.5255442532920029,nan,nan,0.0,0.0,7.770209018622601e-05,RANKING_ONLY,,,,,,,,
BASELINE_SCORE,SODA-A,0,multi_frequency_consistency,base,endpoint_continuous,193045,2.0470160104573183,,0.6913078444146443,-0.7874452117249421,-0.713104183904987,0.0,0.0,7.770209018622601e-05,RANKING_ONLY,,,,,,,,
BASELINE_SCORE,SODA-A,0,multi_frequency_consistency,base,endpoint_severe_event,193045,2.0470160104573183,,0.4356824240174972,-0.6871337720870069,-0.2822792207369556,0.0,0.0,7.770209018622601e-05,RANKING_ONLY,,,,,,,,
BASELINE_SCORE,SODA-A,0,unwrap_candidate_energy_gap,base,endpoint_continuous,193045,2.0470160104573183,,0.6913078444146443,-0.7829187292741671,-0.7063907792741153,0.0,0.0,7.770209018622601e-05,RANKING_ONLY,,,,,,,,
BASELINE_SCORE,SODA-A,0,unwrap_candidate_energy_gap,base,endpoint_severe_event,193045,2.0470160104573183,,0.4356824240174972,-0.6867390915107432,-0.3030912555215959,0.0,0.0,7.770209018622601e-05,RANKING_ONLY,,,,,,,,
BASELINE_SCORE,SODA-A,0,phase_direction_margin,base,endpoint_continuous,193045,2.0470160104573183,,1.0025977149381646,-0.17550431577966955,-0.10496517045585967,0.0,0.0,7.770209018622601e-05,RANKING_ONLY,,,,,,,,
BASELINE_SCORE,SODA-A,0,phase_direction_margin,base,endpoint_severe_event,193045,2.0470160104573183,,0.585128008609985,-0.5390708324705467,-0.20759318577463373,0.0,0.0,7.770209018622601e-05,RANKING_ONLY,,,,,,,,
BASELINE_SCORE,SODA-A,0,tta_phase_direction_consistency,base,endpoint_continuous,193045,2.0470160104573183,,0.5874682754692939,-0.8737073129452749,-0.7968745532230984,0.0,0.0,7.770209018622601e-05,RANKING_ONLY,,,,,,,,
BASELINE_SCORE,SODA-A,0,tta_phase_direction_consistency,base,endpoint_severe_event,193045,2.0470160104573183,,0.410023291383523,-0.8116910756271538,-0.4348498179076018,0.0,0.0,7.770209018622601e-05,RANKING_ONLY,,,,,,,,
RADIAL,SODA-A,0,z_prime=k*z,0.25,endpoint_continuous,193045,14.196596528592085,,1.1414774975848192,,,10.406103018912697,40.003625633709404,7.770209018622601e-05,MECHANISM_ONLY_NOT_RANKING_ONLY,0.13983747538110985,0.3330208837,0.0419863866,0.0215502986,0.4099533786,0.532371,0.176339,True
RADIAL,SODA-A,0,z_prime=k*z,0.25,endpoint_severe_event,193045,,0.4718692532829133,1.1856021601312663,,,10.406103018912697,40.003625633709404,7.770209018622601e-05,MECHANISM_ONLY_NOT_RANKING_ONLY,0.13983747538110985,0.3330208837,0.0419863866,0.0215502986,0.4099533786,0.532371,0.176339,True
RADIAL,SODA-A,0,z_prime=k*z,0.5,endpoint_continuous,193045,2.2665345341476106,,1.0125085161550131,,,0.0,0.0,7.770209018622601e-05,MECHANISM_ONLY_NOT_RANKING_ONLY,0.5593499015244394,0.231965707,0.0409646245,0.0228943342,0.3987436236,0.597311,0.257462,True
RADIAL,SODA-A,0,z_prime=k*z,0.5,endpoint_severe_event,193045,,0.012556657774094123,0.5518040050306517,,,0.0,0.0,7.770209018622601e-05,MECHANISM_ONLY_NOT_RANKING_ONLY,0.5593499015244394,0.231965707,0.0409646245,0.0228943342,0.3987436236,0.597311,0.257462,True
RADIAL,SODA-A,0,z_prime=k*z,0.75,endpoint_continuous,193045,2.0505419007218646,,1.123804432212411,,,0.0,0.0,7.770209018622601e-05,MECHANISM_ONLY_NOT_RANKING_ONLY,1.2585372784299889,0.1359828492,0.0375671135,0.0267406628,0.3647745604,0.598014,0.260399,True
RADIAL,SODA-A,0,z_prime=k*z,0.75,endpoint_severe_event,193045,,0.0041907327307104565,0.9709690645102228,,,0.0,0.0,7.770209018622601e-05,MECHANISM_ONLY_NOT_RANKING_ONLY,1.2585372784299889,0.1359828492,0.0375671135,0.0267406628,0.3647745604,0.598014,0.260399,True
RADIAL,SODA-A,0,z_prime=k*z,0.9,endpoint_continuous,193045,2.0475099568196766,,1.126302271554868,,,0.0,0.0,7.770209018622601e-05,MECHANISM_ONLY_NOT_RANKING_ONLY,1.8122936809391834,0.0852561879,0.031751445,0.0318680092,0.3062120546,0.598003,0.26038,True
RADIAL,SODA-A,0,z_prime=k*z,0.9,endpoint_severe_event,193045,,0.004097490222486985,0.9931151157464493,,,0.0,0.0,7.770209018622601e-05,MECHANISM_ONLY_NOT_RANKING_ONLY,1.8122936809391834,0.0852561879,0.031751445,0.0318680092,0.3062120546,0.598003,0.26038,True
RADIAL,SODA-A,0,z_prime=k*z,1.0,endpoint_continuous,193045,2.0470160104573183,,1.1267116655321816,,,0.0,0.0,7.770209018622601e-05,MECHANISM_ONLY_NOT_RANKING_ONLY,2.2373996060977577,0.0603882392,0.013404874,0.0450554108,0.1187382995,0.598004,0.260376,True
RADIAL,SODA-A,0,z_prime=k*z,1.0,endpoint_severe_event,193045,,0.004061229247066746,1.0019595566622699,,,0.0,0.0,7.770209018622601e-05,MECHANISM_ONLY_NOT_RANKING_ONLY,2.2373996060977577,0.0603882392,0.013404874,0.0450554108,0.1187382995,0.598004,0.260376,True
RADIAL,SODA-A,0,z_prime=k*z,1.1,endpoint_continuous,193045,2.0479520737726893,,1.1259372876693265,,,0.0,0.0,7.770209018622601e-05,MECHANISM_ONLY_NOT_RANKING_ONLY,2.707253523378288,0.087365346,0.0351134213,0.0295419878,0.3407050241,0.598,0.260375,True
RADIAL,SODA-A,0,z_prime=k*z,1.1,endpoint_severe_event,193045,,0.004087129943795488,0.9956587756827106,,,0.0,0.0,7.770209018622601e-05,MECHANISM_ONLY_NOT_RANKING_ONLY,2.707253523378288,0.087365346,0.0351134213,0.0295419878,0.3407050241,0.598,0.260375,True
RADIAL,SODA-A,0,z_prime=k*z,1.25,endpoint_continuous,193045,2.0479696963458847,,1.1259214617005204,,,0.0,0.0,7.770209018622601e-05,MECHANISM_ONLY_NOT_RANKING_ONLY,3.4959368845277465,0.1434984069,0.0404427032,0.0241464766,0.3952812401,0.598,0.260384,True
RADIAL,SODA-A,0,z_prime=k*z,1.25,endpoint_severe_event,193045,,0.004087129943795488,0.9956586288738901,,,0.0,0.0,7.770209018622601e-05,MECHANISM_ONLY_NOT_RANKING_ONLY,3.4959368845277465,0.1434984069,0.0404427032,0.0241464766,0.3952812401,0.598,0.260384,True
RADIAL,SODA-A,0,z_prime=k*z,1.5,endpoint_continuous,193045,2.0483234285938736,,1.1256318829819192,,,0.0,0.0,7.770209018622601e-05,MECHANISM_ONLY_NOT_RANKING_ONLY,5.034149113719955,0.2457996383,0.0427845122,0.0210391756,0.4179836594,0.598,0.260358,True
RADIAL,SODA-A,0,z_prime=k*z,1.5,endpoint_severe_event,193045,,0.004097490222486985,0.9931622086052243,,,0.0,0.0,7.770209018622601e-05,MECHANISM_ONLY_NOT_RANKING_ONLY,5.034149113719955,0.2457996383,0.0427845122,0.0210391756,0.4179836594,0.598,0.260358,True
RADIAL,SODA-A,0,z_prime=k*z,2.0,endpoint_continuous,193045,2.0481800024828107,,1.1257494504280823,,,0.0,0.0,7.770209018622601e-05,MECHANISM_ONLY_NOT_RANKING_ONLY,8.94959842439103,0.4579799826,0.0438605445,0.0193212496,0.4282304556,0.597999,0.260356,True
RADIAL,SODA-A,0,z_prime=k*z,2.0,endpoint_severe_event,193045,,0.004092310083141236,0.9944117373450191,,,0.0,0.0,7.770209018622601e-05,MECHANISM_ONLY_NOT_RANKING_ONLY,8.94959842439103,0.4579799826,0.0438605445,0.0193212496,0.4282304556,0.597999,0.260356,True
RADIAL,SODA-A,0,z_prime=k*z,4.0,endpoint_continuous,193045,2.0487332867086234,,1.1252931923200267,,,0.0,0.0,7.770209018622601e-05,MECHANISM_ONLY_NOT_RANKING_ONLY,35.79839369756412,1.3208956675,0.044327571,0.0185074109,0.4327114661,0.597998,0.260361,True
RADIAL,SODA-A,0,z_prime=k*z,4.0,endpoint_severe_event,193045,,0.004102670361832733,0.9919149578639578,,,0.0,0.0,7.770209018622601e-05,MECHANISM_ONLY_NOT_RANKING_ONLY,35.79839369756412,1.3208956675,0.044327571,0.0185074109,0.4327114661,0.597998,0.260361,True
TANGENTIAL_SYNC,SODA-A,0,fixed_norm_phase_direction,-15.0,endpoint_continuous,193045,15.007448498877118,,1.0190713789346975,,,14.999999999999996,15.000000000000009,7.770209018622601e-05,MECHANISM_ONLY_NOT_RANKING_ONLY,,,,,,,,
TANGENTIAL_SYNC,SODA-A,0,fixed_norm_phase_direction,-15.0,endpoint_severe_event,193045,,0.7925146986453936,0.9956028592340792,,,14.999999999999996,15.000000000000009,7.770209018622601e-05,MECHANISM_ONLY_NOT_RANKING_ONLY,,,,,,,,
PRIMARY_ONLY,SODA-A,0,single_or_conflicting_frequency,-15.0,endpoint_continuous,193045,2.0614646708379794,,1.114813742945709,,,0.0,0.0,0.00018648501644694243,MECHANISM_ONLY_NOT_RANKING_ONLY,,,,,,,,
PRIMARY_ONLY,SODA-A,0,single_or_conflicting_frequency,-15.0,endpoint_severe_event,193045,,0.004232173845476444,0.961426010642435,,,0.0,0.0,0.00018648501644694243,MECHANISM_ONLY_NOT_RANKING_ONLY,,,,,,,,
SECONDARY_ONLY,SODA-A,0,single_or_conflicting_frequency,-15.0,endpoint_continuous,193045,15.016296398864611,,1.0156219241669582,,,14.999999999999996,15.000000000000009,0.00021238571317568444,MECHANISM_ONLY_NOT_RANKING_ONLY,,,,,,,,
SECONDARY_ONLY,SODA-A,0,single_or_conflicting_frequency,-15.0,endpoint_severe_event,193045,,0.7925820404568883,0.9953960366046705,,,14.999999999999996,15.000000000000009,0.00021238571317568444,MECHANISM_ONLY_NOT_RANKING_ONLY,,,,,,,,
FREQUENCY_CONFLICT,SODA-A,0,single_or_conflicting_frequency,-15.0,endpoint_continuous,193045,15.057409183674293,,0.9632262784050878,,,14.999999999999996,15.000000000000009,0.0006578776969100469,MECHANISM_ONLY_NOT_RANKING_ONLY,,,,,,,,
FREQUENCY_CONFLICT,SODA-A,0,single_or_conflicting_frequency,-15.0,endpoint_severe_event,193045,,0.7776010774689839,0.9581601074812829,,,14.999999999999996,15.000000000000009,0.0006578776969100469,MECHANISM_ONLY_NOT_RANKING_ONLY,,,,,,,,
TANGENTIAL_SYNC,SODA-A,0,fixed_norm_phase_direction,-7.5,endpoint_continuous,193045,7.571120247142507,,1.0236625896898133,,,7.500000000000004,7.500000000000004,7.770209018622601e-05,MECHANISM_ONLY_NOT_RANKING_ONLY,,,,,,,,
TANGENTIAL_SYNC,SODA-A,0,fixed_norm_phase_direction,-7.5,endpoint_severe_event,193045,,0.1600145043901681,0.993993310939224,,,7.500000000000004,7.500000000000004,7.770209018622601e-05,MECHANISM_ONLY_NOT_RANKING_ONLY,,,,,,,,
PRIMARY_ONLY,SODA-A,0,single_or_conflicting_frequency,-7.5,endpoint_continuous,193045,2.0542787580189428,,1.1206983210545944,,,0.0,0.0,0.00011396306560646482,MECHANISM_ONLY_NOT_RANKING_ONLY,,,,,,,,
PRIMARY_ONLY,SODA-A,0,single_or_conflicting_frequency,-7.5,endpoint_severe_event,193045,,0.004149291615944469,0.9806571691098478,,,0.0,0.0,0.00011396306560646482,MECHANISM_ONLY_NOT_RANKING_ONLY,,,,,,,,
SECONDARY_ONLY,SODA-A,0,single_or_conflicting_frequency,-7.5,endpoint_continuous,193045,7.573995947239807,,1.0224334843521952,,,7.500000000000004,7.500000000000004,0.00010360278691496802,MECHANISM_ONLY_NOT_RANKING_ONLY,,,,,,,,
SECONDARY_ONLY,SODA-A,0,single_or_conflicting_frequency,-7.5,endpoint_severe_event,193045,,0.16005076536558832,0.9937470845529155,,,7.500000000000004,7.500000000000004,0.00010360278691496802,MECHANISM_ONLY_NOT_RANKING_ONLY,,,,,,,,
FREQUENCY_CONFLICT,SODA-A,0,single_or_conflicting_frequency,-7.5,endpoint_continuous,193045,7.607623066672699,,0.9773291966303873,,,7.500000000000004,7.500000000000004,0.00018648501644694243,MECHANISM_ONLY_NOT_RANKING_ONLY,,,,,,,,
FREQUENCY_CONFLICT,SODA-A,0,single_or_conflicting_frequency,-7.5,endpoint_severe_event,193045,,0.18066253982232122,0.9622492359116682,,,7.500000000000004,7.500000000000004,0.00018648501644694243,MECHANISM_ONLY_NOT_RANKING_ONLY,,,,,,,,
TANGENTIAL_SYNC,SODA-A,0,fixed_norm_phase_direction,-2.0,endpoint_continuous,193045,2.7698296473509556,,1.085382079975863,,,2.0000000000000027,2.0000000000000027,7.770209018622601e-05,MECHANISM_ONLY_NOT_RANKING_ONLY,,,,,,,,
TANGENTIAL_SYNC,SODA-A,0,fixed_norm_phase_direction,-2.0,endpoint_severe_event,193045,,0.005646351886865757,1.05532500932518,,,2.0000000000000027,2.0000000000000027,7.770209018622601e-05,MECHANISM_ONLY_NOT_RANKING_ONLY,,,,,,,,
PRIMARY_ONLY,SODA-A,0,single_or_conflicting_frequency,-2.0,endpoint_continuous,193045,2.0500194935949287,,1.124217801913586,,,0.0,0.0,0.00010360278691496802,MECHANISM_ONLY_NOT_RANKING_ONLY,,,,,,,,
PRIMARY_ONLY,SODA-A,0,single_or_conflicting_frequency,-2.0,endpoint_severe_event,193045,,0.004097490222486985,0.9930770899686664,,,0.0,0.0,0.00010360278691496802,MECHANISM_ONLY_NOT_RANKING_ONLY,,,,,,,,
SECONDARY_ONLY,SODA-A,0,single_or_conflicting_frequency,-2.0,endpoint_continuous,193045,2.7702937923338466,,1.085058855182181,,,2.0000000000000027,2.0000000000000027,8.288222953197441e-05,MECHANISM_ONLY_NOT_RANKING_ONLY,,,,,,,,
SECONDARY_ONLY,SODA-A,0,single_or_conflicting_frequency,-2.0,endpoint_severe_event,193045,,0.005651532026211505,1.0543554671285378,,,2.0000000000000027,2.0000000000000027,8.288222953197441e-05,MECHANISM_ONLY_NOT_RANKING_ONLY,,,,,,,,
FREQUENCY_CONFLICT,SODA-A,0,single_or_conflicting_frequency,-2.0,endpoint_continuous,193045,2.822863804616708,,1.045158838138837,,,2.0000000000000027,2.0000000000000027,9.324250822347121e-05,MECHANISM_ONLY_NOT_RANKING_ONLY,,,,,,,,
FREQUENCY_CONFLICT,SODA-A,0,single_or_conflicting_frequency,-2.0,endpoint_severe_event,193045,,0.005869097878732938,1.0777819829813842,,,2.0000000000000027,2.0000000000000027,9.324250822347121e-05,MECHANISM_ONLY_NOT_RANKING_ONLY,,,,,,,,
TANGENTIAL_SYNC,SODA-A,0,fixed_norm_phase_direction,0.0,endpoint_continuous,193045,2.0470160104573183,,1.1267116655321816,,,0.0,0.0,7.770209018622601e-05,MECHANISM_ONLY_NOT_RANKING_ONLY,,,,,,,,
TANGENTIAL_SYNC,SODA-A,0,fixed_norm_phase_direction,0.0,endpoint_severe_event,193045,,0.004061229247066746,1.0019595566622699,,,0.0,0.0,7.770209018622601e-05,MECHANISM_ONLY_NOT_RANKING_ONLY,,,,,,,,
PRIMARY_ONLY,SODA-A,0,single_or_conflicting_frequency,0.0,endpoint_continuous,193045,2.0470160104573183,,1.1267116655321816,,,0.0,0.0,7.770209018622601e-05,MECHANISM_ONLY_NOT_RANKING_ONLY,,,,,,,,
PRIMARY_ONLY,SODA-A,0,single_or_conflicting_frequency,0.0,endpoint_severe_event,193045,,0.004061229247066746,1.0019595566622699,,,0.0,0.0,7.770209018622601e-05,MECHANISM_ONLY_NOT_RANKING_ONLY,,,,,,,,
SECONDARY_ONLY,SODA-A,0,single_or_conflicting_frequency,0.0,endpoint_continuous,193045,2.0470160104573183,,1.1267116655321816,,,0.0,0.0,7.770209018622601e-05,MECHANISM_ONLY_NOT_RANKING_ONLY,,,,,,,,
SECONDARY_ONLY,SODA-A,0,single_or_conflicting_frequency,0.0,endpoint_severe_event,193045,,0.004061229247066746,1.0019595566622699,,,0.0,0.0,7.770209018622601e-05,MECHANISM_ONLY_NOT_RANKING_ONLY,,,,,,,,
FREQUENCY_CONFLICT,SODA-A,0,single_or_conflicting_frequency,0.0,endpoint_continuous,193045,2.0470160104573183,,1.1267116655321816,,,0.0,0.0,7.770209018622601e-05,MECHANISM_ONLY_NOT_RANKING_ONLY,,,,,,,,
FREQUENCY_CONFLICT,SODA-A,0,single_or_conflicting_frequency,0.0,endpoint_severe_event,193045,,0.004061229247066746,1.0019595566622699,,,0.0,0.0,7.770209018622601e-05,MECHANISM_ONLY_NOT_RANKING_ONLY,,,,,,,,
TANGENTIAL_SYNC,SODA-A,0,fixed_norm_phase_direction,2.0,endpoint_continuous,193045,2.819114605592886,,1.0476903106889026,,,2.0000000000000027,2.0000000000000027,7.770209018622601e-05,MECHANISM_ONLY_NOT_RANKING_ONLY,,,,,,,,
TANGENTIAL_SYNC,SODA-A,0,fixed_norm_phase_direction,2.0,endpoint_severe_event,193045,,0.005827656763966951,1.0854637582688935,,,2.0000000000000027,2.0000000000000027,7.770209018622601e-05,MECHANISM_ONLY_NOT_RANKING_ONLY,,,,,,,,
PRIMARY_ONLY,SODA-A,0,single_or_conflicting_frequency,2.0,endpoint_continuous,193045,2.0474594348828257,,1.1263426766692932,,,0.0,0.0,8.288222953197441e-05,MECHANISM_ONLY_NOT_RANKING_ONLY,,,,,,,,
PRIMARY_ONLY,SODA-A,0,single_or_conflicting_frequency,2.0,endpoint_severe_event,193045,,0.004066409386412495,1.0006808821678477,,,0.0,0.0,8.288222953197441e-05,MECHANISM_ONLY_NOT_RANKING_ONLY,,,,,,,,
SECONDARY_ONLY,SODA-A,0,single_or_conflicting_frequency,2.0,endpoint_continuous,193045,2.822060994868006,,1.0456998299043192,,,2.0000000000000027,2.0000000000000027,0.00010360278691496802,MECHANISM_ONLY_NOT_RANKING_ONLY,,,,,,,,
SECONDARY_ONLY,SODA-A,0,single_or_conflicting_frequency,2.0,endpoint_severe_event,193045,,0.005858737600041441,1.0796923250907844,,,2.0000000000000027,2.0000000000000027,0.00010360278691496802,MECHANISM_ONLY_NOT_RANKING_ONLY,,,,,,,,
FREQUENCY_CONFLICT,SODA-A,0,single_or_conflicting_frequency,2.0,endpoint_continuous,193045,2.771199182399036,,1.0844279037800928,,,2.0000000000000027,2.0000000000000027,8.288222953197441e-05,MECHANISM_ONLY_NOT_RANKING_ONLY,,,,,,,,
FREQUENCY_CONFLICT,SODA-A,0,single_or_conflicting_frequency,2.0,endpoint_severe_event,193045,,0.005661892304903002,1.0524213056374891,,,2.0000000000000027,2.0000000000000027,8.288222953197441e-05,MECHANISM_ONLY_NOT_RANKING_ONLY,,,,,,,,
TANGENTIAL_SYNC,SODA-A,0,fixed_norm_phase_direction,7.5,endpoint_continuous,193045,7.594756939838701,,0.9825784062724006,,,7.500000000000004,7.500000000000004,7.770209018622601e-05,MECHANISM_ONLY_NOT_RANKING_ONLY,,,,,,,,
TANGENTIAL_SYNC,SODA-A,0,fixed_norm_phase_direction,7.5,endpoint_severe_event,193045,,0.18052785619933176,0.9630493972743506,,,7.500000000000004,7.500000000000004,7.770209018622601e-05,MECHANISM_ONLY_NOT_RANKING_ONLY,,,,,,,,
PRIMARY_ONLY,SODA-A,0,single_or_conflicting_frequency,7.5,endpoint_continuous,193045,2.0499449486766914,,1.1242778514952356,,,0.0,0.0,0.00010360278691496802,MECHANISM_ONLY_NOT_RANKING_ONLY,,,,,,,,
PRIMARY_ONLY,SODA-A,0,single_or_conflicting_frequency,7.5,endpoint_severe_event,193045,,0.004097490222486985,0.9930767750110099,,,0.0,0.0,0.00010360278691496802,MECHANISM_ONLY_NOT_RANKING_ONLY,,,,,,,,
SECONDARY_ONLY,SODA-A,0,single_or_conflicting_frequency,7.5,endpoint_continuous,193045,7.601314006551888,,0.9798950964414473,,,7.500000000000004,7.500000000000004,0.00011396306560646482,MECHANISM_ONLY_NOT_RANKING_ONLY,,,,,,,,
SECONDARY_ONLY,SODA-A,0,single_or_conflicting_frequency,7.5,endpoint_severe_event,193045,,0.180605558289518,0.9625875620369102,,,7.500000000000004,7.500000000000004,0.00011396306560646482,MECHANISM_ONLY_NOT_RANKING_ONLY,,,,,,,,
FREQUENCY_CONFLICT,SODA-A,0,single_or_conflicting_frequency,7.5,endpoint_continuous,193045,7.5821486124573685,,1.0189635355516746,,,7.500000000000004,7.500000000000004,0.00021238571317568444,MECHANISM_ONLY_NOT_RANKING_ONLY,,,,,,,,
FREQUENCY_CONFLICT,SODA-A,0,single_or_conflicting_frequency,7.5,endpoint_severe_event,193045,,0.16012846745577455,0.9932198781049187,,,7.500000000000004,7.500000000000004,0.00021238571317568444,MECHANISM_ONLY_NOT_RANKING_ONLY,,,,,,,,
TANGENTIAL_SYNC,SODA-A,0,fixed_norm_phase_direction,15.0,endpoint_continuous,193045,15.01825019099457,,0.977484440232877,,,14.999999999999996,15.000000000000009,7.770209018622601e-05,MECHANISM_ONLY_NOT_RANKING_ONLY,,,,,,,,
TANGENTIAL_SYNC,SODA-A,0,fixed_norm_phase_direction,15.0,endpoint_severe_event,193045,,0.7773213499443135,0.9590132620123644,,,14.999999999999996,15.000000000000009,7.770209018622601e-05,MECHANISM_ONLY_NOT_RANKING_ONLY,,,,,,,,
PRIMARY_ONLY,SODA-A,0,single_or_conflicting_frequency,15.0,endpoint_continuous,193045,2.05898434577065,,1.1168387080512454,,,0.0,0.0,0.00021238571317568444,MECHANISM_ONLY_NOT_RANKING_ONLY,,,,,,,,
PRIMARY_ONLY,SODA-A,0,single_or_conflicting_frequency,15.0,endpoint_severe_event,193045,,0.004201093009401953,0.9685521360275401,,,0.0,0.0,0.00021238571317568444,MECHANISM_ONLY_NOT_RANKING_ONLY,,,,,,,,
SECONDARY_ONLY,SODA-A,0,single_or_conflicting_frequency,15.0,endpoint_continuous,193045,15.028555713297106,,0.9736979694956169,,,14.999999999999996,15.000000000000009,0.00018648501644694243,MECHANISM_ONLY_NOT_RANKING_ONLY,,,,,,,,
SECONDARY_ONLY,SODA-A,0,single_or_conflicting_frequency,15.0,endpoint_severe_event,193045,,0.7773835116164625,0.9588236197329515,,,14.999999999999996,15.000000000000009,0.00018648501644694243,MECHANISM_ONLY_NOT_RANKING_ONLY,,,,,,,,
FREQUENCY_CONFLICT,SODA-A,0,single_or_conflicting_frequency,15.0,endpoint_continuous,193045,15.03488723924767,,1.008447380494667,,,14.999999999999996,15.000000000000009,0.0005905358854153177,MECHANISM_ONLY_NOT_RANKING_ONLY,,,,,,,,
FREQUENCY_CONFLICT,SODA-A,0,single_or_conflicting_frequency,15.0,endpoint_severe_event,193045,,0.7927063638011862,0.9950144152935667,,,14.999999999999996,15.000000000000009,0.0005905358854153177,MECHANISM_ONLY_NOT_RANKING_ONLY,,,,,,,,
BOUNDARY_CROSS,SODA-A,0,candidate_switch_surface,-10.0,endpoint_continuous,193045,39.589027933251046,,1.0175946231193982,,,39.80441977898505,39.98826517111538,0.0,MECHANISM_ONLY_NOT_RANKING_ONLY,,,,,,,,
BOUNDARY_CROSS,SODA-A,0,candidate_switch_surface,-10.0,endpoint_severe_event,193045,,0.9993369421637442,1.1336492558437563,,,39.80441977898505,39.98826517111538,0.0,MECHANISM_ONLY_NOT_RANKING_ONLY,,,,,,,,
BOUNDARY_CROSS,SODA-A,0,candidate_switch_surface,-5.0,endpoint_continuous,193045,42.08773969807502,,1.0179860760374637,,,42.30441977898505,42.48826517111537,0.0,MECHANISM_ONLY_NOT_RANKING_ONLY,,,,,,,,
BOUNDARY_CROSS,SODA-A,0,candidate_switch_surface,-5.0,endpoint_severe_event,193045,,0.9994716257867337,1.130730621340555,,,42.30441977898505,42.48826517111537,0.0,MECHANISM_ONLY_NOT_RANKING_ONLY,,,,,,,,
BOUNDARY_CROSS,SODA-A,0,candidate_switch_surface,-1.0,endpoint_continuous,193045,44.08681574728697,,1.0182648325286507,,,44.30441977898505,44.48826517111538,0.0,MECHANISM_ONLY_NOT_RANKING_ONLY,,,,,,,,
BOUNDARY_CROSS,SODA-A,0,candidate_switch_surface,-1.0,endpoint_severe_event,193045,,0.9995700484343029,1.1285977131708522,,,44.30441977898505,44.48826517111538,0.0,MECHANISM_ONLY_NOT_RANKING_ONLY,,,,,,,,
BOUNDARY_CROSS,SODA-A,0,candidate_switch_surface,1.0,endpoint_continuous,193045,44.902605672422936,,0.9844942966958881,,,44.69538696340288,45.63875819273667,1.0,MECHANISM_ONLY_NOT_RANKING_ONLY,,,,,,,,
BOUNDARY_CROSS,SODA-A,0,candidate_switch_surface,1.0,endpoint_severe_event,193045,,0.9998394156802818,1.1013918229887574,,,44.69538696340288,45.63875819273667,1.0,MECHANISM_ONLY_NOT_RANKING_ONLY,,,,,,,,
BOUNDARY_CROSS,SODA-A,0,candidate_switch_surface,5.0,endpoint_continuous,193045,42.90337468874394,,0.9842034386027615,,,42.695386963402875,43.63875819273666,1.0,MECHANISM_ONLY_NOT_RANKING_ONLY,,,,,,,,
BOUNDARY_CROSS,SODA-A,0,candidate_switch_surface,5.0,endpoint_severe_event,193045,,0.9998238752622446,1.099083842703917,,,42.695386963402875,43.63875819273666,1.0,MECHANISM_ONLY_NOT_RANKING_ONLY,,,,,,,,
BOUNDARY_CROSS,SODA-A,0,candidate_switch_surface,10.0,endpoint_continuous,193045,40.40428365149203,,0.9838588530638409,,,40.19538696340288,41.13875819273667,1.0,MECHANISM_ONLY_NOT_RANKING_ONLY,,,,,,,,
BOUNDARY_CROSS,SODA-A,0,candidate_switch_surface,10.0,endpoint_severe_event,193045,,0.9997824341474786,1.0865714176916563,,,40.19538696340288,41.13875819273667,1.0,MECHANISM_ONLY_NOT_RANKING_ONLY,,,,,,,,
BASELINE_SCORE,SODA-A,1,phase_mod,base,endpoint_continuous,195192,2.099166470601454,,1.1280987223825512,nan,nan,0.0,0.0,0.0005328087216689209,RANKING_ONLY,,,,,,,,
BASELINE_SCORE,SODA-A,1,phase_mod,base,endpoint_severe_event,195192,2.099166470601454,,1.1683312113590159,nan,nan,0.0,0.0,0.0005328087216689209,RANKING_ONLY,,,,,,,,
BASELINE_SCORE,SODA-A,1,negative_phase_mod,base,endpoint_continuous,195192,2.099166470601454,,1.1198714169775883,nan,nan,0.0,0.0,0.0005328087216689209,RANKING_ONLY,,,,,,,,
BASELINE_SCORE,SODA-A,1,negative_phase_mod,base,endpoint_severe_event,195192,2.099166470601454,,1.5760115406808837,nan,nan,0.0,0.0,0.0005328087216689209,RANKING_ONLY,,,,,,,,
BASELINE_SCORE,SODA-A,1,detection_score,base,endpoint_continuous,195192,2.099166470601454,,0.8379589120570425,nan,nan,0.0,0.0,0.0005328087216689209,RANKING_ONLY,,,,,,,,
BASELINE_SCORE,SODA-A,1,detection_score,base,endpoint_severe_event,195192,2.099166470601454,,0.5548908015962098,nan,nan,0.0,0.0,0.0005328087216689209,RANKING_ONLY,,,,,,,,
BASELINE_SCORE,SODA-A,1,multi_frequency_consistency,base,endpoint_continuous,195192,2.099166470601454,,0.7045299805895577,-0.7554590763838308,-0.6689583459972761,0.0,0.0,0.0005328087216689209,RANKING_ONLY,,,,,,,,
BASELINE_SCORE,SODA-A,1,multi_frequency_consistency,base,endpoint_severe_event,195192,2.099166470601454,,0.44553158233504053,-1.1465541061463038,-0.4896024712165894,0.0,0.0,0.0005328087216689209,RANKING_ONLY,,,,,,,,
BASELINE_SCORE,SODA-A,1,unwrap_candidate_energy_gap,base,endpoint_continuous,195192,2.099166470601454,,0.7045299805895577,-0.7487679812025587,-0.6617064985016965,0.0,0.0,0.0005328087216689209,RANKING_ONLY,,,,,,,,
BASELINE_SCORE,SODA-A,1,unwrap_candidate_energy_gap,base,endpoint_severe_event,195192,2.099166470601454,,0.44553158233504053,-1.117609773098147,-0.5045068955359402,0.0,0.0,0.0005328087216689209,RANKING_ONLY,,,,,,,,
BASELINE_SCORE,SODA-A,1,phase_direction_margin,base,endpoint_continuous,195192,2.099166470601454,,1.0073869378312341,-0.1517059433367639,-0.07167460443696169,0.0,0.0,0.0005328087216689209,RANKING_ONLY,,,,,,,,
BASELINE_SCORE,SODA-A,1,phase_direction_margin,base,endpoint_severe_event,195192,2.099166470601454,,0.5226993288927788,-0.6600070795884204,-0.2091996896969318,0.0,0.0,0.0005328087216689209,RANKING_ONLY,,,,,,,,
RADIAL,SODA-A,1,z_prime=k*z,0.25,endpoint_continuous,195192,14.517208333933825,,1.180807900067349,,,11.227610372561879,40.06199251686406,0.0005328087216689209,MECHANISM_ONLY_NOT_RANKING_ONLY,0.1391396456867895,0.3332723859,0.0419837703,0.0215763899,0.4087825905,0.505353,0.167957,True
RADIAL,SODA-A,1,z_prime=k*z,0.25,endpoint_severe_event,195192,,0.4817922865691217,1.168915587034388,,,11.227610372561879,40.06199251686406,0.0005328087216689209,MECHANISM_ONLY_NOT_RANKING_ONLY,0.1391396456867895,0.3332723859,0.0419837703,0.0215763899,0.4087825905,0.505353,0.167957,True
RADIAL,SODA-A,1,z_prime=k*z,0.5,endpoint_continuous,195192,2.459156963160997,,0.9325410219850329,,,0.0,0.0,0.0005328087216689209,MECHANISM_ONLY_NOT_RANKING_ONLY,0.556558582747158,0.232526668,0.0409067757,0.0229868797,0.3973263847,0.571846,0.246588,True
RADIAL,SODA-A,1,z_prime=k*z,0.5,endpoint_severe_event,195192,,0.017557072011148,0.4520823188920726,,,0.0,0.0,0.0005328087216689209,MECHANISM_ONLY_NOT_RANKING_ONLY,0.556558582747158,0.232526668,0.0409067757,0.0229868797,0.3973263847,0.571846,0.246588,True
RADIAL,SODA-A,1,z_prime=k*z,0.75,endpoint_continuous,195192,2.1040903291713073,,1.1243543095511959,,,0.0,0.0,0.0005328087216689209,MECHANISM_ONLY_NOT_RANKING_ONLY,1.2522568111811057,0.1368905887,0.0375269093,0.0267050839,0.363699236,0.573163,0.24917,True
RADIAL,SODA-A,1,z_prime=k*z,0.75,endpoint_severe_event,195192,,0.004580105742038608,1.1256173580295192,,,0.0,0.0,0.0005328087216689209,MECHANISM_ONLY_NOT_RANKING_ONLY,1.2522568111811057,0.1368905887,0.0375269093,0.0267050839,0.363699236,0.573163,0.24917,True
RADIAL,SODA-A,1,z_prime=k*z,0.9,endpoint_continuous,195192,2.100448148357318,,1.127076723861714,,,0.0,0.0,0.0005328087216689209,MECHANISM_ONLY_NOT_RANKING_ONLY,1.8032498081007922,0.0863453431,0.0315222629,0.0320188271,0.304149725,0.573154,0.249178,True
RADIAL,SODA-A,1,z_prime=k*z,0.9,endpoint_severe_event,195192,,0.004452026722406656,1.1576953986879288,,,0.0,0.0,0.0005328087216689209,MECHANISM_ONLY_NOT_RANKING_ONLY,1.8032498081007922,0.0863453431,0.0315222629,0.0320188271,0.304149725,0.573154,0.249178,True
RADIAL,SODA-A,1,z_prime=k*z,1.0,endpoint_continuous,195192,2.099166470601454,,1.1280987223825512,,,0.0,0.0,0.0005328087216689209,MECHANISM_ONLY_NOT_RANKING_ONLY,2.226234330988632,0.0615350083,0.0138418525,0.0448761547,0.123254099,0.573157,0.24918,True
RADIAL,SODA-A,1,z_prime=k*z,1.0,endpoint_severe_event,195192,,0.004411041436124431,1.1683312113590159,,,0.0,0.0,0.0005328087216689209,MECHANISM_ONLY_NOT_RANKING_ONLY,2.226234330988632,0.0615350083,0.0138418525,0.0448761547,0.123254099,0.573157,0.24918,True
RADIAL,SODA-A,1,z_prime=k*z,1.1,endpoint_continuous,195192,2.098500346400184,,1.1286334974515382,,,0.0,0.0,0.0005328087216689209,MECHANISM_ONLY_NOT_RANKING_ONLY,2.6937435404962446,0.0879556018,0.0347835187,0.0296958102,0.3357776844,0.573153,0.24918,True
RADIAL,SODA-A,1,z_prime=k*z,1.1,endpoint_severe_event,195192,,0.004400795114553875,1.171025362768933,,,0.0,0.0,0.0005328087216689209,MECHANISM_ONLY_NOT_RANKING_ONLY,2.6937435404962446,0.0879556018,0.0347835187,0.0296958102,0.3357776844,0.573153,0.24918,True
RADIAL,SODA-A,1,z_prime=k*z,1.25,endpoint_continuous,195192,2.0984641833876143,,1.1286626587317354,,,0.0,0.0,0.0005328087216689209,MECHANISM_ONLY_NOT_RANKING_ONLY,3.4784911421697378,0.1435055954,0.0403626411,0.0242351013,0.3925583772,0.573155,0.249178,True
RADIAL,SODA-A,1,z_prime=k*z,1.25,endpoint_severe_event,195192,,0.004400795114553875,1.1710346176088424,,,0.0,0.0,0.0005328087216689209,MECHANISM_ONLY_NOT_RANKING_ONLY,3.4784911421697378,0.1435055954,0.0403626411,0.0242351013,0.3925583772,0.573155,0.249178,True
RADIAL,SODA-A,1,z_prime=k*z,1.5,endpoint_continuous,195192,2.098555073565755,,1.1285909690073583,,,0.0,0.0,0.0005328087216689209,MECHANISM_ONLY_NOT_RANKING_ONLY,5.009027244724423,0.2453269245,0.0427412512,0.0210792352,0.4164635534,0.573159,0.249091,True
RADIAL,SODA-A,1,z_prime=k*z,1.5,endpoint_severe_event,195192,,0.004416164596909709,1.167035767565391,,,0.0,0.0,0.0005328087216689209,MECHANISM_ONLY_NOT_RANKING_ONLY,5.009027244724423,0.2453269245,0.0427412512,0.0210792352,0.4164635534,0.573159,0.249091,True
RADIAL,SODA-A,1,z_prime=k*z,2.0,endpoint_continuous,195192,2.0981694670396855,,1.1289007078361033,,,0.0,0.0,0.0005328087216689209,MECHANISM_ONLY_NOT_RANKING_ONLY,8.904937323954528,0.4568917858,0.0438876404,0.0193028039,0.4271125383,0.573165,0.24909,True
RADIAL,SODA-A,1,z_prime=k*z,2.0,endpoint_severe_event,195192,,0.004395671953768597,1.1724351853323536,,,0.0,0.0,0.0005328087216689209,MECHANISM_ONLY_NOT_RANKING_ONLY,8.904937323954528,0.4568917858,0.0438876404,0.0193028039,0.4271125383,0.573165,0.24909,True
RADIAL,SODA-A,1,z_prime=k*z,4.0,endpoint_continuous,195192,2.09864118391774,,1.1285198268141647,,,0.0,0.0,0.0005328087216689209,MECHANISM_ONLY_NOT_RANKING_ONLY,35.61974929581811,1.3178469696,0.0443600313,0.0184521515,0.4317668432,0.573164,0.249092,True
RADIAL,SODA-A,1,z_prime=k*z,4.0,endpoint_severe_event,195192,,0.004395671953768597,1.1724328912021151,,,0.0,0.0,0.0005328087216689209,MECHANISM_ONLY_NOT_RANKING_ONLY,35.61974929581811,1.3178469696,0.0443600313,0.0184521515,0.4317668432,0.573164,0.249092,True
TANGENTIAL_SYNC,SODA-A,1,fixed_norm_phase_direction,-15.0,endpoint_continuous,195192,15.015995001746978,,0.9962420090982247,,,14.999999999999996,15.000000000000009,0.0005328087216689209,MECHANISM_ONLY_NOT_RANKING_ONLY,,,,,,,,
TANGENTIAL_SYNC,SODA-A,1,fixed_norm_phase_direction,-15.0,endpoint_severe_event,195192,,0.7856418295831796,0.9717616103493857,,,14.999999999999996,15.000000000000009,0.0005328087216689209,MECHANISM_ONLY_NOT_RANKING_ONLY,,,,,,,,
PRIMARY_ONLY,SODA-A,1,single_or_conflicting_frequency,-15.0,endpoint_continuous,195192,2.119679709238594,,1.1116826889414066,,,0.0,0.0,0.0006660109020861511,MECHANISM_ONLY_NOT_RANKING_ONLY,,,,,,,,
PRIMARY_ONLY,SODA-A,1,single_or_conflicting_frequency,-15.0,endpoint_severe_event,195192,,0.00465695315381778,1.1065813655169146,,,0.0,0.0,0.0006660109020861511,MECHANISM_ONLY_NOT_RANKING_ONLY,,,,,,,,
SECONDARY_ONLY,SODA-A,1,single_or_conflicting_frequency,-15.0,endpoint_continuous,195192,15.02848081481722,,0.9916200813791606,,,14.999999999999996,15.000000000000009,0.0006096561334480922,MECHANISM_ONLY_NOT_RANKING_ONLY,,,,,,,,
SECONDARY_ONLY,SODA-A,1,single_or_conflicting_frequency,-15.0,endpoint_severe_event,195192,,0.7856930611910324,0.9716041666973186,,,14.999999999999996,15.000000000000009,0.0006096561334480922,MECHANISM_ONLY_NOT_RANKING_ONLY,,,,,,,,
FREQUENCY_CONFLICT,SODA-A,1,single_or_conflicting_frequency,-15.0,endpoint_continuous,195192,15.062739410041145,,0.9849305409218634,,,14.999999999999996,15.000000000000009,0.001142464855117013,MECHANISM_ONLY_NOT_RANKING_ONLY,,,,,,,,
FREQUENCY_CONFLICT,SODA-A,1,single_or_conflicting_frequency,-15.0,endpoint_severe_event,195192,,0.777890487315054,0.9677974979406928,,,14.999999999999996,15.000000000000009,0.001142464855117013,MECHANISM_ONLY_NOT_RANKING_ONLY,,,,,,,,
TANGENTIAL_SYNC,SODA-A,1,fixed_norm_phase_direction,-7.5,endpoint_continuous,195192,7.588450634124537,,0.9990663569222571,,,7.500000000000004,7.500000000000004,0.0005328087216689209,MECHANISM_ONLY_NOT_RANKING_ONLY,,,,,,,,
TANGENTIAL_SYNC,SODA-A,1,fixed_norm_phase_direction,-7.5,endpoint_severe_event,195192,,0.16354153858764703,0.9332689359600619,,,7.500000000000004,7.500000000000004,0.0005328087216689209,MECHANISM_ONLY_NOT_RANKING_ONLY,,,,,,,,
PRIMARY_ONLY,SODA-A,1,single_or_conflicting_frequency,-7.5,endpoint_continuous,195192,2.106618500752088,,1.1220788907402004,,,0.0,0.0,0.0005840403295217017,MECHANISM_ONLY_NOT_RANKING_ONLY,,,,,,,,
PRIMARY_ONLY,SODA-A,1,single_or_conflicting_frequency,-7.5,endpoint_severe_event,195192,,0.0045032583302594366,1.1443804439179965,,,0.0,0.0,0.0005840403295217017,MECHANISM_ONLY_NOT_RANKING_ONLY,,,,,,,,
SECONDARY_ONLY,SODA-A,1,single_or_conflicting_frequency,-7.5,endpoint_continuous,195192,7.594174111964748,,0.9967286835835744,,,7.500000000000004,7.500000000000004,0.0005481782040247551,MECHANISM_ONLY_NOT_RANKING_ONLY,,,,,,,,
SECONDARY_ONLY,SODA-A,1,single_or_conflicting_frequency,-7.5,endpoint_severe_event,195192,,0.16361326283864092,0.9328155117165438,,,7.500000000000004,7.500000000000004,0.0005481782040247551,MECHANISM_ONLY_NOT_RANKING_ONLY,,,,,,,,
FREQUENCY_CONFLICT,SODA-A,1,single_or_conflicting_frequency,-7.5,endpoint_continuous,195192,7.621297246672281,,1.0020698906452872,,,7.500000000000004,7.500000000000004,0.0006660109020861511,MECHANISM_ONLY_NOT_RANKING_ONLY,,,,,,,,
FREQUENCY_CONFLICT,SODA-A,1,single_or_conflicting_frequency,-7.5,endpoint_severe_event,195192,,0.17534017787614248,0.9632723327358902,,,7.500000000000004,7.500000000000004,0.0006660109020861511,MECHANISM_ONLY_NOT_RANKING_ONLY,,,,,,,,
TANGENTIAL_SYNC,SODA-A,1,fixed_norm_phase_direction,-2.0,endpoint_continuous,195192,2.825987725649406,,1.062282310997148,,,2.0000000000000027,2.0000000000000027,0.0005328087216689209,MECHANISM_ONLY_NOT_RANKING_ONLY,,,,,,,,
TANGENTIAL_SYNC,SODA-A,1,fixed_norm_phase_direction,-2.0,endpoint_severe_event,195192,,0.0059992212795606376,1.2166627423430187,,,2.0000000000000027,2.0000000000000027,0.0005328087216689209,MECHANISM_ONLY_NOT_RANKING_ONLY,,,,,,,,
PRIMARY_ONLY,SODA-A,1,single_or_conflicting_frequency,-2.0,endpoint_continuous,195192,2.101784966751694,,1.1259787371081156,,,0.0,0.0,0.0005533013648100332,MECHANISM_ONLY_NOT_RANKING_ONLY,,,,,,,,
PRIMARY_ONLY,SODA-A,1,single_or_conflicting_frequency,-2.0,endpoint_severe_event,195192,,0.0044417804008361,1.1602376233007579,,,0.0,0.0,0.0005533013648100332,MECHANISM_ONLY_NOT_RANKING_ONLY,,,,,,,,
SECONDARY_ONLY,SODA-A,1,single_or_conflicting_frequency,-2.0,endpoint_continuous,195192,2.82793043006072,,1.0609804445689073,,,2.0000000000000027,2.0000000000000027,0.0005328087216689209,MECHANISM_ONLY_NOT_RANKING_ONLY,,,,,,,,
SECONDARY_ONLY,SODA-A,1,single_or_conflicting_frequency,-2.0,endpoint_severe_event,195192,,0.00601971392270175,1.2125147320038034,,,2.0000000000000027,2.0000000000000027,0.0005328087216689209,MECHANISM_ONLY_NOT_RANKING_ONLY,,,,,,,,
FREQUENCY_CONFLICT,SODA-A,1,single_or_conflicting_frequency,-2.0,endpoint_continuous,195192,2.8484538895601887,,1.0709039999594219,,,2.0000000000000027,2.0000000000000027,0.0005481782040247551,MECHANISM_ONLY_NOT_RANKING_ONLY,,,,,,,,
FREQUENCY_CONFLICT,SODA-A,1,single_or_conflicting_frequency,-2.0,endpoint_severe_event,195192,,0.006685724824787901,1.0751744638877851,,,2.0000000000000027,2.0000000000000027,0.0005481782040247551,MECHANISM_ONLY_NOT_RANKING_ONLY,,,,,,,,
TANGENTIAL_SYNC,SODA-A,1,fixed_norm_phase_direction,0.0,endpoint_continuous,195192,2.099166470601454,,1.1280987223825512,,,0.0,0.0,0.0005328087216689209,MECHANISM_ONLY_NOT_RANKING_ONLY,,,,,,,,
TANGENTIAL_SYNC,SODA-A,1,fixed_norm_phase_direction,0.0,endpoint_severe_event,195192,,0.004411041436124431,1.1683312113590159,,,0.0,0.0,0.0005328087216689209,MECHANISM_ONLY_NOT_RANKING_ONLY,,,,,,,,
PRIMARY_ONLY,SODA-A,1,single_or_conflicting_frequency,0.0,endpoint_continuous,195192,2.099166470601454,,1.1280987223825512,,,0.0,0.0,0.0005328087216689209,MECHANISM_ONLY_NOT_RANKING_ONLY,,,,,,,,
PRIMARY_ONLY,SODA-A,1,single_or_conflicting_frequency,0.0,endpoint_severe_event,195192,,0.004411041436124431,1.1683312113590159,,,0.0,0.0,0.0005328087216689209,MECHANISM_ONLY_NOT_RANKING_ONLY,,,,,,,,
SECONDARY_ONLY,SODA-A,1,single_or_conflicting_frequency,0.0,endpoint_continuous,195192,2.099166470601454,,1.1280987223825512,,,0.0,0.0,0.0005328087216689209,MECHANISM_ONLY_NOT_RANKING_ONLY,,,,,,,,
SECONDARY_ONLY,SODA-A,1,single_or_conflicting_frequency,0.0,endpoint_severe_event,195192,,0.004411041436124431,1.1683312113590159,,,0.0,0.0,0.0005328087216689209,MECHANISM_ONLY_NOT_RANKING_ONLY,,,,,,,,
FREQUENCY_CONFLICT,SODA-A,1,single_or_conflicting_frequency,0.0,endpoint_continuous,195192,2.099166470601454,,1.1280987223825512,,,0.0,0.0,0.0005328087216689209,MECHANISM_ONLY_NOT_RANKING_ONLY,,,,,,,,
FREQUENCY_CONFLICT,SODA-A,1,single_or_conflicting_frequency,0.0,endpoint_severe_event,195192,,0.004411041436124431,1.1683312113590159,,,0.0,0.0,0.0005328087216689209,MECHANISM_ONLY_NOT_RANKING_ONLY,,,,,,,,
TANGENTIAL_SYNC,SODA-A,1,fixed_norm_phase_direction,2.0,endpoint_continuous,195192,2.8455090346696927,,1.072892859184247,,,2.0000000000000027,2.0000000000000027,0.0005328087216689209,MECHANISM_ONLY_NOT_RANKING_ONLY,,,,,,,,
TANGENTIAL_SYNC,SODA-A,1,fixed_norm_phase_direction,2.0,endpoint_severe_event,195192,,0.0066498626992909544,1.0809847796411833,,,2.0000000000000027,2.0000000000000027,0.0005328087216689209,MECHANISM_ONLY_NOT_RANKING_ONLY,,,,,,,,
PRIMARY_ONLY,SODA-A,1,single_or_conflicting_frequency,2.0,endpoint_continuous,195192,2.101170652942192,,1.1264726037370414,,,0.0,0.0,0.0005328087216689209,MECHANISM_ONLY_NOT_RANKING_ONLY,,,,,,,,
PRIMARY_ONLY,SODA-A,1,single_or_conflicting_frequency,2.0,endpoint_severe_event,195192,,0.004436657240050821,1.1615809945607856,,,0.0,0.0,0.0005328087216689209,MECHANISM_ONLY_NOT_RANKING_ONLY,,,,,,,,
SECONDARY_ONLY,SODA-A,1,single_or_conflicting_frequency,2.0,endpoint_continuous,195192,2.848086884957576,,1.0711514266748738,,,2.0000000000000027,2.0000000000000027,0.0005533013648100332,MECHANISM_ONLY_NOT_RANKING_ONLY,,,,,,,,
SECONDARY_ONLY,SODA-A,1,single_or_conflicting_frequency,2.0,endpoint_severe_event,195192,,0.006680601664002623,1.0759997736415672,,,2.0000000000000027,2.0000000000000027,0.0005533013648100332,MECHANISM_ONLY_NOT_RANKING_ONLY,,,,,,,,
FREQUENCY_CONFLICT,SODA-A,1,single_or_conflicting_frequency,2.0,endpoint_continuous,195192,2.829210924153457,,1.0601238948860998,,,2.0000000000000027,2.0000000000000027,0.000537931882454199,MECHANISM_ONLY_NOT_RANKING_ONLY,,,,,,,,
FREQUENCY_CONFLICT,SODA-A,1,single_or_conflicting_frequency,2.0,endpoint_severe_event,195192,,0.006035083405057584,1.2094212326968288,,,2.0000000000000027,2.0000000000000027,0.000537931882454199,MECHANISM_ONLY_NOT_RANKING_ONLY,,,,,,,,
TANGENTIAL_SYNC,SODA-A,1,fixed_norm_phase_direction,7.5,endpoint_continuous,195192,7.602202787853864,,1.0099218505172627,,,7.500000000000004,7.500000000000004,0.0005328087216689209,MECHANISM_ONLY_NOT_RANKING_ONLY,,,,,,,,
TANGENTIAL_SYNC,SODA-A,1,fixed_norm_phase_direction,7.5,endpoint_severe_event,195192,,0.17510451248001968,0.9647111021723316,,,7.500000000000004,7.500000000000004,0.0005328087216689209,MECHANISM_ONLY_NOT_RANKING_ONLY,,,,,,,,
PRIMARY_ONLY,SODA-A,1,single_or_conflicting_frequency,7.5,endpoint_continuous,195192,2.105675228448908,,1.122834361508903,,,0.0,0.0,0.0005481782040247551,MECHANISM_ONLY_NOT_RANKING_ONLY,,,,,,,,
PRIMARY_ONLY,SODA-A,1,single_or_conflicting_frequency,7.5,endpoint_severe_event,195192,,0.0044930120086888806,1.146994462847506,,,0.0,0.0,0.0005481782040247551,MECHANISM_ONLY_NOT_RANKING_ONLY,,,,,,,,
SECONDARY_ONLY,SODA-A,1,single_or_conflicting_frequency,7.5,endpoint_continuous,195192,7.609320980910856,,1.0069803520565122,,,7.500000000000004,7.500000000000004,0.0005840403295217017,MECHANISM_ONLY_NOT_RANKING_ONLY,,,,,,,,
SECONDARY_ONLY,SODA-A,1,single_or_conflicting_frequency,7.5,endpoint_severe_event,195192,,0.1751916062133694,0.9641788412709301,,,7.500000000000004,7.500000000000004,0.0005840403295217017,MECHANISM_ONLY_NOT_RANKING_ONLY,,,,,,,,
FREQUENCY_CONFLICT,SODA-A,1,single_or_conflicting_frequency,7.5,endpoint_continuous,195192,7.604044643208712,,0.992723487608515,,,7.500000000000004,7.500000000000004,0.0006096561334480922,MECHANISM_ONLY_NOT_RANKING_ONLY,,,,,,,,
FREQUENCY_CONFLICT,SODA-A,1,single_or_conflicting_frequency,7.5,endpoint_severe_event,195192,,0.16372597237591704,0.9321039040639559,,,7.500000000000004,7.500000000000004,0.0006096561334480922,MECHANISM_ONLY_NOT_RANKING_ONLY,,,,,,,,
TANGENTIAL_SYNC,SODA-A,1,fixed_norm_phase_direction,15.0,endpoint_continuous,195192,15.018050463059696,,1.001214360365604,,,14.999999999999996,15.000000000000009,0.0005328087216689209,MECHANISM_ONLY_NOT_RANKING_ONLY,,,,,,,,
TANGENTIAL_SYNC,SODA-A,1,fixed_norm_phase_direction,15.0,endpoint_severe_event,195192,,0.7775779745071519,0.9687462266353181,,,14.999999999999996,15.000000000000009,0.0005328087216689209,MECHANISM_ONLY_NOT_RANKING_ONLY,,,,,,,,
PRIMARY_ONLY,SODA-A,1,single_or_conflicting_frequency,15.0,endpoint_continuous,195192,2.1168621568527333,,1.1139036673200404,,,0.0,0.0,0.0006096561334480922,MECHANISM_ONLY_NOT_RANKING_ONLY,,,,,,,,
PRIMARY_ONLY,SODA-A,1,single_or_conflicting_frequency,15.0,endpoint_severe_event,195192,,0.004621091028320833,1.1151734867832666,,,0.0,0.0,0.0006096561334480922,MECHANISM_ONLY_NOT_RANKING_ONLY,,,,,,,,
SECONDARY_ONLY,SODA-A,1,single_or_conflicting_frequency,15.0,endpoint_continuous,195192,15.033657318507787,,0.9954690397331925,,,14.999999999999996,15.000000000000009,0.0006660109020861511,MECHANISM_ONLY_NOT_RANKING_ONLY,,,,,,,,
SECONDARY_ONLY,SODA-A,1,single_or_conflicting_frequency,15.0,endpoint_severe_event,195192,,0.7776958072052134,0.9683885781078091,,,14.999999999999996,15.000000000000009,0.0006660109020861511,MECHANISM_ONLY_NOT_RANKING_ONLY,,,,,,,,
FREQUENCY_CONFLICT,SODA-A,1,single_or_conflicting_frequency,15.0,endpoint_continuous,195192,15.057002815860372,,0.9812222722035082,,,14.999999999999996,15.000000000000009,0.0009734005492028362,MECHANISM_ONLY_NOT_RANKING_ONLY,,,,,,,,
FREQUENCY_CONFLICT,SODA-A,1,single_or_conflicting_frequency,15.0,endpoint_severe_event,195192,,0.7858467560145908,0.9711325456205842,,,14.999999999999996,15.000000000000009,0.0009734005492028362,MECHANISM_ONLY_NOT_RANKING_ONLY,,,,,,,,
BOUNDARY_CROSS,SODA-A,1,candidate_switch_surface,-10.0,endpoint_continuous,195192,39.635095683858175,,1.0304428375380503,,,39.83385602976238,39.98991494424733,0.0,MECHANISM_ONLY_NOT_RANKING_ONLY,,,,,,,,
BOUNDARY_CROSS,SODA-A,1,candidate_switch_surface,-10.0,endpoint_severe_event,195192,,0.9992007869174966,1.138304120069038,,,39.83385602976238,39.98991494424733,0.0,MECHANISM_ONLY_NOT_RANKING_ONLY,,,,,,,,
BOUNDARY_CROSS,SODA-A,1,candidate_switch_surface,-5.0,endpoint_continuous,195192,42.13327746977075,,1.0308674593435654,,,42.33385602976239,42.48991494424733,0.0,MECHANISM_ONLY_NOT_RANKING_ONLY,,,,,,,,
BOUNDARY_CROSS,SODA-A,1,candidate_switch_surface,-5.0,endpoint_severe_event,195192,,0.9993288659371286,1.1346886741999331,,,42.33385602976239,42.48991494424733,0.0,MECHANISM_ONLY_NOT_RANKING_ONLY,,,,,,,,
BOUNDARY_CROSS,SODA-A,1,candidate_switch_surface,-1.0,endpoint_continuous,195192,44.13207134100501,,1.0311459031496961,,,44.33385602976238,44.48991494424733,0.0,MECHANISM_ONLY_NOT_RANKING_ONLY,,,,,,,,
BOUNDARY_CROSS,SODA-A,1,candidate_switch_surface,-1.0,endpoint_severe_event,195192,,0.9994313291528342,1.1318715983486773,,,44.33385602976238,44.48991494424733,0.0,MECHANISM_ONLY_NOT_RANKING_ONLY,,,,,,,,
BOUNDARY_CROSS,SODA-A,1,candidate_switch_surface,1.0,endpoint_continuous,195192,44.85662572283198,,0.9706240915383929,,,44.66593609344753,45.648026122821015,1.0,MECHANISM_ONLY_NOT_RANKING_ONLY,,,,,,,,
BOUNDARY_CROSS,SODA-A,1,candidate_switch_surface,1.0,endpoint_severe_event,195192,,0.9997797040862331,1.0886064503539294,,,44.66593609344753,45.648026122821015,1.0,MECHANISM_ONLY_NOT_RANKING_ONLY,,,,,,,,
BOUNDARY_CROSS,SODA-A,1,candidate_switch_surface,5.0,endpoint_continuous,195192,42.85770905900777,,0.9702726759991872,,,42.66593609344754,43.64802612282101,1.0,MECHANISM_ONLY_NOT_RANKING_ONLY,,,,,,,,
BOUNDARY_CROSS,SODA-A,1,candidate_switch_surface,5.0,endpoint_severe_event,195192,,0.9997797040862331,1.0684194207102335,,,42.66593609344754,43.64802612282101,1.0,MECHANISM_ONLY_NOT_RANKING_ONLY,,,,,,,,
BOUNDARY_CROSS,SODA-A,1,candidate_switch_surface,10.0,endpoint_continuous,195192,40.358983745425505,,0.969864223055393,,,40.16593609344754,41.14802612282101,1.0,MECHANISM_ONLY_NOT_RANKING_ONLY,,,,,,,,
BOUNDARY_CROSS,SODA-A,1,candidate_switch_surface,10.0,endpoint_severe_event,195192,,0.9997438419607361,1.0432012574942462,,,40.16593609344754,41.14802612282101,1.0,MECHANISM_ONLY_NOT_RANKING_ONLY,,,,,,,,
BASELINE_SCORE,SODA-A,2,phase_mod,base,endpoint_continuous,196374,2.098445602507567,,1.1220169240964613,nan,nan,0.0,0.0,0.0004786784401193641,RANKING_ONLY,,,,,,,,
BASELINE_SCORE,SODA-A,2,phase_mod,base,endpoint_severe_event,196374,2.098445602507567,,1.372137446347822,nan,nan,0.0,0.0,0.0004786784401193641,RANKING_ONLY,,,,,,,,
BASELINE_SCORE,SODA-A,2,negative_phase_mod,base,endpoint_continuous,196374,2.098445602507567,,1.1245400664078777,nan,nan,0.0,0.0,0.0004786784401193641,RANKING_ONLY,,,,,,,,
BASELINE_SCORE,SODA-A,2,negative_phase_mod,base,endpoint_severe_event,196374,2.098445602507567,,1.3923119250457012,nan,nan,0.0,0.0,0.0004786784401193641,RANKING_ONLY,,,,,,,,
BASELINE_SCORE,SODA-A,2,detection_score,base,endpoint_continuous,196374,2.098445602507567,,0.8580590003456895,nan,nan,0.0,0.0,0.0004786784401193641,RANKING_ONLY,,,,,,,,
BASELINE_SCORE,SODA-A,2,detection_score,base,endpoint_severe_event,196374,2.098445602507567,,0.6492136521032624,nan,nan,0.0,0.0,0.0004786784401193641,RANKING_ONLY,,,,,,,,
BASELINE_SCORE,SODA-A,2,multi_frequency_consistency,base,endpoint_continuous,196374,2.098445602507567,,0.7028115081610917,-0.75376496659257,-0.676977886876403,0.0,0.0,0.0004786784401193641,RANKING_ONLY,,,,,,,,
BASELINE_SCORE,SODA-A,2,multi_frequency_consistency,base,endpoint_severe_event,196374,2.098445602507567,,0.41737443534304286,-1.1951537602051145,-0.5013972612337045,0.0,0.0,0.0004786784401193641,RANKING_ONLY,,,,,,,,
BASELINE_SCORE,SODA-A,2,unwrap_candidate_energy_gap,base,endpoint_continuous,196374,2.098445602507567,,0.7028115081610917,-0.7449776878464056,-0.6674646236928916,0.0,0.0,0.0004786784401193641,RANKING_ONLY,,,,,,,,
BASELINE_SCORE,SODA-A,2,unwrap_candidate_energy_gap,base,endpoint_severe_event,196374,2.098445602507567,,0.41737443534304286,-1.2015263744506919,-0.48775450813385507,0.0,0.0,0.0004786784401193641,RANKING_ONLY,,,,,,,,
BASELINE_SCORE,SODA-A,2,phase_direction_margin,base,endpoint_continuous,196374,2.098445602507567,,1.03459051124557,-0.1245302874544244,-0.04111344275315468,0.0,0.0,0.0004786784401193641,RANKING_ONLY,,,,,,,,
BASELINE_SCORE,SODA-A,2,phase_direction_margin,base,endpoint_severe_event,196374,2.098445602507567,,0.566008686822801,-0.87973025484959,-0.264946070582854,0.0,0.0,0.0004786784401193641,RANKING_ONLY,,,,,,,,
RADIAL,SODA-A,2,z_prime=k*z,0.25,endpoint_continuous,196374,14.51493218685447,,1.1177001529455102,,,11.290086944131303,40.0685058489944,0.0004786784401193641,MECHANISM_ONLY_NOT_RANKING_ONLY,0.1391227789010922,0.3332370005,0.0419098867,0.0216385973,0.4088380207,0.520788,0.180177,True
RADIAL,SODA-A,2,z_prime=k*z,0.25,endpoint_severe_event,196374,,0.4820037275810443,1.0970004037597456,,,11.290086944131303,40.0685058489944,0.0004786784401193641,MECHANISM_ONLY_NOT_RANKING_ONLY,0.1391227789010922,0.3332370005,0.0419098867,0.0216385973,0.4088380207,0.520788,0.180177,True
RADIAL,SODA-A,2,z_prime=k*z,0.5,endpoint_continuous,196374,2.3944260971322486,,0.9815011626273028,,,0.0,0.0,0.0004786784401193641,MECHANISM_ONLY_NOT_RANKING_ONLY,0.5564911156043688,0.2324479292,0.040894641,0.0229910942,0.3974571619,0.587641,0.262373,True
RADIAL,SODA-A,2,z_prime=k*z,0.5,endpoint_severe_event,196374,,0.015241325226353795,0.6136005806168099,,,0.0,0.0,0.0004786784401193641,MECHANISM_ONLY_NOT_RANKING_ONLY,0.5564911156043688,0.2324479292,0.040894641,0.0229910942,0.3974571619,0.587641,0.262373,True
RADIAL,SODA-A,2,z_prime=k*z,0.75,endpoint_continuous,196374,2.103050697470017,,1.1184026911693297,,,0.0,0.0,0.0004786784401193641,MECHANISM_ONLY_NOT_RANKING_ONLY,1.2521050101098299,0.1367620851,0.0375428906,0.0267315116,0.3640751434,0.588212,0.263734,True
RADIAL,SODA-A,2,z_prime=k*z,0.75,endpoint_severe_event,196374,,0.0043233829325674475,1.324898741810795,,,0.0,0.0,0.0004786784401193641,MECHANISM_ONLY_NOT_RANKING_ONLY,1.2521050101098299,0.1367620851,0.0375428906,0.0267315116,0.3640751434,0.588212,0.263734,True
RADIAL,SODA-A,2,z_prime=k*z,0.9,endpoint_continuous,196374,2.0988269222701597,,1.1217270261630985,,,0.0,0.0,0.0004786784401193641,MECHANISM_ONLY_NOT_RANKING_ONLY,1.803031214558155,0.0861221238,0.0316949647,0.0318555129,0.3052907073,0.588227,0.263771,True
RADIAL,SODA-A,2,z_prime=k*z,0.9,endpoint_severe_event,196374,,0.004175705541466793,1.3710425599907055,,,0.0,0.0,0.0004786784401193641,MECHANISM_ONLY_NOT_RANKING_ONLY,1.803031214558155,0.0861221238,0.0316949647,0.0318555129,0.3052907073,0.588227,0.263771,True
RADIAL,SODA-A,2,z_prime=k*z,1.0,endpoint_continuous,196374,2.098445602507567,,1.1220169240964613,,,0.0,0.0,0.0004786784401193641,MECHANISM_ONLY_NOT_RANKING_ONLY,2.2259644624174753,0.0611653486,0.0138223586,0.0449244979,0.1231043099,0.588211,0.263762,True
RADIAL,SODA-A,2,z_prime=k*z,1.0,endpoint_severe_event,196374,,0.004170613217635736,1.372137446347822,,,0.0,0.0,0.0004786784401193641,MECHANISM_ONLY_NOT_RANKING_ONLY,2.2259644624174753,0.0611653486,0.0138223586,0.0449244979,0.1231043099,0.588211,0.263762,True
RADIAL,SODA-A,2,z_prime=k*z,1.1,endpoint_continuous,196374,2.0980976354497565,,1.1222976869065513,,,0.0,0.0,0.0004786784401193641,MECHANISM_ONLY_NOT_RANKING_ONLY,2.693416999525146,0.0875264205,0.0347333725,0.0297227386,0.3352672574,0.588232,0.263771,True
RADIAL,SODA-A,2,z_prime=k*z,1.1,endpoint_severe_event,196374,,0.004160428569973622,1.3756060372684047,,,0.0,0.0,0.0004786784401193641,MECHANISM_ONLY_NOT_RANKING_ONLY,2.693416999525146,0.0875264205,0.0347333725,0.0297227386,0.3352672574,0.588232,0.263771,True
RADIAL,SODA-A,2,z_prime=k*z,1.25,endpoint_continuous,196374,2.097787329482691,,1.1225477759035307,,,0.0,0.0,0.0004786784401193641,MECHANISM_ONLY_NOT_RANKING_ONLY,3.4780694725273067,0.1430338566,0.0403536752,0.0242358823,0.3922313888,0.588232,0.263763,True
RADIAL,SODA-A,2,z_prime=k*z,1.25,endpoint_severe_event,196374,,0.004160428569973622,1.3756195682619607,,,0.0,0.0,0.0004786784401193641,MECHANISM_ONLY_NOT_RANKING_ONLY,3.4780694725273067,0.1430338566,0.0403536752,0.0242358823,0.3922313888,0.588232,0.263763,True
RADIAL,SODA-A,2,z_prime=k*z,1.5,endpoint_continuous,196374,2.0974499209541375,,1.1228163090526548,,,0.0,0.0,0.0004786784401193641,MECHANISM_ONLY_NOT_RANKING_ONLY,5.0084200404393195,0.2447675536,0.0427327787,0.0211160038,0.4161888306,0.588232,0.26378,True
RADIAL,SODA-A,2,z_prime=k*z,1.5,endpoint_severe_event,196374,,0.004160428569973622,1.3756195682619607,,,0.0,0.0,0.0004786784401193641,MECHANISM_ONLY_NOT_RANKING_ONLY,5.0084200404393195,0.2447675536,0.0427327787,0.0211160038,0.4161888306,0.588232,0.26378,True
RADIAL,SODA-A,2,z_prime=k*z,2.0,endpoint_continuous,196374,2.097771948619972,,1.1225539416443306,,,0.0,0.0,0.0004786784401193641,MECHANISM_ONLY_NOT_RANKING_ONLY,8.903857849669901,0.4562275473,0.0438533355,0.0193385592,0.426882589,0.588232,0.263776,True
RADIAL,SODA-A,2,z_prime=k*z,2.0,endpoint_severe_event,196374,,0.0041655208938046785,1.3739508804845946,,,0.0,0.0,0.0004786784401193641,MECHANISM_ONLY_NOT_RANKING_ONLY,8.903857849669901,0.4562275473,0.0438533355,0.0193385592,0.426882589,0.588232,0.263776,True
RADIAL,SODA-A,2,z_prime=k*z,4.0,endpoint_continuous,196374,2.0969318699344286,,1.12322738427411,,,0.0,0.0,0.0004786784401193641,MECHANISM_ONLY_NOT_RANKING_ONLY,35.615431398679604,1.3167422456,0.0443394023,0.0184831403,0.4315437647,0.588232,0.263774,True
RADIAL,SODA-A,2,z_prime=k*z,4.0,endpoint_severe_event,196374,,0.004134966950818337,1.384041534306438,,,0.0,0.0,0.0004786784401193641,MECHANISM_ONLY_NOT_RANKING_ONLY,35.615431398679604,1.3167422456,0.0443394023,0.0184831403,0.4315437647,0.588232,0.263774,True
TANGENTIAL_SYNC,SODA-A,2,fixed_norm_phase_direction,-15.0,endpoint_continuous,196374,15.010077259606005,,0.994409562829454,,,14.999999999999996,15.000000000000009,0.0004786784401193641,MECHANISM_ONLY_NOT_RANKING_ONLY,,,,,,,,
TANGENTIAL_SYNC,SODA-A,2,fixed_norm_phase_direction,-15.0,endpoint_severe_event,196374,,0.7845386863841446,0.9855061229056907,,,14.999999999999996,15.000000000000009,0.0004786784401193641,MECHANISM_ONLY_NOT_RANKING_ONLY,,,,,,,,
PRIMARY_ONLY,SODA-A,2,single_or_conflicting_frequency,-15.0,endpoint_continuous,196374,2.1136027165788756,,1.1099008896777547,,,0.0,0.0,0.0006416328027131901,MECHANISM_ONLY_NOT_RANKING_ONLY,,,,,,,,
PRIMARY_ONLY,SODA-A,2,single_or_conflicting_frequency,-15.0,endpoint_severe_event,196374,,0.00435393687555379,1.3143261887194162,,,0.0,0.0,0.0006416328027131901,MECHANISM_ONLY_NOT_RANKING_ONLY,,,,,,,,
SECONDARY_ONLY,SODA-A,2,single_or_conflicting_frequency,-15.0,endpoint_continuous,196374,15.018286646635888,,0.9913751795852754,,,14.999999999999996,15.000000000000009,0.0005397863260920489,MECHANISM_ONLY_NOT_RANKING_ONLY,,,,,,,,
SECONDARY_ONLY,SODA-A,2,single_or_conflicting_frequency,-15.0,endpoint_severe_event,196374,,0.784579424974793,0.9853821072937061,,,14.999999999999996,15.000000000000009,0.0005397863260920489,MECHANISM_ONLY_NOT_RANKING_ONLY,,,,,,,,
FREQUENCY_CONFLICT,SODA-A,2,single_or_conflicting_frequency,-15.0,endpoint_continuous,196374,15.063407067160028,,0.9878086822943272,,,14.999999999999996,15.000000000000009,0.0010897572998462119,MECHANISM_ONLY_NOT_RANKING_ONLY,,,,,,,,
FREQUENCY_CONFLICT,SODA-A,2,single_or_conflicting_frequency,-15.0,endpoint_severe_event,196374,,0.7776538645645554,0.9877531396392435,,,14.999999999999996,15.000000000000009,0.0010897572998462119,MECHANISM_ONLY_NOT_RANKING_ONLY,,,,,,,,
TANGENTIAL_SYNC,SODA-A,2,fixed_norm_phase_direction,-7.5,endpoint_continuous,196374,7.583565716446284,,1.003325295091903,,,7.500000000000004,7.500000000000004,0.0004786784401193641,MECHANISM_ONLY_NOT_RANKING_ONLY,,,,,,,,
TANGENTIAL_SYNC,SODA-A,2,fixed_norm_phase_direction,-7.5,endpoint_severe_event,196374,,0.1629849165368124,0.9713243726212253,,,7.500000000000004,7.500000000000004,0.0004786784401193641,MECHANISM_ONLY_NOT_RANKING_ONLY,,,,,,,,
PRIMARY_ONLY,SODA-A,2,single_or_conflicting_frequency,-7.5,endpoint_continuous,196374,2.1060625119234433,,1.1158954078245087,,,0.0,0.0,0.0005296016784299347,MECHANISM_ONLY_NOT_RANKING_ONLY,,,,,,,,
PRIMARY_ONLY,SODA-A,2,single_or_conflicting_frequency,-7.5,endpoint_severe_event,196374,,0.004262275046594763,1.3426108894309923,,,0.0,0.0,0.0005296016784299347,MECHANISM_ONLY_NOT_RANKING_ONLY,,,,,,,,
SECONDARY_ONLY,SODA-A,2,single_or_conflicting_frequency,-7.5,endpoint_continuous,196374,7.589929823422738,,1.000714104539659,,,7.500000000000004,7.500000000000004,0.0005041400592746494,MECHANISM_ONLY_NOT_RANKING_ONLY,,,,,,,,
SECONDARY_ONLY,SODA-A,2,single_or_conflicting_frequency,-7.5,endpoint_severe_event,196374,,0.16306130139427827,0.9708241225121955,,,7.500000000000004,7.500000000000004,0.0005041400592746494,MECHANISM_ONLY_NOT_RANKING_ONLY,,,,,,,,
FREQUENCY_CONFLICT,SODA-A,2,single_or_conflicting_frequency,-7.5,endpoint_continuous,196374,7.615137797556476,,1.0091377285106091,,,7.500000000000004,7.500000000000004,0.0006416328027131901,MECHANISM_ONLY_NOT_RANKING_ONLY,,,,,,,,
FREQUENCY_CONFLICT,SODA-A,2,single_or_conflicting_frequency,-7.5,endpoint_severe_event,196374,,0.17557823337101652,0.9861071819702509,,,7.500000000000004,7.500000000000004,0.0006416328027131901,MECHANISM_ONLY_NOT_RANKING_ONLY,,,,,,,,
TANGENTIAL_SYNC,SODA-A,2,fixed_norm_phase_direction,-2.0,endpoint_continuous,196374,2.823046211157694,,1.064656426547065,,,2.0000000000000027,2.0000000000000027,0.0004786784401193641,MECHANISM_ONLY_NOT_RANKING_ONLY,,,,,,,,
TANGENTIAL_SYNC,SODA-A,2,fixed_norm_phase_direction,-2.0,endpoint_severe_event,196374,,0.005922372615519366,1.3204462394223337,,,2.0000000000000027,2.0000000000000027,0.0004786784401193641,MECHANISM_ONLY_NOT_RANKING_ONLY,,,,,,,,
PRIMARY_ONLY,SODA-A,2,single_or_conflicting_frequency,-2.0,endpoint_continuous,196374,2.100834982267895,,1.12008851801274,,,0.0,0.0,0.0004990477354435923,MECHANISM_ONLY_NOT_RANKING_ONLY,,,,,,,,
PRIMARY_ONLY,SODA-A,2,single_or_conflicting_frequency,-2.0,endpoint_severe_event,196374,,0.004201167160622079,1.3621536375641103,,,0.0,0.0,0.0004990477354435923,MECHANISM_ONLY_NOT_RANKING_ONLY,,,,,,,,
SECONDARY_ONLY,SODA-A,2,single_or_conflicting_frequency,-2.0,endpoint_continuous,196374,2.825196408622701,,1.063211864725572,,,2.0000000000000027,2.0000000000000027,0.0004939554116125353,MECHANISM_ONLY_NOT_RANKING_ONLY,,,,,,,,
SECONDARY_ONLY,SODA-A,2,single_or_conflicting_frequency,-2.0,endpoint_severe_event,196374,,0.005947834234674651,1.3147890817385703,,,2.0000000000000027,2.0000000000000027,0.0004939554116125353,MECHANISM_ONLY_NOT_RANKING_ONLY,,,,,,,,
FREQUENCY_CONFLICT,SODA-A,2,single_or_conflicting_frequency,-2.0,endpoint_continuous,196374,2.8509494429951143,,1.0716613193636775,,,2.0000000000000027,2.0000000000000027,0.0005194170307678206,MECHANISM_ONLY_NOT_RANKING_ONLY,,,,,,,,
FREQUENCY_CONFLICT,SODA-A,2,single_or_conflicting_frequency,-2.0,endpoint_severe_event,196374,,0.006075142330451078,1.277546440517316,,,2.0000000000000027,2.0000000000000027,0.0005194170307678206,MECHANISM_ONLY_NOT_RANKING_ONLY,,,,,,,,
TANGENTIAL_SYNC,SODA-A,2,fixed_norm_phase_direction,0.0,endpoint_continuous,196374,2.098445602507567,,1.1220169240964613,,,0.0,0.0,0.0004786784401193641,MECHANISM_ONLY_NOT_RANKING_ONLY,,,,,,,,
TANGENTIAL_SYNC,SODA-A,2,fixed_norm_phase_direction,0.0,endpoint_severe_event,196374,,0.004170613217635736,1.372137446347822,,,0.0,0.0,0.0004786784401193641,MECHANISM_ONLY_NOT_RANKING_ONLY,,,,,,,,
PRIMARY_ONLY,SODA-A,2,single_or_conflicting_frequency,0.0,endpoint_continuous,196374,2.098445602507567,,1.1220169240964613,,,0.0,0.0,0.0004786784401193641,MECHANISM_ONLY_NOT_RANKING_ONLY,,,,,,,,
PRIMARY_ONLY,SODA-A,2,single_or_conflicting_frequency,0.0,endpoint_severe_event,196374,,0.004170613217635736,1.372137446347822,,,0.0,0.0,0.0004786784401193641,MECHANISM_ONLY_NOT_RANKING_ONLY,,,,,,,,
SECONDARY_ONLY,SODA-A,2,single_or_conflicting_frequency,0.0,endpoint_continuous,196374,2.098445602507567,,1.1220169240964613,,,0.0,0.0,0.0004786784401193641,MECHANISM_ONLY_NOT_RANKING_ONLY,,,,,,,,
SECONDARY_ONLY,SODA-A,2,single_or_conflicting_frequency,0.0,endpoint_severe_event,196374,,0.004170613217635736,1.372137446347822,,,0.0,0.0,0.0004786784401193641,MECHANISM_ONLY_NOT_RANKING_ONLY,,,,,,,,
FREQUENCY_CONFLICT,SODA-A,2,single_or_conflicting_frequency,0.0,endpoint_continuous,196374,2.098445602507567,,1.1220169240964613,,,0.0,0.0,0.0004786784401193641,MECHANISM_ONLY_NOT_RANKING_ONLY,,,,,,,,
FREQUENCY_CONFLICT,SODA-A,2,single_or_conflicting_frequency,0.0,endpoint_severe_event,196374,,0.004170613217635736,1.372137446347822,,,0.0,0.0,0.0004786784401193641,MECHANISM_ONLY_NOT_RANKING_ONLY,,,,,,,,
TANGENTIAL_SYNC,SODA-A,2,fixed_norm_phase_direction,2.0,endpoint_continuous,196374,2.845390907209055,,1.0754232508261812,,,2.0000000000000027,2.0000000000000027,0.0004786784401193641,MECHANISM_ONLY_NOT_RANKING_ONLY,,,,,,,,
TANGENTIAL_SYNC,SODA-A,2,fixed_norm_phase_direction,2.0,endpoint_severe_event,196374,,0.0060089421206473365,1.2916388659621458,,,2.0000000000000027,2.0000000000000027,0.0004786784401193641,MECHANISM_ONLY_NOT_RANKING_ONLY,,,,,,,,
PRIMARY_ONLY,SODA-A,2,single_or_conflicting_frequency,2.0,endpoint_continuous,196374,2.100531250614884,,1.120335003690936,,,0.0,0.0,0.0004939554116125353,MECHANISM_ONLY_NOT_RANKING_ONLY,,,,,,,,
PRIMARY_ONLY,SODA-A,2,single_or_conflicting_frequency,2.0,endpoint_severe_event,196374,,0.004196074836791021,1.3638091912124815,,,0.0,0.0,0.0004939554116125353,MECHANISM_ONLY_NOT_RANKING_ONLY,,,,,,,,
SECONDARY_ONLY,SODA-A,2,single_or_conflicting_frequency,2.0,endpoint_continuous,196374,2.8477802869693836,,1.0738022490531351,,,2.0000000000000027,2.0000000000000027,0.0004990477354435923,MECHANISM_ONLY_NOT_RANKING_ONLY,,,,,,,,
SECONDARY_ONLY,SODA-A,2,single_or_conflicting_frequency,2.0,endpoint_severe_event,196374,,0.006039496063633678,1.2850970499710113,,,2.0000000000000027,2.0000000000000027,0.0004990477354435923,MECHANISM_ONLY_NOT_RANKING_ONLY,,,,,,,,
FREQUENCY_CONFLICT,SODA-A,2,single_or_conflicting_frequency,2.0,endpoint_continuous,196374,2.8264387446639994,,1.0623783180952704,,,2.0000000000000027,2.0000000000000027,0.0004990477354435923,MECHANISM_ONLY_NOT_RANKING_ONLY,,,,,,,,
FREQUENCY_CONFLICT,SODA-A,2,single_or_conflicting_frequency,2.0,endpoint_severe_event,196374,,0.0059631112061678225,1.3114165947367427,,,2.0000000000000027,2.0000000000000027,0.0004990477354435923,MECHANISM_ONLY_NOT_RANKING_ONLY,,,,,,,,
TANGENTIAL_SYNC,SODA-A,2,fixed_norm_phase_direction,7.5,endpoint_continuous,196374,7.600770306177495,,1.0150875221755256,,,7.500000000000004,7.500000000000004,0.0004786784401193641,MECHANISM_ONLY_NOT_RANKING_ONLY,,,,,,,,
TANGENTIAL_SYNC,SODA-A,2,fixed_norm_phase_direction,7.5,endpoint_severe_event,196374,,0.1754050943607606,0.9871831386757779,,,7.500000000000004,7.500000000000004,0.0004786784401193641,MECHANISM_ONLY_NOT_RANKING_ONLY,,,,,,,,
PRIMARY_ONLY,SODA-A,2,single_or_conflicting_frequency,7.5,endpoint_continuous,196374,2.105503015166972,,1.116344253608431,,,0.0,0.0,0.0005041400592746494,MECHANISM_ONLY_NOT_RANKING_ONLY,,,,,,,,
PRIMARY_ONLY,SODA-A,2,single_or_conflicting_frequency,7.5,endpoint_severe_event,196374,,0.004257182722763706,1.344225859018697,,,0.0,0.0,0.0005041400592746494,MECHANISM_ONLY_NOT_RANKING_ONLY,,,,,,,,
SECONDARY_ONLY,SODA-A,2,single_or_conflicting_frequency,7.5,endpoint_continuous,196374,7.607782145287299,,1.012175310936467,,,7.500000000000004,7.500000000000004,0.0005296016784299347,MECHANISM_ONLY_NOT_RANKING_ONLY,,,,,,,,
SECONDARY_ONLY,SODA-A,2,single_or_conflicting_frequency,7.5,endpoint_severe_event,196374,,0.17549166386588855,0.9866449170579236,,,7.500000000000004,7.500000000000004,0.0005296016784299347,MECHANISM_ONLY_NOT_RANKING_ONLY,,,,,,,,
FREQUENCY_CONFLICT,SODA-A,2,single_or_conflicting_frequency,7.5,endpoint_continuous,196374,7.593772261624305,,0.9991444168438023,,,7.500000000000004,7.500000000000004,0.0005397863260920489,MECHANISM_ONLY_NOT_RANKING_ONLY,,,,,,,,
FREQUENCY_CONFLICT,SODA-A,2,single_or_conflicting_frequency,7.5,endpoint_severe_event,196374,,0.16309694766109567,0.9705908640620045,,,7.500000000000004,7.500000000000004,0.0005397863260920489,MECHANISM_ONLY_NOT_RANKING_ONLY,,,,,,,,
TANGENTIAL_SYNC,SODA-A,2,fixed_norm_phase_direction,15.0,endpoint_continuous,196374,15.017413020173644,,1.0045695620128137,,,14.999999999999996,15.000000000000009,0.0004786784401193641,MECHANISM_ONLY_NOT_RANKING_ONLY,,,,,,,,
TANGENTIAL_SYNC,SODA-A,2,fixed_norm_phase_direction,15.0,endpoint_severe_event,196374,,0.7772923095725504,0.988839603674732,,,14.999999999999996,15.000000000000009,0.0004786784401193641,MECHANISM_ONLY_NOT_RANKING_ONLY,,,,,,,,
PRIMARY_ONLY,SODA-A,2,single_or_conflicting_frequency,15.0,endpoint_continuous,196374,2.109812533646068,,1.1129090089393645,,,0.0,0.0,0.0005397863260920489,MECHANISM_ONLY_NOT_RANKING_ONLY,,,,,,,,
PRIMARY_ONLY,SODA-A,2,single_or_conflicting_frequency,15.0,endpoint_severe_event,196374,,0.0043131982849053336,1.3267673732869956,,,0.0,0.0,0.0005397863260920489,MECHANISM_ONLY_NOT_RANKING_ONLY,,,,,,,,
SECONDARY_ONLY,SODA-A,2,single_or_conflicting_frequency,15.0,endpoint_continuous,196374,15.02913931807604,,1.0002454236148697,,,14.999999999999996,15.000000000000009,0.0006416328027131901,MECHANISM_ONLY_NOT_RANKING_ONLY,,,,,,,,
SECONDARY_ONLY,SODA-A,2,single_or_conflicting_frequency,15.0,endpoint_severe_event,196374,,0.7773941560491715,0.9885335040725928,,,14.999999999999996,15.000000000000009,0.0006416328027131901,MECHANISM_ONLY_NOT_RANKING_ONLY,,,,,,,,
FREQUENCY_CONFLICT,SODA-A,2,single_or_conflicting_frequency,15.0,endpoint_continuous,196374,15.039625831949024,,0.9835783421023351,,,14.999999999999996,15.000000000000009,0.0008351411082933586,MECHANISM_ONLY_NOT_RANKING_ONLY,,,,,,,,
FREQUENCY_CONFLICT,SODA-A,2,single_or_conflicting_frequency,15.0,endpoint_severe_event,196374,,0.7846965484229073,0.9850257410710005,,,14.999999999999996,15.000000000000009,0.0008351411082933586,MECHANISM_ONLY_NOT_RANKING_ONLY,,,,,,,,
BOUNDARY_CROSS,SODA-A,2,candidate_switch_surface,-10.0,endpoint_continuous,196374,39.60846005581238,,1.0287810186409925,,,39.83724608683448,39.98883028758807,0.0,MECHANISM_ONLY_NOT_RANKING_ONLY,,,,,,,,
BOUNDARY_CROSS,SODA-A,2,candidate_switch_surface,-10.0,endpoint_severe_event,196374,,0.9992819823398209,1.1267557610672199,,,39.83724608683448,39.98883028758807,0.0,MECHANISM_ONLY_NOT_RANKING_ONLY,,,,,,,,
BOUNDARY_CROSS,SODA-A,2,candidate_switch_surface,-5.0,endpoint_continuous,196374,42.10702626839061,,1.0291199684014583,,,42.33724608683448,42.48883028758808,0.0,MECHANISM_ONLY_NOT_RANKING_ONLY,,,,,,,,
BOUNDARY_CROSS,SODA-A,2,candidate_switch_surface,-5.0,endpoint_severe_event,196374,,0.9993991057879352,1.1216503781556542,,,42.33724608683448,42.48883028758808,0.0,MECHANISM_ONLY_NOT_RANKING_ONLY,,,,,,,,
BOUNDARY_CROSS,SODA-A,2,candidate_switch_surface,-1.0,endpoint_continuous,196374,44.106055871617215,,1.0293529327257591,,,44.33724608683448,44.48883028758807,0.0,MECHANISM_ONLY_NOT_RANKING_ONLY,,,,,,,,
BOUNDARY_CROSS,SODA-A,2,candidate_switch_surface,-1.0,endpoint_severe_event,196374,,0.9994856752930632,1.1194019490084715,,,44.33724608683448,44.48883028758807,0.0,MECHANISM_ONLY_NOT_RANKING_ONLY,,,,,,,,
BOUNDARY_CROSS,SODA-A,2,candidate_switch_surface,1.0,endpoint_continuous,196374,44.88660550774689,,0.971431499140697,,,44.662629664871474,45.68971467114651,1.0,MECHANISM_ONLY_NOT_RANKING_ONLY,,,,,,,,
BOUNDARY_CROSS,SODA-A,2,candidate_switch_surface,1.0,endpoint_severe_event,196374,,0.9998574149327304,1.0723228911978877,,,44.662629664871474,45.68971467114651,1.0,MECHANISM_ONLY_NOT_RANKING_ONLY,,,,,,,,
BOUNDARY_CROSS,SODA-A,2,candidate_switch_surface,5.0,endpoint_continuous,196374,42.887392583303175,,0.9711651070939119,,,42.66262966487149,43.689714671146525,1.0,MECHANISM_ONLY_NOT_RANKING_ONLY,,,,,,,,
BOUNDARY_CROSS,SODA-A,2,candidate_switch_surface,5.0,endpoint_severe_event,196374,,0.9998472302850683,1.0719570823685933,,,42.66262966487149,43.689714671146525,1.0,MECHANISM_ONLY_NOT_RANKING_ONLY,,,,,,,,
BOUNDARY_CROSS,SODA-A,2,candidate_switch_surface,10.0,endpoint_continuous,196374,40.388286071937536,,0.9708644372414283,,,40.16262966487149,41.18971467114651,1.0,MECHANISM_ONLY_NOT_RANKING_ONLY,,,,,,,,
BOUNDARY_CROSS,SODA-A,2,candidate_switch_surface,10.0,endpoint_severe_event,196374,,0.9998421379612372,1.0617394284931114,,,40.16262966487149,41.18971467114651,1.0,MECHANISM_ONLY_NOT_RANKING_ONLY,,,,,,,,
BASELINE_SCORE,FAIR1M-v1.0,0,phase_mod,base,endpoint_continuous,31813,2.2702113046198,,1.1245331394909128,nan,nan,0.0,0.0,0.0054694621695533276,RANKING_ONLY,,,,,,,,
BASELINE_SCORE,FAIR1M-v1.0,0,phase_mod,base,endpoint_severe_event,31813,2.2702113046198,,1.5937730001204775,nan,nan,0.0,0.0,0.0054694621695533276,RANKING_ONLY,,,,,,,,
BASELINE_SCORE,FAIR1M-v1.0,0,negative_phase_mod,base,endpoint_continuous,31813,2.2702113046198,,1.0362038797707016,nan,nan,0.0,0.0,0.0054694621695533276,RANKING_ONLY,,,,,,,,
BASELINE_SCORE,FAIR1M-v1.0,0,negative_phase_mod,base,endpoint_severe_event,31813,2.2702113046198,,1.1655325102308658,nan,nan,0.0,0.0,0.0054694621695533276,RANKING_ONLY,,,,,,,,
BASELINE_SCORE,FAIR1M-v1.0,0,detection_score,base,endpoint_continuous,31813,2.2702113046198,,0.9029865559886707,nan,nan,0.0,0.0,0.0054694621695533276,RANKING_ONLY,,,,,,,,
BASELINE_SCORE,FAIR1M-v1.0,0,detection_score,base,endpoint_severe_event,31813,2.2702113046198,,0.6473548765365691,nan,nan,0.0,0.0,0.0054694621695533276,RANKING_ONLY,,,,,,,,
BASELINE_SCORE,FAIR1M-v1.0,0,multi_frequency_consistency,base,endpoint_continuous,31813,2.2702113046198,,0.8168442806870292,-0.23625605472289626,-0.06666981659512307,0.0,0.0,0.0054694621695533276,RANKING_ONLY,,,,,,,,
BASELINE_SCORE,FAIR1M-v1.0,0,multi_frequency_consistency,base,endpoint_severe_event,31813,2.2702113046198,,0.6376215975086396,-0.42204914314143166,0.5156778110861806,0.0,0.0,0.0054694621695533276,RANKING_ONLY,,,,,,,,
BASELINE_SCORE,FAIR1M-v1.0,0,unwrap_candidate_energy_gap,base,endpoint_continuous,31813,2.2702113046198,,0.8168442806870292,-0.26664838215399955,-0.09955773675395078,0.0,0.0,0.0054694621695533276,RANKING_ONLY,,,,,,,,
BASELINE_SCORE,FAIR1M-v1.0,0,unwrap_candidate_energy_gap,base,endpoint_severe_event,31813,2.2702113046198,,0.6376215975086396,-0.44685439533851035,0.506269810538362,0.0,0.0,0.0054694621695533276,RANKING_ONLY,,,,,,,,
BASELINE_SCORE,FAIR1M-v1.0,0,phase_direction_margin,base,endpoint_continuous,31813,2.2702113046198,,1.033148832557299,0.057841333398454764,0.20635207991756968,0.0,0.0,0.0054694621695533276,RANKING_ONLY,,,,,,,,
BASELINE_SCORE,FAIR1M-v1.0,0,phase_direction_margin,base,endpoint_severe_event,31813,2.2702113046198,,0.58339995815406,-0.5600161172988564,-0.0021170236234135265,0.0,0.0,0.0054694621695533276,RANKING_ONLY,,,,,,,,
RADIAL,FAIR1M-v1.0,0,z_prime=k*z,0.25,endpoint_continuous,31813,17.367677017528575,,1.073595242966713,,,16.482397922671947,41.22586289165574,0.0054694621695533276,MECHANISM_ONLY_NOT_RANKING_ONLY,0.13967847732904104,,,,,,,False
RADIAL,FAIR1M-v1.0,0,z_prime=k*z,0.25,endpoint_severe_event,31813,,0.5801401942602081,1.147520807863167,,,16.482397922671947,41.22586289165574,0.0054694621695533276,MECHANISM_ONLY_NOT_RANKING_ONLY,0.13967847732904104,,,,,,,False
RADIAL,FAIR1M-v1.0,0,z_prime=k*z,0.5,endpoint_continuous,31813,2.483727673883657,,1.029303074865604,,,0.0,0.0,0.0054694621695533276,MECHANISM_ONLY_NOT_RANKING_ONLY,0.5587139093161642,,,,,,,False
RADIAL,FAIR1M-v1.0,0,z_prime=k*z,0.5,endpoint_severe_event,31813,,0.012007669820513626,0.8813498549497406,,,0.0,0.0,0.0054694621695533276,MECHANISM_ONLY_NOT_RANKING_ONLY,0.5587139093161642,,,,,,,False
RADIAL,FAIR1M-v1.0,0,z_prime=k*z,0.75,endpoint_continuous,31813,2.2765513607461143,,1.1198288391025777,,,0.0,0.0,0.0054694621695533276,MECHANISM_ONLY_NOT_RANKING_ONLY,1.2571062959613695,,,,,,,False
RADIAL,FAIR1M-v1.0,0,z_prime=k*z,0.75,endpoint_severe_event,31813,,0.005092257881997925,1.5156915118261396,,,0.0,0.0,0.0054694621695533276,MECHANISM_ONLY_NOT_RANKING_ONLY,1.2571062959613695,,,,,,,False
RADIAL,FAIR1M-v1.0,0,z_prime=k*z,0.9,endpoint_continuous,31813,2.271365189911552,,1.123671769099282,,,0.0,0.0,0.0054694621695533276,MECHANISM_ONLY_NOT_RANKING_ONLY,1.8102330661843722,,,,,,,False
RADIAL,FAIR1M-v1.0,0,z_prime=k*z,0.9,endpoint_severe_event,31813,,0.004903655738220224,1.5734904437148247,,,0.0,0.0,0.0054694621695533276,MECHANISM_ONLY_NOT_RANKING_ONLY,1.8102330661843722,,,,,,,False
RADIAL,FAIR1M-v1.0,0,z_prime=k*z,1.0,endpoint_continuous,31813,2.2702113046198,,1.1245331394909128,,,0.0,0.0,0.0054694621695533276,MECHANISM_ONLY_NOT_RANKING_ONLY,2.2348556372646566,,,,,,,False
RADIAL,FAIR1M-v1.0,0,z_prime=k*z,1.0,endpoint_severe_event,31813,,0.004840788356960991,1.5937730001204775,,,0.0,0.0,0.0054694621695533276,MECHANISM_ONLY_NOT_RANKING_ONLY,2.2348556372646566,,,,,,,False
RADIAL,FAIR1M-v1.0,0,z_prime=k*z,1.1,endpoint_continuous,31813,2.2702113046198,,1.1245331394909128,,,0.0,0.0,0.0054694621695533276,MECHANISM_ONLY_NOT_RANKING_ONLY,2.704175321090235,,,,,,,False
RADIAL,FAIR1M-v1.0,0,z_prime=k*z,1.1,endpoint_severe_event,31813,,0.004840788356960991,1.5937730001204775,,,0.0,0.0,0.0054694621695533276,MECHANISM_ONLY_NOT_RANKING_ONLY,2.704175321090235,,,,,,,False
RADIAL,FAIR1M-v1.0,0,z_prime=k*z,1.25,endpoint_continuous,31813,2.2702113046198,,1.1245331394909128,,,0.0,0.0,0.0054694621695533276,MECHANISM_ONLY_NOT_RANKING_ONLY,3.491961933226026,,,,,,,False
RADIAL,FAIR1M-v1.0,0,z_prime=k*z,1.25,endpoint_severe_event,31813,,0.004840788356960991,1.5937730001204775,,,0.0,0.0,0.0054694621695533276,MECHANISM_ONLY_NOT_RANKING_ONLY,3.491961933226026,,,,,,,False
RADIAL,FAIR1M-v1.0,0,z_prime=k*z,1.5,endpoint_continuous,31813,2.2709336019136597,,1.1240022874671747,,,0.0,0.0,0.0054694621695533276,MECHANISM_ONLY_NOT_RANKING_ONLY,5.028425183845478,,,,,,,False
RADIAL,FAIR1M-v1.0,0,z_prime=k*z,1.5,endpoint_severe_event,31813,,0.0048722220475906075,1.5835607240389666,,,0.0,0.0,0.0054694621695533276,MECHANISM_ONLY_NOT_RANKING_ONLY,5.028425183845478,,,,,,,False
RADIAL,FAIR1M-v1.0,0,z_prime=k*z,2.0,endpoint_continuous,31813,2.269788175307377,,1.1248509832742533,,,0.0,0.0,0.0054694621695533276,MECHANISM_ONLY_NOT_RANKING_ONLY,8.939422549058627,,,,,,,False
RADIAL,FAIR1M-v1.0,0,z_prime=k*z,2.0,endpoint_severe_event,31813,,0.004809354666331374,1.604110011576397,,,0.0,0.0,0.0054694621695533276,MECHANISM_ONLY_NOT_RANKING_ONLY,8.939422549058627,,,,,,,False
RADIAL,FAIR1M-v1.0,0,z_prime=k*z,4.0,endpoint_continuous,31813,2.2697224147763886,,1.1248991962683128,,,0.0,0.0,0.0054694621695533276,MECHANISM_ONLY_NOT_RANKING_ONLY,35.757690196234506,,,,,,,False
RADIAL,FAIR1M-v1.0,0,z_prime=k*z,4.0,endpoint_severe_event,31813,,0.004809354666331374,1.604110011576397,,,0.0,0.0,0.0054694621695533276,MECHANISM_ONLY_NOT_RANKING_ONLY,35.757690196234506,,,,,,,False
TANGENTIAL_SYNC,FAIR1M-v1.0,0,fixed_norm_phase_direction,-15.0,endpoint_continuous,31813,15.14985284892088,,0.99927511374407,,,14.999999999999996,15.000000000000009,0.0054694621695533276,MECHANISM_ONLY_NOT_RANKING_ONLY,,,,,,,,
TANGENTIAL_SYNC,FAIR1M-v1.0,0,fixed_norm_phase_direction,-15.0,endpoint_severe_event,31813,,0.8132524439694464,0.9599176982358405,,,14.999999999999996,15.000000000000009,0.0054694621695533276,MECHANISM_ONLY_NOT_RANKING_ONLY,,,,,,,,
PRIMARY_ONLY,FAIR1M-v1.0,0,single_or_conflicting_frequency,-15.0,endpoint_continuous,31813,2.2912102263654317,,1.1089211159998258,,,0.0,0.0,0.0054694621695533276,MECHANISM_ONLY_NOT_RANKING_ONLY,,,,,,,,
PRIMARY_ONLY,FAIR1M-v1.0,0,single_or_conflicting_frequency,-15.0,endpoint_severe_event,31813,,0.005092257881997925,1.515115294645167,,,0.0,0.0,0.0054694621695533276,MECHANISM_ONLY_NOT_RANKING_ONLY,,,,,,,,
SECONDARY_ONLY,FAIR1M-v1.0,0,single_or_conflicting_frequency,-15.0,endpoint_continuous,31813,15.158009410192365,,0.9963922201917932,,,14.999999999999996,15.000000000000009,0.005532329550812561,MECHANISM_ONLY_NOT_RANKING_ONLY,,,,,,,,
SECONDARY_ONLY,FAIR1M-v1.0,0,single_or_conflicting_frequency,-15.0,endpoint_severe_event,31813,,0.8133153113507057,0.9597116838007511,,,14.999999999999996,15.000000000000009,0.005532329550812561,MECHANISM_ONLY_NOT_RANKING_ONLY,,,,,,,,
FREQUENCY_CONFLICT,FAIR1M-v1.0,0,single_or_conflicting_frequency,-15.0,endpoint_continuous,31813,14.90640036951556,,0.9884413848735557,,,14.999999999999996,15.000000000000009,0.005878100147738346,MECHANISM_ONLY_NOT_RANKING_ONLY,,,,,,,,
FREQUENCY_CONFLICT,FAIR1M-v1.0,0,single_or_conflicting_frequency,-15.0,endpoint_severe_event,31813,,0.7870053122937164,0.9647597428531103,,,14.999999999999996,15.000000000000009,0.005878100147738346,MECHANISM_ONLY_NOT_RANKING_ONLY,,,,,,,,
TANGENTIAL_SYNC,FAIR1M-v1.0,0,fixed_norm_phase_direction,-7.5,endpoint_continuous,31813,7.7076333269418305,,1.012535643509973,,,7.500000000000004,7.500000000000004,0.0054694621695533276,MECHANISM_ONLY_NOT_RANKING_ONLY,,,,,,,,
TANGENTIAL_SYNC,FAIR1M-v1.0,0,fixed_norm_phase_direction,-7.5,endpoint_severe_event,31813,,0.15207619526608618,1.0643233440663649,,,7.500000000000004,7.500000000000004,0.0054694621695533276,MECHANISM_ONLY_NOT_RANKING_ONLY,,,,,,,,
PRIMARY_ONLY,FAIR1M-v1.0,0,single_or_conflicting_frequency,-7.5,endpoint_continuous,31813,2.2778484639403076,,1.1188046108439365,,,0.0,0.0,0.005438028478923711,MECHANISM_ONLY_NOT_RANKING_ONLY,,,,,,,,
PRIMARY_ONLY,FAIR1M-v1.0,0,single_or_conflicting_frequency,-7.5,endpoint_severe_event,31813,,0.004935089428849841,1.5633444126524447,,,0.0,0.0,0.005438028478923711,MECHANISM_ONLY_NOT_RANKING_ONLY,,,,,,,,
SECONDARY_ONLY,FAIR1M-v1.0,0,single_or_conflicting_frequency,-7.5,endpoint_continuous,31813,7.7076333269418305,,1.012535643509973,,,7.500000000000004,7.500000000000004,0.0054694621695533276,MECHANISM_ONLY_NOT_RANKING_ONLY,,,,,,,,
SECONDARY_ONLY,FAIR1M-v1.0,0,single_or_conflicting_frequency,-7.5,endpoint_severe_event,31813,,0.15207619526608618,1.0643233440663649,,,7.500000000000004,7.500000000000004,0.0054694621695533276,MECHANISM_ONLY_NOT_RANKING_ONLY,,,,,,,,
FREQUENCY_CONFLICT,FAIR1M-v1.0,0,single_or_conflicting_frequency,-7.5,endpoint_continuous,31813,7.445381760037888,,1.0050877636986864,,,7.500000000000004,7.500000000000004,0.0054694621695533276,MECHANISM_ONLY_NOT_RANKING_ONLY,,,,,,,,
FREQUENCY_CONFLICT,FAIR1M-v1.0,0,single_or_conflicting_frequency,-7.5,endpoint_severe_event,31813,,0.14296042498349731,1.0702913976523654,,,7.500000000000004,7.500000000000004,0.0054694621695533276,MECHANISM_ONLY_NOT_RANKING_ONLY,,,,,,,,
TANGENTIAL_SYNC,FAIR1M-v1.0,0,fixed_norm_phase_direction,-2.0,endpoint_continuous,31813,3.0075587191902904,,1.081397638740184,,,2.0000000000000027,2.0000000000000027,0.0054694621695533276,MECHANISM_ONLY_NOT_RANKING_ONLY,,,,,,,,
TANGENTIAL_SYNC,FAIR1M-v1.0,0,fixed_norm_phase_direction,-2.0,endpoint_severe_event,31813,,0.008141325873070758,1.4941546968632777,,,2.0000000000000027,2.0000000000000027,0.0054694621695533276,MECHANISM_ONLY_NOT_RANKING_ONLY,,,,,,,,
PRIMARY_ONLY,FAIR1M-v1.0,0,single_or_conflicting_frequency,-2.0,endpoint_continuous,31813,2.2726517719456205,,1.1226910882409364,,,0.0,0.0,0.005438028478923711,MECHANISM_ONLY_NOT_RANKING_ONLY,,,,,,,,
PRIMARY_ONLY,FAIR1M-v1.0,0,single_or_conflicting_frequency,-2.0,endpoint_severe_event,31813,,0.0048722220475906075,1.5834844424934666,,,0.0,0.0,0.005438028478923711,MECHANISM_ONLY_NOT_RANKING_ONLY,,,,,,,,
SECONDARY_ONLY,FAIR1M-v1.0,0,single_or_conflicting_frequency,-2.0,endpoint_continuous,31813,3.0075587191902904,,1.081397638740184,,,2.0000000000000027,2.0000000000000027,0.0054694621695533276,MECHANISM_ONLY_NOT_RANKING_ONLY,,,,,,,,
SECONDARY_ONLY,FAIR1M-v1.0,0,single_or_conflicting_frequency,-2.0,endpoint_severe_event,31813,,0.008141325873070758,1.4941546968632777,,,2.0000000000000027,2.0000000000000027,0.0054694621695533276,MECHANISM_ONLY_NOT_RANKING_ONLY,,,,,,,,
FREQUENCY_CONFLICT,FAIR1M-v1.0,0,single_or_conflicting_frequency,-2.0,endpoint_continuous,31813,2.881456010925567,,1.0763847996687215,,,2.0000000000000027,2.0000000000000027,0.005406594788294094,MECHANISM_ONLY_NOT_RANKING_ONLY,,,,,,,,
FREQUENCY_CONFLICT,FAIR1M-v1.0,0,single_or_conflicting_frequency,-2.0,endpoint_severe_event,31813,,0.008675698613774244,1.3307552749958431,,,2.0000000000000027,2.0000000000000027,0.005406594788294094,MECHANISM_ONLY_NOT_RANKING_ONLY,,,,,,,,
TANGENTIAL_SYNC,FAIR1M-v1.0,0,fixed_norm_phase_direction,0.0,endpoint_continuous,31813,2.2702113046198,,1.1245331394909128,,,0.0,0.0,0.0054694621695533276,MECHANISM_ONLY_NOT_RANKING_ONLY,,,,,,,,
TANGENTIAL_SYNC,FAIR1M-v1.0,0,fixed_norm_phase_direction,0.0,endpoint_severe_event,31813,,0.004840788356960991,1.5937730001204775,,,0.0,0.0,0.0054694621695533276,MECHANISM_ONLY_NOT_RANKING_ONLY,,,,,,,,
PRIMARY_ONLY,FAIR1M-v1.0,0,single_or_conflicting_frequency,0.0,endpoint_continuous,31813,2.2702113046198,,1.1245331394909128,,,0.0,0.0,0.0054694621695533276,MECHANISM_ONLY_NOT_RANKING_ONLY,,,,,,,,
PRIMARY_ONLY,FAIR1M-v1.0,0,single_or_conflicting_frequency,0.0,endpoint_severe_event,31813,,0.004840788356960991,1.5937730001204775,,,0.0,0.0,0.0054694621695533276,MECHANISM_ONLY_NOT_RANKING_ONLY,,,,,,,,
SECONDARY_ONLY,FAIR1M-v1.0,0,single_or_conflicting_frequency,0.0,endpoint_continuous,31813,2.2702113046198,,1.1245331394909128,,,0.0,0.0,0.0054694621695533276,MECHANISM_ONLY_NOT_RANKING_ONLY,,,,,,,,
SECONDARY_ONLY,FAIR1M-v1.0,0,single_or_conflicting_frequency,0.0,endpoint_severe_event,31813,,0.004840788356960991,1.5937730001204775,,,0.0,0.0,0.0054694621695533276,MECHANISM_ONLY_NOT_RANKING_ONLY,,,,,,,,
FREQUENCY_CONFLICT,FAIR1M-v1.0,0,single_or_conflicting_frequency,0.0,endpoint_continuous,31813,2.2702113046198,,1.1245331394909128,,,0.0,0.0,0.0054694621695533276,MECHANISM_ONLY_NOT_RANKING_ONLY,,,,,,,,
FREQUENCY_CONFLICT,FAIR1M-v1.0,0,single_or_conflicting_frequency,0.0,endpoint_severe_event,31813,,0.004840788356960991,1.5937730001204775,,,0.0,0.0,0.0054694621695533276,MECHANISM_ONLY_NOT_RANKING_ONLY,,,,,,,,
TANGENTIAL_SYNC,FAIR1M-v1.0,0,fixed_norm_phase_direction,2.0,endpoint_continuous,31813,2.87624490952828,,1.0798752630359019,,,2.0000000000000027,2.0000000000000027,0.0054694621695533276,MECHANISM_ONLY_NOT_RANKING_ONLY,,,,,,,,
TANGENTIAL_SYNC,FAIR1M-v1.0,0,fixed_norm_phase_direction,2.0,endpoint_severe_event,31813,,0.00861283123251501,1.3404879401659453,,,2.0000000000000027,2.0000000000000027,0.0054694621695533276,MECHANISM_ONLY_NOT_RANKING_ONLY,,,,,,,,
PRIMARY_ONLY,FAIR1M-v1.0,0,single_or_conflicting_frequency,2.0,endpoint_continuous,31813,2.2702113046198,,1.1245331394909128,,,0.0,0.0,0.0054694621695533276,MECHANISM_ONLY_NOT_RANKING_ONLY,,,,,,,,
PRIMARY_ONLY,FAIR1M-v1.0,0,single_or_conflicting_frequency,2.0,endpoint_severe_event,31813,,0.004840788356960991,1.5937730001204775,,,0.0,0.0,0.0054694621695533276,MECHANISM_ONLY_NOT_RANKING_ONLY,,,,,,,,
SECONDARY_ONLY,FAIR1M-v1.0,0,single_or_conflicting_frequency,2.0,endpoint_continuous,31813,2.8788111116166184,,1.078152899694694,,,2.0000000000000027,2.0000000000000027,0.005438028478923711,MECHANISM_ONLY_NOT_RANKING_ONLY,,,,,,,,
SECONDARY_ONLY,FAIR1M-v1.0,0,single_or_conflicting_frequency,2.0,endpoint_severe_event,31813,,0.008644264923144627,1.3356031658147451,,,2.0000000000000027,2.0000000000000027,0.005438028478923711,MECHANISM_ONLY_NOT_RANKING_ONLY,,,,,,,,
FREQUENCY_CONFLICT,FAIR1M-v1.0,0,single_or_conflicting_frequency,2.0,endpoint_continuous,31813,3.0075587191902904,,1.081397638740184,,,2.0000000000000027,2.0000000000000027,0.0054694621695533276,MECHANISM_ONLY_NOT_RANKING_ONLY,,,,,,,,
FREQUENCY_CONFLICT,FAIR1M-v1.0,0,single_or_conflicting_frequency,2.0,endpoint_severe_event,31813,,0.008141325873070758,1.4941546968632777,,,2.0000000000000027,2.0000000000000027,0.0054694621695533276,MECHANISM_ONLY_NOT_RANKING_ONLY,,,,,,,,
TANGENTIAL_SYNC,FAIR1M-v1.0,0,fixed_norm_phase_direction,7.5,endpoint_continuous,31813,7.427284352156283,,1.0120331100745847,,,7.500000000000004,7.500000000000004,0.0054694621695533276,MECHANISM_ONLY_NOT_RANKING_ONLY,,,,,,,,
TANGENTIAL_SYNC,FAIR1M-v1.0,0,fixed_norm_phase_direction,7.5,endpoint_severe_event,31813,,0.14274038914908999,1.0720546824205297,,,7.500000000000004,7.500000000000004,0.0054694621695533276,MECHANISM_ONLY_NOT_RANKING_ONLY,,,,,,,,
PRIMARY_ONLY,FAIR1M-v1.0,0,single_or_conflicting_frequency,7.5,endpoint_continuous,31813,2.2702113046198,,1.1245331394909128,,,0.0,0.0,0.0054694621695533276,MECHANISM_ONLY_NOT_RANKING_ONLY,,,,,,,,
PRIMARY_ONLY,FAIR1M-v1.0,0,single_or_conflicting_frequency,7.5,endpoint_severe_event,31813,,0.004840788356960991,1.5937730001204775,,,0.0,0.0,0.0054694621695533276,MECHANISM_ONLY_NOT_RANKING_ONLY,,,,,,,,
SECONDARY_ONLY,FAIR1M-v1.0,0,single_or_conflicting_frequency,7.5,endpoint_continuous,31813,7.434284125060148,,1.0093369895124127,,,7.500000000000004,7.500000000000004,0.005438028478923711,MECHANISM_ONLY_NOT_RANKING_ONLY,,,,,,,,
SECONDARY_ONLY,FAIR1M-v1.0,0,single_or_conflicting_frequency,7.5,endpoint_severe_event,31813,,0.14280325653034923,1.0715498300213768,,,7.500000000000004,7.500000000000004,0.005438028478923711,MECHANISM_ONLY_NOT_RANKING_ONLY,,,,,,,,
FREQUENCY_CONFLICT,FAIR1M-v1.0,0,single_or_conflicting_frequency,7.5,endpoint_continuous,31813,7.717277756708138,,1.0088213719736594,,,7.500000000000004,7.500000000000004,0.005532329550812561,MECHANISM_ONLY_NOT_RANKING_ONLY,,,,,,,,
FREQUENCY_CONFLICT,FAIR1M-v1.0,0,single_or_conflicting_frequency,7.5,endpoint_severe_event,31813,,0.15220193002860466,1.0633776315574883,,,7.500000000000004,7.500000000000004,0.005532329550812561,MECHANISM_ONLY_NOT_RANKING_ONLY,,,,,,,,
TANGENTIAL_SYNC,FAIR1M-v1.0,0,fixed_norm_phase_direction,15.0,endpoint_continuous,31813,14.86310223991526,,1.0035087578713444,,,14.999999999999996,15.000000000000009,0.0054694621695533276,MECHANISM_ONLY_NOT_RANKING_ONLY,,,,,,,,
TANGENTIAL_SYNC,FAIR1M-v1.0,0,fixed_norm_phase_direction,15.0,endpoint_severe_event,31813,,0.7867852764593091,0.9654397961061386,,,14.999999999999996,15.000000000000009,0.0054694621695533276,MECHANISM_ONLY_NOT_RANKING_ONLY,,,,,,,,
PRIMARY_ONLY,FAIR1M-v1.0,0,single_or_conflicting_frequency,15.0,endpoint_continuous,31813,2.2802278088773305,,1.1170197595387645,,,0.0,0.0,0.005532329550812561,MECHANISM_ONLY_NOT_RANKING_ONLY,,,,,,,,
PRIMARY_ONLY,FAIR1M-v1.0,0,single_or_conflicting_frequency,15.0,endpoint_severe_event,31813,,0.004966523119479458,1.5534189360158208,,,0.0,0.0,0.005532329550812561,MECHANISM_ONLY_NOT_RANKING_ONLY,,,,,,,,
SECONDARY_ONLY,FAIR1M-v1.0,0,single_or_conflicting_frequency,15.0,endpoint_continuous,31813,14.877427604921314,,0.9984733499656043,,,14.999999999999996,15.000000000000009,0.0054694621695533276,MECHANISM_ONLY_NOT_RANKING_ONLY,,,,,,,,
SECONDARY_ONLY,FAIR1M-v1.0,0,single_or_conflicting_frequency,15.0,endpoint_severe_event,31813,,0.7868481438405683,0.9652454006632901,,,14.999999999999996,15.000000000000009,0.0054694621695533276,MECHANISM_ONLY_NOT_RANKING_ONLY,,,,,,,,
FREQUENCY_CONFLICT,FAIR1M-v1.0,0,single_or_conflicting_frequency,15.0,endpoint_continuous,31813,15.180154332586058,,0.988659360761688,,,14.999999999999996,15.000000000000009,0.005815232766479112,MECHANISM_ONLY_NOT_RANKING_ONLY,,,,,,,,
FREQUENCY_CONFLICT,FAIR1M-v1.0,0,single_or_conflicting_frequency,15.0,endpoint_severe_event,31813,,0.8135039134944834,0.9590938341136356,,,14.999999999999996,15.000000000000009,0.005815232766479112,MECHANISM_ONLY_NOT_RANKING_ONLY,,,,,,,,
BOUNDARY_CROSS,FAIR1M-v1.0,0,candidate_switch_surface,-10.0,endpoint_continuous,31813,39.651017960694425,,1.0124353729362154,,,39.77836348307968,39.98433268378013,0.0,MECHANISM_ONLY_NOT_RANKING_ONLY,,,,,,,,
BOUNDARY_CROSS,FAIR1M-v1.0,0,candidate_switch_surface,-10.0,endpoint_severe_event,31813,,0.9994341935686669,1.1338462465539771,,,39.77836348307968,39.98433268378013,0.0,MECHANISM_ONLY_NOT_RANKING_ONLY,,,,,,,,
BOUNDARY_CROSS,FAIR1M-v1.0,0,candidate_switch_surface,-5.0,endpoint_continuous,31813,42.15014600232929,,1.012657304209454,,,42.27836348307967,42.48433268378014,0.0,MECHANISM_ONLY_NOT_RANKING_ONLY,,,,,,,,
BOUNDARY_CROSS,FAIR1M-v1.0,0,candidate_switch_surface,-5.0,endpoint_severe_event,31813,,0.9994970609499262,1.1318168932678299,,,42.27836348307967,42.48433268378014,0.0,MECHANISM_ONLY_NOT_RANKING_ONLY,,,,,,,,
BOUNDARY_CROSS,FAIR1M-v1.0,0,candidate_switch_surface,-1.0,endpoint_continuous,31813,44.1495173285167,,1.0128132462665864,,,44.27836348307968,44.48433268378013,0.0,MECHANISM_ONLY_NOT_RANKING_ONLY,,,,,,,,
BOUNDARY_CROSS,FAIR1M-v1.0,0,candidate_switch_surface,-1.0,endpoint_severe_event,31813,,0.9995599283311853,1.1295655991589248,,,44.27836348307968,44.48433268378013,0.0,MECHANISM_ONLY_NOT_RANKING_ONLY,,,,,,,,
BOUNDARY_CROSS,FAIR1M-v1.0,0,candidate_switch_surface,1.0,endpoint_continuous,31813,44.84260190615827,,0.989257940098162,,,44.72157147586722,45.61232430072182,1.0,MECHANISM_ONLY_NOT_RANKING_ONLY,,,,,,,,
BOUNDARY_CROSS,FAIR1M-v1.0,0,candidate_switch_surface,1.0,endpoint_severe_event,31813,,0.9999371326187407,1.1044755329339642,,,44.72157147586722,45.61232430072182,1.0,MECHANISM_ONLY_NOT_RANKING_ONLY,,,,,,,,
BOUNDARY_CROSS,FAIR1M-v1.0,0,candidate_switch_surface,5.0,endpoint_continuous,31813,42.84317906840399,,0.9890890276412653,,,42.72157147586722,43.61232430072182,1.0,MECHANISM_ONLY_NOT_RANKING_ONLY,,,,,,,,
BOUNDARY_CROSS,FAIR1M-v1.0,0,candidate_switch_surface,5.0,endpoint_severe_event,31813,,0.9999371326187407,1.1044755329339642,,,42.72157147586722,43.61232430072182,1.0,MECHANISM_ONLY_NOT_RANKING_ONLY,,,,,,,,
BOUNDARY_CROSS,FAIR1M-v1.0,0,candidate_switch_surface,10.0,endpoint_continuous,31813,40.34379028933198,,0.9889150463778967,,,40.22157147586722,41.11232430072182,1.0,MECHANISM_ONLY_NOT_RANKING_ONLY,,,,,,,,
BOUNDARY_CROSS,FAIR1M-v1.0,0,candidate_switch_surface,10.0,endpoint_severe_event,31813,,0.9999371326187407,1.1044755329339642,,,40.22157147586722,41.11232430072182,1.0,MECHANISM_ONLY_NOT_RANKING_ONLY,,,,,,,,
BASELINE_SCORE,FAIR1M-v1.0,1,phase_mod,base,endpoint_continuous,31978,2.2756099342159213,,1.1256233376253912,nan,nan,0.0,0.0,0.003064606917255613,RANKING_ONLY,,,,,,,,
BASELINE_SCORE,FAIR1M-v1.0,1,phase_mod,base,endpoint_severe_event,31978,2.2756099342159213,,1.2340307838196933,nan,nan,0.0,0.0,0.003064606917255613,RANKING_ONLY,,,,,,,,
BASELINE_SCORE,FAIR1M-v1.0,1,negative_phase_mod,base,endpoint_continuous,31978,2.2756099342159213,,1.0500337765082242,nan,nan,0.0,0.0,0.003064606917255613,RANKING_ONLY,,,,,,,,
BASELINE_SCORE,FAIR1M-v1.0,1,negative_phase_mod,base,endpoint_severe_event,31978,2.2756099342159213,,1.441878765198738,nan,nan,0.0,0.0,0.003064606917255613,RANKING_ONLY,,,,,,,,
BASELINE_SCORE,FAIR1M-v1.0,1,detection_score,base,endpoint_continuous,31978,2.2756099342159213,,0.9114376776832243,nan,nan,0.0,0.0,0.003064606917255613,RANKING_ONLY,,,,,,,,
BASELINE_SCORE,FAIR1M-v1.0,1,detection_score,base,endpoint_severe_event,31978,2.2756099342159213,,0.6348518304817357,nan,nan,0.0,0.0,0.003064606917255613,RANKING_ONLY,,,,,,,,
BASELINE_SCORE,FAIR1M-v1.0,1,multi_frequency_consistency,base,endpoint_continuous,31978,2.2756099342159213,,0.7805796037832581,-0.337802534844156,-0.17826127418426638,0.0,0.0,0.003064606917255613,RANKING_ONLY,,,,,,,,
BASELINE_SCORE,FAIR1M-v1.0,1,multi_frequency_consistency,base,endpoint_severe_event,31978,2.2756099342159213,,0.5569940618700113,-0.3504489690006626,0.03317393548272766,0.0,0.0,0.003064606917255613,RANKING_ONLY,,,,,,,,
BASELINE_SCORE,FAIR1M-v1.0,1,unwrap_candidate_energy_gap,base,endpoint_continuous,31978,2.2756099342159213,,0.7805796037832581,-0.3731155932854363,-0.21379689564142856,0.0,0.0,0.003064606917255613,RANKING_ONLY,,,,,,,,
BASELINE_SCORE,FAIR1M-v1.0,1,unwrap_candidate_energy_gap,base,endpoint_severe_event,31978,2.2756099342159213,,0.5569940618700113,-0.4272996594924794,-0.03828609538062833,0.0,0.0,0.003064606917255613,RANKING_ONLY,,,,,,,,
BASELINE_SCORE,FAIR1M-v1.0,1,phase_direction_margin,base,endpoint_continuous,31978,2.2756099342159213,,1.0585403684043877,0.06241007405216539,0.21825459956397375,0.0,0.0,0.003064606917255613,RANKING_ONLY,,,,,,,,
BASELINE_SCORE,FAIR1M-v1.0,1,phase_direction_margin,base,endpoint_severe_event,31978,2.2756099342159213,,0.6613135694660268,-0.21844580522840706,0.26489641606697634,0.0,0.0,0.003064606917255613,RANKING_ONLY,,,,,,,,
RADIAL,FAIR1M-v1.0,1,z_prime=k*z,0.25,endpoint_continuous,31978,17.359041180812703,,1.1055729581133051,,,16.441259178527822,41.21728065585708,0.003064606917255613,MECHANISM_ONLY_NOT_RANKING_ONLY,0.1396615727378007,,,,,,,False
RADIAL,FAIR1M-v1.0,1,z_prime=k*z,0.25,endpoint_severe_event,31978,,0.5812746263055851,1.1573706902108427,,,16.441259178527822,41.21728065585708,0.003064606917255613,MECHANISM_ONLY_NOT_RANKING_ONLY,0.1396615727378007,,,,,,,False
RADIAL,FAIR1M-v1.0,1,z_prime=k*z,0.5,endpoint_continuous,31978,2.4640891371460096,,1.0664717307546137,,,0.0,0.0,0.003064606917255613,MECHANISM_ONLY_NOT_RANKING_ONLY,0.5586462909512028,,,,,,,False
RADIAL,FAIR1M-v1.0,1,z_prime=k*z,0.5,endpoint_severe_event,31978,,0.012352242166489462,0.978659752211526,,,0.0,0.0,0.003064606917255613,MECHANISM_ONLY_NOT_RANKING_ONLY,0.5586462909512028,,,,,,,False
RADIAL,FAIR1M-v1.0,1,z_prime=k*z,0.75,endpoint_continuous,31978,2.279460154642638,,1.1233315917122775,,,0.0,0.0,0.003064606917255613,MECHANISM_ONLY_NOT_RANKING_ONLY,1.2569541546402065,,,,,,,False
RADIAL,FAIR1M-v1.0,1,z_prime=k*z,0.75,endpoint_severe_event,31978,,0.005910313340421539,1.2081654516771412,,,0.0,0.0,0.003064606917255613,MECHANISM_ONLY_NOT_RANKING_ONLY,1.2569541546402065,,,,,,,False
RADIAL,FAIR1M-v1.0,1,z_prime=k*z,0.9,endpoint_continuous,31978,2.2756099342159213,,1.1256233376253912,,,0.0,0.0,0.003064606917255613,MECHANISM_ONLY_NOT_RANKING_ONLY,1.8100139826818977,,,,,,,False
RADIAL,FAIR1M-v1.0,1,z_prime=k*z,0.9,endpoint_severe_event,31978,,0.005785227343798861,1.2340307838196933,,,0.0,0.0,0.003064606917255613,MECHANISM_ONLY_NOT_RANKING_ONLY,1.8100139826818977,,,,,,,False
RADIAL,FAIR1M-v1.0,1,z_prime=k*z,1.0,endpoint_continuous,31978,2.2756099342159213,,1.1256233376253912,,,0.0,0.0,0.003064606917255613,MECHANISM_ONLY_NOT_RANKING_ONLY,2.234585163804811,,,,,,,False
RADIAL,FAIR1M-v1.0,1,z_prime=k*z,1.0,endpoint_severe_event,31978,,0.005785227343798861,1.2340307838196933,,,0.0,0.0,0.003064606917255613,MECHANISM_ONLY_NOT_RANKING_ONLY,2.234585163804811,,,,,,,False
RADIAL,FAIR1M-v1.0,1,z_prime=k*z,1.1,endpoint_continuous,31978,2.2756099342159213,,1.1256233376253912,,,0.0,0.0,0.003064606917255613,MECHANISM_ONLY_NOT_RANKING_ONLY,2.7038480482038225,,,,,,,False
RADIAL,FAIR1M-v1.0,1,z_prime=k*z,1.1,endpoint_severe_event,31978,,0.005785227343798861,1.2340307838196933,,,0.0,0.0,0.003064606917255613,MECHANISM_ONLY_NOT_RANKING_ONLY,2.7038480482038225,,,,,,,False
RADIAL,FAIR1M-v1.0,1,z_prime=k*z,1.25,endpoint_continuous,31978,2.2758431551657003,,1.125452059940939,,,0.0,0.0,0.003064606917255613,MECHANISM_ONLY_NOT_RANKING_ONLY,3.491539318445018,,,,,,,False
RADIAL,FAIR1M-v1.0,1,z_prime=k*z,1.25,endpoint_severe_event,31978,,0.005785227343798861,1.2340307838196933,,,0.0,0.0,0.003064606917255613,MECHANISM_ONLY_NOT_RANKING_ONLY,3.491539318445018,,,,,,,False
RADIAL,FAIR1M-v1.0,1,z_prime=k*z,1.5,endpoint_continuous,31978,2.2758431551657003,,1.125452059940939,,,0.0,0.0,0.003064606917255613,MECHANISM_ONLY_NOT_RANKING_ONLY,5.027816618560826,,,,,,,False
RADIAL,FAIR1M-v1.0,1,z_prime=k*z,1.5,endpoint_severe_event,31978,,0.005785227343798861,1.2340307838196933,,,0.0,0.0,0.003064606917255613,MECHANISM_ONLY_NOT_RANKING_ONLY,5.027816618560826,,,,,,,False
RADIAL,FAIR1M-v1.0,1,z_prime=k*z,2.0,endpoint_continuous,31978,2.2751554780331302,,1.1259632850643602,,,0.0,0.0,0.003064606917255613,MECHANISM_ONLY_NOT_RANKING_ONLY,8.938340655219244,,,,,,,False
RADIAL,FAIR1M-v1.0,1,z_prime=k*z,2.0,endpoint_severe_event,31978,,0.005753955844643192,1.2406788856837099,,,0.0,0.0,0.003064606917255613,MECHANISM_ONLY_NOT_RANKING_ONLY,8.938340655219244,,,,,,,False
RADIAL,FAIR1M-v1.0,1,z_prime=k*z,4.0,endpoint_continuous,31978,2.2762376178719292,,1.1251583493691468,,,0.0,0.0,0.003064606917255613,MECHANISM_ONLY_NOT_RANKING_ONLY,35.75336262087698,,,,,,,False
RADIAL,FAIR1M-v1.0,1,z_prime=k*z,4.0,endpoint_severe_event,31978,,0.005753955844643192,1.2406788856837099,,,0.0,0.0,0.003064606917255613,MECHANISM_ONLY_NOT_RANKING_ONLY,35.75336262087698,,,,,,,False
TANGENTIAL_SYNC,FAIR1M-v1.0,1,fixed_norm_phase_direction,-15.0,endpoint_continuous,31978,15.081207595033792,,0.9878218368861541,,,14.999999999999996,15.000000000000009,0.003064606917255613,MECHANISM_ONLY_NOT_RANKING_ONLY,,,,,,,,
TANGENTIAL_SYNC,FAIR1M-v1.0,1,fixed_norm_phase_direction,-15.0,endpoint_severe_event,31978,,0.810463443617487,0.9336209412593296,,,14.999999999999996,15.000000000000009,0.003064606917255613,MECHANISM_ONLY_NOT_RANKING_ONLY,,,,,,,,
PRIMARY_ONLY,FAIR1M-v1.0,1,single_or_conflicting_frequency,-15.0,endpoint_continuous,31978,2.300045224346927,,1.1075949490095103,,,0.0,0.0,0.0033147789105009693,MECHANISM_ONLY_NOT_RANKING_ONLY,,,,,,,,
PRIMARY_ONLY,FAIR1M-v1.0,1,single_or_conflicting_frequency,-15.0,endpoint_severe_event,31978,,0.0060353993370442175,1.1828760589554523,,,0.0,0.0,0.0033147789105009693,MECHANISM_ONLY_NOT_RANKING_ONLY,,,,,,,,
SECONDARY_ONLY,FAIR1M-v1.0,1,single_or_conflicting_frequency,-15.0,endpoint_continuous,31978,15.088617772996269,,0.9852569594303714,,,14.999999999999996,15.000000000000009,0.003064606917255613,MECHANISM_ONLY_NOT_RANKING_ONLY,,,,,,,,
SECONDARY_ONLY,FAIR1M-v1.0,1,single_or_conflicting_frequency,-15.0,endpoint_severe_event,31978,,0.8105259866157983,0.9334137757514261,,,14.999999999999996,15.000000000000009,0.003064606917255613,MECHANISM_ONLY_NOT_RANKING_ONLY,,,,,,,,
FREQUENCY_CONFLICT,FAIR1M-v1.0,1,single_or_conflicting_frequency,-15.0,endpoint_continuous,31978,14.985783567328582,,0.9982884561861831,,,14.999999999999996,15.000000000000009,0.0036274939020576645,MECHANISM_ONLY_NOT_RANKING_ONLY,,,,,,,,
FREQUENCY_CONFLICT,FAIR1M-v1.0,1,single_or_conflicting_frequency,-15.0,endpoint_severe_event,31978,,0.7945775220464069,0.9601603874863959,,,14.999999999999996,15.000000000000009,0.0036274939020576645,MECHANISM_ONLY_NOT_RANKING_ONLY,,,,,,,,
TANGENTIAL_SYNC,FAIR1M-v1.0,1,fixed_norm_phase_direction,-7.5,endpoint_continuous,31978,7.648663626326508,,0.9981857718003923,,,7.500000000000004,7.500000000000004,0.003064606917255613,MECHANISM_ONLY_NOT_RANKING_ONLY,,,,,,,,
TANGENTIAL_SYNC,FAIR1M-v1.0,1,fixed_norm_phase_direction,-7.5,endpoint_severe_event,31978,,0.1508224404277941,0.987354445390628,,,7.500000000000004,7.500000000000004,0.003064606917255613,MECHANISM_ONLY_NOT_RANKING_ONLY,,,,,,,,
PRIMARY_ONLY,FAIR1M-v1.0,1,single_or_conflicting_frequency,-7.5,endpoint_continuous,31978,2.2861676901617884,,1.1177595378292355,,,0.0,0.0,0.003127149915566952,MECHANISM_ONLY_NOT_RANKING_ONLY,,,,,,,,
PRIMARY_ONLY,FAIR1M-v1.0,1,single_or_conflicting_frequency,-7.5,endpoint_severe_event,31978,,0.005910313340421539,1.207890062623861,,,0.0,0.0,0.003127149915566952,MECHANISM_ONLY_NOT_RANKING_ONLY,,,,,,,,
SECONDARY_ONLY,FAIR1M-v1.0,1,single_or_conflicting_frequency,-7.5,endpoint_continuous,31978,7.651087375048224,,0.9972607459523133,,,7.500000000000004,7.500000000000004,0.003033335418099944,MECHANISM_ONLY_NOT_RANKING_ONLY,,,,,,,,
SECONDARY_ONLY,FAIR1M-v1.0,1,single_or_conflicting_frequency,-7.5,endpoint_severe_event,31978,,0.15085371192694977,0.9871316291653918,,,7.500000000000004,7.500000000000004,0.003033335418099944,MECHANISM_ONLY_NOT_RANKING_ONLY,,,,,,,,
FREQUENCY_CONFLICT,FAIR1M-v1.0,1,single_or_conflicting_frequency,-7.5,endpoint_continuous,31978,7.527064668383213,,1.0152807211942028,,,7.500000000000004,7.500000000000004,0.0033147789105009693,MECHANISM_ONLY_NOT_RANKING_ONLY,,,,,,,,
FREQUENCY_CONFLICT,FAIR1M-v1.0,1,single_or_conflicting_frequency,-7.5,endpoint_severe_event,31978,,0.14635061604853336,1.0322148656141585,,,7.500000000000004,7.500000000000004,0.0033147789105009693,MECHANISM_ONLY_NOT_RANKING_ONLY,,,,,,,,
TANGENTIAL_SYNC,FAIR1M-v1.0,1,fixed_norm_phase_direction,-2.0,endpoint_continuous,31978,2.9867271157195345,,1.070007587742815,,,2.0000000000000027,2.0000000000000027,0.003064606917255613,MECHANISM_ONLY_NOT_RANKING_ONLY,,,,,,,,
TANGENTIAL_SYNC,FAIR1M-v1.0,1,fixed_norm_phase_direction,-2.0,endpoint_severe_event,31978,,0.00847457627118644,1.1262669054143357,,,2.0000000000000027,2.0000000000000027,0.003064606917255613,MECHANISM_ONLY_NOT_RANKING_ONLY,,,,,,,,
PRIMARY_ONLY,FAIR1M-v1.0,1,single_or_conflicting_frequency,-2.0,endpoint_continuous,31978,2.2756099342159213,,1.1256233376253912,,,0.0,0.0,0.003064606917255613,MECHANISM_ONLY_NOT_RANKING_ONLY,,,,,,,,
PRIMARY_ONLY,FAIR1M-v1.0,1,single_or_conflicting_frequency,-2.0,endpoint_severe_event,31978,,0.005785227343798861,1.2340307838196933,,,0.0,0.0,0.003064606917255613,MECHANISM_ONLY_NOT_RANKING_ONLY,,,,,,,,
SECONDARY_ONLY,FAIR1M-v1.0,1,single_or_conflicting_frequency,-2.0,endpoint_continuous,31978,2.9867271157195345,,1.070007587742815,,,2.0000000000000027,2.0000000000000027,0.003064606917255613,MECHANISM_ONLY_NOT_RANKING_ONLY,,,,,,,,
SECONDARY_ONLY,FAIR1M-v1.0,1,single_or_conflicting_frequency,-2.0,endpoint_severe_event,31978,,0.00847457627118644,1.1262669054143357,,,2.0000000000000027,2.0000000000000027,0.003064606917255613,MECHANISM_ONLY_NOT_RANKING_ONLY,,,,,,,,
FREQUENCY_CONFLICT,FAIR1M-v1.0,1,single_or_conflicting_frequency,-2.0,endpoint_continuous,31978,2.9196457045117823,,1.0865436566926407,,,2.0000000000000027,2.0000000000000027,0.003033335418099944,MECHANISM_ONLY_NOT_RANKING_ONLY,,,,,,,,
FREQUENCY_CONFLICT,FAIR1M-v1.0,1,single_or_conflicting_frequency,-2.0,endpoint_severe_event,31978,,0.00981925073488023,1.2727087067711818,,,2.0000000000000027,2.0000000000000027,0.003033335418099944,MECHANISM_ONLY_NOT_RANKING_ONLY,,,,,,,,
TANGENTIAL_SYNC,FAIR1M-v1.0,1,fixed_norm_phase_direction,0.0,endpoint_continuous,31978,2.2756099342159213,,1.1256233376253912,,,0.0,0.0,0.003064606917255613,MECHANISM_ONLY_NOT_RANKING_ONLY,,,,,,,,
TANGENTIAL_SYNC,FAIR1M-v1.0,1,fixed_norm_phase_direction,0.0,endpoint_severe_event,31978,,0.005785227343798861,1.2340307838196933,,,0.0,0.0,0.003064606917255613,MECHANISM_ONLY_NOT_RANKING_ONLY,,,,,,,,
PRIMARY_ONLY,FAIR1M-v1.0,1,single_or_conflicting_frequency,0.0,endpoint_continuous,31978,2.2756099342159213,,1.1256233376253912,,,0.0,0.0,0.003064606917255613,MECHANISM_ONLY_NOT_RANKING_ONLY,,,,,,,,
PRIMARY_ONLY,FAIR1M-v1.0,1,single_or_conflicting_frequency,0.0,endpoint_severe_event,31978,,0.005785227343798861,1.2340307838196933,,,0.0,0.0,0.003064606917255613,MECHANISM_ONLY_NOT_RANKING_ONLY,,,,,,,,
SECONDARY_ONLY,FAIR1M-v1.0,1,single_or_conflicting_frequency,0.0,endpoint_continuous,31978,2.2756099342159213,,1.1256233376253912,,,0.0,0.0,0.003064606917255613,MECHANISM_ONLY_NOT_RANKING_ONLY,,,,,,,,
SECONDARY_ONLY,FAIR1M-v1.0,1,single_or_conflicting_frequency,0.0,endpoint_severe_event,31978,,0.005785227343798861,1.2340307838196933,,,0.0,0.0,0.003064606917255613,MECHANISM_ONLY_NOT_RANKING_ONLY,,,,,,,,
FREQUENCY_CONFLICT,FAIR1M-v1.0,1,single_or_conflicting_frequency,0.0,endpoint_continuous,31978,2.2756099342159213,,1.1256233376253912,,,0.0,0.0,0.003064606917255613,MECHANISM_ONLY_NOT_RANKING_ONLY,,,,,,,,
FREQUENCY_CONFLICT,FAIR1M-v1.0,1,single_or_conflicting_frequency,0.0,endpoint_severe_event,31978,,0.005785227343798861,1.2340307838196933,,,0.0,0.0,0.003064606917255613,MECHANISM_ONLY_NOT_RANKING_ONLY,,,,,,,,
TANGENTIAL_SYNC,FAIR1M-v1.0,1,fixed_norm_phase_direction,2.0,endpoint_continuous,31978,2.9172696371684026,,1.088124883412986,,,2.0000000000000027,2.0000000000000027,0.003064606917255613,MECHANISM_ONLY_NOT_RANKING_ONLY,,,,,,,,
TANGENTIAL_SYNC,FAIR1M-v1.0,1,fixed_norm_phase_direction,2.0,endpoint_severe_event,31978,,0.00978797923572456,1.2767857540665541,,,2.0000000000000027,2.0000000000000027,0.003064606917255613,MECHANISM_ONLY_NOT_RANKING_ONLY,,,,,,,,
PRIMARY_ONLY,FAIR1M-v1.0,1,single_or_conflicting_frequency,2.0,endpoint_continuous,31978,2.2756099342159213,,1.1256233376253912,,,0.0,0.0,0.003064606917255613,MECHANISM_ONLY_NOT_RANKING_ONLY,,,,,,,,
PRIMARY_ONLY,FAIR1M-v1.0,1,single_or_conflicting_frequency,2.0,endpoint_severe_event,31978,,0.005785227343798861,1.2340307838196933,,,0.0,0.0,0.003064606917255613,MECHANISM_ONLY_NOT_RANKING_ONLY,,,,,,,,
SECONDARY_ONLY,FAIR1M-v1.0,1,single_or_conflicting_frequency,2.0,endpoint_continuous,31978,2.9172696371684026,,1.088124883412986,,,2.0000000000000027,2.0000000000000027,0.003064606917255613,MECHANISM_ONLY_NOT_RANKING_ONLY,,,,,,,,
SECONDARY_ONLY,FAIR1M-v1.0,1,single_or_conflicting_frequency,2.0,endpoint_severe_event,31978,,0.00978797923572456,1.2767857540665541,,,2.0000000000000027,2.0000000000000027,0.003064606917255613,MECHANISM_ONLY_NOT_RANKING_ONLY,,,,,,,,
FREQUENCY_CONFLICT,FAIR1M-v1.0,1,single_or_conflicting_frequency,2.0,endpoint_continuous,31978,2.9867271157195345,,1.070007587742815,,,2.0000000000000027,2.0000000000000027,0.003064606917255613,MECHANISM_ONLY_NOT_RANKING_ONLY,,,,,,,,
FREQUENCY_CONFLICT,FAIR1M-v1.0,1,single_or_conflicting_frequency,2.0,endpoint_severe_event,31978,,0.00847457627118644,1.1262669054143357,,,2.0000000000000027,2.0000000000000027,0.003064606917255613,MECHANISM_ONLY_NOT_RANKING_ONLY,,,,,,,,
TANGENTIAL_SYNC,FAIR1M-v1.0,1,fixed_norm_phase_direction,7.5,endpoint_continuous,31978,7.50707776382176,,1.0230222575641725,,,7.500000000000004,7.500000000000004,0.003064606917255613,MECHANISM_ONLY_NOT_RANKING_ONLY,,,,,,,,
TANGENTIAL_SYNC,FAIR1M-v1.0,1,fixed_norm_phase_direction,7.5,endpoint_severe_event,31978,,0.14616298705359934,1.0336410922584278,,,7.500000000000004,7.500000000000004,0.003064606917255613,MECHANISM_ONLY_NOT_RANKING_ONLY,,,,,,,,
PRIMARY_ONLY,FAIR1M-v1.0,1,single_or_conflicting_frequency,7.5,endpoint_continuous,31978,2.278345982854891,,1.123573736332904,,,0.0,0.0,0.003033335418099944,MECHANISM_ONLY_NOT_RANKING_ONLY,,,,,,,,
PRIMARY_ONLY,FAIR1M-v1.0,1,single_or_conflicting_frequency,7.5,endpoint_severe_event,31978,,0.0058164988429545315,1.2273844149122741,,,0.0,0.0,0.003033335418099944,MECHANISM_ONLY_NOT_RANKING_ONLY,,,,,,,,
SECONDARY_ONLY,FAIR1M-v1.0,1,single_or_conflicting_frequency,7.5,endpoint_continuous,31978,7.515948226123569,,1.0195692271283334,,,7.500000000000004,7.500000000000004,0.003127149915566952,MECHANISM_ONLY_NOT_RANKING_ONLY,,,,,,,,
SECONDARY_ONLY,FAIR1M-v1.0,1,single_or_conflicting_frequency,7.5,endpoint_severe_event,31978,,0.14628807305022204,1.0326895375280922,,,7.500000000000004,7.500000000000004,0.003127149915566952,MECHANISM_ONLY_NOT_RANKING_ONLY,,,,,,,,
FREQUENCY_CONFLICT,FAIR1M-v1.0,1,single_or_conflicting_frequency,7.5,endpoint_continuous,31978,7.657950094238325,,0.994654799570336,,,7.500000000000004,7.500000000000004,0.003064606917255613,MECHANISM_ONLY_NOT_RANKING_ONLY,,,,,,,,
FREQUENCY_CONFLICT,FAIR1M-v1.0,1,single_or_conflicting_frequency,7.5,endpoint_severe_event,31978,,0.15094752642441678,0.9864648674240181,,,7.500000000000004,7.500000000000004,0.003064606917255613,MECHANISM_ONLY_NOT_RANKING_ONLY,,,,,,,,
TANGENTIAL_SYNC,FAIR1M-v1.0,1,fixed_norm_phase_direction,15.0,endpoint_continuous,31978,14.939126801525838,,1.0146312965289321,,,14.999999999999996,15.000000000000009,0.003064606917255613,MECHANISM_ONLY_NOT_RANKING_ONLY,,,,,,,,
TANGENTIAL_SYNC,FAIR1M-v1.0,1,fixed_norm_phase_direction,15.0,endpoint_severe_event,31978,,0.7943898930514729,0.9607496490325257,,,14.999999999999996,15.000000000000009,0.003064606917255613,MECHANISM_ONLY_NOT_RANKING_ONLY,,,,,,,,
PRIMARY_ONLY,FAIR1M-v1.0,1,single_or_conflicting_frequency,15.0,endpoint_continuous,31978,2.286120148872633,,1.1177925898322891,,,0.0,0.0,0.003064606917255613,MECHANISM_ONLY_NOT_RANKING_ONLY,,,,,,,,
PRIMARY_ONLY,FAIR1M-v1.0,1,single_or_conflicting_frequency,15.0,endpoint_severe_event,31978,,0.005910313340421539,1.2078942179150847,,,0.0,0.0,0.003064606917255613,MECHANISM_ONLY_NOT_RANKING_ONLY,,,,,,,,
SECONDARY_ONLY,FAIR1M-v1.0,1,single_or_conflicting_frequency,15.0,endpoint_continuous,31978,14.954422981213941,,1.0092155047093154,,,14.999999999999996,15.000000000000009,0.0033147789105009693,MECHANISM_ONLY_NOT_RANKING_ONLY,,,,,,,,
SECONDARY_ONLY,FAIR1M-v1.0,1,single_or_conflicting_frequency,15.0,endpoint_severe_event,31978,,0.7944211645506286,0.9606513666574182,,,14.999999999999996,15.000000000000009,0.0033147789105009693,MECHANISM_ONLY_NOT_RANKING_ONLY,,,,,,,,
FREQUENCY_CONFLICT,FAIR1M-v1.0,1,single_or_conflicting_frequency,15.0,endpoint_continuous,31978,15.121735163002796,,0.9739389309619335,,,14.999999999999996,15.000000000000009,0.0034398649071236474,MECHANISM_ONLY_NOT_RANKING_ONLY,,,,,,,,
FREQUENCY_CONFLICT,FAIR1M-v1.0,1,single_or_conflicting_frequency,15.0,endpoint_severe_event,31978,,0.810744887109888,0.9326894053328771,,,14.999999999999996,15.000000000000009,0.0034398649071236474,MECHANISM_ONLY_NOT_RANKING_ONLY,,,,,,,,
BOUNDARY_CROSS,FAIR1M-v1.0,1,candidate_switch_surface,-10.0,endpoint_continuous,31978,39.53739235020396,,1.0134760995017558,,,39.77577762286971,39.98502360786643,0.0,MECHANISM_ONLY_NOT_RANKING_ONLY,,,,,,,,
BOUNDARY_CROSS,FAIR1M-v1.0,1,candidate_switch_surface,-10.0,endpoint_severe_event,31978,,0.9994683845143536,1.0986683931084764,,,39.77577762286971,39.98502360786643,0.0,MECHANISM_ONLY_NOT_RANKING_ONLY,,,,,,,,
BOUNDARY_CROSS,FAIR1M-v1.0,1,candidate_switch_surface,-5.0,endpoint_continuous,31978,42.036711895586556,,1.0133910327739855,,,42.275777622869725,42.48502360786644,0.0,MECHANISM_ONLY_NOT_RANKING_ONLY,,,,,,,,
BOUNDARY_CROSS,FAIR1M-v1.0,1,candidate_switch_surface,-5.0,endpoint_severe_event,31978,,0.9994996560135093,1.0957654934762828,,,42.275777622869725,42.48502360786644,0.0,MECHANISM_ONLY_NOT_RANKING_ONLY,,,,,,,,
BOUNDARY_CROSS,FAIR1M-v1.0,1,candidate_switch_surface,-1.0,endpoint_continuous,31978,44.03627409459837,,1.013292585616622,,,44.275777622869725,44.48502360786643,0.0,MECHANISM_ONLY_NOT_RANKING_ONLY,,,,,,,,
BOUNDARY_CROSS,FAIR1M-v1.0,1,candidate_switch_surface,-1.0,endpoint_severe_event,31978,,0.9995621990118206,1.0891060005279216,,,44.275777622869725,44.48502360786643,0.0,MECHANISM_ONLY_NOT_RANKING_ONLY,,,,,,,,
BOUNDARY_CROSS,FAIR1M-v1.0,1,candidate_switch_surface,1.0,endpoint_continuous,31978,44.960804000500346,,0.9870230478810015,,,44.7241753598598,45.61068903811421,1.0,MECHANISM_ONLY_NOT_RANKING_ONLY,,,,,,,,
BOUNDARY_CROSS,FAIR1M-v1.0,1,candidate_switch_surface,1.0,endpoint_severe_event,31978,,0.999906185502533,1.0370058517934375,,,44.7241753598598,45.61068903811421,1.0,MECHANISM_ONLY_NOT_RANKING_ONLY,,,,,,,,
BOUNDARY_CROSS,FAIR1M-v1.0,1,candidate_switch_surface,5.0,endpoint_continuous,31978,42.96124180148853,,0.9871120440062722,,,42.72417535985981,43.61068903811422,1.0,MECHANISM_ONLY_NOT_RANKING_ONLY,,,,,,,,
BOUNDARY_CROSS,FAIR1M-v1.0,1,candidate_switch_surface,5.0,endpoint_severe_event,31978,,0.999906185502533,1.0370058517934375,,,42.72417535985981,43.61068903811422,1.0,MECHANISM_ONLY_NOT_RANKING_ONLY,,,,,,,,
BOUNDARY_CROSS,FAIR1M-v1.0,1,candidate_switch_surface,10.0,endpoint_continuous,31978,40.46175200247337,,0.9871814718785696,,,40.2241753598598,41.11068903811421,1.0,MECHANISM_ONLY_NOT_RANKING_ONLY,,,,,,,,
BOUNDARY_CROSS,FAIR1M-v1.0,1,candidate_switch_surface,10.0,endpoint_severe_event,31978,,0.9998436425042216,0.9985953373784368,,,40.2241753598598,41.11068903811421,1.0,MECHANISM_ONLY_NOT_RANKING_ONLY,,,,,,,,
BASELINE_SCORE,FAIR1M-v1.0,2,phase_mod,base,endpoint_continuous,31658,2.289871172806203,,1.1163186121324027,nan,nan,0.0,0.0,0.007423084212521322,RANKING_ONLY,,,,,,,,
BASELINE_SCORE,FAIR1M-v1.0,2,phase_mod,base,endpoint_severe_event,31658,2.289871172806203,,1.1493509112069868,nan,nan,0.0,0.0,0.007423084212521322,RANKING_ONLY,,,,,,,,
BASELINE_SCORE,FAIR1M-v1.0,2,negative_phase_mod,base,endpoint_continuous,31658,2.289871172806203,,1.0652255354822329,nan,nan,0.0,0.0,0.007423084212521322,RANKING_ONLY,,,,,,,,
BASELINE_SCORE,FAIR1M-v1.0,2,negative_phase_mod,base,endpoint_severe_event,31658,2.289871172806203,,1.4975415439847835,nan,nan,0.0,0.0,0.007423084212521322,RANKING_ONLY,,,,,,,,
BASELINE_SCORE,FAIR1M-v1.0,2,detection_score,base,endpoint_continuous,31658,2.289871172806203,,0.901677094465899,nan,nan,0.0,0.0,0.007423084212521322,RANKING_ONLY,,,,,,,,
BASELINE_SCORE,FAIR1M-v1.0,2,detection_score,base,endpoint_severe_event,31658,2.289871172806203,,0.6237885444152729,nan,nan,0.0,0.0,0.007423084212521322,RANKING_ONLY,,,,,,,,
BASELINE_SCORE,FAIR1M-v1.0,2,multi_frequency_consistency,base,endpoint_continuous,31658,2.289871172806203,,0.7942025731944813,-0.24481430100091645,-0.09202028009163042,0.0,0.0,0.007423084212521322,RANKING_ONLY,,,,,,,,
BASELINE_SCORE,FAIR1M-v1.0,2,multi_frequency_consistency,base,endpoint_severe_event,31658,2.289871172806203,,0.6703684095290098,-0.5989354271239823,-0.11672955587680767,0.0,0.0,0.007423084212521322,RANKING_ONLY,,,,,,,,
BASELINE_SCORE,FAIR1M-v1.0,2,unwrap_candidate_energy_gap,base,endpoint_continuous,31658,2.289871172806203,,0.7942025731944813,-0.27907409874673306,-0.11905250596171893,0.0,0.0,0.007423084212521322,RANKING_ONLY,,,,,,,,
BASELINE_SCORE,FAIR1M-v1.0,2,unwrap_candidate_energy_gap,base,endpoint_severe_event,31658,2.289871172806203,,0.6703684095290098,-0.6484557138883836,-0.13569927073460156,0.0,0.0,0.007423084212521322,RANKING_ONLY,,,,,,,,
BASELINE_SCORE,FAIR1M-v1.0,2,phase_direction_margin,base,endpoint_continuous,31658,2.289871172806203,,1.0654570835243808,0.0671579514750212,0.207183899941379,0.0,0.0,0.007423084212521322,RANKING_ONLY,,,,,,,,
BASELINE_SCORE,FAIR1M-v1.0,2,phase_direction_margin,base,endpoint_severe_event,31658,2.289871172806203,,0.6374784641656751,-0.5627934451164341,-0.06771777472606993,0.0,0.0,0.007423084212521322,RANKING_ONLY,,,,,,,,
RADIAL,FAIR1M-v1.0,2,z_prime=k*z,0.25,endpoint_continuous,31658,17.334640731920793,,1.105975594414444,,,16.36484612493591,41.49209072143924,0.007423084212521322,MECHANISM_ONLY_NOT_RANKING_ONLY,0.13955465366018607,,,,,,,False
RADIAL,FAIR1M-v1.0,2,z_prime=k*z,0.25,endpoint_severe_event,31658,,0.5808010613431044,1.1700486291021344,,,16.36484612493591,41.49209072143924,0.007423084212521322,MECHANISM_ONLY_NOT_RANKING_ONLY,0.13955465366018607,,,,,,,False
RADIAL,FAIR1M-v1.0,2,z_prime=k*z,0.5,endpoint_continuous,31658,2.463068611210462,,1.0501993905025953,,,0.0,0.0,0.007423084212521322,MECHANISM_ONLY_NOT_RANKING_ONLY,0.5582186146407443,,,,,,,False
RADIAL,FAIR1M-v1.0,2,z_prime=k*z,0.5,endpoint_severe_event,31658,,0.011718996778065576,0.8812532972580209,,,0.0,0.0,0.007423084212521322,MECHANISM_ONLY_NOT_RANKING_ONLY,0.5582186146407443,,,,,,,False
RADIAL,FAIR1M-v1.0,2,z_prime=k*z,0.75,endpoint_continuous,31658,2.2948145075952016,,1.1134013653386992,,,0.0,0.0,0.007423084212521322,MECHANISM_ONLY_NOT_RANKING_ONLY,1.2559918829416747,,,,,,,False
RADIAL,FAIR1M-v1.0,2,z_prime=k*z,0.75,endpoint_severe_event,31658,,0.005527828668898857,1.1230990422832139,,,0.0,0.0,0.007423084212521322,MECHANISM_ONLY_NOT_RANKING_ONLY,1.2559918829416747,,,,,,,False
RADIAL,FAIR1M-v1.0,2,z_prime=k*z,0.9,endpoint_continuous,31658,2.291585543334934,,1.1150683079787969,,,0.0,0.0,0.007423084212521322,MECHANISM_ONLY_NOT_RANKING_ONLY,1.8086283114360115,,,,,,,False
RADIAL,FAIR1M-v1.0,2,z_prime=k*z,0.9,endpoint_severe_event,31658,,0.0054330658917177335,1.142593044588846,,,0.0,0.0,0.007423084212521322,MECHANISM_ONLY_NOT_RANKING_ONLY,1.8086283114360115,,,,,,,False
RADIAL,FAIR1M-v1.0,2,z_prime=k*z,1.0,endpoint_continuous,31658,2.289871172806203,,1.1163186121324027,,,0.0,0.0,0.007423084212521322,MECHANISM_ONLY_NOT_RANKING_ONLY,2.232874458562977,,,,,,,False
RADIAL,FAIR1M-v1.0,2,z_prime=k*z,1.0,endpoint_severe_event,31658,,0.005401478299324025,1.1493509112069868,,,0.0,0.0,0.007423084212521322,MECHANISM_ONLY_NOT_RANKING_ONLY,2.232874458562977,,,,,,,False
RADIAL,FAIR1M-v1.0,2,z_prime=k*z,1.1,endpoint_continuous,31658,2.289871172806203,,1.1163186121324027,,,0.0,0.0,0.007423084212521322,MECHANISM_ONLY_NOT_RANKING_ONLY,2.701778094861203,,,,,,,False
RADIAL,FAIR1M-v1.0,2,z_prime=k*z,1.1,endpoint_severe_event,31658,,0.005401478299324025,1.1493509112069868,,,0.0,0.0,0.007423084212521322,MECHANISM_ONLY_NOT_RANKING_ONLY,2.701778094861203,,,,,,,False
RADIAL,FAIR1M-v1.0,2,z_prime=k*z,1.25,endpoint_continuous,31658,2.2883579877912763,,1.117411678061219,,,0.0,0.0,0.007423084212521322,MECHANISM_ONLY_NOT_RANKING_ONLY,3.488866341504652,,,,,,,False
RADIAL,FAIR1M-v1.0,2,z_prime=k*z,1.25,endpoint_severe_event,31658,,0.00533830311453661,1.1627374159452446,,,0.0,0.0,0.007423084212521322,MECHANISM_ONLY_NOT_RANKING_ONLY,3.488866341504652,,,,,,,False
RADIAL,FAIR1M-v1.0,2,z_prime=k*z,1.5,endpoint_continuous,31658,2.2872151266177876,,1.1182470854832274,,,0.0,0.0,0.007423084212521322,MECHANISM_ONLY_NOT_RANKING_ONLY,5.023967531766699,,,,,,,False
RADIAL,FAIR1M-v1.0,2,z_prime=k*z,1.5,endpoint_severe_event,31658,,0.005306715522142902,1.169601664633951,,,0.0,0.0,0.007423084212521322,MECHANISM_ONLY_NOT_RANKING_ONLY,5.023967531766699,,,,,,,False
RADIAL,FAIR1M-v1.0,2,z_prime=k*z,2.0,endpoint_continuous,31658,2.2872151266177876,,1.1182470854832274,,,0.0,0.0,0.007423084212521322,MECHANISM_ONLY_NOT_RANKING_ONLY,8.931497834251909,,,,,,,False
RADIAL,FAIR1M-v1.0,2,z_prime=k*z,2.0,endpoint_severe_event,31658,,0.005306715522142902,1.169601664633951,,,0.0,0.0,0.007423084212521322,MECHANISM_ONLY_NOT_RANKING_ONLY,8.931497834251909,,,,,,,False
RADIAL,FAIR1M-v1.0,2,z_prime=k*z,4.0,endpoint_continuous,31658,2.288296654752676,,1.1174668594440027,,,0.0,0.0,0.007423084212521322,MECHANISM_ONLY_NOT_RANKING_ONLY,35.725991337007635,,,,,,,False
RADIAL,FAIR1M-v1.0,2,z_prime=k*z,4.0,endpoint_severe_event,31658,,0.005369890706930318,1.1559710980906561,,,0.0,0.0,0.007423084212521322,MECHANISM_ONLY_NOT_RANKING_ONLY,35.725991337007635,,,,,,,False
TANGENTIAL_SYNC,FAIR1M-v1.0,2,fixed_norm_phase_direction,-15.0,endpoint_continuous,31658,15.157701253570742,,1.0066256321769869,,,14.999999999999996,15.000000000000009,0.007423084212521322,MECHANISM_ONLY_NOT_RANKING_ONLY,,,,,,,,
TANGENTIAL_SYNC,FAIR1M-v1.0,2,fixed_norm_phase_direction,-15.0,endpoint_severe_event,31658,,0.815275759681597,0.9532183682869849,,,14.999999999999996,15.000000000000009,0.007423084212521322,MECHANISM_ONLY_NOT_RANKING_ONLY,,,,,,,,
PRIMARY_ONLY,FAIR1M-v1.0,2,single_or_conflicting_frequency,-15.0,endpoint_continuous,31658,2.309820570334099,,1.1018354087780806,,,0.0,0.0,0.007423084212521322,MECHANISM_ONLY_NOT_RANKING_ONLY,,,,,,,,
PRIMARY_ONLY,FAIR1M-v1.0,2,single_or_conflicting_frequency,-15.0,endpoint_severe_event,31658,,0.005654179038473687,1.0979780675791015,,,0.0,0.0,0.007423084212521322,MECHANISM_ONLY_NOT_RANKING_ONLY,,,,,,,,
SECONDARY_ONLY,FAIR1M-v1.0,2,single_or_conflicting_frequency,-15.0,endpoint_continuous,31658,15.170299281664194,,1.0021954498578487,,,14.999999999999996,15.000000000000009,0.007391496620127614,MECHANISM_ONLY_NOT_RANKING_ONLY,,,,,,,,
SECONDARY_ONLY,FAIR1M-v1.0,2,single_or_conflicting_frequency,-15.0,endpoint_severe_event,31658,,0.8153073472739908,0.9531139561588042,,,14.999999999999996,15.000000000000009,0.007391496620127614,MECHANISM_ONLY_NOT_RANKING_ONLY,,,,,,,,
FREQUENCY_CONFLICT,FAIR1M-v1.0,2,single_or_conflicting_frequency,-15.0,endpoint_continuous,31658,14.904996625607696,,0.9774253969744168,,,14.999999999999996,15.000000000000009,0.007738960136458399,MECHANISM_ONLY_NOT_RANKING_ONLY,,,,,,,,
FREQUENCY_CONFLICT,FAIR1M-v1.0,2,single_or_conflicting_frequency,-15.0,endpoint_severe_event,31658,,0.787289152820772,0.9377905816550365,,,14.999999999999996,15.000000000000009,0.007738960136458399,MECHANISM_ONLY_NOT_RANKING_ONLY,,,,,,,,
TANGENTIAL_SYNC,FAIR1M-v1.0,2,fixed_norm_phase_direction,-7.5,endpoint_continuous,31658,7.719988245247339,,1.018735930028309,,,7.500000000000004,7.500000000000004,0.007423084212521322,MECHANISM_ONLY_NOT_RANKING_ONLY,,,,,,,,
TANGENTIAL_SYNC,FAIR1M-v1.0,2,fixed_norm_phase_direction,-7.5,endpoint_severe_event,31658,,0.15307347273990776,1.0396478231651267,,,7.500000000000004,7.500000000000004,0.007423084212521322,MECHANISM_ONLY_NOT_RANKING_ONLY,,,,,,,,
PRIMARY_ONLY,FAIR1M-v1.0,2,single_or_conflicting_frequency,-7.5,endpoint_continuous,31658,2.297562972907468,,1.1106837494094906,,,0.0,0.0,0.007328321435340198,MECHANISM_ONLY_NOT_RANKING_ONLY,,,,,,,,
PRIMARY_ONLY,FAIR1M-v1.0,2,single_or_conflicting_frequency,-7.5,endpoint_severe_event,31658,,0.005496241076505148,1.1295093093590634,,,0.0,0.0,0.007328321435340198,MECHANISM_ONLY_NOT_RANKING_ONLY,,,,,,,,
SECONDARY_ONLY,FAIR1M-v1.0,2,single_or_conflicting_frequency,-7.5,endpoint_continuous,31658,7.728535844307213,,1.0154414659260165,,,7.500000000000004,7.500000000000004,0.007423084212521322,MECHANISM_ONLY_NOT_RANKING_ONLY,,,,,,,,
SECONDARY_ONLY,FAIR1M-v1.0,2,single_or_conflicting_frequency,-7.5,endpoint_severe_event,31658,,0.1531998231094826,1.0387211632900661,,,7.500000000000004,7.500000000000004,0.007423084212521322,MECHANISM_ONLY_NOT_RANKING_ONLY,,,,,,,,
FREQUENCY_CONFLICT,FAIR1M-v1.0,2,single_or_conflicting_frequency,-7.5,endpoint_continuous,31658,7.460383200551162,,0.9892909846305008,,,7.500000000000004,7.500000000000004,0.007423084212521322,MECHANISM_ONLY_NOT_RANKING_ONLY,,,,,,,,
FREQUENCY_CONFLICT,FAIR1M-v1.0,2,single_or_conflicting_frequency,-7.5,endpoint_severe_event,31658,,0.1443237096468507,1.0494041474438935,,,7.500000000000004,7.500000000000004,0.007423084212521322,MECHANISM_ONLY_NOT_RANKING_ONLY,,,,,,,,
TANGENTIAL_SYNC,FAIR1M-v1.0,2,fixed_norm_phase_direction,-2.0,endpoint_continuous,31658,3.0291009166067533,,1.0779318912983862,,,2.0000000000000027,2.0000000000000027,0.007423084212521322,MECHANISM_ONLY_NOT_RANKING_ONLY,,,,,,,,
TANGENTIAL_SYNC,FAIR1M-v1.0,2,fixed_norm_phase_direction,-2.0,endpoint_severe_event,31658,,0.009034051424600417,1.1721814871589378,,,2.0000000000000027,2.0000000000000027,0.007423084212521322,MECHANISM_ONLY_NOT_RANKING_ONLY,,,,,,,,
PRIMARY_ONLY,FAIR1M-v1.0,2,single_or_conflicting_frequency,-2.0,endpoint_continuous,31658,2.2926443607056504,,1.1142819704280449,,,0.0,0.0,0.007391496620127614,MECHANISM_ONLY_NOT_RANKING_ONLY,,,,,,,,
PRIMARY_ONLY,FAIR1M-v1.0,2,single_or_conflicting_frequency,-2.0,endpoint_severe_event,31658,,0.0054330658917177335,1.1426576192232663,,,0.0,0.0,0.007391496620127614,MECHANISM_ONLY_NOT_RANKING_ONLY,,,,,,,,
SECONDARY_ONLY,FAIR1M-v1.0,2,single_or_conflicting_frequency,-2.0,endpoint_continuous,31658,3.0291009166067533,,1.0779318912983862,,,2.0000000000000027,2.0000000000000027,0.007423084212521322,MECHANISM_ONLY_NOT_RANKING_ONLY,,,,,,,,
SECONDARY_ONLY,FAIR1M-v1.0,2,single_or_conflicting_frequency,-2.0,endpoint_severe_event,31658,,0.009034051424600417,1.1721814871589378,,,2.0000000000000027,2.0000000000000027,0.007423084212521322,MECHANISM_ONLY_NOT_RANKING_ONLY,,,,,,,,
FREQUENCY_CONFLICT,FAIR1M-v1.0,2,single_or_conflicting_frequency,-2.0,endpoint_continuous,31658,2.907668472994814,,1.0610079121335494,,,2.0000000000000027,2.0000000000000027,0.007359909027733906,MECHANISM_ONLY_NOT_RANKING_ONLY,,,,,,,,
FREQUENCY_CONFLICT,FAIR1M-v1.0,2,single_or_conflicting_frequency,-2.0,endpoint_severe_event,31658,,0.009318339756143787,1.346331023454866,,,2.0000000000000027,2.0000000000000027,0.007359909027733906,MECHANISM_ONLY_NOT_RANKING_ONLY,,,,,,,,
TANGENTIAL_SYNC,FAIR1M-v1.0,2,fixed_norm_phase_direction,0.0,endpoint_continuous,31658,2.289871172806203,,1.1163186121324027,,,0.0,0.0,0.007423084212521322,MECHANISM_ONLY_NOT_RANKING_ONLY,,,,,,,,
TANGENTIAL_SYNC,FAIR1M-v1.0,2,fixed_norm_phase_direction,0.0,endpoint_severe_event,31658,,0.005401478299324025,1.1493509112069868,,,0.0,0.0,0.007423084212521322,MECHANISM_ONLY_NOT_RANKING_ONLY,,,,,,,,
PRIMARY_ONLY,FAIR1M-v1.0,2,single_or_conflicting_frequency,0.0,endpoint_continuous,31658,2.289871172806203,,1.1163186121324027,,,0.0,0.0,0.007423084212521322,MECHANISM_ONLY_NOT_RANKING_ONLY,,,,,,,,
PRIMARY_ONLY,FAIR1M-v1.0,2,single_or_conflicting_frequency,0.0,endpoint_severe_event,31658,,0.005401478299324025,1.1493509112069868,,,0.0,0.0,0.007423084212521322,MECHANISM_ONLY_NOT_RANKING_ONLY,,,,,,,,
SECONDARY_ONLY,FAIR1M-v1.0,2,single_or_conflicting_frequency,0.0,endpoint_continuous,31658,2.289871172806203,,1.1163186121324027,,,0.0,0.0,0.007423084212521322,MECHANISM_ONLY_NOT_RANKING_ONLY,,,,,,,,
SECONDARY_ONLY,FAIR1M-v1.0,2,single_or_conflicting_frequency,0.0,endpoint_severe_event,31658,,0.005401478299324025,1.1493509112069868,,,0.0,0.0,0.007423084212521322,MECHANISM_ONLY_NOT_RANKING_ONLY,,,,,,,,
FREQUENCY_CONFLICT,FAIR1M-v1.0,2,single_or_conflicting_frequency,0.0,endpoint_continuous,31658,2.289871172806203,,1.1163186121324027,,,0.0,0.0,0.007423084212521322,MECHANISM_ONLY_NOT_RANKING_ONLY,,,,,,,,
FREQUENCY_CONFLICT,FAIR1M-v1.0,2,single_or_conflicting_frequency,0.0,endpoint_severe_event,31658,,0.005401478299324025,1.1493509112069868,,,0.0,0.0,0.007423084212521322,MECHANISM_ONLY_NOT_RANKING_ONLY,,,,,,,,
TANGENTIAL_SYNC,FAIR1M-v1.0,2,fixed_norm_phase_direction,2.0,endpoint_continuous,31658,2.9026864162005452,,1.0642532668331113,,,2.0000000000000027,2.0000000000000027,0.007423084212521322,MECHANISM_ONLY_NOT_RANKING_ONLY,,,,,,,,
TANGENTIAL_SYNC,FAIR1M-v1.0,2,fixed_norm_phase_direction,2.0,endpoint_severe_event,31658,,0.009255164571356372,1.3555392034657447,,,2.0000000000000027,2.0000000000000027,0.007423084212521322,MECHANISM_ONLY_NOT_RANKING_ONLY,,,,,,,,
PRIMARY_ONLY,FAIR1M-v1.0,2,single_or_conflicting_frequency,2.0,endpoint_continuous,31658,2.289871172806203,,1.1163186121324027,,,0.0,0.0,0.007423084212521322,MECHANISM_ONLY_NOT_RANKING_ONLY,,,,,,,,
PRIMARY_ONLY,FAIR1M-v1.0,2,single_or_conflicting_frequency,2.0,endpoint_severe_event,31658,,0.005401478299324025,1.1493509112069868,,,0.0,0.0,0.007423084212521322,MECHANISM_ONLY_NOT_RANKING_ONLY,,,,,,,,
SECONDARY_ONLY,FAIR1M-v1.0,2,single_or_conflicting_frequency,2.0,endpoint_continuous,31658,2.9054726445623906,,1.0624375595348248,,,2.0000000000000027,2.0000000000000027,0.007391496620127614,MECHANISM_ONLY_NOT_RANKING_ONLY,,,,,,,,
SECONDARY_ONLY,FAIR1M-v1.0,2,single_or_conflicting_frequency,2.0,endpoint_severe_event,31658,,0.009286752163750078,1.3509197236537869,,,2.0000000000000027,2.0000000000000027,0.007391496620127614,MECHANISM_ONLY_NOT_RANKING_ONLY,,,,,,,,
FREQUENCY_CONFLICT,FAIR1M-v1.0,2,single_or_conflicting_frequency,2.0,endpoint_continuous,31658,3.039038369731951,,1.0716524216274288,,,2.0000000000000027,2.0000000000000027,0.007423084212521322,MECHANISM_ONLY_NOT_RANKING_ONLY,,,,,,,,
FREQUENCY_CONFLICT,FAIR1M-v1.0,2,single_or_conflicting_frequency,2.0,endpoint_severe_event,31658,,0.009160401794175248,1.1559650253599227,,,2.0000000000000027,2.0000000000000027,0.007423084212521322,MECHANISM_ONLY_NOT_RANKING_ONLY,,,,,,,,
TANGENTIAL_SYNC,FAIR1M-v1.0,2,fixed_norm_phase_direction,7.5,endpoint_continuous,31658,7.442741085304521,,0.9959271525699802,,,7.500000000000004,7.500000000000004,0.007423084212521322,MECHANISM_ONLY_NOT_RANKING_ONLY,,,,,,,,
TANGENTIAL_SYNC,FAIR1M-v1.0,2,fixed_norm_phase_direction,7.5,endpoint_severe_event,31658,,0.14413418409248846,1.050883482552609,,,7.500000000000004,7.500000000000004,0.007423084212521322,MECHANISM_ONLY_NOT_RANKING_ONLY,,,,,,,,
PRIMARY_ONLY,FAIR1M-v1.0,2,single_or_conflicting_frequency,7.5,endpoint_continuous,31658,2.3003140274097005,,1.1086752501382386,,,0.0,0.0,0.007423084212521322,MECHANISM_ONLY_NOT_RANKING_ONLY,,,,,,,,
PRIMARY_ONLY,FAIR1M-v1.0,2,single_or_conflicting_frequency,7.5,endpoint_severe_event,31658,,0.005527828668898857,1.123033085640285,,,0.0,0.0,0.007423084212521322,MECHANISM_ONLY_NOT_RANKING_ONLY,,,,,,,,
SECONDARY_ONLY,FAIR1M-v1.0,2,single_or_conflicting_frequency,7.5,endpoint_continuous,31658,7.449150834580041,,0.9935036834507884,,,7.500000000000004,7.500000000000004,0.007328321435340198,MECHANISM_ONLY_NOT_RANKING_ONLY,,,,,,,,
SECONDARY_ONLY,FAIR1M-v1.0,2,single_or_conflicting_frequency,7.5,endpoint_severe_event,31658,,0.1441973592772759,1.0503896085804674,,,7.500000000000004,7.500000000000004,0.007328321435340198,MECHANISM_ONLY_NOT_RANKING_ONLY,,,,,,,,
FREQUENCY_CONFLICT,FAIR1M-v1.0,2,single_or_conflicting_frequency,7.5,endpoint_continuous,31658,7.7359029705421305,,1.0126227927274853,,,7.500000000000004,7.500000000000004,0.007391496620127614,MECHANISM_ONLY_NOT_RANKING_ONLY,,,,,,,,
FREQUENCY_CONFLICT,FAIR1M-v1.0,2,single_or_conflicting_frequency,7.5,endpoint_severe_event,31658,,0.15329458588666373,1.0380275383386448,,,7.500000000000004,7.500000000000004,0.007391496620127614,MECHANISM_ONLY_NOT_RANKING_ONLY,,,,,,,,
TANGENTIAL_SYNC,FAIR1M-v1.0,2,fixed_norm_phase_direction,15.0,endpoint_continuous,31658,14.86712295862761,,0.9903053687882335,,,14.999999999999996,15.000000000000009,0.007423084212521322,MECHANISM_ONLY_NOT_RANKING_ONLY,,,,,,,,
TANGENTIAL_SYNC,FAIR1M-v1.0,2,fixed_norm_phase_direction,15.0,endpoint_severe_event,31658,,0.7871312148588034,0.9382858140505439,,,14.999999999999996,15.000000000000009,0.007423084212521322,MECHANISM_ONLY_NOT_RANKING_ONLY,,,,,,,,
PRIMARY_ONLY,FAIR1M-v1.0,2,single_or_conflicting_frequency,15.0,endpoint_continuous,31658,2.308448456145959,,1.1028048280216591,,,0.0,0.0,0.007391496620127614,MECHANISM_ONLY_NOT_RANKING_ONLY,,,,,,,,
PRIMARY_ONLY,FAIR1M-v1.0,2,single_or_conflicting_frequency,15.0,endpoint_severe_event,31658,,0.00562259144607998,1.1040805549318422,,,0.0,0.0,0.007391496620127614,MECHANISM_ONLY_NOT_RANKING_ONLY,,,,,,,,
SECONDARY_ONLY,FAIR1M-v1.0,2,single_or_conflicting_frequency,15.0,endpoint_continuous,31658,14.881217199361323,,0.9854742906685249,,,14.999999999999996,15.000000000000009,0.007423084212521322,MECHANISM_ONLY_NOT_RANKING_ONLY,,,,,,,,
SECONDARY_ONLY,FAIR1M-v1.0,2,single_or_conflicting_frequency,15.0,endpoint_severe_event,31658,,0.7871943900435909,0.9380876323000618,,,14.999999999999996,15.000000000000009,0.007423084212521322,MECHANISM_ONLY_NOT_RANKING_ONLY,,,,,,,,
FREQUENCY_CONFLICT,FAIR1M-v1.0,2,single_or_conflicting_frequency,15.0,endpoint_continuous,31658,15.194095419141334,,0.9939437036962272,,,14.999999999999996,15.000000000000009,0.007675784951670984,MECHANISM_ONLY_NOT_RANKING_ONLY,,,,,,,,
FREQUENCY_CONFLICT,FAIR1M-v1.0,2,single_or_conflicting_frequency,15.0,endpoint_severe_event,31658,,0.8155284604207468,0.9523834876047018,,,14.999999999999996,15.000000000000009,0.007675784951670984,MECHANISM_ONLY_NOT_RANKING_ONLY,,,,,,,,
BOUNDARY_CROSS,FAIR1M-v1.0,2,candidate_switch_surface,-10.0,endpoint_continuous,31658,39.622895440201546,,1.0175705263596018,,,39.7753959313199,39.984151199608974,0.0,MECHANISM_ONLY_NOT_RANKING_ONLY,,,,,,,,
BOUNDARY_CROSS,FAIR1M-v1.0,2,candidate_switch_surface,-10.0,endpoint_severe_event,31658,,0.9992734853749448,1.1384807203421619,,,39.7753959313199,39.984151199608974,0.0,MECHANISM_ONLY_NOT_RANKING_ONLY,,,,,,,,
BOUNDARY_CROSS,FAIR1M-v1.0,2,candidate_switch_surface,-5.0,endpoint_continuous,31658,42.12186884344876,,1.0178817512860312,,,42.27539593131989,42.48415119960899,0.0,MECHANISM_ONLY_NOT_RANKING_ONLY,,,,,,,,
BOUNDARY_CROSS,FAIR1M-v1.0,2,candidate_switch_surface,-5.0,endpoint_severe_event,31658,,0.9994314233369133,1.1339934307106831,,,42.27539593131989,42.48415119960899,0.0,MECHANISM_ONLY_NOT_RANKING_ONLY,,,,,,,,
BOUNDARY_CROSS,FAIR1M-v1.0,2,candidate_switch_surface,-1.0,endpoint_continuous,31658,44.12104756604652,,1.0181281361670977,,,44.2753959313199,44.484151199608974,0.0,MECHANISM_ONLY_NOT_RANKING_ONLY,,,,,,,,
BOUNDARY_CROSS,FAIR1M-v1.0,2,candidate_switch_surface,-1.0,endpoint_severe_event,31658,,0.9994945985217006,1.1319780827913932,,,44.2753959313199,44.484151199608974,0.0,MECHANISM_ONLY_NOT_RANKING_ONLY,,,,,,,,
BOUNDARY_CROSS,FAIR1M-v1.0,2,candidate_switch_surface,1.0,endpoint_continuous,31658,44.87168322952907,,0.9832795032867021,,,44.72448453808062,45.66423373474493,1.0,MECHANISM_ONLY_NOT_RANKING_ONLY,,,,,,,,
BOUNDARY_CROSS,FAIR1M-v1.0,2,candidate_switch_surface,1.0,endpoint_severe_event,31658,,0.9999368248152126,1.1045312145860862,,,44.72448453808062,45.66423373474493,1.0,MECHANISM_ONLY_NOT_RANKING_ONLY,,,,,,,,
BOUNDARY_CROSS,FAIR1M-v1.0,2,candidate_switch_surface,5.0,endpoint_continuous,31658,42.87237815656173,,0.9830295096980676,,,42.72448453808062,43.66423373474491,1.0,MECHANISM_ONLY_NOT_RANKING_ONLY,,,,,,,,
BOUNDARY_CROSS,FAIR1M-v1.0,2,candidate_switch_surface,5.0,endpoint_severe_event,31658,,0.9999052372228189,1.1079770234322808,,,42.72448453808062,43.66423373474491,1.0,MECHANISM_ONLY_NOT_RANKING_ONLY,,,,,,,,
BOUNDARY_CROSS,FAIR1M-v1.0,2,candidate_switch_surface,10.0,endpoint_continuous,31658,40.37324681535256,,0.9827225964996362,,,40.2244845380806,41.164233734744904,1.0,MECHANISM_ONLY_NOT_RANKING_ONLY,,,,,,,,
BOUNDARY_CROSS,FAIR1M-v1.0,2,candidate_switch_surface,10.0,endpoint_severe_event,31658,,0.9998420620380315,1.0889385809621557,,,40.2244845380806,41.164233734744904,1.0,MECHANISM_ONLY_NOT_RANKING_ONLY,,,,,,,,
