analysis_id,analysis_name,dataset,seed,mask_definition,risk_event,group_type,group_value,statistic,estimate,n,status,note,evidence_json
1,phase_mod_x_angle_error,DIOR-R,0,aspect_ratio>=2.1,angle_error>delta_theta_0.75(aspect_ratio),all,all,spearman,0.18638337732130297,48282,COMPLETE,,
1,phase_mod_x_angle_error,DIOR-R,0,aspect_ratio>=2.1,angle_error>delta_theta_0.75(aspect_ratio),phase_mod_decile,D1,mean_angle_error_deg,3.16142872,4829,COMPLETE,,
1,phase_mod_x_angle_error,DIOR-R,0,aspect_ratio>=2.1,angle_error>delta_theta_0.75(aspect_ratio),phase_mod_decile,D1,severe_event_rate,0.02671361,4829,COMPLETE,,
1,phase_mod_x_angle_error,DIOR-R,0,aspect_ratio>=2.1,angle_error>delta_theta_0.75(aspect_ratio),phase_mod_decile,D2,mean_angle_error_deg,1.39836808,4828,COMPLETE,,
1,phase_mod_x_angle_error,DIOR-R,0,aspect_ratio>=2.1,angle_error>delta_theta_0.75(aspect_ratio),phase_mod_decile,D2,severe_event_rate,0.0041425,4828,COMPLETE,,
1,phase_mod_x_angle_error,DIOR-R,0,aspect_ratio>=2.1,angle_error>delta_theta_0.75(aspect_ratio),phase_mod_decile,D3,mean_angle_error_deg,0.89633284,4828,COMPLETE,,
1,phase_mod_x_angle_error,DIOR-R,0,aspect_ratio>=2.1,angle_error>delta_theta_0.75(aspect_ratio),phase_mod_decile,D3,severe_event_rate,0.00455675,4828,COMPLETE,,
1,phase_mod_x_angle_error,DIOR-R,0,aspect_ratio>=2.1,angle_error>delta_theta_0.75(aspect_ratio),phase_mod_decile,D4,mean_angle_error_deg,0.83053584,4828,COMPLETE,,
1,phase_mod_x_angle_error,DIOR-R,0,aspect_ratio>=2.1,angle_error>delta_theta_0.75(aspect_ratio),phase_mod_decile,D4,severe_event_rate,0.0041425,4828,COMPLETE,,
1,phase_mod_x_angle_error,DIOR-R,0,aspect_ratio>=2.1,angle_error>delta_theta_0.75(aspect_ratio),phase_mod_decile,D5,mean_angle_error_deg,1.01838045,4828,COMPLETE,,
1,phase_mod_x_angle_error,DIOR-R,0,aspect_ratio>=2.1,angle_error>delta_theta_0.75(aspect_ratio),phase_mod_decile,D5,severe_event_rate,0.00787075,4828,COMPLETE,,
1,phase_mod_x_angle_error,DIOR-R,0,aspect_ratio>=2.1,angle_error>delta_theta_0.75(aspect_ratio),phase_mod_decile,D6,mean_angle_error_deg,1.17564583,4828,COMPLETE,,
1,phase_mod_x_angle_error,DIOR-R,0,aspect_ratio>=2.1,angle_error>delta_theta_0.75(aspect_ratio),phase_mod_decile,D6,severe_event_rate,0.006628,4828,COMPLETE,,
1,phase_mod_x_angle_error,DIOR-R,0,aspect_ratio>=2.1,angle_error>delta_theta_0.75(aspect_ratio),phase_mod_decile,D7,mean_angle_error_deg,1.70098867,4828,COMPLETE,,
1,phase_mod_x_angle_error,DIOR-R,0,aspect_ratio>=2.1,angle_error>delta_theta_0.75(aspect_ratio),phase_mod_decile,D7,severe_event_rate,0.0057995,4828,COMPLETE,,
1,phase_mod_x_angle_error,DIOR-R,0,aspect_ratio>=2.1,angle_error>delta_theta_0.75(aspect_ratio),phase_mod_decile,D8,mean_angle_error_deg,2.46984392,4828,COMPLETE,,
1,phase_mod_x_angle_error,DIOR-R,0,aspect_ratio>=2.1,angle_error>delta_theta_0.75(aspect_ratio),phase_mod_decile,D8,severe_event_rate,0.01056338,4828,COMPLETE,,
1,phase_mod_x_angle_error,DIOR-R,0,aspect_ratio>=2.1,angle_error>delta_theta_0.75(aspect_ratio),phase_mod_decile,D9,mean_angle_error_deg,2.58004545,4828,COMPLETE,,
1,phase_mod_x_angle_error,DIOR-R,0,aspect_ratio>=2.1,angle_error>delta_theta_0.75(aspect_ratio),phase_mod_decile,D9,severe_event_rate,0.01159901,4828,COMPLETE,,
1,phase_mod_x_angle_error,DIOR-R,0,aspect_ratio>=2.1,angle_error>delta_theta_0.75(aspect_ratio),phase_mod_decile,D10,mean_angle_error_deg,2.21351934,4829,COMPLETE,,
1,phase_mod_x_angle_error,DIOR-R,0,aspect_ratio>=2.1,angle_error>delta_theta_0.75(aspect_ratio),phase_mod_decile,D10,severe_event_rate,0.00869745,4829,COMPLETE,,
2,phase_mod_x_phase_angle,DIOR-R,0,aspect_ratio>=2.1,angle_error>delta_theta_0.75(aspect_ratio),all,all,spearman_cos_phase,-0.12944162143136487,48282,COMPLETE,,
2,phase_mod_x_phase_angle,DIOR-R,0,aspect_ratio>=2.1,angle_error>delta_theta_0.75(aspect_ratio),all,all,spearman_sin_phase,-0.09130490535198423,48282,COMPLETE,,
3,phase_mod_x_objectness,DIOR-R,0,aspect_ratio>=2.1,angle_error>delta_theta_0.75(aspect_ratio),all,all,availability,,0,UNAVAILABLE,UNAVAILABLE: frozen PSC RetinaNet has no separate objectness output; detection score is reported only in the registered score comparison.,
4,phase_mod_x_feature_norm,DIOR-R,0,aspect_ratio>=2.1,angle_error>delta_theta_0.75(aspect_ratio),all,all,spearman,-0.5148683850932881,48282,COMPLETE,Feature norm is the actual shared regression/angle-tower feature at the post-NMS-selected FPN location.,
5,phase_mod_x_size,DIOR-R,0,aspect_ratio>=2.1,angle_error>delta_theta_0.75(aspect_ratio),all,all,spearman,-0.043361648544190654,48282,COMPLETE,Size statistic uses log(GT box area) for preregistered diagnostic conditioning only.,
6,phase_mod_x_class,DIOR-R,0,aspect_ratio>=2.1,angle_error>delta_theta_0.75(aspect_ratio),class,Expressway-Service-area,median_phase_mod,2.28154584,512,COMPLETE,,
6,phase_mod_x_class,DIOR-R,0,aspect_ratio>=2.1,angle_error>delta_theta_0.75(aspect_ratio),class,Expressway-Service-area,severe_event_rate,0.00585938,512,COMPLETE,,
6,phase_mod_x_class,DIOR-R,0,aspect_ratio>=2.1,angle_error>delta_theta_0.75(aspect_ratio),class,Expressway-toll-station,median_phase_mod,2.30152191,259,COMPLETE,,
6,phase_mod_x_class,DIOR-R,0,aspect_ratio>=2.1,angle_error>delta_theta_0.75(aspect_ratio),class,Expressway-toll-station,severe_event_rate,0.0,259,COMPLETE,,
6,phase_mod_x_class,DIOR-R,0,aspect_ratio>=2.1,angle_error>delta_theta_0.75(aspect_ratio),class,airplane,median_phase_mod,2.24542468,11,COMPLETE,,
6,phase_mod_x_class,DIOR-R,0,aspect_ratio>=2.1,angle_error>delta_theta_0.75(aspect_ratio),class,airplane,severe_event_rate,0.0,11,COMPLETE,,
6,phase_mod_x_class,DIOR-R,0,aspect_ratio>=2.1,angle_error>delta_theta_0.75(aspect_ratio),class,airport,median_phase_mod,2.26625313,217,COMPLETE,,
6,phase_mod_x_class,DIOR-R,0,aspect_ratio>=2.1,angle_error>delta_theta_0.75(aspect_ratio),class,airport,severe_event_rate,0.03225806,217,COMPLETE,,
6,phase_mod_x_class,DIOR-R,0,aspect_ratio>=2.1,angle_error>delta_theta_0.75(aspect_ratio),class,baseballfield,median_phase_mod,2.28067311,1,COMPLETE,,
6,phase_mod_x_class,DIOR-R,0,aspect_ratio>=2.1,angle_error>delta_theta_0.75(aspect_ratio),class,baseballfield,severe_event_rate,0.0,1,COMPLETE,,
6,phase_mod_x_class,DIOR-R,0,aspect_ratio>=2.1,angle_error>delta_theta_0.75(aspect_ratio),class,basketballcourt,median_phase_mod,2.26392186,36,COMPLETE,,
6,phase_mod_x_class,DIOR-R,0,aspect_ratio>=2.1,angle_error>delta_theta_0.75(aspect_ratio),class,basketballcourt,severe_event_rate,0.0,36,COMPLETE,,
6,phase_mod_x_class,DIOR-R,0,aspect_ratio>=2.1,angle_error>delta_theta_0.75(aspect_ratio),class,bridge,median_phase_mod,2.28916209,937,COMPLETE,,
6,phase_mod_x_class,DIOR-R,0,aspect_ratio>=2.1,angle_error>delta_theta_0.75(aspect_ratio),class,bridge,severe_event_rate,0.0298826,937,COMPLETE,,
6,phase_mod_x_class,DIOR-R,0,aspect_ratio>=2.1,angle_error>delta_theta_0.75(aspect_ratio),class,dam,median_phase_mod,2.22995834,154,COMPLETE,,
6,phase_mod_x_class,DIOR-R,0,aspect_ratio>=2.1,angle_error>delta_theta_0.75(aspect_ratio),class,dam,severe_event_rate,0.02597403,154,COMPLETE,,
6,phase_mod_x_class,DIOR-R,0,aspect_ratio>=2.1,angle_error>delta_theta_0.75(aspect_ratio),class,golffield,median_phase_mod,2.23898724,42,COMPLETE,,
6,phase_mod_x_class,DIOR-R,0,aspect_ratio>=2.1,angle_error>delta_theta_0.75(aspect_ratio),class,golffield,severe_event_rate,0.38095238,42,COMPLETE,,
6,phase_mod_x_class,DIOR-R,0,aspect_ratio>=2.1,angle_error>delta_theta_0.75(aspect_ratio),class,groundtrackfield,median_phase_mod,2.23471492,528,COMPLETE,,
6,phase_mod_x_class,DIOR-R,0,aspect_ratio>=2.1,angle_error>delta_theta_0.75(aspect_ratio),class,groundtrackfield,severe_event_rate,0.0,528,COMPLETE,,
6,phase_mod_x_class,DIOR-R,0,aspect_ratio>=2.1,angle_error>delta_theta_0.75(aspect_ratio),class,harbor,median_phase_mod,2.23900351,783,COMPLETE,,
6,phase_mod_x_class,DIOR-R,0,aspect_ratio>=2.1,angle_error>delta_theta_0.75(aspect_ratio),class,harbor,severe_event_rate,0.01660281,783,COMPLETE,,
6,phase_mod_x_class,DIOR-R,0,aspect_ratio>=2.1,angle_error>delta_theta_0.75(aspect_ratio),class,overpass,median_phase_mod,2.23742153,893,COMPLETE,,
6,phase_mod_x_class,DIOR-R,0,aspect_ratio>=2.1,angle_error>delta_theta_0.75(aspect_ratio),class,overpass,severe_event_rate,0.01903695,893,COMPLETE,,
6,phase_mod_x_class,DIOR-R,0,aspect_ratio>=2.1,angle_error>delta_theta_0.75(aspect_ratio),class,ship,median_phase_mod,2.24703861,28318,COMPLETE,,
6,phase_mod_x_class,DIOR-R,0,aspect_ratio>=2.1,angle_error>delta_theta_0.75(aspect_ratio),class,ship,severe_event_rate,0.00377852,28318,COMPLETE,,
6,phase_mod_x_class,DIOR-R,0,aspect_ratio>=2.1,angle_error>delta_theta_0.75(aspect_ratio),class,stadium,median_phase_mod,2.35375091,1,COMPLETE,,
6,phase_mod_x_class,DIOR-R,0,aspect_ratio>=2.1,angle_error>delta_theta_0.75(aspect_ratio),class,stadium,severe_event_rate,0.0,1,COMPLETE,,
6,phase_mod_x_class,DIOR-R,0,aspect_ratio>=2.1,angle_error>delta_theta_0.75(aspect_ratio),class,storagetank,median_phase_mod,2.24453134,7,COMPLETE,,
6,phase_mod_x_class,DIOR-R,0,aspect_ratio>=2.1,angle_error>delta_theta_0.75(aspect_ratio),class,storagetank,severe_event_rate,0.0,7,COMPLETE,,
6,phase_mod_x_class,DIOR-R,0,aspect_ratio>=2.1,angle_error>delta_theta_0.75(aspect_ratio),class,tenniscourt,median_phase_mod,2.23321754,3901,COMPLETE,,
6,phase_mod_x_class,DIOR-R,0,aspect_ratio>=2.1,angle_error>delta_theta_0.75(aspect_ratio),class,tenniscourt,severe_event_rate,0.0,3901,COMPLETE,,
6,phase_mod_x_class,DIOR-R,0,aspect_ratio>=2.1,angle_error>delta_theta_0.75(aspect_ratio),class,trainstation,median_phase_mod,2.23104348,246,COMPLETE,,
6,phase_mod_x_class,DIOR-R,0,aspect_ratio>=2.1,angle_error>delta_theta_0.75(aspect_ratio),class,trainstation,severe_event_rate,0.00406504,246,COMPLETE,,
6,phase_mod_x_class,DIOR-R,0,aspect_ratio>=2.1,angle_error>delta_theta_0.75(aspect_ratio),class,vehicle,median_phase_mod,2.24723458,10980,COMPLETE,,
6,phase_mod_x_class,DIOR-R,0,aspect_ratio>=2.1,angle_error>delta_theta_0.75(aspect_ratio),class,vehicle,severe_event_rate,0.01575592,10980,COMPLETE,,
6,phase_mod_x_class,DIOR-R,0,aspect_ratio>=2.1,angle_error>delta_theta_0.75(aspect_ratio),class,windmill,median_phase_mod,2.2390222,456,COMPLETE,,
6,phase_mod_x_class,DIOR-R,0,aspect_ratio>=2.1,angle_error>delta_theta_0.75(aspect_ratio),class,windmill,severe_event_rate,0.15131579,456,COMPLETE,,
7,phase_mod_x_boundary_wrapping,DIOR-R,0,aspect_ratio>=2.1,angle_error>delta_theta_0.75(aspect_ratio),all,all,spearman_boundary_distance,-0.11824509626451454,48282,COMPLETE,,
7,phase_mod_x_boundary_wrapping,DIOR-R,0,aspect_ratio>=2.1,angle_error>delta_theta_0.75(aspect_ratio),wrapping_condition,False,severe_event_rate,0.0090717,48282,COMPLETE,,
7,phase_mod_x_boundary_wrapping,DIOR-R,0,aspect_ratio>=2.1,angle_error>delta_theta_0.75(aspect_ratio),wrapping_condition,True,severe_event_rate,,0,UNAVAILABLE,,
8,high_phase_mod_large_error_board,DIOR-R,0,aspect_ratio>=2.1,angle_error>delta_theta_0.75(aspect_ratio),instance_rank,1,listed_instance,1,1,COMPLETE,Top phase-mod decile and geometry-normalized severe event.,"{""angle_error_deg"": 29.90206184, ""class"": ""vehicle"", ""delta_theta_075_deg"": 14.35674951, ""image_id"": ""20438"", ""phase_mod"": 2.45540906, ""pred_id"": ""6""}"
8,high_phase_mod_large_error_board,DIOR-R,0,aspect_ratio>=2.1,angle_error>delta_theta_0.75(aspect_ratio),instance_rank,2,listed_instance,1,1,COMPLETE,Top phase-mod decile and geometry-normalized severe event.,"{""angle_error_deg"": 29.58147416, ""class"": ""vehicle"", ""delta_theta_075_deg"": 13.11884671, ""image_id"": ""19352"", ""phase_mod"": 2.47537088, ""pred_id"": ""16""}"
8,high_phase_mod_large_error_board,DIOR-R,0,aspect_ratio>=2.1,angle_error>delta_theta_0.75(aspect_ratio),instance_rank,3,listed_instance,1,1,COMPLETE,Top phase-mod decile and geometry-normalized severe event.,"{""angle_error_deg"": 19.75305302, ""class"": ""vehicle"", ""delta_theta_075_deg"": 14.55351268, ""image_id"": ""20767"", ""phase_mod"": 2.48154237, ""pred_id"": ""20""}"
8,high_phase_mod_large_error_board,DIOR-R,0,aspect_ratio>=2.1,angle_error>delta_theta_0.75(aspect_ratio),instance_rank,4,listed_instance,1,1,COMPLETE,Top phase-mod decile and geometry-normalized severe event.,"{""angle_error_deg"": 16.97746142, ""class"": ""golffield"", ""delta_theta_075_deg"": 13.4178074, ""image_id"": ""13318"", ""phase_mod"": 2.48394215, ""pred_id"": ""0""}"
8,high_phase_mod_large_error_board,DIOR-R,0,aspect_ratio>=2.1,angle_error>delta_theta_0.75(aspect_ratio),instance_rank,5,listed_instance,1,1,COMPLETE,Top phase-mod decile and geometry-normalized severe event.,"{""angle_error_deg"": 16.838882, ""class"": ""vehicle"", ""delta_theta_075_deg"": 10.45206978, ""image_id"": ""16954"", ""phase_mod"": 2.45806994, ""pred_id"": ""42""}"
8,high_phase_mod_large_error_board,DIOR-R,0,aspect_ratio>=2.1,angle_error>delta_theta_0.75(aspect_ratio),instance_rank,6,listed_instance,1,1,COMPLETE,Top phase-mod decile and geometry-normalized severe event.,"{""angle_error_deg"": 16.21121243, ""class"": ""ship"", ""delta_theta_075_deg"": 12.9829988, ""image_id"": ""20392"", ""phase_mod"": 2.46271005, ""pred_id"": ""13""}"
8,high_phase_mod_large_error_board,DIOR-R,0,aspect_ratio>=2.1,angle_error>delta_theta_0.75(aspect_ratio),instance_rank,7,listed_instance,1,1,COMPLETE,Top phase-mod decile and geometry-normalized severe event.,"{""angle_error_deg"": 15.88803088, ""class"": ""ship"", ""delta_theta_075_deg"": 11.37744153, ""image_id"": ""13336"", ""phase_mod"": 2.44995758, ""pred_id"": ""37""}"
8,high_phase_mod_large_error_board,DIOR-R,0,aspect_ratio>=2.1,angle_error>delta_theta_0.75(aspect_ratio),instance_rank,8,listed_instance,1,1,COMPLETE,Top phase-mod decile and geometry-normalized severe event.,"{""angle_error_deg"": 15.87458907, ""class"": ""vehicle"", ""delta_theta_075_deg"": 13.63999115, ""image_id"": ""12601"", ""phase_mod"": 2.50733252, ""pred_id"": ""14""}"
8,high_phase_mod_large_error_board,DIOR-R,0,aspect_ratio>=2.1,angle_error>delta_theta_0.75(aspect_ratio),instance_rank,9,listed_instance,1,1,COMPLETE,Top phase-mod decile and geometry-normalized severe event.,"{""angle_error_deg"": 15.01613423, ""class"": ""vehicle"", ""delta_theta_075_deg"": 12.21131454, ""image_id"": ""17897"", ""phase_mod"": 2.4440321, ""pred_id"": ""20""}"
8,high_phase_mod_large_error_board,DIOR-R,0,aspect_ratio>=2.1,angle_error>delta_theta_0.75(aspect_ratio),instance_rank,10,listed_instance,1,1,COMPLETE,Top phase-mod decile and geometry-normalized severe event.,"{""angle_error_deg"": 14.99347497, ""class"": ""vehicle"", ""delta_theta_075_deg"": 12.94598687, ""image_id"": ""14010"", ""phase_mod"": 2.44672521, ""pred_id"": ""61""}"
8,high_phase_mod_large_error_board,DIOR-R,0,aspect_ratio>=2.1,angle_error>delta_theta_0.75(aspect_ratio),instance_rank,11,listed_instance,1,1,COMPLETE,Top phase-mod decile and geometry-normalized severe event.,"{""angle_error_deg"": 14.42405838, ""class"": ""ship"", ""delta_theta_075_deg"": 13.15751329, ""image_id"": ""15373"", ""phase_mod"": 2.44434677, ""pred_id"": ""133""}"
8,high_phase_mod_large_error_board,DIOR-R,0,aspect_ratio>=2.1,angle_error>delta_theta_0.75(aspect_ratio),instance_rank,12,listed_instance,1,1,COMPLETE,Top phase-mod decile and geometry-normalized severe event.,"{""angle_error_deg"": 13.81744446, ""class"": ""vehicle"", ""delta_theta_075_deg"": 13.74988581, ""image_id"": ""19783"", ""phase_mod"": 2.50555888, ""pred_id"": ""16""}"
8,high_phase_mod_large_error_board,DIOR-R,0,aspect_ratio>=2.1,angle_error>delta_theta_0.75(aspect_ratio),instance_rank,13,listed_instance,1,1,COMPLETE,Top phase-mod decile and geometry-normalized severe event.,"{""angle_error_deg"": 13.64195129, ""class"": ""ship"", ""delta_theta_075_deg"": 11.05333378, ""image_id"": ""20893"", ""phase_mod"": 2.45676539, ""pred_id"": ""19""}"
8,high_phase_mod_large_error_board,DIOR-R,0,aspect_ratio>=2.1,angle_error>delta_theta_0.75(aspect_ratio),instance_rank,14,listed_instance,1,1,COMPLETE,Top phase-mod decile and geometry-normalized severe event.,"{""angle_error_deg"": 12.80907039, ""class"": ""windmill"", ""delta_theta_075_deg"": 7.33459496, ""image_id"": ""18578"", ""phase_mod"": 2.44153397, ""pred_id"": ""1""}"
8,high_phase_mod_large_error_board,DIOR-R,0,aspect_ratio>=2.1,angle_error>delta_theta_0.75(aspect_ratio),instance_rank,15,listed_instance,1,1,COMPLETE,Top phase-mod decile and geometry-normalized severe event.,"{""angle_error_deg"": 12.46562879, ""class"": ""vehicle"", ""delta_theta_075_deg"": 10.90512743, ""image_id"": ""12479"", ""phase_mod"": 2.44705394, ""pred_id"": ""15""}"
8,high_phase_mod_large_error_board,DIOR-R,0,aspect_ratio>=2.1,angle_error>delta_theta_0.75(aspect_ratio),instance_rank,16,listed_instance,1,1,COMPLETE,Top phase-mod decile and geometry-normalized severe event.,"{""angle_error_deg"": 12.37387544, ""class"": ""ship"", ""delta_theta_075_deg"": 7.41112647, ""image_id"": ""20025"", ""phase_mod"": 2.55929074, ""pred_id"": ""138""}"
8,high_phase_mod_large_error_board,DIOR-R,0,aspect_ratio>=2.1,angle_error>delta_theta_0.75(aspect_ratio),instance_rank,17,listed_instance,1,1,COMPLETE,Top phase-mod decile and geometry-normalized severe event.,"{""angle_error_deg"": 12.2307881, ""class"": ""ship"", ""delta_theta_075_deg"": 5.87822468, ""image_id"": ""18315"", ""phase_mod"": 2.57245132, ""pred_id"": ""10""}"
8,high_phase_mod_large_error_board,DIOR-R,0,aspect_ratio>=2.1,angle_error>delta_theta_0.75(aspect_ratio),instance_rank,18,listed_instance,1,1,COMPLETE,Top phase-mod decile and geometry-normalized severe event.,"{""angle_error_deg"": 11.33981554, ""class"": ""ship"", ""delta_theta_075_deg"": 7.09171283, ""image_id"": ""20660"", ""phase_mod"": 2.44553415, ""pred_id"": ""10""}"
8,high_phase_mod_large_error_board,DIOR-R,0,aspect_ratio>=2.1,angle_error>delta_theta_0.75(aspect_ratio),instance_rank,19,listed_instance,1,1,COMPLETE,Top phase-mod decile and geometry-normalized severe event.,"{""angle_error_deg"": 10.82832919, ""class"": ""ship"", ""delta_theta_075_deg"": 7.12327937, ""image_id"": ""17093"", ""phase_mod"": 2.53752927, ""pred_id"": ""9""}"
8,high_phase_mod_large_error_board,DIOR-R,0,aspect_ratio>=2.1,angle_error>delta_theta_0.75(aspect_ratio),instance_rank,20,listed_instance,1,1,COMPLETE,Top phase-mod decile and geometry-normalized severe event.,"{""angle_error_deg"": 10.7172883, ""class"": ""vehicle"", ""delta_theta_075_deg"": 9.22653406, ""image_id"": ""13056"", ""phase_mod"": 2.45131974, ""pred_id"": ""12""}"
8,high_phase_mod_large_error_board,DIOR-R,0,aspect_ratio>=2.1,angle_error>delta_theta_0.75(aspect_ratio),instance_rank,21,listed_instance,1,1,COMPLETE,Top phase-mod decile and geometry-normalized severe event.,"{""angle_error_deg"": 10.35041061, ""class"": ""ship"", ""delta_theta_075_deg"": 9.07346226, ""image_id"": ""13472"", ""phase_mod"": 2.45577387, ""pred_id"": ""13""}"
8,high_phase_mod_large_error_board,DIOR-R,0,aspect_ratio>=2.1,angle_error>delta_theta_0.75(aspect_ratio),instance_rank,22,listed_instance,1,1,COMPLETE,Top phase-mod decile and geometry-normalized severe event.,"{""angle_error_deg"": 10.29764478, ""class"": ""vehicle"", ""delta_theta_075_deg"": 8.87111275, ""image_id"": ""12241"", ""phase_mod"": 2.51975867, ""pred_id"": ""34""}"
8,high_phase_mod_large_error_board,DIOR-R,0,aspect_ratio>=2.1,angle_error>delta_theta_0.75(aspect_ratio),instance_rank,23,listed_instance,1,1,COMPLETE,Top phase-mod decile and geometry-normalized severe event.,"{""angle_error_deg"": 10.18974498, ""class"": ""ship"", ""delta_theta_075_deg"": 9.75461057, ""image_id"": ""22901"", ""phase_mod"": 2.4659086, ""pred_id"": ""16""}"
8,high_phase_mod_large_error_board,DIOR-R,0,aspect_ratio>=2.1,angle_error>delta_theta_0.75(aspect_ratio),instance_rank,24,listed_instance,1,1,COMPLETE,Top phase-mod decile and geometry-normalized severe event.,"{""angle_error_deg"": 9.76780914, ""class"": ""overpass"", ""delta_theta_075_deg"": 5.43118589, ""image_id"": ""13464"", ""phase_mod"": 2.50223867, ""pred_id"": ""1""}"
8,high_phase_mod_large_error_board,DIOR-R,0,aspect_ratio>=2.1,angle_error>delta_theta_0.75(aspect_ratio),instance_rank,25,listed_instance,1,1,COMPLETE,Top phase-mod decile and geometry-normalized severe event.,"{""angle_error_deg"": 9.4892475, ""class"": ""ship"", ""delta_theta_075_deg"": 8.03944419, ""image_id"": ""16848"", ""phase_mod"": 2.53439211, ""pred_id"": ""7""}"
8,high_phase_mod_large_error_board,DIOR-R,0,aspect_ratio>=2.1,angle_error>delta_theta_0.75(aspect_ratio),instance_rank,26,listed_instance,1,1,COMPLETE,Top phase-mod decile and geometry-normalized severe event.,"{""angle_error_deg"": 9.48732229, ""class"": ""ship"", ""delta_theta_075_deg"": 9.46782103, ""image_id"": ""17858"", ""phase_mod"": 2.44962505, ""pred_id"": ""14""}"
8,high_phase_mod_large_error_board,DIOR-R,0,aspect_ratio>=2.1,angle_error>delta_theta_0.75(aspect_ratio),instance_rank,27,listed_instance,1,1,COMPLETE,Top phase-mod decile and geometry-normalized severe event.,"{""angle_error_deg"": 9.20764392, ""class"": ""ship"", ""delta_theta_075_deg"": 7.96052735, ""image_id"": ""22287"", ""phase_mod"": 2.53991529, ""pred_id"": ""30""}"
8,high_phase_mod_large_error_board,DIOR-R,0,aspect_ratio>=2.1,angle_error>delta_theta_0.75(aspect_ratio),instance_rank,28,listed_instance,1,1,COMPLETE,Top phase-mod decile and geometry-normalized severe event.,"{""angle_error_deg"": 8.65693485, ""class"": ""bridge"", ""delta_theta_075_deg"": 7.25679992, ""image_id"": ""21346"", ""phase_mod"": 2.4766763, ""pred_id"": ""5""}"
8,high_phase_mod_large_error_board,DIOR-R,0,aspect_ratio>=2.1,angle_error>delta_theta_0.75(aspect_ratio),instance_rank,29,listed_instance,1,1,COMPLETE,Top phase-mod decile and geometry-normalized severe event.,"{""angle_error_deg"": 8.57509669, ""class"": ""vehicle"", ""delta_theta_075_deg"": 8.03857444, ""image_id"": ""13157"", ""phase_mod"": 2.54437529, ""pred_id"": ""6""}"
8,high_phase_mod_large_error_board,DIOR-R,0,aspect_ratio>=2.1,angle_error>delta_theta_0.75(aspect_ratio),instance_rank,30,listed_instance,1,1,COMPLETE,Top phase-mod decile and geometry-normalized severe event.,"{""angle_error_deg"": 8.50936135, ""class"": ""overpass"", ""delta_theta_075_deg"": 7.20748848, ""image_id"": ""15033"", ""phase_mod"": 2.50227025, ""pred_id"": ""2""}"
8,high_phase_mod_large_error_board,DIOR-R,0,aspect_ratio>=2.1,angle_error>delta_theta_0.75(aspect_ratio),instance_rank,31,listed_instance,1,1,COMPLETE,Top phase-mod decile and geometry-normalized severe event.,"{""angle_error_deg"": 8.05820163, ""class"": ""vehicle"", ""delta_theta_075_deg"": 7.8926271, ""image_id"": ""12241"", ""phase_mod"": 2.51272567, ""pred_id"": ""31""}"
8,high_phase_mod_large_error_board,DIOR-R,0,aspect_ratio>=2.1,angle_error>delta_theta_0.75(aspect_ratio),instance_rank,32,listed_instance,1,1,COMPLETE,Top phase-mod decile and geometry-normalized severe event.,"{""angle_error_deg"": 7.9265682, ""class"": ""overpass"", ""delta_theta_075_deg"": 3.85536713, ""image_id"": ""21814"", ""phase_mod"": 2.46814215, ""pred_id"": ""0""}"
8,high_phase_mod_large_error_board,DIOR-R,0,aspect_ratio>=2.1,angle_error>delta_theta_0.75(aspect_ratio),instance_rank,33,listed_instance,1,1,COMPLETE,Top phase-mod decile and geometry-normalized severe event.,"{""angle_error_deg"": 7.34011743, ""class"": ""vehicle"", ""delta_theta_075_deg"": 6.46357616, ""image_id"": ""23054"", ""phase_mod"": 2.48169535, ""pred_id"": ""6""}"
8,high_phase_mod_large_error_board,DIOR-R,0,aspect_ratio>=2.1,angle_error>delta_theta_0.75(aspect_ratio),instance_rank,34,listed_instance,1,1,COMPLETE,Top phase-mod decile and geometry-normalized severe event.,"{""angle_error_deg"": 6.9196949, ""class"": ""bridge"", ""delta_theta_075_deg"": 4.75880009, ""image_id"": ""22983"", ""phase_mod"": 2.51311535, ""pred_id"": ""2""}"
8,high_phase_mod_large_error_board,DIOR-R,0,aspect_ratio>=2.1,angle_error>delta_theta_0.75(aspect_ratio),instance_rank,35,listed_instance,1,1,COMPLETE,Top phase-mod decile and geometry-normalized severe event.,"{""angle_error_deg"": 6.4333142, ""class"": ""bridge"", ""delta_theta_075_deg"": 6.40819237, ""image_id"": ""11989"", ""phase_mod"": 2.62876811, ""pred_id"": ""2""}"
8,high_phase_mod_large_error_board,DIOR-R,0,aspect_ratio>=2.1,angle_error>delta_theta_0.75(aspect_ratio),instance_rank,36,listed_instance,1,1,COMPLETE,Top phase-mod decile and geometry-normalized severe event.,"{""angle_error_deg"": 5.4272927, ""class"": ""vehicle"", ""delta_theta_075_deg"": 4.13654812, ""image_id"": ""20787"", ""phase_mod"": 2.48254241, ""pred_id"": ""5""}"
8,high_phase_mod_large_error_board,DIOR-R,0,aspect_ratio>=2.1,angle_error>delta_theta_0.75(aspect_ratio),instance_rank,37,listed_instance,1,1,COMPLETE,Top phase-mod decile and geometry-normalized severe event.,"{""angle_error_deg"": 5.07805782, ""class"": ""bridge"", ""delta_theta_075_deg"": 4.58845755, ""image_id"": ""22280"", ""phase_mod"": 2.76313197, ""pred_id"": ""15""}"
8,high_phase_mod_large_error_board,DIOR-R,0,aspect_ratio>=2.1,angle_error>delta_theta_0.75(aspect_ratio),instance_rank,38,listed_instance,1,1,COMPLETE,Top phase-mod decile and geometry-normalized severe event.,"{""angle_error_deg"": 4.93467758, ""class"": ""overpass"", ""delta_theta_075_deg"": 3.5884561, ""image_id"": ""13555"", ""phase_mod"": 2.46894811, ""pred_id"": ""2""}"
8,high_phase_mod_large_error_board,DIOR-R,0,aspect_ratio>=2.1,angle_error>delta_theta_0.75(aspect_ratio),instance_rank,39,listed_instance,1,1,COMPLETE,Top phase-mod decile and geometry-normalized severe event.,"{""angle_error_deg"": 4.75267694, ""class"": ""bridge"", ""delta_theta_075_deg"": 2.96498904, ""image_id"": ""14680"", ""phase_mod"": 2.47648629, ""pred_id"": ""11""}"
8,high_phase_mod_large_error_board,DIOR-R,0,aspect_ratio>=2.1,angle_error>delta_theta_0.75(aspect_ratio),instance_rank,40,listed_instance,1,1,COMPLETE,Top phase-mod decile and geometry-normalized severe event.,"{""angle_error_deg"": 4.09487428, ""class"": ""bridge"", ""delta_theta_075_deg"": 2.53346911, ""image_id"": ""17066"", ""phase_mod"": 2.49030097, ""pred_id"": ""4""}"
8,high_phase_mod_large_error_board,DIOR-R,0,aspect_ratio>=2.1,angle_error>delta_theta_0.75(aspect_ratio),instance_rank,41,listed_instance,1,1,COMPLETE,Top phase-mod decile and geometry-normalized severe event.,"{""angle_error_deg"": 3.81827894, ""class"": ""airport"", ""delta_theta_075_deg"": 3.2194212, ""image_id"": ""12142"", ""phase_mod"": 2.50147343, ""pred_id"": ""0""}"
8,high_phase_mod_large_error_board,DIOR-R,0,aspect_ratio>=2.1,angle_error>delta_theta_0.75(aspect_ratio),instance_rank,42,listed_instance,1,1,COMPLETE,Top phase-mod decile and geometry-normalized severe event.,"{""angle_error_deg"": 3.14600349, ""class"": ""bridge"", ""delta_theta_075_deg"": 2.66662678, ""image_id"": ""21664"", ""phase_mod"": 2.4564338, ""pred_id"": ""1""}"
9,multi_frequency_circular_disagreement,DIOR-R,0,aspect_ratio>=2.1,angle_error>delta_theta_0.75(aspect_ratio),all,all,mean,0.77690082,48282,COMPLETE,,
9,multi_frequency_circular_disagreement,DIOR-R,0,aspect_ratio>=2.1,angle_error>delta_theta_0.75(aspect_ratio),all,all,p90,1.67520598,48282,COMPLETE,,
9,multi_frequency_circular_disagreement,DIOR-R,0,aspect_ratio>=2.1,angle_error>delta_theta_0.75(aspect_ratio),all,all,spearman_angle_error,0.5494676972773285,48282,COMPLETE,,
10,unwrap_candidate_energy_gap,DIOR-R,0,aspect_ratio>=2.1,angle_error>delta_theta_0.75(aspect_ratio),all,all,mean,1.99591309,48282,COMPLETE,,
10,unwrap_candidate_energy_gap,DIOR-R,0,aspect_ratio>=2.1,angle_error>delta_theta_0.75(aspect_ratio),all,all,p90,1.99999809,48282,COMPLETE,,
10,unwrap_candidate_energy_gap,DIOR-R,0,aspect_ratio>=2.1,angle_error>delta_theta_0.75(aspect_ratio),all,all,spearman_angle_error,-0.5494676972773285,48282,COMPLETE,,
11,phase_direction_margin,DIOR-R,0,aspect_ratio>=2.1,angle_error>delta_theta_0.75(aspect_ratio),all,all,mean,2.97708509,48282,COMPLETE,,
11,phase_direction_margin,DIOR-R,0,aspect_ratio>=2.1,angle_error>delta_theta_0.75(aspect_ratio),all,all,p90,3.08259401,48282,COMPLETE,,
11,phase_direction_margin,DIOR-R,0,aspect_ratio>=2.1,angle_error>delta_theta_0.75(aspect_ratio),all,all,spearman_angle_error,-0.041588679586882636,48282,COMPLETE,,
12,tta_phase_direction_circular_variance,DIOR-R,0,aspect_ratio>=2.1,angle_error>delta_theta_0.75(aspect_ratio),all,all,mean,0.00311681,47984,COMPLETE,,
12,tta_phase_direction_circular_variance,DIOR-R,0,aspect_ratio>=2.1,angle_error>delta_theta_0.75(aspect_ratio),all,all,p90,0.00110168,47984,COMPLETE,,
12,tta_phase_direction_circular_variance,DIOR-R,0,aspect_ratio>=2.1,angle_error>delta_theta_0.75(aspect_ratio),all,all,spearman_angle_error,0.5364248172051344,47984,COMPLETE,,
1,phase_mod_x_angle_error,DIOR-R,1,aspect_ratio>=2.1,angle_error>delta_theta_0.75(aspect_ratio),all,all,spearman,0.1719068194093322,48152,COMPLETE,,
1,phase_mod_x_angle_error,DIOR-R,1,aspect_ratio>=2.1,angle_error>delta_theta_0.75(aspect_ratio),phase_mod_decile,D1,mean_angle_error_deg,3.11982144,4816,COMPLETE,,
1,phase_mod_x_angle_error,DIOR-R,1,aspect_ratio>=2.1,angle_error>delta_theta_0.75(aspect_ratio),phase_mod_decile,D1,severe_event_rate,0.0247093,4816,COMPLETE,,
1,phase_mod_x_angle_error,DIOR-R,1,aspect_ratio>=2.1,angle_error>delta_theta_0.75(aspect_ratio),phase_mod_decile,D2,mean_angle_error_deg,1.55763899,4815,COMPLETE,,
1,phase_mod_x_angle_error,DIOR-R,1,aspect_ratio>=2.1,angle_error>delta_theta_0.75(aspect_ratio),phase_mod_decile,D2,severe_event_rate,0.00581516,4815,COMPLETE,,
1,phase_mod_x_angle_error,DIOR-R,1,aspect_ratio>=2.1,angle_error>delta_theta_0.75(aspect_ratio),phase_mod_decile,D3,mean_angle_error_deg,0.85334371,4815,COMPLETE,,
1,phase_mod_x_angle_error,DIOR-R,1,aspect_ratio>=2.1,angle_error>delta_theta_0.75(aspect_ratio),phase_mod_decile,D3,severe_event_rate,0.00228453,4815,COMPLETE,,
1,phase_mod_x_angle_error,DIOR-R,1,aspect_ratio>=2.1,angle_error>delta_theta_0.75(aspect_ratio),phase_mod_decile,D4,mean_angle_error_deg,0.80190499,4815,COMPLETE,,
1,phase_mod_x_angle_error,DIOR-R,1,aspect_ratio>=2.1,angle_error>delta_theta_0.75(aspect_ratio),phase_mod_decile,D4,severe_event_rate,0.00353063,4815,COMPLETE,,
1,phase_mod_x_angle_error,DIOR-R,1,aspect_ratio>=2.1,angle_error>delta_theta_0.75(aspect_ratio),phase_mod_decile,D5,mean_angle_error_deg,0.88098396,4815,COMPLETE,,
1,phase_mod_x_angle_error,DIOR-R,1,aspect_ratio>=2.1,angle_error>delta_theta_0.75(aspect_ratio),phase_mod_decile,D5,severe_event_rate,0.00539979,4815,COMPLETE,,
1,phase_mod_x_angle_error,DIOR-R,1,aspect_ratio>=2.1,angle_error>delta_theta_0.75(aspect_ratio),phase_mod_decile,D6,mean_angle_error_deg,1.11354816,4815,COMPLETE,,
1,phase_mod_x_angle_error,DIOR-R,1,aspect_ratio>=2.1,angle_error>delta_theta_0.75(aspect_ratio),phase_mod_decile,D6,severe_event_rate,0.00623053,4815,COMPLETE,,
1,phase_mod_x_angle_error,DIOR-R,1,aspect_ratio>=2.1,angle_error>delta_theta_0.75(aspect_ratio),phase_mod_decile,D7,mean_angle_error_deg,1.64956716,4815,COMPLETE,,
1,phase_mod_x_angle_error,DIOR-R,1,aspect_ratio>=2.1,angle_error>delta_theta_0.75(aspect_ratio),phase_mod_decile,D7,severe_event_rate,0.00726895,4815,COMPLETE,,
1,phase_mod_x_angle_error,DIOR-R,1,aspect_ratio>=2.1,angle_error>delta_theta_0.75(aspect_ratio),phase_mod_decile,D8,mean_angle_error_deg,2.43450288,4815,COMPLETE,,
1,phase_mod_x_angle_error,DIOR-R,1,aspect_ratio>=2.1,angle_error>delta_theta_0.75(aspect_ratio),phase_mod_decile,D8,severe_event_rate,0.0105919,4815,COMPLETE,,
1,phase_mod_x_angle_error,DIOR-R,1,aspect_ratio>=2.1,angle_error>delta_theta_0.75(aspect_ratio),phase_mod_decile,D9,mean_angle_error_deg,2.56039205,4815,COMPLETE,,
1,phase_mod_x_angle_error,DIOR-R,1,aspect_ratio>=2.1,angle_error>delta_theta_0.75(aspect_ratio),phase_mod_decile,D9,severe_event_rate,0.01412253,4815,COMPLETE,,
1,phase_mod_x_angle_error,DIOR-R,1,aspect_ratio>=2.1,angle_error>delta_theta_0.75(aspect_ratio),phase_mod_decile,D10,mean_angle_error_deg,2.20365227,4816,COMPLETE,,
1,phase_mod_x_angle_error,DIOR-R,1,aspect_ratio>=2.1,angle_error>delta_theta_0.75(aspect_ratio),phase_mod_decile,D10,severe_event_rate,0.00685216,4816,COMPLETE,,
2,phase_mod_x_phase_angle,DIOR-R,1,aspect_ratio>=2.1,angle_error>delta_theta_0.75(aspect_ratio),all,all,spearman_cos_phase,-0.10549638729282497,48152,COMPLETE,,
2,phase_mod_x_phase_angle,DIOR-R,1,aspect_ratio>=2.1,angle_error>delta_theta_0.75(aspect_ratio),all,all,spearman_sin_phase,-0.11121033030713395,48152,COMPLETE,,
3,phase_mod_x_objectness,DIOR-R,1,aspect_ratio>=2.1,angle_error>delta_theta_0.75(aspect_ratio),all,all,availability,,0,UNAVAILABLE,UNAVAILABLE: frozen PSC RetinaNet has no separate objectness output; detection score is reported only in the registered score comparison.,
4,phase_mod_x_feature_norm,DIOR-R,1,aspect_ratio>=2.1,angle_error>delta_theta_0.75(aspect_ratio),all,all,spearman,-0.5251965473363123,48152,COMPLETE,Feature norm is the actual shared regression/angle-tower feature at the post-NMS-selected FPN location.,
5,phase_mod_x_size,DIOR-R,1,aspect_ratio>=2.1,angle_error>delta_theta_0.75(aspect_ratio),all,all,spearman,-0.029704718163973538,48152,COMPLETE,Size statistic uses log(GT box area) for preregistered diagnostic conditioning only.,
6,phase_mod_x_class,DIOR-R,1,aspect_ratio>=2.1,angle_error>delta_theta_0.75(aspect_ratio),class,Expressway-Service-area,median_phase_mod,2.294864,498,COMPLETE,,
6,phase_mod_x_class,DIOR-R,1,aspect_ratio>=2.1,angle_error>delta_theta_0.75(aspect_ratio),class,Expressway-Service-area,severe_event_rate,0.00803213,498,COMPLETE,,
6,phase_mod_x_class,DIOR-R,1,aspect_ratio>=2.1,angle_error>delta_theta_0.75(aspect_ratio),class,Expressway-toll-station,median_phase_mod,2.2831685,260,COMPLETE,,
6,phase_mod_x_class,DIOR-R,1,aspect_ratio>=2.1,angle_error>delta_theta_0.75(aspect_ratio),class,Expressway-toll-station,severe_event_rate,0.0,260,COMPLETE,,
6,phase_mod_x_class,DIOR-R,1,aspect_ratio>=2.1,angle_error>delta_theta_0.75(aspect_ratio),class,airplane,median_phase_mod,2.23546124,13,COMPLETE,,
6,phase_mod_x_class,DIOR-R,1,aspect_ratio>=2.1,angle_error>delta_theta_0.75(aspect_ratio),class,airplane,severe_event_rate,0.0,13,COMPLETE,,
6,phase_mod_x_class,DIOR-R,1,aspect_ratio>=2.1,angle_error>delta_theta_0.75(aspect_ratio),class,airport,median_phase_mod,2.25532539,228,COMPLETE,,
6,phase_mod_x_class,DIOR-R,1,aspect_ratio>=2.1,angle_error>delta_theta_0.75(aspect_ratio),class,airport,severe_event_rate,0.03508772,228,COMPLETE,,
6,phase_mod_x_class,DIOR-R,1,aspect_ratio>=2.1,angle_error>delta_theta_0.75(aspect_ratio),class,baseballfield,median_phase_mod,2.26646618,1,COMPLETE,,
6,phase_mod_x_class,DIOR-R,1,aspect_ratio>=2.1,angle_error>delta_theta_0.75(aspect_ratio),class,baseballfield,severe_event_rate,0.0,1,COMPLETE,,
6,phase_mod_x_class,DIOR-R,1,aspect_ratio>=2.1,angle_error>delta_theta_0.75(aspect_ratio),class,basketballcourt,median_phase_mod,2.24669528,42,COMPLETE,,
6,phase_mod_x_class,DIOR-R,1,aspect_ratio>=2.1,angle_error>delta_theta_0.75(aspect_ratio),class,basketballcourt,severe_event_rate,0.0,42,COMPLETE,,
6,phase_mod_x_class,DIOR-R,1,aspect_ratio>=2.1,angle_error>delta_theta_0.75(aspect_ratio),class,bridge,median_phase_mod,2.29156559,952,COMPLETE,,
6,phase_mod_x_class,DIOR-R,1,aspect_ratio>=2.1,angle_error>delta_theta_0.75(aspect_ratio),class,bridge,severe_event_rate,0.01785714,952,COMPLETE,,
6,phase_mod_x_class,DIOR-R,1,aspect_ratio>=2.1,angle_error>delta_theta_0.75(aspect_ratio),class,dam,median_phase_mod,2.22100984,161,COMPLETE,,
6,phase_mod_x_class,DIOR-R,1,aspect_ratio>=2.1,angle_error>delta_theta_0.75(aspect_ratio),class,dam,severe_event_rate,0.03726708,161,COMPLETE,,
6,phase_mod_x_class,DIOR-R,1,aspect_ratio>=2.1,angle_error>delta_theta_0.75(aspect_ratio),class,golffield,median_phase_mod,2.2432903,42,COMPLETE,,
6,phase_mod_x_class,DIOR-R,1,aspect_ratio>=2.1,angle_error>delta_theta_0.75(aspect_ratio),class,golffield,severe_event_rate,0.38095238,42,COMPLETE,,
6,phase_mod_x_class,DIOR-R,1,aspect_ratio>=2.1,angle_error>delta_theta_0.75(aspect_ratio),class,groundtrackfield,median_phase_mod,2.23276655,528,COMPLETE,,
6,phase_mod_x_class,DIOR-R,1,aspect_ratio>=2.1,angle_error>delta_theta_0.75(aspect_ratio),class,groundtrackfield,severe_event_rate,0.0,528,COMPLETE,,
6,phase_mod_x_class,DIOR-R,1,aspect_ratio>=2.1,angle_error>delta_theta_0.75(aspect_ratio),class,harbor,median_phase_mod,2.23781515,715,COMPLETE,,
6,phase_mod_x_class,DIOR-R,1,aspect_ratio>=2.1,angle_error>delta_theta_0.75(aspect_ratio),class,harbor,severe_event_rate,0.01538462,715,COMPLETE,,
6,phase_mod_x_class,DIOR-R,1,aspect_ratio>=2.1,angle_error>delta_theta_0.75(aspect_ratio),class,overpass,median_phase_mod,2.23635628,912,COMPLETE,,
6,phase_mod_x_class,DIOR-R,1,aspect_ratio>=2.1,angle_error>delta_theta_0.75(aspect_ratio),class,overpass,severe_event_rate,0.02412281,912,COMPLETE,,
6,phase_mod_x_class,DIOR-R,1,aspect_ratio>=2.1,angle_error>delta_theta_0.75(aspect_ratio),class,ship,median_phase_mod,2.23884439,28312,COMPLETE,,
6,phase_mod_x_class,DIOR-R,1,aspect_ratio>=2.1,angle_error>delta_theta_0.75(aspect_ratio),class,ship,severe_event_rate,0.00367335,28312,COMPLETE,,
6,phase_mod_x_class,DIOR-R,1,aspect_ratio>=2.1,angle_error>delta_theta_0.75(aspect_ratio),class,stadium,median_phase_mod,2.25549283,1,COMPLETE,,
6,phase_mod_x_class,DIOR-R,1,aspect_ratio>=2.1,angle_error>delta_theta_0.75(aspect_ratio),class,stadium,severe_event_rate,0.0,1,COMPLETE,,
6,phase_mod_x_class,DIOR-R,1,aspect_ratio>=2.1,angle_error>delta_theta_0.75(aspect_ratio),class,storagetank,median_phase_mod,2.25459097,8,COMPLETE,,
6,phase_mod_x_class,DIOR-R,1,aspect_ratio>=2.1,angle_error>delta_theta_0.75(aspect_ratio),class,storagetank,severe_event_rate,0.0,8,COMPLETE,,
6,phase_mod_x_class,DIOR-R,1,aspect_ratio>=2.1,angle_error>delta_theta_0.75(aspect_ratio),class,tenniscourt,median_phase_mod,2.23351641,3906,COMPLETE,,
6,phase_mod_x_class,DIOR-R,1,aspect_ratio>=2.1,angle_error>delta_theta_0.75(aspect_ratio),class,tenniscourt,severe_event_rate,0.0,3906,COMPLETE,,
6,phase_mod_x_class,DIOR-R,1,aspect_ratio>=2.1,angle_error>delta_theta_0.75(aspect_ratio),class,trainstation,median_phase_mod,2.2340719,251,COMPLETE,,
6,phase_mod_x_class,DIOR-R,1,aspect_ratio>=2.1,angle_error>delta_theta_0.75(aspect_ratio),class,trainstation,severe_event_rate,0.00398406,251,COMPLETE,,
6,phase_mod_x_class,DIOR-R,1,aspect_ratio>=2.1,angle_error>delta_theta_0.75(aspect_ratio),class,vehicle,median_phase_mod,2.24226652,10859,COMPLETE,,
6,phase_mod_x_class,DIOR-R,1,aspect_ratio>=2.1,angle_error>delta_theta_0.75(aspect_ratio),class,vehicle,severe_event_rate,0.01482641,10859,COMPLETE,,
6,phase_mod_x_class,DIOR-R,1,aspect_ratio>=2.1,angle_error>delta_theta_0.75(aspect_ratio),class,windmill,median_phase_mod,2.23798178,463,COMPLETE,,
6,phase_mod_x_class,DIOR-R,1,aspect_ratio>=2.1,angle_error>delta_theta_0.75(aspect_ratio),class,windmill,severe_event_rate,0.14686825,463,COMPLETE,,
7,phase_mod_x_boundary_wrapping,DIOR-R,1,aspect_ratio>=2.1,angle_error>delta_theta_0.75(aspect_ratio),all,all,spearman_boundary_distance,-0.09413075051847243,48152,COMPLETE,,
7,phase_mod_x_boundary_wrapping,DIOR-R,1,aspect_ratio>=2.1,angle_error>delta_theta_0.75(aspect_ratio),wrapping_condition,False,severe_event_rate,0.00868084,48152,COMPLETE,,
7,phase_mod_x_boundary_wrapping,DIOR-R,1,aspect_ratio>=2.1,angle_error>delta_theta_0.75(aspect_ratio),wrapping_condition,True,severe_event_rate,,0,UNAVAILABLE,,
8,high_phase_mod_large_error_board,DIOR-R,1,aspect_ratio>=2.1,angle_error>delta_theta_0.75(aspect_ratio),instance_rank,1,listed_instance,1,1,COMPLETE,Top phase-mod decile and geometry-normalized severe event.,"{""angle_error_deg"": 40.86048955, ""class"": ""vehicle"", ""delta_theta_075_deg"": 12.17270068, ""image_id"": ""22225"", ""phase_mod"": 2.44693462, ""pred_id"": ""48""}"
8,high_phase_mod_large_error_board,DIOR-R,1,aspect_ratio>=2.1,angle_error>delta_theta_0.75(aspect_ratio),instance_rank,2,listed_instance,1,1,COMPLETE,Top phase-mod decile and geometry-normalized severe event.,"{""angle_error_deg"": 31.09392985, ""class"": ""vehicle"", ""delta_theta_075_deg"": 14.35674951, ""image_id"": ""20438"", ""phase_mod"": 2.47608547, ""pred_id"": ""8""}"
8,high_phase_mod_large_error_board,DIOR-R,1,aspect_ratio>=2.1,angle_error>delta_theta_0.75(aspect_ratio),instance_rank,3,listed_instance,1,1,COMPLETE,Top phase-mod decile and geometry-normalized severe event.,"{""angle_error_deg"": 30.58301804, ""class"": ""vehicle"", ""delta_theta_075_deg"": 13.81490963, ""image_id"": ""18198"", ""phase_mod"": 2.44431233, ""pred_id"": ""2""}"
8,high_phase_mod_large_error_board,DIOR-R,1,aspect_ratio>=2.1,angle_error>delta_theta_0.75(aspect_ratio),instance_rank,4,listed_instance,1,1,COMPLETE,Top phase-mod decile and geometry-normalized severe event.,"{""angle_error_deg"": 26.17798861, ""class"": ""vehicle"", ""delta_theta_075_deg"": 11.7219573, ""image_id"": ""20461"", ""phase_mod"": 2.48674761, ""pred_id"": ""98""}"
8,high_phase_mod_large_error_board,DIOR-R,1,aspect_ratio>=2.1,angle_error>delta_theta_0.75(aspect_ratio),instance_rank,5,listed_instance,1,1,COMPLETE,Top phase-mod decile and geometry-normalized severe event.,"{""angle_error_deg"": 25.8674461, ""class"": ""vehicle"", ""delta_theta_075_deg"": 14.46526513, ""image_id"": ""16432"", ""phase_mod"": 2.45252475, ""pred_id"": ""107""}"
8,high_phase_mod_large_error_board,DIOR-R,1,aspect_ratio>=2.1,angle_error>delta_theta_0.75(aspect_ratio),instance_rank,6,listed_instance,1,1,COMPLETE,Top phase-mod decile and geometry-normalized severe event.,"{""angle_error_deg"": 25.50466792, ""class"": ""vehicle"", ""delta_theta_075_deg"": 13.15343691, ""image_id"": ""21460"", ""phase_mod"": 2.44503406, ""pred_id"": ""56""}"
8,high_phase_mod_large_error_board,DIOR-R,1,aspect_ratio>=2.1,angle_error>delta_theta_0.75(aspect_ratio),instance_rank,7,listed_instance,1,1,COMPLETE,Top phase-mod decile and geometry-normalized severe event.,"{""angle_error_deg"": 21.59102801, ""class"": ""vehicle"", ""delta_theta_075_deg"": 13.74988581, ""image_id"": ""14478"", ""phase_mod"": 2.496058, ""pred_id"": ""20""}"
8,high_phase_mod_large_error_board,DIOR-R,1,aspect_ratio>=2.1,angle_error>delta_theta_0.75(aspect_ratio),instance_rank,8,listed_instance,1,1,COMPLETE,Top phase-mod decile and geometry-normalized severe event.,"{""angle_error_deg"": 20.1315796, ""class"": ""ship"", ""delta_theta_075_deg"": 11.1426068, ""image_id"": ""13158"", ""phase_mod"": 2.45883192, ""pred_id"": ""174""}"
8,high_phase_mod_large_error_board,DIOR-R,1,aspect_ratio>=2.1,angle_error>delta_theta_0.75(aspect_ratio),instance_rank,9,listed_instance,1,1,COMPLETE,Top phase-mod decile and geometry-normalized severe event.,"{""angle_error_deg"": 19.31885208, ""class"": ""vehicle"", ""delta_theta_075_deg"": 9.24450649, ""image_id"": ""14959"", ""phase_mod"": 2.44474072, ""pred_id"": ""12""}"
8,high_phase_mod_large_error_board,DIOR-R,1,aspect_ratio>=2.1,angle_error>delta_theta_0.75(aspect_ratio),instance_rank,10,listed_instance,1,1,COMPLETE,Top phase-mod decile and geometry-normalized severe event.,"{""angle_error_deg"": 18.3140748, ""class"": ""golffield"", ""delta_theta_075_deg"": 13.4178074, ""image_id"": ""13318"", ""phase_mod"": 2.47715586, ""pred_id"": ""0""}"
8,high_phase_mod_large_error_board,DIOR-R,1,aspect_ratio>=2.1,angle_error>delta_theta_0.75(aspect_ratio),instance_rank,11,listed_instance,1,1,COMPLETE,Top phase-mod decile and geometry-normalized severe event.,"{""angle_error_deg"": 17.41727358, ""class"": ""vehicle"", ""delta_theta_075_deg"": 13.94680032, ""image_id"": ""19049"", ""phase_mod"": 2.61848285, ""pred_id"": ""1""}"
8,high_phase_mod_large_error_board,DIOR-R,1,aspect_ratio>=2.1,angle_error>delta_theta_0.75(aspect_ratio),instance_rank,12,listed_instance,1,1,COMPLETE,Top phase-mod decile and geometry-normalized severe event.,"{""angle_error_deg"": 17.26505678, ""class"": ""vehicle"", ""delta_theta_075_deg"": 12.67381166, ""image_id"": ""19061"", ""phase_mod"": 2.52735965, ""pred_id"": ""12""}"
8,high_phase_mod_large_error_board,DIOR-R,1,aspect_ratio>=2.1,angle_error>delta_theta_0.75(aspect_ratio),instance_rank,13,listed_instance,1,1,COMPLETE,Top phase-mod decile and geometry-normalized severe event.,"{""angle_error_deg"": 17.26257001, ""class"": ""vehicle"", ""delta_theta_075_deg"": 10.18775989, ""image_id"": ""21460"", ""phase_mod"": 2.45069236, ""pred_id"": ""31""}"
8,high_phase_mod_large_error_board,DIOR-R,1,aspect_ratio>=2.1,angle_error>delta_theta_0.75(aspect_ratio),instance_rank,14,listed_instance,1,1,COMPLETE,Top phase-mod decile and geometry-normalized severe event.,"{""angle_error_deg"": 16.96357143, ""class"": ""vehicle"", ""delta_theta_075_deg"": 10.40320926, ""image_id"": ""23265"", ""phase_mod"": 2.46921874, ""pred_id"": ""17""}"
8,high_phase_mod_large_error_board,DIOR-R,1,aspect_ratio>=2.1,angle_error>delta_theta_0.75(aspect_ratio),instance_rank,15,listed_instance,1,1,COMPLETE,Top phase-mod decile and geometry-normalized severe event.,"{""angle_error_deg"": 16.1589593, ""class"": ""vehicle"", ""delta_theta_075_deg"": 14.62472174, ""image_id"": ""23251"", ""phase_mod"": 2.52640861, ""pred_id"": ""34""}"
8,high_phase_mod_large_error_board,DIOR-R,1,aspect_ratio>=2.1,angle_error>delta_theta_0.75(aspect_ratio),instance_rank,16,listed_instance,1,1,COMPLETE,Top phase-mod decile and geometry-normalized severe event.,"{""angle_error_deg"": 14.32465522, ""class"": ""vehicle"", ""delta_theta_075_deg"": 12.77774859, ""image_id"": ""17880"", ""phase_mod"": 2.4936651, ""pred_id"": ""15""}"
8,high_phase_mod_large_error_board,DIOR-R,1,aspect_ratio>=2.1,angle_error>delta_theta_0.75(aspect_ratio),instance_rank,17,listed_instance,1,1,COMPLETE,Top phase-mod decile and geometry-normalized severe event.,"{""angle_error_deg"": 13.82786141, ""class"": ""ship"", ""delta_theta_075_deg"": 7.12327937, ""image_id"": ""17093"", ""phase_mod"": 2.52063135, ""pred_id"": ""8""}"
8,high_phase_mod_large_error_board,DIOR-R,1,aspect_ratio>=2.1,angle_error>delta_theta_0.75(aspect_ratio),instance_rank,18,listed_instance,1,1,COMPLETE,Top phase-mod decile and geometry-normalized severe event.,"{""angle_error_deg"": 13.67190167, ""class"": ""vehicle"", ""delta_theta_075_deg"": 12.56422737, ""image_id"": ""20002"", ""phase_mod"": 2.48905957, ""pred_id"": ""3""}"
8,high_phase_mod_large_error_board,DIOR-R,1,aspect_ratio>=2.1,angle_error>delta_theta_0.75(aspect_ratio),instance_rank,19,listed_instance,1,1,COMPLETE,Top phase-mod decile and geometry-normalized severe event.,"{""angle_error_deg"": 13.6336698, ""class"": ""vehicle"", ""delta_theta_075_deg"": 13.3086666, ""image_id"": ""17166"", ""phase_mod"": 2.4552678, ""pred_id"": ""1""}"
8,high_phase_mod_large_error_board,DIOR-R,1,aspect_ratio>=2.1,angle_error>delta_theta_0.75(aspect_ratio),instance_rank,20,listed_instance,1,1,COMPLETE,Top phase-mod decile and geometry-normalized severe event.,"{""angle_error_deg"": 12.90505242, ""class"": ""ship"", ""delta_theta_075_deg"": 12.50986168, ""image_id"": ""22000"", ""phase_mod"": 2.46497679, ""pred_id"": ""144""}"
8,high_phase_mod_large_error_board,DIOR-R,1,aspect_ratio>=2.1,angle_error>delta_theta_0.75(aspect_ratio),instance_rank,21,listed_instance,1,1,COMPLETE,Top phase-mod decile and geometry-normalized severe event.,"{""angle_error_deg"": 12.8147966, ""class"": ""ship"", ""delta_theta_075_deg"": 11.83182089, ""image_id"": ""13051"", ""phase_mod"": 2.47251755, ""pred_id"": ""162""}"
8,high_phase_mod_large_error_board,DIOR-R,1,aspect_ratio>=2.1,angle_error>delta_theta_0.75(aspect_ratio),instance_rank,22,listed_instance,1,1,COMPLETE,Top phase-mod decile and geometry-normalized severe event.,"{""angle_error_deg"": 12.24807793, ""class"": ""vehicle"", ""delta_theta_075_deg"": 11.61407934, ""image_id"": ""16056"", ""phase_mod"": 2.46834395, ""pred_id"": ""15""}"
8,high_phase_mod_large_error_board,DIOR-R,1,aspect_ratio>=2.1,angle_error>delta_theta_0.75(aspect_ratio),instance_rank,23,listed_instance,1,1,COMPLETE,Top phase-mod decile and geometry-normalized severe event.,"{""angle_error_deg"": 11.65601493, ""class"": ""ship"", ""delta_theta_075_deg"": 11.19643447, ""image_id"": ""12513"", ""phase_mod"": 2.53790328, ""pred_id"": ""71""}"
8,high_phase_mod_large_error_board,DIOR-R,1,aspect_ratio>=2.1,angle_error>delta_theta_0.75(aspect_ratio),instance_rank,24,listed_instance,1,1,COMPLETE,Top phase-mod decile and geometry-normalized severe event.,"{""angle_error_deg"": 11.5244997, ""class"": ""vehicle"", ""delta_theta_075_deg"": 10.8418, ""image_id"": ""12246"", ""phase_mod"": 2.46322933, ""pred_id"": ""30""}"
8,high_phase_mod_large_error_board,DIOR-R,1,aspect_ratio>=2.1,angle_error>delta_theta_0.75(aspect_ratio),instance_rank,25,listed_instance,1,1,COMPLETE,Top phase-mod decile and geometry-normalized severe event.,"{""angle_error_deg"": 10.56567165, ""class"": ""ship"", ""delta_theta_075_deg"": 8.03944419, ""image_id"": ""16848"", ""phase_mod"": 2.4679949, ""pred_id"": ""7""}"
8,high_phase_mod_large_error_board,DIOR-R,1,aspect_ratio>=2.1,angle_error>delta_theta_0.75(aspect_ratio),instance_rank,26,listed_instance,1,1,COMPLETE,Top phase-mod decile and geometry-normalized severe event.,"{""angle_error_deg"": 10.18517206, ""class"": ""ship"", ""delta_theta_075_deg"": 7.09171283, ""image_id"": ""20660"", ""phase_mod"": 2.48758924, ""pred_id"": ""10""}"
8,high_phase_mod_large_error_board,DIOR-R,1,aspect_ratio>=2.1,angle_error>delta_theta_0.75(aspect_ratio),instance_rank,27,listed_instance,1,1,COMPLETE,Top phase-mod decile and geometry-normalized severe event.,"{""angle_error_deg"": 10.04778548, ""class"": ""vehicle"", ""delta_theta_075_deg"": 8.75067284, ""image_id"": ""21285"", ""phase_mod"": 2.44571482, ""pred_id"": ""1""}"
8,high_phase_mod_large_error_board,DIOR-R,1,aspect_ratio>=2.1,angle_error>delta_theta_0.75(aspect_ratio),instance_rank,28,listed_instance,1,1,COMPLETE,Top phase-mod decile and geometry-normalized severe event.,"{""angle_error_deg"": 9.65711957, ""class"": ""ship"", ""delta_theta_075_deg"": 8.04334012, ""image_id"": ""12809"", ""phase_mod"": 2.47572581, ""pred_id"": ""90""}"
8,high_phase_mod_large_error_board,DIOR-R,1,aspect_ratio>=2.1,angle_error>delta_theta_0.75(aspect_ratio),instance_rank,29,listed_instance,1,1,COMPLETE,Top phase-mod decile and geometry-normalized severe event.,"{""angle_error_deg"": 6.38182658, ""class"": ""vehicle"", ""delta_theta_075_deg"": 5.71976422, ""image_id"": ""19761"", ""phase_mod"": 2.45132913, ""pred_id"": ""13""}"
8,high_phase_mod_large_error_board,DIOR-R,1,aspect_ratio>=2.1,angle_error>delta_theta_0.75(aspect_ratio),instance_rank,30,listed_instance,1,1,COMPLETE,Top phase-mod decile and geometry-normalized severe event.,"{""angle_error_deg"": 6.13482975, ""class"": ""vehicle"", ""delta_theta_075_deg"": 5.08711099, ""image_id"": ""21686"", ""phase_mod"": 2.46116242, ""pred_id"": ""17""}"
8,high_phase_mod_large_error_board,DIOR-R,1,aspect_ratio>=2.1,angle_error>delta_theta_0.75(aspect_ratio),instance_rank,31,listed_instance,1,1,COMPLETE,Top phase-mod decile and geometry-normalized severe event.,"{""angle_error_deg"": 4.35421401, ""class"": ""overpass"", ""delta_theta_075_deg"": 4.26878663, ""image_id"": ""15307"", ""phase_mod"": 2.54164272, ""pred_id"": ""5""}"
8,high_phase_mod_large_error_board,DIOR-R,1,aspect_ratio>=2.1,angle_error>delta_theta_0.75(aspect_ratio),instance_rank,32,listed_instance,1,1,COMPLETE,Top phase-mod decile and geometry-normalized severe event.,"{""angle_error_deg"": 4.21039413, ""class"": ""overpass"", ""delta_theta_075_deg"": 3.39696083, ""image_id"": ""17046"", ""phase_mod"": 2.53931187, ""pred_id"": ""42""}"
8,high_phase_mod_large_error_board,DIOR-R,1,aspect_ratio>=2.1,angle_error>delta_theta_0.75(aspect_ratio),instance_rank,33,listed_instance,1,1,COMPLETE,Top phase-mod decile and geometry-normalized severe event.,"{""angle_error_deg"": 1.72025614, ""class"": ""bridge"", ""delta_theta_075_deg"": 1.44352272, ""image_id"": ""17398"", ""phase_mod"": 2.46522081, ""pred_id"": ""36""}"
9,multi_frequency_circular_disagreement,DIOR-R,1,aspect_ratio>=2.1,angle_error>delta_theta_0.75(aspect_ratio),all,all,mean,0.74488607,48152,COMPLETE,,
9,multi_frequency_circular_disagreement,DIOR-R,1,aspect_ratio>=2.1,angle_error>delta_theta_0.75(aspect_ratio),all,all,p90,1.65478557,48152,COMPLETE,,
9,multi_frequency_circular_disagreement,DIOR-R,1,aspect_ratio>=2.1,angle_error>delta_theta_0.75(aspect_ratio),all,all,spearman_angle_error,0.5531465660898279,48152,COMPLETE,,
10,unwrap_candidate_energy_gap,DIOR-R,1,aspect_ratio>=2.1,angle_error>delta_theta_0.75(aspect_ratio),all,all,mean,1.9962073,48152,COMPLETE,,
10,unwrap_candidate_energy_gap,DIOR-R,1,aspect_ratio>=2.1,angle_error>delta_theta_0.75(aspect_ratio),all,all,p90,1.99999855,48152,COMPLETE,,
10,unwrap_candidate_energy_gap,DIOR-R,1,aspect_ratio>=2.1,angle_error>delta_theta_0.75(aspect_ratio),all,all,spearman_angle_error,-0.5531465660898279,48152,COMPLETE,,
11,phase_direction_margin,DIOR-R,1,aspect_ratio>=2.1,angle_error>delta_theta_0.75(aspect_ratio),all,all,mean,2.97414671,48152,COMPLETE,,
11,phase_direction_margin,DIOR-R,1,aspect_ratio>=2.1,angle_error>delta_theta_0.75(aspect_ratio),all,all,p90,3.07628578,48152,COMPLETE,,
11,phase_direction_margin,DIOR-R,1,aspect_ratio>=2.1,angle_error>delta_theta_0.75(aspect_ratio),all,all,spearman_angle_error,-0.05782810005583668,48152,COMPLETE,,
12,tta_phase_direction_circular_variance,DIOR-R,1,aspect_ratio>=2.1,angle_error>delta_theta_0.75(aspect_ratio),all,all,availability,,0,UNAVAILABLE,TTA was preregistered for seed0 only.,
1,phase_mod_x_angle_error,DIOR-R,2,aspect_ratio>=2.1,angle_error>delta_theta_0.75(aspect_ratio),all,all,spearman,0.1814484644154235,48195,COMPLETE,,
1,phase_mod_x_angle_error,DIOR-R,2,aspect_ratio>=2.1,angle_error>delta_theta_0.75(aspect_ratio),phase_mod_decile,D1,mean_angle_error_deg,3.0743328,4820,COMPLETE,,
1,phase_mod_x_angle_error,DIOR-R,2,aspect_ratio>=2.1,angle_error>delta_theta_0.75(aspect_ratio),phase_mod_decile,D1,severe_event_rate,0.02427386,4820,COMPLETE,,
1,phase_mod_x_angle_error,DIOR-R,2,aspect_ratio>=2.1,angle_error>delta_theta_0.75(aspect_ratio),phase_mod_decile,D2,mean_angle_error_deg,1.60866203,4819,COMPLETE,,
1,phase_mod_x_angle_error,DIOR-R,2,aspect_ratio>=2.1,angle_error>delta_theta_0.75(aspect_ratio),phase_mod_decile,D2,severe_event_rate,0.00705541,4819,COMPLETE,,
1,phase_mod_x_angle_error,DIOR-R,2,aspect_ratio>=2.1,angle_error>delta_theta_0.75(aspect_ratio),phase_mod_decile,D3,mean_angle_error_deg,0.79086589,4820,COMPLETE,,
1,phase_mod_x_angle_error,DIOR-R,2,aspect_ratio>=2.1,angle_error>delta_theta_0.75(aspect_ratio),phase_mod_decile,D3,severe_event_rate,0.00394191,4820,COMPLETE,,
1,phase_mod_x_angle_error,DIOR-R,2,aspect_ratio>=2.1,angle_error>delta_theta_0.75(aspect_ratio),phase_mod_decile,D4,mean_angle_error_deg,0.75145549,4819,COMPLETE,,
1,phase_mod_x_angle_error,DIOR-R,2,aspect_ratio>=2.1,angle_error>delta_theta_0.75(aspect_ratio),phase_mod_decile,D4,severe_event_rate,0.00394273,4819,COMPLETE,,
1,phase_mod_x_angle_error,DIOR-R,2,aspect_ratio>=2.1,angle_error>delta_theta_0.75(aspect_ratio),phase_mod_decile,D5,mean_angle_error_deg,0.89802183,4819,COMPLETE,,
1,phase_mod_x_angle_error,DIOR-R,2,aspect_ratio>=2.1,angle_error>delta_theta_0.75(aspect_ratio),phase_mod_decile,D5,severe_event_rate,0.00622536,4819,COMPLETE,,
1,phase_mod_x_angle_error,DIOR-R,2,aspect_ratio>=2.1,angle_error>delta_theta_0.75(aspect_ratio),phase_mod_decile,D6,mean_angle_error_deg,1.12178882,4820,COMPLETE,,
1,phase_mod_x_angle_error,DIOR-R,2,aspect_ratio>=2.1,angle_error>delta_theta_0.75(aspect_ratio),phase_mod_decile,D6,severe_event_rate,0.00518672,4820,COMPLETE,,
1,phase_mod_x_angle_error,DIOR-R,2,aspect_ratio>=2.1,angle_error>delta_theta_0.75(aspect_ratio),phase_mod_decile,D7,mean_angle_error_deg,1.66862852,4819,COMPLETE,,
1,phase_mod_x_angle_error,DIOR-R,2,aspect_ratio>=2.1,angle_error>delta_theta_0.75(aspect_ratio),phase_mod_decile,D7,severe_event_rate,0.00622536,4819,COMPLETE,,
1,phase_mod_x_angle_error,DIOR-R,2,aspect_ratio>=2.1,angle_error>delta_theta_0.75(aspect_ratio),phase_mod_decile,D8,mean_angle_error_deg,2.34807245,4820,COMPLETE,,
1,phase_mod_x_angle_error,DIOR-R,2,aspect_ratio>=2.1,angle_error>delta_theta_0.75(aspect_ratio),phase_mod_decile,D8,severe_event_rate,0.00912863,4820,COMPLETE,,
1,phase_mod_x_angle_error,DIOR-R,2,aspect_ratio>=2.1,angle_error>delta_theta_0.75(aspect_ratio),phase_mod_decile,D9,mean_angle_error_deg,2.52522133,4819,COMPLETE,,
1,phase_mod_x_angle_error,DIOR-R,2,aspect_ratio>=2.1,angle_error>delta_theta_0.75(aspect_ratio),phase_mod_decile,D9,severe_event_rate,0.01286574,4819,COMPLETE,,
1,phase_mod_x_angle_error,DIOR-R,2,aspect_ratio>=2.1,angle_error>delta_theta_0.75(aspect_ratio),phase_mod_decile,D10,mean_angle_error_deg,2.18522461,4820,COMPLETE,,
1,phase_mod_x_angle_error,DIOR-R,2,aspect_ratio>=2.1,angle_error>delta_theta_0.75(aspect_ratio),phase_mod_decile,D10,severe_event_rate,0.00705394,4820,COMPLETE,,
2,phase_mod_x_phase_angle,DIOR-R,2,aspect_ratio>=2.1,angle_error>delta_theta_0.75(aspect_ratio),all,all,spearman_cos_phase,-0.09356326277044824,48195,COMPLETE,,
2,phase_mod_x_phase_angle,DIOR-R,2,aspect_ratio>=2.1,angle_error>delta_theta_0.75(aspect_ratio),all,all,spearman_sin_phase,-0.10965378426539894,48195,COMPLETE,,
3,phase_mod_x_objectness,DIOR-R,2,aspect_ratio>=2.1,angle_error>delta_theta_0.75(aspect_ratio),all,all,availability,,0,UNAVAILABLE,UNAVAILABLE: frozen PSC RetinaNet has no separate objectness output; detection score is reported only in the registered score comparison.,
4,phase_mod_x_feature_norm,DIOR-R,2,aspect_ratio>=2.1,angle_error>delta_theta_0.75(aspect_ratio),all,all,spearman,-0.5098831989145948,48195,COMPLETE,Feature norm is the actual shared regression/angle-tower feature at the post-NMS-selected FPN location.,
5,phase_mod_x_size,DIOR-R,2,aspect_ratio>=2.1,angle_error>delta_theta_0.75(aspect_ratio),all,all,spearman,-0.04293614823618339,48195,COMPLETE,Size statistic uses log(GT box area) for preregistered diagnostic conditioning only.,
6,phase_mod_x_class,DIOR-R,2,aspect_ratio>=2.1,angle_error>delta_theta_0.75(aspect_ratio),class,Expressway-Service-area,median_phase_mod,2.28549974,518,COMPLETE,,
6,phase_mod_x_class,DIOR-R,2,aspect_ratio>=2.1,angle_error>delta_theta_0.75(aspect_ratio),class,Expressway-Service-area,severe_event_rate,0.003861,518,COMPLETE,,
6,phase_mod_x_class,DIOR-R,2,aspect_ratio>=2.1,angle_error>delta_theta_0.75(aspect_ratio),class,Expressway-toll-station,median_phase_mod,2.29637795,266,COMPLETE,,
6,phase_mod_x_class,DIOR-R,2,aspect_ratio>=2.1,angle_error>delta_theta_0.75(aspect_ratio),class,Expressway-toll-station,severe_event_rate,0.0,266,COMPLETE,,
6,phase_mod_x_class,DIOR-R,2,aspect_ratio>=2.1,angle_error>delta_theta_0.75(aspect_ratio),class,airplane,median_phase_mod,2.23861054,13,COMPLETE,,
6,phase_mod_x_class,DIOR-R,2,aspect_ratio>=2.1,angle_error>delta_theta_0.75(aspect_ratio),class,airplane,severe_event_rate,0.0,13,COMPLETE,,
6,phase_mod_x_class,DIOR-R,2,aspect_ratio>=2.1,angle_error>delta_theta_0.75(aspect_ratio),class,airport,median_phase_mod,2.26389007,211,COMPLETE,,
6,phase_mod_x_class,DIOR-R,2,aspect_ratio>=2.1,angle_error>delta_theta_0.75(aspect_ratio),class,airport,severe_event_rate,0.02369668,211,COMPLETE,,
6,phase_mod_x_class,DIOR-R,2,aspect_ratio>=2.1,angle_error>delta_theta_0.75(aspect_ratio),class,baseballfield,median_phase_mod,2.27594763,1,COMPLETE,,
6,phase_mod_x_class,DIOR-R,2,aspect_ratio>=2.1,angle_error>delta_theta_0.75(aspect_ratio),class,baseballfield,severe_event_rate,0.0,1,COMPLETE,,
6,phase_mod_x_class,DIOR-R,2,aspect_ratio>=2.1,angle_error>delta_theta_0.75(aspect_ratio),class,basketballcourt,median_phase_mod,2.25695089,39,COMPLETE,,
6,phase_mod_x_class,DIOR-R,2,aspect_ratio>=2.1,angle_error>delta_theta_0.75(aspect_ratio),class,basketballcourt,severe_event_rate,0.0,39,COMPLETE,,
6,phase_mod_x_class,DIOR-R,2,aspect_ratio>=2.1,angle_error>delta_theta_0.75(aspect_ratio),class,bridge,median_phase_mod,2.28499825,962,COMPLETE,,
6,phase_mod_x_class,DIOR-R,2,aspect_ratio>=2.1,angle_error>delta_theta_0.75(aspect_ratio),class,bridge,severe_event_rate,0.02079002,962,COMPLETE,,
6,phase_mod_x_class,DIOR-R,2,aspect_ratio>=2.1,angle_error>delta_theta_0.75(aspect_ratio),class,chimney,median_phase_mod,2.23527165,2,COMPLETE,,
6,phase_mod_x_class,DIOR-R,2,aspect_ratio>=2.1,angle_error>delta_theta_0.75(aspect_ratio),class,chimney,severe_event_rate,0.0,2,COMPLETE,,
6,phase_mod_x_class,DIOR-R,2,aspect_ratio>=2.1,angle_error>delta_theta_0.75(aspect_ratio),class,dam,median_phase_mod,2.21027111,156,COMPLETE,,
6,phase_mod_x_class,DIOR-R,2,aspect_ratio>=2.1,angle_error>delta_theta_0.75(aspect_ratio),class,dam,severe_event_rate,0.02564103,156,COMPLETE,,
6,phase_mod_x_class,DIOR-R,2,aspect_ratio>=2.1,angle_error>delta_theta_0.75(aspect_ratio),class,golffield,median_phase_mod,2.23848779,41,COMPLETE,,
6,phase_mod_x_class,DIOR-R,2,aspect_ratio>=2.1,angle_error>delta_theta_0.75(aspect_ratio),class,golffield,severe_event_rate,0.31707317,41,COMPLETE,,
6,phase_mod_x_class,DIOR-R,2,aspect_ratio>=2.1,angle_error>delta_theta_0.75(aspect_ratio),class,groundtrackfield,median_phase_mod,2.23498947,529,COMPLETE,,
6,phase_mod_x_class,DIOR-R,2,aspect_ratio>=2.1,angle_error>delta_theta_0.75(aspect_ratio),class,groundtrackfield,severe_event_rate,0.0,529,COMPLETE,,
6,phase_mod_x_class,DIOR-R,2,aspect_ratio>=2.1,angle_error>delta_theta_0.75(aspect_ratio),class,harbor,median_phase_mod,2.24553499,663,COMPLETE,,
6,phase_mod_x_class,DIOR-R,2,aspect_ratio>=2.1,angle_error>delta_theta_0.75(aspect_ratio),class,harbor,severe_event_rate,0.02111614,663,COMPLETE,,
6,phase_mod_x_class,DIOR-R,2,aspect_ratio>=2.1,angle_error>delta_theta_0.75(aspect_ratio),class,overpass,median_phase_mod,2.2454563,897,COMPLETE,,
6,phase_mod_x_class,DIOR-R,2,aspect_ratio>=2.1,angle_error>delta_theta_0.75(aspect_ratio),class,overpass,severe_event_rate,0.02006689,897,COMPLETE,,
6,phase_mod_x_class,DIOR-R,2,aspect_ratio>=2.1,angle_error>delta_theta_0.75(aspect_ratio),class,ship,median_phase_mod,2.24590922,28373,COMPLETE,,
6,phase_mod_x_class,DIOR-R,2,aspect_ratio>=2.1,angle_error>delta_theta_0.75(aspect_ratio),class,ship,severe_event_rate,0.00366546,28373,COMPLETE,,
6,phase_mod_x_class,DIOR-R,2,aspect_ratio>=2.1,angle_error>delta_theta_0.75(aspect_ratio),class,stadium,median_phase_mod,2.22663458,1,COMPLETE,,
6,phase_mod_x_class,DIOR-R,2,aspect_ratio>=2.1,angle_error>delta_theta_0.75(aspect_ratio),class,stadium,severe_event_rate,0.0,1,COMPLETE,,
6,phase_mod_x_class,DIOR-R,2,aspect_ratio>=2.1,angle_error>delta_theta_0.75(aspect_ratio),class,storagetank,median_phase_mod,2.24397542,9,COMPLETE,,
6,phase_mod_x_class,DIOR-R,2,aspect_ratio>=2.1,angle_error>delta_theta_0.75(aspect_ratio),class,storagetank,severe_event_rate,0.0,9,COMPLETE,,
6,phase_mod_x_class,DIOR-R,2,aspect_ratio>=2.1,angle_error>delta_theta_0.75(aspect_ratio),class,tenniscourt,median_phase_mod,2.23355164,3918,COMPLETE,,
6,phase_mod_x_class,DIOR-R,2,aspect_ratio>=2.1,angle_error>delta_theta_0.75(aspect_ratio),class,tenniscourt,severe_event_rate,0.00025523,3918,COMPLETE,,
6,phase_mod_x_class,DIOR-R,2,aspect_ratio>=2.1,angle_error>delta_theta_0.75(aspect_ratio),class,trainstation,median_phase_mod,2.23592159,250,COMPLETE,,
6,phase_mod_x_class,DIOR-R,2,aspect_ratio>=2.1,angle_error>delta_theta_0.75(aspect_ratio),class,trainstation,severe_event_rate,0.004,250,COMPLETE,,
6,phase_mod_x_class,DIOR-R,2,aspect_ratio>=2.1,angle_error>delta_theta_0.75(aspect_ratio),class,vehicle,median_phase_mod,2.24474064,10872,COMPLETE,,
6,phase_mod_x_class,DIOR-R,2,aspect_ratio>=2.1,angle_error>delta_theta_0.75(aspect_ratio),class,vehicle,severe_event_rate,0.01499264,10872,COMPLETE,,
6,phase_mod_x_class,DIOR-R,2,aspect_ratio>=2.1,angle_error>delta_theta_0.75(aspect_ratio),class,windmill,median_phase_mod,2.23631039,474,COMPLETE,,
6,phase_mod_x_class,DIOR-R,2,aspect_ratio>=2.1,angle_error>delta_theta_0.75(aspect_ratio),class,windmill,severe_event_rate,0.14556962,474,COMPLETE,,
7,phase_mod_x_boundary_wrapping,DIOR-R,2,aspect_ratio>=2.1,angle_error>delta_theta_0.75(aspect_ratio),all,all,spearman_boundary_distance,-0.08475208548484031,48195,COMPLETE,,
7,phase_mod_x_boundary_wrapping,DIOR-R,2,aspect_ratio>=2.1,angle_error>delta_theta_0.75(aspect_ratio),wrapping_condition,False,severe_event_rate,0.0085901,48195,COMPLETE,,
7,phase_mod_x_boundary_wrapping,DIOR-R,2,aspect_ratio>=2.1,angle_error>delta_theta_0.75(aspect_ratio),wrapping_condition,True,severe_event_rate,,0,UNAVAILABLE,,
8,high_phase_mod_large_error_board,DIOR-R,2,aspect_ratio>=2.1,angle_error>delta_theta_0.75(aspect_ratio),instance_rank,1,listed_instance,1,1,COMPLETE,Top phase-mod decile and geometry-normalized severe event.,"{""angle_error_deg"": 22.08375012, ""class"": ""vehicle"", ""delta_theta_075_deg"": 13.90488037, ""image_id"": ""23321"", ""phase_mod"": 2.49112744, ""pred_id"": ""6""}"
8,high_phase_mod_large_error_board,DIOR-R,2,aspect_ratio>=2.1,angle_error>delta_theta_0.75(aspect_ratio),instance_rank,2,listed_instance,1,1,COMPLETE,Top phase-mod decile and geometry-normalized severe event.,"{""angle_error_deg"": 19.67056915, ""class"": ""ship"", ""delta_theta_075_deg"": 11.85090595, ""image_id"": ""21058"", ""phase_mod"": 2.46624976, ""pred_id"": ""37""}"
8,high_phase_mod_large_error_board,DIOR-R,2,aspect_ratio>=2.1,angle_error>delta_theta_0.75(aspect_ratio),instance_rank,3,listed_instance,1,1,COMPLETE,Top phase-mod decile and geometry-normalized severe event.,"{""angle_error_deg"": 18.56103657, ""class"": ""vehicle"", ""delta_theta_075_deg"": 13.94680032, ""image_id"": ""19049"", ""phase_mod"": 2.59004821, ""pred_id"": ""1""}"
8,high_phase_mod_large_error_board,DIOR-R,2,aspect_ratio>=2.1,angle_error>delta_theta_0.75(aspect_ratio),instance_rank,4,listed_instance,1,1,COMPLETE,Top phase-mod decile and geometry-normalized severe event.,"{""angle_error_deg"": 17.59468043, ""class"": ""vehicle"", ""delta_theta_075_deg"": 11.71650022, ""image_id"": ""20878"", ""phase_mod"": 2.48351922, ""pred_id"": ""9""}"
8,high_phase_mod_large_error_board,DIOR-R,2,aspect_ratio>=2.1,angle_error>delta_theta_0.75(aspect_ratio),instance_rank,5,listed_instance,1,1,COMPLETE,Top phase-mod decile and geometry-normalized severe event.,"{""angle_error_deg"": 17.49100547, ""class"": ""vehicle"", ""delta_theta_075_deg"": 10.40320926, ""image_id"": ""23265"", ""phase_mod"": 2.51113264, ""pred_id"": ""15""}"
8,high_phase_mod_large_error_board,DIOR-R,2,aspect_ratio>=2.1,angle_error>delta_theta_0.75(aspect_ratio),instance_rank,6,listed_instance,1,1,COMPLETE,Top phase-mod decile and geometry-normalized severe event.,"{""angle_error_deg"": 16.97423074, ""class"": ""vehicle"", ""delta_theta_075_deg"": 12.95939793, ""image_id"": ""12246"", ""phase_mod"": 2.50476395, ""pred_id"": ""51""}"
8,high_phase_mod_large_error_board,DIOR-R,2,aspect_ratio>=2.1,angle_error>delta_theta_0.75(aspect_ratio),instance_rank,7,listed_instance,1,1,COMPLETE,Top phase-mod decile and geometry-normalized severe event.,"{""angle_error_deg"": 16.93182594, ""class"": ""vehicle"", ""delta_theta_075_deg"": 12.67381166, ""image_id"": ""19061"", ""phase_mod"": 2.50734175, ""pred_id"": ""9""}"
8,high_phase_mod_large_error_board,DIOR-R,2,aspect_ratio>=2.1,angle_error>delta_theta_0.75(aspect_ratio),instance_rank,8,listed_instance,1,1,COMPLETE,Top phase-mod decile and geometry-normalized severe event.,"{""angle_error_deg"": 16.05490344, ""class"": ""vehicle"", ""delta_theta_075_deg"": 13.4610057, ""image_id"": ""14171"", ""phase_mod"": 2.47079356, ""pred_id"": ""68""}"
8,high_phase_mod_large_error_board,DIOR-R,2,aspect_ratio>=2.1,angle_error>delta_theta_0.75(aspect_ratio),instance_rank,9,listed_instance,1,1,COMPLETE,Top phase-mod decile and geometry-normalized severe event.,"{""angle_error_deg"": 16.0341901, ""class"": ""vehicle"", ""delta_theta_075_deg"": 15.1307669, ""image_id"": ""11915"", ""phase_mod"": 2.45454087, ""pred_id"": ""37""}"
8,high_phase_mod_large_error_board,DIOR-R,2,aspect_ratio>=2.1,angle_error>delta_theta_0.75(aspect_ratio),instance_rank,10,listed_instance,1,1,COMPLETE,Top phase-mod decile and geometry-normalized severe event.,"{""angle_error_deg"": 15.15779486, ""class"": ""vehicle"", ""delta_theta_075_deg"": 11.258892, ""image_id"": ""16678"", ""phase_mod"": 2.4989196, ""pred_id"": ""79""}"
8,high_phase_mod_large_error_board,DIOR-R,2,aspect_ratio>=2.1,angle_error>delta_theta_0.75(aspect_ratio),instance_rank,11,listed_instance,1,1,COMPLETE,Top phase-mod decile and geometry-normalized severe event.,"{""angle_error_deg"": 14.12898396, ""class"": ""vehicle"", ""delta_theta_075_deg"": 13.63999115, ""image_id"": ""12601"", ""phase_mod"": 2.46873909, ""pred_id"": ""17""}"
8,high_phase_mod_large_error_board,DIOR-R,2,aspect_ratio>=2.1,angle_error>delta_theta_0.75(aspect_ratio),instance_rank,12,listed_instance,1,1,COMPLETE,Top phase-mod decile and geometry-normalized severe event.,"{""angle_error_deg"": 13.93705564, ""class"": ""harbor"", ""delta_theta_075_deg"": 10.31643396, ""image_id"": ""13213"", ""phase_mod"": 2.44444449, ""pred_id"": ""75""}"
8,high_phase_mod_large_error_board,DIOR-R,2,aspect_ratio>=2.1,angle_error>delta_theta_0.75(aspect_ratio),instance_rank,13,listed_instance,1,1,COMPLETE,Top phase-mod decile and geometry-normalized severe event.,"{""angle_error_deg"": 13.67864409, ""class"": ""vehicle"", ""delta_theta_075_deg"": 13.19753629, ""image_id"": ""20338"", ""phase_mod"": 2.52217681, ""pred_id"": ""47""}"
8,high_phase_mod_large_error_board,DIOR-R,2,aspect_ratio>=2.1,angle_error>delta_theta_0.75(aspect_ratio),instance_rank,14,listed_instance,1,1,COMPLETE,Top phase-mod decile and geometry-normalized severe event.,"{""angle_error_deg"": 13.22361415, ""class"": ""ship"", ""delta_theta_075_deg"": 11.11727625, ""image_id"": ""23024"", ""phase_mod"": 2.47815224, ""pred_id"": ""5""}"
8,high_phase_mod_large_error_board,DIOR-R,2,aspect_ratio>=2.1,angle_error>delta_theta_0.75(aspect_ratio),instance_rank,15,listed_instance,1,1,COMPLETE,Top phase-mod decile and geometry-normalized severe event.,"{""angle_error_deg"": 11.53001069, ""class"": ""ship"", ""delta_theta_075_deg"": 5.87822468, ""image_id"": ""18315"", ""phase_mod"": 2.52768191, ""pred_id"": ""10""}"
8,high_phase_mod_large_error_board,DIOR-R,2,aspect_ratio>=2.1,angle_error>delta_theta_0.75(aspect_ratio),instance_rank,16,listed_instance,1,1,COMPLETE,Top phase-mod decile and geometry-normalized severe event.,"{""angle_error_deg"": 11.47057951, ""class"": ""vehicle"", ""delta_theta_075_deg"": 10.90512743, ""image_id"": ""12479"", ""phase_mod"": 2.45337986, ""pred_id"": ""12""}"
8,high_phase_mod_large_error_board,DIOR-R,2,aspect_ratio>=2.1,angle_error>delta_theta_0.75(aspect_ratio),instance_rank,17,listed_instance,1,1,COMPLETE,Top phase-mod decile and geometry-normalized severe event.,"{""angle_error_deg"": 10.15233592, ""class"": ""ship"", ""delta_theta_075_deg"": 7.41112647, ""image_id"": ""20025"", ""phase_mod"": 2.50203114, ""pred_id"": ""150""}"
8,high_phase_mod_large_error_board,DIOR-R,2,aspect_ratio>=2.1,angle_error>delta_theta_0.75(aspect_ratio),instance_rank,18,listed_instance,1,1,COMPLETE,Top phase-mod decile and geometry-normalized severe event.,"{""angle_error_deg"": 9.96581973, ""class"": ""ship"", ""delta_theta_075_deg"": 9.16962342, ""image_id"": ""12513"", ""phase_mod"": 2.48570097, ""pred_id"": ""48""}"
8,high_phase_mod_large_error_board,DIOR-R,2,aspect_ratio>=2.1,angle_error>delta_theta_0.75(aspect_ratio),instance_rank,19,listed_instance,1,1,COMPLETE,Top phase-mod decile and geometry-normalized severe event.,"{""angle_error_deg"": 9.78725036, ""class"": ""vehicle"", ""delta_theta_075_deg"": 7.8926271, ""image_id"": ""12241"", ""phase_mod"": 2.49221862, ""pred_id"": ""35""}"
8,high_phase_mod_large_error_board,DIOR-R,2,aspect_ratio>=2.1,angle_error>delta_theta_0.75(aspect_ratio),instance_rank,20,listed_instance,1,1,COMPLETE,Top phase-mod decile and geometry-normalized severe event.,"{""angle_error_deg"": 8.53929375, ""class"": ""ship"", ""delta_theta_075_deg"": 8.1577, ""image_id"": ""12513"", ""phase_mod"": 2.52864102, ""pred_id"": ""212""}"
8,high_phase_mod_large_error_board,DIOR-R,2,aspect_ratio>=2.1,angle_error>delta_theta_0.75(aspect_ratio),instance_rank,21,listed_instance,1,1,COMPLETE,Top phase-mod decile and geometry-normalized severe event.,"{""angle_error_deg"": 8.25693025, ""class"": ""bridge"", ""delta_theta_075_deg"": 4.75880009, ""image_id"": ""22983"", ""phase_mod"": 2.54730695, ""pred_id"": ""0""}"
8,high_phase_mod_large_error_board,DIOR-R,2,aspect_ratio>=2.1,angle_error>delta_theta_0.75(aspect_ratio),instance_rank,22,listed_instance,1,1,COMPLETE,Top phase-mod decile and geometry-normalized severe event.,"{""angle_error_deg"": 8.16042998, ""class"": ""ship"", ""delta_theta_075_deg"": 8.07607185, ""image_id"": ""13371"", ""phase_mod"": 2.51032604, ""pred_id"": ""31""}"
8,high_phase_mod_large_error_board,DIOR-R,2,aspect_ratio>=2.1,angle_error>delta_theta_0.75(aspect_ratio),instance_rank,23,listed_instance,1,1,COMPLETE,Top phase-mod decile and geometry-normalized severe event.,"{""angle_error_deg"": 7.69212452, ""class"": ""bridge"", ""delta_theta_075_deg"": 4.48755828, ""image_id"": ""19365"", ""phase_mod"": 2.47830712, ""pred_id"": ""9""}"
8,high_phase_mod_large_error_board,DIOR-R,2,aspect_ratio>=2.1,angle_error>delta_theta_0.75(aspect_ratio),instance_rank,24,listed_instance,1,1,COMPLETE,Top phase-mod decile and geometry-normalized severe event.,"{""angle_error_deg"": 7.60012224, ""class"": ""ship"", ""delta_theta_075_deg"": 7.26699538, ""image_id"": ""14468"", ""phase_mod"": 2.44718072, ""pred_id"": ""7""}"
8,high_phase_mod_large_error_board,DIOR-R,2,aspect_ratio>=2.1,angle_error>delta_theta_0.75(aspect_ratio),instance_rank,25,listed_instance,1,1,COMPLETE,Top phase-mod decile and geometry-normalized severe event.,"{""angle_error_deg"": 7.25198067, ""class"": ""bridge"", ""delta_theta_075_deg"": 6.40819237, ""image_id"": ""11989"", ""phase_mod"": 2.46455157, ""pred_id"": ""6""}"
8,high_phase_mod_large_error_board,DIOR-R,2,aspect_ratio>=2.1,angle_error>delta_theta_0.75(aspect_ratio),instance_rank,26,listed_instance,1,1,COMPLETE,Top phase-mod decile and geometry-normalized severe event.,"{""angle_error_deg"": 6.56164844, ""class"": ""vehicle"", ""delta_theta_075_deg"": 6.5345, ""image_id"": ""16315"", ""phase_mod"": 2.51579194, ""pred_id"": ""9""}"
8,high_phase_mod_large_error_board,DIOR-R,2,aspect_ratio>=2.1,angle_error>delta_theta_0.75(aspect_ratio),instance_rank,27,listed_instance,1,1,COMPLETE,Top phase-mod decile and geometry-normalized severe event.,"{""angle_error_deg"": 6.51561633, ""class"": ""overpass"", ""delta_theta_075_deg"": 3.31478464, ""image_id"": ""17373"", ""phase_mod"": 2.44596175, ""pred_id"": ""1""}"
8,high_phase_mod_large_error_board,DIOR-R,2,aspect_ratio>=2.1,angle_error>delta_theta_0.75(aspect_ratio),instance_rank,28,listed_instance,1,1,COMPLETE,Top phase-mod decile and geometry-normalized severe event.,"{""angle_error_deg"": 6.37916787, ""class"": ""overpass"", ""delta_theta_075_deg"": 4.26878663, ""image_id"": ""15307"", ""phase_mod"": 2.46723771, ""pred_id"": ""3""}"
8,high_phase_mod_large_error_board,DIOR-R,2,aspect_ratio>=2.1,angle_error>delta_theta_0.75(aspect_ratio),instance_rank,29,listed_instance,1,1,COMPLETE,Top phase-mod decile and geometry-normalized severe event.,"{""angle_error_deg"": 5.8950026, ""class"": ""overpass"", ""delta_theta_075_deg"": 5.4489, ""image_id"": ""16652"", ""phase_mod"": 2.48906128, ""pred_id"": ""2""}"
8,high_phase_mod_large_error_board,DIOR-R,2,aspect_ratio>=2.1,angle_error>delta_theta_0.75(aspect_ratio),instance_rank,30,listed_instance,1,1,COMPLETE,Top phase-mod decile and geometry-normalized severe event.,"{""angle_error_deg"": 5.86451403, ""class"": ""vehicle"", ""delta_theta_075_deg"": 4.13654812, ""image_id"": ""20787"", ""phase_mod"": 2.48682044, ""pred_id"": ""5""}"
8,high_phase_mod_large_error_board,DIOR-R,2,aspect_ratio>=2.1,angle_error>delta_theta_0.75(aspect_ratio),instance_rank,31,listed_instance,1,1,COMPLETE,Top phase-mod decile and geometry-normalized severe event.,"{""angle_error_deg"": 5.35776681, ""class"": ""overpass"", ""delta_theta_075_deg"": 3.5884561, ""image_id"": ""13555"", ""phase_mod"": 2.50792866, ""pred_id"": ""0""}"
8,high_phase_mod_large_error_board,DIOR-R,2,aspect_ratio>=2.1,angle_error>delta_theta_0.75(aspect_ratio),instance_rank,32,listed_instance,1,1,COMPLETE,Top phase-mod decile and geometry-normalized severe event.,"{""angle_error_deg"": 4.15330613, ""class"": ""overpass"", ""delta_theta_075_deg"": 3.57984366, ""image_id"": ""22329"", ""phase_mod"": 2.4614449, ""pred_id"": ""4""}"
8,high_phase_mod_large_error_board,DIOR-R,2,aspect_ratio>=2.1,angle_error>delta_theta_0.75(aspect_ratio),instance_rank,33,listed_instance,1,1,COMPLETE,Top phase-mod decile and geometry-normalized severe event.,"{""angle_error_deg"": 4.02864615, ""class"": ""vehicle"", ""delta_theta_075_deg"": 3.55936087, ""image_id"": ""14454"", ""phase_mod"": 2.45039378, ""pred_id"": ""9""}"
8,high_phase_mod_large_error_board,DIOR-R,2,aspect_ratio>=2.1,angle_error>delta_theta_0.75(aspect_ratio),instance_rank,34,listed_instance,1,1,COMPLETE,Top phase-mod decile and geometry-normalized severe event.,"{""angle_error_deg"": 1.43173492, ""class"": ""bridge"", ""delta_theta_075_deg"": 1.31139975, ""image_id"": ""14939"", ""phase_mod"": 2.49593248, ""pred_id"": ""0""}"
9,multi_frequency_circular_disagreement,DIOR-R,2,aspect_ratio>=2.1,angle_error>delta_theta_0.75(aspect_ratio),all,all,mean,0.73021778,48195,COMPLETE,,
9,multi_frequency_circular_disagreement,DIOR-R,2,aspect_ratio>=2.1,angle_error>delta_theta_0.75(aspect_ratio),all,all,p90,1.61050013,48195,COMPLETE,,
9,multi_frequency_circular_disagreement,DIOR-R,2,aspect_ratio>=2.1,angle_error>delta_theta_0.75(aspect_ratio),all,all,spearman_angle_error,0.5365348544779198,48195,COMPLETE,,
10,unwrap_candidate_energy_gap,DIOR-R,2,aspect_ratio>=2.1,angle_error>delta_theta_0.75(aspect_ratio),all,all,mean,1.99651775,48195,COMPLETE,,
10,unwrap_candidate_energy_gap,DIOR-R,2,aspect_ratio>=2.1,angle_error>delta_theta_0.75(aspect_ratio),all,all,p90,1.99999837,48195,COMPLETE,,
10,unwrap_candidate_energy_gap,DIOR-R,2,aspect_ratio>=2.1,angle_error>delta_theta_0.75(aspect_ratio),all,all,spearman_angle_error,-0.5365348544779198,48195,COMPLETE,,
11,phase_direction_margin,DIOR-R,2,aspect_ratio>=2.1,angle_error>delta_theta_0.75(aspect_ratio),all,all,mean,2.97861737,48195,COMPLETE,,
11,phase_direction_margin,DIOR-R,2,aspect_ratio>=2.1,angle_error>delta_theta_0.75(aspect_ratio),all,all,p90,3.07408931,48195,COMPLETE,,
11,phase_direction_margin,DIOR-R,2,aspect_ratio>=2.1,angle_error>delta_theta_0.75(aspect_ratio),all,all,spearman_angle_error,-0.04769899931861408,48195,COMPLETE,,
12,tta_phase_direction_circular_variance,DIOR-R,2,aspect_ratio>=2.1,angle_error>delta_theta_0.75(aspect_ratio),all,all,availability,,0,UNAVAILABLE,TTA was preregistered for seed0 only.,
1,phase_mod_x_angle_error,SODA-A,0,aspect_ratio>=2.1,angle_error>delta_theta_0.75(aspect_ratio),all,all,spearman,0.06466825477091197,193045,COMPLETE,,
1,phase_mod_x_angle_error,SODA-A,0,aspect_ratio>=2.1,angle_error>delta_theta_0.75(aspect_ratio),phase_mod_decile,D1,mean_angle_error_deg,2.66081681,19305,COMPLETE,,
1,phase_mod_x_angle_error,SODA-A,0,aspect_ratio>=2.1,angle_error>delta_theta_0.75(aspect_ratio),phase_mod_decile,D1,severe_event_rate,0.01263921,19305,COMPLETE,,
1,phase_mod_x_angle_error,SODA-A,0,aspect_ratio>=2.1,angle_error>delta_theta_0.75(aspect_ratio),phase_mod_decile,D2,mean_angle_error_deg,2.11438712,19304,COMPLETE,,
1,phase_mod_x_angle_error,SODA-A,0,aspect_ratio>=2.1,angle_error>delta_theta_0.75(aspect_ratio),phase_mod_decile,D2,severe_event_rate,0.00398881,19304,COMPLETE,,
1,phase_mod_x_angle_error,SODA-A,0,aspect_ratio>=2.1,angle_error>delta_theta_0.75(aspect_ratio),phase_mod_decile,D3,mean_angle_error_deg,1.73505124,19305,COMPLETE,,
1,phase_mod_x_angle_error,SODA-A,0,aspect_ratio>=2.1,angle_error>delta_theta_0.75(aspect_ratio),phase_mod_decile,D3,severe_event_rate,0.0019684,19305,COMPLETE,,
1,phase_mod_x_angle_error,SODA-A,0,aspect_ratio>=2.1,angle_error>delta_theta_0.75(aspect_ratio),phase_mod_decile,D4,mean_angle_error_deg,1.56467294,19304,COMPLETE,,
1,phase_mod_x_angle_error,SODA-A,0,aspect_ratio>=2.1,angle_error>delta_theta_0.75(aspect_ratio),phase_mod_decile,D4,severe_event_rate,0.0018649,19304,COMPLETE,,
1,phase_mod_x_angle_error,SODA-A,0,aspect_ratio>=2.1,angle_error>delta_theta_0.75(aspect_ratio),phase_mod_decile,D5,mean_angle_error_deg,1.55382461,19304,COMPLETE,,
1,phase_mod_x_angle_error,SODA-A,0,aspect_ratio>=2.1,angle_error>delta_theta_0.75(aspect_ratio),phase_mod_decile,D5,severe_event_rate,0.00176129,19304,COMPLETE,,
1,phase_mod_x_angle_error,SODA-A,0,aspect_ratio>=2.1,angle_error>delta_theta_0.75(aspect_ratio),phase_mod_decile,D6,mean_angle_error_deg,1.59776289,19305,COMPLETE,,
1,phase_mod_x_angle_error,SODA-A,0,aspect_ratio>=2.1,angle_error>delta_theta_0.75(aspect_ratio),phase_mod_decile,D6,severe_event_rate,0.0021756,19305,COMPLETE,,
1,phase_mod_x_angle_error,SODA-A,0,aspect_ratio>=2.1,angle_error>delta_theta_0.75(aspect_ratio),phase_mod_decile,D7,mean_angle_error_deg,1.88940608,19304,COMPLETE,,
1,phase_mod_x_angle_error,SODA-A,0,aspect_ratio>=2.1,angle_error>delta_theta_0.75(aspect_ratio),phase_mod_decile,D7,severe_event_rate,0.00295276,19304,COMPLETE,,
1,phase_mod_x_angle_error,SODA-A,0,aspect_ratio>=2.1,angle_error>delta_theta_0.75(aspect_ratio),phase_mod_decile,D8,mean_angle_error_deg,2.35840796,19305,COMPLETE,,
1,phase_mod_x_angle_error,SODA-A,0,aspect_ratio>=2.1,angle_error>delta_theta_0.75(aspect_ratio),phase_mod_decile,D8,severe_event_rate,0.003108,19305,COMPLETE,,
1,phase_mod_x_angle_error,SODA-A,0,aspect_ratio>=2.1,angle_error>delta_theta_0.75(aspect_ratio),phase_mod_decile,D9,mean_angle_error_deg,2.54279069,19304,COMPLETE,,
1,phase_mod_x_angle_error,SODA-A,0,aspect_ratio>=2.1,angle_error>delta_theta_0.75(aspect_ratio),phase_mod_decile,D9,severe_event_rate,0.00435143,19304,COMPLETE,,
1,phase_mod_x_angle_error,SODA-A,0,aspect_ratio>=2.1,angle_error>delta_theta_0.75(aspect_ratio),phase_mod_decile,D10,mean_angle_error_deg,2.45301024,19305,COMPLETE,,
1,phase_mod_x_angle_error,SODA-A,0,aspect_ratio>=2.1,angle_error>delta_theta_0.75(aspect_ratio),phase_mod_decile,D10,severe_event_rate,0.00580161,19305,COMPLETE,,
2,phase_mod_x_phase_angle,SODA-A,0,aspect_ratio>=2.1,angle_error>delta_theta_0.75(aspect_ratio),all,all,spearman_cos_phase,0.007049332771555359,193045,COMPLETE,,
2,phase_mod_x_phase_angle,SODA-A,0,aspect_ratio>=2.1,angle_error>delta_theta_0.75(aspect_ratio),all,all,spearman_sin_phase,0.05676552128523546,193045,COMPLETE,,
3,phase_mod_x_objectness,SODA-A,0,aspect_ratio>=2.1,angle_error>delta_theta_0.75(aspect_ratio),all,all,availability,,0,UNAVAILABLE,UNAVAILABLE: frozen PSC RetinaNet has no separate objectness output; detection score is reported only in the registered score comparison.,
4,phase_mod_x_feature_norm,SODA-A,0,aspect_ratio>=2.1,angle_error>delta_theta_0.75(aspect_ratio),all,all,spearman,-0.20357373803690876,193045,COMPLETE,Feature norm is the actual shared regression/angle-tower feature at the post-NMS-selected FPN location.,
5,phase_mod_x_size,SODA-A,0,aspect_ratio>=2.1,angle_error>delta_theta_0.75(aspect_ratio),all,all,spearman,-0.010925377677694664,193045,COMPLETE,Size statistic uses log(GT box area) for preregistered diagnostic conditioning only.,
6,phase_mod_x_class,SODA-A,0,aspect_ratio>=2.1,angle_error>delta_theta_0.75(aspect_ratio),class,airplane,median_phase_mod,2.25299194,41,COMPLETE,,
6,phase_mod_x_class,SODA-A,0,aspect_ratio>=2.1,angle_error>delta_theta_0.75(aspect_ratio),class,airplane,severe_event_rate,0.02439024,41,COMPLETE,,
6,phase_mod_x_class,SODA-A,0,aspect_ratio>=2.1,angle_error>delta_theta_0.75(aspect_ratio),class,container,median_phase_mod,2.24031045,36088,COMPLETE,,
6,phase_mod_x_class,SODA-A,0,aspect_ratio>=2.1,angle_error>delta_theta_0.75(aspect_ratio),class,container,severe_event_rate,0.00451674,36088,COMPLETE,,
6,phase_mod_x_class,SODA-A,0,aspect_ratio>=2.1,angle_error>delta_theta_0.75(aspect_ratio),class,helicopter,median_phase_mod,2.37148942,2,COMPLETE,,
6,phase_mod_x_class,SODA-A,0,aspect_ratio>=2.1,angle_error>delta_theta_0.75(aspect_ratio),class,helicopter,severe_event_rate,0.0,2,COMPLETE,,
6,phase_mod_x_class,SODA-A,0,aspect_ratio>=2.1,angle_error>delta_theta_0.75(aspect_ratio),class,large-vehicle,median_phase_mod,2.25620899,4228,COMPLETE,,
6,phase_mod_x_class,SODA-A,0,aspect_ratio>=2.1,angle_error>delta_theta_0.75(aspect_ratio),class,large-vehicle,severe_event_rate,0.00496689,4228,COMPLETE,,
6,phase_mod_x_class,SODA-A,0,aspect_ratio>=2.1,angle_error>delta_theta_0.75(aspect_ratio),class,ship,median_phase_mod,2.26185355,30781,COMPLETE,,
6,phase_mod_x_class,SODA-A,0,aspect_ratio>=2.1,angle_error>delta_theta_0.75(aspect_ratio),class,ship,severe_event_rate,0.00318378,30781,COMPLETE,,
6,phase_mod_x_class,SODA-A,0,aspect_ratio>=2.1,angle_error>delta_theta_0.75(aspect_ratio),class,small-vehicle,median_phase_mod,2.24454277,117909,COMPLETE,,
6,phase_mod_x_class,SODA-A,0,aspect_ratio>=2.1,angle_error>delta_theta_0.75(aspect_ratio),class,small-vehicle,severe_event_rate,0.00368929,117909,COMPLETE,,
6,phase_mod_x_class,SODA-A,0,aspect_ratio>=2.1,angle_error>delta_theta_0.75(aspect_ratio),class,swimming-pool,median_phase_mod,2.26085492,2578,COMPLETE,,
6,phase_mod_x_class,SODA-A,0,aspect_ratio>=2.1,angle_error>delta_theta_0.75(aspect_ratio),class,swimming-pool,severe_event_rate,0.02521334,2578,COMPLETE,,
6,phase_mod_x_class,SODA-A,0,aspect_ratio>=2.1,angle_error>delta_theta_0.75(aspect_ratio),class,windmill,median_phase_mod,2.2481516,1418,COMPLETE,,
6,phase_mod_x_class,SODA-A,0,aspect_ratio>=2.1,angle_error>delta_theta_0.75(aspect_ratio),class,windmill,severe_event_rate,0.00070522,1418,COMPLETE,,
7,phase_mod_x_boundary_wrapping,SODA-A,0,aspect_ratio>=2.1,angle_error>delta_theta_0.75(aspect_ratio),all,all,spearman_boundary_distance,0.01863750950355241,193045,COMPLETE,,
7,phase_mod_x_boundary_wrapping,SODA-A,0,aspect_ratio>=2.1,angle_error>delta_theta_0.75(aspect_ratio),wrapping_condition,False,severe_event_rate,0.00406123,193045,COMPLETE,,
7,phase_mod_x_boundary_wrapping,SODA-A,0,aspect_ratio>=2.1,angle_error>delta_theta_0.75(aspect_ratio),wrapping_condition,True,severe_event_rate,,0,UNAVAILABLE,,
8,high_phase_mod_large_error_board,SODA-A,0,aspect_ratio>=2.1,angle_error>delta_theta_0.75(aspect_ratio),instance_rank,1,listed_instance,1,1,COMPLETE,Top phase-mod decile and geometry-normalized severe event.,"{""angle_error_deg"": 31.29703503, ""class"": ""small-vehicle"", ""delta_theta_075_deg"": 15.32481349, ""image_id"": ""00044__800__2400___1200"", ""phase_mod"": 2.32538825, ""pred_id"": ""458""}"
8,high_phase_mod_large_error_board,SODA-A,0,aspect_ratio>=2.1,angle_error>delta_theta_0.75(aspect_ratio),instance_rank,2,listed_instance,1,1,COMPLETE,Top phase-mod decile and geometry-normalized severe event.,"{""angle_error_deg"": 28.50410835, ""class"": ""swimming-pool"", ""delta_theta_075_deg"": 13.84213948, ""image_id"": ""00557__800__1200___1985"", ""phase_mod"": 2.41249801, ""pred_id"": ""10""}"
8,high_phase_mod_large_error_board,SODA-A,0,aspect_ratio>=2.1,angle_error>delta_theta_0.75(aspect_ratio),instance_rank,3,listed_instance,1,1,COMPLETE,Top phase-mod decile and geometry-normalized severe event.,"{""angle_error_deg"": 25.83357093, ""class"": ""small-vehicle"", ""delta_theta_075_deg"": 14.80311191, ""image_id"": ""00893__800__600___0"", ""phase_mod"": 2.32514581, ""pred_id"": ""104""}"
8,high_phase_mod_large_error_board,SODA-A,0,aspect_ratio>=2.1,angle_error>delta_theta_0.75(aspect_ratio),instance_rank,4,listed_instance,1,1,COMPLETE,Top phase-mod decile and geometry-normalized severe event.,"{""angle_error_deg"": 23.69851105, ""class"": ""small-vehicle"", ""delta_theta_075_deg"": 15.00893244, ""image_id"": ""00572__800__1800___1944"", ""phase_mod"": 2.33549506, ""pred_id"": ""19""}"
8,high_phase_mod_large_error_board,SODA-A,0,aspect_ratio>=2.1,angle_error>delta_theta_0.75(aspect_ratio),instance_rank,5,listed_instance,1,1,COMPLETE,Top phase-mod decile and geometry-normalized severe event.,"{""angle_error_deg"": 23.33618141, ""class"": ""small-vehicle"", ""delta_theta_075_deg"": 13.57563628, ""image_id"": ""00557__800__3955___1200"", ""phase_mod"": 2.32698412, ""pred_id"": ""14""}"
8,high_phase_mod_large_error_board,SODA-A,0,aspect_ratio>=2.1,angle_error>delta_theta_0.75(aspect_ratio),instance_rank,6,listed_instance,1,1,COMPLETE,Top phase-mod decile and geometry-normalized severe event.,"{""angle_error_deg"": 22.93403433, ""class"": ""small-vehicle"", ""delta_theta_075_deg"": 15.08935661, ""image_id"": ""02205__800__0___1985"", ""phase_mod"": 2.33139675, ""pred_id"": ""38""}"
8,high_phase_mod_large_error_board,SODA-A,0,aspect_ratio>=2.1,angle_error>delta_theta_0.75(aspect_ratio),instance_rank,7,listed_instance,1,1,COMPLETE,Top phase-mod decile and geometry-normalized severe event.,"{""angle_error_deg"": 22.38080187, ""class"": ""small-vehicle"", ""delta_theta_075_deg"": 13.57563628, ""image_id"": ""00557__800__3955___600"", ""phase_mod"": 2.32716897, ""pred_id"": ""31""}"
8,high_phase_mod_large_error_board,SODA-A,0,aspect_ratio>=2.1,angle_error>delta_theta_0.75(aspect_ratio),instance_rank,8,listed_instance,1,1,COMPLETE,Top phase-mod decile and geometry-normalized severe event.,"{""angle_error_deg"": 21.66306638, ""class"": ""small-vehicle"", ""delta_theta_075_deg"": 15.28392355, ""image_id"": ""02420__800__3000___0"", ""phase_mod"": 2.32701986, ""pred_id"": ""6""}"
8,high_phase_mod_large_error_board,SODA-A,0,aspect_ratio>=2.1,angle_error>delta_theta_0.75(aspect_ratio),instance_rank,9,listed_instance,1,1,COMPLETE,Top phase-mod decile and geometry-normalized severe event.,"{""angle_error_deg"": 21.65192757, ""class"": ""small-vehicle"", ""delta_theta_075_deg"": 14.76460809, ""image_id"": ""00746__800__1800___600"", ""phase_mod"": 2.37522947, ""pred_id"": ""25""}"
8,high_phase_mod_large_error_board,SODA-A,0,aspect_ratio>=2.1,angle_error>delta_theta_0.75(aspect_ratio),instance_rank,10,listed_instance,1,1,COMPLETE,Top phase-mod decile and geometry-normalized severe event.,"{""angle_error_deg"": 21.51579214, ""class"": ""small-vehicle"", ""delta_theta_075_deg"": 15.28392355, ""image_id"": ""02420__800__3600___0"", ""phase_mod"": 2.32466881, ""pred_id"": ""40""}"
8,high_phase_mod_large_error_board,SODA-A,0,aspect_ratio>=2.1,angle_error>delta_theta_0.75(aspect_ratio),instance_rank,11,listed_instance,1,1,COMPLETE,Top phase-mod decile and geometry-normalized severe event.,"{""angle_error_deg"": 21.48400737, ""class"": ""small-vehicle"", ""delta_theta_075_deg"": 14.76460809, ""image_id"": ""00746__800__1800___1200"", ""phase_mod"": 2.37517184, ""pred_id"": ""25""}"
8,high_phase_mod_large_error_board,SODA-A,0,aspect_ratio>=2.1,angle_error>delta_theta_0.75(aspect_ratio),instance_rank,12,listed_instance,1,1,COMPLETE,Top phase-mod decile and geometry-normalized severe event.,"{""angle_error_deg"": 21.34950045, ""class"": ""small-vehicle"", ""delta_theta_075_deg"": 14.76460809, ""image_id"": ""00746__800__1200___600"", ""phase_mod"": 2.37567777, ""pred_id"": ""22""}"
8,high_phase_mod_large_error_board,SODA-A,0,aspect_ratio>=2.1,angle_error>delta_theta_0.75(aspect_ratio),instance_rank,13,listed_instance,1,1,COMPLETE,Top phase-mod decile and geometry-normalized severe event.,"{""angle_error_deg"": 21.24625531, ""class"": ""small-vehicle"", ""delta_theta_075_deg"": 14.76460809, ""image_id"": ""00746__800__1200___1200"", ""phase_mod"": 2.37505954, ""pred_id"": ""32""}"
8,high_phase_mod_large_error_board,SODA-A,0,aspect_ratio>=2.1,angle_error>delta_theta_0.75(aspect_ratio),instance_rank,14,listed_instance,1,1,COMPLETE,Top phase-mod decile and geometry-normalized severe event.,"{""angle_error_deg"": 21.1693722, ""class"": ""swimming-pool"", ""delta_theta_075_deg"": 15.08900407, ""image_id"": ""02001__800__3600___600"", ""phase_mod"": 2.31963978, ""pred_id"": ""4""}"
8,high_phase_mod_large_error_board,SODA-A,0,aspect_ratio>=2.1,angle_error>delta_theta_0.75(aspect_ratio),instance_rank,15,listed_instance,1,1,COMPLETE,Top phase-mod decile and geometry-normalized severe event.,"{""angle_error_deg"": 20.95431351, ""class"": ""small-vehicle"", ""delta_theta_075_deg"": 12.27313213, ""image_id"": ""02286__800__3600___1200"", ""phase_mod"": 2.34845342, ""pred_id"": ""66""}"
8,high_phase_mod_large_error_board,SODA-A,0,aspect_ratio>=2.1,angle_error>delta_theta_0.75(aspect_ratio),instance_rank,16,listed_instance,1,1,COMPLETE,Top phase-mod decile and geometry-normalized severe event.,"{""angle_error_deg"": 20.80278229, ""class"": ""swimming-pool"", ""delta_theta_075_deg"": 15.08900407, ""image_id"": ""02001__800__3955___600"", ""phase_mod"": 2.33797149, ""pred_id"": ""3""}"
8,high_phase_mod_large_error_board,SODA-A,0,aspect_ratio>=2.1,angle_error>delta_theta_0.75(aspect_ratio),instance_rank,17,listed_instance,1,1,COMPLETE,Top phase-mod decile and geometry-normalized severe event.,"{""angle_error_deg"": 19.94488913, ""class"": ""small-vehicle"", ""delta_theta_075_deg"": 14.7728988, ""image_id"": ""00310__800__2400___600"", ""phase_mod"": 2.36749708, ""pred_id"": ""90""}"
8,high_phase_mod_large_error_board,SODA-A,0,aspect_ratio>=2.1,angle_error>delta_theta_0.75(aspect_ratio),instance_rank,18,listed_instance,1,1,COMPLETE,Top phase-mod decile and geometry-normalized severe event.,"{""angle_error_deg"": 19.84307241, ""class"": ""small-vehicle"", ""delta_theta_075_deg"": 14.73453661, ""image_id"": ""00557__800__600___1985"", ""phase_mod"": 2.37375576, ""pred_id"": ""40""}"
8,high_phase_mod_large_error_board,SODA-A,0,aspect_ratio>=2.1,angle_error>delta_theta_0.75(aspect_ratio),instance_rank,19,listed_instance,1,1,COMPLETE,Top phase-mod decile and geometry-normalized severe event.,"{""angle_error_deg"": 19.56095144, ""class"": ""small-vehicle"", ""delta_theta_075_deg"": 14.73453661, ""image_id"": ""00557__800__1200___1985"", ""phase_mod"": 2.36149649, ""pred_id"": ""44""}"
8,high_phase_mod_large_error_board,SODA-A,0,aspect_ratio>=2.1,angle_error>delta_theta_0.75(aspect_ratio),instance_rank,20,listed_instance,1,1,COMPLETE,Top phase-mod decile and geometry-normalized severe event.,"{""angle_error_deg"": 19.46499161, ""class"": ""small-vehicle"", ""delta_theta_075_deg"": 14.21971585, ""image_id"": ""02062__800__2400___0"", ""phase_mod"": 2.37597052, ""pred_id"": ""149""}"
8,high_phase_mod_large_error_board,SODA-A,0,aspect_ratio>=2.1,angle_error>delta_theta_0.75(aspect_ratio),instance_rank,21,listed_instance,1,1,COMPLETE,Top phase-mod decile and geometry-normalized severe event.,"{""angle_error_deg"": 19.23887387, ""class"": ""small-vehicle"", ""delta_theta_075_deg"": 15.02272922, ""image_id"": ""01580__800__2400___1200"", ""phase_mod"": 2.56140463, ""pred_id"": ""335""}"
8,high_phase_mod_large_error_board,SODA-A,0,aspect_ratio>=2.1,angle_error>delta_theta_0.75(aspect_ratio),instance_rank,22,listed_instance,1,1,COMPLETE,Top phase-mod decile and geometry-normalized severe event.,"{""angle_error_deg"": 19.13689275, ""class"": ""small-vehicle"", ""delta_theta_075_deg"": 14.85104665, ""image_id"": ""01414__800__600___0"", ""phase_mod"": 2.34441416, ""pred_id"": ""391""}"
8,high_phase_mod_large_error_board,SODA-A,0,aspect_ratio>=2.1,angle_error>delta_theta_0.75(aspect_ratio),instance_rank,23,listed_instance,1,1,COMPLETE,Top phase-mod decile and geometry-normalized severe event.,"{""angle_error_deg"": 18.97383868, ""class"": ""small-vehicle"", ""delta_theta_075_deg"": 14.21971585, ""image_id"": ""02062__800__2400___600"", ""phase_mod"": 2.38085017, ""pred_id"": ""97""}"
8,high_phase_mod_large_error_board,SODA-A,0,aspect_ratio>=2.1,angle_error>delta_theta_0.75(aspect_ratio),instance_rank,24,listed_instance,1,1,COMPLETE,Top phase-mod decile and geometry-normalized severe event.,"{""angle_error_deg"": 18.89800645, ""class"": ""small-vehicle"", ""delta_theta_075_deg"": 14.73453661, ""image_id"": ""00557__800__600___1800"", ""phase_mod"": 2.37194871, ""pred_id"": ""42""}"
8,high_phase_mod_large_error_board,SODA-A,0,aspect_ratio>=2.1,angle_error>delta_theta_0.75(aspect_ratio),instance_rank,25,listed_instance,1,1,COMPLETE,Top phase-mod decile and geometry-normalized severe event.,"{""angle_error_deg"": 18.69337398, ""class"": ""small-vehicle"", ""delta_theta_075_deg"": 15.02272922, ""image_id"": ""01580__800__1800___1944"", ""phase_mod"": 2.61350362, ""pred_id"": ""25""}"
8,high_phase_mod_large_error_board,SODA-A,0,aspect_ratio>=2.1,angle_error>delta_theta_0.75(aspect_ratio),instance_rank,26,listed_instance,1,1,COMPLETE,Top phase-mod decile and geometry-normalized severe event.,"{""angle_error_deg"": 18.50505383, ""class"": ""swimming-pool"", ""delta_theta_075_deg"": 14.9127518, ""image_id"": ""02083__800__2400___1200"", ""phase_mod"": 2.37246615, ""pred_id"": ""1""}"
8,high_phase_mod_large_error_board,SODA-A,0,aspect_ratio>=2.1,angle_error>delta_theta_0.75(aspect_ratio),instance_rank,27,listed_instance,1,1,COMPLETE,Top phase-mod decile and geometry-normalized severe event.,"{""angle_error_deg"": 18.28369673, ""class"": ""small-vehicle"", ""delta_theta_075_deg"": 14.21971585, ""image_id"": ""02062__800__2400___0"", ""phase_mod"": 2.40517578, ""pred_id"": ""152""}"
8,high_phase_mod_large_error_board,SODA-A,0,aspect_ratio>=2.1,angle_error>delta_theta_0.75(aspect_ratio),instance_rank,28,listed_instance,1,1,COMPLETE,Top phase-mod decile and geometry-normalized severe event.,"{""angle_error_deg"": 18.2829992, ""class"": ""small-vehicle"", ""delta_theta_075_deg"": 14.21993202, ""image_id"": ""02062__800__2400___600"", ""phase_mod"": 2.32238366, ""pred_id"": ""76""}"
8,high_phase_mod_large_error_board,SODA-A,0,aspect_ratio>=2.1,angle_error>delta_theta_0.75(aspect_ratio),instance_rank,29,listed_instance,1,1,COMPLETE,Top phase-mod decile and geometry-normalized severe event.,"{""angle_error_deg"": 18.24955347, ""class"": ""small-vehicle"", ""delta_theta_075_deg"": 14.21993202, ""image_id"": ""02062__800__2400___0"", ""phase_mod"": 2.32581133, ""pred_id"": ""106""}"
8,high_phase_mod_large_error_board,SODA-A,0,aspect_ratio>=2.1,angle_error>delta_theta_0.75(aspect_ratio),instance_rank,30,listed_instance,1,1,COMPLETE,Top phase-mod decile and geometry-normalized severe event.,"{""angle_error_deg"": 17.93637217, ""class"": ""swimming-pool"", ""delta_theta_075_deg"": 13.89989845, ""image_id"": ""02001__800__1800___1800"", ""phase_mod"": 2.32372579, ""pred_id"": ""4""}"
8,high_phase_mod_large_error_board,SODA-A,0,aspect_ratio>=2.1,angle_error>delta_theta_0.75(aspect_ratio),instance_rank,31,listed_instance,1,1,COMPLETE,Top phase-mod decile and geometry-normalized severe event.,"{""angle_error_deg"": 17.86599652, ""class"": ""small-vehicle"", ""delta_theta_075_deg"": 14.69966876, ""image_id"": ""01795__800__2400___0"", ""phase_mod"": 2.39106474, ""pred_id"": ""100""}"
8,high_phase_mod_large_error_board,SODA-A,0,aspect_ratio>=2.1,angle_error>delta_theta_0.75(aspect_ratio),instance_rank,32,listed_instance,1,1,COMPLETE,Top phase-mod decile and geometry-normalized severe event.,"{""angle_error_deg"": 17.79902651, ""class"": ""small-vehicle"", ""delta_theta_075_deg"": 14.21971585, ""image_id"": ""02062__800__2400___600"", ""phase_mod"": 2.40636911, ""pred_id"": ""99""}"
8,high_phase_mod_large_error_board,SODA-A,0,aspect_ratio>=2.1,angle_error>delta_theta_0.75(aspect_ratio),instance_rank,33,listed_instance,1,1,COMPLETE,Top phase-mod decile and geometry-normalized severe event.,"{""angle_error_deg"": 17.79833917, ""class"": ""swimming-pool"", ""delta_theta_075_deg"": 14.40934591, ""image_id"": ""01408__800__2400___1800"", ""phase_mod"": 2.40510626, ""pred_id"": ""3""}"
8,high_phase_mod_large_error_board,SODA-A,0,aspect_ratio>=2.1,angle_error>delta_theta_0.75(aspect_ratio),instance_rank,34,listed_instance,1,1,COMPLETE,Top phase-mod decile and geometry-normalized severe event.,"{""angle_error_deg"": 17.73536061, ""class"": ""small-vehicle"", ""delta_theta_075_deg"": 14.0700383, ""image_id"": ""01160__800__3600___1200"", ""phase_mod"": 2.3823983, ""pred_id"": ""143""}"
8,high_phase_mod_large_error_board,SODA-A,0,aspect_ratio>=2.1,angle_error>delta_theta_0.75(aspect_ratio),instance_rank,35,listed_instance,1,1,COMPLETE,Top phase-mod decile and geometry-normalized severe event.,"{""angle_error_deg"": 17.70655508, ""class"": ""small-vehicle"", ""delta_theta_075_deg"": 14.73453661, ""image_id"": ""00557__800__1200___1800"", ""phase_mod"": 2.37241538, ""pred_id"": ""48""}"
8,high_phase_mod_large_error_board,SODA-A,0,aspect_ratio>=2.1,angle_error>delta_theta_0.75(aspect_ratio),instance_rank,36,listed_instance,1,1,COMPLETE,Top phase-mod decile and geometry-normalized severe event.,"{""angle_error_deg"": 17.67618556, ""class"": ""small-vehicle"", ""delta_theta_075_deg"": 14.69972998, ""image_id"": ""01795__800__2400___0"", ""phase_mod"": 2.32068002, ""pred_id"": ""10""}"
8,high_phase_mod_large_error_board,SODA-A,0,aspect_ratio>=2.1,angle_error>delta_theta_0.75(aspect_ratio),instance_rank,37,listed_instance,1,1,COMPLETE,Top phase-mod decile and geometry-normalized severe event.,"{""angle_error_deg"": 17.59833757, ""class"": ""swimming-pool"", ""delta_theta_075_deg"": 14.40934591, ""image_id"": ""01408__800__2400___1200"", ""phase_mod"": 2.40917397, ""pred_id"": ""1""}"
8,high_phase_mod_large_error_board,SODA-A,0,aspect_ratio>=2.1,angle_error>delta_theta_0.75(aspect_ratio),instance_rank,38,listed_instance,1,1,COMPLETE,Top phase-mod decile and geometry-normalized severe event.,"{""angle_error_deg"": 17.58111775, ""class"": ""small-vehicle"", ""delta_theta_075_deg"": 15.28320819, ""image_id"": ""00572__800__0___1800"", ""phase_mod"": 2.3485147, ""pred_id"": ""18""}"
8,high_phase_mod_large_error_board,SODA-A,0,aspect_ratio>=2.1,angle_error>delta_theta_0.75(aspect_ratio),instance_rank,39,listed_instance,1,1,COMPLETE,Top phase-mod decile and geometry-normalized severe event.,"{""angle_error_deg"": 17.54106893, ""class"": ""small-vehicle"", ""delta_theta_075_deg"": 13.5751484, ""image_id"": ""01099__800__0___600"", ""phase_mod"": 2.35636057, ""pred_id"": ""75""}"
8,high_phase_mod_large_error_board,SODA-A,0,aspect_ratio>=2.1,angle_error>delta_theta_0.75(aspect_ratio),instance_rank,40,listed_instance,1,1,COMPLETE,Top phase-mod decile and geometry-normalized severe event.,"{""angle_error_deg"": 17.4998624, ""class"": ""small-vehicle"", ""delta_theta_075_deg"": 13.5751484, ""image_id"": ""01099__800__0___1200"", ""phase_mod"": 2.35580566, ""pred_id"": ""89""}"
8,high_phase_mod_large_error_board,SODA-A,0,aspect_ratio>=2.1,angle_error>delta_theta_0.75(aspect_ratio),instance_rank,41,listed_instance,1,1,COMPLETE,Top phase-mod decile and geometry-normalized severe event.,"{""angle_error_deg"": 17.48332401, ""class"": ""small-vehicle"", ""delta_theta_075_deg"": 15.02272922, ""image_id"": ""01580__800__1800___1800"", ""phase_mod"": 2.65529334, ""pred_id"": ""62""}"
8,high_phase_mod_large_error_board,SODA-A,0,aspect_ratio>=2.1,angle_error>delta_theta_0.75(aspect_ratio),instance_rank,42,listed_instance,1,1,COMPLETE,Top phase-mod decile and geometry-normalized severe event.,"{""angle_error_deg"": 17.33164969, ""class"": ""small-vehicle"", ""delta_theta_075_deg"": 15.31490949, ""image_id"": ""00256__800__4000___1944"", ""phase_mod"": 2.33613339, ""pred_id"": ""346""}"
8,high_phase_mod_large_error_board,SODA-A,0,aspect_ratio>=2.1,angle_error>delta_theta_0.75(aspect_ratio),instance_rank,43,listed_instance,1,1,COMPLETE,Top phase-mod decile and geometry-normalized severe event.,"{""angle_error_deg"": 17.29671818, ""class"": ""small-vehicle"", ""delta_theta_075_deg"": 15.1266414, ""image_id"": ""01600__800__3600___600"", ""phase_mod"": 2.32583627, ""pred_id"": ""65""}"
8,high_phase_mod_large_error_board,SODA-A,0,aspect_ratio>=2.1,angle_error>delta_theta_0.75(aspect_ratio),instance_rank,44,listed_instance,1,1,COMPLETE,Top phase-mod decile and geometry-normalized severe event.,"{""angle_error_deg"": 17.21961132, ""class"": ""small-vehicle"", ""delta_theta_075_deg"": 15.30808142, ""image_id"": ""01785__800__0___1200"", ""phase_mod"": 2.36204476, ""pred_id"": ""204""}"
8,high_phase_mod_large_error_board,SODA-A,0,aspect_ratio>=2.1,angle_error>delta_theta_0.75(aspect_ratio),instance_rank,45,listed_instance,1,1,COMPLETE,Top phase-mod decile and geometry-normalized severe event.,"{""angle_error_deg"": 17.123817, ""class"": ""small-vehicle"", ""delta_theta_075_deg"": 13.46751931, ""image_id"": ""01971__800__1200___1800"", ""phase_mod"": 2.32555782, ""pred_id"": ""69""}"
8,high_phase_mod_large_error_board,SODA-A,0,aspect_ratio>=2.1,angle_error>delta_theta_0.75(aspect_ratio),instance_rank,46,listed_instance,1,1,COMPLETE,Top phase-mod decile and geometry-normalized severe event.,"{""angle_error_deg"": 17.06397607, ""class"": ""small-vehicle"", ""delta_theta_075_deg"": 14.39147041, ""image_id"": ""00128__800__3000___600"", ""phase_mod"": 2.33689477, ""pred_id"": ""46""}"
8,high_phase_mod_large_error_board,SODA-A,0,aspect_ratio>=2.1,angle_error>delta_theta_0.75(aspect_ratio),instance_rank,47,listed_instance,1,1,COMPLETE,Top phase-mod decile and geometry-normalized severe event.,"{""angle_error_deg"": 16.95701434, ""class"": ""small-vehicle"", ""delta_theta_075_deg"": 14.78497505, ""image_id"": ""01997__800__1800___1800"", ""phase_mod"": 2.3360213, ""pred_id"": ""101""}"
8,high_phase_mod_large_error_board,SODA-A,0,aspect_ratio>=2.1,angle_error>delta_theta_0.75(aspect_ratio),instance_rank,48,listed_instance,1,1,COMPLETE,Top phase-mod decile and geometry-normalized severe event.,"{""angle_error_deg"": 16.92607257, ""class"": ""swimming-pool"", ""delta_theta_075_deg"": 14.01593624, ""image_id"": ""01374__800__600___1800"", ""phase_mod"": 2.32896296, ""pred_id"": ""2""}"
8,high_phase_mod_large_error_board,SODA-A,0,aspect_ratio>=2.1,angle_error>delta_theta_0.75(aspect_ratio),instance_rank,49,listed_instance,1,1,COMPLETE,Top phase-mod decile and geometry-normalized severe event.,"{""angle_error_deg"": 16.8784796, ""class"": ""swimming-pool"", ""delta_theta_075_deg"": 13.89989845, ""image_id"": ""02001__800__2400___1985"", ""phase_mod"": 2.38717749, ""pred_id"": ""6""}"
8,high_phase_mod_large_error_board,SODA-A,0,aspect_ratio>=2.1,angle_error>delta_theta_0.75(aspect_ratio),instance_rank,50,listed_instance,1,1,COMPLETE,Top phase-mod decile and geometry-normalized severe event.,"{""angle_error_deg"": 16.08886485, ""class"": ""swimming-pool"", ""delta_theta_075_deg"": 14.1015606, ""image_id"": ""00746__800__2400___600"", ""phase_mod"": 2.3684011, ""pred_id"": ""1""}"
8,high_phase_mod_large_error_board,SODA-A,0,aspect_ratio>=2.1,angle_error>delta_theta_0.75(aspect_ratio),instance_rank,51,listed_instance,1,1,COMPLETE,Top phase-mod decile and geometry-normalized severe event.,"{""angle_error_deg"": 16.05142949, ""class"": ""swimming-pool"", ""delta_theta_075_deg"": 15.16508975, ""image_id"": ""02001__800__0___1800"", ""phase_mod"": 2.42504866, ""pred_id"": ""11""}"
8,high_phase_mod_large_error_board,SODA-A,0,aspect_ratio>=2.1,angle_error>delta_theta_0.75(aspect_ratio),instance_rank,52,listed_instance,1,1,COMPLETE,Top phase-mod decile and geometry-normalized severe event.,"{""angle_error_deg"": 15.74334704, ""class"": ""ship"", ""delta_theta_075_deg"": 13.82663433, ""image_id"": ""01099__800__3000___1985"", ""phase_mod"": 2.32204237, ""pred_id"": ""123""}"
8,high_phase_mod_large_error_board,SODA-A,0,aspect_ratio>=2.1,angle_error>delta_theta_0.75(aspect_ratio),instance_rank,53,listed_instance,1,1,COMPLETE,Top phase-mod decile and geometry-normalized severe event.,"{""angle_error_deg"": 15.68339499, ""class"": ""small-vehicle"", ""delta_theta_075_deg"": 14.14913836, ""image_id"": ""02135__800__3955___1800"", ""phase_mod"": 2.40958427, ""pred_id"": ""43""}"
8,high_phase_mod_large_error_board,SODA-A,0,aspect_ratio>=2.1,angle_error>delta_theta_0.75(aspect_ratio),instance_rank,54,listed_instance,1,1,COMPLETE,Top phase-mod decile and geometry-normalized severe event.,"{""angle_error_deg"": 15.5959174, ""class"": ""ship"", ""delta_theta_075_deg"": 13.82663433, ""image_id"": ""01099__800__3600___1985"", ""phase_mod"": 2.32089754, ""pred_id"": ""192""}"
8,high_phase_mod_large_error_board,SODA-A,0,aspect_ratio>=2.1,angle_error>delta_theta_0.75(aspect_ratio),instance_rank,55,listed_instance,1,1,COMPLETE,Top phase-mod decile and geometry-normalized severe event.,"{""angle_error_deg"": 15.58246609, ""class"": ""small-vehicle"", ""delta_theta_075_deg"": 12.38954662, ""image_id"": ""00231__800__1200___0"", ""phase_mod"": 2.39153666, ""pred_id"": ""119""}"
8,high_phase_mod_large_error_board,SODA-A,0,aspect_ratio>=2.1,angle_error>delta_theta_0.75(aspect_ratio),instance_rank,56,listed_instance,1,1,COMPLETE,Top phase-mod decile and geometry-normalized severe event.,"{""angle_error_deg"": 15.41870766, ""class"": ""small-vehicle"", ""delta_theta_075_deg"": 14.85103647, ""image_id"": ""01414__800__600___0"", ""phase_mod"": 2.36198304, ""pred_id"": ""90""}"
8,high_phase_mod_large_error_board,SODA-A,0,aspect_ratio>=2.1,angle_error>delta_theta_0.75(aspect_ratio),instance_rank,57,listed_instance,1,1,COMPLETE,Top phase-mod decile and geometry-normalized severe event.,"{""angle_error_deg"": 15.37625243, ""class"": ""small-vehicle"", ""delta_theta_075_deg"": 12.38954662, ""image_id"": ""00231__800__1800___0"", ""phase_mod"": 2.39613549, ""pred_id"": ""73""}"
8,high_phase_mod_large_error_board,SODA-A,0,aspect_ratio>=2.1,angle_error>delta_theta_0.75(aspect_ratio),instance_rank,58,listed_instance,1,1,COMPLETE,Top phase-mod decile and geometry-normalized severe event.,"{""angle_error_deg"": 15.20820166, ""class"": ""small-vehicle"", ""delta_theta_075_deg"": 14.19586935, ""image_id"": ""01600__800__1800___1800"", ""phase_mod"": 2.38778024, ""pred_id"": ""302""}"
8,high_phase_mod_large_error_board,SODA-A,0,aspect_ratio>=2.1,angle_error>delta_theta_0.75(aspect_ratio),instance_rank,59,listed_instance,1,1,COMPLETE,Top phase-mod decile and geometry-normalized severe event.,"{""angle_error_deg"": 15.18786861, ""class"": ""small-vehicle"", ""delta_theta_075_deg"": 14.85103647, ""image_id"": ""01414__800__1200___0"", ""phase_mod"": 2.35620545, ""pred_id"": ""54""}"
8,high_phase_mod_large_error_board,SODA-A,0,aspect_ratio>=2.1,angle_error>delta_theta_0.75(aspect_ratio),instance_rank,60,listed_instance,1,1,COMPLETE,Top phase-mod decile and geometry-normalized severe event.,"{""angle_error_deg"": 15.0728708, ""class"": ""small-vehicle"", ""delta_theta_075_deg"": 14.85159103, ""image_id"": ""00063__800__1800___0"", ""phase_mod"": 2.31945222, ""pred_id"": ""226""}"
8,high_phase_mod_large_error_board,SODA-A,0,aspect_ratio>=2.1,angle_error>delta_theta_0.75(aspect_ratio),instance_rank,61,listed_instance,1,1,COMPLETE,Top phase-mod decile and geometry-normalized severe event.,"{""angle_error_deg"": 15.07173448, ""class"": ""small-vehicle"", ""delta_theta_075_deg"": 14.19586935, ""image_id"": ""01600__800__1200___1800"", ""phase_mod"": 2.38865323, ""pred_id"": ""284""}"
8,high_phase_mod_large_error_board,SODA-A,0,aspect_ratio>=2.1,angle_error>delta_theta_0.75(aspect_ratio),instance_rank,62,listed_instance,1,1,COMPLETE,Top phase-mod decile and geometry-normalized severe event.,"{""angle_error_deg"": 15.00295021, ""class"": ""small-vehicle"", ""delta_theta_075_deg"": 14.9837221, ""image_id"": ""02024__800__1200___1200"", ""phase_mod"": 2.46410531, ""pred_id"": ""85""}"
8,high_phase_mod_large_error_board,SODA-A,0,aspect_ratio>=2.1,angle_error>delta_theta_0.75(aspect_ratio),instance_rank,63,listed_instance,1,1,COMPLETE,Top phase-mod decile and geometry-normalized severe event.,"{""angle_error_deg"": 14.99463963, ""class"": ""small-vehicle"", ""delta_theta_075_deg"": 13.66730724, ""image_id"": ""01002__800__2400___0"", ""phase_mod"": 2.34774105, ""pred_id"": ""38""}"
8,high_phase_mod_large_error_board,SODA-A,0,aspect_ratio>=2.1,angle_error>delta_theta_0.75(aspect_ratio),instance_rank,64,listed_instance,1,1,COMPLETE,Top phase-mod decile and geometry-normalized severe event.,"{""angle_error_deg"": 14.988413, ""class"": ""small-vehicle"", ""delta_theta_075_deg"": 12.17112824, ""image_id"": ""00557__800__3955___1800"", ""phase_mod"": 2.39240955, ""pred_id"": ""27""}"
8,high_phase_mod_large_error_board,SODA-A,0,aspect_ratio>=2.1,angle_error>delta_theta_0.75(aspect_ratio),instance_rank,65,listed_instance,1,1,COMPLETE,Top phase-mod decile and geometry-normalized severe event.,"{""angle_error_deg"": 14.96121268, ""class"": ""small-vehicle"", ""delta_theta_075_deg"": 13.66730724, ""image_id"": ""01002__800__3000___0"", ""phase_mod"": 2.34761356, ""pred_id"": ""31""}"
8,high_phase_mod_large_error_board,SODA-A,0,aspect_ratio>=2.1,angle_error>delta_theta_0.75(aspect_ratio),instance_rank,66,listed_instance,1,1,COMPLETE,Top phase-mod decile and geometry-normalized severe event.,"{""angle_error_deg"": 14.93777819, ""class"": ""small-vehicle"", ""delta_theta_075_deg"": 14.85159103, ""image_id"": ""00063__800__1800___600"", ""phase_mod"": 2.32040782, ""pred_id"": ""221""}"
8,high_phase_mod_large_error_board,SODA-A,0,aspect_ratio>=2.1,angle_error>delta_theta_0.75(aspect_ratio),instance_rank,67,listed_instance,1,1,COMPLETE,Top phase-mod decile and geometry-normalized severe event.,"{""angle_error_deg"": 14.89348954, ""class"": ""small-vehicle"", ""delta_theta_075_deg"": 14.85209791, ""image_id"": ""00063__800__1800___0"", ""phase_mod"": 2.35373495, ""pred_id"": ""253""}"
8,high_phase_mod_large_error_board,SODA-A,0,aspect_ratio>=2.1,angle_error>delta_theta_0.75(aspect_ratio),instance_rank,68,listed_instance,1,1,COMPLETE,Top phase-mod decile and geometry-normalized severe event.,"{""angle_error_deg"": 14.84562186, ""class"": ""swimming-pool"", ""delta_theta_075_deg"": 14.6134882, ""image_id"": ""00199__800__600___1800"", ""phase_mod"": 2.32097826, ""pred_id"": ""5""}"
8,high_phase_mod_large_error_board,SODA-A,0,aspect_ratio>=2.1,angle_error>delta_theta_0.75(aspect_ratio),instance_rank,69,listed_instance,1,1,COMPLETE,Top phase-mod decile and geometry-normalized severe event.,"{""angle_error_deg"": 14.46343351, ""class"": ""container"", ""delta_theta_075_deg"": 8.69426799, ""image_id"": ""01387__800__4000___0"", ""phase_mod"": 2.4080259, ""pred_id"": ""195""}"
8,high_phase_mod_large_error_board,SODA-A,0,aspect_ratio>=2.1,angle_error>delta_theta_0.75(aspect_ratio),instance_rank,70,listed_instance,1,1,COMPLETE,Top phase-mod decile and geometry-normalized severe event.,"{""angle_error_deg"": 14.46297247, ""class"": ""container"", ""delta_theta_075_deg"": 8.69426799, ""image_id"": ""01387__800__3600___0"", ""phase_mod"": 2.40934084, ""pred_id"": ""308""}"
8,high_phase_mod_large_error_board,SODA-A,0,aspect_ratio>=2.1,angle_error>delta_theta_0.75(aspect_ratio),instance_rank,71,listed_instance,1,1,COMPLETE,Top phase-mod decile and geometry-normalized severe event.,"{""angle_error_deg"": 14.37107318, ""class"": ""small-vehicle"", ""delta_theta_075_deg"": 12.59617511, ""image_id"": ""01044__800__600___1200"", ""phase_mod"": 2.33757952, ""pred_id"": ""22""}"
8,high_phase_mod_large_error_board,SODA-A,0,aspect_ratio>=2.1,angle_error>delta_theta_0.75(aspect_ratio),instance_rank,72,listed_instance,1,1,COMPLETE,Top phase-mod decile and geometry-normalized severe event.,"{""angle_error_deg"": 14.27758155, ""class"": ""small-vehicle"", ""delta_theta_075_deg"": 13.46751931, ""image_id"": ""01971__800__1200___1944"", ""phase_mod"": 2.34932258, ""pred_id"": ""107""}"
8,high_phase_mod_large_error_board,SODA-A,0,aspect_ratio>=2.1,angle_error>delta_theta_0.75(aspect_ratio),instance_rank,73,listed_instance,1,1,COMPLETE,Top phase-mod decile and geometry-normalized severe event.,"{""angle_error_deg"": 14.25657189, ""class"": ""small-vehicle"", ""delta_theta_075_deg"": 12.59617511, ""image_id"": ""01044__800__0___1200"", ""phase_mod"": 2.33294391, ""pred_id"": ""30""}"
8,high_phase_mod_large_error_board,SODA-A,0,aspect_ratio>=2.1,angle_error>delta_theta_0.75(aspect_ratio),instance_rank,74,listed_instance,1,1,COMPLETE,Top phase-mod decile and geometry-normalized severe event.,"{""angle_error_deg"": 13.81702873, ""class"": ""ship"", ""delta_theta_075_deg"": 10.23613245, ""image_id"": ""02114__800__3000___600"", ""phase_mod"": 2.34444989, ""pred_id"": ""314""}"
8,high_phase_mod_large_error_board,SODA-A,0,aspect_ratio>=2.1,angle_error>delta_theta_0.75(aspect_ratio),instance_rank,75,listed_instance,1,1,COMPLETE,Top phase-mod decile and geometry-normalized severe event.,"{""angle_error_deg"": 13.81120941, ""class"": ""ship"", ""delta_theta_075_deg"": 10.23613245, ""image_id"": ""02114__800__3600___600"", ""phase_mod"": 2.36395441, ""pred_id"": ""424""}"
8,high_phase_mod_large_error_board,SODA-A,0,aspect_ratio>=2.1,angle_error>delta_theta_0.75(aspect_ratio),instance_rank,76,listed_instance,1,1,COMPLETE,Top phase-mod decile and geometry-normalized severe event.,"{""angle_error_deg"": 13.8108465, ""class"": ""ship"", ""delta_theta_075_deg"": 11.99507612, ""image_id"": ""01600__800__1200___1200"", ""phase_mod"": 2.43388402, ""pred_id"": ""45""}"
8,high_phase_mod_large_error_board,SODA-A,0,aspect_ratio>=2.1,angle_error>delta_theta_0.75(aspect_ratio),instance_rank,77,listed_instance,1,1,COMPLETE,Top phase-mod decile and geometry-normalized severe event.,"{""angle_error_deg"": 13.63870797, ""class"": ""small-vehicle"", ""delta_theta_075_deg"": 11.98619228, ""image_id"": ""00310__800__2400___600"", ""phase_mod"": 2.32355467, ""pred_id"": ""42""}"
8,high_phase_mod_large_error_board,SODA-A,0,aspect_ratio>=2.1,angle_error>delta_theta_0.75(aspect_ratio),instance_rank,78,listed_instance,1,1,COMPLETE,Top phase-mod decile and geometry-normalized severe event.,"{""angle_error_deg"": 13.56334867, ""class"": ""ship"", ""delta_theta_075_deg"": 11.6477529, ""image_id"": ""01600__800__600___1200"", ""phase_mod"": 2.3221338, ""pred_id"": ""42""}"
8,high_phase_mod_large_error_board,SODA-A,0,aspect_ratio>=2.1,angle_error>delta_theta_0.75(aspect_ratio),instance_rank,79,listed_instance,1,1,COMPLETE,Top phase-mod decile and geometry-normalized severe event.,"{""angle_error_deg"": 13.52486397, ""class"": ""ship"", ""delta_theta_075_deg"": 11.6477529, ""image_id"": ""01600__800__1200___1200"", ""phase_mod"": 2.32398054, ""pred_id"": ""190""}"
8,high_phase_mod_large_error_board,SODA-A,0,aspect_ratio>=2.1,angle_error>delta_theta_0.75(aspect_ratio),instance_rank,80,listed_instance,1,1,COMPLETE,Top phase-mod decile and geometry-normalized severe event.,"{""angle_error_deg"": 13.51032933, ""class"": ""small-vehicle"", ""delta_theta_075_deg"": 13.45070513, ""image_id"": ""00208__800__1200___1985"", ""phase_mod"": 2.45269969, ""pred_id"": ""34""}"
8,high_phase_mod_large_error_board,SODA-A,0,aspect_ratio>=2.1,angle_error>delta_theta_0.75(aspect_ratio),instance_rank,81,listed_instance,1,1,COMPLETE,Top phase-mod decile and geometry-normalized severe event.,"{""angle_error_deg"": 12.95982633, ""class"": ""small-vehicle"", ""delta_theta_075_deg"": 12.18190292, ""image_id"": ""02217__800__3000___2011"", ""phase_mod"": 2.33271556, ""pred_id"": ""78""}"
8,high_phase_mod_large_error_board,SODA-A,0,aspect_ratio>=2.1,angle_error>delta_theta_0.75(aspect_ratio),instance_rank,82,listed_instance,1,1,COMPLETE,Top phase-mod decile and geometry-normalized severe event.,"{""angle_error_deg"": 12.69899506, ""class"": ""small-vehicle"", ""delta_theta_075_deg"": 12.14648884, ""image_id"": ""01580__800__1800___1200"", ""phase_mod"": 2.34659607, ""pred_id"": ""169""}"
8,high_phase_mod_large_error_board,SODA-A,0,aspect_ratio>=2.1,angle_error>delta_theta_0.75(aspect_ratio),instance_rank,83,listed_instance,1,1,COMPLETE,Top phase-mod decile and geometry-normalized severe event.,"{""angle_error_deg"": 12.63041996, ""class"": ""small-vehicle"", ""delta_theta_075_deg"": 12.14648884, ""image_id"": ""01580__800__1800___1800"", ""phase_mod"": 2.34730521, ""pred_id"": ""76""}"
8,high_phase_mod_large_error_board,SODA-A,0,aspect_ratio>=2.1,angle_error>delta_theta_0.75(aspect_ratio),instance_rank,84,listed_instance,1,1,COMPLETE,Top phase-mod decile and geometry-normalized severe event.,"{""angle_error_deg"": 12.46609495, ""class"": ""container"", ""delta_theta_075_deg"": 7.23095145, ""image_id"": ""01387__800__4000___1200"", ""phase_mod"": 2.32449983, ""pred_id"": ""303""}"
8,high_phase_mod_large_error_board,SODA-A,0,aspect_ratio>=2.1,angle_error>delta_theta_0.75(aspect_ratio),instance_rank,85,listed_instance,1,1,COMPLETE,Top phase-mod decile and geometry-normalized severe event.,"{""angle_error_deg"": 12.45109063, ""class"": ""ship"", ""delta_theta_075_deg"": 11.5905684, ""image_id"": ""01028__800__1200___1200"", ""phase_mod"": 2.33548059, ""pred_id"": ""35""}"
8,high_phase_mod_large_error_board,SODA-A,0,aspect_ratio>=2.1,angle_error>delta_theta_0.75(aspect_ratio),instance_rank,86,listed_instance,1,1,COMPLETE,Top phase-mod decile and geometry-normalized severe event.,"{""angle_error_deg"": 12.14789442, ""class"": ""ship"", ""delta_theta_075_deg"": 9.75661025, ""image_id"": ""01028__800__3600___600"", ""phase_mod"": 2.63051756, ""pred_id"": ""217""}"
8,high_phase_mod_large_error_board,SODA-A,0,aspect_ratio>=2.1,angle_error>delta_theta_0.75(aspect_ratio),instance_rank,87,listed_instance,1,1,COMPLETE,Top phase-mod decile and geometry-normalized severe event.,"{""angle_error_deg"": 12.12742685, ""class"": ""container"", ""delta_theta_075_deg"": 7.23095145, ""image_id"": ""01387__800__4000___1200"", ""phase_mod"": 2.33272831, ""pred_id"": ""178""}"
8,high_phase_mod_large_error_board,SODA-A,0,aspect_ratio>=2.1,angle_error>delta_theta_0.75(aspect_ratio),instance_rank,88,listed_instance,1,1,COMPLETE,Top phase-mod decile and geometry-normalized severe event.,"{""angle_error_deg"": 11.85218821, ""class"": ""container"", ""delta_theta_075_deg"": 6.49876739, ""image_id"": ""01332__800__3600___1800"", ""phase_mod"": 2.53087818, ""pred_id"": ""14""}"
8,high_phase_mod_large_error_board,SODA-A,0,aspect_ratio>=2.1,angle_error>delta_theta_0.75(aspect_ratio),instance_rank,89,listed_instance,1,1,COMPLETE,Top phase-mod decile and geometry-normalized severe event.,"{""angle_error_deg"": 11.55882726, ""class"": ""container"", ""delta_theta_075_deg"": 7.23042604, ""image_id"": ""01387__800__4000___1200"", ""phase_mod"": 2.338086, ""pred_id"": ""84""}"
8,high_phase_mod_large_error_board,SODA-A,0,aspect_ratio>=2.1,angle_error>delta_theta_0.75(aspect_ratio),instance_rank,90,listed_instance,1,1,COMPLETE,Top phase-mod decile and geometry-normalized severe event.,"{""angle_error_deg"": 11.37607872, ""class"": ""container"", ""delta_theta_075_deg"": 7.23093291, ""image_id"": ""01387__800__4000___1200"", ""phase_mod"": 2.33285742, ""pred_id"": ""190""}"
8,high_phase_mod_large_error_board,SODA-A,0,aspect_ratio>=2.1,angle_error>delta_theta_0.75(aspect_ratio),instance_rank,91,listed_instance,1,1,COMPLETE,Top phase-mod decile and geometry-normalized severe event.,"{""angle_error_deg"": 11.27986184, ""class"": ""container"", ""delta_theta_075_deg"": 7.23042604, ""image_id"": ""01387__800__4000___1200"", ""phase_mod"": 2.33361769, ""pred_id"": ""125""}"
8,high_phase_mod_large_error_board,SODA-A,0,aspect_ratio>=2.1,angle_error>delta_theta_0.75(aspect_ratio),instance_rank,92,listed_instance,1,1,COMPLETE,Top phase-mod decile and geometry-normalized severe event.,"{""angle_error_deg"": 11.2746931, ""class"": ""container"", ""delta_theta_075_deg"": 7.23042604, ""image_id"": ""01387__800__4000___1200"", ""phase_mod"": 2.32575699, ""pred_id"": ""46""}"
8,high_phase_mod_large_error_board,SODA-A,0,aspect_ratio>=2.1,angle_error>delta_theta_0.75(aspect_ratio),instance_rank,93,listed_instance,1,1,COMPLETE,Top phase-mod decile and geometry-normalized severe event.,"{""angle_error_deg"": 11.26559358, ""class"": ""container"", ""delta_theta_075_deg"": 7.23093291, ""image_id"": ""01387__800__4000___1200"", ""phase_mod"": 2.33782293, ""pred_id"": ""80""}"
8,high_phase_mod_large_error_board,SODA-A,0,aspect_ratio>=2.1,angle_error>delta_theta_0.75(aspect_ratio),instance_rank,94,listed_instance,1,1,COMPLETE,Top phase-mod decile and geometry-normalized severe event.,"{""angle_error_deg"": 10.64176167, ""class"": ""ship"", ""delta_theta_075_deg"": 8.31792403, ""image_id"": ""01099__800__600___1800"", ""phase_mod"": 2.34307165, ""pred_id"": ""74""}"
8,high_phase_mod_large_error_board,SODA-A,0,aspect_ratio>=2.1,angle_error>delta_theta_0.75(aspect_ratio),instance_rank,95,listed_instance,1,1,COMPLETE,Top phase-mod decile and geometry-normalized severe event.,"{""angle_error_deg"": 10.64160116, ""class"": ""container"", ""delta_theta_075_deg"": 7.23042604, ""image_id"": ""01387__800__4000___1200"", ""phase_mod"": 2.34052979, ""pred_id"": ""71""}"
8,high_phase_mod_large_error_board,SODA-A,0,aspect_ratio>=2.1,angle_error>delta_theta_0.75(aspect_ratio),instance_rank,96,listed_instance,1,1,COMPLETE,Top phase-mod decile and geometry-normalized severe event.,"{""angle_error_deg"": 10.60434247, ""class"": ""container"", ""delta_theta_075_deg"": 7.23042604, ""image_id"": ""01387__800__4000___1200"", ""phase_mod"": 2.36373158, ""pred_id"": ""72""}"
8,high_phase_mod_large_error_board,SODA-A,0,aspect_ratio>=2.1,angle_error>delta_theta_0.75(aspect_ratio),instance_rank,97,listed_instance,1,1,COMPLETE,Top phase-mod decile and geometry-normalized severe event.,"{""angle_error_deg"": 10.46572378, ""class"": ""container"", ""delta_theta_075_deg"": 7.23093291, ""image_id"": ""01387__800__4000___1200"", ""phase_mod"": 2.32616425, ""pred_id"": ""53""}"
8,high_phase_mod_large_error_board,SODA-A,0,aspect_ratio>=2.1,angle_error>delta_theta_0.75(aspect_ratio),instance_rank,98,listed_instance,1,1,COMPLETE,Top phase-mod decile and geometry-normalized severe event.,"{""angle_error_deg"": 10.31541864, ""class"": ""container"", ""delta_theta_075_deg"": 7.23095145, ""image_id"": ""01387__800__4000___1200"", ""phase_mod"": 2.37052294, ""pred_id"": ""16""}"
8,high_phase_mod_large_error_board,SODA-A,0,aspect_ratio>=2.1,angle_error>delta_theta_0.75(aspect_ratio),instance_rank,99,listed_instance,1,1,COMPLETE,Top phase-mod decile and geometry-normalized severe event.,"{""angle_error_deg"": 10.18490739, ""class"": ""container"", ""delta_theta_075_deg"": 7.23042604, ""image_id"": ""01387__800__4000___1200"", ""phase_mod"": 2.33399449, ""pred_id"": ""39""}"
8,high_phase_mod_large_error_board,SODA-A,0,aspect_ratio>=2.1,angle_error>delta_theta_0.75(aspect_ratio),instance_rank,100,listed_instance,1,1,COMPLETE,Top phase-mod decile and geometry-normalized severe event.,"{""angle_error_deg"": 10.18197473, ""class"": ""container"", ""delta_theta_075_deg"": 6.49876739, ""image_id"": ""01332__800__3600___2045"", ""phase_mod"": 2.35607136, ""pred_id"": ""56""}"
9,multi_frequency_circular_disagreement,SODA-A,0,aspect_ratio>=2.1,angle_error>delta_theta_0.75(aspect_ratio),all,all,mean,0.41369345,193045,COMPLETE,,
9,multi_frequency_circular_disagreement,SODA-A,0,aspect_ratio>=2.1,angle_error>delta_theta_0.75(aspect_ratio),all,all,p90,0.85115765,193045,COMPLETE,,
9,multi_frequency_circular_disagreement,SODA-A,0,aspect_ratio>=2.1,angle_error>delta_theta_0.75(aspect_ratio),all,all,spearman_angle_error,0.25443239244614296,193045,COMPLETE,,
10,unwrap_candidate_energy_gap,SODA-A,0,aspect_ratio>=2.1,angle_error>delta_theta_0.75(aspect_ratio),all,all,mean,1.99826096,193045,COMPLETE,,
10,unwrap_candidate_energy_gap,SODA-A,0,aspect_ratio>=2.1,angle_error>delta_theta_0.75(aspect_ratio),all,all,p90,1.99999932,193045,COMPLETE,,
10,unwrap_candidate_energy_gap,SODA-A,0,aspect_ratio>=2.1,angle_error>delta_theta_0.75(aspect_ratio),all,all,spearman_angle_error,-0.25443239244614296,193045,COMPLETE,,
11,phase_direction_margin,SODA-A,0,aspect_ratio>=2.1,angle_error>delta_theta_0.75(aspect_ratio),all,all,mean,2.98614816,193045,COMPLETE,,
11,phase_direction_margin,SODA-A,0,aspect_ratio>=2.1,angle_error>delta_theta_0.75(aspect_ratio),all,all,p90,3.07154554,193045,COMPLETE,,
11,phase_direction_margin,SODA-A,0,aspect_ratio>=2.1,angle_error>delta_theta_0.75(aspect_ratio),all,all,spearman_angle_error,-0.04242408476521874,193045,COMPLETE,,
12,tta_phase_direction_circular_variance,SODA-A,0,aspect_ratio>=2.1,angle_error>delta_theta_0.75(aspect_ratio),all,all,mean,0.00455038,190941,COMPLETE,,
12,tta_phase_direction_circular_variance,SODA-A,0,aspect_ratio>=2.1,angle_error>delta_theta_0.75(aspect_ratio),all,all,p90,0.00085077,190941,COMPLETE,,
12,tta_phase_direction_circular_variance,SODA-A,0,aspect_ratio>=2.1,angle_error>delta_theta_0.75(aspect_ratio),all,all,spearman_angle_error,0.34656770948041477,190941,COMPLETE,,
1,phase_mod_x_angle_error,SODA-A,1,aspect_ratio>=2.1,angle_error>delta_theta_0.75(aspect_ratio),all,all,spearman,0.056715844877232954,195192,COMPLETE,,
1,phase_mod_x_angle_error,SODA-A,1,aspect_ratio>=2.1,angle_error>delta_theta_0.75(aspect_ratio),phase_mod_decile,D1,mean_angle_error_deg,2.81195634,19520,COMPLETE,,
1,phase_mod_x_angle_error,SODA-A,1,aspect_ratio>=2.1,angle_error>delta_theta_0.75(aspect_ratio),phase_mod_decile,D1,severe_event_rate,0.01280738,19520,COMPLETE,,
1,phase_mod_x_angle_error,SODA-A,1,aspect_ratio>=2.1,angle_error>delta_theta_0.75(aspect_ratio),phase_mod_decile,D2,mean_angle_error_deg,2.14765751,19519,COMPLETE,,
1,phase_mod_x_angle_error,SODA-A,1,aspect_ratio>=2.1,angle_error>delta_theta_0.75(aspect_ratio),phase_mod_decile,D2,severe_event_rate,0.00481582,19519,COMPLETE,,
1,phase_mod_x_angle_error,SODA-A,1,aspect_ratio>=2.1,angle_error>delta_theta_0.75(aspect_ratio),phase_mod_decile,D3,mean_angle_error_deg,1.82184064,19519,COMPLETE,,
1,phase_mod_x_angle_error,SODA-A,1,aspect_ratio>=2.1,angle_error>delta_theta_0.75(aspect_ratio),phase_mod_decile,D3,severe_event_rate,0.00230545,19519,COMPLETE,,
1,phase_mod_x_angle_error,SODA-A,1,aspect_ratio>=2.1,angle_error>delta_theta_0.75(aspect_ratio),phase_mod_decile,D4,mean_angle_error_deg,1.64816084,19519,COMPLETE,,
1,phase_mod_x_angle_error,SODA-A,1,aspect_ratio>=2.1,angle_error>delta_theta_0.75(aspect_ratio),phase_mod_decile,D4,severe_event_rate,0.00153696,19519,COMPLETE,,
1,phase_mod_x_angle_error,SODA-A,1,aspect_ratio>=2.1,angle_error>delta_theta_0.75(aspect_ratio),phase_mod_decile,D5,mean_angle_error_deg,1.59714726,19519,COMPLETE,,
1,phase_mod_x_angle_error,SODA-A,1,aspect_ratio>=2.1,angle_error>delta_theta_0.75(aspect_ratio),phase_mod_decile,D5,severe_event_rate,0.00199805,19519,COMPLETE,,
1,phase_mod_x_angle_error,SODA-A,1,aspect_ratio>=2.1,angle_error>delta_theta_0.75(aspect_ratio),phase_mod_decile,D6,mean_angle_error_deg,1.60451234,19519,COMPLETE,,
1,phase_mod_x_angle_error,SODA-A,1,aspect_ratio>=2.1,angle_error>delta_theta_0.75(aspect_ratio),phase_mod_decile,D6,severe_event_rate,0.0015882,19519,COMPLETE,,
1,phase_mod_x_angle_error,SODA-A,1,aspect_ratio>=2.1,angle_error>delta_theta_0.75(aspect_ratio),phase_mod_decile,D7,mean_angle_error_deg,1.9205103,19519,COMPLETE,,
1,phase_mod_x_angle_error,SODA-A,1,aspect_ratio>=2.1,angle_error>delta_theta_0.75(aspect_ratio),phase_mod_decile,D7,severe_event_rate,0.00199805,19519,COMPLETE,,
1,phase_mod_x_angle_error,SODA-A,1,aspect_ratio>=2.1,angle_error>delta_theta_0.75(aspect_ratio),phase_mod_decile,D8,mean_angle_error_deg,2.32634851,19519,COMPLETE,,
1,phase_mod_x_angle_error,SODA-A,1,aspect_ratio>=2.1,angle_error>delta_theta_0.75(aspect_ratio),phase_mod_decile,D8,severe_event_rate,0.00404734,19519,COMPLETE,,
1,phase_mod_x_angle_error,SODA-A,1,aspect_ratio>=2.1,angle_error>delta_theta_0.75(aspect_ratio),phase_mod_decile,D9,mean_angle_error_deg,2.50392899,19519,COMPLETE,,
1,phase_mod_x_angle_error,SODA-A,1,aspect_ratio>=2.1,angle_error>delta_theta_0.75(aspect_ratio),phase_mod_decile,D9,severe_event_rate,0.00502075,19519,COMPLETE,,
1,phase_mod_x_angle_error,SODA-A,1,aspect_ratio>=2.1,angle_error>delta_theta_0.75(aspect_ratio),phase_mod_decile,D10,mean_angle_error_deg,2.60953932,19520,COMPLETE,,
1,phase_mod_x_angle_error,SODA-A,1,aspect_ratio>=2.1,angle_error>delta_theta_0.75(aspect_ratio),phase_mod_decile,D10,severe_event_rate,0.0079918,19520,COMPLETE,,
2,phase_mod_x_phase_angle,SODA-A,1,aspect_ratio>=2.1,angle_error>delta_theta_0.75(aspect_ratio),all,all,spearman_cos_phase,0.0017522284267349386,195192,COMPLETE,,
2,phase_mod_x_phase_angle,SODA-A,1,aspect_ratio>=2.1,angle_error>delta_theta_0.75(aspect_ratio),all,all,spearman_sin_phase,0.019609119398483078,195192,COMPLETE,,
3,phase_mod_x_objectness,SODA-A,1,aspect_ratio>=2.1,angle_error>delta_theta_0.75(aspect_ratio),all,all,availability,,0,UNAVAILABLE,UNAVAILABLE: frozen PSC RetinaNet has no separate objectness output; detection score is reported only in the registered score comparison.,
4,phase_mod_x_feature_norm,SODA-A,1,aspect_ratio>=2.1,angle_error>delta_theta_0.75(aspect_ratio),all,all,spearman,-0.06712508701147113,195192,COMPLETE,Feature norm is the actual shared regression/angle-tower feature at the post-NMS-selected FPN location.,
5,phase_mod_x_size,SODA-A,1,aspect_ratio>=2.1,angle_error>delta_theta_0.75(aspect_ratio),all,all,spearman,-0.034111515884670894,195192,COMPLETE,Size statistic uses log(GT box area) for preregistered diagnostic conditioning only.,
6,phase_mod_x_class,SODA-A,1,aspect_ratio>=2.1,angle_error>delta_theta_0.75(aspect_ratio),class,airplane,median_phase_mod,2.24216254,38,COMPLETE,,
6,phase_mod_x_class,SODA-A,1,aspect_ratio>=2.1,angle_error>delta_theta_0.75(aspect_ratio),class,airplane,severe_event_rate,0.05263158,38,COMPLETE,,
6,phase_mod_x_class,SODA-A,1,aspect_ratio>=2.1,angle_error>delta_theta_0.75(aspect_ratio),class,container,median_phase_mod,2.23791661,35783,COMPLETE,,
6,phase_mod_x_class,SODA-A,1,aspect_ratio>=2.1,angle_error>delta_theta_0.75(aspect_ratio),class,container,severe_event_rate,0.0037448,35783,COMPLETE,,
6,phase_mod_x_class,SODA-A,1,aspect_ratio>=2.1,angle_error>delta_theta_0.75(aspect_ratio),class,helicopter,median_phase_mod,2.35195473,2,COMPLETE,,
6,phase_mod_x_class,SODA-A,1,aspect_ratio>=2.1,angle_error>delta_theta_0.75(aspect_ratio),class,helicopter,severe_event_rate,0.0,2,COMPLETE,,
6,phase_mod_x_class,SODA-A,1,aspect_ratio>=2.1,angle_error>delta_theta_0.75(aspect_ratio),class,large-vehicle,median_phase_mod,2.2423214,4171,COMPLETE,,
6,phase_mod_x_class,SODA-A,1,aspect_ratio>=2.1,angle_error>delta_theta_0.75(aspect_ratio),class,large-vehicle,severe_event_rate,0.00359626,4171,COMPLETE,,
6,phase_mod_x_class,SODA-A,1,aspect_ratio>=2.1,angle_error>delta_theta_0.75(aspect_ratio),class,ship,median_phase_mod,2.24610274,30908,COMPLETE,,
6,phase_mod_x_class,SODA-A,1,aspect_ratio>=2.1,angle_error>delta_theta_0.75(aspect_ratio),class,ship,severe_event_rate,0.0043678,30908,COMPLETE,,
6,phase_mod_x_class,SODA-A,1,aspect_ratio>=2.1,angle_error>delta_theta_0.75(aspect_ratio),class,small-vehicle,median_phase_mod,2.24016058,120268,COMPLETE,,
6,phase_mod_x_class,SODA-A,1,aspect_ratio>=2.1,angle_error>delta_theta_0.75(aspect_ratio),class,small-vehicle,severe_event_rate,0.00412412,120268,COMPLETE,,
6,phase_mod_x_class,SODA-A,1,aspect_ratio>=2.1,angle_error>delta_theta_0.75(aspect_ratio),class,swimming-pool,median_phase_mod,2.25739077,2596,COMPLETE,,
6,phase_mod_x_class,SODA-A,1,aspect_ratio>=2.1,angle_error>delta_theta_0.75(aspect_ratio),class,swimming-pool,severe_event_rate,0.03043143,2596,COMPLETE,,
6,phase_mod_x_class,SODA-A,1,aspect_ratio>=2.1,angle_error>delta_theta_0.75(aspect_ratio),class,windmill,median_phase_mod,2.24798762,1426,COMPLETE,,
6,phase_mod_x_class,SODA-A,1,aspect_ratio>=2.1,angle_error>delta_theta_0.75(aspect_ratio),class,windmill,severe_event_rate,0.0,1426,COMPLETE,,
7,phase_mod_x_boundary_wrapping,SODA-A,1,aspect_ratio>=2.1,angle_error>delta_theta_0.75(aspect_ratio),all,all,spearman_boundary_distance,0.013405813242328375,195192,COMPLETE,,
7,phase_mod_x_boundary_wrapping,SODA-A,1,aspect_ratio>=2.1,angle_error>delta_theta_0.75(aspect_ratio),wrapping_condition,False,severe_event_rate,0.00441104,195192,COMPLETE,,
7,phase_mod_x_boundary_wrapping,SODA-A,1,aspect_ratio>=2.1,angle_error>delta_theta_0.75(aspect_ratio),wrapping_condition,True,severe_event_rate,,0,UNAVAILABLE,,
8,high_phase_mod_large_error_board,SODA-A,1,aspect_ratio>=2.1,angle_error>delta_theta_0.75(aspect_ratio),instance_rank,1,listed_instance,1,1,COMPLETE,Top phase-mod decile and geometry-normalized severe event.,"{""angle_error_deg"": 87.1973958, ""class"": ""small-vehicle"", ""delta_theta_075_deg"": 15.23483647, ""image_id"": ""00498__800__3000___600"", ""phase_mod"": 2.47354229, ""pred_id"": ""269""}"
8,high_phase_mod_large_error_board,SODA-A,1,aspect_ratio>=2.1,angle_error>delta_theta_0.75(aspect_ratio),instance_rank,2,listed_instance,1,1,COMPLETE,Top phase-mod decile and geometry-normalized severe event.,"{""angle_error_deg"": 32.87332743, ""class"": ""small-vehicle"", ""delta_theta_075_deg"": 14.62316469, ""image_id"": ""00356__800__1800___1944"", ""phase_mod"": 2.32749817, ""pred_id"": ""0""}"
8,high_phase_mod_large_error_board,SODA-A,1,aspect_ratio>=2.1,angle_error>delta_theta_0.75(aspect_ratio),instance_rank,3,listed_instance,1,1,COMPLETE,Top phase-mod decile and geometry-normalized severe event.,"{""angle_error_deg"": 32.77460388, ""class"": ""small-vehicle"", ""delta_theta_075_deg"": 14.62316469, ""image_id"": ""00356__800__1200___1944"", ""phase_mod"": 2.33304275, ""pred_id"": ""87""}"
8,high_phase_mod_large_error_board,SODA-A,1,aspect_ratio>=2.1,angle_error>delta_theta_0.75(aspect_ratio),instance_rank,4,listed_instance,1,1,COMPLETE,Top phase-mod decile and geometry-normalized severe event.,"{""angle_error_deg"": 30.20726213, ""class"": ""swimming-pool"", ""delta_theta_075_deg"": 13.84213948, ""image_id"": ""00557__800__1200___1985"", ""phase_mod"": 2.39429206, ""pred_id"": ""16""}"
8,high_phase_mod_large_error_board,SODA-A,1,aspect_ratio>=2.1,angle_error>delta_theta_0.75(aspect_ratio),instance_rank,5,listed_instance,1,1,COMPLETE,Top phase-mod decile and geometry-normalized severe event.,"{""angle_error_deg"": 29.49937529, ""class"": ""ship"", ""delta_theta_075_deg"": 11.48580004, ""image_id"": ""00231__800__0___600"", ""phase_mod"": 2.37520353, ""pred_id"": ""277""}"
8,high_phase_mod_large_error_board,SODA-A,1,aspect_ratio>=2.1,angle_error>delta_theta_0.75(aspect_ratio),instance_rank,6,listed_instance,1,1,COMPLETE,Top phase-mod decile and geometry-normalized severe event.,"{""angle_error_deg"": 29.18953742, ""class"": ""swimming-pool"", ""delta_theta_075_deg"": 14.50955505, ""image_id"": ""00575__800__3955___0"", ""phase_mod"": 2.34811762, ""pred_id"": ""8""}"
8,high_phase_mod_large_error_board,SODA-A,1,aspect_ratio>=2.1,angle_error>delta_theta_0.75(aspect_ratio),instance_rank,7,listed_instance,1,1,COMPLETE,Top phase-mod decile and geometry-normalized severe event.,"{""angle_error_deg"": 28.4456581, ""class"": ""ship"", ""delta_theta_075_deg"": 14.32199632, ""image_id"": ""00231__800__0___600"", ""phase_mod"": 2.35197485, ""pred_id"": ""67""}"
8,high_phase_mod_large_error_board,SODA-A,1,aspect_ratio>=2.1,angle_error>delta_theta_0.75(aspect_ratio),instance_rank,8,listed_instance,1,1,COMPLETE,Top phase-mod decile and geometry-normalized severe event.,"{""angle_error_deg"": 27.82235211, ""class"": ""swimming-pool"", ""delta_theta_075_deg"": 14.50955505, ""image_id"": ""00575__800__3955___600"", ""phase_mod"": 2.37517806, ""pred_id"": ""2""}"
8,high_phase_mod_large_error_board,SODA-A,1,aspect_ratio>=2.1,angle_error>delta_theta_0.75(aspect_ratio),instance_rank,9,listed_instance,1,1,COMPLETE,Top phase-mod decile and geometry-normalized severe event.,"{""angle_error_deg"": 25.56584453, ""class"": ""small-vehicle"", ""delta_theta_075_deg"": 13.82685693, ""image_id"": ""00867__800__1200___2045"", ""phase_mod"": 2.45238901, ""pred_id"": ""216""}"
8,high_phase_mod_large_error_board,SODA-A,1,aspect_ratio>=2.1,angle_error>delta_theta_0.75(aspect_ratio),instance_rank,10,listed_instance,1,1,COMPLETE,Top phase-mod decile and geometry-normalized severe event.,"{""angle_error_deg"": 24.6750701, ""class"": ""small-vehicle"", ""delta_theta_075_deg"": 14.80293769, ""image_id"": ""00893__800__600___0"", ""phase_mod"": 2.32289931, ""pred_id"": ""27""}"
8,high_phase_mod_large_error_board,SODA-A,1,aspect_ratio>=2.1,angle_error>delta_theta_0.75(aspect_ratio),instance_rank,11,listed_instance,1,1,COMPLETE,Top phase-mod decile and geometry-normalized severe event.,"{""angle_error_deg"": 24.43231066, ""class"": ""ship"", ""delta_theta_075_deg"": 14.406467, ""image_id"": ""00231__800__0___600"", ""phase_mod"": 2.3197732, ""pred_id"": ""172""}"
8,high_phase_mod_large_error_board,SODA-A,1,aspect_ratio>=2.1,angle_error>delta_theta_0.75(aspect_ratio),instance_rank,12,listed_instance,1,1,COMPLETE,Top phase-mod decile and geometry-normalized severe event.,"{""angle_error_deg"": 23.90939479, ""class"": ""swimming-pool"", ""delta_theta_075_deg"": 13.00900566, ""image_id"": ""01284__800__1800___600"", ""phase_mod"": 2.38465602, ""pred_id"": ""5""}"
8,high_phase_mod_large_error_board,SODA-A,1,aspect_ratio>=2.1,angle_error>delta_theta_0.75(aspect_ratio),instance_rank,13,listed_instance,1,1,COMPLETE,Top phase-mod decile and geometry-normalized severe event.,"{""angle_error_deg"": 23.78093351, ""class"": ""small-vehicle"", ""delta_theta_075_deg"": 13.49392737, ""image_id"": ""00557__800__2400___1800"", ""phase_mod"": 2.35980197, ""pred_id"": ""48""}"
8,high_phase_mod_large_error_board,SODA-A,1,aspect_ratio>=2.1,angle_error>delta_theta_0.75(aspect_ratio),instance_rank,14,listed_instance,1,1,COMPLETE,Top phase-mod decile and geometry-normalized severe event.,"{""angle_error_deg"": 23.43573404, ""class"": ""small-vehicle"", ""delta_theta_075_deg"": 14.66357027, ""image_id"": ""02463__800__1200___1200"", ""phase_mod"": 2.3398644, ""pred_id"": ""85""}"
8,high_phase_mod_large_error_board,SODA-A,1,aspect_ratio>=2.1,angle_error>delta_theta_0.75(aspect_ratio),instance_rank,15,listed_instance,1,1,COMPLETE,Top phase-mod decile and geometry-normalized severe event.,"{""angle_error_deg"": 23.38227543, ""class"": ""small-vehicle"", ""delta_theta_075_deg"": 13.49392737, ""image_id"": ""00557__800__2400___1200"", ""phase_mod"": 2.36152841, ""pred_id"": ""57""}"
8,high_phase_mod_large_error_board,SODA-A,1,aspect_ratio>=2.1,angle_error>delta_theta_0.75(aspect_ratio),instance_rank,16,listed_instance,1,1,COMPLETE,Top phase-mod decile and geometry-normalized severe event.,"{""angle_error_deg"": 22.01565222, ""class"": ""small-vehicle"", ""delta_theta_075_deg"": 13.82729669, ""image_id"": ""00867__800__1200___2045"", ""phase_mod"": 2.51913733, ""pred_id"": ""265""}"
8,high_phase_mod_large_error_board,SODA-A,1,aspect_ratio>=2.1,angle_error>delta_theta_0.75(aspect_ratio),instance_rank,17,listed_instance,1,1,COMPLETE,Top phase-mod decile and geometry-normalized severe event.,"{""angle_error_deg"": 21.45827901, ""class"": ""swimming-pool"", ""delta_theta_075_deg"": 14.31387148, ""image_id"": ""00557__800__1800___1985"", ""phase_mod"": 2.33092282, ""pred_id"": ""2""}"
8,high_phase_mod_large_error_board,SODA-A,1,aspect_ratio>=2.1,angle_error>delta_theta_0.75(aspect_ratio),instance_rank,18,listed_instance,1,1,COMPLETE,Top phase-mod decile and geometry-normalized severe event.,"{""angle_error_deg"": 21.32189374, ""class"": ""ship"", ""delta_theta_075_deg"": 13.41051209, ""image_id"": ""01567__800__2400___1200"", ""phase_mod"": 2.39983199, ""pred_id"": ""31""}"
8,high_phase_mod_large_error_board,SODA-A,1,aspect_ratio>=2.1,angle_error>delta_theta_0.75(aspect_ratio),instance_rank,19,listed_instance,1,1,COMPLETE,Top phase-mod decile and geometry-normalized severe event.,"{""angle_error_deg"": 21.22530712, ""class"": ""small-vehicle"", ""delta_theta_075_deg"": 15.11359286, ""image_id"": ""01417__800__3600___1200"", ""phase_mod"": 2.32360916, ""pred_id"": ""186""}"
8,high_phase_mod_large_error_board,SODA-A,1,aspect_ratio>=2.1,angle_error>delta_theta_0.75(aspect_ratio),instance_rank,20,listed_instance,1,1,COMPLETE,Top phase-mod decile and geometry-normalized severe event.,"{""angle_error_deg"": 21.2237635, ""class"": ""small-vehicle"", ""delta_theta_075_deg"": 15.11359286, ""image_id"": ""01417__800__4000___1200"", ""phase_mod"": 2.32362594, ""pred_id"": ""202""}"
8,high_phase_mod_large_error_board,SODA-A,1,aspect_ratio>=2.1,angle_error>delta_theta_0.75(aspect_ratio),instance_rank,21,listed_instance,1,1,COMPLETE,Top phase-mod decile and geometry-normalized severe event.,"{""angle_error_deg"": 20.95701228, ""class"": ""small-vehicle"", ""delta_theta_075_deg"": 14.21981214, ""image_id"": ""02062__800__2400___0"", ""phase_mod"": 2.35834254, ""pred_id"": ""142""}"
8,high_phase_mod_large_error_board,SODA-A,1,aspect_ratio>=2.1,angle_error>delta_theta_0.75(aspect_ratio),instance_rank,22,listed_instance,1,1,COMPLETE,Top phase-mod decile and geometry-normalized severe event.,"{""angle_error_deg"": 20.50523443, ""class"": ""small-vehicle"", ""delta_theta_075_deg"": 14.96744462, ""image_id"": ""01295__800__1200___0"", ""phase_mod"": 2.35970502, ""pred_id"": ""16""}"
8,high_phase_mod_large_error_board,SODA-A,1,aspect_ratio>=2.1,angle_error>delta_theta_0.75(aspect_ratio),instance_rank,23,listed_instance,1,1,COMPLETE,Top phase-mod decile and geometry-normalized severe event.,"{""angle_error_deg"": 20.23256827, ""class"": ""small-vehicle"", ""delta_theta_075_deg"": 14.59833693, ""image_id"": ""00855__800__3000___600"", ""phase_mod"": 2.31968731, ""pred_id"": ""220""}"
8,high_phase_mod_large_error_board,SODA-A,1,aspect_ratio>=2.1,angle_error>delta_theta_0.75(aspect_ratio),instance_rank,24,listed_instance,1,1,COMPLETE,Top phase-mod decile and geometry-normalized severe event.,"{""angle_error_deg"": 20.15151442, ""class"": ""swimming-pool"", ""delta_theta_075_deg"": 14.31387148, ""image_id"": ""00557__800__1800___1800"", ""phase_mod"": 2.36314888, ""pred_id"": ""2""}"
8,high_phase_mod_large_error_board,SODA-A,1,aspect_ratio>=2.1,angle_error>delta_theta_0.75(aspect_ratio),instance_rank,25,listed_instance,1,1,COMPLETE,Top phase-mod decile and geometry-normalized severe event.,"{""angle_error_deg"": 19.70295449, ""class"": ""ship"", ""delta_theta_075_deg"": 14.31622173, ""image_id"": ""00231__800__0___0"", ""phase_mod"": 2.35153184, ""pred_id"": ""85""}"
8,high_phase_mod_large_error_board,SODA-A,1,aspect_ratio>=2.1,angle_error>delta_theta_0.75(aspect_ratio),instance_rank,26,listed_instance,1,1,COMPLETE,Top phase-mod decile and geometry-normalized severe event.,"{""angle_error_deg"": 19.66662471, ""class"": ""ship"", ""delta_theta_075_deg"": 14.31622173, ""image_id"": ""00231__800__600___0"", ""phase_mod"": 2.35511236, ""pred_id"": ""98""}"
8,high_phase_mod_large_error_board,SODA-A,1,aspect_ratio>=2.1,angle_error>delta_theta_0.75(aspect_ratio),instance_rank,27,listed_instance,1,1,COMPLETE,Top phase-mod decile and geometry-normalized severe event.,"{""angle_error_deg"": 19.55601157, ""class"": ""small-vehicle"", ""delta_theta_075_deg"": 14.21998439, ""image_id"": ""02062__800__2400___0"", ""phase_mod"": 2.34126377, ""pred_id"": ""135""}"
8,high_phase_mod_large_error_board,SODA-A,1,aspect_ratio>=2.1,angle_error>delta_theta_0.75(aspect_ratio),instance_rank,28,listed_instance,1,1,COMPLETE,Top phase-mod decile and geometry-normalized severe event.,"{""angle_error_deg"": 19.25457397, ""class"": ""small-vehicle"", ""delta_theta_075_deg"": 14.21998439, ""image_id"": ""02062__800__2400___600"", ""phase_mod"": 2.33579245, ""pred_id"": ""100""}"
8,high_phase_mod_large_error_board,SODA-A,1,aspect_ratio>=2.1,angle_error>delta_theta_0.75(aspect_ratio),instance_rank,29,listed_instance,1,1,COMPLETE,Top phase-mod decile and geometry-normalized severe event.,"{""angle_error_deg"": 18.97471636, ""class"": ""ship"", ""delta_theta_075_deg"": 13.82663433, ""image_id"": ""01099__800__3000___1985"", ""phase_mod"": 2.35498997, ""pred_id"": ""256""}"
8,high_phase_mod_large_error_board,SODA-A,1,aspect_ratio>=2.1,angle_error>delta_theta_0.75(aspect_ratio),instance_rank,30,listed_instance,1,1,COMPLETE,Top phase-mod decile and geometry-normalized severe event.,"{""angle_error_deg"": 18.74491459, ""class"": ""small-vehicle"", ""delta_theta_075_deg"": 13.15359984, ""image_id"": ""00733__800__2400___1800"", ""phase_mod"": 2.46933322, ""pred_id"": ""93""}"
8,high_phase_mod_large_error_board,SODA-A,1,aspect_ratio>=2.1,angle_error>delta_theta_0.75(aspect_ratio),instance_rank,31,listed_instance,1,1,COMPLETE,Top phase-mod decile and geometry-normalized severe event.,"{""angle_error_deg"": 18.64543289, ""class"": ""small-vehicle"", ""delta_theta_075_deg"": 13.15359984, ""image_id"": ""00733__800__2400___1200"", ""phase_mod"": 2.47235767, ""pred_id"": ""100""}"
8,high_phase_mod_large_error_board,SODA-A,1,aspect_ratio>=2.1,angle_error>delta_theta_0.75(aspect_ratio),instance_rank,32,listed_instance,1,1,COMPLETE,Top phase-mod decile and geometry-normalized severe event.,"{""angle_error_deg"": 18.59372835, ""class"": ""small-vehicle"", ""delta_theta_075_deg"": 15.02272922, ""image_id"": ""01580__800__1800___1200"", ""phase_mod"": 2.68109645, ""pred_id"": ""388""}"
8,high_phase_mod_large_error_board,SODA-A,1,aspect_ratio>=2.1,angle_error>delta_theta_0.75(aspect_ratio),instance_rank,33,listed_instance,1,1,COMPLETE,Top phase-mod decile and geometry-normalized severe event.,"{""angle_error_deg"": 18.40535174, ""class"": ""small-vehicle"", ""delta_theta_075_deg"": 15.02272922, ""image_id"": ""01580__800__1800___1944"", ""phase_mod"": 2.51140822, ""pred_id"": ""9""}"
8,high_phase_mod_large_error_board,SODA-A,1,aspect_ratio>=2.1,angle_error>delta_theta_0.75(aspect_ratio),instance_rank,34,listed_instance,1,1,COMPLETE,Top phase-mod decile and geometry-normalized severe event.,"{""angle_error_deg"": 18.34512313, ""class"": ""small-vehicle"", ""delta_theta_075_deg"": 13.19338832, ""image_id"": ""02190__800__1200___0"", ""phase_mod"": 2.36847341, ""pred_id"": ""119""}"
8,high_phase_mod_large_error_board,SODA-A,1,aspect_ratio>=2.1,angle_error>delta_theta_0.75(aspect_ratio),instance_rank,35,listed_instance,1,1,COMPLETE,Top phase-mod decile and geometry-normalized severe event.,"{""angle_error_deg"": 18.13995108, ""class"": ""swimming-pool"", ""delta_theta_075_deg"": 14.8043659, ""image_id"": ""01002__800__2400___1200"", ""phase_mod"": 2.32377968, ""pred_id"": ""0""}"
8,high_phase_mod_large_error_board,SODA-A,1,aspect_ratio>=2.1,angle_error>delta_theta_0.75(aspect_ratio),instance_rank,36,listed_instance,1,1,COMPLETE,Top phase-mod decile and geometry-normalized severe event.,"{""angle_error_deg"": 18.1373031, ""class"": ""small-vehicle"", ""delta_theta_075_deg"": 14.83260133, ""image_id"": ""00244__800__0___1200"", ""phase_mod"": 2.3428891, ""pred_id"": ""17""}"
8,high_phase_mod_large_error_board,SODA-A,1,aspect_ratio>=2.1,angle_error>delta_theta_0.75(aspect_ratio),instance_rank,37,listed_instance,1,1,COMPLETE,Top phase-mod decile and geometry-normalized severe event.,"{""angle_error_deg"": 18.054502, ""class"": ""small-vehicle"", ""delta_theta_075_deg"": 12.6354619, ""image_id"": ""00044__800__600___1200"", ""phase_mod"": 2.37951699, ""pred_id"": ""124""}"
8,high_phase_mod_large_error_board,SODA-A,1,aspect_ratio>=2.1,angle_error>delta_theta_0.75(aspect_ratio),instance_rank,38,listed_instance,1,1,COMPLETE,Top phase-mod decile and geometry-normalized severe event.,"{""angle_error_deg"": 18.00527682, ""class"": ""ship"", ""delta_theta_075_deg"": 14.31622173, ""image_id"": ""00231__800__0___600"", ""phase_mod"": 2.31704366, ""pred_id"": ""179""}"
8,high_phase_mod_large_error_board,SODA-A,1,aspect_ratio>=2.1,angle_error>delta_theta_0.75(aspect_ratio),instance_rank,39,listed_instance,1,1,COMPLETE,Top phase-mod decile and geometry-normalized severe event.,"{""angle_error_deg"": 17.8522125, ""class"": ""swimming-pool"", ""delta_theta_075_deg"": 14.01593624, ""image_id"": ""01374__800__1200___1985"", ""phase_mod"": 2.35443734, ""pred_id"": ""26""}"
8,high_phase_mod_large_error_board,SODA-A,1,aspect_ratio>=2.1,angle_error>delta_theta_0.75(aspect_ratio),instance_rank,40,listed_instance,1,1,COMPLETE,Top phase-mod decile and geometry-normalized severe event.,"{""angle_error_deg"": 17.80283093, ""class"": ""small-vehicle"", ""delta_theta_075_deg"": 14.90890179, ""image_id"": ""00210__800__4000___0"", ""phase_mod"": 2.41179989, ""pred_id"": ""62""}"
8,high_phase_mod_large_error_board,SODA-A,1,aspect_ratio>=2.1,angle_error>delta_theta_0.75(aspect_ratio),instance_rank,41,listed_instance,1,1,COMPLETE,Top phase-mod decile and geometry-normalized severe event.,"{""angle_error_deg"": 17.76113513, ""class"": ""small-vehicle"", ""delta_theta_075_deg"": 13.57563628, ""image_id"": ""00557__800__3955___1200"", ""phase_mod"": 2.3507422, ""pred_id"": ""19""}"
8,high_phase_mod_large_error_board,SODA-A,1,aspect_ratio>=2.1,angle_error>delta_theta_0.75(aspect_ratio),instance_rank,42,listed_instance,1,1,COMPLETE,Top phase-mod decile and geometry-normalized severe event.,"{""angle_error_deg"": 17.70062312, ""class"": ""ship"", ""delta_theta_075_deg"": 13.61432832, ""image_id"": ""01099__800__3955___0"", ""phase_mod"": 2.32316358, ""pred_id"": ""179""}"
8,high_phase_mod_large_error_board,SODA-A,1,aspect_ratio>=2.1,angle_error>delta_theta_0.75(aspect_ratio),instance_rank,43,listed_instance,1,1,COMPLETE,Top phase-mod decile and geometry-normalized severe event.,"{""angle_error_deg"": 17.65691076, ""class"": ""small-vehicle"", ""delta_theta_075_deg"": 14.26503091, ""image_id"": ""00231__800__1800___600"", ""phase_mod"": 2.36369384, ""pred_id"": ""233""}"
8,high_phase_mod_large_error_board,SODA-A,1,aspect_ratio>=2.1,angle_error>delta_theta_0.75(aspect_ratio),instance_rank,44,listed_instance,1,1,COMPLETE,Top phase-mod decile and geometry-normalized severe event.,"{""angle_error_deg"": 17.64245717, ""class"": ""ship"", ""delta_theta_075_deg"": 10.40777869, ""image_id"": ""01251__800__2400___0"", ""phase_mod"": 2.57466434, ""pred_id"": ""392""}"
8,high_phase_mod_large_error_board,SODA-A,1,aspect_ratio>=2.1,angle_error>delta_theta_0.75(aspect_ratio),instance_rank,45,listed_instance,1,1,COMPLETE,Top phase-mod decile and geometry-normalized severe event.,"{""angle_error_deg"": 17.39735194, ""class"": ""small-vehicle"", ""delta_theta_075_deg"": 14.54945556, ""image_id"": ""02082__800__3600___0"", ""phase_mod"": 2.37215709, ""pred_id"": ""235""}"
8,high_phase_mod_large_error_board,SODA-A,1,aspect_ratio>=2.1,angle_error>delta_theta_0.75(aspect_ratio),instance_rank,46,listed_instance,1,1,COMPLETE,Top phase-mod decile and geometry-normalized severe event.,"{""angle_error_deg"": 17.27800852, ""class"": ""small-vehicle"", ""delta_theta_075_deg"": 15.02272922, ""image_id"": ""01580__800__2400___1200"", ""phase_mod"": 2.37055285, ""pred_id"": ""97""}"
8,high_phase_mod_large_error_board,SODA-A,1,aspect_ratio>=2.1,angle_error>delta_theta_0.75(aspect_ratio),instance_rank,47,listed_instance,1,1,COMPLETE,Top phase-mod decile and geometry-normalized severe event.,"{""angle_error_deg"": 17.22163897, ""class"": ""small-vehicle"", ""delta_theta_075_deg"": 13.57563628, ""image_id"": ""00557__800__3955___600"", ""phase_mod"": 2.35125051, ""pred_id"": ""45""}"
8,high_phase_mod_large_error_board,SODA-A,1,aspect_ratio>=2.1,angle_error>delta_theta_0.75(aspect_ratio),instance_rank,48,listed_instance,1,1,COMPLETE,Top phase-mod decile and geometry-normalized severe event.,"{""angle_error_deg"": 17.22129063, ""class"": ""small-vehicle"", ""delta_theta_075_deg"": 15.02272922, ""image_id"": ""01580__800__1800___1800"", ""phase_mod"": 2.49529309, ""pred_id"": ""106""}"
8,high_phase_mod_large_error_board,SODA-A,1,aspect_ratio>=2.1,angle_error>delta_theta_0.75(aspect_ratio),instance_rank,49,listed_instance,1,1,COMPLETE,Top phase-mod decile and geometry-normalized severe event.,"{""angle_error_deg"": 17.2101911, ""class"": ""small-vehicle"", ""delta_theta_075_deg"": 14.54945556, ""image_id"": ""02082__800__3000___0"", ""phase_mod"": 2.37618892, ""pred_id"": ""327""}"
8,high_phase_mod_large_error_board,SODA-A,1,aspect_ratio>=2.1,angle_error>delta_theta_0.75(aspect_ratio),instance_rank,50,listed_instance,1,1,COMPLETE,Top phase-mod decile and geometry-normalized severe event.,"{""angle_error_deg"": 17.1448804, ""class"": ""small-vehicle"", ""delta_theta_075_deg"": 13.8267654, ""image_id"": ""00867__800__1200___2045"", ""phase_mod"": 2.44077418, ""pred_id"": ""183""}"
8,high_phase_mod_large_error_board,SODA-A,1,aspect_ratio>=2.1,angle_error>delta_theta_0.75(aspect_ratio),instance_rank,51,listed_instance,1,1,COMPLETE,Top phase-mod decile and geometry-normalized severe event.,"{""angle_error_deg"": 16.96594834, ""class"": ""small-vehicle"", ""delta_theta_075_deg"": 14.64980157, ""image_id"": ""01786__800__4000___0"", ""phase_mod"": 2.39596951, ""pred_id"": ""25""}"
8,high_phase_mod_large_error_board,SODA-A,1,aspect_ratio>=2.1,angle_error>delta_theta_0.75(aspect_ratio),instance_rank,52,listed_instance,1,1,COMPLETE,Top phase-mod decile and geometry-normalized severe event.,"{""angle_error_deg"": 16.91852201, ""class"": ""small-vehicle"", ""delta_theta_075_deg"": 15.02272922, ""image_id"": ""01580__800__1800___1944"", ""phase_mod"": 2.37330086, ""pred_id"": ""3""}"
8,high_phase_mod_large_error_board,SODA-A,1,aspect_ratio>=2.1,angle_error>delta_theta_0.75(aspect_ratio),instance_rank,53,listed_instance,1,1,COMPLETE,Top phase-mod decile and geometry-normalized severe event.,"{""angle_error_deg"": 16.90098208, ""class"": ""small-vehicle"", ""delta_theta_075_deg"": 15.02272922, ""image_id"": ""01580__800__2400___1944"", ""phase_mod"": 2.34789595, ""pred_id"": ""5""}"
8,high_phase_mod_large_error_board,SODA-A,1,aspect_ratio>=2.1,angle_error>delta_theta_0.75(aspect_ratio),instance_rank,54,listed_instance,1,1,COMPLETE,Top phase-mod decile and geometry-normalized severe event.,"{""angle_error_deg"": 16.89898949, ""class"": ""small-vehicle"", ""delta_theta_075_deg"": 14.88583685, ""image_id"": ""00190__800__1200___600"", ""phase_mod"": 2.32311685, ""pred_id"": ""57""}"
8,high_phase_mod_large_error_board,SODA-A,1,aspect_ratio>=2.1,angle_error>delta_theta_0.75(aspect_ratio),instance_rank,55,listed_instance,1,1,COMPLETE,Top phase-mod decile and geometry-normalized severe event.,"{""angle_error_deg"": 16.84362898, ""class"": ""swimming-pool"", ""delta_theta_075_deg"": 14.40934591, ""image_id"": ""01408__800__2400___1200"", ""phase_mod"": 2.45575219, ""pred_id"": ""0""}"
8,high_phase_mod_large_error_board,SODA-A,1,aspect_ratio>=2.1,angle_error>delta_theta_0.75(aspect_ratio),instance_rank,56,listed_instance,1,1,COMPLETE,Top phase-mod decile and geometry-normalized severe event.,"{""angle_error_deg"": 16.80282543, ""class"": ""small-vehicle"", ""delta_theta_075_deg"": 15.02272922, ""image_id"": ""01580__800__2400___1200"", ""phase_mod"": 2.34890939, ""pred_id"": ""59""}"
8,high_phase_mod_large_error_board,SODA-A,1,aspect_ratio>=2.1,angle_error>delta_theta_0.75(aspect_ratio),instance_rank,57,listed_instance,1,1,COMPLETE,Top phase-mod decile and geometry-normalized severe event.,"{""angle_error_deg"": 16.79353638, ""class"": ""swimming-pool"", ""delta_theta_075_deg"": 14.40934591, ""image_id"": ""01408__800__2400___1800"", ""phase_mod"": 2.45554512, ""pred_id"": ""0""}"
8,high_phase_mod_large_error_board,SODA-A,1,aspect_ratio>=2.1,angle_error>delta_theta_0.75(aspect_ratio),instance_rank,58,listed_instance,1,1,COMPLETE,Top phase-mod decile and geometry-normalized severe event.,"{""angle_error_deg"": 16.70083022, ""class"": ""small-vehicle"", ""delta_theta_075_deg"": 15.02272922, ""image_id"": ""01580__800__1800___1800"", ""phase_mod"": 2.33378252, ""pred_id"": ""48""}"
8,high_phase_mod_large_error_board,SODA-A,1,aspect_ratio>=2.1,angle_error>delta_theta_0.75(aspect_ratio),instance_rank,59,listed_instance,1,1,COMPLETE,Top phase-mod decile and geometry-normalized severe event.,"{""angle_error_deg"": 16.68927536, ""class"": ""small-vehicle"", ""delta_theta_075_deg"": 14.88583685, ""image_id"": ""00190__800__1200___1200"", ""phase_mod"": 2.3295412, ""pred_id"": ""54""}"
8,high_phase_mod_large_error_board,SODA-A,1,aspect_ratio>=2.1,angle_error>delta_theta_0.75(aspect_ratio),instance_rank,60,listed_instance,1,1,COMPLETE,Top phase-mod decile and geometry-normalized severe event.,"{""angle_error_deg"": 16.62171614, ""class"": ""swimming-pool"", ""delta_theta_075_deg"": 13.82713266, ""image_id"": ""01538__800__1200___1200"", ""phase_mod"": 2.36155418, ""pred_id"": ""8""}"
8,high_phase_mod_large_error_board,SODA-A,1,aspect_ratio>=2.1,angle_error>delta_theta_0.75(aspect_ratio),instance_rank,61,listed_instance,1,1,COMPLETE,Top phase-mod decile and geometry-normalized severe event.,"{""angle_error_deg"": 16.40863478, ""class"": ""ship"", ""delta_theta_075_deg"": 13.82663433, ""image_id"": ""01099__800__3000___1800"", ""phase_mod"": 2.32587283, ""pred_id"": ""217""}"
8,high_phase_mod_large_error_board,SODA-A,1,aspect_ratio>=2.1,angle_error>delta_theta_0.75(aspect_ratio),instance_rank,62,listed_instance,1,1,COMPLETE,Top phase-mod decile and geometry-normalized severe event.,"{""angle_error_deg"": 16.35244282, ""class"": ""ship"", ""delta_theta_075_deg"": 13.82663433, ""image_id"": ""01099__800__3600___1800"", ""phase_mod"": 2.32635033, ""pred_id"": ""304""}"
8,high_phase_mod_large_error_board,SODA-A,1,aspect_ratio>=2.1,angle_error>delta_theta_0.75(aspect_ratio),instance_rank,63,listed_instance,1,1,COMPLETE,Top phase-mod decile and geometry-normalized severe event.,"{""angle_error_deg"": 16.2952759, ""class"": ""swimming-pool"", ""delta_theta_075_deg"": 14.8327542, ""image_id"": ""01002__800__1200___0"", ""phase_mod"": 2.38394958, ""pred_id"": ""16""}"
8,high_phase_mod_large_error_board,SODA-A,1,aspect_ratio>=2.1,angle_error>delta_theta_0.75(aspect_ratio),instance_rank,64,listed_instance,1,1,COMPLETE,Top phase-mod decile and geometry-normalized severe event.,"{""angle_error_deg"": 16.21215585, ""class"": ""swimming-pool"", ""delta_theta_075_deg"": 14.12161662, ""image_id"": ""00724__800__1200___1985"", ""phase_mod"": 2.31715019, ""pred_id"": ""0""}"
8,high_phase_mod_large_error_board,SODA-A,1,aspect_ratio>=2.1,angle_error>delta_theta_0.75(aspect_ratio),instance_rank,65,listed_instance,1,1,COMPLETE,Top phase-mod decile and geometry-normalized severe event.,"{""angle_error_deg"": 16.20988726, ""class"": ""small-vehicle"", ""delta_theta_075_deg"": 13.66210986, ""image_id"": ""01560__800__3000___1200"", ""phase_mod"": 2.3734383, ""pred_id"": ""256""}"
8,high_phase_mod_large_error_board,SODA-A,1,aspect_ratio>=2.1,angle_error>delta_theta_0.75(aspect_ratio),instance_rank,66,listed_instance,1,1,COMPLETE,Top phase-mod decile and geometry-normalized severe event.,"{""angle_error_deg"": 16.20891999, ""class"": ""small-vehicle"", ""delta_theta_075_deg"": 15.02272922, ""image_id"": ""01580__800__1800___1200"", ""phase_mod"": 2.44481946, ""pred_id"": ""181""}"
8,high_phase_mod_large_error_board,SODA-A,1,aspect_ratio>=2.1,angle_error>delta_theta_0.75(aspect_ratio),instance_rank,67,listed_instance,1,1,COMPLETE,Top phase-mod decile and geometry-normalized severe event.,"{""angle_error_deg"": 16.18761572, ""class"": ""small-vehicle"", ""delta_theta_075_deg"": 13.61833974, ""image_id"": ""01287__800__0___600"", ""phase_mod"": 2.36746808, ""pred_id"": ""45""}"
8,high_phase_mod_large_error_board,SODA-A,1,aspect_ratio>=2.1,angle_error>delta_theta_0.75(aspect_ratio),instance_rank,68,listed_instance,1,1,COMPLETE,Top phase-mod decile and geometry-normalized severe event.,"{""angle_error_deg"": 16.17935552, ""class"": ""small-vehicle"", ""delta_theta_075_deg"": 13.45122011, ""image_id"": ""00208__800__1200___1800"", ""phase_mod"": 2.33942052, ""pred_id"": ""38""}"
8,high_phase_mod_large_error_board,SODA-A,1,aspect_ratio>=2.1,angle_error>delta_theta_0.75(aspect_ratio),instance_rank,69,listed_instance,1,1,COMPLETE,Top phase-mod decile and geometry-normalized severe event.,"{""angle_error_deg"": 16.10465758, ""class"": ""small-vehicle"", ""delta_theta_075_deg"": 14.85104665, ""image_id"": ""01414__800__600___0"", ""phase_mod"": 2.35863317, ""pred_id"": ""296""}"
8,high_phase_mod_large_error_board,SODA-A,1,aspect_ratio>=2.1,angle_error>delta_theta_0.75(aspect_ratio),instance_rank,70,listed_instance,1,1,COMPLETE,Top phase-mod decile and geometry-normalized severe event.,"{""angle_error_deg"": 15.89411103, ""class"": ""small-vehicle"", ""delta_theta_075_deg"": 14.85104665, ""image_id"": ""01414__800__1200___0"", ""phase_mod"": 2.35533943, ""pred_id"": ""289""}"
8,high_phase_mod_large_error_board,SODA-A,1,aspect_ratio>=2.1,angle_error>delta_theta_0.75(aspect_ratio),instance_rank,71,listed_instance,1,1,COMPLETE,Top phase-mod decile and geometry-normalized severe event.,"{""angle_error_deg"": 15.89268986, ""class"": ""swimming-pool"", ""delta_theta_075_deg"": 14.6134882, ""image_id"": ""00199__800__600___1985"", ""phase_mod"": 2.32525919, ""pred_id"": ""2""}"
8,high_phase_mod_large_error_board,SODA-A,1,aspect_ratio>=2.1,angle_error>delta_theta_0.75(aspect_ratio),instance_rank,72,listed_instance,1,1,COMPLETE,Top phase-mod decile and geometry-normalized severe event.,"{""angle_error_deg"": 15.81720091, ""class"": ""swimming-pool"", ""delta_theta_075_deg"": 14.1015606, ""image_id"": ""00746__800__2400___600"", ""phase_mod"": 2.38525257, ""pred_id"": ""0""}"
8,high_phase_mod_large_error_board,SODA-A,1,aspect_ratio>=2.1,angle_error>delta_theta_0.75(aspect_ratio),instance_rank,73,listed_instance,1,1,COMPLETE,Top phase-mod decile and geometry-normalized severe event.,"{""angle_error_deg"": 15.69892935, ""class"": ""small-vehicle"", ""delta_theta_075_deg"": 13.37105383, ""image_id"": ""02116__800__600___600"", ""phase_mod"": 2.33119914, ""pred_id"": ""73""}"
8,high_phase_mod_large_error_board,SODA-A,1,aspect_ratio>=2.1,angle_error>delta_theta_0.75(aspect_ratio),instance_rank,74,listed_instance,1,1,COMPLETE,Top phase-mod decile and geometry-normalized severe event.,"{""angle_error_deg"": 15.56198161, ""class"": ""swimming-pool"", ""delta_theta_075_deg"": 15.26752836, ""image_id"": ""00746__800__2400___0"", ""phase_mod"": 2.46041724, ""pred_id"": ""6""}"
8,high_phase_mod_large_error_board,SODA-A,1,aspect_ratio>=2.1,angle_error>delta_theta_0.75(aspect_ratio),instance_rank,75,listed_instance,1,1,COMPLETE,Top phase-mod decile and geometry-normalized severe event.,"{""angle_error_deg"": 15.49366258, ""class"": ""swimming-pool"", ""delta_theta_075_deg"": 15.16508975, ""image_id"": ""02001__800__0___1800"", ""phase_mod"": 2.43773815, ""pred_id"": ""15""}"
8,high_phase_mod_large_error_board,SODA-A,1,aspect_ratio>=2.1,angle_error>delta_theta_0.75(aspect_ratio),instance_rank,76,listed_instance,1,1,COMPLETE,Top phase-mod decile and geometry-normalized severe event.,"{""angle_error_deg"": 15.39075804, ""class"": ""small-vehicle"", ""delta_theta_075_deg"": 13.37105383, ""image_id"": ""02116__800__600___0"", ""phase_mod"": 2.33262951, ""pred_id"": ""71""}"
8,high_phase_mod_large_error_board,SODA-A,1,aspect_ratio>=2.1,angle_error>delta_theta_0.75(aspect_ratio),instance_rank,77,listed_instance,1,1,COMPLETE,Top phase-mod decile and geometry-normalized severe event.,"{""angle_error_deg"": 15.38792107, ""class"": ""small-vehicle"", ""delta_theta_075_deg"": 13.89680801, ""image_id"": ""01044__800__1200___1800"", ""phase_mod"": 2.33650738, ""pred_id"": ""48""}"
8,high_phase_mod_large_error_board,SODA-A,1,aspect_ratio>=2.1,angle_error>delta_theta_0.75(aspect_ratio),instance_rank,78,listed_instance,1,1,COMPLETE,Top phase-mod decile and geometry-normalized severe event.,"{""angle_error_deg"": 15.34327889, ""class"": ""small-vehicle"", ""delta_theta_075_deg"": 13.45070513, ""image_id"": ""00208__800__1200___1985"", ""phase_mod"": 2.32058053, ""pred_id"": ""41""}"
8,high_phase_mod_large_error_board,SODA-A,1,aspect_ratio>=2.1,angle_error>delta_theta_0.75(aspect_ratio),instance_rank,79,listed_instance,1,1,COMPLETE,Top phase-mod decile and geometry-normalized severe event.,"{""angle_error_deg"": 15.31417034, ""class"": ""small-vehicle"", ""delta_theta_075_deg"": 12.86122153, ""image_id"": ""00031__800__0___0"", ""phase_mod"": 2.35066821, ""pred_id"": ""14""}"
8,high_phase_mod_large_error_board,SODA-A,1,aspect_ratio>=2.1,angle_error>delta_theta_0.75(aspect_ratio),instance_rank,80,listed_instance,1,1,COMPLETE,Top phase-mod decile and geometry-normalized severe event.,"{""angle_error_deg"": 15.27669821, ""class"": ""small-vehicle"", ""delta_theta_075_deg"": 13.45070513, ""image_id"": ""00208__800__1800___1985"", ""phase_mod"": 2.32206835, ""pred_id"": ""18""}"
8,high_phase_mod_large_error_board,SODA-A,1,aspect_ratio>=2.1,angle_error>delta_theta_0.75(aspect_ratio),instance_rank,81,listed_instance,1,1,COMPLETE,Top phase-mod decile and geometry-normalized severe event.,"{""angle_error_deg"": 15.1421708, ""class"": ""small-vehicle"", ""delta_theta_075_deg"": 15.11895679, ""image_id"": ""00249__800__0___600"", ""phase_mod"": 2.33254172, ""pred_id"": ""19""}"
8,high_phase_mod_large_error_board,SODA-A,1,aspect_ratio>=2.1,angle_error>delta_theta_0.75(aspect_ratio),instance_rank,82,listed_instance,1,1,COMPLETE,Top phase-mod decile and geometry-normalized severe event.,"{""angle_error_deg"": 14.98643817, ""class"": ""container"", ""delta_theta_075_deg"": 8.12234201, ""image_id"": ""01387__800__4000___1200"", ""phase_mod"": 2.31804337, ""pred_id"": ""119""}"
8,high_phase_mod_large_error_board,SODA-A,1,aspect_ratio>=2.1,angle_error>delta_theta_0.75(aspect_ratio),instance_rank,83,listed_instance,1,1,COMPLETE,Top phase-mod decile and geometry-normalized severe event.,"{""angle_error_deg"": 14.8333882, ""class"": ""small-vehicle"", ""delta_theta_075_deg"": 13.45070513, ""image_id"": ""00208__800__1200___1800"", ""phase_mod"": 2.33466339, ""pred_id"": ""32""}"
8,high_phase_mod_large_error_board,SODA-A,1,aspect_ratio>=2.1,angle_error>delta_theta_0.75(aspect_ratio),instance_rank,84,listed_instance,1,1,COMPLETE,Top phase-mod decile and geometry-normalized severe event.,"{""angle_error_deg"": 14.78199102, ""class"": ""small-vehicle"", ""delta_theta_075_deg"": 13.39358342, ""image_id"": ""00044__800__0___1200"", ""phase_mod"": 2.39581293, ""pred_id"": ""80""}"
8,high_phase_mod_large_error_board,SODA-A,1,aspect_ratio>=2.1,angle_error>delta_theta_0.75(aspect_ratio),instance_rank,85,listed_instance,1,1,COMPLETE,Top phase-mod decile and geometry-normalized severe event.,"{""angle_error_deg"": 14.74768298, ""class"": ""small-vehicle"", ""delta_theta_075_deg"": 13.45070513, ""image_id"": ""00208__800__1800___1800"", ""phase_mod"": 2.33008133, ""pred_id"": ""35""}"
8,high_phase_mod_large_error_board,SODA-A,1,aspect_ratio>=2.1,angle_error>delta_theta_0.75(aspect_ratio),instance_rank,86,listed_instance,1,1,COMPLETE,Top phase-mod decile and geometry-normalized severe event.,"{""angle_error_deg"": 14.73505305, ""class"": ""small-vehicle"", ""delta_theta_075_deg"": 13.82729669, ""image_id"": ""00867__800__1200___2045"", ""phase_mod"": 2.54523919, ""pred_id"": ""193""}"
8,high_phase_mod_large_error_board,SODA-A,1,aspect_ratio>=2.1,angle_error>delta_theta_0.75(aspect_ratio),instance_rank,87,listed_instance,1,1,COMPLETE,Top phase-mod decile and geometry-normalized severe event.,"{""angle_error_deg"": 14.70499772, ""class"": ""swimming-pool"", ""delta_theta_075_deg"": 14.01593624, ""image_id"": ""01374__800__600___1800"", ""phase_mod"": 2.39256515, ""pred_id"": ""4""}"
8,high_phase_mod_large_error_board,SODA-A,1,aspect_ratio>=2.1,angle_error>delta_theta_0.75(aspect_ratio),instance_rank,88,listed_instance,1,1,COMPLETE,Top phase-mod decile and geometry-normalized severe event.,"{""angle_error_deg"": 14.64950323, ""class"": ""ship"", ""delta_theta_075_deg"": 12.81769901, ""image_id"": ""01785__800__600___1200"", ""phase_mod"": 2.36437312, ""pred_id"": ""424""}"
8,high_phase_mod_large_error_board,SODA-A,1,aspect_ratio>=2.1,angle_error>delta_theta_0.75(aspect_ratio),instance_rank,89,listed_instance,1,1,COMPLETE,Top phase-mod decile and geometry-normalized severe event.,"{""angle_error_deg"": 14.60434634, ""class"": ""small-vehicle"", ""delta_theta_075_deg"": 12.86122153, ""image_id"": ""00031__800__600___0"", ""phase_mod"": 2.35312557, ""pred_id"": ""4""}"
8,high_phase_mod_large_error_board,SODA-A,1,aspect_ratio>=2.1,angle_error>delta_theta_0.75(aspect_ratio),instance_rank,90,listed_instance,1,1,COMPLETE,Top phase-mod decile and geometry-normalized severe event.,"{""angle_error_deg"": 14.34380371, ""class"": ""small-vehicle"", ""delta_theta_075_deg"": 11.56629238, ""image_id"": ""01615__800__0___0"", ""phase_mod"": 2.37102939, ""pred_id"": ""200""}"
8,high_phase_mod_large_error_board,SODA-A,1,aspect_ratio>=2.1,angle_error>delta_theta_0.75(aspect_ratio),instance_rank,91,listed_instance,1,1,COMPLETE,Top phase-mod decile and geometry-normalized severe event.,"{""angle_error_deg"": 14.27040345, ""class"": ""swimming-pool"", ""delta_theta_075_deg"": 13.64941532, ""image_id"": ""02083__800__2400___1985"", ""phase_mod"": 2.35585137, ""pred_id"": ""17""}"
8,high_phase_mod_large_error_board,SODA-A,1,aspect_ratio>=2.1,angle_error>delta_theta_0.75(aspect_ratio),instance_rank,92,listed_instance,1,1,COMPLETE,Top phase-mod decile and geometry-normalized severe event.,"{""angle_error_deg"": 14.26915652, ""class"": ""small-vehicle"", ""delta_theta_075_deg"": 12.6354619, ""image_id"": ""00044__800__0___1200"", ""phase_mod"": 2.36892392, ""pred_id"": ""132""}"
8,high_phase_mod_large_error_board,SODA-A,1,aspect_ratio>=2.1,angle_error>delta_theta_0.75(aspect_ratio),instance_rank,93,listed_instance,1,1,COMPLETE,Top phase-mod decile and geometry-normalized severe event.,"{""angle_error_deg"": 14.19710058, ""class"": ""small-vehicle"", ""delta_theta_075_deg"": 12.59617511, ""image_id"": ""01044__800__0___1200"", ""phase_mod"": 2.31991087, ""pred_id"": ""26""}"
8,high_phase_mod_large_error_board,SODA-A,1,aspect_ratio>=2.1,angle_error>delta_theta_0.75(aspect_ratio),instance_rank,94,listed_instance,1,1,COMPLETE,Top phase-mod decile and geometry-normalized severe event.,"{""angle_error_deg"": 14.17779249, ""class"": ""small-vehicle"", ""delta_theta_075_deg"": 12.6355915, ""image_id"": ""00044__800__0___1200"", ""phase_mod"": 2.32195293, ""pred_id"": ""86""}"
8,high_phase_mod_large_error_board,SODA-A,1,aspect_ratio>=2.1,angle_error>delta_theta_0.75(aspect_ratio),instance_rank,95,listed_instance,1,1,COMPLETE,Top phase-mod decile and geometry-normalized severe event.,"{""angle_error_deg"": 14.07939758, ""class"": ""small-vehicle"", ""delta_theta_075_deg"": 12.16532174, ""image_id"": ""02179__800__0___1944"", ""phase_mod"": 2.33344187, ""pred_id"": ""148""}"
8,high_phase_mod_large_error_board,SODA-A,1,aspect_ratio>=2.1,angle_error>delta_theta_0.75(aspect_ratio),instance_rank,96,listed_instance,1,1,COMPLETE,Top phase-mod decile and geometry-normalized severe event.,"{""angle_error_deg"": 14.06337023, ""class"": ""small-vehicle"", ""delta_theta_075_deg"": 12.69127705, ""image_id"": ""01190__800__3600___2058"", ""phase_mod"": 2.34817719, ""pred_id"": ""40""}"
8,high_phase_mod_large_error_board,SODA-A,1,aspect_ratio>=2.1,angle_error>delta_theta_0.75(aspect_ratio),instance_rank,97,listed_instance,1,1,COMPLETE,Top phase-mod decile and geometry-normalized severe event.,"{""angle_error_deg"": 14.06312434, ""class"": ""small-vehicle"", ""delta_theta_075_deg"": 12.69127705, ""image_id"": ""01190__800__4000___2058"", ""phase_mod"": 2.34819244, ""pred_id"": ""87""}"
8,high_phase_mod_large_error_board,SODA-A,1,aspect_ratio>=2.1,angle_error>delta_theta_0.75(aspect_ratio),instance_rank,98,listed_instance,1,1,COMPLETE,Top phase-mod decile and geometry-normalized severe event.,"{""angle_error_deg"": 14.01708155, ""class"": ""small-vehicle"", ""delta_theta_075_deg"": 12.6354619, ""image_id"": ""00044__800__600___1200"", ""phase_mod"": 2.36476199, ""pred_id"": ""62""}"
8,high_phase_mod_large_error_board,SODA-A,1,aspect_ratio>=2.1,angle_error>delta_theta_0.75(aspect_ratio),instance_rank,99,listed_instance,1,1,COMPLETE,Top phase-mod decile and geometry-normalized severe event.,"{""angle_error_deg"": 13.99640748, ""class"": ""small-vehicle"", ""delta_theta_075_deg"": 13.62589764, ""image_id"": ""00231__800__600___1200"", ""phase_mod"": 2.36758858, ""pred_id"": ""100""}"
8,high_phase_mod_large_error_board,SODA-A,1,aspect_ratio>=2.1,angle_error>delta_theta_0.75(aspect_ratio),instance_rank,100,listed_instance,1,1,COMPLETE,Top phase-mod decile and geometry-normalized severe event.,"{""angle_error_deg"": 13.9364111, ""class"": ""small-vehicle"", ""delta_theta_075_deg"": 13.62589764, ""image_id"": ""00231__800__600___600"", ""phase_mod"": 2.36965019, ""pred_id"": ""479""}"
9,multi_frequency_circular_disagreement,SODA-A,1,aspect_ratio>=2.1,angle_error>delta_theta_0.75(aspect_ratio),all,all,mean,0.39861811,195192,COMPLETE,,
9,multi_frequency_circular_disagreement,SODA-A,1,aspect_ratio>=2.1,angle_error>delta_theta_0.75(aspect_ratio),all,all,p90,0.8331235,195192,COMPLETE,,
9,multi_frequency_circular_disagreement,SODA-A,1,aspect_ratio>=2.1,angle_error>delta_theta_0.75(aspect_ratio),all,all,spearman_angle_error,0.23729927353183017,195192,COMPLETE,,
10,unwrap_candidate_energy_gap,SODA-A,1,aspect_ratio>=2.1,angle_error>delta_theta_0.75(aspect_ratio),all,all,mean,1.99797513,195192,COMPLETE,,
10,unwrap_candidate_energy_gap,SODA-A,1,aspect_ratio>=2.1,angle_error>delta_theta_0.75(aspect_ratio),all,all,p90,1.99999947,195192,COMPLETE,,
10,unwrap_candidate_energy_gap,SODA-A,1,aspect_ratio>=2.1,angle_error>delta_theta_0.75(aspect_ratio),all,all,spearman_angle_error,-0.23729927353183017,195192,COMPLETE,,
11,phase_direction_margin,SODA-A,1,aspect_ratio>=2.1,angle_error>delta_theta_0.75(aspect_ratio),all,all,mean,2.9815764,195192,COMPLETE,,
11,phase_direction_margin,SODA-A,1,aspect_ratio>=2.1,angle_error>delta_theta_0.75(aspect_ratio),all,all,p90,3.0749089,195192,COMPLETE,,
11,phase_direction_margin,SODA-A,1,aspect_ratio>=2.1,angle_error>delta_theta_0.75(aspect_ratio),all,all,spearman_angle_error,-0.02813702907310347,195192,COMPLETE,,
12,tta_phase_direction_circular_variance,SODA-A,1,aspect_ratio>=2.1,angle_error>delta_theta_0.75(aspect_ratio),all,all,availability,,0,UNAVAILABLE,TTA was preregistered for seed0 only.,
1,phase_mod_x_angle_error,SODA-A,2,aspect_ratio>=2.1,angle_error>delta_theta_0.75(aspect_ratio),all,all,spearman,0.025880888495967036,196374,COMPLETE,,
1,phase_mod_x_angle_error,SODA-A,2,aspect_ratio>=2.1,angle_error>delta_theta_0.75(aspect_ratio),phase_mod_decile,D1,mean_angle_error_deg,2.74224827,19638,COMPLETE,,
1,phase_mod_x_angle_error,SODA-A,2,aspect_ratio>=2.1,angle_error>delta_theta_0.75(aspect_ratio),phase_mod_decile,D1,severe_event_rate,0.00987881,19638,COMPLETE,,
1,phase_mod_x_angle_error,SODA-A,2,aspect_ratio>=2.1,angle_error>delta_theta_0.75(aspect_ratio),phase_mod_decile,D2,mean_angle_error_deg,2.25743492,19637,COMPLETE,,
1,phase_mod_x_angle_error,SODA-A,2,aspect_ratio>=2.1,angle_error>delta_theta_0.75(aspect_ratio),phase_mod_decile,D2,severe_event_rate,0.00371747,19637,COMPLETE,,
1,phase_mod_x_angle_error,SODA-A,2,aspect_ratio>=2.1,angle_error>delta_theta_0.75(aspect_ratio),phase_mod_decile,D3,mean_angle_error_deg,1.98213887,19637,COMPLETE,,
1,phase_mod_x_angle_error,SODA-A,2,aspect_ratio>=2.1,angle_error>delta_theta_0.75(aspect_ratio),phase_mod_decile,D3,severe_event_rate,0.00320823,19637,COMPLETE,,
1,phase_mod_x_angle_error,SODA-A,2,aspect_ratio>=2.1,angle_error>delta_theta_0.75(aspect_ratio),phase_mod_decile,D4,mean_angle_error_deg,1.70883974,19638,COMPLETE,,
1,phase_mod_x_angle_error,SODA-A,2,aspect_ratio>=2.1,angle_error>delta_theta_0.75(aspect_ratio),phase_mod_decile,D4,severe_event_rate,0.00168042,19638,COMPLETE,,
1,phase_mod_x_angle_error,SODA-A,2,aspect_ratio>=2.1,angle_error>delta_theta_0.75(aspect_ratio),phase_mod_decile,D5,mean_angle_error_deg,1.58248038,19637,COMPLETE,,
1,phase_mod_x_angle_error,SODA-A,2,aspect_ratio>=2.1,angle_error>delta_theta_0.75(aspect_ratio),phase_mod_decile,D5,severe_event_rate,0.00162958,19637,COMPLETE,,
1,phase_mod_x_angle_error,SODA-A,2,aspect_ratio>=2.1,angle_error>delta_theta_0.75(aspect_ratio),phase_mod_decile,D6,mean_angle_error_deg,1.53106208,19637,COMPLETE,,
1,phase_mod_x_angle_error,SODA-A,2,aspect_ratio>=2.1,angle_error>delta_theta_0.75(aspect_ratio),phase_mod_decile,D6,severe_event_rate,0.0018842,19637,COMPLETE,,
1,phase_mod_x_angle_error,SODA-A,2,aspect_ratio>=2.1,angle_error>delta_theta_0.75(aspect_ratio),phase_mod_decile,D7,mean_angle_error_deg,1.75370136,19638,COMPLETE,,
1,phase_mod_x_angle_error,SODA-A,2,aspect_ratio>=2.1,angle_error>delta_theta_0.75(aspect_ratio),phase_mod_decile,D7,severe_event_rate,0.0018841,19638,COMPLETE,,
1,phase_mod_x_angle_error,SODA-A,2,aspect_ratio>=2.1,angle_error>delta_theta_0.75(aspect_ratio),phase_mod_decile,D8,mean_angle_error_deg,2.27199969,19637,COMPLETE,,
1,phase_mod_x_angle_error,SODA-A,2,aspect_ratio>=2.1,angle_error>delta_theta_0.75(aspect_ratio),phase_mod_decile,D8,severe_event_rate,0.003361,19637,COMPLETE,,
1,phase_mod_x_angle_error,SODA-A,2,aspect_ratio>=2.1,angle_error>delta_theta_0.75(aspect_ratio),phase_mod_decile,D9,mean_angle_error_deg,2.50764403,19637,COMPLETE,,
1,phase_mod_x_angle_error,SODA-A,2,aspect_ratio>=2.1,angle_error>delta_theta_0.75(aspect_ratio),phase_mod_decile,D9,severe_event_rate,0.00493965,19637,COMPLETE,,
1,phase_mod_x_angle_error,SODA-A,2,aspect_ratio>=2.1,angle_error>delta_theta_0.75(aspect_ratio),phase_mod_decile,D10,mean_angle_error_deg,2.64688337,19638,COMPLETE,,
1,phase_mod_x_angle_error,SODA-A,2,aspect_ratio>=2.1,angle_error>delta_theta_0.75(aspect_ratio),phase_mod_decile,D10,severe_event_rate,0.00952235,19638,COMPLETE,,
2,phase_mod_x_phase_angle,SODA-A,2,aspect_ratio>=2.1,angle_error>delta_theta_0.75(aspect_ratio),all,all,spearman_cos_phase,0.060116765864106726,196374,COMPLETE,,
2,phase_mod_x_phase_angle,SODA-A,2,aspect_ratio>=2.1,angle_error>delta_theta_0.75(aspect_ratio),all,all,spearman_sin_phase,-0.054347090912780574,196374,COMPLETE,,
3,phase_mod_x_objectness,SODA-A,2,aspect_ratio>=2.1,angle_error>delta_theta_0.75(aspect_ratio),all,all,availability,,0,UNAVAILABLE,UNAVAILABLE: frozen PSC RetinaNet has no separate objectness output; detection score is reported only in the registered score comparison.,
4,phase_mod_x_feature_norm,SODA-A,2,aspect_ratio>=2.1,angle_error>delta_theta_0.75(aspect_ratio),all,all,spearman,-0.1249593517806623,196374,COMPLETE,Feature norm is the actual shared regression/angle-tower feature at the post-NMS-selected FPN location.,
5,phase_mod_x_size,SODA-A,2,aspect_ratio>=2.1,angle_error>delta_theta_0.75(aspect_ratio),all,all,spearman,-0.024387991673180905,196374,COMPLETE,Size statistic uses log(GT box area) for preregistered diagnostic conditioning only.,
6,phase_mod_x_class,SODA-A,2,aspect_ratio>=2.1,angle_error>delta_theta_0.75(aspect_ratio),class,airplane,median_phase_mod,2.23398242,37,COMPLETE,,
6,phase_mod_x_class,SODA-A,2,aspect_ratio>=2.1,angle_error>delta_theta_0.75(aspect_ratio),class,airplane,severe_event_rate,0.05405405,37,COMPLETE,,
6,phase_mod_x_class,SODA-A,2,aspect_ratio>=2.1,angle_error>delta_theta_0.75(aspect_ratio),class,container,median_phase_mod,2.24110448,35972,COMPLETE,,
6,phase_mod_x_class,SODA-A,2,aspect_ratio>=2.1,angle_error>delta_theta_0.75(aspect_ratio),class,container,severe_event_rate,0.00275214,35972,COMPLETE,,
6,phase_mod_x_class,SODA-A,2,aspect_ratio>=2.1,angle_error>delta_theta_0.75(aspect_ratio),class,helicopter,median_phase_mod,2.38557039,2,COMPLETE,,
6,phase_mod_x_class,SODA-A,2,aspect_ratio>=2.1,angle_error>delta_theta_0.75(aspect_ratio),class,helicopter,severe_event_rate,0.0,2,COMPLETE,,
6,phase_mod_x_class,SODA-A,2,aspect_ratio>=2.1,angle_error>delta_theta_0.75(aspect_ratio),class,large-vehicle,median_phase_mod,2.24132922,4010,COMPLETE,,
6,phase_mod_x_class,SODA-A,2,aspect_ratio>=2.1,angle_error>delta_theta_0.75(aspect_ratio),class,large-vehicle,severe_event_rate,0.00199501,4010,COMPLETE,,
6,phase_mod_x_class,SODA-A,2,aspect_ratio>=2.1,angle_error>delta_theta_0.75(aspect_ratio),class,ship,median_phase_mod,2.24867526,31541,COMPLETE,,
6,phase_mod_x_class,SODA-A,2,aspect_ratio>=2.1,angle_error>delta_theta_0.75(aspect_ratio),class,ship,severe_event_rate,0.00456549,31541,COMPLETE,,
6,phase_mod_x_class,SODA-A,2,aspect_ratio>=2.1,angle_error>delta_theta_0.75(aspect_ratio),class,small-vehicle,median_phase_mod,2.2397685,120753,COMPLETE,,
6,phase_mod_x_class,SODA-A,2,aspect_ratio>=2.1,angle_error>delta_theta_0.75(aspect_ratio),class,small-vehicle,severe_event_rate,0.00402474,120753,COMPLETE,,
6,phase_mod_x_class,SODA-A,2,aspect_ratio>=2.1,angle_error>delta_theta_0.75(aspect_ratio),class,swimming-pool,median_phase_mod,2.24680536,2588,COMPLETE,,
6,phase_mod_x_class,SODA-A,2,aspect_ratio>=2.1,angle_error>delta_theta_0.75(aspect_ratio),class,swimming-pool,severe_event_rate,0.0309119,2588,COMPLETE,,
6,phase_mod_x_class,SODA-A,2,aspect_ratio>=2.1,angle_error>delta_theta_0.75(aspect_ratio),class,windmill,median_phase_mod,2.24662866,1471,COMPLETE,,
6,phase_mod_x_class,SODA-A,2,aspect_ratio>=2.1,angle_error>delta_theta_0.75(aspect_ratio),class,windmill,severe_event_rate,0.0,1471,COMPLETE,,
7,phase_mod_x_boundary_wrapping,SODA-A,2,aspect_ratio>=2.1,angle_error>delta_theta_0.75(aspect_ratio),all,all,spearman_boundary_distance,0.07147754405227776,196374,COMPLETE,,
7,phase_mod_x_boundary_wrapping,SODA-A,2,aspect_ratio>=2.1,angle_error>delta_theta_0.75(aspect_ratio),wrapping_condition,False,severe_event_rate,0.00417061,196374,COMPLETE,,
7,phase_mod_x_boundary_wrapping,SODA-A,2,aspect_ratio>=2.1,angle_error>delta_theta_0.75(aspect_ratio),wrapping_condition,True,severe_event_rate,,0,UNAVAILABLE,,
8,high_phase_mod_large_error_board,SODA-A,2,aspect_ratio>=2.1,angle_error>delta_theta_0.75(aspect_ratio),instance_rank,1,listed_instance,1,1,COMPLETE,Top phase-mod decile and geometry-normalized severe event.,"{""angle_error_deg"": 83.31646, ""class"": ""small-vehicle"", ""delta_theta_075_deg"": 15.22717899, ""image_id"": ""02394__800__1200___600"", ""phase_mod"": 2.33901364, ""pred_id"": ""54""}"
8,high_phase_mod_large_error_board,SODA-A,2,aspect_ratio>=2.1,angle_error>delta_theta_0.75(aspect_ratio),instance_rank,2,listed_instance,1,1,COMPLETE,Top phase-mod decile and geometry-normalized severe event.,"{""angle_error_deg"": 31.4903217, ""class"": ""small-vehicle"", ""delta_theta_075_deg"": 15.32366421, ""image_id"": ""00044__800__2400___1200"", ""phase_mod"": 2.31339127, ""pred_id"": ""311""}"
8,high_phase_mod_large_error_board,SODA-A,2,aspect_ratio>=2.1,angle_error>delta_theta_0.75(aspect_ratio),instance_rank,3,listed_instance,1,1,COMPLETE,Top phase-mod decile and geometry-normalized severe event.,"{""angle_error_deg"": 27.72092722, ""class"": ""ship"", ""delta_theta_075_deg"": 13.32255204, ""image_id"": ""00231__800__600___0"", ""phase_mod"": 2.36262156, ""pred_id"": ""436""}"
8,high_phase_mod_large_error_board,SODA-A,2,aspect_ratio>=2.1,angle_error>delta_theta_0.75(aspect_ratio),instance_rank,4,listed_instance,1,1,COMPLETE,Top phase-mod decile and geometry-normalized severe event.,"{""angle_error_deg"": 27.36671019, ""class"": ""swimming-pool"", ""delta_theta_075_deg"": 14.50955505, ""image_id"": ""00575__800__3955___0"", ""phase_mod"": 2.352203, ""pred_id"": ""18""}"
8,high_phase_mod_large_error_board,SODA-A,2,aspect_ratio>=2.1,angle_error>delta_theta_0.75(aspect_ratio),instance_rank,5,listed_instance,1,1,COMPLETE,Top phase-mod decile and geometry-normalized severe event.,"{""angle_error_deg"": 27.35620035, ""class"": ""small-vehicle"", ""delta_theta_075_deg"": 15.06580021, ""image_id"": ""00266__800__3000___0"", ""phase_mod"": 2.32254025, ""pred_id"": ""224""}"
8,high_phase_mod_large_error_board,SODA-A,2,aspect_ratio>=2.1,angle_error>delta_theta_0.75(aspect_ratio),instance_rank,6,listed_instance,1,1,COMPLETE,Top phase-mod decile and geometry-normalized severe event.,"{""angle_error_deg"": 23.87157604, ""class"": ""small-vehicle"", ""delta_theta_075_deg"": 15.11895679, ""image_id"": ""00249__800__0___1200"", ""phase_mod"": 2.39591755, ""pred_id"": ""43""}"
8,high_phase_mod_large_error_board,SODA-A,2,aspect_ratio>=2.1,angle_error>delta_theta_0.75(aspect_ratio),instance_rank,7,listed_instance,1,1,COMPLETE,Top phase-mod decile and geometry-normalized severe event.,"{""angle_error_deg"": 23.80420305, ""class"": ""small-vehicle"", ""delta_theta_075_deg"": 15.11895679, ""image_id"": ""00249__800__0___600"", ""phase_mod"": 2.39357277, ""pred_id"": ""27""}"
8,high_phase_mod_large_error_board,SODA-A,2,aspect_ratio>=2.1,angle_error>delta_theta_0.75(aspect_ratio),instance_rank,8,listed_instance,1,1,COMPLETE,Top phase-mod decile and geometry-normalized severe event.,"{""angle_error_deg"": 23.31841609, ""class"": ""swimming-pool"", ""delta_theta_075_deg"": 14.50955505, ""image_id"": ""00575__800__3955___600"", ""phase_mod"": 2.3781859, ""pred_id"": ""5""}"
8,high_phase_mod_large_error_board,SODA-A,2,aspect_ratio>=2.1,angle_error>delta_theta_0.75(aspect_ratio),instance_rank,9,listed_instance,1,1,COMPLETE,Top phase-mod decile and geometry-normalized severe event.,"{""angle_error_deg"": 22.82741337, ""class"": ""small-vehicle"", ""delta_theta_075_deg"": 13.37105383, ""image_id"": ""02116__800__600___600"", ""phase_mod"": 2.40439173, ""pred_id"": ""104""}"
8,high_phase_mod_large_error_board,SODA-A,2,aspect_ratio>=2.1,angle_error>delta_theta_0.75(aspect_ratio),instance_rank,10,listed_instance,1,1,COMPLETE,Top phase-mod decile and geometry-normalized severe event.,"{""angle_error_deg"": 22.55547622, ""class"": ""small-vehicle"", ""delta_theta_075_deg"": 13.37105383, ""image_id"": ""02116__800__600___0"", ""phase_mod"": 2.40295401, ""pred_id"": ""103""}"
8,high_phase_mod_large_error_board,SODA-A,2,aspect_ratio>=2.1,angle_error>delta_theta_0.75(aspect_ratio),instance_rank,11,listed_instance,1,1,COMPLETE,Top phase-mod decile and geometry-normalized severe event.,"{""angle_error_deg"": 22.31727861, ""class"": ""swimming-pool"", ""delta_theta_075_deg"": 14.40475852, ""image_id"": ""01099__800__0___0"", ""phase_mod"": 2.47961523, ""pred_id"": ""65""}"
8,high_phase_mod_large_error_board,SODA-A,2,aspect_ratio>=2.1,angle_error>delta_theta_0.75(aspect_ratio),instance_rank,12,listed_instance,1,1,COMPLETE,Top phase-mod decile and geometry-normalized severe event.,"{""angle_error_deg"": 22.21384382, ""class"": ""small-vehicle"", ""delta_theta_075_deg"": 13.37105383, ""image_id"": ""02116__800__1200___0"", ""phase_mod"": 2.39529387, ""pred_id"": ""60""}"
8,high_phase_mod_large_error_board,SODA-A,2,aspect_ratio>=2.1,angle_error>delta_theta_0.75(aspect_ratio),instance_rank,13,listed_instance,1,1,COMPLETE,Top phase-mod decile and geometry-normalized severe event.,"{""angle_error_deg"": 22.15745469, ""class"": ""small-vehicle"", ""delta_theta_075_deg"": 14.01872822, ""image_id"": ""01780__800__2400___1944"", ""phase_mod"": 2.36052321, ""pred_id"": ""12""}"
8,high_phase_mod_large_error_board,SODA-A,2,aspect_ratio>=2.1,angle_error>delta_theta_0.75(aspect_ratio),instance_rank,14,listed_instance,1,1,COMPLETE,Top phase-mod decile and geometry-normalized severe event.,"{""angle_error_deg"": 22.10414853, ""class"": ""small-vehicle"", ""delta_theta_075_deg"": 12.27313213, ""image_id"": ""02286__800__3600___1200"", ""phase_mod"": 2.35798966, ""pred_id"": ""19""}"
8,high_phase_mod_large_error_board,SODA-A,2,aspect_ratio>=2.1,angle_error>delta_theta_0.75(aspect_ratio),instance_rank,15,listed_instance,1,1,COMPLETE,Top phase-mod decile and geometry-normalized severe event.,"{""angle_error_deg"": 21.63369028, ""class"": ""small-vehicle"", ""delta_theta_075_deg"": 14.35924626, ""image_id"": ""00459__800__3000___0"", ""phase_mod"": 2.34496138, ""pred_id"": ""27""}"
8,high_phase_mod_large_error_board,SODA-A,2,aspect_ratio>=2.1,angle_error>delta_theta_0.75(aspect_ratio),instance_rank,16,listed_instance,1,1,COMPLETE,Top phase-mod decile and geometry-normalized severe event.,"{""angle_error_deg"": 21.55474422, ""class"": ""small-vehicle"", ""delta_theta_075_deg"": 13.82751885, ""image_id"": ""00867__800__1200___2045"", ""phase_mod"": 2.56969953, ""pred_id"": ""236""}"
8,high_phase_mod_large_error_board,SODA-A,2,aspect_ratio>=2.1,angle_error>delta_theta_0.75(aspect_ratio),instance_rank,17,listed_instance,1,1,COMPLETE,Top phase-mod decile and geometry-normalized severe event.,"{""angle_error_deg"": 21.20318073, ""class"": ""small-vehicle"", ""delta_theta_075_deg"": 12.99073614, ""image_id"": ""02394__800__2400___600"", ""phase_mod"": 2.34613791, ""pred_id"": ""42""}"
8,high_phase_mod_large_error_board,SODA-A,2,aspect_ratio>=2.1,angle_error>delta_theta_0.75(aspect_ratio),instance_rank,18,listed_instance,1,1,COMPLETE,Top phase-mod decile and geometry-normalized severe event.,"{""angle_error_deg"": 20.95067472, ""class"": ""small-vehicle"", ""delta_theta_075_deg"": 14.21981214, ""image_id"": ""02062__800__2400___0"", ""phase_mod"": 2.32936052, ""pred_id"": ""241""}"
8,high_phase_mod_large_error_board,SODA-A,2,aspect_ratio>=2.1,angle_error>delta_theta_0.75(aspect_ratio),instance_rank,19,listed_instance,1,1,COMPLETE,Top phase-mod decile and geometry-normalized severe event.,"{""angle_error_deg"": 20.82979995, ""class"": ""small-vehicle"", ""delta_theta_075_deg"": 14.46072121, ""image_id"": ""00120__800__3000___600"", ""phase_mod"": 2.41771789, ""pred_id"": ""305""}"
8,high_phase_mod_large_error_board,SODA-A,2,aspect_ratio>=2.1,angle_error>delta_theta_0.75(aspect_ratio),instance_rank,20,listed_instance,1,1,COMPLETE,Top phase-mod decile and geometry-normalized severe event.,"{""angle_error_deg"": 20.81645376, ""class"": ""small-vehicle"", ""delta_theta_075_deg"": 15.13043125, ""image_id"": ""00964__800__1800___600"", ""phase_mod"": 2.37889427, ""pred_id"": ""19""}"
8,high_phase_mod_large_error_board,SODA-A,2,aspect_ratio>=2.1,angle_error>delta_theta_0.75(aspect_ratio),instance_rank,21,listed_instance,1,1,COMPLETE,Top phase-mod decile and geometry-normalized severe event.,"{""angle_error_deg"": 20.79781338, ""class"": ""swimming-pool"", ""delta_theta_075_deg"": 14.31387148, ""image_id"": ""00557__800__1800___1985"", ""phase_mod"": 2.36113447, ""pred_id"": ""2""}"
8,high_phase_mod_large_error_board,SODA-A,2,aspect_ratio>=2.1,angle_error>delta_theta_0.75(aspect_ratio),instance_rank,22,listed_instance,1,1,COMPLETE,Top phase-mod decile and geometry-normalized severe event.,"{""angle_error_deg"": 20.75427337, ""class"": ""small-vehicle"", ""delta_theta_075_deg"": 14.21995076, ""image_id"": ""02062__800__2400___0"", ""phase_mod"": 2.41262185, ""pred_id"": ""222""}"
8,high_phase_mod_large_error_board,SODA-A,2,aspect_ratio>=2.1,angle_error>delta_theta_0.75(aspect_ratio),instance_rank,23,listed_instance,1,1,COMPLETE,Top phase-mod decile and geometry-normalized severe event.,"{""angle_error_deg"": 20.54237023, ""class"": ""ship"", ""delta_theta_075_deg"": 13.25744696, ""image_id"": ""01251__800__2400___0"", ""phase_mod"": 2.39711051, ""pred_id"": ""365""}"
8,high_phase_mod_large_error_board,SODA-A,2,aspect_ratio>=2.1,angle_error>delta_theta_0.75(aspect_ratio),instance_rank,24,listed_instance,1,1,COMPLETE,Top phase-mod decile and geometry-normalized severe event.,"{""angle_error_deg"": 20.3996347, ""class"": ""small-vehicle"", ""delta_theta_075_deg"": 14.59940947, ""image_id"": ""00855__800__3000___600"", ""phase_mod"": 2.35061572, ""pred_id"": ""303""}"
8,high_phase_mod_large_error_board,SODA-A,2,aspect_ratio>=2.1,angle_error>delta_theta_0.75(aspect_ratio),instance_rank,25,listed_instance,1,1,COMPLETE,Top phase-mod decile and geometry-normalized severe event.,"{""angle_error_deg"": 20.20781726, ""class"": ""small-vehicle"", ""delta_theta_075_deg"": 14.66395837, ""image_id"": ""00557__800__2400___1800"", ""phase_mod"": 2.35307574, ""pred_id"": ""7""}"
8,high_phase_mod_large_error_board,SODA-A,2,aspect_ratio>=2.1,angle_error>delta_theta_0.75(aspect_ratio),instance_rank,26,listed_instance,1,1,COMPLETE,Top phase-mod decile and geometry-normalized severe event.,"{""angle_error_deg"": 20.17852007, ""class"": ""small-vehicle"", ""delta_theta_075_deg"": 15.13043125, ""image_id"": ""00964__800__1200___600"", ""phase_mod"": 2.37051559, ""pred_id"": ""11""}"
8,high_phase_mod_large_error_board,SODA-A,2,aspect_ratio>=2.1,angle_error>delta_theta_0.75(aspect_ratio),instance_rank,27,listed_instance,1,1,COMPLETE,Top phase-mod decile and geometry-normalized severe event.,"{""angle_error_deg"": 20.08911076, ""class"": ""small-vehicle"", ""delta_theta_075_deg"": 14.85104665, ""image_id"": ""01414__800__600___0"", ""phase_mod"": 2.44146842, ""pred_id"": ""375""}"
8,high_phase_mod_large_error_board,SODA-A,2,aspect_ratio>=2.1,angle_error>delta_theta_0.75(aspect_ratio),instance_rank,28,listed_instance,1,1,COMPLETE,Top phase-mod decile and geometry-normalized severe event.,"{""angle_error_deg"": 19.92350471, ""class"": ""small-vehicle"", ""delta_theta_075_deg"": 15.02272922, ""image_id"": ""01580__800__2400___1944"", ""phase_mod"": 2.37472059, ""pred_id"": ""78""}"
8,high_phase_mod_large_error_board,SODA-A,2,aspect_ratio>=2.1,angle_error>delta_theta_0.75(aspect_ratio),instance_rank,29,listed_instance,1,1,COMPLETE,Top phase-mod decile and geometry-normalized severe event.,"{""angle_error_deg"": 19.85826317, ""class"": ""small-vehicle"", ""delta_theta_075_deg"": 14.85104665, ""image_id"": ""01414__800__1200___0"", ""phase_mod"": 2.43563866, ""pred_id"": ""347""}"
8,high_phase_mod_large_error_board,SODA-A,2,aspect_ratio>=2.1,angle_error>delta_theta_0.75(aspect_ratio),instance_rank,30,listed_instance,1,1,COMPLETE,Top phase-mod decile and geometry-normalized severe event.,"{""angle_error_deg"": 19.32461916, ""class"": ""small-vehicle"", ""delta_theta_075_deg"": 13.82729669, ""image_id"": ""00867__800__1200___2045"", ""phase_mod"": 2.64182141, ""pred_id"": ""296""}"
8,high_phase_mod_large_error_board,SODA-A,2,aspect_ratio>=2.1,angle_error>delta_theta_0.75(aspect_ratio),instance_rank,31,listed_instance,1,1,COMPLETE,Top phase-mod decile and geometry-normalized severe event.,"{""angle_error_deg"": 19.3050789, ""class"": ""ship"", ""delta_theta_075_deg"": 14.66445266, ""image_id"": ""00231__800__600___600"", ""phase_mod"": 2.34743426, ""pred_id"": ""245""}"
8,high_phase_mod_large_error_board,SODA-A,2,aspect_ratio>=2.1,angle_error>delta_theta_0.75(aspect_ratio),instance_rank,32,listed_instance,1,1,COMPLETE,Top phase-mod decile and geometry-normalized severe event.,"{""angle_error_deg"": 19.18084709, ""class"": ""small-vehicle"", ""delta_theta_075_deg"": 13.82685693, ""image_id"": ""00867__800__1200___2045"", ""phase_mod"": 2.55509571, ""pred_id"": ""201""}"
8,high_phase_mod_large_error_board,SODA-A,2,aspect_ratio>=2.1,angle_error>delta_theta_0.75(aspect_ratio),instance_rank,33,listed_instance,1,1,COMPLETE,Top phase-mod decile and geometry-normalized severe event.,"{""angle_error_deg"": 18.98334284, ""class"": ""small-vehicle"", ""delta_theta_075_deg"": 13.46751931, ""image_id"": ""01971__800__1200___1800"", ""phase_mod"": 2.34388449, ""pred_id"": ""82""}"
8,high_phase_mod_large_error_board,SODA-A,2,aspect_ratio>=2.1,angle_error>delta_theta_0.75(aspect_ratio),instance_rank,34,listed_instance,1,1,COMPLETE,Top phase-mod decile and geometry-normalized severe event.,"{""angle_error_deg"": 18.82758673, ""class"": ""small-vehicle"", ""delta_theta_075_deg"": 14.54945556, ""image_id"": ""02082__800__3000___0"", ""phase_mod"": 2.41288589, ""pred_id"": ""212""}"
8,high_phase_mod_large_error_board,SODA-A,2,aspect_ratio>=2.1,angle_error>delta_theta_0.75(aspect_ratio),instance_rank,35,listed_instance,1,1,COMPLETE,Top phase-mod decile and geometry-normalized severe event.,"{""angle_error_deg"": 18.62485988, ""class"": ""small-vehicle"", ""delta_theta_075_deg"": 14.54945556, ""image_id"": ""02082__800__3600___0"", ""phase_mod"": 2.41312264, ""pred_id"": ""158""}"
8,high_phase_mod_large_error_board,SODA-A,2,aspect_ratio>=2.1,angle_error>delta_theta_0.75(aspect_ratio),instance_rank,36,listed_instance,1,1,COMPLETE,Top phase-mod decile and geometry-normalized severe event.,"{""angle_error_deg"": 18.47228418, ""class"": ""small-vehicle"", ""delta_theta_075_deg"": 14.8300076, ""image_id"": ""01425__800__0___1200"", ""phase_mod"": 2.34267573, ""pred_id"": ""62""}"
8,high_phase_mod_large_error_board,SODA-A,2,aspect_ratio>=2.1,angle_error>delta_theta_0.75(aspect_ratio),instance_rank,37,listed_instance,1,1,COMPLETE,Top phase-mod decile and geometry-normalized severe event.,"{""angle_error_deg"": 18.25234531, ""class"": ""swimming-pool"", ""delta_theta_075_deg"": 14.31387148, ""image_id"": ""00557__800__1800___1800"", ""phase_mod"": 2.36955264, ""pred_id"": ""2""}"
8,high_phase_mod_large_error_board,SODA-A,2,aspect_ratio>=2.1,angle_error>delta_theta_0.75(aspect_ratio),instance_rank,38,listed_instance,1,1,COMPLETE,Top phase-mod decile and geometry-normalized severe event.,"{""angle_error_deg"": 18.13837922, ""class"": ""small-vehicle"", ""delta_theta_075_deg"": 14.66395837, ""image_id"": ""00557__800__2400___1985"", ""phase_mod"": 2.36229577, ""pred_id"": ""33""}"
8,high_phase_mod_large_error_board,SODA-A,2,aspect_ratio>=2.1,angle_error>delta_theta_0.75(aspect_ratio),instance_rank,39,listed_instance,1,1,COMPLETE,Top phase-mod decile and geometry-normalized severe event.,"{""angle_error_deg"": 18.04627253, ""class"": ""small-vehicle"", ""delta_theta_075_deg"": 14.59940947, ""image_id"": ""00855__800__3000___600"", ""phase_mod"": 2.37513437, ""pred_id"": ""310""}"
8,high_phase_mod_large_error_board,SODA-A,2,aspect_ratio>=2.1,angle_error>delta_theta_0.75(aspect_ratio),instance_rank,40,listed_instance,1,1,COMPLETE,Top phase-mod decile and geometry-normalized severe event.,"{""angle_error_deg"": 17.9626748, ""class"": ""small-vehicle"", ""delta_theta_075_deg"": 12.70639664, ""image_id"": ""01407__800__1800___1800"", ""phase_mod"": 2.35851244, ""pred_id"": ""52""}"
8,high_phase_mod_large_error_board,SODA-A,2,aspect_ratio>=2.1,angle_error>delta_theta_0.75(aspect_ratio),instance_rank,41,listed_instance,1,1,COMPLETE,Top phase-mod decile and geometry-normalized severe event.,"{""angle_error_deg"": 17.83960247, ""class"": ""small-vehicle"", ""delta_theta_075_deg"": 14.83260133, ""image_id"": ""00244__800__0___1200"", ""phase_mod"": 2.49401865, ""pred_id"": ""16""}"
8,high_phase_mod_large_error_board,SODA-A,2,aspect_ratio>=2.1,angle_error>delta_theta_0.75(aspect_ratio),instance_rank,42,listed_instance,1,1,COMPLETE,Top phase-mod decile and geometry-normalized severe event.,"{""angle_error_deg"": 17.76934752, ""class"": ""small-vehicle"", ""delta_theta_075_deg"": 14.38334367, ""image_id"": ""01568__800__1800___1800"", ""phase_mod"": 2.41992841, ""pred_id"": ""84""}"
8,high_phase_mod_large_error_board,SODA-A,2,aspect_ratio>=2.1,angle_error>delta_theta_0.75(aspect_ratio),instance_rank,43,listed_instance,1,1,COMPLETE,Top phase-mod decile and geometry-normalized severe event.,"{""angle_error_deg"": 17.73850671, ""class"": ""small-vehicle"", ""delta_theta_075_deg"": 15.10298196, ""image_id"": ""02443__800__4000___0"", ""phase_mod"": 2.37317855, ""pred_id"": ""37""}"
8,high_phase_mod_large_error_board,SODA-A,2,aspect_ratio>=2.1,angle_error>delta_theta_0.75(aspect_ratio),instance_rank,44,listed_instance,1,1,COMPLETE,Top phase-mod decile and geometry-normalized severe event.,"{""angle_error_deg"": 17.72490097, ""class"": ""small-vehicle"", ""delta_theta_075_deg"": 15.10298196, ""image_id"": ""02443__800__3600___0"", ""phase_mod"": 2.37320316, ""pred_id"": ""37""}"
8,high_phase_mod_large_error_board,SODA-A,2,aspect_ratio>=2.1,angle_error>delta_theta_0.75(aspect_ratio),instance_rank,45,listed_instance,1,1,COMPLETE,Top phase-mod decile and geometry-normalized severe event.,"{""angle_error_deg"": 17.63450251, ""class"": ""small-vehicle"", ""delta_theta_075_deg"": 15.28309548, ""image_id"": ""00572__800__600___1800"", ""phase_mod"": 2.3809119, ""pred_id"": ""31""}"
8,high_phase_mod_large_error_board,SODA-A,2,aspect_ratio>=2.1,angle_error>delta_theta_0.75(aspect_ratio),instance_rank,46,listed_instance,1,1,COMPLETE,Top phase-mod decile and geometry-normalized severe event.,"{""angle_error_deg"": 17.4426434, ""class"": ""small-vehicle"", ""delta_theta_075_deg"": 14.2007716, ""image_id"": ""00343__800__3600___1944"", ""phase_mod"": 2.39924293, ""pred_id"": ""17""}"
8,high_phase_mod_large_error_board,SODA-A,2,aspect_ratio>=2.1,angle_error>delta_theta_0.75(aspect_ratio),instance_rank,47,listed_instance,1,1,COMPLETE,Top phase-mod decile and geometry-normalized severe event.,"{""angle_error_deg"": 17.4426434, ""class"": ""small-vehicle"", ""delta_theta_075_deg"": 14.2007716, ""image_id"": ""00343__800__4000___1944"", ""phase_mod"": 2.39924321, ""pred_id"": ""14""}"
8,high_phase_mod_large_error_board,SODA-A,2,aspect_ratio>=2.1,angle_error>delta_theta_0.75(aspect_ratio),instance_rank,48,listed_instance,1,1,COMPLETE,Top phase-mod decile and geometry-normalized severe event.,"{""angle_error_deg"": 17.43312554, ""class"": ""small-vehicle"", ""delta_theta_075_deg"": 14.14913836, ""image_id"": ""02135__800__3600___1800"", ""phase_mod"": 2.46185048, ""pred_id"": ""154""}"
8,high_phase_mod_large_error_board,SODA-A,2,aspect_ratio>=2.1,angle_error>delta_theta_0.75(aspect_ratio),instance_rank,49,listed_instance,1,1,COMPLETE,Top phase-mod decile and geometry-normalized severe event.,"{""angle_error_deg"": 17.30968225, ""class"": ""small-vehicle"", ""delta_theta_075_deg"": 12.70639664, ""image_id"": ""01407__800__2400___1800"", ""phase_mod"": 2.36649553, ""pred_id"": ""49""}"
8,high_phase_mod_large_error_board,SODA-A,2,aspect_ratio>=2.1,angle_error>delta_theta_0.75(aspect_ratio),instance_rank,50,listed_instance,1,1,COMPLETE,Top phase-mod decile and geometry-normalized severe event.,"{""angle_error_deg"": 17.24057909, ""class"": ""small-vehicle"", ""delta_theta_075_deg"": 13.15359984, ""image_id"": ""00733__800__2400___1200"", ""phase_mod"": 2.32179852, ""pred_id"": ""120""}"
8,high_phase_mod_large_error_board,SODA-A,2,aspect_ratio>=2.1,angle_error>delta_theta_0.75(aspect_ratio),instance_rank,51,listed_instance,1,1,COMPLETE,Top phase-mod decile and geometry-normalized severe event.,"{""angle_error_deg"": 17.18799346, ""class"": ""small-vehicle"", ""delta_theta_075_deg"": 15.02272922, ""image_id"": ""01580__800__2400___1200"", ""phase_mod"": 2.31593529, ""pred_id"": ""232""}"
8,high_phase_mod_large_error_board,SODA-A,2,aspect_ratio>=2.1,angle_error>delta_theta_0.75(aspect_ratio),instance_rank,52,listed_instance,1,1,COMPLETE,Top phase-mod decile and geometry-normalized severe event.,"{""angle_error_deg"": 17.1514606, ""class"": ""ship"", ""delta_theta_075_deg"": 11.81191969, ""image_id"": ""01028__800__1800___1800"", ""phase_mod"": 2.3309355, ""pred_id"": ""31""}"
8,high_phase_mod_large_error_board,SODA-A,2,aspect_ratio>=2.1,angle_error>delta_theta_0.75(aspect_ratio),instance_rank,53,listed_instance,1,1,COMPLETE,Top phase-mod decile and geometry-normalized severe event.,"{""angle_error_deg"": 17.10006343, ""class"": ""ship"", ""delta_theta_075_deg"": 11.81191969, ""image_id"": ""01028__800__1800___1200"", ""phase_mod"": 2.32976585, ""pred_id"": ""65""}"
8,high_phase_mod_large_error_board,SODA-A,2,aspect_ratio>=2.1,angle_error>delta_theta_0.75(aspect_ratio),instance_rank,54,listed_instance,1,1,COMPLETE,Top phase-mod decile and geometry-normalized severe event.,"{""angle_error_deg"": 17.08983852, ""class"": ""small-vehicle"", ""delta_theta_075_deg"": 12.70639664, ""image_id"": ""01407__800__2400___1200"", ""phase_mod"": 2.36742336, ""pred_id"": ""41""}"
8,high_phase_mod_large_error_board,SODA-A,2,aspect_ratio>=2.1,angle_error>delta_theta_0.75(aspect_ratio),instance_rank,55,listed_instance,1,1,COMPLETE,Top phase-mod decile and geometry-normalized severe event.,"{""angle_error_deg"": 17.05721924, ""class"": ""small-vehicle"", ""delta_theta_075_deg"": 14.14913836, ""image_id"": ""02135__800__3955___1985"", ""phase_mod"": 2.33503239, ""pred_id"": ""40""}"
8,high_phase_mod_large_error_board,SODA-A,2,aspect_ratio>=2.1,angle_error>delta_theta_0.75(aspect_ratio),instance_rank,56,listed_instance,1,1,COMPLETE,Top phase-mod decile and geometry-normalized severe event.,"{""angle_error_deg"": 16.94811039, ""class"": ""small-vehicle"", ""delta_theta_075_deg"": 13.15359984, ""image_id"": ""00733__800__2400___1800"", ""phase_mod"": 2.3218899, ""pred_id"": ""117""}"
8,high_phase_mod_large_error_board,SODA-A,2,aspect_ratio>=2.1,angle_error>delta_theta_0.75(aspect_ratio),instance_rank,57,listed_instance,1,1,COMPLETE,Top phase-mod decile and geometry-normalized severe event.,"{""angle_error_deg"": 16.94510212, ""class"": ""small-vehicle"", ""delta_theta_075_deg"": 14.85103613, ""image_id"": ""01414__800__600___0"", ""phase_mod"": 2.37284925, ""pred_id"": ""356""}"
8,high_phase_mod_large_error_board,SODA-A,2,aspect_ratio>=2.1,angle_error>delta_theta_0.75(aspect_ratio),instance_rank,58,listed_instance,1,1,COMPLETE,Top phase-mod decile and geometry-normalized severe event.,"{""angle_error_deg"": 16.93052686, ""class"": ""small-vehicle"", ""delta_theta_075_deg"": 13.66210986, ""image_id"": ""01560__800__3000___1200"", ""phase_mod"": 2.37085406, ""pred_id"": ""248""}"
8,high_phase_mod_large_error_board,SODA-A,2,aspect_ratio>=2.1,angle_error>delta_theta_0.75(aspect_ratio),instance_rank,59,listed_instance,1,1,COMPLETE,Top phase-mod decile and geometry-normalized severe event.,"{""angle_error_deg"": 16.80407322, ""class"": ""small-vehicle"", ""delta_theta_075_deg"": 14.85103613, ""image_id"": ""01414__800__1200___0"", ""phase_mod"": 2.36781713, ""pred_id"": ""323""}"
8,high_phase_mod_large_error_board,SODA-A,2,aspect_ratio>=2.1,angle_error>delta_theta_0.75(aspect_ratio),instance_rank,60,listed_instance,1,1,COMPLETE,Top phase-mod decile and geometry-normalized severe event.,"{""angle_error_deg"": 16.80231536, ""class"": ""container"", ""delta_theta_075_deg"": 9.77246454, ""image_id"": ""01257__800__3000___600"", ""phase_mod"": 2.4272214, ""pred_id"": ""53""}"
8,high_phase_mod_large_error_board,SODA-A,2,aspect_ratio>=2.1,angle_error>delta_theta_0.75(aspect_ratio),instance_rank,61,listed_instance,1,1,COMPLETE,Top phase-mod decile and geometry-normalized severe event.,"{""angle_error_deg"": 16.79808278, ""class"": ""small-vehicle"", ""delta_theta_075_deg"": 14.38837707, ""image_id"": ""00672__800__1200___1200"", ""phase_mod"": 2.32088231, ""pred_id"": ""1""}"
8,high_phase_mod_large_error_board,SODA-A,2,aspect_ratio>=2.1,angle_error>delta_theta_0.75(aspect_ratio),instance_rank,62,listed_instance,1,1,COMPLETE,Top phase-mod decile and geometry-normalized severe event.,"{""angle_error_deg"": 16.76672788, ""class"": ""ship"", ""delta_theta_075_deg"": 11.72489746, ""image_id"": ""01567__800__2400___1985"", ""phase_mod"": 2.35904392, ""pred_id"": ""43""}"
8,high_phase_mod_large_error_board,SODA-A,2,aspect_ratio>=2.1,angle_error>delta_theta_0.75(aspect_ratio),instance_rank,63,listed_instance,1,1,COMPLETE,Top phase-mod decile and geometry-normalized severe event.,"{""angle_error_deg"": 16.73438011, ""class"": ""ship"", ""delta_theta_075_deg"": 11.72489746, ""image_id"": ""01567__800__1800___1985"", ""phase_mod"": 2.36351391, ""pred_id"": ""106""}"
8,high_phase_mod_large_error_board,SODA-A,2,aspect_ratio>=2.1,angle_error>delta_theta_0.75(aspect_ratio),instance_rank,64,listed_instance,1,1,COMPLETE,Top phase-mod decile and geometry-normalized severe event.,"{""angle_error_deg"": 16.71271907, ""class"": ""small-vehicle"", ""delta_theta_075_deg"": 13.5756268, ""image_id"": ""01099__800__0___1985"", ""phase_mod"": 2.40629599, ""pred_id"": ""71""}"
8,high_phase_mod_large_error_board,SODA-A,2,aspect_ratio>=2.1,angle_error>delta_theta_0.75(aspect_ratio),instance_rank,65,listed_instance,1,1,COMPLETE,Top phase-mod decile and geometry-normalized severe event.,"{""angle_error_deg"": 16.64018033, ""class"": ""container"", ""delta_theta_075_deg"": 9.77246454, ""image_id"": ""01257__800__2400___600"", ""phase_mod"": 2.42721741, ""pred_id"": ""81""}"
8,high_phase_mod_large_error_board,SODA-A,2,aspect_ratio>=2.1,angle_error>delta_theta_0.75(aspect_ratio),instance_rank,66,listed_instance,1,1,COMPLETE,Top phase-mod decile and geometry-normalized severe event.,"{""angle_error_deg"": 16.58977817, ""class"": ""small-vehicle"", ""delta_theta_075_deg"": 14.30757581, ""image_id"": ""00557__800__0___1200"", ""phase_mod"": 2.39016418, ""pred_id"": ""59""}"
8,high_phase_mod_large_error_board,SODA-A,2,aspect_ratio>=2.1,angle_error>delta_theta_0.75(aspect_ratio),instance_rank,67,listed_instance,1,1,COMPLETE,Top phase-mod decile and geometry-normalized severe event.,"{""angle_error_deg"": 16.58432939, ""class"": ""small-vehicle"", ""delta_theta_075_deg"": 12.70639664, ""image_id"": ""01407__800__1800___1200"", ""phase_mod"": 2.37439791, ""pred_id"": ""37""}"
8,high_phase_mod_large_error_board,SODA-A,2,aspect_ratio>=2.1,angle_error>delta_theta_0.75(aspect_ratio),instance_rank,68,listed_instance,1,1,COMPLETE,Top phase-mod decile and geometry-normalized severe event.,"{""angle_error_deg"": 16.56321813, ""class"": ""swimming-pool"", ""delta_theta_075_deg"": 13.89989845, ""image_id"": ""02001__800__2400___1985"", ""phase_mod"": 2.33179126, ""pred_id"": ""5""}"
8,high_phase_mod_large_error_board,SODA-A,2,aspect_ratio>=2.1,angle_error>delta_theta_0.75(aspect_ratio),instance_rank,69,listed_instance,1,1,COMPLETE,Top phase-mod decile and geometry-normalized severe event.,"{""angle_error_deg"": 16.55738691, ""class"": ""small-vehicle"", ""delta_theta_075_deg"": 14.38837707, ""image_id"": ""00672__800__1200___600"", ""phase_mod"": 2.31675562, ""pred_id"": ""1""}"
8,high_phase_mod_large_error_board,SODA-A,2,aspect_ratio>=2.1,angle_error>delta_theta_0.75(aspect_ratio),instance_rank,70,listed_instance,1,1,COMPLETE,Top phase-mod decile and geometry-normalized severe event.,"{""angle_error_deg"": 16.52780286, ""class"": ""small-vehicle"", ""delta_theta_075_deg"": 14.88583685, ""image_id"": ""00190__800__1200___600"", ""phase_mod"": 2.35129393, ""pred_id"": ""38""}"
8,high_phase_mod_large_error_board,SODA-A,2,aspect_ratio>=2.1,angle_error>delta_theta_0.75(aspect_ratio),instance_rank,71,listed_instance,1,1,COMPLETE,Top phase-mod decile and geometry-normalized severe event.,"{""angle_error_deg"": 16.30820954, ""class"": ""small-vehicle"", ""delta_theta_075_deg"": 13.8267654, ""image_id"": ""00867__800__1200___2045"", ""phase_mod"": 2.49700954, ""pred_id"": ""194""}"
8,high_phase_mod_large_error_board,SODA-A,2,aspect_ratio>=2.1,angle_error>delta_theta_0.75(aspect_ratio),instance_rank,72,listed_instance,1,1,COMPLETE,Top phase-mod decile and geometry-normalized severe event.,"{""angle_error_deg"": 16.25811785, ""class"": ""small-vehicle"", ""delta_theta_075_deg"": 14.73453661, ""image_id"": ""00557__800__1200___1985"", ""phase_mod"": 2.4058646, ""pred_id"": ""34""}"
8,high_phase_mod_large_error_board,SODA-A,2,aspect_ratio>=2.1,angle_error>delta_theta_0.75(aspect_ratio),instance_rank,73,listed_instance,1,1,COMPLETE,Top phase-mod decile and geometry-normalized severe event.,"{""angle_error_deg"": 16.13874914, ""class"": ""small-vehicle"", ""delta_theta_075_deg"": 14.76460809, ""image_id"": ""00746__800__1800___600"", ""phase_mod"": 2.39117893, ""pred_id"": ""19""}"
8,high_phase_mod_large_error_board,SODA-A,2,aspect_ratio>=2.1,angle_error>delta_theta_0.75(aspect_ratio),instance_rank,74,listed_instance,1,1,COMPLETE,Top phase-mod decile and geometry-normalized severe event.,"{""angle_error_deg"": 16.1201437, ""class"": ""small-vehicle"", ""delta_theta_075_deg"": 14.76460809, ""image_id"": ""00746__800__1200___600"", ""phase_mod"": 2.39197619, ""pred_id"": ""19""}"
8,high_phase_mod_large_error_board,SODA-A,2,aspect_ratio>=2.1,angle_error>delta_theta_0.75(aspect_ratio),instance_rank,75,listed_instance,1,1,COMPLETE,Top phase-mod decile and geometry-normalized severe event.,"{""angle_error_deg"": 16.08159343, ""class"": ""small-vehicle"", ""delta_theta_075_deg"": 14.88583685, ""image_id"": ""00190__800__1200___1200"", ""phase_mod"": 2.35364732, ""pred_id"": ""43""}"
8,high_phase_mod_large_error_board,SODA-A,2,aspect_ratio>=2.1,angle_error>delta_theta_0.75(aspect_ratio),instance_rank,76,listed_instance,1,1,COMPLETE,Top phase-mod decile and geometry-normalized severe event.,"{""angle_error_deg"": 15.98937722, ""class"": ""small-vehicle"", ""delta_theta_075_deg"": 13.46751931, ""image_id"": ""01971__800__1200___1944"", ""phase_mod"": 2.33839226, ""pred_id"": ""138""}"
8,high_phase_mod_large_error_board,SODA-A,2,aspect_ratio>=2.1,angle_error>delta_theta_0.75(aspect_ratio),instance_rank,77,listed_instance,1,1,COMPLETE,Top phase-mod decile and geometry-normalized severe event.,"{""angle_error_deg"": 15.98706429, ""class"": ""small-vehicle"", ""delta_theta_075_deg"": 14.76460809, ""image_id"": ""00746__800__1800___1200"", ""phase_mod"": 2.39242169, ""pred_id"": ""19""}"
8,high_phase_mod_large_error_board,SODA-A,2,aspect_ratio>=2.1,angle_error>delta_theta_0.75(aspect_ratio),instance_rank,78,listed_instance,1,1,COMPLETE,Top phase-mod decile and geometry-normalized severe event.,"{""angle_error_deg"": 15.96576276, ""class"": ""small-vehicle"", ""delta_theta_075_deg"": 15.25949468, ""image_id"": ""00557__800__1800___1985"", ""phase_mod"": 2.34471559, ""pred_id"": ""44""}"
8,high_phase_mod_large_error_board,SODA-A,2,aspect_ratio>=2.1,angle_error>delta_theta_0.75(aspect_ratio),instance_rank,79,listed_instance,1,1,COMPLETE,Top phase-mod decile and geometry-normalized severe event.,"{""angle_error_deg"": 15.95963767, ""class"": ""small-vehicle"", ""delta_theta_075_deg"": 14.6784775, ""image_id"": ""02179__800__1800___600"", ""phase_mod"": 2.46182846, ""pred_id"": ""339""}"
8,high_phase_mod_large_error_board,SODA-A,2,aspect_ratio>=2.1,angle_error>delta_theta_0.75(aspect_ratio),instance_rank,80,listed_instance,1,1,COMPLETE,Top phase-mod decile and geometry-normalized severe event.,"{""angle_error_deg"": 15.95570007, ""class"": ""small-vehicle"", ""delta_theta_075_deg"": 14.76460809, ""image_id"": ""00746__800__1200___1200"", ""phase_mod"": 2.39185755, ""pred_id"": ""30""}"
8,high_phase_mod_large_error_board,SODA-A,2,aspect_ratio>=2.1,angle_error>delta_theta_0.75(aspect_ratio),instance_rank,81,listed_instance,1,1,COMPLETE,Top phase-mod decile and geometry-normalized severe event.,"{""angle_error_deg"": 15.86765642, ""class"": ""small-vehicle"", ""delta_theta_075_deg"": 15.02272922, ""image_id"": ""01580__800__2400___1200"", ""phase_mod"": 2.33489295, ""pred_id"": ""314""}"
8,high_phase_mod_large_error_board,SODA-A,2,aspect_ratio>=2.1,angle_error>delta_theta_0.75(aspect_ratio),instance_rank,82,listed_instance,1,1,COMPLETE,Top phase-mod decile and geometry-normalized severe event.,"{""angle_error_deg"": 15.63592011, ""class"": ""small-vehicle"", ""delta_theta_075_deg"": 15.25949468, ""image_id"": ""00557__800__2400___1985"", ""phase_mod"": 2.3463501, ""pred_id"": ""39""}"
8,high_phase_mod_large_error_board,SODA-A,2,aspect_ratio>=2.1,angle_error>delta_theta_0.75(aspect_ratio),instance_rank,83,listed_instance,1,1,COMPLETE,Top phase-mod decile and geometry-normalized severe event.,"{""angle_error_deg"": 15.54874428, ""class"": ""small-vehicle"", ""delta_theta_075_deg"": 14.43083707, ""image_id"": ""02062__800__2400___0"", ""phase_mod"": 2.34527007, ""pred_id"": ""164""}"
8,high_phase_mod_large_error_board,SODA-A,2,aspect_ratio>=2.1,angle_error>delta_theta_0.75(aspect_ratio),instance_rank,84,listed_instance,1,1,COMPLETE,Top phase-mod decile and geometry-normalized severe event.,"{""angle_error_deg"": 15.48515558, ""class"": ""small-vehicle"", ""delta_theta_075_deg"": 14.32388967, ""image_id"": ""01580__800__1800___1200"", ""phase_mod"": 2.34037641, ""pred_id"": ""183""}"
8,high_phase_mod_large_error_board,SODA-A,2,aspect_ratio>=2.1,angle_error>delta_theta_0.75(aspect_ratio),instance_rank,85,listed_instance,1,1,COMPLETE,Top phase-mod decile and geometry-normalized severe event.,"{""angle_error_deg"": 15.43470311, ""class"": ""small-vehicle"", ""delta_theta_075_deg"": 14.41384992, ""image_id"": ""00283__800__3907___1974"", ""phase_mod"": 2.32236765, ""pred_id"": ""176""}"
8,high_phase_mod_large_error_board,SODA-A,2,aspect_ratio>=2.1,angle_error>delta_theta_0.75(aspect_ratio),instance_rank,86,listed_instance,1,1,COMPLETE,Top phase-mod decile and geometry-normalized severe event.,"{""angle_error_deg"": 15.42232126, ""class"": ""small-vehicle"", ""delta_theta_075_deg"": 14.73453661, ""image_id"": ""00557__800__600___1985"", ""phase_mod"": 2.41283521, ""pred_id"": ""29""}"
8,high_phase_mod_large_error_board,SODA-A,2,aspect_ratio>=2.1,angle_error>delta_theta_0.75(aspect_ratio),instance_rank,87,listed_instance,1,1,COMPLETE,Top phase-mod decile and geometry-normalized severe event.,"{""angle_error_deg"": 15.40791901, ""class"": ""small-vehicle"", ""delta_theta_075_deg"": 14.06286514, ""image_id"": ""00210__800__4000___0"", ""phase_mod"": 2.38039924, ""pred_id"": ""48""}"
8,high_phase_mod_large_error_board,SODA-A,2,aspect_ratio>=2.1,angle_error>delta_theta_0.75(aspect_ratio),instance_rank,88,listed_instance,1,1,COMPLETE,Top phase-mod decile and geometry-normalized severe event.,"{""angle_error_deg"": 15.3280075, ""class"": ""small-vehicle"", ""delta_theta_075_deg"": 13.4662344, ""image_id"": ""01633__800__3600___0"", ""phase_mod"": 2.3715784, ""pred_id"": ""48""}"
8,high_phase_mod_large_error_board,SODA-A,2,aspect_ratio>=2.1,angle_error>delta_theta_0.75(aspect_ratio),instance_rank,89,listed_instance,1,1,COMPLETE,Top phase-mod decile and geometry-normalized severe event.,"{""angle_error_deg"": 15.28383485, ""class"": ""small-vehicle"", ""delta_theta_075_deg"": 14.85229034, ""image_id"": ""00063__800__1800___0"", ""phase_mod"": 2.31721844, ""pred_id"": ""155""}"
8,high_phase_mod_large_error_board,SODA-A,2,aspect_ratio>=2.1,angle_error>delta_theta_0.75(aspect_ratio),instance_rank,90,listed_instance,1,1,COMPLETE,Top phase-mod decile and geometry-normalized severe event.,"{""angle_error_deg"": 15.25327066, ""class"": ""small-vehicle"", ""delta_theta_075_deg"": 14.32388967, ""image_id"": ""01580__800__2400___1200"", ""phase_mod"": 2.32183381, ""pred_id"": ""65""}"
8,high_phase_mod_large_error_board,SODA-A,2,aspect_ratio>=2.1,angle_error>delta_theta_0.75(aspect_ratio),instance_rank,91,listed_instance,1,1,COMPLETE,Top phase-mod decile and geometry-normalized severe event.,"{""angle_error_deg"": 15.24578386, ""class"": ""small-vehicle"", ""delta_theta_075_deg"": 13.46196047, ""image_id"": ""02116__800__1200___0"", ""phase_mod"": 2.35393861, ""pred_id"": ""20""}"
8,high_phase_mod_large_error_board,SODA-A,2,aspect_ratio>=2.1,angle_error>delta_theta_0.75(aspect_ratio),instance_rank,92,listed_instance,1,1,COMPLETE,Top phase-mod decile and geometry-normalized severe event.,"{""angle_error_deg"": 15.21789279, ""class"": ""swimming-pool"", ""delta_theta_075_deg"": 14.1015606, ""image_id"": ""00746__800__2400___600"", ""phase_mod"": 2.37272735, ""pred_id"": ""0""}"
8,high_phase_mod_large_error_board,SODA-A,2,aspect_ratio>=2.1,angle_error>delta_theta_0.75(aspect_ratio),instance_rank,93,listed_instance,1,1,COMPLETE,Top phase-mod decile and geometry-normalized severe event.,"{""angle_error_deg"": 15.21510448, ""class"": ""small-vehicle"", ""delta_theta_075_deg"": 13.54029132, ""image_id"": ""00893__800__3889___1200"", ""phase_mod"": 2.34042407, ""pred_id"": ""468""}"
8,high_phase_mod_large_error_board,SODA-A,2,aspect_ratio>=2.1,angle_error>delta_theta_0.75(aspect_ratio),instance_rank,94,listed_instance,1,1,COMPLETE,Top phase-mod decile and geometry-normalized severe event.,"{""angle_error_deg"": 15.20694923, ""class"": ""small-vehicle"", ""delta_theta_075_deg"": 13.4662344, ""image_id"": ""01633__800__3600___600"", ""phase_mod"": 2.35804777, ""pred_id"": ""41""}"
8,high_phase_mod_large_error_board,SODA-A,2,aspect_ratio>=2.1,angle_error>delta_theta_0.75(aspect_ratio),instance_rank,95,listed_instance,1,1,COMPLETE,Top phase-mod decile and geometry-normalized severe event.,"{""angle_error_deg"": 15.19181353, ""class"": ""small-vehicle"", ""delta_theta_075_deg"": 14.21993202, ""image_id"": ""02062__800__2400___600"", ""phase_mod"": 2.39099425, ""pred_id"": ""80""}"
8,high_phase_mod_large_error_board,SODA-A,2,aspect_ratio>=2.1,angle_error>delta_theta_0.75(aspect_ratio),instance_rank,96,listed_instance,1,1,COMPLETE,Top phase-mod decile and geometry-normalized severe event.,"{""angle_error_deg"": 15.12991653, ""class"": ""small-vehicle"", ""delta_theta_075_deg"": 13.46196047, ""image_id"": ""02116__800__1200___600"", ""phase_mod"": 2.35078731, ""pred_id"": ""11""}"
8,high_phase_mod_large_error_board,SODA-A,2,aspect_ratio>=2.1,angle_error>delta_theta_0.75(aspect_ratio),instance_rank,97,listed_instance,1,1,COMPLETE,Top phase-mod decile and geometry-normalized severe event.,"{""angle_error_deg"": 15.10033681, ""class"": ""small-vehicle"", ""delta_theta_075_deg"": 13.66730724, ""image_id"": ""01002__800__2400___0"", ""phase_mod"": 2.3259161, ""pred_id"": ""43""}"
8,high_phase_mod_large_error_board,SODA-A,2,aspect_ratio>=2.1,angle_error>delta_theta_0.75(aspect_ratio),instance_rank,98,listed_instance,1,1,COMPLETE,Top phase-mod decile and geometry-normalized severe event.,"{""angle_error_deg"": 15.04563633, ""class"": ""swimming-pool"", ""delta_theta_075_deg"": 14.40934591, ""image_id"": ""01408__800__2400___1200"", ""phase_mod"": 2.38362211, ""pred_id"": ""1""}"
8,high_phase_mod_large_error_board,SODA-A,2,aspect_ratio>=2.1,angle_error>delta_theta_0.75(aspect_ratio),instance_rank,99,listed_instance,1,1,COMPLETE,Top phase-mod decile and geometry-normalized severe event.,"{""angle_error_deg"": 15.0346449, ""class"": ""ship"", ""delta_theta_075_deg"": 10.91560648, ""image_id"": ""02402__800__1800___1800"", ""phase_mod"": 2.31678112, ""pred_id"": ""34""}"
8,high_phase_mod_large_error_board,SODA-A,2,aspect_ratio>=2.1,angle_error>delta_theta_0.75(aspect_ratio),instance_rank,100,listed_instance,1,1,COMPLETE,Top phase-mod decile and geometry-normalized severe event.,"{""angle_error_deg"": 15.01091079, ""class"": ""small-vehicle"", ""delta_theta_075_deg"": 13.23612219, ""image_id"": ""02061__800__1800___1200"", ""phase_mod"": 2.41853071, ""pred_id"": ""14""}"
9,multi_frequency_circular_disagreement,SODA-A,2,aspect_ratio>=2.1,angle_error>delta_theta_0.75(aspect_ratio),all,all,mean,0.39841217,196374,COMPLETE,,
9,multi_frequency_circular_disagreement,SODA-A,2,aspect_ratio>=2.1,angle_error>delta_theta_0.75(aspect_ratio),all,all,p90,0.85461164,196374,COMPLETE,,
9,multi_frequency_circular_disagreement,SODA-A,2,aspect_ratio>=2.1,angle_error>delta_theta_0.75(aspect_ratio),all,all,spearman_angle_error,0.24880932165796524,196374,COMPLETE,,
10,unwrap_candidate_energy_gap,SODA-A,2,aspect_ratio>=2.1,angle_error>delta_theta_0.75(aspect_ratio),all,all,mean,1.99814867,196374,COMPLETE,,
10,unwrap_candidate_energy_gap,SODA-A,2,aspect_ratio>=2.1,angle_error>delta_theta_0.75(aspect_ratio),all,all,p90,1.99999938,196374,COMPLETE,,
10,unwrap_candidate_energy_gap,SODA-A,2,aspect_ratio>=2.1,angle_error>delta_theta_0.75(aspect_ratio),all,all,spearman_angle_error,-0.24880932165796524,196374,COMPLETE,,
11,phase_direction_margin,SODA-A,2,aspect_ratio>=2.1,angle_error>delta_theta_0.75(aspect_ratio),all,all,mean,2.98453765,196374,COMPLETE,,
11,phase_direction_margin,SODA-A,2,aspect_ratio>=2.1,angle_error>delta_theta_0.75(aspect_ratio),all,all,p90,3.08682935,196374,COMPLETE,,
11,phase_direction_margin,SODA-A,2,aspect_ratio>=2.1,angle_error>delta_theta_0.75(aspect_ratio),all,all,spearman_angle_error,-0.00483591251626963,196374,COMPLETE,,
12,tta_phase_direction_circular_variance,SODA-A,2,aspect_ratio>=2.1,angle_error>delta_theta_0.75(aspect_ratio),all,all,availability,,0,UNAVAILABLE,TTA was preregistered for seed0 only.,
